LTspice 26.0.2 for Windows
Circuit: C:\Users\JUST\Documents\LTspice\RO_PUF_PVT_100\chip_002_PVT.net
Start Time: Sun Jul 19 13:53:19 2026
Options:plotwinsize=0 numdgt=10 reltol=1e-4 abstol=1e-12 vntol=1e-6

.step vddval=0.9 temp=-20°
solver = Normal
Maximum thread count: 8
tnom = 27
temp = -20
method = trap
reltol = 0.0001
Per .tran options, skipping operating point for transient analysis.

.step vddval=1 temp=-20°

.step vddval=1.1 temp=-20°

.step vddval=0.9 temp=25°

.step vddval=1 temp=25°

.step vddval=1.1 temp=25°

.step vddval=0.9 temp=80°

.step vddval=1 temp=80°

.step vddval=1.1 temp=80°
Total elapsed time: 2325.048 seconds.

Files loaded:
C:\Users\JUST\Documents\LTspice\RO_PUF_PVT_100\chip_002_PVT.net
C:\Users\JUST\Documents\LTspice\RO_PUF_PVT_100\45nm_HP.pm
C:\Users\JUST\Documents\LTspice\RO_PUF_PVT_100\chip_002_mismatch.inc


Measurement: t_ro0
  step	t_ro0	FROM	TO
     1	6.00058069173e-09	1.43373389301e-09	7.43431458475e-09
     2	5.09131594256e-09	1.2155178531e-09	6.30683379566e-09
     3	4.49560590376e-09	1.07294082292e-09	5.56854672667e-09
     4	8.30231025911e-09	1.98293532535e-09	1.02852455845e-08
     5	6.94490026715e-09	1.65746348342e-09	8.60236375057e-09
     6	6.07407446836e-09	1.44969287538e-09	7.52376734375e-09
     7	1.19296976072e-08	2.84777709329e-09	1.47774747005e-08
     8	9.90322819931e-09	2.36244899093e-09	1.22656771902e-08
     9	8.60980163933e-09	2.05318818063e-09	1.066298982e-08

Measurement: t_ro1
  step	t_ro1	FROM	TO
     1	6.10454630052e-09	1.46449096053e-09	7.56903726105e-09
     2	5.16173468586e-09	1.23654908832e-09	6.39828377418e-09
     3	4.54757978028e-09	1.08887868344e-09	5.63645846372e-09
     4	8.4739639724e-09	2.0336296698e-09	1.05075936422e-08
     5	7.06377965281e-09	1.69263150183e-09	8.75641115464e-09
     6	6.16389769725e-09	1.47580471067e-09	7.63970240791e-09
     7	1.22052882184e-08	2.92836024893e-09	1.51336484673e-08
     8	1.00987557627e-08	2.41978056574e-09	1.25185363284e-08
     9	8.75788478712e-09	2.0968446075e-09	1.08547293946e-08

Measurement: t_ro2
  step	t_ro2	FROM	TO
     1	5.67324210634e-09	1.35662431737e-09	7.02986642371e-09
     2	4.86507832035e-09	1.16250023342e-09	6.02757855378e-09
     3	4.32939253776e-09	1.03372753004e-09	5.3631200678e-09
     4	7.73024965561e-09	1.84844861825e-09	9.57869827385e-09
     5	6.55042224869e-09	1.56491071695e-09	8.11533296564e-09
     6	5.78282703924e-09	1.38071030574e-09	7.16353734499e-09
     7	1.09747490579e-08	2.62357765564e-09	1.35983267136e-08
     8	9.23294200652e-09	2.20548267739e-09	1.14384246839e-08
     9	8.10500013762e-09	1.93497898512e-09	1.00399791227e-08

Measurement: t_ro3
  step	t_ro3	FROM	TO
     1	5.83849772217e-09	1.4034378709e-09	7.24193559307e-09
     2	4.97119178999e-09	1.19454343705e-09	6.16573522704e-09
     3	4.40405780848e-09	1.05793573612e-09	5.4619935446e-09
     4	8.03470777199e-09	1.93212160733e-09	9.96682937933e-09
     5	6.74704996513e-09	1.62175204068e-09	8.36880200581e-09
     6	5.92388502497e-09	1.42347614969e-09	7.34736117467e-09
     7	1.14868869569e-08	2.7629657794e-09	1.42498527363e-08
     8	9.57334075696e-09	2.30151259417e-09	1.18748533511e-08
     9	8.35380607042e-09	2.00779826059e-09	1.0361604331e-08

Measurement: t_ro4
  step	t_ro4	FROM	TO
     1	6.02612617301e-09	1.44392331397e-09	7.47004948697e-09
     2	5.11213611079e-09	1.22261926368e-09	6.33475537447e-09
     3	4.51194865132e-09	1.07791130808e-09	5.5898599594e-09
     4	8.32733831772e-09	1.99574661472e-09	1.03230849324e-08
     5	6.97004166247e-09	1.66692407029e-09	8.63696573276e-09
     6	6.0978204704e-09	1.45663433122e-09	7.55445480162e-09
     7	1.19585253219e-08	2.86527533488e-09	1.48238006568e-08
     8	9.93489222512e-09	2.37576011814e-09	1.23106523433e-08
     9	8.6397303919e-09	2.06342288217e-09	1.07031532741e-08

Measurement: t_ro5
  step	t_ro5	FROM	TO
     1	5.64836387679e-09	1.35815463819e-09	7.00651851497e-09
     2	4.84830261329e-09	1.16408625356e-09	6.01238886685e-09
     3	4.31687949942e-09	1.03546342321e-09	5.35234292263e-09
     4	7.68569082937e-09	1.85011664946e-09	9.53580747883e-09
     5	6.5181502885e-09	1.56557605797e-09	8.08372634647e-09
     6	5.75886708951e-09	1.38180164086e-09	7.14066873037e-09
     7	1.08909071721e-08	2.62400802712e-09	1.35149151993e-08
     8	9.17050597039e-09	2.20405052076e-09	1.13745564912e-08
     9	8.0566325086e-09	1.93421944741e-09	9.99085195601e-09

Measurement: t_ro6
  step	t_ro6	FROM	TO
     1	6.15830328984e-09	1.48187588828e-09	7.64017917813e-09
     2	5.194977046e-09	1.24823656344e-09	6.44321360944e-09
     3	4.56974251326e-09	1.09700003679e-09	5.66674255005e-09
     4	8.58309452932e-09	2.06673673769e-09	1.0649831267e-08
     5	7.13308909646e-09	1.71578150856e-09	8.84887060502e-09
     6	6.21401010321e-09	1.49299957943e-09	7.70700968264e-09
     7	1.23960028566e-08	2.98640689691e-09	1.53824097535e-08
     8	1.02234811871e-08	2.46079903534e-09	1.26842802224e-08
     9	8.84990595026e-09	2.12829632471e-09	1.0978202275e-08

Measurement: t_ro7
  step	t_ro7	FROM	TO
     1	6.17286451804e-09	1.48121440272e-09	7.65407892076e-09
     2	5.20056757546e-09	1.24632931868e-09	6.44689689414e-09
     3	4.57194642016e-09	1.09451652345e-09	5.66646294361e-09
     4	8.61395124542e-09	2.06666148505e-09	1.06806127305e-08
     5	7.14572682906e-09	1.71256001787e-09	8.85828684692e-09
     6	6.21709555808e-09	1.48844936368e-09	7.70554492177e-09
     7	1.2455271919e-08	2.98764756086e-09	1.54429194799e-08
     8	1.02506942488e-08	2.45637472702e-09	1.27070689758e-08
     9	8.86123749647e-09	2.12150710512e-09	1.09827446016e-08

Measurement: t_ro8
  step	t_ro8	FROM	TO
     1	5.84158367918e-09	1.39732320802e-09	7.2389068872e-09
     2	4.98592850065e-09	1.19084377431e-09	6.17677227497e-09
     3	4.41876666835e-09	1.05510768309e-09	5.47387435144e-09
     4	7.99999735882e-09	1.91327183355e-09	9.91326919237e-09
     5	6.74226115967e-09	1.61036065818e-09	8.35262181785e-09
     6	5.92940411036e-09	1.41538545146e-09	7.34478956182e-09
     7	1.14006957994e-08	2.72571941372e-09	1.41264152131e-08
     8	9.54034103418e-09	2.27811030703e-09	1.18184513412e-08
     9	8.34165960936e-09	1.99074293271e-09	1.03324025421e-08

Measurement: t_ro9
  step	t_ro9	FROM	TO
     1	6.31974991347e-09	1.51691410891e-09	7.83666402238e-09
     2	5.31165308131e-09	1.27300714549e-09	6.58466022681e-09
     3	4.65837599147e-09	1.11546402872e-09	5.77384002019e-09
     4	8.85401356835e-09	2.12559110046e-09	1.09796046688e-08
     5	7.32829881492e-09	1.75710351457e-09	9.08540232949e-09
     6	6.36165570489e-09	1.52387995737e-09	7.88553566226e-09
     7	1.28374218221e-08	3.08153605302e-09	1.59189578751e-08
     8	1.05435220306e-08	2.52810759084e-09	1.30716296215e-08
     9	9.0945874162e-09	2.17888611343e-09	1.12734735296e-08

Measurement: t_ro10
  step	t_ro10	FROM	TO
     1	6.73898623976e-09	1.6010850465e-09	8.34007128626e-09
     2	5.56238564377e-09	1.32229625519e-09	6.88468189896e-09
     3	4.83185602923e-09	1.14898299945e-09	5.98083902868e-09
     4	9.68482398892e-09	2.29979182965e-09	1.19846158186e-08
     5	7.83239075643e-09	1.85913882611e-09	9.69152958254e-09
     6	6.70759009719e-09	1.59319227939e-09	8.30078237659e-09
     7	1.42783427968e-08	3.38870517562e-09	1.76670479724e-08
     8	1.1432942359e-08	2.71181331441e-09	1.41447556734e-08
     9	9.71480446943e-09	2.30553518974e-09	1.20203396592e-08

Measurement: t_ro11
  step	t_ro11	FROM	TO
     1	5.89198360567e-09	1.41052465687e-09	7.30250826255e-09
     2	5.01115408989e-09	1.19821559444e-09	6.20936968433e-09
     3	4.43715263056e-09	1.0594373327e-09	5.49658996325e-09
     4	8.10904447548e-09	1.94108707633e-09	1.00501315518e-08
     5	6.80715479278e-09	1.62651520736e-09	8.43367000013e-09
     6	5.97308851683e-09	1.42579257406e-09	7.39888109089e-09
     7	1.16055597188e-08	2.77712459813e-09	1.43826843169e-08
     8	9.66775139962e-09	2.30964967469e-09	1.19774010743e-08
     9	8.43135150401e-09	2.01210396105e-09	1.04434554651e-08

Measurement: t_ro12
  step	t_ro12	FROM	TO
     1	6.05105887486e-09	1.47194972389e-09	7.52300859875e-09
     2	5.1094437806e-09	1.23665918789e-09	6.34610296848e-09
     3	4.50427662592e-09	1.08635486233e-09	5.59063148825e-09
     4	8.41866719433e-09	2.04967919136e-09	1.04683463857e-08
     5	6.99600835538e-09	1.69601996556e-09	8.69202832093e-09
     6	6.10360488429e-09	1.47469141005e-09	7.57829629434e-09
     7	1.21208551234e-08	2.95055574761e-09	1.5071410871e-08
     8	9.9844889996e-09	2.42165889211e-09	1.24061478917e-08
     9	8.65129445666e-09	2.09208573169e-09	1.07433801883e-08

Measurement: t_ro13
  step	t_ro13	FROM	TO
     1	5.94565704456e-09	1.43642669871e-09	7.38208374327e-09
     2	5.05501631622e-09	1.21880118483e-09	6.27381750105e-09
     3	4.47018364396e-09	1.0761766609e-09	5.54636030487e-09
     4	8.20717152856e-09	1.98670427368e-09	1.01938758022e-08
     5	6.87995798062e-09	1.66104217012e-09	8.54100015074e-09
     6	6.03110748477e-09	1.45401063572e-09	7.48511812049e-09
     7	1.17619507092e-08	2.8498964497e-09	1.46118471589e-08
     8	9.7886791483e-09	2.36588285548e-09	1.21545620038e-08
     9	8.52679119682e-09	2.05794982812e-09	1.05847410249e-08

Measurement: t_ro14
  step	t_ro14	FROM	TO
     1	5.87627888877e-09	1.40928418935e-09	7.28556307812e-09
     2	5.01011788139e-09	1.1997856202e-09	6.20990350159e-09
     3	4.43992247733e-09	1.06108143654e-09	5.50100391387e-09
     4	8.061293231e-09	1.93390714352e-09	9.99520037452e-09
     5	6.78848586891e-09	1.62501558609e-09	8.413501455e-09
     6	5.96437918489e-09	1.42564642149e-09	7.39002560638e-09
     7	1.15139902894e-08	2.76198641549e-09	1.42759767049e-08
     8	9.62752634447e-09	2.30468426838e-09	1.19322106128e-08
     9	8.41001973674e-09	2.0103267092e-09	1.04203464459e-08

Measurement: t_ro15
  step	t_ro15	FROM	TO
     1	6.11870015131e-09	1.46746222269e-09	7.586162374e-09
     2	5.16495016184e-09	1.23669795502e-09	6.40164811687e-09
     3	4.54871829425e-09	1.08795531751e-09	5.63667361176e-09
     4	8.53248733496e-09	2.04597423686e-09	1.05784615718e-08
     5	7.09262047904e-09	1.69854766016e-09	8.7911681392e-09
     6	6.18249648726e-09	1.4789808221e-09	7.66147730936e-09
     7	1.23147836658e-08	2.9523758263e-09	1.52671594921e-08
     8	1.01548459812e-08	2.43166064439e-09	1.25865066256e-08
     9	8.79387173616e-09	2.10368326743e-09	1.08975550036e-08

Measurement: t_ro16
  step	t_ro16	FROM	TO
     1	6.00068511589e-09	1.43447510345e-09	7.43516021934e-09
     2	5.09287370198e-09	1.21556454196e-09	6.30843824393e-09
     3	4.49753141158e-09	1.07287037847e-09	5.57040179005e-09
     4	8.31158636174e-09	1.98687620705e-09	1.02984625688e-08
     5	6.95307260682e-09	1.65944792674e-09	8.61252053356e-09
     6	6.08321436521e-09	1.45042363613e-09	7.53363800134e-09
     7	1.19453451573e-08	2.85426265088e-09	1.47996078082e-08
     8	9.91623606182e-09	2.36593981031e-09	1.22821758721e-08
     9	8.62206245699e-09	2.05543968796e-09	1.0677502145e-08

Measurement: t_ro17
  step	t_ro17	FROM	TO
     1	6.01752508605e-09	1.44595374549e-09	7.46347883155e-09
     2	5.09166328653e-09	1.2211617924e-09	6.31282507893e-09
     3	4.49194292672e-09	1.07575226203e-09	5.56769518875e-09
     4	8.37090943561e-09	2.01248269062e-09	1.03833921262e-08
     5	6.97355560175e-09	1.67368820755e-09	8.6472438093e-09
     6	6.090210336e-09	1.45933182245e-09	7.54954215845e-09
     7	1.20527382874e-08	2.89838678517e-09	1.49511250725e-08
     8	9.95975682278e-09	2.39160028409e-09	1.23513571069e-08
     9	8.64143780979e-09	2.0720161514e-09	1.07134539612e-08

Measurement: t_ro18
  step	t_ro18	FROM	TO
     1	5.9974419715e-09	1.43366866369e-09	7.4311106352e-09
     2	5.0933956505e-09	1.21654472475e-09	6.30994037525e-09
     3	4.4990859441e-09	1.07452272407e-09	5.57360866818e-09
     4	8.27212752403e-09	1.97612632593e-09	1.024825385e-08
     5	6.93087181019e-09	1.65458720316e-09	8.58545901335e-09
     6	6.07158935428e-09	1.44858800833e-09	7.52017736261e-09
     7	1.18560543723e-08	2.82924591034e-09	1.46853002826e-08
     8	9.86211930442e-09	2.35254604564e-09	1.22146653501e-08
     9	8.58515656069e-09	2.04735469072e-09	1.06325112514e-08

Measurement: t_ro19
  step	t_ro19	FROM	TO
     1	5.86465275461e-09	1.40787370051e-09	7.27252645512e-09
     2	4.99635433838e-09	1.19712296483e-09	6.19347730321e-09
     3	4.42535039199e-09	1.05914690403e-09	5.48449729601e-09
     4	8.07458465909e-09	1.93940319158e-09	1.00139878507e-08
     5	6.78866727257e-09	1.62689992743e-09	8.4155672e-09
     6	5.96084333049e-09	1.42668137672e-09	7.38752470721e-09
     7	1.15488818542e-08	2.77379373351e-09	1.43226755877e-08
     8	9.63723279448e-09	2.30985002709e-09	1.19470828216e-08
     9	8.41114102176e-09	2.01354373852e-09	1.04246847603e-08

Measurement: t_ro20
  step	t_ro20	FROM	TO
     1	6.24898601266e-09	1.49638313748e-09	7.74536915014e-09
     2	5.2629117403e-09	1.25801127304e-09	6.52092301334e-09
     3	4.61656786858e-09	1.10355353792e-09	5.7201214065e-09
     4	8.71443436003e-09	2.08642525558e-09	1.08008596156e-08
     5	7.22043434995e-09	1.72697241771e-09	8.94740676767e-09
     6	6.27637187479e-09	1.49994800671e-09	7.7763198815e-09
     7	1.25935610976e-08	3.01440525799e-09	1.56079663556e-08
     8	1.03538278741e-08	2.47594318179e-09	1.28297710558e-08
     9	8.94234739643e-09	2.13693086192e-09	1.10792782583e-08

Measurement: t_ro21
  step	t_ro21	FROM	TO
     1	5.86703015138e-09	1.40604794896e-09	7.27307810034e-09
     2	4.98597795131e-09	1.19348028534e-09	6.17945823665e-09
     3	4.4141886502e-09	1.05561471944e-09	5.46980336964e-09
     4	8.09764501523e-09	1.94077261433e-09	1.00384176296e-08
     5	6.78498926502e-09	1.6238392974e-09	8.40882856242e-09
     6	5.94962298542e-09	1.42269043377e-09	7.37231341919e-09
     7	1.15944425255e-08	2.77854179223e-09	1.43729843178e-08
     8	9.63921748446e-09	2.30686390878e-09	1.19460813932e-08
     9	8.39902154622e-09	2.00839148986e-09	1.04074130361e-08

Measurement: t_ro22
  step	t_ro22	FROM	TO
     1	6.07229330361e-09	1.45776901184e-09	7.53006231545e-09
     2	5.13725853849e-09	1.23094408012e-09	6.36820261861e-09
     3	4.52721935024e-09	1.08270104802e-09	5.60992039826e-09
     4	8.43556666454e-09	2.02667652923e-09	1.04622431938e-08
     5	7.03172868463e-09	1.68555869579e-09	8.71728738042e-09
     6	6.13683601836e-09	1.46843218515e-09	7.6052682035e-09
     7	1.2151839298e-08	2.91960961928e-09	1.50714489173e-08
     8	1.00510226354e-08	2.40985982459e-09	1.246088246e-08
     9	8.71702886723e-09	2.08645189745e-09	1.08034807647e-08

Measurement: t_ro23
  step	t_ro23	FROM	TO
     1	5.80108637279e-09	1.40269695364e-09	7.20378332643e-09
     2	4.96201818431e-09	1.19675480382e-09	6.15877298814e-09
     3	4.40108555475e-09	1.06004550969e-09	5.46113106444e-09
     4	7.91827333888e-09	1.9167810366e-09	9.83505437548e-09
     5	6.68694434132e-09	1.61441140661e-09	8.30135574792e-09
     6	5.88782797374e-09	1.41938917254e-09	7.30721714628e-09
     7	1.12614285483e-08	2.72685288863e-09	1.3988281437e-08
     8	9.44291577956e-09	2.28092868975e-09	1.17238444693e-08
     9	8.26692643209e-09	1.99403671168e-09	1.02609631438e-08

Measurement: t_ro24
  step	t_ro24	FROM	TO
     1	5.73274498325e-09	1.37786182395e-09	7.1106068072e-09
     2	4.90602451127e-09	1.1775905442e-09	6.08361505547e-09
     3	4.35949763257e-09	1.04509771945e-09	5.40459535202e-09
     4	7.86049786467e-09	1.88933250064e-09	9.74983036531e-09
     5	6.63783315619e-09	1.59393044136e-09	8.23176359755e-09
     6	5.84903229822e-09	1.40298536679e-09	7.252017665e-09
     7	1.11971413258e-08	2.69194233879e-09	1.38890836646e-08
     8	9.38656192203e-09	2.25477875202e-09	1.16413406741e-08
     9	8.22243051553e-09	1.97336200431e-09	1.01957925198e-08

Measurement: t_ro25
  step	t_ro25	FROM	TO
     1	5.66699084702e-09	1.36592713126e-09	7.03291797827e-09
     2	4.85771261154e-09	1.16935162199e-09	6.02706423353e-09
     3	4.32317891961e-09	1.04002709974e-09	5.36320601936e-09
     4	7.73722268397e-09	1.86752592496e-09	9.60474860893e-09
     5	6.54899539973e-09	1.57889409885e-09	8.12788949858e-09
     6	5.78096553441e-09	1.39245090355e-09	7.17341643797e-09
     7	1.09851101756e-08	2.65419528154e-09	1.36393054572e-08
     8	9.23037249144e-09	2.22768467051e-09	1.1458057162e-08
     9	8.10084260688e-09	1.95355548979e-09	1.00543980967e-08

Measurement: t_ro26
  step	t_ro26	FROM	TO
     1	5.89186647805e-09	1.41731077026e-09	7.30917724831e-09
     2	5.00096630591e-09	1.20327132356e-09	6.20423762947e-09
     3	4.42578554177e-09	1.0629888965e-09	5.48877443827e-09
     4	8.1273364126e-09	1.95787652877e-09	1.00852129414e-08
     5	6.81373044269e-09	1.63995693738e-09	8.45368738006e-09
     6	5.9739902495e-09	1.43657621539e-09	7.41056646489e-09
     7	1.16439172389e-08	2.80863909212e-09	1.4452556331e-08
     8	9.68772634022e-09	2.33454504945e-09	1.20222713897e-08
     9	8.44093053436e-09	2.03250243419e-09	1.04734329686e-08

Measurement: t_ro27
  step	t_ro27	FROM	TO
     1	6.44597917093e-09	1.55432982859e-09	8.00030899952e-09
     2	5.39304659528e-09	1.29840623156e-09	6.69145282684e-09
     3	4.71617525334e-09	1.13480114705e-09	5.85097640039e-09
     4	9.07460095217e-09	2.19047237421e-09	1.12650733264e-08
     5	7.46990538531e-09	1.80069227021e-09	9.27059765552e-09
     6	6.46129286445e-09	1.55616925101e-09	8.01746211547e-09
     7	1.32121272853e-08	3.19094157461e-09	1.64030688599e-08
     8	1.07899228042e-08	2.60253340147e-09	1.33924562057e-08
     9	9.27213259349e-09	2.23459924916e-09	1.15067318427e-08

Measurement: t_ro28
  step	t_ro28	FROM	TO
     1	6.04347147088e-09	1.45341811553e-09	7.49688958641e-09
     2	5.12348512198e-09	1.22772312384e-09	6.35120824582e-09
     3	4.52077574137e-09	1.08240184144e-09	5.60317758281e-09
     4	8.36469953386e-09	2.01200473415e-09	1.0376704268e-08
     5	6.99395580615e-09	1.67702517413e-09	8.67098098028e-09
     6	6.11544029039e-09	1.46423655128e-09	7.57967684167e-09
     7	1.20230868629e-08	2.89258082083e-09	1.49156676838e-08
     8	9.97703334394e-09	2.3930231373e-09	1.23700564812e-08
     9	8.67037841796e-09	2.07639325487e-09	1.07467716728e-08

Measurement: t_ro29
  step	t_ro29	FROM	TO
     1	6.05107969968e-09	1.44759380366e-09	7.49867350334e-09
     2	5.12523064587e-09	1.22665425973e-09	6.35188490561e-09
     3	4.52288837933e-09	1.08164256779e-09	5.60453094712e-09
     4	8.38658545199e-09	2.00638798078e-09	1.03929734328e-08
     5	6.99643467743e-09	1.67212531153e-09	8.66855998897e-09
     6	6.11326763489e-09	1.46024718489e-09	7.57351481978e-09
     7	1.20371656444e-08	2.87892822054e-09	1.49160938649e-08
     8	9.96674446472e-09	2.38135727461e-09	1.23481017393e-08
     9	8.65519491392e-09	2.06672548105e-09	1.0721920395e-08

Measurement: t_ro30
  step	t_ro30	FROM	TO
     1	5.98320469524e-09	1.44536936622e-09	7.42857406147e-09
     2	5.08205529845e-09	1.22617958043e-09	6.30823487888e-09
     3	4.49083536811e-09	1.08303301638e-09	5.57386838449e-09
     4	8.25426930477e-09	1.99664399467e-09	1.02509132994e-08
     5	6.91732025612e-09	1.67097570197e-09	8.58829595809e-09
     6	6.05811928078e-09	1.46208691783e-09	7.52020619861e-09
     7	1.18375569164e-08	2.86550675416e-09	1.47030636706e-08
     8	9.84836921122e-09	2.38072461141e-09	1.22290938226e-08
     9	8.57319541307e-09	2.07065463217e-09	1.06438500452e-08

Measurement: t_ro31
  step	t_ro31	FROM	TO
     1	5.86422385834e-09	1.40060660991e-09	7.26483046825e-09
     2	4.98695289796e-09	1.19050431381e-09	6.17745721177e-09
     3	4.41760780841e-09	1.05351984388e-09	5.47112765229e-09
     4	8.07393178225e-09	1.92829471597e-09	1.00022264982e-08
     5	6.7721435777e-09	1.61588939898e-09	8.38803297668e-09
     6	5.94332333742e-09	1.41725192931e-09	7.36057526672e-09
     7	1.15308370253e-08	2.75328135559e-09	1.42841183809e-08
     8	9.59721456311e-09	2.28965767686e-09	1.188687224e-08
     9	8.37072336476e-09	1.99597716484e-09	1.03667005296e-08

Measurement: t_ro32
  step	t_ro32	FROM	TO
     1	6.20438496932e-09	1.48530704601e-09	7.68969201532e-09
     2	5.21773455083e-09	1.24688162773e-09	6.46461617856e-09
     3	4.58255632834e-09	1.09376541313e-09	5.67632174146e-09
     4	8.70415009115e-09	2.08395669366e-09	1.07881067848e-08
     5	7.20002548072e-09	1.72080831201e-09	8.92083379273e-09
     6	6.25591719815e-09	1.49303213288e-09	7.74894933102e-09
     7	1.26196549457e-08	3.02014138647e-09	1.56397963322e-08
     8	1.03479403344e-08	2.471961973e-09	1.28199023074e-08
     9	8.92955832901e-09	2.13083676867e-09	1.10603950977e-08

Measurement: t_ro33
  step	t_ro33	FROM	TO
     1	6.00235329076e-09	1.44026156449e-09	7.44261485525e-09
     2	5.09515557276e-09	1.22121075378e-09	6.31636632653e-09
     3	4.50121942891e-09	1.07769045908e-09	5.578909888e-09
     4	8.30480754845e-09	1.99356487868e-09	1.02983724271e-08
     5	6.95681778109e-09	1.66765451303e-09	8.62447229412e-09
     6	6.09007417212e-09	1.45847802389e-09	7.54855219601e-09
     7	1.19312679855e-08	2.86434048733e-09	1.47956084729e-08
     8	9.92147413252e-09	2.37880792327e-09	1.23002820558e-08
     9	8.63269805134e-09	2.06809786732e-09	1.07007959187e-08

Measurement: t_ro34
  step	t_ro34	FROM	TO
     1	5.68746943648e-09	1.34580578014e-09	7.03327521662e-09
     2	4.87500556301e-09	1.16013995484e-09	6.03514551786e-09
     3	4.33864654578e-09	1.03331475195e-09	5.37196129774e-09
     4	7.74222325271e-09	1.82838811333e-09	9.57061136604e-09
     5	6.56013146441e-09	1.5559783243e-09	8.11610978871e-09
     6	5.79264629844e-09	1.37736863441e-09	7.17001493285e-09
     7	1.09811975047e-08	2.59088555237e-09	1.3572083057e-08
     8	9.23806951939e-09	2.18488168114e-09	1.14229512005e-08
     9	8.11070652999e-09	1.92464586261e-09	1.00353523926e-08

Measurement: t_ro35
  step	t_ro35	FROM	TO
     1	6.0510361392e-09	1.45225297461e-09	7.50328911381e-09
     2	5.12438487777e-09	1.22782297964e-09	6.35220785741e-09
     3	4.51642664419e-09	1.08136596999e-09	5.59779261418e-09
     4	8.39535641548e-09	2.0148647051e-09	1.04102211206e-08
     5	7.00033296413e-09	1.6777841328e-09	8.67811709693e-09
     6	6.11204463656e-09	1.46354134054e-09	7.5755859771e-09
     7	1.208137855e-08	2.89939764482e-09	1.49807761949e-08
     8	9.99620739857e-09	2.39593919185e-09	1.23921465904e-08
     9	8.67252878224e-09	2.07683965601e-09	1.07493684382e-08

Measurement: t_ro36
  step	t_ro36	FROM	TO
     1	5.45915127171e-09	1.31154029322e-09	6.77069156493e-09
     2	4.72444574338e-09	1.13451467662e-09	5.85896042e-09
     3	4.22867180968e-09	1.01399044907e-09	5.24266225876e-09
     4	7.3592136885e-09	1.76872489501e-09	9.12793858351e-09
     5	6.30143946111e-09	1.51275325323e-09	7.81419271434e-09
     6	5.60296395362e-09	1.34393883837e-09	6.94690279199e-09
     7	1.03518172597e-08	2.4887762648e-09	1.28405935245e-08
     8	8.80747590785e-09	2.11516019566e-09	1.09226361035e-08
     9	7.79079071262e-09	1.86947717679e-09	9.6602678894e-09

Measurement: t_ro37
  step	t_ro37	FROM	TO
     1	5.92675457687e-09	1.42156798688e-09	7.34832256374e-09
     2	5.04299619914e-09	1.20734792248e-09	6.25034412162e-09
     3	4.46108612692e-09	1.06733076304e-09	5.52841688996e-09
     4	8.1670331973e-09	1.95894827997e-09	1.01259814773e-08
     5	6.85414083879e-09	1.64143423135e-09	8.49557507014e-09
     6	6.00967084105e-09	1.43782821673e-09	7.44749905778e-09
     7	1.16933459163e-08	2.80452194474e-09	1.4497867861e-08
     8	9.74121010606e-09	2.33280756835e-09	1.20740176744e-08
     9	8.48967822231e-09	2.03121097322e-09	1.05208891955e-08

Measurement: t_ro38
  step	t_ro38	FROM	TO
     1	6.41938697188e-09	1.53804793817e-09	7.95743491005e-09
     2	5.37145517993e-09	1.2855937309e-09	6.65704891084e-09
     3	4.69948547135e-09	1.12402376448e-09	5.82350923583e-09
     4	9.04360253599e-09	2.16692922603e-09	1.1210531762e-08
     5	7.4417432535e-09	1.7803976427e-09	9.2221408962e-09
     6	6.43855859565e-09	1.53955806637e-09	7.97811666203e-09
     7	1.31631748576e-08	3.15270134002e-09	1.63158761977e-08
     8	1.07414450015e-08	2.56917252396e-09	1.33106175255e-08
     9	9.2305254519e-09	2.20654868558e-09	1.14370741375e-08

Measurement: t_ro39
  step	t_ro39	FROM	TO
     1	6.06266942597e-09	1.45558197887e-09	7.51825140484e-09
     2	5.1355249067e-09	1.23202330276e-09	6.36754820945e-09
     3	4.52824721342e-09	1.08449259838e-09	5.6127398118e-09
     4	8.41635886293e-09	2.02159279246e-09	1.04379516554e-08
     5	7.02385538243e-09	1.68522867915e-09	8.70908406158e-09
     6	6.13531243614e-09	1.47064252999e-09	7.60595496613e-09
     7	1.21085414488e-08	2.90855997765e-09	1.50171014265e-08
     8	1.00296822884e-08	2.40676317277e-09	1.24364454611e-08
     9	8.70689757431e-09	2.0876526565e-09	1.07945502308e-08

Measurement: t_ro40
  step	t_ro40	FROM	TO
     1	6.08761686831e-09	1.4638795618e-09	7.55149643011e-09
     2	5.14679484796e-09	1.23640626007e-09	6.38320110803e-09
     3	4.53524669484e-09	1.08894884026e-09	5.6241955351e-09
     4	8.47793655235e-09	2.03891997887e-09	1.05168565312e-08
     5	7.05755577703e-09	1.69616318545e-09	8.75371896248e-09
     6	6.15750720507e-09	1.47923437207e-09	7.63674157714e-09
     7	1.22143151456e-08	2.93824008219e-09	1.51525552278e-08
     8	1.0090842961e-08	2.42587616566e-09	1.25167191267e-08
     9	8.74760245041e-09	2.10221621577e-09	1.08498186662e-08

Measurement: t_ro41
  step	t_ro41	FROM	TO
     1	6.05314285961e-09	1.45116451005e-09	7.50430736967e-09
     2	5.12988535281e-09	1.22780825455e-09	6.35769360736e-09
     3	4.52351323295e-09	1.08194478695e-09	5.6054580199e-09
     4	8.40655563376e-09	2.0141234761e-09	1.04206791099e-08
     5	7.01520913532e-09	1.67851848221e-09	8.69372761754e-09
     6	6.12744436591e-09	1.46494291231e-09	7.59238727822e-09
     7	1.21005223956e-08	2.89847440577e-09	1.49989968013e-08
     8	1.00196207077e-08	2.39694274163e-09	1.24165634493e-08
     9	8.6969568593e-09	2.07890335793e-09	1.07758602172e-08

Measurement: t_ro42
  step	t_ro42	FROM	TO
     1	5.76402417806e-09	1.38572039667e-09	7.14974457473e-09
     2	4.9277701009e-09	1.18368065395e-09	6.11145075485e-09
     3	4.37539683364e-09	1.05112816147e-09	5.42652499511e-09
     4	7.87857063718e-09	1.89475763617e-09	9.77332827335e-09
     5	6.65043037637e-09	1.5979480045e-09	8.24837838088e-09
     6	5.8579016562e-09	1.40736438646e-09	7.26526604265e-09
     7	1.12006872828e-08	2.69450445567e-09	1.38951917385e-08
     8	9.38821103691e-09	2.25627929705e-09	1.1644490334e-08
     9	8.22192466669e-09	1.97555098401e-09	1.01974756507e-08

Measurement: t_ro43
  step	t_ro43	FROM	TO
     1	6.1130734835e-09	1.47171307571e-09	7.58478655922e-09
     2	5.16366290235e-09	1.24171240415e-09	6.4053753065e-09
     3	4.54741427205e-09	1.09190580871e-09	5.63932008076e-09
     4	8.53070336212e-09	2.05531371495e-09	1.05860170771e-08
     5	7.09566409899e-09	1.70738791366e-09	8.80305201265e-09
     6	6.1858112457e-09	1.48698102941e-09	7.67279227511e-09
     7	1.23176938529e-08	2.96862791649e-09	1.52863217694e-08
     8	1.01647375944e-08	2.44702808883e-09	1.26117656832e-08
     9	8.80396745159e-09	2.11767036472e-09	1.09216378163e-08

Measurement: t_ro44
  step	t_ro44	FROM	TO
     1	5.78534723923e-09	1.38850969541e-09	7.17385693465e-09
     2	4.94717145463e-09	1.18620782895e-09	6.13337928358e-09
     3	4.39186472545e-09	1.05237500761e-09	5.44423973306e-09
     4	7.89807643289e-09	1.89643193199e-09	9.79450836488e-09
     5	6.67123729538e-09	1.59940819116e-09	8.27064548654e-09
     6	5.87560582949e-09	1.40760143138e-09	7.28320726087e-09
     7	1.12327768294e-08	2.69718416121e-09	1.39299609906e-08
     8	9.42260167786e-09	2.25914459205e-09	1.16817462699e-08
     9	8.25217255982e-09	1.97698950714e-09	1.0229162067e-08

Measurement: t_ro45
  step	t_ro45	FROM	TO
     1	6.07337391063e-09	1.45965405809e-09	7.53302796873e-09
     2	5.14290718201e-09	1.23402693107e-09	6.37693411308e-09
     3	4.5330040245e-09	1.08638137989e-09	5.61938540439e-09
     4	8.42711959605e-09	2.02682920424e-09	1.04539488003e-08
     5	7.03090314874e-09	1.68751145124e-09	8.71841459998e-09
     6	6.1388668959e-09	1.47124326905e-09	7.61011016495e-09
     7	1.21290695931e-08	2.91764629349e-09	1.50467158865e-08
     8	1.00427637045e-08	2.41126449818e-09	1.24540282026e-08
     9	8.71449348026e-09	2.0894356137e-09	1.0803929094e-08

Measurement: t_ro46
  step	t_ro46	FROM	TO
     1	5.96435404118e-09	1.43721456419e-09	7.40156860538e-09
     2	5.06934297232e-09	1.21852886809e-09	6.28787184041e-09
     3	4.48046505308e-09	1.07574506476e-09	5.55621011783e-09
     4	8.24766477484e-09	1.99210505028e-09	1.02397698251e-08
     5	6.91425800141e-09	1.66487329831e-09	8.57913129972e-09
     6	6.05686845936e-09	1.45589401827e-09	7.51276247763e-09
     7	1.183669859e-08	2.86259270221e-09	1.46992912922e-08
     8	9.8494866745e-09	2.37477416959e-09	1.22242608441e-08
     9	8.57558282533e-09	2.06400647417e-09	1.06395892995e-08

Measurement: t_ro47
  step	t_ro47	FROM	TO
     1	6.0175438555e-09	1.43912512957e-09	7.45666898507e-09
     2	5.10676482319e-09	1.21934995478e-09	6.32611477797e-09
     3	4.50804414161e-09	1.07608057603e-09	5.58412471763e-09
     4	8.31269282307e-09	1.98752131809e-09	1.03002141412e-08
     5	6.95535033959e-09	1.66058868354e-09	8.61593902312e-09
     6	6.08541765897e-09	1.4521379912e-09	7.53755565017e-09
     7	1.19288026028e-08	2.85053437488e-09	1.47793369777e-08
     8	9.9061914227e-09	2.36425644032e-09	1.2270447863e-08
     9	8.61450198418e-09	2.05469525337e-09	1.06691972375e-08

Measurement: t_ro48
  step	t_ro48	FROM	TO
     1	6.21009439912e-09	1.48563651265e-09	7.69573091178e-09
     2	5.23299002338e-09	1.25090668038e-09	6.48389670376e-09
     3	4.60085955437e-09	1.09833549377e-09	5.69919504814e-09
     4	8.66100662589e-09	2.07046173998e-09	1.07314683659e-08
     5	7.19556948584e-09	1.71824387994e-09	8.91381336578e-09
     6	6.26084504299e-09	1.49428728562e-09	7.75513232861e-09
     7	1.25152679378e-08	2.99037965775e-09	1.55056475955e-08
     8	1.03139234707e-08	2.4622668248e-09	1.27761902955e-08
     9	8.92088430747e-09	2.12866175432e-09	1.10495460618e-08

Measurement: t_ro49
  step	t_ro49	FROM	TO
     1	5.77366633329e-09	1.38436645405e-09	7.15803278733e-09
     2	4.94006450883e-09	1.18246782604e-09	6.12253233486e-09
     3	4.38684566371e-09	1.04903563035e-09	5.43588129406e-09
     4	7.8851905263e-09	1.89110012577e-09	9.77629065207e-09
     5	6.66490899677e-09	1.59592116226e-09	8.26083015902e-09
     6	5.87179413758e-09	1.40446526337e-09	7.27625940095e-09
     7	1.12212201953e-08	2.69108945821e-09	1.39123096535e-08
     8	9.4196650899e-09	2.25572308999e-09	1.16753881799e-08
     9	8.25197160015e-09	1.97394746653e-09	1.02259190667e-08

Measurement: t_ro50
  step	t_ro50	FROM	TO
     1	6.21008950987e-09	1.48922369904e-09	7.69931320891e-09
     2	5.2222963198e-09	1.25086358168e-09	6.47315990148e-09
     3	4.58624172918e-09	1.09766519945e-09	5.68390692863e-09
     4	8.69473804134e-09	2.08556440341e-09	1.07803024447e-08
     5	7.19426097801e-09	1.72326209522e-09	8.91752307323e-09
     6	6.25024595926e-09	1.49576451283e-09	7.74601047209e-09
     7	1.25945839393e-08	3.02046490067e-09	1.561504884e-08
     8	1.03358034151e-08	2.47559138836e-09	1.28113948035e-08
     9	8.91947617157e-09	2.1345331522e-09	1.10540093238e-08

Measurement: t_ro51
  step	t_ro51	FROM	TO
     1	6.20229897168e-09	1.49206510016e-09	7.69436407184e-09
     2	5.2237392247e-09	1.25549304481e-09	6.4792322695e-09
     3	4.59171006363e-09	1.10235897548e-09	5.69406903911e-09
     4	8.6744557458e-09	2.08731381006e-09	1.07617695559e-08
     5	7.19328856244e-09	1.72935325716e-09	8.9226418196e-09
     6	6.25627860743e-09	1.50288721956e-09	7.75916582699e-09
     7	1.256131291e-08	3.02357507577e-09	1.55848879858e-08
     8	1.0333176644e-08	2.48527344014e-09	1.28184500841e-08
     9	8.92891251499e-09	2.14604502718e-09	1.10749575422e-08

Measurement: t_ro52
  step	t_ro52	FROM	TO
     1	6.09994818671e-09	1.45885815245e-09	7.55880633916e-09
     2	5.15783003975e-09	1.23253579184e-09	6.3903658316e-09
     3	4.54459901535e-09	1.08520524539e-09	5.62980426074e-09
     4	8.47419560743e-09	2.0263729177e-09	1.05005685251e-08
     5	7.05870627613e-09	1.6862858068e-09	8.74499208293e-09
     6	6.16047181816e-09	1.47088245504e-09	7.6313542732e-09
     7	1.21950929372e-08	2.91533904722e-09	1.51104319844e-08
     8	1.00825606008e-08	2.40808810675e-09	1.24906487075e-08
     9	8.74384024863e-09	2.08712743497e-09	1.08309676836e-08

Measurement: t_ro53
  step	t_ro53	FROM	TO
     1	5.9842052389e-09	1.43124378147e-09	7.41544902037e-09
     2	5.0737627991e-09	1.21203185854e-09	6.28579465764e-09
     3	4.4793614493e-09	1.069709745e-09	5.5490711943e-09
     4	8.29967040998e-09	1.98461150798e-09	1.0284281918e-08
     5	6.93246537002e-09	1.65580799096e-09	8.58827336097e-09
     6	6.061989011e-09	1.44716797921e-09	7.5091569902e-09
     7	1.19394671454e-08	2.85398400003e-09	1.47934511454e-08
     8	9.89446929913e-09	2.36265965943e-09	1.22571289586e-08
     9	8.59604262728e-09	2.05148372793e-09	1.06475263552e-08

Measurement: t_ro54
  step	t_ro54	FROM	TO
     1	6.3629919178e-09	1.54169687482e-09	7.90468879262e-09
     2	5.31497628177e-09	1.28345726568e-09	6.59843354745e-09
     3	4.65072320282e-09	1.12081079804e-09	5.77153400086e-09
     4	9.00517182784e-09	2.18319265018e-09	1.1188364478e-08
     5	7.38811986659e-09	1.78631465845e-09	9.17443452503e-09
     6	6.38880717555e-09	1.5420295623e-09	7.93083673785e-09
     7	1.31268496286e-08	3.18364577206e-09	1.63104954007e-08
     8	1.06723425333e-08	2.58223072541e-09	1.32545732587e-08
     9	9.15948824859e-09	2.21249890444e-09	1.1371987153e-08

Measurement: t_ro55
  step	t_ro55	FROM	TO
     1	5.47363376327e-09	1.31746635761e-09	6.79110012088e-09
     2	4.73182913195e-09	1.13682703006e-09	5.86865616201e-09
     3	4.23327173194e-09	1.01609159418e-09	5.24936332612e-09
     4	7.36670354543e-09	1.77431343699e-09	9.14101698242e-09
     5	6.30199845729e-09	1.51522951431e-09	7.8172279716e-09
     6	5.59884815218e-09	1.3447187573e-09	6.94356690948e-09
     7	1.03553950407e-08	2.49513075452e-09	1.28505257952e-08
     8	8.80002573091e-09	2.11689324064e-09	1.09169189716e-08
     9	7.77975568681e-09	1.86931651443e-09	9.64907220124e-09

Measurement: t_ro56
  step	t_ro56	FROM	TO
     1	6.26829378239e-09	1.50191621482e-09	7.77020999721e-09
     2	5.26909545814e-09	1.26219171906e-09	6.5312871772e-09
     3	4.62780483574e-09	1.10700999712e-09	5.73481483285e-09
     4	8.75863597172e-09	2.09846047631e-09	1.0857096448e-08
     5	7.25310335509e-09	1.73634667578e-09	8.98945003086e-09
     6	6.30129476585e-09	1.50772702199e-09	7.80902178783e-09
     7	1.26766464552e-08	3.03673812934e-09	1.57133845845e-08
     8	1.04158544325e-08	2.49333930586e-09	1.29091937384e-08
     9	8.99062143339e-09	2.15103741382e-09	1.11416588472e-08

Measurement: t_ro57
  step	t_ro57	FROM	TO
     1	6.04311305064e-09	1.456587077e-09	7.49970012764e-09
     2	5.12044460935e-09	1.23250880136e-09	6.35295341071e-09
     3	4.51710181357e-09	1.0866199208e-09	5.60372173437e-09
     4	8.37347348213e-09	2.02036090813e-09	1.03938343903e-08
     5	6.99190415066e-09	1.68475488671e-09	8.67665903737e-09
     6	6.11134969283e-09	1.47140211284e-09	7.58275180567e-09
     7	1.20307268518e-08	2.9042935828e-09	1.49350204346e-08
     8	9.96846005369e-09	2.40339569538e-09	1.23718557491e-08
     9	8.65856225538e-09	2.08594461329e-09	1.07445068687e-08

Measurement: t_ro58
  step	t_ro58	FROM	TO
     1	5.89189185899e-09	1.41437037427e-09	7.30626223326e-09
     2	5.0200225648e-09	1.20248892906e-09	6.22251149386e-09
     3	4.44319789063e-09	1.06353159289e-09	5.50672948353e-09
     4	8.13871243896e-09	1.95279173979e-09	1.00915041788e-08
     5	6.83366060265e-09	1.63744018607e-09	8.47110078871e-09
     6	5.99443810155e-09	1.43502532877e-09	7.42946343032e-09
     7	1.16589616971e-08	2.79709951414e-09	1.44560612112e-08
     8	9.71610302422e-09	2.3280721812e-09	1.20441752054e-08
     9	8.47092511213e-09	2.0279262123e-09	1.04988513244e-08

Measurement: t_ro59
  step	t_ro59	FROM	TO
     1	6.14934466766e-09	1.46909788442e-09	7.61844255209e-09
     2	5.18745114683e-09	1.23835614484e-09	6.42580729167e-09
     3	4.56475682966e-09	1.08967789849e-09	5.65443472815e-09
     4	8.56599784045e-09	2.04567840098e-09	1.06116762414e-08
     5	7.11528438071e-09	1.69865305872e-09	8.81393743942e-09
     6	6.19853593299e-09	1.47932678871e-09	7.67786272169e-09
     7	1.23549702618e-08	2.94966456289e-09	1.53046348247e-08
     8	1.01800948849e-08	2.42976921675e-09	1.26098641017e-08
     9	8.81047576636e-09	2.10236946224e-09	1.09128452286e-08

Measurement: t_ro60
  step	t_ro60	FROM	TO
     1	5.91720541292e-09	1.42514407133e-09	7.34234948425e-09
     2	5.01292820583e-09	1.20553456743e-09	6.21846277326e-09
     3	4.42923758296e-09	1.06499779217e-09	5.49423537514e-09
     4	8.22068151912e-09	1.98187127419e-09	1.02025527933e-08
     5	6.85458089541e-09	1.65055791402e-09	8.50513880943e-09
     6	5.99522663642e-09	1.44223788638e-09	7.4374645228e-09
     7	1.18066899882e-08	2.84798731109e-09	1.46546772992e-08
     8	9.76259109438e-09	2.35230721952e-09	1.21148983139e-08
     9	8.48166632394e-09	2.04186041701e-09	1.05235267409e-08

Measurement: t_ro61
  step	t_ro61	FROM	TO
     1	5.96552878805e-09	1.43040719414e-09	7.39593598219e-09
     2	5.05972334242e-09	1.21215716317e-09	6.27188050559e-09
     3	4.46981600367e-09	1.07064452324e-09	5.54046052691e-09
     4	8.25309161975e-09	1.97905692841e-09	1.02321485482e-08
     5	6.89475387207e-09	1.65168863662e-09	8.54644250869e-09
     6	6.03454450821e-09	1.44489447832e-09	7.47943898652e-09
     7	1.18422660504e-08	2.83935867057e-09	1.4681624721e-08
     8	9.81696119742e-09	2.35162826939e-09	1.21685894668e-08
     9	8.53750931846e-09	2.04403064117e-09	1.05815399596e-08

Measurement: t_ro62
  step	t_ro62	FROM	TO
     1	6.12362117557e-09	1.47011932927e-09	7.59374050484e-09
     2	5.17690593526e-09	1.23974533414e-09	6.4166512694e-09
     3	4.56061819457e-09	1.09114444514e-09	5.65176263971e-09
     4	8.51147367814e-09	2.04483903962e-09	1.05563127178e-08
     5	7.0930797158e-09	1.6999177392e-09	8.79299745501e-09
     6	6.18830139755e-09	1.48082749826e-09	7.66912889581e-09
     7	1.2267831352e-08	2.94723137352e-09	1.52150627255e-08
     8	1.01470925305e-08	2.43207874254e-09	1.25791712731e-08
     9	8.79845204886e-09	2.10563106988e-09	1.09040831187e-08

Measurement: t_ro63
  step	t_ro63	FROM	TO
     1	5.84828900162e-09	1.40045049305e-09	7.24873949467e-09
     2	4.98749803646e-09	1.19301651269e-09	6.18051454915e-09
     3	4.41977695486e-09	1.05678571672e-09	5.47656267157e-09
     4	8.02754629651e-09	1.92234775122e-09	9.94989404773e-09
     5	6.75708888891e-09	1.61620152319e-09	8.3732904121e-09
     6	5.93715181175e-09	1.41929964472e-09	7.35645145647e-09
     7	1.14628006816e-08	2.74429132273e-09	1.42070920044e-08
     8	9.57900460206e-09	2.29073253629e-09	1.18697371383e-08
     9	8.36703895024e-09	1.99975634248e-09	1.03667952927e-08

Measurement: t_ro64
  step	t_ro64	FROM	TO
     1	6.17407603362e-09	1.47336101622e-09	7.64743704983e-09
     2	5.19662083987e-09	1.23856326042e-09	6.43518410029e-09
     3	4.56833379562e-09	1.08871129104e-09	5.65704508666e-09
     4	8.64032422613e-09	2.06186979856e-09	1.07021940247e-08
     5	7.15501918015e-09	1.70506668927e-09	8.86008586942e-09
     6	6.22399250683e-09	1.482425434e-09	7.70641794084e-09
     7	1.25029926294e-08	2.98122096173e-09	1.54842135911e-08
     8	1.02636979544e-08	2.44502982798e-09	1.27087277824e-08
     9	8.8639515947e-09	2.11047944753e-09	1.09744310422e-08

Measurement: t_ro65
  step	t_ro65	FROM	TO
     1	5.73245856528e-09	1.38398266057e-09	7.11644122584e-09
     2	4.9016133297e-09	1.18223214167e-09	6.08384547137e-09
     3	4.35573819997e-09	1.04961347082e-09	5.4053516708e-09
     4	7.84802418199e-09	1.89642102652e-09	9.74444520851e-09
     5	6.63309768549e-09	1.60106751026e-09	8.23416519575e-09
     6	5.84586638001e-09	1.40992026195e-09	7.25578664195e-09
     7	1.11772345427e-08	2.703000471e-09	1.38802350137e-08
     8	9.37760197369e-09	2.26531296634e-09	1.164291494e-08
     9	8.21587927793e-09	1.98321331285e-09	1.01990925908e-08

Measurement: t_ro66
  step	t_ro66	FROM	TO
     1	6.21015739079e-09	1.41764355892e-09	7.62780094972e-09
     2	5.2280961517e-09	1.25136722383e-09	6.47946337552e-09
     3	4.59336352563e-09	1.09722794334e-09	5.69059146897e-09
     4	8.69012159927e-09	1.99603787034e-09	1.06861594696e-08
     5	7.19808894793e-09	1.63648010106e-09	8.83456904899e-09
     6	6.25872312875e-09	1.41804383104e-09	7.67676695979e-09
     7	1.25728791956e-08	2.89180735481e-09	1.54646865504e-08
     8	1.03284762608e-08	2.35419565204e-09	1.26826719129e-08
     9	8.92087162512e-09	2.02439183537e-09	1.09452634605e-08

Measurement: t_ro67
  step	t_ro67	FROM	TO
     1	6.18288475321e-09	1.49028698469e-09	7.67317173789e-09
     2	5.22001168842e-09	1.25585586749e-09	6.47586755592e-09
     3	4.59169507758e-09	1.10365494577e-09	5.69535002335e-09
     4	8.6242008352e-09	2.08123723739e-09	1.07054380726e-08
     5	7.17396384505e-09	1.72787943624e-09	8.90184328129e-09
     6	6.24876807447e-09	1.50316500122e-09	7.75193307569e-09
     7	1.24657959226e-08	3.0096729378e-09	1.54754688604e-08
     8	1.02913547812e-08	2.48015653038e-09	1.27715113116e-08
     9	8.90804321837e-09	2.14431528956e-09	1.10523585079e-08

Measurement: t_ro68
  step	t_ro68	FROM	TO
     1	5.57314126911e-09	1.33228485077e-09	6.90542611988e-09
     2	4.79254358527e-09	1.14534550552e-09	5.9378890908e-09
     3	4.27650251437e-09	1.02185796915e-09	5.29836048352e-09
     4	7.52001041621e-09	1.7999871739e-09	9.3199975901e-09
     5	6.40708060491e-09	1.53161313027e-09	7.93869373518e-09
     6	5.67860021879e-09	1.3563370378e-09	7.0349372566e-09
     7	1.0609110715e-08	2.53873530659e-09	1.31478460216e-08
     8	8.9785823218e-09	2.14602110721e-09	1.1124603429e-08
     9	7.91418616887e-09	1.8902661429e-09	9.80445231177e-09

Measurement: t_ro69
  step	t_ro69	FROM	TO
     1	5.90330460129e-09	1.41553919887e-09	7.31884380016e-09
     2	5.0301270713e-09	1.20394859057e-09	6.23407566187e-09
     3	4.45297165172e-09	1.0651290375e-09	5.51810068922e-09
     4	8.14651462436e-09	1.95289089305e-09	1.00994055174e-08
     5	6.84221559113e-09	1.63780471465e-09	8.48002030578e-09
     6	6.00425799432e-09	1.4359808083e-09	7.44023880262e-09
     7	1.16606089375e-08	2.79473888502e-09	1.44553478225e-08
     8	9.72187171752e-09	2.32691610738e-09	1.20487878249e-08
     9	8.47994552204e-09	2.02792691993e-09	1.0507872442e-08

Measurement: t_ro70
  step	t_ro70	FROM	TO
     1	6.24920686395e-09	1.49519794848e-09	7.74440481243e-09
     2	5.26307029097e-09	1.25720507272e-09	6.52027536369e-09
     3	4.62210212587e-09	1.1033494178e-09	5.72545154366e-09
     4	8.74205732022e-09	2.09068306835e-09	1.08327403886e-08
     5	7.24884642141e-09	1.73097148051e-09	8.97981790192e-09
     6	6.30263942935e-09	1.50385012561e-09	7.80648955496e-09
     7	1.26583960344e-08	3.02502681431e-09	1.56834228488e-08
     8	1.04145820611e-08	2.48579237196e-09	1.2900374433e-08
     9	8.99694534834e-09	2.14591722119e-09	1.11428625695e-08

Measurement: t_ro71
  step	t_ro71	FROM	TO
     1	5.89376271059e-09	1.41324878099e-09	7.30701149157e-09
     2	5.01665315193e-09	1.20174268485e-09	6.21839583678e-09
     3	4.43806659781e-09	1.06272590471e-09	5.50079250252e-09
     4	8.11295890492e-09	1.94601216198e-09	1.00589710669e-08
     5	6.7947655939e-09	1.62783540557e-09	8.42260099948e-09
     6	5.95698346079e-09	1.42605391165e-09	7.38303737244e-09
     7	1.15894951739e-08	2.77955671195e-09	1.43690518859e-08
     8	9.63149758054e-09	2.30722359794e-09	1.19387211785e-08
     9	8.39205548557e-09	2.00891843234e-09	1.04009739179e-08

Measurement: t_ro72
  step	t_ro72	FROM	TO
     1	5.98046521071e-09	1.45231096249e-09	7.4327761732e-09
     2	5.07690581475e-09	1.22782126395e-09	6.3047270787e-09
     3	4.4855626062e-09	1.08292670555e-09	5.56848931175e-09
     4	8.25648596233e-09	2.00841807516e-09	1.02649040375e-08
     5	6.9096147074e-09	1.673972858e-09	8.5835875654e-09
     6	6.04940389864e-09	1.46225182451e-09	7.51165572316e-09
     7	1.18343452235e-08	2.88073628032e-09	1.47150815038e-08
     8	9.82684491328e-09	2.38340065943e-09	1.22102455727e-08
     9	8.54975162328e-09	2.06895945137e-09	1.06187110746e-08

Measurement: t_ro73
  step	t_ro73	FROM	TO
     1	5.84027214527e-09	1.41017710257e-09	7.25044924783e-09
     2	4.97907649854e-09	1.20127535101e-09	6.18035184955e-09
     3	4.41123578748e-09	1.0637898722e-09	5.47502565968e-09
     4	8.03477986641e-09	1.94164377487e-09	9.97642364127e-09
     5	6.75650763165e-09	1.63148248922e-09	8.38799012087e-09
     6	5.93417796459e-09	1.43206132421e-09	7.36623928881e-09
     7	1.1489633333e-08	2.77818830821e-09	1.42678216412e-08
     8	9.58912942265e-09	2.31679677238e-09	1.1905926195e-08
     9	8.37058345603e-09	2.02122705015e-09	1.03918105062e-08

Measurement: t_ro74
  step	t_ro74	FROM	TO
     1	6.26357758425e-09	1.489120412e-09	7.75269799625e-09
     2	5.25931101839e-09	1.25275846187e-09	6.51206948026e-09
     3	4.61482625362e-09	1.09954338056e-09	5.71436963418e-09
     4	8.75721910272e-09	2.07817132212e-09	1.08353904248e-08
     5	7.2308905005e-09	1.72043865073e-09	8.95132915123e-09
     6	6.27673205667e-09	1.49400815281e-09	7.77074020948e-09
     7	1.26704346987e-08	3.00501344302e-09	1.56754481417e-08
     8	1.03730492913e-08	2.4658919187e-09	1.283894121e-08
     9	8.94283873944e-09	2.12707487373e-09	1.10699136132e-08

Measurement: t_ro75
  step	t_ro75	FROM	TO
     1	6.26918770531e-09	1.5019719784e-09	7.77115968371e-09
     2	5.25067281452e-09	1.25604470415e-09	6.50671751866e-09
     3	4.60440749271e-09	1.10003799157e-09	5.70444548428e-09
     4	8.83152757017e-09	2.11578933018e-09	1.09473169003e-08
     5	7.26578600093e-09	1.73816250047e-09	9.0039485014e-09
     6	6.29887731699e-09	1.50540198953e-09	7.80427930652e-09
     7	1.27987414872e-08	3.06534095989e-09	1.58640824471e-08
     8	1.04380102557e-08	2.49688737241e-09	1.29348976281e-08
     9	8.9853685641e-09	2.14755443322e-09	1.11329229973e-08

Measurement: t_ro76
  step	t_ro76	FROM	TO
     1	6.35176260424e-09	1.52729193806e-09	7.8790545423e-09
     2	5.31118303535e-09	1.27511607804e-09	6.58629911339e-09
     3	4.65138297146e-09	1.11569710761e-09	5.76708007906e-09
     4	8.91979319733e-09	2.14569698308e-09	1.10654901804e-08
     5	7.33790390164e-09	1.76273989725e-09	9.10064379889e-09
     6	6.35434362908e-09	1.52489895731e-09	7.87924258638e-09
     7	1.29468669981e-08	3.11555153388e-09	1.6062418532e-08
     8	1.05618755554e-08	2.53825302747e-09	1.31001285828e-08
     9	9.08433378703e-09	2.18112999541e-09	1.12654637824e-08

Measurement: t_ro77
  step	t_ro77	FROM	TO
     1	6.08324292571e-09	1.46037893331e-09	7.54362185902e-09
     2	5.13527177991e-09	1.23156289396e-09	6.36683467387e-09
     3	4.52269947866e-09	1.0821419601e-09	5.60484143875e-09
     4	8.46266046205e-09	2.03215654599e-09	1.0494817008e-08
     5	7.03203646927e-09	1.68630138241e-09	8.71833785168e-09
     6	6.13021487533e-09	1.46777869221e-09	7.59799356754e-09
     7	1.21906583016e-08	2.92726477565e-09	1.51179230773e-08
     8	1.00499445281e-08	2.41056492253e-09	1.24605094506e-08
     9	8.7051220238e-09	2.08531731825e-09	1.07904393421e-08

Measurement: t_ro78
  step	t_ro78	FROM	TO
     1	5.67423832122e-09	1.35776369735e-09	7.03200201858e-09
     2	4.87043958344e-09	1.16563209189e-09	6.03607167533e-09
     3	4.33543380787e-09	1.03667562846e-09	5.37210943633e-09
     4	7.70998108038e-09	1.84468417574e-09	9.55466525612e-09
     5	6.54232257136e-09	1.56410868857e-09	8.10643125993e-09
     6	5.7804508339e-09	1.38155187926e-09	7.16200271316e-09
     7	1.09200658529e-08	2.61185621621e-09	1.35319220691e-08
     8	9.20367286024e-09	2.19975075391e-09	1.14034236142e-08
     9	8.08757447735e-09	1.93230022188e-09	1.00198746992e-08

Measurement: t_ro79
  step	t_ro79	FROM	TO
     1	6.02441290741e-09	1.44968345244e-09	7.47409635985e-09
     2	5.10878636664e-09	1.22796828762e-09	6.33675465426e-09
     3	4.50879415159e-09	1.08341982449e-09	5.59221397608e-09
     4	8.33452273455e-09	2.00743112549e-09	1.034195386e-08
     5	6.97295222413e-09	1.67731266683e-09	8.65026489096e-09
     6	6.09891125117e-09	1.46588478986e-09	7.56479604103e-09
     7	1.19769907603e-08	2.88593776222e-09	1.48629285225e-08
     8	9.9468300969e-09	2.39387418984e-09	1.23407042867e-08
     9	8.64747701281e-09	2.07948958668e-09	1.07269665995e-08

Measurement: t_ro80
  step	t_ro80	FROM	TO
     1	6.15344351808e-09	1.47780280684e-09	7.63124632492e-09
     2	5.17874420839e-09	1.24236057697e-09	6.42110478537e-09
     3	4.55350363521e-09	1.09096894099e-09	5.6444725762e-09
     4	8.58549081242e-09	2.06238892976e-09	1.06478797422e-08
     5	7.11172050618e-09	1.70632134225e-09	8.81804184843e-09
     6	6.18688096564e-09	1.48313941726e-09	7.6700203829e-09
     7	1.24025738149e-08	2.97968843513e-09	1.53822622501e-08
     8	1.01884367622e-08	2.445107457e-09	1.26335442192e-08
     9	8.80395715745e-09	2.11102858742e-09	1.09149857449e-08

Measurement: t_ro81
  step	t_ro81	FROM	TO
     1	6.09931445156e-09	1.47090368237e-09	7.57021813393e-09
     2	5.15564578428e-09	1.24138935411e-09	6.39703513839e-09
     3	4.54259061595e-09	1.09422876627e-09	5.63681938221e-09
     4	8.46397773761e-09	2.04493943093e-09	1.05089171685e-08
     5	7.04883435621e-09	1.70051596136e-09	8.74935031757e-09
     6	6.15110653545e-09	1.482859131e-09	7.63396566645e-09
     7	1.21762672772e-08	2.9454186993e-09	1.51216859765e-08
     8	1.00640190973e-08	2.43039052944e-09	1.24944096268e-08
     9	8.72763619881e-09	2.10581505118e-09	1.083345125e-08

Measurement: t_ro82
  step	t_ro82	FROM	TO
     1	5.81196492191e-09	1.39405919581e-09	7.20602411772e-09
     2	4.94902784027e-09	1.18628853697e-09	6.13531637724e-09
     3	4.38626004071e-09	1.05005627175e-09	5.43631631246e-09
     4	8.01936315607e-09	1.92427682423e-09	9.9436399803e-09
     5	6.73314379812e-09	1.61388333523e-09	8.34702713335e-09
     6	5.91194424063e-09	1.41629362514e-09	7.32823786577e-09
     7	1.14685404319e-08	2.75201903932e-09	1.42205594712e-08
     8	9.55489104518e-09	2.29073676447e-09	1.18456278097e-08
     9	8.33759162997e-09	1.99739303925e-09	1.03349846692e-08

Measurement: t_ro83
  step	t_ro83	FROM	TO
     1	6.09829410308e-09	1.47175931111e-09	7.57005341419e-09
     2	5.14271069198e-09	1.23683077722e-09	6.3795414692e-09
     3	4.52747289098e-09	1.08653444268e-09	5.61400733366e-09
     4	8.52513555448e-09	2.05988916697e-09	1.05850247214e-08
     5	7.06762414774e-09	1.70134032772e-09	8.76896447546e-09
     6	6.15647369255e-09	1.47878807744e-09	7.63526176999e-09
     7	1.23010157511e-08	2.97339953919e-09	1.52744152903e-08
     8	1.01091910285e-08	2.43521133358e-09	1.25444023621e-08
     9	8.74487511029e-09	2.10231368196e-09	1.08471887923e-08

Measurement: t_ro84
  step	t_ro84	FROM	TO
     1	6.04112338556e-09	1.44271158658e-09	7.48383497213e-09
     2	5.11318406138e-09	1.22047506815e-09	6.33365912954e-09
     3	4.50998356371e-09	1.07590722568e-09	5.58589078939e-09
     4	8.34827964933e-09	1.99469010906e-09	1.03429697584e-08
     5	6.97337754353e-09	1.66441481391e-09	8.63779235744e-09
     6	6.09485028429e-09	1.45395318723e-09	7.54880347153e-09
     7	1.19987554421e-08	2.86583057988e-09	1.4864586022e-08
     8	9.94663092154e-09	2.37341915442e-09	1.2320050076e-08
     9	8.64014930403e-09	2.06071368562e-09	1.07008629897e-08

Measurement: t_ro85
  step	t_ro85	FROM	TO
     1	5.76042059053e-09	1.3785697795e-09	7.13899037003e-09
     2	4.92906766794e-09	1.17859181582e-09	6.10765948376e-09
     3	4.37766658789e-09	1.04646164971e-09	5.42412823761e-09
     4	7.87663288111e-09	1.88484359595e-09	9.76147647706e-09
     5	6.65270966274e-09	1.59057795568e-09	8.24328761841e-09
     6	5.85972769379e-09	1.40045352231e-09	7.2601812161e-09
     7	1.12095707186e-08	2.6818705317e-09	1.38914412503e-08
     8	9.40093500165e-09	2.24725520127e-09	1.16481902029e-08
     9	8.23279563088e-09	1.96718593898e-09	1.01999815699e-08

Measurement: t_ro86
  step	t_ro86	FROM	TO
     1	5.73280508387e-09	1.37495231372e-09	7.10775739759e-09
     2	4.89939899202e-09	1.17363089154e-09	6.07302988356e-09
     3	4.35295172393e-09	1.04257594098e-09	5.39552766492e-09
     4	7.84280658423e-09	1.88022866474e-09	9.72303524897e-09
     5	6.62187784919e-09	1.58627860723e-09	8.20815645642e-09
     6	5.83415056218e-09	1.39710685402e-09	7.2312574162e-09
     7	1.11716837039e-08	2.67790044381e-09	1.38495841477e-08
     8	9.36307831878e-09	2.24271032338e-09	1.16057886422e-08
     9	8.19991136939e-09	1.96332739693e-09	1.01632387663e-08

Measurement: t_ro87
  step	t_ro87	FROM	TO
     1	6.10814737868e-09	1.46408058953e-09	7.57222796821e-09
     2	5.16241289028e-09	1.23616365389e-09	6.39857654416e-09
     3	4.54797029165e-09	1.08850082302e-09	5.63647111466e-09
     4	8.48717802421e-09	2.03446573276e-09	1.0521643757e-08
     5	7.06710209834e-09	1.69218948748e-09	8.75929158582e-09
     6	6.1659549052e-09	1.47574343579e-09	7.64169834099e-09
     7	1.22154372546e-08	2.92786323821e-09	1.51433004928e-08
     8	1.00937527988e-08	2.41687548854e-09	1.25106282874e-08
     9	8.75118570648e-09	2.09437005553e-09	1.0845555762e-08

Measurement: t_ro88
  step	t_ro88	FROM	TO
     1	6.00396728339e-09	1.44459888307e-09	7.44856616646e-09
     2	5.0779889042e-09	1.22015064434e-09	6.29813954855e-09
     3	4.48027178646e-09	1.07598102824e-09	5.5562528147e-09
     4	8.34785888755e-09	2.01022466617e-09	1.03580835537e-08
     5	6.94940507447e-09	1.67154410588e-09	8.62094918035e-09
     6	6.07155193133e-09	1.45838504153e-09	7.52993697286e-09
     7	1.20166072355e-08	2.89513679952e-09	1.49117440351e-08
     8	9.92003763936e-09	2.38770366482e-09	1.23077413042e-08
     9	8.60449312858e-09	2.06987403746e-09	1.0674367166e-08

Measurement: t_ro89
  step	t_ro89	FROM	TO
     1	5.90125471926e-09	1.41639758368e-09	7.31765230294e-09
     2	5.02607430646e-09	1.20461598166e-09	6.23069028812e-09
     3	4.44953500946e-09	1.06635250483e-09	5.51588751429e-09
     4	8.12928021901e-09	1.95149959824e-09	1.00807798173e-08
     5	6.83072970156e-09	1.6375115e-09	8.46824120156e-09
     6	5.99470892803e-09	1.43634349324e-09	7.43105242127e-09
     7	1.16286712973e-08	2.79128135932e-09	1.44199526566e-08
     8	9.70017202903e-09	2.32511610243e-09	1.20252881315e-08
     9	8.46244179141e-09	2.02740132809e-09	1.04898431195e-08

Measurement: t_ro90
  step	t_ro90	FROM	TO
     1	5.9074928407e-09	1.42201927793e-09	7.32951211863e-09
     2	5.02766944936e-09	1.2083048949e-09	6.23597434426e-09
     3	4.44689025577e-09	1.06776866199e-09	5.51465891777e-09
     4	8.17101592207e-09	1.96818530137e-09	1.01392012234e-08
     5	6.85203500944e-09	1.64810587915e-09	8.50014088859e-09
     6	6.00558808494e-09	1.44301658836e-09	7.4486046733e-09
     7	1.17193603858e-08	2.82387097052e-09	1.45432313563e-08
     8	9.7529648512e-09	2.34690638912e-09	1.20998712403e-08
     9	8.49497857834e-09	2.04227241353e-09	1.05372509919e-08

Measurement: t_ro91
  step	t_ro91	FROM	TO
     1	6.30355157571e-09	1.51984042416e-09	7.82339199988e-09
     2	5.27632164395e-09	1.27401525051e-09	6.55033689446e-09
     3	4.62723359664e-09	1.11419239147e-09	5.74142598811e-09
     4	8.86687756869e-09	2.14157009022e-09	1.10084476589e-08
     5	7.29988638582e-09	1.76169220076e-09	9.06157858658e-09
     6	6.32605609325e-09	1.52548209281e-09	7.85153818607e-09
     7	1.28753524947e-08	3.11317706985e-09	1.59885295646e-08
     8	1.0512109472e-08	2.53967260583e-09	1.30517820779e-08
     9	9.04784419054e-09	2.18430887993e-09	1.12321530705e-08

Measurement: t_ro92
  step	t_ro92	FROM	TO
     1	6.07004009489e-09	1.45257917066e-09	7.52261926555e-09
     2	5.13386115071e-09	1.22714256521e-09	6.36100371592e-09
     3	4.525547892e-09	1.0809866686e-09	5.60653456061e-09
     4	8.4443061923e-09	2.02042474296e-09	1.04647309353e-08
     5	7.03776754531e-09	1.68140959981e-09	8.71917714512e-09
     6	6.14245122731e-09	1.46713235006e-09	7.60958357738e-09
     7	1.21627552383e-08	2.90914708293e-09	1.50719023212e-08
     8	1.00551252828e-08	2.40240963676e-09	1.24575349196e-08
     9	8.72126218472e-09	2.08258886797e-09	1.08038510527e-08

Measurement: t_ro93
  step	t_ro93	FROM	TO
     1	5.87153719813e-09	1.4077220679e-09	7.27925926604e-09
     2	4.99933943802e-09	1.1965525703e-09	6.19589200831e-09
     3	4.42740149453e-09	1.05869473999e-09	5.48609623453e-09
     4	8.08322934572e-09	1.93779642302e-09	1.00210257687e-08
     5	6.79078632683e-09	1.62522174201e-09	8.41600806884e-09
     6	5.96038967116e-09	1.42506046607e-09	7.38545013723e-09
     7	1.15660741781e-08	2.77237472264e-09	1.43384489007e-08
     8	9.64398216524e-09	2.3079705794e-09	1.19519527446e-08
     9	8.41293983071e-09	2.01138932526e-09	1.0424329156e-08

Measurement: t_ro94
  step	t_ro94	FROM	TO
     1	5.61900942721e-09	1.34862225726e-09	6.96763168447e-09
     2	4.83106758308e-09	1.15808965192e-09	5.989157235e-09
     3	4.30341468824e-09	1.03112065289e-09	5.33453534113e-09
     4	7.63329009779e-09	1.83285860796e-09	9.46614870575e-09
     5	6.48370124395e-09	1.55495918638e-09	8.03866043033e-09
     6	5.73446393127e-09	1.37421775906e-09	7.10868169033e-09
     7	1.08046849625e-08	2.59467475541e-09	1.33993597179e-08
     8	9.11530595896e-09	2.18654384671e-09	1.13018498057e-08
     9	8.01705673441e-09	1.92164515223e-09	9.93870188664e-09

Measurement: t_ro95
  step	t_ro95	FROM	TO
     1	5.58989383255e-09	1.34608490827e-09	6.93597874083e-09
     2	4.81124872797e-09	1.15736733763e-09	5.9686160656e-09
     3	4.29022097343e-09	1.03156210449e-09	5.32178307791e-09
     4	7.59180733846e-09	1.82973552652e-09	9.42154286498e-09
     5	6.45644522893e-09	1.55387445875e-09	8.01031968768e-09
     6	5.71588358904e-09	1.37465807431e-09	7.09054166334e-09
     7	1.07326749391e-08	2.58764223805e-09	1.33203171772e-08
     8	9.06416979782e-09	2.18229929154e-09	1.12464690894e-08
     9	7.97969962656e-09	1.91991819734e-09	9.8996178239e-09

Measurement: t_ro96
  step	t_ro96	FROM	TO
     1	6.5942996002e-09	1.59250536373e-09	8.18680496393e-09
     2	5.48506241284e-09	1.31900447295e-09	6.80406688579e-09
     3	4.77879796926e-09	1.14708539208e-09	5.92588336134e-09
     4	9.38262572552e-09	2.26869137891e-09	1.16513171044e-08
     5	7.66263000992e-09	1.84472295345e-09	9.50735296337e-09
     6	6.59737508678e-09	1.58463278439e-09	8.18200787117e-09
     7	1.37427596441e-08	3.32309175104e-09	1.70658513951e-08
     8	1.11269451631e-08	2.6801473805e-09	1.38070925436e-08
     9	9.5127378211e-09	2.28629210906e-09	1.17990299302e-08

Measurement: t_ro97
  step	t_ro97	FROM	TO
     1	5.60032087592e-09	1.33929787362e-09	6.93961874955e-09
     2	4.82278302705e-09	1.15240056967e-09	5.97518359671e-09
     3	4.30050061185e-09	1.02706809958e-09	5.32756871143e-09
     4	7.58484296409e-09	1.81368745596e-09	9.39853042005e-09
     5	6.45410409184e-09	1.54167110138e-09	7.99577519322e-09
     6	5.7154192084e-09	1.36454074713e-09	7.07995995553e-09
     7	1.07117559919e-08	2.56095015963e-09	1.32727061516e-08
     8	9.05512097302e-09	2.16256336164e-09	1.12176843347e-08
     9	7.97622475758e-09	1.90391884555e-09	9.88014360313e-09

Measurement: t_ro98
  step	t_ro98	FROM	TO
     1	5.70028175585e-09	1.36889921141e-09	7.06918096726e-09
     2	4.8882365955e-09	1.17148277806e-09	6.05971937357e-09
     3	4.35009050899e-09	1.04165736645e-09	5.39174787544e-09
     4	7.7700625506e-09	1.86816760419e-09	9.63823015478e-09
     5	6.58452503843e-09	1.57945745722e-09	8.16398249564e-09
     6	5.81528370835e-09	1.39277283282e-09	7.20805654118e-09
     7	1.10249719505e-08	2.65312496555e-09	1.36780969161e-08
     8	9.27882386957e-09	2.22761469406e-09	1.15064385636e-08
     9	8.14991104675e-09	1.95327976674e-09	1.01031908135e-08

Measurement: t_ro99
  step	t_ro99	FROM	TO
     1	5.96824736264e-09	1.44538845008e-09	7.41363581272e-09
     2	5.06975173747e-09	1.22216317088e-09	6.29191490835e-09
     3	4.48114810448e-09	1.0783361694e-09	5.55948427388e-09
     4	8.25102776316e-09	2.00178147558e-09	1.02528092387e-08
     5	6.91049345482e-09	1.66859263134e-09	8.57908608616e-09
     6	6.0526835157e-09	1.45836542964e-09	7.51104894534e-09
     7	1.18352399518e-08	2.87268946997e-09	1.47079294217e-08
     8	9.83613966625e-09	2.37727262776e-09	1.2213412294e-08
     9	8.56131562002e-09	2.06473629496e-09	1.0626051915e-08

Measurement: t_ro100
  step	t_ro100	FROM	TO
     1	5.65364372205e-09	1.35798483085e-09	7.01162855291e-09
     2	4.85200700031e-09	1.16448244167e-09	6.01648944198e-09
     3	4.32158967925e-09	1.03661314003e-09	5.35820281928e-09
     4	7.69883421281e-09	1.85009717666e-09	9.54893138947e-09
     5	6.52868078404e-09	1.56737633027e-09	8.09605711431e-09
     6	5.7682009361e-09	1.38395775043e-09	7.15215868653e-09
     7	1.09240938872e-08	2.62549036224e-09	1.35495842494e-08
     8	9.19893800785e-09	2.20890882146e-09	1.14078468293e-08
     9	8.08229816618e-09	1.93960085057e-09	1.00218990168e-08

Measurement: t_ro101
  step	t_ro101	FROM	TO
     1	6.11728959225e-09	1.46345945414e-09	7.58074904639e-09
     2	5.16268862676e-09	1.23342875093e-09	6.39611737769e-09
     3	4.54609760985e-09	1.08540362241e-09	5.63150123225e-09
     4	8.50861205805e-09	2.03522222986e-09	1.05438342879e-08
     5	7.07362357912e-09	1.68977790515e-09	8.76340148426e-09
     6	6.16619386984e-09	1.47188957703e-09	7.63808344687e-09
     7	1.22635890835e-08	2.9317599687e-09	1.51953490522e-08
     8	1.01143435357e-08	2.415284899e-09	1.25296284347e-08
     9	8.76012715726e-09	2.09034875773e-09	1.0850475915e-08

Measurement: t_ro102
  step	t_ro102	FROM	TO
     1	6.33533552961e-09	1.52253533522e-09	7.85787086483e-09
     2	5.31533408273e-09	1.27539456099e-09	6.59072864373e-09
     3	4.65729543743e-09	1.11791320775e-09	5.77520864518e-09
     4	8.9005110957e-09	2.13997885983e-09	1.10404899555e-08
     5	7.34713201479e-09	1.7645453279e-09	9.11167734269e-09
     6	6.36855187791e-09	1.52870746698e-09	7.89725934489e-09
     7	1.29312482879e-08	3.10958603388e-09	1.60408343218e-08
     8	1.05872973259e-08	2.5435877715e-09	1.31308850974e-08
     9	9.11734267126e-09	2.18906204332e-09	1.13064047146e-08

Measurement: t_ro103
  step	t_ro103	FROM	TO
     1	5.54874363981e-09	1.32935047625e-09	6.87809411607e-09
     2	4.78586903953e-09	1.14494709216e-09	5.93081613168e-09
     3	4.27477217876e-09	1.02181649364e-09	5.29658867241e-09
     4	7.50025908857e-09	1.79761710923e-09	9.2978761978e-09
     5	6.40027670368e-09	1.53170728064e-09	7.93198398432e-09
     6	5.6787238099e-09	1.35730558733e-09	7.03602939723e-09
     7	1.05799059306e-08	2.53550908366e-09	1.31154150143e-08
     8	8.97146496852e-09	2.14634784436e-09	1.11178128129e-08
     9	7.91635994337e-09	1.89207761047e-09	9.80843755384e-09

Measurement: t_ro104
  step	t_ro104	FROM	TO
     1	5.76210738774e-09	1.38506695416e-09	7.1471743419e-09
     2	4.92684611959e-09	1.18379988758e-09	6.11064600717e-09
     3	4.37369485859e-09	1.05107637419e-09	5.42477123278e-09
     4	7.89849467189e-09	1.90019223422e-09	9.79868690611e-09
     5	6.65977008801e-09	1.60140566724e-09	8.26117575525e-09
     6	5.863251538e-09	1.40963465166e-09	7.27288618965e-09
     7	1.12500566974e-08	2.70791910755e-09	1.3957975805e-08
     8	9.41668214877e-09	2.26557365414e-09	1.16822558029e-08
     9	8.24132540799e-09	1.98244280441e-09	1.02237682124e-08

Measurement: t_ro105
  step	t_ro105	FROM	TO
     1	5.73099841211e-09	1.37225203276e-09	7.10325044487e-09
     2	4.89190841959e-09	1.17046504231e-09	6.0623734619e-09
     3	4.34723179021e-09	1.04038597929e-09	5.3876177695e-09
     4	7.84251683687e-09	1.87714280454e-09	9.71965964142e-09
     5	6.61154611075e-09	1.58156944779e-09	8.19311555854e-09
     6	5.82512669714e-09	1.3932042763e-09	7.21833097344e-09
     7	1.11499502047e-08	2.66759924052e-09	1.38175494452e-08
     8	9.33062914144e-09	2.23091919162e-09	1.15615483331e-08
     9	8.17275751094e-09	1.95355492385e-09	1.01263124348e-08

Measurement: t_ro106
  step	t_ro106	FROM	TO
     1	6.00137863959e-09	1.43748532793e-09	7.43886396752e-09
     2	5.09287514826e-09	1.21675311817e-09	6.30962826643e-09
     3	4.49707085715e-09	1.07335224696e-09	5.57042310411e-09
     4	8.31563981578e-09	1.99143583299e-09	1.03070756488e-08
     5	6.95429976317e-09	1.66160504755e-09	8.61590481073e-09
     6	6.08428086236e-09	1.4520495625e-09	7.53633042487e-09
     7	1.19546188442e-08	2.86152761524e-09	1.48161464594e-08
     8	9.9203956212e-09	2.36967159876e-09	1.229006722e-08
     9	8.62468657449e-09	2.05777016494e-09	1.06824567394e-08

Measurement: t_ro107
  step	t_ro107	FROM	TO
     1	5.59789693229e-09	1.34129842521e-09	6.9391953575e-09
     2	4.82053098574e-09	1.15328692378e-09	5.97381790953e-09
     3	4.29891162531e-09	1.02714906928e-09	5.32606069459e-09
     4	7.59538332821e-09	1.82019167465e-09	9.41557500287e-09
     5	6.46504168712e-09	1.54654957692e-09	8.01159126404e-09
     6	5.72462398157e-09	1.36801752418e-09	7.09264150576e-09
     7	1.07370404312e-08	2.5724812748e-09	1.3309521706e-08
     8	9.07807892078e-09	2.17154162803e-09	1.12496205488e-08
     9	7.99538385966e-09	1.91031589526e-09	9.90569975492e-09

Measurement: t_ro108
  step	t_ro108	FROM	TO
     1	5.54245959482e-09	1.32720776859e-09	6.86966736341e-09
     2	4.77810140238e-09	1.1432937434e-09	5.92139514577e-09
     3	4.26725390339e-09	1.0203580322e-09	5.28761193558e-09
     4	7.49770679923e-09	1.79539425543e-09	9.29310105466e-09
     5	6.3925478316e-09	1.52911433105e-09	7.92166216265e-09
     6	5.66928096766e-09	1.3553513459e-09	7.02463231356e-09
     7	1.05763726098e-08	2.53222637778e-09	1.31085989876e-08
     8	8.95809422033e-09	2.14236184503e-09	1.11004560654e-08
     9	7.90187072335e-09	1.88865436659e-09	9.79052508994e-09

Measurement: t_ro109
  step	t_ro109	FROM	TO
     1	5.61850743601e-09	1.34980408243e-09	6.96831151845e-09
     2	4.83303947139e-09	1.1594647517e-09	5.99250422309e-09
     3	4.30631607646e-09	1.03279643853e-09	5.33911251499e-09
     4	7.64127608644e-09	1.83658810024e-09	9.47786418668e-09
     5	6.49430713317e-09	1.55903373161e-09	8.05334086478e-09
     6	5.74511864555e-09	1.37797964326e-09	7.12309828881e-09
     7	1.08178913791e-08	2.60069338919e-09	1.34185847683e-08
     8	9.13212742194e-09	2.19308269442e-09	1.13252101164e-08
     9	8.0341328353e-09	1.92786145948e-09	9.96199429478e-09

Measurement: t_ro110
  step	t_ro110	FROM	TO
     1	6.00819075214e-09	1.44041771713e-09	7.44860846926e-09
     2	5.09797122726e-09	1.21987421357e-09	6.31784544083e-09
     3	4.50025068172e-09	1.07645971295e-09	5.57671039468e-09
     4	8.32645541602e-09	1.99653913561e-09	1.03229945516e-08
     5	6.96321336123e-09	1.666890723e-09	8.63010408424e-09
     6	6.09069111903e-09	1.45668217419e-09	7.54737329322e-09
     7	1.19653932223e-08	2.86845554673e-09	1.4833848769e-08
     8	9.93083969869e-09	2.37704584818e-09	1.23078855469e-08
     9	8.63318560922e-09	2.06458704473e-09	1.0697772654e-08

Measurement: t_ro111
  step	t_ro111	FROM	TO
     1	6.26999396599e-09	1.50559882476e-09	7.77559279075e-09
     2	5.26675703362e-09	1.2650898907e-09	6.53184692433e-09
     3	4.62642743197e-09	1.1096322182e-09	5.73605965017e-09
     4	8.75897088465e-09	2.10360782239e-09	1.0862578707e-08
     5	7.24969764131e-09	1.73975539702e-09	8.98945303833e-09
     6	6.29708713354e-09	1.51035220312e-09	7.80743933666e-09
     7	1.26723341401e-08	3.04355960769e-09	1.57158937478e-08
     8	1.04069311592e-08	2.49766619045e-09	1.29045973496e-08
     9	8.98147656346e-09	2.15453285683e-09	1.11360094203e-08

Measurement: t_ro112
  step	t_ro112	FROM	TO
     1	5.55347427648e-09	1.33109919702e-09	6.88457347351e-09
     2	4.78438675488e-09	1.14509528538e-09	5.92948204026e-09
     3	4.26991781601e-09	1.02126844599e-09	5.291186262e-09
     4	7.5379552368e-09	1.80734224916e-09	9.34529748596e-09
     5	6.4206104566e-09	1.53710443131e-09	7.95771488791e-09
     6	5.68982231232e-09	1.36087455869e-09	7.05069687102e-09
     7	1.0653952364e-08	2.55453442106e-09	1.3208486785e-08
     8	9.01378990731e-09	2.15805283547e-09	1.11718427428e-08
     9	7.94403070709e-09	1.90022237415e-09	9.84425308124e-09

Measurement: t_ro113
  step	t_ro113	FROM	TO
     1	5.84784108857e-09	1.40317673801e-09	7.25101782658e-09
     2	4.98587671863e-09	1.19461283949e-09	6.18048955812e-09
     3	4.41707922876e-09	1.05731251734e-09	5.47439174611e-09
     4	8.0507963313e-09	1.9325290057e-09	9.983325337e-09
     5	6.77282431869e-09	1.62342904529e-09	8.39625336397e-09
     6	5.94905667771e-09	1.42449376172e-09	7.37355043943e-09
     7	1.15131775002e-08	2.76378476759e-09	1.42769622678e-08
     8	9.61522555533e-09	2.30510256602e-09	1.19203281214e-08
     9	8.39533686961e-09	2.01068955186e-09	1.04060264215e-08

Measurement: t_ro114
  step	t_ro114	FROM	TO
     1	5.85413045335e-09	1.40729035597e-09	7.26142080932e-09
     2	4.99367789605e-09	1.19911831249e-09	6.19279620854e-09
     3	4.42611474091e-09	1.06242900624e-09	5.48854374715e-09
     4	8.03909301061e-09	1.93375833588e-09	9.97285134649e-09
     5	6.77051738073e-09	1.62642419214e-09	8.39694157288e-09
     6	5.95070235867e-09	1.42858779564e-09	7.37929015431e-09
     7	1.14803585527e-08	2.76200756314e-09	1.42423661159e-08
     8	9.59985178722e-09	2.3065304969e-09	1.19063822841e-08
     9	8.38835345391e-09	2.01420648273e-09	1.04025599366e-08

Measurement: t_ro115
  step	t_ro115	FROM	TO
     1	6.02244637039e-09	1.44562061017e-09	7.46806698056e-09
     2	5.1072612085e-09	1.22382564599e-09	6.33108685449e-09
     3	4.50766163882e-09	1.07874810187e-09	5.58640974069e-09
     4	8.32012583991e-09	1.99872405508e-09	1.0318849895e-08
     5	6.95564104204e-09	1.66699177988e-09	8.62263282192e-09
     6	6.08376873664e-09	1.45586885387e-09	7.53963759052e-09
     7	1.19484900352e-08	2.86950950895e-09	1.48179995441e-08
     8	9.91196862651e-09	2.37588720574e-09	1.22878558323e-08
     9	8.61714342414e-09	2.06238968947e-09	1.06795331136e-08

Measurement: t_ro116
  step	t_ro116	FROM	TO
     1	5.89190167275e-09	1.41176265409e-09	7.30366432685e-09
     2	5.01804827666e-09	1.20120187241e-09	6.21925014907e-09
     3	4.44369823023e-09	1.06330362791e-09	5.50700185814e-09
     4	8.06833892711e-09	1.93453003464e-09	1.00028689618e-08
     5	6.78706336325e-09	1.62496728387e-09	8.41203064712e-09
     6	5.96077416444e-09	1.42593826016e-09	7.3867124246e-09
     7	1.15024971244e-08	2.75776344672e-09	1.42602605711e-08
     8	9.60760008983e-09	2.30029158454e-09	1.19078916744e-08
     9	8.38951541109e-09	2.00688191614e-09	1.03963973272e-08

Measurement: t_ro117
  step	t_ro117	FROM	TO
     1	5.77549291615e-09	1.38134203583e-09	7.15683495198e-09
     2	4.94162987645e-09	1.18134046162e-09	6.12297033806e-09
     3	4.38799554152e-09	1.04813413017e-09	5.43612967169e-09
     4	7.89306017601e-09	1.88774200299e-09	9.780802179e-09
     5	6.66967003684e-09	1.59383864192e-09	8.26350867875e-09
     6	5.87451881609e-09	1.40308906802e-09	7.27760788411e-09
     7	1.12351113239e-08	2.6864362607e-09	1.39215475846e-08
     8	9.42756103224e-09	2.25251135767e-09	1.16800723899e-08
     9	8.25623162904e-09	1.97163671661e-09	1.02278683457e-08

Measurement: t_ro118
  step	t_ro118	FROM	TO
     1	6.00242089349e-09	1.45076270422e-09	7.45318359771e-09
     2	5.08124317911e-09	1.22548590012e-09	6.30672907923e-09
     3	4.48395015394e-09	1.0800069271e-09	5.56395708104e-09
     4	8.3468309031e-09	2.01932316734e-09	1.03661540704e-08
     5	6.9584344449e-09	1.68025001879e-09	8.6386844637e-09
     6	6.07827462513e-09	1.46563335185e-09	7.54390797698e-09
     7	1.20086152418e-08	2.90627102728e-09	1.49148862691e-08
     8	9.92991689644e-09	2.39922386399e-09	1.23291407604e-08
     9	8.61845452627e-09	2.07995198029e-09	1.06984065066e-08

Measurement: t_ro119
  step	t_ro119	FROM	TO
     1	6.28040788373e-09	1.50922014877e-09	7.7896280325e-09
     2	5.27940683082e-09	1.26602659885e-09	6.54543342967e-09
     3	4.6328692381e-09	1.10940194498e-09	5.74227118309e-09
     4	8.81440187884e-09	2.11874481322e-09	1.09331466921e-08
     5	7.2945429538e-09	1.7499392676e-09	9.04448222141e-09
     6	6.3341621611e-09	1.51725081077e-09	7.85141297187e-09
     7	1.27936617433e-08	3.07516584821e-09	1.58688275915e-08
     8	1.05037159922e-08	2.52021075841e-09	1.30239267506e-08
     9	9.06099174075e-09	2.17111790471e-09	1.12321096455e-08

Measurement: t_ro120
  step	t_ro120	FROM	TO
     1	6.21010097428e-09	1.49064618089e-09	7.70074715517e-09
     2	5.22452438552e-09	1.25289422749e-09	6.47741861301e-09
     3	4.59251478458e-09	1.10036957238e-09	5.69288435696e-09
     4	8.63578450871e-09	2.07554521646e-09	1.07113297252e-08
     5	7.16636992429e-09	1.71959650561e-09	8.88596642991e-09
     6	6.23596143825e-09	1.49487498457e-09	7.73083642282e-09
     7	1.24677847399e-08	2.99716219019e-09	1.54649469301e-08
     8	1.02676083397e-08	2.46426960088e-09	1.27318779406e-08
     9	8.87931949493e-09	2.12870732984e-09	1.10080268248e-08

Measurement: t_ro121
  step	t_ro121	FROM	TO
     1	6.34574689664e-09	1.52805298698e-09	7.87379988362e-09
     2	5.32497351152e-09	1.27804828421e-09	6.60302179572e-09
     3	4.6670497024e-09	1.11828055594e-09	5.78533025834e-09
     4	8.90681101003e-09	2.14561661131e-09	1.10524276213e-08
     5	7.3599406001e-09	1.76719948742e-09	9.12714008751e-09
     6	6.37971311275e-09	1.5300736297e-09	7.90978674245e-09
     7	1.29288131219e-08	3.11472469379e-09	1.60435378157e-08
     8	1.05910457254e-08	2.54517672863e-09	1.3136222454e-08
     9	9.12467120948e-09	2.18932004725e-09	1.13139912567e-08

Measurement: t_ro122
  step	t_ro122	FROM	TO
     1	6.12388541179e-09	1.47211140792e-09	7.59599681972e-09
     2	5.17278965018e-09	1.24269866235e-09	6.41548831253e-09
     3	4.55572950147e-09	1.09413362557e-09	5.64986312704e-09
     4	8.52787689334e-09	2.05130637851e-09	1.05791832718e-08
     5	7.09675654726e-09	1.70590121542e-09	8.80265776268e-09
     6	6.18735833934e-09	1.48685693002e-09	7.67421526937e-09
     7	1.2315856393e-08	2.96350488223e-09	1.52793612752e-08
     8	1.01681853757e-08	2.44540767189e-09	1.26135930476e-08
     9	8.80772413824e-09	2.11785843539e-09	1.09255825736e-08

Measurement: t_ro123
  step	t_ro123	FROM	TO
     1	6.33961762555e-09	1.52817523866e-09	7.86779286421e-09
     2	5.30824991905e-09	1.27706250871e-09	6.58531242776e-09
     3	4.64936399068e-09	1.11829490183e-09	5.76765889251e-09
     4	8.90913440731e-09	2.1502583739e-09	1.10593927812e-08
     5	7.34043243657e-09	1.76881290731e-09	9.10924534388e-09
     6	6.35813829261e-09	1.53051388264e-09	7.88865217525e-09
     7	1.29377984909e-08	3.12534146353e-09	1.60631399544e-08
     8	1.05690577764e-08	2.54895594239e-09	1.31180137188e-08
     9	9.0948496486e-09	2.19161079696e-09	1.12864604456e-08

Measurement: t_ro124
  step	t_ro124	FROM	TO
     1	6.04101693042e-09	1.45085951685e-09	7.49187644727e-09
     2	5.09465334512e-09	1.22246573256e-09	6.31711907768e-09
     3	4.48943202193e-09	1.07685631941e-09	5.56628834134e-09
     4	8.39949462334e-09	2.01817246653e-09	1.04176670899e-08
     5	6.97348803571e-09	1.67413593347e-09	8.64762396918e-09
     6	6.08134635286e-09	1.45919375072e-09	7.54054010358e-09
     7	1.20877727523e-08	2.90498340158e-09	1.49927561539e-08
     8	9.9530870564e-09	2.39018855568e-09	1.23432756121e-08
     9	8.62262725149e-09	2.06977859732e-09	1.06924058488e-08

Measurement: t_ro125
  step	t_ro125	FROM	TO
     1	5.89155935121e-09	1.42169384213e-09	7.31325319334e-09
     2	5.00902995964e-09	1.2079801682e-09	6.21701012783e-09
     3	4.43433648242e-09	1.06840481101e-09	5.50274129343e-09
     4	8.1058717002e-09	1.95975580217e-09	1.00656275024e-08
     5	6.80475333232e-09	1.64231578447e-09	8.44706911679e-09
     6	5.96953377747e-09	1.43943464404e-09	7.40896842151e-09
     7	1.15958653203e-08	2.8051848124e-09	1.44010501327e-08
     8	9.66115036876e-09	2.33324346911e-09	1.19943938379e-08
     9	8.42368150971e-09	2.03250987651e-09	1.04561913862e-08

Measurement: t_ro126
  step	t_ro126	FROM	TO
     1	5.9920851402e-09	1.43365919658e-09	7.42574433678e-09
     2	5.0817053803e-09	1.21459271575e-09	6.29629809605e-09
     3	4.48579560473e-09	1.07193649117e-09	5.55773209591e-09
     4	8.30543063611e-09	1.98679457952e-09	1.02922252156e-08
     5	6.93838448649e-09	1.65880911315e-09	8.59719359964e-09
     6	6.0688153178e-09	1.4500791398e-09	7.5188944576e-09
     7	1.1929923326e-08	2.85287453192e-09	1.47827978579e-08
     8	9.88862985247e-09	2.36374160478e-09	1.22523714572e-08
     9	8.59440966322e-09	2.05345334855e-09	1.06478630118e-08

Measurement: t_ro127
  step	t_ro127	FROM	TO
     1	5.94162904397e-09	1.42447306259e-09	7.36610210655e-09
     2	5.05500614759e-09	1.21013239165e-09	6.26513853925e-09
     3	4.47069338168e-09	1.06993853991e-09	5.54063192159e-09
     4	8.18394060291e-09	1.96185464089e-09	1.01457952438e-08
     5	6.8703296826e-09	1.64495833812e-09	8.51528802073e-09
     6	6.02447115315e-09	1.44136102874e-09	7.46583218189e-09
     7	1.17161742984e-08	2.80811207437e-09	1.45242863728e-08
     8	9.76584523896e-09	2.33796503664e-09	1.21038102756e-08
     9	8.51325001446e-09	2.03654912058e-09	1.0549799135e-08

Measurement: freq_ro0
  step	{80/t_ro0}
     1	13332043032.1
     2	15713029971.5
     3	17795154137.8
     4	9635872125.14
     5	11519243894.5
     6	13170730852.4
     7	6705953716
     8	8078173943.89
     9	9291735553.41

Measurement: freq_ro1
  step	{80/t_ro1}
     1	13104987014.9
     2	15498665636.4
     3	17591774936.4
     4	9440682101.15
     5	11325381584.9
     6	12978800740.9
     7	6554535916.6
     8	7921767976.18
     9	9134625762.33

Measurement: freq_ro2
  step	{80/t_ro2}
     1	14101284327.5
     2	16443722943.8
     3	18478342932
     4	10348954246.5
     5	12212953144.5
     6	13834064110.4
     7	7289460522.32
     8	8664627151.73
     9	9870450171.7

Measurement: freq_ro3
  step	{80/t_ro3}
     1	13702154870.5
     2	16092720494.3
     3	18165065827.7
     4	9956802695.29
     5	11857033876.1
     6	13504651029.3
     7	6964463069.97
     8	8356539480.94
     9	9576473205.82

Measurement: freq_ro4
  step	{80/t_ro4}
     1	13275526881.3
     2	15649035602
     3	17730698237.6
     4	9606911229.94
     5	11477693229.7
     6	13119441674
     7	6689788067.2
     8	8052427564.11
     9	9259548200.14

Measurement: freq_ro5
  step	{80/t_ro5}
     1	14163393461.4
     2	16500620192.5
     3	18531904819.4
     4	10408953700.6
     5	12273420596.2
     6	13891621174.2
     7	7345577254.08
     8	8723618986.6
     9	9929706973.05

Measurement: freq_ro6
  step	{80/t_ro6}
     1	12990591114.9
     2	15399490564
     3	17506456822.9
     4	9320647666.96
     5	11215337270.9
     6	12874134201.8
     7	6453693253
     8	7825123217.42
     9	9039644087.71

Measurement: freq_ro7
  step	{80/t_ro7}
     1	12959947487.3
     2	15382936350.5
     3	17498017834.8
     4	9287259437.71
     5	11195502139.1
     6	12867744954.6
     7	6422983016.36
     8	7804349447.79
     9	9028084399.26

Measurement: freq_ro8
  step	{80/t_ro8}
     1	13694916377.7
     2	16045155880.1
     3	18104599315.7
     4	10000003301.5
     5	11865455535.7
     6	13492080909.2
     7	7017115569.78
     8	8385444473.46
     9	9590417704.19

Measurement: freq_ro9
  step	{80/t_ro9}
     1	12658728762.3
     2	15061224589.7
     3	17173366887.2
     4	9035450350.55
     5	10916585420.5
     6	12575342601.2
     7	6231780890.95
     8	7587597367.13
     9	8796440821.22

Measurement: freq_ro10
  step	{80/t_ro10}
     1	11871221746.7
     2	14382318149.7
     3	16556784704.7
     4	8260346299.69
     5	10213994996.9
     6	11926787242.6
     7	5602891115.47
     8	6997323828.62
     9	8234854366

Measurement: freq_ro11
  step	{80/t_ro11}
     1	13577770298.4
     2	15964386359.9
     3	18029580377.5
     4	9865527343.19
     5	11752340358.8
     6	13393406070.3
     7	6893247886.21
     8	8274933507.61
     9	9488395776.4

Measurement: freq_ro12
  step	{80/t_ro12}
     1	13220826578.4
     2	15657281582
     3	17760898506.9
     4	9502691833.91
     5	11435092117.7
     6	13107008319.9
     7	6600194391.01
     8	8012428077.51
     9	9247171091.08

Measurement: freq_ro13
  step	{80/t_ro13}
     1	13455199215.2
     2	15825863854
     3	17896356474.8
     4	9747572561.58
     5	11627977994.2
     6	13264562139.2
     7	6801592863.1
     8	8172706326.15
     9	9382192920.34

Measurement: freq_ro14
  step	{80/t_ro14}
     1	13614057725
     2	15967688165
     3	18018332619.2
     4	9923966007.38
     5	11784660312.3
     6	13412963448.5
     7	6948069087.21
     8	8309507254.27
     9	9512462812.73

Measurement: freq_ro15
  step	{80/t_ro15}
     1	13074672401.3
     2	15489016833.3
     3	17587371832
     4	9375929533.73
     5	11279329020.4
     6	12939756644.4
     7	6496257033.09
     8	7878012147.91
     9	9097244353.82

Measurement: freq_ro16
  step	{80/t_ro16}
     1	13331811027.4
     2	15708223820.5
     3	17787535578.8
     4	9625118060.29
     5	11505704675.3
     6	13150942116.7
     7	6697169394.97
     8	8067577203.82
     9	9278522441.59

Measurement: freq_ro17
  step	{80/t_ro17}
     1	13294502117.7
     2	15711958057.3
     3	17809665284.1
     4	9556906643.82
     5	11471909678.3
     6	13135835313.8
     7	6637495819.83
     8	8032324626.35
     9	9257718652.95

Measurement: freq_ro18
  step	{80/t_ro18}
     1	13339020265.7
     2	15706614111.6
     3	17781389596.4
     4	9671030791.97
     5	11542559463.1
     6	13176121659.7
     7	6747607381.67
     8	8111846706.63
     9	9318408981.18

Measurement: freq_ro19
  step	{80/t_ro19}
     1	13641046341.1
     2	16011674629.5
     3	18077664572
     4	9907630346.03
     5	11784345408
     6	13420919753.2
     7	6927077530.99
     8	8301138065.88
     9	9511194711.04

Measurement: freq_ro20
  step	{80/t_ro20}
     1	12802076983
     2	15200710927.3
     3	17328890699.2
     4	9180171276.16
     5	11079665865.3
     6	12746217336.4
     7	6352452604.95
     8	7726610966.8
     9	8946196837.75

Measurement: freq_ro21
  step	{80/t_ro21}
     1	13635518812.1
     2	16044996745.1
     3	18123375854.4
     4	9879415539.89
     5	11790733466.9
     6	13446230155.4
     7	6899857394.94
     8	8299428883
     9	9524919011.08

Measurement: freq_ro22
  step	{80/t_ro22}
     1	13174594177.2
     2	15572508060.6
     3	17670891072.6
     4	9483654528.67
     5	11377003236
     6	13036033513.2
     7	6583365533.23
     8	7959389099.16
     9	9177438920.82

Measurement: freq_ro23
  step	{80/t_ro23}
     1	13790520405.8
     2	16122472153.2
     3	18177333524.8
     4	10103212730.4
     5	11963610868.7
     6	13587353495.5
     7	7103894471
     8	8471959495.09
     9	9677115268.55

Measurement: freq_ro24
  step	{80/t_ro24}
     1	13954920414.9
     2	16306481921.6
     3	18350738259.9
     4	10177472391.4
     5	12052125764.2
     6	13677476191.1
     7	7144680742.34
     8	8522822377.83
     9	9729483253.02

Measurement: freq_ro25
  step	{80/t_ro25}
     1	14116839458.5
     2	16468656422.8
     3	18504901482.8
     4	10339627443.5
     5	12215614016.7
     6	13838518760.2
     7	7282585128.51
     8	8667039176.83
     9	9875515903.99

Measurement: freq_ro26
  step	{80/t_ro26}
     1	13578040218.3
     2	15996908418.6
     3	18075887149.3
     4	9843323315.12
     5	11740998660.4
     6	13391384428
     7	6870540073.29
     8	8257871577.96
     9	9477628049.93

Measurement: freq_ro27
  step	{80/t_ro27}
     1	12410837497.1
     2	14833915966.9
     3	16962898048.2
     4	8815814648.13
     5	10709640333.2
     6	12381422987.4
     7	6055043088.24
     8	7414325519.45
     9	8628004312.21

Measurement: freq_ro28
  step	{80/t_ro28}
     1	13237424944.5
     2	15614371486.5
     3	17696077969.1
     4	9564001632.83
     5	11438448028.2
     6	13081641909.8
     7	6653865260.4
     8	8018415619.37
     9	9226817578.6

Measurement: freq_ro29
  step	{80/t_ro29}
     1	13220781078.8
     2	15609053626.6
     3	17687812143.6
     4	9539043089.47
     5	11434395329.7
     6	13086291125.8
     7	6646082837.39
     8	8026693197.88
     9	9243003860.18

Measurement: freq_ro30
  step	{80/t_ro30}
     1	13370761001
     2	15741662634.9
     3	17814057617.9
     4	9691954193.18
     5	11565172210.9
     6	13205418429.7
     7	6758151243.94
     8	8123172302.36
     9	9331409835.59

Measurement: freq_ro31
  step	{80/t_ro31}
     1	13642044016.8
     2	16041859956.8
     3	18109348649.7
     4	9908431499.99
     5	11813098627.1
     6	13460482537.8
     7	6937917847.96
     8	8335751949.06
     9	9557119082.06

Measurement: freq_ro32
  step	{80/t_ro32}
     1	12894106409.5
     2	15332324636.4
     3	17457504996.8
     4	9191017981.33
     5	11111071789.2
     6	12787893040.5
     7	6339317544.26
     8	7731007081.06
     9	8959009735.12

Measurement: freq_ro33
  step	{80/t_ro33}
     1	13328105848.6
     2	15701188875.9
     3	17772961586
     4	9632974579.28
     5	11499510626.5
     6	13136129009.1
     7	6705071086.91
     8	8063317903.31
     9	9267091183.34

Measurement: freq_ro34
  step	{80/t_ro34}
     1	14066009653.9
     2	16410237684
     3	18438930011
     4	10332949256.1
     5	12194877562.1
     6	13810613643.3
     7	7285179960.2
     8	8659817923.23
     9	9863505688.95

Measurement: freq_ro35
  step	{80/t_ro35}
     1	13220876253.2
     2	15611629865.5
     3	17713118423.6
     4	9529077270.92
     5	11428027839.5
     6	13088909646
     7	6621760891.66
     8	8003035232.29
     9	9224529777.73

Measurement: freq_ro36
  step	{80/t_ro36}
     1	14654292584.7
     2	16933203246.6
     3	18918469817.6
     4	10870726600.2
     5	12695511953.1
     6	14278157179.4
     7	7728111692.21
     8	9083192601.04
     9	10268534087.4

Measurement: freq_ro37
  step	{80/t_ro37}
     1	13498112493.5
     2	15863585226.1
     3	17932852611.2
     4	9795478733.51
     5	11671776504.4
     6	13311877158.7
     7	6841497769.13
     8	8212532029.29
     9	9423207559.24

Measurement: freq_ro38
  step	{80/t_ro38}
     1	12462249175.9
     2	14893543243
     3	17023140190.1
     4	8846032284.33
     5	10750169318.5
     6	12425141250.4
     7	6077561140.47
     8	7447787517.31
     9	8666895553.98

Measurement: freq_ro39
  step	{80/t_ro39}
     1	13195507519.7
     2	15577764971.1
     3	17666879971.3
     4	9505298110.85
     5	11389756144.5
     6	13039270751.5
     7	6606906400.58
     8	7976324443.78
     9	9188117732.78

Measurement: freq_ro40
  step	{80/t_ro40}
     1	13141431488
     2	15543654325.3
     3	17639613759.3
     4	9436258399.2
     5	11335369145.8
     6	12992270627.6
     7	6549691820.32
     8	7927979883.24
     9	9145363024.16

Measurement: freq_ro41
  step	{80/t_ro41}
     1	13216274893.1
     2	15594890430.9
     3	17685368845
     4	9516382628.66
     5	11403794021.9
     6	13056014093.8
     7	6611284817.69
     8	7984334171.3
     9	9198619849.93

Measurement: freq_ro42
  step	{80/t_ro42}
     1	13879192301.9
     2	16234523600.3
     3	18284055833.5
     4	10154126133.3
     5	12029296672.9
     6	13656767336.7
     7	7142418851.64
     8	8521325275.44
     9	9730081853.48

Measurement: freq_ro43
  step	{80/t_ro43}
     1	13086706746.8
     2	15492878120.2
     3	17592415208.7
     4	9377890263.45
     5	11274490855.8
     6	12932822684.4
     7	6494722222.81
     8	7870345816.33
     9	9086812330.9

Measurement: freq_ro44
  step	{80/t_ro44}
     1	13828037746.4
     2	16170856566
     3	18215497289
     4	10129048595.5
     5	11991778504.9
     6	13615617235.3
     7	7122014548.6
     8	8490224115.91
     9	9694416763.6

Measurement: freq_ro45
  step	{80/t_ro45}
     1	13172250083.3
     2	15555404204
     3	17648340828.2
     4	9493160633.14
     5	11378339070.8
     6	13031720895.2
     7	6595724378.22
     8	7965934712.22
     9	9180108996.72

Measurement: freq_ro46
  step	{80/t_ro46}
     1	13413019993
     2	15781137799.7
     3	17855289362.2
     4	9699715275.05
     5	11570294308.3
     6	13208145518.9
     7	6758641304.54
     8	8122250696.29
     9	9328812003.74

Measurement: freq_ro47
  step	{80/t_ro47}
     1	13294460650.6
     2	15665495234.2
     3	17746055159.8
     4	9623836908.54
     5	11501936796
     6	13146180670.5
     7	6706456856.06
     8	8075757532.48
     9	9286665688.5

Measurement: freq_ro48
  step	{80/t_ro48}
     1	12882251840
     2	15287627081.8
     3	17388055222
     4	9236801616.2
     5	11117952534.2
     6	12777827825.3
     7	6392192352.4
     8	7756505099.87
     9	8967720827.07

Measurement: freq_ro49
  step	{80/t_ro49}
     1	13856013732.3
     2	16194120513.4
     3	18236337936.8
     4	10145601394.6
     5	12003164640.2
     6	13624455852.1
     7	7129349447.53
     8	8492870949.92
     9	9694652851.03

Measurement: freq_ro50
  step	{80/t_ro50}
     1	12882261982.4
     2	15318931577.4
     3	17443476537.9
     4	9200967253.95
     5	11119974691.6
     6	12799496295.3
     7	6351936704.33
     8	7740085292.52
     9	8969136579.45

Measurement: freq_ro51
  step	{80/t_ro51}
     1	12898443039.5
     2	15314700171.4
     3	17422702847.4
     4	9222480619.46
     5	11121477931.2
     6	12787154316.5
     7	6368761018.3
     8	7742052880.36
     9	8959657726.03

Measurement: freq_ro52
  step	{80/t_ro52}
     1	13114865495.8
     2	15510398633.4
     3	17603313236.2
     4	9440424048.02
     5	11333521593.1
     6	12986018337.8
     7	6560015607.26
     8	7934492354.41
     9	9149297988.66

Measurement: freq_ro53
  step	{80/t_ro53}
     1	13368525444.3
     2	15767390626.6
     3	17859688463.5
     4	9638936975.59
     5	11539906184.9
     6	13196988621.2
     7	6700466530.53
     8	8085325001.42
     9	9306608106.64

Measurement: freq_ro54
  step	{80/t_ro54}
     1	12572701809.7
     2	15051807526.3
     3	17201625749.6
     4	8883783844.37
     5	10828194648.3
     6	12521899284.5
     7	6094379250.42
     8	7496011278.72
     9	8734112412.05

Measurement: freq_ro55
  step	{80/t_ro55}
     1	14615519316.8
     2	16906781240.2
     3	18897912788.4
     4	10859674141.4
     5	12694385843.2
     6	14288653277.5
     7	7725441635.56
     8	9090882509.47
     9	10283099266.9

Measurement: freq_ro56
  step	{80/t_ro56}
     1	12762643675.8
     2	15182871640
     3	17286813692.4
     4	9133842330.96
     5	11029761480.5
     6	12695803477.3
     7	6310817319.29
     8	7680598890.71
     9	8898161333.19

Measurement: freq_ro57
  step	{80/t_ro57}
     1	13238210063.2
     2	15623643277.8
     3	17710470850.9
     4	9553980217.5
     5	11441804446.4
     6	13090398033.3
     7	6649639791.97
     8	8025311790.3
     9	9239409227.59

Measurement: freq_ro58
  step	{80/t_ro58}
     1	13577981727.2
     2	15936183347.3
     3	18005049959.3
     4	9829564639.37
     5	11706756400.7
     6	13345704575.6
     7	6861674485.12
     8	8233753779.74
     9	9444068852.11

Measurement: freq_ro59
  step	{80/t_ro59}
     1	13009516350.7
     2	15421831981.8
     3	17525577590.5
     4	9339250545.01
     5	11243401629.4
     6	12906273491.8
     7	6475126876.45
     8	7858472922.35
     9	9080099885.8

Measurement: freq_ro60
  step	{80/t_ro60}
     1	13519895696.9
     2	15958736434.1
     3	18061799237.8
     4	9731553255.52
     5	11671027189.1
     6	13343949253.6
     7	6775819478.64
     8	8194545815.41
     9	9432108850.38

Measurement: freq_ro61
  step	{80/t_ro61}
     1	13410378667.6
     2	15811141160.5
     3	17897828441.8
     4	9693337198.46
     5	11603024775.7
     6	13257007201
     7	6755463832.63
     8	8149161272.13
     9	9370414369.81

Measurement: freq_ro62
  step	{80/t_ro62}
     1	13064165418.8
     2	15453245819.1
     3	17541481568.3
     4	9399077413.05
     5	11278598747.7
     6	12927618559.7
     7	6521119968.54
     8	7884031781.45
     9	9092508495.33

Measurement: freq_ro63
  step	{80/t_ro63}
     1	13679214549.4
     2	16040106565.5
     3	18100460909.5
     4	9965685284.78
     5	11839418026.8
     6	13474474383.8
     7	6979097187.67
     8	8351598451.34
     9	9561327546.79

Measurement: freq_ro64
  step	{80/t_ro64}
     1	12957404405.8
     2	15394619400.8
     3	17511855214.4
     4	9258911807.74
     5	11180962340.7
     6	12853485911.5
     7	6398468140.48
     8	7794461640.94
     9	9025320044.37

Measurement: freq_ro65
  step	{80/t_ro65}
     1	13955617662
     2	16321156855.7
     3	18366576760.9
     4	10193648508.8
     5	12060729962.6
     6	13684883437.2
     7	7157405500.82
     8	8530965616.2
     9	9737241419.18

Measurement: freq_ro66
  step	{80/t_ro66}
     1	12882121171.1
     2	15301937393.4
     3	17416431239
     4	9205855071.89
     5	11114061048.5
     6	12782159931.7
     7	6362902144.78
     8	7745576208.9
     9	8967733576.03

Measurement: freq_ro67
  step	{80/t_ro67}
     1	12938944067.9
     2	15325636181.5
     3	17422759710.4
     4	9276221823.77
     5	11151436183.4
     6	12802523480.9
     7	6417560539
     8	7773514925.98
     9	8980647942.42

Measurement: freq_ro68
  step	{80/t_ro68}
     1	14354561662.3
     2	16692597276.7
     3	18706875473.9
     4	10638283136.9
     5	12486185976.6
     6	14087978888.7
     7	7540688578.84
     8	8910092610.7
     9	10108430392.3

Measurement: freq_ro69
  step	{80/t_ro69}
     1	13551731683
     2	15904170782.6
     3	17965530943.6
     4	9820150541.53
     5	11692119158.6
     6	13323877834
     7	6860705168.06
     8	8228868095
     9	9434022871.02

Measurement: freq_ro70
  step	{80/t_ro70}
     1	12801624548.8
     2	15200253003.9
     3	17308142014.5
     4	9151163973.15
     5	11036238781.9
     6	12693094837
     7	6319916029.04
     8	7681537245.63
     9	8891906853.11

Measurement: freq_ro71
  step	{80/t_ro71}
     1	13573671681.1
     2	15946886814.2
     3	18025867399
     4	9860767315.29
     5	11773768924.7
     6	13429615933.4
     7	6902802822.68
     8	8306081098.08
     9	9532825436.81

Measurement: freq_ro72
  step	{80/t_ro72}
     1	13376885774.2
     2	15757629335.5
     3	17834997975.4
     4	9689352148.73
     5	11578069601.2
     6	13224443489
     7	6759985321.47
     8	8140964949.18
     9	9356996966.11

Measurement: freq_ro73
  step	{80/t_ro73}
     1	13697991807.6
     2	16067236569.6
     3	18135507566.2
     4	9956713354.96
     5	11840436563
     6	13481226966.5
     7	6962798348.87
     8	8342780295.68
     9	9557278822.95

Measurement: freq_ro74
  step	{80/t_ro74}
     1	12772253384.6
     2	15211117905.1
     3	17335430545.7
     4	9135320135.49
     5	11063644235
     6	12745485911.7
     7	6313911235.26
     8	7712293439.79
     9	8945705310.23

Measurement: freq_ro75
  step	{80/t_ro75}
     1	12760823851.6
     2	15236142648
     3	17374656810.2
     4	9058455557.59
     5	11010508703.4
     6	12700676005.3
     7	6250614568.64
     8	7664295975.99
     9	8903363220.92

Measurement: freq_ro76
  step	{80/t_ro76}
     1	12594929153.5
     2	15062557525.8
     3	17199185810.1
     4	8968817799.94
     5	10902295951.6
     6	12589813310.4
     7	6179101091.53
     8	7574412288.87
     9	8806369501.11

Measurement: freq_ro77
  step	{80/t_ro77}
     1	13150880373.7
     2	15578532827.2
     3	17688550914.7
     4	9453291947.47
     5	11376505276.9
     6	13050113515.9
     7	6562401965.55
     8	7960242942.28
     9	9189991798.08

Measurement: freq_ro78
  step	{80/t_ro78}
     1	14098808592.7
     2	16425622088
     3	18452594029.9
     4	10376160351.9
     5	12228073306.9
     6	13839750963.9
     7	7325963146.88
     8	8692182046.76
     9	9891717253.93

Measurement: freq_ro79
  step	{80/t_ro79}
     1	13279302270.5
     2	15659296407.9
     3	17743103213.5
     4	9598630005.33
     5	11472902355.9
     6	13117095282.3
     7	6679474135.13
     8	8042763294.5
     9	9251253270.93

Measurement: freq_ro80
  step	{80/t_ro80}
     1	13000850623.7
     2	15447760457.1
     3	17568889015.8
     4	9318046195.37
     5	11249036000.6
     6	12930586582.2
     7	6450274047.45
     8	7852038724.62
     9	9086822955.78

Measurement: freq_ro81
  step	{80/t_ro81}
     1	13116228165.5
     2	15516969812.8
     3	17611096126.3
     4	9451820701.81
     5	11349394234.2
     6	13005790021.5
     7	6570158011.37
     8	7949110512.05
     9	9166284911.24

Measurement: freq_ro82
  step	{80/t_ro82}
     1	13764707990.3
     2	16164790860.3
     3	18238772726.1
     4	9975854496.55
     5	11881522569.3
     6	13531927356.5
     7	6975604304.22
     8	8372675274.02
     9	9595096947.72

Measurement: freq_ro83
  step	{80/t_ro83}
     1	13118422733.9
     2	15555998536.9
     3	17669901493.9
     4	9384015009.36
     5	11319221046.2
     6	12994451693.5
     7	6503527970.29
     8	7913590689.36
     9	9148215267.91

Measurement: freq_ro84
  step	{80/t_ro84}
     1	13242570113.9
     2	15645828321.4
     3	17738423847.9
     4	9582812670.44
     5	11472202602
     6	13125835134.3
     7	6667358159.45
     8	8042924346.05
     9	9259099256.84

Measurement: freq_ro85
  step	{80/t_ro85}
     1	13887874807.5
     2	16230249895
     3	18274575825.7
     4	10156624182.9
     5	12025175312.9
     6	13652511546.7
     7	7136758579.66
     8	8509791843.68
     9	9717233803.29

Measurement: freq_ro86
  step	{80/t_ro86}
     1	13954774116.6
     2	16328533383.5
     3	18378333846.5
     4	10200430055.3
     5	12081165165.2
     6	13712364661.7
     7	7160961778.03
     8	8544198529.19
     9	9756203011.98

Measurement: freq_ro87
  step	{80/t_ro87}
     1	13097260927.1
     2	15496629522
     3	17590264419
     4	9425983497.91
     5	11320057201.2
     6	12974470496.5
     7	6549090166.2
     8	7925694396.76
     9	9141618368.44

Measurement: freq_ro88
  step	{80/t_ro88}
     1	13324522973.6
     2	15754268374.6
     3	17856059590.3
     4	9583295678.29
     5	11511776784.2
     6	13176202872.8
     7	6657453175.59
     8	8064485530.03
     9	9297468055.88

Measurement: freq_ro89
  step	{80/t_ro89}
     1	13556439063.5
     2	15916995078.5
     3	17979406798.7
     4	9840969660.87
     5	11711779487
     6	13345101648.9
     7	6879547796.52
     8	8247276415.37
     9	9453536221.81

Measurement: freq_ro90
  step	{80/t_ro90}
     1	13542123902.2
     2	15911945048.4
     3	17990099912.2
     4	9790704211.45
     5	11675363580.3
     6	13320926921.5
     7	6826311109.7
     8	8202633888.31
     9	9417328044.12

Measurement: freq_ro91
  step	{80/t_ro91}
     1	12691258100.9
     2	15162077939.6
     3	17288947776.1
     4	9022341786.08
     5	10959074672.1
     6	12646109806.9
     7	6213422120.5
     8	7610270822.69
     9	8841885239.76

Measurement: freq_ro92
  step	{80/t_ro92}
     1	13179484607.9
     2	15582813335.1
     3	17677417609.8
     4	9473839315.88
     5	11367241029.9
     6	13024116438.1
     7	6577457034.43
     8	7956141544.72
     9	9172984174.26

Measurement: freq_ro93
  step	{80/t_ro93}
     1	13625052060.5
     2	16002114077.6
     3	18069289649.6
     4	9897034536.37
     5	11780668121.4
     6	13421941251.1
     7	6916780816.75
     8	8295328488.72
     9	9509161079.22

Measurement: freq_ro94
  step	{80/t_ro94}
     1	14237384905
     2	16559486826.5
     3	18589888680.4
     4	10480408706.5
     5	12338631437.5
     6	13950737324.2
     7	7404195520.51
     8	8776447039.76
     9	9978724443.43

Measurement: freq_ro95
  step	{80/t_ro95}
     1	14311541935.6
     2	16627699901.5
     3	18647058157.5
     4	10537675211.4
     5	12390719221.4
     6	13996086301.2
     7	7453873377.69
     8	8825959992.42
     9	10025440022

Measurement: freq_ro96
  step	{80/t_ro96}
     1	12131690224.9
     2	14585066491.3
     3	16740611449.7
     4	8526397869.88
     5	10440279629.4
     6	12126034816.5
     7	5821247120.08
     8	7189754135.36
     9	8409776607.38

Measurement: freq_ro97
  step	{80/t_ro97}
     1	14284895771.6
     2	16587932642.1
     3	18602485436.1
     4	10547350865.2
     5	12395213783.6
     6	13997223490.2
     7	7468430018.4
     8	8834779815.57
     9	10029807638.5

Measurement: freq_ro98
  step	{80/t_ro98}
     1	14034393987.3
     2	16365819951
     3	18390421954.4
     4	10295927411
     5	12149699413.9
     6	13756852461.9
     7	7256254288.82
     8	8621782364.29
     9	9816058057.71

Measurement: freq_ro99
  step	{80/t_ro99}
     1	13404270154.9
     2	15779865394.4
     3	17852567720.3
     4	9695761824.63
     5	11576597318.7
     6	13217277888.8
     7	6759474275.64
     8	8133272067.54
     9	9344358221.4

Measurement: freq_ro100
  step	{80/t_ro100}
     1	14150166500.2
     2	16488022378.2
     3	18511706556.5
     4	10391183624.5
     5	12253624069.9
     6	13869142369.7
     7	7323261849.11
     8	8696656063.09
     9	9898174795.72

Measurement: freq_ro101
  step	{80/t_ro101}
     1	13077687232.8
     2	15495801855.1
     3	17597510406.9
     4	9402238514.83
     5	11309620748.9
     6	12973967683.9
     7	6523375779.76
     8	7909559302.35
     9	9132287530.06

Measurement: freq_ro102
  step	{80/t_ro102}
     1	12627586909.4
     2	15050794316
     3	17177351335.1
     4	8988247881.47
     5	10888602496.7
     6	12561725417.9
     7	6186564376.35
     8	7556224930.45
     9	8774486479.73

Measurement: freq_ro103
  step	{80/t_ro103}
     1	14417678161.6
     2	16715877375.5
     3	18714447613.7
     4	10666298197.9
     5	12499459586.5
     6	14087672279.6
     7	7561503904.14
     8	8917161275.3
     9	10105654691.3

Measurement: freq_ro104
  step	{80/t_ro104}
     1	13883809276.1
     2	16237568224.8
     3	18291170871.9
     4	10128512244.8
     5	12012426696.8
     6	13644306317.3
     7	7111075272.91
     8	8495561253.54
     9	9707176460.04

Measurement: freq_ro105
  step	{80/t_ro105}
     1	13959173297.1
     2	16353535908.3
     3	18402515407.7
     4	10200806917.5
     5	12100044174.2
     6	13733606865.5
     7	7174919935.19
     8	8573912732.71
     9	9788617843.23

Measurement: freq_ro106
  step	{80/t_ro106}
     1	13330270393.6
     2	15708219359.6
     3	17789357237.5
     4	9620426301.79
     5	11503674377.6
     6	13148636923.5
     7	6691974126.71
     8	8064194519.53
     9	9275699390.24

Measurement: freq_ro107
  step	{80/t_ro107}
     1	14291081269.9
     2	16595682143
     3	18609361385.6
     4	10532713958.3
     5	12374243488.5
     6	13974716987.1
     7	7450842763.65
     8	8812437157.48
     9	10005773506.8

Measurement: freq_ro108
  step	{80/t_ro108}
     1	14434024936.3
     2	16743051949.5
     3	18747419725
     4	10669929105.3
     5	12514571984
     6	14111136924.8
     7	7564030027.25
     8	8930470927.45
     9	10124184867.2

Measurement: freq_ro109
  step	{80/t_ro109}
     1	14238656958.5
     2	16552730527.8
     3	18577363709.4
     4	10469455506.5
     5	12318481149.6
     6	13924864730.5
     7	7395156523.23
     8	8760280743.33
     9	9957515221.62

Measurement: freq_ro110
  step	{80/t_ro110}
     1	13315156475.6
     2	15692516970.7
     3	17776787485.4
     4	9607929905.69
     5	11488948542.8
     6	13134798405.7
     7	6685948260.43
     8	8055713557.69
     9	9266567825.73

Measurement: freq_ro111
  step	{80/t_ro111}
     1	12759182932.9
     2	15189612790
     3	17291960411.4
     4	9133493084.24
     5	11034942967
     6	12704286649.3
     7	6312964850.46
     8	7687184509.67
     9	8907221372.21

Measurement: freq_ro112
  step	{80/t_ro112}
     1	14405396697.1
     2	16721056239.5
     3	18735723601.1
     4	10612957690.4
     5	12459874421.7
     6	14060193026.9
     7	7508950412.68
     8	8875290063.63
     9	10070454527.4

Measurement: freq_ro113
  step	{80/t_ro113}
     1	13680262303.4
     2	16045322520.9
     3	18111515745.3
     4	9936905208.87
     5	11811911284.8
     6	13447510140.5
     7	6948559596.06
     8	8320137633.76
     9	9529099456.34

Measurement: freq_ro114
  step	{80/t_ro114}
     1	13665564960.9
     2	16020256345.2
     3	18074542727.2
     4	9951371366.69
     5	11815935991.5
     6	13443791199.4
     7	6968423471.49
     8	8333461992.25
     9	9537032558.24

Measurement: freq_ro115
  step	{80/t_ro115}
     1	13283638422
     2	15663972672.2
     3	17747561021.7
     4	9615239185
     5	11501456086.7
     6	13149743763
     7	6695406680.21
     8	8071050566.69
     9	9283819017.79

Measurement: freq_ro116
  step	{80/t_ro116}
     1	13577959111.2
     2	15942453238.7
     3	18003022675.1
     4	9915299880.52
     5	11787130268
     6	13421075483.3
     7	6955011519.2
     8	8326741251.92
     9	9535711668.67

Measurement: freq_ro117
  step	{80/t_ro117}
     1	13851631568.3
     2	16188990677.2
     3	18231559089.6
     4	10135485884.6
     5	11994596368.1
     6	13618136651.6
     7	7120534696.4
     8	8485757846.22
     9	9689650629.3

Measurement: freq_ro118
  step	{80/t_ro118}
     1	13327955739.8
     2	15744178576
     3	17841411535.2
     4	9584475944.07
     5	11496838927.4
     6	13161629727.8
     7	6661883854.98
     8	8056462187.38
     9	9282406695.56

Measurement: freq_ro119
  step	{80/t_ro119}
     1	12738026173
     2	15153217504.1
     3	17267916681.5
     4	9076055426.07
     5	10967102463.7
     6	12629926100
     7	6253096385.18
     8	7616352161.41
     9	8829055614.33

Measurement: freq_ro120
  step	{80/t_ro120}
     1	12882238200.5
     2	15312398621.7
     3	17419649963.6
     4	9263779094.92
     5	11163252922.3
     6	12828815699.4
     7	6416536832.26
     8	7791493145.52
     9	9009699453.4

Measurement: freq_ro121
  step	{80/t_ro121}
     1	12606869026.3
     2	15023548911
     3	17141450188.3
     4	8981890365.69
     5	10869652942.4
     6	12539748823.5
     7	6187729627.3
     8	7553550619.47
     9	8767439194.62

Measurement: freq_ro122
  step	{80/t_ro122}
     1	13063601720.2
     2	15465542852.1
     3	17560305100.2
     4	9380998459.59
     5	11272755302.7
     6	12929588947.7
     7	6495691200.6
     8	7867677175.82
     9	9082936607.05

Measurement: freq_ro123
  step	{80/t_ro123}
     1	12619057603.4
     2	15070880463.4
     3	17206654536.1
     4	8979547994.51
     5	10898540473.1
     6	12582299459.1
     7	6183432216.57
     8	7569265084.23
     9	8796187192.86

Measurement: freq_ro124
  step	{80/t_ro124}
     1	13242803475.2
     2	15702736689
     3	17819626092.9
     4	9524382547.69
     5	11472020829.5
     6	13154981702.8
     7	6618258105.89
     8	8037707250.69
     9	9277914685.02

Measurement: freq_ro125
  step	{80/t_ro125}
     1	13578748041.2
     2	15971156220.8
     3	18041030561.7
     4	9869388877.45
     5	11756487868.6
     6	13401381578.9
     7	6899010793.11
     8	8280587398.65
     9	9497035222.4

Measurement: freq_ro126
  step	{80/t_ro126}
     1	13350945143.2
     2	15742746580.7
     3	17834071600.5
     4	9632251896.99
     5	11530061523.1
     6	13182144423.7
     7	6705826836.78
     8	8090099558.13
     9	9308376390.57

Measurement: freq_ro127
  step	{80/t_ro127}
     1	13464320880.4
     2	15825895689.2
     3	17894315975.2
     4	9775242011.35
     5	11644273811.6
     6	13279173883.7
     7	6828167451.44
     8	8191815254.34
     9	9397116243.98

Measurement: edge100_ro0
  step	V(ro0_out)={VTHRESH} 
     1	7.43431458475e-09
     2	6.30683379566e-09
     3	5.56854672667e-09
     4	1.02852455845e-08
     5	8.60236375057e-09
     6	7.52376734375e-09
     7	1.47774747005e-08
     8	1.22656771902e-08
     9	1.066298982e-08

Measurement: edge100_ro1
  step	V(ro1_out)={VTHRESH} 
     1	7.56903726105e-09
     2	6.39828377418e-09
     3	5.63645846372e-09
     4	1.05075936422e-08
     5	8.75641115464e-09
     6	7.63970240791e-09
     7	1.51336484673e-08
     8	1.25185363284e-08
     9	1.08547293946e-08

Measurement: edge100_ro2
  step	V(ro2_out)={VTHRESH} 
     1	7.02986642371e-09
     2	6.02757855378e-09
     3	5.3631200678e-09
     4	9.57869827385e-09
     5	8.11533296564e-09
     6	7.16353734499e-09
     7	1.35983267136e-08
     8	1.14384246839e-08
     9	1.00399791227e-08

Measurement: edge100_ro3
  step	V(ro3_out)={VTHRESH} 
     1	7.24193559307e-09
     2	6.16573522704e-09
     3	5.4619935446e-09
     4	9.96682937933e-09
     5	8.36880200581e-09
     6	7.34736117467e-09
     7	1.42498527363e-08
     8	1.18748533511e-08
     9	1.0361604331e-08

Measurement: edge100_ro4
  step	V(ro4_out)={VTHRESH} 
     1	7.47004948697e-09
     2	6.33475537447e-09
     3	5.5898599594e-09
     4	1.03230849324e-08
     5	8.63696573276e-09
     6	7.55445480162e-09
     7	1.48238006568e-08
     8	1.23106523433e-08
     9	1.07031532741e-08

Measurement: edge100_ro5
  step	V(ro5_out)={VTHRESH} 
     1	7.00651851497e-09
     2	6.01238886685e-09
     3	5.35234292263e-09
     4	9.53580747883e-09
     5	8.08372634647e-09
     6	7.14066873037e-09
     7	1.35149151993e-08
     8	1.13745564912e-08
     9	9.99085195601e-09

Measurement: edge100_ro6
  step	V(ro6_out)={VTHRESH} 
     1	7.64017917813e-09
     2	6.44321360944e-09
     3	5.66674255005e-09
     4	1.0649831267e-08
     5	8.84887060502e-09
     6	7.70700968264e-09
     7	1.53824097535e-08
     8	1.26842802224e-08
     9	1.0978202275e-08

Measurement: edge100_ro7
  step	V(ro7_out)={VTHRESH} 
     1	7.65407892076e-09
     2	6.44689689414e-09
     3	5.66646294361e-09
     4	1.06806127305e-08
     5	8.85828684692e-09
     6	7.70554492177e-09
     7	1.54429194799e-08
     8	1.27070689758e-08
     9	1.09827446016e-08

Measurement: edge100_ro8
  step	V(ro8_out)={VTHRESH} 
     1	7.2389068872e-09
     2	6.17677227497e-09
     3	5.47387435144e-09
     4	9.91326919237e-09
     5	8.35262181785e-09
     6	7.34478956182e-09
     7	1.41264152131e-08
     8	1.18184513412e-08
     9	1.03324025421e-08

Measurement: edge100_ro9
  step	V(ro9_out)={VTHRESH} 
     1	7.83666402238e-09
     2	6.58466022681e-09
     3	5.77384002019e-09
     4	1.09796046688e-08
     5	9.08540232949e-09
     6	7.88553566226e-09
     7	1.59189578751e-08
     8	1.30716296215e-08
     9	1.12734735296e-08

Measurement: edge100_ro10
  step	V(ro10_out)={VTHRESH} 
     1	8.34007128626e-09
     2	6.88468189896e-09
     3	5.98083902868e-09
     4	1.19846158186e-08
     5	9.69152958254e-09
     6	8.30078237659e-09
     7	1.76670479724e-08
     8	1.41447556734e-08
     9	1.20203396592e-08

Measurement: edge100_ro11
  step	V(ro11_out)={VTHRESH} 
     1	7.30250826255e-09
     2	6.20936968433e-09
     3	5.49658996325e-09
     4	1.00501315518e-08
     5	8.43367000013e-09
     6	7.39888109089e-09
     7	1.43826843169e-08
     8	1.19774010743e-08
     9	1.04434554651e-08

Measurement: edge100_ro12
  step	V(ro12_out)={VTHRESH} 
     1	7.52300859875e-09
     2	6.34610296848e-09
     3	5.59063148825e-09
     4	1.04683463857e-08
     5	8.69202832093e-09
     6	7.57829629434e-09
     7	1.5071410871e-08
     8	1.24061478917e-08
     9	1.07433801883e-08

Measurement: edge100_ro13
  step	V(ro13_out)={VTHRESH} 
     1	7.38208374327e-09
     2	6.27381750105e-09
     3	5.54636030487e-09
     4	1.01938758022e-08
     5	8.54100015074e-09
     6	7.48511812049e-09
     7	1.46118471589e-08
     8	1.21545620038e-08
     9	1.05847410249e-08

Measurement: edge100_ro14
  step	V(ro14_out)={VTHRESH} 
     1	7.28556307812e-09
     2	6.20990350159e-09
     3	5.50100391387e-09
     4	9.99520037452e-09
     5	8.413501455e-09
     6	7.39002560638e-09
     7	1.42759767049e-08
     8	1.19322106128e-08
     9	1.04203464459e-08

Measurement: edge100_ro15
  step	V(ro15_out)={VTHRESH} 
     1	7.586162374e-09
     2	6.40164811687e-09
     3	5.63667361176e-09
     4	1.05784615718e-08
     5	8.7911681392e-09
     6	7.66147730936e-09
     7	1.52671594921e-08
     8	1.25865066256e-08
     9	1.08975550036e-08

Measurement: edge100_ro16
  step	V(ro16_out)={VTHRESH} 
     1	7.43516021934e-09
     2	6.30843824393e-09
     3	5.57040179005e-09
     4	1.02984625688e-08
     5	8.61252053356e-09
     6	7.53363800134e-09
     7	1.47996078082e-08
     8	1.22821758721e-08
     9	1.0677502145e-08

Measurement: edge100_ro17
  step	V(ro17_out)={VTHRESH} 
     1	7.46347883155e-09
     2	6.31282507893e-09
     3	5.56769518875e-09
     4	1.03833921262e-08
     5	8.6472438093e-09
     6	7.54954215845e-09
     7	1.49511250725e-08
     8	1.23513571069e-08
     9	1.07134539612e-08

Measurement: edge100_ro18
  step	V(ro18_out)={VTHRESH} 
     1	7.4311106352e-09
     2	6.30994037525e-09
     3	5.57360866818e-09
     4	1.024825385e-08
     5	8.58545901335e-09
     6	7.52017736261e-09
     7	1.46853002826e-08
     8	1.22146653501e-08
     9	1.06325112514e-08

Measurement: edge100_ro19
  step	V(ro19_out)={VTHRESH} 
     1	7.27252645512e-09
     2	6.19347730321e-09
     3	5.48449729601e-09
     4	1.00139878507e-08
     5	8.4155672e-09
     6	7.38752470721e-09
     7	1.43226755877e-08
     8	1.19470828216e-08
     9	1.04246847603e-08

Measurement: edge100_ro20
  step	V(ro20_out)={VTHRESH} 
     1	7.74536915014e-09
     2	6.52092301334e-09
     3	5.7201214065e-09
     4	1.08008596156e-08
     5	8.94740676767e-09
     6	7.7763198815e-09
     7	1.56079663556e-08
     8	1.28297710558e-08
     9	1.10792782583e-08

Measurement: edge100_ro21
  step	V(ro21_out)={VTHRESH} 
     1	7.27307810034e-09
     2	6.17945823665e-09
     3	5.46980336964e-09
     4	1.00384176296e-08
     5	8.40882856242e-09
     6	7.37231341919e-09
     7	1.43729843178e-08
     8	1.19460813932e-08
     9	1.04074130361e-08

Measurement: edge100_ro22
  step	V(ro22_out)={VTHRESH} 
     1	7.53006231545e-09
     2	6.36820261861e-09
     3	5.60992039826e-09
     4	1.04622431938e-08
     5	8.71728738042e-09
     6	7.6052682035e-09
     7	1.50714489173e-08
     8	1.246088246e-08
     9	1.08034807647e-08

Measurement: edge100_ro23
  step	V(ro23_out)={VTHRESH} 
     1	7.20378332643e-09
     2	6.15877298814e-09
     3	5.46113106444e-09
     4	9.83505437548e-09
     5	8.30135574792e-09
     6	7.30721714628e-09
     7	1.3988281437e-08
     8	1.17238444693e-08
     9	1.02609631438e-08

Measurement: edge100_ro24
  step	V(ro24_out)={VTHRESH} 
     1	7.1106068072e-09
     2	6.08361505547e-09
     3	5.40459535202e-09
     4	9.74983036531e-09
     5	8.23176359755e-09
     6	7.252017665e-09
     7	1.38890836646e-08
     8	1.16413406741e-08
     9	1.01957925198e-08

Measurement: edge100_ro25
  step	V(ro25_out)={VTHRESH} 
     1	7.03291797827e-09
     2	6.02706423353e-09
     3	5.36320601936e-09
     4	9.60474860893e-09
     5	8.12788949858e-09
     6	7.17341643797e-09
     7	1.36393054572e-08
     8	1.1458057162e-08
     9	1.00543980967e-08

Measurement: edge100_ro26
  step	V(ro26_out)={VTHRESH} 
     1	7.30917724831e-09
     2	6.20423762947e-09
     3	5.48877443827e-09
     4	1.00852129414e-08
     5	8.45368738006e-09
     6	7.41056646489e-09
     7	1.4452556331e-08
     8	1.20222713897e-08
     9	1.04734329686e-08

Measurement: edge100_ro27
  step	V(ro27_out)={VTHRESH} 
     1	8.00030899952e-09
     2	6.69145282684e-09
     3	5.85097640039e-09
     4	1.12650733264e-08
     5	9.27059765552e-09
     6	8.01746211547e-09
     7	1.64030688599e-08
     8	1.33924562057e-08
     9	1.15067318427e-08

Measurement: edge100_ro28
  step	V(ro28_out)={VTHRESH} 
     1	7.49688958641e-09
     2	6.35120824582e-09
     3	5.60317758281e-09
     4	1.0376704268e-08
     5	8.67098098028e-09
     6	7.57967684167e-09
     7	1.49156676838e-08
     8	1.23700564812e-08
     9	1.07467716728e-08

Measurement: edge100_ro29
  step	V(ro29_out)={VTHRESH} 
     1	7.49867350334e-09
     2	6.35188490561e-09
     3	5.60453094712e-09
     4	1.03929734328e-08
     5	8.66855998897e-09
     6	7.57351481978e-09
     7	1.49160938649e-08
     8	1.23481017393e-08
     9	1.0721920395e-08

Measurement: edge100_ro30
  step	V(ro30_out)={VTHRESH} 
     1	7.42857406147e-09
     2	6.30823487888e-09
     3	5.57386838449e-09
     4	1.02509132994e-08
     5	8.58829595809e-09
     6	7.52020619861e-09
     7	1.47030636706e-08
     8	1.22290938226e-08
     9	1.06438500452e-08

Measurement: edge100_ro31
  step	V(ro31_out)={VTHRESH} 
     1	7.26483046825e-09
     2	6.17745721177e-09
     3	5.47112765229e-09
     4	1.00022264982e-08
     5	8.38803297668e-09
     6	7.36057526672e-09
     7	1.42841183809e-08
     8	1.188687224e-08
     9	1.03667005296e-08

Measurement: edge100_ro32
  step	V(ro32_out)={VTHRESH} 
     1	7.68969201532e-09
     2	6.46461617856e-09
     3	5.67632174146e-09
     4	1.07881067848e-08
     5	8.92083379273e-09
     6	7.74894933102e-09
     7	1.56397963322e-08
     8	1.28199023074e-08
     9	1.10603950977e-08

Measurement: edge100_ro33
  step	V(ro33_out)={VTHRESH} 
     1	7.44261485525e-09
     2	6.31636632653e-09
     3	5.578909888e-09
     4	1.02983724271e-08
     5	8.62447229412e-09
     6	7.54855219601e-09
     7	1.47956084729e-08
     8	1.23002820558e-08
     9	1.07007959187e-08

Measurement: edge100_ro34
  step	V(ro34_out)={VTHRESH} 
     1	7.03327521662e-09
     2	6.03514551786e-09
     3	5.37196129774e-09
     4	9.57061136604e-09
     5	8.11610978871e-09
     6	7.17001493285e-09
     7	1.3572083057e-08
     8	1.14229512005e-08
     9	1.00353523926e-08

Measurement: edge100_ro35
  step	V(ro35_out)={VTHRESH} 
     1	7.50328911381e-09
     2	6.35220785741e-09
     3	5.59779261418e-09
     4	1.04102211206e-08
     5	8.67811709693e-09
     6	7.5755859771e-09
     7	1.49807761949e-08
     8	1.23921465904e-08
     9	1.07493684382e-08

Measurement: edge100_ro36
  step	V(ro36_out)={VTHRESH} 
     1	6.77069156493e-09
     2	5.85896042e-09
     3	5.24266225876e-09
     4	9.12793858351e-09
     5	7.81419271434e-09
     6	6.94690279199e-09
     7	1.28405935245e-08
     8	1.09226361035e-08
     9	9.6602678894e-09

Measurement: edge100_ro37
  step	V(ro37_out)={VTHRESH} 
     1	7.34832256374e-09
     2	6.25034412162e-09
     3	5.52841688996e-09
     4	1.01259814773e-08
     5	8.49557507014e-09
     6	7.44749905778e-09
     7	1.4497867861e-08
     8	1.20740176744e-08
     9	1.05208891955e-08

Measurement: edge100_ro38
  step	V(ro38_out)={VTHRESH} 
     1	7.95743491005e-09
     2	6.65704891084e-09
     3	5.82350923583e-09
     4	1.1210531762e-08
     5	9.2221408962e-09
     6	7.97811666203e-09
     7	1.63158761977e-08
     8	1.33106175255e-08
     9	1.14370741375e-08

Measurement: edge100_ro39
  step	V(ro39_out)={VTHRESH} 
     1	7.51825140484e-09
     2	6.36754820945e-09
     3	5.6127398118e-09
     4	1.04379516554e-08
     5	8.70908406158e-09
     6	7.60595496613e-09
     7	1.50171014265e-08
     8	1.24364454611e-08
     9	1.07945502308e-08

Measurement: edge100_ro40
  step	V(ro40_out)={VTHRESH} 
     1	7.55149643011e-09
     2	6.38320110803e-09
     3	5.6241955351e-09
     4	1.05168565312e-08
     5	8.75371896248e-09
     6	7.63674157714e-09
     7	1.51525552278e-08
     8	1.25167191267e-08
     9	1.08498186662e-08

Measurement: edge100_ro41
  step	V(ro41_out)={VTHRESH} 
     1	7.50430736967e-09
     2	6.35769360736e-09
     3	5.6054580199e-09
     4	1.04206791099e-08
     5	8.69372761754e-09
     6	7.59238727822e-09
     7	1.49989968013e-08
     8	1.24165634493e-08
     9	1.07758602172e-08

Measurement: edge100_ro42
  step	V(ro42_out)={VTHRESH} 
     1	7.14974457473e-09
     2	6.11145075485e-09
     3	5.42652499511e-09
     4	9.77332827335e-09
     5	8.24837838088e-09
     6	7.26526604265e-09
     7	1.38951917385e-08
     8	1.1644490334e-08
     9	1.01974756507e-08

Measurement: edge100_ro43
  step	V(ro43_out)={VTHRESH} 
     1	7.58478655922e-09
     2	6.4053753065e-09
     3	5.63932008076e-09
     4	1.05860170771e-08
     5	8.80305201265e-09
     6	7.67279227511e-09
     7	1.52863217694e-08
     8	1.26117656832e-08
     9	1.09216378163e-08

Measurement: edge100_ro44
  step	V(ro44_out)={VTHRESH} 
     1	7.17385693465e-09
     2	6.13337928358e-09
     3	5.44423973306e-09
     4	9.79450836488e-09
     5	8.27064548654e-09
     6	7.28320726087e-09
     7	1.39299609906e-08
     8	1.16817462699e-08
     9	1.0229162067e-08

Measurement: edge100_ro45
  step	V(ro45_out)={VTHRESH} 
     1	7.53302796873e-09
     2	6.37693411308e-09
     3	5.61938540439e-09
     4	1.04539488003e-08
     5	8.71841459998e-09
     6	7.61011016495e-09
     7	1.50467158865e-08
     8	1.24540282026e-08
     9	1.0803929094e-08

Measurement: edge100_ro46
  step	V(ro46_out)={VTHRESH} 
     1	7.40156860538e-09
     2	6.28787184041e-09
     3	5.55621011783e-09
     4	1.02397698251e-08
     5	8.57913129972e-09
     6	7.51276247763e-09
     7	1.46992912922e-08
     8	1.22242608441e-08
     9	1.06395892995e-08

Measurement: edge100_ro47
  step	V(ro47_out)={VTHRESH} 
     1	7.45666898507e-09
     2	6.32611477797e-09
     3	5.58412471763e-09
     4	1.03002141412e-08
     5	8.61593902312e-09
     6	7.53755565017e-09
     7	1.47793369777e-08
     8	1.2270447863e-08
     9	1.06691972375e-08

Measurement: edge100_ro48
  step	V(ro48_out)={VTHRESH} 
     1	7.69573091178e-09
     2	6.48389670376e-09
     3	5.69919504814e-09
     4	1.07314683659e-08
     5	8.91381336578e-09
     6	7.75513232861e-09
     7	1.55056475955e-08
     8	1.27761902955e-08
     9	1.10495460618e-08

Measurement: edge100_ro49
  step	V(ro49_out)={VTHRESH} 
     1	7.15803278733e-09
     2	6.12253233486e-09
     3	5.43588129406e-09
     4	9.77629065207e-09
     5	8.26083015902e-09
     6	7.27625940095e-09
     7	1.39123096535e-08
     8	1.16753881799e-08
     9	1.02259190667e-08

Measurement: edge100_ro50
  step	V(ro50_out)={VTHRESH} 
     1	7.69931320891e-09
     2	6.47315990148e-09
     3	5.68390692863e-09
     4	1.07803024447e-08
     5	8.91752307323e-09
     6	7.74601047209e-09
     7	1.561504884e-08
     8	1.28113948035e-08
     9	1.10540093238e-08

Measurement: edge100_ro51
  step	V(ro51_out)={VTHRESH} 
     1	7.69436407184e-09
     2	6.4792322695e-09
     3	5.69406903911e-09
     4	1.07617695559e-08
     5	8.9226418196e-09
     6	7.75916582699e-09
     7	1.55848879858e-08
     8	1.28184500841e-08
     9	1.10749575422e-08

Measurement: edge100_ro52
  step	V(ro52_out)={VTHRESH} 
     1	7.55880633916e-09
     2	6.3903658316e-09
     3	5.62980426074e-09
     4	1.05005685251e-08
     5	8.74499208293e-09
     6	7.6313542732e-09
     7	1.51104319844e-08
     8	1.24906487075e-08
     9	1.08309676836e-08

Measurement: edge100_ro53
  step	V(ro53_out)={VTHRESH} 
     1	7.41544902037e-09
     2	6.28579465764e-09
     3	5.5490711943e-09
     4	1.0284281918e-08
     5	8.58827336097e-09
     6	7.5091569902e-09
     7	1.47934511454e-08
     8	1.22571289586e-08
     9	1.06475263552e-08

Measurement: edge100_ro54
  step	V(ro54_out)={VTHRESH} 
     1	7.90468879262e-09
     2	6.59843354745e-09
     3	5.77153400086e-09
     4	1.1188364478e-08
     5	9.17443452503e-09
     6	7.93083673785e-09
     7	1.63104954007e-08
     8	1.32545732587e-08
     9	1.1371987153e-08

Measurement: edge100_ro55
  step	V(ro55_out)={VTHRESH} 
     1	6.79110012088e-09
     2	5.86865616201e-09
     3	5.24936332612e-09
     4	9.14101698242e-09
     5	7.8172279716e-09
     6	6.94356690948e-09
     7	1.28505257952e-08
     8	1.09169189716e-08
     9	9.64907220124e-09

Measurement: edge100_ro56
  step	V(ro56_out)={VTHRESH} 
     1	7.77020999721e-09
     2	6.5312871772e-09
     3	5.73481483285e-09
     4	1.0857096448e-08
     5	8.98945003086e-09
     6	7.80902178783e-09
     7	1.57133845845e-08
     8	1.29091937384e-08
     9	1.11416588472e-08

Measurement: edge100_ro57
  step	V(ro57_out)={VTHRESH} 
     1	7.49970012764e-09
     2	6.35295341071e-09
     3	5.60372173437e-09
     4	1.03938343903e-08
     5	8.67665903737e-09
     6	7.58275180567e-09
     7	1.49350204346e-08
     8	1.23718557491e-08
     9	1.07445068687e-08

Measurement: edge100_ro58
  step	V(ro58_out)={VTHRESH} 
     1	7.30626223326e-09
     2	6.22251149386e-09
     3	5.50672948353e-09
     4	1.00915041788e-08
     5	8.47110078871e-09
     6	7.42946343032e-09
     7	1.44560612112e-08
     8	1.20441752054e-08
     9	1.04988513244e-08

Measurement: edge100_ro59
  step	V(ro59_out)={VTHRESH} 
     1	7.61844255209e-09
     2	6.42580729167e-09
     3	5.65443472815e-09
     4	1.06116762414e-08
     5	8.81393743942e-09
     6	7.67786272169e-09
     7	1.53046348247e-08
     8	1.26098641017e-08
     9	1.09128452286e-08

Measurement: edge100_ro60
  step	V(ro60_out)={VTHRESH} 
     1	7.34234948425e-09
     2	6.21846277326e-09
     3	5.49423537514e-09
     4	1.02025527933e-08
     5	8.50513880943e-09
     6	7.4374645228e-09
     7	1.46546772992e-08
     8	1.21148983139e-08
     9	1.05235267409e-08

Measurement: edge100_ro61
  step	V(ro61_out)={VTHRESH} 
     1	7.39593598219e-09
     2	6.27188050559e-09
     3	5.54046052691e-09
     4	1.02321485482e-08
     5	8.54644250869e-09
     6	7.47943898652e-09
     7	1.4681624721e-08
     8	1.21685894668e-08
     9	1.05815399596e-08

Measurement: edge100_ro62
  step	V(ro62_out)={VTHRESH} 
     1	7.59374050484e-09
     2	6.4166512694e-09
     3	5.65176263971e-09
     4	1.05563127178e-08
     5	8.79299745501e-09
     6	7.66912889581e-09
     7	1.52150627255e-08
     8	1.25791712731e-08
     9	1.09040831187e-08

Measurement: edge100_ro63
  step	V(ro63_out)={VTHRESH} 
     1	7.24873949467e-09
     2	6.18051454915e-09
     3	5.47656267157e-09
     4	9.94989404773e-09
     5	8.3732904121e-09
     6	7.35645145647e-09
     7	1.42070920044e-08
     8	1.18697371383e-08
     9	1.03667952927e-08

Measurement: edge100_ro64
  step	V(ro64_out)={VTHRESH} 
     1	7.64743704983e-09
     2	6.43518410029e-09
     3	5.65704508666e-09
     4	1.07021940247e-08
     5	8.86008586942e-09
     6	7.70641794084e-09
     7	1.54842135911e-08
     8	1.27087277824e-08
     9	1.09744310422e-08

Measurement: edge100_ro65
  step	V(ro65_out)={VTHRESH} 
     1	7.11644122584e-09
     2	6.08384547137e-09
     3	5.4053516708e-09
     4	9.74444520851e-09
     5	8.23416519575e-09
     6	7.25578664195e-09
     7	1.38802350137e-08
     8	1.164291494e-08
     9	1.01990925908e-08

Measurement: edge100_ro66
  step	V(ro66_out)={VTHRESH} 
     1	7.62780094972e-09
     2	6.47946337552e-09
     3	5.69059146897e-09
     4	1.06861594696e-08
     5	8.83456904899e-09
     6	7.67676695979e-09
     7	1.54646865504e-08
     8	1.26826719129e-08
     9	1.09452634605e-08

Measurement: edge100_ro67
  step	V(ro67_out)={VTHRESH} 
     1	7.67317173789e-09
     2	6.47586755592e-09
     3	5.69535002335e-09
     4	1.07054380726e-08
     5	8.90184328129e-09
     6	7.75193307569e-09
     7	1.54754688604e-08
     8	1.27715113116e-08
     9	1.10523585079e-08

Measurement: edge100_ro68
  step	V(ro68_out)={VTHRESH} 
     1	6.90542611988e-09
     2	5.9378890908e-09
     3	5.29836048352e-09
     4	9.3199975901e-09
     5	7.93869373518e-09
     6	7.0349372566e-09
     7	1.31478460216e-08
     8	1.1124603429e-08
     9	9.80445231177e-09

Measurement: edge100_ro69
  step	V(ro69_out)={VTHRESH} 
     1	7.31884380016e-09
     2	6.23407566187e-09
     3	5.51810068922e-09
     4	1.00994055174e-08
     5	8.48002030578e-09
     6	7.44023880262e-09
     7	1.44553478225e-08
     8	1.20487878249e-08
     9	1.0507872442e-08

Measurement: edge100_ro70
  step	V(ro70_out)={VTHRESH} 
     1	7.74440481243e-09
     2	6.52027536369e-09
     3	5.72545154366e-09
     4	1.08327403886e-08
     5	8.97981790192e-09
     6	7.80648955496e-09
     7	1.56834228488e-08
     8	1.2900374433e-08
     9	1.11428625695e-08

Measurement: edge100_ro71
  step	V(ro71_out)={VTHRESH} 
     1	7.30701149157e-09
     2	6.21839583678e-09
     3	5.50079250252e-09
     4	1.00589710669e-08
     5	8.42260099948e-09
     6	7.38303737244e-09
     7	1.43690518859e-08
     8	1.19387211785e-08
     9	1.04009739179e-08

Measurement: edge100_ro72
  step	V(ro72_out)={VTHRESH} 
     1	7.4327761732e-09
     2	6.3047270787e-09
     3	5.56848931175e-09
     4	1.02649040375e-08
     5	8.5835875654e-09
     6	7.51165572316e-09
     7	1.47150815038e-08
     8	1.22102455727e-08
     9	1.06187110746e-08

Measurement: edge100_ro73
  step	V(ro73_out)={VTHRESH} 
     1	7.25044924783e-09
     2	6.18035184955e-09
     3	5.47502565968e-09
     4	9.97642364127e-09
     5	8.38799012087e-09
     6	7.36623928881e-09
     7	1.42678216412e-08
     8	1.1905926195e-08
     9	1.03918105062e-08

Measurement: edge100_ro74
  step	V(ro74_out)={VTHRESH} 
     1	7.75269799625e-09
     2	6.51206948026e-09
     3	5.71436963418e-09
     4	1.08353904248e-08
     5	8.95132915123e-09
     6	7.77074020948e-09
     7	1.56754481417e-08
     8	1.283894121e-08
     9	1.10699136132e-08

Measurement: edge100_ro75
  step	V(ro75_out)={VTHRESH} 
     1	7.77115968371e-09
     2	6.50671751866e-09
     3	5.70444548428e-09
     4	1.09473169003e-08
     5	9.0039485014e-09
     6	7.80427930652e-09
     7	1.58640824471e-08
     8	1.29348976281e-08
     9	1.11329229973e-08

Measurement: edge100_ro76
  step	V(ro76_out)={VTHRESH} 
     1	7.8790545423e-09
     2	6.58629911339e-09
     3	5.76708007906e-09
     4	1.10654901804e-08
     5	9.10064379889e-09
     6	7.87924258638e-09
     7	1.6062418532e-08
     8	1.31001285828e-08
     9	1.12654637824e-08

Measurement: edge100_ro77
  step	V(ro77_out)={VTHRESH} 
     1	7.54362185902e-09
     2	6.36683467387e-09
     3	5.60484143875e-09
     4	1.0494817008e-08
     5	8.71833785168e-09
     6	7.59799356754e-09
     7	1.51179230773e-08
     8	1.24605094506e-08
     9	1.07904393421e-08

Measurement: edge100_ro78
  step	V(ro78_out)={VTHRESH} 
     1	7.03200201858e-09
     2	6.03607167533e-09
     3	5.37210943633e-09
     4	9.55466525612e-09
     5	8.10643125993e-09
     6	7.16200271316e-09
     7	1.35319220691e-08
     8	1.14034236142e-08
     9	1.00198746992e-08

Measurement: edge100_ro79
  step	V(ro79_out)={VTHRESH} 
     1	7.47409635985e-09
     2	6.33675465426e-09
     3	5.59221397608e-09
     4	1.034195386e-08
     5	8.65026489096e-09
     6	7.56479604103e-09
     7	1.48629285225e-08
     8	1.23407042867e-08
     9	1.07269665995e-08

Measurement: edge100_ro80
  step	V(ro80_out)={VTHRESH} 
     1	7.63124632492e-09
     2	6.42110478537e-09
     3	5.6444725762e-09
     4	1.06478797422e-08
     5	8.81804184843e-09
     6	7.6700203829e-09
     7	1.53822622501e-08
     8	1.26335442192e-08
     9	1.09149857449e-08

Measurement: edge100_ro81
  step	V(ro81_out)={VTHRESH} 
     1	7.57021813393e-09
     2	6.39703513839e-09
     3	5.63681938221e-09
     4	1.05089171685e-08
     5	8.74935031757e-09
     6	7.63396566645e-09
     7	1.51216859765e-08
     8	1.24944096268e-08
     9	1.083345125e-08

Measurement: edge100_ro82
  step	V(ro82_out)={VTHRESH} 
     1	7.20602411772e-09
     2	6.13531637724e-09
     3	5.43631631246e-09
     4	9.9436399803e-09
     5	8.34702713335e-09
     6	7.32823786577e-09
     7	1.42205594712e-08
     8	1.18456278097e-08
     9	1.03349846692e-08

Measurement: edge100_ro83
  step	V(ro83_out)={VTHRESH} 
     1	7.57005341419e-09
     2	6.3795414692e-09
     3	5.61400733366e-09
     4	1.05850247214e-08
     5	8.76896447546e-09
     6	7.63526176999e-09
     7	1.52744152903e-08
     8	1.25444023621e-08
     9	1.08471887923e-08

Measurement: edge100_ro84
  step	V(ro84_out)={VTHRESH} 
     1	7.48383497213e-09
     2	6.33365912954e-09
     3	5.58589078939e-09
     4	1.03429697584e-08
     5	8.63779235744e-09
     6	7.54880347153e-09
     7	1.4864586022e-08
     8	1.2320050076e-08
     9	1.07008629897e-08

Measurement: edge100_ro85
  step	V(ro85_out)={VTHRESH} 
     1	7.13899037003e-09
     2	6.10765948376e-09
     3	5.42412823761e-09
     4	9.76147647706e-09
     5	8.24328761841e-09
     6	7.2601812161e-09
     7	1.38914412503e-08
     8	1.16481902029e-08
     9	1.01999815699e-08

Measurement: edge100_ro86
  step	V(ro86_out)={VTHRESH} 
     1	7.10775739759e-09
     2	6.07302988356e-09
     3	5.39552766492e-09
     4	9.72303524897e-09
     5	8.20815645642e-09
     6	7.2312574162e-09
     7	1.38495841477e-08
     8	1.16057886422e-08
     9	1.01632387663e-08

Measurement: edge100_ro87
  step	V(ro87_out)={VTHRESH} 
     1	7.57222796821e-09
     2	6.39857654416e-09
     3	5.63647111466e-09
     4	1.0521643757e-08
     5	8.75929158582e-09
     6	7.64169834099e-09
     7	1.51433004928e-08
     8	1.25106282874e-08
     9	1.0845555762e-08

Measurement: edge100_ro88
  step	V(ro88_out)={VTHRESH} 
     1	7.44856616646e-09
     2	6.29813954855e-09
     3	5.5562528147e-09
     4	1.03580835537e-08
     5	8.62094918035e-09
     6	7.52993697286e-09
     7	1.49117440351e-08
     8	1.23077413042e-08
     9	1.0674367166e-08

Measurement: edge100_ro89
  step	V(ro89_out)={VTHRESH} 
     1	7.31765230294e-09
     2	6.23069028812e-09
     3	5.51588751429e-09
     4	1.00807798173e-08
     5	8.46824120156e-09
     6	7.43105242127e-09
     7	1.44199526566e-08
     8	1.20252881315e-08
     9	1.04898431195e-08

Measurement: edge100_ro90
  step	V(ro90_out)={VTHRESH} 
     1	7.32951211863e-09
     2	6.23597434426e-09
     3	5.51465891777e-09
     4	1.01392012234e-08
     5	8.50014088859e-09
     6	7.4486046733e-09
     7	1.45432313563e-08
     8	1.20998712403e-08
     9	1.05372509919e-08

Measurement: edge100_ro91
  step	V(ro91_out)={VTHRESH} 
     1	7.82339199988e-09
     2	6.55033689446e-09
     3	5.74142598811e-09
     4	1.10084476589e-08
     5	9.06157858658e-09
     6	7.85153818607e-09
     7	1.59885295646e-08
     8	1.30517820779e-08
     9	1.12321530705e-08

Measurement: edge100_ro92
  step	V(ro92_out)={VTHRESH} 
     1	7.52261926555e-09
     2	6.36100371592e-09
     3	5.60653456061e-09
     4	1.04647309353e-08
     5	8.71917714512e-09
     6	7.60958357738e-09
     7	1.50719023212e-08
     8	1.24575349196e-08
     9	1.08038510527e-08

Measurement: edge100_ro93
  step	V(ro93_out)={VTHRESH} 
     1	7.27925926604e-09
     2	6.19589200831e-09
     3	5.48609623453e-09
     4	1.00210257687e-08
     5	8.41600806884e-09
     6	7.38545013723e-09
     7	1.43384489007e-08
     8	1.19519527446e-08
     9	1.0424329156e-08

Measurement: edge100_ro94
  step	V(ro94_out)={VTHRESH} 
     1	6.96763168447e-09
     2	5.989157235e-09
     3	5.33453534113e-09
     4	9.46614870575e-09
     5	8.03866043033e-09
     6	7.10868169033e-09
     7	1.33993597179e-08
     8	1.13018498057e-08
     9	9.93870188664e-09

Measurement: edge100_ro95
  step	V(ro95_out)={VTHRESH} 
     1	6.93597874083e-09
     2	5.9686160656e-09
     3	5.32178307791e-09
     4	9.42154286498e-09
     5	8.01031968768e-09
     6	7.09054166334e-09
     7	1.33203171772e-08
     8	1.12464690894e-08
     9	9.8996178239e-09

Measurement: edge100_ro96
  step	V(ro96_out)={VTHRESH} 
     1	8.18680496393e-09
     2	6.80406688579e-09
     3	5.92588336134e-09
     4	1.16513171044e-08
     5	9.50735296337e-09
     6	8.18200787117e-09
     7	1.70658513951e-08
     8	1.38070925436e-08
     9	1.17990299302e-08

Measurement: edge100_ro97
  step	V(ro97_out)={VTHRESH} 
     1	6.93961874955e-09
     2	5.97518359671e-09
     3	5.32756871143e-09
     4	9.39853042005e-09
     5	7.99577519322e-09
     6	7.07995995553e-09
     7	1.32727061516e-08
     8	1.12176843347e-08
     9	9.88014360313e-09

Measurement: edge100_ro98
  step	V(ro98_out)={VTHRESH} 
     1	7.06918096726e-09
     2	6.05971937357e-09
     3	5.39174787544e-09
     4	9.63823015478e-09
     5	8.16398249564e-09
     6	7.20805654118e-09
     7	1.36780969161e-08
     8	1.15064385636e-08
     9	1.01031908135e-08

Measurement: edge100_ro99
  step	V(ro99_out)={VTHRESH} 
     1	7.41363581272e-09
     2	6.29191490835e-09
     3	5.55948427388e-09
     4	1.02528092387e-08
     5	8.57908608616e-09
     6	7.51104894534e-09
     7	1.47079294217e-08
     8	1.2213412294e-08
     9	1.0626051915e-08

Measurement: edge100_ro100
  step	V(ro100_out)={VTHRESH} 
     1	7.01162855291e-09
     2	6.01648944198e-09
     3	5.35820281928e-09
     4	9.54893138947e-09
     5	8.09605711431e-09
     6	7.15215868653e-09
     7	1.35495842494e-08
     8	1.14078468293e-08
     9	1.00218990168e-08

Measurement: edge100_ro101
  step	V(ro101_out)={VTHRESH} 
     1	7.58074904639e-09
     2	6.39611737769e-09
     3	5.63150123225e-09
     4	1.05438342879e-08
     5	8.76340148426e-09
     6	7.63808344687e-09
     7	1.51953490522e-08
     8	1.25296284347e-08
     9	1.0850475915e-08

Measurement: edge100_ro102
  step	V(ro102_out)={VTHRESH} 
     1	7.85787086483e-09
     2	6.59072864373e-09
     3	5.77520864518e-09
     4	1.10404899555e-08
     5	9.11167734269e-09
     6	7.89725934489e-09
     7	1.60408343218e-08
     8	1.31308850974e-08
     9	1.13064047146e-08

Measurement: edge100_ro103
  step	V(ro103_out)={VTHRESH} 
     1	6.87809411607e-09
     2	5.93081613168e-09
     3	5.29658867241e-09
     4	9.2978761978e-09
     5	7.93198398432e-09
     6	7.03602939723e-09
     7	1.31154150143e-08
     8	1.11178128129e-08
     9	9.80843755384e-09

Measurement: edge100_ro104
  step	V(ro104_out)={VTHRESH} 
     1	7.1471743419e-09
     2	6.11064600717e-09
     3	5.42477123278e-09
     4	9.79868690611e-09
     5	8.26117575525e-09
     6	7.27288618965e-09
     7	1.3957975805e-08
     8	1.16822558029e-08
     9	1.02237682124e-08

Measurement: edge100_ro105
  step	V(ro105_out)={VTHRESH} 
     1	7.10325044487e-09
     2	6.0623734619e-09
     3	5.3876177695e-09
     4	9.71965964142e-09
     5	8.19311555854e-09
     6	7.21833097344e-09
     7	1.38175494452e-08
     8	1.15615483331e-08
     9	1.01263124348e-08

Measurement: edge100_ro106
  step	V(ro106_out)={VTHRESH} 
     1	7.43886396752e-09
     2	6.30962826643e-09
     3	5.57042310411e-09
     4	1.03070756488e-08
     5	8.61590481073e-09
     6	7.53633042487e-09
     7	1.48161464594e-08
     8	1.229006722e-08
     9	1.06824567394e-08

Measurement: edge100_ro107
  step	V(ro107_out)={VTHRESH} 
     1	6.9391953575e-09
     2	5.97381790953e-09
     3	5.32606069459e-09
     4	9.41557500287e-09
     5	8.01159126404e-09
     6	7.09264150576e-09
     7	1.3309521706e-08
     8	1.12496205488e-08
     9	9.90569975492e-09

Measurement: edge100_ro108
  step	V(ro108_out)={VTHRESH} 
     1	6.86966736341e-09
     2	5.92139514577e-09
     3	5.28761193558e-09
     4	9.29310105466e-09
     5	7.92166216265e-09
     6	7.02463231356e-09
     7	1.31085989876e-08
     8	1.11004560654e-08
     9	9.79052508994e-09

Measurement: edge100_ro109
  step	V(ro109_out)={VTHRESH} 
     1	6.96831151845e-09
     2	5.99250422309e-09
     3	5.33911251499e-09
     4	9.47786418668e-09
     5	8.05334086478e-09
     6	7.12309828881e-09
     7	1.34185847683e-08
     8	1.13252101164e-08
     9	9.96199429478e-09

Measurement: edge100_ro110
  step	V(ro110_out)={VTHRESH} 
     1	7.44860846926e-09
     2	6.31784544083e-09
     3	5.57671039468e-09
     4	1.03229945516e-08
     5	8.63010408424e-09
     6	7.54737329322e-09
     7	1.4833848769e-08
     8	1.23078855469e-08
     9	1.0697772654e-08

Measurement: edge100_ro111
  step	V(ro111_out)={VTHRESH} 
     1	7.77559279075e-09
     2	6.53184692433e-09
     3	5.73605965017e-09
     4	1.0862578707e-08
     5	8.98945303833e-09
     6	7.80743933666e-09
     7	1.57158937478e-08
     8	1.29045973496e-08
     9	1.11360094203e-08

Measurement: edge100_ro112
  step	V(ro112_out)={VTHRESH} 
     1	6.88457347351e-09
     2	5.92948204026e-09
     3	5.291186262e-09
     4	9.34529748596e-09
     5	7.95771488791e-09
     6	7.05069687102e-09
     7	1.3208486785e-08
     8	1.11718427428e-08
     9	9.84425308124e-09

Measurement: edge100_ro113
  step	V(ro113_out)={VTHRESH} 
     1	7.25101782658e-09
     2	6.18048955812e-09
     3	5.47439174611e-09
     4	9.983325337e-09
     5	8.39625336397e-09
     6	7.37355043943e-09
     7	1.42769622678e-08
     8	1.19203281214e-08
     9	1.04060264215e-08

Measurement: edge100_ro114
  step	V(ro114_out)={VTHRESH} 
     1	7.26142080932e-09
     2	6.19279620854e-09
     3	5.48854374715e-09
     4	9.97285134649e-09
     5	8.39694157288e-09
     6	7.37929015431e-09
     7	1.42423661159e-08
     8	1.19063822841e-08
     9	1.04025599366e-08

Measurement: edge100_ro115
  step	V(ro115_out)={VTHRESH} 
     1	7.46806698056e-09
     2	6.33108685449e-09
     3	5.58640974069e-09
     4	1.0318849895e-08
     5	8.62263282192e-09
     6	7.53963759052e-09
     7	1.48179995441e-08
     8	1.22878558323e-08
     9	1.06795331136e-08

Measurement: edge100_ro116
  step	V(ro116_out)={VTHRESH} 
     1	7.30366432685e-09
     2	6.21925014907e-09
     3	5.50700185814e-09
     4	1.00028689618e-08
     5	8.41203064712e-09
     6	7.3867124246e-09
     7	1.42602605711e-08
     8	1.19078916744e-08
     9	1.03963973272e-08

Measurement: edge100_ro117
  step	V(ro117_out)={VTHRESH} 
     1	7.15683495198e-09
     2	6.12297033806e-09
     3	5.43612967169e-09
     4	9.780802179e-09
     5	8.26350867875e-09
     6	7.27760788411e-09
     7	1.39215475846e-08
     8	1.16800723899e-08
     9	1.02278683457e-08

Measurement: edge100_ro118
  step	V(ro118_out)={VTHRESH} 
     1	7.45318359771e-09
     2	6.30672907923e-09
     3	5.56395708104e-09
     4	1.03661540704e-08
     5	8.6386844637e-09
     6	7.54390797698e-09
     7	1.49148862691e-08
     8	1.23291407604e-08
     9	1.06984065066e-08

Measurement: edge100_ro119
  step	V(ro119_out)={VTHRESH} 
     1	7.7896280325e-09
     2	6.54543342967e-09
     3	5.74227118309e-09
     4	1.09331466921e-08
     5	9.04448222141e-09
     6	7.85141297187e-09
     7	1.58688275915e-08
     8	1.30239267506e-08
     9	1.12321096455e-08

Measurement: edge100_ro120
  step	V(ro120_out)={VTHRESH} 
     1	7.70074715517e-09
     2	6.47741861301e-09
     3	5.69288435696e-09
     4	1.07113297252e-08
     5	8.88596642991e-09
     6	7.73083642282e-09
     7	1.54649469301e-08
     8	1.27318779406e-08
     9	1.10080268248e-08

Measurement: edge100_ro121
  step	V(ro121_out)={VTHRESH} 
     1	7.87379988362e-09
     2	6.60302179572e-09
     3	5.78533025834e-09
     4	1.10524276213e-08
     5	9.12714008751e-09
     6	7.90978674245e-09
     7	1.60435378157e-08
     8	1.3136222454e-08
     9	1.13139912567e-08

Measurement: edge100_ro122
  step	V(ro122_out)={VTHRESH} 
     1	7.59599681972e-09
     2	6.41548831253e-09
     3	5.64986312704e-09
     4	1.05791832718e-08
     5	8.80265776268e-09
     6	7.67421526937e-09
     7	1.52793612752e-08
     8	1.26135930476e-08
     9	1.09255825736e-08

Measurement: edge100_ro123
  step	V(ro123_out)={VTHRESH} 
     1	7.86779286421e-09
     2	6.58531242776e-09
     3	5.76765889251e-09
     4	1.10593927812e-08
     5	9.10924534388e-09
     6	7.88865217525e-09
     7	1.60631399544e-08
     8	1.31180137188e-08
     9	1.12864604456e-08

Measurement: edge100_ro124
  step	V(ro124_out)={VTHRESH} 
     1	7.49187644727e-09
     2	6.31711907768e-09
     3	5.56628834134e-09
     4	1.04176670899e-08
     5	8.64762396918e-09
     6	7.54054010358e-09
     7	1.49927561539e-08
     8	1.23432756121e-08
     9	1.06924058488e-08

Measurement: edge100_ro125
  step	V(ro125_out)={VTHRESH} 
     1	7.31325319334e-09
     2	6.21701012783e-09
     3	5.50274129343e-09
     4	1.00656275024e-08
     5	8.44706911679e-09
     6	7.40896842151e-09
     7	1.44010501327e-08
     8	1.19943938379e-08
     9	1.04561913862e-08

Measurement: edge100_ro126
  step	V(ro126_out)={VTHRESH} 
     1	7.42574433678e-09
     2	6.29629809605e-09
     3	5.55773209591e-09
     4	1.02922252156e-08
     5	8.59719359964e-09
     6	7.5188944576e-09
     7	1.47827978579e-08
     8	1.22523714572e-08
     9	1.06478630118e-08

Measurement: edge100_ro127
  step	V(ro127_out)={VTHRESH} 
     1	7.36610210655e-09
     2	6.26513853925e-09
     3	5.54063192159e-09
     4	1.01457952438e-08
     5	8.51528802073e-09
     6	7.46583218189e-09
     7	1.45242863728e-08
     8	1.21038102756e-08
     9	1.0549799135e-08
