LTspice 26.0.2 for Windows
Circuit: C:\Users\JUST\Documents\LTspice\RO_PUF_PVT_100\chip_072_PVT.net
Start Time: Mon Jul 20 06:53:26 2026
Options:plotwinsize=0 numdgt=10 reltol=1e-4 abstol=1e-12 vntol=1e-6 reltol=0.003 vntol=1m abstol=1e-10 gmin=1e-10 threads=1

.step vddval=0.9 temp=-20°
solver = Normal
Maximum thread count: 1
tnom = 27
temp = -20
method = trap
gmin = 1e-10
abstol = 1e-10
reltol = 0.003
volttol = 0.001
Per .tran options, skipping operating point for transient analysis.

.step vddval=1 temp=-20°

.step vddval=1.1 temp=-20°

.step vddval=0.9 temp=25°

.step vddval=1 temp=25°

.step vddval=1.1 temp=25°

.step vddval=0.9 temp=80°

.step vddval=1 temp=80°

.step vddval=1.1 temp=80°
Total elapsed time: 1808.609 seconds.

Files loaded:
C:\Users\JUST\Documents\LTspice\RO_PUF_PVT_100\chip_072_PVT.net
C:\Users\JUST\Documents\LTspice\RO_PUF_PVT_100\45nm_HP.pm
C:\Users\JUST\Documents\LTspice\RO_PUF_PVT_100\chip_072_mismatch.inc


Measurement: t_ro0
  step	t_ro0	FROM	TO
     1	6.06273085771e-09	1.46188803078e-09	7.52461888848e-09
     2	5.15499209544e-09	1.23886721054e-09	6.39385930598e-09
     3	4.56726157958e-09	1.09567933325e-09	5.66294091283e-09
     4	8.39754616868e-09	2.02880276264e-09	1.04263489313e-08
     5	7.01930607276e-09	1.68955614745e-09	8.70886222021e-09
     6	6.13633882812e-09	1.4740476546e-09	7.61038648272e-09
     7	1.20746900059e-08	2.91997641769e-09	1.49946664236e-08
     8	1.0017652778e-08	2.41384117275e-09	1.24314939508e-08
     9	8.7034175869e-09	2.09309972399e-09	1.07965173109e-08

Measurement: t_ro1
  step	t_ro1	FROM	TO
     1	5.88434679152e-09	1.41769272907e-09	7.30203952059e-09
     2	5.03239455589e-09	1.20858947551e-09	6.2409840314e-09
     3	4.47966656711e-09	1.07319647688e-09	5.55286304399e-09
     4	8.07645328179e-09	1.95001520185e-09	1.00264684836e-08
     5	6.79981804099e-09	1.63605791397e-09	8.43587595496e-09
     6	5.97451886469e-09	1.43425802123e-09	7.40877688592e-09
     7	1.15343338547e-08	2.78891195102e-09	1.43232458057e-08
     8	9.64271415032e-09	2.32333515045e-09	1.19660493008e-08
     9	8.42248529156e-09	2.0251361592e-09	1.04476214508e-08

Measurement: t_ro2
  step	t_ro2	FROM	TO
     1	5.8637021713e-09	1.40213401595e-09	7.26583618725e-09
     2	5.01521010316e-09	1.19800498308e-09	6.21321508625e-09
     3	4.46408966574e-09	1.066037646e-09	5.53012731173e-09
     4	8.07124333694e-09	1.92976839585e-09	1.00010117328e-08
     5	6.78799431895e-09	1.62144713915e-09	8.40944145809e-09
     6	5.96196110356e-09	1.42354132534e-09	7.3855024289e-09
     7	1.15387834385e-08	2.75810660219e-09	1.42968900407e-08
     8	9.63140392028e-09	2.30022460388e-09	1.19316285242e-08
     9	8.40749065126e-09	2.00711082664e-09	1.04146014779e-08

Measurement: t_ro3
  step	t_ro3	FROM	TO
     1	5.9911439939e-09	1.43962120883e-09	7.43076520273e-09
     2	5.10397242624e-09	1.22399369543e-09	6.32796612166e-09
     3	4.52925801796e-09	1.08505217828e-09	5.61431019625e-09
     4	8.27201990016e-09	1.98875505642e-09	1.02607749566e-08
     5	6.92243916203e-09	1.6608404809e-09	8.58327964293e-09
     6	6.0619019001e-09	1.45280134255e-09	7.51470324265e-09
     7	1.18551738563e-08	2.85124857086e-09	1.47064224271e-08
     8	9.84609259699e-09	2.3629609948e-09	1.22090535918e-08
     9	8.56874908691e-09	2.05401188207e-09	1.0622760969e-08

Measurement: t_ro4
  step	t_ro4	FROM	TO
     1	5.88992531504e-09	1.41568045286e-09	7.3056057679e-09
     2	5.02266553993e-09	1.20703008481e-09	6.22969562474e-09
     3	4.47801542539e-09	1.0760773997e-09	5.55409282509e-09
     4	8.13442055664e-09	1.95626407828e-09	1.00906846349e-08
     5	6.813796692e-09	1.63830542587e-09	8.45210211787e-09
     6	5.97234942843e-09	1.43574584067e-09	7.4080952691e-09
     7	1.16574176433e-08	2.80439670807e-09	1.44618143514e-08
     8	9.6886852246e-09	2.33055733171e-09	1.20192425563e-08
     9	8.43802872244e-09	2.02963469936e-09	1.04676634218e-08

Measurement: t_ro5
  step	t_ro5	FROM	TO
     1	5.99070660831e-09	1.43289643392e-09	7.42360304223e-09
     2	5.11998893187e-09	1.22215378529e-09	6.34214271715e-09
     3	4.53371257409e-09	1.08208103497e-09	5.61579360906e-09
     4	8.2535906637e-09	1.9737302631e-09	1.02273209268e-08
     5	6.92086620626e-09	1.6527915054e-09	8.57365771166e-09
     6	6.06311779548e-09	1.44691911293e-09	7.51003690842e-09
     7	1.18248927003e-08	2.82680849629e-09	1.46517011966e-08
     8	9.84506934539e-09	2.35055454767e-09	1.21956238931e-08
     9	8.57350455736e-09	2.04550746508e-09	1.06190120224e-08

Measurement: t_ro6
  step	t_ro6	FROM	TO
     1	5.77933386009e-09	1.38383524508e-09	7.16316910517e-09
     2	4.95999959957e-09	1.18683323415e-09	6.14683283371e-09
     3	4.41891261732e-09	1.05627437248e-09	5.4751869898e-09
     4	7.903903798e-09	1.89305380664e-09	9.79695760464e-09
     5	6.663675847e-09	1.59396415756e-09	8.25764000456e-09
     6	5.86799506834e-09	1.40249456524e-09	7.27048963359e-09
     7	1.12418025893e-08	2.69205493961e-09	1.39338575289e-08
     8	9.4100145588e-09	2.25059290232e-09	1.16606074611e-08
     9	8.2384588829e-09	1.96878401896e-09	1.02072429019e-08

Measurement: t_ro7
  step	t_ro7	FROM	TO
     1	5.92000151668e-09	1.42100962424e-09	7.34101114092e-09
     2	5.0568240524e-09	1.21198589669e-09	6.26880994909e-09
     3	4.49023020026e-09	1.07553801975e-09	5.56576822e-09
     4	8.19005113828e-09	1.96566976252e-09	1.01557209008e-08
     5	6.86790022389e-09	1.64631044724e-09	8.51421067114e-09
     6	6.01961933822e-09	1.44171162166e-09	7.46133095987e-09
     7	1.17455036157e-08	2.81872670389e-09	1.45642303196e-08
     8	9.7754451377e-09	2.34353437224e-09	1.21189795099e-08
     9	8.51539811723e-09	2.03967410891e-09	1.05550722261e-08

Measurement: t_ro8
  step	t_ro8	FROM	TO
     1	5.92753863523e-09	1.42812800002e-09	7.35566663525e-09
     2	5.05230022004e-09	1.2152905744e-09	6.26759079444e-09
     3	4.4862894918e-09	1.07732372311e-09	5.56361321492e-09
     4	8.18538558288e-09	1.97551622943e-09	1.01609018123e-08
     5	6.85225383787e-09	1.65043027106e-09	8.50268410893e-09
     6	6.00348709371e-09	1.44404185868e-09	7.4475289524e-09
     7	1.17164175229e-08	2.83019021882e-09	1.45466077418e-08
     8	9.73289751783e-09	2.34650876341e-09	1.20794062812e-08
     9	8.47409381122e-09	2.04062187769e-09	1.05147156889e-08

Measurement: t_ro9
  step	t_ro9	FROM	TO
     1	6.41218489622e-09	1.53679370116e-09	7.94897859738e-09
     2	5.38410636916e-09	1.28860843272e-09	6.67271480188e-09
     3	4.72885641437e-09	1.13058401208e-09	5.85944042645e-09
     4	9.03188417514e-09	2.1642677622e-09	1.11961519373e-08
     5	7.43408005528e-09	1.7791251164e-09	9.21320517168e-09
     6	6.4337245957e-09	1.53850316151e-09	7.97222775721e-09
     7	1.31424498e-08	3.14841624425e-09	1.62908660443e-08
     8	1.07285378447e-08	2.56730290899e-09	1.32958407537e-08
     9	9.22164056741e-09	2.20516873952e-09	1.14268093069e-08

Measurement: t_ro10
  step	t_ro10	FROM	TO
     1	5.81681173191e-09	1.39475176472e-09	7.21156349663e-09
     2	4.97201513665e-09	1.19091210606e-09	6.16292724271e-09
     3	4.44299978445e-09	1.06417369255e-09	5.507173477e-09
     4	7.97748266164e-09	1.91300215869e-09	9.89048482032e-09
     5	6.72745227859e-09	1.61155040012e-09	8.3390026787e-09
     6	5.92006983413e-09	1.41787005832e-09	7.33793989245e-09
     7	1.13787795238e-08	2.72800281448e-09	1.41067823383e-08
     8	9.52869782175e-09	2.28213028788e-09	1.18108281096e-08
     9	8.33432345154e-09	1.99534637756e-09	1.03296698291e-08

Measurement: t_ro11
  step	t_ro11	FROM	TO
     1	5.72989621589e-09	1.37712484673e-09	7.10702106262e-09
     2	4.92250976978e-09	1.18061259247e-09	6.10312236224e-09
     3	4.39366953352e-09	1.05279282371e-09	5.44646235724e-09
     4	7.80611746155e-09	1.87833083809e-09	9.68444829964e-09
     5	6.59945492867e-09	1.58437215067e-09	8.18382707934e-09
     6	5.8189615784e-09	1.39519177089e-09	7.21415334929e-09
     7	1.10820708334e-08	2.66757635203e-09	1.37496471854e-08
     8	9.30264037818e-09	2.23444587191e-09	1.15370862501e-08
     9	8.15517954809e-09	1.95619397735e-09	1.01113735254e-08

Measurement: t_ro12
  step	t_ro12	FROM	TO
     1	5.86767962258e-09	1.40871852128e-09	7.27639814386e-09
     2	5.01123849218e-09	1.20132785248e-09	6.21256634467e-09
     3	4.4617260925e-09	1.06821095059e-09	5.52993704309e-09
     4	8.07095943059e-09	1.93878669512e-09	1.00097461257e-08
     5	6.78423337179e-09	1.62706090394e-09	8.41129427574e-09
     6	5.956504087e-09	1.42682080546e-09	7.38332489246e-09
     7	1.15443951797e-08	2.77359240987e-09	1.43179875896e-08
     8	9.63318105778e-09	2.31100272919e-09	1.1944183787e-08
     9	8.40669405394e-09	2.01441045627e-09	1.04211045102e-08

Measurement: t_ro13
  step	t_ro13	FROM	TO
     1	5.75016360407e-09	1.39033029931e-09	7.14049390338e-09
     2	4.93676536333e-09	1.19049926636e-09	6.12726462969e-09
     3	4.404818351e-09	1.06067223332e-09	5.46549058432e-09
     4	7.83250846461e-09	1.89758178435e-09	9.73009024896e-09
     5	6.6198340857e-09	1.59976679185e-09	8.21960087755e-09
     6	5.83719754031e-09	1.40846259474e-09	7.24566013504e-09
     7	1.11217040482e-08	2.69778095699e-09	1.38194850052e-08
     8	9.33311201175e-09	2.25816255199e-09	1.15912745637e-08
     9	8.1819577419e-09	1.97681465801e-09	1.01587723999e-08

Measurement: t_ro14
  step	t_ro14	FROM	TO
     1	5.64681439327e-09	1.35709495921e-09	7.00390935248e-09
     2	4.87084231191e-09	1.1700628634e-09	6.0409051753e-09
     3	4.35912847479e-09	1.04677271471e-09	5.40590118949e-09
     4	7.66317243931e-09	1.84250346264e-09	9.50567590195e-09
     5	6.51113752568e-09	1.56482630859e-09	8.07596383426e-09
     6	5.75962034284e-09	1.38320850646e-09	7.1428288493e-09
     7	1.08486715524e-08	2.60929539579e-09	1.34579669482e-08
     8	9.15637892243e-09	2.20142837575e-09	1.13578072982e-08
     9	8.05286935291e-09	1.93593771313e-09	9.98880706604e-09

Measurement: t_ro15
  step	t_ro15	FROM	TO
     1	6.52969969581e-09	1.56719792109e-09	8.09689761689e-09
     2	5.44000252276e-09	1.30330794515e-09	6.74331046791e-09
     3	4.78333941473e-09	1.14424628617e-09	5.92758570091e-09
     4	9.25468226937e-09	2.22180012023e-09	1.14764823896e-08
     5	7.56406598082e-09	1.81191774949e-09	9.37598373031e-09
     6	6.52209663633e-09	1.56016184427e-09	8.08225848059e-09
     7	1.35175621722e-08	3.2440898505e-09	1.67616520227e-08
     8	1.09542814444e-08	2.62348786444e-09	1.35777693089e-08
     9	9.37864001137e-09	2.2430748694e-09	1.16217148808e-08

Measurement: t_ro16
  step	t_ro16	FROM	TO
     1	6.18886670182e-09	1.48754457264e-09	7.67641127446e-09
     2	5.22901014243e-09	1.25561636659e-09	6.48462650902e-09
     3	4.62393070289e-09	1.10949367016e-09	5.73342437306e-09
     4	8.65876024884e-09	2.08179292543e-09	1.07405531743e-08
     5	7.17629477161e-09	1.72403520334e-09	8.90032997495e-09
     6	6.24135042876e-09	1.49812788619e-09	7.73947831496e-09
     7	1.25382612625e-08	3.01474688389e-09	1.55530081464e-08
     8	1.03058340496e-08	2.47642702943e-09	1.2782261079e-08
     9	8.90281462545e-09	2.13787595087e-09	1.10406905763e-08

Measurement: t_ro17
  step	t_ro17	FROM	TO
     1	5.99298119129e-09	1.436352405e-09	7.42933359629e-09
     2	5.10767817907e-09	1.22095612935e-09	6.32863430842e-09
     3	4.52847049235e-09	1.08156578258e-09	5.61003627493e-09
     4	8.25617434738e-09	1.97947902457e-09	1.0235653372e-08
     5	6.91270798889e-09	1.6538585816e-09	8.56656657049e-09
     6	6.05309195005e-09	1.44600101588e-09	7.49909296593e-09
     7	1.18248107193e-08	2.83439011548e-09	1.46592008348e-08
     8	9.82764342725e-09	2.35119836271e-09	1.217884179e-08
     9	8.55292091425e-09	2.04329969994e-09	1.05962206142e-08

Measurement: t_ro18
  step	t_ro18	FROM	TO
     1	6.24000071009e-09	1.51052426213e-09	7.75052497222e-09
     2	5.26725642662e-09	1.27143133816e-09	6.53868776478e-09
     3	4.63998452099e-09	1.11836884587e-09	5.75835336686e-09
     4	8.77275314832e-09	2.12562034471e-09	1.0898373493e-08
     5	7.24661252316e-09	1.75246160286e-09	8.99907412602e-09
     6	6.29009753617e-09	1.51929486361e-09	7.80939239978e-09
     7	1.2727287806e-08	3.08647833097e-09	1.5813766137e-08
     8	1.04259077723e-08	2.52359726964e-09	1.29495050419e-08
     9	8.98778152773e-09	2.17293575397e-09	1.11607172817e-08

Measurement: t_ro19
  step	t_ro19	FROM	TO
     1	5.81311120622e-09	1.3945610472e-09	7.20767225343e-09
     2	4.9599378371e-09	1.18834674748e-09	6.14828458458e-09
     3	4.42319452623e-09	1.05936467449e-09	5.48255920072e-09
     4	8.00610377426e-09	1.92098101803e-09	9.92708479229e-09
     5	6.72010603511e-09	1.6109370433e-09	8.33104307841e-09
     6	5.90432783246e-09	1.41421292024e-09	7.3185407527e-09
     7	1.14357722196e-08	2.7443280646e-09	1.41801002842e-08
     8	9.5242057804e-09	2.28321421544e-09	1.18074199958e-08
     9	8.31278709638e-09	1.99131096498e-09	1.03040980614e-08

Measurement: t_ro20
  step	t_ro20	FROM	TO
     1	5.9919759682e-09	1.43610373585e-09	7.42807970405e-09
     2	5.10294013061e-09	1.22152714859e-09	6.3244672792e-09
     3	4.52581615399e-09	1.08254874079e-09	5.60836489479e-09
     4	8.30159423905e-09	1.98971000091e-09	1.029130424e-08
     5	6.94570420403e-09	1.66292161903e-09	8.60862582306e-09
     6	6.07809623615e-09	1.45398969529e-09	7.53208593144e-09
     7	1.19312692481e-08	2.8593419697e-09	1.47906112178e-08
     8	9.90744913704e-09	2.37197368509e-09	1.22794228221e-08
     9	8.61494532672e-09	2.06106882057e-09	1.06760141473e-08

Measurement: t_ro21
  step	t_ro21	FROM	TO
     1	6.10343046156e-09	1.46905203986e-09	7.57248250143e-09
     2	5.17596996485e-09	1.24499835866e-09	6.42096832351e-09
     3	4.58232981972e-09	1.10161807669e-09	5.68394789641e-09
     4	8.47976319116e-09	2.04221515173e-09	1.05219783429e-08
     5	7.06405759854e-09	1.70081988061e-09	8.76487747915e-09
     6	6.16402957565e-09	1.48334237037e-09	7.64737194603e-09
     7	1.22181171178e-08	2.94612551486e-09	1.51642426327e-08
     8	1.01043229778e-08	2.43467832662e-09	1.25390013045e-08
     9	8.76103665645e-09	2.11005950547e-09	1.08710961619e-08

Measurement: t_ro22
  step	t_ro22	FROM	TO
     1	6.11981755174e-09	1.46600341709e-09	7.58582096883e-09
     2	5.18713328217e-09	1.2408772139e-09	6.42801049607e-09
     3	4.59096991464e-09	1.0974144458e-09	5.68838436043e-09
     4	8.51480740056e-09	2.03983924579e-09	1.05546466463e-08
     5	7.08954880768e-09	1.69597792763e-09	8.78552673531e-09
     6	6.18417721274e-09	1.47818162455e-09	7.66235883729e-09
     7	1.22717067946e-08	2.93912434771e-09	1.52108311423e-08
     8	1.0139851981e-08	2.42524788626e-09	1.25650998673e-08
     9	8.78860360472e-09	2.10027582812e-09	1.08888794328e-08

Measurement: t_ro23
  step	t_ro23	FROM	TO
     1	5.71688345371e-09	1.37395249074e-09	7.09083594445e-09
     2	4.91703977974e-09	1.18003853482e-09	6.09707831456e-09
     3	4.39103454489e-09	1.05285999542e-09	5.44389454032e-09
     4	7.79544974041e-09	1.87452775405e-09	9.66997749446e-09
     5	6.59932323396e-09	1.584588815e-09	8.18391204896e-09
     6	5.82203148201e-09	1.39653624357e-09	7.21856772557e-09
     7	1.10714499573e-08	2.66272496582e-09	1.37341749231e-08
     8	9.30672943709e-09	2.23548531391e-09	1.1542214751e-08
     9	8.1631075028e-09	1.95871771203e-09	1.01218252148e-08

Measurement: t_ro24
  step	t_ro24	FROM	TO
     1	5.79347692571e-09	1.38921624017e-09	7.18269316588e-09
     2	4.96000007185e-09	1.18727619353e-09	6.14727626537e-09
     3	4.42611146122e-09	1.05966553291e-09	5.48577699413e-09
     4	7.94088532796e-09	1.90450708464e-09	9.8453924126e-09
     5	6.69565664167e-09	1.60420258431e-09	8.29985922599e-09
     6	5.89185882127e-09	1.4106516697e-09	7.30251049097e-09
     7	1.13275104948e-08	2.71678940388e-09	1.40442998987e-08
     8	9.48316842364e-09	2.27215621988e-09	1.17553246435e-08
     9	8.2956358013e-09	1.98628153872e-09	1.028191734e-08

Measurement: t_ro25
  step	t_ro25	FROM	TO
     1	5.96887564064e-09	1.42806391618e-09	7.39693955682e-09
     2	5.09194145644e-09	1.21589809374e-09	6.30783955018e-09
     3	4.52068179191e-09	1.07849536796e-09	5.59917715987e-09
     4	8.24585956158e-09	1.97272405045e-09	1.0218583612e-08
     5	6.90947329884e-09	1.65001706569e-09	8.55949036453e-09
     6	6.05241823761e-09	1.44394126481e-09	7.49635950242e-09
     7	1.18266455069e-08	2.82824836557e-09	1.46548938724e-08
     8	9.8351371156e-09	2.34818204467e-09	1.21833191603e-08
     9	8.56136788641e-09	2.04205781286e-09	1.06034256993e-08

Measurement: t_ro26
  step	t_ro26	FROM	TO
     1	6.29605686103e-09	1.50850049558e-09	7.80455735661e-09
     2	5.30078290379e-09	1.26782136725e-09	6.56860427104e-09
     3	4.67292869632e-09	1.11716397524e-09	5.79009267156e-09
     4	8.84337290961e-09	2.11870077948e-09	1.09620736891e-08
     5	7.31005313983e-09	1.74878533827e-09	9.0588384781e-09
     6	6.34336638096e-09	1.51623592127e-09	7.85960230223e-09
     7	1.284527126e-08	3.07657075367e-09	1.59218420137e-08
     8	1.05333316994e-08	2.51942884441e-09	1.30527605438e-08
     9	9.07994776778e-09	2.16990558411e-09	1.12498533519e-08

Measurement: t_ro27
  step	t_ro27	FROM	TO
     1	5.67953900642e-09	1.36731345701e-09	7.04685246343e-09
     2	4.89534644913e-09	1.17739505296e-09	6.07274150209e-09
     3	4.37648045246e-09	1.05177522864e-09	5.4282556811e-09
     4	7.72176499128e-09	1.86231182789e-09	9.58407681917e-09
     5	6.55286370124e-09	1.57795707948e-09	8.13082078071e-09
     6	5.78928973873e-09	1.3929128591e-09	7.18220259783e-09
     7	1.09440921314e-08	2.6432964709e-09	1.35873886023e-08
     8	9.22497593338e-09	2.22370196482e-09	1.14486778982e-08
     9	8.10498732276e-09	1.95192488396e-09	1.00569122067e-08

Measurement: t_ro28
  step	t_ro28	FROM	TO
     1	5.83820243346e-09	1.3963276175e-09	7.23453005096e-09
     2	4.99613992378e-09	1.1929829715e-09	6.18912289529e-09
     3	4.450830852e-09	1.06169602947e-09	5.51252688147e-09
     4	8.01750857204e-09	1.91750944649e-09	9.93501801852e-09
     5	6.74668060971e-09	1.61122363596e-09	8.35790424567e-09
     6	5.92814370966e-09	1.41440090289e-09	7.34254461255e-09
     7	1.14466286223e-08	2.73692515002e-09	1.41835537723e-08
     8	9.56032864456e-09	2.28288300188e-09	1.18432116464e-08
     9	8.35041203227e-09	1.99216115835e-09	1.03425731906e-08

Measurement: t_ro29
  step	t_ro29	FROM	TO
     1	6.1036388443e-09	1.46393004356e-09	7.56756888786e-09
     2	5.16144225716e-09	1.23617292392e-09	6.39761518108e-09
     3	4.56711229759e-09	1.0928775507e-09	5.65998984829e-09
     4	8.53130476227e-09	2.04690078398e-09	1.05782055463e-08
     5	7.07389313592e-09	1.69451207568e-09	8.76840521161e-09
     6	6.16246556722e-09	1.47479111087e-09	7.63725667809e-09
     7	1.23085966542e-08	2.95284836889e-09	1.52614450231e-08
     8	1.01198046366e-08	2.42409432805e-09	1.25438989647e-08
     9	8.75566108507e-09	2.0953172278e-09	1.08509783129e-08

Measurement: t_ro30
  step	t_ro30	FROM	TO
     1	5.65634493613e-09	1.35699302093e-09	7.01333795706e-09
     2	4.8644444811e-09	1.16572075445e-09	6.03016523555e-09
     3	4.35197459819e-09	1.04229576468e-09	5.39427036287e-09
     4	7.7200502972e-09	1.85251502955e-09	9.57256532675e-09
     5	6.53528850345e-09	1.56685249993e-09	8.10214100338e-09
     6	5.76977612547e-09	1.38225248831e-09	7.15202861378e-09
     7	1.09702052884e-08	2.63251197013e-09	1.36027172585e-08
     8	9.21837518014e-09	2.21034282355e-09	1.14287180037e-08
     9	8.09117809522e-09	1.93857822722e-09	1.00297563224e-08

Measurement: t_ro31
  step	t_ro31	FROM	TO
     1	5.91999691645e-09	1.42706224323e-09	7.34705915968e-09
     2	5.03750326327e-09	1.21371464465e-09	6.25121790792e-09
     3	4.47998191423e-09	1.07784996198e-09	5.55783187621e-09
     4	8.15018727178e-09	1.96931696222e-09	1.0119504234e-08
     5	6.81762742212e-09	1.64500249789e-09	8.46262992001e-09
     6	5.97218443911e-09	1.43970837116e-09	7.41189281027e-09
     7	1.16564216414e-08	2.81953894914e-09	1.44759605906e-08
     8	9.67652846209e-09	2.33730636081e-09	1.20138348229e-08
     9	8.42314617377e-09	2.03277148471e-09	1.04559176585e-08

Measurement: t_ro32
  step	t_ro32	FROM	TO
     1	6.21287269613e-09	1.48741718427e-09	7.70028988041e-09
     2	5.23476261641e-09	1.25121034079e-09	6.4859729572e-09
     3	4.61216902314e-09	1.1014941358e-09	5.71366315894e-09
     4	8.70513174442e-09	2.0839736199e-09	1.07891053643e-08
     5	7.17767284157e-09	1.71573369197e-09	8.89340653354e-09
     6	6.23069345397e-09	1.48781666661e-09	7.71851012058e-09
     7	1.26172948371e-08	3.01964707184e-09	1.5636941909e-08
     8	1.03083591117e-08	2.46380738577e-09	1.27721664975e-08
     9	8.88354936375e-09	2.12113197079e-09	1.10046813345e-08

Measurement: t_ro33
  step	t_ro33	FROM	TO
     1	6.50773272773e-09	1.56256676044e-09	8.07029948818e-09
     2	5.44000178493e-09	1.30373980861e-09	6.74374159355e-09
     3	4.76515279791e-09	1.14243919043e-09	5.90759198834e-09
     4	9.22266533845e-09	2.21497624442e-09	1.14376415829e-08
     5	7.55235864306e-09	1.81183383007e-09	9.36419247314e-09
     6	6.51542576883e-09	1.56232143087e-09	8.0777471997e-09
     7	1.34786438458e-08	3.23687462201e-09	1.67155184678e-08
     8	1.0943671584e-08	2.62542101015e-09	1.35690925942e-08
     9	9.37446900422e-09	2.24802048098e-09	1.16224894852e-08

Measurement: t_ro34
  step	t_ro34	FROM	TO
     1	6.12123928555e-09	1.46624187519e-09	7.58748116074e-09
     2	5.19242044952e-09	1.24210169519e-09	6.43452214471e-09
     3	4.59298112199e-09	1.0981182999e-09	5.69109942189e-09
     4	8.49542674145e-09	2.03530482421e-09	1.05307315657e-08
     5	7.077991889e-09	1.69339049639e-09	8.77138238539e-09
     6	6.17480116176e-09	1.47628253434e-09	7.6510836961e-09
     7	1.22317780036e-08	2.9296332448e-09	1.51614112484e-08
     8	1.01133467918e-08	2.41918698969e-09	1.25325337815e-08
     9	8.76732882866e-09	2.09578710967e-09	1.08631159383e-08

Measurement: t_ro35
  step	t_ro35	FROM	TO
     1	5.89667542179e-09	1.41158175158e-09	7.30825717337e-09
     2	5.02434199212e-09	1.20166890532e-09	6.22601089744e-09
     3	4.47118846398e-09	1.06906027285e-09	5.54024873683e-09
     4	8.12692643198e-09	1.94502599034e-09	1.00719524223e-08
     5	6.80347240581e-09	1.62698919236e-09	8.43046159817e-09
     6	5.96152944875e-09	1.4250927807e-09	7.38662222945e-09
     7	1.16374715617e-08	2.78442038695e-09	1.44218919486e-08
     8	9.66610298001e-09	2.3109694755e-09	1.19770724555e-08
     9	8.41597667101e-09	2.0112432226e-09	1.04272198936e-08

Measurement: t_ro36
  step	t_ro36	FROM	TO
     1	5.79262226e-09	1.39266655716e-09	7.18528881716e-09
     2	4.9599999062e-09	1.19144507923e-09	6.15144498543e-09
     3	4.42532175956e-09	1.06166575003e-09	5.48698750959e-09
     4	7.94383756404e-09	1.91088250284e-09	9.85472006688e-09
     5	6.6937012589e-09	1.60851271268e-09	8.30221397157e-09
     6	5.88806015247e-09	1.41367141555e-09	7.30173156802e-09
     7	1.13240389758e-08	2.7248394535e-09	1.40488784293e-08
     8	9.47170379984e-09	2.27706003781e-09	1.17487638376e-08
     9	8.2818488037e-09	1.98935987996e-09	1.02712086837e-08

Measurement: t_ro37
  step	t_ro37	FROM	TO
     1	6.12945176161e-09	1.46812936141e-09	7.59758112302e-09
     2	5.19104604255e-09	1.24153804337e-09	6.43258408591e-09
     3	4.59066016677e-09	1.09722646823e-09	5.687886635e-09
     4	8.55167453865e-09	2.04774448547e-09	1.05994190241e-08
     5	7.10653845109e-09	1.69954970838e-09	8.80608815947e-09
     6	6.19308415424e-09	1.48007952433e-09	7.67316367856e-09
     7	1.23364588593e-08	2.9525824055e-09	1.52890412648e-08
     8	1.01712046099e-08	2.43180595376e-09	1.26030105636e-08
     9	8.8065474157e-09	2.10400006583e-09	1.09105474815e-08

Measurement: t_ro38
  step	t_ro38	FROM	TO
     1	6.03002900033e-09	1.44436406118e-09	7.47439306151e-09
     2	5.12000497294e-09	1.22520188387e-09	6.34520685681e-09
     3	4.53649240139e-09	1.08554153903e-09	5.62203394041e-09
     4	8.35469056635e-09	2.00120416032e-09	1.03558947267e-08
     5	6.97084268367e-09	1.6684553687e-09	8.63929805237e-09
     6	6.09067742031e-09	1.45731496475e-09	7.54799238506e-09
     7	1.2006032253e-08	2.87544760708e-09	1.48814798601e-08
     8	9.93917601306e-09	2.37879146252e-09	1.23179674756e-08
     9	8.62984188726e-09	2.06446225823e-09	1.06943041455e-08

Measurement: t_ro39
  step	t_ro39	FROM	TO
     1	5.88066538774e-09	1.41152626558e-09	7.29219165332e-09
     2	5.02801381995e-09	1.20539650113e-09	6.23341032108e-09
     3	4.47998300003e-09	1.07326851713e-09	5.55325151716e-09
     4	8.08256261836e-09	1.94025923325e-09	1.00228218516e-08
     5	6.80332083637e-09	1.63137933401e-09	8.43470017038e-09
     6	5.97611556961e-09	1.4320641278e-09	7.40817969741e-09
     7	1.155822579e-08	2.77464973553e-09	1.43328755256e-08
     8	9.65985623659e-09	2.31642597707e-09	1.19762822137e-08
     9	8.43520622032e-09	2.02138234564e-09	1.0456588566e-08

Measurement: t_ro40
  step	t_ro40	FROM	TO
     1	5.99310657981e-09	1.44627665343e-09	7.43938323324e-09
     2	5.10890691594e-09	1.2307737945e-09	6.33968071044e-09
     3	4.53110033531e-09	1.0902437656e-09	5.62134410091e-09
     4	8.27252005273e-09	1.99788094651e-09	1.02704009992e-08
     5	6.93287497796e-09	1.67138174188e-09	8.60425671984e-09
     6	6.07137409021e-09	1.46206713482e-09	7.53344122504e-09
     7	1.18684759158e-08	2.86727114268e-09	1.47357470585e-08
     8	9.87389261372e-09	2.38138325186e-09	1.22552758656e-08
     9	8.59404571183e-09	2.07062808606e-09	1.06646737979e-08

Measurement: t_ro41
  step	t_ro41	FROM	TO
     1	6.19586643006e-09	1.48801052858e-09	7.68387695864e-09
     2	5.23708280836e-09	1.25581034944e-09	6.49289315779e-09
     3	4.61967649321e-09	1.10653063839e-09	5.7262071316e-09
     4	8.64019965216e-09	2.07607430414e-09	1.07162739563e-08
     5	7.15935406248e-09	1.71774799876e-09	8.87710206124e-09
     6	6.22895027428e-09	1.49309929142e-09	7.7220495657e-09
     7	1.24707112195e-08	2.99602309685e-09	1.54667343164e-08
     8	1.02504818027e-08	2.45994202479e-09	1.27104238275e-08
     9	8.85861659557e-09	2.12439881559e-09	1.09830154112e-08

Measurement: t_ro42
  step	t_ro42	FROM	TO
     1	6.00826613617e-09	1.44629902347e-09	7.45456515964e-09
     2	5.12001514835e-09	1.23005779419e-09	6.35007294253e-09
     3	4.54080589635e-09	1.08909795315e-09	5.6299038495e-09
     4	8.29926703889e-09	1.99975373971e-09	1.02990207786e-08
     5	6.95332035971e-09	1.67219868817e-09	8.62551904789e-09
     6	6.08737560636e-09	1.46179292006e-09	7.54916852642e-09
     7	1.19137145556e-08	2.87224945987e-09	1.47859640154e-08
     8	9.90972732491e-09	2.38493313741e-09	1.22946604623e-08
     9	8.62321067805e-09	2.07267514181e-09	1.06958858199e-08

Measurement: t_ro43
  step	t_ro43	FROM	TO
     1	6.24000139634e-09	1.50686156074e-09	7.74686295707e-09
     2	5.26870983736e-09	1.27101733703e-09	6.53972717439e-09
     3	4.64000008897e-09	1.11692021728e-09	5.75692030624e-09
     4	8.77102226082e-09	2.11946809497e-09	1.08904903558e-08
     5	7.24537636779e-09	1.74877686449e-09	8.99415323228e-09
     6	6.29017526688e-09	1.51676552442e-09	7.8069407913e-09
     7	1.2725620518e-08	3.07631902882e-09	1.58019395469e-08
     8	1.04245734486e-08	2.51734198787e-09	1.29419154365e-08
     9	8.98775018578e-09	2.16849550471e-09	1.11562456905e-08

Measurement: t_ro44
  step	t_ro44	FROM	TO
     1	6.33810787898e-09	1.52094994418e-09	7.85905782317e-09
     2	5.32214808085e-09	1.2754933691e-09	6.59764144995e-09
     3	4.68473625945e-09	1.12143556692e-09	5.80617182637e-09
     4	8.91285385409e-09	2.13926447367e-09	1.10521183278e-08
     5	7.34506616496e-09	1.76092217177e-09	9.10598833673e-09
     6	6.36344413653e-09	1.52397990121e-09	7.88742403773e-09
     7	1.29518391745e-08	3.10854471534e-09	1.60603838898e-08
     8	1.05869115471e-08	2.53836565556e-09	1.31252772026e-08
     9	9.11047355917e-09	2.18244764344e-09	1.12929212026e-08

Measurement: t_ro45
  step	t_ro45	FROM	TO
     1	5.73333544688e-09	1.37184076561e-09	7.1051762125e-09
     2	4.92390023556e-09	1.17655526836e-09	6.10045550392e-09
     3	4.39130746927e-09	1.04877533903e-09	5.4400828083e-09
     4	7.81918063061e-09	1.87067611585e-09	9.68985674646e-09
     5	6.60484844309e-09	1.57838216352e-09	8.1832306066e-09
     6	5.82193535021e-09	1.39024686547e-09	7.21218221568e-09
     7	1.11110361819e-08	2.65669817678e-09	1.37677343586e-08
     8	9.31774884031e-09	2.22573066807e-09	1.15434795084e-08
     9	8.16533329513e-09	1.94917806851e-09	1.01145113636e-08

Measurement: t_ro46
  step	t_ro46	FROM	TO
     1	6.2038572307e-09	1.49021080473e-09	7.69406803543e-09
     2	5.23599552503e-09	1.25525281185e-09	6.49124833688e-09
     3	4.64001052517e-09	1.10882498565e-09	5.74883551083e-09
     4	8.69756265426e-09	2.0903671728e-09	1.07879298271e-08
     5	7.19967397216e-09	1.72673112661e-09	8.92640509878e-09
     6	6.25667957622e-09	1.49845515809e-09	7.75513473431e-09
     7	1.26062527442e-08	3.03003907223e-09	1.56362918164e-08
     8	1.03466579769e-08	2.48310171305e-09	1.28297596899e-08
     9	8.93239141244e-09	2.14047749183e-09	1.10728689043e-08

Measurement: t_ro47
  step	t_ro47	FROM	TO
     1	6.04570006503e-09	1.4521105609e-09	7.49781062593e-09
     2	5.13577020299e-09	1.230439301e-09	6.36620950399e-09
     3	4.55463561795e-09	1.0899839146e-09	5.64461953255e-09
     4	8.3877874096e-09	2.01563049115e-09	1.04034179008e-08
     5	7.00305377085e-09	1.67863203846e-09	8.68168580931e-09
     6	6.12071670702e-09	1.46549604372e-09	7.58621275074e-09
     7	1.20641527682e-08	2.89868487781e-09	1.49628376461e-08
     8	9.99397203187e-09	2.39592281012e-09	1.2389894842e-08
     9	8.67940896598e-09	2.07848212601e-09	1.0757891092e-08

Measurement: t_ro48
  step	t_ro48	FROM	TO
     1	5.63509349429e-09	1.35386114508e-09	6.98895463938e-09
     2	4.85829019828e-09	1.16501510902e-09	6.0233053073e-09
     3	4.3485413255e-09	1.0413945936e-09	5.3899359191e-09
     4	7.64139176372e-09	1.83698358191e-09	9.47837534563e-09
     5	6.48747037936e-09	1.55687047371e-09	8.04434085306e-09
     6	5.73739839252e-09	1.37504725887e-09	7.11244565139e-09
     7	1.08054992896e-08	2.59861427334e-09	1.3404113563e-08
     8	9.11187081047e-09	2.18783815428e-09	1.12997089648e-08
     9	8.01312702705e-09	1.92143087212e-09	9.93455789917e-09

Measurement: t_ro49
  step	t_ro49	FROM	TO
     1	5.82587563721e-09	1.40599460757e-09	7.23187024477e-09
     2	4.98339272169e-09	1.20163832733e-09	6.18503104902e-09
     3	4.43743593721e-09	1.06969415163e-09	5.50713008884e-09
     4	8.007288414e-09	1.93497729375e-09	9.94226570775e-09
     5	6.73575528e-09	1.62653769834e-09	8.36229297835e-09
     6	5.91980437861e-09	1.42852372114e-09	7.34832809976e-09
     7	1.14464628296e-08	2.76846215371e-09	1.42149249833e-08
     8	9.55533436866e-09	2.30943683181e-09	1.18647712005e-08
     9	8.34351227886e-09	2.01539429346e-09	1.03589065723e-08

Measurement: t_ro50
  step	t_ro50	FROM	TO
     1	6.32522941018e-09	1.51491032455e-09	7.84013973473e-09
     2	5.32386068224e-09	1.2721044337e-09	6.59596511594e-09
     3	4.68934176095e-09	1.11942557515e-09	5.8087673361e-09
     4	8.86894267586e-09	2.1243718621e-09	1.0993314538e-08
     5	7.32702765553e-09	1.75121659197e-09	9.0782442475e-09
     6	6.35618493148e-09	1.51736694462e-09	7.8735518761e-09
     7	1.28636025537e-08	3.08008749037e-09	1.59436900441e-08
     8	1.05415944815e-08	2.51913519364e-09	1.30607296751e-08
     9	9.08415642883e-09	2.16831654492e-09	1.12524729737e-08

Measurement: t_ro51
  step	t_ro51	FROM	TO
     1	5.92000167658e-09	1.41940081555e-09	7.33940249213e-09
     2	5.0464663401e-09	1.20741319448e-09	6.25387953458e-09
     3	4.47999305024e-09	1.07005586679e-09	5.55004891703e-09
     4	8.16616168247e-09	1.95754970689e-09	1.01237113894e-08
     5	6.84588633814e-09	1.63838034507e-09	8.48426668321e-09
     6	6.00102211212e-09	1.4344677813e-09	7.43548989342e-09
     7	1.17055339163e-08	2.80580122547e-09	1.45113351417e-08
     8	9.73748252699e-09	2.33032784421e-09	1.20678103712e-08
     9	8.48243922856e-09	2.02764932739e-09	1.0510088556e-08

Measurement: t_ro52
  step	t_ro52	FROM	TO
     1	5.9200002104e-09	1.42173040033e-09	7.34173061073e-09
     2	5.06904086988e-09	1.21579111132e-09	6.2848319812e-09
     3	4.50016314485e-09	1.07872216088e-09	5.57888530573e-09
     4	8.15393012289e-09	1.95798659964e-09	1.01119167225e-08
     5	6.84612402062e-09	1.64272360759e-09	8.48884762821e-09
     6	6.00448378364e-09	1.43995523263e-09	7.44443901627e-09
     7	1.16557471027e-08	2.79909708679e-09	1.44548441895e-08
     8	9.71680320015e-09	2.33187707826e-09	1.20486802784e-08
     9	8.47183984395e-09	2.03200644963e-09	1.05038462936e-08

Measurement: t_ro53
  step	t_ro53	FROM	TO
     1	6.00702180641e-09	1.44035927848e-09	7.4473810849e-09
     2	5.11405943305e-09	1.22461477139e-09	6.33867420444e-09
     3	4.53002195658e-09	1.08294602212e-09	5.61296797871e-09
     4	8.32666566155e-09	1.99715381309e-09	1.03238194746e-08
     5	6.95802097705e-09	1.66557115536e-09	8.62359213241e-09
     6	6.08380599215e-09	1.45488452121e-09	7.53869051336e-09
     7	1.19698004201e-08	2.87031544543e-09	1.48401158656e-08
     8	9.92349938769e-09	2.37548818121e-09	1.22989875689e-08
     9	8.62342019711e-09	2.06186182375e-09	1.06852820209e-08

Measurement: t_ro54
  step	t_ro54	FROM	TO
     1	5.8514105476e-09	1.40277515772e-09	7.25418570533e-09
     2	4.99049088238e-09	1.19530708304e-09	6.18579796542e-09
     3	4.43866512731e-09	1.06259991685e-09	5.50126504416e-09
     4	8.09060851067e-09	1.93982103127e-09	1.00304295419e-08
     5	6.77208819551e-09	1.62230586952e-09	8.39439406503e-09
     6	5.9372254008e-09	1.42152648582e-09	7.35875188662e-09
     7	1.16008689921e-08	2.78127360395e-09	1.4382142596e-08
     8	9.6297800101e-09	2.30701538976e-09	1.19367953999e-08
     9	8.38595096616e-09	2.00794822655e-09	1.03938991927e-08

Measurement: t_ro55
  step	t_ro55	FROM	TO
     1	5.77624835487e-09	1.38364119181e-09	7.15988954668e-09
     2	4.95999963857e-09	1.18661976592e-09	6.14661940449e-09
     3	4.41504854851e-09	1.05560088931e-09	5.47064943782e-09
     4	7.93273028422e-09	1.90038474999e-09	9.83311503421e-09
     5	6.68438579258e-09	1.59957963071e-09	8.28396542329e-09
     6	5.88128130009e-09	1.40628717778e-09	7.28756847787e-09
     7	1.13206510926e-08	2.71159435068e-09	1.40322454433e-08
     8	9.46885777627e-09	2.26577055749e-09	1.17346283338e-08
     9	8.28034230015e-09	1.97980873332e-09	1.02601510335e-08

Measurement: t_ro56
  step	t_ro56	FROM	TO
     1	5.90151387304e-09	1.41443265603e-09	7.31594652906e-09
     2	5.03757787145e-09	1.20549320248e-09	6.24307107393e-09
     3	4.4828103192e-09	1.07229983348e-09	5.55511015268e-09
     4	8.13095687667e-09	1.94929476903e-09	1.00802516457e-08
     5	6.83196940749e-09	1.6351772404e-09	8.46714664789e-09
     6	5.99677220562e-09	1.4341397934e-09	7.43091199901e-09
     7	1.16337465733e-08	2.78851045536e-09	1.44222570287e-08
     8	9.70427243268e-09	2.32232500752e-09	1.20265974402e-08
     9	8.46661902027e-09	2.02449158698e-09	1.04911106072e-08

Measurement: t_ro57
  step	t_ro57	FROM	TO
     1	5.90997442524e-09	1.42903429796e-09	7.3390087232e-09
     2	5.03932949653e-09	1.20941805468e-09	6.24874755121e-09
     3	4.48001151448e-09	1.07190630363e-09	5.55191781811e-09
     4	8.16432362965e-09	1.97915113557e-09	1.01434747652e-08
     5	6.84428403502e-09	1.64808056935e-09	8.49236460437e-09
     6	6.00082671715e-09	1.43917338521e-09	7.44000010237e-09
     7	1.16990053381e-08	2.83728989984e-09	1.4536295238e-08
     8	9.72897812282e-09	2.34704188435e-09	1.20760200072e-08
     9	8.47567849817e-09	2.03745288492e-09	1.05131313831e-08

Measurement: t_ro58
  step	t_ro58	FROM	TO
     1	5.91999991993e-09	1.42053724469e-09	7.34053716462e-09
     2	5.0425587335e-09	1.20994239004e-09	6.25250112354e-09
     3	4.47999955488e-09	1.0755895058e-09	5.55558906067e-09
     4	8.16909100994e-09	1.96222974941e-09	1.01313207594e-08
     5	6.84760816245e-09	1.64370124452e-09	8.49130940697e-09
     6	6.00144718037e-09	1.44016575947e-09	7.44161293983e-09
     7	1.17232816015e-08	2.81636481369e-09	1.45396464152e-08
     8	9.75111243442e-09	2.3410860296e-09	1.2092198464e-08
     9	8.49227748846e-09	2.03833336029e-09	1.05306108488e-08

Measurement: t_ro59
  step	t_ro59	FROM	TO
     1	6.34673885359e-09	1.52916868391e-09	7.8759075375e-09
     2	5.33498352063e-09	1.28441821422e-09	6.61940173486e-09
     3	4.69340807455e-09	1.12919967246e-09	5.82260774701e-09
     4	8.93017861626e-09	2.1537756601e-09	1.10839542764e-08
     5	7.36421773517e-09	1.77498258429e-09	9.13920031946e-09
     6	6.38341145285e-09	1.53759165789e-09	7.92100311074e-09
     7	1.29835393561e-08	3.13426166274e-09	1.61178010188e-08
     8	1.0621361711e-08	2.56193870352e-09	1.31833004146e-08
     9	9.14305014377e-09	2.20428909963e-09	1.13473392434e-08

Measurement: t_ro60
  step	t_ro60	FROM	TO
     1	5.7418978676e-09	1.37026947198e-09	7.11216733958e-09
     2	4.92472661965e-09	1.17416393926e-09	6.09889055891e-09
     3	4.39428547864e-09	1.0475913822e-09	5.44187686083e-09
     4	7.83990926791e-09	1.87017668041e-09	9.71008594833e-09
     5	6.61000079522e-09	1.57560564311e-09	8.18560643834e-09
     6	5.82278693133e-09	1.38737992883e-09	7.21016686016e-09
     7	1.11312663954e-08	2.65390923197e-09	1.37851756273e-08
     8	9.31923156863e-09	2.22044420592e-09	1.15396757746e-08
     9	8.15982517856e-09	1.94335999997e-09	1.01031851785e-08

Measurement: t_ro61
  step	t_ro61	FROM	TO
     1	5.69835427332e-09	1.37486854683e-09	7.07322282015e-09
     2	4.90818644819e-09	1.18049651741e-09	6.08868296559e-09
     3	4.3861597744e-09	1.05294176248e-09	5.43910153688e-09
     4	7.75371258024e-09	1.87479679558e-09	9.62850937582e-09
     5	6.5742728684e-09	1.58459907286e-09	8.15887194126e-09
     6	5.80561264501e-09	1.39636826454e-09	7.20198090954e-09
     7	1.09958614769e-08	2.66113147705e-09	1.36569929539e-08
     8	9.25994304568e-09	2.23485964477e-09	1.14948026905e-08
     9	8.13128263425e-09	1.95873721925e-09	1.00900198535e-08

Measurement: t_ro62
  step	t_ro62	FROM	TO
     1	6.03579276363e-09	1.4469876271e-09	7.48278039073e-09
     2	5.1278332732e-09	1.22755932852e-09	6.35539260172e-09
     3	4.55207199614e-09	1.08879519849e-09	5.64086719463e-09
     4	8.33528747906e-09	1.99859411157e-09	1.03338815906e-08
     5	6.97295587433e-09	1.66956551068e-09	8.64252138501e-09
     6	6.09896038873e-09	1.4588862328e-09	7.55784662152e-09
     7	1.19673336803e-08	2.86917526198e-09	1.48365089423e-08
     8	9.93912880366e-09	2.3796870792e-09	1.23188158829e-08
     9	8.64023153498e-09	2.06701877659e-09	1.07072503116e-08

Measurement: t_ro63
  step	t_ro63	FROM	TO
     1	5.73542294173e-09	1.38109955362e-09	7.11652249535e-09
     2	4.93194160568e-09	1.1851584747e-09	6.11710008038e-09
     3	4.39998034312e-09	1.05633956001e-09	5.45631990313e-09
     4	7.82346393372e-09	1.88637851121e-09	9.70984244494e-09
     5	6.61740948097e-09	1.59226148606e-09	8.20967096703e-09
     6	5.83525070089e-09	1.40247128339e-09	7.23772198429e-09
     7	1.11131611297e-08	2.68187346992e-09	1.37950345996e-08
     8	9.33377143056e-09	2.24784789354e-09	1.15816193241e-08
     9	8.18256625916e-09	1.96841222833e-09	1.01509784875e-08

Measurement: t_ro64
  step	t_ro64	FROM	TO
     1	5.79571097494e-09	1.38570000628e-09	7.18141098122e-09
     2	4.96000631782e-09	1.18447632868e-09	6.14448264651e-09
     3	4.42145083307e-09	1.05456881382e-09	5.47601964689e-09
     4	7.9605302707e-09	1.90338727559e-09	9.86391754629e-09
     5	6.69245994474e-09	1.59753482384e-09	8.28999476858e-09
     6	5.88437115387e-09	1.40334020391e-09	7.28771135778e-09
     7	1.13605670272e-08	2.71538463203e-09	1.40759516592e-08
     8	9.47426894372e-09	2.26112752768e-09	1.17353964714e-08
     9	8.27674151887e-09	1.97343531454e-09	1.02501768334e-08

Measurement: t_ro65
  step	t_ro65	FROM	TO
     1	5.81754727848e-09	1.39462338153e-09	7.21217066002e-09
     2	4.9766240885e-09	1.19089412757e-09	6.16751821606e-09
     3	4.44542820379e-09	1.06292540839e-09	5.50835361219e-09
     4	7.97729803426e-09	1.91267241825e-09	9.88997045251e-09
     5	6.72747822343e-09	1.609943781e-09	8.33742200442e-09
     6	5.92007101845e-09	1.41600883099e-09	7.33607984944e-09
     7	1.13727236806e-08	2.72595438384e-09	1.40986780645e-08
     8	9.52419580518e-09	2.27902682905e-09	1.18032226342e-08
     9	8.33293068173e-09	1.99188941378e-09	1.03248200955e-08

Measurement: t_ro66
  step	t_ro66	FROM	TO
     1	5.80179567212e-09	1.38979292465e-09	7.19158859677e-09
     2	4.960000522e-09	1.18700135745e-09	6.14700187945e-09
     3	4.41879100759e-09	1.05582145735e-09	5.47461246494e-09
     4	7.98586736002e-09	1.91314854797e-09	9.89901590799e-09
     5	6.70597966474e-09	1.6042586245e-09	8.31023828924e-09
     6	5.89328434045e-09	1.4085064646e-09	7.30179080506e-09
     7	1.1395327874e-08	2.7295877486e-09	1.41249156226e-08
     8	9.49461810094e-09	2.27146540875e-09	1.17660835097e-08
     9	8.29095735778e-09	1.98162323415e-09	1.02725805919e-08

Measurement: t_ro67
  step	t_ro67	FROM	TO
     1	6.17880041829e-09	1.48801247603e-09	7.66681289432e-09
     2	5.21526002475e-09	1.25419039012e-09	6.46945041487e-09
     3	4.60360258829e-09	1.10553769049e-09	5.70914027877e-09
     4	8.66954710194e-09	2.08936905065e-09	1.07589161526e-08
     5	7.17268416259e-09	1.72648574127e-09	8.89916990386e-09
     6	6.23446545165e-09	1.49923374091e-09	7.73369919256e-09
     7	1.25648828053e-08	3.02896181831e-09	1.55938446237e-08
     8	1.03069787144e-08	2.48205468517e-09	1.27890333995e-08
     9	8.89668341274e-09	2.14054240549e-09	1.10372258182e-08

Measurement: t_ro68
  step	t_ro68	FROM	TO
     1	6.22480652027e-09	1.50678077595e-09	7.73158729622e-09
     2	5.27397892742e-09	1.27151074706e-09	6.54548967448e-09
     3	4.64000375997e-09	1.11571345141e-09	5.75571721138e-09
     4	8.66551241677e-09	2.10028099872e-09	1.07657934155e-08
     5	7.1978824736e-09	1.73712295509e-09	8.93500542869e-09
     6	6.26369330331e-09	1.50836844233e-09	7.77206174564e-09
     7	1.25137033928e-08	3.03420376112e-09	1.55479071539e-08
     8	1.03121345109e-08	2.49127363656e-09	1.28034081474e-08
     9	8.91911189056e-09	2.15017013271e-09	1.10692820233e-08

Measurement: t_ro69
  step	t_ro69	FROM	TO
     1	6.02008909945e-09	1.44750026272e-09	7.46758936217e-09
     2	5.12001225789e-09	1.22983088838e-09	6.34984314627e-09
     3	4.54257361185e-09	1.09060463924e-09	5.63317825108e-09
     4	8.32411197836e-09	2.0028859033e-09	1.03269978817e-08
     5	6.96361883546e-09	1.67375254256e-09	8.63737137802e-09
     6	6.09191193876e-09	1.46332817567e-09	7.55524011443e-09
     7	1.19523984151e-08	2.87617316617e-09	1.48285715812e-08
     8	9.92436464444e-09	2.3861225022e-09	1.23104871466e-08
     9	8.62918479452e-09	2.07383531677e-09	1.07030201113e-08

Measurement: t_ro70
  step	t_ro70	FROM	TO
     1	6.16460283944e-09	1.48372964886e-09	7.6483324883e-09
     2	5.22451487977e-09	1.25510686819e-09	6.47962174796e-09
     3	4.61835051443e-09	1.10901773694e-09	5.72736825137e-09
     4	8.60503891166e-09	2.07368203148e-09	1.06787209431e-08
     5	7.15696909718e-09	1.72166269902e-09	8.8786317962e-09
     6	6.2359336636e-09	1.49839066405e-09	7.73432432765e-09
     7	1.24395696808e-08	3.00060975507e-09	1.54401794358e-08
     8	1.02666807198e-08	2.4719246036e-09	1.27386053234e-08
     9	8.88741844527e-09	2.13774400408e-09	1.10251624493e-08

Measurement: t_ro71
  step	t_ro71	FROM	TO
     1	5.98408387216e-09	1.43595302533e-09	7.42003689749e-09
     2	5.10366738494e-09	1.22174359657e-09	6.32541098151e-09
     3	4.52697808886e-09	1.08186151458e-09	5.60883960344e-09
     4	8.27841598141e-09	1.98722900845e-09	1.02656449899e-08
     5	6.93302539082e-09	1.66012892677e-09	8.59315431758e-09
     6	6.07090235364e-09	1.45146189622e-09	7.52236424986e-09
     7	1.18845962708e-08	2.85275099595e-09	1.47373472667e-08
     8	9.87820018477e-09	2.36561643207e-09	1.22438166168e-08
     9	8.59602655718e-09	2.05536202364e-09	1.06513885808e-08

Measurement: t_ro72
  step	t_ro72	FROM	TO
     1	5.84556018715e-09	1.40124738235e-09	7.2468075695e-09
     2	4.994487204e-09	1.19542186364e-09	6.18990906764e-09
     3	4.44971193592e-09	1.06374247891e-09	5.51345441483e-09
     4	8.05120530202e-09	1.93010484571e-09	9.98131014773e-09
     5	6.76297761471e-09	1.61914334222e-09	8.38212095693e-09
     6	5.93824439774e-09	1.42018080244e-09	7.35842520018e-09
     7	1.15112805171e-08	2.75925409014e-09	1.42705346072e-08
     8	9.59597392657e-09	2.29764645586e-09	1.18936203824e-08
     9	8.37363309498e-09	2.00282131161e-09	1.03764544066e-08

Measurement: t_ro73
  step	t_ro73	FROM	TO
     1	5.64915445716e-09	1.35463503336e-09	7.00378949052e-09
     2	4.86804631423e-09	1.16543283747e-09	6.0334791517e-09
     3	4.35836539996e-09	1.04246118106e-09	5.40082658103e-09
     4	7.68891781372e-09	1.84434536781e-09	9.53326318153e-09
     5	6.52955918179e-09	1.56373046882e-09	8.09328965061e-09
     6	5.77096157985e-09	1.38089144901e-09	7.15185302886e-09
     7	1.09055733334e-08	2.61581191012e-09	1.35213852435e-08
     8	9.1982233463e-09	2.20297843332e-09	1.14012017796e-08
     9	8.08545267082e-09	1.93452129772e-09	1.00199739685e-08

Measurement: t_ro74
  step	t_ro74	FROM	TO
     1	5.5776135785e-09	1.34316355447e-09	6.92077713297e-09
     2	4.8094854012e-09	1.15570483478e-09	5.96519023598e-09
     3	4.31993814584e-09	1.03601384361e-09	5.35595198945e-09
     4	7.55716302013e-09	1.82103862091e-09	9.37820164104e-09
     5	6.42568038815e-09	1.54605817383e-09	7.97173856198e-09
     6	5.68984938112e-09	1.3669473685e-09	7.05679674962e-09
     7	1.06847811627e-08	2.57598831879e-09	1.32607694815e-08
     8	9.02162200781e-09	2.1722034732e-09	1.1193825481e-08
     9	7.9433084374e-09	1.91006185002e-09	9.85337028742e-09

Measurement: t_ro75
  step	t_ro75	FROM	TO
     1	5.91461055963e-09	1.4207229361e-09	7.33533349573e-09
     2	5.05421369367e-09	1.21168071165e-09	6.26589440533e-09
     3	4.49352423343e-09	1.07636461983e-09	5.56988885326e-09
     4	8.12776679171e-09	1.95207253009e-09	1.00798393218e-08
     5	6.83348920933e-09	1.63855866234e-09	8.47204787167e-09
     6	5.99777267836e-09	1.4370836756e-09	7.43485635395e-09
     7	1.16205955407e-08	2.79054189035e-09	1.4411137431e-08
     8	9.69956715754e-09	2.32571183001e-09	1.20252789876e-08
     9	8.46281188583e-09	2.02763938291e-09	1.04904512687e-08

Measurement: t_ro76
  step	t_ro76	FROM	TO
     1	6.39199142506e-09	1.53696675616e-09	7.92895818122e-09
     2	5.35593186415e-09	1.28601651977e-09	6.64194838392e-09
     3	4.70949501053e-09	1.12963763086e-09	5.83913264138e-09
     4	9.00283575187e-09	2.16591346066e-09	1.11687492125e-08
     5	7.40963646259e-09	1.77995163121e-09	9.1895880938e-09
     6	6.41437747284e-09	1.53913027686e-09	7.9535077497e-09
     7	1.31072451588e-08	3.15386105739e-09	1.62611062162e-08
     8	1.06978578601e-08	2.57041551345e-09	1.32682733736e-08
     9	9.19727459016e-09	2.20752345213e-09	1.14047980423e-08

Measurement: t_ro77
  step	t_ro77	FROM	TO
     1	5.79147248648e-09	1.38813572016e-09	7.17960820664e-09
     2	4.97056699969e-09	1.1901890798e-09	6.16075607949e-09
     3	4.43752072435e-09	1.06126042499e-09	5.49878114934e-09
     4	7.91151420222e-09	1.89697778578e-09	9.808491988e-09
     5	6.68706172782e-09	1.60059740056e-09	8.28765912838e-09
     6	5.89061765348e-09	1.4088181732e-09	7.29943582668e-09
     7	1.12526140019e-08	2.69799518101e-09	1.39506091829e-08
     8	9.44579443651e-09	2.26104621421e-09	1.17068406507e-08
     9	8.27346568747e-09	1.97865742383e-09	1.02521231113e-08

Measurement: t_ro78
  step	t_ro78	FROM	TO
     1	6.08001127062e-09	1.46142497314e-09	7.54143624376e-09
     2	5.16663462395e-09	1.23943626926e-09	6.40607089321e-09
     3	4.57279681152e-09	1.09543350192e-09	5.66823031344e-09
     4	8.50124243331e-09	2.04405489663e-09	1.05452973299e-08
     5	7.07691510258e-09	1.69871533023e-09	8.77563043281e-09
     6	6.17161491434e-09	1.47939127008e-09	7.65100618442e-09
     7	1.22757420835e-08	2.95200546868e-09	1.52277475522e-08
     8	1.01387270146e-08	2.43443610105e-09	1.25731631156e-08
     9	8.78429826932e-09	2.10656489032e-09	1.08908631596e-08

Measurement: t_ro79
  step	t_ro79	FROM	TO
     1	5.87499755317e-09	1.41546996966e-09	7.29046752283e-09
     2	5.02192555367e-09	1.20719303185e-09	6.22911858552e-09
     3	4.46860517669e-09	1.07283140918e-09	5.54143658587e-09
     4	8.08092459252e-09	1.94895683881e-09	1.00298814313e-08
     5	6.79020751822e-09	1.63428292723e-09	8.42449044546e-09
     6	5.96163149085e-09	1.43320302803e-09	7.39483451888e-09
     7	1.15445069691e-08	2.78528531356e-09	1.43297922827e-08
     8	9.62748608158e-09	2.31856284587e-09	1.19460489275e-08
     9	8.40126276731e-09	2.02128291618e-09	1.04225456835e-08

Measurement: t_ro80
  step	t_ro80	FROM	TO
     1	6.08000777623e-09	1.46063403692e-09	7.54064181315e-09
     2	5.15160519973e-09	1.23360421806e-09	6.3852094178e-09
     3	4.56660097523e-09	1.09244775706e-09	5.65904873229e-09
     4	8.42389397883e-09	2.02386730117e-09	1.044776128e-08
     5	7.0148876413e-09	1.68095765771e-09	8.69584529901e-09
     6	6.12349523792e-09	1.46522850538e-09	7.58872374329e-09
     7	1.20937120793e-08	2.90597900577e-09	1.49996910851e-08
     8	9.99215213871e-09	2.39483236443e-09	1.23869845031e-08
     9	8.66744761749e-09	2.07431993506e-09	1.07417675525e-08

Measurement: t_ro81
  step	t_ro81	FROM	TO
     1	6.27596686153e-09	1.50294141161e-09	7.77890827313e-09
     2	5.29253413727e-09	1.2650757773e-09	6.55760991457e-09
     3	4.66855242794e-09	1.11494336631e-09	5.78349579425e-09
     4	8.80906671967e-09	2.10970028101e-09	1.09187670007e-08
     5	7.29423252065e-09	1.74351137111e-09	9.03774389175e-09
     6	6.33623607051e-09	1.51308182005e-09	7.84931789055e-09
     7	1.27806984063e-08	3.05965050991e-09	1.58403489162e-08
     8	1.04987040726e-08	2.50897151379e-09	1.30076755864e-08
     9	9.05963632587e-09	2.16305301562e-09	1.12226893415e-08

Measurement: t_ro82
  step	t_ro82	FROM	TO
     1	5.77519221648e-09	1.38410518688e-09	7.15929740336e-09
     2	4.95999493898e-09	1.18609926985e-09	6.14609420883e-09
     3	4.41967064567e-09	1.05700399776e-09	5.47667464343e-09
     4	7.91479528091e-09	1.89744243093e-09	9.81223771185e-09
     5	6.6796053834e-09	1.59901975761e-09	8.27862514101e-09
     6	5.88185556329e-09	1.40689359272e-09	7.28874915601e-09
     7	1.12766543149e-08	2.70314728215e-09	1.39798015971e-08
     8	9.44991254308e-09	2.26213340235e-09	1.17120459454e-08
     9	8.2724384072e-09	1.97851471899e-09	1.02509531262e-08

Measurement: t_ro83
  step	t_ro83	FROM	TO
     1	6.14423793634e-09	1.46761677766e-09	7.61185471401e-09
     2	5.20271508306e-09	1.24131989958e-09	6.44403498264e-09
     3	4.59799502175e-09	1.09678989024e-09	5.69478491199e-09
     4	8.55045960508e-09	2.04228312136e-09	1.05927427264e-08
     5	7.10474487561e-09	1.69526708127e-09	8.80001195688e-09
     6	6.19064135678e-09	1.47640885507e-09	7.66705021185e-09
     7	1.23268934212e-08	2.94324687297e-09	1.52701402942e-08
     8	1.0160679653e-08	2.4238933926e-09	1.25845730456e-08
     9	8.79580726845e-09	2.09719940341e-09	1.08930066719e-08

Measurement: t_ro84
  step	t_ro84	FROM	TO
     1	5.90884525277e-09	1.42392919876e-09	7.33277445152e-09
     2	5.04370476144e-09	1.21177659529e-09	6.25548135673e-09
     3	4.48380520025e-09	1.07496370087e-09	5.55876890112e-09
     4	8.15226860871e-09	1.9679103578e-09	1.01201789665e-08
     5	6.8400738326e-09	1.64573923496e-09	8.48581306756e-09
     6	5.99971293696e-09	1.44075159523e-09	7.44046453219e-09
     7	1.16686965693e-08	2.81908989005e-09	1.44877864593e-08
     8	9.71748373524e-09	2.34027128217e-09	1.20577550174e-08
     9	8.47097958475e-09	2.03632930609e-09	1.05073088908e-08

Measurement: t_ro85
  step	t_ro85	FROM	TO
     1	6.08579964479e-09	1.46266792427e-09	7.54846756906e-09
     2	5.15939808776e-09	1.23911386503e-09	6.39851195279e-09
     3	4.5645371913e-09	1.09529871544e-09	5.65983590674e-09
     4	8.49255008855e-09	2.04362639195e-09	1.05361764805e-08
     5	7.06453499388e-09	1.69802970187e-09	8.76256469575e-09
     6	6.15925821556e-09	1.47909819302e-09	7.63835640857e-09
     7	1.22637988948e-08	2.95218974455e-09	1.52159886393e-08
     8	1.01207546293e-08	2.43372585877e-09	1.25544804881e-08
     9	8.76544651883e-09	2.10622057492e-09	1.08716670938e-08

Measurement: t_ro86
  step	t_ro86	FROM	TO
     1	6.34717344211e-09	1.52521693635e-09	7.87239037846e-09
     2	5.34765024565e-09	1.28194894073e-09	6.62959918638e-09
     3	4.70850710419e-09	1.12721149845e-09	5.83571860264e-09
     4	8.90251822624e-09	2.14044324481e-09	1.1042961471e-08
     5	7.36544209324e-09	1.76682527221e-09	9.13226736545e-09
     6	6.39239354269e-09	1.53111816238e-09	7.92351170507e-09
     7	1.29241661344e-08	3.10723497387e-09	1.60314011082e-08
     8	1.06116869813e-08	2.5457903252e-09	1.31574773065e-08
     9	9.14955629394e-09	2.19212097895e-09	1.13416772729e-08

Measurement: t_ro87
  step	t_ro87	FROM	TO
     1	5.99838092094e-09	1.43506299556e-09	7.4334439165e-09
     2	5.1060644568e-09	1.21982686376e-09	6.32589132056e-09
     3	4.52845666098e-09	1.08154560888e-09	5.61000226986e-09
     4	8.31925645737e-09	1.98991585609e-09	1.03091723135e-08
     5	6.95519425613e-09	1.66179026583e-09	8.61698452196e-09
     6	6.08405702749e-09	1.45306899943e-09	7.53712602692e-09
     7	1.19578244632e-08	2.85979797257e-09	1.48176224358e-08
     8	9.92098377531e-09	2.36978360072e-09	1.2290767376e-08
     9	8.62420122684e-09	2.05884194188e-09	1.06830431687e-08

Measurement: t_ro88
  step	t_ro88	FROM	TO
     1	5.70152324744e-09	1.36964140183e-09	7.07116464926e-09
     2	4.91288562397e-09	1.17833946006e-09	6.09122508402e-09
     3	4.38961265858e-09	1.05192882628e-09	5.44154148487e-09
     4	7.75878921063e-09	1.86469944329e-09	9.62348865393e-09
     5	6.58072154734e-09	1.57946180642e-09	8.16018335376e-09
     6	5.81205913605e-09	1.3936405825e-09	7.20569971854e-09
     7	1.10025017243e-08	2.64478161862e-09	1.36472833429e-08
     8	9.26915747433e-09	2.22540606965e-09	1.1494563544e-08
     9	8.14072938344e-09	1.95264708913e-09	1.00933764726e-08

Measurement: t_ro89
  step	t_ro89	FROM	TO
     1	6.0576954444e-09	1.45564234581e-09	7.5133377902e-09
     2	5.12777058321e-09	1.23073198761e-09	6.35850257082e-09
     3	4.55346630095e-09	1.09225654779e-09	5.64572284873e-09
     4	8.42357558516e-09	2.02471183007e-09	1.04482874152e-08
     5	7.01910787269e-09	1.68548468411e-09	8.7045925568e-09
     6	6.12875823283e-09	1.47078506086e-09	7.59954329369e-09
     7	1.21306557743e-08	2.9162200926e-09	1.50468758669e-08
     8	1.0029326994e-08	2.40878065737e-09	1.24381076513e-08
     9	8.70075185435e-09	2.08845722508e-09	1.07892090794e-08

Measurement: t_ro90
  step	t_ro90	FROM	TO
     1	5.89580845027e-09	1.40551908046e-09	7.30132753073e-09
     2	5.03230945984e-09	1.19933053023e-09	6.23163999007e-09
     3	4.47999516807e-09	1.06754585986e-09	5.54754102793e-09
     4	8.11252077317e-09	1.93282679754e-09	1.00453475707e-08
     5	6.80716438007e-09	1.62125529976e-09	8.42841967983e-09
     6	5.97157052867e-09	1.42188504116e-09	7.39345556983e-09
     7	1.16083634343e-08	2.76402285061e-09	1.4372386285e-08
     8	9.66538770122e-09	2.30076690541e-09	1.19661546066e-08
     9	8.42566175772e-09	2.00524977342e-09	1.04309115311e-08

Measurement: t_ro91
  step	t_ro91	FROM	TO
     1	6.03870721251e-09	1.44316632457e-09	7.48187353708e-09
     2	5.13141741411e-09	1.22424175654e-09	6.35565917065e-09
     3	4.55599907632e-09	1.08622297237e-09	5.64222204869e-09
     4	8.33822886582e-09	1.99268161499e-09	1.03309104808e-08
     5	6.97507076929e-09	1.66409050631e-09	8.6391612756e-09
     6	6.10142128274e-09	1.45446582282e-09	7.55588710556e-09
     7	1.19653037796e-08	2.85845113323e-09	1.48237549128e-08
     8	9.93481186935e-09	2.36975569425e-09	1.23045675636e-08
     9	8.63758025664e-09	2.05851719526e-09	1.06960974519e-08

Measurement: t_ro92
  step	t_ro92	FROM	TO
     1	5.60002110764e-09	1.34042283372e-09	6.94044394136e-09
     2	4.83108983357e-09	1.15463479646e-09	5.98572463003e-09
     3	4.32791324332e-09	1.03442544719e-09	5.36233869051e-09
     4	7.59789178278e-09	1.81823990082e-09	9.4161316836e-09
     5	6.45518930254e-09	1.54304682174e-09	7.99823612428e-09
     6	5.71369985787e-09	1.36515699753e-09	7.0788568554e-09
     7	1.07417189798e-08	2.57002019204e-09	1.33117391718e-08
     8	9.0631967158e-09	2.16587535602e-09	1.12290720718e-08
     9	7.97656002941e-09	1.90521238705e-09	9.88177241646e-09

Measurement: t_ro93
  step	t_ro93	FROM	TO
     1	6.20352491676e-09	1.48206043106e-09	7.68558534782e-09
     2	5.22505983055e-09	1.24707430562e-09	6.47213413617e-09
     3	4.6098646585e-09	1.09984820662e-09	5.70971286511e-09
     4	8.69877874685e-09	2.07748853307e-09	1.07762672799e-08
     5	7.17569301848e-09	1.71199895109e-09	8.88769196957e-09
     6	6.23100506187e-09	1.48598637494e-09	7.71699143681e-09
     7	1.26052383315e-08	3.00878724537e-09	1.56140255768e-08
     8	1.0304686476e-08	2.45750357727e-09	1.27621900532e-08
     9	8.88345295627e-09	2.11760887433e-09	1.10010618306e-08

Measurement: t_ro94
  step	t_ro94	FROM	TO
     1	6.16260299998e-09	1.48593893092e-09	7.6485419309e-09
     2	5.20722781392e-09	1.2455415549e-09	6.45276936883e-09
     3	4.60236468393e-09	1.09899032568e-09	5.70135500961e-09
     4	8.59560999909e-09	2.08891650373e-09	1.06845265028e-08
     5	7.12904128442e-09	1.70836744822e-09	8.83740873265e-09
     6	6.20750407484e-09	1.48265329964e-09	7.69015737448e-09
     7	1.24004887186e-08	3.01962422138e-09	1.542011294e-08
     8	1.02014437419e-08	2.45389685422e-09	1.26553405962e-08
     9	8.82360819826e-09	2.1082052242e-09	1.09318134225e-08

Measurement: t_ro95
  step	t_ro95	FROM	TO
     1	5.88514661972e-09	1.40998371037e-09	7.29513033009e-09
     2	5.01793003839e-09	1.20099874998e-09	6.21892878837e-09
     3	4.46635474393e-09	1.06842702308e-09	5.53478176701e-09
     4	8.11396688251e-09	1.94404823357e-09	1.00580151161e-08
     5	6.80555707122e-09	1.62868142029e-09	8.43423849151e-09
     6	5.97084144244e-09	1.42820784018e-09	7.39904928262e-09
     7	1.16110463865e-08	2.78134806354e-09	1.439239445e-08
     8	9.6643217866e-09	2.3124115421e-09	1.19767333287e-08
     9	8.42590974128e-09	2.01497292152e-09	1.04408826628e-08

Measurement: t_ro96
  step	t_ro96	FROM	TO
     1	5.68866575038e-09	1.35902147042e-09	7.0476872208e-09
     2	4.89995397838e-09	1.16959410522e-09	6.0695480836e-09
     3	4.38064792421e-09	1.04535070854e-09	5.42599863275e-09
     4	7.72346066875e-09	1.84490939253e-09	9.56837006128e-09
     5	6.55194873781e-09	1.56353412109e-09	8.1154828589e-09
     6	5.78788290128e-09	1.38061219072e-09	7.168495092e-09
     7	1.09434862464e-08	2.61304070339e-09	1.35565269498e-08
     8	9.22041715037e-09	2.19958809921e-09	1.14200052496e-08
     9	8.09994493383e-09	1.93141629661e-09	1.00313612304e-08

Measurement: t_ro97
  step	t_ro97	FROM	TO
     1	6.65461818061e-09	1.60456325621e-09	8.25918143682e-09
     2	5.54314235381e-09	1.33127703475e-09	6.87441938856e-09
     3	4.84437907546e-09	1.16032338097e-09	6.00470245643e-09
     4	9.47246806134e-09	2.28681764514e-09	1.17592857065e-08
     5	7.73060578857e-09	1.8587894137e-09	9.58939520228e-09
     6	6.6502283922e-09	1.59487557447e-09	8.24510396668e-09
     7	1.38926721165e-08	3.35442012685e-09	1.72470922433e-08
     8	1.12423832843e-08	2.7046070344e-09	1.39469903187e-08
     9	9.60347234336e-09	2.30479335207e-09	1.19082656954e-08

Measurement: t_ro98
  step	t_ro98	FROM	TO
     1	6.01257224591e-09	1.4435059751e-09	7.45607822101e-09
     2	5.11998781841e-09	1.22714351543e-09	6.34713133384e-09
     3	4.53348900501e-09	1.08565128655e-09	5.61914029156e-09
     4	8.35833473783e-09	2.00718880345e-09	1.03655235413e-08
     5	6.98023304654e-09	1.67402382208e-09	8.65425686862e-09
     6	6.10217612862e-09	1.46192233336e-09	7.56409846198e-09
     7	1.20332883017e-08	2.88985775064e-09	1.49231460523e-08
     8	9.97243248121e-09	2.39194101804e-09	1.23643734992e-08
     9	8.66250476999e-09	2.07572680222e-09	1.07382315722e-08

Measurement: t_ro99
  step	t_ro99	FROM	TO
     1	6.36991795291e-09	1.53004984088e-09	7.89996779379e-09
     2	5.35416234871e-09	1.28349661762e-09	6.63765896633e-09
     3	4.70581095734e-09	1.12689885657e-09	5.83270981391e-09
     4	8.95232093203e-09	2.15111210196e-09	1.1103433034e-08
     5	7.38095740055e-09	1.77007173608e-09	9.15102913663e-09
     6	6.39496404337e-09	1.53190997088e-09	7.92687401425e-09
     7	1.30121364873e-08	3.12638875528e-09	1.61385252425e-08
     8	1.06432433247e-08	2.55248574998e-09	1.31957290747e-08
     9	9.16036878875e-09	2.19424676777e-09	1.13546155565e-08

Measurement: t_ro100
  step	t_ro100	FROM	TO
     1	5.89044867886e-09	1.41644747966e-09	7.30689615853e-09
     2	5.0262039307e-09	1.20723489342e-09	6.23343882412e-09
     3	4.47999953669e-09	1.07519672745e-09	5.55519626414e-09
     4	8.12384274764e-09	1.9541652079e-09	1.00780079555e-08
     5	6.81557247916e-09	1.63774021905e-09	8.45331269821e-09
     6	5.97953287594e-09	1.43571106032e-09	7.41524393626e-09
     7	1.1620334357e-08	2.79593455041e-09	1.44162689075e-08
     8	9.67543847608e-09	2.32564995167e-09	1.20010884278e-08
     9	8.43622172745e-09	2.02637687942e-09	1.04625986069e-08

Measurement: t_ro101
  step	t_ro101	FROM	TO
     1	6.12892387954e-09	1.47016914845e-09	7.59909302799e-09
     2	5.19220704729e-09	1.24318694046e-09	6.43539398774e-09
     3	4.59186943745e-09	1.09797203971e-09	5.68984147716e-09
     4	8.54017384431e-09	2.04926857304e-09	1.05894424173e-08
     5	7.10146071153e-09	1.70075951719e-09	8.80222022872e-09
     6	6.18975029525e-09	1.48028277742e-09	7.67003307267e-09
     7	1.23299648501e-08	2.9581440755e-09	1.52881089256e-08
     8	1.01722507198e-08	2.43605592607e-09	1.26083066459e-08
     9	8.80839112852e-09	2.10665765524e-09	1.09150487838e-08

Measurement: t_ro102
  step	t_ro102	FROM	TO
     1	6.77823689887e-09	1.62783125948e-09	8.40606815835e-09
     2	5.60000000837e-09	1.34269974266e-09	6.94269975102e-09
     3	4.88745638467e-09	1.17006730038e-09	6.05752368505e-09
     4	9.73513352954e-09	2.3383232035e-09	1.2073456733e-08
     5	7.88278855181e-09	1.88991092618e-09	9.77269947799e-09
     6	6.7503166781e-09	1.6164353574e-09	8.3667520355e-09
     7	1.43546035731e-08	3.44698771613e-09	1.78015912892e-08
     8	1.15198976884e-08	2.76168986666e-09	1.42815875551e-08
     9	9.79171108436e-09	2.34473744716e-09	1.21364485315e-08

Measurement: t_ro103
  step	t_ro103	FROM	TO
     1	6.14552029283e-09	1.47490756319e-09	7.62042785602e-09
     2	5.20163325255e-09	1.24687361765e-09	6.4485068702e-09
     3	4.59651591935e-09	1.10084737077e-09	5.69736329012e-09
     4	8.56131125844e-09	2.05512626544e-09	1.06164375239e-08
     5	7.11331989666e-09	1.70554485877e-09	8.81886475543e-09
     6	6.19685251878e-09	1.48456111818e-09	7.68141363696e-09
     7	1.23628064246e-08	2.96769604972e-09	1.53305024743e-08
     8	1.01911493667e-08	2.44367792195e-09	1.26348272887e-08
     9	8.82043180628e-09	2.11339894768e-09	1.0933830754e-08

Measurement: t_ro104
  step	t_ro104	FROM	TO
     1	5.81504340476e-09	1.39766877827e-09	7.21271218302e-09
     2	4.98092869028e-09	1.19599689616e-09	6.17692558644e-09
     3	4.44253973206e-09	1.06633968183e-09	5.5088794139e-09
     4	7.93757649998e-09	1.90930424137e-09	9.84688074135e-09
     5	6.69573631015e-09	1.60997170092e-09	8.30570801107e-09
     6	5.89160883382e-09	1.41612863008e-09	7.3077374639e-09
     7	1.1293752598e-08	2.71880759812e-09	1.40125601961e-08
     8	9.45987777597e-09	2.27632331734e-09	1.17362010933e-08
     9	8.27545213655e-09	1.99102258886e-09	1.02664747254e-08

Measurement: t_ro105
  step	t_ro105	FROM	TO
     1	5.840470611e-09	1.39260780038e-09	7.23307841139e-09
     2	4.99097183144e-09	1.18935765608e-09	6.18032948752e-09
     3	4.44799456315e-09	1.06011527599e-09	5.50810983914e-09
     4	7.98191269898e-09	1.9019770862e-09	9.88388978518e-09
     5	6.71773049528e-09	1.60006182227e-09	8.31779231755e-09
     6	5.90083670011e-09	1.40566834396e-09	7.30650504407e-09
     7	1.13713377835e-08	2.70796101418e-09	1.40792987977e-08
     8	9.49539158885e-09	2.26045844982e-09	1.17558500387e-08
     9	8.29395061856e-09	1.97430161227e-09	1.02682522308e-08

Measurement: t_ro106
  step	t_ro106	FROM	TO
     1	5.94194631481e-09	1.42007500849e-09	7.3620213233e-09
     2	5.0554244031e-09	1.20733992331e-09	6.2627643264e-09
     3	4.48606325219e-09	1.07110625066e-09	5.55716950285e-09
     4	8.24776771592e-09	1.97059336802e-09	1.02183610839e-08
     5	6.88742385818e-09	1.64476432235e-09	8.53218818054e-09
     6	6.02706343702e-09	1.43880087711e-09	7.46586431414e-09
     7	1.18458537576e-08	2.82946950691e-09	1.46753232645e-08
     8	9.81271958873e-09	2.34280731949e-09	1.21555269082e-08
     9	8.52931639333e-09	2.03578414349e-09	1.05651005368e-08

Measurement: t_ro107
  step	t_ro107	FROM	TO
     1	6.44126953185e-09	1.54718369206e-09	7.98845322392e-09
     2	5.39557254923e-09	1.29309355374e-09	6.68866610297e-09
     3	4.734893156e-09	1.13358297585e-09	5.86847613184e-09
     4	9.11365627931e-09	2.18964211009e-09	1.13032983894e-08
     5	7.46933016007e-09	1.79123815085e-09	9.26056831092e-09
     6	6.45109400535e-09	1.54490925437e-09	7.99600325972e-09
     7	1.32918674758e-08	3.19359025493e-09	1.64854577307e-08
     8	1.07986316979e-08	2.58998702717e-09	1.33886187251e-08
     9	9.25962721158e-09	2.21800483905e-09	1.14776320506e-08

Measurement: t_ro108
  step	t_ro108	FROM	TO
     1	5.68898234347e-09	1.36732619187e-09	7.05630853535e-09
     2	4.89147038734e-09	1.17254747147e-09	6.06401785881e-09
     3	4.37075586211e-09	1.04620221082e-09	5.41695807294e-09
     4	7.76962843284e-09	1.87025963946e-09	9.6398880723e-09
     5	6.56977117318e-09	1.57680247806e-09	8.14657365124e-09
     6	5.79631491942e-09	1.38865318574e-09	7.18496810516e-09
     7	1.10305548676e-08	2.65815815318e-09	1.36887130208e-08
     8	9.25899046046e-09	2.22459683207e-09	1.14835872925e-08
     9	8.11961772247e-09	1.9470266373e-09	1.00666443598e-08

Measurement: t_ro109
  step	t_ro109	FROM	TO
     1	6.0517652172e-09	1.44938098314e-09	7.50114620034e-09
     2	5.12000464467e-09	1.22554022799e-09	6.34554487266e-09
     3	4.53891313334e-09	1.08538405043e-09	5.62429718377e-09
     4	8.43533753668e-09	2.01968569678e-09	1.04550232335e-08
     5	7.01599024667e-09	1.67847425408e-09	8.69446450075e-09
     6	6.12152990408e-09	1.46370979887e-09	7.58523970296e-09
     7	1.21512726371e-08	2.90857949965e-09	1.50598521367e-08
     8	1.00243506092e-08	2.397880885e-09	1.24222314942e-08
     9	8.68814403152e-09	2.07720474561e-09	1.07653487771e-08

Measurement: t_ro110
  step	t_ro110	FROM	TO
     1	5.80225486217e-09	1.39506205223e-09	7.19731691441e-09
     2	4.96669226653e-09	1.19270772612e-09	6.15939999266e-09
     3	4.4375001079e-09	1.06504256608e-09	5.50254267398e-09
     4	7.95588644473e-09	1.91411552947e-09	9.8700019742e-09
     5	6.71318381351e-09	1.61352432557e-09	8.32670813908e-09
     6	5.90976320722e-09	1.41933624736e-09	7.32909945458e-09
     7	1.13440451411e-08	2.7303408221e-09	1.40743859632e-08
     8	9.50560540786e-09	2.28575448222e-09	1.17913598901e-08
     9	8.31963375678e-09	1.99913083517e-09	1.0318764592e-08

Measurement: t_ro111
  step	t_ro111	FROM	TO
     1	5.73916775856e-09	1.36111150091e-09	7.10027925946e-09
     2	4.92667550222e-09	1.17164448101e-09	6.09831998323e-09
     3	4.39603473179e-09	1.04624793406e-09	5.44228266585e-09
     4	7.85082789685e-09	1.85646500241e-09	9.70729289926e-09
     5	6.6224005939e-09	1.57205749062e-09	8.19445808452e-09
     6	5.83373975523e-09	1.38640059275e-09	7.22014034798e-09
     7	1.11635652639e-08	2.63589095383e-09	1.37994562177e-08
     8	9.34410993431e-09	2.21368789576e-09	1.15577978301e-08
     9	8.18031993624e-09	1.94106029847e-09	1.01213802347e-08

Measurement: t_ro112
  step	t_ro112	FROM	TO
     1	6.13816727143e-09	1.47051116672e-09	7.60867843816e-09
     2	5.19290307194e-09	1.24305571908e-09	6.43595879102e-09
     3	4.59448125142e-09	1.09899915284e-09	5.69348040426e-09
     4	8.55861112741e-09	2.0501726663e-09	1.06087837937e-08
     5	7.11320364147e-09	1.70229160411e-09	8.81549524558e-09
     6	6.19763164499e-09	1.4823306658e-09	7.67996231079e-09
     7	1.23524276417e-08	2.95829833879e-09	1.53107259805e-08
     8	1.01857228997e-08	2.43720311672e-09	1.26229260164e-08
     9	8.81691023158e-09	2.10840707509e-09	1.09253173067e-08

Measurement: t_ro113
  step	t_ro113	FROM	TO
     1	6.21055462435e-09	1.48772194718e-09	7.69827657153e-09
     2	5.25387536388e-09	1.25713496178e-09	6.51101032566e-09
     3	4.63999634371e-09	1.10850738914e-09	5.74850373285e-09
     4	8.66980822931e-09	2.07614704792e-09	1.07459552772e-08
     5	7.19934328867e-09	1.72158956373e-09	8.9209328524e-09
     6	6.26324379386e-09	1.49788755159e-09	7.76113134545e-09
     7	1.25353012741e-08	3.00020318633e-09	1.55355044604e-08
     8	1.0323899647e-08	2.46930070587e-09	1.27932003529e-08
     9	8.92616864271e-09	2.13414521339e-09	1.10603138561e-08

Measurement: t_ro114
  step	t_ro114	FROM	TO
     1	5.87044596869e-09	1.41274837718e-09	7.28319434588e-09
     2	5.01552810276e-09	1.20275152798e-09	6.21827963073e-09
     3	4.46780993462e-09	1.06998858011e-09	5.53779851473e-09
     4	8.08918028418e-09	1.95050130842e-09	1.00396815926e-08
     5	6.79757767381e-09	1.63267330926e-09	8.43025098307e-09
     6	5.96844573427e-09	1.43027913568e-09	7.39872486995e-09
     7	1.15688547433e-08	2.79256422211e-09	1.43614189654e-08
     8	9.64869448404e-09	2.31985374873e-09	1.19685482328e-08
     9	8.41965880157e-09	2.01961072389e-09	1.04392695255e-08

Measurement: t_ro115
  step	t_ro115	FROM	TO
     1	6.45344887765e-09	1.5532380721e-09	8.00668694975e-09
     2	5.39904013032e-09	1.29750107596e-09	6.69654120628e-09
     3	4.73671635367e-09	1.13674544868e-09	5.87346180234e-09
     4	9.12197377355e-09	2.19736565597e-09	1.13193394295e-08
     5	7.47131772941e-09	1.79663272504e-09	9.26795045445e-09
     6	6.45218596189e-09	1.54983098912e-09	8.002016951e-09
     7	1.32982074364e-08	3.20418595903e-09	1.65023933954e-08
     8	1.07955604632e-08	2.59723159101e-09	1.33927920543e-08
     9	9.25617951753e-09	2.22470558507e-09	1.14808851026e-08

Measurement: t_ro116
  step	t_ro116	FROM	TO
     1	6.14999767998e-09	1.47396645081e-09	7.62396413079e-09
     2	5.20275262811e-09	1.24466598537e-09	6.44741861349e-09
     3	4.60124651817e-09	1.09932388842e-09	5.70057040659e-09
     4	8.53858262652e-09	2.04658712594e-09	1.05851697525e-08
     5	7.09534897368e-09	1.69779948922e-09	8.7931484629e-09
     6	6.18331316682e-09	1.47769517488e-09	7.6610083417e-09
     7	1.2299169551e-08	2.94735438117e-09	1.52465239322e-08
     8	1.01422294522e-08	2.42656820769e-09	1.25687976599e-08
     9	8.78231501773e-09	2.09860863655e-09	1.08809236543e-08

Measurement: t_ro117
  step	t_ro117	FROM	TO
     1	5.50148549567e-09	1.32978605387e-09	6.83127154954e-09
     2	4.7733190146e-09	1.15194507113e-09	5.92526408573e-09
     3	4.28850139717e-09	1.03387174003e-09	5.3223731372e-09
     4	7.4047000988e-09	1.79304281362e-09	9.19774291242e-09
     5	6.33120134727e-09	1.53024455775e-09	7.86144590502e-09
     6	5.62393786348e-09	1.35783693291e-09	6.98177479639e-09
     7	1.0416284185e-08	2.52498847699e-09	1.29412726619e-08
     8	8.84815497092e-09	2.14076728205e-09	1.0988922253e-08
     9	7.8179920996e-09	1.88963523174e-09	9.70762733134e-09

Measurement: t_ro118
  step	t_ro118	FROM	TO
     1	6.56000008161e-09	1.57036556451e-09	8.13036564612e-09
     2	5.46289520364e-09	1.30558953195e-09	6.76848473559e-09
     3	4.79201086164e-09	1.14454747507e-09	5.93655833671e-09
     4	9.30358582823e-09	2.22619498324e-09	1.15297808115e-08
     5	7.59159126262e-09	1.81410296341e-09	9.40569422603e-09
     6	6.53887802657e-09	1.56158081694e-09	8.1004588435e-09
     7	1.35935405366e-08	3.25071337529e-09	1.68442539119e-08
     8	1.09984788813e-08	2.62706633767e-09	1.3625545219e-08
     9	9.40564395181e-09	2.24500546921e-09	1.1650649421e-08

Measurement: t_ro119
  step	t_ro119	FROM	TO
     1	6.16692699791e-09	1.4856277767e-09	7.6525547746e-09
     2	5.18254307278e-09	1.24723994218e-09	6.42978301496e-09
     3	4.57363102407e-09	1.09993456819e-09	5.67356559226e-09
     4	8.66769059552e-09	2.09031140179e-09	1.07580019973e-08
     5	7.13677754021e-09	1.71969316364e-09	8.85647070386e-09
     6	6.19515281518e-09	1.49152662764e-09	7.68667944282e-09
     7	1.25627765806e-08	3.03239478109e-09	1.55951713617e-08
     8	1.0252010542e-08	2.47254556065e-09	1.27245561027e-08
     9	8.83556277535e-09	2.1292006558e-09	1.09647634312e-08

Measurement: t_ro120
  step	t_ro120	FROM	TO
     1	5.4232049001e-09	1.29754779323e-09	6.72075269334e-09
     2	4.71327169643e-09	1.12654407314e-09	5.83981576957e-09
     3	4.23999882354e-09	1.01306026905e-09	5.25305909258e-09
     4	7.28777092417e-09	1.74355106673e-09	9.0313219909e-09
     5	6.24015216386e-09	1.49206397091e-09	7.73221613477e-09
     6	5.55292416377e-09	1.32648920977e-09	6.87941337355e-09
     7	1.02321634011e-08	2.44751590867e-09	1.26796793098e-08
     8	8.70575569643e-09	2.08049085032e-09	1.07862465468e-08
     9	7.70457659751e-09	1.84022721816e-09	9.54480381567e-09

Measurement: t_ro121
  step	t_ro121	FROM	TO
     1	5.76866546921e-09	1.38037320307e-09	7.14903867228e-09
     2	4.95604923001e-09	1.18540856092e-09	6.14145779093e-09
     3	4.420366753e-09	1.05667796721e-09	5.47704472021e-09
     4	7.87494351272e-09	1.88414027656e-09	9.75908378929e-09
     5	6.65790511267e-09	1.59177303204e-09	8.24967814471e-09
     6	5.86690200746e-09	1.40220491758e-09	7.26910692504e-09
     7	1.12008853476e-08	2.67925571662e-09	1.38801410642e-08
     8	9.40510912157e-09	2.24813485482e-09	1.16532439764e-08
     9	8.24037735642e-09	1.96902255156e-09	1.0209399908e-08

Measurement: t_ro122
  step	t_ro122	FROM	TO
     1	6.24000069228e-09	1.50205837198e-09	7.74205906426e-09
     2	5.27999362903e-09	1.26569070988e-09	6.5456843389e-09
     3	4.64806443376e-09	1.11343319198e-09	5.76149762573e-09
     4	8.75778246379e-09	2.10755840121e-09	1.0865340865e-08
     5	7.25461762014e-09	1.74188942874e-09	8.99650704888e-09
     6	6.30485613325e-09	1.5112547687e-09	7.81611090194e-09
     7	1.26979829409e-08	3.05615514097e-09	1.57541380819e-08
     8	1.04352787004e-08	2.50628210916e-09	1.29415608096e-08
     9	9.00932447092e-09	2.16032951228e-09	1.11696539832e-08

Measurement: t_ro123
  step	t_ro123	FROM	TO
     1	6.07999936532e-09	1.46256370063e-09	7.54256306594e-09
     2	5.15960550437e-09	1.23937598557e-09	6.39898148994e-09
     3	4.56821352117e-09	1.09579540909e-09	5.66400893026e-09
     4	8.43792247599e-09	2.03245146912e-09	1.04703739451e-08
     5	7.03292889083e-09	1.69160242655e-09	8.72453131737e-09
     6	6.13925002642e-09	1.47448913506e-09	7.61373916148e-09
     7	1.2140948912e-08	2.9260515106e-09	1.50670004227e-08
     8	1.00413708792e-08	2.41637175772e-09	1.24577426369e-08
     9	8.71069315346e-09	2.09389113912e-09	1.08045842926e-08

Measurement: t_ro124
  step	t_ro124	FROM	TO
     1	6.03760512469e-09	1.44615189989e-09	7.48375702458e-09
     2	5.12001117112e-09	1.22511650468e-09	6.34512767581e-09
     3	4.54720041506e-09	1.08633010537e-09	5.63353052043e-09
     4	8.37915386973e-09	2.00702055838e-09	1.03861744281e-08
     5	6.99626010688e-09	1.67332171619e-09	8.66958182307e-09
     6	6.11435196806e-09	1.46089575534e-09	7.5752477234e-09
     7	1.20617959296e-08	2.88840791859e-09	1.49502038482e-08
     8	9.99403521551e-09	2.39004672212e-09	1.23840819376e-08
     9	8.6788572577e-09	2.07346079311e-09	1.07523180508e-08

Measurement: t_ro125
  step	t_ro125	FROM	TO
     1	6.42367788764e-09	1.54805288982e-09	7.97173077746e-09
     2	5.39543184324e-09	1.29789074567e-09	6.69332258891e-09
     3	4.73471435968e-09	1.1374088299e-09	5.87212318958e-09
     4	9.03714749014e-09	2.18040582665e-09	1.12175533168e-08
     5	7.43609275985e-09	1.79067249605e-09	9.2267652559e-09
     6	6.43281675876e-09	1.54672524468e-09	7.97954200344e-09
     7	1.31416952772e-08	3.17198305474e-09	1.63136783319e-08
     8	1.07276901054e-08	2.58473799751e-09	1.33124281029e-08
     9	9.21922531071e-09	2.21825973529e-09	1.1437485046e-08

Measurement: t_ro126
  step	t_ro126	FROM	TO
     1	5.82605292997e-09	1.39440309247e-09	7.22045602244e-09
     2	4.97572091769e-09	1.18916548801e-09	6.16488640569e-09
     3	4.43628205577e-09	1.0595798374e-09	5.49586189317e-09
     4	8.02605069598e-09	1.92081313475e-09	9.94686383073e-09
     5	6.74316258171e-09	1.61176706872e-09	8.35492965043e-09
     6	5.9219586406e-09	1.414799186e-09	7.3367578266e-09
     7	1.14782671875e-08	2.74617968115e-09	1.42244468687e-08
     8	9.56992088657e-09	2.28698512738e-09	1.1856906014e-08
     9	8.35329944113e-09	1.99471994414e-09	1.03480193853e-08

Measurement: t_ro127
  step	t_ro127	FROM	TO
     1	5.3868016951e-09	1.28718299546e-09	6.67398469056e-09
     2	4.68489363806e-09	1.11871264352e-09	5.80360628158e-09
     3	4.22359077522e-09	1.00807774305e-09	5.23166851827e-09
     4	7.23203496562e-09	1.72786052327e-09	8.95989548889e-09
     5	6.20536932864e-09	1.48145300941e-09	7.68682233804e-09
     6	5.52877312531e-09	1.31941472167e-09	6.84818784698e-09
     7	1.01486695022e-08	2.42397351299e-09	1.25726430152e-08
     8	8.65240448676e-09	2.06515892972e-09	1.07175634165e-08
     9	7.66905899186e-09	1.82981231491e-09	9.49887130677e-09

Measurement: freq_ro0
  step	{80/t_ro0}
     1	13195373813.8
     2	15518937472.4
     3	17515966319.5
     4	9526592458.45
     5	11397138003.5
     6	13037089743.7
     7	6625428889.77
     8	7985902663.31
     9	9191791523.42

Measurement: freq_ro1
  step	{80/t_ro1}
     1	13595391780
     2	15897004718.4
     3	17858472009.4
     4	9905338049.86
     5	11765020698.8
     6	13390199581.2
     7	6935814500.26
     8	8296419322.7
     9	9498384055.37

Measurement: freq_ro2
  step	{80/t_ro2}
     1	13643257734.3
     2	15951475283.1
     3	17920786989.1
     4	9911731893.13
     5	11785513693.9
     6	13418403543.8
     7	6933139912.58
     8	8306161870.29
     9	9515324288.59

Measurement: freq_ro3
  step	{80/t_ro3}
     1	13353042437.6
     2	15674065868.5
     3	17662937214.6
     4	9671156617.8
     5	11556620163.4
     6	13197178264.9
     7	6748108544.83
     8	8125050542.83
     9	9336251906.62

Measurement: freq_ro4
  step	{80/t_ro4}
     1	13582515179.9
     2	15927797573.6
     3	17865056816.6
     4	9834750913.47
     5	11740884504.8
     6	13395063527.1
     7	6862583330.86
     8	8257054300.5
     9	9480887376.84

Measurement: freq_ro5
  step	{80/t_ro5}
     1	13354017352.3
     2	15625033777.3
     3	17645582663.8
     4	9692751101.88
     5	11559246720.8
     6	13194531707.7
     7	6765389084.52
     8	8125895023.53
     9	9331073362.68

Measurement: freq_ro6
  step	{80/t_ro6}
     1	13842425777.2
     2	16129033560.2
     3	18104001352.4
     4	10121580682.7
     5	12005385891.6
     6	13633276624.9
     7	7116296462.66
     8	8501580895.55
     9	9710554017.1

Measurement: freq_ro7
  step	{80/t_ro7}
     1	13513510051.4
     2	15820206353.1
     3	17816458495.9
     4	9767948777.03
     5	11648392870
     6	13289876901.7
     7	6811117055.29
     8	8183770546.83
     9	9394745718.13

Measurement: freq_ro8
  step	{80/t_ro8}
     1	13496327046.2
     2	15834371774.4
     3	17832108281.5
     4	9773516371.34
     5	11674990724.6
     6	13325588737.2
     7	6828025703.54
     8	8219546117.02
     9	9440537452.41

Measurement: freq_ro9
  step	{80/t_ro9}
     1	12476246598.4
     2	14858547457
     3	16917409409.4
     4	8857509512.82
     5	10761250807.8
     6	12434476920.8
     7	6087145183.52
     8	7456747709.49
     9	8675245951.65

Measurement: freq_ro10
  step	{80/t_ro10}
     1	13753238661.8
     2	16090055601.5
     3	18005852775.4
     4	10028226120.1
     5	11891574505.1
     6	13513354105.9
     7	7030630994.53
     8	8395690733.04
     9	9598859519.33

Measurement: freq_ro11
  step	{80/t_ro11}
     1	13961858467.5
     2	16251872264.7
     3	18208014824.4
     4	10248372560.9
     5	12122213253.2
     6	13748157454.2
     7	7218867412.29
     8	8599708980.22
     9	9809716576.84

Measurement: freq_ro12
  step	{80/t_ro12}
     1	13634009548.2
     2	15964117478.1
     3	17930280421
     4	9912080551.02
     5	11792047180
     6	13430696736.1
     7	6929769706.82
     8	8304629542.43
     9	9516225936.94

Measurement: freq_ro13
  step	{80/t_ro13}
     1	13912647623.3
     2	16204942733.2
     3	18161929420.3
     4	10213841499.4
     5	12084895023.7
     6	13705206899
     7	7193142314.61
     8	8571631830.77
     9	9777610997.71

Measurement: freq_ro14
  step	{80/t_ro14}
     1	14167279890.6
     2	16424263993.2
     3	18352292313.2
     4	10439540625.4
     5	12286639574.8
     6	13889804403.4
     7	7374174765.41
     8	8737078344.8
     9	9934347186.59

Measurement: freq_ro15
  step	{80/t_ro15}
     1	12251711981.7
     2	14705875533.2
     3	16724717412.6
     4	8644272993.01
     5	10576322338.1
     6	12265994274.7
     7	5918226894.82
     8	7303080572.26
     9	8530021400.01

Measurement: freq_ro16
  step	{80/t_ro16}
     1	12926437723.5
     2	15299262732.5
     3	17301297346.4
     4	9239197956.85
     5	11147814094.3
     6	12817738871.3
     7	6380470012.97
     8	7762593460.66
     9	8985922246.58

Measurement: freq_ro17
  step	{80/t_ro17}
     1	13348948953.2
     2	15662693927.7
     3	17666008895.3
     4	9689717856.48
     5	11572888675.3
     6	13216386048.7
     7	6765435988.71
     8	8140303480.91
     9	9353529724.18

Measurement: freq_ro18
  step	{80/t_ro18}
     1	12820511361.6
     2	15188172650.1
     3	17241436827.7
     4	9119144087.09
     5	11039640900.4
     6	12718403735.4
     7	6285706838.66
     8	7673192756.69
     9	8900972921.21

Measurement: freq_ro19
  step	{80/t_ro19}
     1	13761993734.8
     2	16129234403.2
     3	18086475628.8
     4	9992376098.99
     5	11904574062.1
     6	13549383142.3
     7	6995592292.64
     8	8399650516.23
     9	9623727766.92

Measurement: freq_ro20
  step	{80/t_ro20}
     1	13351188393.4
     2	15677236642.5
     3	17676369803.4
     4	9636703227.89
     5	11517910589.1
     6	13162016014.8
     7	6705070377.38
     8	8074732344.66
     9	9286187777.87

Measurement: freq_ro21
  step	{80/t_ro21}
     1	13107382889.6
     2	15456040228.8
     3	17458367936.7
     4	9434225720.29
     5	11324935971.2
     6	12978523061.6
     7	6547653720.19
     8	7917403291.2
     9	9131339490.64

Measurement: freq_ro22
  step	{80/t_ro22}
     1	13072285133.3
     2	15422777023.1
     3	17425511708.3
     4	9395397480.72
     5	11284215987.5
     6	12936239898.7
     7	6519060578.85
     8	7889661520.66
     9	9102697493.04

Measurement: freq_ro23
  step	{80/t_ro23}
     1	13993638430.4
     2	16269951756.3
     3	18218941158.9
     4	10262396996.2
     5	12122455161.5
     6	13740908177.4
     7	7225792494.09
     8	8595930561.94
     9	9800189446.55

Measurement: freq_ro24
  step	{80/t_ro24}
     1	13808633576.3
     2	16129032024.4
     3	18074556120.2
     4	10074443427.4
     5	11948043975.6
     6	13578057863.7
     7	7062452075.09
     8	8435999069.74
     9	9643624903.05

Measurement: freq_ro25
  step	{80/t_ro25}
     1	13402859234.6
     2	15711099721.9
     3	17696445731.5
     4	9701838771.63
     5	11578306556.8
     6	13217857203.4
     7	6764386397.96
     8	8134101137.55
     9	9344301174.93

Measurement: freq_ro26
  step	{80/t_ro26}
     1	12706365550
     2	15092110250.9
     3	17119884594.6
     4	9046322123.66
     5	10943832892.8
     6	12611600086.7
     7	6227972798.74
     8	7594937886.98
     9	8810623369.87

Measurement: freq_ro27
  step	{80/t_ro27}
     1	14085650245.5
     2	16342050727.4
     3	18279528691.8
     4	10360325662.6
     5	12208402867.4
     6	13818620869
     7	7309879982.66
     8	8672109345.08
     9	9870465777.95

Measurement: freq_ro28
  step	{80/t_ro28}
     1	13702847907.7
     2	16012361787.4
     3	17974172162.5
     4	9978162078.81
     5	11857683004.1
     6	13494949501.6
     7	6988957416.19
     8	8367913172.68
     9	9580365578.47

Measurement: freq_ro29
  step	{80/t_ro29}
     1	13106935393.9
     2	15499543734.9
     3	17516538851.5
     4	9377229184.66
     5	11309189786
     6	12981816957.4
     7	6499522427.08
     8	7905290949.05
     9	9136945711.21

Measurement: freq_ro30
  step	{80/t_ro30}
     1	14143409021.8
     2	16445865568.2
     3	18382460236.2
     4	10362626786.1
     5	12241234638.3
     6	13865355996.5
     7	7292479757.41
     8	8678318948.48
     9	9887311718.82

Measurement: freq_ro31
  step	{80/t_ro31}
     1	13513520552.3
     2	15880883012.7
     3	17857214946.8
     4	9815725373.21
     5	11734287464.9
     6	13395433583.1
     7	6863169715.47
     8	8267427757.11
     9	9497638809.73

Measurement: freq_ro32
  step	{80/t_ro32}
     1	12876491103.7
     2	15282450392.2
     3	17345418088.2
     4	9189981536.04
     5	11145673781.2
     6	12839662325.1
     7	6340503335.52
     8	7760691991.14
     9	9005409518.68

Measurement: freq_ro33
  step	{80/t_ro33}
     1	12293067854.3
     2	14705877527.8
     3	16788548739.7
     4	8674282006.79
     5	10592717292.8
     6	12278552904.8
     7	5935315222.77
     8	7310160889.41
     9	8533816684.87

Measurement: freq_ro34
  step	{80/t_ro34}
     1	13069248932.8
     2	15407072824.3
     3	17417881300.9
     4	9416831247.54
     5	11302640813.2
     6	12955882773.3
     7	6540341067.04
     8	7910338846.98
     9	9124786073.78

Measurement: freq_ro35
  step	{80/t_ro35}
     1	13566966854.6
     2	15922483008.8
     3	17892334587.2
     4	9843819883.15
     5	11758701326.1
     6	13419375126.4
     7	6874345477.55
     8	8276344682.59
     9	9505729771.76

Measurement: freq_ro36
  step	{80/t_ro36}
     1	13810670955.1
     2	16129032563.1
     3	18077781537
     4	10070699376.1
     5	11951534271.7
     6	13586817717.3
     7	7064617153.89
     8	8446210068.49
     9	9659678882.84

Measurement: freq_ro37
  step	{80/t_ro37}
     1	13051738248.6
     2	15411152076.9
     3	17426687468.4
     4	9354892967.27
     5	11257238745.8
     6	12917634898.5
     7	6484843090.89
     8	7865341723.87
     9	9084150260.45

Measurement: freq_ro38
  step	{80/t_ro38}
     1	13266934536.4
     2	15624984823.8
     3	17634769976.8
     4	9575459361.99
     5	11476374325.2
     6	13134827947.6
     7	6663317098.78
     8	8048956965.33
     9	9270158253.78

Measurement: freq_ro39
  step	{80/t_ro39}
     1	13603902743.2
     2	15910855233.3
     3	17857210618.8
     4	9897850938.8
     5	11758963295.1
     6	13386621973.5
     7	6921477522
     8	8281696750
     9	9484059774.05

Measurement: freq_ro40
  step	{80/t_ro40}
     1	13348669664.8
     2	15658926912.6
     3	17655755573.7
     4	9670571904.33
     5	11539224384.5
     6	13176588826.7
     7	6740545337.71
     8	8102174403.73
     9	9308770593.33

Measurement: freq_ro41
  step	{80/t_ro41}
     1	12911834188.7
     2	15275679787.3
     3	17317229922.4
     4	9259045302.27
     5	11174192434.4
     6	12843255521
     7	6415031074.96
     8	7804511196.65
     9	9030755438.72

Measurement: freq_ro42
  step	{80/t_ro42}
     1	13314989414.1
     2	15624953771.1
     3	17618017996.4
     4	9639405458.96
     5	11505294717
     6	13141952324.5
     7	6714950205.23
     8	8072876011.32
     9	9277286962.69

Measurement: freq_ro43
  step	{80/t_ro43}
     1	12820509951.6
     2	15183982885.7
     3	17241378979.8
     4	9120943673.5
     5	11041524406.6
     6	12718246568
     7	6286530380.7
     8	7674174909.34
     9	8901003960.54

Measurement: freq_ro44
  step	{80/t_ro44}
     1	12622063481.3
     2	15031524637.2
     3	17076735075.2
     4	8975800715.43
     5	10891664990.3
     6	12571808329.5
     7	6176728951.16
     8	7556500273.4
     9	8781102264.38

Measurement: freq_ro45
  step	{80/t_ro45}
     1	13953483228.2
     2	16247282880
     3	18217808832.5
     4	10231251045.3
     5	12112314262.7
     6	13741135067.2
     7	7200048554.49
     8	8585764799.1
     9	9797518007.95

Measurement: freq_ro46
  step	{80/t_ro46}
     1	12895203262.3
     2	15278851866.4
     3	17241340200.8
     4	9197979155.78
     5	11111614263.3
     6	12786334832.3
     7	6346057121.28
     8	7731965256.68
     9	8956168209.18

Measurement: freq_ro47
  step	{80/t_ro47}
     1	13232545303.2
     2	15577020941
     3	17564522545.9
     4	9537676158.6
     5	11423587854.3
     6	13070364767.6
     7	6631215762.66
     8	8004825283.17
     9	9217217475.7

Measurement: freq_ro48
  step	{80/t_ro48}
     1	14196747592.7
     2	16466698516.3
     3	18396973608.3
     4	10469297017.3
     5	12331462854.1
     6	13943602052.2
     7	7403637523.43
     8	8779755734.47
     9	9983618096.9

Measurement: freq_ro49
  step	{80/t_ro49}
     1	13731841354.3
     2	16053320391.9
     3	18028429284.8
     4	9990897775.09
     5	11876916050.9
     6	13513960070.9
     7	6989058645.54
     8	8372286820.48
     9	9588288160.45

Measurement: freq_ro50
  step	{80/t_ro50}
     1	12647762604.7
     2	15026689234.5
     3	17059963653.3
     4	9020240960.37
     5	10918479329
     6	12586166208.6
     7	6219097617.95
     8	7588984772.7
     9	8806541435.83

Measurement: freq_ro51
  step	{80/t_ro51}
     1	13513509686.4
     2	15852676825.4
     3	17857170558.7
     4	9796524133.46
     5	11685849873.7
     6	13331062359.9
     7	6834374285.9
     8	8215675846.22
     9	9431249413.57

Measurement: freq_ro52
  step	{80/t_ro52}
     1	13513513033.2
     2	15782078316.9
     3	17777133278.3
     4	9811219717.9
     5	11685444166.5
     6	13323376810.2
     7	6863566899.23
     8	8233160469.77
     9	9443049145.59

Measurement: freq_ro53
  step	{80/t_ro53}
     1	13317747559.1
     2	15643150230.7
     3	17659958553.6
     4	9607687308.67
     5	11497522106.3
     6	13149663237.7
     7	6683486540.46
     8	8061672286.62
     9	9277061556.95

Measurement: freq_ro54
  step	{80/t_ro54}
     1	13671917112.8
     2	16030487157.6
     3	18023436710.2
     4	9888007792.55
     5	11813195234.7
     6	13474307374.2
     7	6896035120.69
     8	8307562573.2
     9	9539764818.91

Measurement: freq_ro55
  step	{80/t_ro55}
     1	13849820001.7
     2	16129033433.4
     3	18119846049.5
     4	10084800205.4
     5	11968190119.9
     6	13602478085.6
     7	7066731351.87
     8	8448748718.19
     9	9661436339.24

Measurement: freq_ro56
  step	{80/t_ro56}
     1	13555843758.2
     2	15880647811.6
     3	17845948033.4
     4	9838940387.14
     5	11709654307.3
     6	13340510070.6
     7	6876546561.82
     8	8243791644.86
     9	9448872071.43

Measurement: freq_ro57
  step	{80/t_ro57}
     1	13536437595.8
     2	15875127842.9
     3	17857096960.9
     4	9798729647.3
     5	11688585627.2
     6	13331496437.2
     7	6838188178.22
     8	8222857425.52
     9	9438772366.99

Measurement: freq_ro58
  step	{80/t_ro58}
     1	13513513696.3
     2	15864961466.6
     3	17857144631.4
     4	9793011230.09
     5	11682911478.3
     6	13330118152.5
     7	6824027837.86
     8	8204192140.95
     9	9420323359.51

Measurement: freq_ro59
  step	{80/t_ro59}
     1	12604898648.8
     2	14995360283.8
     3	17045183101.4
     4	8958387445.27
     5	10863339851.8
     6	12532483702.6
     7	6161648053.43
     8	7531990923.24
     9	8749815295.99

Measurement: freq_ro60
  step	{80/t_ro60}
     1	13932675544.7
     2	16244556536.5
     3	18205462614.8
     4	10204199725.6
     5	12102872976.6
     6	13739125429.7
     7	7186963024.55
     8	8584398768.38
     9	9804131614.27

Measurement: freq_ro61
  step	{80/t_ro61}
     1	14039141156
     2	16299299312.4
     3	18239189659
     4	10317638056.9
     5	12168646115.1
     6	13779768801.6
     7	7275464516.19
     8	8639361992.33
     9	9838546216.94

Measurement: freq_ro62
  step	{80/t_ro62}
     1	13254265534.4
     2	15601131265
     3	17574414479.3
     4	9597749351.9
     5	11472896350.1
     6	13116989601.7
     7	6684864159.13
     8	8048995196.69
     9	9259011136

Measurement: freq_ro63
  step	{80/t_ro63}
     1	13948404644.7
     2	16220792214.5
     3	18181899409
     4	10225649492.1
     5	12089322903.5
     6	13709779425.2
     7	7198671833.01
     8	8571026256.13
     9	9776883860.9

Measurement: freq_ro64
  step	{80/t_ro64}
     1	13803310818.3
     2	16129011713.7
     3	18093608415
     4	10049581784.1
     5	11953751036.3
     6	13595335492.6
     7	7041902029.08
     8	8443923269.99
     9	9665639529.48

Measurement: freq_ro65
  step	{80/t_ro65}
     1	13751499759.3
     2	16075154276.8
     3	17996016656.3
     4	10028458214.3
     5	11891528644.6
     6	13513351402.5
     7	7034374723.82
     8	8399659313.65
     9	9600463877.06

Measurement: freq_ro66
  step	{80/t_ro66}
     1	13788834443.9
     2	16129030560.6
     3	18104499593.3
     4	10017697063.2
     5	11929651445.4
     6	13574773484.3
     7	7020421078.24
     8	8425825994.21
     9	9649066633.41

Measurement: freq_ro67
  step	{80/t_ro67}
     1	12947497019.5
     2	15339599487
     3	17377694635
     4	9227702330.85
     5	11153425717.1
     6	12831894028.5
     7	6366951545.78
     8	7761731368.33
     9	8992114958.87

Measurement: freq_ro68
  step	{80/t_ro68}
     1	12851805070.5
     2	15168812978
     3	17241365339
     4	9231998773.11
     5	11114379860.1
     6	12772017422.6
     7	6392991546.07
     8	7757850706.43
     9	8969502903.61

Measurement: freq_ro69
  step	{80/t_ro69}
     1	13288839862.4
     2	15624962592
     3	17611162049.5
     4	9610634768.97
     5	11488279569.9
     6	13132166190.9
     7	6693217312.69
     8	8060969428.89
     9	9270864155.19

Measurement: freq_ro70
  step	{80/t_ro70}
     1	12977316152.2
     2	15312426481.9
     3	17322201887.9
     4	9296878354.8
     5	11177916086.2
     6	12828872838.5
     7	6431090628.77
     8	7792197126.14
     9	9001489070.49

Measurement: freq_ro71
  step	{80/t_ro71}
     1	13368796579.2
     2	15675002692.4
     3	17671832827.5
     4	9663684475.34
     5	11538974039.5
     6	13177612707.3
     7	6731402411.78
     8	8098641301.41
     9	9306625505.15

Measurement: freq_ro72
  step	{80/t_ro72}
     1	13685600257.1
     2	16017660418.8
     3	17978691913.5
     4	9936400451.73
     5	11829109093.3
     6	13471995196.2
     7	6949704672.83
     8	8336829655.04
     9	9553798105.63

Measurement: freq_ro73
  step	{80/t_ro73}
     1	14161411341.6
     2	16433697388.2
     3	18355505483.9
     4	10404585136.4
     5	12251975634.6
     6	13862507814.9
     7	7335698688.61
     8	8697331755.07
     9	9894313065.33

Measurement: freq_ro74
  step	{80/t_ro74}
     1	14343051714.5
     2	16633796202
     3	18518783672.2
     4	10585983098
     5	12450043445.6
     6	14060126137.2
     7	7487284838.27
     8	8867585000.87
     9	10071370214.4

Measurement: freq_ro75
  step	{80/t_ro75}
     1	13525827134.9
     2	15828377043.1
     3	17803397922
     4	9842802094.37
     5	11707050022.2
     6	13338284775.1
     7	6884328752.33
     8	8247790721.03
     9	9453122801.17

Measurement: freq_ro76
  step	{80/t_ro76}
     1	12515661345.6
     2	14936709806.8
     3	16986959285.7
     4	8886089028.49
     5	10796751015.2
     6	12471981940.4
     7	6103494596.37
     8	7478132636.07
     9	8698228938.99

Measurement: freq_ro77
  step	{80/t_ro77}
     1	13813412769.7
     2	16094743317
     3	18028084818
     4	10111844326.5
     5	11963400856.2
     6	13580918794.3
     7	7109459187.58
     8	8469377619.61
     9	9669466584.14

Measurement: freq_ro78
  step	{80/t_ro78}
     1	13157870345.8
     2	15483966996.5
     3	17494763773.1
     4	9410389202.23
     5	11304360563.9
     6	12962571565.2
     7	6516917629.58
     8	7890536936.72
     9	9107158881.36

Measurement: freq_ro79
  step	{80/t_ro79}
     1	13617026947.8
     2	15930144552.1
     3	17902678092.3
     4	9899857260.65
     5	11781672325.2
     6	13419145434.1
     7	6929702603.51
     8	8309542005.26
     9	9522378030.03

Measurement: freq_ro80
  step	{80/t_ro80}
     1	13157877908.1
     2	15529140316.1
     3	17518500178.6
     4	9496795686.3
     5	11404316660.6
     6	13064434100.4
     7	6615007821.85
     8	8006283220.02
     9	9229937523.77

Measurement: freq_ro81
  step	{80/t_ro81}
     1	12747039900.8
     2	15115632308.7
     3	17135932654.7
     4	9081552285.37
     5	10967569209.5
     6	12625792206.9
     7	6259438839.46
     8	7619988090.58
     9	8830376531.95

Measurement: freq_ro82
  step	{80/t_ro82}
     1	13852352787.8
     2	16129048715.6
     3	18100896291.5
     4	10107652461.1
     5	11976755423.1
     6	13601150034.9
     7	7094302775.09
     8	8465686813
     9	9670667348.86

Measurement: freq_ro83
  step	{80/t_ro83}
     1	13020329100
     2	15376586786.5
     3	17398887911.3
     4	9356222202.66
     5	11260080608.2
     6	12922732135.4
     7	6489875207.52
     8	7873489051.17
     9	9095242489.79

Measurement: freq_ro84
  step	{80/t_ro84}
     1	13539024391
     2	15861356638.4
     3	17841988317.3
     4	9813219342.96
     5	11695780185.7
     6	13333971281.7
     7	6855949979.07
     8	8232583884.85
     9	9444008122.03

Measurement: freq_ro85
  step	{80/t_ro85}
     1	13145355527.5
     2	15505684701.8
     3	17526420893.8
     4	9420020979.08
     5	11324170673.6
     6	12988577065.7
     7	6523264176.66
     8	7904548912.59
     9	9126745548.92

Measurement: freq_ro86
  step	{80/t_ro86}
     1	12604035596.3
     2	14959841486.5
     3	16990523371.8
     4	8986221422.63
     5	10861534037.9
     6	12514874039.9
     7	6189954475.07
     8	7538857878.18
     9	8743593397.31

Measurement: freq_ro87
  step	{80/t_ro87}
     1	13336932258
     2	15667643970.6
     3	17666062853
     4	9616244000.89
     5	11502194914.2
     6	13149120667.1
     7	6690180161.64
     8	8063716443.03
     9	9276221402.51

Measurement: freq_ro88
  step	{80/t_ro88}
     1	14031338035.1
     2	16283709030.3
     3	18224842650.6
     4	10310887153.7
     5	12156721633.7
     6	13764484862.8
     7	7271073616.23
     8	8630773640.59
     9	9827129269.61

Measurement: freq_ro89
  step	{80/t_ro89}
     1	13206342368
     2	15601321997.9
     3	17569033064.6
     4	9497154645.46
     5	11397459826.9
     6	13053215180.1
     7	6594861933.97
     8	7976607009.44
     9	9194607700.48

Measurement: freq_ro90
  step	{80/t_ro90}
     1	13568961860.7
     2	15897273535.8
     3	17857162117.1
     4	9861299864.35
     5	11752323806.7
     6	13396810707.7
     7	6891582991.21
     8	8276957166.44
     9	9494803173.97

Measurement: freq_ro91
  step	{80/t_ro91}
     1	13247868655.4
     2	15590234343.5
     3	17559266070.9
     4	9594363657.72
     5	11469417679.9
     6	13111699109.6
     7	6685998239.06
     8	8052492694.58
     9	9261853160.61

Measurement: freq_ro92
  step	{80/t_ro92}
     1	14285660439.9
     2	16559410558.7
     3	18484658888.1
     4	10529236568.1
     5	12393129968.9
     6	14001435495.4
     7	7447597554.04
     8	8826907603.2
     9	10029386064.3

Measurement: freq_ro93
  step	{80/t_ro93}
     1	12895894039.8
     2	15310829463.1
     3	17354088661.3
     4	9196693274.78
     5	11148748949.3
     6	12839020223.2
     7	6346567823.34
     8	7763457936.02
     9	9005507249.69

Measurement: freq_ro94
  step	{80/t_ro94}
     1	12981527448.7
     2	15363261001.6
     3	17382368737.4
     4	9307076520.28
     5	11221705248.8
     6	12887627464.4
     7	6451358637.17
     8	7842027268.27
     9	9066585709.89

Measurement: freq_ro95
  step	{80/t_ro95}
     1	13593544081.3
     2	15942828893.2
     3	17911698596.9
     4	9859542337.11
     5	11755099422.8
     6	13398446562.6
     7	6889990560.48
     8	8277870063.36
     9	9494523731.72

Measurement: freq_ro96
  step	{80/t_ro96}
     1	14063051603
     2	16326683955.2
     3	18262138702.8
     4	10358051064.3
     5	12210107740.7
     6	13821979705.6
     7	7310284693.45
     8	8676397032.3
     9	9876610353.96

Measurement: freq_ro97
  step	{80/t_ro97}
     1	12021726540.7
     2	14432247071
     3	16513984301
     4	8445528607.95
     5	10348477491.7
     6	12029662032.9
     7	5758431447.11
     8	7115928889.57
     9	8330320236.23

Measurement: freq_ro98
  step	{80/t_ro98}
     1	13305453427.9
     2	15625037175.4
     3	17646452856
     4	9571284533.26
     5	11460935396.7
     6	13110077178
     7	6648224325.25
     8	8022114980.55
     9	9235204149.86

Measurement: freq_ro99
  step	{80/t_ro99}
     1	12559031465
     2	14941646291.2
     3	17000257920.5
     4	8936230124.84
     5	10838702306.3
     6	12509843598.4
     7	6148106429.59
     8	7516505783.01
     9	8733272845.77

Measurement: freq_ro100
  step	{80/t_ro100}
     1	13581308379.3
     2	15916584584.1
     3	17857144703.9
     4	9847556444.06
     5	11737825435
     6	13378971511.6
     7	6884483487.47
     8	8268359123.75
     9	9482918133.81

Measurement: freq_ro101
  step	{80/t_ro101}
     1	13052862390.3
     2	15407706062.5
     3	17422098143.2
     4	9367490809.73
     5	11265287980.8
     6	12924592460.8
     7	6488258561.35
     8	7864532855.44
     9	9082248827.59

Measurement: freq_ro102
  step	{80/t_ro102}
     1	11802479198.3
     2	14285714264.4
     3	16368432514.5
     4	8217658212.62
     5	10148692873.6
     6	11851295845.1
     7	5573124997.34
     8	6944506120.07
     9	8170175703.8

Measurement: freq_ro103
  step	{80/t_ro103}
     1	13017612209.9
     2	15379784793.7
     3	17404486659.8
     4	9344362981.91
     5	11246506717.3
     6	12909779562.7
     7	6471022618.35
     8	7849948727.2
     9	9069850746.21

Measurement: freq_ro104
  step	{80/t_ro104}
     1	13757420956.6
     2	16061261859.9
     3	18007717392.5
     4	10078643021.6
     5	11947901813.1
     6	13578633995.7
     7	7083562288.6
     8	8456768881.64
     9	9667145514.23

Measurement: freq_ro105
  step	{80/t_ro105}
     1	13697526334.5
     2	16028942398.8
     3	17985633494.9
     4	10022660359.4
     5	11908783785.9
     6	13557399410.6
     7	7035232047.72
     8	8425139632.36
     9	9645584315.51

Measurement: freq_ro106
  step	{80/t_ro106}
     1	13463601951.5
     2	15824586349.5
     3	17833007584.3
     4	9699594212.09
     5	11615373417.9
     6	13273462414.3
     7	6753417831.83
     8	8152683797.45
     9	9379415220.5

Measurement: freq_ro107
  step	{80/t_ro107}
     1	12419911883
     2	14826971423.3
     3	16895840595.4
     4	8778035680.54
     5	10710465100
     6	12400997401.9
     7	6018717847.27
     8	7408346005.1
     9	8639656669.98

Measurement: freq_ro108
  step	{80/t_ro108}
     1	14062268991.2
     2	16355000371.1
     3	18303470274.7
     4	10296502682.4
     5	12176984234.5
     6	13801872588.4
     7	7252581666.1
     8	8640250828.82
     9	9852680598.33

Measurement: freq_ro109
  step	{80/t_ro109}
     1	13219283486.5
     2	15624985825.6
     3	17625364850.5
     4	9483912131.8
     5	11402524403.2
     6	13068628472.5
     7	6583672541.08
     8	7980566833.58
     9	9207950479.38

Measurement: freq_ro110
  step	{80/t_ro110}
     1	13787743196.5
     2	16107299527.9
     3	18028168575.7
     4	10055447693.4
     5	11916849325.5
     6	13536921395.1
     7	7052158115.11
     8	8416086779.06
     9	9615807899.57

Measurement: freq_ro111
  step	{80/t_ro111}
     1	13939303286.7
     2	16238130553.5
     3	18198218367.5
     4	10190008117.8
     5	12080211528.4
     6	13713330274.7
     7	7166169418.91
     8	8561543107.09
     9	9779568601.67

Measurement: freq_ro112
  step	{80/t_ro112}
     1	13033206242.6
     2	15405640908.7
     3	17412194244
     4	9347311007.48
     5	11246690525.4
     6	12908156628.6
     7	6476459714.67
     8	7854130805.24
     9	9073473348.24

Measurement: freq_ro113
  step	{80/t_ro113}
     1	12881297217.2
     2	15226855313.3
     3	17241392896.5
     4	9227424400.18
     5	11112124647
     6	12772934063.1
     7	6381976647.46
     8	7749009844.65
     9	8962411892.74

Measurement: freq_ro114
  step	{80/t_ro114}
     1	13627584757
     2	15950463911.5
     3	17905864656.4
     4	9889753620.21
     5	11768898251.5
     6	13403824640.8
     7	6915118373.87
     8	8291277139.34
     9	9501572674.79

Measurement: freq_ro115
  step	{80/t_ro115}
     1	12396472261.1
     2	14817448670.3
     3	16889337259.6
     4	8770031792.02
     5	10707615831.3
     6	12398898679.1
     7	6015848405.33
     8	7410453609.36
     9	8642874724.77

Measurement: freq_ro116
  step	{80/t_ro116}
     1	13008134988.5
     2	15376475823.1
     3	17386592890.4
     4	9369236499.69
     5	11274991589.1
     6	12938047587.4
     7	6504504199.93
     8	7887812080.83
     9	9109215490.28

Measurement: freq_ro117
  step	{80/t_ro117}
     1	14541527022.7
     2	16759826811.3
     3	18654535137.3
     4	10803948699.2
     5	12635832539.8
     6	14224908230.1
     7	7680282006.47
     8	9041432961.21
     9	10232806452.2

Measurement: freq_ro118
  step	{80/t_ro118}
     1	12195121799.5
     2	14644249435.1
     3	16694452978.1
     4	8598835059.62
     5	10537975140.2
     6	12234514801.3
     7	5885148154.35
     8	7273733110.14
     9	8505531403.26

Measurement: freq_ro119
  step	{80/t_ro119}
     1	12972425330.7
     2	15436437068.9
     3	17491572796.1
     4	9229678784.49
     5	11209540937.7
     6	12913321492.9
     7	6368019003.32
     8	7803347418.72
     9	9054318557.18

Measurement: freq_ro120
  step	{80/t_ro120}
     1	14751424936.7
     2	16973347846.8
     3	18867929763.5
     4	10977293445.7
     5	12820200196.9
     6	14406823799.6
     7	7818483429.53
     8	9189322878.98
     9	10383438854.5

Measurement: freq_ro121
  step	{80/t_ro121}
     1	13868025529.8
     2	16141889696.3
     3	18098045811.6
     4	10158803027.7
     5	12015791551
     6	13635816636.8
     7	7142292552.53
     8	8506015078.18
     9	9708293266.16

Measurement: freq_ro122
  step	{80/t_ro122}
     1	12820511398.2
     2	15151533433.7
     3	17211465361.6
     4	9134732488.59
     5	11027459225.1
     6	12688632113
     7	6300213220.66
     8	7666302194.37
     9	8879689066.39

Measurement: freq_ro123
  step	{80/t_ro123}
     1	13157896110.4
     2	15505061371.9
     3	17512316276.2
     4	9481006755.82
     5	11375061690.8
     6	13030907628.1
     7	6589270787.61
     8	7967039656.51
     9	9184114121.65

Measurement: freq_ro124
  step	{80/t_ro124}
     1	13250286884.9
     2	15624965908.5
     3	17593242588.4
     4	9547503392.79
     5	11434680640.5
     6	13083970373
     7	6632511482.26
     8	8004774675.58
     9	9217803407.13

Measurement: freq_ro125
  step	{80/t_ro125}
     1	12453924589.5
     2	14827358091.9
     3	16896478630.5
     4	8852350820.58
     5	10758338092.8
     6	12436231747.3
     7	6087494673.46
     8	7457336967.63
     9	8677518696.39

Measurement: freq_ro126
  step	{80/t_ro126}
     1	13731423480.3
     2	16078072167.5
     3	18033118497.5
     4	9967542323.15
     5	11863869368.5
     6	13509044026.7
     7	6969693133.38
     8	8359525741.98
     9	9577054020.85

Measurement: freq_ro127
  step	{80/t_ro127}
     1	14851112873.3
     2	17076161420.2
     3	18941228982.1
     4	11061893420.1
     5	12892061014.1
     6	14469756343.2
     7	7882806705.11
     8	9245984757.46
     9	10431527529.6

Measurement: edge100_ro0
  step	V(ro0_out)={VTHRESH} 
     1	7.52461888848e-09
     2	6.39385930598e-09
     3	5.66294091283e-09
     4	1.04263489313e-08
     5	8.70886222021e-09
     6	7.61038648272e-09
     7	1.49946664236e-08
     8	1.24314939508e-08
     9	1.07965173109e-08

Measurement: edge100_ro1
  step	V(ro1_out)={VTHRESH} 
     1	7.30203952059e-09
     2	6.2409840314e-09
     3	5.55286304399e-09
     4	1.00264684836e-08
     5	8.43587595496e-09
     6	7.40877688592e-09
     7	1.43232458057e-08
     8	1.19660493008e-08
     9	1.04476214508e-08

Measurement: edge100_ro2
  step	V(ro2_out)={VTHRESH} 
     1	7.26583618725e-09
     2	6.21321508625e-09
     3	5.53012731173e-09
     4	1.00010117328e-08
     5	8.40944145809e-09
     6	7.3855024289e-09
     7	1.42968900407e-08
     8	1.19316285242e-08
     9	1.04146014779e-08

Measurement: edge100_ro3
  step	V(ro3_out)={VTHRESH} 
     1	7.43076520273e-09
     2	6.32796612166e-09
     3	5.61431019625e-09
     4	1.02607749566e-08
     5	8.58327964293e-09
     6	7.51470324265e-09
     7	1.47064224271e-08
     8	1.22090535918e-08
     9	1.0622760969e-08

Measurement: edge100_ro4
  step	V(ro4_out)={VTHRESH} 
     1	7.3056057679e-09
     2	6.22969562474e-09
     3	5.55409282509e-09
     4	1.00906846349e-08
     5	8.45210211787e-09
     6	7.4080952691e-09
     7	1.44618143514e-08
     8	1.20192425563e-08
     9	1.04676634218e-08

Measurement: edge100_ro5
  step	V(ro5_out)={VTHRESH} 
     1	7.42360304223e-09
     2	6.34214271715e-09
     3	5.61579360906e-09
     4	1.02273209268e-08
     5	8.57365771166e-09
     6	7.51003690842e-09
     7	1.46517011966e-08
     8	1.21956238931e-08
     9	1.06190120224e-08

Measurement: edge100_ro6
  step	V(ro6_out)={VTHRESH} 
     1	7.16316910517e-09
     2	6.14683283371e-09
     3	5.4751869898e-09
     4	9.79695760464e-09
     5	8.25764000456e-09
     6	7.27048963359e-09
     7	1.39338575289e-08
     8	1.16606074611e-08
     9	1.02072429019e-08

Measurement: edge100_ro7
  step	V(ro7_out)={VTHRESH} 
     1	7.34101114092e-09
     2	6.26880994909e-09
     3	5.56576822e-09
     4	1.01557209008e-08
     5	8.51421067114e-09
     6	7.46133095987e-09
     7	1.45642303196e-08
     8	1.21189795099e-08
     9	1.05550722261e-08

Measurement: edge100_ro8
  step	V(ro8_out)={VTHRESH} 
     1	7.35566663525e-09
     2	6.26759079444e-09
     3	5.56361321492e-09
     4	1.01609018123e-08
     5	8.50268410893e-09
     6	7.4475289524e-09
     7	1.45466077418e-08
     8	1.20794062812e-08
     9	1.05147156889e-08

Measurement: edge100_ro9
  step	V(ro9_out)={VTHRESH} 
     1	7.94897859738e-09
     2	6.67271480188e-09
     3	5.85944042645e-09
     4	1.11961519373e-08
     5	9.21320517168e-09
     6	7.97222775721e-09
     7	1.62908660443e-08
     8	1.32958407537e-08
     9	1.14268093069e-08

Measurement: edge100_ro10
  step	V(ro10_out)={VTHRESH} 
     1	7.21156349663e-09
     2	6.16292724271e-09
     3	5.507173477e-09
     4	9.89048482032e-09
     5	8.3390026787e-09
     6	7.33793989245e-09
     7	1.41067823383e-08
     8	1.18108281096e-08
     9	1.03296698291e-08

Measurement: edge100_ro11
  step	V(ro11_out)={VTHRESH} 
     1	7.10702106262e-09
     2	6.10312236224e-09
     3	5.44646235724e-09
     4	9.68444829964e-09
     5	8.18382707934e-09
     6	7.21415334929e-09
     7	1.37496471854e-08
     8	1.15370862501e-08
     9	1.01113735254e-08

Measurement: edge100_ro12
  step	V(ro12_out)={VTHRESH} 
     1	7.27639814386e-09
     2	6.21256634467e-09
     3	5.52993704309e-09
     4	1.00097461257e-08
     5	8.41129427574e-09
     6	7.38332489246e-09
     7	1.43179875896e-08
     8	1.1944183787e-08
     9	1.04211045102e-08

Measurement: edge100_ro13
  step	V(ro13_out)={VTHRESH} 
     1	7.14049390338e-09
     2	6.12726462969e-09
     3	5.46549058432e-09
     4	9.73009024896e-09
     5	8.21960087755e-09
     6	7.24566013504e-09
     7	1.38194850052e-08
     8	1.15912745637e-08
     9	1.01587723999e-08

Measurement: edge100_ro14
  step	V(ro14_out)={VTHRESH} 
     1	7.00390935248e-09
     2	6.0409051753e-09
     3	5.40590118949e-09
     4	9.50567590195e-09
     5	8.07596383426e-09
     6	7.1428288493e-09
     7	1.34579669482e-08
     8	1.13578072982e-08
     9	9.98880706604e-09

Measurement: edge100_ro15
  step	V(ro15_out)={VTHRESH} 
     1	8.09689761689e-09
     2	6.74331046791e-09
     3	5.92758570091e-09
     4	1.14764823896e-08
     5	9.37598373031e-09
     6	8.08225848059e-09
     7	1.67616520227e-08
     8	1.35777693089e-08
     9	1.16217148808e-08

Measurement: edge100_ro16
  step	V(ro16_out)={VTHRESH} 
     1	7.67641127446e-09
     2	6.48462650902e-09
     3	5.73342437306e-09
     4	1.07405531743e-08
     5	8.90032997495e-09
     6	7.73947831496e-09
     7	1.55530081464e-08
     8	1.2782261079e-08
     9	1.10406905763e-08

Measurement: edge100_ro17
  step	V(ro17_out)={VTHRESH} 
     1	7.42933359629e-09
     2	6.32863430842e-09
     3	5.61003627493e-09
     4	1.0235653372e-08
     5	8.56656657049e-09
     6	7.49909296593e-09
     7	1.46592008348e-08
     8	1.217884179e-08
     9	1.05962206142e-08

Measurement: edge100_ro18
  step	V(ro18_out)={VTHRESH} 
     1	7.75052497222e-09
     2	6.53868776478e-09
     3	5.75835336686e-09
     4	1.0898373493e-08
     5	8.99907412602e-09
     6	7.80939239978e-09
     7	1.5813766137e-08
     8	1.29495050419e-08
     9	1.11607172817e-08

Measurement: edge100_ro19
  step	V(ro19_out)={VTHRESH} 
     1	7.20767225343e-09
     2	6.14828458458e-09
     3	5.48255920072e-09
     4	9.92708479229e-09
     5	8.33104307841e-09
     6	7.3185407527e-09
     7	1.41801002842e-08
     8	1.18074199958e-08
     9	1.03040980614e-08

Measurement: edge100_ro20
  step	V(ro20_out)={VTHRESH} 
     1	7.42807970405e-09
     2	6.3244672792e-09
     3	5.60836489479e-09
     4	1.029130424e-08
     5	8.60862582306e-09
     6	7.53208593144e-09
     7	1.47906112178e-08
     8	1.22794228221e-08
     9	1.06760141473e-08

Measurement: edge100_ro21
  step	V(ro21_out)={VTHRESH} 
     1	7.57248250143e-09
     2	6.42096832351e-09
     3	5.68394789641e-09
     4	1.05219783429e-08
     5	8.76487747915e-09
     6	7.64737194603e-09
     7	1.51642426327e-08
     8	1.25390013045e-08
     9	1.08710961619e-08

Measurement: edge100_ro22
  step	V(ro22_out)={VTHRESH} 
     1	7.58582096883e-09
     2	6.42801049607e-09
     3	5.68838436043e-09
     4	1.05546466463e-08
     5	8.78552673531e-09
     6	7.66235883729e-09
     7	1.52108311423e-08
     8	1.25650998673e-08
     9	1.08888794328e-08

Measurement: edge100_ro23
  step	V(ro23_out)={VTHRESH} 
     1	7.09083594445e-09
     2	6.09707831456e-09
     3	5.44389454032e-09
     4	9.66997749446e-09
     5	8.18391204896e-09
     6	7.21856772557e-09
     7	1.37341749231e-08
     8	1.1542214751e-08
     9	1.01218252148e-08

Measurement: edge100_ro24
  step	V(ro24_out)={VTHRESH} 
     1	7.18269316588e-09
     2	6.14727626537e-09
     3	5.48577699413e-09
     4	9.8453924126e-09
     5	8.29985922599e-09
     6	7.30251049097e-09
     7	1.40442998987e-08
     8	1.17553246435e-08
     9	1.028191734e-08

Measurement: edge100_ro25
  step	V(ro25_out)={VTHRESH} 
     1	7.39693955682e-09
     2	6.30783955018e-09
     3	5.59917715987e-09
     4	1.0218583612e-08
     5	8.55949036453e-09
     6	7.49635950242e-09
     7	1.46548938724e-08
     8	1.21833191603e-08
     9	1.06034256993e-08

Measurement: edge100_ro26
  step	V(ro26_out)={VTHRESH} 
     1	7.80455735661e-09
     2	6.56860427104e-09
     3	5.79009267156e-09
     4	1.09620736891e-08
     5	9.0588384781e-09
     6	7.85960230223e-09
     7	1.59218420137e-08
     8	1.30527605438e-08
     9	1.12498533519e-08

Measurement: edge100_ro27
  step	V(ro27_out)={VTHRESH} 
     1	7.04685246343e-09
     2	6.07274150209e-09
     3	5.4282556811e-09
     4	9.58407681917e-09
     5	8.13082078071e-09
     6	7.18220259783e-09
     7	1.35873886023e-08
     8	1.14486778982e-08
     9	1.00569122067e-08

Measurement: edge100_ro28
  step	V(ro28_out)={VTHRESH} 
     1	7.23453005096e-09
     2	6.18912289529e-09
     3	5.51252688147e-09
     4	9.93501801852e-09
     5	8.35790424567e-09
     6	7.34254461255e-09
     7	1.41835537723e-08
     8	1.18432116464e-08
     9	1.03425731906e-08

Measurement: edge100_ro29
  step	V(ro29_out)={VTHRESH} 
     1	7.56756888786e-09
     2	6.39761518108e-09
     3	5.65998984829e-09
     4	1.05782055463e-08
     5	8.76840521161e-09
     6	7.63725667809e-09
     7	1.52614450231e-08
     8	1.25438989647e-08
     9	1.08509783129e-08

Measurement: edge100_ro30
  step	V(ro30_out)={VTHRESH} 
     1	7.01333795706e-09
     2	6.03016523555e-09
     3	5.39427036287e-09
     4	9.57256532675e-09
     5	8.10214100338e-09
     6	7.15202861378e-09
     7	1.36027172585e-08
     8	1.14287180037e-08
     9	1.00297563224e-08

Measurement: edge100_ro31
  step	V(ro31_out)={VTHRESH} 
     1	7.34705915968e-09
     2	6.25121790792e-09
     3	5.55783187621e-09
     4	1.0119504234e-08
     5	8.46262992001e-09
     6	7.41189281027e-09
     7	1.44759605906e-08
     8	1.20138348229e-08
     9	1.04559176585e-08

Measurement: edge100_ro32
  step	V(ro32_out)={VTHRESH} 
     1	7.70028988041e-09
     2	6.4859729572e-09
     3	5.71366315894e-09
     4	1.07891053643e-08
     5	8.89340653354e-09
     6	7.71851012058e-09
     7	1.5636941909e-08
     8	1.27721664975e-08
     9	1.10046813345e-08

Measurement: edge100_ro33
  step	V(ro33_out)={VTHRESH} 
     1	8.07029948818e-09
     2	6.74374159355e-09
     3	5.90759198834e-09
     4	1.14376415829e-08
     5	9.36419247314e-09
     6	8.0777471997e-09
     7	1.67155184678e-08
     8	1.35690925942e-08
     9	1.16224894852e-08

Measurement: edge100_ro34
  step	V(ro34_out)={VTHRESH} 
     1	7.58748116074e-09
     2	6.43452214471e-09
     3	5.69109942189e-09
     4	1.05307315657e-08
     5	8.77138238539e-09
     6	7.6510836961e-09
     7	1.51614112484e-08
     8	1.25325337815e-08
     9	1.08631159383e-08

Measurement: edge100_ro35
  step	V(ro35_out)={VTHRESH} 
     1	7.30825717337e-09
     2	6.22601089744e-09
     3	5.54024873683e-09
     4	1.00719524223e-08
     5	8.43046159817e-09
     6	7.38662222945e-09
     7	1.44218919486e-08
     8	1.19770724555e-08
     9	1.04272198936e-08

Measurement: edge100_ro36
  step	V(ro36_out)={VTHRESH} 
     1	7.18528881716e-09
     2	6.15144498543e-09
     3	5.48698750959e-09
     4	9.85472006688e-09
     5	8.30221397157e-09
     6	7.30173156802e-09
     7	1.40488784293e-08
     8	1.17487638376e-08
     9	1.02712086837e-08

Measurement: edge100_ro37
  step	V(ro37_out)={VTHRESH} 
     1	7.59758112302e-09
     2	6.43258408591e-09
     3	5.687886635e-09
     4	1.05994190241e-08
     5	8.80608815947e-09
     6	7.67316367856e-09
     7	1.52890412648e-08
     8	1.26030105636e-08
     9	1.09105474815e-08

Measurement: edge100_ro38
  step	V(ro38_out)={VTHRESH} 
     1	7.47439306151e-09
     2	6.34520685681e-09
     3	5.62203394041e-09
     4	1.03558947267e-08
     5	8.63929805237e-09
     6	7.54799238506e-09
     7	1.48814798601e-08
     8	1.23179674756e-08
     9	1.06943041455e-08

Measurement: edge100_ro39
  step	V(ro39_out)={VTHRESH} 
     1	7.29219165332e-09
     2	6.23341032108e-09
     3	5.55325151716e-09
     4	1.00228218516e-08
     5	8.43470017038e-09
     6	7.40817969741e-09
     7	1.43328755256e-08
     8	1.19762822137e-08
     9	1.0456588566e-08

Measurement: edge100_ro40
  step	V(ro40_out)={VTHRESH} 
     1	7.43938323324e-09
     2	6.33968071044e-09
     3	5.62134410091e-09
     4	1.02704009992e-08
     5	8.60425671984e-09
     6	7.53344122504e-09
     7	1.47357470585e-08
     8	1.22552758656e-08
     9	1.06646737979e-08

Measurement: edge100_ro41
  step	V(ro41_out)={VTHRESH} 
     1	7.68387695864e-09
     2	6.49289315779e-09
     3	5.7262071316e-09
     4	1.07162739563e-08
     5	8.87710206124e-09
     6	7.7220495657e-09
     7	1.54667343164e-08
     8	1.27104238275e-08
     9	1.09830154112e-08

Measurement: edge100_ro42
  step	V(ro42_out)={VTHRESH} 
     1	7.45456515964e-09
     2	6.35007294253e-09
     3	5.6299038495e-09
     4	1.02990207786e-08
     5	8.62551904789e-09
     6	7.54916852642e-09
     7	1.47859640154e-08
     8	1.22946604623e-08
     9	1.06958858199e-08

Measurement: edge100_ro43
  step	V(ro43_out)={VTHRESH} 
     1	7.74686295707e-09
     2	6.53972717439e-09
     3	5.75692030624e-09
     4	1.08904903558e-08
     5	8.99415323228e-09
     6	7.8069407913e-09
     7	1.58019395469e-08
     8	1.29419154365e-08
     9	1.11562456905e-08

Measurement: edge100_ro44
  step	V(ro44_out)={VTHRESH} 
     1	7.85905782317e-09
     2	6.59764144995e-09
     3	5.80617182637e-09
     4	1.10521183278e-08
     5	9.10598833673e-09
     6	7.88742403773e-09
     7	1.60603838898e-08
     8	1.31252772026e-08
     9	1.12929212026e-08

Measurement: edge100_ro45
  step	V(ro45_out)={VTHRESH} 
     1	7.1051762125e-09
     2	6.10045550392e-09
     3	5.4400828083e-09
     4	9.68985674646e-09
     5	8.1832306066e-09
     6	7.21218221568e-09
     7	1.37677343586e-08
     8	1.15434795084e-08
     9	1.01145113636e-08

Measurement: edge100_ro46
  step	V(ro46_out)={VTHRESH} 
     1	7.69406803543e-09
     2	6.49124833688e-09
     3	5.74883551083e-09
     4	1.07879298271e-08
     5	8.92640509878e-09
     6	7.75513473431e-09
     7	1.56362918164e-08
     8	1.28297596899e-08
     9	1.10728689043e-08

Measurement: edge100_ro47
  step	V(ro47_out)={VTHRESH} 
     1	7.49781062593e-09
     2	6.36620950399e-09
     3	5.64461953255e-09
     4	1.04034179008e-08
     5	8.68168580931e-09
     6	7.58621275074e-09
     7	1.49628376461e-08
     8	1.2389894842e-08
     9	1.0757891092e-08

Measurement: edge100_ro48
  step	V(ro48_out)={VTHRESH} 
     1	6.98895463938e-09
     2	6.0233053073e-09
     3	5.3899359191e-09
     4	9.47837534563e-09
     5	8.04434085306e-09
     6	7.11244565139e-09
     7	1.3404113563e-08
     8	1.12997089648e-08
     9	9.93455789917e-09

Measurement: edge100_ro49
  step	V(ro49_out)={VTHRESH} 
     1	7.23187024477e-09
     2	6.18503104902e-09
     3	5.50713008884e-09
     4	9.94226570775e-09
     5	8.36229297835e-09
     6	7.34832809976e-09
     7	1.42149249833e-08
     8	1.18647712005e-08
     9	1.03589065723e-08

Measurement: edge100_ro50
  step	V(ro50_out)={VTHRESH} 
     1	7.84013973473e-09
     2	6.59596511594e-09
     3	5.8087673361e-09
     4	1.0993314538e-08
     5	9.0782442475e-09
     6	7.8735518761e-09
     7	1.59436900441e-08
     8	1.30607296751e-08
     9	1.12524729737e-08

Measurement: edge100_ro51
  step	V(ro51_out)={VTHRESH} 
     1	7.33940249213e-09
     2	6.25387953458e-09
     3	5.55004891703e-09
     4	1.01237113894e-08
     5	8.48426668321e-09
     6	7.43548989342e-09
     7	1.45113351417e-08
     8	1.20678103712e-08
     9	1.0510088556e-08

Measurement: edge100_ro52
  step	V(ro52_out)={VTHRESH} 
     1	7.34173061073e-09
     2	6.2848319812e-09
     3	5.57888530573e-09
     4	1.01119167225e-08
     5	8.48884762821e-09
     6	7.44443901627e-09
     7	1.44548441895e-08
     8	1.20486802784e-08
     9	1.05038462936e-08

Measurement: edge100_ro53
  step	V(ro53_out)={VTHRESH} 
     1	7.4473810849e-09
     2	6.33867420444e-09
     3	5.61296797871e-09
     4	1.03238194746e-08
     5	8.62359213241e-09
     6	7.53869051336e-09
     7	1.48401158656e-08
     8	1.22989875689e-08
     9	1.06852820209e-08

Measurement: edge100_ro54
  step	V(ro54_out)={VTHRESH} 
     1	7.25418570533e-09
     2	6.18579796542e-09
     3	5.50126504416e-09
     4	1.00304295419e-08
     5	8.39439406503e-09
     6	7.35875188662e-09
     7	1.4382142596e-08
     8	1.19367953999e-08
     9	1.03938991927e-08

Measurement: edge100_ro55
  step	V(ro55_out)={VTHRESH} 
     1	7.15988954668e-09
     2	6.14661940449e-09
     3	5.47064943782e-09
     4	9.83311503421e-09
     5	8.28396542329e-09
     6	7.28756847787e-09
     7	1.40322454433e-08
     8	1.17346283338e-08
     9	1.02601510335e-08

Measurement: edge100_ro56
  step	V(ro56_out)={VTHRESH} 
     1	7.31594652906e-09
     2	6.24307107393e-09
     3	5.55511015268e-09
     4	1.00802516457e-08
     5	8.46714664789e-09
     6	7.43091199901e-09
     7	1.44222570287e-08
     8	1.20265974402e-08
     9	1.04911106072e-08

Measurement: edge100_ro57
  step	V(ro57_out)={VTHRESH} 
     1	7.3390087232e-09
     2	6.24874755121e-09
     3	5.55191781811e-09
     4	1.01434747652e-08
     5	8.49236460437e-09
     6	7.44000010237e-09
     7	1.4536295238e-08
     8	1.20760200072e-08
     9	1.05131313831e-08

Measurement: edge100_ro58
  step	V(ro58_out)={VTHRESH} 
     1	7.34053716462e-09
     2	6.25250112354e-09
     3	5.55558906067e-09
     4	1.01313207594e-08
     5	8.49130940697e-09
     6	7.44161293983e-09
     7	1.45396464152e-08
     8	1.2092198464e-08
     9	1.05306108488e-08

Measurement: edge100_ro59
  step	V(ro59_out)={VTHRESH} 
     1	7.8759075375e-09
     2	6.61940173486e-09
     3	5.82260774701e-09
     4	1.10839542764e-08
     5	9.13920031946e-09
     6	7.92100311074e-09
     7	1.61178010188e-08
     8	1.31833004146e-08
     9	1.13473392434e-08

Measurement: edge100_ro60
  step	V(ro60_out)={VTHRESH} 
     1	7.11216733958e-09
     2	6.09889055891e-09
     3	5.44187686083e-09
     4	9.71008594833e-09
     5	8.18560643834e-09
     6	7.21016686016e-09
     7	1.37851756273e-08
     8	1.15396757746e-08
     9	1.01031851785e-08

Measurement: edge100_ro61
  step	V(ro61_out)={VTHRESH} 
     1	7.07322282015e-09
     2	6.08868296559e-09
     3	5.43910153688e-09
     4	9.62850937582e-09
     5	8.15887194126e-09
     6	7.20198090954e-09
     7	1.36569929539e-08
     8	1.14948026905e-08
     9	1.00900198535e-08

Measurement: edge100_ro62
  step	V(ro62_out)={VTHRESH} 
     1	7.48278039073e-09
     2	6.35539260172e-09
     3	5.64086719463e-09
     4	1.03338815906e-08
     5	8.64252138501e-09
     6	7.55784662152e-09
     7	1.48365089423e-08
     8	1.23188158829e-08
     9	1.07072503116e-08

Measurement: edge100_ro63
  step	V(ro63_out)={VTHRESH} 
     1	7.11652249535e-09
     2	6.11710008038e-09
     3	5.45631990313e-09
     4	9.70984244494e-09
     5	8.20967096703e-09
     6	7.23772198429e-09
     7	1.37950345996e-08
     8	1.15816193241e-08
     9	1.01509784875e-08

Measurement: edge100_ro64
  step	V(ro64_out)={VTHRESH} 
     1	7.18141098122e-09
     2	6.14448264651e-09
     3	5.47601964689e-09
     4	9.86391754629e-09
     5	8.28999476858e-09
     6	7.28771135778e-09
     7	1.40759516592e-08
     8	1.17353964714e-08
     9	1.02501768334e-08

Measurement: edge100_ro65
  step	V(ro65_out)={VTHRESH} 
     1	7.21217066002e-09
     2	6.16751821606e-09
     3	5.50835361219e-09
     4	9.88997045251e-09
     5	8.33742200442e-09
     6	7.33607984944e-09
     7	1.40986780645e-08
     8	1.18032226342e-08
     9	1.03248200955e-08

Measurement: edge100_ro66
  step	V(ro66_out)={VTHRESH} 
     1	7.19158859677e-09
     2	6.14700187945e-09
     3	5.47461246494e-09
     4	9.89901590799e-09
     5	8.31023828924e-09
     6	7.30179080506e-09
     7	1.41249156226e-08
     8	1.17660835097e-08
     9	1.02725805919e-08

Measurement: edge100_ro67
  step	V(ro67_out)={VTHRESH} 
     1	7.66681289432e-09
     2	6.46945041487e-09
     3	5.70914027877e-09
     4	1.07589161526e-08
     5	8.89916990386e-09
     6	7.73369919256e-09
     7	1.55938446237e-08
     8	1.27890333995e-08
     9	1.10372258182e-08

Measurement: edge100_ro68
  step	V(ro68_out)={VTHRESH} 
     1	7.73158729622e-09
     2	6.54548967448e-09
     3	5.75571721138e-09
     4	1.07657934155e-08
     5	8.93500542869e-09
     6	7.77206174564e-09
     7	1.55479071539e-08
     8	1.28034081474e-08
     9	1.10692820233e-08

Measurement: edge100_ro69
  step	V(ro69_out)={VTHRESH} 
     1	7.46758936217e-09
     2	6.34984314627e-09
     3	5.63317825108e-09
     4	1.03269978817e-08
     5	8.63737137802e-09
     6	7.55524011443e-09
     7	1.48285715812e-08
     8	1.23104871466e-08
     9	1.07030201113e-08

Measurement: edge100_ro70
  step	V(ro70_out)={VTHRESH} 
     1	7.6483324883e-09
     2	6.47962174796e-09
     3	5.72736825137e-09
     4	1.06787209431e-08
     5	8.8786317962e-09
     6	7.73432432765e-09
     7	1.54401794358e-08
     8	1.27386053234e-08
     9	1.10251624493e-08

Measurement: edge100_ro71
  step	V(ro71_out)={VTHRESH} 
     1	7.42003689749e-09
     2	6.32541098151e-09
     3	5.60883960344e-09
     4	1.02656449899e-08
     5	8.59315431758e-09
     6	7.52236424986e-09
     7	1.47373472667e-08
     8	1.22438166168e-08
     9	1.06513885808e-08

Measurement: edge100_ro72
  step	V(ro72_out)={VTHRESH} 
     1	7.2468075695e-09
     2	6.18990906764e-09
     3	5.51345441483e-09
     4	9.98131014773e-09
     5	8.38212095693e-09
     6	7.35842520018e-09
     7	1.42705346072e-08
     8	1.18936203824e-08
     9	1.03764544066e-08

Measurement: edge100_ro73
  step	V(ro73_out)={VTHRESH} 
     1	7.00378949052e-09
     2	6.0334791517e-09
     3	5.40082658103e-09
     4	9.53326318153e-09
     5	8.09328965061e-09
     6	7.15185302886e-09
     7	1.35213852435e-08
     8	1.14012017796e-08
     9	1.00199739685e-08

Measurement: edge100_ro74
  step	V(ro74_out)={VTHRESH} 
     1	6.92077713297e-09
     2	5.96519023598e-09
     3	5.35595198945e-09
     4	9.37820164104e-09
     5	7.97173856198e-09
     6	7.05679674962e-09
     7	1.32607694815e-08
     8	1.1193825481e-08
     9	9.85337028742e-09

Measurement: edge100_ro75
  step	V(ro75_out)={VTHRESH} 
     1	7.33533349573e-09
     2	6.26589440533e-09
     3	5.56988885326e-09
     4	1.00798393218e-08
     5	8.47204787167e-09
     6	7.43485635395e-09
     7	1.4411137431e-08
     8	1.20252789876e-08
     9	1.04904512687e-08

Measurement: edge100_ro76
  step	V(ro76_out)={VTHRESH} 
     1	7.92895818122e-09
     2	6.64194838392e-09
     3	5.83913264138e-09
     4	1.11687492125e-08
     5	9.1895880938e-09
     6	7.9535077497e-09
     7	1.62611062162e-08
     8	1.32682733736e-08
     9	1.14047980423e-08

Measurement: edge100_ro77
  step	V(ro77_out)={VTHRESH} 
     1	7.17960820664e-09
     2	6.16075607949e-09
     3	5.49878114934e-09
     4	9.808491988e-09
     5	8.28765912838e-09
     6	7.29943582668e-09
     7	1.39506091829e-08
     8	1.17068406507e-08
     9	1.02521231113e-08

Measurement: edge100_ro78
  step	V(ro78_out)={VTHRESH} 
     1	7.54143624376e-09
     2	6.40607089321e-09
     3	5.66823031344e-09
     4	1.05452973299e-08
     5	8.77563043281e-09
     6	7.65100618442e-09
     7	1.52277475522e-08
     8	1.25731631156e-08
     9	1.08908631596e-08

Measurement: edge100_ro79
  step	V(ro79_out)={VTHRESH} 
     1	7.29046752283e-09
     2	6.22911858552e-09
     3	5.54143658587e-09
     4	1.00298814313e-08
     5	8.42449044546e-09
     6	7.39483451888e-09
     7	1.43297922827e-08
     8	1.19460489275e-08
     9	1.04225456835e-08

Measurement: edge100_ro80
  step	V(ro80_out)={VTHRESH} 
     1	7.54064181315e-09
     2	6.3852094178e-09
     3	5.65904873229e-09
     4	1.044776128e-08
     5	8.69584529901e-09
     6	7.58872374329e-09
     7	1.49996910851e-08
     8	1.23869845031e-08
     9	1.07417675525e-08

Measurement: edge100_ro81
  step	V(ro81_out)={VTHRESH} 
     1	7.77890827313e-09
     2	6.55760991457e-09
     3	5.78349579425e-09
     4	1.09187670007e-08
     5	9.03774389175e-09
     6	7.84931789055e-09
     7	1.58403489162e-08
     8	1.30076755864e-08
     9	1.12226893415e-08

Measurement: edge100_ro82
  step	V(ro82_out)={VTHRESH} 
     1	7.15929740336e-09
     2	6.14609420883e-09
     3	5.47667464343e-09
     4	9.81223771185e-09
     5	8.27862514101e-09
     6	7.28874915601e-09
     7	1.39798015971e-08
     8	1.17120459454e-08
     9	1.02509531262e-08

Measurement: edge100_ro83
  step	V(ro83_out)={VTHRESH} 
     1	7.61185471401e-09
     2	6.44403498264e-09
     3	5.69478491199e-09
     4	1.05927427264e-08
     5	8.80001195688e-09
     6	7.66705021185e-09
     7	1.52701402942e-08
     8	1.25845730456e-08
     9	1.08930066719e-08

Measurement: edge100_ro84
  step	V(ro84_out)={VTHRESH} 
     1	7.33277445152e-09
     2	6.25548135673e-09
     3	5.55876890112e-09
     4	1.01201789665e-08
     5	8.48581306756e-09
     6	7.44046453219e-09
     7	1.44877864593e-08
     8	1.20577550174e-08
     9	1.05073088908e-08

Measurement: edge100_ro85
  step	V(ro85_out)={VTHRESH} 
     1	7.54846756906e-09
     2	6.39851195279e-09
     3	5.65983590674e-09
     4	1.05361764805e-08
     5	8.76256469575e-09
     6	7.63835640857e-09
     7	1.52159886393e-08
     8	1.25544804881e-08
     9	1.08716670938e-08

Measurement: edge100_ro86
  step	V(ro86_out)={VTHRESH} 
     1	7.87239037846e-09
     2	6.62959918638e-09
     3	5.83571860264e-09
     4	1.1042961471e-08
     5	9.13226736545e-09
     6	7.92351170507e-09
     7	1.60314011082e-08
     8	1.31574773065e-08
     9	1.13416772729e-08

Measurement: edge100_ro87
  step	V(ro87_out)={VTHRESH} 
     1	7.4334439165e-09
     2	6.32589132056e-09
     3	5.61000226986e-09
     4	1.03091723135e-08
     5	8.61698452196e-09
     6	7.53712602692e-09
     7	1.48176224358e-08
     8	1.2290767376e-08
     9	1.06830431687e-08

Measurement: edge100_ro88
  step	V(ro88_out)={VTHRESH} 
     1	7.07116464926e-09
     2	6.09122508402e-09
     3	5.44154148487e-09
     4	9.62348865393e-09
     5	8.16018335376e-09
     6	7.20569971854e-09
     7	1.36472833429e-08
     8	1.1494563544e-08
     9	1.00933764726e-08

Measurement: edge100_ro89
  step	V(ro89_out)={VTHRESH} 
     1	7.5133377902e-09
     2	6.35850257082e-09
     3	5.64572284873e-09
     4	1.04482874152e-08
     5	8.7045925568e-09
     6	7.59954329369e-09
     7	1.50468758669e-08
     8	1.24381076513e-08
     9	1.07892090794e-08

Measurement: edge100_ro90
  step	V(ro90_out)={VTHRESH} 
     1	7.30132753073e-09
     2	6.23163999007e-09
     3	5.54754102793e-09
     4	1.00453475707e-08
     5	8.42841967983e-09
     6	7.39345556983e-09
     7	1.4372386285e-08
     8	1.19661546066e-08
     9	1.04309115311e-08

Measurement: edge100_ro91
  step	V(ro91_out)={VTHRESH} 
     1	7.48187353708e-09
     2	6.35565917065e-09
     3	5.64222204869e-09
     4	1.03309104808e-08
     5	8.6391612756e-09
     6	7.55588710556e-09
     7	1.48237549128e-08
     8	1.23045675636e-08
     9	1.06960974519e-08

Measurement: edge100_ro92
  step	V(ro92_out)={VTHRESH} 
     1	6.94044394136e-09
     2	5.98572463003e-09
     3	5.36233869051e-09
     4	9.4161316836e-09
     5	7.99823612428e-09
     6	7.0788568554e-09
     7	1.33117391718e-08
     8	1.12290720718e-08
     9	9.88177241646e-09

Measurement: edge100_ro93
  step	V(ro93_out)={VTHRESH} 
     1	7.68558534782e-09
     2	6.47213413617e-09
     3	5.70971286511e-09
     4	1.07762672799e-08
     5	8.88769196957e-09
     6	7.71699143681e-09
     7	1.56140255768e-08
     8	1.27621900532e-08
     9	1.10010618306e-08

Measurement: edge100_ro94
  step	V(ro94_out)={VTHRESH} 
     1	7.6485419309e-09
     2	6.45276936883e-09
     3	5.70135500961e-09
     4	1.06845265028e-08
     5	8.83740873265e-09
     6	7.69015737448e-09
     7	1.542011294e-08
     8	1.26553405962e-08
     9	1.09318134225e-08

Measurement: edge100_ro95
  step	V(ro95_out)={VTHRESH} 
     1	7.29513033009e-09
     2	6.21892878837e-09
     3	5.53478176701e-09
     4	1.00580151161e-08
     5	8.43423849151e-09
     6	7.39904928262e-09
     7	1.439239445e-08
     8	1.19767333287e-08
     9	1.04408826628e-08

Measurement: edge100_ro96
  step	V(ro96_out)={VTHRESH} 
     1	7.0476872208e-09
     2	6.0695480836e-09
     3	5.42599863275e-09
     4	9.56837006128e-09
     5	8.1154828589e-09
     6	7.168495092e-09
     7	1.35565269498e-08
     8	1.14200052496e-08
     9	1.00313612304e-08

Measurement: edge100_ro97
  step	V(ro97_out)={VTHRESH} 
     1	8.25918143682e-09
     2	6.87441938856e-09
     3	6.00470245643e-09
     4	1.17592857065e-08
     5	9.58939520228e-09
     6	8.24510396668e-09
     7	1.72470922433e-08
     8	1.39469903187e-08
     9	1.19082656954e-08

Measurement: edge100_ro98
  step	V(ro98_out)={VTHRESH} 
     1	7.45607822101e-09
     2	6.34713133384e-09
     3	5.61914029156e-09
     4	1.03655235413e-08
     5	8.65425686862e-09
     6	7.56409846198e-09
     7	1.49231460523e-08
     8	1.23643734992e-08
     9	1.07382315722e-08

Measurement: edge100_ro99
  step	V(ro99_out)={VTHRESH} 
     1	7.89996779379e-09
     2	6.63765896633e-09
     3	5.83270981391e-09
     4	1.1103433034e-08
     5	9.15102913663e-09
     6	7.92687401425e-09
     7	1.61385252425e-08
     8	1.31957290747e-08
     9	1.13546155565e-08

Measurement: edge100_ro100
  step	V(ro100_out)={VTHRESH} 
     1	7.30689615853e-09
     2	6.23343882412e-09
     3	5.55519626414e-09
     4	1.00780079555e-08
     5	8.45331269821e-09
     6	7.41524393626e-09
     7	1.44162689075e-08
     8	1.20010884278e-08
     9	1.04625986069e-08

Measurement: edge100_ro101
  step	V(ro101_out)={VTHRESH} 
     1	7.59909302799e-09
     2	6.43539398774e-09
     3	5.68984147716e-09
     4	1.05894424173e-08
     5	8.80222022872e-09
     6	7.67003307267e-09
     7	1.52881089256e-08
     8	1.26083066459e-08
     9	1.09150487838e-08

Measurement: edge100_ro102
  step	V(ro102_out)={VTHRESH} 
     1	8.40606815835e-09
     2	6.94269975102e-09
     3	6.05752368505e-09
     4	1.2073456733e-08
     5	9.77269947799e-09
     6	8.3667520355e-09
     7	1.78015912892e-08
     8	1.42815875551e-08
     9	1.21364485315e-08

Measurement: edge100_ro103
  step	V(ro103_out)={VTHRESH} 
     1	7.62042785602e-09
     2	6.4485068702e-09
     3	5.69736329012e-09
     4	1.06164375239e-08
     5	8.81886475543e-09
     6	7.68141363696e-09
     7	1.53305024743e-08
     8	1.26348272887e-08
     9	1.0933830754e-08

Measurement: edge100_ro104
  step	V(ro104_out)={VTHRESH} 
     1	7.21271218302e-09
     2	6.17692558644e-09
     3	5.5088794139e-09
     4	9.84688074135e-09
     5	8.30570801107e-09
     6	7.3077374639e-09
     7	1.40125601961e-08
     8	1.17362010933e-08
     9	1.02664747254e-08

Measurement: edge100_ro105
  step	V(ro105_out)={VTHRESH} 
     1	7.23307841139e-09
     2	6.18032948752e-09
     3	5.50810983914e-09
     4	9.88388978518e-09
     5	8.31779231755e-09
     6	7.30650504407e-09
     7	1.40792987977e-08
     8	1.17558500387e-08
     9	1.02682522308e-08

Measurement: edge100_ro106
  step	V(ro106_out)={VTHRESH} 
     1	7.3620213233e-09
     2	6.2627643264e-09
     3	5.55716950285e-09
     4	1.02183610839e-08
     5	8.53218818054e-09
     6	7.46586431414e-09
     7	1.46753232645e-08
     8	1.21555269082e-08
     9	1.05651005368e-08

Measurement: edge100_ro107
  step	V(ro107_out)={VTHRESH} 
     1	7.98845322392e-09
     2	6.68866610297e-09
     3	5.86847613184e-09
     4	1.13032983894e-08
     5	9.26056831092e-09
     6	7.99600325972e-09
     7	1.64854577307e-08
     8	1.33886187251e-08
     9	1.14776320506e-08

Measurement: edge100_ro108
  step	V(ro108_out)={VTHRESH} 
     1	7.05630853535e-09
     2	6.06401785881e-09
     3	5.41695807294e-09
     4	9.6398880723e-09
     5	8.14657365124e-09
     6	7.18496810516e-09
     7	1.36887130208e-08
     8	1.14835872925e-08
     9	1.00666443598e-08

Measurement: edge100_ro109
  step	V(ro109_out)={VTHRESH} 
     1	7.50114620034e-09
     2	6.34554487266e-09
     3	5.62429718377e-09
     4	1.04550232335e-08
     5	8.69446450075e-09
     6	7.58523970296e-09
     7	1.50598521367e-08
     8	1.24222314942e-08
     9	1.07653487771e-08

Measurement: edge100_ro110
  step	V(ro110_out)={VTHRESH} 
     1	7.19731691441e-09
     2	6.15939999266e-09
     3	5.50254267398e-09
     4	9.8700019742e-09
     5	8.32670813908e-09
     6	7.32909945458e-09
     7	1.40743859632e-08
     8	1.17913598901e-08
     9	1.0318764592e-08

Measurement: edge100_ro111
  step	V(ro111_out)={VTHRESH} 
     1	7.10027925946e-09
     2	6.09831998323e-09
     3	5.44228266585e-09
     4	9.70729289926e-09
     5	8.19445808452e-09
     6	7.22014034798e-09
     7	1.37994562177e-08
     8	1.15577978301e-08
     9	1.01213802347e-08

Measurement: edge100_ro112
  step	V(ro112_out)={VTHRESH} 
     1	7.60867843816e-09
     2	6.43595879102e-09
     3	5.69348040426e-09
     4	1.06087837937e-08
     5	8.81549524558e-09
     6	7.67996231079e-09
     7	1.53107259805e-08
     8	1.26229260164e-08
     9	1.09253173067e-08

Measurement: edge100_ro113
  step	V(ro113_out)={VTHRESH} 
     1	7.69827657153e-09
     2	6.51101032566e-09
     3	5.74850373285e-09
     4	1.07459552772e-08
     5	8.9209328524e-09
     6	7.76113134545e-09
     7	1.55355044604e-08
     8	1.27932003529e-08
     9	1.10603138561e-08

Measurement: edge100_ro114
  step	V(ro114_out)={VTHRESH} 
     1	7.28319434588e-09
     2	6.21827963073e-09
     3	5.53779851473e-09
     4	1.00396815926e-08
     5	8.43025098307e-09
     6	7.39872486995e-09
     7	1.43614189654e-08
     8	1.19685482328e-08
     9	1.04392695255e-08

Measurement: edge100_ro115
  step	V(ro115_out)={VTHRESH} 
     1	8.00668694975e-09
     2	6.69654120628e-09
     3	5.87346180234e-09
     4	1.13193394295e-08
     5	9.26795045445e-09
     6	8.002016951e-09
     7	1.65023933954e-08
     8	1.33927920543e-08
     9	1.14808851026e-08

Measurement: edge100_ro116
  step	V(ro116_out)={VTHRESH} 
     1	7.62396413079e-09
     2	6.44741861349e-09
     3	5.70057040659e-09
     4	1.05851697525e-08
     5	8.7931484629e-09
     6	7.6610083417e-09
     7	1.52465239322e-08
     8	1.25687976599e-08
     9	1.08809236543e-08

Measurement: edge100_ro117
  step	V(ro117_out)={VTHRESH} 
     1	6.83127154954e-09
     2	5.92526408573e-09
     3	5.3223731372e-09
     4	9.19774291242e-09
     5	7.86144590502e-09
     6	6.98177479639e-09
     7	1.29412726619e-08
     8	1.0988922253e-08
     9	9.70762733134e-09

Measurement: edge100_ro118
  step	V(ro118_out)={VTHRESH} 
     1	8.13036564612e-09
     2	6.76848473559e-09
     3	5.93655833671e-09
     4	1.15297808115e-08
     5	9.40569422603e-09
     6	8.1004588435e-09
     7	1.68442539119e-08
     8	1.3625545219e-08
     9	1.1650649421e-08

Measurement: edge100_ro119
  step	V(ro119_out)={VTHRESH} 
     1	7.6525547746e-09
     2	6.42978301496e-09
     3	5.67356559226e-09
     4	1.07580019973e-08
     5	8.85647070386e-09
     6	7.68667944282e-09
     7	1.55951713617e-08
     8	1.27245561027e-08
     9	1.09647634312e-08

Measurement: edge100_ro120
  step	V(ro120_out)={VTHRESH} 
     1	6.72075269334e-09
     2	5.83981576957e-09
     3	5.25305909258e-09
     4	9.0313219909e-09
     5	7.73221613477e-09
     6	6.87941337355e-09
     7	1.26796793098e-08
     8	1.07862465468e-08
     9	9.54480381567e-09

Measurement: edge100_ro121
  step	V(ro121_out)={VTHRESH} 
     1	7.14903867228e-09
     2	6.14145779093e-09
     3	5.47704472021e-09
     4	9.75908378929e-09
     5	8.24967814471e-09
     6	7.26910692504e-09
     7	1.38801410642e-08
     8	1.16532439764e-08
     9	1.0209399908e-08

Measurement: edge100_ro122
  step	V(ro122_out)={VTHRESH} 
     1	7.74205906426e-09
     2	6.5456843389e-09
     3	5.76149762573e-09
     4	1.0865340865e-08
     5	8.99650704888e-09
     6	7.81611090194e-09
     7	1.57541380819e-08
     8	1.29415608096e-08
     9	1.11696539832e-08

Measurement: edge100_ro123
  step	V(ro123_out)={VTHRESH} 
     1	7.54256306594e-09
     2	6.39898148994e-09
     3	5.66400893026e-09
     4	1.04703739451e-08
     5	8.72453131737e-09
     6	7.61373916148e-09
     7	1.50670004227e-08
     8	1.24577426369e-08
     9	1.08045842926e-08

Measurement: edge100_ro124
  step	V(ro124_out)={VTHRESH} 
     1	7.48375702458e-09
     2	6.34512767581e-09
     3	5.63353052043e-09
     4	1.03861744281e-08
     5	8.66958182307e-09
     6	7.5752477234e-09
     7	1.49502038482e-08
     8	1.23840819376e-08
     9	1.07523180508e-08

Measurement: edge100_ro125
  step	V(ro125_out)={VTHRESH} 
     1	7.97173077746e-09
     2	6.69332258891e-09
     3	5.87212318958e-09
     4	1.12175533168e-08
     5	9.2267652559e-09
     6	7.97954200344e-09
     7	1.63136783319e-08
     8	1.33124281029e-08
     9	1.1437485046e-08

Measurement: edge100_ro126
  step	V(ro126_out)={VTHRESH} 
     1	7.22045602244e-09
     2	6.16488640569e-09
     3	5.49586189317e-09
     4	9.94686383073e-09
     5	8.35492965043e-09
     6	7.3367578266e-09
     7	1.42244468687e-08
     8	1.1856906014e-08
     9	1.03480193853e-08

Measurement: edge100_ro127
  step	V(ro127_out)={VTHRESH} 
     1	6.67398469056e-09
     2	5.80360628158e-09
     3	5.23166851827e-09
     4	8.95989548889e-09
     5	7.68682233804e-09
     6	6.84818784698e-09
     7	1.25726430152e-08
     8	1.07175634165e-08
     9	9.49887130677e-09
