LTspice 26.0.2 for Windows
Circuit: C:\Users\JUST\Documents\LTspice\RO_PUF_PVT_100\chip_092_PVT.net
Start Time: Mon Jul 20 10:18:11 2026
Options:plotwinsize=0 numdgt=10 reltol=1e-4 abstol=1e-12 vntol=1e-6 reltol=0.003 vntol=1m abstol=1e-10 gmin=1e-10 threads=1

.step vddval=0.9 temp=-20°
solver = Normal
Maximum thread count: 1
tnom = 27
temp = -20
method = trap
gmin = 1e-10
abstol = 1e-10
reltol = 0.003
volttol = 0.001
Per .tran options, skipping operating point for transient analysis.

.step vddval=1 temp=-20°

.step vddval=1.1 temp=-20°

.step vddval=0.9 temp=25°

.step vddval=1 temp=25°

.step vddval=1.1 temp=25°

.step vddval=0.9 temp=80°

.step vddval=1 temp=80°

.step vddval=1.1 temp=80°
Total elapsed time: 1784.282 seconds.

Files loaded:
C:\Users\JUST\Documents\LTspice\RO_PUF_PVT_100\chip_092_PVT.net
C:\Users\JUST\Documents\LTspice\RO_PUF_PVT_100\45nm_HP.pm
C:\Users\JUST\Documents\LTspice\RO_PUF_PVT_100\chip_092_mismatch.inc


Measurement: t_ro0
  step	t_ro0	FROM	TO
     1	6.30407529382e-09	1.5176182824e-09	7.82169357622e-09
     2	5.27999997307e-09	1.27039562401e-09	6.55039559708e-09
     3	4.65440355981e-09	1.11939660007e-09	5.77380015989e-09
     4	8.88935508018e-09	2.14159704355e-09	1.10309521237e-08
     5	7.30668369312e-09	1.75879468486e-09	9.06547837798e-09
     6	6.32760294376e-09	1.52240391912e-09	7.85000686288e-09
     7	1.29277511454e-08	3.1159861835e-09	1.60437373289e-08
     8	1.05308179671e-08	2.53604720023e-09	1.30668651673e-08
     9	9.05342477924e-09	2.17918256917e-09	1.12326073484e-08

Measurement: t_ro1
  step	t_ro1	FROM	TO
     1	5.84056227344e-09	1.34411929056e-09	7.18468156401e-09
     2	4.9822975863e-09	1.20226078028e-09	6.18455836658e-09
     3	4.43891086283e-09	1.06877314489e-09	5.50768400772e-09
     4	8.04661113086e-09	1.86390678116e-09	9.91051791202e-09
     5	6.74706672352e-09	1.54894744288e-09	8.2960141664e-09
     6	5.91962825541e-09	1.42936961783e-09	7.34899787323e-09
     7	1.15041140084e-08	2.67320130847e-09	1.41773153169e-08
     8	9.56753525396e-09	2.20328495781e-09	1.17708202118e-08
     9	8.34293171365e-09	2.01778772494e-09	1.03607194386e-08

Measurement: t_ro2
  step	t_ro2	FROM	TO
     1	5.52485113767e-09	1.33046953388e-09	6.85532067156e-09
     2	4.79341927573e-09	1.15222647363e-09	5.94564574936e-09
     3	4.29699502838e-09	1.03163531208e-09	5.32863034046e-09
     4	7.46421949523e-09	1.79893877031e-09	9.26315826554e-09
     5	6.3719170426e-09	1.53345724744e-09	7.90537429004e-09
     6	5.65349385303e-09	1.3589307654e-09	7.01242461843e-09
     7	1.05236642815e-08	2.53724560499e-09	1.30609098865e-08
     8	8.92493797733e-09	2.14908215024e-09	1.10740201276e-08
     9	7.87617911476e-09	1.89462632528e-09	9.77080544004e-09

Measurement: t_ro3
  step	t_ro3	FROM	TO
     1	5.92000946232e-09	1.42245517185e-09	7.34246463417e-09
     2	5.05645779188e-09	1.21250808434e-09	6.26896587622e-09
     3	4.48616031085e-09	1.07477465461e-09	5.56093496547e-09
     4	8.16540116934e-09	1.96157325024e-09	1.01269744196e-08
     5	6.85353448897e-09	1.64416282526e-09	8.49769731423e-09
     6	6.00944353076e-09	1.44006808472e-09	7.44951161548e-09
     7	1.17012389647e-08	2.81164448422e-09	1.45128834489e-08
     8	9.74700451105e-09	2.33878966908e-09	1.20857941801e-08
     9	8.49528090184e-09	2.03626384964e-09	1.05315447515e-08

Measurement: t_ro4
  step	t_ro4	FROM	TO
     1	6.44759856861e-09	1.5485040929e-09	7.99610266151e-09
     2	5.41139915371e-09	1.29827694592e-09	6.70967609963e-09
     3	4.74546582979e-09	1.137692966e-09	5.88315879579e-09
     4	9.09602177094e-09	2.18494498008e-09	1.1280966751e-08
     5	7.47775259522e-09	1.79471903893e-09	9.27247163414e-09
     6	6.46353042337e-09	1.55017293261e-09	8.01370335598e-09
     7	1.32644354552e-08	3.18638872595e-09	1.64508241812e-08
     8	1.08159533814e-08	2.5961835629e-09	1.34121369443e-08
     9	9.28575377256e-09	2.22730517172e-09	1.15130589443e-08

Measurement: t_ro5
  step	t_ro5	FROM	TO
     1	6.33936907068e-09	1.53051323834e-09	7.86988230901e-09
     2	5.33406474717e-09	1.28577793654e-09	6.61984268371e-09
     3	4.69395318994e-09	1.12990182667e-09	5.82385501661e-09
     4	8.8891993903e-09	2.14869931147e-09	1.10378987018e-08
     5	7.34082054296e-09	1.77141098359e-09	9.11223152655e-09
     6	6.36659982225e-09	1.53448214978e-09	7.90108197203e-09
     7	1.28978518085e-08	3.11921579073e-09	1.60170675993e-08
     8	1.05676843677e-08	2.55159283604e-09	1.31192772037e-08
     9	9.10528134774e-09	2.19612146681e-09	1.13014028146e-08

Measurement: t_ro6
  step	t_ro6	FROM	TO
     1	5.59999965485e-09	1.3429398033e-09	6.94293945816e-09
     2	4.81311291115e-09	1.15385534669e-09	5.96696825785e-09
     3	4.3199941336e-09	1.03413512423e-09	5.35412925782e-09
     4	7.63492469289e-09	1.83142775225e-09	9.46635244514e-09
     5	6.46117596403e-09	1.54867418972e-09	8.00985015374e-09
     6	5.70954477245e-09	1.36781367169e-09	7.07735844414e-09
     7	1.08204020207e-08	2.59544083975e-09	1.34158428604e-08
     8	9.0863149319e-09	2.17808525085e-09	1.12644001827e-08
     9	7.9800669647e-09	1.91194145333e-09	9.89200841802e-09

Measurement: t_ro7
  step	t_ro7	FROM	TO
     1	6.01947479799e-09	1.44613599182e-09	7.46561078981e-09
     2	5.12000492095e-09	1.22814752107e-09	6.34815244202e-09
     3	4.53552740198e-09	1.08682566251e-09	5.62235306448e-09
     4	8.31304494885e-09	1.99842421994e-09	1.03114691688e-08
     5	6.94274748087e-09	1.66688532047e-09	8.60963280134e-09
     6	6.07346592095e-09	1.45666421131e-09	7.53013013227e-09
     7	1.19156625328e-08	2.86561529332e-09	1.47812778261e-08
     8	9.87896840065e-09	2.37305120166e-09	1.22520196023e-08
     9	8.58789025054e-09	2.06101980188e-09	1.06489100524e-08

Measurement: t_ro8
  step	t_ro8	FROM	TO
     1	6.02010355968e-09	1.44547329432e-09	7.465576854e-09
     2	5.10526515819e-09	1.22409907276e-09	6.32936423095e-09
     3	4.52127633026e-09	1.08259682081e-09	5.60387315106e-09
     4	8.36948547737e-09	2.01007366125e-09	1.03795591386e-08
     5	6.95908620887e-09	1.66903813154e-09	8.62812434041e-09
     6	6.07765367747e-09	1.45534587249e-09	7.53299954996e-09
     7	1.20490279671e-08	2.89385836369e-09	1.49428863308e-08
     8	9.93214648899e-09	2.38244792848e-09	1.23145944175e-08
     9	8.6114110336e-09	2.06346868187e-09	1.06748797155e-08

Measurement: t_ro9
  step	t_ro9	FROM	TO
     1	5.63534480182e-09	1.35051958055e-09	6.98586438237e-09
     2	4.85559601966e-09	1.16186007888e-09	6.01745609854e-09
     3	4.34703148581e-09	1.03940127827e-09	5.38643276408e-09
     4	7.67978706714e-09	1.84003935065e-09	9.51982641779e-09
     5	6.51131622922e-09	1.55869518345e-09	8.07001141267e-09
     6	5.75434413366e-09	1.37608925855e-09	7.13043339221e-09
     7	1.08921481774e-08	2.61098708573e-09	1.35031352631e-08
     8	9.1718034067e-09	2.19578309214e-09	1.13675864988e-08
     9	8.05843122124e-09	1.92738943547e-09	9.98582065671e-09

Measurement: t_ro10
  step	t_ro10	FROM	TO
     1	6.29469871831e-09	1.51147123337e-09	7.80616995167e-09
     2	5.28000987906e-09	1.26608914962e-09	6.54609902868e-09
     3	4.65016752494e-09	1.11402041608e-09	5.76418794102e-09
     4	8.87111542814e-09	2.13031764912e-09	1.10014330773e-08
     5	7.30863055836e-09	1.75294957045e-09	9.0615801288e-09
     6	6.33538000648e-09	1.51837430381e-09	7.85375431029e-09
     7	1.28886554563e-08	3.0947305066e-09	1.59833859629e-08
     8	1.05261170836e-08	2.52470509268e-09	1.30508221763e-08
     9	9.06041425608e-09	2.17193978284e-09	1.12323540389e-08

Measurement: t_ro11
  step	t_ro11	FROM	TO
     1	6.10916772409e-09	1.46995656555e-09	7.57912428964e-09
     2	5.17540973315e-09	1.24309228071e-09	6.41850201387e-09
     3	4.57773728191e-09	1.09825761378e-09	5.67599489568e-09
     4	8.4919605755e-09	2.04432567399e-09	1.05362862495e-08
     5	7.0607576069e-09	1.69733268111e-09	8.75809028801e-09
     6	6.15784038837e-09	1.47843394573e-09	7.6362743341e-09
     7	1.22282401419e-08	2.94472862796e-09	1.51729687698e-08
     8	1.00880256474e-08	2.42587279352e-09	1.25138984409e-08
     9	8.74089458036e-09	2.09980109485e-09	1.08406956752e-08

Measurement: t_ro12
  step	t_ro12	FROM	TO
     1	6.18238151787e-09	1.49163587926e-09	7.67401739714e-09
     2	5.23195789361e-09	1.25893906361e-09	6.49089695722e-09
     3	4.62033719011e-09	1.11048894293e-09	5.73082613305e-09
     4	8.61493272235e-09	2.08192340579e-09	1.06968561281e-08
     5	7.15735440126e-09	1.72495748684e-09	8.88231188811e-09
     6	6.23351948592e-09	1.50036634182e-09	7.73388582774e-09
     7	1.24445313967e-08	3.00982892243e-09	1.54543603191e-08
     8	1.02569989079e-08	2.47401313864e-09	1.27310120466e-08
     9	8.87444530548e-09	2.13760176877e-09	1.10120470742e-08

Measurement: t_ro13
  step	t_ro13	FROM	TO
     1	6.40000774816e-09	1.53699884436e-09	7.93700659251e-09
     2	5.36478377697e-09	1.28544410373e-09	6.65022788071e-09
     3	4.71647676612e-09	1.12856162743e-09	5.84503839355e-09
     4	9.02789701804e-09	2.16964328805e-09	1.11975403061e-08
     5	7.42258618815e-09	1.77947308999e-09	9.20205927815e-09
     6	6.42204375865e-09	1.53749623003e-09	7.95953998867e-09
     7	1.31418617687e-08	3.1579690145e-09	1.62998307832e-08
     8	1.07127475902e-08	2.56853767653e-09	1.32812852667e-08
     9	9.20377594881e-09	2.20388139355e-09	1.14076573424e-08

Measurement: t_ro14
  step	t_ro14	FROM	TO
     1	5.81235235764e-09	1.39712805865e-09	7.20948041629e-09
     2	4.96926234319e-09	1.19334746628e-09	6.16260980947e-09
     3	4.43848566957e-09	1.06531837744e-09	5.50380404702e-09
     4	7.97174943054e-09	1.91745848262e-09	9.88920791316e-09
     5	6.71918280672e-09	1.6145792433e-09	8.33376205001e-09
     6	5.90950127343e-09	1.41959949492e-09	7.32910076835e-09
     7	1.13733607722e-08	2.73666348091e-09	1.41100242531e-08
     8	9.51645697967e-09	2.28839869383e-09	1.18048556735e-08
     9	8.32006182342e-09	2.00002175833e-09	1.03200835817e-08

Measurement: t_ro15
  step	t_ro15	FROM	TO
     1	6.15754354975e-09	1.48231930672e-09	7.63986285647e-09
     2	5.21028964645e-09	1.25284208172e-09	6.46313172817e-09
     3	4.60634160322e-09	1.10681416419e-09	5.7131557674e-09
     4	8.6022061331e-09	2.07264287297e-09	1.06748490061e-08
     5	7.14917569948e-09	1.72080087747e-09	8.86997657695e-09
     6	6.22711120073e-09	1.49791706236e-09	7.72502826308e-09
     7	1.24408991904e-08	2.99938677353e-09	1.5440285964e-08
     8	1.02584478721e-08	2.47080446184e-09	1.27292523339e-08
     9	8.87697110324e-09	2.13678736925e-09	1.10137584725e-08

Measurement: t_ro16
  step	t_ro16	FROM	TO
     1	6.2694872918e-09	1.50229769529e-09	7.77178498709e-09
     2	5.28000007882e-09	1.26308561531e-09	6.54308569413e-09
     3	4.65347924645e-09	1.11271528503e-09	5.76619453148e-09
     4	8.81366383608e-09	2.11179254525e-09	1.09254563813e-08
     5	7.28206814796e-09	1.74283209227e-09	9.02490024023e-09
     6	6.31985668139e-09	1.51138416146e-09	7.83124084286e-09
     7	1.28033833762e-08	3.06703984984e-09	1.5870423226e-08
     8	1.04912012173e-08	2.51051415821e-09	1.30017153755e-08
     9	9.0426672429e-09	2.16231584363e-09	1.12049830865e-08

Measurement: t_ro17
  step	t_ro17	FROM	TO
     1	5.9686815483e-09	1.4241317294e-09	7.39281327769e-09
     2	5.08418016491e-09	1.21422158405e-09	6.29840174897e-09
     3	4.50953354293e-09	1.07726785654e-09	5.58680139947e-09
     4	8.27464484872e-09	1.96453792847e-09	1.02391827772e-08
     5	6.91820072603e-09	1.65004628616e-09	8.56824701218e-09
     6	6.05547467996e-09	1.44517499845e-09	7.5006496784e-09
     7	1.1877554378e-08	2.80737124512e-09	1.46849256231e-08
     8	9.85236280702e-09	2.34557171481e-09	1.21979345218e-08
     9	8.56817135574e-09	2.04220819464e-09	1.06103795504e-08

Measurement: t_ro18
  step	t_ro18	FROM	TO
     1	6.36980634764e-09	1.52805368848e-09	7.89786003612e-09
     2	5.32645679884e-09	1.27584510674e-09	6.60230190558e-09
     3	4.68387488637e-09	1.12022358757e-09	5.80409847395e-09
     4	9.0136256467e-09	2.16208288965e-09	1.11757085364e-08
     5	7.38200928295e-09	1.76845523257e-09	9.15046451552e-09
     6	6.38097243605e-09	1.52699419952e-09	7.90796663557e-09
     7	1.31344143391e-08	3.14994503001e-09	1.62843593691e-08
     8	1.0657595724e-08	2.55341125522e-09	1.32110069792e-08
     9	9.14282541299e-09	2.18846588789e-09	1.13312913009e-08

Measurement: t_ro19
  step	t_ro19	FROM	TO
     1	5.96445498449e-09	1.43297193729e-09	7.39742692178e-09
     2	5.07665060089e-09	1.21903398248e-09	6.29568458336e-09
     3	4.5035789056e-09	1.08117286915e-09	5.58475177476e-09
     4	8.26081926216e-09	1.98531548939e-09	1.02461347516e-08
     5	6.90685865384e-09	1.65936857551e-09	8.56622722935e-09
     6	6.0431689534e-09	1.45152093102e-09	7.49468988442e-09
     7	1.18735866902e-08	2.85404934978e-09	1.47276360399e-08
     8	9.85126749581e-09	2.36739140775e-09	1.22186589036e-08
     9	8.56399559792e-09	2.05779202762e-09	1.06217876255e-08

Measurement: t_ro20
  step	t_ro20	FROM	TO
     1	6.18884690999e-09	1.48189571131e-09	7.67074262131e-09
     2	5.22471316499e-09	1.24946508691e-09	6.4741782519e-09
     3	4.61526870823e-09	1.10287746832e-09	5.71814617656e-09
     4	8.64660064096e-09	2.07005142667e-09	1.07166520676e-08
     5	7.1644160861e-09	1.7131019411e-09	8.87751802719e-09
     6	6.23326666346e-09	1.48963921825e-09	7.72290588171e-09
     7	1.25031640264e-08	2.99269511981e-09	1.54958591462e-08
     8	1.02755373581e-08	2.45644397991e-09	1.2731981338e-08
     9	8.87886927352e-09	2.12080606457e-09	1.09996753381e-08

Measurement: t_ro21
  step	t_ro21	FROM	TO
     1	6.00004699102e-09	1.43997438904e-09	7.44002138006e-09
     2	5.10485445996e-09	1.2233667599e-09	6.32822121986e-09
     3	4.51595503834e-09	1.08057766775e-09	5.59653270609e-09
     4	8.33381940576e-09	2.0002627147e-09	1.03340821205e-08
     5	6.95129003318e-09	1.66636378486e-09	8.61765381804e-09
     6	6.07611357146e-09	1.45473542644e-09	7.5308489979e-09
     7	1.19893571094e-08	2.87766345041e-09	1.48670205599e-08
     8	9.91925780722e-09	2.37798410862e-09	1.22972419158e-08
     9	8.61211585375e-09	2.06300739354e-09	1.06751232473e-08

Measurement: t_ro22
  step	t_ro22	FROM	TO
     1	6.10042158443e-09	1.47067723727e-09	7.5710988217e-09
     2	5.17394928956e-09	1.24591991007e-09	6.41986919964e-09
     3	4.58077834495e-09	1.10248727938e-09	5.68326562433e-09
     4	8.46277902026e-09	2.04274229712e-09	1.05055213174e-08
     5	7.05309910749e-09	1.70091393468e-09	8.75401304218e-09
     6	6.15578736054e-09	1.48349573035e-09	7.63928309089e-09
     7	1.2181760356e-08	2.94348303516e-09	1.51252433911e-08
     8	1.00770570798e-08	2.43249600497e-09	1.25095530848e-08
     9	8.74061775517e-09	2.1084064567e-09	1.08490242119e-08

Measurement: t_ro23
  step	t_ro23	FROM	TO
     1	5.97307697287e-09	1.43449632943e-09	7.4075733023e-09
     2	5.08427876584e-09	1.21858035411e-09	6.30285911995e-09
     3	4.50801835478e-09	1.07840867979e-09	5.58642703457e-09
     4	8.27165759278e-09	1.98737668151e-09	1.02590342743e-08
     5	6.91595716898e-09	1.65857021556e-09	8.57452738454e-09
     6	6.05103350034e-09	1.44883853354e-09	7.49987203389e-09
     7	1.18805115095e-08	2.85468977538e-09	1.47352012849e-08
     8	9.8571043267e-09	2.36468637777e-09	1.22217907045e-08
     9	8.56962691257e-09	2.05298915247e-09	1.0622616065e-08

Measurement: t_ro24
  step	t_ro24	FROM	TO
     1	6.03526924613e-09	1.45551302235e-09	7.49078226848e-09
     2	5.12000196329e-09	1.23324187423e-09	6.35324383752e-09
     3	4.5472302248e-09	1.09307063544e-09	5.64030086023e-09
     4	8.3568752956e-09	2.01894062857e-09	1.03758159242e-08
     5	6.98128706599e-09	1.6833280431e-09	8.66461510909e-09
     6	6.10564098676e-09	1.47016761974e-09	7.5758086065e-09
     7	1.20037248312e-08	2.90288245322e-09	1.49066072845e-08
     8	9.95280787072e-09	2.40249385269e-09	1.23553017234e-08
     9	8.65233421682e-09	2.08587024362e-09	1.07382044604e-08

Measurement: t_ro25
  step	t_ro25	FROM	TO
     1	6.12915565681e-09	1.47383073777e-09	7.60298639458e-09
     2	5.18543621542e-09	1.2452722473e-09	6.43070846272e-09
     3	4.58377188846e-09	1.0997485313e-09	5.68352041976e-09
     4	8.58228609949e-09	2.06444108172e-09	1.06467271812e-08
     5	7.1216618859e-09	1.71099780633e-09	8.83265969223e-09
     6	6.20108151606e-09	1.4886479042e-09	7.68972942026e-09
     7	1.2413649226e-08	2.98644700802e-09	1.5400096234e-08
     8	1.02159770644e-08	2.45497763347e-09	1.26709546979e-08
     9	8.83476613267e-09	2.12142196906e-09	1.09561881017e-08

Measurement: t_ro26
  step	t_ro26	FROM	TO
     1	5.6999607693e-09	1.37190959986e-09	7.07187036915e-09
     2	4.90417689032e-09	1.17956774344e-09	6.08374463376e-09
     3	4.38188622421e-09	1.0535060679e-09	5.43539229211e-09
     4	7.7698847919e-09	1.87193138635e-09	9.64181617824e-09
     5	6.58244715412e-09	1.58492227722e-09	8.16736943134e-09
     6	5.80991154546e-09	1.39824732162e-09	7.20815886708e-09
     7	1.10405694577e-08	2.66174048614e-09	1.37023099438e-08
     8	9.28884885415e-09	2.23828863837e-09	1.15271374925e-08
     9	8.15224101297e-09	1.96361476742e-09	1.01158557804e-08

Measurement: t_ro27
  step	t_ro27	FROM	TO
     1	6.20196403612e-09	1.49535057606e-09	7.69731461218e-09
     2	5.24445034815e-09	1.26166163178e-09	6.50611197993e-09
     3	4.63999681228e-09	1.11334978028e-09	5.75334659257e-09
     4	8.68300852544e-09	2.09593288085e-09	1.07789414063e-08
     5	7.20782438614e-09	1.73628578248e-09	8.94411016863e-09
     6	6.2726736942e-09	1.50855471563e-09	7.78122840983e-09
     7	1.25738163743e-08	3.03682879832e-09	1.56106451726e-08
     8	1.03563775052e-08	2.49654983884e-09	1.28529273441e-08
     9	8.95374991084e-09	2.1555215145e-09	1.11092714253e-08

Measurement: t_ro28
  step	t_ro28	FROM	TO
     1	6.08009767048e-09	1.45950910576e-09	7.53960677624e-09
     2	5.16215848028e-09	1.23752980054e-09	6.39968828081e-09
     3	4.57711406535e-09	1.09638927536e-09	5.67350334071e-09
     4	8.46427061976e-09	2.03151932831e-09	1.04957899481e-08
     5	7.06121686383e-09	1.6932058406e-09	8.75442270443e-09
     6	6.16555917055e-09	1.47741211839e-09	7.64297128894e-09
     7	1.21957374475e-08	2.9271379045e-09	1.5122875352e-08
     8	1.00971599915e-08	2.42132225633e-09	1.25184822479e-08
     9	8.76058404243e-09	2.0994793406e-09	1.0860063383e-08

Measurement: t_ro29
  step	t_ro29	FROM	TO
     1	5.71156558165e-09	1.37459356156e-09	7.08615914321e-09
     2	4.90996747988e-09	1.18071390103e-09	6.09068138091e-09
     3	4.38475588048e-09	1.0536451007e-09	5.43840098118e-09
     4	7.79569505523e-09	1.87796159404e-09	9.67365664927e-09
     5	6.59676526069e-09	1.58773682743e-09	8.18450208812e-09
     6	5.8189550269e-09	1.39953868962e-09	7.21849371652e-09
     7	1.1089468515e-08	2.67286429502e-09	1.376233281e-08
     8	9.31808215536e-09	2.24403018942e-09	1.15621123448e-08
     9	8.17174546702e-09	1.96662199076e-09	1.01383674578e-08

Measurement: t_ro30
  step	t_ro30	FROM	TO
     1	6.00216831083e-09	1.44154375259e-09	7.44371206342e-09
     2	5.10119834509e-09	1.22484281726e-09	6.32604116235e-09
     3	4.51980088519e-09	1.08602878726e-09	5.60582967244e-09
     4	8.3140866951e-09	1.99747275783e-09	1.03115594529e-08
     5	6.9355709146e-09	1.66626665919e-09	8.60183757379e-09
     6	6.06364514271e-09	1.4575085783e-09	7.52115372101e-09
     7	1.19339754154e-08	2.86850368149e-09	1.48024790969e-08
     8	9.87858395888e-09	2.37411575575e-09	1.22526997146e-08
     9	8.580878137e-09	2.06323848307e-09	1.06441166201e-08

Measurement: t_ro31
  step	t_ro31	FROM	TO
     1	6.08000110786e-09	1.46437974614e-09	7.544380854e-09
     2	5.15857442589e-09	1.24083317344e-09	6.39940759933e-09
     3	4.56469413508e-09	1.0970080289e-09	5.66170216398e-09
     4	8.45987308449e-09	2.03878514146e-09	1.0498658226e-08
     5	7.04603175553e-09	1.6962402254e-09	8.74227198093e-09
     6	6.14861809672e-09	1.47874213225e-09	7.62736022897e-09
     7	1.22012225519e-08	2.94142066587e-09	1.51426432177e-08
     8	1.00830759565e-08	2.42822135124e-09	1.25112973077e-08
     9	8.7410920526e-09	2.10327749337e-09	1.0844369546e-08

Measurement: t_ro32
  step	t_ro32	FROM	TO
     1	6.24608128787e-09	1.4992048511e-09	7.74528613897e-09
     2	5.26128325086e-09	1.26093211117e-09	6.52221536203e-09
     3	4.63982194196e-09	1.11052996261e-09	5.75035190457e-09
     4	8.76920426148e-09	2.10482377147e-09	1.0874028033e-08
     5	7.24037412595e-09	1.73597539969e-09	8.97634952564e-09
     6	6.28555996994e-09	1.50603543188e-09	7.79159540183e-09
     7	1.27119492103e-08	3.05116171282e-09	1.57631109232e-08
     8	1.04098705246e-08	2.49598691134e-09	1.29058574359e-08
     9	8.97500149644e-09	2.15056434569e-09	1.11255658421e-08

Measurement: t_ro33
  step	t_ro33	FROM	TO
     1	5.9249904296e-09	1.43204522138e-09	7.35703565098e-09
     2	5.052941871e-09	1.21871577377e-09	6.27165764476e-09
     3	4.48556848989e-09	1.0800903772e-09	5.56565886708e-09
     4	8.20081954795e-09	1.98408308396e-09	1.01849026319e-08
     5	6.86527290583e-09	1.65824077556e-09	8.52351368139e-09
     6	6.01263963536e-09	1.4500425006e-09	7.46268213596e-09
     7	1.17544371769e-08	2.84554542841e-09	1.45999826053e-08
     8	9.76422897589e-09	2.35982856711e-09	1.2124057543e-08
     9	8.49865149909e-09	2.05150262815e-09	1.05501541272e-08

Measurement: t_ro34
  step	t_ro34	FROM	TO
     1	6.20176945132e-09	1.48952081367e-09	7.69129026499e-09
     2	5.24189093074e-09	1.25526944367e-09	6.49716037441e-09
     3	4.64000208708e-09	1.10804493663e-09	5.74804702372e-09
     4	8.64780850392e-09	2.07835025699e-09	1.07261587609e-08
     5	7.1703795508e-09	1.71850798698e-09	8.88888753779e-09
     6	6.23998964267e-09	1.49251512884e-09	7.73250477151e-09
     7	1.24908858175e-08	3.00260112593e-09	1.54934869434e-08
     8	1.02732440338e-08	2.46316166735e-09	1.27364057012e-08
     9	8.87889332857e-09	2.12485882692e-09	1.10037521555e-08

Measurement: t_ro35
  step	t_ro35	FROM	TO
     1	6.24001968623e-09	1.49578968067e-09	7.7358093669e-09
     2	5.25975263302e-09	1.25805796961e-09	6.51781060263e-09
     3	4.64000087147e-09	1.10863447844e-09	5.74863534991e-09
     4	8.77210080013e-09	2.10163192015e-09	1.08737327203e-08
     5	7.2468105918e-09	1.73323732806e-09	8.98004791986e-09
     6	6.29167320531e-09	1.50357408475e-09	7.79524729007e-09
     7	1.27305752081e-08	3.0483948333e-09	1.57789700414e-08
     8	1.04284032595e-08	2.4932322529e-09	1.29216355124e-08
     9	8.99131284328e-09	2.14792648986e-09	1.11392393331e-08

Measurement: t_ro36
  step	t_ro36	FROM	TO
     1	6.1874715827e-09	1.49590360795e-09	7.68337519064e-09
     2	5.23275416163e-09	1.26112792769e-09	6.49388208932e-09
     3	4.62590606888e-09	1.11305879206e-09	5.73896486094e-09
     4	8.6414570991e-09	2.09311102746e-09	1.07345681266e-08
     5	7.17683138958e-09	1.73275493415e-09	8.90958632372e-09
     6	6.24743365125e-09	1.50563027529e-09	7.75306392654e-09
     7	1.24996407868e-08	3.02931340709e-09	1.55289541939e-08
     8	1.0297944861e-08	2.48838073599e-09	1.2786325597e-08
     9	8.90669623136e-09	2.1485785362e-09	1.10552747676e-08

Measurement: t_ro37
  step	t_ro37	FROM	TO
     1	6.32954581357e-09	1.51779382369e-09	7.84733963726e-09
     2	5.31385431763e-09	1.27133179312e-09	6.58518611076e-09
     3	4.67354739948e-09	1.11662322108e-09	5.79017062057e-09
     4	8.92089251692e-09	2.13980685335e-09	1.10606993703e-08
     5	7.33881174892e-09	1.75642365706e-09	9.09523540598e-09
     6	6.35547996256e-09	1.51874640746e-09	7.87422637002e-09
     7	1.29584440562e-08	3.10789891644e-09	1.60663429727e-08
     8	1.05709152352e-08	2.5300629554e-09	1.31009781906e-08
     9	9.09096495616e-09	2.17259745756e-09	1.12635624137e-08

Measurement: t_ro38
  step	t_ro38	FROM	TO
     1	6.1802183672e-09	1.49669124146e-09	7.67690960867e-09
     2	5.22905221252e-09	1.26060805308e-09	6.4896602656e-09
     3	4.62776220001e-09	1.11301731576e-09	5.74077951577e-09
     4	8.61751327822e-09	2.09133507376e-09	1.0708848352e-08
     5	7.16501347759e-09	1.73111367861e-09	8.8961271562e-09
     6	6.24012687603e-09	1.50419402297e-09	7.744320899e-09
     7	1.24504540505e-08	3.02378075808e-09	1.54742348085e-08
     8	1.02715836929e-08	2.48434342722e-09	1.27559271201e-08
     9	8.89054384774e-09	2.14534108238e-09	1.10358849301e-08

Measurement: t_ro39
  step	t_ro39	FROM	TO
     1	5.95468025384e-09	1.43050097636e-09	7.3851812302e-09
     2	5.07842786297e-09	1.21659428623e-09	6.2950221492e-09
     3	4.50843482261e-09	1.07802059308e-09	5.58645541568e-09
     4	8.22448352629e-09	1.97841077236e-09	1.02028942987e-08
     5	6.89219795929e-09	1.65325209646e-09	8.54545005575e-09
     6	6.03904830051e-09	1.44596227945e-09	7.48501057996e-09
     7	1.1793879077e-08	2.83934423943e-09	1.46332233164e-08
     8	9.80781419744e-09	2.35471018968e-09	1.21625243871e-08
     9	8.53983197864e-09	2.04726062063e-09	1.05870925993e-08

Measurement: t_ro40
  step	t_ro40	FROM	TO
     1	6.145753454e-09	1.47479471334e-09	7.62054816734e-09
     2	5.19837094811e-09	1.24535793961e-09	6.44372888773e-09
     3	4.59593730558e-09	1.09968644897e-09	5.69562375455e-09
     4	8.60340616037e-09	2.06511556076e-09	1.06685217211e-08
     5	7.13620702262e-09	1.71021399354e-09	8.84642101616e-09
     6	6.21185533213e-09	1.48695679e-09	7.69881212213e-09
     7	1.24469662289e-08	2.98741170052e-09	1.54343779294e-08
     8	1.02402560631e-08	2.45405901474e-09	1.26943150779e-08
     9	8.85390273707e-09	2.11964771084e-09	1.09735504479e-08

Measurement: t_ro41
  step	t_ro41	FROM	TO
     1	6.34326949232e-09	1.52227546252e-09	7.86554495484e-09
     2	5.32674688195e-09	1.27709239534e-09	6.60383927729e-09
     3	4.6824147415e-09	1.12167252043e-09	5.80408726193e-09
     4	8.94442838086e-09	2.14687860151e-09	1.10913069824e-08
     5	7.3642435977e-09	1.7663029242e-09	9.1305465219e-09
     6	6.3778999383e-09	1.52827524731e-09	7.90617518562e-09
     7	1.30246149555e-08	3.12599257718e-09	1.61506075326e-08
     8	1.0634473988e-08	2.55017897435e-09	1.31846529624e-08
     9	9.14469638022e-09	2.19130023078e-09	1.1335996611e-08

Measurement: t_ro42
  step	t_ro42	FROM	TO
     1	5.92000046705e-09	1.41924841373e-09	7.33924888078e-09
     2	5.05795348827e-09	1.21106882491e-09	6.26902231318e-09
     3	4.49444480914e-09	1.07559092251e-09	5.57003573165e-09
     4	8.17142490491e-09	1.95893299548e-09	1.01303579004e-08
     5	6.85598039529e-09	1.64159490533e-09	8.49757530062e-09
     6	6.01197588045e-09	1.4387021731e-09	7.45067805355e-09
     7	1.17010862834e-08	2.80478864974e-09	1.45058749332e-08
     8	9.74494320592e-09	2.33296065481e-09	1.20779038607e-08
     9	8.49348045126e-09	2.03215807041e-09	1.05256385217e-08

Measurement: t_ro43
  step	t_ro43	FROM	TO
     1	5.72551920001e-09	1.38419154426e-09	7.10971074428e-09
     2	4.92925212141e-09	1.18902598634e-09	6.11827810775e-09
     3	4.40107074829e-09	1.0604486865e-09	5.46151943479e-09
     4	7.81197464139e-09	1.89148187889e-09	9.70345652028e-09
     5	6.61792096664e-09	1.59869336973e-09	8.21661433637e-09
     6	5.83940155675e-09	1.40885435128e-09	7.24825590803e-09
     7	1.11023263419e-08	2.68999331369e-09	1.37923196556e-08
     8	9.34053387749e-09	2.25825329868e-09	1.15987871762e-08
     9	8.19464128217e-09	1.97879484452e-09	1.01734361267e-08

Measurement: t_ro44
  step	t_ro44	FROM	TO
     1	5.65402849843e-09	1.35723737839e-09	7.01126587682e-09
     2	4.87483090296e-09	1.167947755e-09	6.04277865796e-09
     3	4.36002810699e-09	1.04382684406e-09	5.40385495104e-09
     4	7.70282170621e-09	1.85008127495e-09	9.55290298116e-09
     5	6.53559752329e-09	1.56671925586e-09	8.10231677915e-09
     6	5.77510245015e-09	1.38312716116e-09	7.15822961131e-09
     7	1.0926447088e-08	2.62446057956e-09	1.35509076676e-08
     8	9.20475983409e-09	2.20689482131e-09	1.14116546554e-08
     9	8.08687892243e-09	1.93707288802e-09	1.00239518104e-08

Measurement: t_ro45
  step	t_ro45	FROM	TO
     1	5.78491806326e-09	1.39020234682e-09	7.17512041008e-09
     2	4.96000007413e-09	1.19099154709e-09	6.15099162121e-09
     3	4.4246607161e-09	1.06125856194e-09	5.48591927804e-09
     4	7.89217822639e-09	1.89785973374e-09	9.79003796014e-09
     5	6.66022104613e-09	1.59980405976e-09	8.26002510589e-09
     6	5.86476356448e-09	1.4074850233e-09	7.27224858778e-09
     7	1.12203325842e-08	2.69907822353e-09	1.39194108077e-08
     8	9.40201380315e-09	2.2593019594e-09	1.16613157625e-08
     9	8.23133501589e-09	1.9763215949e-09	1.02076566108e-08

Measurement: t_ro46
  step	t_ro46	FROM	TO
     1	6.0349260824e-09	1.44850704435e-09	7.48343312675e-09
     2	5.12001060272e-09	1.22721324682e-09	6.34722384954e-09
     3	4.54925713873e-09	1.08964213698e-09	5.63889927571e-09
     4	8.36730709567e-09	2.00853519422e-09	1.03758422899e-08
     5	6.99255125881e-09	1.67681358037e-09	8.66936483918e-09
     6	6.11336046468e-09	1.46482511777e-09	7.57818558245e-09
     7	1.20363763185e-08	2.88926086554e-09	1.49256371841e-08
     8	9.98292688706e-09	2.39409362675e-09	1.23770205138e-08
     9	8.6731501473e-09	2.07845182507e-09	1.07516019724e-08

Measurement: t_ro47
  step	t_ro47	FROM	TO
     1	6.28606711944e-09	1.51532439542e-09	7.80139151486e-09
     2	5.2888020214e-09	1.27268126617e-09	6.56148328757e-09
     3	4.66653948689e-09	1.12122549336e-09	5.78776498025e-09
     4	8.80013787734e-09	2.12389714562e-09	1.0924035023e-08
     5	7.2789655136e-09	1.75298367924e-09	9.03194919284e-09
     6	6.3200394216e-09	1.52000815936e-09	7.84004758096e-09
     7	1.27445390538e-08	3.07626778171e-09	1.58208068355e-08
     8	1.04589877883e-08	2.52003398946e-09	1.29790217777e-08
     9	9.02195087606e-09	2.17132721134e-09	1.11932780874e-08

Measurement: t_ro48
  step	t_ro48	FROM	TO
     1	6.17273928114e-09	1.48124724119e-09	7.65398652234e-09
     2	5.21349365468e-09	1.24799056927e-09	6.46148422395e-09
     3	4.60733322677e-09	1.10156090879e-09	5.70889413556e-09
     4	8.60074525348e-09	2.06508172312e-09	1.06658269766e-08
     5	7.13551365429e-09	1.70878246844e-09	8.84429612273e-09
     6	6.2134175991e-09	1.48571749997e-09	7.69913509908e-09
     7	1.2408511286e-08	2.97922934772e-09	1.53877406337e-08
     8	1.02142794734e-08	2.44620051454e-09	1.26604799879e-08
     9	8.83673290028e-09	2.11299437988e-09	1.09497272802e-08

Measurement: t_ro49
  step	t_ro49	FROM	TO
     1	6.78598402995e-09	1.62955933687e-09	8.41554336682e-09
     2	5.61989210134e-09	1.34665653652e-09	6.96654863785e-09
     3	4.9069621915e-09	1.17433745562e-09	6.08129964712e-09
     4	9.72467652238e-09	2.33578747329e-09	1.20604639957e-08
     5	7.88560565795e-09	1.88977611298e-09	9.77538177093e-09
     6	6.7577022889e-09	1.61736734607e-09	8.37506963497e-09
     7	1.43203399711e-08	3.43876912494e-09	1.7759109096e-08
     8	1.15116128539e-08	2.75857286339e-09	1.42701857172e-08
     9	9.79366372958e-09	2.34383894903e-09	1.21375026786e-08

Measurement: t_ro50
  step	t_ro50	FROM	TO
     1	6.09792696877e-09	1.47082274847e-09	7.56874971725e-09
     2	5.17205017551e-09	1.24530271386e-09	6.41735288938e-09
     3	4.57878779272e-09	1.10118487536e-09	5.67997266808e-09
     4	8.48104872837e-09	2.04837243483e-09	1.05294211632e-08
     5	7.06664508034e-09	1.70293722518e-09	8.76958230552e-09
     6	6.16619363132e-09	1.4843033338e-09	7.65049696512e-09
     7	1.2228489914e-08	2.95390687099e-09	1.5182396785e-08
     8	1.01083617618e-08	2.43702117242e-09	1.25453829342e-08
     9	8.76337699219e-09	2.11059222136e-09	1.08739692135e-08

Measurement: t_ro51
  step	t_ro51	FROM	TO
     1	6.28781968587e-09	1.51209153468e-09	7.79991122054e-09
     2	5.27999950489e-09	1.26735563191e-09	6.54735513679e-09
     3	4.64000047859e-09	1.11435650342e-09	5.75435698201e-09
     4	8.86799656994e-09	2.13352005858e-09	1.10015166285e-08
     5	7.30080169494e-09	1.75448795139e-09	9.05528964632e-09
     6	6.3286495558e-09	1.51925689966e-09	7.84790645546e-09
     7	1.28856559447e-08	3.1010856299e-09	1.59867415746e-08
     8	1.05194093511e-08	2.52905864304e-09	1.30484679941e-08
     9	9.05595974482e-09	2.1752893813e-09	1.12312491261e-08

Measurement: t_ro52
  step	t_ro52	FROM	TO
     1	6.30484911697e-09	1.51488481791e-09	7.81973393487e-09
     2	5.29695655505e-09	1.27086907939e-09	6.56782563444e-09
     3	4.66211418384e-09	1.11688547573e-09	5.77899965957e-09
     4	8.88729131629e-09	2.13639010922e-09	1.10236814255e-08
     5	7.32029955409e-09	1.75749686451e-09	9.0777964186e-09
     6	6.3423027361e-09	1.52057700839e-09	7.86287974449e-09
     7	1.2930239332e-08	3.10876832314e-09	1.60390076551e-08
     8	1.05600386696e-08	2.53611185494e-09	1.30961505245e-08
     9	9.08620594912e-09	2.17983887341e-09	1.12660448225e-08

Measurement: t_ro53
  step	t_ro53	FROM	TO
     1	5.82894262738e-09	1.40319728851e-09	7.23213991589e-09
     2	4.99035770638e-09	1.1986298052e-09	6.18898751159e-09
     3	4.44804822536e-09	1.06678861776e-09	5.51483684312e-09
     4	8.00518252174e-09	1.92904482441e-09	9.93422734615e-09
     5	6.74090257659e-09	1.62066412993e-09	8.36156670653e-09
     6	5.92634992809e-09	1.42293673199e-09	7.34928666008e-09
     7	1.14175507344e-08	2.75253866855e-09	1.41700894029e-08
     8	9.54346836029e-09	2.29603070284e-09	1.18394990631e-08
     9	8.34025957373e-09	2.00412248562e-09	1.03443820593e-08

Measurement: t_ro54
  step	t_ro54	FROM	TO
     1	5.80340891758e-09	1.3884943266e-09	7.19190324417e-09
     2	4.97577367872e-09	1.18916995666e-09	6.16494363538e-09
     3	4.43793265953e-09	1.06024970194e-09	5.49818236147e-09
     4	7.95181199665e-09	1.90231143694e-09	9.85412343359e-09
     5	6.71016322008e-09	1.60377094296e-09	8.31393416304e-09
     6	5.9064880291e-09	1.41090447796e-09	7.31739250707e-09
     7	1.13313889488e-08	2.71041426815e-09	1.4041803217e-08
     8	9.49481222635e-09	2.26899866908e-09	1.17638108954e-08
     9	8.30823963542e-09	1.98449216288e-09	1.02927317983e-08

Measurement: t_ro55
  step	t_ro55	FROM	TO
     1	6.24755811734e-09	1.49550284736e-09	7.7430609647e-09
     2	5.26754778191e-09	1.25818795524e-09	6.52573573715e-09
     3	4.64000171035e-09	1.10794214405e-09	5.7479438544e-09
     4	8.72500128183e-09	2.08859204379e-09	1.08135933256e-08
     5	7.20922454976e-09	1.72251347194e-09	8.9317380217e-09
     6	6.26186180234e-09	1.49437095284e-09	7.75623275517e-09
     7	1.26128995232e-08	3.0183311235e-09	1.56312306467e-08
     8	1.03349816361e-08	2.46900159757e-09	1.28039832336e-08
     9	8.915751826e-09	2.1274257692e-09	1.10431775952e-08

Measurement: t_ro56
  step	t_ro56	FROM	TO
     1	5.93467981428e-09	1.42216592928e-09	7.35684574356e-09
     2	5.06336711596e-09	1.21057888014e-09	6.2739459961e-09
     3	4.49789747116e-09	1.07469016456e-09	5.57258763572e-09
     4	8.17350510825e-09	1.95962254755e-09	1.01331276558e-08
     5	6.85772180449e-09	1.6401219993e-09	8.49784380379e-09
     6	6.01218184619e-09	1.43638371005e-09	7.44856555624e-09
     7	1.16962596077e-08	2.80350037606e-09	1.44997599838e-08
     8	9.7410252228e-09	2.32935643137e-09	1.20703816542e-08
     9	8.48837634086e-09	2.02756515333e-09	1.05159414942e-08

Measurement: t_ro57
  step	t_ro57	FROM	TO
     1	5.83361656699e-09	1.39845636361e-09	7.2320729306e-09
     2	4.9869991739e-09	1.19397273913e-09	6.18097191303e-09
     3	4.44433143896e-09	1.06310870056e-09	5.50744013952e-09
     4	8.03231706221e-09	1.92580331639e-09	9.95812037861e-09
     5	6.74866903568e-09	1.61618951644e-09	8.36485855212e-09
     6	5.92847299029e-09	1.41846135171e-09	7.346934342e-09
     7	1.14789603435e-08	2.75203977794e-09	1.42310001214e-08
     8	9.57313627649e-09	2.29260044677e-09	1.18657367233e-08
     9	8.35929753859e-09	2.00013126105e-09	1.03594287996e-08

Measurement: t_ro58
  step	t_ro58	FROM	TO
     1	6.30165291919e-09	1.51382317015e-09	7.81547608934e-09
     2	5.30511020747e-09	1.27200023848e-09	6.57711044595e-09
     3	4.67453584854e-09	1.11923789953e-09	5.79377374806e-09
     4	8.85004501219e-09	2.12705556726e-09	1.09771005795e-08
     5	7.31295549741e-09	1.75431771651e-09	9.06727321393e-09
     6	6.34452023598e-09	1.51981043124e-09	7.86433066721e-09
     7	1.2850115765e-08	3.08842378518e-09	1.59385395501e-08
     8	1.05332602274e-08	2.52724535097e-09	1.30605055783e-08
     9	9.07745564989e-09	2.17512411315e-09	1.1252579763e-08

Measurement: t_ro59
  step	t_ro59	FROM	TO
     1	5.94648187383e-09	1.424445696e-09	7.37092756983e-09
     2	5.07348808488e-09	1.21352383893e-09	6.28701192382e-09
     3	4.50829477226e-09	1.07770598547e-09	5.58600075773e-09
     4	8.215662382e-09	1.96798066828e-09	1.01836430503e-08
     5	6.89287504627e-09	1.64874485495e-09	8.54161990122e-09
     6	6.04158803794e-09	1.44394233082e-09	7.48553036876e-09
     7	1.17864188008e-08	2.82268220169e-09	1.46091010025e-08
     8	9.81642246882e-09	2.34771129504e-09	1.21641337639e-08
     9	8.55133495359e-09	2.04354702412e-09	1.05948819777e-08

Measurement: t_ro60
  step	t_ro60	FROM	TO
     1	6.10504580536e-09	1.46654484323e-09	7.57159064858e-09
     2	5.17774463472e-09	1.24208080379e-09	6.41982543852e-09
     3	4.58234474717e-09	1.0978673053e-09	5.68021205247e-09
     4	8.50842182131e-09	2.04452250404e-09	1.05529443253e-08
     5	7.08104200386e-09	1.69963774184e-09	8.7806797457e-09
     6	6.17515008162e-09	1.48066225342e-09	7.65581233505e-09
     7	1.22807464786e-08	2.951299305e-09	1.52320457836e-08
     8	1.01408054361e-08	2.43461136968e-09	1.25754168057e-08
     9	8.78665468268e-09	2.10770804461e-09	1.08943627273e-08

Measurement: t_ro61
  step	t_ro61	FROM	TO
     1	6.14781604272e-09	1.471727786e-09	7.61954382872e-09
     2	5.19557217104e-09	1.24272228861e-09	6.43829445965e-09
     3	4.58849943903e-09	1.0969097952e-09	5.68540923423e-09
     4	8.60473902627e-09	2.059477002e-09	1.06642160283e-08
     5	7.12912202436e-09	1.70497684005e-09	8.83409886441e-09
     6	6.20208944358e-09	1.48258104713e-09	7.68467049071e-09
     7	1.2446714272e-08	2.97808295273e-09	1.54247972248e-08
     8	1.02268894881e-08	2.44526866696e-09	1.2672158155e-08
     9	8.83619731328e-09	2.11176394761e-09	1.09479612609e-08

Measurement: t_ro62
  step	t_ro62	FROM	TO
     1	6.13531461813e-09	1.47037306205e-09	7.60568768018e-09
     2	5.19971356577e-09	1.24403639587e-09	6.44374996163e-09
     3	4.5958869844e-09	1.09869827058e-09	5.69458525498e-09
     4	8.53203074696e-09	2.045119915e-09	1.0577150662e-08
     5	7.10219408061e-09	1.69956318593e-09	8.80175726654e-09
     6	6.19194011087e-09	1.48037634017e-09	7.67231645104e-09
     7	1.23068910251e-08	2.94955864484e-09	1.52564496699e-08
     8	1.01656879195e-08	2.43258996505e-09	1.25982778845e-08
     9	8.80648361594e-09	2.10553932438e-09	1.09120229403e-08

Measurement: t_ro63
  step	t_ro63	FROM	TO
     1	5.80350938611e-09	1.39258641188e-09	7.19609579799e-09
     2	4.9703965805e-09	1.19058183317e-09	6.16097841367e-09
     3	4.4320223014e-09	1.06006233416e-09	5.49208463556e-09
     4	7.97140551028e-09	1.91377500052e-09	9.8851805108e-09
     5	6.71471904709e-09	1.6089454283e-09	8.32366447539e-09
     6	5.90592488646e-09	1.41337878663e-09	7.31930367309e-09
     7	1.13707909166e-08	2.73012481193e-09	1.41009157285e-08
     8	9.50853786698e-09	2.27877473158e-09	1.17873125986e-08
     9	8.31300041417e-09	1.98968886433e-09	1.03026892785e-08

Measurement: t_ro64
  step	t_ro64	FROM	TO
     1	6.09230155808e-09	1.46995111421e-09	7.56225267229e-09
     2	5.15211224926e-09	1.24096707373e-09	6.39307932299e-09
     3	4.55326866448e-09	1.09559449059e-09	5.64886315507e-09
     4	8.54659145509e-09	2.06376196279e-09	1.06103534179e-08
     5	7.07605847152e-09	1.70634236225e-09	8.78240083377e-09
     6	6.15649652462e-09	1.48304918723e-09	7.63954571186e-09
     7	1.23689041617e-08	2.98833601618e-09	1.53572401779e-08
     8	1.01498113488e-08	2.44923853967e-09	1.25990498885e-08
     9	8.76743031796e-09	2.11375550617e-09	1.08811858241e-08

Measurement: t_ro65
  step	t_ro65	FROM	TO
     1	6.03966705357e-09	1.42916709394e-09	7.46883414752e-09
     2	5.12586434112e-09	1.2213357152e-09	6.34720005632e-09
     3	4.54342682317e-09	1.08238652808e-09	5.62581335125e-09
     4	8.33807368861e-09	1.96485829168e-09	1.03029319803e-08
     5	6.95487330836e-09	1.65407792782e-09	8.60895123618e-09
     6	6.08000493043e-09	1.44754553591e-09	7.52755046634e-09
     7	1.19632077776e-08	2.81712729195e-09	1.47803350696e-08
     8	9.89924569176e-09	2.34759912365e-09	1.22468448154e-08
     9	8.59316365577e-09	2.04305457945e-09	1.06362182352e-08

Measurement: t_ro66
  step	t_ro66	FROM	TO
     1	6.80104872911e-09	1.63423946736e-09	8.43528819648e-09
     2	5.61659208437e-09	1.34717197078e-09	6.96376405514e-09
     3	4.90414813046e-09	1.17475873069e-09	6.07890686116e-09
     4	9.76479755094e-09	2.347008558e-09	1.21118061089e-08
     5	7.89612687571e-09	1.89489226282e-09	9.79101913853e-09
     6	6.75834217156e-09	1.61987526366e-09	8.37821743521e-09
     7	1.43832719261e-08	3.45665706711e-09	1.78399289932e-08
     8	1.15287432159e-08	2.76675661105e-09	1.4295499827e-08
     9	9.79532699423e-09	2.34820311659e-09	1.21435301108e-08

Measurement: t_ro67
  step	t_ro67	FROM	TO
     1	6.10839025885e-09	1.46678396778e-09	7.57517422662e-09
     2	5.1847616006e-09	1.24311004388e-09	6.42787164448e-09
     3	4.5908902994e-09	1.10026259021e-09	5.69115288962e-09
     4	8.49678507593e-09	2.04023385794e-09	1.05370189339e-08
     5	7.08539346788e-09	1.69949482368e-09	8.78488829155e-09
     6	6.18382152518e-09	1.482241515e-09	7.66606304018e-09
     7	1.22493580814e-08	2.94127791013e-09	1.51906359915e-08
     8	1.01380094231e-08	2.43174078086e-09	1.2569750204e-08
     9	8.79277846021e-09	2.10788716895e-09	1.09006656292e-08

Measurement: t_ro68
  step	t_ro68	FROM	TO
     1	6.29956099902e-09	1.51718268661e-09	7.81674368563e-09
     2	5.28002085883e-09	1.27050834145e-09	6.55052920028e-09
     3	4.66673891287e-09	1.12108451859e-09	5.78782343146e-09
     4	8.8311255795e-09	2.12876627052e-09	1.095989185e-08
     5	7.28889453028e-09	1.75487112992e-09	9.0437656602e-09
     6	6.32462175326e-09	1.52102243191e-09	7.84564418518e-09
     7	1.27950884692e-08	3.08632522699e-09	1.58814136962e-08
     8	1.04763164663e-08	2.52412948509e-09	1.30004459514e-08
     9	9.03089818338e-09	2.17377786058e-09	1.1204676044e-08

Measurement: t_ro69
  step	t_ro69	FROM	TO
     1	5.79634470489e-09	1.38995886639e-09	7.18630357127e-09
     2	4.96797440463e-09	1.19025635663e-09	6.15823076126e-09
     3	4.43001319754e-09	1.06134821044e-09	5.49136140798e-09
     4	7.91472009177e-09	1.89811993667e-09	9.81284002844e-09
     5	6.67359129007e-09	1.59878247063e-09	8.2723737607e-09
     6	5.87593300603e-09	1.40745952401e-09	7.28339253003e-09
     7	1.12401145971e-08	2.69505996738e-09	1.39351745645e-08
     8	9.40957518844e-09	2.25396299185e-09	1.16635381803e-08
     9	8.23701164285e-09	1.97243792648e-09	1.02094495693e-08

Measurement: t_ro70
  step	t_ro70	FROM	TO
     1	6.04202729644e-09	1.44862687537e-09	7.49065417181e-09
     2	5.12000892069e-09	1.22722873434e-09	6.34723765503e-09
     3	4.55300937444e-09	1.08877815615e-09	5.64178753059e-09
     4	8.37400041678e-09	2.00806982954e-09	1.03820702463e-08
     5	6.99984816798e-09	1.67590844978e-09	8.67575661776e-09
     6	6.11878071323e-09	1.46344540994e-09	7.58222612317e-09
     7	1.20516452168e-08	2.88954338228e-09	1.49411885991e-08
     8	9.99882029114e-09	2.39378135814e-09	1.23926016493e-08
     9	8.68635872094e-09	2.07741597802e-09	1.0763774699e-08

Measurement: t_ro71
  step	t_ro71	FROM	TO
     1	6.32278895433e-09	1.51258838198e-09	7.83537733632e-09
     2	5.31807065157e-09	1.27045380442e-09	6.588524456e-09
     3	4.68606739985e-09	1.11824941894e-09	5.80431681878e-09
     4	8.85614052941e-09	2.11853594154e-09	1.0974676471e-08
     5	7.31671005132e-09	1.74742438269e-09	9.064134434e-09
     6	6.34786317082e-09	1.51464243842e-09	7.86250560924e-09
     7	1.28400721663e-08	3.07005054157e-09	1.59101227079e-08
     8	1.05240846667e-08	2.5126114251e-09	1.30366960918e-08
     9	9.07055884723e-09	2.16369971517e-09	1.12342585624e-08

Measurement: t_ro72
  step	t_ro72	FROM	TO
     1	5.91999994133e-09	1.41457015699e-09	7.33457009832e-09
     2	5.04929876087e-09	1.20490218481e-09	6.25420094568e-09
     3	4.48844788465e-09	1.07083214715e-09	5.5592800318e-09
     4	8.1599752263e-09	1.94835133375e-09	1.010832656e-08
     5	6.84563291472e-09	1.63357786958e-09	8.4792107843e-09
     6	6.00372070033e-09	1.43208388132e-09	7.43580458165e-09
     7	1.16759077492e-08	2.78796849843e-09	1.44638762476e-08
     8	9.72202976477e-09	2.31947047754e-09	1.20415002423e-08
     9	8.47396746331e-09	2.02085143114e-09	1.04948188945e-08

Measurement: t_ro73
  step	t_ro73	FROM	TO
     1	6.13811391996e-09	1.47547595569e-09	7.61358987565e-09
     2	5.20203601855e-09	1.24817292151e-09	6.45020894006e-09
     3	4.60035110279e-09	1.10275914716e-09	5.70311024995e-09
     4	8.53587361536e-09	2.05261589383e-09	1.05884895092e-08
     5	7.10836611086e-09	1.70614161888e-09	8.81450772975e-09
     6	6.19873756031e-09	1.48627341045e-09	7.68501097075e-09
     7	1.23114632201e-08	2.96056366743e-09	1.52720268876e-08
     8	1.01737504382e-08	2.44225480317e-09	1.26160052414e-08
     9	8.81527384562e-09	2.11404335676e-09	1.09293172024e-08

Measurement: t_ro74
  step	t_ro74	FROM	TO
     1	6.22655233406e-09	1.49030052254e-09	7.7168528566e-09
     2	5.25738603079e-09	1.25690484949e-09	6.51429088028e-09
     3	4.639996912e-09	1.10853810621e-09	5.74853501821e-09
     4	8.70673513953e-09	2.08394775916e-09	1.07906828987e-08
     5	7.21564562557e-09	1.72506281474e-09	8.94070844031e-09
     6	6.27468302305e-09	1.49914903855e-09	7.7738320616e-09
     7	1.25998334437e-08	3.01468470525e-09	1.5614518149e-08
     8	1.03590286403e-08	2.47593251644e-09	1.28349611567e-08
     9	8.94892718282e-09	2.13757571821e-09	1.1086502901e-08

Measurement: t_ro75
  step	t_ro75	FROM	TO
     1	5.87382353084e-09	1.40469948661e-09	7.27852301745e-09
     2	5.01643646776e-09	1.19877143163e-09	6.21520789939e-09
     3	4.46141778179e-09	1.0656857853e-09	5.52710356709e-09
     4	8.1019500703e-09	1.93733711884e-09	1.00392871891e-08
     5	6.79898574514e-09	1.62452396735e-09	8.4235097125e-09
     6	5.96411440171e-09	1.42433798974e-09	7.38845239145e-09
     7	1.16061063327e-08	2.77457938344e-09	1.43806857161e-08
     8	9.66551342202e-09	2.30899976291e-09	1.19745131849e-08
     9	8.42541965815e-09	2.01178358304e-09	1.04372032412e-08

Measurement: t_ro76
  step	t_ro76	FROM	TO
     1	5.79464211334e-09	1.39175338138e-09	7.18639549472e-09
     2	4.95999998475e-09	1.1907190384e-09	6.15071902315e-09
     3	4.43123260249e-09	1.06344578176e-09	5.49467838424e-09
     4	7.92582528379e-09	1.90461784327e-09	9.83044312706e-09
     5	6.68987565322e-09	1.60650283183e-09	8.29637848504e-09
     6	5.88995344852e-09	1.41412290559e-09	7.30407635411e-09
     7	1.12879610766e-08	2.71313887198e-09	1.40010999486e-08
     8	9.46127210972e-09	2.27278868904e-09	1.17340607988e-08
     9	8.28171616381e-09	1.98915737829e-09	1.02708735421e-08

Measurement: t_ro77
  step	t_ro77	FROM	TO
     1	5.55646033278e-09	1.33564550117e-09	6.89210583396e-09
     2	4.79997152332e-09	1.15188899099e-09	5.95186051431e-09
     3	4.30535723971e-09	1.03272415178e-09	5.33808139149e-09
     4	7.55123530049e-09	1.8160866098e-09	9.36732191029e-09
     5	6.41744067789e-09	1.54211013705e-09	7.95955081494e-09
     6	5.68211289187e-09	1.36410614392e-09	7.04621903579e-09
     7	1.06893857424e-08	2.57166811237e-09	1.32610538548e-08
     8	9.01925097509e-09	2.16825883438e-09	1.11875098095e-08
     9	7.93932150424e-09	1.90697075054e-09	9.84629225478e-09

Measurement: t_ro78
  step	t_ro78	FROM	TO
     1	5.93378427586e-09	1.42035320591e-09	7.35413748177e-09
     2	5.0670438769e-09	1.21073266901e-09	6.2777765459e-09
     3	4.496881103e-09	1.07413468631e-09	5.57101578931e-09
     4	8.17784671946e-09	1.95734536969e-09	1.01351920891e-08
     5	6.8577691257e-09	1.6387344234e-09	8.4965035491e-09
     6	6.01255771202e-09	1.43590249337e-09	7.4484602054e-09
     7	1.17095071246e-08	2.80169053702e-09	1.45111976617e-08
     8	9.74536253657e-09	2.32807069551e-09	1.20734332321e-08
     9	8.49178773468e-09	2.02722246183e-09	1.05190101965e-08

Measurement: t_ro79
  step	t_ro79	FROM	TO
     1	5.92001192672e-09	1.41911354747e-09	7.33912547419e-09
     2	5.05167462663e-09	1.20909309302e-09	6.26076771965e-09
     3	4.48000153034e-09	1.07258755412e-09	5.55258908446e-09
     4	8.17949954067e-09	1.95998571762e-09	1.01394852583e-08
     5	6.85469334193e-09	1.64084222896e-09	8.4955355709e-09
     6	6.00652974408e-09	1.43688084736e-09	7.44341059144e-09
     7	1.17291210728e-08	2.81031372306e-09	1.45394347958e-08
     8	9.75400500659e-09	2.33485781679e-09	1.20888628234e-08
     9	8.49370337709e-09	2.03196650695e-09	1.0525669884e-08

Measurement: t_ro80
  step	t_ro80	FROM	TO
     1	5.90283965439e-09	1.41638768557e-09	7.31922733996e-09
     2	5.04385100139e-09	1.20751549951e-09	6.2513665009e-09
     3	4.48003571004e-09	1.07197373708e-09	5.55200944712e-09
     4	8.1196788294e-09	1.94931248097e-09	1.00689913104e-08
     5	6.82506131347e-09	1.63509552922e-09	8.46015684269e-09
     6	5.99099954998e-09	1.43283517547e-09	7.42383472545e-09
     7	1.1611393247e-08	2.78754325548e-09	1.43989365025e-08
     8	9.68898913987e-09	2.32164903046e-09	1.20106381703e-08
     9	8.45429758886e-09	2.02271383455e-09	1.04770114234e-08

Measurement: t_ro81
  step	t_ro81	FROM	TO
     1	5.92000007905e-09	1.433967177e-09	7.35396725605e-09
     2	5.04938538648e-09	1.21961851502e-09	6.2690039015e-09
     3	4.4800554925e-09	1.08062144761e-09	5.56067694011e-09
     4	8.15940623304e-09	1.97741741628e-09	1.01368236493e-08
     5	6.84062950455e-09	1.65485161722e-09	8.49548112177e-09
     6	5.99912351811e-09	1.44892053984e-09	7.44804405795e-09
     7	1.16690142996e-08	2.83185818084e-09	1.45008724804e-08
     8	9.71431629722e-09	2.35246433435e-09	1.20667806316e-08
     9	8.46806124495e-09	2.04764609563e-09	1.05157073406e-08

Measurement: t_ro82
  step	t_ro82	FROM	TO
     1	6.069088398e-09	1.46190347197e-09	7.53099186997e-09
     2	5.13215447281e-09	1.23527005211e-09	6.36742452492e-09
     3	4.56331221895e-09	1.09764219377e-09	5.66095441272e-09
     4	8.40325823565e-09	2.02745195365e-09	1.04307101893e-08
     5	7.01441045289e-09	1.69070329038e-09	8.70511374327e-09
     6	6.12953112038e-09	1.47635203249e-09	7.60588315287e-09
     7	1.20846432477e-08	2.91881302065e-09	1.50034562684e-08
     8	1.00114032256e-08	2.41537693687e-09	1.24267801625e-08
     9	8.69442891266e-09	2.09609191485e-09	1.07905208275e-08

Measurement: t_ro83
  step	t_ro83	FROM	TO
     1	5.83937124412e-09	1.4004202577e-09	7.23979150182e-09
     2	4.99390349544e-09	1.19592647965e-09	6.18982997509e-09
     3	4.44924696783e-09	1.06439463455e-09	5.51364160239e-09
     4	8.03662854044e-09	1.92756032936e-09	9.96418886981e-09
     5	6.76053399204e-09	1.61948850357e-09	8.38002249561e-09
     6	5.93901540901e-09	1.42135685443e-09	7.36037226344e-09
     7	1.14965682694e-08	2.75727750082e-09	1.42538457703e-08
     8	9.59977369307e-09	2.29964621336e-09	1.18994199064e-08
     9	8.38245204067e-09	2.00627093939e-09	1.03887229801e-08

Measurement: t_ro84
  step	t_ro84	FROM	TO
     1	5.73206725965e-09	1.37852477035e-09	7.11059202999e-09
     2	4.91417122577e-09	1.1797100436e-09	6.09388126936e-09
     3	4.38722795467e-09	1.0515490403e-09	5.43877699498e-09
     4	7.82947409791e-09	1.88414204898e-09	9.71361614688e-09
     5	6.60997437101e-09	1.5881212013e-09	8.19809557231e-09
     6	5.82645328709e-09	1.39792655994e-09	7.22437984703e-09
     7	1.11253421711e-08	2.67820226054e-09	1.38035444316e-08
     8	9.32474147929e-09	2.24173027357e-09	1.15664717529e-08
     9	8.17127118964e-09	1.96213792462e-09	1.01334091143e-08

Measurement: t_ro85
  step	t_ro85	FROM	TO
     1	6.0066704099e-09	1.43891544907e-09	7.44558585898e-09
     2	5.11142766269e-09	1.22233775193e-09	6.33376541463e-09
     3	4.53260769209e-09	1.08278608732e-09	5.61539377941e-09
     4	8.32863480029e-09	1.9953360326e-09	1.03239708329e-08
     5	6.96112656584e-09	1.66486460811e-09	8.62599117395e-09
     6	6.08796437921e-09	1.45450306959e-09	7.5424674488e-09
     7	1.1977463614e-08	2.86875907258e-09	1.48462226866e-08
     8	9.93396492142e-09	2.37553799457e-09	1.2309502916e-08
     9	8.63311757351e-09	2.06248319783e-09	1.06956007713e-08

Measurement: t_ro86
  step	t_ro86	FROM	TO
     1	6.09892977751e-09	1.46290916188e-09	7.56183893939e-09
     2	5.14837255121e-09	1.23375491798e-09	6.38212746918e-09
     3	4.55996719148e-09	1.09116825113e-09	5.65113544261e-09
     4	8.49877471853e-09	2.03868366705e-09	1.05374583856e-08
     5	7.0520700676e-09	1.69001152761e-09	8.74208159522e-09
     6	6.14601902318e-09	1.47136319943e-09	7.61738222261e-09
     7	1.22481565044e-08	2.93814334791e-09	1.51862998523e-08
     8	1.00833156133e-08	2.41644234458e-09	1.24997579579e-08
     9	8.73060549868e-09	2.09046509893e-09	1.08210705976e-08

Measurement: t_ro87
  step	t_ro87	FROM	TO
     1	5.99594559455e-09	1.43946760242e-09	7.43541319697e-09
     2	5.12001378543e-09	1.22618260606e-09	6.34619639149e-09
     3	4.53465290934e-09	1.08491208135e-09	5.61956499069e-09
     4	8.26173055122e-09	1.98457272699e-09	1.02463032782e-08
     5	6.9230876809e-09	1.65927287185e-09	8.58236055276e-09
     6	6.06409013876e-09	1.45141257322e-09	7.51550271198e-09
     7	1.18319563049e-08	2.84249422758e-09	1.46744505325e-08
     8	9.84294797545e-09	2.35962873538e-09	1.22025767108e-08
     9	8.56935136114e-09	2.05154855629e-09	1.06208999174e-08

Measurement: t_ro88
  step	t_ro88	FROM	TO
     1	6.14820096841e-09	1.47207993544e-09	7.62028090385e-09
     2	5.20592833024e-09	1.24432477333e-09	6.45025310357e-09
     3	4.59813116762e-09	1.09786707795e-09	5.69599824557e-09
     4	8.58139795601e-09	2.05478074306e-09	1.06361786991e-08
     5	7.12606026494e-09	1.7034163358e-09	8.82947660074e-09
     6	6.20661100792e-09	1.48198021884e-09	7.68859122676e-09
     7	1.23998970036e-08	2.96845686413e-09	1.53683538677e-08
     8	1.02135991286e-08	2.44105389142e-09	1.265465302e-08
     9	8.83657094816e-09	2.10972449392e-09	1.09462954421e-08

Measurement: t_ro89
  step	t_ro89	FROM	TO
     1	5.66417746402e-09	1.36477472703e-09	7.02895219105e-09
     2	4.88200133532e-09	1.17434086905e-09	6.05634220437e-09
     3	4.36716844064e-09	1.04922874082e-09	5.41639718146e-09
     4	7.69498805392e-09	1.85585352385e-09	9.55084157777e-09
     5	6.52794611747e-09	1.5718855928e-09	8.09983171027e-09
     6	5.76930591223e-09	1.38758981958e-09	7.15689573181e-09
     7	1.08888072009e-08	2.62776700776e-09	1.35165742086e-08
     8	9.17318839523e-09	2.21029033899e-09	1.13834787342e-08
     9	8.06233217522e-09	1.94085832228e-09	1.00031904975e-08

Measurement: t_ro90
  step	t_ro90	FROM	TO
     1	5.75999797099e-09	1.38400896758e-09	7.14400693858e-09
     2	4.94675161641e-09	1.18640661617e-09	6.13315823258e-09
     3	4.41313482851e-09	1.05806862969e-09	5.4712034582e-09
     4	7.86101752224e-09	1.8884591965e-09	9.74947671874e-09
     5	6.6353830467e-09	1.59211183798e-09	8.22749488468e-09
     6	5.84605441928e-09	1.40219628655e-09	7.24825070584e-09
     7	1.11534587829e-08	2.67965360049e-09	1.38331123833e-08
     8	9.34760623068e-09	2.24347119158e-09	1.15910774223e-08
     9	8.18800073776e-09	1.96466592746e-09	1.01526666652e-08

Measurement: t_ro91
  step	t_ro91	FROM	TO
     1	5.87858529794e-09	1.4120582655e-09	7.29064356344e-09
     2	5.02553867556e-09	1.20530767998e-09	6.23084635554e-09
     3	4.47599969916e-09	1.07307627123e-09	5.54907597039e-09
     4	8.08808138877e-09	1.94366016312e-09	1.00317415519e-08
     5	6.80609260155e-09	1.63331031567e-09	8.43940291722e-09
     6	5.9776613144e-09	1.4332445944e-09	7.4109059088e-09
     7	1.15693784359e-08	2.78062414166e-09	1.43500025776e-08
     8	9.66557416482e-09	2.32011543798e-09	1.19856896028e-08
     9	8.43857829815e-09	2.02399808529e-09	1.04625763834e-08

Measurement: t_ro92
  step	t_ro92	FROM	TO
     1	6.24015792682e-09	1.49822775442e-09	7.73838568124e-09
     2	5.26775600638e-09	1.2615618539e-09	6.52931786028e-09
     3	4.64000044337e-09	1.10927998511e-09	5.74928042848e-09
     4	8.71708923127e-09	2.09361715038e-09	1.08107063816e-08
     5	7.22374099046e-09	1.73146588083e-09	8.95520687129e-09
     6	6.2797182934e-09	1.5029445071e-09	7.7826628005e-09
     7	1.26115779079e-08	3.03022885097e-09	1.56418067589e-08
     8	1.03695376762e-08	2.48699870246e-09	1.28565363786e-08
     9	8.95598337382e-09	2.145339033e-09	1.11013224068e-08

Measurement: t_ro93
  step	t_ro93	FROM	TO
     1	6.08000544248e-09	1.45675170472e-09	7.5367571472e-09
     2	5.15292262425e-09	1.23371105294e-09	6.38663367719e-09
     3	4.56209287121e-09	1.09145089213e-09	5.65354376334e-09
     4	8.45079915056e-09	2.02617444966e-09	1.04769736002e-08
     5	7.0458515802e-09	1.68720146084e-09	8.73305304104e-09
     6	6.15078338234e-09	1.47175434652e-09	7.62253772887e-09
     7	1.21842907104e-08	2.92082942848e-09	1.51051201388e-08
     8	1.00801679975e-08	2.41366711291e-09	1.24938351104e-08
     9	8.7428584423e-09	2.09190185194e-09	1.08347602942e-08

Measurement: t_ro94
  step	t_ro94	FROM	TO
     1	6.18012258889e-09	1.48684636687e-09	7.66696895576e-09
     2	5.22546711579e-09	1.25606158861e-09	6.4815287044e-09
     3	4.61687103786e-09	1.10881443401e-09	5.72568547186e-09
     4	8.62118431115e-09	2.07531388691e-09	1.06964981981e-08
     5	7.1597339435e-09	1.72196128856e-09	8.88169523206e-09
     6	6.23282170007e-09	1.49786695981e-09	7.73068865987e-09
     7	1.24648130795e-08	3.0014152436e-09	1.54662283231e-08
     8	1.02710644912e-08	2.47120704487e-09	1.2742271536e-08
     9	8.88375567773e-09	2.13577715275e-09	1.10195328305e-08

Measurement: t_ro95
  step	t_ro95	FROM	TO
     1	6.07997940633e-09	1.458621802e-09	7.53860120833e-09
     2	5.15525314951e-09	1.2342747155e-09	6.38952786501e-09
     3	4.56818051101e-09	1.09159154688e-09	5.65977205789e-09
     4	8.43747565292e-09	2.02546562192e-09	1.04629412748e-08
     5	7.03009636276e-09	1.68398973978e-09	8.71408610254e-09
     6	6.13706141417e-09	1.46732443006e-09	7.60438584423e-09
     7	1.2142658779e-08	2.91480006679e-09	1.50574588458e-08
     8	1.0038427931e-08	2.40500337113e-09	1.24434313022e-08
     9	8.70754221784e-09	2.08256166492e-09	1.07901038828e-08

Measurement: t_ro96
  step	t_ro96	FROM	TO
     1	5.71008241853e-09	1.37236107492e-09	7.08244349345e-09
     2	4.90761548062e-09	1.17895737676e-09	6.08657285738e-09
     3	4.3844670088e-09	1.05259303211e-09	5.43706004091e-09
     4	7.79374935542e-09	1.87452389724e-09	9.66827325266e-09
     5	6.59402350593e-09	1.58522996507e-09	8.179253471e-09
     6	5.81602121567e-09	1.39754178247e-09	7.21356299813e-09
     7	1.1077536043e-08	2.66552400211e-09	1.37430600451e-08
     8	9.30605258382e-09	2.23833658778e-09	1.15443891716e-08
     9	8.15991375594e-09	1.96183929579e-09	1.01217530517e-08

Measurement: t_ro97
  step	t_ro97	FROM	TO
     1	6.14296820507e-09	1.47790648119e-09	7.62087468626e-09
     2	5.20704808174e-09	1.25096726692e-09	6.45801534866e-09
     3	4.60113039396e-09	1.1042648839e-09	5.70539527786e-09
     4	8.55752224607e-09	2.06286353766e-09	1.06203857837e-08
     5	7.12052611721e-09	1.71347851147e-09	8.83400462868e-09
     6	6.20620290402e-09	1.4917477979e-09	7.69795070193e-09
     7	1.23543158837e-08	2.98287540959e-09	1.53371912933e-08
     8	1.02012703214e-08	2.45793914605e-09	1.26592094674e-08
     9	8.83481962601e-09	2.12620602932e-09	1.09610256553e-08

Measurement: t_ro98
  step	t_ro98	FROM	TO
     1	5.73395926991e-09	1.37568140784e-09	7.10964067775e-09
     2	4.92397124328e-09	1.17980344952e-09	6.10377469279e-09
     3	4.3999237057e-09	1.05299375234e-09	5.45291745804e-09
     4	7.85046162952e-09	1.88407650817e-09	9.73453813769e-09
     5	6.63758704564e-09	1.59110118824e-09	8.22868823387e-09
     6	5.85060929553e-09	1.40128612084e-09	7.25189541637e-09
     7	1.11831790011e-08	2.68408169494e-09	1.38672606961e-08
     8	9.38782144296e-09	2.2507756189e-09	1.16385970619e-08
     9	8.22585223041e-09	1.97063924324e-09	1.01964914737e-08

Measurement: t_ro99
  step	t_ro99	FROM	TO
     1	5.86782006899e-09	1.40273884805e-09	7.27055891704e-09
     2	5.01607579134e-09	1.19765671285e-09	6.21373250419e-09
     3	4.46973015119e-09	1.06670198257e-09	5.53643213376e-09
     4	8.08370279113e-09	1.93236644057e-09	1.00160692317e-08
     5	6.79403315692e-09	1.62210956171e-09	8.41614271862e-09
     6	5.96606466467e-09	1.42341893497e-09	7.38948359964e-09
     7	1.15583710743e-08	2.76223959312e-09	1.43206106674e-08
     8	9.64122341254e-09	2.30155480628e-09	1.19427782188e-08
     9	8.41408460479e-09	2.0071730911e-09	1.04212576959e-08

Measurement: t_ro100
  step	t_ro100	FROM	TO
     1	5.70481708627e-09	1.36713739104e-09	7.07195447731e-09
     2	4.90445076974e-09	1.17508063609e-09	6.07953140583e-09
     3	4.3792516075e-09	1.0492905003e-09	5.42854210781e-09
     4	7.77543260778e-09	1.86372512148e-09	9.63915772926e-09
     5	6.57743346916e-09	1.57629660681e-09	8.15373007597e-09
     6	5.80155746343e-09	1.3905307132e-09	7.19208817663e-09
     7	1.10404184359e-08	2.64645963582e-09	1.36868780717e-08
     8	9.27288618449e-09	2.22248993548e-09	1.149537612e-08
     9	8.13132682124e-09	1.84793607373e-09	9.97926289497e-09

Measurement: t_ro101
  step	t_ro101	FROM	TO
     1	5.89637568548e-09	1.41511123819e-09	7.31148692367e-09
     2	5.02049795935e-09	1.20371683873e-09	6.22421479809e-09
     3	4.46255655954e-09	1.06926224392e-09	5.53181880346e-09
     4	8.14622932353e-09	1.95556920425e-09	1.01017985278e-08
     5	6.81275202559e-09	1.63387249787e-09	8.44662452346e-09
     6	5.96823610763e-09	1.43039296982e-09	7.39862907745e-09
     7	1.16752221377e-08	2.80312320764e-09	1.44783453453e-08
     8	9.68587115559e-09	2.32328310805e-09	1.20091542636e-08
     9	8.43034076151e-09	2.02077590752e-09	1.0451116669e-08

Measurement: t_ro102
  step	t_ro102	FROM	TO
     1	6.22170393003e-09	1.50485704669e-09	7.72656097671e-09
     2	5.26063591533e-09	1.26913299453e-09	6.52976890986e-09
     3	4.64000143256e-09	1.11746567343e-09	5.75746710599e-09
     4	8.68832547341e-09	2.10392445879e-09	1.07922499322e-08
     5	7.20492621405e-09	1.73980355156e-09	8.94472976561e-09
     6	6.26795624157e-09	1.51105173519e-09	7.77900797676e-09
     7	1.25657386805e-08	3.04443584467e-09	1.56101745252e-08
     8	1.03384262153e-08	2.49826854513e-09	1.28366947604e-08
     9	8.93478283624e-09	2.15564944374e-09	1.109043228e-08

Measurement: t_ro103
  step	t_ro103	FROM	TO
     1	6.05192465637e-09	1.45200834236e-09	7.50393299873e-09
     2	5.13335313773e-09	1.22931310801e-09	6.36266624575e-09
     3	4.54736164394e-09	1.08753221544e-09	5.63489385938e-09
     4	8.40415878733e-09	2.0171874799e-09	1.04213462672e-08
     5	6.99719428124e-09	1.67605379323e-09	8.67324807447e-09
     6	6.10858530518e-09	1.46144540381e-09	7.57003070899e-09
     7	1.2090778506e-08	2.90176628579e-09	1.49925447918e-08
     8	9.98471863424e-09	2.39193171242e-09	1.23766503467e-08
     9	8.65890833107e-09	2.0719344748e-09	1.07308428059e-08

Measurement: t_ro104
  step	t_ro104	FROM	TO
     1	6.50047166841e-09	1.56379790333e-09	8.06426957174e-09
     2	5.43840782294e-09	1.30485869963e-09	6.74326652257e-09
     3	4.76021717408e-09	1.14172768305e-09	5.90194485713e-09
     4	9.19365489182e-09	2.21322823228e-09	1.14068831241e-08
     5	7.51990114369e-09	1.80724493492e-09	9.32714607861e-09
     6	6.49106812297e-09	1.55810492436e-09	8.04917304734e-09
     7	1.34125585684e-08	3.22984684525e-09	1.66424054137e-08
     8	1.08840572101e-08	2.61699259001e-09	1.35010498001e-08
     9	9.3253778692e-09	2.23955521144e-09	1.15649330806e-08

Measurement: t_ro105
  step	t_ro105	FROM	TO
     1	5.84594257535e-09	1.40259136917e-09	7.24853394452e-09
     2	5.00200016033e-09	1.19922178658e-09	6.20122194691e-09
     3	4.4556846814e-09	1.06790193066e-09	5.52358661206e-09
     4	8.0274830556e-09	1.92651437802e-09	9.95399743361e-09
     5	6.75804816126e-09	1.62055062834e-09	8.37859878961e-09
     6	5.93818021726e-09	1.42357657212e-09	7.36175678938e-09
     7	1.14675382553e-08	2.751963378e-09	1.42195016333e-08
     8	9.58456898914e-09	2.2983665071e-09	1.18829354962e-08
     9	8.3722635443e-09	2.00711812155e-09	1.03793816659e-08

Measurement: t_ro106
  step	t_ro106	FROM	TO
     1	5.75219658579e-09	1.37615020298e-09	7.12834678877e-09
     2	4.94228608379e-09	1.18011188965e-09	6.12239797343e-09
     3	4.40533430546e-09	1.05162327728e-09	5.45695758273e-09
     4	7.87471382971e-09	1.88399906114e-09	9.75871289085e-09
     5	6.64890172012e-09	1.5880813272e-09	8.23698304732e-09
     6	5.85725537006e-09	1.39783364599e-09	7.25508901605e-09
     7	1.12172537917e-08	2.68293807334e-09	1.39001918651e-08
     8	9.4015798686e-09	2.24520846978e-09	1.16467883384e-08
     9	8.23260541957e-09	1.96431760441e-09	1.0196923024e-08

Measurement: t_ro107
  step	t_ro107	FROM	TO
     1	6.01358030341e-09	1.44362242125e-09	7.45720272466e-09
     2	5.12001160468e-09	1.22767973707e-09	6.34769134175e-09
     3	4.54183424287e-09	1.08815937091e-09	5.62999361377e-09
     4	8.31201124021e-09	1.99601062385e-09	1.03080218641e-08
     5	6.95958363469e-09	1.66929772117e-09	8.62888135586e-09
     6	6.08943954382e-09	1.45944690573e-09	7.54888644956e-09
     7	1.1939990217e-08	2.86736079294e-09	1.48073510099e-08
     8	9.92503483826e-09	2.38073725597e-09	1.23057720942e-08
     9	8.63232534423e-09	2.06933186424e-09	1.07016572085e-08

Measurement: t_ro108
  step	t_ro108	FROM	TO
     1	5.95960357144e-09	1.42876259605e-09	7.38836616749e-09
     2	5.08476607892e-09	1.21751760869e-09	6.30228368761e-09
     3	4.51079182709e-09	1.07897400182e-09	5.58976582891e-09
     4	8.24762668574e-09	1.97779821237e-09	1.02254248981e-08
     5	6.90635044311e-09	1.65418178956e-09	8.56053223266e-09
     6	6.04934492087e-09	1.44755736947e-09	7.49690229035e-09
     7	1.18303140629e-08	2.83678846727e-09	1.46671025301e-08
     8	9.83231776874e-09	2.35510255298e-09	1.21874203217e-08
     9	8.55852240152e-09	2.04824310769e-09	1.06067655092e-08

Measurement: t_ro109
  step	t_ro109	FROM	TO
     1	5.79678017144e-09	1.38958816509e-09	7.18636833653e-09
     2	4.96000004794e-09	1.18652901424e-09	6.14652906217e-09
     3	4.43606129079e-09	1.06042962245e-09	5.49649091324e-09
     4	7.94463561417e-09	1.904831767e-09	9.84946738117e-09
     5	6.70787729124e-09	1.6055257877e-09	8.31340307894e-09
     6	5.90565578872e-09	1.41204644551e-09	7.31770223424e-09
     7	1.13246190461e-08	2.71509417278e-09	1.40397132189e-08
     8	9.49441510131e-09	2.2724378846e-09	1.17668529859e-08
     9	8.31043060302e-09	1.98705222332e-09	1.02974828263e-08

Measurement: t_ro110
  step	t_ro110	FROM	TO
     1	6.02194669449e-09	1.43779262111e-09	7.4597393156e-09
     2	5.10599568738e-09	1.21808708684e-09	6.32408277422e-09
     3	4.52093768256e-09	1.0780244979e-09	5.59896218046e-09
     4	8.36178077795e-09	1.995974809e-09	1.03577555869e-08
     5	6.95444243761e-09	1.65883743054e-09	8.61327986814e-09
     6	6.07233433085e-09	1.44782025556e-09	7.52015458641e-09
     7	1.20246698803e-08	2.86971918608e-09	1.48943890664e-08
     8	9.91478533568e-09	2.36463826624e-09	1.22794236019e-08
     9	8.59684972071e-09	2.04938345523e-09	1.06462331759e-08

Measurement: t_ro111
  step	t_ro111	FROM	TO
     1	6.01666204731e-09	1.45193579716e-09	7.46859784447e-09
     2	5.12000276582e-09	1.23236877503e-09	6.35237154085e-09
     3	4.52969931217e-09	1.09025655234e-09	5.61995586451e-09
     4	8.35696334315e-09	2.01872391789e-09	1.0375687261e-08
     5	6.97193345641e-09	1.68152223471e-09	8.65345569112e-09
     6	6.0930273565e-09	1.46803009589e-09	7.56105745239e-09
     7	1.2021946964e-08	2.9056803708e-09	1.49276273348e-08
     8	9.95025766221e-09	2.40132510083e-09	1.2351582763e-08
     9	8.63948027019e-09	2.08298818262e-09	1.07224684528e-08

Measurement: t_ro112
  step	t_ro112	FROM	TO
     1	5.91999902177e-09	1.41674352615e-09	7.33674254792e-09
     2	5.05269188099e-09	1.20754080186e-09	6.26023268285e-09
     3	4.48963150462e-09	1.07192294321e-09	5.56155444783e-09
     4	8.12037362369e-09	1.9452006433e-09	1.0065574267e-08
     5	6.81826749452e-09	1.62976641551e-09	8.44803391003e-09
     6	5.98253081891e-09	1.42811265974e-09	7.41064347866e-09
     7	1.15961020092e-08	2.77672071673e-09	1.43728227259e-08
     8	9.66564090232e-09	2.30970351459e-09	1.19753444169e-08
     9	8.42998660111e-09	2.01190289356e-09	1.04418894947e-08

Measurement: t_ro113
  step	t_ro113	FROM	TO
     1	5.8532001996e-09	1.41245297239e-09	7.26565317199e-09
     2	5.0035264557e-09	1.20586109101e-09	6.20938754671e-09
     3	4.45761385642e-09	1.073595392e-09	5.53120924842e-09
     4	8.04173400944e-09	1.94265524965e-09	9.98438925908e-09
     5	6.76214050663e-09	1.63134512527e-09	8.3934856319e-09
     6	5.93878208624e-09	1.43135783854e-09	7.37013992478e-09
     7	1.14873363987e-08	2.77639735017e-09	1.42637337489e-08
     8	9.58819703551e-09	2.3144988713e-09	1.19026959068e-08
     9	8.37035997012e-09	2.01896142331e-09	1.03893213934e-08

Measurement: t_ro114
  step	t_ro114	FROM	TO
     1	5.96941445213e-09	1.44394953487e-09	7.413363987e-09
     2	5.07935602999e-09	1.22679450558e-09	6.30615053557e-09
     3	4.50659387176e-09	1.08749402065e-09	5.59408789241e-09
     4	8.28314334067e-09	2.00621874677e-09	1.02893620874e-08
     5	6.91955402781e-09	1.67331260248e-09	8.59286663029e-09
     6	6.05298000738e-09	1.46234445263e-09	7.51532446001e-09
     7	1.19067904807e-08	2.88556336779e-09	1.47923538485e-08
     8	9.86732277242e-09	2.38777665738e-09	1.22550994298e-08
     9	8.57520583789e-09	2.07328485152e-09	1.06484906894e-08

Measurement: t_ro115
  step	t_ro115	FROM	TO
     1	6.1071170141e-09	1.47343695414e-09	7.58055396824e-09
     2	5.17415830561e-09	1.24624355755e-09	6.42040186316e-09
     3	4.57573063445e-09	1.10190155107e-09	5.67763218552e-09
     4	8.48004844214e-09	2.04707772846e-09	1.05271261706e-08
     5	7.04240834891e-09	1.69772194051e-09	8.74013028942e-09
     6	6.14108362633e-09	1.47938833323e-09	7.62047195956e-09
     7	1.21926915092e-08	2.94212684245e-09	1.51348183516e-08
     8	1.00459699531e-08	2.42122508086e-09	1.24671950339e-08
     9	8.70116647057e-09	2.09616523779e-09	1.07973317084e-08

Measurement: t_ro116
  step	t_ro116	FROM	TO
     1	5.76000309076e-09	1.38386763352e-09	7.14387072428e-09
     2	4.93950551508e-09	1.1859462002e-09	6.12545171529e-09
     3	4.41005598072e-09	1.05761090938e-09	5.4676668901e-09
     4	7.84538643849e-09	1.88669882265e-09	9.73208526114e-09
     5	6.63981430684e-09	1.59529827515e-09	8.23511258199e-09
     6	5.85563415839e-09	1.40539815691e-09	7.2610323153e-09
     7	1.11512640005e-08	2.68290630775e-09	1.38341703083e-08
     8	9.37200134002e-09	2.25255426095e-09	1.1624555601e-08
     9	8.21786706086e-09	1.97348483172e-09	1.01913518926e-08

Measurement: t_ro117
  step	t_ro117	FROM	TO
     1	5.99342311298e-09	1.43959517505e-09	7.43301828803e-09
     2	5.10283787832e-09	1.22301188625e-09	6.32584976456e-09
     3	4.52601245152e-09	1.08285751554e-09	5.60886996706e-09
     4	8.29585102882e-09	1.99362157744e-09	1.02894726063e-08
     5	6.93919173116e-09	1.66434579397e-09	8.60353752512e-09
     6	6.07252112415e-09	1.4538826117e-09	7.52640373585e-09
     7	1.1915651064e-08	2.86376162829e-09	1.47794126923e-08
     8	9.8913142369e-09	2.37314760696e-09	1.22644618439e-08
     9	8.60165647102e-09	2.06044257184e-09	1.06620990429e-08

Measurement: t_ro118
  step	t_ro118	FROM	TO
     1	5.89134199502e-09	1.40986219778e-09	7.3012041928e-09
     2	5.03374755151e-09	1.20345794746e-09	6.23720549897e-09
     3	4.48000607286e-09	1.07111919389e-09	5.55112526676e-09
     4	8.1125701199e-09	1.94168397473e-09	1.00542540946e-08
     5	6.81975374842e-09	1.63051074742e-09	8.45026449584e-09
     6	5.98687984779e-09	1.43054790839e-09	7.41742775618e-09
     7	1.16085663797e-08	2.77787127839e-09	1.43864376581e-08
     8	9.68775606934e-09	2.31586321451e-09	1.20036192839e-08
     9	8.45327586868e-09	2.01950322804e-09	1.04727790967e-08

Measurement: t_ro119
  step	t_ro119	FROM	TO
     1	5.83362240949e-09	1.40122493676e-09	7.23484734625e-09
     2	4.98200209544e-09	1.19538572544e-09	6.17738782088e-09
     3	4.44552111479e-09	1.06630915554e-09	5.51183027033e-09
     4	8.01625697439e-09	1.92612987119e-09	9.94238684558e-09
     5	6.74311670065e-09	1.61897420886e-09	8.36209090952e-09
     6	5.92532220825e-09	1.42153230369e-09	7.34685451194e-09
     7	1.14465098528e-08	2.75072469331e-09	1.41972345461e-08
     8	9.55784946723e-09	2.29543565615e-09	1.18532851234e-08
     9	8.34896465524e-09	2.00441949216e-09	1.03533841474e-08

Measurement: t_ro120
  step	t_ro120	FROM	TO
     1	5.5036843301e-09	1.32160257309e-09	6.82528690319e-09
     2	4.77471225519e-09	1.1452007871e-09	5.91991304229e-09
     3	4.28317351263e-09	1.02612274055e-09	5.30929625318e-09
     4	7.42825077726e-09	1.78487707851e-09	9.21312785578e-09
     5	6.34383651821e-09	1.52261124046e-09	7.86644775866e-09
     6	5.6307427961e-09	1.35021424355e-09	6.98095703965e-09
     7	1.04676178755e-08	2.51589496655e-09	1.29835128421e-08
     8	8.88084241576e-09	2.13253029552e-09	1.10133727113e-08
     9	7.84010855593e-09	1.88160239913e-09	9.72171095507e-09

Measurement: t_ro121
  step	t_ro121	FROM	TO
     1	5.70527296721e-09	1.37855131673e-09	7.08382428394e-09
     2	4.90888632599e-09	1.18419467009e-09	6.09308099608e-09
     3	4.38414134992e-09	1.05619749869e-09	5.44033884862e-09
     4	7.79056426815e-09	1.88528902207e-09	9.67585329021e-09
     5	6.59400805775e-09	1.59304257449e-09	8.18705063224e-09
     6	5.81736845329e-09	1.40370771422e-09	7.22107616751e-09
     7	1.10734485463e-08	2.68176969314e-09	1.37552182395e-08
     8	9.30636663791e-09	2.25028664774e-09	1.15566532857e-08
     9	8.16183554837e-09	1.97123259922e-09	1.01330681476e-08

Measurement: t_ro122
  step	t_ro122	FROM	TO
     1	5.91999676645e-09	1.43034968797e-09	7.35034645442e-09
     2	5.05133483315e-09	1.21854798323e-09	6.26988281638e-09
     3	4.48706597115e-09	1.08053668225e-09	5.5676026534e-09
     4	8.12326943555e-09	1.96522749184e-09	1.00884969274e-08
     5	6.82458325266e-09	1.64802479463e-09	8.47260804729e-09
     6	5.9874574157e-09	1.44420196966e-09	7.43165938536e-09
     7	1.16127070749e-08	2.81059974062e-09	1.44233068155e-08
     8	9.68496240473e-09	2.34011141293e-09	1.20250738177e-08
     9	8.44622874369e-09	2.03856574201e-09	1.04847944857e-08

Measurement: t_ro123
  step	t_ro123	FROM	TO
     1	6.15072324115e-09	1.47882775975e-09	7.6295510009e-09
     2	5.19147920662e-09	1.24684018114e-09	6.43831938776e-09
     3	4.58781021358e-09	1.10146904053e-09	5.68927925411e-09
     4	8.629361021e-09	2.07556913325e-09	1.07049301543e-08
     5	7.1439110104e-09	1.71661574484e-09	8.86052675524e-09
     6	6.21418609197e-09	1.49246187399e-09	7.70664796596e-09
     7	1.24943460428e-08	3.00607017808e-09	1.55004162209e-08
     8	1.02568330153e-08	2.46528536044e-09	1.27221183758e-08
     9	8.86023239559e-09	2.12852769923e-09	1.09887600948e-08

Measurement: t_ro124
  step	t_ro124	FROM	TO
     1	6.21248112914e-09	1.4879252432e-09	7.70040637234e-09
     2	5.25016860235e-09	1.25512255302e-09	6.50529115537e-09
     3	4.6399922512e-09	1.10732805618e-09	5.74732030738e-09
     4	8.67198058878e-09	2.07694320332e-09	1.07489237921e-08
     5	7.19989780836e-09	1.72086009258e-09	8.92075790094e-09
     6	6.26598219754e-09	1.49654018939e-09	7.76252238693e-09
     7	1.25427690974e-08	3.00306898251e-09	1.55458380799e-08
     8	1.03334286841e-08	2.46978712989e-09	1.2803215814e-08
     9	8.93566447063e-09	2.13368534926e-09	1.10693498199e-08

Measurement: t_ro125
  step	t_ro125	FROM	TO
     1	6.107840135e-09	1.4696014854e-09	7.5774416204e-09
     2	5.16277157214e-09	1.24065531064e-09	6.40342688278e-09
     3	4.5618442549e-09	1.09564313865e-09	5.65748739355e-09
     4	8.5688012295e-09	2.06343116066e-09	1.06322323902e-08
     5	7.0911371179e-09	1.70549180448e-09	8.79662892238e-09
     6	6.16852578836e-09	1.48244563552e-09	7.65097142387e-09
     7	1.24017424338e-08	2.98778156704e-09	1.53895240008e-08
     8	1.0173323331e-08	2.44806858465e-09	1.26213919156e-08
     9	8.7866851448e-09	2.112976782e-09	1.08996619268e-08

Measurement: t_ro126
  step	t_ro126	FROM	TO
     1	6.04556563494e-09	1.45818146691e-09	7.50374710185e-09
     2	5.12660530839e-09	1.23375243779e-09	6.36035774618e-09
     3	4.54364538461e-09	1.09193848215e-09	5.63558386676e-09
     4	8.40640346472e-09	2.02954654091e-09	1.04359500056e-08
     5	7.00263372794e-09	1.68724747287e-09	8.68988120081e-09
     6	6.1130132114e-09	1.47063137529e-09	7.5836445867e-09
     7	1.21061468091e-08	2.92399424744e-09	1.50301410565e-08
     8	1.00043365841e-08	2.4118492245e-09	1.24161858086e-08
     9	8.67663451104e-09	2.088859027e-09	1.0765493538e-08

Measurement: t_ro127
  step	t_ro127	FROM	TO
     1	6.32979824857e-09	1.52545820692e-09	7.85525645549e-09
     2	5.32374757183e-09	1.27967482382e-09	6.60342239566e-09
     3	4.68621686775e-09	1.12437855693e-09	5.81059542468e-09
     4	8.85463106704e-09	2.13722953973e-09	1.09918606068e-08
     5	7.31264059775e-09	1.76017299399e-09	9.07281359174e-09
     6	6.34363023258e-09	1.5243199251e-09	7.86795015767e-09
     7	1.28312124973e-08	3.09946444119e-09	1.59306769385e-08
     8	1.05123642958e-08	2.53244028467e-09	1.30448045805e-08
     9	9.05973947326e-09	2.17897453861e-09	1.12387140119e-08

Measurement: freq_ro0
  step	{80/t_ro0}
     1	12690203760.5
     2	15151515228.8
     3	17188023980.3
     4	8999528006.07
     5	10948879595.7
     6	12643018329.5
     7	6188237930.98
     8	7596750817.48
     9	8836435045.38

Measurement: freq_ro1
  step	{80/t_ro1}
     1	13697311364
     2	16056848996.7
     3	18022438943.3
     4	9942073588.37
     5	11857004425.5
     6	13514362143.8
     7	6954034003.98
     8	8361610161.5
     9	9588955387.12

Measurement: freq_ro2
  step	{80/t_ro2}
     1	14480028150.4
     2	16689547773.4
     3	18617661754.7
     4	10717798431.7
     5	12555091264.5
     6	14150541608.4
     7	7601914871.11
     8	8963647725.42
     9	10157209331.4

Measurement: freq_ro3
  step	{80/t_ro3}
     1	13513491914
     2	15821352277.2
     3	17832621764.9
     4	9797436566.92
     5	11672809136.5
     6	13312380687.2
     7	6836882849.88
     8	8207649838.4
     9	9416992907.52

Measurement: freq_ro4
  step	{80/t_ro4}
     1	12407720354.9
     2	14783607294.1
     3	16858197460.4
     4	8795053707.5
     5	10698401556
     6	12377136759.6
     7	6031165085.76
     8	7396481584.09
     9	8615347979.22

Measurement: freq_ro5
  step	{80/t_ro5}
     1	12619552373.1
     2	14997943180.7
     3	17043203620.2
     4	8999685628.3
     5	10897964271.4
     6	12565576953.7
     7	6202583281.9
     8	7570248809.16
     9	8786109615.36

Measurement: freq_ro6
  step	{80/t_ro6}
     1	14285715166.2
     2	16621259770.3
     3	18518543666
     4	10478164909
     5	12381647001.3
     6	14011624952.3
     7	7393440636.24
     8	8804449394.46
     9	10024978531.4

Measurement: freq_ro7
  step	{80/t_ro7}
     1	13290196019.5
     2	15624984982.5
     3	17638522030.6
     4	9623429259.94
     5	11522815747
     6	13172050529.5
     7	6713852442.53
     8	8098011528.68
     9	9315442753.24

Measurement: freq_ro8
  step	{80/t_ro8}
     1	13288807942.7
     2	15670096953.1
     3	17694118686.1
     4	9558532626.21
     5	11495762173.2
     6	13162974438.1
     7	6639539738.66
     8	8054653653.04
     9	9289999012.69

Measurement: freq_ro9
  step	{80/t_ro9}
     1	14196114490.5
     2	16475835237.5
     3	18403363366.7
     4	10416955483.4
     5	12286302367.1
     6	13902540088.3
     7	7344740330.09
     8	8722384950.11
     9	9927490575.23

Measurement: freq_ro10
  step	{80/t_ro10}
     1	12709107072.5
     2	15151486802.6
     3	17203681280.5
     4	9018031683.61
     5	10945963044.8
     6	12627498258.7
     7	6207008967.8
     8	7600143468.33
     9	8829618352.86

Measurement: freq_ro11
  step	{80/t_ro11}
     1	13095073439.3
     2	15457713326.1
     3	17475882750.2
     4	9420674918.2
     5	11330228915.1
     6	12991567652.7
     7	6542233311.74
     8	7930193954.34
     9	9152381288.27

Measurement: freq_ro12
  step	{80/t_ro12}
     1	12939997275.9
     2	15290642934.6
     3	17314753600.9
     4	9286201364.34
     5	11177314342
     6	12833841328.4
     7	6428526510.95
     8	7799552356.2
     9	9014647929.67

Measurement: freq_ro13
  step	{80/t_ro13}
     1	12499984866.9
     2	14912064181.1
     3	16961813651.8
     4	8861421418.54
     5	10777914593.7
     6	12457093568.1
     7	6087417552.23
     8	7467738722.17
     9	8692084688.39

Measurement: freq_ro14
  step	{80/t_ro14}
     1	13763790472
     2	16098968916.3
     3	18024165437.4
     4	10035438356
     5	11906209773
     6	13537521408
     7	7033980685.44
     8	8406489954.29
     9	9615313166.88

Measurement: freq_ro15
  step	{80/t_ro15}
     1	12992193941.2
     2	15354232764.1
     3	17367361540
     4	9299939894.74
     5	11190101259.6
     6	12847048562.5
     7	6430403363.57
     8	7798450701.09
     9	9012082958.2

Measurement: freq_ro16
  step	{80/t_ro16}
     1	12760214077.6
     2	15151514925.3
     3	17191438010.8
     4	9076815441.1
     5	10985890048.6
     6	12658514905.2
     7	6248348397.4
     8	7625437577.96
     9	8846947239.25

Measurement: freq_ro17
  step	{80/t_ro17}
     1	13403295074.9
     2	15735083613.3
     3	17740194021.9
     4	9668088656.68
     5	11563700327.3
     6	13211185617.7
     7	6735393285.03
     8	8119879623.5
     9	9336881427.61

Measurement: freq_ro18
  step	{80/t_ro18}
     1	12559251511.6
     2	15019365221.8
     3	17079875517.8
     4	8875451803.27
     5	10837157870.4
     6	12537274028.6
     7	6090869218.42
     8	7506383435.04
     9	8750030366.58

Measurement: freq_ro19
  step	{80/t_ro19}
     1	13412792989.1
     2	15758421504.5
     3	17763650127.3
     4	9684269496.91
     5	11582689614.7
     6	13238087602.2
     7	6737643989.78
     8	8120782430.69
     9	9341434040.37

Measurement: freq_ro20
  step	{80/t_ro20}
     1	12926479062
     2	15311845353.7
     3	17333768640
     4	9252190927.04
     5	11166297300.2
     6	12834361871.4
     7	6398380428.43
     8	7785480915.71
     9	9010156308.82

Measurement: freq_ro21
  step	{80/t_ro21}
     1	13333228909.7
     2	15671357651.3
     3	17714968222.9
     4	9599440077.23
     5	11508655173.1
     6	13166310843.1
     7	6672584632.33
     8	8065119543.7
     9	9289238714.22

Measurement: freq_ro22
  step	{80/t_ro22}
     1	13113847771.5
     2	15462076553.7
     3	17464280953.1
     4	9453159512.79
     5	11342531670.2
     6	12995900494
     7	6567195352.91
     8	7938825727.25
     9	9152671154.47

Measurement: freq_ro23
  step	{80/t_ro23}
     1	13393431955.3
     2	15734778458.2
     3	17746156671.1
     4	9671580224.72
     5	11567451626
     6	13220882018.8
     7	6733716804.69
     8	8115973753.4
     9	9335295552.1

Measurement: freq_ro24
  step	{80/t_ro24}
     1	13255415249.5
     2	15624994008.5
     3	17593127254.4
     4	9572956059.57
     5	11459205049.7
     6	13102637409.2
     7	6664597958.11
     8	8037932715.99
     9	9246059848.74

Measurement: freq_ro25
  step	{80/t_ro25}
     1	13052368789.3
     2	15427824521.7
     3	17452875480.4
     4	9321525648.59
     5	11233333073.3
     6	12900975385.2
     7	6444519137.26
     8	7830871143.85
     9	9055134997.2

Measurement: freq_ro26
  step	{80/t_ro26}
     1	14035184317.6
     2	16312625296.6
     3	18256977910.1
     4	10296162960.3
     5	12153534715.4
     6	13769572802.3
     7	7246003053.25
     8	8612477310.82
     9	9813252561.19

Measurement: freq_ro27
  step	{80/t_ro27}
     1	12899139616.7
     2	15254220116.3
     3	17241391155.3
     4	9213396458.79
     5	11099049548.7
     6	12753732124.5
     7	6362427891.32
     8	7724708756.47
     9	8934803942.11

Measurement: freq_ro28
  step	{80/t_ro28}
     1	13157683368.9
     2	15497393252.4
     3	17478262253.8
     4	9451493648.28
     5	11329492004.4
     6	12975303259.1
     7	6559668928.94
     8	7923019944.93
     9	9131811259.67

Measurement: freq_ro29
  step	{80/t_ro29}
     1	14006667498.8
     2	16293386937.5
     3	18245029411.1
     4	10262074059.2
     5	12127155786
     6	13748172933.1
     7	7214051772.82
     8	8585457679.61
     9	9789830131.5

Measurement: freq_ro30
  step	{80/t_ro30}
     1	13328516605.5
     2	15682589577.6
     3	17699894759.1
     4	9622223454.46
     5	11534738954.5
     6	13193384196.7
     7	6703549924.92
     8	8098326676.47
     9	9323055137.57

Measurement: freq_ro31
  step	{80/t_ro31}
     1	13157892339.3
     2	15508160471.3
     3	17525818298.6
     4	9456406638.85
     5	11353908522.6
     6	13011053661.4
     7	6556720005.71
     8	7934086814.89
     9	9152174524.48

Measurement: freq_ro32
  step	{80/t_ro32}
     1	12808030557.5
     2	15205415900.6
     3	17242040966.4
     4	9122834594.17
     5	11049152793.5
     6	12727585192.5
     7	6293291349.45
     8	7685013930.89
     9	8913647538.86

Measurement: freq_ro33
  step	{80/t_ro33}
     1	13502131514.1
     2	15832361036.9
     3	17834974581.3
     4	9755122586.49
     5	11652850672.9
     6	13305304300.9
     7	6805940496.84
     8	8193171237.34
     9	9413258092.6

Measurement: freq_ro34
  step	{80/t_ro34}
     1	12899544336.2
     2	15261668176
     3	17241371555.1
     4	9250898648.33
     5	11157010508.7
     6	12820534100.4
     7	6404669866.41
     8	7787218889.83
     9	9010131898.14

Measurement: freq_ro35
  step	{80/t_ro35}
     1	12820472373.9
     2	15209840762.8
     3	17241376072.1
     4	9119822243.58
     5	11039339166.7
     6	12715218573.7
     7	6284083687.67
     8	7671356583.46
     9	8897477086.43

Measurement: freq_ro36
  step	{80/t_ro36}
     1	12929352309.9
     2	15288316158
     3	17293909303.1
     4	9257697988.03
     5	11146980562.5
     6	12805258041.3
     7	6400183922.43
     8	7768540333
     9	8982006113.36

Measurement: freq_ro37
  step	{80/t_ro37}
     1	12639137523.7
     2	15054985556.3
     3	17117618194.9
     4	8967712574.53
     5	10900947283.7
     6	12587562303.9
     7	6173580690.15
     8	7567935057.64
     9	8799945922.77

Measurement: freq_ro38
  step	{80/t_ro38}
     1	12944526430.4
     2	15299139643
     3	17286972956.4
     4	9283420566.6
     5	11165366297
     6	12820252150.2
     7	6425468474.94
     8	7788477647.83
     9	8998324666.08

Measurement: freq_ro39
  step	{80/t_ro39}
     1	13434810365.9
     2	15752906639.3
     3	17744517365.3
     4	9727054561.45
     5	11607327658.4
     6	13247120410.2
     7	6783179603.42
     8	8156761373.08
     9	9367865808.14

Measurement: freq_ro40
  step	{80/t_ro40}
     1	13017118340.1
     2	15389436575.1
     3	17406677828.9
     4	9298642712.99
     5	11210437105.6
     6	12878599987.1
     7	6427268984.98
     8	7812304644.24
     9	9035563454.42

Measurement: freq_ro41
  step	{80/t_ro41}
     1	12611792719.3
     2	15018547299.7
     3	17085201635.6
     4	8944115441.88
     5	10863301700.8
     6	12543313751.2
     7	6142216124.9
     8	7522703999.27
     9	8748240146.39

Measurement: freq_ro42
  step	{80/t_ro42}
     1	13513512447.4
     2	15816673717.1
     3	17799751336.9
     4	9790214183.07
     5	11668644801.7
     6	13306773279
     7	6836972060.72
     8	8209385966.6
     9	9418989124.55

Measurement: freq_ro43
  step	{80/t_ro43}
     1	13972531958.3
     2	16229642556.2
     3	18177394678.6
     4	10240688644.4
     5	12088388544.3
     6	13700034022.7
     7	7205697034.67
     8	8564820924.51
     9	9762477361.16

Measurement: freq_ro44
  step	{80/t_ro44}
     1	14149203532
     2	16410825645.5
     3	18348505568.5
     4	10385804456
     5	12240655841.3
     6	13852568104.3
     7	7321684657.02
     8	8691155602.31
     9	9892568043.54

Measurement: freq_ro45
  step	{80/t_ro45}
     1	13829063631.5
     2	16129032017
     3	18080482354
     4	10136618523.4
     5	12011613345.3
     6	13640788604.8
     7	7129913431.7
     8	8508815417.1
     9	9718958084.63

Measurement: freq_ro46
  step	{80/t_ro46}
     1	13256168991.6
     2	15624967643.1
     3	17585288665.9
     4	9561021136.82
     5	11440745593.3
     6	13086092413.8
     7	6646518676.62
     8	8013681849.53
     9	9223868910.53

Measurement: freq_ro47
  step	{80/t_ro47}
     1	12726558352
     2	15126298862.5
     3	17143324346.6
     4	9090766657.87
     5	10990572747
     6	12658148891.7
     7	6277198387.66
     8	7648923740.94
     9	8867261759.57

Measurement: freq_ro48
  step	{80/t_ro48}
     1	12960210427.9
     2	15344796656.3
     3	17363623611
     4	9301519536.07
     5	11211526440.3
     6	12875361863.9
     7	6447187592.13
     8	7832172617.59
     9	9053119620.43

Measurement: freq_ro49
  step	{80/t_ro49}
     1	11789005050.3
     2	14235148746.2
     3	16303365886.6
     4	8226494713.31
     5	10145067287.2
     6	11838343356.9
     7	5586459550.65
     8	6949504036.98
     9	8168546747.06

Measurement: freq_ro50
  step	{80/t_ro50}
     1	13119212547.1
     2	15467754040.5
     3	17471873260.2
     4	9432795702.77
     5	11320789298.2
     6	12973968185.8
     7	6542099683.83
     8	7914239902.11
     9	9128900887.33

Measurement: freq_ro51
  step	{80/t_ro51}
     1	12723011154.4
     2	15151516572.3
     3	17241377532
     4	9021203308.89
     5	10957700721.5
     6	12640927467.2
     7	6208453829.84
     8	7604989722.35
     9	8833961529.68

Measurement: freq_ro52
  step	{80/t_ro52}
     1	12688646233.4
     2	15103012299.3
     3	17159596879.3
     4	9001617833.03
     5	10928514524.4
     6	12613715132.9
     7	6187047118.47
     8	7575729834.24
     9	8804554997.76

Measurement: freq_ro53
  step	{80/t_ro53}
     1	13724616129.2
     2	16030914957.8
     3	17985416512.3
     4	9993526041.76
     5	11867846937.6
     6	13499034139.2
     7	7006756690.74
     8	8382696623.47
     9	9592027597.32

Measurement: freq_ro54
  step	{80/t_ro54}
     1	13785001390.8
     2	16077901682.3
     3	18026411425.6
     4	10060600028.5
     5	11922213719.1
     6	13544427688
     7	7060034772.57
     8	8425653724.67
     9	9628995251.77

Measurement: freq_ro55
  step	{80/t_ro55}
     1	12805002930.3
     2	15187332571.5
     3	17241372955
     4	9169053094.19
     5	11096893909.7
     6	12775753046.8
     7	6342712859.39
     8	7740700740.19
     9	8972883225.25

Measurement: freq_ro56
  step	{80/t_ro56}
     1	13480086964
     2	15799762918.2
     3	17786087947.3
     4	9787722518.12
     5	11665681735.2
     6	13306317414.6
     7	6839793462.46
     8	8212687901.96
     9	9424652817.87

Measurement: freq_ro57
  step	{80/t_ro57}
     1	13713619858.5
     2	16041711099.3
     3	18000457683.9
     4	9959766202
     5	11854189259.7
     6	13494199961.9
     7	6969272269.12
     8	8356717975.12
     9	9570182139.19

Measurement: freq_ro58
  step	{80/t_ro58}
     1	12695081913.6
     2	15079799829.1
     3	17113998606.9
     4	9039502046.57
     5	10939489516.7
     6	12609306460.5
     7	6225624847.53
     8	7594989421.43
     9	8813042231.82

Measurement: freq_ro59
  step	{80/t_ro59}
     1	13453332860.9
     2	15768244383.7
     3	17745068599.4
     4	9737498485.24
     5	11606187470.8
     6	13241551641.3
     7	6787473052.82
     8	8149608500.87
     9	9355264462.71

Measurement: freq_ro60
  step	{80/t_ro60}
     1	13103914786.3
     2	15450742677.3
     3	17458311064.3
     4	9402448736.1
     5	11297772270.9
     6	12955150715.8
     7	6514261990.45
     8	7888919721.85
     9	9104716514.89

Measurement: freq_ro61
  step	{80/t_ro61}
     1	13012751104.5
     2	15397726634.6
     3	17434893708.3
     4	9297202362.06
     5	11221578158.8
     6	12898878793.6
     7	6427399091.16
     8	7822515349.7
     9	9053668355.7

Measurement: freq_ro62
  step	{80/t_ro62}
     1	13039266114.2
     2	15385462869.9
     3	17406868417.7
     4	9376431282.61
     5	11264124732.7
     6	12920021603.5
     7	6500423204.92
     8	7869610068.07
     9	9084216071.8

Measurement: freq_ro63
  step	{80/t_ro63}
     1	13784762749.2
     2	16095295154.9
     3	18050450688.1
     4	10035871327.4
     5	11914124692.2
     6	13545719178.3
     7	7035570400.23
     8	8413491234.84
     9	9623480814.9

Measurement: freq_ro64
  step	{80/t_ro64}
     1	13131326353
     2	15527612002.5
     3	17569795655.6
     4	9360456787.99
     5	11305729075.3
     6	12994403502.1
     7	6467832473.59
     8	7881919894.91
     9	9124680447.83

Measurement: freq_ro65
  step	{80/t_ro65}
     1	13245763266.5
     2	15607123926
     3	17607854844.7
     4	9594542215.34
     5	11502725708
     6	13157884066.8
     7	6687169652.73
     8	8081423826.73
     9	9309726103.76

Measurement: freq_ro66
  step	{80/t_ro66}
     1	11762891751.9
     2	14243512578.1
     3	16312720960.3
     4	8192694173.4
     5	10131549462.1
     6	11837222497.7
     7	5562016793.61
     8	6939177887.97
     9	8167159712.7

Measurement: freq_ro67
  step	{80/t_ro67}
     1	13096740157.4
     2	15429831911.8
     3	17425813901.6
     4	9415325830.31
     5	11290833792.5
     6	12936983979
     7	6530954476.83
     8	7891095446.96
     9	9098375486.43

Measurement: freq_ro68
  step	{80/t_ro68}
     1	12699297619.7
     2	15151455295.1
     3	17142591752.8
     4	9058867896.26
     5	10975601261.3
     6	12648977776.2
     7	6252399128.96
     8	7636271800.07
     9	8858476574.03

Measurement: freq_ro69
  step	{80/t_ro69}
     1	13801801665.2
     2	16103142545.5
     3	18058636945.9
     4	10107748482.9
     5	11987548611.1
     6	13614859107.1
     7	7117365157.53
     8	8501977868.07
     9	9712260158.02

Measurement: freq_ro70
  step	{80/t_ro70}
     1	13240588973.7
     2	15624972776.2
     3	17570796240.6
     4	9553379032.52
     5	11428819323
     6	13074500255.7
     7	6638097833.2
     8	8000943878.44
     9	9209842992.92

Measurement: freq_ro71
  step	{80/t_ro71}
     1	12652644359.6
     2	15043049489.4
     3	17071884199.2
     4	9033280325.03
     5	10933875941.4
     6	12602666101.5
     7	6230494576.95
     8	7601611212.13
     9	8819743231.64

Measurement: freq_ro72
  step	{80/t_ro72}
     1	13513513647.4
     2	15843784214.1
     3	17823533224.8
     4	9803951333.35
     5	11686282480.6
     6	13325070234.5
     7	6851715662.6
     8	8228734321.5
     9	9440678211.99

Measurement: freq_ro73
  step	{80/t_ro73}
     1	13033319525.1
     2	15378594018.7
     3	17389977028.4
     4	9372209993.37
     5	11254344353.2
     6	12905853687.4
     7	6498009096.85
     8	7863373540.16
     9	9075157663.96

Measurement: freq_ro74
  step	{80/t_ro74}
     1	12848201654.5
     2	15216687443.4
     3	17241390784.8
     4	9188289148.34
     5	11087018979.5
     6	12749648023
     7	6349290278.9
     8	7722731809.9
     9	8939619058.87

Measurement: freq_ro75
  step	{80/t_ro75}
     1	13619748632.2
     2	15947575637.4
     3	17931519510.8
     4	9874166010.13
     5	11766460910.3
     6	13413558931.2
     7	6892923234.26
     8	8276849506.8
     9	9495076001.65

Measurement: freq_ro76
  step	{80/t_ro76}
     1	13805856933.9
     2	16129032307.7
     3	18053667495.4
     4	10093586110.7
     5	11958368757.1
     6	13582450302.7
     7	7087196656.42
     8	8455522584.3
     9	9659833592.17

Measurement: freq_ro77
  step	{80/t_ro77}
     1	14397655199.3
     2	16666765544.6
     3	18581501033.7
     4	10594293094.6
     5	12466028751.3
     6	14079269722.8
     7	7484059601.54
     8	8869916162.76
     9	10076427810.3

Measurement: freq_ro78
  step	{80/t_ro78}
     1	13482121405.3
     2	15788298255.1
     3	17790107892
     4	9782526225.35
     5	11665601237.6
     6	13305485590.6
     7	6832055281.96
     8	8209032727.08
     9	9420866665.48

Measurement: freq_ro79
  step	{80/t_ro79}
     1	13513486288.6
     2	15836332684.3
     3	17857136757.3
     4	9780549482.55
     5	11670835733.9
     6	13318838565.5
     7	6820630420.95
     8	8201759169.28
     9	9418741913.66

Measurement: freq_ro80
  step	{80/t_ro80}
     1	13552799107.5
     2	15860896758.8
     3	17857000519.1
     4	9852606449.2
     5	11721506419.6
     6	13353364381.5
     7	6889784739.7
     8	8256795300.84
     9	9462643011.93

Measurement: freq_ro81
  step	{80/t_ro81}
     1	13513513333.1
     2	15843512403.4
     3	17856921668.5
     4	9804635008.38
     5	11694830124.4
     6	13335281355.4
     7	6855763301.51
     8	8235268191.02
     9	9447262801.48

Measurement: freq_ro82
  step	{80/t_ro82}
     1	13181551289.7
     2	15587995338.8
     3	17531125674
     4	9520116811.43
     5	11405092493.1
     6	13051569268.3
     7	6619972005.78
     8	7990887810.35
     9	9201294392.49

Measurement: freq_ro83
  step	{80/t_ro83}
     1	13700105140.7
     2	16019532630.7
     3	17980570774.9
     4	9954423001.81
     5	11833384773.2
     6	13470246242.9
     7	6958598263.85
     8	8333529784.95
     9	9543746819.17

Measurement: freq_ro84
  step	{80/t_ro84}
     1	13956570356.9
     2	16279449031.1
     3	18234748872.5
     4	10217799944.1
     5	12102921359.4
     6	13730479943.5
     7	7190790069.18
     8	8579326319.95
     9	9790398353.37

Measurement: freq_ro85
  step	{80/t_ro85}
     1	13318526661.3
     2	15651204571.3
     3	17649884003.8
     4	9605415763.61
     5	11492392681.5
     6	13140681353.7
     7	6679210438.71
     8	8053179232.35
     9	9266640853.53

Measurement: freq_ro86
  step	{80/t_ro86}
     1	13117055437.3
     2	15538891019.3
     3	17543985875.5
     4	9413121614.52
     5	11344186775.4
     6	13016555871.1
     7	6531595180.99
     8	7933898240.22
     9	9163167435.77

Measurement: freq_ro87
  step	{80/t_ro87}
     1	13342349215.6
     2	15624957930.3
     3	17641923560.5
     4	9683201298.33
     5	11555537599.3
     6	13192416037.6
     7	6761350189.12
     8	8127646331.11
     9	9335595732.81

Measurement: freq_ro88
  step	{80/t_ro88}
     1	13011936404
     2	15367095919.3
     3	17398372748.3
     4	9322490392.6
     5	11226399584.9
     6	12889481860.2
     7	6451666491.81
     8	7832694331.61
     9	9053285541.34

Measurement: freq_ro89
  step	{80/t_ro89}
     1	14123851257.9
     2	16386722269.3
     3	18318505706.3
     4	10396377413.4
     5	12255003114.4
     6	13866486058.6
     7	7346993892.36
     8	8721068024.9
     9	9922687165.62

Measurement: freq_ro90
  step	{80/t_ro90}
     1	13888893781.4
     2	16172229010.8
     3	18127703573.3
     4	10176799603.1
     5	12056576001.3
     6	13684443260.8
     7	7172662898.34
     8	8558340822.85
     9	9770394820.68

Measurement: freq_ro91
  step	{80/t_ro91}
     1	13608716374
     2	15918691540.3
     3	17873102184.3
     4	9891097301.65
     5	11754174485.1
     6	13383160368.6
     7	6914805358.22
     8	8276797491.37
     9	9480269919.11

Measurement: freq_ro92
  step	{80/t_ro92}
     1	12820188357.1
     2	15186732244.8
     3	17241377662.9
     4	9177375368.96
     5	11074594189.6
     6	12739424965
     7	6343377536.45
     8	7714905186.54
     9	8932575760.9

Measurement: freq_ro93
  step	{80/t_ro93}
     1	13157882958.6
     2	15525170050.8
     3	17535811360.8
     4	9466560330.53
     5	11354198862.9
     6	13006473326.6
     7	6565831520.41
     8	7936375665.55
     9	9150325437.39

Measurement: freq_ro94
  step	{80/t_ro94}
     1	12944727042.1
     2	15309636100.9
     3	17327752788.4
     4	9279467543.28
     5	11173599554.3
     6	12835278121.2
     7	6418066559.8
     8	7788871354.94
     9	9005200379.45

Measurement: freq_ro95
  step	{80/t_ro95}
     1	13157939304.3
     2	15518151617.4
     3	17512442822.1
     4	9481508841.13
     5	11379644868.6
     6	13035554738.8
     7	6588342920.3
     8	7969375339.41
     9	9187437510.91

Measurement: freq_ro96
  step	{80/t_ro96}
     1	14010305655.2
     2	16301195624.6
     3	18246231489.4
     4	10264635973.2
     5	12132198183.4
     6	13755108008.3
     7	7221822586.67
     8	8596555766.2
     9	9804025188.6

Measurement: freq_ro97
  step	{80/t_ro97}
     1	13023020359.1
     2	15363791296.7
     3	17387031696.6
     4	9348500383.59
     5	11235124860.6
     6	12890329439.3
     7	6475469848.2
     8	7842160581.94
     9	9055080169.89

Measurement: freq_ro98
  step	{80/t_ro98}
     1	13951965166.5
     2	16247048580.8
     3	18182133453
     4	10190483537.8
     5	12052572636.7
     6	13673789507.9
     7	7153600956.58
     8	8521678909.86
     9	9725436071.44

Measurement: freq_ro99
  step	{80/t_ro99}
     1	13633683217.8
     2	15948722333.5
     3	17898172214.9
     4	9896454887.95
     5	11775038206.7
     6	13409174136.8
     7	6921390521.73
     8	8297702125.22
     9	9507867315.06

Measurement: freq_ro100
  step	{80/t_ro100}
     1	14023236642
     2	16311714350.1
     3	18267961553.7
     4	10288816588.8
     5	12162798814.3
     6	13789400605.7
     7	7246102171.28
     8	8627303129.62
     9	9838492752.63

Measurement: freq_ro101
  step	{80/t_ro101}
     1	13567656517.7
     2	15934674338.6
     3	17926943655
     4	9820494467.17
     5	11742684850.3
     6	13404295432.9
     7	6852118020.26
     8	8259453250.5
     9	9489533372.75

Measurement: freq_ro102
  step	{80/t_ro102}
     1	12858213907.3
     2	15207286968.3
     3	17241373987.2
     4	9207758185.95
     5	11103514126.8
     6	12763330967.3
     7	6366517881.19
     8	7738121676.74
     9	8953771061.51

Measurement: freq_ro103
  step	{80/t_ro103}
     1	13218935221.8
     2	15584355460
     3	17592618811.5
     4	9519096678.73
     5	11433154030.7
     6	13096321980.2
     7	6616612814.5
     8	8012243802.81
     9	9239039950.68

Measurement: freq_ro104
  step	{80/t_ro104}
     1	12306799272.5
     2	14710187724.9
     3	16805955920.6
     4	8701653579.71
     5	10638437723
     6	12324628009.5
     7	5964559229.46
     8	7350200247.52
     9	8578740842.69

Measurement: freq_ro105
  step	{80/t_ro105}
     1	13684705070
     2	15993602046.3
     3	17954591879.9
     4	9965763794.95
     5	11837737478.5
     6	13472140802.9
     7	6976213919.61
     8	8346749873.74
     9	9555360933.96

Measurement: freq_ro106
  step	{80/t_ro106}
     1	13907730517.7
     2	16186841199.3
     3	18159802288.1
     4	10159099331.1
     5	12032062341.7
     6	13658274216.4
     7	7131870374.45
     8	8509208145.66
     9	9717458316.4

Measurement: freq_ro107
  step	{80/t_ro107}
     1	13303223032.5
     2	15624964585.4
     3	17614028985.2
     4	9624626060.78
     5	11494940530.8
     6	13137498028.2
     7	6700172993.98
     8	8060425107.19
     9	9267491296.94

Measurement: freq_ro108
  step	{80/t_ro108}
     1	13423711668.2
     2	15733270470.7
     3	17735245399.6
     4	9699760070.17
     5	11583541938.5
     6	13224572420.1
     7	6762288775.67
     8	8136433532.93
     9	9347407910.72

Measurement: freq_ro109
  step	{80/t_ro109}
     1	13800764844.3
     2	16129032102.2
     3	18034015933.5
     4	10069687759.8
     5	11926276603.8
     6	13546336404
     7	7064255289.66
     8	8426006146.39
     9	9626456656.88

Measurement: freq_ro110
  step	{80/t_ro110}
     1	13284740642.6
     2	15667854988.1
     3	17695444090.8
     4	9567340034.91
     5	11503438373.1
     6	13174505164.1
     7	6652989295.87
     8	8068757647.44
     9	9305734379.34

Measurement: freq_ro111
  step	{80/t_ro111}
     1	13296409100.4
     2	15624991559.4
     3	17661216448.8
     4	9572855200.52
     5	11474578823.8
     6	13129762155.9
     7	6654496167.7
     8	8039992803.79
     9	9259816273.44

Measurement: freq_ro112
  step	{80/t_ro112}
     1	13513515746.5
     2	15833144368.3
     3	17818834333.6
     4	9851763441.84
     5	11733185895.7
     6	13372267092.6
     7	6898869976.89
     8	8276740343.29
     9	9489932046.81

Measurement: freq_ro113
  step	{80/t_ro113}
     1	13667736840
     2	15988723295.1
     3	17946821455.8
     4	9948103220.79
     5	11830573458.4
     6	13470775461.8
     7	6964190585.46
     8	8343591574.49
     9	9557533999.21

Measurement: freq_ro114
  step	{80/t_ro114}
     1	13401649465.2
     2	15750028060.2
     3	17751766029.2
     4	9658169213.03
     5	11561438739.9
     6	13216630470
     7	6718855104.53
     8	8107568977.43
     9	9329222121.59

Measurement: freq_ro115
  step	{80/t_ro115}
     1	13099470636.5
     2	15461451945.4
     3	17483546648.8
     4	9433908372.8
     5	11359750249.7
     6	13027016870
     7	6561307644
     8	7963392322.86
     9	9194169571.47

Measurement: freq_ro116
  step	{80/t_ro116}
     1	13888881436.2
     2	16195953168.9
     3	18140359294.7
     4	10197075775.3
     5	12048529718.3
     6	13662055694.7
     7	7174074615.77
     8	8536063653.6
     9	9734886121.61

Measurement: freq_ro117
  step	{80/t_ro117}
     1	13347964675.9
     2	15677550788
     3	17675603162.2
     4	9643374708.89
     5	11528720216.9
     6	13174099910.8
     7	6713858904.59
     8	8087904001.84
     9	9300534178.45

Measurement: freq_ro118
  step	{80/t_ro118}
     1	13579249017.9
     2	15892731842.7
     3	17857118650.9
     4	9861239880.53
     5	11730628839.6
     6	13362553121.8
     7	6891462509.95
     8	8257846236.77
     9	9463786731.05

Measurement: freq_ro119
  step	{80/t_ro119}
     1	13713606124
     2	16057801355.2
     3	17995640541.2
     4	9979719993.45
     5	11863950091.8
     6	13501375484.5
     7	6989029933.88
     8	8370083696.58
     9	9582026431.24

Measurement: freq_ro120
  step	{80/t_ro120}
     1	14535717385.2
     2	16754936365.6
     3	18677739709.6
     4	10769695638.8
     5	12610665449.9
     6	14207716973.9
     7	7642617542.16
     8	9008154435.67
     9	10203940344.6

Measurement: freq_ro121
  step	{80/t_ro121}
     1	14022116112.5
     2	16296975461.9
     3	18247586839.6
     4	10268832557.8
     5	12132226606.2
     6	13751922478.8
     7	7224488348.44
     8	8596265665.5
     9	9801716724.86

Measurement: freq_ro122
  step	{80/t_ro122}
     1	13513520894.7
     2	15837397963.6
     3	17829022464.6
     4	9848251450.31
     5	11722327509
     6	13361264130.3
     7	6889005249.51
     8	8260228244.25
     9	9471682857.25

Measurement: freq_ro123
  step	{80/t_ro123}
     1	13006600502.6
     2	15409866208.8
     3	17437512947.5
     4	9270674828.1
     5	11198347779.5
     6	12873769600.1
     7	6402896136.06
     8	7799678505.09
     9	9029108541.2

Measurement: freq_ro124
  step	{80/t_ro124}
     1	12877302697.1
     2	15237605886.5
     3	17241408103.5
     4	9225112900.22
     5	11111268816.5
     6	12767351945.5
     7	6378176890.49
     8	7741864045.87
     9	8952887640.64

Measurement: freq_ro125
  step	{80/t_ro125}
     1	13097919760.8
     2	15495552898.7
     3	17536767046.4
     4	9336195093.97
     5	11281688489.4
     6	12969063070.3
     7	6450706457.34
     8	7863703668.62
     9	9104684950.2

Measurement: freq_ro126
  step	{80/t_ro126}
     1	13232839544
     2	15604868170.6
     3	17607007860
     4	9516554890.06
     5	11424273081.8
     6	13086835777
     7	6608213270.65
     8	7996532236.58
     9	9220164788.34

Measurement: freq_ro127
  step	{80/t_ro127}
     1	12638633469.6
     2	15027008497.4
     3	17071339687.8
     4	9034820242.01
     5	10939960597.1
     6	12611075530.4
     7	6234796595.93
     8	7610086346.78
     9	8830275995.92

Measurement: edge100_ro0
  step	V(ro0_out)={VTHRESH} 
     1	7.82169357622e-09
     2	6.55039559708e-09
     3	5.77380015989e-09
     4	1.10309521237e-08
     5	9.06547837798e-09
     6	7.85000686288e-09
     7	1.60437373289e-08
     8	1.30668651673e-08
     9	1.12326073484e-08

Measurement: edge100_ro1
  step	V(ro1_out)={VTHRESH} 
     1	7.18468156401e-09
     2	6.18455836658e-09
     3	5.50768400772e-09
     4	9.91051791202e-09
     5	8.2960141664e-09
     6	7.34899787323e-09
     7	1.41773153169e-08
     8	1.17708202118e-08
     9	1.03607194386e-08

Measurement: edge100_ro2
  step	V(ro2_out)={VTHRESH} 
     1	6.85532067156e-09
     2	5.94564574936e-09
     3	5.32863034046e-09
     4	9.26315826554e-09
     5	7.90537429004e-09
     6	7.01242461843e-09
     7	1.30609098865e-08
     8	1.10740201276e-08
     9	9.77080544004e-09

Measurement: edge100_ro3
  step	V(ro3_out)={VTHRESH} 
     1	7.34246463417e-09
     2	6.26896587622e-09
     3	5.56093496547e-09
     4	1.01269744196e-08
     5	8.49769731423e-09
     6	7.44951161548e-09
     7	1.45128834489e-08
     8	1.20857941801e-08
     9	1.05315447515e-08

Measurement: edge100_ro4
  step	V(ro4_out)={VTHRESH} 
     1	7.99610266151e-09
     2	6.70967609963e-09
     3	5.88315879579e-09
     4	1.1280966751e-08
     5	9.27247163414e-09
     6	8.01370335598e-09
     7	1.64508241812e-08
     8	1.34121369443e-08
     9	1.15130589443e-08

Measurement: edge100_ro5
  step	V(ro5_out)={VTHRESH} 
     1	7.86988230901e-09
     2	6.61984268371e-09
     3	5.82385501661e-09
     4	1.10378987018e-08
     5	9.11223152655e-09
     6	7.90108197203e-09
     7	1.60170675993e-08
     8	1.31192772037e-08
     9	1.13014028146e-08

Measurement: edge100_ro6
  step	V(ro6_out)={VTHRESH} 
     1	6.94293945816e-09
     2	5.96696825785e-09
     3	5.35412925782e-09
     4	9.46635244514e-09
     5	8.00985015374e-09
     6	7.07735844414e-09
     7	1.34158428604e-08
     8	1.12644001827e-08
     9	9.89200841802e-09

Measurement: edge100_ro7
  step	V(ro7_out)={VTHRESH} 
     1	7.46561078981e-09
     2	6.34815244202e-09
     3	5.62235306448e-09
     4	1.03114691688e-08
     5	8.60963280134e-09
     6	7.53013013227e-09
     7	1.47812778261e-08
     8	1.22520196023e-08
     9	1.06489100524e-08

Measurement: edge100_ro8
  step	V(ro8_out)={VTHRESH} 
     1	7.465576854e-09
     2	6.32936423095e-09
     3	5.60387315106e-09
     4	1.03795591386e-08
     5	8.62812434041e-09
     6	7.53299954996e-09
     7	1.49428863308e-08
     8	1.23145944175e-08
     9	1.06748797155e-08

Measurement: edge100_ro9
  step	V(ro9_out)={VTHRESH} 
     1	6.98586438237e-09
     2	6.01745609854e-09
     3	5.38643276408e-09
     4	9.51982641779e-09
     5	8.07001141267e-09
     6	7.13043339221e-09
     7	1.35031352631e-08
     8	1.13675864988e-08
     9	9.98582065671e-09

Measurement: edge100_ro10
  step	V(ro10_out)={VTHRESH} 
     1	7.80616995167e-09
     2	6.54609902868e-09
     3	5.76418794102e-09
     4	1.10014330773e-08
     5	9.0615801288e-09
     6	7.85375431029e-09
     7	1.59833859629e-08
     8	1.30508221763e-08
     9	1.12323540389e-08

Measurement: edge100_ro11
  step	V(ro11_out)={VTHRESH} 
     1	7.57912428964e-09
     2	6.41850201387e-09
     3	5.67599489568e-09
     4	1.05362862495e-08
     5	8.75809028801e-09
     6	7.6362743341e-09
     7	1.51729687698e-08
     8	1.25138984409e-08
     9	1.08406956752e-08

Measurement: edge100_ro12
  step	V(ro12_out)={VTHRESH} 
     1	7.67401739714e-09
     2	6.49089695722e-09
     3	5.73082613305e-09
     4	1.06968561281e-08
     5	8.88231188811e-09
     6	7.73388582774e-09
     7	1.54543603191e-08
     8	1.27310120466e-08
     9	1.10120470742e-08

Measurement: edge100_ro13
  step	V(ro13_out)={VTHRESH} 
     1	7.93700659251e-09
     2	6.65022788071e-09
     3	5.84503839355e-09
     4	1.11975403061e-08
     5	9.20205927815e-09
     6	7.95953998867e-09
     7	1.62998307832e-08
     8	1.32812852667e-08
     9	1.14076573424e-08

Measurement: edge100_ro14
  step	V(ro14_out)={VTHRESH} 
     1	7.20948041629e-09
     2	6.16260980947e-09
     3	5.50380404702e-09
     4	9.88920791316e-09
     5	8.33376205001e-09
     6	7.32910076835e-09
     7	1.41100242531e-08
     8	1.18048556735e-08
     9	1.03200835817e-08

Measurement: edge100_ro15
  step	V(ro15_out)={VTHRESH} 
     1	7.63986285647e-09
     2	6.46313172817e-09
     3	5.7131557674e-09
     4	1.06748490061e-08
     5	8.86997657695e-09
     6	7.72502826308e-09
     7	1.5440285964e-08
     8	1.27292523339e-08
     9	1.10137584725e-08

Measurement: edge100_ro16
  step	V(ro16_out)={VTHRESH} 
     1	7.77178498709e-09
     2	6.54308569413e-09
     3	5.76619453148e-09
     4	1.09254563813e-08
     5	9.02490024023e-09
     6	7.83124084286e-09
     7	1.5870423226e-08
     8	1.30017153755e-08
     9	1.12049830865e-08

Measurement: edge100_ro17
  step	V(ro17_out)={VTHRESH} 
     1	7.39281327769e-09
     2	6.29840174897e-09
     3	5.58680139947e-09
     4	1.02391827772e-08
     5	8.56824701218e-09
     6	7.5006496784e-09
     7	1.46849256231e-08
     8	1.21979345218e-08
     9	1.06103795504e-08

Measurement: edge100_ro18
  step	V(ro18_out)={VTHRESH} 
     1	7.89786003612e-09
     2	6.60230190558e-09
     3	5.80409847395e-09
     4	1.11757085364e-08
     5	9.15046451552e-09
     6	7.90796663557e-09
     7	1.62843593691e-08
     8	1.32110069792e-08
     9	1.13312913009e-08

Measurement: edge100_ro19
  step	V(ro19_out)={VTHRESH} 
     1	7.39742692178e-09
     2	6.29568458336e-09
     3	5.58475177476e-09
     4	1.02461347516e-08
     5	8.56622722935e-09
     6	7.49468988442e-09
     7	1.47276360399e-08
     8	1.22186589036e-08
     9	1.06217876255e-08

Measurement: edge100_ro20
  step	V(ro20_out)={VTHRESH} 
     1	7.67074262131e-09
     2	6.4741782519e-09
     3	5.71814617656e-09
     4	1.07166520676e-08
     5	8.87751802719e-09
     6	7.72290588171e-09
     7	1.54958591462e-08
     8	1.2731981338e-08
     9	1.09996753381e-08

Measurement: edge100_ro21
  step	V(ro21_out)={VTHRESH} 
     1	7.44002138006e-09
     2	6.32822121986e-09
     3	5.59653270609e-09
     4	1.03340821205e-08
     5	8.61765381804e-09
     6	7.5308489979e-09
     7	1.48670205599e-08
     8	1.22972419158e-08
     9	1.06751232473e-08

Measurement: edge100_ro22
  step	V(ro22_out)={VTHRESH} 
     1	7.5710988217e-09
     2	6.41986919964e-09
     3	5.68326562433e-09
     4	1.05055213174e-08
     5	8.75401304218e-09
     6	7.63928309089e-09
     7	1.51252433911e-08
     8	1.25095530848e-08
     9	1.08490242119e-08

Measurement: edge100_ro23
  step	V(ro23_out)={VTHRESH} 
     1	7.4075733023e-09
     2	6.30285911995e-09
     3	5.58642703457e-09
     4	1.02590342743e-08
     5	8.57452738454e-09
     6	7.49987203389e-09
     7	1.47352012849e-08
     8	1.22217907045e-08
     9	1.0622616065e-08

Measurement: edge100_ro24
  step	V(ro24_out)={VTHRESH} 
     1	7.49078226848e-09
     2	6.35324383752e-09
     3	5.64030086023e-09
     4	1.03758159242e-08
     5	8.66461510909e-09
     6	7.5758086065e-09
     7	1.49066072845e-08
     8	1.23553017234e-08
     9	1.07382044604e-08

Measurement: edge100_ro25
  step	V(ro25_out)={VTHRESH} 
     1	7.60298639458e-09
     2	6.43070846272e-09
     3	5.68352041976e-09
     4	1.06467271812e-08
     5	8.83265969223e-09
     6	7.68972942026e-09
     7	1.5400096234e-08
     8	1.26709546979e-08
     9	1.09561881017e-08

Measurement: edge100_ro26
  step	V(ro26_out)={VTHRESH} 
     1	7.07187036915e-09
     2	6.08374463376e-09
     3	5.43539229211e-09
     4	9.64181617824e-09
     5	8.16736943134e-09
     6	7.20815886708e-09
     7	1.37023099438e-08
     8	1.15271374925e-08
     9	1.01158557804e-08

Measurement: edge100_ro27
  step	V(ro27_out)={VTHRESH} 
     1	7.69731461218e-09
     2	6.50611197993e-09
     3	5.75334659257e-09
     4	1.07789414063e-08
     5	8.94411016863e-09
     6	7.78122840983e-09
     7	1.56106451726e-08
     8	1.28529273441e-08
     9	1.11092714253e-08

Measurement: edge100_ro28
  step	V(ro28_out)={VTHRESH} 
     1	7.53960677624e-09
     2	6.39968828081e-09
     3	5.67350334071e-09
     4	1.04957899481e-08
     5	8.75442270443e-09
     6	7.64297128894e-09
     7	1.5122875352e-08
     8	1.25184822479e-08
     9	1.0860063383e-08

Measurement: edge100_ro29
  step	V(ro29_out)={VTHRESH} 
     1	7.08615914321e-09
     2	6.09068138091e-09
     3	5.43840098118e-09
     4	9.67365664927e-09
     5	8.18450208812e-09
     6	7.21849371652e-09
     7	1.376233281e-08
     8	1.15621123448e-08
     9	1.01383674578e-08

Measurement: edge100_ro30
  step	V(ro30_out)={VTHRESH} 
     1	7.44371206342e-09
     2	6.32604116235e-09
     3	5.60582967244e-09
     4	1.03115594529e-08
     5	8.60183757379e-09
     6	7.52115372101e-09
     7	1.48024790969e-08
     8	1.22526997146e-08
     9	1.06441166201e-08

Measurement: edge100_ro31
  step	V(ro31_out)={VTHRESH} 
     1	7.544380854e-09
     2	6.39940759933e-09
     3	5.66170216398e-09
     4	1.0498658226e-08
     5	8.74227198093e-09
     6	7.62736022897e-09
     7	1.51426432177e-08
     8	1.25112973077e-08
     9	1.0844369546e-08

Measurement: edge100_ro32
  step	V(ro32_out)={VTHRESH} 
     1	7.74528613897e-09
     2	6.52221536203e-09
     3	5.75035190457e-09
     4	1.0874028033e-08
     5	8.97634952564e-09
     6	7.79159540183e-09
     7	1.57631109232e-08
     8	1.29058574359e-08
     9	1.11255658421e-08

Measurement: edge100_ro33
  step	V(ro33_out)={VTHRESH} 
     1	7.35703565098e-09
     2	6.27165764476e-09
     3	5.56565886708e-09
     4	1.01849026319e-08
     5	8.52351368139e-09
     6	7.46268213596e-09
     7	1.45999826053e-08
     8	1.2124057543e-08
     9	1.05501541272e-08

Measurement: edge100_ro34
  step	V(ro34_out)={VTHRESH} 
     1	7.69129026499e-09
     2	6.49716037441e-09
     3	5.74804702372e-09
     4	1.07261587609e-08
     5	8.88888753779e-09
     6	7.73250477151e-09
     7	1.54934869434e-08
     8	1.27364057012e-08
     9	1.10037521555e-08

Measurement: edge100_ro35
  step	V(ro35_out)={VTHRESH} 
     1	7.7358093669e-09
     2	6.51781060263e-09
     3	5.74863534991e-09
     4	1.08737327203e-08
     5	8.98004791986e-09
     6	7.79524729007e-09
     7	1.57789700414e-08
     8	1.29216355124e-08
     9	1.11392393331e-08

Measurement: edge100_ro36
  step	V(ro36_out)={VTHRESH} 
     1	7.68337519064e-09
     2	6.49388208932e-09
     3	5.73896486094e-09
     4	1.07345681266e-08
     5	8.90958632372e-09
     6	7.75306392654e-09
     7	1.55289541939e-08
     8	1.2786325597e-08
     9	1.10552747676e-08

Measurement: edge100_ro37
  step	V(ro37_out)={VTHRESH} 
     1	7.84733963726e-09
     2	6.58518611076e-09
     3	5.79017062057e-09
     4	1.10606993703e-08
     5	9.09523540598e-09
     6	7.87422637002e-09
     7	1.60663429727e-08
     8	1.31009781906e-08
     9	1.12635624137e-08

Measurement: edge100_ro38
  step	V(ro38_out)={VTHRESH} 
     1	7.67690960867e-09
     2	6.4896602656e-09
     3	5.74077951577e-09
     4	1.0708848352e-08
     5	8.8961271562e-09
     6	7.744320899e-09
     7	1.54742348085e-08
     8	1.27559271201e-08
     9	1.10358849301e-08

Measurement: edge100_ro39
  step	V(ro39_out)={VTHRESH} 
     1	7.3851812302e-09
     2	6.2950221492e-09
     3	5.58645541568e-09
     4	1.02028942987e-08
     5	8.54545005575e-09
     6	7.48501057996e-09
     7	1.46332233164e-08
     8	1.21625243871e-08
     9	1.05870925993e-08

Measurement: edge100_ro40
  step	V(ro40_out)={VTHRESH} 
     1	7.62054816734e-09
     2	6.44372888773e-09
     3	5.69562375455e-09
     4	1.06685217211e-08
     5	8.84642101616e-09
     6	7.69881212213e-09
     7	1.54343779294e-08
     8	1.26943150779e-08
     9	1.09735504479e-08

Measurement: edge100_ro41
  step	V(ro41_out)={VTHRESH} 
     1	7.86554495484e-09
     2	6.60383927729e-09
     3	5.80408726193e-09
     4	1.10913069824e-08
     5	9.1305465219e-09
     6	7.90617518562e-09
     7	1.61506075326e-08
     8	1.31846529624e-08
     9	1.1335996611e-08

Measurement: edge100_ro42
  step	V(ro42_out)={VTHRESH} 
     1	7.33924888078e-09
     2	6.26902231318e-09
     3	5.57003573165e-09
     4	1.01303579004e-08
     5	8.49757530062e-09
     6	7.45067805355e-09
     7	1.45058749332e-08
     8	1.20779038607e-08
     9	1.05256385217e-08

Measurement: edge100_ro43
  step	V(ro43_out)={VTHRESH} 
     1	7.10971074428e-09
     2	6.11827810775e-09
     3	5.46151943479e-09
     4	9.70345652028e-09
     5	8.21661433637e-09
     6	7.24825590803e-09
     7	1.37923196556e-08
     8	1.15987871762e-08
     9	1.01734361267e-08

Measurement: edge100_ro44
  step	V(ro44_out)={VTHRESH} 
     1	7.01126587682e-09
     2	6.04277865796e-09
     3	5.40385495104e-09
     4	9.55290298116e-09
     5	8.10231677915e-09
     6	7.15822961131e-09
     7	1.35509076676e-08
     8	1.14116546554e-08
     9	1.00239518104e-08

Measurement: edge100_ro45
  step	V(ro45_out)={VTHRESH} 
     1	7.17512041008e-09
     2	6.15099162121e-09
     3	5.48591927804e-09
     4	9.79003796014e-09
     5	8.26002510589e-09
     6	7.27224858778e-09
     7	1.39194108077e-08
     8	1.16613157625e-08
     9	1.02076566108e-08

Measurement: edge100_ro46
  step	V(ro46_out)={VTHRESH} 
     1	7.48343312675e-09
     2	6.34722384954e-09
     3	5.63889927571e-09
     4	1.03758422899e-08
     5	8.66936483918e-09
     6	7.57818558245e-09
     7	1.49256371841e-08
     8	1.23770205138e-08
     9	1.07516019724e-08

Measurement: edge100_ro47
  step	V(ro47_out)={VTHRESH} 
     1	7.80139151486e-09
     2	6.56148328757e-09
     3	5.78776498025e-09
     4	1.0924035023e-08
     5	9.03194919284e-09
     6	7.84004758096e-09
     7	1.58208068355e-08
     8	1.29790217777e-08
     9	1.11932780874e-08

Measurement: edge100_ro48
  step	V(ro48_out)={VTHRESH} 
     1	7.65398652234e-09
     2	6.46148422395e-09
     3	5.70889413556e-09
     4	1.06658269766e-08
     5	8.84429612273e-09
     6	7.69913509908e-09
     7	1.53877406337e-08
     8	1.26604799879e-08
     9	1.09497272802e-08

Measurement: edge100_ro49
  step	V(ro49_out)={VTHRESH} 
     1	8.41554336682e-09
     2	6.96654863785e-09
     3	6.08129964712e-09
     4	1.20604639957e-08
     5	9.77538177093e-09
     6	8.37506963497e-09
     7	1.7759109096e-08
     8	1.42701857172e-08
     9	1.21375026786e-08

Measurement: edge100_ro50
  step	V(ro50_out)={VTHRESH} 
     1	7.56874971725e-09
     2	6.41735288938e-09
     3	5.67997266808e-09
     4	1.05294211632e-08
     5	8.76958230552e-09
     6	7.65049696512e-09
     7	1.5182396785e-08
     8	1.25453829342e-08
     9	1.08739692135e-08

Measurement: edge100_ro51
  step	V(ro51_out)={VTHRESH} 
     1	7.79991122054e-09
     2	6.54735513679e-09
     3	5.75435698201e-09
     4	1.10015166285e-08
     5	9.05528964632e-09
     6	7.84790645546e-09
     7	1.59867415746e-08
     8	1.30484679941e-08
     9	1.12312491261e-08

Measurement: edge100_ro52
  step	V(ro52_out)={VTHRESH} 
     1	7.81973393487e-09
     2	6.56782563444e-09
     3	5.77899965957e-09
     4	1.10236814255e-08
     5	9.0777964186e-09
     6	7.86287974449e-09
     7	1.60390076551e-08
     8	1.30961505245e-08
     9	1.12660448225e-08

Measurement: edge100_ro53
  step	V(ro53_out)={VTHRESH} 
     1	7.23213991589e-09
     2	6.18898751159e-09
     3	5.51483684312e-09
     4	9.93422734615e-09
     5	8.36156670653e-09
     6	7.34928666008e-09
     7	1.41700894029e-08
     8	1.18394990631e-08
     9	1.03443820593e-08

Measurement: edge100_ro54
  step	V(ro54_out)={VTHRESH} 
     1	7.19190324417e-09
     2	6.16494363538e-09
     3	5.49818236147e-09
     4	9.85412343359e-09
     5	8.31393416304e-09
     6	7.31739250707e-09
     7	1.4041803217e-08
     8	1.17638108954e-08
     9	1.02927317983e-08

Measurement: edge100_ro55
  step	V(ro55_out)={VTHRESH} 
     1	7.7430609647e-09
     2	6.52573573715e-09
     3	5.7479438544e-09
     4	1.08135933256e-08
     5	8.9317380217e-09
     6	7.75623275517e-09
     7	1.56312306467e-08
     8	1.28039832336e-08
     9	1.10431775952e-08

Measurement: edge100_ro56
  step	V(ro56_out)={VTHRESH} 
     1	7.35684574356e-09
     2	6.2739459961e-09
     3	5.57258763572e-09
     4	1.01331276558e-08
     5	8.49784380379e-09
     6	7.44856555624e-09
     7	1.44997599838e-08
     8	1.20703816542e-08
     9	1.05159414942e-08

Measurement: edge100_ro57
  step	V(ro57_out)={VTHRESH} 
     1	7.2320729306e-09
     2	6.18097191303e-09
     3	5.50744013952e-09
     4	9.95812037861e-09
     5	8.36485855212e-09
     6	7.346934342e-09
     7	1.42310001214e-08
     8	1.18657367233e-08
     9	1.03594287996e-08

Measurement: edge100_ro58
  step	V(ro58_out)={VTHRESH} 
     1	7.81547608934e-09
     2	6.57711044595e-09
     3	5.79377374806e-09
     4	1.09771005795e-08
     5	9.06727321393e-09
     6	7.86433066721e-09
     7	1.59385395501e-08
     8	1.30605055783e-08
     9	1.1252579763e-08

Measurement: edge100_ro59
  step	V(ro59_out)={VTHRESH} 
     1	7.37092756983e-09
     2	6.28701192382e-09
     3	5.58600075773e-09
     4	1.01836430503e-08
     5	8.54161990122e-09
     6	7.48553036876e-09
     7	1.46091010025e-08
     8	1.21641337639e-08
     9	1.05948819777e-08

Measurement: edge100_ro60
  step	V(ro60_out)={VTHRESH} 
     1	7.57159064858e-09
     2	6.41982543852e-09
     3	5.68021205247e-09
     4	1.05529443253e-08
     5	8.7806797457e-09
     6	7.65581233505e-09
     7	1.52320457836e-08
     8	1.25754168057e-08
     9	1.08943627273e-08

Measurement: edge100_ro61
  step	V(ro61_out)={VTHRESH} 
     1	7.61954382872e-09
     2	6.43829445965e-09
     3	5.68540923423e-09
     4	1.06642160283e-08
     5	8.83409886441e-09
     6	7.68467049071e-09
     7	1.54247972248e-08
     8	1.2672158155e-08
     9	1.09479612609e-08

Measurement: edge100_ro62
  step	V(ro62_out)={VTHRESH} 
     1	7.60568768018e-09
     2	6.44374996163e-09
     3	5.69458525498e-09
     4	1.0577150662e-08
     5	8.80175726654e-09
     6	7.67231645104e-09
     7	1.52564496699e-08
     8	1.25982778845e-08
     9	1.09120229403e-08

Measurement: edge100_ro63
  step	V(ro63_out)={VTHRESH} 
     1	7.19609579799e-09
     2	6.16097841367e-09
     3	5.49208463556e-09
     4	9.8851805108e-09
     5	8.32366447539e-09
     6	7.31930367309e-09
     7	1.41009157285e-08
     8	1.17873125986e-08
     9	1.03026892785e-08

Measurement: edge100_ro64
  step	V(ro64_out)={VTHRESH} 
     1	7.56225267229e-09
     2	6.39307932299e-09
     3	5.64886315507e-09
     4	1.06103534179e-08
     5	8.78240083377e-09
     6	7.63954571186e-09
     7	1.53572401779e-08
     8	1.25990498885e-08
     9	1.08811858241e-08

Measurement: edge100_ro65
  step	V(ro65_out)={VTHRESH} 
     1	7.46883414752e-09
     2	6.34720005632e-09
     3	5.62581335125e-09
     4	1.03029319803e-08
     5	8.60895123618e-09
     6	7.52755046634e-09
     7	1.47803350696e-08
     8	1.22468448154e-08
     9	1.06362182352e-08

Measurement: edge100_ro66
  step	V(ro66_out)={VTHRESH} 
     1	8.43528819648e-09
     2	6.96376405514e-09
     3	6.07890686116e-09
     4	1.21118061089e-08
     5	9.79101913853e-09
     6	8.37821743521e-09
     7	1.78399289932e-08
     8	1.4295499827e-08
     9	1.21435301108e-08

Measurement: edge100_ro67
  step	V(ro67_out)={VTHRESH} 
     1	7.57517422662e-09
     2	6.42787164448e-09
     3	5.69115288962e-09
     4	1.05370189339e-08
     5	8.78488829155e-09
     6	7.66606304018e-09
     7	1.51906359915e-08
     8	1.2569750204e-08
     9	1.09006656292e-08

Measurement: edge100_ro68
  step	V(ro68_out)={VTHRESH} 
     1	7.81674368563e-09
     2	6.55052920028e-09
     3	5.78782343146e-09
     4	1.095989185e-08
     5	9.0437656602e-09
     6	7.84564418518e-09
     7	1.58814136962e-08
     8	1.30004459514e-08
     9	1.1204676044e-08

Measurement: edge100_ro69
  step	V(ro69_out)={VTHRESH} 
     1	7.18630357127e-09
     2	6.15823076126e-09
     3	5.49136140798e-09
     4	9.81284002844e-09
     5	8.2723737607e-09
     6	7.28339253003e-09
     7	1.39351745645e-08
     8	1.16635381803e-08
     9	1.02094495693e-08

Measurement: edge100_ro70
  step	V(ro70_out)={VTHRESH} 
     1	7.49065417181e-09
     2	6.34723765503e-09
     3	5.64178753059e-09
     4	1.03820702463e-08
     5	8.67575661776e-09
     6	7.58222612317e-09
     7	1.49411885991e-08
     8	1.23926016493e-08
     9	1.0763774699e-08

Measurement: edge100_ro71
  step	V(ro71_out)={VTHRESH} 
     1	7.83537733632e-09
     2	6.588524456e-09
     3	5.80431681878e-09
     4	1.0974676471e-08
     5	9.064134434e-09
     6	7.86250560924e-09
     7	1.59101227079e-08
     8	1.30366960918e-08
     9	1.12342585624e-08

Measurement: edge100_ro72
  step	V(ro72_out)={VTHRESH} 
     1	7.33457009832e-09
     2	6.25420094568e-09
     3	5.5592800318e-09
     4	1.010832656e-08
     5	8.4792107843e-09
     6	7.43580458165e-09
     7	1.44638762476e-08
     8	1.20415002423e-08
     9	1.04948188945e-08

Measurement: edge100_ro73
  step	V(ro73_out)={VTHRESH} 
     1	7.61358987565e-09
     2	6.45020894006e-09
     3	5.70311024995e-09
     4	1.05884895092e-08
     5	8.81450772975e-09
     6	7.68501097075e-09
     7	1.52720268876e-08
     8	1.26160052414e-08
     9	1.09293172024e-08

Measurement: edge100_ro74
  step	V(ro74_out)={VTHRESH} 
     1	7.7168528566e-09
     2	6.51429088028e-09
     3	5.74853501821e-09
     4	1.07906828987e-08
     5	8.94070844031e-09
     6	7.7738320616e-09
     7	1.5614518149e-08
     8	1.28349611567e-08
     9	1.1086502901e-08

Measurement: edge100_ro75
  step	V(ro75_out)={VTHRESH} 
     1	7.27852301745e-09
     2	6.21520789939e-09
     3	5.52710356709e-09
     4	1.00392871891e-08
     5	8.4235097125e-09
     6	7.38845239145e-09
     7	1.43806857161e-08
     8	1.19745131849e-08
     9	1.04372032412e-08

Measurement: edge100_ro76
  step	V(ro76_out)={VTHRESH} 
     1	7.18639549472e-09
     2	6.15071902315e-09
     3	5.49467838424e-09
     4	9.83044312706e-09
     5	8.29637848504e-09
     6	7.30407635411e-09
     7	1.40010999486e-08
     8	1.17340607988e-08
     9	1.02708735421e-08

Measurement: edge100_ro77
  step	V(ro77_out)={VTHRESH} 
     1	6.89210583396e-09
     2	5.95186051431e-09
     3	5.33808139149e-09
     4	9.36732191029e-09
     5	7.95955081494e-09
     6	7.04621903579e-09
     7	1.32610538548e-08
     8	1.11875098095e-08
     9	9.84629225478e-09

Measurement: edge100_ro78
  step	V(ro78_out)={VTHRESH} 
     1	7.35413748177e-09
     2	6.2777765459e-09
     3	5.57101578931e-09
     4	1.01351920891e-08
     5	8.4965035491e-09
     6	7.4484602054e-09
     7	1.45111976617e-08
     8	1.20734332321e-08
     9	1.05190101965e-08

Measurement: edge100_ro79
  step	V(ro79_out)={VTHRESH} 
     1	7.33912547419e-09
     2	6.26076771965e-09
     3	5.55258908446e-09
     4	1.01394852583e-08
     5	8.4955355709e-09
     6	7.44341059144e-09
     7	1.45394347958e-08
     8	1.20888628234e-08
     9	1.0525669884e-08

Measurement: edge100_ro80
  step	V(ro80_out)={VTHRESH} 
     1	7.31922733996e-09
     2	6.2513665009e-09
     3	5.55200944712e-09
     4	1.00689913104e-08
     5	8.46015684269e-09
     6	7.42383472545e-09
     7	1.43989365025e-08
     8	1.20106381703e-08
     9	1.04770114234e-08

Measurement: edge100_ro81
  step	V(ro81_out)={VTHRESH} 
     1	7.35396725605e-09
     2	6.2690039015e-09
     3	5.56067694011e-09
     4	1.01368236493e-08
     5	8.49548112177e-09
     6	7.44804405795e-09
     7	1.45008724804e-08
     8	1.20667806316e-08
     9	1.05157073406e-08

Measurement: edge100_ro82
  step	V(ro82_out)={VTHRESH} 
     1	7.53099186997e-09
     2	6.36742452492e-09
     3	5.66095441272e-09
     4	1.04307101893e-08
     5	8.70511374327e-09
     6	7.60588315287e-09
     7	1.50034562684e-08
     8	1.24267801625e-08
     9	1.07905208275e-08

Measurement: edge100_ro83
  step	V(ro83_out)={VTHRESH} 
     1	7.23979150182e-09
     2	6.18982997509e-09
     3	5.51364160239e-09
     4	9.96418886981e-09
     5	8.38002249561e-09
     6	7.36037226344e-09
     7	1.42538457703e-08
     8	1.18994199064e-08
     9	1.03887229801e-08

Measurement: edge100_ro84
  step	V(ro84_out)={VTHRESH} 
     1	7.11059202999e-09
     2	6.09388126936e-09
     3	5.43877699498e-09
     4	9.71361614688e-09
     5	8.19809557231e-09
     6	7.22437984703e-09
     7	1.38035444316e-08
     8	1.15664717529e-08
     9	1.01334091143e-08

Measurement: edge100_ro85
  step	V(ro85_out)={VTHRESH} 
     1	7.44558585898e-09
     2	6.33376541463e-09
     3	5.61539377941e-09
     4	1.03239708329e-08
     5	8.62599117395e-09
     6	7.5424674488e-09
     7	1.48462226866e-08
     8	1.2309502916e-08
     9	1.06956007713e-08

Measurement: edge100_ro86
  step	V(ro86_out)={VTHRESH} 
     1	7.56183893939e-09
     2	6.38212746918e-09
     3	5.65113544261e-09
     4	1.05374583856e-08
     5	8.74208159522e-09
     6	7.61738222261e-09
     7	1.51862998523e-08
     8	1.24997579579e-08
     9	1.08210705976e-08

Measurement: edge100_ro87
  step	V(ro87_out)={VTHRESH} 
     1	7.43541319697e-09
     2	6.34619639149e-09
     3	5.61956499069e-09
     4	1.02463032782e-08
     5	8.58236055276e-09
     6	7.51550271198e-09
     7	1.46744505325e-08
     8	1.22025767108e-08
     9	1.06208999174e-08

Measurement: edge100_ro88
  step	V(ro88_out)={VTHRESH} 
     1	7.62028090385e-09
     2	6.45025310357e-09
     3	5.69599824557e-09
     4	1.06361786991e-08
     5	8.82947660074e-09
     6	7.68859122676e-09
     7	1.53683538677e-08
     8	1.265465302e-08
     9	1.09462954421e-08

Measurement: edge100_ro89
  step	V(ro89_out)={VTHRESH} 
     1	7.02895219105e-09
     2	6.05634220437e-09
     3	5.41639718146e-09
     4	9.55084157777e-09
     5	8.09983171027e-09
     6	7.15689573181e-09
     7	1.35165742086e-08
     8	1.13834787342e-08
     9	1.00031904975e-08

Measurement: edge100_ro90
  step	V(ro90_out)={VTHRESH} 
     1	7.14400693858e-09
     2	6.13315823258e-09
     3	5.4712034582e-09
     4	9.74947671874e-09
     5	8.22749488468e-09
     6	7.24825070584e-09
     7	1.38331123833e-08
     8	1.15910774223e-08
     9	1.01526666652e-08

Measurement: edge100_ro91
  step	V(ro91_out)={VTHRESH} 
     1	7.29064356344e-09
     2	6.23084635554e-09
     3	5.54907597039e-09
     4	1.00317415519e-08
     5	8.43940291722e-09
     6	7.4109059088e-09
     7	1.43500025776e-08
     8	1.19856896028e-08
     9	1.04625763834e-08

Measurement: edge100_ro92
  step	V(ro92_out)={VTHRESH} 
     1	7.73838568124e-09
     2	6.52931786028e-09
     3	5.74928042848e-09
     4	1.08107063816e-08
     5	8.95520687129e-09
     6	7.7826628005e-09
     7	1.56418067589e-08
     8	1.28565363786e-08
     9	1.11013224068e-08

Measurement: edge100_ro93
  step	V(ro93_out)={VTHRESH} 
     1	7.5367571472e-09
     2	6.38663367719e-09
     3	5.65354376334e-09
     4	1.04769736002e-08
     5	8.73305304104e-09
     6	7.62253772887e-09
     7	1.51051201388e-08
     8	1.24938351104e-08
     9	1.08347602942e-08

Measurement: edge100_ro94
  step	V(ro94_out)={VTHRESH} 
     1	7.66696895576e-09
     2	6.4815287044e-09
     3	5.72568547186e-09
     4	1.06964981981e-08
     5	8.88169523206e-09
     6	7.73068865987e-09
     7	1.54662283231e-08
     8	1.2742271536e-08
     9	1.10195328305e-08

Measurement: edge100_ro95
  step	V(ro95_out)={VTHRESH} 
     1	7.53860120833e-09
     2	6.38952786501e-09
     3	5.65977205789e-09
     4	1.04629412748e-08
     5	8.71408610254e-09
     6	7.60438584423e-09
     7	1.50574588458e-08
     8	1.24434313022e-08
     9	1.07901038828e-08

Measurement: edge100_ro96
  step	V(ro96_out)={VTHRESH} 
     1	7.08244349345e-09
     2	6.08657285738e-09
     3	5.43706004091e-09
     4	9.66827325266e-09
     5	8.179253471e-09
     6	7.21356299813e-09
     7	1.37430600451e-08
     8	1.15443891716e-08
     9	1.01217530517e-08

Measurement: edge100_ro97
  step	V(ro97_out)={VTHRESH} 
     1	7.62087468626e-09
     2	6.45801534866e-09
     3	5.70539527786e-09
     4	1.06203857837e-08
     5	8.83400462868e-09
     6	7.69795070193e-09
     7	1.53371912933e-08
     8	1.26592094674e-08
     9	1.09610256553e-08

Measurement: edge100_ro98
  step	V(ro98_out)={VTHRESH} 
     1	7.10964067775e-09
     2	6.10377469279e-09
     3	5.45291745804e-09
     4	9.73453813769e-09
     5	8.22868823387e-09
     6	7.25189541637e-09
     7	1.38672606961e-08
     8	1.16385970619e-08
     9	1.01964914737e-08

Measurement: edge100_ro99
  step	V(ro99_out)={VTHRESH} 
     1	7.27055891704e-09
     2	6.21373250419e-09
     3	5.53643213376e-09
     4	1.00160692317e-08
     5	8.41614271862e-09
     6	7.38948359964e-09
     7	1.43206106674e-08
     8	1.19427782188e-08
     9	1.04212576959e-08

Measurement: edge100_ro100
  step	V(ro100_out)={VTHRESH} 
     1	7.07195447731e-09
     2	6.07953140583e-09
     3	5.42854210781e-09
     4	9.63915772926e-09
     5	8.15373007597e-09
     6	7.19208817663e-09
     7	1.36868780717e-08
     8	1.149537612e-08
     9	9.97926289497e-09

Measurement: edge100_ro101
  step	V(ro101_out)={VTHRESH} 
     1	7.31148692367e-09
     2	6.22421479809e-09
     3	5.53181880346e-09
     4	1.01017985278e-08
     5	8.44662452346e-09
     6	7.39862907745e-09
     7	1.44783453453e-08
     8	1.20091542636e-08
     9	1.0451116669e-08

Measurement: edge100_ro102
  step	V(ro102_out)={VTHRESH} 
     1	7.72656097671e-09
     2	6.52976890986e-09
     3	5.75746710599e-09
     4	1.07922499322e-08
     5	8.94472976561e-09
     6	7.77900797676e-09
     7	1.56101745252e-08
     8	1.28366947604e-08
     9	1.109043228e-08

Measurement: edge100_ro103
  step	V(ro103_out)={VTHRESH} 
     1	7.50393299873e-09
     2	6.36266624575e-09
     3	5.63489385938e-09
     4	1.04213462672e-08
     5	8.67324807447e-09
     6	7.57003070899e-09
     7	1.49925447918e-08
     8	1.23766503467e-08
     9	1.07308428059e-08

Measurement: edge100_ro104
  step	V(ro104_out)={VTHRESH} 
     1	8.06426957174e-09
     2	6.74326652257e-09
     3	5.90194485713e-09
     4	1.14068831241e-08
     5	9.32714607861e-09
     6	8.04917304734e-09
     7	1.66424054137e-08
     8	1.35010498001e-08
     9	1.15649330806e-08

Measurement: edge100_ro105
  step	V(ro105_out)={VTHRESH} 
     1	7.24853394452e-09
     2	6.20122194691e-09
     3	5.52358661206e-09
     4	9.95399743361e-09
     5	8.37859878961e-09
     6	7.36175678938e-09
     7	1.42195016333e-08
     8	1.18829354962e-08
     9	1.03793816659e-08

Measurement: edge100_ro106
  step	V(ro106_out)={VTHRESH} 
     1	7.12834678877e-09
     2	6.12239797343e-09
     3	5.45695758273e-09
     4	9.75871289085e-09
     5	8.23698304732e-09
     6	7.25508901605e-09
     7	1.39001918651e-08
     8	1.16467883384e-08
     9	1.0196923024e-08

Measurement: edge100_ro107
  step	V(ro107_out)={VTHRESH} 
     1	7.45720272466e-09
     2	6.34769134175e-09
     3	5.62999361377e-09
     4	1.03080218641e-08
     5	8.62888135586e-09
     6	7.54888644956e-09
     7	1.48073510099e-08
     8	1.23057720942e-08
     9	1.07016572085e-08

Measurement: edge100_ro108
  step	V(ro108_out)={VTHRESH} 
     1	7.38836616749e-09
     2	6.30228368761e-09
     3	5.58976582891e-09
     4	1.02254248981e-08
     5	8.56053223266e-09
     6	7.49690229035e-09
     7	1.46671025301e-08
     8	1.21874203217e-08
     9	1.06067655092e-08

Measurement: edge100_ro109
  step	V(ro109_out)={VTHRESH} 
     1	7.18636833653e-09
     2	6.14652906217e-09
     3	5.49649091324e-09
     4	9.84946738117e-09
     5	8.31340307894e-09
     6	7.31770223424e-09
     7	1.40397132189e-08
     8	1.17668529859e-08
     9	1.02974828263e-08

Measurement: edge100_ro110
  step	V(ro110_out)={VTHRESH} 
     1	7.4597393156e-09
     2	6.32408277422e-09
     3	5.59896218046e-09
     4	1.03577555869e-08
     5	8.61327986814e-09
     6	7.52015458641e-09
     7	1.48943890664e-08
     8	1.22794236019e-08
     9	1.06462331759e-08

Measurement: edge100_ro111
  step	V(ro111_out)={VTHRESH} 
     1	7.46859784447e-09
     2	6.35237154085e-09
     3	5.61995586451e-09
     4	1.0375687261e-08
     5	8.65345569112e-09
     6	7.56105745239e-09
     7	1.49276273348e-08
     8	1.2351582763e-08
     9	1.07224684528e-08

Measurement: edge100_ro112
  step	V(ro112_out)={VTHRESH} 
     1	7.33674254792e-09
     2	6.26023268285e-09
     3	5.56155444783e-09
     4	1.0065574267e-08
     5	8.44803391003e-09
     6	7.41064347866e-09
     7	1.43728227259e-08
     8	1.19753444169e-08
     9	1.04418894947e-08

Measurement: edge100_ro113
  step	V(ro113_out)={VTHRESH} 
     1	7.26565317199e-09
     2	6.20938754671e-09
     3	5.53120924842e-09
     4	9.98438925908e-09
     5	8.3934856319e-09
     6	7.37013992478e-09
     7	1.42637337489e-08
     8	1.19026959068e-08
     9	1.03893213934e-08

Measurement: edge100_ro114
  step	V(ro114_out)={VTHRESH} 
     1	7.413363987e-09
     2	6.30615053557e-09
     3	5.59408789241e-09
     4	1.02893620874e-08
     5	8.59286663029e-09
     6	7.51532446001e-09
     7	1.47923538485e-08
     8	1.22550994298e-08
     9	1.06484906894e-08

Measurement: edge100_ro115
  step	V(ro115_out)={VTHRESH} 
     1	7.58055396824e-09
     2	6.42040186316e-09
     3	5.67763218552e-09
     4	1.05271261706e-08
     5	8.74013028942e-09
     6	7.62047195956e-09
     7	1.51348183516e-08
     8	1.24671950339e-08
     9	1.07973317084e-08

Measurement: edge100_ro116
  step	V(ro116_out)={VTHRESH} 
     1	7.14387072428e-09
     2	6.12545171529e-09
     3	5.4676668901e-09
     4	9.73208526114e-09
     5	8.23511258199e-09
     6	7.2610323153e-09
     7	1.38341703083e-08
     8	1.1624555601e-08
     9	1.01913518926e-08

Measurement: edge100_ro117
  step	V(ro117_out)={VTHRESH} 
     1	7.43301828803e-09
     2	6.32584976456e-09
     3	5.60886996706e-09
     4	1.02894726063e-08
     5	8.60353752512e-09
     6	7.52640373585e-09
     7	1.47794126923e-08
     8	1.22644618439e-08
     9	1.06620990429e-08

Measurement: edge100_ro118
  step	V(ro118_out)={VTHRESH} 
     1	7.3012041928e-09
     2	6.23720549897e-09
     3	5.55112526676e-09
     4	1.00542540946e-08
     5	8.45026449584e-09
     6	7.41742775618e-09
     7	1.43864376581e-08
     8	1.20036192839e-08
     9	1.04727790967e-08

Measurement: edge100_ro119
  step	V(ro119_out)={VTHRESH} 
     1	7.23484734625e-09
     2	6.17738782088e-09
     3	5.51183027033e-09
     4	9.94238684558e-09
     5	8.36209090952e-09
     6	7.34685451194e-09
     7	1.41972345461e-08
     8	1.18532851234e-08
     9	1.03533841474e-08

Measurement: edge100_ro120
  step	V(ro120_out)={VTHRESH} 
     1	6.82528690319e-09
     2	5.91991304229e-09
     3	5.30929625318e-09
     4	9.21312785578e-09
     5	7.86644775866e-09
     6	6.98095703965e-09
     7	1.29835128421e-08
     8	1.10133727113e-08
     9	9.72171095507e-09

Measurement: edge100_ro121
  step	V(ro121_out)={VTHRESH} 
     1	7.08382428394e-09
     2	6.09308099608e-09
     3	5.44033884862e-09
     4	9.67585329021e-09
     5	8.18705063224e-09
     6	7.22107616751e-09
     7	1.37552182395e-08
     8	1.15566532857e-08
     9	1.01330681476e-08

Measurement: edge100_ro122
  step	V(ro122_out)={VTHRESH} 
     1	7.35034645442e-09
     2	6.26988281638e-09
     3	5.5676026534e-09
     4	1.00884969274e-08
     5	8.47260804729e-09
     6	7.43165938536e-09
     7	1.44233068155e-08
     8	1.20250738177e-08
     9	1.04847944857e-08

Measurement: edge100_ro123
  step	V(ro123_out)={VTHRESH} 
     1	7.6295510009e-09
     2	6.43831938776e-09
     3	5.68927925411e-09
     4	1.07049301543e-08
     5	8.86052675524e-09
     6	7.70664796596e-09
     7	1.55004162209e-08
     8	1.27221183758e-08
     9	1.09887600948e-08

Measurement: edge100_ro124
  step	V(ro124_out)={VTHRESH} 
     1	7.70040637234e-09
     2	6.50529115537e-09
     3	5.74732030738e-09
     4	1.07489237921e-08
     5	8.92075790094e-09
     6	7.76252238693e-09
     7	1.55458380799e-08
     8	1.2803215814e-08
     9	1.10693498199e-08

Measurement: edge100_ro125
  step	V(ro125_out)={VTHRESH} 
     1	7.5774416204e-09
     2	6.40342688278e-09
     3	5.65748739355e-09
     4	1.06322323902e-08
     5	8.79662892238e-09
     6	7.65097142387e-09
     7	1.53895240008e-08
     8	1.26213919156e-08
     9	1.08996619268e-08

Measurement: edge100_ro126
  step	V(ro126_out)={VTHRESH} 
     1	7.50374710185e-09
     2	6.36035774618e-09
     3	5.63558386676e-09
     4	1.04359500056e-08
     5	8.68988120081e-09
     6	7.5836445867e-09
     7	1.50301410565e-08
     8	1.24161858086e-08
     9	1.0765493538e-08

Measurement: edge100_ro127
  step	V(ro127_out)={VTHRESH} 
     1	7.85525645549e-09
     2	6.60342239566e-09
     3	5.81059542468e-09
     4	1.09918606068e-08
     5	9.07281359174e-09
     6	7.86795015767e-09
     7	1.59306769385e-08
     8	1.30448045805e-08
     9	1.12387140119e-08
