LTspice 26.0.2 for Windows
Circuit: C:\Users\JUST\Documents\LTspice\RO_PUF_PVT_100\chip_061_PVT.net
Start Time: Mon Jul 20 04:33:11 2026
Options:plotwinsize=0 numdgt=10 reltol=1e-4 abstol=1e-12 vntol=1e-6 reltol=0.003 vntol=1m abstol=1e-10 gmin=1e-10 threads=1

.step vddval=0.9 temp=-20°
solver = Normal
Maximum thread count: 1
tnom = 27
temp = -20
method = trap
gmin = 1e-10
abstol = 1e-10
reltol = 0.003
volttol = 0.001
Per .tran options, skipping operating point for transient analysis.

.step vddval=1 temp=-20°

.step vddval=1.1 temp=-20°

.step vddval=0.9 temp=25°

.step vddval=1 temp=25°

.step vddval=1.1 temp=25°

.step vddval=0.9 temp=80°

.step vddval=1 temp=80°

.step vddval=1.1 temp=80°
Total elapsed time: 2165.895 seconds.

Files loaded:
C:\Users\JUST\Documents\LTspice\RO_PUF_PVT_100\chip_061_PVT.net
C:\Users\JUST\Documents\LTspice\RO_PUF_PVT_100\45nm_HP.pm
C:\Users\JUST\Documents\LTspice\RO_PUF_PVT_100\chip_061_mismatch.inc


Measurement: t_ro0
  step	t_ro0	FROM	TO
     1	5.92001820669e-09	1.41947738334e-09	7.33949559003e-09
     2	5.04831821841e-09	1.20792451653e-09	6.25624273493e-09
     3	4.47998566584e-09	1.07064726953e-09	5.55063293536e-09
     4	8.18138307058e-09	1.96133189279e-09	1.01427149634e-08
     5	6.85155809084e-09	1.6397165736e-09	8.49127466445e-09
     6	6.00392719451e-09	1.4352251376e-09	7.43915233211e-09
     7	1.17279201286e-08	2.811241903e-09	1.45391620316e-08
     8	9.74485747216e-09	2.33208589103e-09	1.20769433632e-08
     9	8.48455906592e-09	2.02801601472e-09	1.05125750806e-08

Measurement: t_ro1
  step	t_ro1	FROM	TO
     1	6.02944489241e-09	1.45271466875e-09	7.48215956116e-09
     2	5.13014774522e-09	1.23167301839e-09	6.36182076362e-09
     3	4.55053988719e-09	1.09024550212e-09	5.6407853893e-09
     4	8.34530544238e-09	2.0152935664e-09	1.03605990088e-08
     5	6.98209515906e-09	1.67871498907e-09	8.66081014814e-09
     6	6.10812689718e-09	1.46526670836e-09	7.57339360553e-09
     7	1.19893874402e-08	2.89753098426e-09	1.48869184245e-08
     8	9.95584658966e-09	2.39623612801e-09	1.23520827177e-08
     9	8.65592612902e-09	2.07867068115e-09	1.07345968102e-08

Measurement: t_ro2
  step	t_ro2	FROM	TO
     1	6.12187082401e-09	1.47976514218e-09	7.60163596619e-09
     2	5.18960679933e-09	1.25056432753e-09	6.44017112687e-09
     3	4.58895121965e-09	1.10307598692e-09	5.69202720657e-09
     4	8.47768815492e-09	2.0520099318e-09	1.05296980867e-08
     5	7.05908644413e-09	1.70374455597e-09	8.7628310001e-09
     6	6.15810061215e-09	1.48310212912e-09	7.64120274127e-09
     7	1.21907891812e-08	2.95250215217e-09	1.51432913333e-08
     8	1.00743659646e-08	2.43356573807e-09	1.25079317027e-08
     9	8.73369912303e-09	2.10574443859e-09	1.08394435616e-08

Measurement: t_ro3
  step	t_ro3	FROM	TO
     1	6.11962931337e-09	1.47087692212e-09	7.59050623549e-09
     2	5.18902572435e-09	1.24485547009e-09	6.43388119444e-09
     3	4.59025022837e-09	1.09984942929e-09	5.69009965766e-09
     4	8.51156846945e-09	2.04696122288e-09	1.05585296923e-08
     5	7.08991590983e-09	1.70224346914e-09	8.79215937897e-09
     6	6.18448496949e-09	1.48327502283e-09	7.66775999232e-09
     7	1.22764089162e-08	2.9530339183e-09	1.52294428345e-08
     8	1.01474612565e-08	2.43734289356e-09	1.25848041501e-08
     9	8.79504442459e-09	2.11088428821e-09	1.09059287128e-08

Measurement: t_ro4
  step	t_ro4	FROM	TO
     1	6.2616912933e-09	1.50298270755e-09	7.76467400085e-09
     2	5.25846229372e-09	1.26080319035e-09	6.51926548407e-09
     3	4.63999891605e-09	1.1116016644e-09	5.75160058046e-09
     4	8.80407148045e-09	2.11382461545e-09	1.09178960959e-08
     5	7.23790781494e-09	1.73577436006e-09	8.973682175e-09
     6	6.27302869483e-09	1.50393345403e-09	7.77696214886e-09
     7	1.27759109089e-08	3.06697282018e-09	1.58428837291e-08
     8	1.0408832924e-08	2.49598932314e-09	1.29048222471e-08
     9	8.95677751479e-09	2.14687636102e-09	1.11036538758e-08

Measurement: t_ro5
  step	t_ro5	FROM	TO
     1	6.35943162789e-09	1.52822020782e-09	7.88765183572e-09
     2	5.34482197101e-09	1.28263005891e-09	6.62745202992e-09
     3	4.70394844626e-09	1.12794179102e-09	5.83189023728e-09
     4	8.93400154369e-09	2.1475900986e-09	1.10815916423e-08
     5	7.37060775049e-09	1.7699906668e-09	9.14059841728e-09
     6	6.38835871951e-09	1.53248755067e-09	7.92084627019e-09
     7	1.29867371322e-08	3.12203836576e-09	1.6108775498e-08
     8	1.06318300637e-08	2.55322544339e-09	1.31850555071e-08
     9	9.15312559728e-09	2.19649214841e-09	1.13496177457e-08

Measurement: t_ro6
  step	t_ro6	FROM	TO
     1	6.06296252005e-09	1.45200375241e-09	7.51496627246e-09
     2	5.1447484172e-09	1.23046905565e-09	6.37521747285e-09
     3	4.5588829631e-09	1.09002683197e-09	5.64890979507e-09
     4	8.42828843339e-09	2.01820815725e-09	1.04464965906e-08
     5	7.0309269863e-09	1.6813679652e-09	8.71229495149e-09
     6	6.13960788075e-09	1.46751940645e-09	7.60712728719e-09
     7	1.21402489083e-08	2.90575904803e-09	1.50460079563e-08
     8	1.00484621341e-08	2.40229876022e-09	1.24507608943e-08
     9	8.72016432471e-09	2.08344615201e-09	1.08036104767e-08

Measurement: t_ro7
  step	t_ro7	FROM	TO
     1	5.75999986721e-09	1.3854099905e-09	7.14540985771e-09
     2	4.93817185093e-09	1.18588770038e-09	6.12405955131e-09
     3	4.40487470402e-09	1.05688852948e-09	5.4617632335e-09
     4	7.89465574608e-09	1.89978987739e-09	9.79444562347e-09
     5	6.65481784006e-09	1.59931323676e-09	8.25413107682e-09
     6	5.85819389362e-09	1.40660616258e-09	7.26480005621e-09
     7	1.12507905913e-08	2.70835990615e-09	1.39591504974e-08
     8	9.41215865363e-09	2.26301947779e-09	1.16751781314e-08
     9	8.23424438765e-09	1.97811070803e-09	1.02123550957e-08

Measurement: t_ro8
  step	t_ro8	FROM	TO
     1	5.92608629061e-09	1.41951958688e-09	7.34560587749e-09
     2	5.05691068264e-09	1.20955487932e-09	6.26646556196e-09
     3	4.48887034012e-09	1.07283647855e-09	5.56170681867e-09
     4	8.19503858857e-09	1.96349805502e-09	1.01585366436e-08
     5	6.86571848069e-09	1.64265419631e-09	8.508372677e-09
     6	6.01550553887e-09	1.43785036231e-09	7.45335590118e-09
     7	1.17585385981e-08	2.81675888476e-09	1.45752974828e-08
     8	9.77534555252e-09	2.33869144912e-09	1.21140370016e-08
     9	8.51135866763e-09	2.0343257392e-09	1.05456844068e-08

Measurement: t_ro9
  step	t_ro9	FROM	TO
     1	5.91999999828e-09	1.41761884683e-09	7.3376188451e-09
     2	5.04823918491e-09	1.20701232097e-09	6.25525150588e-09
     3	4.47999902367e-09	1.0704471488e-09	5.55044617248e-09
     4	8.18850874045e-09	1.96047812939e-09	1.01489868698e-08
     5	6.86043697836e-09	1.64035128917e-09	8.50078826753e-09
     6	6.01289383836e-09	1.43646110395e-09	7.44935494231e-09
     7	1.17406040526e-08	2.81003934374e-09	1.45506433963e-08
     8	9.76086297417e-09	2.33342615474e-09	1.20942891289e-08
     9	8.50132257238e-09	2.03049583854e-09	1.05318184109e-08

Measurement: t_ro10
  step	t_ro10	FROM	TO
     1	5.83731258552e-09	1.39593839031e-09	7.23325097583e-09
     2	4.98595032683e-09	1.19095115084e-09	6.17690147768e-09
     3	4.44979019439e-09	1.06254209404e-09	5.51233228843e-09
     4	8.0282889782e-09	1.91933181913e-09	9.94762079733e-09
     5	6.75573024678e-09	1.61344626986e-09	8.36917651664e-09
     6	5.93725547873e-09	1.41728096335e-09	7.35453644207e-09
     7	1.14718831758e-08	2.74157989911e-09	1.42134630749e-08
     8	9.58304263528e-09	2.28799897644e-09	1.18710416117e-08
     9	8.37129598866e-09	1.99759874854e-09	1.03688947372e-08

Measurement: t_ro11
  step	t_ro11	FROM	TO
     1	5.96281763298e-09	1.42269055175e-09	7.38550818472e-09
     2	5.0797521098e-09	1.2113226605e-09	6.2910747703e-09
     3	4.50885541653e-09	1.07507293207e-09	5.5839283486e-09
     4	8.25425581002e-09	1.96719226803e-09	1.0221448078e-08
     5	6.90443368059e-09	1.64532497033e-09	8.54975865092e-09
     6	6.04526033592e-09	1.44055281926e-09	7.48581315518e-09
     7	1.18462291109e-08	2.82081512153e-09	1.46670442324e-08
     8	9.82974346583e-09	2.34039411333e-09	1.21701375792e-08
     9	8.55026941933e-09	2.03583064996e-09	1.05861000693e-08

Measurement: t_ro12
  step	t_ro12	FROM	TO
     1	5.88987886279e-09	1.4077071678e-09	7.29758603058e-09
     2	5.02255233482e-09	1.19919709128e-09	6.2217494261e-09
     3	4.46958373879e-09	1.06631379709e-09	5.53589753588e-09
     4	8.09265701549e-09	1.93320065789e-09	1.00258576734e-08
     5	6.79138141033e-09	1.62120829692e-09	8.41258970725e-09
     6	5.96000831723e-09	1.42215514634e-09	7.38216346357e-09
     7	1.15666584357e-08	2.76223595024e-09	1.4328894386e-08
     8	9.63498900523e-09	2.29946812152e-09	1.19344571267e-08
     9	8.40430845349e-09	2.00486791357e-09	1.04091763671e-08

Measurement: t_ro13
  step	t_ro13	FROM	TO
     1	5.97963628712e-09	1.43608854651e-09	7.41572483363e-09
     2	5.08764183407e-09	1.22072058325e-09	6.30836241732e-09
     3	4.50623963054e-09	1.0802334344e-09	5.58647306494e-09
     4	8.30547608743e-09	1.99508975446e-09	1.03005658419e-08
     5	6.93558105754e-09	1.6645747384e-09	8.60015579594e-09
     6	6.06518686523e-09	1.45487736146e-09	7.52006422669e-09
     7	1.19475625658e-08	2.8700466178e-09	1.48176091836e-08
     8	9.89858944077e-09	2.3761347918e-09	1.22747242326e-08
     9	8.59951736142e-09	2.0632097551e-09	1.06627271165e-08

Measurement: t_ro14
  step	t_ro14	FROM	TO
     1	6.23401853528e-09	1.49362049972e-09	7.727639035e-09
     2	5.24901189499e-09	1.25654199652e-09	6.50555389151e-09
     3	4.62986450867e-09	1.10744667032e-09	5.737311179e-09
     4	8.74970354284e-09	2.09704782239e-09	1.08467513652e-08
     5	7.22599797383e-09	1.72998948229e-09	8.95598745613e-09
     6	6.27483301327e-09	1.50122185889e-09	7.77605487216e-09
     7	1.26905537665e-08	3.0410550834e-09	1.57316088499e-08
     8	1.03909277587e-08	2.48747674306e-09	1.28784045017e-08
     9	8.96003328502e-09	2.1433383897e-09	1.11033716747e-08

Measurement: t_ro15
  step	t_ro15	FROM	TO
     1	5.56895454823e-09	1.34152083461e-09	6.91047538284e-09
     2	4.81452485664e-09	1.15816242589e-09	5.97268728254e-09
     3	4.31999999212e-09	1.03799196907e-09	5.35799196119e-09
     4	7.53314630417e-09	1.81638003561e-09	9.34952633978e-09
     5	6.41645982651e-09	1.54486632816e-09	7.96132615467e-09
     6	5.68572879981e-09	1.36773227049e-09	7.05346107029e-09
     7	1.06350023284e-08	2.56544485514e-09	1.32004471836e-08
     8	8.99827547014e-09	2.167943486e-09	1.11662189561e-08
     9	7.92925451734e-09	1.90872176764e-09	9.83797628498e-09

Measurement: t_ro16
  step	t_ro16	FROM	TO
     1	5.94197148719e-09	1.43069845831e-09	7.3726699455e-09
     2	5.06703521603e-09	1.21720411186e-09	6.28423932789e-09
     3	4.50393492065e-09	1.07955305944e-09	5.5834879801e-09
     4	8.2179657768e-09	1.98037389168e-09	1.01983396685e-08
     5	6.88563494622e-09	1.65560971003e-09	8.54124465625e-09
     6	6.03491852426e-09	1.44879194831e-09	7.48371047257e-09
     7	1.17827417326e-08	2.8413198801e-09	1.46240616127e-08
     8	9.79823785833e-09	2.35813555696e-09	1.21563734153e-08
     9	8.53302138059e-09	2.0509114646e-09	1.05839328452e-08

Measurement: t_ro17
  step	t_ro17	FROM	TO
     1	6.34068219992e-09	1.52296714346e-09	7.86364934338e-09
     2	5.30925607618e-09	1.27385749613e-09	6.58311357231e-09
     3	4.66927371678e-09	1.11934128144e-09	5.78861499822e-09
     4	8.9693216481e-09	2.15477453024e-09	1.11240961783e-08
     5	7.36001057745e-09	1.76661010067e-09	9.12662067812e-09
     6	6.36421802558e-09	1.52657833623e-09	7.8907963618e-09
     7	1.30508272531e-08	3.13554753797e-09	1.61863747911e-08
     8	1.06119407264e-08	2.54768790766e-09	1.3159628634e-08
     9	9.11283865382e-09	2.18645679784e-09	1.12992954517e-08

Measurement: t_ro18
  step	t_ro18	FROM	TO
     1	6.72000807824e-09	1.62893520271e-09	8.34894328095e-09
     2	5.51067410807e-09	1.33302195329e-09	6.84369606137e-09
     3	4.79999723807e-09	1.15835141651e-09	5.95834865458e-09
     4	9.68034148322e-09	2.35450436142e-09	1.20348458446e-08
     5	7.74324152431e-09	1.87728234829e-09	9.6205238726e-09
     6	6.61264506369e-09	1.60034462008e-09	8.21298968377e-09
     7	1.42684541372e-08	3.47480258882e-09	1.7743256726e-08
     8	1.12912397142e-08	2.74176132002e-09	1.40330010342e-08
     9	9.56034853002e-09	2.31730193365e-09	1.18776504637e-08

Measurement: t_ro19
  step	t_ro19	FROM	TO
     1	5.71515838262e-09	1.36929174477e-09	7.0844501274e-09
     2	4.90819381038e-09	1.17493636356e-09	6.08313017393e-09
     3	4.38576647555e-09	1.0491700801e-09	5.43493655566e-09
     4	7.8136501356e-09	1.87223458418e-09	9.68588471978e-09
     5	6.60585701154e-09	1.58126911054e-09	8.18712612208e-09
     6	5.82516088349e-09	1.39354129682e-09	7.21870218031e-09
     7	1.11154467592e-08	2.66288555149e-09	1.37783323107e-08
     8	9.33045941209e-09	2.23328068801e-09	1.15637401001e-08
     9	8.17932619838e-09	1.95647440552e-09	1.01358006039e-08

Measurement: t_ro20
  step	t_ro20	FROM	TO
     1	6.03533932468e-09	1.44708733549e-09	7.48242666017e-09
     2	5.12566338312e-09	1.22596625544e-09	6.35162963856e-09
     3	4.55172831648e-09	1.08795126405e-09	5.63967958053e-09
     4	8.37477818712e-09	2.00861318847e-09	1.03833913756e-08
     5	6.99714413021e-09	1.67493042709e-09	8.6720745573e-09
     6	6.11769982475e-09	1.46277857906e-09	7.58047840381e-09
     7	1.204719532e-08	2.88908775463e-09	1.49362830747e-08
     8	9.98821048891e-09	2.39084243395e-09	1.23790529229e-08
     9	8.67756333954e-09	2.07491028787e-09	1.07524736274e-08

Measurement: t_ro21
  step	t_ro21	FROM	TO
     1	6.42047852533e-09	1.51746501524e-09	7.93794354057e-09
     2	5.38128267913e-09	1.27996028589e-09	6.66124296503e-09
     3	4.72511639552e-09	1.12623685268e-09	5.8513532482e-09
     4	9.05937468866e-09	2.13967670388e-09	1.11990513925e-08
     5	7.43936802906e-09	1.75497722731e-09	9.19434525638e-09
     6	6.43212199298e-09	1.52831213333e-09	7.96043412631e-09
     7	1.31946661441e-08	3.11340039712e-09	1.63080665412e-08
     8	1.07407183096e-08	2.52819664867e-09	1.32689149583e-08
     9	9.22068970435e-09	2.17487880324e-09	1.13955685076e-08

Measurement: t_ro22
  step	t_ro22	FROM	TO
     1	5.68696523872e-09	1.36216332852e-09	7.04912856724e-09
     2	4.89968189499e-09	1.17282768841e-09	6.0725095834e-09
     3	4.37719826883e-09	1.04736176387e-09	5.4245600327e-09
     4	7.7359109473e-09	1.85311659031e-09	9.58902753761e-09
     5	6.55985890994e-09	1.56983813847e-09	8.12969704841e-09
     6	5.7910012736e-09	1.38561336783e-09	7.17661464143e-09
     7	1.09633402615e-08	2.62580813589e-09	1.35891483974e-08
     8	9.23099338424e-09	2.20939845084e-09	1.14403918351e-08
     9	8.10713623639e-09	1.9396421843e-09	1.00467784207e-08

Measurement: t_ro23
  step	t_ro23	FROM	TO
     1	6.08000064718e-09	1.4645256257e-09	7.54452627288e-09
     2	5.14687353084e-09	1.23807507149e-09	6.38494860232e-09
     3	4.55541201319e-09	1.09488140832e-09	5.65029342151e-09
     4	8.47941995104e-09	2.04254348804e-09	1.05219634391e-08
     5	7.04159404285e-09	1.69529358819e-09	8.73688763104e-09
     6	6.13930670917e-09	1.47711334665e-09	7.61642005582e-09
     7	1.22330515498e-08	2.94926784931e-09	1.51823193991e-08
     8	1.00783874702e-08	2.42795117611e-09	1.25063386463e-08
     9	8.72750521844e-09	2.10128986216e-09	1.08287950806e-08

Measurement: t_ro24
  step	t_ro24	FROM	TO
     1	5.936809346e-09	1.43133486803e-09	7.36814421403e-09
     2	5.06700798339e-09	1.2195110995e-09	6.28651908289e-09
     3	4.49971830688e-09	1.08176195314e-09	5.58148026002e-09
     4	8.17930176986e-09	1.97282001627e-09	1.01521217861e-08
     5	6.85747345251e-09	1.65148305289e-09	8.50895650541e-09
     6	6.01263269601e-09	1.44664462596e-09	7.45927732197e-09
     7	1.16950878656e-08	2.82051233596e-09	1.45156002015e-08
     8	9.73066913465e-09	2.3438948728e-09	1.20745640075e-08
     9	8.48018782423e-09	2.04122471625e-09	1.05214125405e-08

Measurement: t_ro25
  step	t_ro25	FROM	TO
     1	6.17793678234e-09	1.48630822949e-09	7.66424501183e-09
     2	5.21301654176e-09	1.25260302156e-09	6.46561956332e-09
     3	4.60450725959e-09	1.10533409814e-09	5.70984135773e-09
     4	8.65522959226e-09	2.08399098546e-09	1.07392205777e-08
     5	7.16614830296e-09	1.72394135295e-09	8.89008965591e-09
     6	6.23106376625e-09	1.49787733321e-09	7.72894109946e-09
     7	1.25386894668e-08	3.02091601148e-09	1.55596054783e-08
     8	1.02952086679e-08	2.47867468103e-09	1.2773883349e-08
     9	8.89055958907e-09	2.13952468277e-09	1.10300842718e-08

Measurement: t_ro26
  step	t_ro26	FROM	TO
     1	5.72337869444e-09	1.37239676838e-09	7.09577546282e-09
     2	4.92204709933e-09	1.17833307109e-09	6.10038017042e-09
     3	4.39600529373e-09	1.0514186742e-09	5.44742396792e-09
     4	7.81826960514e-09	1.87536695461e-09	9.69363655975e-09
     5	6.61626003046e-09	1.58456202468e-09	8.20082205514e-09
     6	5.83527384243e-09	1.39618856185e-09	7.23146240428e-09
     7	1.11142868273e-08	2.66589445606e-09	1.37801812834e-08
     8	9.34036468268e-09	2.23736354911e-09	1.15777282318e-08
     9	8.19048479136e-09	1.96012721891e-09	1.01506120103e-08

Measurement: t_ro27
  step	t_ro27	FROM	TO
     1	6.17522211974e-09	1.48307364569e-09	7.65829576543e-09
     2	5.22391772774e-09	1.25116570249e-09	6.47508343023e-09
     3	4.6135255605e-09	1.10336333647e-09	5.71688889697e-09
     4	8.62820721277e-09	2.07302739293e-09	1.07012346057e-08
     5	7.16134483178e-09	1.71656582721e-09	8.87791065899e-09
     6	6.23597525434e-09	1.49253672839e-09	7.72851198273e-09
     7	1.24660865243e-08	2.99520631084e-09	1.54612928351e-08
     8	1.02644675017e-08	2.46113870127e-09	1.2725606203e-08
     9	8.8781808979e-09	2.12563365511e-09	1.1003814553e-08

Measurement: t_ro28
  step	t_ro28	FROM	TO
     1	6.10679252691e-09	1.46603620434e-09	7.57282873125e-09
     2	5.18663565088e-09	1.24340989105e-09	6.43004554193e-09
     3	4.593609335e-09	1.099849017e-09	5.693458352e-09
     4	8.46330851213e-09	2.03267484315e-09	1.04959833553e-08
     5	7.05948529947e-09	1.69307380301e-09	8.75255910248e-09
     6	6.16352987538e-09	1.47673214833e-09	7.64026202371e-09
     7	1.21707146648e-08	2.92306877723e-09	1.50937834421e-08
     8	1.00763854822e-08	2.41670606813e-09	1.24930915503e-08
     9	8.74331836856e-09	2.09514249485e-09	1.08384608634e-08

Measurement: t_ro29
  step	t_ro29	FROM	TO
     1	5.96444250045e-09	1.43179544893e-09	7.39623794937e-09
     2	5.08728543606e-09	1.21924720333e-09	6.30653263939e-09
     3	4.51557331274e-09	1.08133448625e-09	5.59690779899e-09
     4	8.24911442031e-09	1.98087054595e-09	1.02299849663e-08
     5	6.91145857817e-09	1.6569670983e-09	8.56842567647e-09
     6	6.05396480992e-09	1.45001928546e-09	7.50398409538e-09
     7	1.18412217226e-08	2.84331768351e-09	1.46845394061e-08
     8	9.84689890045e-09	2.36082246378e-09	1.22077213642e-08
     9	8.57123083734e-09	2.05296223004e-09	1.06241930674e-08

Measurement: t_ro30
  step	t_ro30	FROM	TO
     1	6.42479890426e-09	1.54191198718e-09	7.96671089144e-09
     2	5.38875042541e-09	1.29101802029e-09	6.6797684457e-09
     3	4.7292813149e-09	1.1319481628e-09	5.86122947771e-09
     4	9.01920363712e-09	2.16458796968e-09	1.11837916068e-08
     5	7.40957718322e-09	1.77547109218e-09	9.18504827541e-09
     6	6.40730236192e-09	1.53387496134e-09	7.94117732326e-09
     7	1.30870313279e-08	3.14005621041e-09	1.62270875383e-08
     8	1.06636275133e-08	2.55495934072e-09	1.3218586854e-08
     9	9.16156193623e-09	2.19324619881e-09	1.1354808135e-08

Measurement: t_ro31
  step	t_ro31	FROM	TO
     1	6.18252810058e-09	1.48871090854e-09	7.67123900912e-09
     2	5.21033201927e-09	1.25332964529e-09	6.46366166456e-09
     3	4.60143804179e-09	1.10593532496e-09	5.70737336675e-09
     4	8.68320201827e-09	2.0924283661e-09	1.07756303844e-08
     5	7.17436158357e-09	1.727195617e-09	8.90155720057e-09
     6	6.23497026472e-09	1.50020561031e-09	7.73517587503e-09
     7	1.25849675048e-08	3.03436346363e-09	1.56193309684e-08
     8	1.03087182821e-08	2.48317853445e-09	1.27918968166e-08
     9	8.89520734768e-09	2.14106968582e-09	1.10362770335e-08

Measurement: t_ro32
  step	t_ro32	FROM	TO
     1	5.88872054354e-09	1.41361706258e-09	7.30233760612e-09
     2	5.03736137858e-09	1.20705021736e-09	6.24441159594e-09
     3	4.48024579968e-09	1.07264305538e-09	5.55288885506e-09
     4	8.0953626874e-09	1.94462594811e-09	1.00399886355e-08
     5	6.81466919178e-09	1.63401491764e-09	8.44868410942e-09
     6	5.9856301618e-09	1.43329247601e-09	7.41892263781e-09
     7	1.15745725725e-08	2.78094879036e-09	1.43555213629e-08
     8	9.67473279619e-09	2.3205944385e-09	1.19953272347e-08
     9	8.44770327641e-09	2.02387750264e-09	1.0471580779e-08

Measurement: t_ro33
  step	t_ro33	FROM	TO
     1	5.74768121709e-09	1.37905663769e-09	7.12673785478e-09
     2	4.9366176972e-09	1.18378883853e-09	6.12040653573e-09
     3	4.40460424932e-09	1.05570355158e-09	5.4603078009e-09
     4	7.81488599087e-09	1.87609042342e-09	9.69097641429e-09
     5	6.6081417568e-09	1.58489517662e-09	8.19303693342e-09
     6	5.82563264737e-09	1.39660664136e-09	7.22223928873e-09
     7	1.10843911518e-08	2.66128751425e-09	1.3745678666e-08
     8	9.30773838092e-09	2.23265786632e-09	1.15403962472e-08
     9	8.15867246657e-09	1.95642798622e-09	1.01151004528e-08

Measurement: t_ro34
  step	t_ro34	FROM	TO
     1	5.62615476808e-09	1.35119609972e-09	6.9773508678e-09
     2	4.84842002183e-09	1.16324885526e-09	6.01166887709e-09
     3	4.34407474082e-09	1.04134086278e-09	5.3854156036e-09
     4	7.66308920059e-09	1.84105761449e-09	9.50414681508e-09
     5	6.5051163974e-09	1.56108135881e-09	8.06619775621e-09
     6	5.75262989417e-09	1.37969183821e-09	7.13232173238e-09
     7	1.08585643858e-08	2.60912529018e-09	1.3467689676e-08
     8	9.15396932542e-09	2.19709356797e-09	1.13510628934e-08
     9	8.04769309937e-09	1.93031391199e-09	9.97800701136e-09

Measurement: t_ro35
  step	t_ro35	FROM	TO
     1	5.79297138627e-09	1.38595310185e-09	7.17892448812e-09
     2	4.95999995847e-09	1.18652712016e-09	6.14652707863e-09
     3	4.43216856923e-09	1.05889713191e-09	5.49106570114e-09
     4	7.90879963681e-09	1.89213708773e-09	9.80093672453e-09
     5	6.67906911689e-09	1.59591993048e-09	8.27498904737e-09
     6	5.88327681434e-09	1.40501471724e-09	7.28829153158e-09
     7	1.12433910917e-08	2.68928176907e-09	1.39326728608e-08
     8	9.42953386588e-09	2.25260154656e-09	1.16821354124e-08
     9	8.25774146247e-09	1.97153165827e-09	1.02292731207e-08

Measurement: t_ro36
  step	t_ro36	FROM	TO
     1	6.12210126685e-09	1.47837075677e-09	7.60047202362e-09
     2	5.18571420175e-09	1.24942522377e-09	6.43513942552e-09
     3	4.59195262339e-09	1.1049260612e-09	5.69687868459e-09
     4	8.5297842146e-09	2.06196595492e-09	1.05917501695e-08
     5	7.09898312865e-09	1.71231631986e-09	8.81129944851e-09
     6	6.19073515435e-09	1.49132162082e-09	7.68205677517e-09
     7	1.23052098099e-08	2.97594192456e-09	1.52811517345e-08
     8	1.01605217617e-08	2.45214132118e-09	1.26126630829e-08
     9	8.80269372767e-09	2.12204029086e-09	1.09247340185e-08

Measurement: t_ro37
  step	t_ro37	FROM	TO
     1	5.95826803146e-09	1.42917246524e-09	7.38744049669e-09
     2	5.07847945786e-09	1.2169916443e-09	6.29547110216e-09
     3	4.50357224752e-09	1.07836074084e-09	5.58193298836e-09
     4	8.23352305542e-09	1.97470075889e-09	1.02082238143e-08
     5	6.8853346036e-09	1.65024585075e-09	8.53558045435e-09
     6	6.0281148146e-09	1.44385701804e-09	7.47197183264e-09
     7	1.17983545901e-08	2.82972147257e-09	1.46280760627e-08
     8	9.79055773719e-09	2.34691873592e-09	1.21374764731e-08
     9	8.51774552561e-09	2.04055838684e-09	1.05583039124e-08

Measurement: t_ro38
  step	t_ro38	FROM	TO
     1	6.12722081116e-09	1.47663584852e-09	7.60385665968e-09
     2	5.18097773738e-09	1.24629129481e-09	6.42726903219e-09
     3	4.58213380853e-09	1.10093782104e-09	5.68307162956e-09
     4	8.5337689858e-09	2.05815562068e-09	1.05919246065e-08
     5	7.08250383184e-09	1.70485517417e-09	8.78735900601e-09
     6	6.17020109925e-09	1.48360059124e-09	7.65380169049e-09
     7	1.23127558278e-08	2.97062620922e-09	1.5283382037e-08
     8	1.01329058244e-08	2.44011168665e-09	1.2573017511e-08
     9	8.76751326959e-09	2.10890708786e-09	1.08764203574e-08

Measurement: t_ro39
  step	t_ro39	FROM	TO
     1	5.9538299278e-09	1.43388896707e-09	7.38771889486e-09
     2	5.08508534732e-09	1.22241066266e-09	6.30749600997e-09
     3	4.51378892975e-09	1.08401320184e-09	5.5978021316e-09
     4	8.19249175752e-09	1.97474205661e-09	1.01672338141e-08
     5	6.87577244064e-09	1.65436418673e-09	8.53013662736e-09
     6	6.02716179708e-09	1.44873616896e-09	7.47589796605e-09
     7	1.17228835064e-08	2.82631605228e-09	1.45491995587e-08
     8	9.76657496608e-09	2.35095237849e-09	1.21175273446e-08
     9	8.51045544085e-09	2.04670932886e-09	1.05571647697e-08

Measurement: t_ro40
  step	t_ro40	FROM	TO
     1	5.79580469247e-09	1.39402999279e-09	7.18983468526e-09
     2	4.96011569099e-09	1.19273317571e-09	6.1528488667e-09
     3	4.42180448986e-09	1.06168610295e-09	5.48349059281e-09
     4	7.96729173463e-09	1.91712358561e-09	9.88441532024e-09
     5	6.70015711788e-09	1.61083694354e-09	8.31099406142e-09
     6	5.89105032075e-09	1.41561004387e-09	7.30666036462e-09
     7	1.13654754896e-08	2.73589220284e-09	1.41013676925e-08
     8	9.48563647685e-09	2.28169289647e-09	1.17673293733e-08
     9	8.28917360394e-09	1.99299084775e-09	1.02821644517e-08

Measurement: t_ro41
  step	t_ro41	FROM	TO
     1	5.86761620581e-09	1.41032677869e-09	7.27794298451e-09
     2	5.01050740358e-09	1.20370253206e-09	6.21420993564e-09
     3	4.46087549824e-09	1.07144102653e-09	5.53231652476e-09
     4	8.0762333384e-09	1.94218767644e-09	1.00184210148e-08
     5	6.78490021046e-09	1.63065631953e-09	8.41555652998e-09
     6	5.9565627871e-09	1.43117705846e-09	7.38773984557e-09
     7	1.15547803203e-08	2.77953820124e-09	1.43343185215e-08
     8	9.63527999258e-09	2.3165391399e-09	1.19518191325e-08
     9	8.40753091126e-09	2.02071481276e-09	1.0428245724e-08

Measurement: t_ro42
  step	t_ro42	FROM	TO
     1	5.69317048132e-09	1.37159123692e-09	7.06476171825e-09
     2	4.90063426576e-09	1.17823330285e-09	6.07886756861e-09
     3	4.37893174351e-09	1.0513606296e-09	5.4302923731e-09
     4	7.75882914691e-09	1.87328631531e-09	9.63211546222e-09
     5	6.57583156377e-09	1.58363093664e-09	8.15946250042e-09
     6	5.80655436482e-09	1.39627156317e-09	7.20282592799e-09
     7	1.10150302553e-08	2.66234573166e-09	1.3677375987e-08
     8	9.27160875456e-09	2.23545841569e-09	1.15070671702e-08
     9	8.1399377185e-09	1.96002674334e-09	1.00999644618e-08

Measurement: t_ro43
  step	t_ro43	FROM	TO
     1	5.82382322506e-09	1.39764582704e-09	7.2214690521e-09
     2	4.98513437562e-09	1.19394900803e-09	6.17908338365e-09
     3	4.44104199087e-09	1.06238842933e-09	5.50343042021e-09
     4	7.9999141362e-09	1.92011499364e-09	9.92002912983e-09
     5	6.73175863255e-09	1.61366885864e-09	8.34542749119e-09
     6	5.91972075351e-09	1.41619966841e-09	7.33592042192e-09
     7	1.14234967828e-08	2.7431748064e-09	1.41666715892e-08
     8	9.54397663528e-09	2.28860008549e-09	1.18325767208e-08
     9	8.33775313072e-09	1.99742411229e-09	1.0335177243e-08

Measurement: t_ro44
  step	t_ro44	FROM	TO
     1	6.22791362751e-09	1.49023919347e-09	7.71815282098e-09
     2	5.24371009873e-09	1.2539880534e-09	6.49769815213e-09
     3	4.6339845375e-09	1.10761683087e-09	5.74160136837e-09
     4	8.71576184046e-09	2.08529776184e-09	1.08010596023e-08
     5	7.20000597625e-09	1.72210551977e-09	8.92211149602e-09
     6	6.25111242086e-09	1.4937468278e-09	7.74485924866e-09
     7	1.26055288474e-08	3.01402505093e-09	1.56195538984e-08
     8	1.03246220141e-08	2.46707288874e-09	1.27916949029e-08
     9	8.90650859703e-09	2.12746367164e-09	1.10339722687e-08

Measurement: t_ro45
  step	t_ro45	FROM	TO
     1	5.54980821891e-09	1.32812483019e-09	6.8779330491e-09
     2	4.79996640472e-09	1.1467024469e-09	5.94666885162e-09
     3	4.3098187994e-09	1.03020849428e-09	5.34002729368e-09
     4	7.49637246744e-09	1.79400008719e-09	9.29037255463e-09
     5	6.38929079826e-09	1.52759656279e-09	7.91688736105e-09
     6	5.66578576307e-09	1.35404661925e-09	7.01983238232e-09
     7	1.05669880354e-08	2.52838873336e-09	1.30953767687e-08
     8	8.94644689568e-09	2.13867897163e-09	1.10851258673e-08
     9	7.89029064365e-09	1.88524270838e-09	9.77553335203e-09

Measurement: t_ro46
  step	t_ro46	FROM	TO
     1	6.22043808185e-09	1.51062126594e-09	7.73105934779e-09
     2	5.24149708029e-09	1.26615383698e-09	6.50765091727e-09
     3	4.61591296003e-09	1.11158130822e-09	5.72749426825e-09
     4	8.69456830387e-09	2.11505464191e-09	1.08096229458e-08
     5	7.17196037059e-09	1.73662682367e-09	8.90858719426e-09
     6	6.22587191918e-09	1.50315206824e-09	7.72902398743e-09
     7	1.25654234478e-08	3.05877746044e-09	1.56242009083e-08
     8	1.02738213804e-08	2.49120334653e-09	1.27650247269e-08
     9	8.85562859585e-09	2.1416899639e-09	1.09973185598e-08

Measurement: t_ro47
  step	t_ro47	FROM	TO
     1	5.95722358058e-09	1.42696449081e-09	7.38418807138e-09
     2	5.0795001246e-09	1.21554793855e-09	6.29504806315e-09
     3	4.50473292283e-09	1.07732348098e-09	5.58205640381e-09
     4	8.2447607272e-09	1.97510553682e-09	1.0219866264e-08
     5	6.90215277572e-09	1.65158548798e-09	8.5537382637e-09
     6	6.04401894558e-09	1.44537928352e-09	7.4893982291e-09
     7	1.18323047186e-08	2.8340615932e-09	1.46663663118e-08
     8	9.83136018913e-09	2.35225851732e-09	1.21836187065e-08
     9	8.55489961447e-09	2.04555332765e-09	1.06004529421e-08

Measurement: t_ro48
  step	t_ro48	FROM	TO
     1	5.94897015165e-09	1.42477473338e-09	7.37374488503e-09
     2	5.07421359653e-09	1.21400395157e-09	6.2882175481e-09
     3	4.50442136349e-09	1.07702355716e-09	5.58144492065e-09
     4	8.18333774407e-09	1.96029390562e-09	1.01436316497e-08
     5	6.86453875097e-09	1.64241727609e-09	8.50695602706e-09
     6	6.01723438411e-09	1.43871467019e-09	7.4559490543e-09
     7	1.17114276147e-08	2.8050963593e-09	1.4516523974e-08
     8	9.75232432057e-09	2.33329862783e-09	1.20856229484e-08
     9	8.49743371537e-09	2.03155597923e-09	1.05289896946e-08

Measurement: t_ro49
  step	t_ro49	FROM	TO
     1	5.98978670659e-09	1.4360383976e-09	7.42582510419e-09
     2	5.11999881066e-09	1.22486605587e-09	6.34486486652e-09
     3	4.52250925577e-09	1.08183497747e-09	5.60434423324e-09
     4	8.27442286296e-09	1.98379628966e-09	1.02582191526e-08
     5	6.92347460326e-09	1.65769226159e-09	8.58116686485e-09
     6	6.05963683558e-09	1.44967688667e-09	7.50931372226e-09
     7	1.18732878058e-08	2.84617204052e-09	1.47194598463e-08
     8	9.85972018435e-09	2.36055860597e-09	1.22202787903e-08
     9	8.57587735686e-09	2.0515459229e-09	1.06274232798e-08

Measurement: t_ro50
  step	t_ro50	FROM	TO
     1	5.92005037573e-09	1.41753776571e-09	7.33758814144e-09
     2	5.05732718961e-09	1.20894491001e-09	6.26627209962e-09
     3	4.49156260701e-09	1.07327576963e-09	5.56483837664e-09
     4	8.18977436546e-09	1.95937741056e-09	1.0149151776e-08
     5	6.86374070582e-09	1.64090662165e-09	8.50464732747e-09
     6	6.01474702651e-09	1.43728229724e-09	7.45202932375e-09
     7	1.17480782369e-08	2.81003910109e-09	1.4558117338e-08
     8	9.77094177302e-09	2.33560320998e-09	1.2106544983e-08
     9	8.50841852752e-09	2.03276152911e-09	1.05411800566e-08

Measurement: t_ro51
  step	t_ro51	FROM	TO
     1	6.13441973565e-09	1.46967788868e-09	7.60409762434e-09
     2	5.19288082076e-09	1.24225161145e-09	6.43513243221e-09
     3	4.59208753742e-09	1.09778836566e-09	5.68987590308e-09
     4	8.56967420078e-09	2.05305972058e-09	1.06227339214e-08
     5	7.11964260098e-09	1.70354964743e-09	8.82319224841e-09
     6	6.20324561475e-09	1.48294858322e-09	7.68619419797e-09
     7	1.23781099507e-08	2.9647917989e-09	1.53429017496e-08
     8	1.02010528092e-08	2.44071665833e-09	1.26417694676e-08
     9	8.8293899097e-09	2.11083836214e-09	1.09402282718e-08

Measurement: t_ro52
  step	t_ro52	FROM	TO
     1	5.6436738675e-09	1.34964078682e-09	6.99331465432e-09
     2	4.8613519177e-09	1.16122806424e-09	6.02257998194e-09
     3	4.34892734929e-09	1.03819643762e-09	5.38712378691e-09
     4	7.68981109606e-09	1.83854811126e-09	9.52835920732e-09
     5	6.51608601236e-09	1.55652055789e-09	8.07260657026e-09
     6	5.75711829649e-09	1.37413637142e-09	7.13125466791e-09
     7	1.09049754868e-08	2.60685947205e-09	1.35118349589e-08
     8	9.17450771106e-09	2.19129609044e-09	1.13658038015e-08
     9	8.05838932237e-09	1.9235439108e-09	9.98193323317e-09

Measurement: t_ro53
  step	t_ro53	FROM	TO
     1	6.10442160727e-09	1.46617399603e-09	7.57059560329e-09
     2	5.17188533585e-09	1.24018033438e-09	6.41206567023e-09
     3	4.57732285475e-09	1.09566033996e-09	5.67298319471e-09
     4	8.46770895434e-09	2.0348153171e-09	1.05025242714e-08
     5	7.04229829915e-09	1.68990895727e-09	8.73220725641e-09
     6	6.14357378095e-09	1.47216605235e-09	7.6157398333e-09
     7	1.21733116862e-08	2.92553996469e-09	1.50988516509e-08
     8	1.00466253048e-08	2.41149544609e-09	1.24581207509e-08
     9	8.7068840604e-09	2.08760548382e-09	1.07944895442e-08

Measurement: t_ro54
  step	t_ro54	FROM	TO
     1	5.920018244e-09	1.42332830629e-09	7.34334655028e-09
     2	5.04388764927e-09	1.21148172834e-09	6.25536937761e-09
     3	4.48002782975e-09	1.07571603158e-09	5.55574386133e-09
     4	8.1764808267e-09	1.96602488692e-09	1.01425057136e-08
     5	6.85005463544e-09	1.64579614893e-09	8.49585078438e-09
     6	6.0029066506e-09	1.441701116e-09	7.4446077666e-09
     7	1.17245946114e-08	2.81959675411e-09	1.45441913655e-08
     8	9.74648522983e-09	2.34220336989e-09	1.20886885997e-08
     9	8.48718677088e-09	2.03863452263e-09	1.05258212935e-08

Measurement: t_ro55
  step	t_ro55	FROM	TO
     1	6.30877489423e-09	1.5137198464e-09	7.82249474063e-09
     2	5.28850922382e-09	1.26691471593e-09	6.55542393974e-09
     3	4.65210604477e-09	1.11363901417e-09	5.76574505894e-09
     4	8.9131631342e-09	2.13888667326e-09	1.10520498075e-08
     5	7.31910162352e-09	1.75354132741e-09	9.07264295093e-09
     6	6.33589560535e-09	1.51638304589e-09	7.85227865125e-09
     7	1.29750056875e-08	3.11294257783e-09	1.60879482653e-08
     8	1.0556442908e-08	2.52882080551e-09	1.30852637135e-08
     9	9.07108761077e-09	2.17099308217e-09	1.12420806929e-08

Measurement: t_ro56
  step	t_ro56	FROM	TO
     1	5.87885860874e-09	1.4052782702e-09	7.28413687894e-09
     2	5.02397940682e-09	1.19914560103e-09	6.22312500785e-09
     3	4.47579323153e-09	1.06720761205e-09	5.54300084358e-09
     4	8.08953613131e-09	1.93321413496e-09	1.00227502663e-08
     5	6.80203752835e-09	1.62334928707e-09	8.42538681542e-09
     6	5.97179205123e-09	1.42424480379e-09	7.39603685503e-09
     7	1.15759162386e-08	2.76516523018e-09	1.43410814687e-08
     8	9.66133441917e-09	2.30501521175e-09	1.19663496309e-08
     9	8.43061155512e-09	2.01005683003e-09	1.04406683851e-08

Measurement: t_ro57
  step	t_ro57	FROM	TO
     1	6.01686783298e-09	1.44463951194e-09	7.46150734491e-09
     2	5.12000576558e-09	1.22733446671e-09	6.34734023229e-09
     3	4.54271543612e-09	1.08865079451e-09	5.63136623063e-09
     4	8.30914580527e-09	1.99572212728e-09	1.03048679326e-08
     5	6.9537175707e-09	1.66849361128e-09	8.62221118198e-09
     6	6.08522783123e-09	1.45918211395e-09	7.54440994518e-09
     7	1.19156581734e-08	2.86219080646e-09	1.47778489799e-08
     8	9.89830760953e-09	2.37571309497e-09	1.22740207045e-08
     9	8.60956066178e-09	2.0650622151e-09	1.06746228769e-08

Measurement: t_ro58
  step	t_ro58	FROM	TO
     1	6.15839721066e-09	1.47701266885e-09	7.63540987951e-09
     2	5.21355882915e-09	1.24822390709e-09	6.46178273624e-09
     3	4.60645893885e-09	1.10169722589e-09	5.70815616474e-09
     4	8.60888326868e-09	2.06505027448e-09	1.06739335432e-08
     5	7.1535803813e-09	1.71293932825e-09	8.86651970955e-09
     6	6.23110161824e-09	1.49045739259e-09	7.72155901083e-09
     7	1.24538029569e-08	2.98677646608e-09	1.5440579423e-08
     8	1.02666344496e-08	2.45831341651e-09	1.27249478661e-08
     9	8.88326064783e-09	2.1248884777e-09	1.10081491255e-08

Measurement: t_ro59
  step	t_ro59	FROM	TO
     1	5.70512374911e-09	1.37301102955e-09	7.07813477866e-09
     2	4.91031250542e-09	1.18036230328e-09	6.0906748087e-09
     3	4.38806179139e-09	1.05398817323e-09	5.44204996462e-09
     4	7.78177274973e-09	1.87430496799e-09	9.65607771772e-09
     5	6.59297225206e-09	1.58623855225e-09	8.17921080431e-09
     6	5.8188687143e-09	1.39888728135e-09	7.21775599565e-09
     7	1.10540679072e-08	2.66390441708e-09	1.37179723242e-08
     8	9.30086451301e-09	2.23919462873e-09	1.15400591417e-08
     9	8.16028903077e-09	1.96363956356e-09	1.01239285943e-08

Measurement: t_ro60
  step	t_ro60	FROM	TO
     1	6.00632633077e-09	1.44070291424e-09	7.44702924502e-09
     2	5.11796172292e-09	1.22493671952e-09	6.34289844244e-09
     3	4.52609600443e-09	1.08389890591e-09	5.60999491033e-09
     4	8.33388680435e-09	1.99903013028e-09	1.03329169346e-08
     5	6.96150109466e-09	1.66810998918e-09	8.62961108384e-09
     6	6.08652761233e-09	1.45748724086e-09	7.54401485319e-09
     7	1.1988554814e-08	2.87541456927e-09	1.48639693833e-08
     8	9.93636625156e-09	2.38089932647e-09	1.2317265578e-08
     9	8.63223558759e-09	2.06696757985e-09	1.06992031674e-08

Measurement: t_ro61
  step	t_ro61	FROM	TO
     1	5.64399187567e-09	1.35478919024e-09	6.99878106591e-09
     2	4.86631736174e-09	1.16626523264e-09	6.03258259439e-09
     3	4.35554326213e-09	1.04260780754e-09	5.39815106967e-09
     4	7.65562356093e-09	1.83803367967e-09	9.4936572406e-09
     5	6.49740925536e-09	1.55805900223e-09	8.05546825759e-09
     6	5.74475034647e-09	1.3759691051e-09	7.12071945157e-09
     7	1.08261789713e-08	2.59936601471e-09	1.3425544986e-08
     8	9.12396694873e-09	2.18848660728e-09	1.1312453556e-08
     9	8.0206882205e-09	1.92178089481e-09	9.94246911531e-09

Measurement: t_ro62
  step	t_ro62	FROM	TO
     1	5.96698815431e-09	1.4305482874e-09	7.3975364417e-09
     2	5.08341810445e-09	1.2179953971e-09	6.30141350155e-09
     3	4.51053747043e-09	1.08087175465e-09	5.59140922508e-09
     4	8.23540225462e-09	1.97532549245e-09	1.02107277471e-08
     5	6.89635893158e-09	1.65256486438e-09	8.54892379596e-09
     6	6.04056989506e-09	1.44714943984e-09	7.4877193349e-09
     7	1.18005114025e-08	2.8303639833e-09	1.46308753858e-08
     8	9.80963537426e-09	2.35048623072e-09	1.2160121605e-08
     9	8.53967465248e-09	2.04559231706e-09	1.05852669695e-08

Measurement: t_ro63
  step	t_ro63	FROM	TO
     1	5.65976417153e-09	1.35810859101e-09	7.01787276254e-09
     2	4.85470543413e-09	1.16397766803e-09	6.01868310216e-09
     3	4.32435459437e-09	1.0367042932e-09	5.36105888757e-09
     4	7.76768824051e-09	1.86459021166e-09	9.63227845217e-09
     5	6.54531738879e-09	1.56976979513e-09	8.11508718391e-09
     6	5.76434062628e-09	1.38187185645e-09	7.14621248272e-09
     7	1.10637408282e-08	2.65625071672e-09	1.3719991545e-08
     8	9.24648604044e-09	2.21801212978e-09	1.14644981702e-08
     9	8.09281069087e-09	1.94002811877e-09	1.00328388096e-08

Measurement: t_ro64
  step	t_ro64	FROM	TO
     1	5.74479063157e-09	1.37992551102e-09	7.12471614259e-09
     2	4.92845902296e-09	1.18288167062e-09	6.11134069358e-09
     3	4.39766939341e-09	1.05476275209e-09	5.4524321455e-09
     4	7.87333610063e-09	1.89188231861e-09	9.76521841924e-09
     5	6.64152636872e-09	1.59440464268e-09	8.23593101139e-09
     6	5.85080809236e-09	1.40386880012e-09	7.25467689248e-09
     7	1.12133635883e-08	2.69496444054e-09	1.39083280289e-08
     8	9.39023999103e-09	2.25480853143e-09	1.16450485225e-08
     9	8.22332257321e-09	1.97355455618e-09	1.01968771294e-08

Measurement: t_ro65
  step	t_ro65	FROM	TO
     1	5.75999839328e-09	1.37942262908e-09	7.13942102237e-09
     2	4.9452108896e-09	1.18389135583e-09	6.12910224543e-09
     3	4.40840621267e-09	1.05435252582e-09	5.46275873849e-09
     4	7.91502123184e-09	1.8961022961e-09	9.81112352794e-09
     5	6.66739944368e-09	1.59591791002e-09	8.26331735371e-09
     6	5.86644782999e-09	1.40348656225e-09	7.26993439224e-09
     7	1.12837103632e-08	2.7027706095e-09	1.39864809727e-08
     8	9.43406466118e-09	2.25810443282e-09	1.1692169094e-08
     9	8.25026299431e-09	1.9738682702e-09	1.02241312645e-08

Measurement: t_ro66
  step	t_ro66	FROM	TO
     1	5.80169994845e-09	1.38994446863e-09	7.19164441708e-09
     2	4.9599999888e-09	1.1871984343e-09	6.1471984231e-09
     3	4.41714767965e-09	1.05620417146e-09	5.47335185111e-09
     4	7.9916640872e-09	1.91497231488e-09	9.90663640208e-09
     5	6.711427954e-09	1.60612180707e-09	8.31754976107e-09
     6	5.89394829591e-09	1.40952821241e-09	7.30347650832e-09
     7	1.14224003017e-08	2.73692291603e-09	1.41593232178e-08
     8	9.51768447859e-09	2.27773265571e-09	1.17954171343e-08
     9	8.30516563004e-09	1.98618272142e-09	1.02913483515e-08

Measurement: t_ro67
  step	t_ro67	FROM	TO
     1	6.18656636849e-09	1.47950998321e-09	7.6660763517e-09
     2	5.23081021923e-09	1.24957560739e-09	6.48038582662e-09
     3	4.61334956459e-09	1.101350036e-09	5.71469960059e-09
     4	8.62502083869e-09	2.06237546402e-09	1.06873963027e-08
     5	7.15108812486e-09	1.7079423486e-09	8.85903047346e-09
     6	6.22234514271e-09	1.48520755196e-09	7.70755269467e-09
     7	1.24614156019e-08	2.9788565097e-09	1.54402721116e-08
     8	1.02499382512e-08	2.44748065931e-09	1.26974189105e-08
     9	8.85988326496e-09	2.1141689362e-09	1.09740522012e-08

Measurement: t_ro68
  step	t_ro68	FROM	TO
     1	5.80262724207e-09	1.38986686056e-09	7.19249410263e-09
     2	4.97899263008e-09	1.19143032325e-09	6.17042295333e-09
     3	4.43935596698e-09	1.06162852213e-09	5.50098448911e-09
     4	7.94501469636e-09	1.90300791457e-09	9.84802261093e-09
     5	6.70882336469e-09	1.60559327409e-09	8.31441663878e-09
     6	5.9064851912e-09	1.41256793711e-09	7.31905312831e-09
     7	1.13196010825e-08	2.71084045113e-09	1.40304415336e-08
     8	9.49184485986e-09	2.27112955245e-09	1.17629744123e-08
     9	8.3087644741e-09	1.98673110152e-09	1.02954955756e-08

Measurement: t_ro69
  step	t_ro69	FROM	TO
     1	6.31302535995e-09	1.51087970054e-09	7.82390506049e-09
     2	5.28000737879e-09	1.26319832074e-09	6.54320569953e-09
     3	4.65006629003e-09	1.11052495575e-09	5.76059124577e-09
     4	8.87275631977e-09	2.12350737835e-09	1.09962636981e-08
     5	7.29135321197e-09	1.74275294111e-09	9.03410615308e-09
     6	6.31333742268e-09	1.50783073302e-09	7.82116815569e-09
     7	1.28756910401e-08	3.08058371623e-09	1.59562747563e-08
     8	1.04893436857e-08	2.50669489188e-09	1.29960385776e-08
     9	9.01716920309e-09	2.15326305923e-09	1.11704322623e-08

Measurement: t_ro70
  step	t_ro70	FROM	TO
     1	6.13340632428e-09	1.48214609496e-09	7.61555241925e-09
     2	5.18754486333e-09	1.25200482506e-09	6.43954968839e-09
     3	4.5858393748e-09	1.1059768098e-09	5.6918161846e-09
     4	8.56299673458e-09	2.07118922994e-09	1.06341859645e-08
     5	7.10655263548e-09	1.71635300006e-09	8.82290563554e-09
     6	6.18915813512e-09	1.49368653898e-09	7.6828446741e-09
     7	1.23730411843e-08	2.99390529613e-09	1.53669464804e-08
     8	1.01826960644e-08	2.46034675884e-09	1.26430428232e-08
     9	8.80742771439e-09	2.12642258334e-09	1.09338502977e-08

Measurement: t_ro71
  step	t_ro71	FROM	TO
     1	5.66669503967e-09	1.36337898408e-09	7.03007402375e-09
     2	4.87701177044e-09	1.17222673592e-09	6.04923850636e-09
     3	4.35968918759e-09	1.04666025457e-09	5.40634944216e-09
     4	7.72677795894e-09	1.86030609486e-09	9.5870840538e-09
     5	6.54470503282e-09	1.57425076022e-09	8.11895579304e-09
     6	5.77791830621e-09	1.38844576707e-09	7.16636407328e-09
     7	1.09781339599e-08	2.64406928216e-09	1.36222032421e-08
     8	9.23214741977e-09	2.22172171471e-09	1.14538691345e-08
     9	8.10278602445e-09	1.94829216061e-09	1.00510781851e-08

Measurement: t_ro72
  step	t_ro72	FROM	TO
     1	5.57491913743e-09	1.3375802442e-09	6.91249938163e-09
     2	4.81699176242e-09	1.15512168534e-09	5.97211344776e-09
     3	4.31999710965e-09	1.03546802739e-09	5.35546513704e-09
     4	7.52635263483e-09	1.80637380699e-09	9.33272644181e-09
     5	6.40964580241e-09	1.5377583354e-09	7.94740413781e-09
     6	5.67868750376e-09	1.36186482489e-09	7.04055232866e-09
     7	1.06152812504e-08	2.54791132495e-09	1.31631925754e-08
     8	8.98223050216e-09	2.15525970684e-09	1.1137490209e-08
     9	7.91468818507e-09	1.89864059122e-09	9.81332877629e-09

Measurement: t_ro73
  step	t_ro73	FROM	TO
     1	6.03288622239e-09	1.4468348194e-09	7.47972104179e-09
     2	5.12000406896e-09	1.22572156663e-09	6.34572563558e-09
     3	4.54395672536e-09	1.08697886856e-09	5.63093559392e-09
     4	8.35698178369e-09	2.00489908793e-09	1.03618808716e-08
     5	6.98276621312e-09	1.67247777195e-09	8.65524398507e-09
     6	6.10589854953e-09	1.46083070083e-09	7.56672925036e-09
     7	1.20149083692e-08	2.88214176877e-09	1.4897050138e-08
     8	9.96417909926e-09	2.38648156293e-09	1.23506606622e-08
     9	8.65895961978e-09	2.07157069235e-09	1.07305303121e-08

Measurement: t_ro74
  step	t_ro74	FROM	TO
     1	5.62076513157e-09	1.34639439827e-09	6.96715952984e-09
     2	4.85337055031e-09	1.16184823296e-09	6.01521878327e-09
     3	4.34558669067e-09	1.03978468707e-09	5.38537137775e-09
     4	7.63303015849e-09	1.82843778008e-09	9.46146793857e-09
     5	6.48933083911e-09	1.55324727775e-09	8.04257811686e-09
     6	5.74181532817e-09	1.37378960143e-09	7.1156049296e-09
     7	1.0801392337e-08	2.58717792202e-09	1.3388570259e-08
     8	9.12065033992e-09	2.18305924137e-09	1.13037095813e-08
     9	8.02515902407e-09	1.91987923912e-09	9.9450382632e-09

Measurement: t_ro75
  step	t_ro75	FROM	TO
     1	5.93905250643e-09	1.43317117846e-09	7.3722236849e-09
     2	5.06330613094e-09	1.22003166389e-09	6.28333779482e-09
     3	4.49763094617e-09	1.08198597474e-09	5.57961692091e-09
     4	8.19611281152e-09	1.9823313513e-09	1.01784441628e-08
     5	6.86691751253e-09	1.65820260566e-09	8.52512011818e-09
     6	6.0173749225e-09	1.45099081762e-09	7.46836574012e-09
     7	1.17452269874e-08	2.84402585617e-09	1.45892528436e-08
     8	9.76583974749e-09	2.36104212134e-09	1.21268818688e-08
     9	8.5048755307e-09	2.05386278728e-09	1.0558738318e-08

Measurement: t_ro76
  step	t_ro76	FROM	TO
     1	5.44790072663e-09	1.30460985198e-09	6.75251057861e-09
     2	4.73449194515e-09	1.1323992034e-09	5.86689114855e-09
     3	4.25769448631e-09	1.01778911116e-09	5.27548359747e-09
     4	7.33051152112e-09	1.7557152034e-09	9.08622672453e-09
     5	6.27662559309e-09	1.50156850897e-09	7.77819410205e-09
     6	5.58333380333e-09	1.33477425026e-09	6.91810805359e-09
     7	1.03026634469e-08	2.46734848085e-09	1.27700119278e-08
     8	8.76581867223e-09	2.09705663742e-09	1.08628753096e-08
     9	7.75703225096e-09	1.85440968801e-09	9.61144193897e-09

Measurement: t_ro77
  step	t_ro77	FROM	TO
     1	6.03803822656e-09	1.45215831639e-09	7.49019654295e-09
     2	5.13564747895e-09	1.23260368989e-09	6.36825116884e-09
     3	4.55121200681e-09	1.0904681109e-09	5.64168011771e-09
     4	8.35422562897e-09	2.01068587008e-09	1.03649114991e-08
     5	6.9816582682e-09	1.67711704535e-09	8.65877531356e-09
     6	6.10448462702e-09	1.4643619268e-09	7.56884655382e-09
     7	1.19924068269e-08	2.8871960641e-09	1.4879602891e-08
     8	9.94715932066e-09	2.39063351263e-09	1.23377928333e-08
     9	8.644536294e-09	2.07521989729e-09	1.07197561913e-08

Measurement: t_ro78
  step	t_ro78	FROM	TO
     1	5.9915714117e-09	1.43653457571e-09	7.42810598741e-09
     2	5.11113566093e-09	1.22270758114e-09	6.33384324207e-09
     3	4.52909920955e-09	1.0827343991e-09	5.61183360865e-09
     4	8.29270939175e-09	1.98894459926e-09	1.0281653991e-08
     5	6.94020904925e-09	1.66136139599e-09	8.60157044524e-09
     6	6.07610679964e-09	1.45341476291e-09	7.52952156255e-09
     7	1.19006613966e-08	2.8540517628e-09	1.47547131594e-08
     8	9.884387561e-09	2.36618002353e-09	1.22505675845e-08
     9	8.59837620827e-09	2.05622761705e-09	1.06546038253e-08

Measurement: t_ro79
  step	t_ro79	FROM	TO
     1	5.95665966624e-09	1.42747649261e-09	7.38413615885e-09
     2	5.07366325103e-09	1.21417385921e-09	6.28783711024e-09
     3	4.50368313908e-09	1.0768908887e-09	5.58057402778e-09
     4	8.24620823597e-09	1.97679311575e-09	1.02230013517e-08
     5	6.90008949082e-09	1.65203771439e-09	8.55212720521e-09
     6	6.04075289071e-09	1.44509774334e-09	7.48585063405e-09
     7	1.18431106837e-08	2.8389050588e-09	1.46820157425e-08
     8	9.83312361549e-09	2.35454279874e-09	1.21876664142e-08
     9	8.55347259323e-09	2.0467108897e-09	1.06001834829e-08

Measurement: t_ro80
  step	t_ro80	FROM	TO
     1	5.86546221265e-09	1.40467836683e-09	7.27014057947e-09
     2	5.00422760554e-09	1.19710034019e-09	6.20132794573e-09
     3	4.45509573762e-09	1.06509870308e-09	5.5201944407e-09
     4	8.07609524663e-09	1.93383238422e-09	1.00099276309e-08
     5	6.77850953902e-09	1.62130818802e-09	8.39981772703e-09
     6	5.95013658355e-09	1.42216443577e-09	7.37230101933e-09
     7	1.15472888538e-08	2.76421324261e-09	1.43115020964e-08
     8	9.62011155333e-09	2.30051434502e-09	1.19206258983e-08
     9	8.39367214309e-09	2.00584486508e-09	1.03995170082e-08

Measurement: t_ro81
  step	t_ro81	FROM	TO
     1	6.55999996531e-09	1.57085365755e-09	8.13085362287e-09
     2	5.46128843428e-09	1.30713210209e-09	6.76842053637e-09
     3	4.78748198751e-09	1.14487034361e-09	5.93235233112e-09
     4	9.28612718662e-09	2.2237233554e-09	1.1509850542e-08
     5	7.57409939733e-09	1.81204398943e-09	9.38614338675e-09
     6	6.52373389231e-09	1.56010423828e-09	8.08383813058e-09
     7	1.35453521042e-08	3.24249793907e-09	1.67878500432e-08
     8	1.0951886001e-08	2.61933096332e-09	1.35712169643e-08
     9	9.3641622989e-09	2.23845220279e-09	1.16026145017e-08

Measurement: t_ro82
  step	t_ro82	FROM	TO
     1	5.87450997918e-09	1.41483264244e-09	7.28934262162e-09
     2	5.01377422913e-09	1.20626555115e-09	6.22003978028e-09
     3	4.46058247024e-09	1.07275679768e-09	5.53333926793e-09
     4	8.08933491239e-09	1.94952458086e-09	1.00388594933e-08
     5	6.78937693139e-09	1.6347326246e-09	8.42410955599e-09
     6	5.95643450368e-09	1.43352318513e-09	7.3899576888e-09
     7	1.15783922036e-08	2.79148040014e-09	1.43698726038e-08
     8	9.6431250886e-09	2.32288284318e-09	1.19660079318e-08
     9	8.40726205966e-09	2.02415604821e-09	1.04314181079e-08

Measurement: t_ro83
  step	t_ro83	FROM	TO
     1	6.26969416775e-09	1.5010662496e-09	7.77076041735e-09
     2	5.27999992416e-09	1.2613025916e-09	6.54130251576e-09
     3	4.63999815085e-09	1.10778320734e-09	5.74778135818e-09
     4	8.76084429219e-09	2.09790984707e-09	1.08587541393e-08
     5	7.23270996215e-09	1.72871162612e-09	8.96142158828e-09
     6	6.2779968113e-09	1.49901572783e-09	7.77701253913e-09
     7	1.26787577892e-08	3.03542092055e-09	1.57141787098e-08
     8	1.03806541777e-08	2.48071108907e-09	1.28613652667e-08
     9	8.95033861357e-09	2.13668066211e-09	1.10870192757e-08

Measurement: t_ro84
  step	t_ro84	FROM	TO
     1	5.81057015428e-09	1.39273660812e-09	7.2033067624e-09
     2	4.98017157456e-09	1.19229401402e-09	6.17246558858e-09
     3	4.43957884448e-09	1.06214575058e-09	5.50172459506e-09
     4	7.96380601398e-09	1.90910895045e-09	9.87291496443e-09
     5	6.71608328836e-09	1.60823844125e-09	8.32432172961e-09
     6	5.91037511923e-09	1.41416771285e-09	7.32454283208e-09
     7	1.13479727352e-08	2.72023459612e-09	1.40682073313e-08
     8	9.50188419843e-09	2.27561912238e-09	1.17775033208e-08
     9	8.31149652136e-09	1.98910872964e-09	1.0300605251e-08

Measurement: t_ro85
  step	t_ro85	FROM	TO
     1	6.30699762452e-09	1.52365460183e-09	7.83065222635e-09
     2	5.30199836858e-09	1.27859105147e-09	6.58058942005e-09
     3	4.66751162486e-09	1.12443471914e-09	5.791946344e-09
     4	8.87514408275e-09	2.14685445201e-09	1.10219985348e-08
     5	7.31906178469e-09	1.76713960268e-09	9.08620138737e-09
     6	6.34549638411e-09	1.53036824834e-09	7.87586463245e-09
     7	1.28930083932e-08	3.1209061446e-09	1.60139145378e-08
     8	1.05443341889e-08	2.54789867872e-09	1.30922328676e-08
     9	9.07913163115e-09	2.19149742023e-09	1.12706290514e-08

Measurement: t_ro86
  step	t_ro86	FROM	TO
     1	6.23999783215e-09	1.50691633865e-09	7.7469141708e-09
     2	5.25221109681e-09	1.26782612253e-09	6.52003721934e-09
     3	4.63999715e-09	1.11803765216e-09	5.75803480215e-09
     4	8.72705940515e-09	2.11150506085e-09	1.0838564466e-08
     5	7.21068494326e-09	1.7428206804e-09	8.95350562366e-09
     6	6.2619991981e-09	1.51249148387e-09	7.77449068196e-09
     7	1.26374904892e-08	3.05967367636e-09	1.56971641656e-08
     8	1.03560186314e-08	2.5046447717e-09	1.28606634031e-08
     9	8.93332521219e-09	2.15914864189e-09	1.10924738541e-08

Measurement: t_ro87
  step	t_ro87	FROM	TO
     1	5.90334287256e-09	1.41623431244e-09	7.319577185e-09
     2	5.03644396729e-09	1.20600134267e-09	6.24244530997e-09
     3	4.47969035818e-09	1.07053910472e-09	5.5502294629e-09
     4	8.11938221732e-09	1.94879612618e-09	1.00681783435e-08
     5	6.82225163676e-09	1.63445576765e-09	8.45670740442e-09
     6	5.98653245307e-09	1.43241587692e-09	7.41894832998e-09
     7	1.16250710208e-08	2.79021811138e-09	1.44152891322e-08
     8	9.6968242358e-09	2.32352215713e-09	1.20203463929e-08
     9	8.45759656509e-09	2.02412244994e-09	1.0481719015e-08

Measurement: t_ro88
  step	t_ro88	FROM	TO
     1	6.17099231427e-09	1.47747453376e-09	7.64846684803e-09
     2	5.22528190677e-09	1.24984539814e-09	6.47512730491e-09
     3	4.62279141648e-09	1.10489728783e-09	5.72768870431e-09
     4	8.5993216538e-09	2.05883728949e-09	1.06581589433e-08
     5	7.15094304695e-09	1.71011146324e-09	8.86105451018e-09
     6	6.22940561488e-09	1.48877195969e-09	7.71817757457e-09
     7	1.24235622897e-08	2.9736229391e-09	1.53971852288e-08
     8	1.02517956964e-08	2.45100724138e-09	1.27028029378e-08
     9	8.87386151497e-09	2.12042228609e-09	1.09942838011e-08

Measurement: t_ro89
  step	t_ro89	FROM	TO
     1	6.01356026495e-09	1.4442577105e-09	7.45781797545e-09
     2	5.1199991891e-09	1.22706284816e-09	6.34706203726e-09
     3	4.53197016182e-09	1.08489580863e-09	5.61686597045e-09
     4	8.34578092702e-09	2.00526740523e-09	1.03510483323e-08
     5	6.96968125459e-09	1.67186903733e-09	8.64155029192e-09
     6	6.09264432534e-09	1.4595591347e-09	7.55220346004e-09
     7	1.20022332492e-08	2.88420725792e-09	1.48864405071e-08
     8	9.94569646705e-09	2.38641387894e-09	1.2332110346e-08
     9	8.63951214237e-09	2.07028765061e-09	1.0709799793e-08

Measurement: t_ro90
  step	t_ro90	FROM	TO
     1	5.70183655476e-09	1.37375645232e-09	7.07559300709e-09
     2	4.90917524839e-09	1.18090660006e-09	6.09008184845e-09
     3	4.38684711829e-09	1.053710114e-09	5.44055723229e-09
     4	7.77606472432e-09	1.87614387501e-09	9.65220859933e-09
     5	6.58896562462e-09	1.58745104735e-09	8.17641667197e-09
     6	5.81683569676e-09	1.39957223373e-09	7.21640793049e-09
     7	1.10437614337e-08	2.66695577338e-09	1.37107172071e-08
     8	9.2934191429e-09	2.24117490127e-09	1.15345940442e-08
     9	8.15730431339e-09	1.96515528561e-09	1.0122459599e-08

Measurement: t_ro91
  step	t_ro91	FROM	TO
     1	5.9872825617e-09	1.44172356681e-09	7.42900612851e-09
     2	5.10145177596e-09	1.22607994041e-09	6.32753171637e-09
     3	4.51886108346e-09	1.08482565512e-09	5.60368673858e-09
     4	8.29374195904e-09	1.99881458397e-09	1.0292556543e-08
     5	6.93219857291e-09	1.66837372379e-09	8.6005722967e-09
     6	6.06415335619e-09	1.45757508534e-09	7.52172844152e-09
     7	1.19200294538e-08	2.8738559232e-09	1.4793885377e-08
     8	9.887853911e-09	2.38103967513e-09	1.22688935861e-08
     9	8.59481125398e-09	2.06742237636e-09	1.06622336303e-08

Measurement: t_ro92
  step	t_ro92	FROM	TO
     1	5.67651405808e-09	1.36061575146e-09	7.03712980953e-09
     2	4.88322987998e-09	1.16922726383e-09	6.05245714381e-09
     3	4.36762880736e-09	1.04495599997e-09	5.41258480734e-09
     4	7.74041051067e-09	1.85692963307e-09	9.59734014374e-09
     5	6.55324940377e-09	1.57060511497e-09	8.12385451874e-09
     6	5.78535004126e-09	1.38566563384e-09	7.1710156751e-09
     7	1.0984095351e-08	2.49899730084e-09	1.34830926518e-08
     8	9.23250592984e-09	2.09899332425e-09	1.13314992541e-08
     9	8.10277316019e-09	1.84180730216e-09	9.94458046235e-09

Measurement: t_ro93
  step	t_ro93	FROM	TO
     1	5.75688505271e-09	1.39006834474e-09	7.14695339744e-09
     2	4.94896301949e-09	1.19244470709e-09	6.14140772658e-09
     3	4.41393219452e-09	1.06241261549e-09	5.47634481001e-09
     4	7.85443104137e-09	1.90011892997e-09	9.75454997134e-09
     5	6.64314571182e-09	1.60267862722e-09	8.24582433903e-09
     6	5.85583995278e-09	1.41121343274e-09	7.26705338552e-09
     7	1.11655978744e-08	2.70311120354e-09	1.38687090779e-08
     8	9.37715831922e-09	2.26432837335e-09	1.16414866926e-08
     9	8.21816835463e-09	1.98213510356e-09	1.02003034582e-08

Measurement: t_ro94
  step	t_ro94	FROM	TO
     1	5.5862591661e-09	1.34080595018e-09	6.92706511628e-09
     2	4.82084245295e-09	1.15503804102e-09	5.97588049398e-09
     3	4.32000097148e-09	1.0355187389e-09	5.35551971038e-09
     4	7.54619174299e-09	1.81113093427e-09	9.35732267726e-09
     5	6.42870228874e-09	1.54105275656e-09	7.9697550453e-09
     6	5.69703042137e-09	1.36482746657e-09	7.06185788794e-09
     7	1.06570317136e-08	2.55821661489e-09	1.32152483285e-08
     8	9.01829927956e-09	2.16234790619e-09	1.11806471857e-08
     9	7.94843124653e-09	1.90467726357e-09	9.8531085101e-09

Measurement: t_ro95
  step	t_ro95	FROM	TO
     1	5.53010997726e-09	1.32483351825e-09	6.85494349551e-09
     2	4.79999482135e-09	1.14810452356e-09	5.94809934491e-09
     3	4.30179914386e-09	1.02787475976e-09	5.32967390362e-09
     4	7.46893376892e-09	1.78985630438e-09	9.2587900733e-09
     5	6.37712505321e-09	1.52566778522e-09	7.90279283843e-09
     6	5.65907788e-09	1.35250718518e-09	7.01158506517e-09
     7	1.05317150759e-08	2.52372314696e-09	1.30554382229e-08
     8	8.93430611678e-09	2.13763346793e-09	1.10719395847e-08
     9	7.88610125483e-09	1.88490286429e-09	9.77100411911e-09

Measurement: t_ro96
  step	t_ro96	FROM	TO
     1	5.71371090922e-09	1.37191769424e-09	7.08562860346e-09
     2	4.92273051152e-09	1.18120174553e-09	6.10393225706e-09
     3	4.39724583537e-09	1.05459591958e-09	5.45184175496e-09
     4	7.76721545065e-09	1.86639293315e-09	9.6336083838e-09
     5	6.58880620925e-09	1.58179482173e-09	8.17060103099e-09
     6	5.81812908541e-09	1.39620411924e-09	7.21433320465e-09
     7	1.10167837135e-08	2.64828026285e-09	1.36650639764e-08
     8	9.28316144566e-09	2.22963407163e-09	1.15127955173e-08
     9	8.15198627955e-09	1.95710358492e-09	1.01090898645e-08

Measurement: t_ro97
  step	t_ro97	FROM	TO
     1	6.30123695281e-09	1.50034409601e-09	7.80158104882e-09
     2	5.30271651389e-09	1.26371801956e-09	6.56643453345e-09
     3	4.6630516675e-09	1.11089788519e-09	5.77394955269e-09
     4	8.8778792005e-09	2.1112347306e-09	1.09891139311e-08
     5	7.32142696276e-09	1.7430604984e-09	9.06448746116e-09
     6	6.34686788399e-09	1.51153146695e-09	7.85839935095e-09
     7	1.29141941139e-08	3.0686990536e-09	1.59828931675e-08
     8	1.05589700226e-08	2.51194763431e-09	1.30709176569e-08
     9	9.08897917465e-09	2.16324700913e-09	1.12522261838e-08

Measurement: t_ro98
  step	t_ro98	FROM	TO
     1	5.71054122094e-09	1.36980609275e-09	7.0803473137e-09
     2	4.90978811653e-09	1.17622033282e-09	6.08600844935e-09
     3	4.38513620205e-09	1.04968882219e-09	5.43482502425e-09
     4	7.7990742871e-09	1.87120007811e-09	9.67027436521e-09
     5	6.60085556418e-09	1.58181117961e-09	8.18266674379e-09
     6	5.82246837295e-09	1.39413592812e-09	7.21660430106e-09
     7	1.10922882879e-08	2.66129972483e-09	1.37535880128e-08
     8	9.32187095022e-09	2.23404563374e-09	1.1555916584e-08
     9	8.17475020538e-09	1.95746299892e-09	1.01322132043e-08

Measurement: t_ro99
  step	t_ro99	FROM	TO
     1	6.30982790858e-09	1.51019183795e-09	7.82001974653e-09
     2	5.3086781266e-09	1.26822290595e-09	6.57690103255e-09
     3	4.67769732065e-09	1.11642911295e-09	5.79412643361e-09
     4	8.84622534472e-09	2.11698083934e-09	1.09632061841e-08
     5	7.31071710363e-09	1.74690010338e-09	9.057617207e-09
     6	6.34338023015e-09	1.51420823866e-09	7.85758846881e-09
     7	1.2834353287e-08	3.07044710829e-09	1.59048003953e-08
     8	1.05201701609e-08	2.51344648858e-09	1.30336166495e-08
     9	9.06717413657e-09	2.16411436523e-09	1.12312885018e-08

Measurement: t_ro100
  step	t_ro100	FROM	TO
     1	6.08000394549e-09	1.44819637186e-09	7.52820031735e-09
     2	5.15347816326e-09	1.2272539088e-09	6.38073207205e-09
     3	4.5679505435e-09	1.0877456136e-09	5.65569615711e-09
     4	8.42437628797e-09	2.00612564964e-09	1.04305019376e-08
     5	7.02445514325e-09	1.67204493772e-09	8.69650008097e-09
     6	6.13423570831e-09	1.4599911787e-09	7.59422688701e-09
     7	1.21153351934e-08	2.88344380636e-09	1.49987789997e-08
     8	1.00224144322e-08	2.38444902665e-09	1.24068634588e-08
     9	8.69631247956e-09	2.06868341984e-09	1.07649958994e-08

Measurement: t_ro101
  step	t_ro101	FROM	TO
     1	6.10265918275e-09	1.46421790961e-09	7.56687709237e-09
     2	5.1374277175e-09	1.23138351902e-09	6.36881123652e-09
     3	4.53808005549e-09	1.08691082483e-09	5.62499088031e-09
     4	8.57032791153e-09	2.05675605335e-09	1.06270839649e-08
     5	7.05587817796e-09	1.69146856152e-09	8.74734673948e-09
     6	6.12806391723e-09	1.46810769863e-09	7.59617161585e-09
     7	1.24051798962e-08	2.97713692398e-09	1.53823168201e-08
     8	1.01141102809e-08	2.42483966942e-09	1.25389499503e-08
     9	8.71713838017e-09	2.08859262722e-09	1.08057310074e-08

Measurement: t_ro102
  step	t_ro102	FROM	TO
     1	5.66120519115e-09	1.36024178877e-09	7.02144697992e-09
     2	4.8821573644e-09	1.17037586663e-09	6.05253323102e-09
     3	4.36654602279e-09	1.04475964493e-09	5.41130566772e-09
     4	7.69729908606e-09	1.85145986601e-09	9.54875895207e-09
     5	6.53675384914e-09	1.56898153229e-09	8.10573538143e-09
     6	5.77827481667e-09	1.38457880318e-09	7.16285361984e-09
     7	1.09057974723e-08	2.62451337721e-09	1.35303108495e-08
     8	9.19832383228e-09	2.20968898893e-09	1.14080128212e-08
     9	8.08638112239e-09	1.93989282834e-09	1.00262739507e-08

Measurement: t_ro103
  step	t_ro103	FROM	TO
     1	5.84297846184e-09	1.3959023789e-09	7.23888084073e-09
     2	4.99868601493e-09	1.19263229441e-09	6.19131830934e-09
     3	4.4572143805e-09	1.06283475319e-09	5.52004913369e-09
     4	8.04019240196e-09	1.92016729852e-09	9.96035970047e-09
     5	6.7601851673e-09	1.61292467832e-09	8.37310984562e-09
     6	5.93838904986e-09	1.41615140563e-09	7.35454045549e-09
     7	1.14959876997e-08	2.74435167981e-09	1.42403393796e-08
     8	9.591783557e-09	2.28781199367e-09	1.18795955507e-08
     9	8.37306258842e-09	1.99608127542e-09	1.03691438638e-08

Measurement: t_ro104
  step	t_ro104	FROM	TO
     1	5.97507409651e-09	1.43036744492e-09	7.40544154143e-09
     2	5.08483606254e-09	1.21610582247e-09	6.30094188501e-09
     3	4.5055259904e-09	1.07681507674e-09	5.58234106714e-09
     4	8.28989937902e-09	1.98412561822e-09	1.02740249972e-08
     5	6.92174015408e-09	1.65519184197e-09	8.57693199605e-09
     6	6.05370592417e-09	1.44673127082e-09	7.500437195e-09
     7	1.19155441733e-08	2.85103159741e-09	1.47665757707e-08
     8	9.87154595443e-09	2.36004070993e-09	1.22315866644e-08
     9	8.57766839568e-09	2.04945037989e-09	1.06271187756e-08

Measurement: t_ro105
  step	t_ro105	FROM	TO
     1	5.59999992815e-09	1.34959290808e-09	6.94959283623e-09
     2	4.8281684711e-09	1.16184243449e-09	5.99001090559e-09
     3	4.32463121186e-09	1.03906973194e-09	5.3637009438e-09
     4	7.60219187323e-09	1.83411910743e-09	9.43631098066e-09
     5	6.45912172338e-09	1.55615139874e-09	8.01527312212e-09
     6	5.71620672718e-09	1.37566941084e-09	7.09187613802e-09
     7	1.07558433565e-08	2.5965897415e-09	1.33524330979e-08
     8	9.07546488702e-09	2.18815910058e-09	1.12636239876e-08
     9	7.98632721555e-09	1.92357840185e-09	9.9099056174e-09

Measurement: t_ro106
  step	t_ro106	FROM	TO
     1	5.79490615332e-09	1.3948808336e-09	7.18978698692e-09
     2	4.96000005269e-09	1.19292073905e-09	6.15292079174e-09
     3	4.42673290255e-09	1.06344047128e-09	5.49017337383e-09
     4	7.96049406439e-09	1.91835771448e-09	9.87885177887e-09
     5	6.7051964025e-09	1.61433460491e-09	8.31953100741e-09
     6	5.89901622164e-09	1.419334447e-09	7.31835066864e-09
     7	1.13597332669e-08	2.73990175238e-09	1.40996350193e-08
     8	9.49641294824e-09	2.28865460404e-09	1.17850675523e-08
     9	8.30459920914e-09	2.00028934584e-09	1.0304888555e-08

Measurement: t_ro107
  step	t_ro107	FROM	TO
     1	6.09010708631e-09	1.46877569338e-09	7.55888277969e-09
     2	5.16109504414e-09	1.24291372894e-09	6.40400877308e-09
     3	4.56644974279e-09	1.0985727212e-09	5.66502246399e-09
     4	8.4866561021e-09	2.04773200125e-09	1.05343881034e-08
     5	7.05411956213e-09	1.69999875941e-09	8.75411832154e-09
     6	6.14868940195e-09	1.48043041295e-09	7.6291198149e-09
     7	1.22515794643e-08	2.95684179494e-09	1.52084212593e-08
     8	1.01001001465e-08	2.43507181293e-09	1.25351719594e-08
     9	8.74422200799e-09	2.1064588517e-09	1.08506808597e-08

Measurement: t_ro108
  step	t_ro108	FROM	TO
     1	5.71732687946e-09	1.37008974644e-09	7.0874166259e-09
     2	4.91194742183e-09	1.17623429604e-09	6.08818171786e-09
     3	4.38537664949e-09	1.04967348936e-09	5.43505013885e-09
     4	7.81865943549e-09	1.87353813237e-09	9.69219756786e-09
     5	6.60633389279e-09	1.58191155151e-09	8.1882454443e-09
     6	5.82390067344e-09	1.39394637517e-09	7.21784704861e-09
     7	1.11270253367e-08	2.66607000573e-09	1.37930953425e-08
     8	9.3349082773e-09	2.23490748535e-09	1.15698157626e-08
     9	8.18056094575e-09	1.95766753058e-09	1.01382284763e-08

Measurement: t_ro109
  step	t_ro109	FROM	TO
     1	5.88286873456e-09	1.41087882947e-09	7.29374756403e-09
     2	5.02039136353e-09	1.20303060055e-09	6.22342196408e-09
     3	4.46497587946e-09	1.06906441285e-09	5.5340402923e-09
     4	8.10544285599e-09	1.94407093021e-09	1.00495137862e-08
     5	6.80009118134e-09	1.62980452299e-09	8.42989570433e-09
     6	5.96452777616e-09	1.42848547065e-09	7.39301324681e-09
     7	1.16059552946e-08	2.78361113465e-09	1.43895664292e-08
     8	9.66349309739e-09	2.3162774939e-09	1.19797705913e-08
     9	8.42317436018e-09	2.01768405878e-09	1.0440858419e-08

Measurement: t_ro110
  step	t_ro110	FROM	TO
     1	5.99029217109e-09	1.43484845019e-09	7.42514062128e-09
     2	5.11222090364e-09	1.22233064796e-09	6.33455155161e-09
     3	4.53247180488e-09	1.08278862193e-09	5.61526042681e-09
     4	8.25836192936e-09	1.97839406403e-09	1.02367559934e-08
     5	6.91866601878e-09	1.65438799905e-09	8.57305401783e-09
     6	6.06066125229e-09	1.44775662752e-09	7.50841787981e-09
     7	1.18318153988e-08	2.83378140517e-09	1.4665596804e-08
     8	9.84049110935e-09	2.35261499909e-09	1.21931061084e-08
     9	8.56843333696e-09	2.04632404452e-09	1.06147573815e-08

Measurement: t_ro111
  step	t_ro111	FROM	TO
     1	6.2285889236e-09	1.49114600936e-09	7.71973493296e-09
     2	5.27999258243e-09	1.2601995986e-09	6.54019218103e-09
     3	4.64003309389e-09	1.10920585627e-09	5.74923895016e-09
     4	8.67969818817e-09	2.07715186138e-09	1.07568500495e-08
     5	7.20011510742e-09	1.72068318986e-09	8.92079829728e-09
     6	6.26419633747e-09	1.49568870974e-09	7.75988504721e-09
     7	1.25388298951e-08	2.99928086343e-09	1.55381107585e-08
     8	1.03223069644e-08	2.46576270244e-09	1.27880696668e-08
     9	8.92432362129e-09	2.1301285558e-09	1.10544521771e-08

Measurement: t_ro112
  step	t_ro112	FROM	TO
     1	6.19579724873e-09	1.49285431395e-09	7.68865156269e-09
     2	5.23007658809e-09	1.25862028374e-09	6.48869687183e-09
     3	4.62037549007e-09	1.1115909508e-09	5.73196644087e-09
     4	8.62971808409e-09	2.08154895568e-09	1.07112670398e-08
     5	7.15406177659e-09	1.72342723935e-09	8.87748901594e-09
     6	6.22440423364e-09	1.4984850258e-09	7.72288925944e-09
     7	1.24643087176e-08	3.00830375207e-09	1.54726124697e-08
     8	1.02486591101e-08	2.47038861212e-09	1.27190477222e-08
     9	8.85752009242e-09	2.13367703642e-09	1.09911971288e-08

Measurement: t_ro113
  step	t_ro113	FROM	TO
     1	5.85662385859e-09	1.40453028877e-09	7.26115414736e-09
     2	4.99576738222e-09	1.19574390472e-09	6.19151128694e-09
     3	4.45476068748e-09	1.06516390526e-09	5.51992459273e-09
     4	8.06455690563e-09	1.93463302718e-09	9.99918993282e-09
     5	6.77278215494e-09	1.62181582553e-09	8.39459798047e-09
     6	5.9484832523e-09	1.42264447138e-09	7.37112772368e-09
     7	1.15260611561e-08	2.76486874232e-09	1.42909298984e-08
     8	9.60774772106e-09	2.30085554897e-09	1.190860327e-08
     9	8.3873675797e-09	2.00607442081e-09	1.03934420005e-08

Measurement: t_ro114
  step	t_ro114	FROM	TO
     1	6.00002116869e-09	1.43779304796e-09	7.43781421665e-09
     2	5.10201486187e-09	1.22114577725e-09	6.32316063912e-09
     3	4.52199107776e-09	1.08186390865e-09	5.60385498642e-09
     4	8.30971853153e-09	1.99131770105e-09	1.03010362326e-08
     5	6.93903982607e-09	1.6608264486e-09	8.59986627467e-09
     6	6.0672746209e-09	1.45161921634e-09	7.51889383724e-09
     7	1.19430879783e-08	2.86178988956e-09	1.48048778679e-08
     8	9.89585947209e-09	2.36842220209e-09	1.22642816742e-08
     9	8.59688692476e-09	2.05664380885e-09	1.06535307336e-08

Measurement: t_ro115
  step	t_ro115	FROM	TO
     1	5.99298555131e-09	1.43732063677e-09	7.43030618808e-09
     2	5.09177582604e-09	1.21937576176e-09	6.31115158779e-09
     3	4.50496255444e-09	1.07801754257e-09	5.58298009701e-09
     4	8.32962236531e-09	1.99824568773e-09	1.0327868053e-08
     5	6.9329059447e-09	1.66094522626e-09	8.59385117096e-09
     6	6.05504181886e-09	1.44930439747e-09	7.50434621632e-09
     7	1.19779608969e-08	2.87346225666e-09	1.48514231536e-08
     8	9.88669487988e-09	2.36883393309e-09	1.2255528813e-08
     9	8.57682626842e-09	2.05326879316e-09	1.06300950616e-08

Measurement: t_ro116
  step	t_ro116	FROM	TO
     1	6.23999988309e-09	1.50513327041e-09	7.7451331535e-09
     2	5.27999909225e-09	1.26933138854e-09	6.54933048079e-09
     3	4.64000117529e-09	1.11602823909e-09	5.75602941438e-09
     4	8.7359836845e-09	2.111808253e-09	1.08477919375e-08
     5	7.24524268948e-09	1.74675632827e-09	8.99199901775e-09
     6	6.3000667706e-09	1.5168257449e-09	7.8168925155e-09
     7	1.26581947217e-08	3.06339572823e-09	1.572159045e-08
     8	1.04157164216e-08	2.51410119791e-09	1.29298176195e-08
     9	8.9979910175e-09	2.16907442732e-09	1.11670654448e-08

Measurement: t_ro117
  step	t_ro117	FROM	TO
     1	5.74109347919e-09	1.377537231e-09	7.11863071019e-09
     2	4.94086966731e-09	1.18382719113e-09	6.12469685844e-09
     3	4.40746627837e-09	1.05507753261e-09	5.46254381098e-09
     4	7.8284747648e-09	1.87921006944e-09	9.70768483423e-09
     5	6.62495587156e-09	1.58802209325e-09	8.21297796481e-09
     6	5.84332930263e-09	1.39934481913e-09	7.24267412176e-09
     7	1.11222010437e-08	2.67007059362e-09	1.37922716374e-08
     8	9.34755536263e-09	2.24111239941e-09	1.1588667762e-08
     9	8.19791018864e-09	1.96373395981e-09	1.01616441484e-08

Measurement: t_ro118
  step	t_ro118	FROM	TO
     1	5.94469305271e-09	1.42166506282e-09	7.36635811553e-09
     2	5.07342710684e-09	1.21168892076e-09	6.28511602761e-09
     3	4.50331228005e-09	1.074306477e-09	5.57761875705e-09
     4	8.19912185932e-09	1.96063730678e-09	1.01597591661e-08
     5	6.87434225633e-09	1.64148590935e-09	8.51582816567e-09
     6	6.02395572949e-09	1.43738299588e-09	7.46133872537e-09
     7	1.17510613589e-08	2.8092822222e-09	1.45603435811e-08
     8	9.778332774e-09	2.33455639033e-09	1.21128891643e-08
     9	8.51594698306e-09	2.03157315943e-09	1.05475201425e-08

Measurement: t_ro119
  step	t_ro119	FROM	TO
     1	5.66854948042e-09	1.35965895412e-09	7.02820843454e-09
     2	4.88805810112e-09	1.16998657688e-09	6.058044678e-09
     3	4.3701555462e-09	1.04485510345e-09	5.41501064965e-09
     4	7.71816675308e-09	1.85206487438e-09	9.57023162746e-09
     5	6.54972816126e-09	1.56859601572e-09	8.11832417698e-09
     6	5.78724211736e-09	1.384268322e-09	7.17151043935e-09
     7	1.09482897117e-08	2.62728999011e-09	1.35755797018e-08
     8	9.22649713531e-09	2.21034220145e-09	1.14368393368e-08
     9	8.10645785394e-09	1.93954818566e-09	1.00460060396e-08

Measurement: t_ro120
  step	t_ro120	FROM	TO
     1	5.76000351917e-09	1.37583719659e-09	7.13584071576e-09
     2	4.96000013382e-09	1.18406298581e-09	6.14406311963e-09
     3	4.41952482e-09	1.05498018708e-09	5.47450500708e-09
     4	7.87278017785e-09	1.8804111208e-09	9.75319129865e-09
     5	6.653485373e-09	1.58804902027e-09	8.24153439327e-09
     6	5.86429029497e-09	1.39929660703e-09	7.26358690201e-09
     7	1.11857058947e-08	2.67089895088e-09	1.38566048455e-08
     8	9.38814688391e-09	2.24011077949e-09	1.16282576634e-08
     9	8.22759856146e-09	1.96250019037e-09	1.01900987518e-08

Measurement: t_ro121
  step	t_ro121	FROM	TO
     1	5.99307988908e-09	1.44230219586e-09	7.43538208494e-09
     2	5.10591672177e-09	1.22757755896e-09	6.33349428073e-09
     3	4.52652620853e-09	1.08668977875e-09	5.61321598728e-09
     4	8.29375367511e-09	1.99734704629e-09	1.02911007214e-08
     5	6.9405472193e-09	1.6696371285e-09	8.6101843478e-09
     6	6.0761231321e-09	1.46014658969e-09	7.53626972179e-09
     7	1.1912392071e-08	2.86975785753e-09	1.47821499286e-08
     8	9.8940866883e-09	2.3811939218e-09	1.22752806101e-08
     9	8.60551108508e-09	2.06965900266e-09	1.06751700877e-08

Measurement: t_ro122
  step	t_ro122	FROM	TO
     1	6.2064335932e-09	1.48629014213e-09	7.69272373533e-09
     2	5.25024047999e-09	1.25509419891e-09	6.5053346789e-09
     3	4.63999713396e-09	1.10852338387e-09	5.74852051783e-09
     4	8.67828208401e-09	2.07823292691e-09	1.07565150109e-08
     5	7.20418010755e-09	1.72253198622e-09	8.92671209376e-09
     6	6.26980453199e-09	1.49827578623e-09	7.76808031822e-09
     7	1.25610230549e-08	3.00730555147e-09	1.55683286063e-08
     8	1.03465113654e-08	2.47384267316e-09	1.28203540385e-08
     9	8.94567411517e-09	2.13727463358e-09	1.10829487487e-08

Measurement: t_ro123
  step	t_ro123	FROM	TO
     1	6.16447294166e-09	1.48288969242e-09	7.64736263408e-09
     2	5.21331730118e-09	1.25206770073e-09	6.46538500191e-09
     3	4.6064211189e-09	1.10431882964e-09	5.71073994854e-09
     4	8.62013208495e-09	2.07509187297e-09	1.06952239579e-08
     5	7.15422850033e-09	1.71983630409e-09	8.87406480443e-09
     6	6.22827538667e-09	1.4953155099e-09	7.72359089656e-09
     7	1.24678688459e-08	3.00221549932e-09	1.54700843453e-08
     8	1.02647744844e-08	2.46859728888e-09	1.27333717733e-08
     9	8.87744449339e-09	2.13285687831e-09	1.10103013717e-08

Measurement: t_ro124
  step	t_ro124	FROM	TO
     1	5.93212351142e-09	1.42262605082e-09	7.35474956223e-09
     2	5.05478588551e-09	1.21118929535e-09	6.26597518086e-09
     3	4.48746011707e-09	1.07456664204e-09	5.56202675911e-09
     4	8.15519741645e-09	1.95569421918e-09	1.01108916356e-08
     5	6.82713183008e-09	1.63600659336e-09	8.46313842345e-09
     6	5.98326750013e-09	1.43307607822e-09	7.41634357835e-09
     7	1.16451884314e-08	2.79203065697e-09	1.44372190883e-08
     8	9.6764430055e-09	2.31855915897e-09	1.19950021645e-08
     9	8.42911358785e-09	2.01861364603e-09	1.04477272339e-08

Measurement: t_ro125
  step	t_ro125	FROM	TO
     1	6.06421958177e-09	1.45497441711e-09	7.51919399888e-09
     2	5.1200157671e-09	1.22791563894e-09	6.34793140604e-09
     3	4.5312331151e-09	1.08489635757e-09	5.61612947267e-09
     4	8.46716864611e-09	2.03225089869e-09	1.04994195448e-08
     5	7.01496571667e-09	1.68129026397e-09	8.69625598064e-09
     6	6.11023198774e-09	1.46328105213e-09	7.57351303986e-09
     7	1.22179284337e-08	2.93259808701e-09	1.51505265208e-08
     8	1.00344370909e-08	2.40534337815e-09	1.2439780469e-08
     9	8.67952861592e-09	2.0789364893e-09	1.07584651052e-08

Measurement: t_ro126
  step	t_ro126	FROM	TO
     1	6.02071062433e-09	1.44221578819e-09	7.46292641252e-09
     2	5.11999920539e-09	1.22486865251e-09	6.34486785791e-09
     3	4.53398695255e-09	1.08372408499e-09	5.61771103754e-09
     4	8.35883386743e-09	2.00233924569e-09	1.03611731131e-08
     5	6.97516837514e-09	1.6686085597e-09	8.64377693484e-09
     6	6.09614172057e-09	1.45714563517e-09	7.55328735574e-09
     7	1.20224625272e-08	2.87944480627e-09	1.49019073334e-08
     8	9.9549032488e-09	2.38123483348e-09	1.23361380823e-08
     9	8.64499664021e-09	2.06624204427e-09	1.07112386845e-08

Measurement: t_ro127
  step	t_ro127	FROM	TO
     1	5.95783611236e-09	1.43166270606e-09	7.38949881841e-09
     2	5.08799412815e-09	1.22238971504e-09	6.31038384319e-09
     3	4.51471514237e-09	1.08498091197e-09	5.59969605434e-09
     4	8.20469709378e-09	1.97341119012e-09	1.01781082839e-08
     5	6.88457731909e-09	1.65490211719e-09	8.53947943628e-09
     6	6.0354180071e-09	1.45120119148e-09	7.48661919858e-09
     7	1.17468372193e-08	2.82665150533e-09	1.45734887246e-08
     8	9.78614975395e-09	2.35362634807e-09	1.2139776102e-08
     9	8.52748974811e-09	2.0511450527e-09	1.05786348008e-08

Measurement: freq_ro0
  step	{80/t_ro0}
     1	13513471953.4
     2	15846861576.3
     3	17857199992.9
     4	9778297790.22
     5	11676176271
     6	13324611942.9
     7	6821328856.52
     8	8209458191.52
     9	9428893048.95

Measurement: freq_ro1
  step	{80/t_ro1}
     1	13268219782.7
     2	15594092796.7
     3	17580331561.4
     4	9586227916.08
     5	11457878785.3
     6	13097304844.3
     7	6672567752
     8	8035479381.85
     9	9242223051.3

Measurement: freq_ro2
  step	{80/t_ro2}
     1	13067900695.7
     2	15415426080.1
     3	17433177249.2
     4	9436534882.87
     5	11332911224.9
     6	12991018666.1
     7	6562331512.02
     8	7940946386.22
     9	9159921686.45

Measurement: freq_ro3
  step	{80/t_ro3}
     1	13072687233.7
     2	15417152322.9
     3	17428243781.9
     4	9398972737.76
     5	11283631712.6
     6	12935596156.3
     7	6516563642.18
     8	7883745301.18
     9	9096031371.52

Measurement: freq_ro4
  step	{80/t_ro4}
     1	12776100937.1
     2	15213573005.1
     3	17241383338.1
     4	9086704961.18
     5	11052917783.1
     6	12753010370.6
     7	6261784429.32
     8	7685780008.6
     9	8931783765.74

Measurement: freq_ro5
  step	{80/t_ro5}
     1	12579740561.9
     2	14967757660.4
     3	17006989110.1
     4	8954554082.94
     5	10853921780.7
     6	12522778308.6
     7	6160130846.22
     8	7524574745.87
     9	8740183792.93

Measurement: freq_ro6
  step	{80/t_ro6}
     1	13194869626.1
     2	15549837137.3
     3	17548158320.3
     4	9491844119.03
     5	11378300493.8
     6	13030148106.2
     7	6589650723.36
     8	7961417272.88
     9	9174139043.84

Measurement: freq_ro7
  step	{80/t_ro7}
     1	13888889209.1
     2	16200327249.6
     3	18161697068.7
     4	10133437425.7
     5	12021365862
     6	13656086065.6
     7	7110611414.47
     8	8499644230.83
     9	9715524125.08

Measurement: freq_ro8
  step	{80/t_ro8}
     1	13499634679.1
     2	15819935336.1
     3	17821855820.8
     4	9762004063.24
     5	11652094420.3
     6	13298965395.9
     7	6803566559.98
     8	8183853918.02
     9	9399204418.94

Measurement: freq_ro9
  step	{80/t_ro9}
     1	13513513517.4
     2	15847109669.3
     3	17857146748.8
     4	9769788680.18
     5	11661064776.5
     6	13304741801.6
     7	6813959455.73
     8	8195996625.68
     9	9410300493.7

Measurement: freq_ro10
  step	{80/t_ro10}
     1	13704936788.6
     2	16045085641.8
     3	17978375722.3
     4	9964763378.26
     5	11841799047.3
     6	13474239113.8
     7	6973571712.14
     8	8348079315.17
     9	9556465344

Measurement: freq_ro11
  step	{80/t_ro11}
     1	13416476056.1
     2	15748799994.7
     3	17742862125.6
     4	9691970038.4
     5	11586757683.7
     6	13233507831.7
     7	6753203846.65
     8	8138564376.39
     9	9356430315.42

Measurement: freq_ro12
  step	{80/t_ro12}
     1	13582622302.4
     2	15928156576
     3	17898758514.3
     4	9885504828.24
     5	11779635860
     6	13422800060.3
     7	6916431434.76
     8	8303071228.89
     9	9518927160.13

Measurement: freq_ro13
  step	{80/t_ro13}
     1	13378740137.1
     2	15724377345.9
     3	17753161518.1
     4	9632199184.95
     5	11534722085.5
     6	13190030542.8
     7	6695926433.47
     8	8081959604.32
     9	9302847664.32

Measurement: freq_ro14
  step	{80/t_ro14}
     1	12832813946.1
     2	15240963747.2
     3	17279123363.1
     4	9143166920.83
     5	11071135127.6
     6	12749343262.3
     7	6303901427.14
     8	7699023788.65
     9	8928538260.43

Measurement: freq_ro15
  step	{80/t_ro15}
     1	14365353372.4
     2	16616385288.7
     3	18518518552.3
     4	10619732681.4
     5	12467934369.3
     6	14070315841.1
     7	7522330275.94
     8	8890592454.68
     9	10089220849.8

Measurement: freq_ro16
  step	{80/t_ro16}
     1	13463544914.7
     2	15788325241.3
     3	17762245993.6
     4	9734769184.1
     5	11618391132.4
     6	13256185593.6
     7	6789591235.71
     8	8164733409.9
     9	9375342734.05

Measurement: freq_ro17
  step	{80/t_ro17}
     1	12616938915.7
     2	15068024380.8
     3	17133285571.3
     4	8919292131.41
     5	10869549596.2
     6	12570279597.4
     7	6129879619.78
     8	7538677614.48
     9	8778823266.72

Measurement: freq_ro18
  step	{80/t_ro18}
     1	11904747593.8
     2	14517280178.6
     3	16666676256.7
     4	8264171273.16
     5	10331590426.2
     6	12098033272.5
     7	5606774162.83
     8	7085138746.94
     9	8367895767.49

Measurement: freq_ro19
  step	{80/t_ro19}
     1	13997862289
     2	16299274863.8
     3	18240825280.1
     4	10238492716.2
     5	12110464979.8
     6	13733526266.5
     7	7197191595.91
     8	8574068699.8
     9	9780756759.14

Measurement: freq_ro20
  step	{80/t_ro20}
     1	13255261336
     2	15607735822.7
     3	17575741441
     4	9552491804.86
     5	11433235976.2
     6	13076810286.8
     7	6640549760.73
     8	8009442741.4
     9	9219177880.9

Measurement: freq_ro21
  step	{80/t_ro21}
     1	12460130453.6
     2	14866344098.6
     3	16930799858.4
     4	8830631555.63
     5	10753601608
     6	12437575047.1
     7	6063056020.25
     8	7448291417.17
     9	8676140567.04

Measurement: freq_ro22
  step	{80/t_ro22}
     1	14067256725.1
     2	16327590589.5
     3	18276531033.5
     4	10341380678.4
     5	12195384245
     6	13814536764.9
     7	7297046164
     8	8666456216.58
     9	9867849468.34

Measurement: freq_ro23
  step	{80/t_ro23}
     1	13157893336.3
     2	15543416701.6
     3	17561528961.2
     4	9434607610.18
     5	11361063917.2
     6	13030787316.8
     7	6539660171.82
     8	7937777768.2
     9	9166422476.72

Measurement: freq_ro24
  step	{80/t_ro24}
     1	13475251660.9
     2	15788410095.7
     3	17778890709.2
     4	9780785970.61
     5	11666104222.5
     6	13305319656.9
     7	6840478747.96
     8	8221428443.72
     9	9433753315.15

Measurement: freq_ro25
  step	{80/t_ro25}
     1	12949306996.6
     2	15346201064
     3	17374280349.6
     4	9242966826.85
     5	11163598158.7
     6	12838899263.6
     7	6380252115.82
     8	7770605004.76
     9	8998308733.95

Measurement: freq_ro26
  step	{80/t_ro26}
     1	13977757592.3
     2	16253399934.1
     3	18198340232.7
     4	10232443243.9
     5	12091423195.5
     6	13709725054.9
     7	7197942723.89
     8	8564976070.83
     9	9767431603.6

Measurement: freq_ro27
  step	{80/t_ro27}
     1	12954999585.2
     2	15314176862.9
     3	17340317930.6
     4	9271914550.4
     5	11171086140.8
     6	12828787276.6
     7	6417410936.81
     8	7793877274.86
     9	9010854917.24

Measurement: freq_ro28
  step	{80/t_ro28}
     1	13100166682.8
     2	15424256760
     3	17415499265.6
     4	9452568092.65
     5	11332270924.3
     6	12979575278.7
     7	6573155496.87
     8	7939354855.13
     9	9149844101.25

Measurement: freq_ro29
  step	{80/t_ro29}
     1	13412821063.2
     2	15725478942.6
     3	17716465764
     4	9698010710.46
     5	11574980750.5
     6	13214480511.8
     7	6756059625.79
     8	8124385231.2
     9	9333548648.75

Measurement: freq_ro30
  step	{80/t_ro30}
     1	12451751594.4
     2	14845742275
     3	16915889471
     4	8869962717.19
     5	10796837393.2
     6	12485753829.2
     7	6112921868.64
     8	7502137513.74
     9	8732135476.12

Measurement: freq_ro31
  step	{80/t_ro31}
     1	12939690479.1
     2	15354107896.4
     3	17385869216
     4	9213191151.34
     5	11150817960.3
     6	12830855096.9
     7	6356790350.83
     8	7760421597.58
     9	8993607104.72

Measurement: freq_ro32
  step	{80/t_ro32}
     1	13585294022.4
     2	15881330321.1
     3	17856163160.9
     4	9882200846.23
     5	11739381288.9
     6	13365342969.3
     7	6911702311.15
     8	8268962222.03
     9	9470029590.57

Measurement: freq_ro33
  step	{80/t_ro33}
     1	13918656407.4
     2	16205427462.1
     3	18162812246.4
     4	10236873588.9
     5	12106277822.8
     6	13732414115.8
     7	7217356271.94
     8	8594998776.93
     9	9805516807.76

Measurement: freq_ro34
  step	{80/t_ro34}
     1	14219303111.6
     2	16500220616.2
     3	18415889406.4
     4	10439654022.8
     5	12298012074.3
     6	13906682938.4
     7	7367456429.55
     8	8739378203.71
     9	9940736930.71

Measurement: freq_ro35
  step	{80/t_ro35}
     1	13809838624.4
     2	16129032393.1
     3	18049854997.7
     4	10115315050.8
     5	11977717044.1
     6	13597864340.7
     7	7115291049.41
     8	8483982468.05
     9	9687878987.69

Measurement: freq_ro36
  step	{80/t_ro36}
     1	13067408805.1
     2	15426997495
     3	17421782531.6
     4	9378900800.69
     5	11269219626.3
     6	12922536339.5
     7	6501311333.63
     8	7873611402.64
     9	9088127165.96

Measurement: freq_ro37
  step	{80/t_ro37}
     1	13426720580.2
     2	15752746597.4
     3	17763676389.1
     4	9716375294.21
     5	11618897933.9
     6	13271147358.7
     7	6780606514.99
     8	8171138166.73
     9	9392156616.97

Measurement: freq_ro38
  step	{80/t_ro38}
     1	13056490449
     2	15441100899.3
     3	17459114758.1
     4	9374521402.34
     5	11295440412
     6	12965541756.8
     7	6497326928.19
     8	7895069922.36
     9	9124594116.95

Measurement: freq_ro39
  step	{80/t_ro39}
     1	13436729125.6
     2	15732282653.3
     3	17723469405.6
     4	9765038814.55
     5	11635056379.6
     6	13273245798.5
     7	6824259573.68
     8	8191203188.21
     9	9400201969.92

Measurement: freq_ro40
  step	{80/t_ro40}
     1	13803087620.2
     2	16128656060.4
     3	18092161284.7
     4	10041053179
     5	11940018508.9
     6	13579921345.8
     7	7038860809.04
     8	8433804120.08
     9	9651143023.71

Measurement: freq_ro41
  step	{80/t_ro41}
     1	13634156903.6
     2	15966446819.9
     3	17933699344.8
     4	9905607806.01
     5	11790888225.1
     6	13430564380.7
     7	6923541407.33
     8	8302820474.5
     9	9515278723.84

Measurement: freq_ro42
  step	{80/t_ro42}
     1	14051924189.2
     2	16324417547.1
     3	18269295957.5
     4	10310834081.4
     5	12165761732.8
     6	13777533968.3
     7	7262803473.59
     8	8628491787.97
     9	9828085025.54

Measurement: freq_ro43
  step	{80/t_ro43}
     1	13736680683.5
     2	16047711851.3
     3	18013790494.3
     4	10000107330.9
     5	11883967380.1
     6	13514150976.2
     7	7003109601.29
     8	8382250193.72
     9	9594911092.44

Measurement: freq_ro44
  step	{80/t_ro44}
     1	12845393302.6
     2	15256373539.7
     3	17263760669.2
     4	9178773062.45
     5	11111101888.5
     6	12797722167.5
     7	6346421555.82
     8	7748467681.47
     9	8982195338.21

Measurement: freq_ro45
  step	{80/t_ro45}
     1	14414912523.9
     2	16666783317.8
     3	18562265311.8
     4	10671828320.6
     5	12520951468
     6	14119842038.7
     7	7570747665.48
     8	8942097453.09
     9	10139043491.9

Measurement: freq_ro46
  step	{80/t_ro46}
     1	12860830531.1
     2	15262814950.5
     3	17331349332.8
     4	9201146877.46
     5	11154551317.4
     6	12849605812.4
     7	6366677600.01
     8	7786781280.13
     9	9033802528.42

Measurement: freq_ro47
  step	{80/t_ro47}
     1	13429074621.4
     2	15749581265.4
     3	17759099456.2
     4	9703131800.55
     5	11590586676.3
     6	13236225882.2
     7	6761151094.62
     8	8137226025.8
     9	9351366305.3

Measurement: freq_ro48
  step	{80/t_ro48}
     1	13447705730.7
     2	15765989838.3
     3	17760327807.8
     4	9775962144.29
     5	11654096932.4
     6	13295144395.8
     7	6830934932.24
     8	8203172635.6
     9	9414607124.89

Measurement: freq_ro49
  step	{80/t_ro49}
     1	13356068240.6
     2	15625003629.6
     3	17689294919.2
     4	9668348031.64
     5	11554891811.4
     6	13202111309.7
     7	6737813595.39
     8	8113820524.75
     9	9328491613.28

Measurement: freq_ro50
  step	{80/t_ro50}
     1	13513398522.4
     2	15818632451.6
     3	17811173304.2
     4	9768278884.14
     5	11655451950.9
     6	13300642512
     7	6809624381.7
     8	8187542394.42
     9	9402452375.99

Measurement: freq_ro51
  step	{80/t_ro51}
     1	13041168268.1
     2	15405706920.9
     3	17421270685.3
     4	9335244039.12
     5	11236519090
     6	12896474679.3
     7	6463022248.03
     8	7842327796.57
     9	9060648676.54

Measurement: freq_ro52
  step	{80/t_ro52}
     1	14175163533.2
     2	16456327654.2
     3	18395340638
     4	10403376494
     5	12277308778.3
     6	13895840919
     7	7336100855.69
     8	8719813914.77
     9	9927542192.33

Measurement: freq_ro53
  step	{80/t_ro53}
     1	13105254706.7
     2	15468247032.7
     3	17477465002.7
     4	9447655845.45
     5	11359927768.1
     6	13021736671.9
     7	6571753197.66
     8	7962872862.57
     9	9188131993.61

Measurement: freq_ro54
  step	{80/t_ro54}
     1	13513471868.3
     2	15860781516.7
     3	17857031929.3
     4	9784160410.28
     5	11678738967.4
     6	13326877237.4
     7	6823263630.98
     8	8208087132.29
     9	9425973783.74

Measurement: freq_ro55
  step	{80/t_ro55}
     1	12680750437.5
     2	15127136327.9
     3	17196512553.7
     4	8975489261.83
     5	10930303214.1
     6	12626470665.4
     7	6165700572.83
     8	7578310298
     9	8819229119.23

Measurement: freq_ro56
  step	{80/t_ro56}
     1	13608083698.6
     2	15923632149.3
     3	17873926667.7
     4	9889318584.09
     5	11761181802.7
     6	13396313755.3
     7	6910900040.34
     8	8280429651.75
     9	9489228566.27

Measurement: freq_ro57
  step	{80/t_ro57}
     1	13295954343.8
     2	15624982404.9
     3	17610612226.3
     4	9627945143.2
     5	11504637510.3
     6	13146590763.5
     7	6713854898.79
     8	8082189719.28
     9	9291995624.72

Measurement: freq_ro58
  step	{80/t_ro58}
     1	12990392997.3
     2	15344604831.7
     3	17366919159
     4	9292726768.76
     5	11183211166.4
     6	12838821271.3
     7	6423740625.81
     8	7792232244.43
     9	9005702204.58

Measurement: freq_ro59
  step	{80/t_ro59}
     1	14022482862.4
     2	16292242074.6
     3	18231283834
     4	10280433851.4
     5	12134132670.6
     6	13748376862.9
     7	7237154744.47
     8	8601350969.92
     9	9803574321.73

Measurement: freq_ro60
  step	{80/t_ro60}
     1	13319289628
     2	15631222805.3
     3	17675276865.9
     4	9599362443.74
     5	11491774390.6
     6	13143783302.3
     7	6673031173.58
     8	8051233013.62
     9	9267587658.87

Measurement: freq_ro61
  step	{80/t_ro61}
     1	14174364840
     2	16439536111.8
     3	18367398780.2
     4	10449834603.7
     5	12312599815.7
     6	13925757461.2
     7	7389495426.99
     8	8768115935.71
     9	9974206427.26

Measurement: freq_ro62
  step	{80/t_ro62}
     1	13407098846.4
     2	15737442476
     3	17736245519.4
     4	9714158158.46
     5	11600324286.2
     6	13243783515.4
     7	6779367204.64
     8	8155247055.35
     9	9368038392.05

Measurement: freq_ro63
  step	{80/t_ro63}
     1	14134864558.9
     2	16478857695
     3	18499870501.9
     4	10299074515.2
     5	12222478338
     6	13878430368.1
     7	7230827370.42
     8	8651935410.93
     9	9885317111.19

Measurement: freq_ro64
  step	{80/t_ro64}
     1	13925659807.4
     2	16232254265.9
     3	18191453891.4
     4	10160877038.3
     5	12045423831.6
     6	13673324904.4
     7	7134344603.2
     8	8519484068.19
     9	9728427808.56

Measurement: freq_ro65
  step	{80/t_ro65}
     1	13888892763.1
     2	16177267620.3
     3	18147148003.3
     4	10107363916.9
     5	11998681146.3
     6	13636872315
     7	7089866491.14
     8	8479907958.36
     9	9696660585.87

Measurement: freq_ro66
  step	{80/t_ro66}
     1	13789061949.2
     2	16129032294.5
     3	18111235077.9
     4	10010430759.7
     5	11919967039.6
     6	13573244281
     7	7003781857.29
     8	8405405766.49
     9	9632559248.5

Measurement: freq_ro67
  step	{80/t_ro67}
     1	12931244124
     2	15293997802.8
     3	17340979451
     4	9275339908.88
     5	11187108675.4
     6	12856888868.3
     7	6419816380.1
     8	7804925067.78
     9	9029464340.28

Measurement: freq_ro68
  step	{80/t_ro68}
     1	13786858376.8
     2	16067507213.5
     3	18020631955.4
     4	10069207302.6
     5	11924594768.9
     6	13544434195.7
     7	7067386864.35
     8	8428287775.57
     9	9628387018.24

Measurement: freq_ro69
  step	{80/t_ro69}
     1	12672212677.5
     2	15151493977.3
     3	17204055815.6
     4	9016363925.35
     5	10971900232.3
     6	12671586301.2
     7	6213258748.67
     8	7626787947.56
     9	8871963938.82

Measurement: freq_ro70
  step	{80/t_ro70}
     1	13043323036.2
     2	15421553376
     3	17445007001.3
     4	9342523707.49
     5	11257216276.8
     6	12925829047.1
     7	6465669903.49
     8	7856465467.92
     9	9083242303.46

Measurement: freq_ro71
  step	{80/t_ro71}
     1	14117576372.1
     2	16403487169.1
     3	18349931969.4
     4	10353604105.8
     5	12223621935.4
     6	13845817085
     7	7287212953.68
     8	8665372893.49
     9	9873147304.96

Measurement: freq_ro72
  step	{80/t_ro72}
     1	14349983924.1
     2	16607875609
     3	18518530908.6
     4	10629318593.2
     5	12481188893.4
     6	14087762347.7
     7	7536305267.16
     8	8906473729.52
     9	10107789230.5

Measurement: freq_ro73
  step	{80/t_ro73}
     1	13260651212.5
     2	15624987582.5
     3	17605801471.1
     4	9572834077.03
     5	11456777666.4
     6	13102084705.6
     7	6658394516.35
     8	8028759740.57
     9	9238985226.04

Measurement: freq_ro74
  step	{80/t_ro74}
     1	14232937710
     2	16483390083.4
     3	18409482008.9
     4	10480765611.9
     5	12327927483.4
     6	13932875828.9
     7	7406452566.89
     8	8771304349.85
     9	9968649812.42

Measurement: freq_ro75
  step	{80/t_ro75}
     1	13470162103
     2	15799953218.6
     3	17787141932.6
     4	9760724606.85
     5	11650059849.1
     6	13294833881.9
     7	6811277473.47
     8	8191819860.71
     9	9406369289.14

Measurement: freq_ro76
  step	{80/t_ro76}
     1	14684555393.8
     2	16897272384.6
     3	18789511614.1
     4	10913290262.1
     5	12745702099.6
     6	14328357002.8
     7	7764982367.14
     8	9126358072.35
     9	10313222558.8

Measurement: freq_ro77
  step	{80/t_ro77}
     1	13249336456.4
     2	15577393177.4
     3	17577735311
     4	9575992264.63
     5	11458595784.4
     6	13105119414.3
     7	6670887767.13
     8	8042497101.04
     9	9254400384.15

Measurement: freq_ro78
  step	{80/t_ro78}
     1	13352089878.1
     2	15652098732.5
     3	17663556548.1
     4	9647028036.4
     5	11527030300.1
     6	13166325517
     7	6722315452.4
     8	8093571757.11
     9	9304082313.01

Measurement: freq_ro79
  step	{80/t_ro79}
     1	13430345946
     2	15767699991.5
     3	17763239004.5
     4	9701428548.83
     5	11594052527.3
     6	13243382314.6
     7	6754982042.88
     8	8135766733.77
     9	9352926443.38

Measurement: freq_ro80
  step	{80/t_ro80}
     1	13639163820.3
     2	15986483091.1
     3	17956965396.8
     4	9905777180.3
     5	11802004487.8
     6	13445069516.7
     7	6928033152.43
     8	8315911884.86
     9	9530989373.45

Measurement: freq_ro81
  step	{80/t_ro81}
     1	12195122015.7
     2	14648557929.6
     3	16710245638.3
     4	8615001538.56
     5	10562311874.1
     6	12262915888.5
     7	5906084934.88
     8	7304677933.34
     9	8543209466.74

Measurement: freq_ro82
  step	{80/t_ro82}
     1	13618157137.1
     2	15956043560
     3	17934877459.1
     4	9889564576.86
     5	11783113650.7
     6	13430853634.1
     7	6909422188.59
     8	8296065773.8
     9	9515583008.16

Measurement: freq_ro83
  step	{80/t_ro83}
     1	12759793039.3
     2	15151515369.1
     3	17241386181.5
     4	9131539989.96
     5	11060861063
     6	12742918227.7
     7	6309766408.49
     8	7706643399.43
     9	8938209318.55

Measurement: freq_ro84
  step	{80/t_ro84}
     1	13768012067
     2	16063703589.8
     3	18019727276.5
     4	10045448101
     5	11911704570.2
     6	13535519892.7
     7	7049717325.47
     8	8419382759.19
     9	9625222099.83

Measurement: freq_ro85
  step	{80/t_ro85}
     1	12684323788.1
     2	15088650436.8
     3	17139753776.7
     4	9013938168.68
     5	10930362709.5
     6	12607366730.3
     7	6204913357.7
     8	7587012946.15
     9	8811415369.89

Measurement: freq_ro86
  step	{80/t_ro86}
     1	12820517274.5
     2	15231680243.9
     3	17241389900.4
     4	9166890734.45
     5	11094646435.1
     6	12775472731.5
     7	6330370738.43
     8	7724976445.8
     9	8955232021.64

Measurement: freq_ro87
  step	{80/t_ro87}
     1	13551643827.4
     2	15884223178
     3	17858377165.3
     4	9852966378.32
     5	11726333805.8
     6	13363328542.4
     7	6881678387.75
     8	8250123757.49
     9	9458952006.55

Measurement: freq_ro88
  step	{80/t_ro88}
     1	12963879377.2
     2	15310178747.8
     3	17305561249.2
     4	9303059383.14
     5	11187335638.8
     6	12842316738.7
     7	6439376898.07
     8	7803510952.55
     9	9015240982.18

Measurement: freq_ro89
  step	{80/t_ro89}
     1	13303267361.6
     2	15625002474.7
     3	17652366883.2
     4	9585681759.39
     5	11478286750.5
     6	13130587595.2
     7	6665426203.53
     8	8043680024.33
     9	9259782112.89

Measurement: freq_ro90
  step	{80/t_ro90}
     1	14030567034.3
     2	16296016327
     3	18236331890.1
     4	10287980210.6
     5	12141511211
     6	13753181999.7
     7	7243908742.54
     8	8608241893.52
     9	9807161401.19

Measurement: freq_ro91
  step	{80/t_ro91}
     1	13361654335.8
     2	15681810495
     3	17703575861.8
     4	9645826985.58
     5	11540350317.2
     6	13192278509.6
     7	6711392812.41
     8	8090734422.26
     9	9307941458.63

Measurement: freq_ro92
  step	{80/t_ro92}
     1	14093156324.7
     2	16382599624.9
     3	18316574857.5
     4	10335369150
     5	12207684321.3
     6	13828031049
     7	7283257969.25
     8	8665036405.93
     9	9873162979.93

Measurement: freq_ro93
  step	{80/t_ro93}
     1	13896403917.7
     2	16165002584.4
     3	18124428848.1
     4	10185333549.8
     5	12042487621.1
     6	13661575563
     7	7164864873.35
     8	8531369235.39
     9	9734529222.07

Measurement: freq_ro94
  step	{80/t_ro94}
     1	14320853655.6
     2	16594609921.6
     3	18518514354.1
     4	10601373875
     5	12444191130.2
     6	14042403512.5
     7	7506780701.2
     8	8870852199.52
     9	10064879159

Measurement: freq_ro95
  step	{80/t_ro95}
     1	14466258416
     2	16666684648.1
     3	18596870129.1
     4	10711033525.7
     5	12544837890.5
     6	14136578731.8
     7	7596103713.73
     8	8954248819.59
     9	10144429727.1

Measurement: freq_ro96
  step	{80/t_ro96}
     1	14001408414.1
     2	16251143509.2
     3	18193206155.6
     4	10299701419.2
     5	12141804973.4
     6	13750124623.5
     7	7261647508.06
     8	8617753818.92
     9	9813559205.9

Measurement: freq_ro97
  step	{80/t_ro97}
     1	12695919959.7
     2	15086606985.4
     3	17156147026.5
     4	9011161133.57
     5	10926831669.1
     6	12604642394
     7	6194734204.43
     8	7576496554.96
     9	8801868555.62

Measurement: freq_ro98
  step	{80/t_ro98}
     1	14009180024.2
     2	16293982164.1
     3	18243447025.1
     4	10257627643.4
     5	12119641040.8
     6	13739877123.5
     7	7212217887.19
     8	8581968193.64
     9	9786231749

Measurement: freq_ro99
  step	{80/t_ro99}
     1	12678634213
     2	15069664819
     3	17102431926.7
     4	9043405168.03
     5	10942838967.2
     6	12611572552.4
     7	6233270832.65
     8	7604439735.92
     9	8823035578.12

Measurement: freq_ro100
  step	{80/t_ro100}
     1	13157886198.3
     2	15523496455.3
     3	17513324463.2
     4	9496251979.41
     5	11388783666.3
     6	13041559503.8
     7	6603201539.47
     8	7982108556.9
     9	9199301449.67

Measurement: freq_ro101
  step	{80/t_ro101}
     1	13109039453.8
     2	15571995247.3
     3	17628600426.1
     4	9334531983.59
     5	11338064232.7
     6	13054694122.1
     7	6448918973.34
     8	7909741715.09
     9	9177323625.15

Measurement: freq_ro102
  step	{80/t_ro102}
     1	14131266629.4
     2	16386198565.3
     3	18321116869.6
     4	10393256011.7
     5	12238490517.8
     6	13844962819.9
     7	7335547923.3
     8	8697236742.12
     9	9893177032.99

Measurement: freq_ro103
  step	{80/t_ro103}
     1	13691647251.9
     2	16004205857.5
     3	17948429931.9
     4	9950010646.58
     5	11833995374.4
     6	13471667034.3
     7	6958949686.57
     8	8340471771.97
     9	9554449062.72

Measurement: freq_ro104
  step	{80/t_ro104}
     1	13388955301.3
     2	15733053930.6
     3	17755973480.2
     4	9650298072.67
     5	11557787235.5
     6	13215045626.9
     7	6713919132.55
     8	8104100448.84
     9	9326543800.68

Measurement: freq_ro105
  step	{80/t_ro105}
     1	14285714469
     2	16569430101.5
     3	18498687189.9
     4	10523280829.3
     5	12385584825
     6	13995295100.1
     7	7437817505.22
     8	8814975430.56
     9	10017120240.7

Measurement: freq_ro106
  step	{80/t_ro106}
     1	13805227881.8
     2	16129032086.7
     3	18072018746.4
     4	10049627492.1
     5	11931044998.2
     6	13561583320.7
     7	7042418877.3
     8	8424233490.69
     9	9633216243.83

Measurement: freq_ro107
  step	{80/t_ro107}
     1	13136058014.4
     2	15500586467.8
     3	17519080359.1
     4	9426563187.85
     5	11340890850.4
     6	13010902774.6
     7	6529770323.32
     8	7920713541.4
     9	9148898544.31

Measurement: freq_ro108
  step	{80/t_ro108}
     1	13992553108.6
     2	16286819285.7
     3	18242446748.4
     4	10231933064.7
     5	12109590780.3
     6	13736498008.1
     7	7189702330.95
     8	8569982438.34
     9	9779280483.4

Measurement: freq_ro109
  step	{80/t_ro109}
     1	13598807590.3
     2	15935012672.7
     3	17917230050
     4	9869911048.83
     5	11764548131.3
     6	13412629298.1
     7	6893012937.7
     8	8278579928.99
     9	9497607027.84

Measurement: freq_ro110
  step	{80/t_ro110}
     1	13354941247.5
     2	15648776042.3
     3	17650413161.7
     4	9687151118.38
     5	11562922647.6
     6	13199879793.6
     7	6761430710.64
     8	8129675552.88
     9	9336595950.97

Measurement: freq_ro111
  step	{80/t_ro111}
     1	12844000620.6
     2	15151536437
     3	17241256340.5
     4	9216910342.47
     5	11110933479
     6	12770991790.5
     7	6380180660.34
     8	7750205479.84
     9	8964264788.55

Measurement: freq_ro112
  step	{80/t_ro112}
     1	12911978360.2
     2	15296143116.2
     3	17314610072.7
     4	9270291244.8
     5	11182458650.5
     6	12852635689.6
     7	6418326263.6
     8	7805899205.01
     9	9031873387.27

Measurement: freq_ro113
  step	{80/t_ro113}
     1	13659746968.8
     2	16013555852.2
     3	17958315970.8
     4	9919949841.77
     5	11811984819.5
     6	13448806461.6
     7	6940792601.8
     8	8326613304.45
     9	9538153567.23

Measurement: freq_ro114
  step	{80/t_ro114}
     1	13333286292
     2	15680079765.7
     3	17691321947.4
     4	9627281561.52
     5	11528972596.4
     6	13185491839.2
     7	6698435123.75
     8	8084189172.82
     9	9305694107.67

Measurement: freq_ro115
  step	{80/t_ro115}
     1	13348939241.6
     2	15711610788.3
     3	17758194221
     4	9604276939.75
     5	11539172843
     6	13212130055.1
     7	6678933141.33
     8	8091682910.41
     9	9327459539.97

Measurement: freq_ro116
  step	{80/t_ro116}
     1	12820513060.7
     2	15151517756.4
     3	17241374943.2
     4	9157526260.26
     5	11041728128.2
     6	12698278115.6
     7	6320016539.38
     8	7680700660.6
     9	8890873512.14

Measurement: freq_ro117
  step	{80/t_ro117}
     1	13934627661.1
     2	16191481538
     3	18151018056
     4	10219104283.2
     5	12075552132.1
     6	13690825188.3
     7	7192820889.09
     8	8558387396.11
     9	9758584585.48

Measurement: freq_ro118
  step	{80/t_ro118}
     1	13457381111.3
     2	15768433903.8
     3	17764701851.6
     4	9757142456.55
     5	11637477014.8
     6	13280310080.7
     7	6807895691.86
     8	8181353800.18
     9	9394140212.37

Measurement: freq_ro119
  step	{80/t_ro119}
     1	14112957869.8
     2	16366417572.2
     3	18305984570.6
     4	10365155685.2
     5	12214247374.9
     6	13823510124.1
     7	7307077370.69
     8	8670679546.82
     9	9868675251.43

Measurement: freq_ro120
  step	{80/t_ro120}
     1	13888880403.2
     2	16129031822.9
     3	18101493544.7
     4	10161594531.1
     5	12023773333.1
     6	13641889465.9
     7	7151984930.89
     8	8521383505.1
     9	9723371820.15

Measurement: freq_ro121
  step	{80/t_ro121}
     1	13348729114.3
     2	15668097299.5
     3	17673596995.7
     4	9645813359.52
     5	11526468659.1
     6	13166290126.2
     7	6715695682.52
     8	8085637666.25
     9	9296368246.94

Measurement: freq_ro122
  step	{80/t_ro122}
     1	12889850314
     2	15237397278.3
     3	17241389960
     4	9218414338.87
     5	11104664070.8
     6	12759568435
     7	6368907982.3
     8	7732074819.72
     9	8942869924.62

Measurement: freq_ro123
  step	{80/t_ro123}
     1	12977589610.2
     2	15345315732.4
     3	17367061746
     4	9280600252.02
     5	11182198052
     6	12844647199
     7	6416493547.42
     8	7793644187.87
     9	9011602388.45

Measurement: freq_ro124
  step	{80/t_ro124}
     1	13485895876.3
     2	15826585301.9
     3	17827456492.8
     4	9809695083.36
     5	11717951548.5
     6	13370620651.4
     7	6869790082.95
     8	8267500770.12
     9	9490914930.29

Measurement: freq_ro125
  step	{80/t_ro125}
     1	13192134440.6
     2	15624951882.8
     3	17655238202.9
     4	9448258720.67
     5	11404189732.5
     6	13092792574.9
     7	6547754836.99
     8	7972544874.77
     9	9217090413.56

Measurement: freq_ro126
  step	{80/t_ro126}
     1	13287468040.2
     2	15625002424.9
     3	17644514824.9
     4	9570713004.81
     5	11469257184.5
     6	13123054493.6
     7	6654210800.77
     8	8036240835.35
     9	9253907587.18

Measurement: freq_ro127
  step	{80/t_ro127}
     1	13427693963.3
     2	15723288585.8
     3	17719833362.1
     4	9750512308.45
     5	11620175980.6
     6	13255088530
     7	6810343797.77
     8	8174818699.02
     9	9381424353.83

Measurement: edge100_ro0
  step	V(ro0_out)={VTHRESH} 
     1	7.33949559003e-09
     2	6.25624273493e-09
     3	5.55063293536e-09
     4	1.01427149634e-08
     5	8.49127466445e-09
     6	7.43915233211e-09
     7	1.45391620316e-08
     8	1.20769433632e-08
     9	1.05125750806e-08

Measurement: edge100_ro1
  step	V(ro1_out)={VTHRESH} 
     1	7.48215956116e-09
     2	6.36182076362e-09
     3	5.6407853893e-09
     4	1.03605990088e-08
     5	8.66081014814e-09
     6	7.57339360553e-09
     7	1.48869184245e-08
     8	1.23520827177e-08
     9	1.07345968102e-08

Measurement: edge100_ro2
  step	V(ro2_out)={VTHRESH} 
     1	7.60163596619e-09
     2	6.44017112687e-09
     3	5.69202720657e-09
     4	1.05296980867e-08
     5	8.7628310001e-09
     6	7.64120274127e-09
     7	1.51432913333e-08
     8	1.25079317027e-08
     9	1.08394435616e-08

Measurement: edge100_ro3
  step	V(ro3_out)={VTHRESH} 
     1	7.59050623549e-09
     2	6.43388119444e-09
     3	5.69009965766e-09
     4	1.05585296923e-08
     5	8.79215937897e-09
     6	7.66775999232e-09
     7	1.52294428345e-08
     8	1.25848041501e-08
     9	1.09059287128e-08

Measurement: edge100_ro4
  step	V(ro4_out)={VTHRESH} 
     1	7.76467400085e-09
     2	6.51926548407e-09
     3	5.75160058046e-09
     4	1.09178960959e-08
     5	8.973682175e-09
     6	7.77696214886e-09
     7	1.58428837291e-08
     8	1.29048222471e-08
     9	1.11036538758e-08

Measurement: edge100_ro5
  step	V(ro5_out)={VTHRESH} 
     1	7.88765183572e-09
     2	6.62745202992e-09
     3	5.83189023728e-09
     4	1.10815916423e-08
     5	9.14059841728e-09
     6	7.92084627019e-09
     7	1.6108775498e-08
     8	1.31850555071e-08
     9	1.13496177457e-08

Measurement: edge100_ro6
  step	V(ro6_out)={VTHRESH} 
     1	7.51496627246e-09
     2	6.37521747285e-09
     3	5.64890979507e-09
     4	1.04464965906e-08
     5	8.71229495149e-09
     6	7.60712728719e-09
     7	1.50460079563e-08
     8	1.24507608943e-08
     9	1.08036104767e-08

Measurement: edge100_ro7
  step	V(ro7_out)={VTHRESH} 
     1	7.14540985771e-09
     2	6.12405955131e-09
     3	5.4617632335e-09
     4	9.79444562347e-09
     5	8.25413107682e-09
     6	7.26480005621e-09
     7	1.39591504974e-08
     8	1.16751781314e-08
     9	1.02123550957e-08

Measurement: edge100_ro8
  step	V(ro8_out)={VTHRESH} 
     1	7.34560587749e-09
     2	6.26646556196e-09
     3	5.56170681867e-09
     4	1.01585366436e-08
     5	8.508372677e-09
     6	7.45335590118e-09
     7	1.45752974828e-08
     8	1.21140370016e-08
     9	1.05456844068e-08

Measurement: edge100_ro9
  step	V(ro9_out)={VTHRESH} 
     1	7.3376188451e-09
     2	6.25525150588e-09
     3	5.55044617248e-09
     4	1.01489868698e-08
     5	8.50078826753e-09
     6	7.44935494231e-09
     7	1.45506433963e-08
     8	1.20942891289e-08
     9	1.05318184109e-08

Measurement: edge100_ro10
  step	V(ro10_out)={VTHRESH} 
     1	7.23325097583e-09
     2	6.17690147768e-09
     3	5.51233228843e-09
     4	9.94762079733e-09
     5	8.36917651664e-09
     6	7.35453644207e-09
     7	1.42134630749e-08
     8	1.18710416117e-08
     9	1.03688947372e-08

Measurement: edge100_ro11
  step	V(ro11_out)={VTHRESH} 
     1	7.38550818472e-09
     2	6.2910747703e-09
     3	5.5839283486e-09
     4	1.0221448078e-08
     5	8.54975865092e-09
     6	7.48581315518e-09
     7	1.46670442324e-08
     8	1.21701375792e-08
     9	1.05861000693e-08

Measurement: edge100_ro12
  step	V(ro12_out)={VTHRESH} 
     1	7.29758603058e-09
     2	6.2217494261e-09
     3	5.53589753588e-09
     4	1.00258576734e-08
     5	8.41258970725e-09
     6	7.38216346357e-09
     7	1.4328894386e-08
     8	1.19344571267e-08
     9	1.04091763671e-08

Measurement: edge100_ro13
  step	V(ro13_out)={VTHRESH} 
     1	7.41572483363e-09
     2	6.30836241732e-09
     3	5.58647306494e-09
     4	1.03005658419e-08
     5	8.60015579594e-09
     6	7.52006422669e-09
     7	1.48176091836e-08
     8	1.22747242326e-08
     9	1.06627271165e-08

Measurement: edge100_ro14
  step	V(ro14_out)={VTHRESH} 
     1	7.727639035e-09
     2	6.50555389151e-09
     3	5.737311179e-09
     4	1.08467513652e-08
     5	8.95598745613e-09
     6	7.77605487216e-09
     7	1.57316088499e-08
     8	1.28784045017e-08
     9	1.11033716747e-08

Measurement: edge100_ro15
  step	V(ro15_out)={VTHRESH} 
     1	6.91047538284e-09
     2	5.97268728254e-09
     3	5.35799196119e-09
     4	9.34952633978e-09
     5	7.96132615467e-09
     6	7.05346107029e-09
     7	1.32004471836e-08
     8	1.11662189561e-08
     9	9.83797628498e-09

Measurement: edge100_ro16
  step	V(ro16_out)={VTHRESH} 
     1	7.3726699455e-09
     2	6.28423932789e-09
     3	5.5834879801e-09
     4	1.01983396685e-08
     5	8.54124465625e-09
     6	7.48371047257e-09
     7	1.46240616127e-08
     8	1.21563734153e-08
     9	1.05839328452e-08

Measurement: edge100_ro17
  step	V(ro17_out)={VTHRESH} 
     1	7.86364934338e-09
     2	6.58311357231e-09
     3	5.78861499822e-09
     4	1.11240961783e-08
     5	9.12662067812e-09
     6	7.8907963618e-09
     7	1.61863747911e-08
     8	1.3159628634e-08
     9	1.12992954517e-08

Measurement: edge100_ro18
  step	V(ro18_out)={VTHRESH} 
     1	8.34894328095e-09
     2	6.84369606137e-09
     3	5.95834865458e-09
     4	1.20348458446e-08
     5	9.6205238726e-09
     6	8.21298968377e-09
     7	1.7743256726e-08
     8	1.40330010342e-08
     9	1.18776504637e-08

Measurement: edge100_ro19
  step	V(ro19_out)={VTHRESH} 
     1	7.0844501274e-09
     2	6.08313017393e-09
     3	5.43493655566e-09
     4	9.68588471978e-09
     5	8.18712612208e-09
     6	7.21870218031e-09
     7	1.37783323107e-08
     8	1.15637401001e-08
     9	1.01358006039e-08

Measurement: edge100_ro20
  step	V(ro20_out)={VTHRESH} 
     1	7.48242666017e-09
     2	6.35162963856e-09
     3	5.63967958053e-09
     4	1.03833913756e-08
     5	8.6720745573e-09
     6	7.58047840381e-09
     7	1.49362830747e-08
     8	1.23790529229e-08
     9	1.07524736274e-08

Measurement: edge100_ro21
  step	V(ro21_out)={VTHRESH} 
     1	7.93794354057e-09
     2	6.66124296503e-09
     3	5.8513532482e-09
     4	1.11990513925e-08
     5	9.19434525638e-09
     6	7.96043412631e-09
     7	1.63080665412e-08
     8	1.32689149583e-08
     9	1.13955685076e-08

Measurement: edge100_ro22
  step	V(ro22_out)={VTHRESH} 
     1	7.04912856724e-09
     2	6.0725095834e-09
     3	5.4245600327e-09
     4	9.58902753761e-09
     5	8.12969704841e-09
     6	7.17661464143e-09
     7	1.35891483974e-08
     8	1.14403918351e-08
     9	1.00467784207e-08

Measurement: edge100_ro23
  step	V(ro23_out)={VTHRESH} 
     1	7.54452627288e-09
     2	6.38494860232e-09
     3	5.65029342151e-09
     4	1.05219634391e-08
     5	8.73688763104e-09
     6	7.61642005582e-09
     7	1.51823193991e-08
     8	1.25063386463e-08
     9	1.08287950806e-08

Measurement: edge100_ro24
  step	V(ro24_out)={VTHRESH} 
     1	7.36814421403e-09
     2	6.28651908289e-09
     3	5.58148026002e-09
     4	1.01521217861e-08
     5	8.50895650541e-09
     6	7.45927732197e-09
     7	1.45156002015e-08
     8	1.20745640075e-08
     9	1.05214125405e-08

Measurement: edge100_ro25
  step	V(ro25_out)={VTHRESH} 
     1	7.66424501183e-09
     2	6.46561956332e-09
     3	5.70984135773e-09
     4	1.07392205777e-08
     5	8.89008965591e-09
     6	7.72894109946e-09
     7	1.55596054783e-08
     8	1.2773883349e-08
     9	1.10300842718e-08

Measurement: edge100_ro26
  step	V(ro26_out)={VTHRESH} 
     1	7.09577546282e-09
     2	6.10038017042e-09
     3	5.44742396792e-09
     4	9.69363655975e-09
     5	8.20082205514e-09
     6	7.23146240428e-09
     7	1.37801812834e-08
     8	1.15777282318e-08
     9	1.01506120103e-08

Measurement: edge100_ro27
  step	V(ro27_out)={VTHRESH} 
     1	7.65829576543e-09
     2	6.47508343023e-09
     3	5.71688889697e-09
     4	1.07012346057e-08
     5	8.87791065899e-09
     6	7.72851198273e-09
     7	1.54612928351e-08
     8	1.2725606203e-08
     9	1.1003814553e-08

Measurement: edge100_ro28
  step	V(ro28_out)={VTHRESH} 
     1	7.57282873125e-09
     2	6.43004554193e-09
     3	5.693458352e-09
     4	1.04959833553e-08
     5	8.75255910248e-09
     6	7.64026202371e-09
     7	1.50937834421e-08
     8	1.24930915503e-08
     9	1.08384608634e-08

Measurement: edge100_ro29
  step	V(ro29_out)={VTHRESH} 
     1	7.39623794937e-09
     2	6.30653263939e-09
     3	5.59690779899e-09
     4	1.02299849663e-08
     5	8.56842567647e-09
     6	7.50398409538e-09
     7	1.46845394061e-08
     8	1.22077213642e-08
     9	1.06241930674e-08

Measurement: edge100_ro30
  step	V(ro30_out)={VTHRESH} 
     1	7.96671089144e-09
     2	6.6797684457e-09
     3	5.86122947771e-09
     4	1.11837916068e-08
     5	9.18504827541e-09
     6	7.94117732326e-09
     7	1.62270875383e-08
     8	1.3218586854e-08
     9	1.1354808135e-08

Measurement: edge100_ro31
  step	V(ro31_out)={VTHRESH} 
     1	7.67123900912e-09
     2	6.46366166456e-09
     3	5.70737336675e-09
     4	1.07756303844e-08
     5	8.90155720057e-09
     6	7.73517587503e-09
     7	1.56193309684e-08
     8	1.27918968166e-08
     9	1.10362770335e-08

Measurement: edge100_ro32
  step	V(ro32_out)={VTHRESH} 
     1	7.30233760612e-09
     2	6.24441159594e-09
     3	5.55288885506e-09
     4	1.00399886355e-08
     5	8.44868410942e-09
     6	7.41892263781e-09
     7	1.43555213629e-08
     8	1.19953272347e-08
     9	1.0471580779e-08

Measurement: edge100_ro33
  step	V(ro33_out)={VTHRESH} 
     1	7.12673785478e-09
     2	6.12040653573e-09
     3	5.4603078009e-09
     4	9.69097641429e-09
     5	8.19303693342e-09
     6	7.22223928873e-09
     7	1.3745678666e-08
     8	1.15403962472e-08
     9	1.01151004528e-08

Measurement: edge100_ro34
  step	V(ro34_out)={VTHRESH} 
     1	6.9773508678e-09
     2	6.01166887709e-09
     3	5.3854156036e-09
     4	9.50414681508e-09
     5	8.06619775621e-09
     6	7.13232173238e-09
     7	1.3467689676e-08
     8	1.13510628934e-08
     9	9.97800701136e-09

Measurement: edge100_ro35
  step	V(ro35_out)={VTHRESH} 
     1	7.17892448812e-09
     2	6.14652707863e-09
     3	5.49106570114e-09
     4	9.80093672453e-09
     5	8.27498904737e-09
     6	7.28829153158e-09
     7	1.39326728608e-08
     8	1.16821354124e-08
     9	1.02292731207e-08

Measurement: edge100_ro36
  step	V(ro36_out)={VTHRESH} 
     1	7.60047202362e-09
     2	6.43513942552e-09
     3	5.69687868459e-09
     4	1.05917501695e-08
     5	8.81129944851e-09
     6	7.68205677517e-09
     7	1.52811517345e-08
     8	1.26126630829e-08
     9	1.09247340185e-08

Measurement: edge100_ro37
  step	V(ro37_out)={VTHRESH} 
     1	7.38744049669e-09
     2	6.29547110216e-09
     3	5.58193298836e-09
     4	1.02082238143e-08
     5	8.53558045435e-09
     6	7.47197183264e-09
     7	1.46280760627e-08
     8	1.21374764731e-08
     9	1.05583039124e-08

Measurement: edge100_ro38
  step	V(ro38_out)={VTHRESH} 
     1	7.60385665968e-09
     2	6.42726903219e-09
     3	5.68307162956e-09
     4	1.05919246065e-08
     5	8.78735900601e-09
     6	7.65380169049e-09
     7	1.5283382037e-08
     8	1.2573017511e-08
     9	1.08764203574e-08

Measurement: edge100_ro39
  step	V(ro39_out)={VTHRESH} 
     1	7.38771889486e-09
     2	6.30749600997e-09
     3	5.5978021316e-09
     4	1.01672338141e-08
     5	8.53013662736e-09
     6	7.47589796605e-09
     7	1.45491995587e-08
     8	1.21175273446e-08
     9	1.05571647697e-08

Measurement: edge100_ro40
  step	V(ro40_out)={VTHRESH} 
     1	7.18983468526e-09
     2	6.1528488667e-09
     3	5.48349059281e-09
     4	9.88441532024e-09
     5	8.31099406142e-09
     6	7.30666036462e-09
     7	1.41013676925e-08
     8	1.17673293733e-08
     9	1.02821644517e-08

Measurement: edge100_ro41
  step	V(ro41_out)={VTHRESH} 
     1	7.27794298451e-09
     2	6.21420993564e-09
     3	5.53231652476e-09
     4	1.00184210148e-08
     5	8.41555652998e-09
     6	7.38773984557e-09
     7	1.43343185215e-08
     8	1.19518191325e-08
     9	1.0428245724e-08

Measurement: edge100_ro42
  step	V(ro42_out)={VTHRESH} 
     1	7.06476171825e-09
     2	6.07886756861e-09
     3	5.4302923731e-09
     4	9.63211546222e-09
     5	8.15946250042e-09
     6	7.20282592799e-09
     7	1.3677375987e-08
     8	1.15070671702e-08
     9	1.00999644618e-08

Measurement: edge100_ro43
  step	V(ro43_out)={VTHRESH} 
     1	7.2214690521e-09
     2	6.17908338365e-09
     3	5.50343042021e-09
     4	9.92002912983e-09
     5	8.34542749119e-09
     6	7.33592042192e-09
     7	1.41666715892e-08
     8	1.18325767208e-08
     9	1.0335177243e-08

Measurement: edge100_ro44
  step	V(ro44_out)={VTHRESH} 
     1	7.71815282098e-09
     2	6.49769815213e-09
     3	5.74160136837e-09
     4	1.08010596023e-08
     5	8.92211149602e-09
     6	7.74485924866e-09
     7	1.56195538984e-08
     8	1.27916949029e-08
     9	1.10339722687e-08

Measurement: edge100_ro45
  step	V(ro45_out)={VTHRESH} 
     1	6.8779330491e-09
     2	5.94666885162e-09
     3	5.34002729368e-09
     4	9.29037255463e-09
     5	7.91688736105e-09
     6	7.01983238232e-09
     7	1.30953767687e-08
     8	1.10851258673e-08
     9	9.77553335203e-09

Measurement: edge100_ro46
  step	V(ro46_out)={VTHRESH} 
     1	7.73105934779e-09
     2	6.50765091727e-09
     3	5.72749426825e-09
     4	1.08096229458e-08
     5	8.90858719426e-09
     6	7.72902398743e-09
     7	1.56242009083e-08
     8	1.27650247269e-08
     9	1.09973185598e-08

Measurement: edge100_ro47
  step	V(ro47_out)={VTHRESH} 
     1	7.38418807138e-09
     2	6.29504806315e-09
     3	5.58205640381e-09
     4	1.0219866264e-08
     5	8.5537382637e-09
     6	7.4893982291e-09
     7	1.46663663118e-08
     8	1.21836187065e-08
     9	1.06004529421e-08

Measurement: edge100_ro48
  step	V(ro48_out)={VTHRESH} 
     1	7.37374488503e-09
     2	6.2882175481e-09
     3	5.58144492065e-09
     4	1.01436316497e-08
     5	8.50695602706e-09
     6	7.4559490543e-09
     7	1.4516523974e-08
     8	1.20856229484e-08
     9	1.05289896946e-08

Measurement: edge100_ro49
  step	V(ro49_out)={VTHRESH} 
     1	7.42582510419e-09
     2	6.34486486652e-09
     3	5.60434423324e-09
     4	1.02582191526e-08
     5	8.58116686485e-09
     6	7.50931372226e-09
     7	1.47194598463e-08
     8	1.22202787903e-08
     9	1.06274232798e-08

Measurement: edge100_ro50
  step	V(ro50_out)={VTHRESH} 
     1	7.33758814144e-09
     2	6.26627209962e-09
     3	5.56483837664e-09
     4	1.0149151776e-08
     5	8.50464732747e-09
     6	7.45202932375e-09
     7	1.4558117338e-08
     8	1.2106544983e-08
     9	1.05411800566e-08

Measurement: edge100_ro51
  step	V(ro51_out)={VTHRESH} 
     1	7.60409762434e-09
     2	6.43513243221e-09
     3	5.68987590308e-09
     4	1.06227339214e-08
     5	8.82319224841e-09
     6	7.68619419797e-09
     7	1.53429017496e-08
     8	1.26417694676e-08
     9	1.09402282718e-08

Measurement: edge100_ro52
  step	V(ro52_out)={VTHRESH} 
     1	6.99331465432e-09
     2	6.02257998194e-09
     3	5.38712378691e-09
     4	9.52835920732e-09
     5	8.07260657026e-09
     6	7.13125466791e-09
     7	1.35118349589e-08
     8	1.13658038015e-08
     9	9.98193323317e-09

Measurement: edge100_ro53
  step	V(ro53_out)={VTHRESH} 
     1	7.57059560329e-09
     2	6.41206567023e-09
     3	5.67298319471e-09
     4	1.05025242714e-08
     5	8.73220725641e-09
     6	7.6157398333e-09
     7	1.50988516509e-08
     8	1.24581207509e-08
     9	1.07944895442e-08

Measurement: edge100_ro54
  step	V(ro54_out)={VTHRESH} 
     1	7.34334655028e-09
     2	6.25536937761e-09
     3	5.55574386133e-09
     4	1.01425057136e-08
     5	8.49585078438e-09
     6	7.4446077666e-09
     7	1.45441913655e-08
     8	1.20886885997e-08
     9	1.05258212935e-08

Measurement: edge100_ro55
  step	V(ro55_out)={VTHRESH} 
     1	7.82249474063e-09
     2	6.55542393974e-09
     3	5.76574505894e-09
     4	1.10520498075e-08
     5	9.07264295093e-09
     6	7.85227865125e-09
     7	1.60879482653e-08
     8	1.30852637135e-08
     9	1.12420806929e-08

Measurement: edge100_ro56
  step	V(ro56_out)={VTHRESH} 
     1	7.28413687894e-09
     2	6.22312500785e-09
     3	5.54300084358e-09
     4	1.00227502663e-08
     5	8.42538681542e-09
     6	7.39603685503e-09
     7	1.43410814687e-08
     8	1.19663496309e-08
     9	1.04406683851e-08

Measurement: edge100_ro57
  step	V(ro57_out)={VTHRESH} 
     1	7.46150734491e-09
     2	6.34734023229e-09
     3	5.63136623063e-09
     4	1.03048679326e-08
     5	8.62221118198e-09
     6	7.54440994518e-09
     7	1.47778489799e-08
     8	1.22740207045e-08
     9	1.06746228769e-08

Measurement: edge100_ro58
  step	V(ro58_out)={VTHRESH} 
     1	7.63540987951e-09
     2	6.46178273624e-09
     3	5.70815616474e-09
     4	1.06739335432e-08
     5	8.86651970955e-09
     6	7.72155901083e-09
     7	1.5440579423e-08
     8	1.27249478661e-08
     9	1.10081491255e-08

Measurement: edge100_ro59
  step	V(ro59_out)={VTHRESH} 
     1	7.07813477866e-09
     2	6.0906748087e-09
     3	5.44204996462e-09
     4	9.65607771772e-09
     5	8.17921080431e-09
     6	7.21775599565e-09
     7	1.37179723242e-08
     8	1.15400591417e-08
     9	1.01239285943e-08

Measurement: edge100_ro60
  step	V(ro60_out)={VTHRESH} 
     1	7.44702924502e-09
     2	6.34289844244e-09
     3	5.60999491033e-09
     4	1.03329169346e-08
     5	8.62961108384e-09
     6	7.54401485319e-09
     7	1.48639693833e-08
     8	1.2317265578e-08
     9	1.06992031674e-08

Measurement: edge100_ro61
  step	V(ro61_out)={VTHRESH} 
     1	6.99878106591e-09
     2	6.03258259439e-09
     3	5.39815106967e-09
     4	9.4936572406e-09
     5	8.05546825759e-09
     6	7.12071945157e-09
     7	1.3425544986e-08
     8	1.1312453556e-08
     9	9.94246911531e-09

Measurement: edge100_ro62
  step	V(ro62_out)={VTHRESH} 
     1	7.3975364417e-09
     2	6.30141350155e-09
     3	5.59140922508e-09
     4	1.02107277471e-08
     5	8.54892379596e-09
     6	7.4877193349e-09
     7	1.46308753858e-08
     8	1.2160121605e-08
     9	1.05852669695e-08

Measurement: edge100_ro63
  step	V(ro63_out)={VTHRESH} 
     1	7.01787276254e-09
     2	6.01868310216e-09
     3	5.36105888757e-09
     4	9.63227845217e-09
     5	8.11508718391e-09
     6	7.14621248272e-09
     7	1.3719991545e-08
     8	1.14644981702e-08
     9	1.00328388096e-08

Measurement: edge100_ro64
  step	V(ro64_out)={VTHRESH} 
     1	7.12471614259e-09
     2	6.11134069358e-09
     3	5.4524321455e-09
     4	9.76521841924e-09
     5	8.23593101139e-09
     6	7.25467689248e-09
     7	1.39083280289e-08
     8	1.16450485225e-08
     9	1.01968771294e-08

Measurement: edge100_ro65
  step	V(ro65_out)={VTHRESH} 
     1	7.13942102237e-09
     2	6.12910224543e-09
     3	5.46275873849e-09
     4	9.81112352794e-09
     5	8.26331735371e-09
     6	7.26993439224e-09
     7	1.39864809727e-08
     8	1.1692169094e-08
     9	1.02241312645e-08

Measurement: edge100_ro66
  step	V(ro66_out)={VTHRESH} 
     1	7.19164441708e-09
     2	6.1471984231e-09
     3	5.47335185111e-09
     4	9.90663640208e-09
     5	8.31754976107e-09
     6	7.30347650832e-09
     7	1.41593232178e-08
     8	1.17954171343e-08
     9	1.02913483515e-08

Measurement: edge100_ro67
  step	V(ro67_out)={VTHRESH} 
     1	7.6660763517e-09
     2	6.48038582662e-09
     3	5.71469960059e-09
     4	1.06873963027e-08
     5	8.85903047346e-09
     6	7.70755269467e-09
     7	1.54402721116e-08
     8	1.26974189105e-08
     9	1.09740522012e-08

Measurement: edge100_ro68
  step	V(ro68_out)={VTHRESH} 
     1	7.19249410263e-09
     2	6.17042295333e-09
     3	5.50098448911e-09
     4	9.84802261093e-09
     5	8.31441663878e-09
     6	7.31905312831e-09
     7	1.40304415336e-08
     8	1.17629744123e-08
     9	1.02954955756e-08

Measurement: edge100_ro69
  step	V(ro69_out)={VTHRESH} 
     1	7.82390506049e-09
     2	6.54320569953e-09
     3	5.76059124577e-09
     4	1.09962636981e-08
     5	9.03410615308e-09
     6	7.82116815569e-09
     7	1.59562747563e-08
     8	1.29960385776e-08
     9	1.11704322623e-08

Measurement: edge100_ro70
  step	V(ro70_out)={VTHRESH} 
     1	7.61555241925e-09
     2	6.43954968839e-09
     3	5.6918161846e-09
     4	1.06341859645e-08
     5	8.82290563554e-09
     6	7.6828446741e-09
     7	1.53669464804e-08
     8	1.26430428232e-08
     9	1.09338502977e-08

Measurement: edge100_ro71
  step	V(ro71_out)={VTHRESH} 
     1	7.03007402375e-09
     2	6.04923850636e-09
     3	5.40634944216e-09
     4	9.5870840538e-09
     5	8.11895579304e-09
     6	7.16636407328e-09
     7	1.36222032421e-08
     8	1.14538691345e-08
     9	1.00510781851e-08

Measurement: edge100_ro72
  step	V(ro72_out)={VTHRESH} 
     1	6.91249938163e-09
     2	5.97211344776e-09
     3	5.35546513704e-09
     4	9.33272644181e-09
     5	7.94740413781e-09
     6	7.04055232866e-09
     7	1.31631925754e-08
     8	1.1137490209e-08
     9	9.81332877629e-09

Measurement: edge100_ro73
  step	V(ro73_out)={VTHRESH} 
     1	7.47972104179e-09
     2	6.34572563558e-09
     3	5.63093559392e-09
     4	1.03618808716e-08
     5	8.65524398507e-09
     6	7.56672925036e-09
     7	1.4897050138e-08
     8	1.23506606622e-08
     9	1.07305303121e-08

Measurement: edge100_ro74
  step	V(ro74_out)={VTHRESH} 
     1	6.96715952984e-09
     2	6.01521878327e-09
     3	5.38537137775e-09
     4	9.46146793857e-09
     5	8.04257811686e-09
     6	7.1156049296e-09
     7	1.3388570259e-08
     8	1.13037095813e-08
     9	9.9450382632e-09

Measurement: edge100_ro75
  step	V(ro75_out)={VTHRESH} 
     1	7.3722236849e-09
     2	6.28333779482e-09
     3	5.57961692091e-09
     4	1.01784441628e-08
     5	8.52512011818e-09
     6	7.46836574012e-09
     7	1.45892528436e-08
     8	1.21268818688e-08
     9	1.0558738318e-08

Measurement: edge100_ro76
  step	V(ro76_out)={VTHRESH} 
     1	6.75251057861e-09
     2	5.86689114855e-09
     3	5.27548359747e-09
     4	9.08622672453e-09
     5	7.77819410205e-09
     6	6.91810805359e-09
     7	1.27700119278e-08
     8	1.08628753096e-08
     9	9.61144193897e-09

Measurement: edge100_ro77
  step	V(ro77_out)={VTHRESH} 
     1	7.49019654295e-09
     2	6.36825116884e-09
     3	5.64168011771e-09
     4	1.03649114991e-08
     5	8.65877531356e-09
     6	7.56884655382e-09
     7	1.4879602891e-08
     8	1.23377928333e-08
     9	1.07197561913e-08

Measurement: edge100_ro78
  step	V(ro78_out)={VTHRESH} 
     1	7.42810598741e-09
     2	6.33384324207e-09
     3	5.61183360865e-09
     4	1.0281653991e-08
     5	8.60157044524e-09
     6	7.52952156255e-09
     7	1.47547131594e-08
     8	1.22505675845e-08
     9	1.06546038253e-08

Measurement: edge100_ro79
  step	V(ro79_out)={VTHRESH} 
     1	7.38413615885e-09
     2	6.28783711024e-09
     3	5.58057402778e-09
     4	1.02230013517e-08
     5	8.55212720521e-09
     6	7.48585063405e-09
     7	1.46820157425e-08
     8	1.21876664142e-08
     9	1.06001834829e-08

Measurement: edge100_ro80
  step	V(ro80_out)={VTHRESH} 
     1	7.27014057947e-09
     2	6.20132794573e-09
     3	5.5201944407e-09
     4	1.00099276309e-08
     5	8.39981772703e-09
     6	7.37230101933e-09
     7	1.43115020964e-08
     8	1.19206258983e-08
     9	1.03995170082e-08

Measurement: edge100_ro81
  step	V(ro81_out)={VTHRESH} 
     1	8.13085362287e-09
     2	6.76842053637e-09
     3	5.93235233112e-09
     4	1.1509850542e-08
     5	9.38614338675e-09
     6	8.08383813058e-09
     7	1.67878500432e-08
     8	1.35712169643e-08
     9	1.16026145017e-08

Measurement: edge100_ro82
  step	V(ro82_out)={VTHRESH} 
     1	7.28934262162e-09
     2	6.22003978028e-09
     3	5.53333926793e-09
     4	1.00388594933e-08
     5	8.42410955599e-09
     6	7.3899576888e-09
     7	1.43698726038e-08
     8	1.19660079318e-08
     9	1.04314181079e-08

Measurement: edge100_ro83
  step	V(ro83_out)={VTHRESH} 
     1	7.77076041735e-09
     2	6.54130251576e-09
     3	5.74778135818e-09
     4	1.08587541393e-08
     5	8.96142158828e-09
     6	7.77701253913e-09
     7	1.57141787098e-08
     8	1.28613652667e-08
     9	1.10870192757e-08

Measurement: edge100_ro84
  step	V(ro84_out)={VTHRESH} 
     1	7.2033067624e-09
     2	6.17246558858e-09
     3	5.50172459506e-09
     4	9.87291496443e-09
     5	8.32432172961e-09
     6	7.32454283208e-09
     7	1.40682073313e-08
     8	1.17775033208e-08
     9	1.0300605251e-08

Measurement: edge100_ro85
  step	V(ro85_out)={VTHRESH} 
     1	7.83065222635e-09
     2	6.58058942005e-09
     3	5.791946344e-09
     4	1.10219985348e-08
     5	9.08620138737e-09
     6	7.87586463245e-09
     7	1.60139145378e-08
     8	1.30922328676e-08
     9	1.12706290514e-08

Measurement: edge100_ro86
  step	V(ro86_out)={VTHRESH} 
     1	7.7469141708e-09
     2	6.52003721934e-09
     3	5.75803480215e-09
     4	1.0838564466e-08
     5	8.95350562366e-09
     6	7.77449068196e-09
     7	1.56971641656e-08
     8	1.28606634031e-08
     9	1.10924738541e-08

Measurement: edge100_ro87
  step	V(ro87_out)={VTHRESH} 
     1	7.319577185e-09
     2	6.24244530997e-09
     3	5.5502294629e-09
     4	1.00681783435e-08
     5	8.45670740442e-09
     6	7.41894832998e-09
     7	1.44152891322e-08
     8	1.20203463929e-08
     9	1.0481719015e-08

Measurement: edge100_ro88
  step	V(ro88_out)={VTHRESH} 
     1	7.64846684803e-09
     2	6.47512730491e-09
     3	5.72768870431e-09
     4	1.06581589433e-08
     5	8.86105451018e-09
     6	7.71817757457e-09
     7	1.53971852288e-08
     8	1.27028029378e-08
     9	1.09942838011e-08

Measurement: edge100_ro89
  step	V(ro89_out)={VTHRESH} 
     1	7.45781797545e-09
     2	6.34706203726e-09
     3	5.61686597045e-09
     4	1.03510483323e-08
     5	8.64155029192e-09
     6	7.55220346004e-09
     7	1.48864405071e-08
     8	1.2332110346e-08
     9	1.0709799793e-08

Measurement: edge100_ro90
  step	V(ro90_out)={VTHRESH} 
     1	7.07559300709e-09
     2	6.09008184845e-09
     3	5.44055723229e-09
     4	9.65220859933e-09
     5	8.17641667197e-09
     6	7.21640793049e-09
     7	1.37107172071e-08
     8	1.15345940442e-08
     9	1.0122459599e-08

Measurement: edge100_ro91
  step	V(ro91_out)={VTHRESH} 
     1	7.42900612851e-09
     2	6.32753171637e-09
     3	5.60368673858e-09
     4	1.0292556543e-08
     5	8.6005722967e-09
     6	7.52172844152e-09
     7	1.4793885377e-08
     8	1.22688935861e-08
     9	1.06622336303e-08

Measurement: edge100_ro92
  step	V(ro92_out)={VTHRESH} 
     1	7.03712980953e-09
     2	6.05245714381e-09
     3	5.41258480734e-09
     4	9.59734014374e-09
     5	8.12385451874e-09
     6	7.1710156751e-09
     7	1.34830926518e-08
     8	1.13314992541e-08
     9	9.94458046235e-09

Measurement: edge100_ro93
  step	V(ro93_out)={VTHRESH} 
     1	7.14695339744e-09
     2	6.14140772658e-09
     3	5.47634481001e-09
     4	9.75454997134e-09
     5	8.24582433903e-09
     6	7.26705338552e-09
     7	1.38687090779e-08
     8	1.16414866926e-08
     9	1.02003034582e-08

Measurement: edge100_ro94
  step	V(ro94_out)={VTHRESH} 
     1	6.92706511628e-09
     2	5.97588049398e-09
     3	5.35551971038e-09
     4	9.35732267726e-09
     5	7.9697550453e-09
     6	7.06185788794e-09
     7	1.32152483285e-08
     8	1.11806471857e-08
     9	9.8531085101e-09

Measurement: edge100_ro95
  step	V(ro95_out)={VTHRESH} 
     1	6.85494349551e-09
     2	5.94809934491e-09
     3	5.32967390362e-09
     4	9.2587900733e-09
     5	7.90279283843e-09
     6	7.01158506517e-09
     7	1.30554382229e-08
     8	1.10719395847e-08
     9	9.77100411911e-09

Measurement: edge100_ro96
  step	V(ro96_out)={VTHRESH} 
     1	7.08562860346e-09
     2	6.10393225706e-09
     3	5.45184175496e-09
     4	9.6336083838e-09
     5	8.17060103099e-09
     6	7.21433320465e-09
     7	1.36650639764e-08
     8	1.15127955173e-08
     9	1.01090898645e-08

Measurement: edge100_ro97
  step	V(ro97_out)={VTHRESH} 
     1	7.80158104882e-09
     2	6.56643453345e-09
     3	5.77394955269e-09
     4	1.09891139311e-08
     5	9.06448746116e-09
     6	7.85839935095e-09
     7	1.59828931675e-08
     8	1.30709176569e-08
     9	1.12522261838e-08

Measurement: edge100_ro98
  step	V(ro98_out)={VTHRESH} 
     1	7.0803473137e-09
     2	6.08600844935e-09
     3	5.43482502425e-09
     4	9.67027436521e-09
     5	8.18266674379e-09
     6	7.21660430106e-09
     7	1.37535880128e-08
     8	1.1555916584e-08
     9	1.01322132043e-08

Measurement: edge100_ro99
  step	V(ro99_out)={VTHRESH} 
     1	7.82001974653e-09
     2	6.57690103255e-09
     3	5.79412643361e-09
     4	1.09632061841e-08
     5	9.057617207e-09
     6	7.85758846881e-09
     7	1.59048003953e-08
     8	1.30336166495e-08
     9	1.12312885018e-08

Measurement: edge100_ro100
  step	V(ro100_out)={VTHRESH} 
     1	7.52820031735e-09
     2	6.38073207205e-09
     3	5.65569615711e-09
     4	1.04305019376e-08
     5	8.69650008097e-09
     6	7.59422688701e-09
     7	1.49987789997e-08
     8	1.24068634588e-08
     9	1.07649958994e-08

Measurement: edge100_ro101
  step	V(ro101_out)={VTHRESH} 
     1	7.56687709237e-09
     2	6.36881123652e-09
     3	5.62499088031e-09
     4	1.06270839649e-08
     5	8.74734673948e-09
     6	7.59617161585e-09
     7	1.53823168201e-08
     8	1.25389499503e-08
     9	1.08057310074e-08

Measurement: edge100_ro102
  step	V(ro102_out)={VTHRESH} 
     1	7.02144697992e-09
     2	6.05253323102e-09
     3	5.41130566772e-09
     4	9.54875895207e-09
     5	8.10573538143e-09
     6	7.16285361984e-09
     7	1.35303108495e-08
     8	1.14080128212e-08
     9	1.00262739507e-08

Measurement: edge100_ro103
  step	V(ro103_out)={VTHRESH} 
     1	7.23888084073e-09
     2	6.19131830934e-09
     3	5.52004913369e-09
     4	9.96035970047e-09
     5	8.37310984562e-09
     6	7.35454045549e-09
     7	1.42403393796e-08
     8	1.18795955507e-08
     9	1.03691438638e-08

Measurement: edge100_ro104
  step	V(ro104_out)={VTHRESH} 
     1	7.40544154143e-09
     2	6.30094188501e-09
     3	5.58234106714e-09
     4	1.02740249972e-08
     5	8.57693199605e-09
     6	7.500437195e-09
     7	1.47665757707e-08
     8	1.22315866644e-08
     9	1.06271187756e-08

Measurement: edge100_ro105
  step	V(ro105_out)={VTHRESH} 
     1	6.94959283623e-09
     2	5.99001090559e-09
     3	5.3637009438e-09
     4	9.43631098066e-09
     5	8.01527312212e-09
     6	7.09187613802e-09
     7	1.33524330979e-08
     8	1.12636239876e-08
     9	9.9099056174e-09

Measurement: edge100_ro106
  step	V(ro106_out)={VTHRESH} 
     1	7.18978698692e-09
     2	6.15292079174e-09
     3	5.49017337383e-09
     4	9.87885177887e-09
     5	8.31953100741e-09
     6	7.31835066864e-09
     7	1.40996350193e-08
     8	1.17850675523e-08
     9	1.0304888555e-08

Measurement: edge100_ro107
  step	V(ro107_out)={VTHRESH} 
     1	7.55888277969e-09
     2	6.40400877308e-09
     3	5.66502246399e-09
     4	1.05343881034e-08
     5	8.75411832154e-09
     6	7.6291198149e-09
     7	1.52084212593e-08
     8	1.25351719594e-08
     9	1.08506808597e-08

Measurement: edge100_ro108
  step	V(ro108_out)={VTHRESH} 
     1	7.0874166259e-09
     2	6.08818171786e-09
     3	5.43505013885e-09
     4	9.69219756786e-09
     5	8.1882454443e-09
     6	7.21784704861e-09
     7	1.37930953425e-08
     8	1.15698157626e-08
     9	1.01382284763e-08

Measurement: edge100_ro109
  step	V(ro109_out)={VTHRESH} 
     1	7.29374756403e-09
     2	6.22342196408e-09
     3	5.5340402923e-09
     4	1.00495137862e-08
     5	8.42989570433e-09
     6	7.39301324681e-09
     7	1.43895664292e-08
     8	1.19797705913e-08
     9	1.0440858419e-08

Measurement: edge100_ro110
  step	V(ro110_out)={VTHRESH} 
     1	7.42514062128e-09
     2	6.33455155161e-09
     3	5.61526042681e-09
     4	1.02367559934e-08
     5	8.57305401783e-09
     6	7.50841787981e-09
     7	1.4665596804e-08
     8	1.21931061084e-08
     9	1.06147573815e-08

Measurement: edge100_ro111
  step	V(ro111_out)={VTHRESH} 
     1	7.71973493296e-09
     2	6.54019218103e-09
     3	5.74923895016e-09
     4	1.07568500495e-08
     5	8.92079829728e-09
     6	7.75988504721e-09
     7	1.55381107585e-08
     8	1.27880696668e-08
     9	1.10544521771e-08

Measurement: edge100_ro112
  step	V(ro112_out)={VTHRESH} 
     1	7.68865156269e-09
     2	6.48869687183e-09
     3	5.73196644087e-09
     4	1.07112670398e-08
     5	8.87748901594e-09
     6	7.72288925944e-09
     7	1.54726124697e-08
     8	1.27190477222e-08
     9	1.09911971288e-08

Measurement: edge100_ro113
  step	V(ro113_out)={VTHRESH} 
     1	7.26115414736e-09
     2	6.19151128694e-09
     3	5.51992459273e-09
     4	9.99918993282e-09
     5	8.39459798047e-09
     6	7.37112772368e-09
     7	1.42909298984e-08
     8	1.190860327e-08
     9	1.03934420005e-08

Measurement: edge100_ro114
  step	V(ro114_out)={VTHRESH} 
     1	7.43781421665e-09
     2	6.32316063912e-09
     3	5.60385498642e-09
     4	1.03010362326e-08
     5	8.59986627467e-09
     6	7.51889383724e-09
     7	1.48048778679e-08
     8	1.22642816742e-08
     9	1.06535307336e-08

Measurement: edge100_ro115
  step	V(ro115_out)={VTHRESH} 
     1	7.43030618808e-09
     2	6.31115158779e-09
     3	5.58298009701e-09
     4	1.0327868053e-08
     5	8.59385117096e-09
     6	7.50434621632e-09
     7	1.48514231536e-08
     8	1.2255528813e-08
     9	1.06300950616e-08

Measurement: edge100_ro116
  step	V(ro116_out)={VTHRESH} 
     1	7.7451331535e-09
     2	6.54933048079e-09
     3	5.75602941438e-09
     4	1.08477919375e-08
     5	8.99199901775e-09
     6	7.8168925155e-09
     7	1.572159045e-08
     8	1.29298176195e-08
     9	1.11670654448e-08

Measurement: edge100_ro117
  step	V(ro117_out)={VTHRESH} 
     1	7.11863071019e-09
     2	6.12469685844e-09
     3	5.46254381098e-09
     4	9.70768483423e-09
     5	8.21297796481e-09
     6	7.24267412176e-09
     7	1.37922716374e-08
     8	1.1588667762e-08
     9	1.01616441484e-08

Measurement: edge100_ro118
  step	V(ro118_out)={VTHRESH} 
     1	7.36635811553e-09
     2	6.28511602761e-09
     3	5.57761875705e-09
     4	1.01597591661e-08
     5	8.51582816567e-09
     6	7.46133872537e-09
     7	1.45603435811e-08
     8	1.21128891643e-08
     9	1.05475201425e-08

Measurement: edge100_ro119
  step	V(ro119_out)={VTHRESH} 
     1	7.02820843454e-09
     2	6.058044678e-09
     3	5.41501064965e-09
     4	9.57023162746e-09
     5	8.11832417698e-09
     6	7.17151043935e-09
     7	1.35755797018e-08
     8	1.14368393368e-08
     9	1.00460060396e-08

Measurement: edge100_ro120
  step	V(ro120_out)={VTHRESH} 
     1	7.13584071576e-09
     2	6.14406311963e-09
     3	5.47450500708e-09
     4	9.75319129865e-09
     5	8.24153439327e-09
     6	7.26358690201e-09
     7	1.38566048455e-08
     8	1.16282576634e-08
     9	1.01900987518e-08

Measurement: edge100_ro121
  step	V(ro121_out)={VTHRESH} 
     1	7.43538208494e-09
     2	6.33349428073e-09
     3	5.61321598728e-09
     4	1.02911007214e-08
     5	8.6101843478e-09
     6	7.53626972179e-09
     7	1.47821499286e-08
     8	1.22752806101e-08
     9	1.06751700877e-08

Measurement: edge100_ro122
  step	V(ro122_out)={VTHRESH} 
     1	7.69272373533e-09
     2	6.5053346789e-09
     3	5.74852051783e-09
     4	1.07565150109e-08
     5	8.92671209376e-09
     6	7.76808031822e-09
     7	1.55683286063e-08
     8	1.28203540385e-08
     9	1.10829487487e-08

Measurement: edge100_ro123
  step	V(ro123_out)={VTHRESH} 
     1	7.64736263408e-09
     2	6.46538500191e-09
     3	5.71073994854e-09
     4	1.06952239579e-08
     5	8.87406480443e-09
     6	7.72359089656e-09
     7	1.54700843453e-08
     8	1.27333717733e-08
     9	1.10103013717e-08

Measurement: edge100_ro124
  step	V(ro124_out)={VTHRESH} 
     1	7.35474956223e-09
     2	6.26597518086e-09
     3	5.56202675911e-09
     4	1.01108916356e-08
     5	8.46313842345e-09
     6	7.41634357835e-09
     7	1.44372190883e-08
     8	1.19950021645e-08
     9	1.04477272339e-08

Measurement: edge100_ro125
  step	V(ro125_out)={VTHRESH} 
     1	7.51919399888e-09
     2	6.34793140604e-09
     3	5.61612947267e-09
     4	1.04994195448e-08
     5	8.69625598064e-09
     6	7.57351303986e-09
     7	1.51505265208e-08
     8	1.2439780469e-08
     9	1.07584651052e-08

Measurement: edge100_ro126
  step	V(ro126_out)={VTHRESH} 
     1	7.46292641252e-09
     2	6.34486785791e-09
     3	5.61771103754e-09
     4	1.03611731131e-08
     5	8.64377693484e-09
     6	7.55328735574e-09
     7	1.49019073334e-08
     8	1.23361380823e-08
     9	1.07112386845e-08

Measurement: edge100_ro127
  step	V(ro127_out)={VTHRESH} 
     1	7.38949881841e-09
     2	6.31038384319e-09
     3	5.59969605434e-09
     4	1.01781082839e-08
     5	8.53947943628e-09
     6	7.48661919858e-09
     7	1.45734887246e-08
     8	1.2139776102e-08
     9	1.05786348008e-08
