LTspice 26.0.2 for Windows
Circuit: C:\Users\JUST\Documents\LTspice\RO_PUF_PVT_100\chip_074_PVT.net
Start Time: Mon Jul 20 06:53:26 2026
Options:plotwinsize=0 numdgt=10 reltol=1e-4 abstol=1e-12 vntol=1e-6 reltol=0.003 vntol=1m abstol=1e-10 gmin=1e-10 threads=1

.step vddval=0.9 temp=-20°
solver = Normal
Maximum thread count: 1
tnom = 27
temp = -20
method = trap
gmin = 1e-10
abstol = 1e-10
reltol = 0.003
volttol = 0.001
Per .tran options, skipping operating point for transient analysis.

.step vddval=1 temp=-20°

.step vddval=1.1 temp=-20°

.step vddval=0.9 temp=25°

.step vddval=1 temp=25°

.step vddval=1.1 temp=25°

.step vddval=0.9 temp=80°

.step vddval=1 temp=80°

.step vddval=1.1 temp=80°
Total elapsed time: 2177.785 seconds.

Files loaded:
C:\Users\JUST\Documents\LTspice\RO_PUF_PVT_100\chip_074_PVT.net
C:\Users\JUST\Documents\LTspice\RO_PUF_PVT_100\45nm_HP.pm
C:\Users\JUST\Documents\LTspice\RO_PUF_PVT_100\chip_074_mismatch.inc


Measurement: t_ro0
  step	t_ro0	FROM	TO
     1	5.50430743973e-09	1.32784105194e-09	6.83214849167e-09
     2	4.77049427713e-09	1.15022646184e-09	5.92072073898e-09
     3	4.2854089157e-09	1.03280523403e-09	5.31821414973e-09
     4	7.43678273153e-09	1.79584177194e-09	9.23262450347e-09
     5	6.34926204649e-09	1.53203437408e-09	7.88129642056e-09
     6	5.63526851145e-09	1.35928401309e-09	6.99455252454e-09
     7	1.04820472611e-08	2.53297722339e-09	1.30150244845e-08
     8	8.88887325949e-09	2.14631267604e-09	1.10351859355e-08
     9	7.84608140338e-09	1.89377541116e-09	9.73985681454e-09

Measurement: t_ro1
  step	t_ro1	FROM	TO
     1	6.0800024606e-09	1.45845188535e-09	7.53845434595e-09
     2	5.14283176389e-09	1.23350729787e-09	6.37633906176e-09
     3	4.55506953445e-09	1.09259774638e-09	5.64766728082e-09
     4	8.47373780542e-09	2.03451755507e-09	1.05082553605e-08
     5	7.04111831403e-09	1.6895506248e-09	8.73066893883e-09
     6	6.14094812194e-09	1.47284687359e-09	7.61379499553e-09
     7	1.22236237365e-08	2.93494843473e-09	1.51585721712e-08
     8	1.00747631005e-08	2.41670719895e-09	1.24914702994e-08
     9	8.72676894423e-09	2.09271157307e-09	1.08194805173e-08

Measurement: t_ro2
  step	t_ro2	FROM	TO
     1	5.96923373941e-09	1.4323329593e-09	7.4015666987e-09
     2	5.08087700349e-09	1.21839375851e-09	6.299270762e-09
     3	4.50620888303e-09	1.07990225094e-09	5.58611113397e-09
     4	8.24873015213e-09	1.97959157985e-09	1.0228321732e-08
     5	6.89340656308e-09	1.65304715137e-09	8.54645371445e-09
     6	6.03241524662e-09	1.44590662952e-09	7.47832187613e-09
     7	1.1827098721e-08	2.83831724187e-09	1.46654159628e-08
     8	9.80791352597e-09	2.35200068886e-09	1.21599142148e-08
     9	8.5285556492e-09	2.04427471564e-09	1.05728303648e-08

Measurement: t_ro3
  step	t_ro3	FROM	TO
     1	6.0034170643e-09	1.44341539354e-09	7.44683245784e-09
     2	5.12000286155e-09	1.22866422082e-09	6.34866708238e-09
     3	4.53330212421e-09	1.08765825034e-09	5.62096037455e-09
     4	8.27889821946e-09	1.99213650425e-09	1.02710347237e-08
     5	6.92633939989e-09	1.66492565885e-09	8.59126505874e-09
     6	6.06264188183e-09	1.45616710465e-09	7.51880898648e-09
     7	1.18684776101e-08	2.85740264145e-09	1.47258802516e-08
     8	9.85536041215e-09	2.37056583318e-09	1.22259262453e-08
     9	8.57283396217e-09	2.06076983792e-09	1.06336038001e-08

Measurement: t_ro4
  step	t_ro4	FROM	TO
     1	5.97547225657e-09	1.44430061586e-09	7.41977287242e-09
     2	5.08758355442e-09	1.22220581364e-09	6.30978936806e-09
     3	4.51189615052e-09	1.02315613726e-09	5.53505228778e-09
     4	8.26509059702e-09	2.00307390276e-09	1.02681644998e-08
     5	6.90621326716e-09	1.66505818318e-09	8.57127145034e-09
     6	6.04306033793e-09	1.45168339734e-09	7.49474373527e-09
     7	1.18661418481e-08	2.8787423042e-09	1.47448841523e-08
     8	9.8348483532e-09	2.3746381039e-09	1.22094864571e-08
     9	8.54937480509e-09	2.05846867397e-09	1.06078434791e-08

Measurement: t_ro5
  step	t_ro5	FROM	TO
     1	6.01219987524e-09	1.45540618776e-09	7.46760606301e-09
     2	5.12000133674e-09	1.23661195917e-09	6.35661329591e-09
     3	4.52699660535e-09	1.09289210757e-09	5.61988871292e-09
     4	8.32115569639e-09	2.01710586957e-09	1.0338261566e-08
     5	6.94452156406e-09	1.68076731565e-09	8.62528887971e-09
     6	6.07144474604e-09	1.46769393241e-09	7.53913867845e-09
     7	1.19482470896e-08	2.89943322466e-09	1.48476803142e-08
     8	9.89480145056e-09	2.39731552495e-09	1.22921169755e-08
     9	8.5959548943e-09	2.08029974441e-09	1.06762546387e-08

Measurement: t_ro6
  step	t_ro6	FROM	TO
     1	6.15777343712e-09	1.47213911775e-09	7.62991255487e-09
     2	5.21412852898e-09	1.24396461934e-09	6.45809314832e-09
     3	4.61131108777e-09	1.09945422879e-09	5.71076531655e-09
     4	8.51220476524e-09	2.03478170658e-09	1.05469864718e-08
     5	7.08409680528e-09	1.69012382454e-09	8.77422062981e-09
     6	6.176837964e-09	1.47247851912e-09	7.64931648312e-09
     7	1.22292758651e-08	2.92198282127e-09	1.51512586864e-08
     8	1.01007066081e-08	2.4090752657e-09	1.25097818738e-08
     9	8.75296749222e-09	2.08595979015e-09	1.08389272824e-08

Measurement: t_ro7
  step	t_ro7	FROM	TO
     1	6.03064732548e-09	1.45872182128e-09	7.48936914676e-09
     2	5.11999417898e-09	1.23712086235e-09	6.35711504133e-09
     3	4.54249478191e-09	1.09516731356e-09	5.63766209547e-09
     4	8.33558221908e-09	2.0184656297e-09	1.03540478488e-08
     5	6.96109652489e-09	1.68224987823e-09	8.64334640311e-09
     6	6.08488317729e-09	1.46910921257e-09	7.55399238986e-09
     7	1.19616822728e-08	2.89804237702e-09	1.48597246499e-08
     8	9.91355386288e-09	2.39741185428e-09	1.23109657172e-08
     9	8.61270732579e-09	2.08052688809e-09	1.06932342139e-08

Measurement: t_ro8
  step	t_ro8	FROM	TO
     1	5.9523336493e-09	1.42200818257e-09	7.37434183187e-09
     2	5.06810131132e-09	1.21023524686e-09	6.27833655818e-09
     3	4.49837208369e-09	1.07386146465e-09	5.57223354834e-09
     4	8.23314266569e-09	1.96638169189e-09	1.01995243576e-08
     5	6.88224172931e-09	1.64316351942e-09	8.52540524872e-09
     6	6.02403388424e-09	1.43781113186e-09	7.46184501609e-09
     7	1.18069999041e-08	2.81913451886e-09	1.4626134423e-08
     8	9.79235226623e-09	2.33723518874e-09	1.2129587455e-08
     9	8.51525181461e-09	2.03191345504e-09	1.05471652697e-08

Measurement: t_ro9
  step	t_ro9	FROM	TO
     1	6.26155193309e-09	1.50056916682e-09	7.76212109992e-09
     2	5.28000020645e-09	1.26300587286e-09	6.54300607931e-09
     3	4.64962279765e-09	1.11069680517e-09	5.76031960282e-09
     4	8.7934844087e-09	2.10810169571e-09	1.09015861044e-08
     5	7.26990088455e-09	1.73883598183e-09	9.00873686637e-09
     6	6.31209427166e-09	1.50784366432e-09	7.81993793598e-09
     7	1.27582261876e-08	3.05766592574e-09	1.58158921133e-08
     8	1.04605726012e-08	2.5018117599e-09	1.29623843611e-08
     9	9.02082904765e-09	2.15487156566e-09	1.11757006133e-08

Measurement: t_ro10
  step	t_ro10	FROM	TO
     1	6.2781676341e-09	1.5192718222e-09	7.7974394563e-09
     2	5.27999952468e-09	1.2746044894e-09	6.55460401407e-09
     3	4.65978998407e-09	1.12275733648e-09	5.78254732055e-09
     4	8.80417553222e-09	2.13506482246e-09	1.09392403547e-08
     5	7.28244487534e-09	1.76044220418e-09	9.04288707953e-09
     6	6.32424155358e-09	1.5262138997e-09	7.85045545327e-09
     7	1.27651024661e-08	3.09832083777e-09	1.58634233038e-08
     8	1.0474016269e-08	2.53484822326e-09	1.30088644922e-08
     9	9.03542780896e-09	2.18321226223e-09	1.12186400712e-08

Measurement: t_ro11
  step	t_ro11	FROM	TO
     1	5.81121315775e-09	1.39394003239e-09	7.20515319013e-09
     2	4.96000072412e-09	1.18943074561e-09	6.14943146973e-09
     3	4.42637058225e-09	1.05979484964e-09	5.48616543189e-09
     4	8.0038758851e-09	1.91988969922e-09	9.92376558432e-09
     5	6.72676187168e-09	1.6123859438e-09	8.33914781548e-09
     6	5.91109177068e-09	1.41561580896e-09	7.32670757964e-09
     7	1.14519944534e-08	2.74781646824e-09	1.41998109216e-08
     8	9.55120498377e-09	2.28951522359e-09	1.18407202074e-08
     9	8.33825733665e-09	1.99722809283e-09	1.03354854295e-08

Measurement: t_ro12
  step	t_ro12	FROM	TO
     1	6.15829457531e-09	1.47639053167e-09	7.63468510698e-09
     2	5.21738516249e-09	1.24837701771e-09	6.46576218021e-09
     3	4.6136007009e-09	1.10248541378e-09	5.71608611469e-09
     4	8.60341791248e-09	2.06303956983e-09	1.06664574823e-08
     5	7.155575217e-09	1.71225476165e-09	8.86782997865e-09
     6	6.23402348394e-09	1.48992468699e-09	7.72394817093e-09
     7	1.24445957612e-08	2.98346619338e-09	1.54280619546e-08
     8	1.02697549595e-08	2.45725663199e-09	1.27270115915e-08
     9	8.88941584058e-09	2.12432713822e-09	1.10137429788e-08

Measurement: t_ro13
  step	t_ro13	FROM	TO
     1	6.43746138441e-09	1.55023339006e-09	7.98769477447e-09
     2	5.38945248218e-09	1.29481054408e-09	6.68426302627e-09
     3	4.7310523064e-09	1.13570373332e-09	5.86675603971e-09
     4	9.11292876066e-09	2.19562045527e-09	1.13085492159e-08
     5	7.47160119789e-09	1.79605292415e-09	9.26765412203e-09
     6	6.45468414069e-09	1.54986689686e-09	8.00455103755e-09
     7	1.32809750543e-08	3.20014340768e-09	1.6481118462e-08
     8	1.07960605352e-08	2.59582762081e-09	1.3391888156e-08
     9	9.26105135367e-09	2.2243315714e-09	1.14853829251e-08

Measurement: t_ro14
  step	t_ro14	FROM	TO
     1	6.4182676516e-09	1.54125789611e-09	7.95952554771e-09
     2	5.38366460717e-09	1.29026212138e-09	6.67392672855e-09
     3	4.72832223499e-09	1.1318695587e-09	5.8601917937e-09
     4	9.05262708964e-09	2.17432716201e-09	1.12269542517e-08
     5	7.443762231e-09	1.78483616481e-09	9.22859839581e-09
     6	6.44001327014e-09	1.54187781646e-09	7.9818910866e-09
     7	1.31857132775e-08	3.16691037492e-09	1.63526236524e-08
     8	1.07553517193e-08	2.57913229543e-09	1.33344840148e-08
     9	9.24277445223e-09	2.21328623425e-09	1.14560606865e-08

Measurement: t_ro15
  step	t_ro15	FROM	TO
     1	6.18697198254e-09	1.49667229444e-09	7.68364427698e-09
     2	5.22883892597e-09	1.26069969459e-09	6.48953862056e-09
     3	4.61538469348e-09	1.11064734451e-09	5.72603203798e-09
     4	8.66148339294e-09	2.09865010953e-09	1.07601335025e-08
     5	7.1810383803e-09	1.73470452136e-09	8.91574290166e-09
     6	6.24616400672e-09	1.50569601265e-09	7.75186001938e-09
     7	1.25376293059e-08	3.03952373574e-09	1.55771530416e-08
     8	1.03099781692e-08	2.49293688043e-09	1.28029150496e-08
     9	8.90816538488e-09	2.15036581149e-09	1.10585311964e-08

Measurement: t_ro16
  step	t_ro16	FROM	TO
     1	6.07984814416e-09	1.45005268234e-09	7.5299008265e-09
     2	5.16213568922e-09	1.23078978993e-09	6.39292547915e-09
     3	4.5703597244e-09	1.08932856087e-09	5.65968828528e-09
     4	8.44345010205e-09	2.01301813952e-09	1.04564682416e-08
     5	7.04105895639e-09	1.67807419289e-09	8.71913314927e-09
     6	6.14730287341e-09	1.46461581364e-09	7.61191868705e-09
     7	1.21604630511e-08	2.89723466443e-09	1.50576977156e-08
     8	1.00620926236e-08	2.39679654733e-09	1.24588891709e-08
     9	8.72871572665e-09	2.07879018857e-09	1.08075059152e-08

Measurement: t_ro17
  step	t_ro17	FROM	TO
     1	5.96111965305e-09	1.43247988756e-09	7.39359954061e-09
     2	5.08236696129e-09	1.21952303052e-09	6.30188999182e-09
     3	4.510506336e-09	1.08152427234e-09	5.59203060833e-09
     4	8.25667664205e-09	1.98522232866e-09	1.02418989707e-08
     5	6.914574929e-09	1.6603224265e-09	8.5748973555e-09
     6	6.05551856667e-09	1.45257496153e-09	7.5080935282e-09
     7	1.18560105539e-08	2.85115121291e-09	1.47071617668e-08
     8	9.85475195914e-09	2.36695788738e-09	1.22217098465e-08
     9	8.57626730548e-09	2.05796712066e-09	1.06342344261e-08

Measurement: t_ro18
  step	t_ro18	FROM	TO
     1	6.35160805104e-09	1.52422600651e-09	7.87583405755e-09
     2	5.33924391839e-09	1.27966795108e-09	6.61891186946e-09
     3	4.70064070278e-09	1.125517501e-09	5.82615820378e-09
     4	8.9232745102e-09	2.14189119888e-09	1.10651657091e-08
     5	7.36675129596e-09	1.76572316372e-09	9.13247445968e-09
     6	6.38619044199e-09	1.5293606168e-09	7.91555105879e-09
     7	1.2966440397e-08	3.11192855559e-09	1.60783689526e-08
     8	1.06195867395e-08	2.54550293069e-09	1.31650896702e-08
     9	9.14482282917e-09	2.19011940082e-09	1.133494223e-08

Measurement: t_ro19
  step	t_ro19	FROM	TO
     1	5.88546640268e-09	1.41374499114e-09	7.29921139382e-09
     2	5.02746823263e-09	1.2057789274e-09	6.23324716003e-09
     3	4.47996184486e-09	1.07261225582e-09	5.55257410068e-09
     4	8.10598141899e-09	1.94864483653e-09	1.00546262555e-08
     5	6.8123914302e-09	1.63486241895e-09	8.44725384915e-09
     6	5.97996181606e-09	1.43366395465e-09	7.41362577071e-09
     7	1.15969634846e-08	2.78908377281e-09	1.43860472574e-08
     8	9.67439913372e-09	2.32280124014e-09	1.19972003739e-08
     9	8.44053355586e-09	2.02445700866e-09	1.04649905645e-08

Measurement: t_ro20
  step	t_ro20	FROM	TO
     1	6.08000346363e-09	1.46458616171e-09	7.54458962533e-09
     2	5.1518964043e-09	1.23933448698e-09	6.39123089128e-09
     3	4.55919662127e-09	1.0958777145e-09	5.65507433577e-09
     4	8.48000429431e-09	2.04392318259e-09	1.05239274769e-08
     5	7.04446584021e-09	1.69564672771e-09	8.74011256792e-09
     6	6.14206620873e-09	1.4774563652e-09	7.61952257393e-09
     7	1.22191804608e-08	2.94702320338e-09	1.51662036642e-08
     8	1.00670599545e-08	2.42531540163e-09	1.24923753561e-08
     9	8.71840988002e-09	2.09867294164e-09	1.08170828217e-08

Measurement: t_ro21
  step	t_ro21	FROM	TO
     1	6.1250457115e-09	1.46693018345e-09	7.59197589496e-09
     2	5.19122354051e-09	1.24260299736e-09	6.43382653787e-09
     3	4.58937872074e-09	1.04205306761e-09	5.63143178835e-09
     4	8.49070048617e-09	2.03309741225e-09	1.05237978984e-08
     5	7.06500490088e-09	1.69151907887e-09	8.75652397975e-09
     6	6.16165798528e-09	1.39965802785e-09	7.56131601313e-09
     7	1.22206576904e-08	2.92398239874e-09	1.51446400892e-08
     8	1.00899584267e-08	2.4156656588e-09	1.25056240855e-08
     9	8.74389223728e-09	1.98765996896e-09	1.07315522062e-08

Measurement: t_ro22
  step	t_ro22	FROM	TO
     1	6.1488738127e-09	1.48769154829e-09	7.63656536099e-09
     2	5.20330324428e-09	1.25650827126e-09	6.45981151554e-09
     3	4.59642043045e-09	1.10907888297e-09	5.70549931343e-09
     4	8.58174524544e-09	2.07792250217e-09	1.06596677476e-08
     5	7.12223341381e-09	1.72151315303e-09	8.84374656685e-09
     6	6.20202527969e-09	1.49758725087e-09	7.69961253056e-09
     7	1.23898747257e-08	3.00134345971e-09	1.53912181854e-08
     8	1.01986729226e-08	2.46646914325e-09	1.26651420659e-08
     9	8.82129949774e-09	2.13130878615e-09	1.09526082839e-08

Measurement: t_ro23
  step	t_ro23	FROM	TO
     1	5.84845902907e-09	1.40459890828e-09	7.25305793735e-09
     2	5.00177752783e-09	1.20063430351e-09	6.20241183134e-09
     3	4.45671393603e-09	1.06982184586e-09	5.52653578189e-09
     4	8.02318585505e-09	1.92778960623e-09	9.95097546128e-09
     5	6.75249498835e-09	1.62150452193e-09	8.37399951028e-09
     6	5.93421400442e-09	1.42491841307e-09	7.35913241749e-09
     7	1.14515823218e-08	2.752534587e-09	1.42041169088e-08
     8	9.56708348156e-09	2.29797180572e-09	1.18650552873e-08
     9	8.35753872514e-09	2.00708424721e-09	1.03646229723e-08

Measurement: t_ro24
  step	t_ro24	FROM	TO
     1	5.91999415285e-09	1.41817604023e-09	7.33817019308e-09
     2	5.05656736576e-09	1.21022545965e-09	6.26679282541e-09
     3	4.49616413661e-09	1.07525063383e-09	5.57141477044e-09
     4	8.14366196788e-09	1.95231648851e-09	1.00959784564e-08
     5	6.84485769012e-09	1.63845799455e-09	8.48331568467e-09
     6	6.00667603411e-09	1.43661762618e-09	7.44329366029e-09
     7	1.16502130934e-08	2.79256484461e-09	1.4442777938e-08
     8	9.72156999184e-09	2.32693002831e-09	1.20485000202e-08
     9	8.47947758358e-09	2.02797136509e-09	1.05074489487e-08

Measurement: t_ro25
  step	t_ro25	FROM	TO
     1	5.53098964728e-09	1.32516152259e-09	6.85615116987e-09
     2	4.79999766745e-09	1.14819763383e-09	5.94819530127e-09
     3	4.29459832798e-09	1.02749208773e-09	5.32209041571e-09
     4	7.49344407712e-09	1.79543931542e-09	9.28888339255e-09
     5	6.38523498248e-09	1.52838610096e-09	7.91362108344e-09
     6	5.66229839946e-09	1.35456929882e-09	7.01686769828e-09
     7	1.05761715245e-08	2.53381158042e-09	1.31099831049e-08
     8	8.95151984904e-09	2.14242599157e-09	1.10939458406e-08
     9	7.89407954681e-09	1.88818537882e-09	9.78226492563e-09

Measurement: t_ro26
  step	t_ro26	FROM	TO
     1	6.10830373928e-09	1.4701581521e-09	7.57846189138e-09
     2	5.17898190782e-09	1.2448840981e-09	6.42386600592e-09
     3	4.58604620204e-09	1.10140345374e-09	5.68744965577e-09
     4	8.51515078723e-09	2.05146300264e-09	1.05666137899e-08
     5	7.08983168951e-09	1.70573316496e-09	8.79556485447e-09
     6	6.18424835785e-09	1.48662610492e-09	7.67087446277e-09
     7	1.2288308817e-08	2.96199960716e-09	1.52503084242e-08
     8	1.01508810021e-08	2.44379086668e-09	1.25946718687e-08
     9	8.79714049762e-09	2.11628948056e-09	1.09134299782e-08

Measurement: t_ro27
  step	t_ro27	FROM	TO
     1	6.12259171666e-09	1.4579510597e-09	7.58054277636e-09
     2	5.18696752894e-09	1.23690286099e-09	6.42387038993e-09
     3	4.58815612157e-09	1.0942888276e-09	5.68244494916e-09
     4	8.5182651209e-09	2.02439139525e-09	1.05426565161e-08
     5	7.08439949201e-09	1.6874727237e-09	8.77187221571e-09
     6	6.17703038234e-09	1.47211361809e-09	7.64914400043e-09
     7	1.22794492564e-08	2.91567838608e-09	1.51951276425e-08
     8	1.01301540498e-08	2.4106503884e-09	1.25408044382e-08
     9	8.77447676002e-09	2.08948705488e-09	1.08639638149e-08

Measurement: t_ro28
  step	t_ro28	FROM	TO
     1	6.07337833842e-09	1.45730953164e-09	7.53068787006e-09
     2	5.14484396357e-09	1.23273113469e-09	6.37757509826e-09
     3	4.55915683955e-09	1.09120253009e-09	5.65035936964e-09
     4	8.45712581485e-09	2.02971498169e-09	1.04868407965e-08
     5	7.04057543909e-09	1.68795702042e-09	8.72853245951e-09
     6	6.14545802645e-09	1.47135973295e-09	7.6168177594e-09
     7	1.21950842556e-08	2.92661950738e-09	1.51217037629e-08
     8	1.00734968976e-08	2.41437666993e-09	1.24878735675e-08
     9	8.73441730536e-09	2.09134949874e-09	1.08257668041e-08

Measurement: t_ro29
  step	t_ro29	FROM	TO
     1	6.04965216824e-09	1.45309531209e-09	7.50274748034e-09
     2	5.13121313203e-09	1.23065990306e-09	6.36187303509e-09
     3	4.55818614575e-09	1.09210013015e-09	5.65028627589e-09
     4	8.40065791283e-09	2.01818954646e-09	1.04188474593e-08
     5	7.01763854835e-09	1.68384348812e-09	8.70148203647e-09
     6	6.13299093375e-09	1.47008695865e-09	7.6030778924e-09
     7	1.2097077295e-08	2.90643119517e-09	1.50035084901e-08
     8	1.00300880518e-08	2.40702533877e-09	1.24371133906e-08
     9	8.71096162494e-09	2.08853328797e-09	1.07994949129e-08

Measurement: t_ro30
  step	t_ro30	FROM	TO
     1	5.75999912374e-09	1.38422715473e-09	7.14422627847e-09
     2	4.95999992979e-09	1.18948137929e-09	6.14948130908e-09
     3	4.41212892697e-09	1.05809545708e-09	5.47022438405e-09
     4	7.92411027325e-09	1.90339808076e-09	9.82750835401e-09
     5	6.67864119003e-09	1.6029105066e-09	8.28155169663e-09
     6	5.87666934323e-09	1.40979610527e-09	7.2864654485e-09
     7	1.12998344492e-08	2.71462926004e-09	1.40144637092e-08
     8	9.45214407043e-09	2.26897809589e-09	1.17211221663e-08
     9	8.26637944348e-09	1.98362211497e-09	1.02500015584e-08

Measurement: t_ro31
  step	t_ro31	FROM	TO
     1	6.08000458266e-09	1.46081506458e-09	7.54081964723e-09
     2	5.15488084879e-09	1.23749989752e-09	6.39238074631e-09
     3	4.56798610972e-09	1.09500129421e-09	5.66298740393e-09
     4	8.43925784914e-09	2.03099319944e-09	1.04702510486e-08
     5	7.03944006077e-09	1.69086798635e-09	8.73030804712e-09
     6	6.14557757954e-09	1.47453371517e-09	7.62011129471e-09
     7	1.21571885184e-08	2.92697932692e-09	1.50841678453e-08
     8	1.00612741129e-08	2.41859854878e-09	1.24798726617e-08
     9	8.72947568336e-09	2.09589160522e-09	1.08253672886e-08

Measurement: t_ro32
  step	t_ro32	FROM	TO
     1	5.93379201762e-09	1.4278972335e-09	7.36168925112e-09
     2	5.07010800384e-09	1.21818348969e-09	6.28829149353e-09
     3	4.50342166413e-09	1.0807198794e-09	5.58414154353e-09
     4	8.16776824203e-09	1.96715884994e-09	1.0134927092e-08
     5	6.85975434017e-09	1.64964732095e-09	8.50940166113e-09
     6	6.01669376571e-09	1.44520663252e-09	7.46190039822e-09
     7	1.16897670353e-08	2.81672471651e-09	1.45064917518e-08
     8	9.74699162856e-09	2.34523115546e-09	1.2092222784e-08
     9	8.49840146167e-09	2.04267370517e-09	1.05410751668e-08

Measurement: t_ro33
  step	t_ro33	FROM	TO
     1	5.93340046747e-09	1.41905547299e-09	7.35245594046e-09
     2	5.07014906854e-09	1.2115949594e-09	6.28174402794e-09
     3	4.50327635481e-09	1.07550896218e-09	5.57878531699e-09
     4	8.19413789527e-09	1.96011371134e-09	1.01542516066e-08
     5	6.87872590332e-09	1.64365136714e-09	8.52237727046e-09
     6	6.03179681912e-09	1.44030562836e-09	7.47210244748e-09
     7	1.17454766516e-08	2.80872449017e-09	1.45542011417e-08
     8	9.78751262204e-09	2.33816852766e-09	1.21256811497e-08
     9	8.5299818574e-09	2.03652066695e-09	1.05665025244e-08

Measurement: t_ro34
  step	t_ro34	FROM	TO
     1	6.01703124972e-09	1.4457389105e-09	7.46277016022e-09
     2	5.10221859897e-09	1.22417229091e-09	6.32639088987e-09
     3	4.51918872409e-09	1.08343244969e-09	5.60262117377e-09
     4	8.38992130224e-09	2.01654886477e-09	1.0406470167e-08
     5	6.98009004441e-09	1.6754324848e-09	8.65552252921e-09
     6	6.09261551985e-09	1.46128269781e-09	7.55389821766e-09
     7	1.20879390236e-08	2.90566368304e-09	1.49936027066e-08
     8	9.97374208114e-09	2.39450437787e-09	1.2368246459e-08
     9	8.64742138744e-09	2.07445196903e-09	1.07218733565e-08

Measurement: t_ro35
  step	t_ro35	FROM	TO
     1	5.94405394311e-09	1.4230083868e-09	7.36706232991e-09
     2	5.07830972693e-09	1.21342247606e-09	6.291732203e-09
     3	4.51029211302e-09	1.07667436074e-09	5.58696647377e-09
     4	8.20592312159e-09	1.96455832336e-09	1.0170481445e-08
     5	6.88708241894e-09	1.64577826953e-09	8.53286068847e-09
     6	6.03872307724e-09	1.44175347264e-09	7.48047654988e-09
     7	1.17605884551e-08	2.8149028679e-09	1.4575491323e-08
     8	9.79886160184e-09	2.34136539789e-09	1.21402269997e-08
     9	8.53880928313e-09	2.03842082382e-09	1.0577230107e-08

Measurement: t_ro36
  step	t_ro36	FROM	TO
     1	6.55386490236e-09	1.57490248562e-09	8.12876738798e-09
     2	5.44000924761e-09	1.30698121534e-09	6.74699046296e-09
     3	4.78201785261e-09	1.14582847864e-09	5.92784633125e-09
     4	9.36040777743e-09	2.2504623278e-09	1.16108701052e-08
     5	7.6301593118e-09	1.8315840638e-09	9.4617433756e-09
     6	6.56510846667e-09	1.57376003177e-09	8.13886849844e-09
     7	1.37396788508e-08	3.30332287645e-09	1.70430017272e-08
     8	1.10996973572e-08	2.66477343144e-09	1.37644707886e-08
     9	9.47953219296e-09	2.27297518881e-09	1.17525073818e-08

Measurement: t_ro37
  step	t_ro37	FROM	TO
     1	5.91999982713e-09	1.41929193804e-09	7.33929176517e-09
     2	5.05191631241e-09	1.20809148959e-09	6.260007802e-09
     3	4.48643956199e-09	1.0715424338e-09	5.55798199579e-09
     4	8.1508900589e-09	1.95351749877e-09	1.01044075577e-08
     5	6.83633067485e-09	1.63542507736e-09	8.47175575221e-09
     6	5.99593990607e-09	1.4324026327e-09	7.42834253877e-09
     7	1.1659520706e-08	2.79413589329e-09	1.44536565993e-08
     8	9.70653787841e-09	2.32231786787e-09	1.20288557463e-08
     9	8.46168162945e-09	2.02180867099e-09	1.04834903004e-08

Measurement: t_ro38
  step	t_ro38	FROM	TO
     1	5.65729938001e-09	1.35616476003e-09	7.01346414004e-09
     2	4.86722939841e-09	1.16519857082e-09	6.03242796923e-09
     3	4.35375756111e-09	1.04120115361e-09	5.39495871472e-09
     4	7.73600767223e-09	1.85472913468e-09	9.59073680692e-09
     5	6.54553557159e-09	1.56753654669e-09	8.11307211828e-09
     6	5.77683044598e-09	1.38192099816e-09	7.15875144414e-09
     7	1.09958300289e-08	2.63613798101e-09	1.36319680099e-08
     8	9.2341648065e-09	2.21152940926e-09	1.14456942158e-08
     9	8.10146603873e-09	1.93832064738e-09	1.00397866861e-08

Measurement: t_ro39
  step	t_ro39	FROM	TO
     1	5.536798839e-09	1.32653824445e-09	6.86333708345e-09
     2	4.79932334348e-09	1.14785381707e-09	5.94717716055e-09
     3	4.30738705018e-09	1.02983832539e-09	5.33722537557e-09
     4	7.47058558118e-09	1.79059008943e-09	9.26117567061e-09
     5	6.38153492404e-09	1.52757560745e-09	7.90911053149e-09
     6	5.66356425538e-09	1.35470579804e-09	7.01827005341e-09
     7	1.05274109155e-08	2.52326713292e-09	1.30506780484e-08
     8	8.93530621e-09	2.13908051811e-09	1.10743867281e-08
     9	7.88811334852e-09	1.88708353465e-09	9.77519688317e-09

Measurement: t_ro40
  step	t_ro40	FROM	TO
     1	6.27988701344e-09	1.50043026598e-09	7.78031727942e-09
     2	5.28001356153e-09	1.26121593737e-09	6.5412294989e-09
     3	4.64001464337e-09	1.10892683035e-09	5.74894147372e-09
     4	8.84430836702e-09	2.11207208374e-09	1.09563804508e-08
     5	7.28875925637e-09	1.73991455282e-09	9.02867380919e-09
     6	6.31941636648e-09	1.50818456385e-09	7.82760093033e-09
     7	1.2852869666e-08	3.06778417772e-09	1.59206538437e-08
     8	1.04996119381e-08	2.50520039848e-09	1.30048123366e-08
     9	9.03851727938e-09	2.15626710901e-09	1.11947843884e-08

Measurement: t_ro41
  step	t_ro41	FROM	TO
     1	6.04484658959e-09	1.45000211809e-09	7.49484870767e-09
     2	5.11998875738e-09	1.22631887453e-09	6.34630763191e-09
     3	4.54559295863e-09	1.08767281481e-09	5.63326577344e-09
     4	8.36475428256e-09	2.00711132786e-09	1.03718656104e-08
     5	6.97055347586e-09	1.67010802651e-09	8.64066150237e-09
     6	6.08956161595e-09	1.45763115545e-09	7.5471927714e-09
     7	1.20042015809e-08	2.88025675143e-09	1.48844583323e-08
     8	9.9215612584e-09	2.37744096745e-09	1.22990022258e-08
     9	8.61169132125e-09	2.0617678539e-09	1.06734591752e-08

Measurement: t_ro42
  step	t_ro42	FROM	TO
     1	5.67377001336e-09	1.35815263985e-09	7.03192265321e-09
     2	4.88260815947e-09	1.16688382467e-09	6.04949198414e-09
     3	4.36456674645e-09	1.04199868904e-09	5.4065654355e-09
     4	7.74771789082e-09	1.85507549291e-09	9.60279338373e-09
     5	6.55818700945e-09	1.56826580927e-09	8.12645281872e-09
     6	5.78818173689e-09	1.38238414768e-09	7.17056588457e-09
     7	1.1000563452e-08	2.63388077341e-09	1.36344442254e-08
     8	9.24258149221e-09	2.21002912712e-09	1.14526106193e-08
     9	8.10980777845e-09	1.93717306493e-09	1.00469808434e-08

Measurement: t_ro43
  step	t_ro43	FROM	TO
     1	6.43625067018e-09	1.54932463605e-09	7.98557530623e-09
     2	5.40653345672e-09	1.29698669412e-09	6.70352015084e-09
     3	4.74733939171e-09	1.13631828464e-09	5.88365767635e-09
     4	9.06440796412e-09	2.1849851995e-09	1.12493931636e-08
     5	7.46442937649e-09	1.79287665088e-09	9.25730602737e-09
     6	6.45847239477e-09	1.54788735122e-09	8.00635974599e-09
     7	1.31973731131e-08	3.18380623449e-09	1.63811793476e-08
     8	1.07802744291e-08	2.59154224186e-09	1.33718166709e-08
     9	9.26536033505e-09	2.22295159029e-09	1.14883119253e-08

Measurement: t_ro44
  step	t_ro44	FROM	TO
     1	6.35976284552e-09	1.5267237534e-09	7.88648659891e-09
     2	5.33919559408e-09	1.27964159785e-09	6.61883719193e-09
     3	4.69671954246e-09	1.12444652302e-09	5.82116606548e-09
     4	8.94111248684e-09	2.14685493872e-09	1.10879674256e-08
     5	7.36034164414e-09	1.76542696515e-09	9.12576860929e-09
     6	6.37719809385e-09	1.5270728235e-09	7.90427091735e-09
     7	1.29840052764e-08	3.11735797065e-09	1.61013632471e-08
     8	1.06058923861e-08	2.54265298312e-09	1.31485453692e-08
     9	9.12470945264e-09	2.18497842909e-09	1.13096878817e-08

Measurement: t_ro45
  step	t_ro45	FROM	TO
     1	5.83057905047e-09	1.40466967795e-09	7.23524872842e-09
     2	4.97478139769e-09	1.19717569486e-09	6.17195709256e-09
     3	4.43427228544e-09	1.06616491926e-09	5.5004372047e-09
     4	8.02903923017e-09	1.93571934418e-09	9.96475857434e-09
     5	6.73831875129e-09	1.62220393571e-09	8.360522687e-09
     6	5.92000370084e-09	1.42422833761e-09	7.34423203845e-09
     7	1.14670569442e-08	2.76514884268e-09	1.42322057868e-08
     8	9.54692540605e-09	2.29909874937e-09	1.18460241554e-08
     9	8.3295345345e-09	2.00459615528e-09	1.03341306898e-08

Measurement: t_ro46
  step	t_ro46	FROM	TO
     1	5.92000000807e-09	1.41605969478e-09	7.33605970285e-09
     2	5.0501735695e-09	1.20577950849e-09	6.25595307799e-09
     3	4.4799805231e-09	1.06982351611e-09	5.54980403922e-09
     4	8.13625747377e-09	1.94545262399e-09	1.00817100978e-08
     5	6.82910179669e-09	1.62977954179e-09	8.45888133849e-09
     6	5.99271686973e-09	1.42902777155e-09	7.42174464129e-09
     7	1.16365448594e-08	2.77722059521e-09	1.44137654546e-08
     8	9.69341738301e-09	2.31060036136e-09	1.20040177444e-08
     9	8.4542015063e-09	2.01390445397e-09	1.04681059603e-08

Measurement: t_ro47
  step	t_ro47	FROM	TO
     1	5.97359474058e-09	1.43027105162e-09	7.4038657922e-09
     2	5.08947903581e-09	1.21665141217e-09	6.30613044798e-09
     3	4.51603879511e-09	1.07874818105e-09	5.59478697615e-09
     4	8.25012161186e-09	1.97559882042e-09	1.02257204323e-08
     5	6.90908999818e-09	1.65200432917e-09	8.56109432735e-09
     6	6.05054164702e-09	1.44552208112e-09	7.49606372814e-09
     7	1.18315803963e-08	2.83256224108e-09	1.46641426373e-08
     8	9.83471438393e-09	2.35132718967e-09	1.21860415736e-08
     9	8.55965758102e-09	2.04469198113e-09	1.06043495622e-08

Measurement: t_ro48
  step	t_ro48	FROM	TO
     1	6.08368901823e-09	1.45632406345e-09	7.54001308169e-09
     2	5.16776076035e-09	1.23495876089e-09	6.40271952124e-09
     3	4.57967119199e-09	1.09329965497e-09	5.67297084696e-09
     4	8.43886718945e-09	2.02106770913e-09	1.04599348986e-08
     5	7.0474929549e-09	1.6842541178e-09	8.7317470727e-09
     6	6.15640604499e-09	1.46972415743e-09	7.62613020242e-09
     7	1.21503729024e-08	2.90878391438e-09	1.50591568168e-08
     8	1.00714161751e-08	2.40648562069e-09	1.24779017958e-08
     9	8.74321913472e-09	2.08698442702e-09	1.08302035617e-08

Measurement: t_ro49
  step	t_ro49	FROM	TO
     1	5.9615164084e-09	1.42514170039e-09	7.38665810879e-09
     2	5.08080288535e-09	1.21361852395e-09	6.29442140931e-09
     3	4.5079472965e-09	1.0757341138e-09	5.5836814103e-09
     4	8.24236743348e-09	1.96998678189e-09	1.02123542154e-08
     5	6.90182124024e-09	1.64768721885e-09	8.54950845909e-09
     6	6.04290291997e-09	1.44189463012e-09	7.48479755009e-09
     7	1.18334049565e-08	2.82719627477e-09	1.46606012312e-08
     8	9.83389460544e-09	2.34700449001e-09	1.21808990955e-08
     9	8.55635950751e-09	2.0409723109e-09	1.05973318184e-08

Measurement: t_ro50
  step	t_ro50	FROM	TO
     1	5.94809090892e-09	1.42528429504e-09	7.37337520396e-09
     2	5.07168858057e-09	1.21338609587e-09	6.28507467644e-09
     3	4.4995708632e-09	1.07589127144e-09	5.57546213464e-09
     4	8.23229744013e-09	1.97248314308e-09	1.02047805832e-08
     5	6.89051386285e-09	1.64919081676e-09	8.53970467961e-09
     6	6.03585902233e-09	1.44320599439e-09	7.47906501672e-09
     7	1.18041715665e-08	2.82805894131e-09	1.46322305078e-08
     8	9.80524145934e-09	2.34661185063e-09	1.215185331e-08
     9	8.53453006383e-09	2.04084796043e-09	1.05753780243e-08

Measurement: t_ro51
  step	t_ro51	FROM	TO
     1	6.240001482e-09	1.49221438589e-09	7.73221586788e-09
     2	5.24242077201e-09	1.25239319849e-09	6.4948139705e-09
     3	4.6260498801e-09	1.10402223708e-09	5.73007211718e-09
     4	8.72476290732e-09	2.08555494368e-09	1.0810317851e-08
     5	7.18377274047e-09	1.71558252982e-09	8.89935527029e-09
     6	6.23382733168e-09	1.48791302932e-09	7.72174036101e-09
     7	1.26186669191e-08	3.01554652269e-09	1.56342134418e-08
     8	1.02993328612e-08	2.45916648868e-09	1.27584993499e-08
     9	8.87286029191e-09	2.11735326552e-09	1.09902135574e-08

Measurement: t_ro52
  step	t_ro52	FROM	TO
     1	6.45560648023e-09	1.54755153934e-09	8.00315801957e-09
     2	5.38706411645e-09	1.2900005242e-09	6.67706464066e-09
     3	4.72085386525e-09	1.12964699237e-09	5.85050085763e-09
     4	9.11649871087e-09	2.18600096617e-09	1.1302499677e-08
     5	7.44865139798e-09	1.78399899661e-09	9.23265039459e-09
     6	6.42357517895e-09	1.53727618218e-09	7.96085136113e-09
     7	1.32843161109e-08	3.18432998872e-09	1.64686460997e-08
     8	1.07605102292e-08	2.57695718011e-09	1.33374674093e-08
     9	9.21527217119e-09	2.20514260667e-09	1.14204147779e-08

Measurement: t_ro53
  step	t_ro53	FROM	TO
     1	5.85804059702e-09	1.41663099946e-09	7.27467159648e-09
     2	5.00718047418e-09	1.2090224977e-09	6.21620297188e-09
     3	4.45883840437e-09	1.07535192212e-09	5.53419032649e-09
     4	8.07714466958e-09	1.95540508292e-09	1.00325497525e-08
     5	6.78266356711e-09	1.6391546669e-09	8.42181823401e-09
     6	5.95424055437e-09	1.43755324052e-09	7.39179379489e-09
     7	1.15559458508e-08	2.79930048334e-09	1.43552463341e-08
     8	9.62802773263e-09	2.32828510606e-09	1.19563128387e-08
     9	8.39825384104e-09	2.0289006854e-09	1.04271545264e-08

Measurement: t_ro54
  step	t_ro54	FROM	TO
     1	5.95880676622e-09	1.43015380649e-09	7.38896057272e-09
     2	5.07636386383e-09	1.21743711215e-09	6.29380097598e-09
     3	4.49409720436e-09	1.07707862715e-09	5.5711758315e-09
     4	8.23206208778e-09	1.97622242984e-09	1.02082845176e-08
     5	6.88206948646e-09	1.65068523747e-09	8.53275472393e-09
     6	6.02425733971e-09	1.44420666764e-09	7.46846400735e-09
     7	1.18033825283e-08	2.83383052998e-09	1.46372130583e-08
     8	9.79210485712e-09	2.34900413812e-09	1.21411089952e-08
     9	8.51716611068e-09	2.04215617202e-09	1.05593222827e-08

Measurement: t_ro55
  step	t_ro55	FROM	TO
     1	5.99074349678e-09	1.43467240835e-09	7.42541590513e-09
     2	5.12000089412e-09	1.22435454406e-09	6.34435543818e-09
     3	4.53160107646e-09	1.08271206743e-09	5.61431314388e-09
     4	8.27746653433e-09	1.98245107886e-09	1.02599176132e-08
     5	6.93795568608e-09	1.65918430085e-09	8.59713998693e-09
     6	6.07593296687e-09	1.45160773512e-09	7.52754070199e-09
     7	1.18834088181e-08	2.84536950205e-09	1.47287783202e-08
     8	9.88870862443e-09	2.36443778745e-09	1.22531464119e-08
     9	8.60666697666e-09	2.05616508634e-09	1.0662832063e-08

Measurement: t_ro56
  step	t_ro56	FROM	TO
     1	5.86764850518e-09	1.3995645168e-09	7.26721302198e-09
     2	5.01111202982e-09	1.19501024232e-09	6.20612227213e-09
     3	4.45885282564e-09	1.06299907672e-09	5.52185190236e-09
     4	8.07013666155e-09	1.92422777912e-09	9.99436444067e-09
     5	6.77372394922e-09	1.61444057276e-09	8.38816452198e-09
     6	5.94565747528e-09	1.4169797703e-09	7.36263724559e-09
     7	1.15327451361e-08	2.74859886875e-09	1.42813440048e-08
     8	9.6041289663e-09	2.28811448923e-09	1.18922434555e-08
     9	8.37747407896e-09	1.99565315248e-09	1.03731272314e-08

Measurement: t_ro57
  step	t_ro57	FROM	TO
     1	6.1813571103e-09	1.40955785379e-09	7.59091496409e-09
     2	5.23246604404e-09	1.25242581522e-09	6.48489185926e-09
     3	4.62383651146e-09	1.10433551001e-09	5.72817202147e-09
     4	8.61794096425e-09	1.97415056831e-09	1.05920915326e-08
     5	7.16293517737e-09	1.62739731241e-09	8.79033248979e-09
     6	6.23958113579e-09	1.49113013661e-09	7.7307112724e-09
     7	1.2447700147e-08	2.85782652382e-09	1.53055266708e-08
     8	1.02650080813e-08	2.33370770572e-09	1.2598715787e-08
     9	8.88279847636e-09	2.01379885812e-09	1.08965973345e-08

Measurement: t_ro58
  step	t_ro58	FROM	TO
     1	6.23999982808e-09	1.49449478474e-09	7.73449461282e-09
     2	5.26224631738e-09	1.25861819594e-09	6.52086451332e-09
     3	4.6407133513e-09	1.11023435233e-09	5.75094770363e-09
     4	8.72048885943e-09	2.0877775431e-09	1.08082664025e-08
     5	7.22547412764e-09	1.72808122734e-09	8.95355535498e-09
     6	6.28108172938e-09	1.50142825823e-09	7.7825099876e-09
     7	1.2624919743e-08	3.0218152708e-09	1.56467350138e-08
     8	1.03776406205e-08	2.48159383355e-09	1.2859234454e-08
     9	8.9616375733e-09	2.14200933568e-09	1.1103646909e-08

Measurement: t_ro59
  step	t_ro59	FROM	TO
     1	5.92885568515e-09	1.42205421687e-09	7.35090990202e-09
     2	5.05281106236e-09	1.21016897948e-09	6.26298004184e-09
     3	4.4858627708e-09	1.07328945904e-09	5.55915222984e-09
     4	8.21547104217e-09	1.97050745618e-09	1.01859784984e-08
     5	6.87225337282e-09	1.64629635218e-09	8.518549725e-09
     6	6.01667609986e-09	1.44022140748e-09	7.45689750734e-09
     7	1.17925600793e-08	2.82843738751e-09	1.46209974669e-08
     8	9.78668053341e-09	2.34454054183e-09	1.21312210752e-08
     9	8.51405557761e-09	2.03810460107e-09	1.05521601787e-08

Measurement: t_ro60
  step	t_ro60	FROM	TO
     1	6.1957024792e-09	1.49084838404e-09	7.68655086324e-09
     2	5.23568584689e-09	1.25761229431e-09	6.4932981412e-09
     3	4.62849384426e-09	1.11001989252e-09	5.73851373678e-09
     4	8.6815000359e-09	2.09025365645e-09	1.07717536923e-08
     5	7.1961571908e-09	1.72964962433e-09	8.92580681513e-09
     6	6.2595836383e-09	1.50307025709e-09	7.7626538954e-09
     7	1.25727067186e-08	3.02773442327e-09	1.56004411419e-08
     8	1.03358407219e-08	2.48511225341e-09	1.28209529753e-08
     9	8.93036202142e-09	2.14527285906e-09	1.10756348805e-08

Measurement: t_ro61
  step	t_ro61	FROM	TO
     1	5.66139277793e-09	1.36230328495e-09	7.02369606288e-09
     2	4.8632975441e-09	1.16979086715e-09	6.03308841125e-09
     3	4.34652820903e-09	1.04548075436e-09	5.39200896338e-09
     4	7.75352584239e-09	1.86683084277e-09	9.62035668516e-09
     5	6.54479623353e-09	1.57519614405e-09	8.11999237758e-09
     6	5.7707132923e-09	1.38888610665e-09	7.15959939895e-09
     7	1.10242998946e-08	2.65539965962e-09	1.36796995542e-08
     8	9.23350730621e-09	2.22334612148e-09	1.14568534277e-08
     9	8.0922227818e-09	1.9481816998e-09	1.00404044816e-08

Measurement: t_ro62
  step	t_ro62	FROM	TO
     1	5.61742560074e-09	1.34339582885e-09	6.96082142959e-09
     2	4.84411023366e-09	1.15717425613e-09	6.00128448979e-09
     3	4.33826805704e-09	1.03595382084e-09	5.37422187788e-09
     4	7.65783713004e-09	1.83060094864e-09	9.48843807868e-09
     5	6.4996475857e-09	1.55240614867e-09	8.05205373437e-09
     6	5.7477282636e-09	1.37206134364e-09	7.11978960725e-09
     7	1.08556372681e-08	2.59407663835e-09	1.34497139065e-08
     8	9.14920085754e-09	2.18454232051e-09	1.13337431781e-08
     9	8.04253430938e-09	1.91955493789e-09	9.96208924727e-09

Measurement: t_ro63
  step	t_ro63	FROM	TO
     1	5.96527980103e-09	1.43318546018e-09	7.39846526121e-09
     2	5.08280106765e-09	1.21982738282e-09	6.30262845047e-09
     3	4.50914176192e-09	1.08137628372e-09	5.59051804564e-09
     4	8.25389650444e-09	1.98367790679e-09	1.02375744112e-08
     5	6.90582695737e-09	1.65818571299e-09	8.56401267036e-09
     6	6.0461400942e-09	1.45082062696e-09	7.49696072116e-09
     7	1.18510480133e-08	2.84862890119e-09	1.46996769145e-08
     8	9.83852182909e-09	2.36279628361e-09	1.22013181127e-08
     9	8.55878332103e-09	2.05425594424e-09	1.06130392653e-08

Measurement: t_ro64
  step	t_ro64	FROM	TO
     1	5.95628056626e-09	1.42965493897e-09	7.38593550523e-09
     2	5.06349998898e-09	1.21425402824e-09	6.27775401722e-09
     3	4.48002873081e-09	1.07457717162e-09	5.55460590243e-09
     4	8.27427703451e-09	1.98615710084e-09	1.02604341353e-08
     5	6.90300338881e-09	1.65562434875e-09	8.55862773756e-09
     6	6.03664816695e-09	1.44702956792e-09	7.48367773487e-09
     7	1.1893152372e-08	2.85456809394e-09	1.47477204659e-08
     8	9.84245100503e-09	2.36064875902e-09	1.2203099764e-08
     9	8.55021311321e-09	2.0496357528e-09	1.0599848866e-08

Measurement: t_ro65
  step	t_ro65	FROM	TO
     1	5.96233709887e-09	1.42827181497e-09	7.39060891384e-09
     2	5.0774519313e-09	1.21483363254e-09	6.29228556384e-09
     3	4.50222343583e-09	1.0765459868e-09	5.57876942263e-09
     4	8.25775731463e-09	1.97815678094e-09	1.02359140956e-08
     5	6.90617558143e-09	1.65255766068e-09	8.55873324211e-09
     6	6.04385200507e-09	1.44507649163e-09	7.4889284967e-09
     7	1.18632192378e-08	2.8415163007e-09	1.47047355385e-08
     8	9.84483170578e-09	2.35564401802e-09	1.22004757238e-08
     9	8.56080323505e-09	2.04690531484e-09	1.06077085499e-08

Measurement: t_ro66
  step	t_ro66	FROM	TO
     1	6.22788544647e-09	1.49580910345e-09	7.72369454991e-09
     2	5.25213895725e-09	1.25992368489e-09	6.51206264215e-09
     3	4.63890408344e-09	1.11048637703e-09	5.74939046047e-09
     4	8.65712507675e-09	2.08071617273e-09	1.07378412495e-08
     5	7.17599273279e-09	1.72214802108e-09	8.89814075388e-09
     6	6.2400845548e-09	1.49625827102e-09	7.73634282582e-09
     7	1.24913423876e-08	3.00250342279e-09	1.54938458104e-08
     8	1.027456727e-08	2.46630979305e-09	1.27408770631e-08
     9	8.88063019329e-09	2.12901196457e-09	1.10096421579e-08

Measurement: t_ro67
  step	t_ro67	FROM	TO
     1	6.04223052746e-09	1.44380039822e-09	7.48603092568e-09
     2	5.13909131216e-09	1.22673936001e-09	6.36583067217e-09
     3	4.55621278529e-09	1.08751461538e-09	5.64372740067e-09
     4	8.37018444519e-09	1.99944762173e-09	1.03696320669e-08
     5	6.99864946657e-09	1.67054966927e-09	8.66919913584e-09
     6	6.11984735338e-09	1.46017508961e-09	7.580022443e-09
     7	1.20305897595e-08	2.87253697795e-09	1.49031267374e-08
     8	9.98329775093e-09	2.38218428941e-09	1.23654820403e-08
     9	8.67570477521e-09	2.06938257662e-09	1.07450873518e-08

Measurement: t_ro68
  step	t_ro68	FROM	TO
     1	6.00056751823e-09	1.43653558155e-09	7.43710309978e-09
     2	5.11398357975e-09	1.22219026282e-09	6.33617384257e-09
     3	4.5319485788e-09	1.08288428026e-09	5.61483285906e-09
     4	8.30169394902e-09	1.98711589672e-09	1.02888098457e-08
     5	6.94174419059e-09	1.65955726834e-09	8.60130145893e-09
     6	6.07444348265e-09	1.45135184873e-09	7.52579533137e-09
     7	1.19138870626e-08	2.85104045055e-09	1.47649275132e-08
     8	9.88803280625e-09	2.36338943663e-09	1.22514222429e-08
     9	8.59803714129e-09	2.05363120519e-09	1.06516683465e-08

Measurement: t_ro69
  step	t_ro69	FROM	TO
     1	5.53932721419e-09	1.32786898047e-09	6.86719619467e-09
     2	4.78189065237e-09	1.14496952496e-09	5.92686017734e-09
     3	4.28472569341e-09	1.02540499038e-09	5.31013068379e-09
     4	7.50922557589e-09	1.80008162511e-09	9.30930720099e-09
     5	6.37536689526e-09	1.52698446951e-09	7.90235136477e-09
     6	5.6446070335e-09	1.35115500535e-09	6.99576203885e-09
     7	1.06088374333e-08	2.54239987522e-09	1.31512373085e-08
     8	8.9420496181e-09	2.14188012529e-09	1.10839297434e-08
     9	7.8713229353e-09	1.88443433975e-09	9.75575727505e-09

Measurement: t_ro70
  step	t_ro70	FROM	TO
     1	6.08836690686e-09	1.455347911e-09	7.54371481786e-09
     2	5.16709423339e-09	1.23291521012e-09	6.40000944351e-09
     3	4.57619817831e-09	1.09170309622e-09	5.66790127454e-09
     4	8.47010550796e-09	2.02407796857e-09	1.04941834765e-08
     5	7.06198124733e-09	1.68527496065e-09	8.74725620798e-09
     6	6.1643336057e-09	1.47003211481e-09	7.63436572051e-09
     7	1.22086621669e-08	2.91620315751e-09	1.51248653244e-08
     8	1.01010600868e-08	2.40975234278e-09	1.25108124295e-08
     9	8.76098960637e-09	2.08864523675e-09	1.08496348431e-08

Measurement: t_ro71
  step	t_ro71	FROM	TO
     1	6.01639761876e-09	1.4406677802e-09	7.45706539896e-09
     2	5.12000878718e-09	1.22472924465e-09	6.34473803184e-09
     3	4.54629450806e-09	1.08579275434e-09	5.63208726241e-09
     4	8.30945921449e-09	1.99003296208e-09	1.02994921766e-08
     5	6.96190705006e-09	1.66433881029e-09	8.62624586034e-09
     6	6.09447460116e-09	1.45549549229e-09	7.54997009346e-09
     7	1.19267235482e-08	2.85567001176e-09	1.478239356e-08
     8	9.91964782158e-09	2.37128481289e-09	1.22909326345e-08
     9	8.63182085663e-09	2.06141556292e-09	1.06932364195e-08

Measurement: t_ro72
  step	t_ro72	FROM	TO
     1	6.01058721355e-09	1.43917079824e-09	7.44975801178e-09
     2	5.10633911983e-09	1.21906860881e-09	6.32540772864e-09
     3	4.52271448257e-09	1.07801364844e-09	5.60072813101e-09
     4	8.30291431928e-09	1.99142224717e-09	1.02943365665e-08
     5	6.92074039045e-09	1.65252232631e-09	8.57326271676e-09
     6	6.04751237663e-09	1.44155905354e-09	7.48907143016e-09
     7	1.19117960024e-08	2.71205646499e-09	1.46238524674e-08
     8	9.84781518186e-09	2.3515294995e-09	1.21993446814e-08
     9	8.54861203424e-09	2.03733151021e-09	1.05859435445e-08

Measurement: t_ro73
  step	t_ro73	FROM	TO
     1	6.35284002121e-09	1.53181844003e-09	7.88465846124e-09
     2	5.33368371869e-09	1.28068253429e-09	6.61436625298e-09
     3	4.68789988841e-09	1.12328104372e-09	5.81118093213e-09
     4	8.94376521005e-09	2.16274046341e-09	1.11065056735e-08
     5	7.35990696681e-09	1.76976767502e-09	9.12967464184e-09
     6	6.37377592558e-09	1.52922539363e-09	7.90300131922e-09
     7	1.299862942e-08	3.14627833838e-09	1.61449077584e-08
     8	1.06065204398e-08	2.55383676536e-09	1.31603572051e-08
     9	9.12020940647e-09	2.19095968366e-09	1.13111690901e-08

Measurement: t_ro74
  step	t_ro74	FROM	TO
     1	6.21909085626e-09	1.48818656552e-09	7.70727742178e-09
     2	5.24736710976e-09	1.2535254127e-09	6.50089252246e-09
     3	4.63999766034e-09	1.10636397656e-09	5.7463616369e-09
     4	8.69888903416e-09	2.08100796044e-09	1.07798969946e-08
     5	7.20493863948e-09	1.72151919988e-09	8.92645783935e-09
     6	6.2670109661e-09	1.49572075568e-09	7.76273172178e-09
     7	1.25940091823e-08	3.01142994893e-09	1.56054391312e-08
     8	1.03497891638e-08	2.47162767052e-09	1.28214168343e-08
     9	8.9394333181e-09	2.13310906388e-09	1.1072542382e-08

Measurement: t_ro75
  step	t_ro75	FROM	TO
     1	5.58321155419e-09	1.34675833379e-09	6.92996988798e-09
     2	4.8249132182e-09	1.16273687713e-09	5.98765009533e-09
     3	4.32003006428e-09	1.0412350407e-09	5.36126510498e-09
     4	7.5588250294e-09	1.82417054405e-09	9.38299557345e-09
     5	6.43383572697e-09	1.55118877184e-09	7.9850244988e-09
     6	5.69838101134e-09	1.37320907859e-09	7.07159008994e-09
     7	1.06710932128e-08	2.5757846918e-09	1.32468779046e-08
     8	9.02076071415e-09	2.17544765038e-09	1.11962083645e-08
     9	7.94523867303e-09	1.91510898944e-09	9.86034766247e-09

Measurement: t_ro76
  step	t_ro76	FROM	TO
     1	5.93785569116e-09	1.43590202463e-09	7.37375771579e-09
     2	5.05199458064e-09	1.22000872754e-09	6.27200330818e-09
     3	4.48435578287e-09	1.08242329335e-09	5.56677907621e-09
     4	8.21677964605e-09	1.98882687525e-09	1.02056065213e-08
     5	6.86475866194e-09	1.65930116435e-09	8.52405982628e-09
     6	6.00874492071e-09	1.45104176993e-09	7.45978669064e-09
     7	1.17845738895e-08	2.85394630034e-09	1.46385201898e-08
     8	9.7651825222e-09	2.36186567347e-09	1.21270481957e-08
     9	8.49168697684e-09	2.05206871626e-09	1.05437556931e-08

Measurement: t_ro77
  step	t_ro77	FROM	TO
     1	6.05214873397e-09	1.45120934868e-09	7.50335808266e-09
     2	5.13788056738e-09	1.23073556051e-09	6.36861612789e-09
     3	4.55321823621e-09	1.09033778129e-09	5.6435560175e-09
     4	8.39578121871e-09	2.01311415204e-09	1.04088953708e-08
     5	7.00571854333e-09	1.67813983547e-09	8.6838583788e-09
     6	6.1201377e-09	1.46542989885e-09	7.58556759886e-09
     7	1.20777403868e-08	2.8954338381e-09	1.49731742249e-08
     8	1.00003961852e-08	2.39514806853e-09	1.23955442538e-08
     9	8.68115305837e-09	2.07835474022e-09	1.07595077986e-08

Measurement: t_ro78
  step	t_ro78	FROM	TO
     1	6.06656643931e-09	1.45843584138e-09	7.52500228069e-09
     2	5.12849437244e-09	1.23059423074e-09	6.35908860318e-09
     3	4.5428518052e-09	1.08895220486e-09	5.63180401006e-09
     4	8.42574783592e-09	2.02721792582e-09	1.04529657617e-08
     5	7.0005636366e-09	1.6810930111e-09	8.6816566477e-09
     6	6.1062825386e-09	1.46471352169e-09	7.57099606029e-09
     7	1.21346959876e-08	2.92022515656e-09	1.50549211441e-08
     8	9.99718165559e-09	2.40154426256e-09	1.23987259181e-08
     9	8.66122276927e-09	2.07854068375e-09	1.0739763453e-08

Measurement: t_ro79
  step	t_ro79	FROM	TO
     1	6.21756556342e-09	1.48985805002e-09	7.70742361344e-09
     2	5.24223341167e-09	1.25450623936e-09	6.49673965103e-09
     3	4.62959711579e-09	1.10706940686e-09	5.73666652265e-09
     4	8.68911252469e-09	2.08120275508e-09	1.07703152798e-08
     5	7.19529668729e-09	1.72180184716e-09	8.91709853445e-09
     6	6.25367245583e-09	1.49567850255e-09	7.74935095838e-09
     7	1.25844932889e-08	3.01347360331e-09	1.55979668922e-08
     8	1.0335883559e-08	2.4726924712e-09	1.28085760302e-08
     9	8.92381971898e-09	2.13371033119e-09	1.10575300502e-08

Measurement: t_ro80
  step	t_ro80	FROM	TO
     1	5.68189660311e-09	1.36238076555e-09	7.04427736866e-09
     2	4.89478983445e-09	1.17199603985e-09	6.06678587431e-09
     3	4.37843707662e-09	1.04739929555e-09	5.42583637218e-09
     4	7.72036027171e-09	1.851553659e-09	9.57191393071e-09
     5	6.553207776e-09	1.56954656054e-09	8.12275433654e-09
     6	5.78978785586e-09	1.38534584193e-09	7.17513369779e-09
     7	1.09449697941e-08	2.62472425148e-09	1.35696940456e-08
     8	9.22759444263e-09	2.21028770929e-09	1.14378821519e-08
     9	8.1084597691e-09	1.9403565971e-09	1.00488163662e-08

Measurement: t_ro81
  step	t_ro81	FROM	TO
     1	6.14989332907e-09	1.47224624708e-09	7.62213957615e-09
     2	5.2061885421e-09	1.24522889142e-09	6.45141743352e-09
     3	4.60042644667e-09	1.09963111624e-09	5.70005756291e-09
     4	8.53565995018e-09	2.04343620756e-09	1.05790961577e-08
     5	7.09527407562e-09	1.69708561487e-09	8.79235969049e-09
     6	6.18236860596e-09	1.47779328807e-09	7.66016189404e-09
     7	1.22917292453e-08	2.94223992752e-09	1.52339691729e-08
     8	1.01390074457e-08	2.42485766788e-09	1.25638651136e-08
     9	8.77826891872e-09	2.09817401126e-09	1.087644293e-08

Measurement: t_ro82
  step	t_ro82	FROM	TO
     1	5.96680511793e-09	1.43720558634e-09	7.40401070428e-09
     2	5.08840533472e-09	1.22410927589e-09	6.31251461061e-09
     3	4.51549865697e-09	1.08569205079e-09	5.60119070777e-09
     4	8.24610120308e-09	1.98831868433e-09	1.02344198874e-08
     5	6.90771083714e-09	1.6638762591e-09	8.57158709624e-09
     6	6.05001423746e-09	1.45629073826e-09	7.50630497572e-09
     7	1.18343271804e-08	2.85583787915e-09	1.46901650595e-08
     8	9.8388817939e-09	2.37199268933e-09	1.22108744832e-08
     9	8.56331725351e-09	2.06323781359e-09	1.06265550671e-08

Measurement: t_ro83
  step	t_ro83	FROM	TO
     1	6.08000454283e-09	1.4629087783e-09	7.54291332112e-09
     2	5.1525987932e-09	1.23831286346e-09	6.39091165666e-09
     3	4.56482231349e-09	1.09600750269e-09	5.66082981618e-09
     4	8.45865391144e-09	2.03765664835e-09	1.04963105598e-08
     5	7.04303673847e-09	1.694773788e-09	8.73781052647e-09
     6	6.14593501657e-09	1.47734942344e-09	7.62328444001e-09
     7	1.21938074006e-08	2.93920006034e-09	1.51330074609e-08
     8	1.00738412737e-08	2.42593000063e-09	1.24997712744e-08
     9	8.73407628889e-09	2.10142110435e-09	1.08354973932e-08

Measurement: t_ro84
  step	t_ro84	FROM	TO
     1	6.0487740338e-09	1.45696560516e-09	7.50573963896e-09
     2	5.12000577513e-09	1.23329091427e-09	6.35329668939e-09
     3	4.54452271252e-09	1.09365189221e-09	5.63817460474e-09
     4	8.4101588339e-09	2.02734924216e-09	1.04375080761e-08
     5	7.00347320122e-09	1.68722641123e-09	8.69069961245e-09
     6	6.1147197351e-09	1.47268077428e-09	7.58740050938e-09
     7	1.21052174895e-08	2.91962853583e-09	1.50248460253e-08
     8	9.99992834144e-09	2.41051659042e-09	1.24104449319e-08
     9	8.67384440165e-09	2.0902274024e-09	1.0764071804e-08

Measurement: t_ro85
  step	t_ro85	FROM	TO
     1	6.07222753118e-09	1.45867715488e-09	7.53090468607e-09
     2	5.14848590378e-09	1.2332405551e-09	6.38172645888e-09
     3	4.56184998967e-09	1.09163640712e-09	5.65348639679e-09
     4	8.40638651013e-09	2.01997337427e-09	1.04263598844e-08
     5	7.01623607967e-09	1.68164540755e-09	8.69788148723e-09
     6	6.13012669888e-09	1.46741479203e-09	7.59754149091e-09
     7	1.20865402726e-08	2.90415814907e-09	1.49906984216e-08
     8	1.00100008501e-08	2.39957287999e-09	1.24095737301e-08
     9	8.69087863746e-09	2.08076169011e-09	1.07716403276e-08

Measurement: t_ro86
  step	t_ro86	FROM	TO
     1	5.93310385409e-09	1.42300239978e-09	7.35610625387e-09
     2	5.06081888898e-09	1.21234020697e-09	6.27315909595e-09
     3	4.49247151342e-09	1.07497923132e-09	5.56745074474e-09
     4	8.18601455272e-09	1.96374573249e-09	1.01497602852e-08
     5	6.8631331531e-09	1.64456113655e-09	8.50769428965e-09
     6	6.01502992422e-09	1.4400366072e-09	7.45506653142e-09
     7	1.17330897786e-08	2.81453992277e-09	1.45476297013e-08
     8	9.76437958246e-09	2.33986677819e-09	1.21042463606e-08
     9	8.50565840309e-09	2.03657529406e-09	1.05422336971e-08

Measurement: t_ro87
  step	t_ro87	FROM	TO
     1	6.4704477093e-09	1.55461895136e-09	8.02506666067e-09
     2	5.42122866992e-09	1.29988343565e-09	6.72111210557e-09
     3	4.75521585159e-09	1.13844234458e-09	5.89365819617e-09
     4	9.16783173406e-09	2.20342873801e-09	1.13712604721e-08
     5	7.52369339892e-09	1.80498979183e-09	9.32868319075e-09
     6	6.49831900316e-09	1.55674102543e-09	8.05506002859e-09
     7	1.33892817945e-08	3.21779909783e-09	1.66070808924e-08
     8	1.08972644561e-08	2.6145151082e-09	1.35117795643e-08
     9	9.34690932713e-09	2.2397747323e-09	1.15866840594e-08

Measurement: t_ro88
  step	t_ro88	FROM	TO
     1	6.61133977733e-09	1.59093137174e-09	8.20227114907e-09
     2	5.50270859933e-09	1.32324518116e-09	6.82595378049e-09
     3	4.80745808386e-09	1.15544833091e-09	5.96290641477e-09
     4	9.42263409505e-09	2.26890902208e-09	1.16915431171e-08
     5	7.68000758848e-09	1.84808757633e-09	9.52809516481e-09
     6	6.60667059847e-09	1.58932263509e-09	8.19599323356e-09
     7	1.38234700259e-08	3.32985720108e-09	1.7153327227e-08
     8	1.11711632138e-08	2.68941742559e-09	1.38605806394e-08
     9	9.53927034935e-09	2.29611867801e-09	1.18353890274e-08

Measurement: t_ro89
  step	t_ro89	FROM	TO
     1	6.13596185858e-09	1.47756012945e-09	7.61352198803e-09
     2	5.19287554953e-09	1.24569769228e-09	6.43857324182e-09
     3	4.59297924187e-09	1.09994511701e-09	5.69292435888e-09
     4	8.55476372974e-09	2.06254135931e-09	1.06173050891e-08
     5	7.10730249882e-09	1.70722461235e-09	8.81452711118e-09
     6	6.19376510988e-09	1.48485254986e-09	7.67861765974e-09
     7	1.23414149164e-08	2.9766191372e-09	1.53180340536e-08
     8	1.01702912751e-08	2.44448021812e-09	1.26147714932e-08
     9	8.80415015595e-09	2.1122981625e-09	1.09164483185e-08

Measurement: t_ro90
  step	t_ro90	FROM	TO
     1	6.18734318311e-09	1.48318089756e-09	7.67052408067e-09
     2	5.23076359633e-09	1.25206030227e-09	6.4828238986e-09
     3	4.62199183658e-09	1.10532921204e-09	5.72732104862e-09
     4	8.62820548053e-09	2.06848899808e-09	1.06966944786e-08
     5	7.1599559521e-09	1.71410327967e-09	8.87405923177e-09
     6	6.23304783955e-09	1.49132893612e-09	7.72437677567e-09
     7	1.24636209456e-08	2.98742062617e-09	1.54510415718e-08
     8	1.02610155797e-08	2.45641211632e-09	1.2717427696e-08
     9	8.87376085627e-09	2.12276453941e-09	1.09965253957e-08

Measurement: t_ro91
  step	t_ro91	FROM	TO
     1	5.74175384029e-09	1.37739274519e-09	7.11914658549e-09
     2	4.93267886556e-09	1.18160380296e-09	6.11428266852e-09
     3	4.40228395687e-09	1.05317749625e-09	5.45546145312e-09
     4	7.82992361107e-09	1.87947479414e-09	9.70939840521e-09
     5	6.62238875436e-09	1.58702229129e-09	8.20941104566e-09
     6	5.83951479793e-09	1.39755695955e-09	7.23707175748e-09
     7	1.11316630889e-08	2.67249889058e-09	1.38041619795e-08
     8	9.34849716432e-09	2.24093374178e-09	1.15894309061e-08
     9	8.19458146706e-09	1.96200358421e-09	1.01565850513e-08

Measurement: t_ro92
  step	t_ro92	FROM	TO
     1	5.94712216539e-09	1.43694366241e-09	7.3840658278e-09
     2	5.0654415175e-09	1.22169233577e-09	6.28713385327e-09
     3	4.49232951225e-09	1.08205051976e-09	5.57438003201e-09
     4	8.23735006129e-09	1.99232250159e-09	1.02296725629e-08
     5	6.88869987391e-09	1.66347124765e-09	8.55217112156e-09
     6	6.03100716859e-09	1.45466993888e-09	7.48567710747e-09
     7	1.18184184262e-08	2.86028110746e-09	1.46786995336e-08
     8	9.80858045977e-09	2.37033174485e-09	1.21789122046e-08
     9	8.53196761099e-09	2.05976290854e-09	1.05917305195e-08

Measurement: t_ro93
  step	t_ro93	FROM	TO
     1	6.28789291866e-09	1.50900805671e-09	7.79690097537e-09
     2	5.27999969259e-09	1.26647128817e-09	6.54647098076e-09
     3	4.65711549791e-09	1.11511042465e-09	5.77222592256e-09
     4	8.83975087404e-09	2.12155545518e-09	1.09613063292e-08
     5	7.29125467808e-09	1.74771414973e-09	9.03896882781e-09
     6	6.32387291963e-09	1.5143553332e-09	7.83822825283e-09
     7	1.28326299592e-08	3.07931024868e-09	1.59119402079e-08
     8	1.04970852255e-08	2.51581613144e-09	1.30129013569e-08
     9	9.04197334691e-09	2.16493166878e-09	1.12069050157e-08

Measurement: t_ro94
  step	t_ro94	FROM	TO
     1	6.1306393544e-09	1.48348674548e-09	7.61412609988e-09
     2	5.19810109877e-09	1.25317031736e-09	6.45127141612e-09
     3	4.59372832257e-09	1.10576343395e-09	5.69949175652e-09
     4	8.54283144056e-09	2.07131259517e-09	1.06141440357e-08
     5	7.10773203341e-09	1.71709089282e-09	8.82482292624e-09
     6	6.19678855913e-09	1.49404513031e-09	7.69083368943e-09
     7	1.23276336665e-08	2.99106077641e-09	1.53186944429e-08
     8	1.01767314989e-08	2.46121193095e-09	1.26379434299e-08
     9	8.81488316273e-09	2.12780695652e-09	1.09426901192e-08

Measurement: t_ro95
  step	t_ro95	FROM	TO
     1	5.73724837557e-09	1.37701206797e-09	7.11426044354e-09
     2	4.92928464162e-09	1.18145359714e-09	6.11073823876e-09
     3	4.39904146607e-09	1.05387396682e-09	5.45291543289e-09
     4	7.85001188438e-09	1.88478098106e-09	9.73479286543e-09
     5	6.63551675867e-09	1.59120798064e-09	8.22672473931e-09
     6	5.8482891668e-09	1.40141635426e-09	7.24970552106e-09
     7	1.11769975936e-08	2.68394616568e-09	1.38609437593e-08
     8	9.38071474603e-09	2.2499325293e-09	1.16306472753e-08
     9	8.2190922646e-09	1.96989693699e-09	1.01889892016e-08

Measurement: t_ro96
  step	t_ro96	FROM	TO
     1	6.24000022812e-09	1.49646805493e-09	7.73646828305e-09
     2	5.26300449266e-09	1.25957171789e-09	6.52257621055e-09
     3	4.63999852777e-09	1.10933012454e-09	5.74932865231e-09
     4	8.72002243748e-09	2.09205705395e-09	1.08120794914e-08
     5	7.22289829854e-09	1.72944295334e-09	8.95234125188e-09
     6	6.27727404037e-09	1.5006305469e-09	7.77790458727e-09
     7	1.26356169733e-08	3.03081726851e-09	1.56664342419e-08
     8	1.03820559675e-08	2.48570893023e-09	1.28677648977e-08
     9	8.96304308986e-09	2.14246961416e-09	1.1105512704e-08

Measurement: t_ro97
  step	t_ro97	FROM	TO
     1	5.75979710614e-09	1.3910750754e-09	7.15087218155e-09
     2	4.95579835465e-09	1.19401439378e-09	6.14981274843e-09
     3	4.40834542521e-09	1.0604135447e-09	5.46875896991e-09
     4	7.87126241645e-09	1.9058794211e-09	9.77714183755e-09
     5	6.64598998555e-09	1.60490974525e-09	8.25089973081e-09
     6	5.85419284202e-09	1.41108280596e-09	7.26527564798e-09
     7	1.11996627489e-08	2.71394493045e-09	1.39136076793e-08
     8	9.38750531627e-09	2.26940154492e-09	1.16569068612e-08
     9	8.21991929125e-09	1.98383521934e-09	1.02037545106e-08

Measurement: t_ro98
  step	t_ro98	FROM	TO
     1	5.76000305979e-09	1.37814040662e-09	7.13814346641e-09
     2	4.92843105867e-09	1.17791458964e-09	6.1063456483e-09
     3	4.3980799374e-09	1.0497720863e-09	5.44785202371e-09
     4	7.85963153051e-09	1.88150946524e-09	9.74114099576e-09
     5	6.62062098093e-09	1.58235358372e-09	8.20297456466e-09
     6	5.8310662633e-09	1.39213480844e-09	7.22320107174e-09
     7	1.11783075901e-08	2.6755156206e-09	1.38538232107e-08
     8	9.34339858778e-09	2.23286389532e-09	1.15762624831e-08
     9	8.179251747e-09	1.95247113421e-09	1.01317228812e-08

Measurement: t_ro99
  step	t_ro99	FROM	TO
     1	6.04332807775e-09	1.44964748597e-09	7.49297556372e-09
     2	5.12462042573e-09	1.22750233148e-09	6.35212275721e-09
     3	4.54596875878e-09	1.08711702253e-09	5.6330857813e-09
     4	8.38872562028e-09	2.01317833157e-09	1.04019039518e-08
     5	6.9959875135e-09	1.67577384791e-09	8.6717613614e-09
     6	6.11259886974e-09	1.46221963192e-09	7.57481850166e-09
     7	1.20711277798e-08	2.89676719749e-09	1.49678949773e-08
     8	9.98904795917e-09	2.39283442543e-09	1.23818823846e-08
     9	8.67212530566e-09	2.07476160399e-09	1.07468869096e-08

Measurement: t_ro100
  step	t_ro100	FROM	TO
     1	5.96743986145e-09	1.43171487785e-09	7.3991547393e-09
     2	5.06915427273e-09	1.21466480818e-09	6.28381908091e-09
     3	4.48906371959e-09	1.07548994045e-09	5.56455366004e-09
     4	8.29468588939e-09	1.99068864725e-09	1.02853745366e-08
     5	6.91344802461e-09	1.65723345123e-09	8.57068147584e-09
     6	6.0434446141e-09	1.44722217968e-09	7.49066679378e-09
     7	1.19413007895e-08	2.8658913847e-09	1.48071921742e-08
     8	9.86944346059e-09	2.36602844591e-09	1.22354719065e-08
     9	8.56846750343e-09	2.05224929797e-09	1.06207168014e-08

Measurement: t_ro101
  step	t_ro101	FROM	TO
     1	5.80016622305e-09	1.38991327973e-09	7.19007950278e-09
     2	4.9671414975e-09	1.18832129774e-09	6.15546279524e-09
     3	4.43056276758e-09	1.05946230621e-09	5.49002507378e-09
     4	7.96950827751e-09	1.91002608171e-09	9.87953435922e-09
     5	6.71089435824e-09	1.60631588955e-09	8.31721024779e-09
     6	5.90224439817e-09	1.41139310765e-09	7.31363750582e-09
     7	1.13758879339e-08	2.72618329173e-09	1.41020712256e-08
     8	9.50665696466e-09	2.27536804047e-09	1.17820250051e-08
     9	8.31024776745e-09	1.98724000236e-09	1.02974877698e-08

Measurement: t_ro102
  step	t_ro102	FROM	TO
     1	6.08001386583e-09	1.46711583465e-09	7.54712970048e-09
     2	5.16894032086e-09	1.24486776598e-09	6.41380808683e-09
     3	4.57367628307e-09	1.10087538406e-09	5.67455166713e-09
     4	8.45003235528e-09	2.03907881284e-09	1.04891111681e-08
     5	7.04469706354e-09	1.69798910327e-09	8.74268616681e-09
     6	6.14936967505e-09	1.48128480833e-09	7.63065448338e-09
     7	1.21686720533e-08	2.93773429784e-09	1.51064063511e-08
     8	1.00668297997e-08	2.42787870323e-09	1.24947085029e-08
     9	8.73183004971e-09	2.10456819666e-09	1.08363982464e-08

Measurement: t_ro103
  step	t_ro103	FROM	TO
     1	6.34004034731e-09	1.5275696575e-09	7.86761000481e-09
     2	5.3344062908e-09	1.27913566658e-09	6.61354195739e-09
     3	4.69321298098e-09	1.12234003257e-09	5.81555301356e-09
     4	8.90945697058e-09	2.14902945924e-09	1.10584864298e-08
     5	7.35070547002e-09	1.76421824019e-09	9.11492371021e-09
     6	6.37296724539e-09	1.52562505431e-09	7.8985922997e-09
     7	1.29366655642e-08	3.11945030837e-09	1.60561158726e-08
     8	1.05834666847e-08	2.54104205953e-09	1.31245087442e-08
     9	9.11375119325e-09	2.18284148742e-09	1.12965926807e-08

Measurement: t_ro104
  step	t_ro104	FROM	TO
     1	5.54537648672e-09	1.33782275731e-09	6.88319924404e-09
     2	4.79560971728e-09	1.15557852858e-09	5.95118824586e-09
     3	4.29995870355e-09	1.0350665609e-09	5.33502526444e-09
     4	7.51755101199e-09	1.81522522308e-09	9.33277623506e-09
     5	6.39456572987e-09	1.54239830327e-09	7.93696403314e-09
     6	5.66374017225e-09	1.36464432804e-09	7.02838450029e-09
     7	1.06220288039e-08	2.56611746915e-09	1.3188146273e-08
     8	8.972351322e-09	2.16543452868e-09	1.11377858507e-08
     9	7.90305784073e-09	1.90573431716e-09	9.80879215789e-09

Measurement: t_ro105
  step	t_ro105	FROM	TO
     1	6.12709033481e-09	1.46648159784e-09	7.59357193265e-09
     2	5.19644892287e-09	1.24225051111e-09	6.43869943398e-09
     3	4.59946765758e-09	1.09893710695e-09	5.69840476452e-09
     4	8.51095070697e-09	2.03713729093e-09	1.05480879979e-08
     5	7.09485195056e-09	1.69601745086e-09	8.79086940141e-09
     6	6.19052072093e-09	1.47879826138e-09	7.66931898231e-09
     7	1.22680791216e-08	2.93559996869e-09	1.52036790903e-08
     8	1.01506629053e-08	2.42591174134e-09	1.25765746467e-08
     9	8.80145909308e-09	2.10202562892e-09	1.0903484722e-08

Measurement: t_ro106
  step	t_ro106	FROM	TO
     1	5.90008925728e-09	1.41449343421e-09	7.31458269149e-09
     2	5.02534726749e-09	1.20296356762e-09	6.22831083511e-09
     3	4.47216863222e-09	1.07017622161e-09	5.54234485383e-09
     4	8.1397373622e-09	1.95170359007e-09	1.00914409523e-08
     5	6.81970960221e-09	1.63281247125e-09	8.45252207346e-09
     6	5.97896000247e-09	1.43062334127e-09	7.40958334374e-09
     7	1.16610903305e-08	2.79535796453e-09	1.44564482951e-08
     8	9.69471683277e-09	2.32077466994e-09	1.20154915027e-08
     9	8.44583035125e-09	2.02051103161e-09	1.04663413829e-08

Measurement: t_ro107
  step	t_ro107	FROM	TO
     1	6.26607844389e-09	1.50626377593e-09	7.77234221982e-09
     2	5.27999966591e-09	1.26661284966e-09	6.54661251557e-09
     3	4.64717073245e-09	1.11383373761e-09	5.76100447006e-09
     4	8.79660367158e-09	2.11557237242e-09	1.0912176044e-08
     5	7.26229327694e-09	1.74437335211e-09	9.00666662905e-09
     6	6.30224458394e-09	1.51207689398e-09	7.81432147792e-09
     7	1.27580131808e-08	3.06859386933e-09	1.58266070502e-08
     8	1.04472636018e-08	2.51020380831e-09	1.29574674101e-08
     9	9.00447737501e-09	2.16161981434e-09	1.11660971894e-08

Measurement: t_ro108
  step	t_ro108	FROM	TO
     1	6.01980985053e-09	1.44143605838e-09	7.46124590891e-09
     2	5.10116392328e-09	1.2205120239e-09	6.32167594718e-09
     3	4.51059915518e-09	1.07884212311e-09	5.58944127829e-09
     4	8.37296451285e-09	2.00443321616e-09	1.0377397729e-08
     5	6.95188781128e-09	1.66275440508e-09	8.61464221635e-09
     6	6.0686305096e-09	1.45047369685e-09	7.51910420645e-09
     7	1.20349885556e-08	2.88028915208e-09	1.49152777076e-08
     8	9.91063357791e-09	2.3697976477e-09	1.22804312256e-08
     9	8.59305654934e-09	2.05358161645e-09	1.06466381658e-08

Measurement: t_ro109
  step	t_ro109	FROM	TO
     1	6.79724006655e-09	1.64207583337e-09	8.43931589992e-09
     2	5.60000014877e-09	1.34931706346e-09	6.94931721223e-09
     3	4.88202840638e-09	1.17316146304e-09	6.05518986942e-09
     4	9.78080213802e-09	2.3662147754e-09	1.21470169134e-08
     5	7.88719335452e-09	1.90257764271e-09	9.78977099723e-09
     6	6.74188093957e-09	1.62307820046e-09	8.36495914002e-09
     7	1.44225262183e-08	3.49069368799e-09	1.79132199063e-08
     8	1.15226537632e-08	2.7818525517e-09	1.43045063149e-08
     9	9.77530226093e-09	2.35615432757e-09	1.21314565885e-08

Measurement: t_ro110
  step	t_ro110	FROM	TO
     1	5.72680273925e-09	1.37619290863e-09	7.10299564787e-09
     2	4.92642478897e-09	1.18271606946e-09	6.10914085843e-09
     3	4.40034016878e-09	1.05601374728e-09	5.45635391605e-09
     4	7.8139696932e-09	1.87871427902e-09	9.69268397222e-09
     5	6.61773707321e-09	1.58954138405e-09	8.20727845726e-09
     6	5.83846855638e-09	1.40161922547e-09	7.24008778185e-09
     7	1.1106280811e-08	2.67090440897e-09	1.377718522e-08
     8	9.34183609773e-09	2.24451962457e-09	1.15863557223e-08
     9	8.19465414181e-09	1.96788235565e-09	1.01625364975e-08

Measurement: t_ro111
  step	t_ro111	FROM	TO
     1	5.90394970732e-09	1.4137057959e-09	7.31765550322e-09
     2	5.03881907135e-09	1.20402725568e-09	6.24284632703e-09
     3	4.4799761265e-09	1.06937312029e-09	5.54934924679e-09
     4	8.11722849924e-09	1.94367462541e-09	1.00609031246e-08
     5	6.82117936898e-09	1.63023135932e-09	8.45141072829e-09
     6	5.98627749161e-09	1.42929941079e-09	7.4155769024e-09
     7	1.16121993591e-08	2.77974902008e-09	1.43919483791e-08
     8	9.68674169706e-09	2.31471841449e-09	1.20014601115e-08
     9	8.44978115146e-09	2.01719765293e-09	1.04669788044e-08

Measurement: t_ro112
  step	t_ro112	FROM	TO
     1	6.24000038344e-09	1.50401619942e-09	7.74401658287e-09
     2	5.28000007629e-09	1.26835697344e-09	6.54835704973e-09
     3	4.64979231719e-09	1.1163752236e-09	5.76616754079e-09
     4	8.70722919036e-09	2.10261209383e-09	1.08098412842e-08
     5	7.21892095319e-09	1.73601345078e-09	8.95493440397e-09
     6	6.27797003808e-09	1.50798439666e-09	7.78595443475e-09
     7	1.25863111777e-08	3.03980456005e-09	1.56261157377e-08
     8	1.0352251024e-08	2.49059883399e-09	1.2842849858e-08
     9	8.94387656412e-09	2.14888879233e-09	1.10927653565e-08

Measurement: t_ro113
  step	t_ro113	FROM	TO
     1	5.8560114666e-09	1.41750134566e-09	7.27351281226e-09
     2	4.99333504152e-09	1.20684165434e-09	6.20017669586e-09
     3	4.44250305946e-09	1.07291423746e-09	5.51541729692e-09
     4	8.08760001132e-09	1.95974049661e-09	1.00473405079e-08
     5	6.77083750839e-09	1.63834773334e-09	8.40918524172e-09
     6	5.93623304166e-09	1.43509070165e-09	7.37132374331e-09
     7	1.15807006082e-08	2.8081418448e-09	1.4388842453e-08
     8	9.61513961799e-09	2.32840156993e-09	1.19435411879e-08
     9	8.37424450813e-09	2.02616805124e-09	1.04004125594e-08

Measurement: t_ro114
  step	t_ro114	FROM	TO
     1	5.90091778648e-09	1.41131320722e-09	7.3122309937e-09
     2	5.03485121872e-09	1.20309325129e-09	6.23794447e-09
     3	4.4737892262e-09	1.06820747787e-09	5.54199670407e-09
     4	8.10965785009e-09	1.94145178738e-09	1.00511096375e-08
     5	6.80375763393e-09	1.62589068953e-09	8.42964832346e-09
     6	5.96711576003e-09	1.42512234615e-09	7.39223810618e-09
     7	1.15979948953e-08	2.78107666209e-09	1.43790715574e-08
     8	9.65639460153e-09	2.30825595159e-09	1.19646505531e-08
     9	8.41719898631e-09	2.01032520397e-09	1.04275241903e-08

Measurement: t_ro115
  step	t_ro115	FROM	TO
     1	5.8599738955e-09	1.41186567244e-09	7.27183956794e-09
     2	5.00710825529e-09	1.20533698944e-09	6.21244524472e-09
     3	4.45822185046e-09	1.07188199221e-09	5.53010384267e-09
     4	8.05751502963e-09	1.94302245194e-09	1.00005374816e-08
     5	6.77155394726e-09	1.6316600958e-09	8.40321404306e-09
     6	5.94602280929e-09	1.4315191724e-09	7.37754198169e-09
     7	1.15177115665e-08	2.77935619499e-09	1.42970677614e-08
     8	9.60813695998e-09	2.31688304963e-09	1.19250200096e-08
     9	8.38652394646e-09	2.02087980648e-09	1.04074037529e-08

Measurement: t_ro116
  step	t_ro116	FROM	TO
     1	5.95006667422e-09	1.42604808515e-09	7.37611475937e-09
     2	5.05308952873e-09	1.21025256705e-09	6.26334209578e-09
     3	4.48000069035e-09	1.07229093043e-09	5.55229162078e-09
     4	8.28456689277e-09	1.98494459583e-09	1.02695114886e-08
     5	6.88953359424e-09	1.65018305658e-09	8.53971665083e-09
     6	6.01867884903e-09	1.44113299412e-09	7.45981184315e-09
     7	1.19134338169e-08	2.85408677133e-09	1.47675205883e-08
     8	9.82193759919e-09	2.35220344304e-09	1.21741410422e-08
     9	8.51911330548e-09	2.03976970049e-09	1.0558883006e-08

Measurement: t_ro117
  step	t_ro117	FROM	TO
     1	6.04933852134e-09	1.45285756893e-09	7.50219609027e-09
     2	5.12595875103e-09	1.22915970666e-09	6.35511845769e-09
     3	4.55476065773e-09	1.0914177484e-09	5.64617840613e-09
     4	8.36020950121e-09	2.00910045366e-09	1.03693099549e-08
     5	6.98268893671e-09	1.67549425139e-09	8.6581831881e-09
     6	6.10487487839e-09	1.46338601896e-09	7.56826089736e-09
     7	1.19980522274e-08	2.88397220309e-09	1.48820244305e-08
     8	9.94784769233e-09	2.38769784495e-09	1.23355455373e-08
     9	8.64443786846e-09	2.07289610659e-09	1.0717333975e-08

Measurement: t_ro118
  step	t_ro118	FROM	TO
     1	5.76000176828e-09	1.38269345559e-09	7.14269522387e-09
     2	4.95796704273e-09	1.18850910411e-09	6.14647614684e-09
     3	4.41539150425e-09	1.0578639701e-09	5.47325547434e-09
     4	7.88130699925e-09	1.89239548478e-09	9.77370248403e-09
     5	6.65319570828e-09	1.59568281011e-09	8.24887851839e-09
     6	5.86158389577e-09	1.40484469248e-09	7.26642858824e-09
     7	1.12106132124e-08	2.69221198863e-09	1.3902825201e-08
     8	9.39624244436e-09	2.25394273352e-09	1.16501851779e-08
     9	8.22975662228e-09	1.97278027232e-09	1.02025368946e-08

Measurement: t_ro119
  step	t_ro119	FROM	TO
     1	5.84671107265e-09	1.40574089838e-09	7.25245197103e-09
     2	4.99942720384e-09	1.2002507328e-09	6.19967793664e-09
     3	4.453119611e-09	1.06831983153e-09	5.52143944253e-09
     4	8.0334553939e-09	1.93245320599e-09	9.96590859989e-09
     5	6.75394987441e-09	1.62277618727e-09	8.37672606168e-09
     6	5.93486557275e-09	1.42468936816e-09	7.3595549409e-09
     7	1.14607714118e-08	2.7581172986e-09	1.42188887104e-08
     8	9.56439859839e-09	2.2991559512e-09	1.18635545496e-08
     9	8.35357523285e-09	2.00640290945e-09	1.03599781423e-08

Measurement: t_ro120
  step	t_ro120	FROM	TO
     1	5.90032222553e-09	1.42921307042e-09	7.32953529595e-09
     2	5.02406785644e-09	1.21322026309e-09	6.23728811954e-09
     3	4.46550124754e-09	1.07698048565e-09	5.54248173319e-09
     4	8.12259524176e-09	1.96939520944e-09	1.00919904512e-08
     5	6.79336895975e-09	1.64211831824e-09	8.43548727798e-09
     6	5.95425528012e-09	1.43728692822e-09	7.39154220834e-09
     7	1.15972276844e-08	2.81293223765e-09	1.4410159922e-08
     8	9.6205951698e-09	2.32709555824e-09	1.1947690728e-08
     9	8.37814089477e-09	2.0237102483e-09	1.04018511431e-08

Measurement: t_ro121
  step	t_ro121	FROM	TO
     1	5.67594160456e-09	1.35682661837e-09	7.03276822293e-09
     2	4.88617759949e-09	1.16645132445e-09	6.05262892394e-09
     3	4.36771341378e-09	1.04235494418e-09	5.41006835796e-09
     4	7.74168872831e-09	1.84962828575e-09	9.59131701406e-09
     5	6.5560979858e-09	1.56466982148e-09	8.12076780728e-09
     6	5.78935669075e-09	1.38106393248e-09	7.17042062323e-09
     7	1.09799567128e-08	2.62118259334e-09	1.36011393061e-08
     8	9.23145578246e-09	2.20205416256e-09	1.1433509945e-08
     9	8.10540140125e-09	1.93256021375e-09	1.0037961615e-08

Measurement: t_ro122
  step	t_ro122	FROM	TO
     1	6.10200049997e-09	1.45704392872e-09	7.55904442869e-09
     2	5.16797476576e-09	1.23179689828e-09	6.39977166403e-09
     3	4.57320777827e-09	1.08944878136e-09	5.66265655964e-09
     4	8.50220943561e-09	2.02644498604e-09	1.05286544217e-08
     5	7.06478566783e-09	1.68287123062e-09	8.74765689845e-09
     6	6.15918137561e-09	1.46632231479e-09	7.6255036904e-09
     7	1.22662972623e-08	2.91691754182e-09	1.51832148041e-08
     8	1.01076762516e-08	2.40504455098e-09	1.25127208026e-08
     9	8.75235689349e-09	2.08208032832e-09	1.08344372218e-08

Measurement: t_ro123
  step	t_ro123	FROM	TO
     1	6.12758001307e-09	1.47318962185e-09	7.60076963492e-09
     2	5.19027887267e-09	1.24665701476e-09	6.43693588743e-09
     3	4.59559585471e-09	1.10280002823e-09	5.69839588294e-09
     4	8.54670580874e-09	2.05587015905e-09	1.06025759678e-08
     5	7.11281491425e-09	1.70921157806e-09	8.82202649231e-09
     6	6.20195538566e-09	1.48931361607e-09	7.69126900173e-09
     7	1.23404320357e-08	2.96914147873e-09	1.53095735144e-08
     8	1.01914763511e-08	2.4498238247e-09	1.26413001758e-08
     9	8.82957080222e-09	2.1212136349e-09	1.09507844371e-08

Measurement: t_ro124
  step	t_ro124	FROM	TO
     1	6.414569615e-09	1.54406379033e-09	7.95863340533e-09
     2	5.37619547249e-09	1.29299933812e-09	6.66919481061e-09
     3	4.71998861224e-09	1.13446210072e-09	5.85445071296e-09
     4	9.05706678608e-09	2.18263589652e-09	1.12397026826e-08
     5	7.43322706209e-09	1.78950188776e-09	9.22272894985e-09
     6	6.42487751657e-09	1.54600540845e-09	7.97088292502e-09
     7	1.318752254e-08	3.17998238901e-09	1.6367504929e-08
     8	1.07331412291e-08	2.58587274295e-09	1.33190139721e-08
     9	9.21282784625e-09	2.21861556567e-09	1.14314434119e-08

Measurement: t_ro125
  step	t_ro125	FROM	TO
     1	5.91430827374e-09	1.42463042268e-09	7.33893869642e-09
     2	5.04041640399e-09	1.21388807836e-09	6.25430448235e-09
     3	4.47999599356e-09	1.07794486429e-09	5.55794085785e-09
     4	8.17592280999e-09	1.97095698766e-09	1.01468797977e-08
     5	6.84578312429e-09	1.64981888329e-09	8.49560200759e-09
     6	5.99734372559e-09	1.44467241929e-09	7.44201614489e-09
     7	1.17306049836e-08	2.82971823865e-09	1.45603232222e-08
     8	9.74595153294e-09	2.35025297551e-09	1.20962045085e-08
     9	8.48379622838e-09	2.04509456325e-09	1.05288907916e-08

Measurement: t_ro126
  step	t_ro126	FROM	TO
     1	6.29117761588e-09	1.50845901347e-09	7.79963662935e-09
     2	5.29946727073e-09	1.26900054813e-09	6.56846781886e-09
     3	4.6747950089e-09	1.11815032677e-09	5.79294533568e-09
     4	8.82351112089e-09	2.11579442408e-09	1.0939305545e-08
     5	7.30291438634e-09	1.74824828628e-09	9.05116267262e-09
     6	6.34094042048e-09	1.51661292206e-09	7.85755334255e-09
     7	1.2809582743e-08	3.07079894166e-09	1.58803816847e-08
     8	1.05180918881e-08	2.5175579886e-09	1.30356498767e-08
     9	9.07240239775e-09	2.16959728874e-09	1.12419996865e-08

Measurement: t_ro127
  step	t_ro127	FROM	TO
     1	5.95538347103e-09	1.4305507651e-09	7.38593423613e-09
     2	5.06821771316e-09	1.21517622529e-09	6.28339393845e-09
     3	4.49617782275e-09	1.07689308276e-09	5.57307090551e-09
     4	8.23431596416e-09	1.97910625836e-09	1.02134222225e-08
     5	6.88401406942e-09	1.65194856285e-09	8.53596263227e-09
     6	6.02557664521e-09	1.44397162781e-09	7.46954827302e-09
     7	1.18132176296e-08	2.83994227875e-09	1.46531599084e-08
     8	9.80030770311e-09	2.35214578772e-09	1.21524534908e-08
     9	8.52295764858e-09	2.04323777424e-09	1.05661954228e-08

Measurement: freq_ro0
  step	{80/t_ro0}
     1	14534071883.9
     2	16769750753.8
     3	18667996817.5
     4	10757339953
     5	12599889469.7
     6	14196306677.8
     7	7632096861.14
     8	9000015824.79
     9	10196172571.6

Measurement: freq_ro1
  step	{80/t_ro1}
     1	13157889411.8
     2	15555632319.5
     3	17562849347.3
     4	9440934076.2
     5	11361831520.5
     6	13027304320.4
     7	6544704068.49
     8	7940633363
     9	9167195844.33

Measurement: freq_ro2
  step	{80/t_ro2}
     1	13402055187.1
     2	15745313249.1
     3	17753282654.3
     4	9698462493.57
     5	11605292574.6
     6	13261686526.8
     7	6764127186.85
     8	8156678766.4
     9	9380251860.99

Measurement: freq_ro3
  step	{80/t_ro3}
     1	13325744179.2
     2	15624991267.2
     3	17647180313.2
     4	9663121574.79
     5	11550112603.7
     6	13195567470.3
     7	6740544375.43
     8	8117409881.97
     9	9331803269.85

Measurement: freq_ro4
  step	{80/t_ro4}
     1	13388063163.1
     2	15724557473
     3	17730904553.4
     4	9679264741.37
     5	11583772018.8
     6	13238325538.1
     7	6741871201.61
     8	8134339964.07
     9	9357409380.66

Measurement: freq_ro5
  step	{80/t_ro5}
     1	13306277512.4
     2	15624995920.6
     3	17671760545.5
     4	9614049168.04
     5	11519872069.2
     6	13176435485.5
     7	6695542818.98
     8	8085053590.99
     9	9306703092.75

Measurement: freq_ro6
  step	{80/t_ro6}
     1	12991708905.3
     2	15342928267.9
     3	17348645206.8
     4	9398270155.19
     5	11292900450
     6	12951610592.1
     7	6541679236.14
     8	7920237969.84
     9	9139757467.52

Measurement: freq_ro7
  step	{80/t_ro7}
     1	13265574271.3
     2	15625017764.4
     3	17611467671.6
     4	9597409982.58
     5	11492442277.4
     6	13147335399.7
     7	6688022485.07
     8	8069759957.58
     9	9288600781.83

Measurement: freq_ro8
  step	{80/t_ro8}
     1	13440106807.4
     2	15785004104.3
     3	17784211379.5
     4	9716824212.62
     5	11624119458
     6	13280137784.3
     7	6775641623.57
     8	8169640738.5
     9	9394907131.55

Measurement: freq_ro9
  step	{80/t_ro9}
     1	12776385288.3
     2	15151514559.1
     3	17205696780.5
     4	9097645061.03
     5	11004276574.1
     6	12674081938.1
     7	6270464155.75
     8	7647764902.56
     9	8868364490.38

Measurement: freq_ro10
  step	{80/t_ro10}
     1	12742571505.3
     2	15151516515.5
     3	17168155705.2
     4	9086597570.35
     5	10985321738.7
     6	12649738205.3
     7	6267086395.32
     8	7637948800.7
     9	8854035657.35

Measurement: freq_ro11
  step	{80/t_ro11}
     1	13766488653.6
     2	16129029903.4
     3	18073498030.4
     4	9995157489.75
     5	11892795006.9
     6	13533878867.7
     7	6985682740.73
     8	8375906509.8
     9	9594330897.94

Measurement: freq_ro12
  step	{80/t_ro12}
     1	12990609497.8
     2	15333351383.6
     3	17340035513.8
     4	9298630011.22
     5	11180093503.9
     6	12832803759.3
     7	6428493262.07
     8	7789864540.65
     9	8999466493.04

Measurement: freq_ro13
  step	{80/t_ro13}
     1	12427259011.4
     2	14843808395.1
     3	16909557286.4
     4	8778736463.45
     5	10707209590.2
     6	12394099890.3
     7	6023654112.21
     8	7410110358.21
     9	8638328084.45

Measurement: freq_ro14
  step	{80/t_ro14}
     1	12464422542.4
     2	14859766690
     3	16919320643.6
     4	8837213684.8
     5	10747253541.6
     6	12422334651.2
     7	6067172728.28
     8	7438157494.77
     9	8655409738

Measurement: freq_ro15
  step	{80/t_ro15}
     1	12930396359.6
     2	15299763701.4
     3	17333333040
     4	9236293181.05
     5	11140450135.9
     6	12807860939
     7	6380791619.23
     8	7759473268.27
     9	8980524781.88

Measurement: freq_ro16
  step	{80/t_ro16}
     1	13158223380.4
     2	15497461674.1
     3	17504092636.9
     4	9474799878.38
     5	11361927303.2
     6	13013837393
     7	6578696852.54
     8	7950632437.31
     9	9165151266.84

Measurement: freq_ro17
  step	{80/t_ro17}
     1	13420297638.1
     2	15740697318.6
     3	17736367946.4
     4	9689128382.79
     5	11569763987.2
     6	13211089871
     7	6747632320.02
     8	8117911067.85
     9	9328067462.27

Measurement: freq_ro18
  step	{80/t_ro18}
     1	12595235624.9
     2	14983394881.9
     3	17018956576
     4	8965318718.88
     5	10859603750.1
     6	12527030117
     7	6169773472.97
     8	7533249829.97
     9	8748119181.14

Measurement: freq_ro19
  step	{80/t_ro19}
     1	13592805485
     2	15912581899.7
     3	17857294943.6
     4	9869255290
     5	11743306417.4
     6	13378011843.7
     7	6898357497.31
     8	8269247412.08
     9	9478073805.47

Measurement: freq_ro20
  step	{80/t_ro20}
     1	13157887241.1
     2	15528262550.7
     3	17546951063
     4	9433957486.75
     5	11356432384.6
     6	13024932861.6
     7	6547083927.34
     8	7946709402.92
     9	9175985196.95

Measurement: freq_ro21
  step	{80/t_ro21}
     1	13061127013.3
     2	15410625139.9
     3	17431553347
     4	9422073023.34
     5	11323417481.3
     6	12983518428.2
     7	6546292517.68
     8	7928674888.14
     9	9149243589.59

Measurement: freq_ro22
  step	{80/t_ro22}
     1	13010512564.9
     2	15374848676.7
     3	17404848231.5
     4	9322113126.41
     5	11232431647.8
     6	12899012240.7
     7	6456885301.21
     8	7844157823.95
     9	9068958606.44

Measurement: freq_ro23
  step	{80/t_ro23}
     1	13678816864.8
     2	15994313932.4
     3	17950445361.4
     4	9971101435.93
     5	11847472695.4
     6	13481145091.9
     7	6985934148.8
     8	8362005009.59
     9	9572196149.01

Measurement: freq_ro24
  step	{80/t_ro24}
     1	13513526860.8
     2	15821009434.5
     3	17792944734.5
     4	9823590457.89
     5	11687606028
     6	13318514190.8
     7	6866827186.65
     8	8229123492.1
     9	9434543485.9

Measurement: freq_ro25
  step	{80/t_ro25}
     1	14463957646.2
     2	16666674765.8
     3	18628051773.5
     4	10675998803.3
     5	12528904608.8
     6	14128538334.8
     7	7564173842.58
     8	8937029839.53
     9	10134177078.6

Measurement: freq_ro26
  step	{80/t_ro26}
     1	13096925662.9
     2	15447051452.2
     3	17444220244.6
     4	9395018596.73
     5	11283765751.2
     6	12936091077
     7	6510253053.64
     8	7881089334.39
     9	9093864082.5

Measurement: freq_ro27
  step	{80/t_ro27}
     1	13066362041.1
     2	15423269868.9
     3	17436198307.2
     4	9391583716.23
     5	11292417951.6
     6	12951207141.3
     7	6514950168.31
     8	7897214554.36
     9	9117352770.77

Measurement: freq_ro28
  step	{80/t_ro28}
     1	13172240480
     2	15549548356.8
     3	17547104172
     4	9459478521.6
     5	11362707592.9
     6	13017744105.6
     7	6560020277.32
     8	7941631472.48
     9	9159168517.27

Measurement: freq_ro29
  step	{80/t_ro29}
     1	13223900775.6
     2	15590855016.5
     3	17550840935.9
     4	9523063649.32
     5	11399846180.3
     6	13044206467
     7	6613167631.27
     8	7976001764.59
     9	9183831067.63

Measurement: freq_ro30
  step	{80/t_ro30}
     1	13888891001.8
     2	16129032486.4
     3	18131836427.3
     4	10095770659.6
     5	11978484503.6
     6	13613153187.2
     7	7079749739.67
     8	8463688175.29
     9	9677755605.95

Measurement: freq_ro31
  step	{80/t_ro31}
     1	13157884819.4
     2	15519272384.1
     3	17513188104.9
     4	9479506543.11
     5	11364540263.1
     6	13017490864.7
     7	6580468821.32
     8	7951279241.79
     9	9164353381.78

Measurement: freq_ro32
  step	{80/t_ro32}
     1	13482103815.3
     2	15778756574.7
     3	17764270363
     4	9794597205.68
     5	11662225209.9
     6	13296339005.3
     7	6843592328.11
     8	8207660686.36
     9	9413535046.66

Measurement: freq_ro33
  step	{80/t_ro33}
     1	13482993510.8
     2	15778628777.7
     3	17764843571
     4	9763077095.17
     5	11630060729.9
     6	13263046219.7
     7	6811132691.61
     8	8173680391.47
     9	9378683488.12

Measurement: freq_ro34
  step	{80/t_ro34}
     1	13295593238.6
     2	15679453643.2
     3	17702292354.7
     4	9535250345.99
     5	11461170198.5
     6	13130649675.7
     7	6618167070.83
     8	8021061638.57
     9	9251312780.5

Measurement: freq_ro35
  step	{80/t_ro35}
     1	13458828060
     2	15753273097.1
     3	17737210361.4
     4	9749055507.17
     5	11615949270.5
     6	13247833851.1
     7	6802380706.15
     8	8164213686.31
     9	9368987799.98

Measurement: freq_ro36
  step	{80/t_ro36}
     1	12206537850.8
     2	14705857354
     3	16729339468.3
     4	8546636204.56
     5	10484708999
     6	12185632637.5
     7	5822552395.07
     8	7207403717.93
     9	8439235014.09

Measurement: freq_ro37
  step	{80/t_ro37}
     1	13513513908.1
     2	15835575067.5
     3	17831511802.3
     4	9814879040.44
     5	11702184081.6
     6	13342361873.7
     7	6861345506.16
     8	8241867595.03
     9	9454385487.82

Measurement: freq_ro38
  step	{80/t_ro38}
     1	14141022885
     2	16436455620.2
     3	18374932199.8
     4	10341251377.9
     5	12222070925.3
     6	13848424451.5
     7	7275485323.96
     8	8663479770.66
     9	9874755953.74

Measurement: freq_ro39
  step	{80/t_ro39}
     1	14448782107.9
     2	16669016499.7
     3	18572744698.4
     4	10708665221.8
     5	12536168955
     6	14125380483.5
     7	7599209401.25
     8	8953246606.2
     9	10141842094

Measurement: freq_ro40
  step	{80/t_ro40}
     1	12739082698.3
     2	15151476235.4
     3	17241324898.5
     4	9045365299.37
     5	10975804960.2
     6	12659396906.4
     7	6224290923.29
     8	7619329216.31
     9	8851009244.9

Measurement: freq_ro41
  step	{80/t_ro41}
     1	13234413614
     2	15625034309.8
     3	17599464080.5
     4	9563939034.86
     5	11476850479.2
     6	13137234672.3
     7	6664333272.05
     8	8063247095.54
     9	9289696647.92

Measurement: freq_ro42
  step	{80/t_ro42}
     1	14099972295.6
     2	16384685681.7
     3	18329425266.6
     4	10325621186.4
     5	12198493255
     6	13821266096.4
     7	7272354761.59
     8	8655590439.47
     9	9864598790.19

Measurement: freq_ro43
  step	{80/t_ro43}
     1	12429596686
     2	14796912039.9
     3	16851544286
     4	8825728091.3
     5	10717497073.8
     6	12386830059.8
     7	6061812401.16
     8	7420961361.09
     9	8634310712.92

Measurement: freq_ro44
  step	{80/t_ro44}
     1	12579085406.7
     2	14983530494.5
     3	17033165228.8
     4	8947432449.57
     5	10869060686
     6	12544694209.4
     7	6161426947.75
     8	7542976780.05
     9	8767402448.84

Measurement: freq_ro45
  step	{80/t_ro45}
     1	13720764148.4
     2	16081108616.6
     3	18041291749.9
     4	9963832247.75
     5	11872397693.4
     6	13513505065.6
     7	6976506734.87
     8	8379661157.65
     9	9604378212.09

Measurement: freq_ro46
  step	{80/t_ro46}
     1	13513513495.1
     2	15841039698.7
     3	17857220491.8
     4	9832530528.68
     5	11714571312.8
     6	13349537737.1
     7	6874892931.44
     8	8253023349.66
     9	9462750555.49

Measurement: freq_ro47
  step	{80/t_ro47}
     1	13392271065.3
     2	15718701155.3
     3	17714639672
     4	9696826757.68
     5	11578948895
     6	13221956754.8
     7	6761565008.27
     8	8134450770.7
     9	9346168259.97

Measurement: freq_ro48
  step	{80/t_ro48}
     1	13149916072.3
     2	15480592796.4
     3	17468503009.5
     4	9479945377.03
     5	11351554448.1
     6	12994594478.6
     7	6584160061.81
     8	7943272188.23
     9	9149947950.21

Measurement: freq_ro49
  step	{80/t_ro49}
     1	13419404480.3
     2	15745542939.8
     3	17746436401.8
     4	9705949248.89
     5	11591143441
     6	13238670397.2
     7	6760522461.14
     8	8135128879.23
     9	9349770767.56

Measurement: freq_ro50
  step	{80/t_ro50}
     1	13449693561.3
     2	15773839171.9
     3	17779473294.7
     4	9717821857.36
     5	11610164581.7
     6	13254120035.6
     7	6777265100.67
     8	8158901576.44
     9	9373685416.97

Measurement: freq_ro51
  step	{80/t_ro51}
     1	12820509775.6
     2	15260125708.9
     3	17293371682.9
     4	9169303607.43
     5	11136209745.2
     6	12833207553.5
     7	6339813905.27
     8	7767493397.66
     9	9016258271.63

Measurement: freq_ro52
  step	{80/t_ro52}
     1	12392329093.3
     2	14850389427.5
     3	16946086933.3
     4	8775298778.32
     5	10740199228.8
     6	12454123719.5
     7	6022139140.02
     8	7434591696.47
     9	8681241152.06

Measurement: freq_ro53
  step	{80/t_ro53}
     1	13656443425.9
     2	15977055433.2
     3	17941892651.2
     4	9904490172.29
     5	11794776374.9
     6	13435802478.8
     7	6922843100.27
     8	8309074529.24
     9	9525789707.51

Measurement: freq_ro54
  step	{80/t_ro54}
     1	13425506672.5
     2	15759311614.8
     3	17801128093.6
     4	9718099687.16
     5	11624410383.7
     6	13279645189.2
     7	6777718150.56
     8	8169847154.14
     9	9392795556.69

Measurement: freq_ro55
  step	{80/t_ro55}
     1	13353935123.9
     2	15624997271.4
     3	17653804615.7
     4	9664792925.25
     5	11530774138.6
     6	13166702206.3
     7	6732075048.88
     8	8090035113.62
     9	9295119727.18

Measurement: freq_ro56
  step	{80/t_ro56}
     1	13634081852.3
     2	15964520354.8
     3	17941834621.7
     4	9913091110.48
     5	11810342523.5
     6	13455198240.5
     7	6936769958.58
     8	8329750702.09
     9	9549417789.41

Measurement: freq_ro57
  step	{80/t_ro57}
     1	12942141761.5
     2	15289157985.3
     3	17301649788.4
     4	9282959854.54
     5	11168605888.4
     6	12821373463.9
     7	6426890032.31
     8	7793466830.83
     9	9006170770.72

Measurement: freq_ro58
  step	{80/t_ro58}
     1	12820513173.7
     2	15202633091.5
     3	17238729036.7
     4	9173797626.44
     5	11071937783.8
     6	12736659614.8
     7	6336673945.56
     8	7708881327.24
     9	8926939897.5

Measurement: freq_ro59
  step	{80/t_ro59}
     1	13493328940.4
     2	15832770909.6
     3	17833804573.9
     4	9737725273.37
     5	11641014331.1
     6	13296378045.3
     7	6783938301.92
     8	8174375338.7
     9	9396227129.45

Measurement: freq_ro60
  step	{80/t_ro60}
     1	12912175862
     2	15279755573.5
     3	17284240336.4
     4	9214997370.18
     5	11117044539
     6	12780402758.8
     7	6362989433.41
     8	7740057355.01
     9	8958203464.55

Measurement: freq_ro61
  step	{80/t_ro61}
     1	14130798398.6
     2	16449744083
     3	18405494259.5
     4	10317886549.4
     5	12223451601.2
     6	13863104255.5
     7	7256696639.7
     8	8664096680.38
     9	9886035290.56

Measurement: freq_ro62
  step	{80/t_ro62}
     1	14241399118.8
     2	16514900805.5
     3	18440538700.7
     4	10446813981.7
     5	12308359637.2
     6	13918542479.9
     7	7369442992.98
     8	8743933076.3
     9	9947113300.68

Measurement: freq_ro63
  step	{80/t_ro63}
     1	13410938408.3
     2	15739352954.3
     3	17741735395.3
     4	9692391945.66
     5	11584420011.4
     6	13231582258
     7	6750457842.24
     8	8131302790.16
     9	9347122949.53

Measurement: freq_ro64
  step	{80/t_ro64}
     1	13431200748.5
     2	15799348311.3
     3	17857028337.7
     4	9668518429.63
     5	11589158442.2
     6	13252387382.5
     7	6726559746.14
     8	8128056716.68
     9	9356491930.76

Measurement: freq_ro65
  step	{80/t_ro65}
     1	13417557356
     2	15755934488.9
     3	17768998171.7
     4	9687860390.16
     5	11583835229.3
     6	13236591487.2
     7	6743532121.97
     8	8126091170.56
     9	9344917504.06

Measurement: freq_ro66
  step	{80/t_ro66}
     1	12845451427.7
     2	15231889455.2
     3	17245452495.1
     4	9240943071.84
     5	11148283307.8
     6	12820339099.2
     7	6404435769.8
     8	7786215993.08
     9	9008369705.61

Measurement: freq_ro67
  step	{80/t_ro67}
     1	13240143625.2
     2	15566954377.9
     3	17558442454.3
     4	9557734423.17
     5	11430776806.6
     6	13072221475.5
     7	6649715566.68
     8	8013384153.8
     9	9221152871.47

Measurement: freq_ro68
  step	{80/t_ro68}
     1	13332072301
     2	15643382258.2
     3	17652450951.1
     4	9636587483.39
     5	11524481139.5
     6	13169930748.2
     7	6714852976.15
     8	8090588043.91
     9	9304449223.17

Measurement: freq_ro69
  step	{80/t_ro69}
     1	14442187093.6
     2	16729784475.6
     3	18670973528.8
     4	10653561967.4
     5	12548297425.8
     6	14172820096.3
     7	7540882825.57
     8	8946494754.19
     9	10163475778.8

Measurement: freq_ro70
  step	{80/t_ro70}
     1	13139812567.8
     2	15482589708.3
     3	17481760379
     4	9444982701.2
     5	11328265708.8
     6	12977882950.1
     7	6552724525.12
     8	7919960807.36
     9	9131388529.65

Measurement: freq_ro71
  step	{80/t_ro71}
     1	13296993495
     2	15624973183.7
     3	17596748265.7
     4	9627582004.44
     5	11491104294.4
     6	13126644253.3
     7	6707625918.92
     8	8064802444.49
     9	9268032936.36

Measurement: freq_ro72
  step	{80/t_ro72}
     1	13309847633.5
     2	15666801229.3
     3	17688492233.7
     4	9635171088.57
     5	11559456862.5
     6	13228579789.1
     7	6716031737.29
     8	8123629304.84
     9	9358244318.44

Measurement: freq_ro73
  step	{80/t_ro73}
     1	12592793102.4
     2	14999014605.9
     3	17065210841.6
     4	8944778638.65
     5	10869702614.5
     6	12551429628.9
     7	6154495017.52
     8	7542530130.81
     9	8771728414.83

Measurement: freq_ro74
  step	{80/t_ro74}
     1	12863616539.6
     2	15245741021.5
     3	17241388004.1
     4	9196576676.15
     5	11103494978
     6	12765256105.8
     7	6352226589.81
     8	7729626056.51
     9	8949113120.85

Measurement: freq_ro75
  step	{80/t_ro75}
     1	14328670734.3
     2	16580609097.4
     3	18518389643.1
     4	10583655487.3
     5	12434262140.8
     6	14039075281.3
     7	7496888875.81
     8	8868431669.46
     9	10068923451.2

Measurement: freq_ro76
  step	{80/t_ro76}
     1	13472877106
     2	15835329734.2
     3	17839797704.2
     4	9736174443.77
     5	11653723596.1
     6	13313928458.6
     7	6788535652.66
     8	8192371194.1
     9	9420978448.47

Measurement: freq_ro77
  step	{80/t_ro77}
     1	13218445797.8
     2	15570622740.4
     3	17569990246.4
     4	9528595126.05
     5	11419242652.3
     6	13071601313.8
     7	6623755556.77
     8	7999683064.37
     9	9215365684.96

Measurement: freq_ro78
  step	{80/t_ro78}
     1	13187031049.7
     2	15599120168.7
     3	17610083584.2
     4	9494706174.21
     5	11427651279.6
     6	13101260790.7
     7	6592666193.03
     8	8002255311.16
     9	9236571109.09

Measurement: freq_ro79
  step	{80/t_ro79}
     1	12866772241.3
     2	15260671114.3
     3	17280121358.1
     4	9206924156.25
     5	11118374054.2
     6	12792483227.3
     7	6357029890.96
     8	7740025276.34
     9	8964770974.69

Measurement: freq_ro80
  step	{80/t_ro80}
     1	14079805668.4
     2	16343909075.9
     3	18271359985.3
     4	10362210723.9
     5	12207761867.9
     6	13817432001.3
     7	7309293813.02
     8	8669648465.53
     9	9866238752.87

Measurement: freq_ro81
  step	{80/t_ro81}
     1	13008355709.5
     2	15366327852.5
     3	17389692222.5
     4	9372444599.12
     5	11275110608.5
     6	12940024301.2
     7	6508441440.85
     8	7890318695.25
     9	9113414129.91

Measurement: freq_ro82
  step	{80/t_ro82}
     1	13407510119.5
     2	15722017948.2
     3	17716758674.4
     4	9701554471.6
     5	11581260693.5
     6	13223109377.9
     7	6759995628.03
     8	8131005298.75
     9	9342174023.41

Measurement: freq_ro83
  step	{80/t_ro83}
     1	13157884905.6
     2	15526145778.2
     3	17525326180.5
     4	9457769621.21
     5	11358736716.9
     6	13016733789.8
     7	6560707199.31
     8	7941359986.35
     9	9159526131.2

Measurement: freq_ro84
  step	{80/t_ro84}
     1	13225820563.5
     2	15624982375.7
     3	17603608796.9
     4	9512305484.35
     5	11422903708.1
     6	13083183443.5
     7	6608720584.28
     8	8000057327.26
     9	9223130632.23

Measurement: freq_ro85
  step	{80/t_ro85}
     1	13174736880.2
     2	15538548904.5
     3	17536745000.6
     4	9516574083.72
     5	11402124884.6
     6	13050301230.3
     7	6618932978
     8	7992007313.31
     9	9205053175.54

Measurement: freq_ro86
  step	{80/t_ro86}
     1	13483667565.5
     2	15807718425.6
     3	17807569788.9
     4	9772765426.3
     5	11656483739.3
     6	13300016958.8
     7	6818323349.59
     8	8193044865.21
     9	9405503514.1

Measurement: freq_ro87
  step	{80/t_ro87}
     1	12363904878.6
     2	14756802354.4
     3	16823631670.3
     4	8726163647.05
     5	10633075506.7
     6	12310876083.7
     7	5974928396.29
     8	7341291965.75
     9	8558978930.91

Measurement: freq_ro88
  step	{80/t_ro88}
     1	12100421804.7
     2	14538294833.5
     3	16640810716.3
     4	8490194906.54
     5	10416656374.1
     6	12108973621.1
     7	5787258904.61
     8	7161295423.66
     9	8386385653.22

Measurement: freq_ro89
  step	{80/t_ro89}
     1	13037890691.6
     2	15405722559.1
     3	17417888430.8
     4	9351514843.35
     5	11256028572.5
     6	12916214706.4
     7	6482238911.98
     8	7866048064.54
     9	9086623760.72

Measurement: freq_ro90
  step	{80/t_ro90}
     1	12929620619.5
     2	15294134121.5
     3	17308555018.8
     4	9271916411.88
     5	11173253094.7
     6	12834812448
     7	6418680441.98
     8	7796499223.58
     9	9015343245.75

Measurement: freq_ro91
  step	{80/t_ro91}
     1	13933025034.7
     2	16218367783.6
     3	18172385240
     4	10217213343.8
     5	12080233125.4
     6	13699768348.6
     7	7186706906.34
     8	8557525192.96
     9	9762548620.89

Measurement: freq_ro92
  step	{80/t_ro92}
     1	13451884419.9
     2	15793292593.3
     3	17808132680.8
     4	9711861145.25
     5	11613221865.4
     6	13264782774
     7	6769095247.37
     8	8156124153.55
     9	9376500667.56

Measurement: freq_ro93
  step	{80/t_ro93}
     1	12722862974.1
     2	15151516033.7
     3	17178015025.8
     4	9050028800.58
     5	10972048506.3
     6	12650475589.4
     7	6234107915.09
     8	7621163235.49
     9	8847626168.61

Measurement: freq_ro94
  step	{80/t_ro94}
     1	13049209939.7
     2	15390235487.9
     3	17415048166.2
     4	9364576669.53
     5	11255348348
     6	12909912809.9
     7	6489485505.86
     8	7861070129.31
     9	9075559882.44

Measurement: freq_ro95
  step	{80/t_ro95}
     1	13943966648
     2	16229535483.6
     3	18185779928.9
     4	10191067374
     5	12056333049.8
     6	13679214163
     7	7157557235.74
     8	8528134813.38
     9	9733434961.5

Measurement: freq_ro96
  step	{80/t_ro96}
     1	12820512351.8
     2	15200443038.1
     3	17241384780.9
     4	9174288320.19
     5	11075886256.9
     6	12744385458.6
     7	6331309358.99
     8	7705602845
     9	8925540042.36

Measurement: freq_ro97
  step	{80/t_ro97}
     1	13889378137.1
     2	16142706840.5
     3	18147398237.6
     4	10163553921.5
     5	12037333816.9
     6	13665419325.7
     7	7143072232.96
     8	8521965879.62
     9	9732455656.25

Measurement: freq_ro98
  step	{80/t_ro98}
     1	13888881510.9
     2	16232346369
     3	18189755788.6
     4	10178594211.4
     5	12083458671.1
     6	13719617714.4
     7	7156718434.8
     8	8562194928.15
     9	9780845788.17

Measurement: freq_ro99
  step	{80/t_ro99}
     1	13237739035.6
     2	15610912292.8
     3	17598009191.2
     4	9536609447.16
     5	11435126184.2
     6	13087722866.3
     7	6627384073.74
     8	8008771238.96
     9	9224958955.31

Measurement: freq_ro100
  step	{80/t_ro100}
     1	13406083992
     2	15781725253.5
     3	17821088092.6
     4	9644729296.18
     5	11571649879.4
     6	13237483771
     7	6699437641.68
     8	8105826870.53
     9	9336558721.61

Measurement: freq_ro101
  step	{80/t_ro101}
     1	13792708161
     2	16105842775
     3	18056396940.2
     4	10038260481.6
     5	11920914818.4
     6	13554165941.5
     7	7032418081.57
     8	8415155853.15
     9	9626668450.65

Measurement: freq_ro102
  step	{80/t_ro102}
     1	13157864729.5
     2	15477060100.2
     3	17491399707.5
     4	9467419370.3
     5	11356059640.1
     6	13009463445.4
     7	6574258855.02
     8	7946891086.06
     9	9161882394.02

Measurement: freq_ro103
  step	{80/t_ro103}
     1	12618216228.5
     2	14996982914.1
     3	17045891657.6
     4	8979222893.63
     5	10883309136.3
     6	12553022308.1
     7	6183973729.78
     8	7558959874.25
     9	8777944262.87

Measurement: freq_ro104
  step	{80/t_ro104}
     1	14426432577
     2	16681924659.5
     3	18604829840.4
     4	10641763504.2
     5	12510622828.7
     6	14124941746.4
     7	7531517893.35
     8	8916280373.89
     9	10122664114.6

Measurement: freq_ro105
  step	{80/t_ro105}
     1	13056768486.9
     2	15395128709.5
     3	17393317217.5
     4	9399654956.81
     5	11275781447.9
     6	12922983963.1
     7	6520988266.15
     8	7881258667.14
     9	9089402013.22

Measurement: freq_ro106
  step	{80/t_ro106}
     1	13559116906.8
     2	15919297859.8
     3	17888413112.1
     4	9828326939.82
     5	11730704775.8
     6	13380253416.5
     7	6860421944.47
     8	8251917140.02
     9	9472129639.46

Measurement: freq_ro107
  step	{80/t_ro107}
     1	12767155840.2
     2	15151516110.2
     3	17214775312.9
     4	9094419049.31
     5	11015804092.4
     6	12693890079.1
     7	6270568846.89
     8	7657507558.82
     9	8884468988.95

Measurement: freq_ro108
  step	{80/t_ro108}
     1	13289456309.5
     2	15682695401.1
     3	17736002967.2
     4	9554560977.44
     5	11507665568.2
     6	13182545860
     7	6647285091.35
     8	8072137807.45
     9	9309842142.98

Measurement: freq_ro109
  step	{80/t_ro109}
     1	11769482792.5
     2	14285713906.2
     3	16386631404.2
     4	8179288249.69
     5	10143025079.3
     6	11866124708.7
     7	5546878458.68
     8	6942845080.98
     9	8183890161.61

Measurement: freq_ro110
  step	{80/t_ro110}
     1	13969400316.8
     2	16238956936.7
     3	18180412634.4
     4	10238074006
     5	12088724456
     6	13702223318.9
     7	7203131395.75
     8	8563627017.55
     9	9762462041.18

Measurement: freq_ro111
  step	{80/t_ro111}
     1	13550250927.9
     2	15876735970.7
     3	17857238016.7
     4	9855580634.15
     5	11728177148.3
     6	13363897699.7
     7	6889306454.9
     8	8258710978.56
     9	9467700827.51

Measurement: freq_ro112
  step	{80/t_ro112}
     1	12820512032.7
     2	15151514932.6
     3	17205069504.8
     4	9187767802.02
     5	11081988640.5
     6	12742972571.5
     7	6356111720.96
     8	7727787880.55
     9	8944667273.35

Measurement: freq_ro113
  step	{80/t_ro113}
     1	13661175435.9
     2	16021356335
     3	18007866045.2
     4	9891686024.05
     5	11815377329.7
     6	13476559872
     7	6908044919.43
     8	8320211996.75
     9	9553100571.92

Measurement: freq_ro114
  step	{80/t_ro114}
     1	13557213114.1
     2	15889248068.1
     3	17881933179
     4	9864781163.25
     5	11758208376.1
     6	13406812137.9
     7	6897744025.78
     8	8284665581.84
     9	9504349383.94

Measurement: freq_ro115
  step	{80/t_ro115}
     1	13651937948.3
     2	15977285874.6
     3	17944373941.8
     4	9928619395.16
     5	11814127248.1
     6	13454371529.7
     7	6945824223.71
     8	8326275981.82
     9	9539113047.4

Measurement: freq_ro116
  step	{80/t_ro116}
     1	13445227487.4
     2	15831898395.1
     3	17857140105.4
     4	9656509632.37
     5	11611816519.3
     6	13291953600.9
     7	6715108442.23
     8	8145032402.43
     9	9390648666.28

Measurement: freq_ro117
  step	{80/t_ro117}
     1	13224586410.2
     2	15606836474
     3	17564040355.1
     4	9569138188.27
     5	11456904456.9
     6	13104281675.5
     7	6667748938.24
     8	8041940575.92
     9	9254505754.72

Measurement: freq_ro118
  step	{80/t_ro118}
     1	13888884625.1
     2	16135645781.9
     3	18118438630.6
     4	10150600656.4
     5	12024296820.3
     6	13648188172.8
     7	7136094920.46
     8	8514041700.57
     9	9720822093.74

Measurement: freq_ro119
  step	{80/t_ro119}
     1	13682906339.3
     2	16001833157.7
     3	17964934021.2
     4	9958354914.21
     5	11844920600.2
     6	13479665043.7
     7	6980332922.22
     8	8364352361.21
     9	9576737836.2

Measurement: freq_ro120
  step	{80/t_ro120}
     1	13558581538.8
     2	15923351810.9
     3	17915122080.4
     4	9849068877.48
     5	11776189468.6
     6	13435769250.1
     7	6898200343.86
     8	8315493853.34
     9	9548657751.74

Measurement: freq_ro121
  step	{80/t_ro121}
     1	14094577706
     2	16372716376.2
     3	18316220049.5
     4	10333662694
     5	12202380161.7
     6	13818461061.1
     7	7286003223.22
     8	8666022118.86
     9	9869961528.09

Measurement: freq_ro122
  step	{80/t_ro122}
     1	13110454514.1
     2	15479951746.3
     3	17493191623.6
     4	9409318907.73
     5	11323768867.4
     6	12988739106.9
     7	6521935535.17
     8	7914776651.77
     9	9140395092.84

Measurement: freq_ro123
  step	{80/t_ro123}
     1	13055725070.8
     2	15413429983.7
     3	17407971137.9
     4	9360331546.48
     5	11247305175.9
     6	12899157608.4
     7	6482755204.1
     8	7849696868.64
     9	9060463049.9

Measurement: freq_ro124
  step	{80/t_ro124}
     1	12471608354.3
     2	14880411326.1
     3	16949193435
     4	8832881758.47
     5	10762485705.3
     6	12451599239.6
     7	6066340342.34
     8	7453549552
     9	8683544437.73

Measurement: freq_ro125
  step	{80/t_ro125}
     1	13526518452.8
     2	15871704555.3
     3	17857158826.7
     4	9784828191.16
     5	11686026061.2
     6	13339238779.8
     7	6819767617.43
     8	8208536614.37
     9	9429740866.76

Measurement: freq_ro126
  step	{80/t_ro126}
     1	12716220218.9
     2	15095856982
     3	17113049844.5
     4	9066685461.6
     5	10954530721.3
     6	12616425119.1
     7	6245324426.63
     8	7605942299.35
     9	8817951022.53

Measurement: freq_ro127
  step	{80/t_ro127}
     1	13433223971.1
     2	15784641569.8
     3	17792890573.7
     4	9715439673.21
     5	11621126742.8
     6	13276737598.8
     7	6772075357.31
     8	8163009001.71
     9	9386412944.73

Measurement: edge100_ro0
  step	V(ro0_out)={VTHRESH} 
     1	6.83214849167e-09
     2	5.92072073898e-09
     3	5.31821414973e-09
     4	9.23262450347e-09
     5	7.88129642056e-09
     6	6.99455252454e-09
     7	1.30150244845e-08
     8	1.10351859355e-08
     9	9.73985681454e-09

Measurement: edge100_ro1
  step	V(ro1_out)={VTHRESH} 
     1	7.53845434595e-09
     2	6.37633906176e-09
     3	5.64766728082e-09
     4	1.05082553605e-08
     5	8.73066893883e-09
     6	7.61379499553e-09
     7	1.51585721712e-08
     8	1.24914702994e-08
     9	1.08194805173e-08

Measurement: edge100_ro2
  step	V(ro2_out)={VTHRESH} 
     1	7.4015666987e-09
     2	6.299270762e-09
     3	5.58611113397e-09
     4	1.0228321732e-08
     5	8.54645371445e-09
     6	7.47832187613e-09
     7	1.46654159628e-08
     8	1.21599142148e-08
     9	1.05728303648e-08

Measurement: edge100_ro3
  step	V(ro3_out)={VTHRESH} 
     1	7.44683245784e-09
     2	6.34866708238e-09
     3	5.62096037455e-09
     4	1.02710347237e-08
     5	8.59126505874e-09
     6	7.51880898648e-09
     7	1.47258802516e-08
     8	1.22259262453e-08
     9	1.06336038001e-08

Measurement: edge100_ro4
  step	V(ro4_out)={VTHRESH} 
     1	7.41977287242e-09
     2	6.30978936806e-09
     3	5.53505228778e-09
     4	1.02681644998e-08
     5	8.57127145034e-09
     6	7.49474373527e-09
     7	1.47448841523e-08
     8	1.22094864571e-08
     9	1.06078434791e-08

Measurement: edge100_ro5
  step	V(ro5_out)={VTHRESH} 
     1	7.46760606301e-09
     2	6.35661329591e-09
     3	5.61988871292e-09
     4	1.0338261566e-08
     5	8.62528887971e-09
     6	7.53913867845e-09
     7	1.48476803142e-08
     8	1.22921169755e-08
     9	1.06762546387e-08

Measurement: edge100_ro6
  step	V(ro6_out)={VTHRESH} 
     1	7.62991255487e-09
     2	6.45809314832e-09
     3	5.71076531655e-09
     4	1.05469864718e-08
     5	8.77422062981e-09
     6	7.64931648312e-09
     7	1.51512586864e-08
     8	1.25097818738e-08
     9	1.08389272824e-08

Measurement: edge100_ro7
  step	V(ro7_out)={VTHRESH} 
     1	7.48936914676e-09
     2	6.35711504133e-09
     3	5.63766209547e-09
     4	1.03540478488e-08
     5	8.64334640311e-09
     6	7.55399238986e-09
     7	1.48597246499e-08
     8	1.23109657172e-08
     9	1.06932342139e-08

Measurement: edge100_ro8
  step	V(ro8_out)={VTHRESH} 
     1	7.37434183187e-09
     2	6.27833655818e-09
     3	5.57223354834e-09
     4	1.01995243576e-08
     5	8.52540524872e-09
     6	7.46184501609e-09
     7	1.4626134423e-08
     8	1.2129587455e-08
     9	1.05471652697e-08

Measurement: edge100_ro9
  step	V(ro9_out)={VTHRESH} 
     1	7.76212109992e-09
     2	6.54300607931e-09
     3	5.76031960282e-09
     4	1.09015861044e-08
     5	9.00873686637e-09
     6	7.81993793598e-09
     7	1.58158921133e-08
     8	1.29623843611e-08
     9	1.11757006133e-08

Measurement: edge100_ro10
  step	V(ro10_out)={VTHRESH} 
     1	7.7974394563e-09
     2	6.55460401407e-09
     3	5.78254732055e-09
     4	1.09392403547e-08
     5	9.04288707953e-09
     6	7.85045545327e-09
     7	1.58634233038e-08
     8	1.30088644922e-08
     9	1.12186400712e-08

Measurement: edge100_ro11
  step	V(ro11_out)={VTHRESH} 
     1	7.20515319013e-09
     2	6.14943146973e-09
     3	5.48616543189e-09
     4	9.92376558432e-09
     5	8.33914781548e-09
     6	7.32670757964e-09
     7	1.41998109216e-08
     8	1.18407202074e-08
     9	1.03354854295e-08

Measurement: edge100_ro12
  step	V(ro12_out)={VTHRESH} 
     1	7.63468510698e-09
     2	6.46576218021e-09
     3	5.71608611469e-09
     4	1.06664574823e-08
     5	8.86782997865e-09
     6	7.72394817093e-09
     7	1.54280619546e-08
     8	1.27270115915e-08
     9	1.10137429788e-08

Measurement: edge100_ro13
  step	V(ro13_out)={VTHRESH} 
     1	7.98769477447e-09
     2	6.68426302627e-09
     3	5.86675603971e-09
     4	1.13085492159e-08
     5	9.26765412203e-09
     6	8.00455103755e-09
     7	1.6481118462e-08
     8	1.3391888156e-08
     9	1.14853829251e-08

Measurement: edge100_ro14
  step	V(ro14_out)={VTHRESH} 
     1	7.95952554771e-09
     2	6.67392672855e-09
     3	5.8601917937e-09
     4	1.12269542517e-08
     5	9.22859839581e-09
     6	7.9818910866e-09
     7	1.63526236524e-08
     8	1.33344840148e-08
     9	1.14560606865e-08

Measurement: edge100_ro15
  step	V(ro15_out)={VTHRESH} 
     1	7.68364427698e-09
     2	6.48953862056e-09
     3	5.72603203798e-09
     4	1.07601335025e-08
     5	8.91574290166e-09
     6	7.75186001938e-09
     7	1.55771530416e-08
     8	1.28029150496e-08
     9	1.10585311964e-08

Measurement: edge100_ro16
  step	V(ro16_out)={VTHRESH} 
     1	7.5299008265e-09
     2	6.39292547915e-09
     3	5.65968828528e-09
     4	1.04564682416e-08
     5	8.71913314927e-09
     6	7.61191868705e-09
     7	1.50576977156e-08
     8	1.24588891709e-08
     9	1.08075059152e-08

Measurement: edge100_ro17
  step	V(ro17_out)={VTHRESH} 
     1	7.39359954061e-09
     2	6.30188999182e-09
     3	5.59203060833e-09
     4	1.02418989707e-08
     5	8.5748973555e-09
     6	7.5080935282e-09
     7	1.47071617668e-08
     8	1.22217098465e-08
     9	1.06342344261e-08

Measurement: edge100_ro18
  step	V(ro18_out)={VTHRESH} 
     1	7.87583405755e-09
     2	6.61891186946e-09
     3	5.82615820378e-09
     4	1.10651657091e-08
     5	9.13247445968e-09
     6	7.91555105879e-09
     7	1.60783689526e-08
     8	1.31650896702e-08
     9	1.133494223e-08

Measurement: edge100_ro19
  step	V(ro19_out)={VTHRESH} 
     1	7.29921139382e-09
     2	6.23324716003e-09
     3	5.55257410068e-09
     4	1.00546262555e-08
     5	8.44725384915e-09
     6	7.41362577071e-09
     7	1.43860472574e-08
     8	1.19972003739e-08
     9	1.04649905645e-08

Measurement: edge100_ro20
  step	V(ro20_out)={VTHRESH} 
     1	7.54458962533e-09
     2	6.39123089128e-09
     3	5.65507433577e-09
     4	1.05239274769e-08
     5	8.74011256792e-09
     6	7.61952257393e-09
     7	1.51662036642e-08
     8	1.24923753561e-08
     9	1.08170828217e-08

Measurement: edge100_ro21
  step	V(ro21_out)={VTHRESH} 
     1	7.59197589496e-09
     2	6.43382653787e-09
     3	5.63143178835e-09
     4	1.05237978984e-08
     5	8.75652397975e-09
     6	7.56131601313e-09
     7	1.51446400892e-08
     8	1.25056240855e-08
     9	1.07315522062e-08

Measurement: edge100_ro22
  step	V(ro22_out)={VTHRESH} 
     1	7.63656536099e-09
     2	6.45981151554e-09
     3	5.70549931343e-09
     4	1.06596677476e-08
     5	8.84374656685e-09
     6	7.69961253056e-09
     7	1.53912181854e-08
     8	1.26651420659e-08
     9	1.09526082839e-08

Measurement: edge100_ro23
  step	V(ro23_out)={VTHRESH} 
     1	7.25305793735e-09
     2	6.20241183134e-09
     3	5.52653578189e-09
     4	9.95097546128e-09
     5	8.37399951028e-09
     6	7.35913241749e-09
     7	1.42041169088e-08
     8	1.18650552873e-08
     9	1.03646229723e-08

Measurement: edge100_ro24
  step	V(ro24_out)={VTHRESH} 
     1	7.33817019308e-09
     2	6.26679282541e-09
     3	5.57141477044e-09
     4	1.00959784564e-08
     5	8.48331568467e-09
     6	7.44329366029e-09
     7	1.4442777938e-08
     8	1.20485000202e-08
     9	1.05074489487e-08

Measurement: edge100_ro25
  step	V(ro25_out)={VTHRESH} 
     1	6.85615116987e-09
     2	5.94819530127e-09
     3	5.32209041571e-09
     4	9.28888339255e-09
     5	7.91362108344e-09
     6	7.01686769828e-09
     7	1.31099831049e-08
     8	1.10939458406e-08
     9	9.78226492563e-09

Measurement: edge100_ro26
  step	V(ro26_out)={VTHRESH} 
     1	7.57846189138e-09
     2	6.42386600592e-09
     3	5.68744965577e-09
     4	1.05666137899e-08
     5	8.79556485447e-09
     6	7.67087446277e-09
     7	1.52503084242e-08
     8	1.25946718687e-08
     9	1.09134299782e-08

Measurement: edge100_ro27
  step	V(ro27_out)={VTHRESH} 
     1	7.58054277636e-09
     2	6.42387038993e-09
     3	5.68244494916e-09
     4	1.05426565161e-08
     5	8.77187221571e-09
     6	7.64914400043e-09
     7	1.51951276425e-08
     8	1.25408044382e-08
     9	1.08639638149e-08

Measurement: edge100_ro28
  step	V(ro28_out)={VTHRESH} 
     1	7.53068787006e-09
     2	6.37757509826e-09
     3	5.65035936964e-09
     4	1.04868407965e-08
     5	8.72853245951e-09
     6	7.6168177594e-09
     7	1.51217037629e-08
     8	1.24878735675e-08
     9	1.08257668041e-08

Measurement: edge100_ro29
  step	V(ro29_out)={VTHRESH} 
     1	7.50274748034e-09
     2	6.36187303509e-09
     3	5.65028627589e-09
     4	1.04188474593e-08
     5	8.70148203647e-09
     6	7.6030778924e-09
     7	1.50035084901e-08
     8	1.24371133906e-08
     9	1.07994949129e-08

Measurement: edge100_ro30
  step	V(ro30_out)={VTHRESH} 
     1	7.14422627847e-09
     2	6.14948130908e-09
     3	5.47022438405e-09
     4	9.82750835401e-09
     5	8.28155169663e-09
     6	7.2864654485e-09
     7	1.40144637092e-08
     8	1.17211221663e-08
     9	1.02500015584e-08

Measurement: edge100_ro31
  step	V(ro31_out)={VTHRESH} 
     1	7.54081964723e-09
     2	6.39238074631e-09
     3	5.66298740393e-09
     4	1.04702510486e-08
     5	8.73030804712e-09
     6	7.62011129471e-09
     7	1.50841678453e-08
     8	1.24798726617e-08
     9	1.08253672886e-08

Measurement: edge100_ro32
  step	V(ro32_out)={VTHRESH} 
     1	7.36168925112e-09
     2	6.28829149353e-09
     3	5.58414154353e-09
     4	1.0134927092e-08
     5	8.50940166113e-09
     6	7.46190039822e-09
     7	1.45064917518e-08
     8	1.2092222784e-08
     9	1.05410751668e-08

Measurement: edge100_ro33
  step	V(ro33_out)={VTHRESH} 
     1	7.35245594046e-09
     2	6.28174402794e-09
     3	5.57878531699e-09
     4	1.01542516066e-08
     5	8.52237727046e-09
     6	7.47210244748e-09
     7	1.45542011417e-08
     8	1.21256811497e-08
     9	1.05665025244e-08

Measurement: edge100_ro34
  step	V(ro34_out)={VTHRESH} 
     1	7.46277016022e-09
     2	6.32639088987e-09
     3	5.60262117377e-09
     4	1.0406470167e-08
     5	8.65552252921e-09
     6	7.55389821766e-09
     7	1.49936027066e-08
     8	1.2368246459e-08
     9	1.07218733565e-08

Measurement: edge100_ro35
  step	V(ro35_out)={VTHRESH} 
     1	7.36706232991e-09
     2	6.291732203e-09
     3	5.58696647377e-09
     4	1.0170481445e-08
     5	8.53286068847e-09
     6	7.48047654988e-09
     7	1.4575491323e-08
     8	1.21402269997e-08
     9	1.0577230107e-08

Measurement: edge100_ro36
  step	V(ro36_out)={VTHRESH} 
     1	8.12876738798e-09
     2	6.74699046296e-09
     3	5.92784633125e-09
     4	1.16108701052e-08
     5	9.4617433756e-09
     6	8.13886849844e-09
     7	1.70430017272e-08
     8	1.37644707886e-08
     9	1.17525073818e-08

Measurement: edge100_ro37
  step	V(ro37_out)={VTHRESH} 
     1	7.33929176517e-09
     2	6.260007802e-09
     3	5.55798199579e-09
     4	1.01044075577e-08
     5	8.47175575221e-09
     6	7.42834253877e-09
     7	1.44536565993e-08
     8	1.20288557463e-08
     9	1.04834903004e-08

Measurement: edge100_ro38
  step	V(ro38_out)={VTHRESH} 
     1	7.01346414004e-09
     2	6.03242796923e-09
     3	5.39495871472e-09
     4	9.59073680692e-09
     5	8.11307211828e-09
     6	7.15875144414e-09
     7	1.36319680099e-08
     8	1.14456942158e-08
     9	1.00397866861e-08

Measurement: edge100_ro39
  step	V(ro39_out)={VTHRESH} 
     1	6.86333708345e-09
     2	5.94717716055e-09
     3	5.33722537557e-09
     4	9.26117567061e-09
     5	7.90911053149e-09
     6	7.01827005341e-09
     7	1.30506780484e-08
     8	1.10743867281e-08
     9	9.77519688317e-09

Measurement: edge100_ro40
  step	V(ro40_out)={VTHRESH} 
     1	7.78031727942e-09
     2	6.5412294989e-09
     3	5.74894147372e-09
     4	1.09563804508e-08
     5	9.02867380919e-09
     6	7.82760093033e-09
     7	1.59206538437e-08
     8	1.30048123366e-08
     9	1.11947843884e-08

Measurement: edge100_ro41
  step	V(ro41_out)={VTHRESH} 
     1	7.49484870767e-09
     2	6.34630763191e-09
     3	5.63326577344e-09
     4	1.03718656104e-08
     5	8.64066150237e-09
     6	7.5471927714e-09
     7	1.48844583323e-08
     8	1.22990022258e-08
     9	1.06734591752e-08

Measurement: edge100_ro42
  step	V(ro42_out)={VTHRESH} 
     1	7.03192265321e-09
     2	6.04949198414e-09
     3	5.4065654355e-09
     4	9.60279338373e-09
     5	8.12645281872e-09
     6	7.17056588457e-09
     7	1.36344442254e-08
     8	1.14526106193e-08
     9	1.00469808434e-08

Measurement: edge100_ro43
  step	V(ro43_out)={VTHRESH} 
     1	7.98557530623e-09
     2	6.70352015084e-09
     3	5.88365767635e-09
     4	1.12493931636e-08
     5	9.25730602737e-09
     6	8.00635974599e-09
     7	1.63811793476e-08
     8	1.33718166709e-08
     9	1.14883119253e-08

Measurement: edge100_ro44
  step	V(ro44_out)={VTHRESH} 
     1	7.88648659891e-09
     2	6.61883719193e-09
     3	5.82116606548e-09
     4	1.10879674256e-08
     5	9.12576860929e-09
     6	7.90427091735e-09
     7	1.61013632471e-08
     8	1.31485453692e-08
     9	1.13096878817e-08

Measurement: edge100_ro45
  step	V(ro45_out)={VTHRESH} 
     1	7.23524872842e-09
     2	6.17195709256e-09
     3	5.5004372047e-09
     4	9.96475857434e-09
     5	8.360522687e-09
     6	7.34423203845e-09
     7	1.42322057868e-08
     8	1.18460241554e-08
     9	1.03341306898e-08

Measurement: edge100_ro46
  step	V(ro46_out)={VTHRESH} 
     1	7.33605970285e-09
     2	6.25595307799e-09
     3	5.54980403922e-09
     4	1.00817100978e-08
     5	8.45888133849e-09
     6	7.42174464129e-09
     7	1.44137654546e-08
     8	1.20040177444e-08
     9	1.04681059603e-08

Measurement: edge100_ro47
  step	V(ro47_out)={VTHRESH} 
     1	7.4038657922e-09
     2	6.30613044798e-09
     3	5.59478697615e-09
     4	1.02257204323e-08
     5	8.56109432735e-09
     6	7.49606372814e-09
     7	1.46641426373e-08
     8	1.21860415736e-08
     9	1.06043495622e-08

Measurement: edge100_ro48
  step	V(ro48_out)={VTHRESH} 
     1	7.54001308169e-09
     2	6.40271952124e-09
     3	5.67297084696e-09
     4	1.04599348986e-08
     5	8.7317470727e-09
     6	7.62613020242e-09
     7	1.50591568168e-08
     8	1.24779017958e-08
     9	1.08302035617e-08

Measurement: edge100_ro49
  step	V(ro49_out)={VTHRESH} 
     1	7.38665810879e-09
     2	6.29442140931e-09
     3	5.5836814103e-09
     4	1.02123542154e-08
     5	8.54950845909e-09
     6	7.48479755009e-09
     7	1.46606012312e-08
     8	1.21808990955e-08
     9	1.05973318184e-08

Measurement: edge100_ro50
  step	V(ro50_out)={VTHRESH} 
     1	7.37337520396e-09
     2	6.28507467644e-09
     3	5.57546213464e-09
     4	1.02047805832e-08
     5	8.53970467961e-09
     6	7.47906501672e-09
     7	1.46322305078e-08
     8	1.215185331e-08
     9	1.05753780243e-08

Measurement: edge100_ro51
  step	V(ro51_out)={VTHRESH} 
     1	7.73221586788e-09
     2	6.4948139705e-09
     3	5.73007211718e-09
     4	1.0810317851e-08
     5	8.89935527029e-09
     6	7.72174036101e-09
     7	1.56342134418e-08
     8	1.27584993499e-08
     9	1.09902135574e-08

Measurement: edge100_ro52
  step	V(ro52_out)={VTHRESH} 
     1	8.00315801957e-09
     2	6.67706464066e-09
     3	5.85050085763e-09
     4	1.1302499677e-08
     5	9.23265039459e-09
     6	7.96085136113e-09
     7	1.64686460997e-08
     8	1.33374674093e-08
     9	1.14204147779e-08

Measurement: edge100_ro53
  step	V(ro53_out)={VTHRESH} 
     1	7.27467159648e-09
     2	6.21620297188e-09
     3	5.53419032649e-09
     4	1.00325497525e-08
     5	8.42181823401e-09
     6	7.39179379489e-09
     7	1.43552463341e-08
     8	1.19563128387e-08
     9	1.04271545264e-08

Measurement: edge100_ro54
  step	V(ro54_out)={VTHRESH} 
     1	7.38896057272e-09
     2	6.29380097598e-09
     3	5.5711758315e-09
     4	1.02082845176e-08
     5	8.53275472393e-09
     6	7.46846400735e-09
     7	1.46372130583e-08
     8	1.21411089952e-08
     9	1.05593222827e-08

Measurement: edge100_ro55
  step	V(ro55_out)={VTHRESH} 
     1	7.42541590513e-09
     2	6.34435543818e-09
     3	5.61431314388e-09
     4	1.02599176132e-08
     5	8.59713998693e-09
     6	7.52754070199e-09
     7	1.47287783202e-08
     8	1.22531464119e-08
     9	1.0662832063e-08

Measurement: edge100_ro56
  step	V(ro56_out)={VTHRESH} 
     1	7.26721302198e-09
     2	6.20612227213e-09
     3	5.52185190236e-09
     4	9.99436444067e-09
     5	8.38816452198e-09
     6	7.36263724559e-09
     7	1.42813440048e-08
     8	1.18922434555e-08
     9	1.03731272314e-08

Measurement: edge100_ro57
  step	V(ro57_out)={VTHRESH} 
     1	7.59091496409e-09
     2	6.48489185926e-09
     3	5.72817202147e-09
     4	1.05920915326e-08
     5	8.79033248979e-09
     6	7.7307112724e-09
     7	1.53055266708e-08
     8	1.2598715787e-08
     9	1.08965973345e-08

Measurement: edge100_ro58
  step	V(ro58_out)={VTHRESH} 
     1	7.73449461282e-09
     2	6.52086451332e-09
     3	5.75094770363e-09
     4	1.08082664025e-08
     5	8.95355535498e-09
     6	7.7825099876e-09
     7	1.56467350138e-08
     8	1.2859234454e-08
     9	1.1103646909e-08

Measurement: edge100_ro59
  step	V(ro59_out)={VTHRESH} 
     1	7.35090990202e-09
     2	6.26298004184e-09
     3	5.55915222984e-09
     4	1.01859784984e-08
     5	8.518549725e-09
     6	7.45689750734e-09
     7	1.46209974669e-08
     8	1.21312210752e-08
     9	1.05521601787e-08

Measurement: edge100_ro60
  step	V(ro60_out)={VTHRESH} 
     1	7.68655086324e-09
     2	6.4932981412e-09
     3	5.73851373678e-09
     4	1.07717536923e-08
     5	8.92580681513e-09
     6	7.7626538954e-09
     7	1.56004411419e-08
     8	1.28209529753e-08
     9	1.10756348805e-08

Measurement: edge100_ro61
  step	V(ro61_out)={VTHRESH} 
     1	7.02369606288e-09
     2	6.03308841125e-09
     3	5.39200896338e-09
     4	9.62035668516e-09
     5	8.11999237758e-09
     6	7.15959939895e-09
     7	1.36796995542e-08
     8	1.14568534277e-08
     9	1.00404044816e-08

Measurement: edge100_ro62
  step	V(ro62_out)={VTHRESH} 
     1	6.96082142959e-09
     2	6.00128448979e-09
     3	5.37422187788e-09
     4	9.48843807868e-09
     5	8.05205373437e-09
     6	7.11978960725e-09
     7	1.34497139065e-08
     8	1.13337431781e-08
     9	9.96208924727e-09

Measurement: edge100_ro63
  step	V(ro63_out)={VTHRESH} 
     1	7.39846526121e-09
     2	6.30262845047e-09
     3	5.59051804564e-09
     4	1.02375744112e-08
     5	8.56401267036e-09
     6	7.49696072116e-09
     7	1.46996769145e-08
     8	1.22013181127e-08
     9	1.06130392653e-08

Measurement: edge100_ro64
  step	V(ro64_out)={VTHRESH} 
     1	7.38593550523e-09
     2	6.27775401722e-09
     3	5.55460590243e-09
     4	1.02604341353e-08
     5	8.55862773756e-09
     6	7.48367773487e-09
     7	1.47477204659e-08
     8	1.2203099764e-08
     9	1.0599848866e-08

Measurement: edge100_ro65
  step	V(ro65_out)={VTHRESH} 
     1	7.39060891384e-09
     2	6.29228556384e-09
     3	5.57876942263e-09
     4	1.02359140956e-08
     5	8.55873324211e-09
     6	7.4889284967e-09
     7	1.47047355385e-08
     8	1.22004757238e-08
     9	1.06077085499e-08

Measurement: edge100_ro66
  step	V(ro66_out)={VTHRESH} 
     1	7.72369454991e-09
     2	6.51206264215e-09
     3	5.74939046047e-09
     4	1.07378412495e-08
     5	8.89814075388e-09
     6	7.73634282582e-09
     7	1.54938458104e-08
     8	1.27408770631e-08
     9	1.10096421579e-08

Measurement: edge100_ro67
  step	V(ro67_out)={VTHRESH} 
     1	7.48603092568e-09
     2	6.36583067217e-09
     3	5.64372740067e-09
     4	1.03696320669e-08
     5	8.66919913584e-09
     6	7.580022443e-09
     7	1.49031267374e-08
     8	1.23654820403e-08
     9	1.07450873518e-08

Measurement: edge100_ro68
  step	V(ro68_out)={VTHRESH} 
     1	7.43710309978e-09
     2	6.33617384257e-09
     3	5.61483285906e-09
     4	1.02888098457e-08
     5	8.60130145893e-09
     6	7.52579533137e-09
     7	1.47649275132e-08
     8	1.22514222429e-08
     9	1.06516683465e-08

Measurement: edge100_ro69
  step	V(ro69_out)={VTHRESH} 
     1	6.86719619467e-09
     2	5.92686017734e-09
     3	5.31013068379e-09
     4	9.30930720099e-09
     5	7.90235136477e-09
     6	6.99576203885e-09
     7	1.31512373085e-08
     8	1.10839297434e-08
     9	9.75575727505e-09

Measurement: edge100_ro70
  step	V(ro70_out)={VTHRESH} 
     1	7.54371481786e-09
     2	6.40000944351e-09
     3	5.66790127454e-09
     4	1.04941834765e-08
     5	8.74725620798e-09
     6	7.63436572051e-09
     7	1.51248653244e-08
     8	1.25108124295e-08
     9	1.08496348431e-08

Measurement: edge100_ro71
  step	V(ro71_out)={VTHRESH} 
     1	7.45706539896e-09
     2	6.34473803184e-09
     3	5.63208726241e-09
     4	1.02994921766e-08
     5	8.62624586034e-09
     6	7.54997009346e-09
     7	1.478239356e-08
     8	1.22909326345e-08
     9	1.06932364195e-08

Measurement: edge100_ro72
  step	V(ro72_out)={VTHRESH} 
     1	7.44975801178e-09
     2	6.32540772864e-09
     3	5.60072813101e-09
     4	1.02943365665e-08
     5	8.57326271676e-09
     6	7.48907143016e-09
     7	1.46238524674e-08
     8	1.21993446814e-08
     9	1.05859435445e-08

Measurement: edge100_ro73
  step	V(ro73_out)={VTHRESH} 
     1	7.88465846124e-09
     2	6.61436625298e-09
     3	5.81118093213e-09
     4	1.11065056735e-08
     5	9.12967464184e-09
     6	7.90300131922e-09
     7	1.61449077584e-08
     8	1.31603572051e-08
     9	1.13111690901e-08

Measurement: edge100_ro74
  step	V(ro74_out)={VTHRESH} 
     1	7.70727742178e-09
     2	6.50089252246e-09
     3	5.7463616369e-09
     4	1.07798969946e-08
     5	8.92645783935e-09
     6	7.76273172178e-09
     7	1.56054391312e-08
     8	1.28214168343e-08
     9	1.1072542382e-08

Measurement: edge100_ro75
  step	V(ro75_out)={VTHRESH} 
     1	6.92996988798e-09
     2	5.98765009533e-09
     3	5.36126510498e-09
     4	9.38299557345e-09
     5	7.9850244988e-09
     6	7.07159008994e-09
     7	1.32468779046e-08
     8	1.11962083645e-08
     9	9.86034766247e-09

Measurement: edge100_ro76
  step	V(ro76_out)={VTHRESH} 
     1	7.37375771579e-09
     2	6.27200330818e-09
     3	5.56677907621e-09
     4	1.02056065213e-08
     5	8.52405982628e-09
     6	7.45978669064e-09
     7	1.46385201898e-08
     8	1.21270481957e-08
     9	1.05437556931e-08

Measurement: edge100_ro77
  step	V(ro77_out)={VTHRESH} 
     1	7.50335808266e-09
     2	6.36861612789e-09
     3	5.6435560175e-09
     4	1.04088953708e-08
     5	8.6838583788e-09
     6	7.58556759886e-09
     7	1.49731742249e-08
     8	1.23955442538e-08
     9	1.07595077986e-08

Measurement: edge100_ro78
  step	V(ro78_out)={VTHRESH} 
     1	7.52500228069e-09
     2	6.35908860318e-09
     3	5.63180401006e-09
     4	1.04529657617e-08
     5	8.6816566477e-09
     6	7.57099606029e-09
     7	1.50549211441e-08
     8	1.23987259181e-08
     9	1.0739763453e-08

Measurement: edge100_ro79
  step	V(ro79_out)={VTHRESH} 
     1	7.70742361344e-09
     2	6.49673965103e-09
     3	5.73666652265e-09
     4	1.07703152798e-08
     5	8.91709853445e-09
     6	7.74935095838e-09
     7	1.55979668922e-08
     8	1.28085760302e-08
     9	1.10575300502e-08

Measurement: edge100_ro80
  step	V(ro80_out)={VTHRESH} 
     1	7.04427736866e-09
     2	6.06678587431e-09
     3	5.42583637218e-09
     4	9.57191393071e-09
     5	8.12275433654e-09
     6	7.17513369779e-09
     7	1.35696940456e-08
     8	1.14378821519e-08
     9	1.00488163662e-08

Measurement: edge100_ro81
  step	V(ro81_out)={VTHRESH} 
     1	7.62213957615e-09
     2	6.45141743352e-09
     3	5.70005756291e-09
     4	1.05790961577e-08
     5	8.79235969049e-09
     6	7.66016189404e-09
     7	1.52339691729e-08
     8	1.25638651136e-08
     9	1.087644293e-08

Measurement: edge100_ro82
  step	V(ro82_out)={VTHRESH} 
     1	7.40401070428e-09
     2	6.31251461061e-09
     3	5.60119070777e-09
     4	1.02344198874e-08
     5	8.57158709624e-09
     6	7.50630497572e-09
     7	1.46901650595e-08
     8	1.22108744832e-08
     9	1.06265550671e-08

Measurement: edge100_ro83
  step	V(ro83_out)={VTHRESH} 
     1	7.54291332112e-09
     2	6.39091165666e-09
     3	5.66082981618e-09
     4	1.04963105598e-08
     5	8.73781052647e-09
     6	7.62328444001e-09
     7	1.51330074609e-08
     8	1.24997712744e-08
     9	1.08354973932e-08

Measurement: edge100_ro84
  step	V(ro84_out)={VTHRESH} 
     1	7.50573963896e-09
     2	6.35329668939e-09
     3	5.63817460474e-09
     4	1.04375080761e-08
     5	8.69069961245e-09
     6	7.58740050938e-09
     7	1.50248460253e-08
     8	1.24104449319e-08
     9	1.0764071804e-08

Measurement: edge100_ro85
  step	V(ro85_out)={VTHRESH} 
     1	7.53090468607e-09
     2	6.38172645888e-09
     3	5.65348639679e-09
     4	1.04263598844e-08
     5	8.69788148723e-09
     6	7.59754149091e-09
     7	1.49906984216e-08
     8	1.24095737301e-08
     9	1.07716403276e-08

Measurement: edge100_ro86
  step	V(ro86_out)={VTHRESH} 
     1	7.35610625387e-09
     2	6.27315909595e-09
     3	5.56745074474e-09
     4	1.01497602852e-08
     5	8.50769428965e-09
     6	7.45506653142e-09
     7	1.45476297013e-08
     8	1.21042463606e-08
     9	1.05422336971e-08

Measurement: edge100_ro87
  step	V(ro87_out)={VTHRESH} 
     1	8.02506666067e-09
     2	6.72111210557e-09
     3	5.89365819617e-09
     4	1.13712604721e-08
     5	9.32868319075e-09
     6	8.05506002859e-09
     7	1.66070808924e-08
     8	1.35117795643e-08
     9	1.15866840594e-08

Measurement: edge100_ro88
  step	V(ro88_out)={VTHRESH} 
     1	8.20227114907e-09
     2	6.82595378049e-09
     3	5.96290641477e-09
     4	1.16915431171e-08
     5	9.52809516481e-09
     6	8.19599323356e-09
     7	1.7153327227e-08
     8	1.38605806394e-08
     9	1.18353890274e-08

Measurement: edge100_ro89
  step	V(ro89_out)={VTHRESH} 
     1	7.61352198803e-09
     2	6.43857324182e-09
     3	5.69292435888e-09
     4	1.06173050891e-08
     5	8.81452711118e-09
     6	7.67861765974e-09
     7	1.53180340536e-08
     8	1.26147714932e-08
     9	1.09164483185e-08

Measurement: edge100_ro90
  step	V(ro90_out)={VTHRESH} 
     1	7.67052408067e-09
     2	6.4828238986e-09
     3	5.72732104862e-09
     4	1.06966944786e-08
     5	8.87405923177e-09
     6	7.72437677567e-09
     7	1.54510415718e-08
     8	1.2717427696e-08
     9	1.09965253957e-08

Measurement: edge100_ro91
  step	V(ro91_out)={VTHRESH} 
     1	7.11914658549e-09
     2	6.11428266852e-09
     3	5.45546145312e-09
     4	9.70939840521e-09
     5	8.20941104566e-09
     6	7.23707175748e-09
     7	1.38041619795e-08
     8	1.15894309061e-08
     9	1.01565850513e-08

Measurement: edge100_ro92
  step	V(ro92_out)={VTHRESH} 
     1	7.3840658278e-09
     2	6.28713385327e-09
     3	5.57438003201e-09
     4	1.02296725629e-08
     5	8.55217112156e-09
     6	7.48567710747e-09
     7	1.46786995336e-08
     8	1.21789122046e-08
     9	1.05917305195e-08

Measurement: edge100_ro93
  step	V(ro93_out)={VTHRESH} 
     1	7.79690097537e-09
     2	6.54647098076e-09
     3	5.77222592256e-09
     4	1.09613063292e-08
     5	9.03896882781e-09
     6	7.83822825283e-09
     7	1.59119402079e-08
     8	1.30129013569e-08
     9	1.12069050157e-08

Measurement: edge100_ro94
  step	V(ro94_out)={VTHRESH} 
     1	7.61412609988e-09
     2	6.45127141612e-09
     3	5.69949175652e-09
     4	1.06141440357e-08
     5	8.82482292624e-09
     6	7.69083368943e-09
     7	1.53186944429e-08
     8	1.26379434299e-08
     9	1.09426901192e-08

Measurement: edge100_ro95
  step	V(ro95_out)={VTHRESH} 
     1	7.11426044354e-09
     2	6.11073823876e-09
     3	5.45291543289e-09
     4	9.73479286543e-09
     5	8.22672473931e-09
     6	7.24970552106e-09
     7	1.38609437593e-08
     8	1.16306472753e-08
     9	1.01889892016e-08

Measurement: edge100_ro96
  step	V(ro96_out)={VTHRESH} 
     1	7.73646828305e-09
     2	6.52257621055e-09
     3	5.74932865231e-09
     4	1.08120794914e-08
     5	8.95234125188e-09
     6	7.77790458727e-09
     7	1.56664342419e-08
     8	1.28677648977e-08
     9	1.1105512704e-08

Measurement: edge100_ro97
  step	V(ro97_out)={VTHRESH} 
     1	7.15087218155e-09
     2	6.14981274843e-09
     3	5.46875896991e-09
     4	9.77714183755e-09
     5	8.25089973081e-09
     6	7.26527564798e-09
     7	1.39136076793e-08
     8	1.16569068612e-08
     9	1.02037545106e-08

Measurement: edge100_ro98
  step	V(ro98_out)={VTHRESH} 
     1	7.13814346641e-09
     2	6.1063456483e-09
     3	5.44785202371e-09
     4	9.74114099576e-09
     5	8.20297456466e-09
     6	7.22320107174e-09
     7	1.38538232107e-08
     8	1.15762624831e-08
     9	1.01317228812e-08

Measurement: edge100_ro99
  step	V(ro99_out)={VTHRESH} 
     1	7.49297556372e-09
     2	6.35212275721e-09
     3	5.6330857813e-09
     4	1.04019039518e-08
     5	8.6717613614e-09
     6	7.57481850166e-09
     7	1.49678949773e-08
     8	1.23818823846e-08
     9	1.07468869096e-08

Measurement: edge100_ro100
  step	V(ro100_out)={VTHRESH} 
     1	7.3991547393e-09
     2	6.28381908091e-09
     3	5.56455366004e-09
     4	1.02853745366e-08
     5	8.57068147584e-09
     6	7.49066679378e-09
     7	1.48071921742e-08
     8	1.22354719065e-08
     9	1.06207168014e-08

Measurement: edge100_ro101
  step	V(ro101_out)={VTHRESH} 
     1	7.19007950278e-09
     2	6.15546279524e-09
     3	5.49002507378e-09
     4	9.87953435922e-09
     5	8.31721024779e-09
     6	7.31363750582e-09
     7	1.41020712256e-08
     8	1.17820250051e-08
     9	1.02974877698e-08

Measurement: edge100_ro102
  step	V(ro102_out)={VTHRESH} 
     1	7.54712970048e-09
     2	6.41380808683e-09
     3	5.67455166713e-09
     4	1.04891111681e-08
     5	8.74268616681e-09
     6	7.63065448338e-09
     7	1.51064063511e-08
     8	1.24947085029e-08
     9	1.08363982464e-08

Measurement: edge100_ro103
  step	V(ro103_out)={VTHRESH} 
     1	7.86761000481e-09
     2	6.61354195739e-09
     3	5.81555301356e-09
     4	1.10584864298e-08
     5	9.11492371021e-09
     6	7.8985922997e-09
     7	1.60561158726e-08
     8	1.31245087442e-08
     9	1.12965926807e-08

Measurement: edge100_ro104
  step	V(ro104_out)={VTHRESH} 
     1	6.88319924404e-09
     2	5.95118824586e-09
     3	5.33502526444e-09
     4	9.33277623506e-09
     5	7.93696403314e-09
     6	7.02838450029e-09
     7	1.3188146273e-08
     8	1.11377858507e-08
     9	9.80879215789e-09

Measurement: edge100_ro105
  step	V(ro105_out)={VTHRESH} 
     1	7.59357193265e-09
     2	6.43869943398e-09
     3	5.69840476452e-09
     4	1.05480879979e-08
     5	8.79086940141e-09
     6	7.66931898231e-09
     7	1.52036790903e-08
     8	1.25765746467e-08
     9	1.0903484722e-08

Measurement: edge100_ro106
  step	V(ro106_out)={VTHRESH} 
     1	7.31458269149e-09
     2	6.22831083511e-09
     3	5.54234485383e-09
     4	1.00914409523e-08
     5	8.45252207346e-09
     6	7.40958334374e-09
     7	1.44564482951e-08
     8	1.20154915027e-08
     9	1.04663413829e-08

Measurement: edge100_ro107
  step	V(ro107_out)={VTHRESH} 
     1	7.77234221982e-09
     2	6.54661251557e-09
     3	5.76100447006e-09
     4	1.0912176044e-08
     5	9.00666662905e-09
     6	7.81432147792e-09
     7	1.58266070502e-08
     8	1.29574674101e-08
     9	1.11660971894e-08

Measurement: edge100_ro108
  step	V(ro108_out)={VTHRESH} 
     1	7.46124590891e-09
     2	6.32167594718e-09
     3	5.58944127829e-09
     4	1.0377397729e-08
     5	8.61464221635e-09
     6	7.51910420645e-09
     7	1.49152777076e-08
     8	1.22804312256e-08
     9	1.06466381658e-08

Measurement: edge100_ro109
  step	V(ro109_out)={VTHRESH} 
     1	8.43931589992e-09
     2	6.94931721223e-09
     3	6.05518986942e-09
     4	1.21470169134e-08
     5	9.78977099723e-09
     6	8.36495914002e-09
     7	1.79132199063e-08
     8	1.43045063149e-08
     9	1.21314565885e-08

Measurement: edge100_ro110
  step	V(ro110_out)={VTHRESH} 
     1	7.10299564787e-09
     2	6.10914085843e-09
     3	5.45635391605e-09
     4	9.69268397222e-09
     5	8.20727845726e-09
     6	7.24008778185e-09
     7	1.377718522e-08
     8	1.15863557223e-08
     9	1.01625364975e-08

Measurement: edge100_ro111
  step	V(ro111_out)={VTHRESH} 
     1	7.31765550322e-09
     2	6.24284632703e-09
     3	5.54934924679e-09
     4	1.00609031246e-08
     5	8.45141072829e-09
     6	7.4155769024e-09
     7	1.43919483791e-08
     8	1.20014601115e-08
     9	1.04669788044e-08

Measurement: edge100_ro112
  step	V(ro112_out)={VTHRESH} 
     1	7.74401658287e-09
     2	6.54835704973e-09
     3	5.76616754079e-09
     4	1.08098412842e-08
     5	8.95493440397e-09
     6	7.78595443475e-09
     7	1.56261157377e-08
     8	1.2842849858e-08
     9	1.10927653565e-08

Measurement: edge100_ro113
  step	V(ro113_out)={VTHRESH} 
     1	7.27351281226e-09
     2	6.20017669586e-09
     3	5.51541729692e-09
     4	1.00473405079e-08
     5	8.40918524172e-09
     6	7.37132374331e-09
     7	1.4388842453e-08
     8	1.19435411879e-08
     9	1.04004125594e-08

Measurement: edge100_ro114
  step	V(ro114_out)={VTHRESH} 
     1	7.3122309937e-09
     2	6.23794447e-09
     3	5.54199670407e-09
     4	1.00511096375e-08
     5	8.42964832346e-09
     6	7.39223810618e-09
     7	1.43790715574e-08
     8	1.19646505531e-08
     9	1.04275241903e-08

Measurement: edge100_ro115
  step	V(ro115_out)={VTHRESH} 
     1	7.27183956794e-09
     2	6.21244524472e-09
     3	5.53010384267e-09
     4	1.00005374816e-08
     5	8.40321404306e-09
     6	7.37754198169e-09
     7	1.42970677614e-08
     8	1.19250200096e-08
     9	1.04074037529e-08

Measurement: edge100_ro116
  step	V(ro116_out)={VTHRESH} 
     1	7.37611475937e-09
     2	6.26334209578e-09
     3	5.55229162078e-09
     4	1.02695114886e-08
     5	8.53971665083e-09
     6	7.45981184315e-09
     7	1.47675205883e-08
     8	1.21741410422e-08
     9	1.0558883006e-08

Measurement: edge100_ro117
  step	V(ro117_out)={VTHRESH} 
     1	7.50219609027e-09
     2	6.35511845769e-09
     3	5.64617840613e-09
     4	1.03693099549e-08
     5	8.6581831881e-09
     6	7.56826089736e-09
     7	1.48820244305e-08
     8	1.23355455373e-08
     9	1.0717333975e-08

Measurement: edge100_ro118
  step	V(ro118_out)={VTHRESH} 
     1	7.14269522387e-09
     2	6.14647614684e-09
     3	5.47325547434e-09
     4	9.77370248403e-09
     5	8.24887851839e-09
     6	7.26642858824e-09
     7	1.3902825201e-08
     8	1.16501851779e-08
     9	1.02025368946e-08

Measurement: edge100_ro119
  step	V(ro119_out)={VTHRESH} 
     1	7.25245197103e-09
     2	6.19967793664e-09
     3	5.52143944253e-09
     4	9.96590859989e-09
     5	8.37672606168e-09
     6	7.3595549409e-09
     7	1.42188887104e-08
     8	1.18635545496e-08
     9	1.03599781423e-08

Measurement: edge100_ro120
  step	V(ro120_out)={VTHRESH} 
     1	7.32953529595e-09
     2	6.23728811954e-09
     3	5.54248173319e-09
     4	1.00919904512e-08
     5	8.43548727798e-09
     6	7.39154220834e-09
     7	1.4410159922e-08
     8	1.1947690728e-08
     9	1.04018511431e-08

Measurement: edge100_ro121
  step	V(ro121_out)={VTHRESH} 
     1	7.03276822293e-09
     2	6.05262892394e-09
     3	5.41006835796e-09
     4	9.59131701406e-09
     5	8.12076780728e-09
     6	7.17042062323e-09
     7	1.36011393061e-08
     8	1.1433509945e-08
     9	1.0037961615e-08

Measurement: edge100_ro122
  step	V(ro122_out)={VTHRESH} 
     1	7.55904442869e-09
     2	6.39977166403e-09
     3	5.66265655964e-09
     4	1.05286544217e-08
     5	8.74765689845e-09
     6	7.6255036904e-09
     7	1.51832148041e-08
     8	1.25127208026e-08
     9	1.08344372218e-08

Measurement: edge100_ro123
  step	V(ro123_out)={VTHRESH} 
     1	7.60076963492e-09
     2	6.43693588743e-09
     3	5.69839588294e-09
     4	1.06025759678e-08
     5	8.82202649231e-09
     6	7.69126900173e-09
     7	1.53095735144e-08
     8	1.26413001758e-08
     9	1.09507844371e-08

Measurement: edge100_ro124
  step	V(ro124_out)={VTHRESH} 
     1	7.95863340533e-09
     2	6.66919481061e-09
     3	5.85445071296e-09
     4	1.12397026826e-08
     5	9.22272894985e-09
     6	7.97088292502e-09
     7	1.6367504929e-08
     8	1.33190139721e-08
     9	1.14314434119e-08

Measurement: edge100_ro125
  step	V(ro125_out)={VTHRESH} 
     1	7.33893869642e-09
     2	6.25430448235e-09
     3	5.55794085785e-09
     4	1.01468797977e-08
     5	8.49560200759e-09
     6	7.44201614489e-09
     7	1.45603232222e-08
     8	1.20962045085e-08
     9	1.05288907916e-08

Measurement: edge100_ro126
  step	V(ro126_out)={VTHRESH} 
     1	7.79963662935e-09
     2	6.56846781886e-09
     3	5.79294533568e-09
     4	1.0939305545e-08
     5	9.05116267262e-09
     6	7.85755334255e-09
     7	1.58803816847e-08
     8	1.30356498767e-08
     9	1.12419996865e-08

Measurement: edge100_ro127
  step	V(ro127_out)={VTHRESH} 
     1	7.38593423613e-09
     2	6.28339393845e-09
     3	5.57307090551e-09
     4	1.02134222225e-08
     5	8.53596263227e-09
     6	7.46954827302e-09
     7	1.46531599084e-08
     8	1.21524534908e-08
     9	1.05661954228e-08
