LTspice 26.0.2 for Windows
Circuit: C:\Users\JUST\Documents\LTspice\RO_PUF_PVT_100\chip_044_PVT.net
Start Time: Mon Jul 20 01:13:10 2026
Options:plotwinsize=0 numdgt=10 reltol=1e-4 abstol=1e-12 vntol=1e-6 reltol=0.003 vntol=1m abstol=1e-10 gmin=1e-10 threads=1

.step vddval=0.9 temp=-20°
solver = Normal
Maximum thread count: 1
tnom = 27
temp = -20
method = trap
gmin = 1e-10
abstol = 1e-10
reltol = 0.003
volttol = 0.001
Per .tran options, skipping operating point for transient analysis.

.step vddval=1 temp=-20°

.step vddval=1.1 temp=-20°

.step vddval=0.9 temp=25°

.step vddval=1 temp=25°

.step vddval=1.1 temp=25°

.step vddval=0.9 temp=80°

.step vddval=1 temp=80°

.step vddval=1.1 temp=80°
Total elapsed time: 1847.483 seconds.

Files loaded:
C:\Users\JUST\Documents\LTspice\RO_PUF_PVT_100\chip_044_PVT.net
C:\Users\JUST\Documents\LTspice\RO_PUF_PVT_100\45nm_HP.pm
C:\Users\JUST\Documents\LTspice\RO_PUF_PVT_100\chip_044_mismatch.inc


Measurement: t_ro0
  step	t_ro0	FROM	TO
     1	5.89023191364e-09	1.41691018654e-09	7.30714210018e-09
     2	5.03172052733e-09	1.20783471684e-09	6.23955524417e-09
     3	4.479997165e-09	1.07264843308e-09	5.55264559808e-09
     4	8.09487306089e-09	1.94859046436e-09	1.00434635252e-08
     5	6.80033262852e-09	1.6339534555e-09	8.43428608402e-09
     6	5.96842921277e-09	1.43184687733e-09	7.40027609011e-09
     7	1.15672496332e-08	2.78536221083e-09	1.4352611844e-08
     8	9.64648913226e-09	2.3189936329e-09	1.19654827652e-08
     9	8.41576687501e-09	2.02046530839e-09	1.04362321834e-08

Measurement: t_ro1
  step	t_ro1	FROM	TO
     1	6.08000267653e-09	1.46509856363e-09	7.54510124016e-09
     2	5.15673061787e-09	1.2399042332e-09	6.39663485107e-09
     3	4.56914467831e-09	1.09788803565e-09	5.66703271397e-09
     4	8.48724867241e-09	2.04500031076e-09	1.05322489832e-08
     5	7.05928983262e-09	1.69915740437e-09	8.75844723699e-09
     6	6.15785628862e-09	1.48105590894e-09	7.63891219756e-09
     7	1.22346723323e-08	2.94997983846e-09	1.51846521708e-08
     8	1.00972656074e-08	2.43220256487e-09	1.25294681723e-08
     9	8.75035792482e-09	2.10640967458e-09	1.08567675994e-08

Measurement: t_ro2
  step	t_ro2	FROM	TO
     1	6.01351376126e-09	1.43900455681e-09	7.45251831807e-09
     2	5.11999481286e-09	1.2227313557e-09	6.34272616855e-09
     3	4.52779504997e-09	1.08232235409e-09	5.61011740405e-09
     4	8.32699345701e-09	1.9916350326e-09	1.03186284896e-08
     5	6.94653231871e-09	1.66066919156e-09	8.60720151027e-09
     6	6.07277361574e-09	1.45131432855e-09	7.52408794429e-09
     7	1.19602779231e-08	2.85944142041e-09	1.48197193435e-08
     8	9.89733227984e-09	2.36529463059e-09	1.22626269104e-08
     9	8.59633865219e-09	2.05365148264e-09	1.06499901348e-08

Measurement: t_ro3
  step	t_ro3	FROM	TO
     1	5.68787526955e-09	1.3665663648e-09	7.05444163435e-09
     2	4.89397606589e-09	1.17479448947e-09	6.06877055536e-09
     3	4.37317526312e-09	1.04939245005e-09	5.42256771317e-09
     4	7.76438013187e-09	1.86597602296e-09	9.63035615483e-09
     5	6.56928725141e-09	1.5773719723e-09	8.14665922371e-09
     6	5.79756498796e-09	1.39152970788e-09	7.18909469584e-09
     7	1.1020152611e-08	2.64841863543e-09	1.36685712464e-08
     8	9.25590429926e-09	2.22255868196e-09	1.14784629812e-08
     9	8.11970236034e-09	1.94899754676e-09	1.00686999071e-08

Measurement: t_ro4
  step	t_ro4	FROM	TO
     1	5.86994437887e-09	1.41003254835e-09	7.27997692721e-09
     2	5.0019628436e-09	1.20040546207e-09	6.20236830567e-09
     3	4.44554625914e-09	1.06614040043e-09	5.51168665956e-09
     4	8.1133778345e-09	1.94983453188e-09	1.00632123664e-08
     5	6.78527745024e-09	1.62902698358e-09	8.41430443382e-09
     6	5.94589616932e-09	1.42652223841e-09	7.37241840773e-09
     7	1.16244969704e-08	2.79417320701e-09	1.44186701774e-08
     8	9.64080889282e-09	2.31516081301e-09	1.19559697058e-08
     9	8.39184737716e-09	2.01388458013e-09	1.04057319573e-08

Measurement: t_ro5
  step	t_ro5	FROM	TO
     1	6.24026126883e-09	1.50204755777e-09	7.74230882661e-09
     2	5.25786765259e-09	1.26377922283e-09	6.52164687542e-09
     3	4.63999505698e-09	1.11411603239e-09	5.75411108937e-09
     4	8.78279975736e-09	2.11420813663e-09	1.0897007894e-08
     5	7.2411907128e-09	1.74220382983e-09	8.98339454263e-09
     6	6.28274483183e-09	1.51155063435e-09	7.79429546617e-09
     7	1.27398075624e-08	3.06803595301e-09	1.58078435154e-08
     8	1.04151611463e-08	2.50701665882e-09	1.29221778051e-08
     9	8.97428449683e-09	2.16022753317e-09	1.113451203e-08

Measurement: t_ro6
  step	t_ro6	FROM	TO
     1	5.9200003151e-09	1.42094117245e-09	7.34094148755e-09
     2	5.04120455551e-09	1.20847108897e-09	6.24967564448e-09
     3	4.48000289004e-09	1.07347641114e-09	5.55347930118e-09
     4	8.16476525048e-09	1.96077826856e-09	1.0125543519e-08
     5	6.84678123696e-09	1.64177807879e-09	8.48855931575e-09
     6	6.00300463415e-09	1.43793405844e-09	7.44093869259e-09
     7	1.17061297848e-08	2.81167145609e-09	1.45178012409e-08
     8	9.74196925853e-09	2.3361599464e-09	1.20781292049e-08
     9	8.48820233286e-09	2.03330599146e-09	1.05215083243e-08

Measurement: t_ro7
  step	t_ro7	FROM	TO
     1	6.06514455621e-09	1.45319747072e-09	7.51834202693e-09
     2	5.13763981867e-09	1.23020540178e-09	6.36784522045e-09
     3	4.55982028804e-09	1.09146873169e-09	5.65128901973e-09
     4	8.39297313243e-09	2.01122984034e-09	1.04042029728e-08
     5	7.0077883741e-09	1.67765745565e-09	8.68544582975e-09
     6	6.12309662612e-09	1.46531592651e-09	7.58841255263e-09
     7	1.20674565519e-08	2.89106891654e-09	1.49585254685e-08
     8	1.00005855977e-08	2.39366884599e-09	1.23942544437e-08
     9	8.68442629984e-09	2.07763148161e-09	1.07620577815e-08

Measurement: t_ro8
  step	t_ro8	FROM	TO
     1	5.97581014049e-09	1.43460052585e-09	7.41041066634e-09
     2	5.08621727253e-09	1.2201004066e-09	6.30631767913e-09
     3	4.51341761487e-09	1.08265513444e-09	5.59607274932e-09
     4	8.24490113957e-09	1.97979392932e-09	1.02246950689e-08
     5	6.89655664813e-09	1.65446874347e-09	8.5510253916e-09
     6	6.03870363735e-09	1.44841301085e-09	7.4871166482e-09
     7	1.1815415215e-08	2.83730530378e-09	1.46527205188e-08
     8	9.80846245463e-09	2.35311730783e-09	1.21615797625e-08
     9	8.53357550606e-09	2.04660867866e-09	1.05801841847e-08

Measurement: t_ro9
  step	t_ro9	FROM	TO
     1	5.82284865748e-09	1.40092874831e-09	7.2237774058e-09
     2	4.98351486693e-09	1.19661766446e-09	6.1801325314e-09
     3	4.44110100855e-09	1.06519129949e-09	5.50629230804e-09
     4	8.00419998693e-09	1.92745379548e-09	9.93165378241e-09
     5	6.7416222994e-09	1.620384245e-09	8.3620065444e-09
     6	5.92659377708e-09	1.42263335122e-09	7.3492271283e-09
     7	1.14309712261e-08	2.75383544992e-09	1.41848066761e-08
     8	9.55699486089e-09	2.29838111598e-09	1.18553759769e-08
     9	8.35180648885e-09	2.00607274198e-09	1.03578792308e-08

Measurement: t_ro10
  step	t_ro10	FROM	TO
     1	5.87454214567e-09	1.41032116667e-09	7.28486331234e-09
     2	5.02141939839e-09	1.20418355637e-09	6.22560295477e-09
     3	4.47263359075e-09	1.07169707372e-09	5.54433066448e-09
     4	8.06969171418e-09	1.93822032954e-09	1.00079120437e-08
     5	6.79223941931e-09	1.62952043638e-09	8.42175985569e-09
     6	5.96603161835e-09	1.4301082023e-09	7.39613982065e-09
     7	1.15383674536e-08	2.77158490147e-09	1.43099523551e-08
     8	9.64341823507e-09	2.31391898035e-09	1.19573372154e-08
     9	8.42050118367e-09	2.01880981634e-09	1.0439311e-08

Measurement: t_ro11
  step	t_ro11	FROM	TO
     1	5.87728660948e-09	1.40884207795e-09	7.28612868743e-09
     2	5.02867823188e-09	1.20428019804e-09	6.23295842992e-09
     3	4.47257576066e-09	1.07078947258e-09	5.54336523324e-09
     4	8.04780040912e-09	1.92917941679e-09	9.97697982591e-09
     5	6.772234042e-09	1.62210101676e-09	8.39433505876e-09
     6	5.94888586845e-09	1.42412726051e-09	7.37301312896e-09
     7	1.14782360931e-08	2.75106795679e-09	1.42293040499e-08
     8	9.59163560312e-09	2.29710921535e-09	1.18887448185e-08
     9	8.3763409313e-09	2.0050485024e-09	1.03813894337e-08

Measurement: t_ro12
  step	t_ro12	FROM	TO
     1	6.04964079133e-09	1.45068472113e-09	7.50032551246e-09
     2	5.12932709591e-09	1.22767723087e-09	6.35700432678e-09
     3	4.54777865458e-09	1.08737001343e-09	5.63514866801e-09
     4	8.40542623595e-09	2.01634519175e-09	1.04217714277e-08
     5	7.00806861616e-09	1.67807697795e-09	8.68614559411e-09
     6	6.12079718498e-09	1.46390159756e-09	7.58469878254e-09
     7	1.21055709284e-08	2.90346173209e-09	1.50090326605e-08
     8	1.00139980925e-08	2.39779078172e-09	1.24117888743e-08
     9	8.68971446289e-09	2.07841483489e-09	1.07681292978e-08

Measurement: t_ro13
  step	t_ro13	FROM	TO
     1	6.03731814306e-09	1.44855499752e-09	7.48587314058e-09
     2	5.1260601047e-09	1.22699990898e-09	6.35306001368e-09
     3	4.54727018968e-09	1.08683202703e-09	5.63410221671e-09
     4	8.38426979183e-09	2.01258076851e-09	1.03968505603e-08
     5	6.99838206793e-09	1.67576816749e-09	8.67415023542e-09
     6	6.1158638644e-09	1.46235728291e-09	7.57822114732e-09
     7	1.20684369166e-08	2.89649924436e-09	1.49649361609e-08
     8	9.99397564829e-09	2.39322549395e-09	1.23872011422e-08
     9	8.67754483658e-09	2.07522560588e-09	1.07527704425e-08

Measurement: t_ro14
  step	t_ro14	FROM	TO
     1	5.52901039169e-09	1.33102354578e-09	6.86003393747e-09
     2	4.79795251366e-09	1.15264185462e-09	5.95059436828e-09
     3	4.29998734811e-09	1.03306779672e-09	5.33305514483e-09
     4	7.45036989735e-09	1.79673670908e-09	9.24710660644e-09
     5	6.3601530331e-09	1.5312621582e-09	7.89141519131e-09
     6	5.64302781585e-09	1.35749425676e-09	7.00052207261e-09
     7	1.04914818731e-08	2.5325258707e-09	1.30240077438e-08
     8	8.89730913255e-09	2.14393678689e-09	1.10412459194e-08
     9	7.85197865163e-09	1.89048398564e-09	9.74246263727e-09

Measurement: t_ro15
  step	t_ro15	FROM	TO
     1	5.91999983464e-09	1.41664238886e-09	7.3366422235e-09
     2	5.04420744235e-09	1.20603790558e-09	6.25024534793e-09
     3	4.48988179412e-09	1.07260282392e-09	5.56248461805e-09
     4	8.10244300502e-09	1.94020521908e-09	1.00426482241e-08
     5	6.81639779937e-09	1.62984835159e-09	8.44624615096e-09
     6	5.98568187384e-09	1.42997275755e-09	7.41565463139e-09
     7	1.15729087215e-08	2.77063253732e-09	1.43435412588e-08
     8	9.66876292601e-09	2.31151290617e-09	1.19802758322e-08
     9	8.44129145089e-09	2.0162244208e-09	1.04575158717e-08

Measurement: t_ro16
  step	t_ro16	FROM	TO
     1	6.22230346128e-09	1.48582442388e-09	7.70812788515e-09
     2	5.24758077587e-09	1.25209644874e-09	6.49967722461e-09
     3	4.62971006682e-09	1.10410767467e-09	5.73381774149e-09
     4	8.69504772758e-09	2.0760342533e-09	1.07710819809e-08
     5	7.19953444911e-09	1.71682781123e-09	8.91636226034e-09
     6	6.25633784965e-09	1.49193120826e-09	7.74826905791e-09
     7	1.25799779677e-08	3.00229584766e-09	1.55822738154e-08
     8	1.03283896083e-08	2.46314742649e-09	1.27915370348e-08
     9	8.9167288311e-09	2.1256618837e-09	1.10423907148e-08

Measurement: t_ro17
  step	t_ro17	FROM	TO
     1	5.90459994013e-09	1.42091366742e-09	7.32551360754e-09
     2	5.04057493305e-09	1.2088626329e-09	6.24943756595e-09
     3	4.48598098105e-09	1.07276180472e-09	5.55874278578e-09
     4	8.11415546115e-09	1.95608512072e-09	1.00702405819e-08
     5	6.82069376954e-09	1.63899925658e-09	8.45969302612e-09
     6	5.98773239089e-09	1.43484416361e-09	7.4225765545e-09
     7	1.16005790493e-08	2.79836732568e-09	1.4398946375e-08
     8	9.68097298734e-09	2.32863429669e-09	1.2009607284e-08
     9	8.447938123e-09	2.02746683951e-09	1.04754049625e-08

Measurement: t_ro18
  step	t_ro18	FROM	TO
     1	5.40751381752e-09	1.29464686701e-09	6.70216068454e-09
     2	4.71036323052e-09	1.12662634709e-09	5.83698957761e-09
     3	4.24257213531e-09	1.01429781412e-09	5.25686994944e-09
     4	7.2244180366e-09	1.73010641997e-09	8.95452445656e-09
     5	6.2068898099e-09	1.48493230242e-09	7.69182211232e-09
     6	5.53144086404e-09	1.32261324738e-09	6.85405411142e-09
     7	1.01004152577e-08	2.41886250504e-09	1.25192777627e-08
     8	8.62501332862e-09	2.06355515644e-09	1.06885684851e-08
     9	7.64822159103e-09	1.82889478181e-09	9.47711637285e-09

Measurement: t_ro19
  step	t_ro19	FROM	TO
     1	5.73727698665e-09	1.37726693798e-09	7.11454392463e-09
     2	4.94776195171e-09	1.18616694834e-09	6.13392890005e-09
     3	4.40786738157e-09	1.05550303778e-09	5.46337041935e-09
     4	7.79272546813e-09	1.87210043792e-09	9.66482590606e-09
     5	6.60574340861e-09	1.58440588617e-09	8.19014929478e-09
     6	5.83089253042e-09	1.39703191247e-09	7.2279244429e-09
     7	1.10484162605e-08	2.65474367145e-09	1.37031599319e-08
     8	9.3037521653e-09	2.23219915211e-09	1.15359513174e-08
     9	8.16716780977e-09	1.95760559285e-09	1.01247734026e-08

Measurement: t_ro20
  step	t_ro20	FROM	TO
     1	5.84842198591e-09	1.4173895679e-09	7.26581155381e-09
     2	5.00066062591e-09	1.20998103181e-09	6.21064165772e-09
     3	4.44973067793e-09	1.07549997192e-09	5.52523064985e-09
     4	8.06687136973e-09	1.95773080504e-09	1.00246021748e-08
     5	6.77489437897e-09	1.64130318454e-09	8.41619756351e-09
     6	5.94727724238e-09	1.43919414388e-09	7.38647138627e-09
     7	1.15468672113e-08	2.80445853458e-09	1.43513257459e-08
     8	9.62200683509e-09	2.33302835565e-09	1.19550351907e-08
     9	8.39304299848e-09	2.03285955403e-09	1.04259025525e-08

Measurement: t_ro21
  step	t_ro21	FROM	TO
     1	6.16520160381e-09	1.47999339893e-09	7.64519500274e-09
     2	5.21989923302e-09	1.2514203075e-09	6.47131954053e-09
     3	4.61482308651e-09	1.10557019283e-09	5.72039327934e-09
     4	8.57723308431e-09	2.05975592505e-09	1.06369890094e-08
     5	7.13383757479e-09	1.71075329597e-09	8.84459087076e-09
     6	6.21704776588e-09	1.48978238939e-09	7.70683015526e-09
     7	1.23696287233e-08	2.97043863059e-09	1.53400673539e-08
     8	1.02103039712e-08	2.44866877066e-09	1.26589727419e-08
     9	8.84176371499e-09	2.1187355399e-09	1.09604992549e-08

Measurement: t_ro22
  step	t_ro22	FROM	TO
     1	6.17759994584e-09	1.48180846138e-09	7.65940840721e-09
     2	5.22458361104e-09	1.25037185001e-09	6.47495546104e-09
     3	4.61697263408e-09	1.1037182151e-09	5.72069084919e-09
     4	8.62462321939e-09	2.06926493825e-09	1.06938881576e-08
     5	7.16285534571e-09	1.71409672795e-09	8.87695207366e-09
     6	6.24034304782e-09	1.4915690668e-09	7.73191211462e-09
     7	1.24562992113e-08	2.98740819523e-09	1.54437074065e-08
     8	1.02644877707e-08	2.45577623128e-09	1.2720264002e-08
     9	8.88092078458e-09	2.12215132812e-09	1.10030721127e-08

Measurement: t_ro23
  step	t_ro23	FROM	TO
     1	6.04496796344e-09	1.45227528498e-09	7.49724324842e-09
     2	5.12847366797e-09	1.2303304713e-09	6.35880413927e-09
     3	4.54953483228e-09	1.09016030352e-09	5.6396951358e-09
     4	8.36770283879e-09	2.01113125161e-09	1.03788340904e-08
     5	6.98584480367e-09	1.67668103782e-09	8.66252584149e-09
     6	6.10514427343e-09	1.46383600708e-09	7.56898028051e-09
     7	1.20204923989e-08	2.88946065062e-09	1.49099530495e-08
     8	9.96062067503e-09	2.39128712925e-09	1.23519078043e-08
     9	8.65136774241e-09	2.07502008807e-09	1.07263878305e-08

Measurement: t_ro24
  step	t_ro24	FROM	TO
     1	5.94600167467e-09	1.42441960209e-09	7.37042127676e-09
     2	5.06815680119e-09	1.21266123905e-09	6.28081804024e-09
     3	4.50454260925e-09	1.07729839541e-09	5.58184100466e-09
     4	8.19668477285e-09	1.96375152954e-09	1.01604363024e-08
     5	6.8725918908e-09	1.64428285692e-09	8.51687474772e-09
     6	6.02431308537e-09	1.44042261578e-09	7.46473570115e-09
     7	1.1736245102e-08	2.81129922245e-09	1.45475443245e-08
     8	9.76854568514e-09	2.33680777442e-09	1.21053534596e-08
     9	8.51133661006e-09	2.03466373587e-09	1.05460003459e-08

Measurement: t_ro25
  step	t_ro25	FROM	TO
     1	6.09385066349e-09	1.4711271866e-09	7.56497785009e-09
     2	5.17424074289e-09	1.2463729049e-09	6.4206136478e-09
     3	4.5800839563e-09	1.10201957111e-09	5.68210352741e-09
     4	8.46739139337e-09	2.04675962879e-09	1.05141510222e-08
     5	7.05531264289e-09	1.70136861908e-09	8.75668126197e-09
     6	6.15701476296e-09	1.48307667869e-09	7.64009144165e-09
     7	1.21912897537e-08	2.94791813676e-09	1.51392078905e-08
     8	1.00803180219e-08	2.43240047502e-09	1.25127184969e-08
     9	8.74080793418e-09	2.10680025709e-09	1.08476081913e-08

Measurement: t_ro26
  step	t_ro26	FROM	TO
     1	5.86199516345e-09	1.40928608113e-09	7.27128124458e-09
     2	5.00829278104e-09	1.20357655196e-09	6.211869333e-09
     3	4.46232775676e-09	1.07225743297e-09	5.53458518974e-09
     4	8.06541379325e-09	1.94007627755e-09	1.00054900708e-08
     5	6.77589994635e-09	1.62892613701e-09	8.40482608336e-09
     6	5.94903429155e-09	1.42992069804e-09	7.37895498959e-09
     7	1.15348211324e-08	2.77544908991e-09	1.43102702223e-08
     8	9.61652600484e-09	2.3126076611e-09	1.19291336659e-08
     9	8.39091151415e-09	2.01773379263e-09	1.04086453068e-08

Measurement: t_ro27
  step	t_ro27	FROM	TO
     1	6.46225739534e-09	1.55135356112e-09	8.01361095646e-09
     2	5.41326293371e-09	1.29639520103e-09	6.70965813474e-09
     3	4.74552820991e-09	1.13581303476e-09	5.88134124466e-09
     4	9.14416622687e-09	2.19538453431e-09	1.13395507612e-08
     5	7.50069396224e-09	1.79681321305e-09	9.29750717529e-09
     6	6.47802311547e-09	1.55028516273e-09	8.0283082782e-09
     7	1.33421058732e-08	3.20219884405e-09	1.65443047172e-08
     8	1.08519673886e-08	2.59930788465e-09	1.34512752733e-08
     9	9.30726875484e-09	2.22717933289e-09	1.15344480877e-08

Measurement: t_ro28
  step	t_ro28	FROM	TO
     1	5.96527085429e-09	1.43168327467e-09	7.39695412896e-09
     2	5.07712816839e-09	1.21620587032e-09	6.29333403871e-09
     3	4.50554529904e-09	1.07805236611e-09	5.58359766515e-09
     4	8.26789894589e-09	1.98503868133e-09	1.02529376272e-08
     5	6.91173690437e-09	1.65645411065e-09	8.56819101503e-09
     6	6.04898807001e-09	1.44783324762e-09	7.49682131763e-09
     7	1.18740577903e-08	2.85101828197e-09	1.47250760723e-08
     8	9.84957786241e-09	2.3609321742e-09	1.22105100366e-08
     9	8.56427483341e-09	2.05029063884e-09	1.06145654722e-08

Measurement: t_ro29
  step	t_ro29	FROM	TO
     1	6.40000254511e-09	1.53695769533e-09	7.93696024044e-09
     2	5.35749251576e-09	1.28402775296e-09	6.64152026871e-09
     3	4.70083482172e-09	1.12533810709e-09	5.82617292881e-09
     4	9.06394468727e-09	2.17726159146e-09	1.12412062787e-08
     5	7.43395672194e-09	1.78232481631e-09	9.21628153825e-09
     6	6.42450103072e-09	1.53810751544e-09	7.96260854616e-09
     7	1.32266611938e-08	3.17672111163e-09	1.64033823054e-08
     8	1.07522614232e-08	2.57789374355e-09	1.33301551667e-08
     9	9.22523050886e-09	2.20885622746e-09	1.14340867363e-08

Measurement: t_ro30
  step	t_ro30	FROM	TO
     1	6.00021707899e-09	1.44228212071e-09	7.44249919969e-09
     2	5.12000239424e-09	1.22807555106e-09	6.3480779453e-09
     3	4.53309905968e-09	1.0876951194e-09	5.62079417908e-09
     4	8.30800613412e-09	1.997807641e-09	1.03058137751e-08
     5	6.95002630964e-09	1.66968977644e-09	8.61971608608e-09
     6	6.08187235161e-09	1.46031991998e-09	7.54219227159e-09
     7	1.1937110717e-08	2.87130024034e-09	1.48084109573e-08
     8	9.91033888777e-09	2.38156179021e-09	1.2291900678e-08
     9	8.61878098922e-09	2.06991514224e-09	1.06886961315e-08

Measurement: t_ro31
  step	t_ro31	FROM	TO
     1	6.02665689185e-09	1.44848560161e-09	7.47514249347e-09
     2	5.12001220534e-09	1.22741726507e-09	6.34742947042e-09
     3	4.54426476222e-09	1.08777171746e-09	5.63203647967e-09
     4	8.33312722266e-09	2.00419022368e-09	1.03373174463e-08
     5	6.97050954439e-09	1.67249614778e-09	8.64300569218e-09
     6	6.09691029827e-09	1.46044688283e-09	7.5573571811e-09
     7	1.19686082264e-08	2.8789628206e-09	1.4847571047e-08
     8	9.93695218293e-09	2.38510588837e-09	1.23220580713e-08
     9	8.63855913751e-09	2.07035230053e-09	1.0708911438e-08

Measurement: t_ro32
  step	t_ro32	FROM	TO
     1	5.9326884693e-09	1.41952489588e-09	7.35221336518e-09
     2	5.06595303958e-09	1.2100084509e-09	6.27596149047e-09
     3	4.50193363777e-09	1.07431239398e-09	5.57624603175e-09
     4	8.17882202805e-09	1.95708759295e-09	1.0135909621e-08
     5	6.86735710824e-09	1.64021898661e-09	8.50757609486e-09
     6	6.0228272669e-09	1.43731716797e-09	7.46014443487e-09
     7	1.17149778517e-08	2.80211940524e-09	1.4517097257e-08
     8	9.76294697321e-09	2.33141266523e-09	1.20943596384e-08
     9	8.51015921613e-09	2.03049017344e-09	1.05406493896e-08

Measurement: t_ro33
  step	t_ro33	FROM	TO
     1	5.84891511557e-09	1.40549194157e-09	7.25440705714e-09
     2	5.0085890652e-09	1.19938674924e-09	6.20797581443e-09
     3	4.46367543742e-09	1.06719231216e-09	5.53086774958e-09
     4	8.01561722086e-09	1.92935863607e-09	9.94497585693e-09
     5	6.75231210676e-09	1.61910603675e-09	8.3714181435e-09
     6	5.93714951139e-09	1.42096620103e-09	7.35811571242e-09
     7	1.14279146919e-08	2.75245800608e-09	1.4180372698e-08
     8	9.55657821964e-09	2.29343281502e-09	1.18500110347e-08
     9	8.35290350286e-09	2.00096984113e-09	1.0353873344e-08

Measurement: t_ro34
  step	t_ro34	FROM	TO
     1	6.01183366205e-09	1.44574656754e-09	7.45758022959e-09
     2	5.11302255557e-09	1.22784548626e-09	6.34086804183e-09
     3	4.53076630287e-09	1.0864750541e-09	5.61724135697e-09
     4	8.35341823411e-09	2.0101179383e-09	1.03635361724e-08
     5	6.97627743846e-09	1.67661564783e-09	8.65289308628e-09
     6	6.09790179315e-09	1.46383967921e-09	7.56174147236e-09
     7	1.20294429011e-08	2.89568214471e-09	1.49251250458e-08
     8	9.96861034159e-09	2.39695582542e-09	1.2365566167e-08
     9	8.65753839705e-09	2.07978343636e-09	1.07373218334e-08

Measurement: t_ro35
  step	t_ro35	FROM	TO
     1	6.45416970265e-09	1.54430802802e-09	7.99847773066e-09
     2	5.4018693501e-09	1.29099174499e-09	6.69286109509e-09
     3	4.73137638765e-09	1.13065275814e-09	5.8620291458e-09
     4	9.05959409269e-09	2.16714998692e-09	1.12267440796e-08
     5	7.41635261376e-09	1.77272268896e-09	9.18907530272e-09
     6	6.40460019726e-09	1.53045614153e-09	7.93505633879e-09
     7	1.31485021021e-08	3.14435605447e-09	1.62928581565e-08
     8	1.06700499371e-08	2.55001628259e-09	1.32200662197e-08
     9	9.15043714977e-09	2.18600357806e-09	1.13364407278e-08

Measurement: t_ro36
  step	t_ro36	FROM	TO
     1	6.12044902411e-09	1.46790541586e-09	7.58835443997e-09
     2	5.18021051394e-09	1.24146666461e-09	6.42167717855e-09
     3	4.57952138556e-09	1.09672132515e-09	5.67624271071e-09
     4	8.53593955907e-09	2.04760820793e-09	1.0583547767e-08
     5	7.0841835749e-09	1.69794178051e-09	8.78212535541e-09
     6	6.17170901447e-09	1.47833595866e-09	7.65004497314e-09
     7	1.23101394233e-08	2.95291308456e-09	1.52630525079e-08
     8	1.01314382221e-08	2.42844947643e-09	1.25598876986e-08
     9	8.76691468368e-09	2.10022838066e-09	1.08671430643e-08

Measurement: t_ro37
  step	t_ro37	FROM	TO
     1	6.14078854964e-09	1.47189416605e-09	7.61268271569e-09
     2	5.19607451e-09	1.2437114015e-09	6.43978591149e-09
     3	4.59296451904e-09	1.09930656141e-09	5.69227108045e-09
     4	8.53800574896e-09	2.04601170433e-09	1.05840174533e-08
     5	7.08539242708e-09	1.69577510811e-09	8.78116753519e-09
     6	6.1730182825e-09	1.47743429546e-09	7.65045257795e-09
     7	1.22914015299e-08	2.94440465704e-09	1.52358061869e-08
     8	1.01157463757e-08	2.29364674872e-09	1.24093931244e-08
     9	8.75465256456e-09	2.09465312195e-09	1.08493056865e-08

Measurement: t_ro38
  step	t_ro38	FROM	TO
     1	6.00622780192e-09	1.44727560511e-09	7.45350340703e-09
     2	5.12000362008e-09	1.2320165506e-09	6.35202017068e-09
     3	4.53161874062e-09	1.09051362247e-09	5.6221323631e-09
     4	8.33044687641e-09	2.00907173273e-09	1.03395186091e-08
     5	6.96093235515e-09	1.67727336179e-09	8.63820571694e-09
     6	6.08732531568e-09	1.46598161939e-09	7.55330693507e-09
     7	1.19773791738e-08	2.89012650252e-09	1.48675056763e-08
     8	9.93042691934e-09	2.39392819689e-09	1.23243551162e-08
     9	8.62936210375e-09	2.07914253931e-09	1.07085046431e-08

Measurement: t_ro39
  step	t_ro39	FROM	TO
     1	5.77503287392e-09	1.39064914731e-09	7.16568202124e-09
     2	4.95999964413e-09	1.19414025577e-09	6.1541398999e-09
     3	4.4143779278e-09	1.06126065717e-09	5.47563858497e-09
     4	7.94472176027e-09	1.91525165782e-09	9.85997341809e-09
     5	6.68922022732e-09	1.61120677712e-09	8.30042700443e-09
     6	5.88483885826e-09	1.41632282977e-09	7.30116168803e-09
     7	1.13373907339e-08	2.73503601505e-09	1.40724267489e-08
     8	9.47513794848e-09	2.28384365445e-09	1.17589816029e-08
     9	8.28521649876e-09	1.99578350085e-09	1.02809999996e-08

Measurement: t_ro40
  step	t_ro40	FROM	TO
     1	6.21064645487e-09	1.48947605182e-09	7.70012250669e-09
     2	5.25066314199e-09	1.25730605607e-09	6.50796919806e-09
     3	4.6399954556e-09	1.10940095158e-09	5.74939640718e-09
     4	8.65697002284e-09	2.07633637978e-09	1.07333064026e-08
     5	7.18622828457e-09	1.72072364988e-09	8.90695193445e-09
     6	6.25228848129e-09	1.49528382449e-09	7.74757230578e-09
     7	1.25061715611e-08	2.99893635915e-09	1.55051079202e-08
     8	1.03007775661e-08	2.46654073222e-09	1.27673182983e-08
     9	8.9072311646e-09	2.13036164281e-09	1.10375928074e-08

Measurement: t_ro41
  step	t_ro41	FROM	TO
     1	6.09814874267e-09	1.45659005341e-09	7.55473879608e-09
     2	5.16163772966e-09	1.23187662271e-09	6.39351435237e-09
     3	4.56341766665e-09	1.08867066832e-09	5.65208833497e-09
     4	8.50313117971e-09	2.03013146908e-09	1.05332626488e-08
     5	7.06132430039e-09	1.68485959434e-09	8.74618389473e-09
     6	6.15191604259e-09	1.46737027118e-09	7.61928631377e-09
     7	1.22782514979e-08	2.93016310132e-09	1.52084145992e-08
     8	1.01129123267e-08	2.41205453441e-09	1.25249668611e-08
     9	8.75081318771e-09	2.08655579188e-09	1.08373689796e-08

Measurement: t_ro42
  step	t_ro42	FROM	TO
     1	5.74434702303e-09	1.36933872048e-09	7.11368574351e-09
     2	4.9340703675e-09	1.17582567246e-09	6.10989603996e-09
     3	4.4043362004e-09	1.04941968092e-09	5.45375588132e-09
     4	7.82463211154e-09	1.8603290687e-09	9.68496118024e-09
     5	6.61659587369e-09	1.57568114064e-09	8.19227701433e-09
     6	5.83331153869e-09	1.38898963931e-09	7.22230117801e-09
     7	1.11122082849e-08	2.62051941081e-09	1.37327276957e-08
     8	9.32974984684e-09	2.21870313359e-09	1.15484529804e-08
     9	8.17717490668e-09	1.94537816281e-09	1.01225530695e-08

Measurement: t_ro43
  step	t_ro43	FROM	TO
     1	5.63545421538e-09	1.34982639256e-09	6.98528060795e-09
     2	4.85969915224e-09	1.16229784096e-09	6.02199699321e-09
     3	4.34678673569e-09	1.038811145e-09	5.38559788069e-09
     4	7.6546521479e-09	1.83407701896e-09	9.48872916687e-09
     5	6.49816507698e-09	1.5546947364e-09	8.05285981338e-09
     6	5.74532959886e-09	1.37346667026e-09	7.11879626912e-09
     7	1.08371272163e-08	2.59640417402e-09	1.34335313904e-08
     8	9.13719952668e-09	2.18614709005e-09	1.13233466167e-08
     9	8.03256906587e-09	1.9202288518e-09	9.95279791767e-09

Measurement: t_ro44
  step	t_ro44	FROM	TO
     1	5.9572863216e-09	1.43746017516e-09	7.39474649676e-09
     2	5.07917703154e-09	1.22365512665e-09	6.30283215819e-09
     3	4.50541305883e-09	1.0840142618e-09	5.58942732063e-09
     4	8.2102364173e-09	1.98365886998e-09	1.01938952873e-08
     5	6.87997827614e-09	1.65839590443e-09	8.53837418057e-09
     6	6.02136343561e-09	1.45053733273e-09	7.47190076834e-09
     7	1.17511384217e-08	2.84116550843e-09	1.45923039302e-08
     8	9.76368176969e-09	2.35691735537e-09	1.21205991251e-08
     9	8.50045684886e-09	2.04983219744e-09	1.05502890463e-08

Measurement: t_ro45
  step	t_ro45	FROM	TO
     1	6.44569036731e-09	1.54923134097e-09	7.99492170827e-09
     2	5.40213829052e-09	1.29610837511e-09	6.69824666563e-09
     3	4.7436167691e-09	1.13618264424e-09	5.87979941334e-09
     4	9.11974677788e-09	2.19277243789e-09	1.13125192158e-08
     5	7.49207873539e-09	1.79869081246e-09	9.29076954785e-09
     6	6.4749438312e-09	1.55246015291e-09	8.02740398411e-09
     7	1.3310693077e-08	3.20105566315e-09	1.65117487402e-08
     8	1.08425392917e-08	2.6038503134e-09	1.34463896051e-08
     9	9.30602621431e-09	2.23242616081e-09	1.15384523751e-08

Measurement: t_ro46
  step	t_ro46	FROM	TO
     1	6.00982066865e-09	1.44254565942e-09	7.45236632807e-09
     2	5.11999650815e-09	1.22672225929e-09	6.34671876744e-09
     3	4.52608836732e-09	1.08501103029e-09	5.61109939761e-09
     4	8.33061857247e-09	1.99990835142e-09	1.03305269239e-08
     5	6.95434224926e-09	1.6682235396e-09	8.62256578887e-09
     6	6.08021479878e-09	1.45810612736e-09	7.53832092614e-09
     7	1.19765960113e-08	2.87499280868e-09	1.48515888199e-08
     8	9.92183170017e-09	2.38002903112e-09	1.23018607313e-08
     9	8.61880387509e-09	2.06639814244e-09	1.06852020175e-08

Measurement: t_ro47
  step	t_ro47	FROM	TO
     1	5.78451141128e-09	1.38499544849e-09	7.16950685976e-09
     2	4.95972876066e-09	1.18608233899e-09	6.14581109966e-09
     3	4.41695028779e-09	1.05754119723e-09	5.47449148502e-09
     4	7.93679463716e-09	1.90042576584e-09	9.837220403e-09
     5	6.68580590734e-09	1.60034450071e-09	8.28615040805e-09
     6	5.88176638797e-09	1.40799600556e-09	7.28976239353e-09
     7	1.13183003594e-08	2.70925683922e-09	1.40275571987e-08
     8	9.46411904249e-09	2.26478749693e-09	1.17289065394e-08
     9	8.27586617714e-09	1.98074017919e-09	1.02566063563e-08

Measurement: t_ro48
  step	t_ro48	FROM	TO
     1	6.48579720538e-09	1.55746418054e-09	8.04326138592e-09
     2	5.43999770995e-09	1.30222500441e-09	6.74222271437e-09
     3	4.76081455157e-09	1.13970058715e-09	5.90051513872e-09
     4	9.18764485123e-09	2.20611519164e-09	1.13937600429e-08
     5	7.53526368862e-09	1.80596031703e-09	9.34122400565e-09
     6	6.50727290772e-09	1.55788860063e-09	8.06516150834e-09
     7	1.34158728364e-08	3.22000386732e-09	1.66358767037e-08
     8	1.09121053592e-08	2.61495516795e-09	1.35270605271e-08
     9	9.35717418973e-09	2.23994172166e-09	1.15971159114e-08

Measurement: t_ro49
  step	t_ro49	FROM	TO
     1	5.56238288355e-09	1.33346365697e-09	6.89584654053e-09
     2	4.81182891094e-09	1.15235955828e-09	5.96418846922e-09
     3	4.32000753097e-09	1.03421717818e-09	5.35422470915e-09
     4	7.50546440318e-09	1.79973695301e-09	9.30520135619e-09
     5	6.39999390106e-09	1.53261469424e-09	7.9326085953e-09
     6	5.67571698893e-09	1.35851018418e-09	7.03422717311e-09
     7	1.05689607159e-08	2.5343018756e-09	1.31032625915e-08
     8	8.9542310342e-09	2.14443887355e-09	1.10986699078e-08
     9	7.89847332014e-09	1.8905242414e-09	9.78899756154e-09

Measurement: t_ro50
  step	t_ro50	FROM	TO
     1	5.95382430145e-09	1.43249665072e-09	7.38632095217e-09
     2	5.06923439638e-09	1.21770365904e-09	6.28693805542e-09
     3	4.49819398111e-09	1.07939762096e-09	5.57759160207e-09
     4	8.23895243129e-09	1.98388680043e-09	1.02228392317e-08
     5	6.88954133983e-09	1.65615225714e-09	8.54569359697e-09
     6	6.03012862244e-09	1.44805824383e-09	7.47818686627e-09
     7	1.18235316858e-08	2.84802900781e-09	1.46715606936e-08
     8	9.80966739533e-09	2.35934938052e-09	1.21690167758e-08
     9	8.53120178403e-09	2.04972344046e-09	1.05809252245e-08

Measurement: t_ro51
  step	t_ro51	FROM	TO
     1	5.80185307661e-09	1.39877977891e-09	7.20063285552e-09
     2	4.97314937465e-09	1.19733383854e-09	6.17048321319e-09
     3	4.43340742844e-09	1.06670215809e-09	5.50010958653e-09
     4	7.95711473718e-09	1.92116410595e-09	9.87827884313e-09
     5	6.71056115552e-09	1.61786383383e-09	8.32842498936e-09
     6	5.90522360679e-09	1.42235820429e-09	7.32758181108e-09
     7	1.13457296252e-08	2.7412673568e-09	1.4086996982e-08
     8	9.5001879613e-09	2.29208917027e-09	1.17922771316e-08
     9	8.31033731416e-09	2.00348307881e-09	1.0313820393e-08

Measurement: t_ro52
  step	t_ro52	FROM	TO
     1	5.5798190783e-09	1.33411969363e-09	6.91393877194e-09
     2	4.81734679145e-09	1.15081894535e-09	5.9681657368e-09
     3	4.32000971997e-09	1.03130706484e-09	5.35131678481e-09
     4	7.55551971703e-09	1.80603476535e-09	9.36155448238e-09
     5	6.42990826616e-09	1.53579103234e-09	7.96569929851e-09
     6	5.69576100653e-09	1.35999790902e-09	7.05575891555e-09
     7	1.06732882603e-08	2.55053348676e-09	1.32238217471e-08
     8	9.02169596383e-09	2.15413071734e-09	1.11758266812e-08
     9	7.94719277527e-09	1.89693410581e-09	9.84412688108e-09

Measurement: t_ro53
  step	t_ro53	FROM	TO
     1	5.61318900371e-09	1.34935519323e-09	6.96254419693e-09
     2	4.84785766383e-09	1.16327571005e-09	6.01113337388e-09
     3	4.34426796797e-09	1.04123844442e-09	5.3855064124e-09
     4	7.61981681389e-09	1.83283510307e-09	9.45265191696e-09
     5	6.48094642686e-09	1.55618917752e-09	8.03713560438e-09
     6	5.73600533043e-09	1.37580437858e-09	7.11180970901e-09
     7	1.0777439437e-08	2.59347105611e-09	1.33709104931e-08
     8	9.10586628172e-09	2.18760450946e-09	1.12934707912e-08
     9	8.01477236887e-09	1.923356442e-09	9.93812881087e-09

Measurement: t_ro54
  step	t_ro54	FROM	TO
     1	6.25236419918e-09	1.50791626372e-09	7.7602804629e-09
     2	5.28000054814e-09	1.27260222617e-09	6.55260277431e-09
     3	4.64000688781e-09	1.11800567173e-09	5.75801255954e-09
     4	8.76728684066e-09	2.11771633065e-09	1.08850031713e-08
     5	7.25021535218e-09	1.74968802173e-09	8.99990337391e-09
     6	6.29521144708e-09	1.51843473531e-09	7.8136461824e-09
     7	1.27135003361e-08	3.07408844713e-09	1.57875887832e-08
     8	1.04285482463e-08	2.51892982206e-09	1.29474780683e-08
     9	8.99457304713e-09	2.17126028157e-09	1.11658333287e-08

Measurement: t_ro55
  step	t_ro55	FROM	TO
     1	6.13940817683e-09	1.46580657557e-09	7.6052147524e-09
     2	5.19251134166e-09	1.2390382331e-09	6.43154957476e-09
     3	4.58855209884e-09	1.09479988115e-09	5.68335197999e-09
     4	8.55930810704e-09	2.04314194484e-09	1.06024500519e-08
     5	7.10086288405e-09	1.69414538753e-09	8.79500827159e-09
     6	6.18371571269e-09	1.47498297449e-09	7.65869868718e-09
     7	1.2342545799e-08	2.94534890531e-09	1.52878947043e-08
     8	1.01545314285e-08	2.42203490183e-09	1.25765663303e-08
     9	8.78342707457e-09	2.0944329732e-09	1.08778600478e-08

Measurement: t_ro56
  step	t_ro56	FROM	TO
     1	5.5246957744e-09	1.32568470649e-09	6.85038048089e-09
     2	4.80000663299e-09	1.14982431585e-09	5.94983094884e-09
     3	4.28787708415e-09	1.02648997998e-09	5.31436706413e-09
     4	7.50531534957e-09	1.80187038474e-09	9.30718573431e-09
     5	6.38805936075e-09	1.53201189621e-09	7.92007125696e-09
     6	5.66129780186e-09	1.35639572655e-09	7.01769352841e-09
     7	1.06088354895e-08	2.54756055836e-09	1.31563960479e-08
     8	8.96525906051e-09	2.15092008423e-09	1.11161791447e-08
     9	7.89971661958e-09	1.89392967541e-09	9.79364629499e-09

Measurement: t_ro57
  step	t_ro57	FROM	TO
     1	5.83988270148e-09	1.39799796682e-09	7.2378806683e-09
     2	4.98810847591e-09	1.19235156655e-09	6.18046004247e-09
     3	4.44724984362e-09	1.06188910954e-09	5.50913895316e-09
     4	8.05288458314e-09	1.92755523855e-09	9.98043982169e-09
     5	6.76259320324e-09	1.61627456606e-09	8.3788677693e-09
     6	5.93796455862e-09	1.41790425769e-09	7.35586881631e-09
     7	1.15173463772e-08	2.75619221633e-09	1.42735385935e-08
     8	9.59659933437e-09	2.29349065731e-09	1.18900899917e-08
     9	8.3731948897e-09	1.99919882733e-09	1.0372393717e-08

Measurement: t_ro58
  step	t_ro58	FROM	TO
     1	6.08000168308e-09	1.45762292101e-09	7.53762460408e-09
     2	5.15993772159e-09	1.23572574764e-09	6.39566346924e-09
     3	4.57148356526e-09	1.09360336948e-09	5.66508693474e-09
     4	8.46514023035e-09	2.03004034048e-09	1.04951805708e-08
     5	7.05690217331e-09	1.69022629202e-09	8.74712846533e-09
     6	6.16022543797e-09	1.47397718348e-09	7.63420262145e-09
     7	1.22007888629e-08	2.92556873095e-09	1.51263575939e-08
     8	1.00938722865e-08	2.417675858e-09	1.25115481445e-08
     9	8.75552413354e-09	2.09504056604e-09	1.08505646996e-08

Measurement: t_ro59
  step	t_ro59	FROM	TO
     1	5.8617825906e-09	1.40196591868e-09	7.26374850929e-09
     2	5.01225267589e-09	1.1976673321e-09	6.20992000799e-09
     3	4.45806254516e-09	1.06442819106e-09	5.52249073622e-09
     4	8.01770421849e-09	1.91748329044e-09	9.93518750893e-09
     5	6.74019915598e-09	1.61031896179e-09	8.35051811777e-09
     6	5.92015207728e-09	1.41374137212e-09	7.3338934494e-09
     7	1.14235466137e-08	2.73136811793e-09	1.41549147317e-08
     8	9.53295685261e-09	2.27743279604e-09	1.18103896486e-08
     9	8.32372575235e-09	1.98719195058e-09	1.03109177029e-08

Measurement: t_ro60
  step	t_ro60	FROM	TO
     1	6.28635642615e-09	1.51179140668e-09	7.79814783284e-09
     2	5.2970669663e-09	1.27114402404e-09	6.56821099034e-09
     3	4.66482341656e-09	1.11717298769e-09	5.78199640425e-09
     4	8.83291434935e-09	2.12535914622e-09	1.09582734956e-08
     5	7.30476070941e-09	1.75399802938e-09	9.05875873879e-09
     6	6.34178021896e-09	1.52030732576e-09	7.86208754473e-09
     7	1.28300679914e-08	3.08749973233e-09	1.59175677237e-08
     8	1.0524537577e-08	2.52775151548e-09	1.30522890924e-08
     9	9.07571687494e-09	2.17654729541e-09	1.12522641704e-08

Measurement: t_ro61
  step	t_ro61	FROM	TO
     1	6.0800057133e-09	1.45581306725e-09	7.53581878054e-09
     2	5.14672559005e-09	1.23200134923e-09	6.37872693928e-09
     3	4.55562312168e-09	1.09014699222e-09	5.6457701139e-09
     4	8.45164130009e-09	2.02579161681e-09	1.04774329169e-08
     5	7.03267236097e-09	1.68396366722e-09	8.71663602819e-09
     6	6.13556597884e-09	1.46846488624e-09	7.60403086508e-09
     7	1.21739442122e-08	2.91848637899e-09	1.50924305912e-08
     8	1.00505768709e-08	2.40711002655e-09	1.24576868974e-08
     9	8.71234502748e-09	2.08602683043e-09	1.07983718579e-08

Measurement: t_ro62
  step	t_ro62	FROM	TO
     1	6.15157672408e-09	1.47792429496e-09	7.62950101904e-09
     2	5.20128243142e-09	1.24874053827e-09	6.4500229697e-09
     3	4.59895722945e-09	1.10328183325e-09	5.7022390627e-09
     4	8.58781318496e-09	2.06434634123e-09	1.06521595262e-08
     5	7.12874227032e-09	1.71231967927e-09	8.84106194958e-09
     6	6.20645588029e-09	1.49013553136e-09	7.69659141164e-09
     7	1.24160431283e-08	2.98506932272e-09	1.5401112451e-08
     8	1.02251709624e-08	2.45681298612e-09	1.26819839486e-08
     9	8.84380923774e-09	2.12432621073e-09	1.09681354485e-08

Measurement: t_ro63
  step	t_ro63	FROM	TO
     1	6.21063849074e-09	1.48614309087e-09	7.69678158162e-09
     2	5.25304814891e-09	1.25558933401e-09	6.50863748292e-09
     3	4.63999961977e-09	1.10811359433e-09	5.74811321411e-09
     4	8.68418726713e-09	2.07799277366e-09	1.07621800408e-08
     5	7.19979155649e-09	1.72033178757e-09	8.92012334407e-09
     6	6.25950175109e-09	1.49525500201e-09	7.75475675309e-09
     7	1.25720867342e-08	3.00752040059e-09	1.55796071348e-08
     8	1.03369711723e-08	2.47035639626e-09	1.28073275685e-08
     9	8.92927698125e-09	2.13278223054e-09	1.10620592118e-08

Measurement: t_ro64
  step	t_ro64	FROM	TO
     1	5.96757094452e-09	1.43453019559e-09	7.40210114011e-09
     2	5.08714963501e-09	1.22088679001e-09	6.30803642502e-09
     3	4.51419210623e-09	1.08128755236e-09	5.59547965859e-09
     4	8.23039498736e-09	1.98005897797e-09	1.02104539653e-08
     5	6.89551188315e-09	1.65653202074e-09	8.55204390389e-09
     6	6.04006261921e-09	1.44875561834e-09	7.48881823755e-09
     7	1.1794707036e-08	2.83868605282e-09	1.46333930888e-08
     8	9.81003390247e-09	2.35814004294e-09	1.21681739454e-08
     9	8.54066598789e-09	2.05045135736e-09	1.05911173452e-08

Measurement: t_ro65
  step	t_ro65	FROM	TO
     1	5.92000465495e-09	1.4130236226e-09	7.33302827755e-09
     2	5.05127729186e-09	1.20464571685e-09	6.25592300871e-09
     3	4.48245146608e-09	1.06986638173e-09	5.55231784781e-09
     4	8.14980386481e-09	1.94377877531e-09	1.00935826401e-08
     5	6.83385695131e-09	1.62926036471e-09	8.46311731603e-09
     6	5.99170958034e-09	1.4282555182e-09	7.41996509854e-09
     7	1.16613194142e-08	2.78027171353e-09	1.44415911277e-08
     8	9.70534956807e-09	2.31320534515e-09	1.20185549132e-08
     9	8.45683733991e-09	2.01534880258e-09	1.04721861425e-08

Measurement: t_ro66
  step	t_ro66	FROM	TO
     1	5.95339744317e-09	1.42307355302e-09	7.37647099619e-09
     2	5.07770373713e-09	1.21211760825e-09	6.28982134538e-09
     3	4.50916331926e-09	1.07595419345e-09	5.58511751271e-09
     4	8.22165722724e-09	1.96486244987e-09	1.01865196771e-08
     5	6.89308281798e-09	1.64521848478e-09	8.53830130277e-09
     6	6.04058290053e-09	1.44097478303e-09	7.48155768356e-09
     7	1.17859354114e-08	2.81545525698e-09	1.46013906684e-08
     8	9.80812556083e-09	2.34030431008e-09	1.21484298709e-08
     9	8.54222656119e-09	2.03711289748e-09	1.05793394587e-08

Measurement: t_ro67
  step	t_ro67	FROM	TO
     1	5.95799426141e-09	1.43648494214e-09	7.39447920355e-09
     2	5.07701902511e-09	1.22242071607e-09	6.29943974119e-09
     3	4.501372714e-09	1.0829096103e-09	5.5842823243e-09
     4	8.26091201843e-09	1.99433110144e-09	1.02552431199e-08
     5	6.9038460332e-09	1.66501361028e-09	8.56885964348e-09
     6	6.04194854087e-09	1.45565821172e-09	7.49760675258e-09
     7	1.18619403021e-08	2.86677471199e-09	1.47287150141e-08
     8	9.83754404305e-09	2.37509157426e-09	1.22126356173e-08
     9	8.55520972733e-09	2.06375451339e-09	1.06189642407e-08

Measurement: t_ro68
  step	t_ro68	FROM	TO
     1	5.96517861491e-09	1.43040302206e-09	7.39558163696e-09
     2	5.08091144713e-09	1.21723247136e-09	6.29814391848e-09
     3	4.51140896957e-09	1.08020665227e-09	5.59161562183e-09
     4	8.22889454599e-09	1.97388409909e-09	1.02027786451e-08
     5	6.88780426529e-09	1.64993960972e-09	8.53774387501e-09
     6	6.0325263705e-09	1.44426514119e-09	7.47679151169e-09
     7	1.17835300157e-08	2.82630827027e-09	1.46098382859e-08
     8	9.78955971585e-09	2.34482850067e-09	1.21343882165e-08
     9	8.52080388485e-09	2.03968197008e-09	1.05604858549e-08

Measurement: t_ro69
  step	t_ro69	FROM	TO
     1	6.0521736726e-09	1.45983697054e-09	7.51201064313e-09
     2	5.12000344676e-09	1.23579136754e-09	6.3557948143e-09
     3	4.53658492453e-09	1.09375530506e-09	5.6303402296e-09
     4	8.44119355426e-09	2.0383753943e-09	1.04795689486e-08
     5	7.01211775593e-09	1.69261816375e-09	8.70473591967e-09
     6	6.11408669519e-09	1.47535348858e-09	7.58944018377e-09
     7	1.21859400349e-08	2.94452658914e-09	1.5130466624e-08
     8	1.0036945729e-08	2.42415060598e-09	1.2461096335e-08
     9	8.69148475279e-09	2.09841114334e-09	1.07898958961e-08

Measurement: t_ro70
  step	t_ro70	FROM	TO
     1	5.92997582426e-09	1.42348442219e-09	7.35346024645e-09
     2	5.06133457264e-09	1.21261826696e-09	6.27395283961e-09
     3	4.49592515799e-09	1.07632476016e-09	5.57224991815e-09
     4	8.19107026678e-09	1.96757406829e-09	1.01586443351e-08
     5	6.86776160612e-09	1.64618979965e-09	8.51395140577e-09
     6	6.02151211826e-09	1.44201076145e-09	7.46352287972e-09
     7	1.17316808262e-08	2.81811875505e-09	1.45497995812e-08
     8	9.76284176045e-09	2.34050828501e-09	1.21033500455e-08
     9	8.50796159175e-09	2.03759384319e-09	1.05455554349e-08

Measurement: t_ro71
  step	t_ro71	FROM	TO
     1	5.72811815978e-09	1.37034894512e-09	7.0984671049e-09
     2	4.93104017321e-09	1.17844764019e-09	6.1094878134e-09
     3	4.40011027085e-09	1.05195018667e-09	5.45206045751e-09
     4	7.80158009644e-09	1.86650300481e-09	9.66808310125e-09
     5	6.61175958209e-09	1.58013685709e-09	8.19189643918e-09
     6	5.83470262008e-09	1.39381888997e-09	7.22852151005e-09
     7	1.10782605823e-08	2.64984424031e-09	1.37281048226e-08
     8	9.32544683092e-09	2.22829432596e-09	1.15537411569e-08
     9	8.18337272667e-09	1.95445485416e-09	1.01378275808e-08

Measurement: t_ro72
  step	t_ro72	FROM	TO
     1	5.93893733299e-09	1.42216779253e-09	7.36110512552e-09
     2	5.06883552526e-09	1.21193739247e-09	6.28077291773e-09
     3	4.50302284583e-09	1.0758625512e-09	5.57888539703e-09
     4	8.20910437911e-09	1.96570467994e-09	1.01748090591e-08
     5	6.88414052391e-09	1.64591496965e-09	8.53005549356e-09
     6	6.03461881009e-09	1.44165892451e-09	7.4762777346e-09
     7	1.17714826271e-08	2.81801358395e-09	1.4589496211e-08
     8	9.7995482278e-09	2.34274781745e-09	1.21422960453e-08
     9	8.53696198807e-09	2.03914880813e-09	1.05761107962e-08

Measurement: t_ro73
  step	t_ro73	FROM	TO
     1	6.02173954327e-09	1.44956694239e-09	7.47130648567e-09
     2	5.1199984988e-09	1.23192954742e-09	6.35192804621e-09
     3	4.53423662001e-09	1.08986061932e-09	5.62409723933e-09
     4	8.35813350574e-09	2.01355761191e-09	1.03716911176e-08
     5	6.97426830484e-09	1.67902982439e-09	8.65329812922e-09
     6	6.09541406887e-09	1.46638866736e-09	7.56180273623e-09
     7	1.20264838182e-08	2.89924140116e-09	1.49257252194e-08
     8	9.95835560358e-09	2.39917273997e-09	1.23575283436e-08
     9	8.64828270174e-09	2.08239443271e-09	1.07306771344e-08

Measurement: t_ro74
  step	t_ro74	FROM	TO
     1	5.78106331382e-09	1.38585502662e-09	7.16691834044e-09
     2	4.96000847141e-09	1.18839677222e-09	6.14840524363e-09
     3	4.42960695963e-09	1.0592927728e-09	5.48889973243e-09
     4	7.91879012398e-09	1.89946520699e-09	9.81825533097e-09
     5	6.68753475767e-09	1.60137899198e-09	8.28891374966e-09
     6	5.88907310336e-09	1.40865463e-09	7.29772773336e-09
     7	1.1282317872e-08	2.70633672239e-09	1.39886545944e-08
     8	9.45957749866e-09	2.26539156245e-09	1.17249690611e-08
     9	8.28145208228e-09	1.98117291626e-09	1.02626249985e-08

Measurement: t_ro75
  step	t_ro75	FROM	TO
     1	5.96743536445e-09	1.43525131937e-09	7.40268668381e-09
     2	5.08126370444e-09	1.22025520212e-09	6.30151890656e-09
     3	4.50428025474e-09	1.08022041153e-09	5.58450066626e-09
     4	8.26014695527e-09	1.987950682e-09	1.02480976373e-08
     5	6.90448807693e-09	1.65957261638e-09	8.56406069332e-09
     6	6.04279862933e-09	1.45060912962e-09	7.49340775895e-09
     7	1.18503655943e-08	2.85281483414e-09	1.47031804285e-08
     8	9.82877440266e-09	2.36357163644e-09	1.21923460391e-08
     9	8.54774713321e-09	2.05356506199e-09	1.06013121952e-08

Measurement: t_ro76
  step	t_ro76	FROM	TO
     1	6.29227510977e-09	1.51419164966e-09	7.80646675943e-09
     2	5.29925890141e-09	1.27391909367e-09	6.57317799508e-09
     3	4.66976421804e-09	1.12232958811e-09	5.79209380615e-09
     4	8.83598322785e-09	2.12771771276e-09	1.09637009406e-08
     5	7.30774276511e-09	1.75850605564e-09	9.06624882074e-09
     6	6.34286478755e-09	1.52550325516e-09	7.8683680427e-09
     7	1.28331085759e-08	3.09169184653e-09	1.59248004225e-08
     8	1.05301198128e-08	2.53536822525e-09	1.3065488038e-08
     9	9.07984848518e-09	2.18528659088e-09	1.12651350761e-08

Measurement: t_ro77
  step	t_ro77	FROM	TO
     1	6.02494639288e-09	1.44155581392e-09	7.46650220681e-09
     2	5.1117608602e-09	1.22221131167e-09	6.33397217187e-09
     3	4.52409510782e-09	1.08148637095e-09	5.60558147877e-09
     4	8.37727535832e-09	2.00336190465e-09	1.0380637263e-08
     5	6.96422731208e-09	1.66461677881e-09	8.62884409089e-09
     6	6.07999275221e-09	1.45246506593e-09	7.53245781814e-09
     7	1.20528595146e-08	2.88090453514e-09	1.49337640497e-08
     8	9.93697685927e-09	2.37426938939e-09	1.23112462487e-08
     9	8.61711438e-09	2.0583743928e-09	1.06754887728e-08

Measurement: t_ro78
  step	t_ro78	FROM	TO
     1	5.60712915309e-09	1.34565373162e-09	6.95278288471e-09
     2	4.83685776437e-09	1.15879959512e-09	5.99565735949e-09
     3	4.33166462746e-09	1.03618135241e-09	5.36784597987e-09
     4	7.61796031655e-09	1.82973618663e-09	9.44769650318e-09
     5	6.46764909001e-09	1.55080773045e-09	8.01845682046e-09
     6	5.72144724664e-09	1.37023260869e-09	7.09167985533e-09
     7	1.07753276418e-08	2.58866021416e-09	1.3363987856e-08
     8	9.08315972721e-09	2.17885951651e-09	1.12620192437e-08
     9	7.98897906571e-09	1.91423084867e-09	9.90320991438e-09

Measurement: t_ro79
  step	t_ro79	FROM	TO
     1	6.01159340553e-09	1.45244273871e-09	7.46403614424e-09
     2	5.11999910397e-09	1.23262313335e-09	6.35262223731e-09
     3	4.54427605519e-09	1.09265221035e-09	5.63692826554e-09
     4	8.29540972746e-09	2.00758451508e-09	1.03029942425e-08
     5	6.94935925494e-09	1.67716952347e-09	8.62652877841e-09
     6	6.08369816506e-09	1.46533133944e-09	7.5490295045e-09
     7	1.18997205e-08	2.88177910008e-09	1.47814996001e-08
     8	9.89629740569e-09	2.39056181976e-09	1.22868592255e-08
     9	8.61155335292e-09	2.07691996446e-09	1.06884733174e-08

Measurement: t_ro80
  step	t_ro80	FROM	TO
     1	5.93217208497e-09	1.42537383634e-09	7.35754592131e-09
     2	5.0640496709e-09	1.21470360425e-09	6.27875327515e-09
     3	4.49759259028e-09	1.07701945548e-09	5.57461204576e-09
     4	8.19237039875e-09	1.96905365008e-09	1.01614240488e-08
     5	6.87239342946e-09	1.64932882414e-09	8.52172225359e-09
     6	6.02487124547e-09	1.4438602888e-09	7.46873153427e-09
     7	1.1745505028e-08	2.82352868772e-09	1.45690337157e-08
     8	9.78091488897e-09	2.34816128208e-09	1.21290761711e-08
     9	8.52250247121e-09	2.04355943184e-09	1.0566061903e-08

Measurement: t_ro81
  step	t_ro81	FROM	TO
     1	5.87600922922e-09	1.40765284171e-09	7.28366207093e-09
     2	5.02398270933e-09	1.20202086609e-09	6.22600357542e-09
     3	4.4738086701e-09	1.06895431516e-09	5.54276298526e-09
     4	8.06480233113e-09	1.93183717309e-09	9.99663950423e-09
     5	6.78498633385e-09	1.62320663839e-09	8.40819297223e-09
     6	5.96007446105e-09	1.42450901435e-09	7.38458347539e-09
     7	1.15152414319e-08	2.75783658004e-09	1.42730780119e-08
     8	9.61955423327e-09	2.30122931746e-09	1.19207835507e-08
     9	8.40039753483e-09	2.00768802134e-09	1.04080855562e-08

Measurement: t_ro82
  step	t_ro82	FROM	TO
     1	6.20274687455e-09	1.48903276822e-09	7.69177964277e-09
     2	5.20863995215e-09	1.24819349243e-09	6.45683344458e-09
     3	4.58925150685e-09	1.09840725886e-09	5.68765876571e-09
     4	8.67978055606e-09	2.08453746975e-09	1.07643180258e-08
     5	7.13860966451e-09	1.71139205713e-09	8.85000172163e-09
     6	6.19050686012e-09	1.48231037839e-09	7.67281723851e-09
     7	1.25555568226e-08	3.01580471136e-09	1.55713615339e-08
     8	1.02341078186e-08	2.45426535711e-09	1.26883731757e-08
     9	8.81048578083e-09	2.11035040549e-09	1.09208361863e-08

Measurement: t_ro83
  step	t_ro83	FROM	TO
     1	5.73858396357e-09	1.37314558315e-09	7.11172954673e-09
     2	4.91940997168e-09	1.1757452384e-09	6.09515521008e-09
     3	4.38636488697e-09	1.04771973202e-09	5.43408461899e-09
     4	7.83998943136e-09	1.87630232671e-09	9.71629175808e-09
     5	6.60589384527e-09	1.57933283823e-09	8.1852266835e-09
     6	5.81685677754e-09	1.38957108829e-09	7.20642786583e-09
     7	1.11492373979e-08	2.66836473775e-09	1.38176021356e-08
     8	9.32464072325e-09	2.22926656035e-09	1.15539072836e-08
     9	8.15994776319e-09	1.94920258806e-09	1.01091503513e-08

Measurement: t_ro84
  step	t_ro84	FROM	TO
     1	5.71926494102e-09	1.37413793684e-09	7.09340287786e-09
     2	4.92085015227e-09	1.18105028358e-09	6.10190043585e-09
     3	4.39359288156e-09	1.05405926929e-09	5.44765215085e-09
     4	7.79266254348e-09	1.87297869381e-09	9.6656412373e-09
     5	6.59610973925e-09	1.58387913208e-09	8.17998887133e-09
     6	5.81965638339e-09	1.39678902807e-09	7.21644541146e-09
     7	1.10612603379e-08	2.65903879585e-09	1.37202991337e-08
     8	9.29760024473e-09	2.23284103936e-09	1.15304412841e-08
     9	8.15607946325e-09	1.95782488795e-09	1.01139043512e-08

Measurement: t_ro85
  step	t_ro85	FROM	TO
     1	5.95317541917e-09	1.43382690176e-09	7.38700232093e-09
     2	5.07483695221e-09	1.21880478674e-09	6.29364173895e-09
     3	4.50508225028e-09	1.08021378363e-09	5.58529603391e-09
     4	8.23473690551e-09	1.98641181852e-09	1.0221148724e-08
     5	6.8950940281e-09	1.65900833562e-09	8.55410236372e-09
     6	6.03994362383e-09	1.4507497124e-09	7.49069333623e-09
     7	1.18108274632e-08	2.85178557816e-09	1.46626130414e-08
     8	9.81386284958e-09	2.36362068541e-09	1.2177483535e-08
     9	8.54195731545e-09	2.05432721245e-09	1.05962845279e-08

Measurement: t_ro86
  step	t_ro86	FROM	TO
     1	5.84962044439e-09	1.3959432509e-09	7.24556369529e-09
     2	4.98848001632e-09	1.18966805159e-09	6.17814806792e-09
     3	4.43783884142e-09	1.05763449743e-09	5.49547333885e-09
     4	8.08345971996e-09	1.92770535131e-09	1.00111650713e-08
     5	6.76228701945e-09	1.6114943929e-09	8.37378141235e-09
     6	5.92946758441e-09	1.41252652445e-09	7.34199410885e-09
     7	1.15799875811e-08	2.75917808366e-09	1.43391656648e-08
     8	9.60390900111e-09	2.28724306683e-09	1.18911520679e-08
     9	8.36438801146e-09	1.9914005875e-09	1.0355788599e-08

Measurement: t_ro87
  step	t_ro87	FROM	TO
     1	5.89325940692e-09	1.41611292038e-09	7.3093723273e-09
     2	5.03070462825e-09	1.20703394196e-09	6.23773857022e-09
     3	4.48001086337e-09	1.07237401745e-09	5.55238488082e-09
     4	8.12266204613e-09	1.95300688129e-09	1.00756689274e-08
     5	6.81478948633e-09	1.63647749489e-09	8.45126698122e-09
     6	5.977455309e-09	1.43386518896e-09	7.41132049796e-09
     7	1.16222375341e-08	2.79493946823e-09	1.44171770023e-08
     8	9.67782889238e-09	2.3248624203e-09	1.20026913127e-08
     9	8.43622415185e-09	2.02490619787e-09	1.04611303497e-08

Measurement: t_ro88
  step	t_ro88	FROM	TO
     1	5.70662293022e-09	1.36924343236e-09	7.07586636258e-09
     2	4.90927804101e-09	1.17648325564e-09	6.08576129665e-09
     3	4.38741995707e-09	1.05071591608e-09	5.43813587315e-09
     4	7.78727704204e-09	1.86902746848e-09	9.65630451052e-09
     5	6.59373404419e-09	1.58063886586e-09	8.17437291004e-09
     6	5.81877894846e-09	1.39392938435e-09	7.21270833281e-09
     7	1.10590886716e-08	2.6543560122e-09	1.37134446838e-08
     8	9.29894390789e-09	2.22935523708e-09	1.1528299145e-08
     9	8.15984581967e-09	1.95442514279e-09	1.01142709625e-08

Measurement: t_ro89
  step	t_ro89	FROM	TO
     1	5.74784397156e-09	1.38057123208e-09	7.12841520364e-09
     2	4.92716876129e-09	1.18442813999e-09	6.11159690127e-09
     3	4.39538683436e-09	1.05625058584e-09	5.4516374202e-09
     4	7.84292881286e-09	1.88641067919e-09	9.72933949205e-09
     5	6.61891420944e-09	1.59236177625e-09	8.21127598569e-09
     6	5.82955999453e-09	1.40224329952e-09	7.23180329405e-09
     7	1.11632034419e-08	2.68708032488e-09	1.38502837667e-08
     8	9.3500475862e-09	2.25079275196e-09	1.16008403382e-08
     9	8.18480031416e-09	1.97013230516e-09	1.01549326193e-08

Measurement: t_ro90
  step	t_ro90	FROM	TO
     1	5.98114952362e-09	1.43107846297e-09	7.41222798659e-09
     2	5.09513818661e-09	1.21755795283e-09	6.31269613943e-09
     3	4.51998409991e-09	1.07911482784e-09	5.59909892775e-09
     4	8.22596900178e-09	1.9677562084e-09	1.01937252102e-08
     5	6.88632104253e-09	1.64543626882e-09	8.53175731134e-09
     6	6.03053527167e-09	1.43973899979e-09	7.47027427147e-09
     7	1.17658045721e-08	2.81399855454e-09	1.45798031267e-08
     8	9.77698488152e-09	2.33596224264e-09	1.21129471242e-08
     9	8.51007729046e-09	2.03159804106e-09	1.05416753315e-08

Measurement: t_ro91
  step	t_ro91	FROM	TO
     1	5.64225607243e-09	1.35987063874e-09	7.00212671117e-09
     2	4.87057812031e-09	1.17044240377e-09	6.04102052408e-09
     3	4.3582574728e-09	1.04530415362e-09	5.40356162641e-09
     4	7.64961441666e-09	1.84658567845e-09	9.4962000951e-09
     5	6.50408257357e-09	1.5657755955e-09	8.06985816906e-09
     6	5.75391618734e-09	1.38254825211e-09	7.13646443945e-09
     7	1.08212914294e-08	2.61393707492e-09	1.34352285043e-08
     8	9.13992894553e-09	2.20248167675e-09	1.13424106223e-08
     9	8.04139611554e-09	1.93464303618e-09	9.97603915172e-09

Measurement: t_ro92
  step	t_ro92	FROM	TO
     1	6.03092559114e-09	1.44497516521e-09	7.47590075634e-09
     2	5.1200010124e-09	1.22492779564e-09	6.34492880804e-09
     3	4.53538415074e-09	1.08457129489e-09	5.61995544563e-09
     4	8.37763479738e-09	2.00700423503e-09	1.03846390324e-08
     5	6.98306649466e-09	1.67056391117e-09	8.65363040584e-09
     6	6.09858611404e-09	1.45818434023e-09	7.55677045427e-09
     7	1.2058450829e-08	2.88787249314e-09	1.49463233221e-08
     8	9.97081695086e-09	2.38485264924e-09	1.23556696001e-08
     9	8.65122124899e-09	2.06793948548e-09	1.07191607345e-08

Measurement: t_ro93
  step	t_ro93	FROM	TO
     1	5.85404872351e-09	1.41043233446e-09	7.26448105796e-09
     2	5.00412281199e-09	1.20541210916e-09	6.20953492115e-09
     3	4.45470190368e-09	1.07293246685e-09	5.52763437053e-09
     4	8.06717366766e-09	1.9455305903e-09	1.0012704258e-08
     5	6.77891022329e-09	1.63419401506e-09	8.41310423835e-09
     6	5.95151078159e-09	1.4343198838e-09	7.38583066539e-09
     7	1.15489237482e-08	2.78679492617e-09	1.43357186744e-08
     8	9.63049466296e-09	2.32284660088e-09	1.19533412638e-08
     9	8.40204933538e-09	2.02600765714e-09	1.04280569925e-08

Measurement: t_ro94
  step	t_ro94	FROM	TO
     1	5.64885292356e-09	1.35993720238e-09	7.00879012594e-09
     2	4.86858130573e-09	1.17053452437e-09	6.0391158301e-09
     3	4.35583518838e-09	1.04638605657e-09	5.40222124495e-09
     4	7.69444619503e-09	1.85432320427e-09	9.54876939929e-09
     5	6.52788806504e-09	1.57092516693e-09	8.09881323196e-09
     6	5.76818169948e-09	1.3869395794e-09	7.15512127888e-09
     7	1.09104973472e-08	2.63101434862e-09	1.35415116958e-08
     8	9.1917893158e-09	2.21360009249e-09	1.14053894083e-08
     9	8.07613454107e-09	1.94333742941e-09	1.00194719705e-08

Measurement: t_ro95
  step	t_ro95	FROM	TO
     1	6.10868124014e-09	1.4656036067e-09	7.57428484683e-09
     2	5.15311266492e-09	1.23492476963e-09	6.38803743455e-09
     3	4.55299872385e-09	1.09027172632e-09	5.64327045017e-09
     4	8.53490515717e-09	2.04844352753e-09	1.05833486847e-08
     5	7.05392232044e-09	1.69099276918e-09	8.74491508962e-09
     6	6.13866760088e-09	1.47046256687e-09	7.60913016775e-09
     7	1.2323011342e-08	2.95801104228e-09	1.52810223842e-08
     8	1.00987854139e-08	2.42145498817e-09	1.2520240402e-08
     9	8.72805157214e-09	2.09109714547e-09	1.08191487176e-08

Measurement: t_ro96
  step	t_ro96	FROM	TO
     1	5.73602327319e-09	1.37768402795e-09	7.11370730114e-09
     2	4.92757133497e-09	1.18191508777e-09	6.10948642274e-09
     3	4.39988192131e-09	1.05428607003e-09	5.45416799134e-09
     4	7.82229121681e-09	1.87991572823e-09	9.70220694504e-09
     5	6.61990317711e-09	1.58906077513e-09	8.20896395224e-09
     6	5.8377085033e-09	1.39983461427e-09	7.23754311757e-09
     7	1.11226093906e-08	2.67379085211e-09	1.37964002427e-08
     8	9.34857739122e-09	2.24490803975e-09	1.1593485431e-08
     9	8.19687312312e-09	1.9667159611e-09	1.01635890842e-08

Measurement: t_ro97
  step	t_ro97	FROM	TO
     1	6.03701023844e-09	1.45279183769e-09	7.48980207613e-09
     2	5.1199972281e-09	1.23127876095e-09	6.35127598905e-09
     3	4.54859177184e-09	1.09290721039e-09	5.64149898223e-09
     4	8.3736512646e-09	2.01655326818e-09	1.03902045328e-08
     5	6.99410151608e-09	1.6815734841e-09	8.67567500017e-09
     6	6.11413522331e-09	1.46956732416e-09	7.58370254747e-09
     7	1.2041696211e-08	2.90054721464e-09	1.49422434257e-08
     8	9.98059197794e-09	2.4002141647e-09	1.23808061426e-08
     9	8.67016224117e-09	2.08422294699e-09	1.07543851882e-08

Measurement: t_ro98
  step	t_ro98	FROM	TO
     1	6.61271059564e-09	1.58277094724e-09	8.19548154288e-09
     2	5.49863095692e-09	1.31341099742e-09	6.81204195434e-09
     3	4.80001184264e-09	1.14565662428e-09	5.94566846692e-09
     4	9.39449847168e-09	2.24840626647e-09	1.16429047381e-08
     5	7.65301064523e-09	1.82775757526e-09	9.48076822049e-09
     6	6.58221534059e-09	1.57018906753e-09	8.15240440812e-09
     7	1.37555358051e-08	3.29061957562e-09	1.70461553808e-08
     8	1.11065263344e-08	2.65182340854e-09	1.3758349743e-08
     9	9.48457970123e-09	2.26206624924e-09	1.17466459505e-08

Measurement: t_ro99
  step	t_ro99	FROM	TO
     1	5.7363590629e-09	1.38290141588e-09	7.11926047878e-09
     2	4.92054901478e-09	1.18401956419e-09	6.10456857897e-09
     3	4.39396306052e-09	1.05616518976e-09	5.45012825028e-09
     4	7.83134581267e-09	1.88927243804e-09	9.72061825071e-09
     5	6.61639203059e-09	1.59347510777e-09	8.20986713836e-09
     6	5.83237886236e-09	1.40318370565e-09	7.23556256801e-09
     7	1.1132772981e-08	2.68682965159e-09	1.38196026326e-08
     8	9.33757033299e-09	2.24995555222e-09	1.15875258852e-08
     9	8.18194615243e-09	1.969544444e-09	1.01514905964e-08

Measurement: t_ro100
  step	t_ro100	FROM	TO
     1	5.93039620485e-09	1.42226572072e-09	7.35266192556e-09
     2	5.05845709321e-09	1.21080755912e-09	6.26926465233e-09
     3	4.49429526471e-09	1.07437998726e-09	5.56867525197e-09
     4	8.18509141465e-09	1.96275099585e-09	1.01478424105e-08
     5	6.86294336107e-09	1.64310942824e-09	8.50605278932e-09
     6	6.01492951584e-09	1.43826361388e-09	7.45319312972e-09
     7	1.17348375911e-08	2.81366356569e-09	1.45485011568e-08
     8	9.76679774651e-09	2.33845427544e-09	1.21052520219e-08
     9	8.50857092856e-09	2.03477090596e-09	1.05433418345e-08

Measurement: t_ro101
  step	t_ro101	FROM	TO
     1	6.00088751473e-09	1.44320158492e-09	7.44408909965e-09
     2	5.11089191581e-09	1.22743329897e-09	6.33832521478e-09
     3	4.533860872e-09	1.0874881095e-09	5.62134898151e-09
     4	8.26313751939e-09	1.98850768717e-09	1.02516452066e-08
     5	6.9199704148e-09	1.66287698932e-09	8.58284740412e-09
     6	6.05909146492e-09	1.45431760469e-09	7.51340906961e-09
     7	1.183691627e-08	2.84912968324e-09	1.46860459533e-08
     8	9.84035404348e-09	2.36533581751e-09	1.2205689861e-08
     9	8.56357069786e-09	2.05639483764e-09	1.06199655355e-08

Measurement: t_ro102
  step	t_ro102	FROM	TO
     1	5.86724180276e-09	1.40598511342e-09	7.27322691618e-09
     2	5.02407713377e-09	1.20267572182e-09	6.2267528556e-09
     3	4.47180966105e-09	1.06965473065e-09	5.5414643917e-09
     4	8.03101158879e-09	1.92465250079e-09	9.95566408958e-09
     5	6.76590098277e-09	1.61977312449e-09	8.38567410727e-09
     6	5.94680088204e-09	1.42266858638e-09	7.36946946841e-09
     7	1.14528527302e-08	2.74455738133e-09	1.41974101115e-08
     8	9.58189084292e-09	2.29388092867e-09	1.18757717716e-08
     9	8.37323333286e-09	2.00310786326e-09	1.03763411961e-08

Measurement: t_ro103
  step	t_ro103	FROM	TO
     1	6.18414654217e-09	1.48917067414e-09	7.6733172163e-09
     2	5.22301486623e-09	1.25488726651e-09	6.47790213274e-09
     3	4.61132513868e-09	1.10632798393e-09	5.71765312261e-09
     4	8.60417755696e-09	2.0736423836e-09	1.06778199406e-08
     5	7.13691684006e-09	1.71576102241e-09	8.85267786247e-09
     6	6.21321994765e-09	1.49175205644e-09	7.70497200409e-09
     7	1.24016585761e-08	2.9894618959e-09	1.5391120472e-08
     8	1.02046277679e-08	2.45445936777e-09	1.26590871356e-08
     9	8.82610594352e-09	2.12020882141e-09	1.09463147649e-08

Measurement: t_ro104
  step	t_ro104	FROM	TO
     1	6.03711332518e-09	1.44214614649e-09	7.47925947167e-09
     2	5.11999319801e-09	1.22293305698e-09	6.342926255e-09
     3	4.54528506569e-09	1.08432154286e-09	5.62960660854e-09
     4	8.35990468508e-09	1.99626327603e-09	1.03561679611e-08
     5	6.9760470647e-09	1.66438967676e-09	8.64043674146e-09
     6	6.09743224461e-09	1.45418118992e-09	7.55161343454e-09
     7	1.20014556067e-08	2.86467455809e-09	1.48661301648e-08
     8	9.93905717415e-09	2.37053190757e-09	1.23095890817e-08
     9	8.63406441186e-09	2.05844928692e-09	1.06925136988e-08

Measurement: t_ro105
  step	t_ro105	FROM	TO
     1	6.23998599066e-09	1.49514865728e-09	7.73513464794e-09
     2	5.25537240431e-09	1.25775512005e-09	6.51312752436e-09
     3	4.63384686303e-09	1.107908751e-09	5.74175561403e-09
     4	8.73615605749e-09	2.0932218619e-09	1.08293779194e-08
     5	7.2142368898e-09	1.72666745605e-09	8.94090434586e-09
     6	6.26573229618e-09	1.49835650272e-09	7.76408879889e-09
     7	1.26517314489e-08	3.03087068351e-09	1.56826021324e-08
     8	1.03614464614e-08	2.47966722824e-09	1.28411136897e-08
     9	8.93719895387e-09	2.13703667612e-09	1.107423563e-08

Measurement: t_ro106
  step	t_ro106	FROM	TO
     1	5.55609950334e-09	1.33553430756e-09	6.89163381089e-09
     2	4.79998149248e-09	1.15294759964e-09	5.95292909212e-09
     3	4.31615699932e-09	1.03491955274e-09	5.35107655206e-09
     4	7.50921312317e-09	1.80627294516e-09	9.31548606832e-09
     5	6.40680106239e-09	1.53852912003e-09	7.94533018242e-09
     6	5.6821387322e-09	1.36343902442e-09	7.04557775663e-09
     7	1.05916775364e-08	2.54877383957e-09	1.3140451376e-08
     8	8.97894565365e-09	2.15760630752e-09	1.11365519612e-08
     9	7.92024608578e-09	1.90146504393e-09	9.82171112971e-09

Measurement: t_ro107
  step	t_ro107	FROM	TO
     1	5.81598496129e-09	1.40631339043e-09	7.22229835172e-09
     2	4.98214940808e-09	1.2028416654e-09	6.18499107348e-09
     3	4.44004016822e-09	1.0704175467e-09	5.51045771491e-09
     4	7.96217309045e-09	1.92742334225e-09	9.8895964327e-09
     5	6.70950922664e-09	1.62171693914e-09	8.33122616578e-09
     6	5.90218492368e-09	1.42499701668e-09	7.32718194036e-09
     7	1.13420977621e-08	2.74703506797e-09	1.408913283e-08
     8	9.4898766264e-09	2.29526682487e-09	1.17851434513e-08
     9	8.29924000981e-09	2.00539494987e-09	1.03046349597e-08

Measurement: t_ro108
  step	t_ro108	FROM	TO
     1	6.07995020214e-09	1.46895452928e-09	7.54890473142e-09
     2	5.14676685211e-09	1.23984804039e-09	6.38661489249e-09
     3	4.56260591866e-09	1.09757153114e-09	5.6601774498e-09
     4	8.4286755444e-09	2.04091860755e-09	1.0469594152e-08
     5	7.02138489704e-09	1.69419349695e-09	8.71557839399e-09
     6	6.13071624981e-09	1.47675037694e-09	7.60746662676e-09
     7	1.21193185449e-08	2.93585896642e-09	1.50551775113e-08
     8	1.00151677891e-08	2.41838457335e-09	1.24335523625e-08
     9	8.68803222295e-09	2.09465131921e-09	1.07826835422e-08

Measurement: t_ro109
  step	t_ro109	FROM	TO
     1	5.81061224808e-09	1.39208018961e-09	7.2026924377e-09
     2	4.97558457661e-09	1.18984010815e-09	6.16542468476e-09
     3	4.44154762119e-09	1.06166359659e-09	5.50321121778e-09
     4	7.96338066291e-09	1.90813957276e-09	9.87152023566e-09
     5	6.71956040739e-09	1.60732135371e-09	8.3268817611e-09
     6	5.91278769657e-09	1.41349365744e-09	7.32628135401e-09
     7	1.13557406882e-08	2.72048921422e-09	1.40762299024e-08
     8	9.51202504852e-09	2.27513209285e-09	1.17871571414e-08
     9	8.32138417058e-09	1.98886401374e-09	1.03102481843e-08

Measurement: t_ro110
  step	t_ro110	FROM	TO
     1	5.80213728358e-09	1.38910295244e-09	7.19124023602e-09
     2	4.95999989248e-09	1.18646034368e-09	6.14646023616e-09
     3	4.43580838153e-09	1.05953093031e-09	5.49533931184e-09
     4	7.95766432381e-09	1.90538659964e-09	9.86305092344e-09
     5	6.71338612925e-09	1.60497517666e-09	8.31836130591e-09
     6	5.90873119787e-09	1.4113522527e-09	7.32008345057e-09
     7	1.13439043606e-08	2.71566440469e-09	1.40595687653e-08
     8	9.50195575259e-09	2.27135202179e-09	1.17733077744e-08
     9	8.31353843856e-09	1.98551564891e-09	1.02990540875e-08

Measurement: t_ro111
  step	t_ro111	FROM	TO
     1	5.66629602487e-09	1.36478190882e-09	7.0310779337e-09
     2	4.87951763456e-09	1.17383230887e-09	6.05334994343e-09
     3	4.36317929468e-09	1.04877148665e-09	5.41195078133e-09
     4	7.73416346011e-09	1.86488129098e-09	9.59904475109e-09
     5	6.55476471273e-09	1.57896063195e-09	8.13372534468e-09
     6	5.78792561764e-09	1.39287421701e-09	7.18079983465e-09
     7	1.09864481236e-08	2.65083746698e-09	1.36372855906e-08
     8	9.24570815557e-09	2.22856389192e-09	1.14742720475e-08
     9	8.11716638259e-09	1.95514902191e-09	1.00723154045e-08

Measurement: t_ro112
  step	t_ro112	FROM	TO
     1	6.19260322254e-09	1.49814012969e-09	7.69074335223e-09
     2	5.24369081488e-09	1.26476956228e-09	6.50846037716e-09
     3	4.62787998746e-09	1.11401544708e-09	5.74189543454e-09
     4	8.64016154519e-09	2.09282066269e-09	1.07329822079e-08
     5	7.17682822671e-09	1.73330238333e-09	8.91013061004e-09
     6	6.24772879169e-09	1.50645995187e-09	7.75418874356e-09
     7	1.24895298368e-08	3.02567176018e-09	1.5515201597e-08
     8	1.02934833172e-08	2.48748835703e-09	1.27809716742e-08
     9	8.90338623507e-09	2.14835711139e-09	1.10517433465e-08

Measurement: t_ro113
  step	t_ro113	FROM	TO
     1	5.97895142468e-09	1.43674240369e-09	7.41569382837e-09
     2	5.08854572678e-09	1.22127877492e-09	6.30982450169e-09
     3	4.5145981018e-09	1.08265492884e-09	5.59725303063e-09
     4	8.29294562978e-09	1.99373677131e-09	1.02866824011e-08
     5	6.93309630024e-09	1.66479899051e-09	8.59789529074e-09
     6	6.06626919816e-09	1.455455369e-09	7.52172456716e-09
     7	1.19215407976e-08	2.8666732368e-09	1.47882140344e-08
     8	9.89018011209e-09	2.37547686556e-09	1.22656569777e-08
     9	8.59843381735e-09	2.06352741602e-09	1.06619612334e-08

Measurement: t_ro114
  step	t_ro114	FROM	TO
     1	6.15130871096e-09	1.47531679244e-09	7.6266255034e-09
     2	5.19420324434e-09	1.24351150827e-09	6.43771475261e-09
     3	4.59072420159e-09	1.09771668132e-09	5.68844088291e-09
     4	8.60080568131e-09	2.06292415831e-09	1.06637298396e-08
     5	7.1242987944e-09	1.70581235168e-09	8.83011114608e-09
     6	6.20054265446e-09	1.4828104186e-09	7.68335307306e-09
     7	1.24385908189e-08	2.98285516975e-09	1.54214459887e-08
     8	1.02153479576e-08	2.44564365888e-09	1.26609916165e-08
     9	8.82914032514e-09	2.11130521015e-09	1.09404455353e-08

Measurement: t_ro115
  step	t_ro115	FROM	TO
     1	6.20335769892e-09	1.49481918866e-09	7.69817688758e-09
     2	5.24363662207e-09	1.26229791832e-09	6.50593454038e-09
     3	4.63998957533e-09	1.11554336534e-09	5.75553294066e-09
     4	8.66280286577e-09	2.0902108924e-09	1.07530137582e-08
     5	7.18820160419e-09	1.73293279658e-09	8.92113440077e-09
     6	6.25440589023e-09	1.50682498354e-09	7.76123087377e-09
     7	1.25331812419e-08	3.02692534817e-09	1.556010659e-08
     8	1.03162976377e-08	2.48915633466e-09	1.28054539724e-08
     9	8.91831702466e-09	2.15026612073e-09	1.10685831454e-08

Measurement: t_ro116
  step	t_ro116	FROM	TO
     1	5.91609115467e-09	1.41192387651e-09	7.32801503118e-09
     2	5.04610077323e-09	1.20321001959e-09	6.24931079282e-09
     3	4.47997184701e-09	1.06793750399e-09	5.547909351e-09
     4	8.15457558937e-09	1.94445196965e-09	1.0099027559e-08
     5	6.84078658586e-09	1.63054885159e-09	8.47133543745e-09
     6	5.99907161769e-09	1.42977394094e-09	7.42884555863e-09
     7	1.16739722691e-08	2.78199710315e-09	1.44559693722e-08
     8	9.7192323032e-09	2.31562978368e-09	1.20348620869e-08
     9	8.47037105481e-09	2.01781776302e-09	1.04881888178e-08

Measurement: t_ro117
  step	t_ro117	FROM	TO
     1	6.02218505208e-09	1.4421370482e-09	7.46432210028e-09
     2	5.12004274949e-09	1.22511392828e-09	6.34515667777e-09
     3	4.53879623926e-09	1.08503212616e-09	5.62382836542e-09
     4	8.35159044371e-09	2.0000552042e-09	1.03516456479e-08
     5	6.97568239334e-09	1.66826890611e-09	8.64395129946e-09
     6	6.09772917784e-09	1.45743027036e-09	7.5551594482e-09
     7	1.20144880607e-08	2.8764600087e-09	1.48909480694e-08
     8	9.95763821173e-09	2.38084178217e-09	1.23384799939e-08
     9	8.6494820504e-09	2.06661294112e-09	1.07160949915e-08

Measurement: t_ro118
  step	t_ro118	FROM	TO
     1	5.89833507659e-09	1.41147142158e-09	7.30980649818e-09
     2	5.02965174763e-09	1.20204588015e-09	6.23169762778e-09
     3	4.48000343531e-09	1.07010123244e-09	5.55010466775e-09
     4	8.13012465864e-09	1.94559556216e-09	1.00757202208e-08
     5	6.82266228697e-09	1.63032935893e-09	8.45299164589e-09
     6	5.98546910692e-09	1.42908790854e-09	7.41455701547e-09
     7	1.16424361473e-08	2.78444371054e-09	1.44268798578e-08
     8	9.69707290376e-09	2.31631099508e-09	1.20133838988e-08
     9	8.45461832775e-09	2.01797611608e-09	1.04725944438e-08

Measurement: t_ro119
  step	t_ro119	FROM	TO
     1	5.91429563566e-09	1.41708971582e-09	7.33138535148e-09
     2	5.04868558566e-09	1.20822598243e-09	6.25691156809e-09
     3	4.48007965455e-09	1.07184162548e-09	5.55192128003e-09
     4	8.15649615542e-09	1.95349010458e-09	1.010998626e-08
     5	6.84152958874e-09	1.63707848933e-09	8.47860807807e-09
     6	5.99939421391e-09	1.43502080718e-09	7.43441502109e-09
     7	1.16747108852e-08	2.79550772697e-09	1.44702186122e-08
     8	9.72043725367e-09	2.32572132496e-09	1.20461585786e-08
     9	8.47119264049e-09	2.02583561107e-09	1.04970282516e-08

Measurement: t_ro120
  step	t_ro120	FROM	TO
     1	6.25326089015e-09	1.504984983e-09	7.75824587315e-09
     2	5.25945695955e-09	1.26539339933e-09	6.52485035888e-09
     3	4.63999962008e-09	1.11633083939e-09	5.75633045947e-09
     4	8.79544423411e-09	2.11833419811e-09	1.09137784322e-08
     5	7.2410864346e-09	1.74323576514e-09	8.98432219974e-09
     6	6.2781066559e-09	1.511229745e-09	7.7893364009e-09
     7	1.27661644564e-08	3.07728771246e-09	1.58434521689e-08
     8	1.04183678238e-08	2.51007143155e-09	1.29284392553e-08
     9	8.96806896327e-09	2.16046213215e-09	1.11285310954e-08

Measurement: t_ro121
  step	t_ro121	FROM	TO
     1	5.76000201147e-09	1.38772630201e-09	7.14772831348e-09
     2	4.94880482481e-09	1.19092846316e-09	6.13973328797e-09
     3	4.41064621799e-09	1.06094726527e-09	5.47159348326e-09
     4	7.90848379758e-09	1.90806243071e-09	9.81654622829e-09
     5	6.67150771524e-09	1.60786058614e-09	8.27936830138e-09
     6	5.87433306102e-09	1.41475822409e-09	7.28909128511e-09
     7	1.12771887044e-08	2.72251692073e-09	1.39997056251e-08
     8	9.44203208302e-09	2.27700726872e-09	1.17190393517e-08
     9	8.26265049757e-09	1.99140902558e-09	1.02540595231e-08

Measurement: t_ro122
  step	t_ro122	FROM	TO
     1	5.84850515526e-09	1.39972800965e-09	7.2482331649e-09
     2	4.99468897206e-09	1.19369377968e-09	6.18838275174e-09
     3	4.45059515346e-09	1.06272235542e-09	5.51331750888e-09
     4	8.05016859018e-09	1.92669803913e-09	9.97686662931e-09
     5	6.75784968835e-09	1.61491632562e-09	8.37276601397e-09
     6	5.93323908649e-09	1.41680863825e-09	7.35004772474e-09
     7	1.15043475361e-08	2.752779962e-09	1.42571274981e-08
     8	9.58183018463e-09	2.28941330222e-09	1.18712434868e-08
     9	8.35953838753e-09	1.9956966695e-09	1.0355235057e-08

Measurement: t_ro123
  step	t_ro123	FROM	TO
     1	5.97837519686e-09	1.42898590248e-09	7.40736109934e-09
     2	5.09560810735e-09	1.21645752767e-09	6.31206563503e-09
     3	4.51979498008e-09	1.07820398455e-09	5.59799896463e-09
     4	8.248161897e-09	1.97120434183e-09	1.02193662388e-08
     5	6.90809944307e-09	1.64905253017e-09	8.55715197324e-09
     6	6.04916684827e-09	1.44308572785e-09	7.49225257613e-09
     7	1.18258812134e-08	2.82534810888e-09	1.46512293222e-08
     8	9.83101627098e-09	2.34625920498e-09	1.2177275476e-08
     9	8.55567442623e-09	2.04046107487e-09	1.05961355011e-08

Measurement: t_ro124
  step	t_ro124	FROM	TO
     1	6.01450605882e-09	1.4408935809e-09	7.45539963972e-09
     2	5.12001253267e-09	1.22465814124e-09	6.34467067392e-09
     3	4.53829354594e-09	1.08519820831e-09	5.62349175426e-09
     4	8.31998212363e-09	1.99346350708e-09	1.03134456307e-08
     5	6.96085646911e-09	1.66550537217e-09	8.62636184127e-09
     6	6.09007051642e-09	1.45605550148e-09	7.5461260179e-09
     7	1.1950025245e-08	2.86239870998e-09	1.4812423955e-08
     8	9.92304136102e-09	2.37377887549e-09	1.22968202365e-08
     9	8.62851527157e-09	2.06260455648e-09	1.0691119828e-08

Measurement: t_ro125
  step	t_ro125	FROM	TO
     1	6.28074563374e-09	1.51302679837e-09	7.79377243211e-09
     2	5.29065238888e-09	1.27247197441e-09	6.56312436329e-09
     3	4.6648717002e-09	1.12048025722e-09	5.78535195742e-09
     4	8.81446017357e-09	2.12571284489e-09	1.09401730185e-08
     5	7.29681509617e-09	1.75678073379e-09	9.05359582996e-09
     6	6.33726821184e-09	1.52399953278e-09	7.86126774462e-09
     7	1.27905189131e-08	3.08654023441e-09	1.58770591475e-08
     8	1.05053212586e-08	2.53124845474e-09	1.30365697134e-08
     9	9.0642026998e-09	2.181788311e-09	1.12459910108e-08

Measurement: t_ro126
  step	t_ro126	FROM	TO
     1	5.80480105645e-09	1.38521748123e-09	7.19001853768e-09
     2	4.97702800409e-09	1.18695630262e-09	6.16398430671e-09
     3	4.43755983324e-09	1.05794370557e-09	5.49550353882e-09
     4	7.95464019641e-09	1.89766171053e-09	9.85230190693e-09
     5	6.71057397821e-09	1.5998204011e-09	8.31039437931e-09
     6	5.90502827969e-09	1.40739055006e-09	7.31241882974e-09
     7	1.13433224135e-08	2.70488979589e-09	1.40482122094e-08
     8	9.50039736554e-09	2.26417994853e-09	1.17645773141e-08
     9	8.31049651149e-09	1.98002415031e-09	1.02905206618e-08

Measurement: t_ro127
  step	t_ro127	FROM	TO
     1	5.96445547621e-09	1.43147172164e-09	7.39592719785e-09
     2	5.08931537061e-09	1.218861226e-09	6.30817659661e-09
     3	4.51170613211e-09	1.07928137225e-09	5.59098750436e-09
     4	8.23483041111e-09	1.97679302464e-09	1.02116234358e-08
     5	6.89307026175e-09	1.65137658433e-09	8.54444684608e-09
     6	6.03662472552e-09	1.44447194343e-09	7.48109666895e-09
     7	1.18018115757e-08	2.83278974996e-09	1.46346013256e-08
     8	9.80321002089e-09	2.34863729309e-09	1.2151847314e-08
     9	8.53073045933e-09	2.04157171307e-09	1.05723021724e-08

Measurement: freq_ro0
  step	{80/t_ro0}
     1	13581808182.3
     2	15899134215.7
     3	17857154157.4
     4	9882798581.06
     5	11764130428.6
     6	13403861744.5
     7	6916077938.76
     8	8293172666.57
     9	9505966739.35

Measurement: freq_ro1
  step	{80/t_ro1}
     1	13157888944.5
     2	15513705471.2
     3	17508747398.5
     4	9425905035.64
     5	11332584707.1
     6	12991534107.1
     7	6538793833.39
     8	7922937071.31
     9	9142483163.24

Measurement: freq_ro2
  step	{80/t_ro2}
     1	13303370238.4
     2	15625015829.9
     3	17668644255.6
     4	9607309098.17
     5	11516537508.1
     6	13173552162.8
     7	6688807778.1
     8	8082986176.28
     9	9306287622.76

Measurement: freq_ro3
  step	{80/t_ro3}
     1	14065006036.3
     2	16346626735.2
     3	18293344123.3
     4	10303462561.2
     5	12177881243.2
     6	13798896634.4
     7	7259427598.13
     8	8643131715
     9	9852577896.3

Measurement: freq_ro4
  step	{80/t_ro4}
     1	13628749241.3
     2	15993721365.3
     3	17995538756.5
     4	9860258160.27
     5	11790232689.3
     6	13454658090.5
     7	6882018224.41
     8	8298058896.24
     9	9533061840.2

Measurement: freq_ro5
  step	{80/t_ro5}
     1	12819976048
     2	15215293591.6
     3	17241397677.7
     4	9108712735.14
     5	11047906784
     6	12733288099.6
     7	6279529703.09
     8	7681110150.52
     9	8914359693.88

Measurement: freq_ro6
  step	{80/t_ro6}
     1	13513512794.2
     2	15869223142.8
     3	17857131337.6
     4	9798199647.6
     5	11684322491.3
     6	13326659710.5
     7	6834026400.74
     8	8211892059.71
     9	9424846023.08

Measurement: freq_ro7
  step	{80/t_ro7}
     1	13190122553.3
     2	15571352376.5
     3	17544551089
     4	9531783164.04
     5	11415869847.8
     6	13065284591.3
     7	6629400292.9
     8	7999531549.26
     9	9211892327.47

Measurement: freq_ro8
  step	{80/t_ro8}
     1	13387306175.9
     2	15728781472.3
     3	17724927499.8
     4	9702966554.2
     5	11599991717.8
     6	13247876498.7
     7	6770815798.17
     8	8156222279.49
     9	9374733948.65

Measurement: freq_ro9
  step	{80/t_ro9}
     1	13738979785.6
     2	16052926927.3
     3	18013551109.5
     4	9994752771.12
     5	11866579948.7
     6	13498478723
     7	6998530432.57
     8	8370832166.85
     9	9578765995.93

Measurement: freq_ro10
  step	{80/t_ro10}
     1	13618082569.9
     2	15931750298.7
     3	17886553498.5
     4	9913637699.37
     5	11778147833.3
     6	13409248411.3
     7	6933389868.33
     8	8295813584.97
     9	9500622142.92

Measurement: freq_ro11
  step	{80/t_ro11}
     1	13611723456
     2	15908753018.4
     3	17886784770.3
     4	9940604380.46
     5	11812940826.3
     6	13447896256.4
     7	6969712014.22
     8	8340600426.27
     9	9550709630.39

Measurement: freq_ro12
  step	{80/t_ro12}
     1	13223925644.4
     2	15596587720.8
     3	17591005648.3
     4	9517661300.48
     5	11415413344.5
     6	13070192914.8
     7	6608527633.53
     8	7988817179.78
     9	9206286390.84

Measurement: freq_ro13
  step	{80/t_ro13}
     1	13250916732.3
     2	15606527892
     3	17592972632.6
     4	9541677687.66
     5	11431213561
     6	13080735898.3
     7	6628861761.73
     8	8004822386.54
     9	9219197538.77

Measurement: freq_ro14
  step	{80/t_ro14}
     1	14469135402.6
     2	16673779028.1
     3	18604705903.4
     4	10737721898.7
     5	12578313695.2
     6	14176786401
     7	7625233591.18
     8	8991482571.66
     9	10188514710.7

Measurement: freq_ro15
  step	{80/t_ro15}
     1	13513513891
     2	15859775973.6
     3	17817841018.6
     4	9873565287.71
     5	11736404235
     6	13365227502.3
     7	6912696014.93
     8	8274067800.83
     9	9477222823.71

Measurement: freq_ro16
  step	{80/t_ro16}
     1	12856974992.9
     2	15245120259.6
     3	17279699775
     4	9200639548.67
     5	11111829600.3
     6	12787033232.9
     7	6359311614.46
     8	7745641192.29
     9	8971900067.32

Measurement: freq_ro17
  step	{80/t_ro17}
     1	13548758732.4
     2	15871205380.8
     3	17833334634.7
     4	9859313194.46
     5	11729012136.2
     6	13360650539.7
     7	6896207478.96
     8	8263632189.1
     9	9469766330.57

Measurement: freq_ro18
  step	{80/t_ro18}
     1	14794229418.5
     2	16983828228.3
     3	18856485511.3
     4	11073556319
     5	12888902888.6
     6	14462777776.4
     7	7920466432.22
     8	9275347985.2
     9	10459947982.4

Measurement: freq_ro19
  step	{80/t_ro19}
     1	13943897111.1
     2	16168926634.1
     3	18149366365.8
     4	10265984645.2
     5	12110673250.8
     6	13720026493.8
     7	7240856799.2
     8	8598681325.4
     9	9795317282.97

Measurement: freq_ro20
  step	{80/t_ro20}
     1	13678903504.7
     2	15997886276.4
     3	17978616188.4
     4	9917103711.39
     5	11808302170.5
     6	13451533658.1
     7	6928286134.74
     8	8314273869.38
     9	9531703818.81

Measurement: freq_ro21
  step	{80/t_ro21}
     1	12976055795.2
     2	15325966350.8
     3	17335442442.8
     4	9327017141.04
     5	11214160563.8
     6	12867843872.6
     7	6467453614.8
     8	7835222166.33
     9	9047968547.76

Measurement: freq_ro22
  step	{80/t_ro22}
     1	12950013063.6
     2	15312225041.4
     3	17327371492.2
     4	9275767528.04
     5	11168730365
     6	12819808043.7
     7	6422453301.98
     8	7793861884.47
     9	9008074944.09

Measurement: freq_ro23
  step	{80/t_ro23}
     1	13234147886.9
     2	15599183144.8
     3	17584215298.8
     4	9560568956.77
     5	11451728781.3
     6	13103703437.1
     7	6655301409.07
     8	8031628008.94
     9	9247092758.27

Measurement: freq_ro24
  step	{80/t_ro24}
     1	13454419352.2
     2	15784831278.5
     3	17759849764.9
     4	9760043507.46
     5	11640440938.6
     6	13279522306.8
     7	6816490223.61
     8	8189550684.26
     9	9399228777.47

Measurement: freq_ro25
  step	{80/t_ro25}
     1	13127988265.2
     2	15461205609.7
     3	17466928720.8
     4	9448010170.25
     5	11338973061.8
     6	12993309758
     7	6562062063.67
     8	7936257549.22
     9	9152472014.3

Measurement: freq_ro26
  step	{80/t_ro26}
     1	13647230638.9
     2	15973507040.7
     3	17927862846.6
     4	9918895924.1
     5	11806549776.9
     6	13447560743.4
     7	6935521503.28
     8	8319012495.76
     9	9534125090.59

Measurement: freq_ro27
  step	{80/t_ro27}
     1	12379574985.3
     2	14778517315.7
     3	16857975858.8
     4	8748747345.05
     5	10665679789.5
     6	12349446516.9
     7	5996054952.68
     8	7371935164.86
     9	8595432463.3

Measurement: freq_ro28
  step	{80/t_ro28}
     1	13410958522.1
     2	15756939227.6
     3	17755897386.5
     4	9675976995.31
     5	11574514641.8
     6	13225352583.6
     7	6737376675.51
     8	8122175500.06
     9	9341129465.85

Measurement: freq_ro29
  step	{80/t_ro29}
     1	12499995029.1
     2	14932358704.1
     3	17018253785.5
     4	8826179192.42
     5	10761429342.7
     6	12452328922.9
     7	6048389599.46
     8	7440295287.81
     9	8671870033.29

Measurement: freq_ro30
  step	{80/t_ro30}
     1	13332850953
     2	15624992693.3
     3	17647970835.6
     4	9629265880.22
     5	11510747792.3
     6	13153843976.8
     7	6701789226.6
     8	8072377837.53
     9	9282055095.74

Measurement: freq_ro31
  step	{80/t_ro31}
     1	13274357813.2
     2	15624962752.3
     3	17604608046.9
     4	9600237445.36
     5	11476922811.8
     6	13121400198.8
     7	6684152282.92
     8	8050758273.49
     9	9260803651

Measurement: freq_ro32
  step	{80/t_ro32}
     1	13484611641.8
     2	15791697904.6
     3	17770141996.1
     4	9781359678.16
     5	11649314101.3
     6	13282798336.2
     7	6828864809.87
     8	8194247107.92
     9	9400529175.57

Measurement: freq_ro33
  step	{80/t_ro33}
     1	13677750218.5
     2	15972562124.5
     3	17922450035.1
     4	9980516508.67
     5	11847793575.8
     6	13474479604.5
     7	7000402274.34
     8	8371197112.75
     9	9577507985.41

Measurement: freq_ro34
  step	{80/t_ro34}
     1	13307088069.5
     2	15646322528.5
     3	17657057250.9
     4	9576917826.68
     5	11467433843.6
     6	13119266710.7
     7	6650349534.71
     8	8025190799.78
     9	9240501899.16

Measurement: freq_ro35
  step	{80/t_ro35}
     1	12395087778.2
     2	14809688057.1
     3	16908399046.2
     4	8830417696.59
     5	10786973619.8
     6	12491021693.2
     7	6084343249.06
     8	7497621892.26
     9	8742751705.8

Measurement: freq_ro36
  step	{80/t_ro36}
     1	13070936410.8
     2	15443387828.5
     3	17469074443.5
     4	9372137589.12
     5	11292762130.5
     6	12962373924.7
     7	6498707873.96
     8	7896213572.65
     9	9125217124.44

Measurement: freq_ro37
  step	{80/t_ro37}
     1	13027642843.2
     2	15396238034.3
     3	17417944264.2
     4	9369869540.05
     5	11290835451
     6	12959624666.4
     7	6508614970.04
     8	7908462413.81
     9	9137998271.21

Measurement: freq_ro38
  step	{80/t_ro38}
     1	13319508123.6
     2	15624988952.4
     3	17653735801.5
     4	9603326350.54
     5	11492713320.3
     6	13142060897.2
     7	6679257527
     8	8056048410.58
     9	9270673664.89

Measurement: freq_ro39
  step	{80/t_ro39}
     1	13852734996.8
     2	16129033415.3
     3	18122598768.9
     4	10069578572.3
     5	11959540466.8
     6	13594254987.6
     7	7056297333.11
     8	8443148842.26
     9	9655752509.54

Measurement: freq_ro40
  step	{80/t_ro40}
     1	12881106754.6
     2	15236170715.3
     3	17241396196.5
     4	9241108585.21
     5	11132404487
     6	12795314905.8
     7	6396841720.04
     8	7766403991.02
     9	8981466689.44

Measurement: freq_ro41
  step	{80/t_ro41}
     1	13118735435.3
     2	15498956763.3
     3	17530720579.1
     4	9408298932.38
     5	11329319628.6
     6	13004078639.3
     7	6515585709.71
     8	7910678686.36
     9	9142007523.64

Measurement: freq_ro42
  step	{80/t_ro42}
     1	13926735219.7
     2	16213793894.6
     3	18163917639.4
     4	10224122854.5
     5	12090809462.6
     6	13714336954.1
     7	7199289101.58
     8	8574720792.44
     9	9783329929.1

Measurement: freq_ro43
  step	{80/t_ro43}
     1	14195838869.9
     2	16461924389.5
     3	18404399586.3
     4	10451160739.1
     5	12311167699.2
     6	13924353446.3
     7	7382030163.81
     8	8755417868.07
     9	9959453736.9

Measurement: freq_ro44
  step	{80/t_ro44}
     1	13428933188.9
     2	15750583116.8
     3	17756418547.1
     4	9743933783.85
     5	11627943692.4
     6	13286027467.9
     7	6807851046.33
     8	8193630424.16
     9	9411258879.66

Measurement: freq_ro45
  step	{80/t_ro45}
     1	12411393573.3
     2	14808950770.5
     3	16864768781.7
     4	8772173389.07
     5	10677944376.4
     6	12355319534.1
     7	6010205444.38
     8	7378345408.54
     9	8596580125.35

Measurement: freq_ro46
  step	{80/t_ro46}
     1	13311545287.4
     2	15625010656.3
     3	17675306690.3
     4	9603128423.66
     5	11503604098.4
     6	13157429901.3
     7	6679694290.83
     8	8063027313.66
     9	9282030448.71

Measurement: freq_ro47
  step	{80/t_ro47}
     1	13830035816.7
     2	16129914328.1
     3	18112044462.2
     4	10079635880.4
     5	11965647987.5
     6	13601356246.3
     7	7068199063.41
     8	8452979050.76
     9	9666661868.09

Measurement: freq_ro48
  step	{80/t_ro48}
     1	12334644064.1
     2	14705888543.6
     3	16803847142.8
     4	8707345712.14
     5	10616748571.2
     6	12293936513
     7	5963085739.99
     8	7331307512.79
     9	8549589692.13

Measurement: freq_ro49
  step	{80/t_ro49}
     1	14382325286.6
     2	16625695028
     3	18518486235.6
     4	10658900729.2
     5	12500011912
     6	14095135496.7
     7	7569334596.88
     8	8934323862.59
     9	10128539625

Measurement: freq_ro50
  step	{80/t_ro50}
     1	13436741823.3
     2	15781475809.7
     3	17784915531.9
     4	9709972313.49
     5	11611803464.7
     6	13266715357
     7	6766167852.87
     8	8155220434.7
     9	9377342375.11

Measurement: freq_ro51
  step	{80/t_ro51}
     1	13788698014.9
     2	16086385904.2
     3	18044811195.7
     4	10053895493.8
     5	11921506733.3
     6	13547327811.3
     7	7051111091.35
     8	8420886020.98
     9	9626564720.03

Measurement: freq_ro52
  step	{80/t_ro52}
     1	14337382427.2
     2	16606651641.1
     3	18518476852.1
     4	10588285517.9
     5	12441857129
     6	14045533144.4
     7	7495347080.37
     8	8867512308.19
     9	10066447645.4

Measurement: freq_ro53
  step	{80/t_ro53}
     1	14252147922.9
     2	16502134663.9
     3	18415070292.6
     4	10498940060.4
     5	12343876145.7
     6	13946988433.8
     7	7422913435.76
     8	8785545221.61
     9	9981568573.39

Measurement: freq_ro54
  step	{80/t_ro54}
     1	12795159950.9
     2	15151513578.6
     3	17241353716.6
     4	9124829773.9
     5	11034155002.8
     6	12708071948.4
     7	6292523528.95
     8	7671249929.58
     9	8894252076.31

Measurement: freq_ro55
  step	{80/t_ro55}
     1	13030571953.5
     2	15406803131.7
     3	17434693619.4
     4	9346549861.22
     5	11266236414.7
     6	12937205349.8
     7	6481644978.5
     8	7878256181.8
     9	9108062185.84

Measurement: freq_ro56
  step	{80/t_ro56}
     1	14480435351.9
     2	16666643635.5
     3	18657251229.4
     4	10659112412.2
     5	12523365154
     6	14131035462.2
     7	7540884207.21
     8	8923333889.18
     9	10126945541.5

Measurement: freq_ro57
  step	{80/t_ro57}
     1	13698905284.5
     2	16038143594.2
     3	17988645300.6
     4	9934328397.99
     5	11829781504.8
     6	13472630092.4
     7	6946044460.25
     8	8336286346.09
     9	9554298096.94

Measurement: freq_ro58
  step	{80/t_ro58}
     1	13157891094.5
     2	15504063094.6
     3	17499789479.3
     4	9450522711.16
     5	11336419017.2
     6	12986537717.7
     7	6556953070.71
     8	7925600575.24
     9	9137088628.83

Measurement: freq_ro59
  step	{80/t_ro59}
     1	13647725544.8
     2	15960887284.2
     3	17945015169.6
     4	9977918593.65
     5	11869085489.7
     6	13513166377.4
     7	7003079052.87
     8	8391939797.58
     9	9611080708.35

Measurement: freq_ro60
  step	{80/t_ro60}
     1	12725972658.4
     2	15102697494.5
     3	17149630941.2
     4	9057033368.15
     5	10951761896.5
     6	12614754412.5
     7	6235352770.83
     8	7601284086.36
     9	8814730682.14

Measurement: freq_ro61
  step	{80/t_ro61}
     1	13157882372.5
     2	15543863491.5
     3	17560715156.5
     4	9465617051.11
     5	11375476617.4
     6	13038731924
     7	6571411746.72
     8	7959742115.08
     9	9182372799.47

Measurement: freq_ro62
  step	{80/t_ro62}
     1	13004795939
     2	15380822144.3
     3	17395247663.5
     4	9315526348.44
     5	11222175941.6
     6	12889804027.1
     7	6443276587.67
     8	7823830065.43
     9	9045875804.13

Measurement: freq_ro63
  step	{80/t_ro63}
     1	12881123272.5
     2	15229253136.9
     3	17241380723.2
     4	9212145885.29
     5	11111432792.5
     6	12780569952.9
     7	6363303220.18
     8	7739210902.97
     9	8959292019.72

Measurement: freq_ro64
  step	{80/t_ro64}
     1	13405789515.3
     2	15725898733
     3	17721886467.7
     4	9720068128.31
     5	11601749276.3
     6	13244895797.2
     7	6782703441.13
     8	8154915752.11
     9	9366951021.55

Measurement: freq_ro65
  step	{80/t_ro65}
     1	13513502887.7
     2	15837578374.3
     3	17847376732.5
     4	9816187153.34
     5	11706420045.1
     6	13351781979.3
     7	6860287173.24
     8	8242876718.55
     9	9459801198.08

Measurement: freq_ro66
  step	{80/t_ro66}
     1	13437705237
     2	15755153144.3
     3	17741650575.9
     4	9730398359.95
     5	11605837636.4
     6	13243755001.4
     7	6787751434.87
     8	8156502432.99
     9	9365239779.92

Measurement: freq_ro67
  step	{80/t_ro67}
     1	13427337538.4
     2	15757277962.6
     3	17772356363.9
     4	9684160758.7
     5	11587743935.1
     6	13240761562.1
     7	6744259198.96
     8	8132110987.25
     9	9351027333.02

Measurement: freq_ro68
  step	{80/t_ro68}
     1	13411165895.4
     2	15745206511.2
     3	17732819289.9
     4	9721840467.5
     5	11614731911.5
     6	13261442236.1
     7	6789137032.26
     8	8171971194.02
     9	9388785504.41

Measurement: freq_ro69
  step	{80/t_ro69}
     1	13218391329.8
     2	15624989481.3
     3	17634410317.6
     4	9477332735.68
     5	11408821526.5
     6	13084538049.3
     7	6564942857.99
     8	7970552213.79
     9	9204411245.65

Measurement: freq_ro70
  step	{80/t_ro70}
     1	13490780126.4
     2	15806107826.3
     3	17793890509.5
     4	9766733454.16
     5	11648627979.3
     6	13285699410.5
     7	6819142217.16
     8	8194335416.16
     9	9402957352.04

Measurement: freq_ro71
  step	{80/t_ro71}
     1	13966192346
     2	16223757501.4
     3	18181362528.6
     4	10254332969.9
     5	12099653504.7
     6	13711067248.7
     7	7221350265.77
     8	8578677402.87
     9	9775920353.63

Measurement: freq_ro72
  step	{80/t_ro72}
     1	13470423329
     2	15782717667.9
     3	17765843687.4
     4	9745277475.52
     5	11620913274.8
     6	13256843972.7
     7	6796085296.51
     8	8163641643.5
     9	9371015135.34

Measurement: freq_ro73
  step	{80/t_ro73}
     1	13285197645.1
     2	15625004581.3
     3	17643543269.7
     4	9571514973.42
     5	11470737359.6
     6	13124621083.3
     7	6651985834.71
     8	8033454837.79
     9	9250391408.22

Measurement: freq_ro74
  step	{80/t_ro74}
     1	13838284699.1
     2	16129004710.6
     3	18060293098
     4	10102553388.5
     5	11962554648.1
     6	13584480714.7
     7	7090741539.8
     8	8457037326.59
     9	9660141627.96

Measurement: freq_ro75
  step	{80/t_ro75}
     1	13406094094.7
     2	15744114978.8
     3	17760884198.1
     4	9685057715.46
     5	11586666398.5
     6	13238898879
     7	6750846576.26
     8	8139366794.13
     9	9359191229.37

Measurement: freq_ro76
  step	{80/t_ro76}
     1	12714002265.4
     2	15096450558.2
     3	17131485930.5
     4	9053887715.38
     5	10947292833.3
     6	12612597411.4
     7	6233875411.13
     8	7597254487.35
     9	8810719708.66

Measurement: freq_ro77
  step	{80/t_ro77}
     1	13278126440.2
     2	15650184386.1
     3	17683094208.6
     4	9549644314.91
     5	11487275819
     6	13157910422
     7	6637429060.14
     8	8050738281.17
     9	9283850309.07

Measurement: freq_ro78
  step	{80/t_ro78}
     1	14267550794
     2	16539663537.2
     3	18468650479.7
     4	10501498652.6
     5	12369254869.4
     6	13982476207.7
     7	7424368210.34
     8	8807507783.92
     9	10013795172.3

Measurement: freq_ro79
  step	{80/t_ro79}
     1	13307619894.3
     2	15625002734.5
     3	17604564297.7
     4	9643887719.64
     5	11511852685.3
     6	13149896301.5
     7	6722846977.8
     8	8083831429.12
     9	9289845480.99

Measurement: freq_ro80
  step	{80/t_ro80}
     1	13485785451.6
     2	15797633356.5
     3	17787293623
     4	9765183470.25
     5	11640777091.9
     6	13278292056.5
     7	6811116236.33
     8	8179193961.73
     9	9386914262.6

Measurement: freq_ro81
  step	{80/t_ro81}
     1	13614682496.1
     2	15923621681.9
     3	17881855461.3
     4	9919647961.01
     5	11790738560.7
     6	13422651096.5
     7	6947314172.55
     8	8316393676.88
     9	9523358825.38

Measurement: freq_ro82
  step	{80/t_ro82}
     1	12897511637.7
     2	15359095797.5
     3	17432036549
     4	9216822877.42
     5	11206664008.8
     6	12923012898.2
     7	6371680772.94
     8	7816997965.84
     9	9080089564.87

Measurement: freq_ro83
  step	{80/t_ro83}
     1	13940721353.5
     2	16262112826.7
     3	18238336768.9
     4	10204095388.2
     5	12110397453.2
     6	13753132157
     7	7175378651.03
     8	8579419022.61
     9	9803984329.52

Measurement: freq_ro84
  step	{80/t_ro84}
     1	13987811515.1
     2	16257353409.4
     3	18208332487
     4	10266067541.6
     5	12128360982.8
     6	13746516070.7
     7	7232448885.23
     8	8604370793.99
     9	9808634204.76

Measurement: freq_ro85
  step	{80/t_ro85}
     1	13438206396.9
     2	15764053259.9
     3	17757722402.3
     4	9714943041.65
     5	11602452363.1
     6	13245156740.3
     7	6773445827.49
     8	8151734054.8
     9	9365534975.84

Measurement: freq_ro86
  step	{80/t_ro86}
     1	13676100998.4
     2	16036949078.3
     3	18026792512.9
     4	9896752476.23
     5	11830317135.3
     6	13491936478.5
     7	6908470275.94
     8	8329941484.32
     9	9564357833.52

Measurement: freq_ro87
  step	{80/t_ro87}
     1	13574830917.2
     2	15902344882.4
     3	17857099556.2
     4	9848987874.38
     5	11739174065.5
     6	13383621602.3
     7	6883356132.2
     8	8266316845.4
     9	9482915408.6

Measurement: freq_ro88
  step	{80/t_ro88}
     1	14018799030.2
     2	16295675113.9
     3	18233950882.9
     4	10273167317.4
     5	12132730781.1
     6	13748588958
     7	7233869116.69
     8	8603127494.09
     9	9804106813.77

Measurement: freq_ro89
  step	{80/t_ro89}
     1	13918262290.3
     2	16236504953.6
     3	18200900856.9
     4	10200271086.1
     5	12086574545.1
     6	13723162652.9
     7	7166401688.96
     8	8556106186.89
     9	9774215244.03

Measurement: freq_ro90
  step	{80/t_ro90}
     1	13375355303.2
     2	15701242453.1
     3	17699177305
     4	9725298014.46
     5	11617233571.6
     6	13265820759.9
     7	6799365016.6
     8	8182481712.87
     9	9400619673.53

Measurement: freq_ro91
  step	{80/t_ro91}
     1	14178725490.8
     2	16425154883.8
     3	18355960036.6
     4	10458043457.2
     5	12299966843.1
     6	13903574086.8
     7	7392832964.72
     8	8752803274.16
     9	9948521233.2

Measurement: freq_ro92
  step	{80/t_ro92}
     1	13264962200.4
     2	15624996910.4
     3	17639079147.7
     4	9549234591.25
     5	11456285009
     6	13117794600.9
     7	6634351388.46
     8	8023414770.75
     9	9247249341.74

Measurement: freq_ro93
  step	{80/t_ro93}
     1	13665755749.3
     2	15986817871.1
     3	17958552946.9
     4	9916732091.78
     5	11801306901.1
     6	13441965063.3
     7	6927052402.82
     8	8306946091.53
     9	9521486581.04

Measurement: freq_ro94
  step	{80/t_ro94}
     1	14162167272.3
     2	16431891546.3
     3	18366167804.9
     4	10397109547.9
     5	12255112098
     6	13869188622.7
     7	7332388016.29
     8	8703419677.22
     9	9905728983.74

Measurement: freq_ro95
  step	{80/t_ro95}
     1	13096116306.5
     2	15524597501
     3	17570837343.1
     4	9373273460.78
     5	11341207964.3
     6	13032143976.7
     7	6491919692.36
     8	7921744716.96
     9	9165848682.12

Measurement: freq_ro96
  step	{80/t_ro96}
     1	13946944806.5
     2	16235178460.5
     3	18182306123.4
     4	10227182520.1
     5	12084768894.6
     6	13704007309.5
     7	7192556817.42
     8	8557451754.65
     9	9759819238.18

Measurement: freq_ro97
  step	{80/t_ro97}
     1	13251592566.6
     2	15625008459.2
     3	17587861037.6
     4	9553777375.25
     5	11438209728
     6	13084434196.8
     7	6643582315.82
     8	8015556609.95
     9	9227047634.71

Measurement: freq_ro98
  step	{80/t_ro98}
     1	12097913381.1
     2	14549076056.7
     3	16666625546.5
     4	8515622227.32
     5	10453402420.1
     6	12153962740.6
     7	5815840337.54
     8	7202972161.68
     9	8434743817.87

Measurement: freq_ro99
  step	{80/t_ro99}
     1	13946128393.1
     2	16258348359
     3	18206798486.5
     4	10215357859.8
     5	12091181966
     6	13716530062.2
     7	7185990420.95
     8	8567539214.92
     9	9777624847.39

Measurement: freq_ro100
  step	{80/t_ro100}
     1	13489823822.3
     2	15815099056.1
     3	17800343610.7
     4	9773867626.79
     5	11656806094.9
     6	13300238978.6
     7	6817307813.5
     8	8191016347.05
     9	9402283964.22

Measurement: freq_ro101
  step	{80/t_ro101}
     1	13331361370.1
     2	15652845201.5
     3	17645005495
     4	9681552535.25
     5	11560743067.5
     6	13203299614
     7	6758517013.64
     8	8129788790.78
     9	9341897535.8

Measurement: freq_ro102
  step	{80/t_ro102}
     1	13635026932.5
     2	15923322407.3
     3	17889849091
     4	9961385202.3
     5	11823998046
     6	13452611174.8
     7	6985159233.68
     8	8349082797.07
     9	9554254231.28

Measurement: freq_ro103
  step	{80/t_ro103}
     1	12936304056.6
     2	15316824104.3
     3	17348592344.8
     4	9297809055.01
     5	11209322147.5
     6	12875771447.7
     7	6450750075.82
     8	7839580415.86
     9	9064019910.02

Measurement: freq_ro104
  step	{80/t_ro104}
     1	13251366289
     2	15625020758
     3	17600656250.1
     4	9569487095.08
     5	11467812538.8
     6	13120276993.8
     7	6665858094.34
     8	8049053204.77
     9	9265624644.88

Measurement: freq_ro105
  step	{80/t_ro105}
     1	12820541603.7
     2	15222517805.7
     3	17264273586.2
     4	9157345573.22
     5	11089183959.7
     6	12767861156.3
     7	6323245187.66
     8	7720929727.12
     9	8951350463.71

Measurement: freq_ro106
  step	{80/t_ro106}
     1	14398590225.4
     2	16666730929.1
     3	18535006954.7
     4	10653579634.5
     5	12486730775.8
     6	14079205695.3
     7	7553100037.75
     8	8909732064.97
     9	10100696257.9

Measurement: freq_ro107
  step	{80/t_ro107}
     1	13755193751.8
     2	16057326556.7
     3	18017855012.4
     4	10047508273.3
     5	11923375808.5
     6	13554302522.6
     7	7053368933.88
     8	8430035831.81
     9	9639436852.71

Measurement: freq_ro108
  step	{80/t_ro108}
     1	13158002506.6
     2	15543738875.1
     3	17533839526.4
     4	9491408178.97
     5	11393763648.2
     6	13049046268
     7	6601031213.41
     8	7987884145.77
     9	9208068978.92

Measurement: freq_ro109
  step	{80/t_ro109}
     1	13767912327.4
     2	16078512739.2
     3	18011739786
     4	10045984662.3
     5	11905540712.5
     6	13529997034.5
     7	7044894929.96
     8	8410406784.24
     9	9613785202.09

Measurement: freq_ro110
  step	{80/t_ro110}
     1	13788022601
     2	16129032607.7
     3	18035044149.6
     4	10053201133.5
     5	11916490197.3
     6	13539285731.7
     7	7052245634.02
     8	8419319357.3
     9	9622858015.42

Measurement: freq_ro111
  step	{80/t_ro111}
     1	14118570517.5
     2	16395063199.2
     3	18335253859
     4	10343717250.4
     5	12204862189
     6	13821877695.9
     7	7281698243.13
     8	8652663338.91
     9	9855656054.01

Measurement: freq_ro112
  step	{80/t_ro112}
     1	12918638111.5
     2	15256429645.5
     3	17286532973.4
     4	9259086138.79
     5	11146985475
     6	12804653125.5
     7	6405365217.53
     8	7771907481.15
     9	8985345338.03

Measurement: freq_ro113
  step	{80/t_ro113}
     1	13380272612.6
     2	15721584180.5
     3	17720292747.3
     4	9646753225.15
     5	11538856022.7
     6	13187677201.1
     7	6710541980.98
     8	8088831456.38
     9	9304019976.12

Measurement: freq_ro114
  step	{80/t_ro114}
     1	13005362559.3
     2	15401784689
     3	17426444388.1
     4	9301454185.14
     5	11229175292.7
     6	12902096551.6
     7	6431596727.04
     8	7831353403.9
     9	9060904805.45

Measurement: freq_ro115
  step	{80/t_ro115}
     1	12896241661.8
     2	15256587320.2
     3	17241418046.6
     4	9234886357.18
     5	11129348396.9
     6	12790983093.2
     7	6383056181.51
     8	7754720037.09
     9	8970302331.57

Measurement: freq_ro116
  step	{80/t_ro116}
     1	13522442083.5
     2	15853825279.2
     3	17857255074.8
     4	9810443121.56
     5	11694561582.3
     6	13335396724.4
     7	6852851639.2
     8	8231102776.88
     9	9444686600.19

Measurement: freq_ro117
  step	{80/t_ro117}
     1	13284214833.7
     2	15624869540
     3	17625818781.6
     4	9579013786.56
     5	11468412047.6
     6	13119638092.6
     7	6658627450.09
     8	8034033603.05
     9	9249108736.66

Measurement: freq_ro118
  step	{80/t_ro118}
     1	13563149424.6
     2	15905673794.9
     3	17857129164.1
     4	9839947523.44
     5	11725628007.8
     6	13365702599.2
     7	6871414108.52
     8	8249912194.53
     9	9462284032.08

Measurement: freq_ro119
  step	{80/t_ro119}
     1	13526547357.2
     2	15845708480.5
     3	17856825362.2
     4	9808133109.56
     5	11693291531.1
     6	13334679660.6
     7	6852418084.41
     8	8230082445.09
     9	9443770599.39

Measurement: freq_ro120
  step	{80/t_ro120}
     1	12793325179.5
     2	15210695821.9
     3	17241380722.1
     4	9095617898.39
     5	11048065883.8
     6	12742695271.8
     7	6266565049.59
     8	7678745975.68
     9	8920538002.96

Measurement: freq_ro121
  step	{80/t_ro121}
     1	13888884038.7
     2	16165519318.7
     3	18137931732.9
     4	10115719023.7
     5	11991292435.6
     6	13618567277.2
     7	7093966599.04
     8	8472752400.82
     9	9682123190.81

Measurement: freq_ro122
  step	{80/t_ro122}
     1	13678708982.3
     2	16017013361.1
     3	17975124054.5
     4	9937680075.12
     5	11838085143.9
     6	13483360241.2
     7	6953892843.49
     8	8349135651.39
     9	9569906410.06

Measurement: freq_ro123
  step	{80/t_ro123}
     1	13381562275
     2	15699794472.9
     3	17699917884
     4	9699130666.81
     5	11580609205.1
     6	13224961719
     7	6764823572.7
     8	8137510690.13
     9	9350519434.76

Measurement: freq_ro124
  step	{80/t_ro124}
     1	13301175394.6
     2	15624961753.4
     3	17627771141.3
     4	9615405275.07
     5	11492838611.9
     6	13136136894.4
     7	6694546526.89
     8	8062044396.41
     9	9271583520.7

Measurement: freq_ro125
  step	{80/t_ro125}
     1	12737341179.7
     2	15121008548.6
     3	17149453434.4
     4	9075995401.27
     5	10963687437
     6	12623735863.1
     7	6254632868.58
     8	7615188344.12
     9	8825927955.23

Measurement: freq_ro126
  step	{80/t_ro126}
     1	13781695397
     2	16073849681.8
     3	18027925933.7
     4	10057023073.9
     5	11921483953.5
     6	13547775931.1
     7	7052607435.78
     8	8420700410.93
     9	9626380311.86

Measurement: freq_ro127
  step	{80/t_ro127}
     1	13412791883.4
     2	15719206646.5
     3	17731651321.6
     4	9714832729.53
     5	11605858777.3
     6	13252438844.1
     7	6778620340.37
     8	8160592278.4
     9	9377860475.31

Measurement: edge100_ro0
  step	V(ro0_out)={VTHRESH} 
     1	7.30714210018e-09
     2	6.23955524417e-09
     3	5.55264559808e-09
     4	1.00434635252e-08
     5	8.43428608402e-09
     6	7.40027609011e-09
     7	1.4352611844e-08
     8	1.19654827652e-08
     9	1.04362321834e-08

Measurement: edge100_ro1
  step	V(ro1_out)={VTHRESH} 
     1	7.54510124016e-09
     2	6.39663485107e-09
     3	5.66703271397e-09
     4	1.05322489832e-08
     5	8.75844723699e-09
     6	7.63891219756e-09
     7	1.51846521708e-08
     8	1.25294681723e-08
     9	1.08567675994e-08

Measurement: edge100_ro2
  step	V(ro2_out)={VTHRESH} 
     1	7.45251831807e-09
     2	6.34272616855e-09
     3	5.61011740405e-09
     4	1.03186284896e-08
     5	8.60720151027e-09
     6	7.52408794429e-09
     7	1.48197193435e-08
     8	1.22626269104e-08
     9	1.06499901348e-08

Measurement: edge100_ro3
  step	V(ro3_out)={VTHRESH} 
     1	7.05444163435e-09
     2	6.06877055536e-09
     3	5.42256771317e-09
     4	9.63035615483e-09
     5	8.14665922371e-09
     6	7.18909469584e-09
     7	1.36685712464e-08
     8	1.14784629812e-08
     9	1.00686999071e-08

Measurement: edge100_ro4
  step	V(ro4_out)={VTHRESH} 
     1	7.27997692721e-09
     2	6.20236830567e-09
     3	5.51168665956e-09
     4	1.00632123664e-08
     5	8.41430443382e-09
     6	7.37241840773e-09
     7	1.44186701774e-08
     8	1.19559697058e-08
     9	1.04057319573e-08

Measurement: edge100_ro5
  step	V(ro5_out)={VTHRESH} 
     1	7.74230882661e-09
     2	6.52164687542e-09
     3	5.75411108937e-09
     4	1.0897007894e-08
     5	8.98339454263e-09
     6	7.79429546617e-09
     7	1.58078435154e-08
     8	1.29221778051e-08
     9	1.113451203e-08

Measurement: edge100_ro6
  step	V(ro6_out)={VTHRESH} 
     1	7.34094148755e-09
     2	6.24967564448e-09
     3	5.55347930118e-09
     4	1.0125543519e-08
     5	8.48855931575e-09
     6	7.44093869259e-09
     7	1.45178012409e-08
     8	1.20781292049e-08
     9	1.05215083243e-08

Measurement: edge100_ro7
  step	V(ro7_out)={VTHRESH} 
     1	7.51834202693e-09
     2	6.36784522045e-09
     3	5.65128901973e-09
     4	1.04042029728e-08
     5	8.68544582975e-09
     6	7.58841255263e-09
     7	1.49585254685e-08
     8	1.23942544437e-08
     9	1.07620577815e-08

Measurement: edge100_ro8
  step	V(ro8_out)={VTHRESH} 
     1	7.41041066634e-09
     2	6.30631767913e-09
     3	5.59607274932e-09
     4	1.02246950689e-08
     5	8.5510253916e-09
     6	7.4871166482e-09
     7	1.46527205188e-08
     8	1.21615797625e-08
     9	1.05801841847e-08

Measurement: edge100_ro9
  step	V(ro9_out)={VTHRESH} 
     1	7.2237774058e-09
     2	6.1801325314e-09
     3	5.50629230804e-09
     4	9.93165378241e-09
     5	8.3620065444e-09
     6	7.3492271283e-09
     7	1.41848066761e-08
     8	1.18553759769e-08
     9	1.03578792308e-08

Measurement: edge100_ro10
  step	V(ro10_out)={VTHRESH} 
     1	7.28486331234e-09
     2	6.22560295477e-09
     3	5.54433066448e-09
     4	1.00079120437e-08
     5	8.42175985569e-09
     6	7.39613982065e-09
     7	1.43099523551e-08
     8	1.19573372154e-08
     9	1.0439311e-08

Measurement: edge100_ro11
  step	V(ro11_out)={VTHRESH} 
     1	7.28612868743e-09
     2	6.23295842992e-09
     3	5.54336523324e-09
     4	9.97697982591e-09
     5	8.39433505876e-09
     6	7.37301312896e-09
     7	1.42293040499e-08
     8	1.18887448185e-08
     9	1.03813894337e-08

Measurement: edge100_ro12
  step	V(ro12_out)={VTHRESH} 
     1	7.50032551246e-09
     2	6.35700432678e-09
     3	5.63514866801e-09
     4	1.04217714277e-08
     5	8.68614559411e-09
     6	7.58469878254e-09
     7	1.50090326605e-08
     8	1.24117888743e-08
     9	1.07681292978e-08

Measurement: edge100_ro13
  step	V(ro13_out)={VTHRESH} 
     1	7.48587314058e-09
     2	6.35306001368e-09
     3	5.63410221671e-09
     4	1.03968505603e-08
     5	8.67415023542e-09
     6	7.57822114732e-09
     7	1.49649361609e-08
     8	1.23872011422e-08
     9	1.07527704425e-08

Measurement: edge100_ro14
  step	V(ro14_out)={VTHRESH} 
     1	6.86003393747e-09
     2	5.95059436828e-09
     3	5.33305514483e-09
     4	9.24710660644e-09
     5	7.89141519131e-09
     6	7.00052207261e-09
     7	1.30240077438e-08
     8	1.10412459194e-08
     9	9.74246263727e-09

Measurement: edge100_ro15
  step	V(ro15_out)={VTHRESH} 
     1	7.3366422235e-09
     2	6.25024534793e-09
     3	5.56248461805e-09
     4	1.00426482241e-08
     5	8.44624615096e-09
     6	7.41565463139e-09
     7	1.43435412588e-08
     8	1.19802758322e-08
     9	1.04575158717e-08

Measurement: edge100_ro16
  step	V(ro16_out)={VTHRESH} 
     1	7.70812788515e-09
     2	6.49967722461e-09
     3	5.73381774149e-09
     4	1.07710819809e-08
     5	8.91636226034e-09
     6	7.74826905791e-09
     7	1.55822738154e-08
     8	1.27915370348e-08
     9	1.10423907148e-08

Measurement: edge100_ro17
  step	V(ro17_out)={VTHRESH} 
     1	7.32551360754e-09
     2	6.24943756595e-09
     3	5.55874278578e-09
     4	1.00702405819e-08
     5	8.45969302612e-09
     6	7.4225765545e-09
     7	1.4398946375e-08
     8	1.2009607284e-08
     9	1.04754049625e-08

Measurement: edge100_ro18
  step	V(ro18_out)={VTHRESH} 
     1	6.70216068454e-09
     2	5.83698957761e-09
     3	5.25686994944e-09
     4	8.95452445656e-09
     5	7.69182211232e-09
     6	6.85405411142e-09
     7	1.25192777627e-08
     8	1.06885684851e-08
     9	9.47711637285e-09

Measurement: edge100_ro19
  step	V(ro19_out)={VTHRESH} 
     1	7.11454392463e-09
     2	6.13392890005e-09
     3	5.46337041935e-09
     4	9.66482590606e-09
     5	8.19014929478e-09
     6	7.2279244429e-09
     7	1.37031599319e-08
     8	1.15359513174e-08
     9	1.01247734026e-08

Measurement: edge100_ro20
  step	V(ro20_out)={VTHRESH} 
     1	7.26581155381e-09
     2	6.21064165772e-09
     3	5.52523064985e-09
     4	1.00246021748e-08
     5	8.41619756351e-09
     6	7.38647138627e-09
     7	1.43513257459e-08
     8	1.19550351907e-08
     9	1.04259025525e-08

Measurement: edge100_ro21
  step	V(ro21_out)={VTHRESH} 
     1	7.64519500274e-09
     2	6.47131954053e-09
     3	5.72039327934e-09
     4	1.06369890094e-08
     5	8.84459087076e-09
     6	7.70683015526e-09
     7	1.53400673539e-08
     8	1.26589727419e-08
     9	1.09604992549e-08

Measurement: edge100_ro22
  step	V(ro22_out)={VTHRESH} 
     1	7.65940840721e-09
     2	6.47495546104e-09
     3	5.72069084919e-09
     4	1.06938881576e-08
     5	8.87695207366e-09
     6	7.73191211462e-09
     7	1.54437074065e-08
     8	1.2720264002e-08
     9	1.10030721127e-08

Measurement: edge100_ro23
  step	V(ro23_out)={VTHRESH} 
     1	7.49724324842e-09
     2	6.35880413927e-09
     3	5.6396951358e-09
     4	1.03788340904e-08
     5	8.66252584149e-09
     6	7.56898028051e-09
     7	1.49099530495e-08
     8	1.23519078043e-08
     9	1.07263878305e-08

Measurement: edge100_ro24
  step	V(ro24_out)={VTHRESH} 
     1	7.37042127676e-09
     2	6.28081804024e-09
     3	5.58184100466e-09
     4	1.01604363024e-08
     5	8.51687474772e-09
     6	7.46473570115e-09
     7	1.45475443245e-08
     8	1.21053534596e-08
     9	1.05460003459e-08

Measurement: edge100_ro25
  step	V(ro25_out)={VTHRESH} 
     1	7.56497785009e-09
     2	6.4206136478e-09
     3	5.68210352741e-09
     4	1.05141510222e-08
     5	8.75668126197e-09
     6	7.64009144165e-09
     7	1.51392078905e-08
     8	1.25127184969e-08
     9	1.08476081913e-08

Measurement: edge100_ro26
  step	V(ro26_out)={VTHRESH} 
     1	7.27128124458e-09
     2	6.211869333e-09
     3	5.53458518974e-09
     4	1.00054900708e-08
     5	8.40482608336e-09
     6	7.37895498959e-09
     7	1.43102702223e-08
     8	1.19291336659e-08
     9	1.04086453068e-08

Measurement: edge100_ro27
  step	V(ro27_out)={VTHRESH} 
     1	8.01361095646e-09
     2	6.70965813474e-09
     3	5.88134124466e-09
     4	1.13395507612e-08
     5	9.29750717529e-09
     6	8.0283082782e-09
     7	1.65443047172e-08
     8	1.34512752733e-08
     9	1.15344480877e-08

Measurement: edge100_ro28
  step	V(ro28_out)={VTHRESH} 
     1	7.39695412896e-09
     2	6.29333403871e-09
     3	5.58359766515e-09
     4	1.02529376272e-08
     5	8.56819101503e-09
     6	7.49682131763e-09
     7	1.47250760723e-08
     8	1.22105100366e-08
     9	1.06145654722e-08

Measurement: edge100_ro29
  step	V(ro29_out)={VTHRESH} 
     1	7.93696024044e-09
     2	6.64152026871e-09
     3	5.82617292881e-09
     4	1.12412062787e-08
     5	9.21628153825e-09
     6	7.96260854616e-09
     7	1.64033823054e-08
     8	1.33301551667e-08
     9	1.14340867363e-08

Measurement: edge100_ro30
  step	V(ro30_out)={VTHRESH} 
     1	7.44249919969e-09
     2	6.3480779453e-09
     3	5.62079417908e-09
     4	1.03058137751e-08
     5	8.61971608608e-09
     6	7.54219227159e-09
     7	1.48084109573e-08
     8	1.2291900678e-08
     9	1.06886961315e-08

Measurement: edge100_ro31
  step	V(ro31_out)={VTHRESH} 
     1	7.47514249347e-09
     2	6.34742947042e-09
     3	5.63203647967e-09
     4	1.03373174463e-08
     5	8.64300569218e-09
     6	7.5573571811e-09
     7	1.4847571047e-08
     8	1.23220580713e-08
     9	1.0708911438e-08

Measurement: edge100_ro32
  step	V(ro32_out)={VTHRESH} 
     1	7.35221336518e-09
     2	6.27596149047e-09
     3	5.57624603175e-09
     4	1.0135909621e-08
     5	8.50757609486e-09
     6	7.46014443487e-09
     7	1.4517097257e-08
     8	1.20943596384e-08
     9	1.05406493896e-08

Measurement: edge100_ro33
  step	V(ro33_out)={VTHRESH} 
     1	7.25440705714e-09
     2	6.20797581443e-09
     3	5.53086774958e-09
     4	9.94497585693e-09
     5	8.3714181435e-09
     6	7.35811571242e-09
     7	1.4180372698e-08
     8	1.18500110347e-08
     9	1.0353873344e-08

Measurement: edge100_ro34
  step	V(ro34_out)={VTHRESH} 
     1	7.45758022959e-09
     2	6.34086804183e-09
     3	5.61724135697e-09
     4	1.03635361724e-08
     5	8.65289308628e-09
     6	7.56174147236e-09
     7	1.49251250458e-08
     8	1.2365566167e-08
     9	1.07373218334e-08

Measurement: edge100_ro35
  step	V(ro35_out)={VTHRESH} 
     1	7.99847773066e-09
     2	6.69286109509e-09
     3	5.8620291458e-09
     4	1.12267440796e-08
     5	9.18907530272e-09
     6	7.93505633879e-09
     7	1.62928581565e-08
     8	1.32200662197e-08
     9	1.13364407278e-08

Measurement: edge100_ro36
  step	V(ro36_out)={VTHRESH} 
     1	7.58835443997e-09
     2	6.42167717855e-09
     3	5.67624271071e-09
     4	1.0583547767e-08
     5	8.78212535541e-09
     6	7.65004497314e-09
     7	1.52630525079e-08
     8	1.25598876986e-08
     9	1.08671430643e-08

Measurement: edge100_ro37
  step	V(ro37_out)={VTHRESH} 
     1	7.61268271569e-09
     2	6.43978591149e-09
     3	5.69227108045e-09
     4	1.05840174533e-08
     5	8.78116753519e-09
     6	7.65045257795e-09
     7	1.52358061869e-08
     8	1.24093931244e-08
     9	1.08493056865e-08

Measurement: edge100_ro38
  step	V(ro38_out)={VTHRESH} 
     1	7.45350340703e-09
     2	6.35202017068e-09
     3	5.6221323631e-09
     4	1.03395186091e-08
     5	8.63820571694e-09
     6	7.55330693507e-09
     7	1.48675056763e-08
     8	1.23243551162e-08
     9	1.07085046431e-08

Measurement: edge100_ro39
  step	V(ro39_out)={VTHRESH} 
     1	7.16568202124e-09
     2	6.1541398999e-09
     3	5.47563858497e-09
     4	9.85997341809e-09
     5	8.30042700443e-09
     6	7.30116168803e-09
     7	1.40724267489e-08
     8	1.17589816029e-08
     9	1.02809999996e-08

Measurement: edge100_ro40
  step	V(ro40_out)={VTHRESH} 
     1	7.70012250669e-09
     2	6.50796919806e-09
     3	5.74939640718e-09
     4	1.07333064026e-08
     5	8.90695193445e-09
     6	7.74757230578e-09
     7	1.55051079202e-08
     8	1.27673182983e-08
     9	1.10375928074e-08

Measurement: edge100_ro41
  step	V(ro41_out)={VTHRESH} 
     1	7.55473879608e-09
     2	6.39351435237e-09
     3	5.65208833497e-09
     4	1.05332626488e-08
     5	8.74618389473e-09
     6	7.61928631377e-09
     7	1.52084145992e-08
     8	1.25249668611e-08
     9	1.08373689796e-08

Measurement: edge100_ro42
  step	V(ro42_out)={VTHRESH} 
     1	7.11368574351e-09
     2	6.10989603996e-09
     3	5.45375588132e-09
     4	9.68496118024e-09
     5	8.19227701433e-09
     6	7.22230117801e-09
     7	1.37327276957e-08
     8	1.15484529804e-08
     9	1.01225530695e-08

Measurement: edge100_ro43
  step	V(ro43_out)={VTHRESH} 
     1	6.98528060795e-09
     2	6.02199699321e-09
     3	5.38559788069e-09
     4	9.48872916687e-09
     5	8.05285981338e-09
     6	7.11879626912e-09
     7	1.34335313904e-08
     8	1.13233466167e-08
     9	9.95279791767e-09

Measurement: edge100_ro44
  step	V(ro44_out)={VTHRESH} 
     1	7.39474649676e-09
     2	6.30283215819e-09
     3	5.58942732063e-09
     4	1.01938952873e-08
     5	8.53837418057e-09
     6	7.47190076834e-09
     7	1.45923039302e-08
     8	1.21205991251e-08
     9	1.05502890463e-08

Measurement: edge100_ro45
  step	V(ro45_out)={VTHRESH} 
     1	7.99492170827e-09
     2	6.69824666563e-09
     3	5.87979941334e-09
     4	1.13125192158e-08
     5	9.29076954785e-09
     6	8.02740398411e-09
     7	1.65117487402e-08
     8	1.34463896051e-08
     9	1.15384523751e-08

Measurement: edge100_ro46
  step	V(ro46_out)={VTHRESH} 
     1	7.45236632807e-09
     2	6.34671876744e-09
     3	5.61109939761e-09
     4	1.03305269239e-08
     5	8.62256578887e-09
     6	7.53832092614e-09
     7	1.48515888199e-08
     8	1.23018607313e-08
     9	1.06852020175e-08

Measurement: edge100_ro47
  step	V(ro47_out)={VTHRESH} 
     1	7.16950685976e-09
     2	6.14581109966e-09
     3	5.47449148502e-09
     4	9.837220403e-09
     5	8.28615040805e-09
     6	7.28976239353e-09
     7	1.40275571987e-08
     8	1.17289065394e-08
     9	1.02566063563e-08

Measurement: edge100_ro48
  step	V(ro48_out)={VTHRESH} 
     1	8.04326138592e-09
     2	6.74222271437e-09
     3	5.90051513872e-09
     4	1.13937600429e-08
     5	9.34122400565e-09
     6	8.06516150834e-09
     7	1.66358767037e-08
     8	1.35270605271e-08
     9	1.15971159114e-08

Measurement: edge100_ro49
  step	V(ro49_out)={VTHRESH} 
     1	6.89584654053e-09
     2	5.96418846922e-09
     3	5.35422470915e-09
     4	9.30520135619e-09
     5	7.9326085953e-09
     6	7.03422717311e-09
     7	1.31032625915e-08
     8	1.10986699078e-08
     9	9.78899756154e-09

Measurement: edge100_ro50
  step	V(ro50_out)={VTHRESH} 
     1	7.38632095217e-09
     2	6.28693805542e-09
     3	5.57759160207e-09
     4	1.02228392317e-08
     5	8.54569359697e-09
     6	7.47818686627e-09
     7	1.46715606936e-08
     8	1.21690167758e-08
     9	1.05809252245e-08

Measurement: edge100_ro51
  step	V(ro51_out)={VTHRESH} 
     1	7.20063285552e-09
     2	6.17048321319e-09
     3	5.50010958653e-09
     4	9.87827884313e-09
     5	8.32842498936e-09
     6	7.32758181108e-09
     7	1.4086996982e-08
     8	1.17922771316e-08
     9	1.0313820393e-08

Measurement: edge100_ro52
  step	V(ro52_out)={VTHRESH} 
     1	6.91393877194e-09
     2	5.9681657368e-09
     3	5.35131678481e-09
     4	9.36155448238e-09
     5	7.96569929851e-09
     6	7.05575891555e-09
     7	1.32238217471e-08
     8	1.11758266812e-08
     9	9.84412688108e-09

Measurement: edge100_ro53
  step	V(ro53_out)={VTHRESH} 
     1	6.96254419693e-09
     2	6.01113337388e-09
     3	5.3855064124e-09
     4	9.45265191696e-09
     5	8.03713560438e-09
     6	7.11180970901e-09
     7	1.33709104931e-08
     8	1.12934707912e-08
     9	9.93812881087e-09

Measurement: edge100_ro54
  step	V(ro54_out)={VTHRESH} 
     1	7.7602804629e-09
     2	6.55260277431e-09
     3	5.75801255954e-09
     4	1.08850031713e-08
     5	8.99990337391e-09
     6	7.8136461824e-09
     7	1.57875887832e-08
     8	1.29474780683e-08
     9	1.11658333287e-08

Measurement: edge100_ro55
  step	V(ro55_out)={VTHRESH} 
     1	7.6052147524e-09
     2	6.43154957476e-09
     3	5.68335197999e-09
     4	1.06024500519e-08
     5	8.79500827159e-09
     6	7.65869868718e-09
     7	1.52878947043e-08
     8	1.25765663303e-08
     9	1.08778600478e-08

Measurement: edge100_ro56
  step	V(ro56_out)={VTHRESH} 
     1	6.85038048089e-09
     2	5.94983094884e-09
     3	5.31436706413e-09
     4	9.30718573431e-09
     5	7.92007125696e-09
     6	7.01769352841e-09
     7	1.31563960479e-08
     8	1.11161791447e-08
     9	9.79364629499e-09

Measurement: edge100_ro57
  step	V(ro57_out)={VTHRESH} 
     1	7.2378806683e-09
     2	6.18046004247e-09
     3	5.50913895316e-09
     4	9.98043982169e-09
     5	8.3788677693e-09
     6	7.35586881631e-09
     7	1.42735385935e-08
     8	1.18900899917e-08
     9	1.0372393717e-08

Measurement: edge100_ro58
  step	V(ro58_out)={VTHRESH} 
     1	7.53762460408e-09
     2	6.39566346924e-09
     3	5.66508693474e-09
     4	1.04951805708e-08
     5	8.74712846533e-09
     6	7.63420262145e-09
     7	1.51263575939e-08
     8	1.25115481445e-08
     9	1.08505646996e-08

Measurement: edge100_ro59
  step	V(ro59_out)={VTHRESH} 
     1	7.26374850929e-09
     2	6.20992000799e-09
     3	5.52249073622e-09
     4	9.93518750893e-09
     5	8.35051811777e-09
     6	7.3338934494e-09
     7	1.41549147317e-08
     8	1.18103896486e-08
     9	1.03109177029e-08

Measurement: edge100_ro60
  step	V(ro60_out)={VTHRESH} 
     1	7.79814783284e-09
     2	6.56821099034e-09
     3	5.78199640425e-09
     4	1.09582734956e-08
     5	9.05875873879e-09
     6	7.86208754473e-09
     7	1.59175677237e-08
     8	1.30522890924e-08
     9	1.12522641704e-08

Measurement: edge100_ro61
  step	V(ro61_out)={VTHRESH} 
     1	7.53581878054e-09
     2	6.37872693928e-09
     3	5.6457701139e-09
     4	1.04774329169e-08
     5	8.71663602819e-09
     6	7.60403086508e-09
     7	1.50924305912e-08
     8	1.24576868974e-08
     9	1.07983718579e-08

Measurement: edge100_ro62
  step	V(ro62_out)={VTHRESH} 
     1	7.62950101904e-09
     2	6.4500229697e-09
     3	5.7022390627e-09
     4	1.06521595262e-08
     5	8.84106194958e-09
     6	7.69659141164e-09
     7	1.5401112451e-08
     8	1.26819839486e-08
     9	1.09681354485e-08

Measurement: edge100_ro63
  step	V(ro63_out)={VTHRESH} 
     1	7.69678158162e-09
     2	6.50863748292e-09
     3	5.74811321411e-09
     4	1.07621800408e-08
     5	8.92012334407e-09
     6	7.75475675309e-09
     7	1.55796071348e-08
     8	1.28073275685e-08
     9	1.10620592118e-08

Measurement: edge100_ro64
  step	V(ro64_out)={VTHRESH} 
     1	7.40210114011e-09
     2	6.30803642502e-09
     3	5.59547965859e-09
     4	1.02104539653e-08
     5	8.55204390389e-09
     6	7.48881823755e-09
     7	1.46333930888e-08
     8	1.21681739454e-08
     9	1.05911173452e-08

Measurement: edge100_ro65
  step	V(ro65_out)={VTHRESH} 
     1	7.33302827755e-09
     2	6.25592300871e-09
     3	5.55231784781e-09
     4	1.00935826401e-08
     5	8.46311731603e-09
     6	7.41996509854e-09
     7	1.44415911277e-08
     8	1.20185549132e-08
     9	1.04721861425e-08

Measurement: edge100_ro66
  step	V(ro66_out)={VTHRESH} 
     1	7.37647099619e-09
     2	6.28982134538e-09
     3	5.58511751271e-09
     4	1.01865196771e-08
     5	8.53830130277e-09
     6	7.48155768356e-09
     7	1.46013906684e-08
     8	1.21484298709e-08
     9	1.05793394587e-08

Measurement: edge100_ro67
  step	V(ro67_out)={VTHRESH} 
     1	7.39447920355e-09
     2	6.29943974119e-09
     3	5.5842823243e-09
     4	1.02552431199e-08
     5	8.56885964348e-09
     6	7.49760675258e-09
     7	1.47287150141e-08
     8	1.22126356173e-08
     9	1.06189642407e-08

Measurement: edge100_ro68
  step	V(ro68_out)={VTHRESH} 
     1	7.39558163696e-09
     2	6.29814391848e-09
     3	5.59161562183e-09
     4	1.02027786451e-08
     5	8.53774387501e-09
     6	7.47679151169e-09
     7	1.46098382859e-08
     8	1.21343882165e-08
     9	1.05604858549e-08

Measurement: edge100_ro69
  step	V(ro69_out)={VTHRESH} 
     1	7.51201064313e-09
     2	6.3557948143e-09
     3	5.6303402296e-09
     4	1.04795689486e-08
     5	8.70473591967e-09
     6	7.58944018377e-09
     7	1.5130466624e-08
     8	1.2461096335e-08
     9	1.07898958961e-08

Measurement: edge100_ro70
  step	V(ro70_out)={VTHRESH} 
     1	7.35346024645e-09
     2	6.27395283961e-09
     3	5.57224991815e-09
     4	1.01586443351e-08
     5	8.51395140577e-09
     6	7.46352287972e-09
     7	1.45497995812e-08
     8	1.21033500455e-08
     9	1.05455554349e-08

Measurement: edge100_ro71
  step	V(ro71_out)={VTHRESH} 
     1	7.0984671049e-09
     2	6.1094878134e-09
     3	5.45206045751e-09
     4	9.66808310125e-09
     5	8.19189643918e-09
     6	7.22852151005e-09
     7	1.37281048226e-08
     8	1.15537411569e-08
     9	1.01378275808e-08

Measurement: edge100_ro72
  step	V(ro72_out)={VTHRESH} 
     1	7.36110512552e-09
     2	6.28077291773e-09
     3	5.57888539703e-09
     4	1.01748090591e-08
     5	8.53005549356e-09
     6	7.4762777346e-09
     7	1.4589496211e-08
     8	1.21422960453e-08
     9	1.05761107962e-08

Measurement: edge100_ro73
  step	V(ro73_out)={VTHRESH} 
     1	7.47130648567e-09
     2	6.35192804621e-09
     3	5.62409723933e-09
     4	1.03716911176e-08
     5	8.65329812922e-09
     6	7.56180273623e-09
     7	1.49257252194e-08
     8	1.23575283436e-08
     9	1.07306771344e-08

Measurement: edge100_ro74
  step	V(ro74_out)={VTHRESH} 
     1	7.16691834044e-09
     2	6.14840524363e-09
     3	5.48889973243e-09
     4	9.81825533097e-09
     5	8.28891374966e-09
     6	7.29772773336e-09
     7	1.39886545944e-08
     8	1.17249690611e-08
     9	1.02626249985e-08

Measurement: edge100_ro75
  step	V(ro75_out)={VTHRESH} 
     1	7.40268668381e-09
     2	6.30151890656e-09
     3	5.58450066626e-09
     4	1.02480976373e-08
     5	8.56406069332e-09
     6	7.49340775895e-09
     7	1.47031804285e-08
     8	1.21923460391e-08
     9	1.06013121952e-08

Measurement: edge100_ro76
  step	V(ro76_out)={VTHRESH} 
     1	7.80646675943e-09
     2	6.57317799508e-09
     3	5.79209380615e-09
     4	1.09637009406e-08
     5	9.06624882074e-09
     6	7.8683680427e-09
     7	1.59248004225e-08
     8	1.3065488038e-08
     9	1.12651350761e-08

Measurement: edge100_ro77
  step	V(ro77_out)={VTHRESH} 
     1	7.46650220681e-09
     2	6.33397217187e-09
     3	5.60558147877e-09
     4	1.0380637263e-08
     5	8.62884409089e-09
     6	7.53245781814e-09
     7	1.49337640497e-08
     8	1.23112462487e-08
     9	1.06754887728e-08

Measurement: edge100_ro78
  step	V(ro78_out)={VTHRESH} 
     1	6.95278288471e-09
     2	5.99565735949e-09
     3	5.36784597987e-09
     4	9.44769650318e-09
     5	8.01845682046e-09
     6	7.09167985533e-09
     7	1.3363987856e-08
     8	1.12620192437e-08
     9	9.90320991438e-09

Measurement: edge100_ro79
  step	V(ro79_out)={VTHRESH} 
     1	7.46403614424e-09
     2	6.35262223731e-09
     3	5.63692826554e-09
     4	1.03029942425e-08
     5	8.62652877841e-09
     6	7.5490295045e-09
     7	1.47814996001e-08
     8	1.22868592255e-08
     9	1.06884733174e-08

Measurement: edge100_ro80
  step	V(ro80_out)={VTHRESH} 
     1	7.35754592131e-09
     2	6.27875327515e-09
     3	5.57461204576e-09
     4	1.01614240488e-08
     5	8.52172225359e-09
     6	7.46873153427e-09
     7	1.45690337157e-08
     8	1.21290761711e-08
     9	1.0566061903e-08

Measurement: edge100_ro81
  step	V(ro81_out)={VTHRESH} 
     1	7.28366207093e-09
     2	6.22600357542e-09
     3	5.54276298526e-09
     4	9.99663950423e-09
     5	8.40819297223e-09
     6	7.38458347539e-09
     7	1.42730780119e-08
     8	1.19207835507e-08
     9	1.04080855562e-08

Measurement: edge100_ro82
  step	V(ro82_out)={VTHRESH} 
     1	7.69177964277e-09
     2	6.45683344458e-09
     3	5.68765876571e-09
     4	1.07643180258e-08
     5	8.85000172163e-09
     6	7.67281723851e-09
     7	1.55713615339e-08
     8	1.26883731757e-08
     9	1.09208361863e-08

Measurement: edge100_ro83
  step	V(ro83_out)={VTHRESH} 
     1	7.11172954673e-09
     2	6.09515521008e-09
     3	5.43408461899e-09
     4	9.71629175808e-09
     5	8.1852266835e-09
     6	7.20642786583e-09
     7	1.38176021356e-08
     8	1.15539072836e-08
     9	1.01091503513e-08

Measurement: edge100_ro84
  step	V(ro84_out)={VTHRESH} 
     1	7.09340287786e-09
     2	6.10190043585e-09
     3	5.44765215085e-09
     4	9.6656412373e-09
     5	8.17998887133e-09
     6	7.21644541146e-09
     7	1.37202991337e-08
     8	1.15304412841e-08
     9	1.01139043512e-08

Measurement: edge100_ro85
  step	V(ro85_out)={VTHRESH} 
     1	7.38700232093e-09
     2	6.29364173895e-09
     3	5.58529603391e-09
     4	1.0221148724e-08
     5	8.55410236372e-09
     6	7.49069333623e-09
     7	1.46626130414e-08
     8	1.2177483535e-08
     9	1.05962845279e-08

Measurement: edge100_ro86
  step	V(ro86_out)={VTHRESH} 
     1	7.24556369529e-09
     2	6.17814806792e-09
     3	5.49547333885e-09
     4	1.00111650713e-08
     5	8.37378141235e-09
     6	7.34199410885e-09
     7	1.43391656648e-08
     8	1.18911520679e-08
     9	1.0355788599e-08

Measurement: edge100_ro87
  step	V(ro87_out)={VTHRESH} 
     1	7.3093723273e-09
     2	6.23773857022e-09
     3	5.55238488082e-09
     4	1.00756689274e-08
     5	8.45126698122e-09
     6	7.41132049796e-09
     7	1.44171770023e-08
     8	1.20026913127e-08
     9	1.04611303497e-08

Measurement: edge100_ro88
  step	V(ro88_out)={VTHRESH} 
     1	7.07586636258e-09
     2	6.08576129665e-09
     3	5.43813587315e-09
     4	9.65630451052e-09
     5	8.17437291004e-09
     6	7.21270833281e-09
     7	1.37134446838e-08
     8	1.1528299145e-08
     9	1.01142709625e-08

Measurement: edge100_ro89
  step	V(ro89_out)={VTHRESH} 
     1	7.12841520364e-09
     2	6.11159690127e-09
     3	5.4516374202e-09
     4	9.72933949205e-09
     5	8.21127598569e-09
     6	7.23180329405e-09
     7	1.38502837667e-08
     8	1.16008403382e-08
     9	1.01549326193e-08

Measurement: edge100_ro90
  step	V(ro90_out)={VTHRESH} 
     1	7.41222798659e-09
     2	6.31269613943e-09
     3	5.59909892775e-09
     4	1.01937252102e-08
     5	8.53175731134e-09
     6	7.47027427147e-09
     7	1.45798031267e-08
     8	1.21129471242e-08
     9	1.05416753315e-08

Measurement: edge100_ro91
  step	V(ro91_out)={VTHRESH} 
     1	7.00212671117e-09
     2	6.04102052408e-09
     3	5.40356162641e-09
     4	9.4962000951e-09
     5	8.06985816906e-09
     6	7.13646443945e-09
     7	1.34352285043e-08
     8	1.13424106223e-08
     9	9.97603915172e-09

Measurement: edge100_ro92
  step	V(ro92_out)={VTHRESH} 
     1	7.47590075634e-09
     2	6.34492880804e-09
     3	5.61995544563e-09
     4	1.03846390324e-08
     5	8.65363040584e-09
     6	7.55677045427e-09
     7	1.49463233221e-08
     8	1.23556696001e-08
     9	1.07191607345e-08

Measurement: edge100_ro93
  step	V(ro93_out)={VTHRESH} 
     1	7.26448105796e-09
     2	6.20953492115e-09
     3	5.52763437053e-09
     4	1.0012704258e-08
     5	8.41310423835e-09
     6	7.38583066539e-09
     7	1.43357186744e-08
     8	1.19533412638e-08
     9	1.04280569925e-08

Measurement: edge100_ro94
  step	V(ro94_out)={VTHRESH} 
     1	7.00879012594e-09
     2	6.0391158301e-09
     3	5.40222124495e-09
     4	9.54876939929e-09
     5	8.09881323196e-09
     6	7.15512127888e-09
     7	1.35415116958e-08
     8	1.14053894083e-08
     9	1.00194719705e-08

Measurement: edge100_ro95
  step	V(ro95_out)={VTHRESH} 
     1	7.57428484683e-09
     2	6.38803743455e-09
     3	5.64327045017e-09
     4	1.05833486847e-08
     5	8.74491508962e-09
     6	7.60913016775e-09
     7	1.52810223842e-08
     8	1.2520240402e-08
     9	1.08191487176e-08

Measurement: edge100_ro96
  step	V(ro96_out)={VTHRESH} 
     1	7.11370730114e-09
     2	6.10948642274e-09
     3	5.45416799134e-09
     4	9.70220694504e-09
     5	8.20896395224e-09
     6	7.23754311757e-09
     7	1.37964002427e-08
     8	1.1593485431e-08
     9	1.01635890842e-08

Measurement: edge100_ro97
  step	V(ro97_out)={VTHRESH} 
     1	7.48980207613e-09
     2	6.35127598905e-09
     3	5.64149898223e-09
     4	1.03902045328e-08
     5	8.67567500017e-09
     6	7.58370254747e-09
     7	1.49422434257e-08
     8	1.23808061426e-08
     9	1.07543851882e-08

Measurement: edge100_ro98
  step	V(ro98_out)={VTHRESH} 
     1	8.19548154288e-09
     2	6.81204195434e-09
     3	5.94566846692e-09
     4	1.16429047381e-08
     5	9.48076822049e-09
     6	8.15240440812e-09
     7	1.70461553808e-08
     8	1.3758349743e-08
     9	1.17466459505e-08

Measurement: edge100_ro99
  step	V(ro99_out)={VTHRESH} 
     1	7.11926047878e-09
     2	6.10456857897e-09
     3	5.45012825028e-09
     4	9.72061825071e-09
     5	8.20986713836e-09
     6	7.23556256801e-09
     7	1.38196026326e-08
     8	1.15875258852e-08
     9	1.01514905964e-08

Measurement: edge100_ro100
  step	V(ro100_out)={VTHRESH} 
     1	7.35266192556e-09
     2	6.26926465233e-09
     3	5.56867525197e-09
     4	1.01478424105e-08
     5	8.50605278932e-09
     6	7.45319312972e-09
     7	1.45485011568e-08
     8	1.21052520219e-08
     9	1.05433418345e-08

Measurement: edge100_ro101
  step	V(ro101_out)={VTHRESH} 
     1	7.44408909965e-09
     2	6.33832521478e-09
     3	5.62134898151e-09
     4	1.02516452066e-08
     5	8.58284740412e-09
     6	7.51340906961e-09
     7	1.46860459533e-08
     8	1.2205689861e-08
     9	1.06199655355e-08

Measurement: edge100_ro102
  step	V(ro102_out)={VTHRESH} 
     1	7.27322691618e-09
     2	6.2267528556e-09
     3	5.5414643917e-09
     4	9.95566408958e-09
     5	8.38567410727e-09
     6	7.36946946841e-09
     7	1.41974101115e-08
     8	1.18757717716e-08
     9	1.03763411961e-08

Measurement: edge100_ro103
  step	V(ro103_out)={VTHRESH} 
     1	7.6733172163e-09
     2	6.47790213274e-09
     3	5.71765312261e-09
     4	1.06778199406e-08
     5	8.85267786247e-09
     6	7.70497200409e-09
     7	1.5391120472e-08
     8	1.26590871356e-08
     9	1.09463147649e-08

Measurement: edge100_ro104
  step	V(ro104_out)={VTHRESH} 
     1	7.47925947167e-09
     2	6.342926255e-09
     3	5.62960660854e-09
     4	1.03561679611e-08
     5	8.64043674146e-09
     6	7.55161343454e-09
     7	1.48661301648e-08
     8	1.23095890817e-08
     9	1.06925136988e-08

Measurement: edge100_ro105
  step	V(ro105_out)={VTHRESH} 
     1	7.73513464794e-09
     2	6.51312752436e-09
     3	5.74175561403e-09
     4	1.08293779194e-08
     5	8.94090434586e-09
     6	7.76408879889e-09
     7	1.56826021324e-08
     8	1.28411136897e-08
     9	1.107423563e-08

Measurement: edge100_ro106
  step	V(ro106_out)={VTHRESH} 
     1	6.89163381089e-09
     2	5.95292909212e-09
     3	5.35107655206e-09
     4	9.31548606832e-09
     5	7.94533018242e-09
     6	7.04557775663e-09
     7	1.3140451376e-08
     8	1.11365519612e-08
     9	9.82171112971e-09

Measurement: edge100_ro107
  step	V(ro107_out)={VTHRESH} 
     1	7.22229835172e-09
     2	6.18499107348e-09
     3	5.51045771491e-09
     4	9.8895964327e-09
     5	8.33122616578e-09
     6	7.32718194036e-09
     7	1.408913283e-08
     8	1.17851434513e-08
     9	1.03046349597e-08

Measurement: edge100_ro108
  step	V(ro108_out)={VTHRESH} 
     1	7.54890473142e-09
     2	6.38661489249e-09
     3	5.6601774498e-09
     4	1.0469594152e-08
     5	8.71557839399e-09
     6	7.60746662676e-09
     7	1.50551775113e-08
     8	1.24335523625e-08
     9	1.07826835422e-08

Measurement: edge100_ro109
  step	V(ro109_out)={VTHRESH} 
     1	7.2026924377e-09
     2	6.16542468476e-09
     3	5.50321121778e-09
     4	9.87152023566e-09
     5	8.3268817611e-09
     6	7.32628135401e-09
     7	1.40762299024e-08
     8	1.17871571414e-08
     9	1.03102481843e-08

Measurement: edge100_ro110
  step	V(ro110_out)={VTHRESH} 
     1	7.19124023602e-09
     2	6.14646023616e-09
     3	5.49533931184e-09
     4	9.86305092344e-09
     5	8.31836130591e-09
     6	7.32008345057e-09
     7	1.40595687653e-08
     8	1.17733077744e-08
     9	1.02990540875e-08

Measurement: edge100_ro111
  step	V(ro111_out)={VTHRESH} 
     1	7.0310779337e-09
     2	6.05334994343e-09
     3	5.41195078133e-09
     4	9.59904475109e-09
     5	8.13372534468e-09
     6	7.18079983465e-09
     7	1.36372855906e-08
     8	1.14742720475e-08
     9	1.00723154045e-08

Measurement: edge100_ro112
  step	V(ro112_out)={VTHRESH} 
     1	7.69074335223e-09
     2	6.50846037716e-09
     3	5.74189543454e-09
     4	1.07329822079e-08
     5	8.91013061004e-09
     6	7.75418874356e-09
     7	1.5515201597e-08
     8	1.27809716742e-08
     9	1.10517433465e-08

Measurement: edge100_ro113
  step	V(ro113_out)={VTHRESH} 
     1	7.41569382837e-09
     2	6.30982450169e-09
     3	5.59725303063e-09
     4	1.02866824011e-08
     5	8.59789529074e-09
     6	7.52172456716e-09
     7	1.47882140344e-08
     8	1.22656569777e-08
     9	1.06619612334e-08

Measurement: edge100_ro114
  step	V(ro114_out)={VTHRESH} 
     1	7.6266255034e-09
     2	6.43771475261e-09
     3	5.68844088291e-09
     4	1.06637298396e-08
     5	8.83011114608e-09
     6	7.68335307306e-09
     7	1.54214459887e-08
     8	1.26609916165e-08
     9	1.09404455353e-08

Measurement: edge100_ro115
  step	V(ro115_out)={VTHRESH} 
     1	7.69817688758e-09
     2	6.50593454038e-09
     3	5.75553294066e-09
     4	1.07530137582e-08
     5	8.92113440077e-09
     6	7.76123087377e-09
     7	1.556010659e-08
     8	1.28054539724e-08
     9	1.10685831454e-08

Measurement: edge100_ro116
  step	V(ro116_out)={VTHRESH} 
     1	7.32801503118e-09
     2	6.24931079282e-09
     3	5.547909351e-09
     4	1.0099027559e-08
     5	8.47133543745e-09
     6	7.42884555863e-09
     7	1.44559693722e-08
     8	1.20348620869e-08
     9	1.04881888178e-08

Measurement: edge100_ro117
  step	V(ro117_out)={VTHRESH} 
     1	7.46432210028e-09
     2	6.34515667777e-09
     3	5.62382836542e-09
     4	1.03516456479e-08
     5	8.64395129946e-09
     6	7.5551594482e-09
     7	1.48909480694e-08
     8	1.23384799939e-08
     9	1.07160949915e-08

Measurement: edge100_ro118
  step	V(ro118_out)={VTHRESH} 
     1	7.30980649818e-09
     2	6.23169762778e-09
     3	5.55010466775e-09
     4	1.00757202208e-08
     5	8.45299164589e-09
     6	7.41455701547e-09
     7	1.44268798578e-08
     8	1.20133838988e-08
     9	1.04725944438e-08

Measurement: edge100_ro119
  step	V(ro119_out)={VTHRESH} 
     1	7.33138535148e-09
     2	6.25691156809e-09
     3	5.55192128003e-09
     4	1.010998626e-08
     5	8.47860807807e-09
     6	7.43441502109e-09
     7	1.44702186122e-08
     8	1.20461585786e-08
     9	1.04970282516e-08

Measurement: edge100_ro120
  step	V(ro120_out)={VTHRESH} 
     1	7.75824587315e-09
     2	6.52485035888e-09
     3	5.75633045947e-09
     4	1.09137784322e-08
     5	8.98432219974e-09
     6	7.7893364009e-09
     7	1.58434521689e-08
     8	1.29284392553e-08
     9	1.11285310954e-08

Measurement: edge100_ro121
  step	V(ro121_out)={VTHRESH} 
     1	7.14772831348e-09
     2	6.13973328797e-09
     3	5.47159348326e-09
     4	9.81654622829e-09
     5	8.27936830138e-09
     6	7.28909128511e-09
     7	1.39997056251e-08
     8	1.17190393517e-08
     9	1.02540595231e-08

Measurement: edge100_ro122
  step	V(ro122_out)={VTHRESH} 
     1	7.2482331649e-09
     2	6.18838275174e-09
     3	5.51331750888e-09
     4	9.97686662931e-09
     5	8.37276601397e-09
     6	7.35004772474e-09
     7	1.42571274981e-08
     8	1.18712434868e-08
     9	1.0355235057e-08

Measurement: edge100_ro123
  step	V(ro123_out)={VTHRESH} 
     1	7.40736109934e-09
     2	6.31206563503e-09
     3	5.59799896463e-09
     4	1.02193662388e-08
     5	8.55715197324e-09
     6	7.49225257613e-09
     7	1.46512293222e-08
     8	1.2177275476e-08
     9	1.05961355011e-08

Measurement: edge100_ro124
  step	V(ro124_out)={VTHRESH} 
     1	7.45539963972e-09
     2	6.34467067392e-09
     3	5.62349175426e-09
     4	1.03134456307e-08
     5	8.62636184127e-09
     6	7.5461260179e-09
     7	1.4812423955e-08
     8	1.22968202365e-08
     9	1.0691119828e-08

Measurement: edge100_ro125
  step	V(ro125_out)={VTHRESH} 
     1	7.79377243211e-09
     2	6.56312436329e-09
     3	5.78535195742e-09
     4	1.09401730185e-08
     5	9.05359582996e-09
     6	7.86126774462e-09
     7	1.58770591475e-08
     8	1.30365697134e-08
     9	1.12459910108e-08

Measurement: edge100_ro126
  step	V(ro126_out)={VTHRESH} 
     1	7.19001853768e-09
     2	6.16398430671e-09
     3	5.49550353882e-09
     4	9.85230190693e-09
     5	8.31039437931e-09
     6	7.31241882974e-09
     7	1.40482122094e-08
     8	1.17645773141e-08
     9	1.02905206618e-08

Measurement: edge100_ro127
  step	V(ro127_out)={VTHRESH} 
     1	7.39592719785e-09
     2	6.30817659661e-09
     3	5.59098750436e-09
     4	1.02116234358e-08
     5	8.54444684608e-09
     6	7.48109666895e-09
     7	1.46346013256e-08
     8	1.2151847314e-08
     9	1.05723021724e-08
