LTspice 26.0.2 for Windows
Circuit: C:\Users\JUST\Documents\LTspice\RO_PUF_PVT_100\chip_093_PVT.net
Start Time: Mon Jul 20 10:48:11 2026
Options:plotwinsize=0 numdgt=10 reltol=1e-4 abstol=1e-12 vntol=1e-6 reltol=0.003 vntol=1m abstol=1e-10 gmin=1e-10 threads=1

.step vddval=0.9 temp=-20°
solver = Normal
Maximum thread count: 1
tnom = 27
temp = -20
method = trap
gmin = 1e-10
abstol = 1e-10
reltol = 0.003
volttol = 0.001
Per .tran options, skipping operating point for transient analysis.

.step vddval=1 temp=-20°

.step vddval=1.1 temp=-20°

.step vddval=0.9 temp=25°

.step vddval=1 temp=25°

.step vddval=1.1 temp=25°

.step vddval=0.9 temp=80°

.step vddval=1 temp=80°

.step vddval=1.1 temp=80°
Total elapsed time: 2107.030 seconds.

Files loaded:
C:\Users\JUST\Documents\LTspice\RO_PUF_PVT_100\chip_093_PVT.net
C:\Users\JUST\Documents\LTspice\RO_PUF_PVT_100\45nm_HP.pm
C:\Users\JUST\Documents\LTspice\RO_PUF_PVT_100\chip_093_mismatch.inc


Measurement: t_ro0
  step	t_ro0	FROM	TO
     1	6.04129304512e-09	1.44965246651e-09	7.49094551164e-09
     2	5.11998839206e-09	1.22725487101e-09	6.34724326307e-09
     3	4.54634889493e-09	1.08758945039e-09	5.63393834532e-09
     4	8.35655885708e-09	2.00632481782e-09	1.03628836749e-08
     5	6.97112419223e-09	1.66983396265e-09	8.64095815488e-09
     6	6.08994215953e-09	1.45714644618e-09	7.54708860571e-09
     7	1.19920670851e-08	2.87919867779e-09	1.48712657629e-08
     8	9.92516325271e-09	2.37779659176e-09	1.23029598445e-08
     9	8.61739974834e-09	2.06228076619e-09	1.06796805145e-08

Measurement: t_ro1
  step	t_ro1	FROM	TO
     1	6.17189816985e-09	1.47870426246e-09	7.65060243231e-09
     2	5.21504752333e-09	1.24772219743e-09	6.46276972076e-09
     3	4.60707295021e-09	1.10169404427e-09	5.70876699448e-09
     4	8.64728394539e-09	2.07164202763e-09	1.0718925973e-08
     5	7.17076130694e-09	1.71574211553e-09	8.88650342247e-09
     6	6.23970706836e-09	1.49128168935e-09	7.73098875771e-09
     7	1.25159634381e-08	2.99783832491e-09	1.5513801763e-08
     8	1.02951409296e-08	2.46302077977e-09	1.27581617094e-08
     9	8.89804513683e-09	2.12718404084e-09	1.10252291777e-08

Measurement: t_ro2
  step	t_ro2	FROM	TO
     1	6.13695605782e-09	1.47442953935e-09	7.61138559718e-09
     2	5.19221011806e-09	1.24660543622e-09	6.43881555428e-09
     3	4.58851044109e-09	1.10134463853e-09	5.68985507962e-09
     4	8.54625856176e-09	2.05394040076e-09	1.06001989625e-08
     5	7.09683141434e-09	1.70438811142e-09	8.80121952576e-09
     6	6.18161618776e-09	1.48398443568e-09	7.66560062344e-09
     7	1.23338051824e-08	2.96455569761e-09	1.529836088e-08
     8	1.01595021924e-08	2.44036396242e-09	1.25998661548e-08
     9	8.79064466983e-09	2.11059227719e-09	1.0901236947e-08

Measurement: t_ro3
  step	t_ro3	FROM	TO
     1	5.88838776832e-09	1.41518173436e-09	7.30356950268e-09
     2	5.01774975658e-09	1.20337729262e-09	6.22112704921e-09
     3	4.45893342415e-09	1.06801892384e-09	5.52695234799e-09
     4	8.14839069365e-09	1.95997630403e-09	1.01083669977e-08
     5	6.81377145262e-09	1.63530708239e-09	8.44907853501e-09
     6	5.96919341409e-09	1.43092430713e-09	7.40011772122e-09
     7	1.16746711172e-08	2.80918797318e-09	1.44838590904e-08
     8	9.68225589071e-09	2.32500720583e-09	1.20072630965e-08
     9	8.42557647078e-09	2.02086301712e-09	1.04464394879e-08

Measurement: t_ro4
  step	t_ro4	FROM	TO
     1	5.7600050251e-09	1.38683996472e-09	7.14684498982e-09
     2	4.94116878015e-09	1.18730045792e-09	6.12846923807e-09
     3	4.41037288888e-09	1.05818218073e-09	5.46855506961e-09
     4	7.84722718337e-09	1.89096593933e-09	9.73819312271e-09
     5	6.63352430561e-09	1.59524857847e-09	8.22877288409e-09
     6	5.84636808635e-09	1.40393192984e-09	7.25030001618e-09
     7	1.11524239595e-08	2.68768519612e-09	1.38401091557e-08
     8	9.36024074901e-09	2.25178864039e-09	1.16120293894e-08
     9	8.20169761204e-09	1.97052501751e-09	1.01722226295e-08

Measurement: t_ro5
  step	t_ro5	FROM	TO
     1	6.23999412473e-09	1.49716501418e-09	7.73715913891e-09
     2	5.2539135617e-09	1.26020482304e-09	6.51411838474e-09
     3	4.63999606356e-09	1.11172849262e-09	5.75172455618e-09
     4	8.70635790204e-09	2.09095061596e-09	1.0797308518e-08
     5	7.21514660645e-09	1.73117161369e-09	8.94631822014e-09
     6	6.27316151241e-09	1.50399627857e-09	7.77715779098e-09
     7	1.26040122218e-08	3.02699733396e-09	1.56310095557e-08
     8	1.0364005621e-08	2.48690229245e-09	1.28509079134e-08
     9	8.95228794813e-09	2.14667210982e-09	1.1098960058e-08

Measurement: t_ro6
  step	t_ro6	FROM	TO
     1	6.11674431603e-09	1.47533558829e-09	7.59207990432e-09
     2	5.1928280779e-09	1.24987682194e-09	6.44270489984e-09
     3	4.59720239191e-09	1.10448877831e-09	5.70169117022e-09
     4	8.48916544892e-09	2.05052946644e-09	1.05396949154e-08
     5	7.08485558248e-09	1.70748800994e-09	8.79234359242e-09
     6	6.18499001442e-09	1.48828155558e-09	7.67327157e-09
     7	1.22309629512e-08	2.9559264368e-09	1.5186889388e-08
     8	1.01321767551e-08	2.44363785696e-09	1.25758146121e-08
     9	8.79093979085e-09	2.11736599196e-09	1.09083057828e-08

Measurement: t_ro7
  step	t_ro7	FROM	TO
     1	6.07161316893e-09	1.45693166831e-09	7.52854483723e-09
     2	5.13518652378e-09	1.23027121591e-09	6.36545773969e-09
     3	4.54670682899e-09	1.08831061476e-09	5.63501744375e-09
     4	8.45495781354e-09	2.02897112392e-09	1.04839289375e-08
     5	7.0220725887e-09	1.68340097785e-09	8.70547356655e-09
     6	6.1235133251e-09	1.46641495167e-09	7.58992827677e-09
     7	1.21982764344e-08	2.92710557858e-09	1.5125382013e-08
     8	1.0044354871e-08	2.40817025002e-09	1.2452525121e-08
     9	8.69986113917e-09	2.08386778677e-09	1.07837289259e-08

Measurement: t_ro8
  step	t_ro8	FROM	TO
     1	5.82464866808e-09	1.40705900365e-09	7.23170767172e-09
     2	4.98451301865e-09	1.20342899033e-09	6.18794200898e-09
     3	4.44166243506e-09	1.07201084574e-09	5.5136732808e-09
     4	7.9844884449e-09	1.93276712156e-09	9.91725556646e-09
     5	6.7199491334e-09	1.62427999094e-09	8.34422912434e-09
     6	5.90739137011e-09	1.42755649164e-09	7.33494786174e-09
     7	1.13966193782e-08	2.76203553058e-09	1.41586549088e-08
     8	9.51899180396e-09	2.30409934522e-09	1.18230911492e-08
     9	8.31588683045e-09	2.01155786929e-09	1.03274446997e-08

Measurement: t_ro9
  step	t_ro9	FROM	TO
     1	5.76000292503e-09	1.38146750125e-09	7.14147042628e-09
     2	4.95150059299e-09	1.18609194152e-09	6.13759253451e-09
     3	4.41648092864e-09	1.05699324066e-09	5.4734741693e-09
     4	7.89876612003e-09	1.89500176545e-09	9.79376788548e-09
     5	6.67031600499e-09	1.59827887966e-09	8.26859488465e-09
     6	5.87531962142e-09	1.40662682168e-09	7.2819464431e-09
     7	1.12524907777e-08	2.69956632233e-09	1.39520571e-08
     8	9.43359261811e-09	2.26048748695e-09	1.16940801051e-08
     9	8.25997119639e-09	1.97771707942e-09	1.02376882758e-08

Measurement: t_ro10
  step	t_ro10	FROM	TO
     1	5.93235302633e-09	1.42546237524e-09	7.35781540157e-09
     2	5.06264339126e-09	1.21437654205e-09	6.27701993331e-09
     3	4.4985318599e-09	1.07791715039e-09	5.57644901029e-09
     4	8.16223205355e-09	1.962825979e-09	1.01250580326e-08
     5	6.84965230534e-09	1.64405852629e-09	8.49371083162e-09
     6	6.00617284803e-09	1.44012531727e-09	7.4462981653e-09
     7	1.16739274673e-08	2.80701047706e-09	1.44809379444e-08
     8	9.72196031275e-09	2.3344229936e-09	1.20563833064e-08
     9	8.47334492476e-09	2.03274957964e-09	1.05060945044e-08

Measurement: t_ro11
  step	t_ro11	FROM	TO
     1	5.7320907525e-09	1.37990307227e-09	7.11199382477e-09
     2	4.91930450502e-09	1.1845275822e-09	6.10383208723e-09
     3	4.38953239921e-09	1.05645849734e-09	5.44599089655e-09
     4	7.83428534858e-09	1.88791959936e-09	9.72220494794e-09
     5	6.61128445575e-09	1.59308062064e-09	8.20436507639e-09
     6	5.8236699872e-09	1.40294555204e-09	7.22661553924e-09
     7	1.11417011368e-08	2.68661572098e-09	1.38283168578e-08
     8	9.33382612271e-09	2.25001830051e-09	1.15838444232e-08
     9	8.17229777019e-09	1.9696358128e-09	1.0141933583e-08

Measurement: t_ro12
  step	t_ro12	FROM	TO
     1	5.87195942916e-09	1.40684104845e-09	7.27880047762e-09
     2	5.02146911367e-09	1.20037285649e-09	6.22184197016e-09
     3	4.47999707915e-09	1.0692587227e-09	5.54925580186e-09
     4	8.07839619704e-09	1.93575134963e-09	1.00141475467e-08
     5	6.798740403e-09	1.62563884897e-09	8.42437925197e-09
     6	5.97276732636e-09	1.42632210916e-09	7.39908943552e-09
     7	1.15533640272e-08	2.76791196709e-09	1.43212759943e-08
     8	9.65226136708e-09	2.30785948268e-09	1.19601208498e-08
     9	8.42841094707e-09	2.01271276098e-09	1.0441123708e-08

Measurement: t_ro13
  step	t_ro13	FROM	TO
     1	5.88556979457e-09	1.41615017327e-09	7.30171996783e-09
     2	5.02887511096e-09	1.20856910059e-09	6.23744421155e-09
     3	4.47999410442e-09	1.07497765411e-09	5.55497175853e-09
     4	8.11000774868e-09	1.95356502674e-09	1.00635727754e-08
     5	6.81633651735e-09	1.63963735107e-09	8.45597386842e-09
     6	5.98392197399e-09	1.4384018935e-09	7.42232386749e-09
     7	1.16080005011e-08	2.79799820633e-09	1.44059987074e-08
     8	9.6831471999e-09	2.33066239891e-09	1.20138095988e-08
     9	8.44828638127e-09	2.03215762458e-09	1.04804440058e-08

Measurement: t_ro14
  step	t_ro14	FROM	TO
     1	6.06748521036e-09	1.45686544429e-09	7.52435065465e-09
     2	5.15698296461e-09	1.23600169842e-09	6.39298466303e-09
     3	4.56939037406e-09	1.0943345958e-09	5.66372496986e-09
     4	8.40101100137e-09	2.01803381043e-09	1.04190448118e-08
     5	7.02323016637e-09	1.68402560077e-09	8.70725576714e-09
     6	6.13845403965e-09	1.47044495183e-09	7.60889899148e-09
     7	1.20838936123e-08	2.90265978884e-09	1.49865534012e-08
     8	1.00279210115e-08	2.40463364959e-09	1.24325546611e-08
     9	8.7115778986e-09	2.08687933431e-09	1.07984572329e-08

Measurement: t_ro15
  step	t_ro15	FROM	TO
     1	5.99861341001e-09	1.43965332911e-09	7.43826673912e-09
     2	5.11229998441e-09	1.22567548332e-09	6.33797546772e-09
     3	4.51259957624e-09	1.08064070598e-09	5.59324028223e-09
     4	8.34242722817e-09	2.00238476569e-09	1.03448119939e-08
     5	6.95274863051e-09	1.66699020968e-09	8.61973884019e-09
     6	6.07526780749e-09	1.45495268178e-09	7.53022048927e-09
     7	1.20186646728e-08	2.88481213463e-09	1.49034768075e-08
     8	9.93486448378e-09	2.3820951343e-09	1.23169596181e-08
     9	8.62242093312e-09	2.06547543934e-09	1.06878963725e-08

Measurement: t_ro16
  step	t_ro16	FROM	TO
     1	6.05805099504e-09	1.44627502864e-09	7.50432602368e-09
     2	5.12000177503e-09	1.22089505216e-09	6.34089682719e-09
     3	4.52523635192e-09	1.07979405545e-09	5.60503040737e-09
     4	8.46055452144e-09	2.01834010959e-09	1.0478894631e-08
     5	7.00707904082e-09	1.67151921568e-09	8.6785982565e-09
     6	6.10445990339e-09	1.45575236405e-09	7.56021226744e-09
     7	1.22061703469e-08	2.91030619335e-09	1.51164765403e-08
     8	1.00187226123e-08	2.38890762913e-09	1.24076302414e-08
     9	8.66628069748e-09	2.06604525037e-09	1.07323259478e-08

Measurement: t_ro17
  step	t_ro17	FROM	TO
     1	6.2918956946e-09	1.51119035165e-09	7.80308604625e-09
     2	5.29627659887e-09	1.26994957732e-09	6.5662261762e-09
     3	4.67603352855e-09	1.11984127533e-09	5.79587480389e-09
     4	8.77977057267e-09	2.10952470592e-09	1.08892952786e-08
     5	7.2732863422e-09	1.74514111086e-09	9.01842745306e-09
     6	6.31888095534e-09	1.51434107523e-09	7.83322203057e-09
     7	1.27031913265e-08	3.05236260035e-09	1.57555539269e-08
     8	1.04446403992e-08	2.50643704966e-09	1.29510774489e-08
     9	9.01673874883e-09	2.16169582818e-09	1.1178434577e-08

Measurement: t_ro18
  step	t_ro18	FROM	TO
     1	6.09187819692e-09	1.45659624283e-09	7.54847443975e-09
     2	5.16407190581e-09	1.23367158463e-09	6.39774349044e-09
     3	4.5702891158e-09	1.09147052139e-09	5.66175963718e-09
     4	8.48013794909e-09	2.02702010072e-09	1.05071580498e-08
     5	7.05704012227e-09	1.6853762312e-09	8.74241635347e-09
     6	6.15751392429e-09	1.47009785586e-09	7.62761178016e-09
     7	1.22247361475e-08	2.91981630734e-09	1.51445524549e-08
     8	1.00925898219e-08	2.40908045313e-09	1.2501670275e-08
     9	8.74781792361e-09	2.08746833746e-09	1.08352862611e-08

Measurement: t_ro19
  step	t_ro19	FROM	TO
     1	6.10587954477e-09	1.46431168905e-09	7.57019123382e-09
     2	5.15897049247e-09	1.23529909312e-09	6.39426958558e-09
     3	4.56000511682e-09	1.08989298474e-09	5.64989810156e-09
     4	8.55655392223e-09	2.05238425492e-09	1.06089381771e-08
     5	7.08257103584e-09	1.69659924087e-09	8.77917027671e-09
     6	6.16467896713e-09	1.47466314667e-09	7.6393421138e-09
     7	1.23699635392e-08	2.96690675445e-09	1.53368702937e-08
     8	1.0149507252e-08	2.43177045628e-09	1.25812777083e-08
     9	8.77142162994e-09	2.09916941117e-09	1.08705910411e-08

Measurement: t_ro20
  step	t_ro20	FROM	TO
     1	5.78713214006e-09	1.38996987997e-09	7.17710202002e-09
     2	4.96000010231e-09	1.18969695498e-09	6.14969705729e-09
     3	4.41948664058e-09	1.0587128404e-09	5.47819948098e-09
     4	7.95991509334e-09	1.91269583768e-09	9.87261093103e-09
     5	6.70135774929e-09	1.60803494118e-09	8.30939269047e-09
     6	5.89377211264e-09	1.41270548312e-09	7.30647759576e-09
     7	1.13573723603e-08	2.72956839169e-09	1.4086940752e-08
     8	9.48966955958e-09	2.2778653892e-09	1.17675349488e-08
     9	8.29483812746e-09	1.98898784169e-09	1.02838259692e-08

Measurement: t_ro21
  step	t_ro21	FROM	TO
     1	6.08000014283e-09	1.46919093556e-09	7.54919107839e-09
     2	5.15193791048e-09	1.24314576267e-09	6.39508367315e-09
     3	4.5600148488e-09	1.09891737539e-09	5.65893222419e-09
     4	8.47028748361e-09	2.04997351139e-09	1.0520260995e-08
     5	7.04735892668e-09	1.70261319233e-09	8.74997211901e-09
     6	6.14775535075e-09	1.48342712198e-09	7.63118247273e-09
     7	1.22108921573e-08	2.95772390234e-09	1.51686160597e-08
     8	1.00787811302e-08	2.43714914298e-09	1.25159302732e-08
     9	8.73470270012e-09	2.10963073806e-09	1.08443334382e-08

Measurement: t_ro22
  step	t_ro22	FROM	TO
     1	6.02905815668e-09	1.44851665282e-09	7.47757480949e-09
     2	5.12001358166e-09	1.22984632861e-09	6.34985991027e-09
     3	4.54233065231e-09	1.0908355535e-09	5.63316620581e-09
     4	8.35592417824e-09	2.00848547241e-09	1.03644096507e-08
     5	6.97942172109e-09	1.67667611429e-09	8.65609783538e-09
     6	6.10027544135e-09	1.465112196e-09	7.56538763735e-09
     7	1.20153235007e-08	2.88848679103e-09	1.49038102917e-08
     8	9.96074257497e-09	2.39337578587e-09	1.23541183608e-08
     9	8.65298521764e-09	2.07881536858e-09	1.07318005862e-08

Measurement: t_ro23
  step	t_ro23	FROM	TO
     1	6.23999986703e-09	1.50411573439e-09	7.74411560142e-09
     2	5.26310141686e-09	1.26447090996e-09	6.52757232682e-09
     3	4.64000000116e-09	1.11128591815e-09	5.75128591931e-09
     4	8.72037111809e-09	2.10581059838e-09	1.08261817165e-08
     5	7.22455202331e-09	1.73845147248e-09	8.96300349579e-09
     6	6.28161666053e-09	1.50766621973e-09	7.78928288026e-09
     7	1.2623172918e-08	3.04861140344e-09	1.56717843214e-08
     8	1.03739624376e-08	2.49798165516e-09	1.28719440928e-08
     9	8.9600583606e-09	2.15289324865e-09	1.11129516093e-08

Measurement: t_ro24
  step	t_ro24	FROM	TO
     1	5.88304900055e-09	1.41132387607e-09	7.29437287662e-09
     2	5.02047632507e-09	1.20333806908e-09	6.22381439415e-09
     3	4.47009728287e-09	1.07155694051e-09	5.54165422338e-09
     4	8.07317990274e-09	1.93686334252e-09	1.00100432453e-08
     5	6.78326812843e-09	1.62619311487e-09	8.4094612433e-09
     6	5.95380344491e-09	1.42701075407e-09	7.38081419898e-09
     7	1.15290188206e-08	2.76594294799e-09	1.42949617686e-08
     8	9.61730359944e-09	2.30556547797e-09	1.19228690774e-08
     9	8.39256665181e-09	2.01141623551e-09	1.04039828873e-08

Measurement: t_ro25
  step	t_ro25	FROM	TO
     1	5.85312040298e-09	1.4015064362e-09	7.25462683918e-09
     2	5.00198565898e-09	1.19539164129e-09	6.19737730027e-09
     3	4.45525422855e-09	1.06390219885e-09	5.5191564274e-09
     4	8.048291749e-09	1.92728758401e-09	9.975579333e-09
     5	6.76196376694e-09	1.6160375575e-09	8.37800132444e-09
     6	5.93957783037e-09	1.41803547318e-09	7.35761330355e-09
     7	1.1495727267e-08	2.75193346389e-09	1.42476607309e-08
     8	9.58598661181e-09	2.2904111692e-09	1.1876397781e-08
     9	8.36905846737e-09	1.99755573272e-09	1.03666142001e-08

Measurement: t_ro26
  step	t_ro26	FROM	TO
     1	5.76042490046e-09	1.39237188901e-09	7.15279678947e-09
     2	4.94955895087e-09	1.19365520344e-09	6.14321415431e-09
     3	4.40968072735e-09	1.06271481499e-09	5.47239554234e-09
     4	7.88693661185e-09	1.90645709685e-09	9.7933937087e-09
     5	6.6515930933e-09	1.6058983314e-09	8.2574914247e-09
     6	5.85477617644e-09	1.41219416283e-09	7.26697033927e-09
     7	1.12278890674e-08	2.71517528437e-09	1.39430643518e-08
     8	9.39953597071e-09	2.27034767953e-09	1.16698836502e-08
     9	8.2241923705e-09	1.98479130711e-09	1.02089836776e-08

Measurement: t_ro27
  step	t_ro27	FROM	TO
     1	6.06370753179e-09	1.46087297102e-09	7.52458050282e-09
     2	5.14162157785e-09	1.236750927e-09	6.37837250484e-09
     3	4.55568894958e-09	1.09492214903e-09	5.65061109861e-09
     4	8.43032576147e-09	2.03287661881e-09	1.04632023803e-08
     5	7.02724125049e-09	1.69248477719e-09	8.71972602767e-09
     6	6.13483612119e-09	1.4761197299e-09	7.61095585109e-09
     7	1.21493367294e-08	2.9313951348e-09	1.50807318642e-08
     8	1.00491485076e-08	2.4218277666e-09	1.24709762742e-08
     9	8.71682882735e-09	2.09893502664e-09	1.0815763854e-08

Measurement: t_ro28
  step	t_ro28	FROM	TO
     1	6.51625696922e-09	1.56520941314e-09	8.08146638235e-09
     2	5.44001652899e-09	1.30570825592e-09	6.74572478491e-09
     3	4.76293630617e-09	1.14218147393e-09	5.9051177801e-09
     4	9.24183364285e-09	2.22040347419e-09	1.1462237117e-08
     5	7.54886010673e-09	1.81213821353e-09	9.36099832026e-09
     6	6.50616965898e-09	1.56086229925e-09	8.06703195822e-09
     7	1.35032278571e-08	3.24439391617e-09	1.67476217732e-08
     8	1.09358112405e-08	2.62546152313e-09	1.35612727636e-08
     9	9.35849902048e-09	2.24548107979e-09	1.16039801003e-08

Measurement: t_ro29
  step	t_ro29	FROM	TO
     1	6.19071540901e-09	1.48689469356e-09	7.67761010257e-09
     2	5.23653728748e-09	1.25466259386e-09	6.49119988134e-09
     3	4.62181070123e-09	1.10602988994e-09	5.72784059117e-09
     4	8.64004417932e-09	2.07688214127e-09	1.07169263206e-08
     5	7.17185551138e-09	1.71904102527e-09	8.89089653665e-09
     6	6.24036681123e-09	1.49450883254e-09	7.73487564377e-09
     7	1.24889807314e-08	3.00079504762e-09	1.5489775779e-08
     8	1.02794753862e-08	2.46406901266e-09	1.27435443988e-08
     9	8.88884140735e-09	2.12827470265e-09	1.101711611e-08

Measurement: t_ro30
  step	t_ro30	FROM	TO
     1	6.09311424686e-09	1.46026432206e-09	7.55337856892e-09
     2	5.16833400702e-09	1.23729052631e-09	6.40562453333e-09
     3	4.57545921115e-09	1.09438105112e-09	5.66984026227e-09
     4	8.47198285054e-09	2.0314221891e-09	1.05034050396e-08
     5	7.05597537223e-09	1.68921181968e-09	8.74518719192e-09
     6	6.15758835921e-09	1.47281166115e-09	7.63040002035e-09
     7	1.21992790162e-08	2.92461938772e-09	1.5123898404e-08
     8	1.00840708583e-08	2.4138702296e-09	1.24979410878e-08
     9	8.74406791702e-09	2.09116850424e-09	1.08352364213e-08

Measurement: t_ro31
  step	t_ro31	FROM	TO
     1	5.87393801266e-09	1.4127818112e-09	7.28671982386e-09
     2	5.02022555778e-09	1.20564213799e-09	6.22586769576e-09
     3	4.47995839193e-09	1.07445844603e-09	5.55441683796e-09
     4	8.07838838472e-09	1.94444361599e-09	1.00228320007e-08
     5	6.79228544009e-09	1.63249212333e-09	8.42477756342e-09
     6	5.96363139929e-09	1.4317073116e-09	7.39533871089e-09
     7	1.15520599308e-08	2.78146188683e-09	1.43335218177e-08
     8	9.64235208128e-09	2.31861880644e-09	1.19609708877e-08
     9	8.41527267894e-09	2.02146565345e-09	1.04367383324e-08

Measurement: t_ro32
  step	t_ro32	FROM	TO
     1	6.05312058063e-09	1.45687183802e-09	7.50999241865e-09
     2	5.12889639023e-09	1.23372899807e-09	6.36262538831e-09
     3	4.55546050244e-09	1.09464367985e-09	5.65010418229e-09
     4	8.40818458673e-09	2.02496469134e-09	1.04331492781e-08
     5	7.01696430088e-09	1.68876038021e-09	8.70572468109e-09
     6	6.13000036412e-09	1.47449939071e-09	7.60449975482e-09
     7	1.21066852705e-08	2.91696134185e-09	1.50236466123e-08
     8	1.00264384074e-08	2.41429945193e-09	1.24407378594e-08
     9	8.70393171381e-09	2.09502073384e-09	1.07989524476e-08

Measurement: t_ro33
  step	t_ro33	FROM	TO
     1	5.93503464886e-09	1.4148497345e-09	7.34988438336e-09
     2	5.06149534263e-09	1.20645178626e-09	6.26794712889e-09
     3	4.48825260718e-09	1.06993306737e-09	5.55818567455e-09
     4	8.20362853237e-09	1.95386167309e-09	1.01574902055e-08
     5	6.87221673837e-09	1.63717167095e-09	8.50938840932e-09
     6	6.02111973768e-09	1.43441416864e-09	7.45553390632e-09
     7	1.1764016428e-08	2.79959581149e-09	1.45636122394e-08
     8	9.77715898244e-09	2.32785136273e-09	1.21050103452e-08
     9	8.51219720671e-09	2.02681664539e-09	1.05390138521e-08

Measurement: t_ro34
  step	t_ro34	FROM	TO
     1	5.99744173613e-09	1.43632386104e-09	7.43376559717e-09
     2	5.10874759614e-09	1.22060799261e-09	6.32935558875e-09
     3	4.52873986409e-09	1.08129612064e-09	5.61003598473e-09
     4	8.30618018946e-09	1.98919939593e-09	1.02953795854e-08
     5	6.94759883083e-09	1.66054092067e-09	8.6081397515e-09
     6	6.08007244761e-09	1.45173727741e-09	7.53180972502e-09
     7	1.19350418732e-08	2.85694280403e-09	1.47919846773e-08
     8	9.90685289898e-09	2.36732693729e-09	1.22741798363e-08
     9	8.61362457161e-09	2.05627564218e-09	1.06699002138e-08

Measurement: t_ro35
  step	t_ro35	FROM	TO
     1	5.86195971672e-09	1.40306822146e-09	7.26502793818e-09
     2	5.01212175114e-09	1.19824594304e-09	6.21036769418e-09
     3	4.46291266891e-09	1.0662525334e-09	5.52916520231e-09
     4	8.06707187859e-09	1.93067667299e-09	9.99774855158e-09
     5	6.7852931531e-09	1.6218782757e-09	8.4071714288e-09
     6	5.95997333128e-09	1.42374591116e-09	7.38371924244e-09
     7	1.15340735025e-08	2.75963021203e-09	1.42937037146e-08
     8	9.63099604962e-09	2.30159566349e-09	1.19325917131e-08
     9	8.40883040104e-09	2.00826124216e-09	1.04170916432e-08

Measurement: t_ro36
  step	t_ro36	FROM	TO
     1	6.34252261765e-09	1.52674560064e-09	7.86926821829e-09
     2	5.31357248285e-09	1.27727646185e-09	6.5908489447e-09
     3	4.67338394687e-09	1.12232691791e-09	5.79571086478e-09
     4	8.93358215146e-09	2.15275440585e-09	1.10863365573e-08
     5	7.33962554339e-09	1.76621296106e-09	9.10583850445e-09
     6	6.35464745748e-09	1.52789486624e-09	7.88254232372e-09
     7	1.29771819527e-08	3.12945022163e-09	1.61066321743e-08
     8	1.057234587e-08	2.54641435458e-09	1.31187602246e-08
     9	9.09106802362e-09	2.18780171871e-09	1.12788697423e-08

Measurement: t_ro37
  step	t_ro37	FROM	TO
     1	6.40000121275e-09	1.53978918949e-09	7.93979040224e-09
     2	5.36253314104e-09	1.28799068658e-09	6.65052382762e-09
     3	4.71192662148e-09	1.13080978337e-09	5.84273640485e-09
     4	9.00547476675e-09	2.16805938325e-09	1.117353415e-08
     5	7.40544647984e-09	1.77978930826e-09	9.1852357881e-09
     6	6.40651329985e-09	1.53832630964e-09	7.94483960949e-09
     7	1.31005821277e-08	3.15477651135e-09	1.62553586391e-08
     8	1.06843252008e-08	2.56872833053e-09	1.32530535313e-08
     9	9.18029929298e-09	2.20521233435e-09	1.13855116273e-08

Measurement: t_ro38
  step	t_ro38	FROM	TO
     1	6.10921601804e-09	1.46499254652e-09	7.57420856456e-09
     2	5.1739991328e-09	1.23858963344e-09	6.41258876624e-09
     3	4.57670254826e-09	1.09420700303e-09	5.67090955129e-09
     4	8.52130227112e-09	2.04366154142e-09	1.05649638125e-08
     5	7.08393385749e-09	1.6959497963e-09	8.77988365379e-09
     6	6.1753905583e-09	1.47680871304e-09	7.65219927134e-09
     7	1.23002179173e-08	2.94940195952e-09	1.52496198768e-08
     8	1.01429138856e-08	2.42820111488e-09	1.25711150004e-08
     9	8.78336460532e-09	2.10047046557e-09	1.08838350709e-08

Measurement: t_ro39
  step	t_ro39	FROM	TO
     1	6.24000067454e-09	1.49253611127e-09	7.73253678581e-09
     2	5.25705363605e-09	1.25675178717e-09	6.51380542322e-09
     3	4.63970253682e-09	1.10755835897e-09	5.74726089579e-09
     4	8.74585420987e-09	2.09082812142e-09	1.08366823313e-08
     5	7.22065549013e-09	1.72583153493e-09	8.94648702506e-09
     6	6.26929863024e-09	1.4979773666e-09	7.76727599684e-09
     7	1.26657301066e-08	3.02665086889e-09	1.56923809755e-08
     8	1.03652802546e-08	2.47656249989e-09	1.28418427545e-08
     9	8.93610294446e-09	2.13473503831e-09	1.10708379828e-08

Measurement: t_ro40
  step	t_ro40	FROM	TO
     1	6.07999683044e-09	1.45316200345e-09	7.53315883389e-09
     2	5.1459832987e-09	1.22900063079e-09	6.37498392949e-09
     3	4.55780772678e-09	1.08801021393e-09	5.64581794071e-09
     4	8.46361770091e-09	2.02339147352e-09	1.04870091744e-08
     5	7.03999414062e-09	1.6807990885e-09	8.72079322912e-09
     6	6.13852013227e-09	1.46483689569e-09	7.60335702796e-09
     7	1.22058863382e-08	2.91626918701e-09	1.51221555252e-08
     8	1.00661172823e-08	2.40236529794e-09	1.24684825802e-08
     9	8.72094163777e-09	2.08025230555e-09	1.08011939433e-08

Measurement: t_ro41
  step	t_ro41	FROM	TO
     1	5.94400117407e-09	1.42792327672e-09	7.37192445079e-09
     2	5.07102189837e-09	1.2170476782e-09	6.28806957657e-09
     3	4.50531762886e-09	1.08050561014e-09	5.585823239e-09
     4	8.20378088483e-09	1.97196938369e-09	1.01757502685e-08
     5	6.87996353188e-09	1.65141050356e-09	8.53137403544e-09
     6	6.02974681949e-09	1.44694278404e-09	7.47668960353e-09
     7	1.17626914408e-08	2.82813435842e-09	1.45908257992e-08
     8	9.79116813841e-09	2.3516028814e-09	1.21427710198e-08
     9	8.52835008217e-09	2.04735885908e-09	1.05757089413e-08

Measurement: t_ro42
  step	t_ro42	FROM	TO
     1	6.02355035345e-09	1.44656246539e-09	7.47011281884e-09
     2	5.12000353808e-09	1.22724881878e-09	6.34725235686e-09
     3	4.53030478786e-09	1.08593429356e-09	5.61623908143e-09
     4	8.36848435696e-09	2.01032959519e-09	1.03788139521e-08
     5	6.97556017402e-09	1.67363867493e-09	8.64919884895e-09
     6	6.09061526473e-09	1.46057480919e-09	7.55119007393e-09
     7	1.20474575038e-08	2.89432306094e-09	1.49417805648e-08
     8	9.96087191395e-09	2.3902227867e-09	1.23510947007e-08
     9	8.64096503716e-09	2.07227645422e-09	1.07132414914e-08

Measurement: t_ro43
  step	t_ro43	FROM	TO
     1	5.98680810495e-09	1.4323470123e-09	7.41915511725e-09
     2	5.10098316122e-09	1.21881017516e-09	6.31979333638e-09
     3	4.52246056137e-09	1.08007443235e-09	5.60253499372e-09
     4	8.28339873187e-09	1.98153546491e-09	1.02649341968e-08
     5	6.93037322449e-09	1.65611754652e-09	8.58649077101e-09
     6	6.06669607075e-09	1.44886318563e-09	7.51555925638e-09
     7	1.18941588327e-08	2.84434651244e-09	1.47385053451e-08
     8	9.87711134061e-09	2.35971922303e-09	1.22368305636e-08
     9	8.59296027625e-09	2.05154254822e-09	1.06445028245e-08

Measurement: t_ro44
  step	t_ro44	FROM	TO
     1	6.14932446991e-09	1.47597175131e-09	7.62529622122e-09
     2	5.19538111432e-09	1.24542894205e-09	6.44081005637e-09
     3	4.59051881698e-09	1.09967593543e-09	5.69019475241e-09
     4	8.580571805e-09	2.05961806256e-09	1.06401898676e-08
     5	7.11424685961e-09	1.70590284708e-09	8.8201497067e-09
     6	6.19203738401e-09	1.48358567568e-09	7.6756230597e-09
     7	1.23981035978e-08	2.97602180829e-09	1.53741254061e-08
     8	1.01963110369e-08	2.44522303449e-09	1.26415340714e-08
     9	8.81551773644e-09	2.11239370274e-09	1.09279114392e-08

Measurement: t_ro45
  step	t_ro45	FROM	TO
     1	6.05562183977e-09	1.45326236964e-09	7.50888420941e-09
     2	5.13692303627e-09	1.22992696568e-09	6.36685000195e-09
     3	4.55551261071e-09	1.08964041428e-09	5.64515302499e-09
     4	8.42079974238e-09	2.02135409341e-09	1.04421538358e-08
     5	7.02608949001e-09	1.68286576273e-09	8.70895525273e-09
     6	6.1376014636e-09	1.46839978208e-09	7.60600124568e-09
     7	1.21339406665e-08	2.91222432849e-09	1.5046164995e-08
     8	1.00458385848e-08	2.40625108756e-09	1.24520896723e-08
     9	8.71947477674e-09	2.08606334032e-09	1.08055381171e-08

Measurement: t_ro46
  step	t_ro46	FROM	TO
     1	5.87151797495e-09	1.40862106885e-09	7.2801390438e-09
     2	5.01287591059e-09	1.2006720084e-09	6.21354791899e-09
     3	4.45781808464e-09	1.06673777191e-09	5.52455585655e-09
     4	8.04312740452e-09	1.93099558366e-09	9.97412298818e-09
     5	6.7458434841e-09	1.61671422997e-09	8.36255771406e-09
     6	5.91999904699e-09	1.41667019723e-09	7.33666924422e-09
     7	1.14577920419e-08	2.75128070864e-09	1.42090727505e-08
     8	9.53629963506e-09	2.2863746917e-09	1.18226743268e-08
     9	8.32003097298e-09	1.99259981275e-09	1.03126307857e-08

Measurement: t_ro47
  step	t_ro47	FROM	TO
     1	6.27679282626e-09	1.50890067677e-09	7.78569350303e-09
     2	5.2800002344e-09	1.26850924293e-09	6.54850947733e-09
     3	4.64000026099e-09	1.11445826912e-09	5.75445853011e-09
     4	8.82063606913e-09	2.12132701025e-09	1.09419630794e-08
     5	7.27304416905e-09	1.74804510288e-09	9.02108927193e-09
     6	6.30726152403e-09	1.51506494539e-09	7.82232646943e-09
     7	1.27937165106e-08	3.07738481165e-09	1.58711013222e-08
     8	1.04601501826e-08	2.51480953309e-09	1.29749597157e-08
     9	9.00827403413e-09	2.16462819429e-09	1.11729022284e-08

Measurement: t_ro48
  step	t_ro48	FROM	TO
     1	5.98041586941e-09	1.44367791196e-09	7.42409378137e-09
     2	5.08733303886e-09	1.22679976176e-09	6.31413280063e-09
     3	4.5069766945e-09	1.08635732842e-09	5.59333402292e-09
     4	8.23976665793e-09	1.99035363427e-09	1.02301202922e-08
     5	6.87994256933e-09	1.66005347495e-09	8.53999604428e-09
     6	6.02025369672e-09	1.45185943046e-09	7.47211312718e-09
     7	1.1791700715e-08	2.84944250467e-09	1.46411432196e-08
     8	9.76942421226e-09	2.35849077613e-09	1.21279149884e-08
     9	8.492791297e-09	2.04926157699e-09	1.0542052874e-08

Measurement: t_ro49
  step	t_ro49	FROM	TO
     1	6.22771644127e-09	1.49985457763e-09	7.7275710189e-09
     2	5.26343630153e-09	1.26396065034e-09	6.52739695187e-09
     3	4.64000045766e-09	1.11131864243e-09	5.75131910009e-09
     4	8.68329824575e-09	2.09430935354e-09	1.07776075993e-08
     5	7.20819820105e-09	1.73362743487e-09	8.94182563592e-09
     6	6.27169929379e-09	1.50531726973e-09	7.77701656352e-09
     7	1.2555722827e-08	3.03004107662e-09	1.55857639037e-08
     8	1.03420079524e-08	2.48922538172e-09	1.28312333342e-08
     9	8.9407819506e-09	2.14818860609e-09	1.10889705567e-08

Measurement: t_ro50
  step	t_ro50	FROM	TO
     1	6.38031932634e-09	1.5416021866e-09	7.92192151294e-09
     2	5.3617824155e-09	1.29334659799e-09	6.65512901349e-09
     3	4.71381049307e-09	1.13591182781e-09	5.84972232087e-09
     4	8.94435160214e-09	2.16358826817e-09	1.11079398703e-08
     5	7.37621495368e-09	1.7809115845e-09	9.15712653818e-09
     6	6.39004777636e-09	1.54129376592e-09	7.93134154228e-09
     7	1.29850521685e-08	3.14236577837e-09	1.61274179469e-08
     8	1.06242869659e-08	2.56654042037e-09	1.31908273863e-08
     9	9.14301339683e-09	2.20654470951e-09	1.13495581063e-08

Measurement: t_ro51
  step	t_ro51	FROM	TO
     1	6.18127476721e-09	1.48018720902e-09	7.66146197623e-09
     2	5.22343410543e-09	1.24886744894e-09	6.47230155437e-09
     3	4.61077964166e-09	1.10168324528e-09	5.71246288694e-09
     4	8.63792069383e-09	2.06869184662e-09	1.07066125404e-08
     5	7.16219813442e-09	1.71247667782e-09	8.87467481225e-09
     6	6.23199137889e-09	1.48874905681e-09	7.72074043571e-09
     7	1.24884181648e-08	2.98970131201e-09	1.54781194768e-08
     8	1.02727096002e-08	2.45578271573e-09	1.27284923159e-08
     9	8.87839668434e-09	2.12053504737e-09	1.09989317317e-08

Measurement: t_ro52
  step	t_ro52	FROM	TO
     1	6.03904791774e-09	1.44914106943e-09	7.48818898717e-09
     2	5.11999898322e-09	1.22475319588e-09	6.3447521791e-09
     3	4.5348047572e-09	1.08403236499e-09	5.61883712219e-09
     4	8.36521727459e-09	2.0074586046e-09	1.03726758792e-08
     5	6.96264914695e-09	1.66673333584e-09	8.62938248279e-09
     6	6.08075306265e-09	1.45367546201e-09	7.53442852466e-09
     7	1.20146740236e-08	2.88146341962e-09	1.48961374432e-08
     8	9.91930261213e-09	2.37364121571e-09	1.22929438278e-08
     9	8.60598914145e-09	2.05660916777e-09	1.06625983092e-08

Measurement: t_ro53
  step	t_ro53	FROM	TO
     1	6.06256575788e-09	1.45816236539e-09	7.52072812327e-09
     2	5.13524211571e-09	1.2324752566e-09	6.36771737231e-09
     3	4.55053379029e-09	1.09129566109e-09	5.64182945138e-09
     4	8.44352391195e-09	2.03243617646e-09	1.04759600884e-08
     5	7.02949909719e-09	1.68885897328e-09	8.71835807047e-09
     6	6.13499852884e-09	1.47225838772e-09	7.60725691656e-09
     7	1.21658807317e-08	2.92939752512e-09	1.50952782569e-08
     8	1.0048183455e-08	2.41531126651e-09	1.24634947215e-08
     9	8.71216643028e-09	2.09184833647e-09	1.08040147667e-08

Measurement: t_ro54
  step	t_ro54	FROM	TO
     1	6.10343625974e-09	1.45929888164e-09	7.56273514138e-09
     2	5.16454550343e-09	1.2329720179e-09	6.39751752133e-09
     3	4.56869232508e-09	1.09041849878e-09	5.65911082386e-09
     4	8.54308084638e-09	2.04079220373e-09	1.05838730501e-08
     5	7.09037840305e-09	1.69233073284e-09	8.78270913589e-09
     6	6.17673923774e-09	1.47362800686e-09	7.6503672446e-09
     7	1.2337845657e-08	2.94462505648e-09	1.52824707134e-08
     8	1.01551833455e-08	2.4225433453e-09	1.25777266908e-08
     9	8.78646835458e-09	2.09516894875e-09	1.08816373033e-08

Measurement: t_ro55
  step	t_ro55	FROM	TO
     1	5.93770516565e-09	1.42133560971e-09	7.35904077536e-09
     2	5.05397529227e-09	1.20858273312e-09	6.26255802539e-09
     3	4.48006980676e-09	1.07154814743e-09	5.55161795419e-09
     4	8.24744159808e-09	1.97402115607e-09	1.02214627541e-08
     5	6.8862683949e-09	1.64660920323e-09	8.53287759813e-09
     6	6.02562509255e-09	1.44002131918e-09	7.46564641174e-09
     7	1.18444744406e-08	2.83397557491e-09	1.46784500155e-08
     8	9.81117661544e-09	2.34524562783e-09	1.21564222433e-08
     9	8.5285614255e-09	2.03757714329e-09	1.05661385688e-08

Measurement: t_ro56
  step	t_ro56	FROM	TO
     1	5.67245569955e-09	1.36290773909e-09	7.03536343863e-09
     2	4.88359894525e-09	1.17176691599e-09	6.05536586124e-09
     3	4.37111551179e-09	1.04774184834e-09	5.41885736013e-09
     4	7.73718626228e-09	1.85965922399e-09	9.59684548627e-09
     5	6.55991776886e-09	1.57461206773e-09	8.13452983659e-09
     6	5.79538728817e-09	1.39005567921e-09	7.18544296738e-09
     7	1.09853890208e-08	2.64102265352e-09	1.36264116743e-08
     8	9.25037194692e-09	2.22172084853e-09	1.14720927954e-08
     9	8.12433184197e-09	1.94956025108e-09	1.0073892093e-08

Measurement: t_ro57
  step	t_ro57	FROM	TO
     1	5.86520187469e-09	1.41059836966e-09	7.27580024435e-09
     2	5.0113610484e-09	1.20445073285e-09	6.21581178125e-09
     3	4.46501853887e-09	1.07257006852e-09	5.53758860739e-09
     4	8.07623709838e-09	1.9435735535e-09	1.00198106519e-08
     5	6.79011056927e-09	1.63307696657e-09	8.42318753584e-09
     6	5.96256031077e-09	1.43326014937e-09	7.39582046014e-09
     7	1.15592341791e-08	2.78295034059e-09	1.43421845197e-08
     8	9.64703408157e-09	2.32140299391e-09	1.19684370755e-08
     9	8.41995879288e-09	2.02536418034e-09	1.04453229732e-08

Measurement: t_ro58
  step	t_ro58	FROM	TO
     1	5.86583303561e-09	1.40617627093e-09	7.27200930655e-09
     2	5.01489032646e-09	1.20045992899e-09	6.21535025545e-09
     3	4.4714551018e-09	1.06933236028e-09	5.54078746207e-09
     4	8.07592595086e-09	1.93632037053e-09	1.00122463214e-08
     5	6.78811963518e-09	1.62530522578e-09	8.41342486097e-09
     6	5.96154817145e-09	1.42612384346e-09	7.38767201491e-09
     7	1.15537638351e-08	2.76994146895e-09	1.4323705304e-08
     8	9.63851707715e-09	2.3077076602e-09	1.19462247373e-08
     9	8.41326132492e-09	2.0124988105e-09	1.04257601354e-08

Measurement: t_ro59
  step	t_ro59	FROM	TO
     1	5.66903602819e-09	1.3622788729e-09	7.03131490109e-09
     2	4.88493037175e-09	1.17228158152e-09	6.05721195327e-09
     3	4.37010110918e-09	1.04763957724e-09	5.41774068642e-09
     4	7.7189793287e-09	1.8561963123e-09	9.57517564099e-09
     5	6.5513581653e-09	1.57350817855e-09	8.12486634385e-09
     6	5.78844824693e-09	1.38902341061e-09	7.17747165753e-09
     7	1.09520791323e-08	2.63466770881e-09	1.35867468411e-08
     8	9.23218828e-09	2.21855221272e-09	1.14507404927e-08
     9	8.11150637326e-09	1.94781611693e-09	1.00593224902e-08

Measurement: t_ro60
  step	t_ro60	FROM	TO
     1	6.42540833133e-09	1.54318052735e-09	7.96858885868e-09
     2	5.35286077865e-09	1.28417694856e-09	6.63703772721e-09
     3	4.69406965484e-09	1.12515060538e-09	5.81922026023e-09
     4	9.1198959284e-09	2.18987540292e-09	1.13097713313e-08
     5	7.4218264342e-09	1.78134470174e-09	9.20317113593e-09
     6	6.39973434699e-09	1.53405495707e-09	7.93378930405e-09
     7	1.32979545868e-08	3.19445839078e-09	1.64924129776e-08
     8	1.07242988663e-08	2.5746110266e-09	1.32989098929e-08
     9	9.1721961243e-09	2.2005523321e-09	1.13727484564e-08

Measurement: t_ro61
  step	t_ro61	FROM	TO
     1	5.91999777905e-09	1.42115558051e-09	7.34115335956e-09
     2	5.03080761981e-09	1.20707018905e-09	6.23787780886e-09
     3	4.46805185267e-09	1.07129164683e-09	5.53934349949e-09
     4	8.21126082227e-09	1.97184448487e-09	1.01831053071e-08
     5	6.84851034805e-09	1.64383165451e-09	8.49234200256e-09
     6	5.99105108678e-09	1.43731762692e-09	7.4283687137e-09
     7	1.18086655049e-08	2.8360064432e-09	1.46446719481e-08
     8	9.7626336787e-09	2.34369282287e-09	1.21063265016e-08
     9	8.48176120292e-09	2.03505802842e-09	1.05168192313e-08

Measurement: t_ro62
  step	t_ro62	FROM	TO
     1	6.15813186165e-09	1.4823683286e-09	7.64050019025e-09
     2	5.21847483574e-09	1.2545692185e-09	6.47304405425e-09
     3	4.61655535372e-09	1.1085742948e-09	5.72512964852e-09
     4	8.57344032307e-09	2.0651008521e-09	1.06385411752e-08
     5	7.13798241976e-09	1.71727133965e-09	8.85525375941e-09
     6	6.22353837564e-09	1.49590401443e-09	7.71944239007e-09
     7	1.23726774943e-08	2.98125873129e-09	1.53539362256e-08
     8	1.02235645992e-08	2.46072454706e-09	1.26842891463e-08
     9	8.85678384787e-09	2.13018551036e-09	1.09869693582e-08

Measurement: t_ro63
  step	t_ro63	FROM	TO
     1	5.76000681046e-09	1.38296751788e-09	7.14297432834e-09
     2	4.95999991427e-09	1.19068421808e-09	6.15068413235e-09
     3	4.42051728777e-09	1.05985298809e-09	5.48037027586e-09
     4	7.86208992718e-09	1.88932500697e-09	9.75141493415e-09
     5	6.65245601815e-09	1.59696142497e-09	8.24941744312e-09
     6	5.86540235943e-09	1.40699529187e-09	7.2723976513e-09
     7	1.11746957607e-08	2.68590860617e-09	1.38606043668e-08
     8	9.39169480482e-09	2.25517681394e-09	1.16468716188e-08
     9	8.2341902854e-09	1.97592022398e-09	1.02101105094e-08

Measurement: t_ro64
  step	t_ro64	FROM	TO
     1	5.91999993137e-09	1.4259646788e-09	7.34596461016e-09
     2	5.0615693712e-09	1.2161609336e-09	6.27773030481e-09
     3	4.49552675312e-09	1.07866034447e-09	5.57418709759e-09
     4	8.19039873582e-09	1.9728880322e-09	1.0163286768e-08
     5	6.86989745793e-09	1.65217743377e-09	8.5220748917e-09
     6	6.02298824936e-09	1.44674699365e-09	7.469735243e-09
     7	1.17363312185e-08	2.82831525205e-09	1.45646464706e-08
     8	9.77104652555e-09	2.35133522173e-09	1.21223817473e-08
     9	8.51462579032e-09	2.04668242565e-09	1.0561308216e-08

Measurement: t_ro65
  step	t_ro65	FROM	TO
     1	5.548057175e-09	1.33230542716e-09	6.88036260217e-09
     2	4.79998760408e-09	1.15071897474e-09	5.95070657883e-09
     3	4.30791156609e-09	1.03151920443e-09	5.33943077052e-09
     4	7.49272788232e-09	1.80036885322e-09	9.29309673554e-09
     5	6.39027091685e-09	1.53321337806e-09	7.92348429491e-09
     6	5.6659894125e-09	1.35793524259e-09	7.02392465509e-09
     7	1.05703699226e-08	2.54060283076e-09	1.31109727533e-08
     8	8.9561398166e-09	2.14983007627e-09	1.11059698929e-08
     9	7.89818127018e-09	1.89387036659e-09	9.79205163677e-09

Measurement: t_ro66
  step	t_ro66	FROM	TO
     1	6.0065108467e-09	1.43750833936e-09	7.44401918606e-09
     2	5.11216988044e-09	1.22218052375e-09	6.33435040419e-09
     3	4.52633464398e-09	1.08169215977e-09	5.60802680375e-09
     4	8.32710194781e-09	1.99215692513e-09	1.03192588729e-08
     5	6.95328390615e-09	1.66192542004e-09	8.61520932619e-09
     6	6.07998361647e-09	1.45225952164e-09	7.53224313811e-09
     7	1.19722107092e-08	2.86269092689e-09	1.4834901636e-08
     8	9.91931508327e-09	2.36977781008e-09	1.22890928934e-08
     9	8.61605991003e-09	2.05771145252e-09	1.06737713625e-08

Measurement: t_ro67
  step	t_ro67	FROM	TO
     1	5.76000445638e-09	1.38009776653e-09	7.14010222291e-09
     2	4.94802220341e-09	1.18414472704e-09	6.13216693045e-09
     3	4.40967065561e-09	1.05430504058e-09	5.46397569619e-09
     4	7.88233115006e-09	1.88843803295e-09	9.77076918301e-09
     5	6.65529268771e-09	1.59262220707e-09	8.24791489478e-09
     6	5.86206939946e-09	1.40186716653e-09	7.26393656599e-09
     7	1.12244015821e-08	2.6888241629e-09	1.3913225745e-08
     8	9.4097055803e-09	2.25166860682e-09	1.16613741871e-08
     9	8.23954590683e-09	1.97028478043e-09	1.02098306873e-08

Measurement: t_ro68
  step	t_ro68	FROM	TO
     1	6.1463233037e-09	1.47804066653e-09	7.62436397024e-09
     2	5.20514635749e-09	1.24990087001e-09	6.4550472275e-09
     3	4.59923925164e-09	1.10322972987e-09	5.70246898151e-09
     4	8.58693451261e-09	2.06583103889e-09	1.06527655515e-08
     5	7.13580030457e-09	1.71427998213e-09	8.8500802867e-09
     6	6.21636434551e-09	1.49165587674e-09	7.70802022225e-09
     7	1.24135459213e-08	2.9866684459e-09	1.54002143672e-08
     8	1.02334059707e-08	2.45884323988e-09	1.26922492106e-08
     9	8.85573993739e-09	2.12559071814e-09	1.09813306555e-08

Measurement: t_ro69
  step	t_ro69	FROM	TO
     1	6.2634319426e-09	1.502843415e-09	7.7662753576e-09
     2	5.27999610285e-09	1.26273383537e-09	6.54272993822e-09
     3	4.63999855921e-09	1.10891907479e-09	5.74891763401e-09
     4	8.83218881461e-09	2.11936142125e-09	1.09515502359e-08
     5	7.27994496679e-09	1.74294914377e-09	9.02289411056e-09
     6	6.31273249206e-09	1.50931980355e-09	7.82205229561e-09
     7	1.28316882663e-08	3.07830655655e-09	1.59099948229e-08
     8	1.04862705386e-08	2.51045643731e-09	1.2996726976e-08
     9	9.02949429428e-09	2.15879966314e-09	1.11882939574e-08

Measurement: t_ro70
  step	t_ro70	FROM	TO
     1	5.86956899265e-09	1.40851542531e-09	7.27808441796e-09
     2	5.01725109207e-09	1.20180934936e-09	6.21906044143e-09
     3	4.46641802023e-09	1.06894557704e-09	5.53536359727e-09
     4	8.0677174157e-09	1.93674304468e-09	1.00044604604e-08
     5	6.78961159264e-09	1.62711247332e-09	8.41672406596e-09
     6	5.96424151148e-09	1.42782950564e-09	7.39207101712e-09
     7	1.15342133566e-08	2.7688750081e-09	1.43030883647e-08
     8	9.6373985543e-09	2.30971206261e-09	1.19471106169e-08
     9	8.41544606043e-09	2.01470658633e-09	1.04301526468e-08

Measurement: t_ro71
  step	t_ro71	FROM	TO
     1	5.99616031422e-09	1.44918165338e-09	7.4453419676e-09
     2	5.11653838504e-09	1.23353841369e-09	6.35007679873e-09
     3	4.52949204278e-09	1.09015167145e-09	5.61964371424e-09
     4	8.30886121599e-09	2.01021181435e-09	1.03190730303e-08
     5	6.95218752313e-09	1.67823938694e-09	8.63042691007e-09
     6	6.08406361295e-09	1.46654828077e-09	7.55061189372e-09
     7	1.19313315498e-08	2.88797489266e-09	1.48193064424e-08
     8	9.90877928784e-09	2.39356197011e-09	1.2302341258e-08
     9	8.61800236706e-09	2.07902873103e-09	1.06970310981e-08

Measurement: t_ro72
  step	t_ro72	FROM	TO
     1	5.81867973429e-09	1.39813155413e-09	7.21681128842e-09
     2	4.9846942839e-09	1.19659196154e-09	6.18128624543e-09
     3	4.4440081838e-09	1.06661319872e-09	5.51062138251e-09
     4	7.95694680737e-09	1.91267880929e-09	9.86962561665e-09
     5	6.70944670867e-09	1.61150144853e-09	8.3209481572e-09
     6	5.90438304536e-09	1.4176366994e-09	7.32201974476e-09
     7	1.13283667017e-08	2.72370681825e-09	1.405207352e-08
     8	9.48592806989e-09	2.27891397007e-09	1.176484204e-08
     9	8.29902255343e-09	1.99290998449e-09	1.02919325379e-08

Measurement: t_ro73
  step	t_ro73	FROM	TO
     1	6.26418926681e-09	1.49863147004e-09	7.76282073686e-09
     2	5.279999958e-09	1.26311514917e-09	6.54311510717e-09
     3	4.65572928116e-09	1.11254171826e-09	5.76827099942e-09
     4	8.76431446473e-09	2.09634210517e-09	1.08606565699e-08
     5	7.25325682681e-09	1.73364048027e-09	8.98689730708e-09
     6	6.30031320538e-09	1.5052659873e-09	7.80557919268e-09
     7	1.2690234451e-08	3.03460715379e-09	1.57248416048e-08
     8	1.04191824039e-08	2.48996817469e-09	1.29091505786e-08
     9	8.99076465303e-09	2.14774157995e-09	1.1138506233e-08

Measurement: t_ro74
  step	t_ro74	FROM	TO
     1	5.80328298235e-09	1.40197129548e-09	7.20525427784e-09
     2	4.95997905772e-09	1.19763452484e-09	6.15761358256e-09
     3	4.41809161047e-09	1.06621222657e-09	5.48430383703e-09
     4	7.97446171337e-09	1.92953406696e-09	9.90399578033e-09
     5	6.69903615596e-09	1.61972141652e-09	8.31875757248e-09
     6	5.88695835509e-09	1.42237257829e-09	7.30933093338e-09
     7	1.13847492426e-08	2.75752709517e-09	1.41422763378e-08
     8	9.49016422293e-09	2.29664874546e-09	1.17868129684e-08
     9	8.28832211308e-09	2.0044433053e-09	1.02927654184e-08

Measurement: t_ro75
  step	t_ro75	FROM	TO
     1	6.06879718279e-09	1.45529768904e-09	7.52409487183e-09
     2	5.14097718958e-09	1.23065161721e-09	6.37162880679e-09
     3	4.55156889881e-09	1.0881325145e-09	5.6397014133e-09
     4	8.4477868287e-09	2.02642085034e-09	1.0474207679e-08
     5	7.02575556919e-09	1.68247918558e-09	8.70823475477e-09
     6	6.12830819759e-09	1.46553225296e-09	7.59384045055e-09
     7	1.21782786222e-08	2.92102659388e-09	1.5099305216e-08
     8	1.00464235237e-08	2.40601654524e-09	1.2452440069e-08
     9	8.7060090011e-09	2.08222802837e-09	1.07882370295e-08

Measurement: t_ro76
  step	t_ro76	FROM	TO
     1	5.95966883909e-09	1.43080489953e-09	7.39047373862e-09
     2	5.08092516276e-09	1.21801321689e-09	6.29893837965e-09
     3	4.50914644425e-09	1.07972174494e-09	5.58886818919e-09
     4	8.23594554805e-09	1.97802778175e-09	1.02139733298e-08
     5	6.90189615201e-09	1.65515637722e-09	8.55705252923e-09
     6	6.04606912513e-09	1.44845126825e-09	7.49452039338e-09
     7	1.18166071213e-08	2.83824048628e-09	1.46548476075e-08
     8	9.82914677719e-09	2.35767191134e-09	1.21868186885e-08
     9	8.5572795205e-09	2.05063435308e-09	1.06079138736e-08

Measurement: t_ro77
  step	t_ro77	FROM	TO
     1	6.25682312538e-09	1.50488343096e-09	7.76170655634e-09
     2	5.27987638919e-09	1.26743617906e-09	6.54731256825e-09
     3	4.63994963428e-09	1.11435215916e-09	5.75430179344e-09
     4	8.80587669371e-09	2.11933314277e-09	1.09252098365e-08
     5	7.26786434177e-09	1.74814742662e-09	9.0160117684e-09
     6	6.30611095475e-09	1.51644413364e-09	7.8225550884e-09
     7	1.2797599781e-08	3.08081408468e-09	1.58784138656e-08
     8	1.0473456035e-08	2.5204038908e-09	1.29938599258e-08
     9	9.0248595157e-09	2.17168885707e-09	1.11965483728e-08

Measurement: t_ro78
  step	t_ro78	FROM	TO
     1	6.40001563518e-09	1.54190404177e-09	7.94191967695e-09
     2	5.37488395053e-09	1.29158516599e-09	6.66646911652e-09
     3	4.72733039594e-09	1.13440006858e-09	5.86173046452e-09
     4	9.00622693892e-09	2.17168908405e-09	1.1177916023e-08
     5	7.41760701818e-09	1.78446190721e-09	9.2020689254e-09
     6	6.42213086299e-09	1.54313893936e-09	7.96526980234e-09
     7	1.30967322555e-08	3.16012151307e-09	1.62568537686e-08
     8	1.06989705595e-08	2.57582496616e-09	1.32747955256e-08
     9	9.20074475841e-09	2.21248902409e-09	1.14132337825e-08

Measurement: t_ro79
  step	t_ro79	FROM	TO
     1	6.00372296369e-09	1.43517431926e-09	7.43889728295e-09
     2	5.11311874052e-09	1.22088573949e-09	6.33400448001e-09
     3	4.53549268268e-09	1.0819975407e-09	5.61749022337e-09
     4	8.31808860736e-09	1.98791806888e-09	1.03060066762e-08
     5	6.95642778366e-09	1.65991572848e-09	8.61634351215e-09
     6	6.08600848008e-09	1.45142774387e-09	7.53743622395e-09
     7	1.19491441604e-08	2.85351998538e-09	1.48026641458e-08
     8	9.91622593947e-09	2.36512607164e-09	1.22813520111e-08
     9	8.62092299145e-09	2.05508738271e-09	1.06760103742e-08

Measurement: t_ro80
  step	t_ro80	FROM	TO
     1	6.22562531466e-09	1.49677082629e-09	7.72239614095e-09
     2	5.2469200487e-09	1.25944715334e-09	6.50636720204e-09
     3	4.63999467987e-09	1.11177251041e-09	5.75176719028e-09
     4	8.7415262303e-09	2.10309402397e-09	1.08446202543e-08
     5	7.22830069877e-09	1.73629528083e-09	8.9645959796e-09
     6	6.27814323485e-09	1.50633298436e-09	7.78447621921e-09
     7	1.2683083699e-08	3.05202075488e-09	1.57351044539e-08
     8	1.04004978739e-08	2.49936374215e-09	1.28998616161e-08
     9	8.9715556571e-09	2.15351718816e-09	1.11250728453e-08

Measurement: t_ro81
  step	t_ro81	FROM	TO
     1	5.516115147e-09	1.32027984284e-09	6.83639498984e-09
     2	4.7859151531e-09	1.14442261909e-09	5.93033777219e-09
     3	4.29575608329e-09	1.02622295803e-09	5.32197904132e-09
     4	7.43533525068e-09	1.77997038409e-09	9.21530563477e-09
     5	6.34985957745e-09	1.51809756478e-09	7.86795714223e-09
     6	5.63787211687e-09	1.34702013237e-09	6.98489224924e-09
     7	1.04553893692e-08	2.50268763758e-09	1.29580770068e-08
     8	8.87029300629e-09	2.12061891395e-09	1.09909119202e-08
     9	7.83404764682e-09	1.8715430322e-09	9.70559067902e-09

Measurement: t_ro82
  step	t_ro82	FROM	TO
     1	5.74038720388e-09	1.37441409823e-09	7.11480130211e-09
     2	4.92629437532e-09	1.17743823835e-09	6.10373261367e-09
     3	4.39498402938e-09	1.04941970855e-09	5.44440373793e-09
     4	7.84604389466e-09	1.87905474786e-09	9.72509864253e-09
     5	6.6205246889e-09	1.58264945311e-09	8.20317414201e-09
     6	5.83251374593e-09	1.39276486464e-09	7.22527861057e-09
     7	1.11655106528e-08	2.67346336923e-09	1.3838974022e-08
     8	9.35107184675e-09	2.23533458683e-09	1.15864064336e-08
     9	8.18860560839e-09	1.95527226065e-09	1.0143877869e-08

Measurement: t_ro83
  step	t_ro83	FROM	TO
     1	6.16335828957e-09	1.48092729786e-09	7.64428558742e-09
     2	5.20289128023e-09	1.24818460564e-09	6.45107588587e-09
     3	4.5940600787e-09	1.10062878218e-09	5.69468886088e-09
     4	8.6401580111e-09	2.07755286893e-09	1.071771088e-08
     5	7.15366356578e-09	1.71716089335e-09	8.87082445913e-09
     6	6.22150380858e-09	1.49166713179e-09	7.71317094038e-09
     7	1.25133554211e-08	3.00848734165e-09	1.55218427627e-08
     8	1.02709661265e-08	2.46626248477e-09	1.27372286113e-08
     9	8.87173498323e-09	2.12795801399e-09	1.09996929972e-08

Measurement: t_ro84
  step	t_ro84	FROM	TO
     1	6.19813043974e-09	1.48936510411e-09	7.68749554385e-09
     2	5.2445281029e-09	1.25800640518e-09	6.50253450809e-09
     3	4.62885988053e-09	1.1091774536e-09	5.73803733414e-09
     4	8.656664129e-09	2.08082163059e-09	1.07374857596e-08
     5	7.18463298721e-09	1.72369469455e-09	8.90832768175e-09
     6	6.25354116054e-09	1.49905178466e-09	7.7525929452e-09
     7	1.25125913763e-08	3.00738972686e-09	1.55199811032e-08
     8	1.03012353446e-08	2.47167697917e-09	1.27729123237e-08
     9	8.90734003651e-09	2.13556930863e-09	1.10429093451e-08

Measurement: t_ro85
  step	t_ro85	FROM	TO
     1	6.16323726241e-09	1.47853531161e-09	7.64177257403e-09
     2	5.2127763051e-09	1.24952908692e-09	6.46230539201e-09
     3	4.60834603793e-09	1.10395453643e-09	5.71230057436e-09
     4	8.56821640209e-09	2.05561753284e-09	1.06238339349e-08
     5	7.12278521921e-09	1.70741972519e-09	8.83020494439e-09
     6	6.20615210078e-09	1.48685474385e-09	7.69300684463e-09
     7	1.23548483863e-08	2.96376311782e-09	1.53186115041e-08
     8	1.01928063874e-08	2.44316848451e-09	1.26359748719e-08
     9	8.82488160364e-09	2.11410575935e-09	1.0938987363e-08

Measurement: t_ro86
  step	t_ro86	FROM	TO
     1	5.70257028572e-09	1.37260883627e-09	7.07517912199e-09
     2	4.9020234066e-09	1.17859301803e-09	6.08061642464e-09
     3	4.37817942293e-09	1.0518344711e-09	5.43001389402e-09
     4	7.78285744656e-09	1.87521541028e-09	9.65807285684e-09
     5	6.58112834927e-09	1.58367351092e-09	8.16480186019e-09
     6	5.80389998919e-09	1.39553090621e-09	7.1994308954e-09
     7	1.10576721609e-08	2.66568818328e-09	1.37233603441e-08
     8	9.28161201107e-09	2.23483674701e-09	1.15164487581e-08
     9	8.1368189144e-09	1.95766250428e-09	1.00944814187e-08

Measurement: t_ro87
  step	t_ro87	FROM	TO
     1	5.85019017889e-09	1.40185369159e-09	7.25204387049e-09
     2	5.00467495348e-09	1.19697349675e-09	6.20164845022e-09
     3	4.46067130149e-09	1.06622483953e-09	5.52689614102e-09
     4	8.02525211294e-09	1.92345635343e-09	9.94870846637e-09
     5	6.75907640605e-09	1.61679201964e-09	8.37586842568e-09
     6	5.94204297139e-09	1.4200482297e-09	7.36209120109e-09
     7	1.1451235463e-08	2.74387601133e-09	1.41951114744e-08
     8	9.57533814556e-09	2.29003116584e-09	1.18653693114e-08
     9	8.36824877388e-09	1.99941152816e-09	1.0367660302e-08

Measurement: t_ro88
  step	t_ro88	FROM	TO
     1	6.39999157929e-09	1.53078687698e-09	7.93077845627e-09
     2	5.36508453632e-09	1.28295324629e-09	6.6480377826e-09
     3	4.7152853541e-09	1.12686722137e-09	5.84215257547e-09
     4	8.95986670071e-09	2.14468567256e-09	1.11045523733e-08
     5	7.38247468182e-09	1.76531623596e-09	9.14779091779e-09
     6	6.39338556811e-09	1.5276839607e-09	7.92106952881e-09
     7	1.30080223612e-08	3.11335310629e-09	1.61213754675e-08
     8	1.06324458262e-08	2.5420859419e-09	1.31745317681e-08
     9	9.1464442877e-09	2.18531243616e-09	1.13317567239e-08

Measurement: t_ro89
  step	t_ro89	FROM	TO
     1	5.76000261445e-09	1.37962921234e-09	7.13963182679e-09
     2	4.94846097893e-09	1.18417641862e-09	6.13263739755e-09
     3	4.4162918082e-09	1.05603043937e-09	5.47232224757e-09
     4	7.87824971847e-09	1.88796659652e-09	9.76621631499e-09
     5	6.65998911116e-09	1.59391754197e-09	8.25390665314e-09
     6	5.86836492177e-09	1.40343886845e-09	7.27180379022e-09
     7	1.12168739719e-08	2.68764286085e-09	1.39045168328e-08
     8	9.41661525481e-09	2.25352529609e-09	1.16701405509e-08
     9	8.24935115421e-09	1.97271413335e-09	1.02220652876e-08

Measurement: t_ro90
  step	t_ro90	FROM	TO
     1	6.0425402273e-09	1.45450612385e-09	7.49704635115e-09
     2	5.12201484482e-09	1.23096583201e-09	6.35298067683e-09
     3	4.54068453859e-09	1.08908848811e-09	5.6297730267e-09
     4	8.41981089121e-09	2.02867591957e-09	1.04484868108e-08
     5	7.01261405872e-09	1.68696167914e-09	8.69957573786e-09
     6	6.12086168897e-09	1.47009689661e-09	7.59095858558e-09
     7	1.21379816157e-08	2.92604003372e-09	1.50640216495e-08
     8	1.00291820894e-08	2.41448565488e-09	1.24436677443e-08
     9	8.69768109275e-09	2.09130526539e-09	1.07889863581e-08

Measurement: t_ro91
  step	t_ro91	FROM	TO
     1	6.16420232784e-09	1.48801120728e-09	7.65221353512e-09
     2	5.21633409469e-09	1.25642063558e-09	6.47275473027e-09
     3	4.61160802339e-09	1.10861488256e-09	5.72022290595e-09
     4	8.59345491308e-09	2.07636768271e-09	1.06698225958e-08
     5	7.1413443325e-09	1.72176161042e-09	8.86310594293e-09
     6	6.22169885342e-09	1.49773078847e-09	7.71942964189e-09
     7	1.2409736865e-08	2.99966772298e-09	1.5409404588e-08
     8	1.02317080179e-08	2.46826941669e-09	1.26999774345e-08
     9	8.8560060746e-09	2.13358128976e-09	1.09895873644e-08

Measurement: t_ro92
  step	t_ro92	FROM	TO
     1	5.93349936591e-09	1.42790352699e-09	7.3614028929e-09
     2	5.05626039287e-09	1.21616840542e-09	6.2724287983e-09
     3	4.48403154435e-09	1.07827662636e-09	5.56230817071e-09
     4	8.209386273e-09	1.9777911053e-09	1.01871773783e-08
     5	6.87202403955e-09	1.65440627334e-09	8.52643031289e-09
     6	6.01869168581e-09	1.44805179046e-09	7.46674347627e-09
     7	1.17871781744e-08	2.84161254386e-09	1.46287907183e-08
     8	9.79149484892e-09	2.35900041578e-09	1.21504952647e-08
     9	8.52268658088e-09	2.05221069097e-09	1.05748972719e-08

Measurement: t_ro93
  step	t_ro93	FROM	TO
     1	6.15979823252e-09	1.48214567714e-09	7.64194390966e-09
     2	5.22008411554e-09	1.2537823566e-09	6.47386647214e-09
     3	4.6127457223e-09	1.10675385863e-09	5.71949958093e-09
     4	8.58076138436e-09	2.06625568756e-09	1.06470170719e-08
     5	7.13988751335e-09	1.71607143322e-09	8.85595894657e-09
     6	6.22308247325e-09	1.49418095395e-09	7.7172634272e-09
     7	1.23846259923e-08	2.9830397779e-09	1.53676657702e-08
     8	1.02260261135e-08	2.4587648206e-09	1.26847909341e-08
     9	8.85592903037e-09	2.1272415732e-09	1.09831706036e-08

Measurement: t_ro94
  step	t_ro94	FROM	TO
     1	6.24000010853e-09	1.48936085839e-09	7.72936096692e-09
     2	5.2799940589e-09	1.25803074091e-09	6.53802479981e-09
     3	4.64000294844e-09	1.106691469e-09	5.74669441743e-09
     4	8.75002537803e-09	2.08687074549e-09	1.08368961235e-08
     5	7.24364982592e-09	1.72677229858e-09	8.9704221245e-09
     6	6.29409962438e-09	1.50009232883e-09	7.7941919532e-09
     7	1.26798976425e-08	3.02261624385e-09	1.57025138864e-08
     8	1.0412010827e-08	2.48106378226e-09	1.28930746093e-08
     9	8.98658786209e-09	2.14102576608e-09	1.11276136282e-08

Measurement: t_ro95
  step	t_ro95	FROM	TO
     1	5.80575012358e-09	1.39055698268e-09	7.19630710626e-09
     2	4.96207220971e-09	1.1871198192e-09	6.14919202892e-09
     3	4.44023828915e-09	1.06110298958e-09	5.50134127873e-09
     4	7.9099940078e-09	1.89476780745e-09	9.80476181526e-09
     5	6.68061246874e-09	1.59779618158e-09	8.27840865031e-09
     6	5.88404317486e-09	1.40603456557e-09	7.29007774043e-09
     7	1.12390284538e-08	2.69183981871e-09	1.39308682725e-08
     8	9.42778458955e-09	2.25454313054e-09	1.16823277201e-08
     9	8.25696715389e-09	1.97272335177e-09	1.02296905057e-08

Measurement: t_ro96
  step	t_ro96	FROM	TO
     1	6.08003724199e-09	1.46543827557e-09	7.54547551756e-09
     2	5.16075222773e-09	1.24093298615e-09	6.40168521389e-09
     3	4.56710084519e-09	1.09657437616e-09	5.66367522135e-09
     4	8.46430799236e-09	2.03934498429e-09	1.05036529767e-08
     5	7.04000704826e-09	1.69470554013e-09	8.73471258839e-09
     6	6.1451328745e-09	1.47699190915e-09	7.62212478365e-09
     7	1.21937939668e-08	2.93917913461e-09	1.51329731014e-08
     8	1.00667679098e-08	2.4236828112e-09	1.24904507211e-08
     9	8.72538875272e-09	2.0984515534e-09	1.08238403061e-08

Measurement: t_ro97
  step	t_ro97	FROM	TO
     1	6.092044132e-09	1.47370781356e-09	7.56575194556e-09
     2	5.15933427699e-09	1.24642321617e-09	6.40575749316e-09
     3	4.56169415851e-09	1.10146690899e-09	5.66316106749e-09
     4	8.50704211069e-09	2.0610416613e-09	1.0568083772e-08
     5	7.06510851401e-09	1.70941468255e-09	8.77452319655e-09
     6	6.15454918376e-09	1.48768789096e-09	7.64223707472e-09
     7	1.22885339827e-08	2.97932727019e-09	1.52678612529e-08
     8	1.01211057227e-08	2.45066317861e-09	1.25717689013e-08
     9	8.75689189208e-09	2.11845093882e-09	1.08753428309e-08

Measurement: t_ro98
  step	t_ro98	FROM	TO
     1	6.29457781751e-09	1.51011355352e-09	7.80469137104e-09
     2	5.28575892696e-09	1.26567630184e-09	6.5514352288e-09
     3	4.66133593842e-09	1.11602844241e-09	5.77736438083e-09
     4	8.86128529439e-09	2.12597660353e-09	1.09872618979e-08
     5	7.30862118011e-09	1.75153095704e-09	9.06015213715e-09
     6	6.33631375845e-09	1.5174380892e-09	7.85375184765e-09
     7	1.28858138628e-08	3.09101925722e-09	1.597683312e-08
     8	1.05388461887e-08	2.52553910339e-09	1.30643852921e-08
     9	9.07364679012e-09	2.17291445801e-09	1.12465612481e-08

Measurement: t_ro99
  step	t_ro99	FROM	TO
     1	6.24000881677e-09	1.50339640928e-09	7.74340522605e-09
     2	5.27997660015e-09	1.26487170057e-09	6.54484830073e-09
     3	4.6400023439e-09	1.11178236621e-09	5.75178471011e-09
     4	8.71645601392e-09	2.11607520343e-09	1.08325312173e-08
     5	7.21586088486e-09	1.73370377144e-09	8.9495646563e-09
     6	6.2719164581e-09	1.50325837246e-09	7.77517483056e-09
     7	1.26002806797e-08	3.08185175107e-09	1.56821324308e-08
     8	1.03467985305e-08	2.49550762908e-09	1.28423061596e-08
     9	8.93383467414e-09	2.14500529513e-09	1.10788399693e-08

Measurement: t_ro100
  step	t_ro100	FROM	TO
     1	5.74315193592e-09	1.375713038e-09	7.11886497392e-09
     2	4.93204527074e-09	1.17975460164e-09	6.11179987238e-09
     3	4.40509579805e-09	1.05334727602e-09	5.45844307407e-09
     4	7.84002618344e-09	1.87428363169e-09	9.71430981513e-09
     5	6.62720821772e-09	1.58484678904e-09	8.21205500676e-09
     6	5.8430374574e-09	1.39704514848e-09	7.24008260588e-09
     7	1.11443510786e-08	2.64080416611e-09	1.37851552447e-08
     8	9.35216471906e-09	2.23297168649e-09	1.15851364055e-08
     9	8.19688891306e-09	1.95857092369e-09	1.01554598368e-08

Measurement: t_ro101
  step	t_ro101	FROM	TO
     1	5.92000014683e-09	1.42062058743e-09	7.34062073427e-09
     2	5.05089693181e-09	1.21049354166e-09	6.26139047346e-09
     3	4.48576167253e-09	1.07331660604e-09	5.55907827857e-09
     4	8.17217910091e-09	1.96153940523e-09	1.01337185061e-08
     5	6.85637862691e-09	1.64357933774e-09	8.49995796465e-09
     6	6.01039701375e-09	1.43944643553e-09	7.44984344928e-09
     7	1.17205018975e-08	2.81313467346e-09	1.4533636571e-08
     8	9.75955798817e-09	2.3396532362e-09	1.20992112244e-08
     9	8.50286629282e-09	2.03659644489e-09	1.05394627377e-08

Measurement: t_ro102
  step	t_ro102	FROM	TO
     1	6.20073842075e-09	1.48969670535e-09	7.6904351261e-09
     2	5.24254793428e-09	1.25652261016e-09	6.49907054444e-09
     3	4.63048703104e-09	1.10825842223e-09	5.73874545327e-09
     4	8.68200470356e-09	2.08689724075e-09	1.07689019443e-08
     5	7.20522053671e-09	1.72811649247e-09	8.93333702918e-09
     6	6.26898044714e-09	1.50129144725e-09	7.77027189438e-09
     7	1.25764940396e-08	3.02351255193e-09	1.56000065915e-08
     8	1.03549668438e-08	2.48457662142e-09	1.28395434652e-08
     9	8.95060565137e-09	2.14451541322e-09	1.10951210646e-08

Measurement: t_ro103
  step	t_ro103	FROM	TO
     1	5.92000038358e-09	1.41740212603e-09	7.33740250961e-09
     2	5.03672620869e-09	1.20370014088e-09	6.24042634957e-09
     3	4.48000059122e-09	1.06861416993e-09	5.54861476115e-09
     4	8.12992983906e-09	1.94661368566e-09	1.00765435247e-08
     5	6.80265123222e-09	1.62612492376e-09	8.42877615598e-09
     6	5.96227634831e-09	1.42376597391e-09	7.38604232223e-09
     7	1.16077419554e-08	2.77900730041e-09	1.43867492558e-08
     8	9.63676409435e-09	2.30349775627e-09	1.19402618506e-08
     9	8.39375327064e-09	2.00423098944e-09	1.03979842601e-08

Measurement: t_ro104
  step	t_ro104	FROM	TO
     1	5.60826801501e-09	1.34033106938e-09	6.94859908439e-09
     2	4.848028872e-09	1.15750909288e-09	6.00553796488e-09
     3	4.34491588124e-09	1.03700250425e-09	5.38191838549e-09
     4	7.61007777582e-09	1.81842235946e-09	9.42850013527e-09
     5	6.47524569445e-09	1.54598994016e-09	8.02123563462e-09
     6	5.73283690218e-09	1.368081571e-09	7.10091847318e-09
     7	1.0754709006e-08	2.5693512791e-09	1.33240602851e-08
     8	9.09001306895e-09	2.16997869402e-09	1.1259991763e-08
     9	8.00322741594e-09	1.90950889542e-09	9.91273631136e-09

Measurement: t_ro105
  step	t_ro105	FROM	TO
     1	5.67652900226e-09	1.36913771364e-09	7.0456667159e-09
     2	4.88546106805e-09	1.17758283533e-09	6.06304390339e-09
     3	4.36779265495e-09	1.05204174362e-09	5.41983439857e-09
     4	7.7405666414e-09	1.86980990976e-09	9.61037655116e-09
     5	6.5579669362e-09	1.58288725599e-09	8.14085419219e-09
     6	5.78976097728e-09	1.3965016338e-09	7.18626261108e-09
     7	1.09919427723e-08	2.65782382397e-09	1.36497665963e-08
     8	9.24734917434e-09	2.23411416272e-09	1.14814633371e-08
     9	8.11733275667e-09	1.95989514405e-09	1.00772279007e-08

Measurement: t_ro106
  step	t_ro106	FROM	TO
     1	5.91999986806e-09	1.41747296228e-09	7.33747283034e-09
     2	5.05228480779e-09	1.2079030138e-09	6.26018782158e-09
     3	4.49533799558e-09	1.07421047206e-09	5.56954846764e-09
     4	8.16300314589e-09	1.95420008579e-09	1.01172032317e-08
     5	6.85463072838e-09	1.63880350277e-09	8.49343423114e-09
     6	6.01337006373e-09	1.43663997384e-09	7.45001003757e-09
     7	1.16848156808e-08	2.79688482466e-09	1.44817005055e-08
     8	9.73993287466e-09	2.32816158484e-09	1.20680944595e-08
     9	8.49317834966e-09	2.02859085464e-09	1.05217692043e-08

Measurement: t_ro107
  step	t_ro107	FROM	TO
     1	5.78798394982e-09	1.39380790795e-09	7.18179185777e-09
     2	4.95999954595e-09	1.19343114291e-09	6.15343068886e-09
     3	4.42428912949e-09	1.06425216425e-09	5.48854129374e-09
     4	7.92876146837e-09	1.91089822859e-09	9.83965969697e-09
     5	6.68441013067e-09	1.60961096258e-09	8.29402109325e-09
     6	5.88254961747e-09	1.41598106659e-09	7.29853068406e-09
     7	1.12953527606e-08	2.72391798291e-09	1.40192707435e-08
     8	9.45292663038e-09	2.27754917775e-09	1.17304758081e-08
     9	8.2691390258e-09	1.99138611289e-09	1.02605251387e-08

Measurement: t_ro108
  step	t_ro108	FROM	TO
     1	5.89310972422e-09	1.41065876177e-09	7.30376848599e-09
     2	5.03033102311e-09	1.20136648308e-09	6.23169750619e-09
     3	4.47490157919e-09	1.0681175124e-09	5.54301909158e-09
     4	8.12227064058e-09	1.94381955347e-09	1.0066090194e-08
     5	6.81497332216e-09	1.62735976737e-09	8.44233308953e-09
     6	5.97892447083e-09	1.42683631689e-09	7.40576078772e-09
     7	1.16216800188e-08	2.77850318659e-09	1.44001832054e-08
     8	9.67476654451e-09	2.30922829335e-09	1.19839948379e-08
     9	8.43432716181e-09	2.01199691357e-09	1.04463240754e-08

Measurement: t_ro109
  step	t_ro109	FROM	TO
     1	5.80433609652e-09	1.3952806735e-09	7.19961677002e-09
     2	4.95999980234e-09	1.19081803516e-09	6.1508178375e-09
     3	4.43119637047e-09	1.06120359911e-09	5.49239996959e-09
     4	7.92773108087e-09	1.90658292033e-09	9.83431400119e-09
     5	6.67858048919e-09	1.60372753026e-09	8.28230801945e-09
     6	5.87705754063e-09	1.4090641712e-09	7.28612171182e-09
     7	1.12691115275e-08	2.71088733762e-09	1.39799988651e-08
     8	9.42631855006e-09	2.26456429948e-09	1.16908828495e-08
     9	8.24698731617e-09	1.97870917625e-09	1.02256964924e-08

Measurement: t_ro110
  step	t_ro110	FROM	TO
     1	5.63590056778e-09	1.34730507371e-09	6.98320564149e-09
     2	4.86403425742e-09	1.16202121384e-09	6.02605547125e-09
     3	4.3541036505e-09	1.04018543912e-09	5.39428908962e-09
     4	7.64980902465e-09	1.82819046396e-09	9.47799948862e-09
     5	6.50203085959e-09	1.55280943512e-09	8.0548402947e-09
     6	5.75210908267e-09	1.37347368396e-09	7.12558276663e-09
     7	1.08265522443e-08	2.58643526976e-09	1.3412987514e-08
     8	9.14070812511e-09	2.18211547399e-09	1.13228235991e-08
     9	8.04091878093e-09	1.91912080913e-09	9.96003959006e-09

Measurement: t_ro111
  step	t_ro111	FROM	TO
     1	5.67563274915e-09	1.36156045112e-09	7.03719320027e-09
     2	4.8908705538e-09	1.1706814959e-09	6.0615520497e-09
     3	4.37502033806e-09	1.04599566485e-09	5.42101600291e-09
     4	7.71309965909e-09	1.85148101117e-09	9.56458067026e-09
     5	6.54880983479e-09	1.56857554906e-09	8.11738538385e-09
     6	5.78677498075e-09	1.38432516519e-09	7.17110014594e-09
     7	1.09334769502e-08	2.62491333516e-09	1.35583902854e-08
     8	9.220112378e-09	2.20922460473e-09	1.14293369827e-08
     9	8.10228071017e-09	1.93900677287e-09	1.0041287483e-08

Measurement: t_ro112
  step	t_ro112	FROM	TO
     1	5.76000448094e-09	1.39245453186e-09	7.1524590128e-09
     2	4.95455171406e-09	1.19604103061e-09	6.15059274467e-09
     3	4.41784372331e-09	1.06429273276e-09	5.48213645607e-09
     4	7.86751442218e-09	1.90410159847e-09	9.77161602065e-09
     5	6.65684448306e-09	1.60783817812e-09	8.26468266118e-09
     6	5.86913716906e-09	1.41577814742e-09	7.28491531648e-09
     7	1.11931895431e-08	2.71076172575e-09	1.39039512689e-08
     8	9.40518701291e-09	2.2734119634e-09	1.16785989763e-08
     9	8.2445992071e-09	1.99053374294e-09	1.023513295e-08

Measurement: t_ro113
  step	t_ro113	FROM	TO
     1	5.80905842565e-09	1.39282294991e-09	7.20188137557e-09
     2	4.97147061007e-09	1.19035427647e-09	6.16182488654e-09
     3	4.44016967475e-09	1.06305283433e-09	5.50322250908e-09
     4	7.9685601431e-09	1.911203572e-09	9.8797637151e-09
     5	6.72006934422e-09	1.60988226542e-09	8.32995160963e-09
     6	5.9125872823e-09	1.41564097721e-09	7.32822825951e-09
     7	1.13652395179e-08	2.72572379672e-09	1.40909633147e-08
     8	9.51499404129e-09	2.27917697714e-09	1.17941710184e-08
     9	8.32222704886e-09	1.99261771024e-09	1.03148447591e-08

Measurement: t_ro114
  step	t_ro114	FROM	TO
     1	5.96615528035e-09	1.43706388598e-09	7.40321916633e-09
     2	5.07928632651e-09	1.22348607001e-09	6.30277239652e-09
     3	4.50129170417e-09	1.08301094459e-09	5.58430264876e-09
     4	8.25222174254e-09	1.98957800711e-09	1.02417997496e-08
     5	6.89324554177e-09	1.66153868666e-09	8.55478422843e-09
     6	6.03263960213e-09	1.45357382015e-09	7.48621342228e-09
     7	1.18404549749e-08	2.8565118159e-09	1.46969667908e-08
     8	9.8123083885e-09	2.36642319121e-09	1.21787315797e-08
     9	8.53141973144e-09	2.05698087666e-09	1.05884006081e-08

Measurement: t_ro115
  step	t_ro115	FROM	TO
     1	6.08000693583e-09	1.46274087756e-09	7.54274781339e-09
     2	5.15536504044e-09	1.23892926776e-09	6.39429430819e-09
     3	4.56828712488e-09	1.09675056061e-09	5.6650376855e-09
     4	8.46747807774e-09	2.03865049398e-09	1.05061285717e-08
     5	7.05568101582e-09	1.69679777958e-09	8.7524787954e-09
     6	6.15823134269e-09	1.47987551918e-09	7.63810686187e-09
     7	1.22094171162e-08	2.94084458042e-09	1.51502616966e-08
     8	1.00949830865e-08	2.42904120658e-09	1.25240242931e-08
     9	8.75426716451e-09	2.10517830781e-09	1.08594454723e-08

Measurement: t_ro116
  step	t_ro116	FROM	TO
     1	5.8580180227e-09	1.41025544586e-09	7.26827346856e-09
     2	5.0109237916e-09	1.20456540421e-09	6.2154891958e-09
     3	4.46802230603e-09	1.07286570383e-09	5.54088800985e-09
     4	8.02698352679e-09	1.93441784606e-09	9.96140137285e-09
     5	6.76287647719e-09	1.62745878454e-09	8.39033526173e-09
     6	5.94469293834e-09	1.4290388695e-09	7.37373180784e-09
     7	1.14551658512e-08	2.7624418343e-09	1.42176076855e-08
     8	9.58337872122e-09	2.30788759801e-09	1.18912663192e-08
     9	8.37502880951e-09	2.01488381432e-09	1.03899126238e-08

Measurement: t_ro117
  step	t_ro117	FROM	TO
     1	5.83214155707e-09	1.39406957598e-09	7.22621113305e-09
     2	4.99060465412e-09	1.19165256248e-09	6.1822572166e-09
     3	4.44621075498e-09	1.06094912098e-09	5.50715987596e-09
     4	8.02500961674e-09	1.91800936454e-09	9.94301898128e-09
     5	6.75228278325e-09	1.61187751341e-09	8.36416029666e-09
     6	5.93398855072e-09	1.41570416325e-09	7.34969271397e-09
     7	1.14670329638e-08	2.73949555726e-09	1.42065285211e-08
     8	9.5765658508e-09	2.28533372271e-09	1.18618995735e-08
     9	8.3643866691e-09	1.99481628883e-09	1.03592029579e-08

Measurement: t_ro118
  step	t_ro118	FROM	TO
     1	5.78732687427e-09	1.38872220217e-09	7.17604907644e-09
     2	4.95999976235e-09	1.187666008e-09	6.14766577035e-09
     3	4.41009625465e-09	1.05622617934e-09	5.46632243399e-09
     4	7.95581138463e-09	1.90950971925e-09	9.86532110389e-09
     5	6.68868637809e-09	1.60342737289e-09	8.29211375098e-09
     6	5.87780002274e-09	1.40798576103e-09	7.28578578378e-09
     7	1.13592333086e-08	2.72661683723e-09	1.40858501459e-08
     8	9.47635811984e-09	2.27200606583e-09	1.17483641857e-08
     9	8.27647597207e-09	1.98273316658e-09	1.02592091386e-08

Measurement: t_ro119
  step	t_ro119	FROM	TO
     1	5.72184761677e-09	1.37178152206e-09	7.09362913883e-09
     2	4.92322440092e-09	1.17783381824e-09	6.10105821916e-09
     3	4.39652145398e-09	1.05077534702e-09	5.447296801e-09
     4	7.81557039704e-09	1.87456379801e-09	9.69013419506e-09
     5	6.61851249832e-09	1.58421073144e-09	8.20272322975e-09
     6	5.83956523652e-09	1.39609748845e-09	7.23566272498e-09
     7	1.1112863875e-08	2.66539807503e-09	1.37782619501e-08
     8	9.3447650779e-09	2.23707593902e-09	1.15818410169e-08
     9	8.19712692445e-09	1.96010128678e-09	1.01572282112e-08

Measurement: t_ro120
  step	t_ro120	FROM	TO
     1	6.20483947715e-09	1.48905937266e-09	7.69389884981e-09
     2	5.24820009051e-09	1.25636158352e-09	6.50456167403e-09
     3	4.63142180971e-09	1.10697011372e-09	5.73839192342e-09
     4	8.65061798793e-09	2.0772248364e-09	1.07278428243e-08
     5	7.18171496956e-09	1.72017765055e-09	8.90189262011e-09
     6	6.25094365686e-09	1.49473525395e-09	7.74567891081e-09
     7	1.24955846088e-08	3.00013167576e-09	1.54957162846e-08
     8	1.02920460304e-08	2.46550261173e-09	1.27575486421e-08
     9	8.90065828375e-09	2.12888417614e-09	1.10295424599e-08

Measurement: t_ro121
  step	t_ro121	FROM	TO
     1	5.91999930118e-09	1.42563013372e-09	7.3456294349e-09
     2	5.03869653943e-09	1.21434178057e-09	6.25303831999e-09
     3	4.47998996596e-09	1.07996627119e-09	5.55995623715e-09
     4	8.16302665865e-09	1.96973689274e-09	1.01327635514e-08
     5	6.8325271283e-09	1.64859245169e-09	8.48111957999e-09
     6	5.98641588301e-09	1.44433442566e-09	7.43075030867e-09
     7	1.16990634923e-08	2.82608204419e-09	1.45251455365e-08
     8	9.71436632381e-09	2.34610880426e-09	1.20604751281e-08
     9	8.45751894907e-09	2.04225895337e-09	1.04997779024e-08

Measurement: t_ro122
  step	t_ro122	FROM	TO
     1	5.86035379795e-09	1.42138035867e-09	7.28173415662e-09
     2	5.01721815384e-09	1.21354662437e-09	6.23076477821e-09
     3	4.46512499162e-09	1.0785193176e-09	5.54364430921e-09
     4	8.04955270459e-09	1.95504553591e-09	1.00045982405e-08
     5	6.77294714966e-09	1.64075838094e-09	8.4137055306e-09
     6	5.95051057214e-09	1.43927377978e-09	7.38978435192e-09
     7	1.14926180301e-08	2.79321713032e-09	1.42858351604e-08
     8	9.59941290847e-09	2.32745773786e-09	1.19268706463e-08
     9	8.38277216629e-09	2.02956879711e-09	1.04123409634e-08

Measurement: t_ro123
  step	t_ro123	FROM	TO
     1	5.74793006701e-09	1.3784173588e-09	7.12634742581e-09
     2	4.93954317969e-09	1.18264082711e-09	6.12218400679e-09
     3	4.40821135882e-09	1.05482062978e-09	5.4630319886e-09
     4	7.82276115929e-09	1.87675894653e-09	9.69952010582e-09
     5	6.61757971467e-09	1.58497716215e-09	8.20255687682e-09
     6	5.83583621027e-09	1.39654667435e-09	7.23238288462e-09
     7	1.10957553027e-08	2.66189559859e-09	1.37576509013e-08
     8	9.32138494009e-09	2.23281328146e-09	1.15541982216e-08
     9	8.17382191879e-09	1.95636376263e-09	1.01301856814e-08

Measurement: t_ro124
  step	t_ro124	FROM	TO
     1	6.24000026091e-09	1.50382850745e-09	7.74382876836e-09
     2	5.27999699927e-09	1.27138527941e-09	6.55138227868e-09
     3	4.64000122542e-09	1.11832218255e-09	5.75832340796e-09
     4	8.77685980715e-09	2.11725677939e-09	1.08941165865e-08
     5	7.2552426312e-09	1.75014971173e-09	9.00539234293e-09
     6	6.29825176879e-09	1.51916757229e-09	7.81741934108e-09
     7	1.27418655569e-08	3.07724067007e-09	1.58191062269e-08
     8	1.04467673192e-08	2.52258185224e-09	1.29693491715e-08
     9	9.00702521541e-09	2.17444448465e-09	1.11814697001e-08

Measurement: t_ro125
  step	t_ro125	FROM	TO
     1	5.38979849797e-09	1.29394993977e-09	6.68374843774e-09
     2	4.69456019753e-09	1.12578118339e-09	5.82034138092e-09
     3	4.22836749083e-09	1.0129245601e-09	5.24129205094e-09
     4	7.23545333099e-09	1.73792544407e-09	8.97337877506e-09
     5	6.2127794442e-09	1.49067419211e-09	7.70345363631e-09
     6	5.53566664241e-09	1.32708121895e-09	6.86274786135e-09
     7	1.01489875117e-08	2.43843457174e-09	1.25874220834e-08
     8	8.65953313862e-09	2.07876643e-09	1.07382995686e-08
     9	7.67667097107e-09	1.841443484e-09	9.51811445507e-09

Measurement: t_ro126
  step	t_ro126	FROM	TO
     1	5.96455689613e-09	1.42641161394e-09	7.39096851007e-09
     2	5.08347146548e-09	1.21439312666e-09	6.29786459214e-09
     3	4.50856228116e-09	1.07662310749e-09	5.58518538865e-09
     4	8.23008070531e-09	1.96815457818e-09	1.01982352835e-08
     5	6.88564894e-09	1.64513702725e-09	8.53078596724e-09
     6	6.02880539723e-09	1.43956316265e-09	7.46836855989e-09
     7	1.17855987846e-08	2.81783819748e-09	1.46034369821e-08
     8	9.78422601339e-09	2.33732424573e-09	1.21215502591e-08
     9	8.5124524129e-09	2.0323397748e-09	1.05447921877e-08

Measurement: t_ro127
  step	t_ro127	FROM	TO
     1	6.02080697293e-09	1.44542191363e-09	7.46622888656e-09
     2	5.10913709785e-09	1.22506028649e-09	6.33419738434e-09
     3	4.52217066573e-09	1.08387561701e-09	5.60604628274e-09
     4	8.40259215394e-09	2.01763479365e-09	1.04202269476e-08
     5	6.98847498988e-09	1.67670342107e-09	8.66517841095e-09
     6	6.09650442175e-09	1.46176436191e-09	7.55826878366e-09
     7	1.21221225889e-08	2.91076672221e-09	1.50328893111e-08
     8	9.99822083339e-09	2.399108983e-09	1.23973298164e-08
     9	8.66382385381e-09	2.07764684471e-09	1.07414706985e-08

Measurement: freq_ro0
  step	{80/t_ro0}
     1	13242198218.6
     2	15625035424.7
     3	17596537760.1
     4	9573318559.5
     5	11475910885.2
     6	13136413762.9
     7	6671076757.01
     8	8060320819.22
     9	9283542870.97

Measurement: freq_ro1
  step	{80/t_ro1}
     1	12961976655.9
     2	15340224541
     3	17364604568.8
     4	9251459823.13
     5	11156416533.1
     6	12821114697.1
     7	6391837144.26
     8	7770656132.51
     9	8990738838.67

Measurement: freq_ro2
  step	{80/t_ro2}
     1	13035778527
     2	15407696950.1
     3	17434851903.9
     4	9360821395.93
     5	11272636382.2
     6	12941599343.9
     7	6486238335.77
     8	7874401568.6
     9	9100583973.61

Measurement: freq_ro3
  step	{80/t_ro3}
     1	13586061779.2
     2	15943401700.1
     3	17941510309.8
     4	9817889569.57
     5	11740927995.1
     6	13402145725.6
     7	6852441426.14
     8	8262537254.02
     9	9494899284.03

Measurement: freq_ro4
  step	{80/t_ro4}
     1	13888876772.1
     2	16190501389.4
     3	18139055815.8
     4	10194683820.2
     5	12059954304
     6	13683709068.3
     7	7173328443.24
     8	8546788714.65
     9	9754078214.56

Measurement: freq_ro5
  step	{80/t_ro5}
     1	12820524891.7
     2	15226744608.7
     3	17241393937.4
     4	9188687267.41
     5	11087785787.8
     6	12752740359.3
     7	6347185213.12
     8	7719023216.08
     9	8936263049.57

Measurement: freq_ro6
  step	{80/t_ro6}
     1	13078853041.2
     2	15405863394.6
     3	17401887752.6
     4	9423776751.84
     5	11291690997.6
     6	12934539880.2
     7	6540776905.26
     8	7895638018.73
     9	9100278457.52

Measurement: freq_ro7
  step	{80/t_ro7}
     1	13176069979.1
     2	15578791467.4
     3	17595152493.6
     4	9461904099.85
     5	11392647824.3
     6	13064395511.7
     7	6558303579.22
     8	7964672796.54
     9	9195549069.15

Measurement: freq_ro8
  step	{80/t_ro8}
     1	13734733982.9
     2	16049712319.1
     3	18011274195.1
     4	10019427112
     5	11904852017.8
     6	13542356513.7
     7	7019625499.91
     8	8404251379.51
     9	9620140537.16

Measurement: freq_ro9
  step	{80/t_ro9}
     1	13888881835.9
     2	16156718250.9
     3	18113969310.1
     4	10128164169.5
     5	11993434784.8
     6	13616280501.3
     7	7109537042.13
     8	8480332280.45
     9	9685263797.89

Measurement: freq_ro10
  step	{80/t_ro10}
     1	13485374124.7
     2	15802021556.2
     3	17783579730.3
     4	9801240576.74
     5	11679424945.1
     6	13319629991.4
     7	6852877938.8
     8	8228793106.16
     9	9441371820.74

Measurement: freq_ro11
  step	{80/t_ro11}
     1	13956513156.2
     2	16262461475.7
     3	18225175878.5
     4	10211524911.4
     5	12100523058
     6	13737042135.9
     7	7180232086.45
     8	8570976033.65
     9	9789168511.68

Measurement: freq_ro12
  step	{80/t_ro12}
     1	13624072333.1
     2	15931592565.7
     3	17857154499.6
     4	9902955741.31
     5	11766885519.7
     6	13394126311.8
     7	6924390144
     8	8288213192.49
     9	9491706147.5

Measurement: freq_ro13
  step	{80/t_ro13}
     1	13592566700
     2	15908130195.1
     3	17857166356.8
     4	9864355556.63
     5	11736509750.7
     6	13369158279.1
     7	6891798461.99
     8	8261776708.39
     9	9469375964.5

Measurement: freq_ro14
  step	{80/t_ro14}
     1	13185034198.9
     2	15512946338.8
     3	17507805954.6
     4	9522663401.7
     5	11390770073.7
     6	13032597374.4
     7	6620382681.83
     8	7977725383.79
     9	9183181385.87

Measurement: freq_ro15
  step	{80/t_ro15}
     1	13336415356.7
     2	15648533975.7
     3	17728140653.4
     4	9589535252.98
     5	11506240805.1
     6	13168143781.5
     7	6656313507.18
     8	8052450049.08
     9	9278136688.12

Measurement: freq_ro16
  step	{80/t_ro16}
     1	13205567279.9
     2	15624994583.1
     3	17678634612.3
     4	9455644993.16
     5	11417025487.2
     6	13105172491.3
     7	6554062226.42
     8	7985049900.67
     9	9231180340.52

Measurement: freq_ro17
  step	{80/t_ro17}
     1	12714768947.7
     2	15104951281.6
     3	17108517189.1
     4	9111855411.01
     5	10999154472.4
     6	12660469561.8
     7	6297630094.96
     8	7659430764.69
     9	8872387481.61

Measurement: freq_ro18
  step	{80/t_ro18}
     1	13132238927.6
     2	15491651057.4
     3	17504363066.1
     4	9433808798.9
     5	11336197416.2
     6	12992256450.2
     7	6544108521.82
     8	7926607680.68
     9	9145137758.77

Measurement: freq_ro19
  step	{80/t_ro19}
     1	13102125486.3
     2	15506969872.5
     3	17543839963
     4	9349558330.03
     5	11295333233.5
     6	12977155895.2
     7	6467278561.19
     8	7882156050.88
     9	9120528390.4

Measurement: freq_ro20
  step	{80/t_ro20}
     1	13823772822.9
     2	16129031925.4
     3	18101649921.4
     4	10050358460.1
     5	11937879306.4
     6	13573650027.7
     7	7043882815.68
     8	8430219777.17
     9	9644552283.08

Measurement: freq_ro21
  step	{80/t_ro21}
     1	13157894427.7
     2	15528137448.5
     3	17543802521
     4	9444779785.2
     5	11351770334.4
     6	13012879569.2
     7	6551527846.56
     8	7937467732.1
     9	9158869253.66

Measurement: freq_ro22
  step	{80/t_ro22}
     1	13269070876.6
     2	15624958552.2
     3	17612104032.8
     4	9574045706.2
     5	11462267677.3
     6	13114161937.3
     7	6658164467.68
     8	8031529717.58
     9	9245364228.4

Measurement: freq_ro23
  step	{80/t_ro23}
     1	12820513093.7
     2	15200163109.9
     3	17241379306
     4	9173921489.88
     5	11073350948.5
     6	12735574983.9
     7	6337550829.72
     8	7711614581.32
     9	8928513273.06

Measurement: freq_ro24
  step	{80/t_ro24}
     1	13598390901.1
     2	15934743004.5
     3	17896702227.6
     4	9909354302
     5	11793725161
     6	13436788893.1
     7	6939012004.84
     8	8318339872.8
     9	9532244820.81

Measurement: freq_ro25
  step	{80/t_ro25}
     1	13667923174.7
     2	15993648413.7
     3	17956326596.9
     4	9939997516.86
     5	11830882678.1
     6	13468970739.1
     7	6959107339.77
     8	8345515515.48
     9	9559020326.12

Measurement: freq_ro26
  step	{80/t_ro26}
     1	13887864416.7
     2	16163056303.4
     3	18141902996.3
     4	10143355264.2
     5	12027193918.5
     6	13664057786.2
     7	7125114927.61
     8	8511058444.72
     9	9727398922.11

Measurement: freq_ro27
  step	{80/t_ro27}
     1	13193248450.8
     2	15559293656.4
     3	17560461411.1
     4	9489550257.43
     5	11384268327.8
     6	13040283133.8
     7	6584721600.99
     8	7960873494.87
     9	9177649531.1

Measurement: freq_ro28
  step	{80/t_ro28}
     1	12276986677.8
     2	14705837670.5
     3	16796361500
     4	8656290850.02
     5	10597626511.7
     6	12296021191.1
     7	5924509372.64
     8	7315415220.74
     9	8548379374.19

Measurement: freq_ro29
  step	{80/t_ro29}
     1	12922577556
     2	15277271144.7
     3	17309233365.8
     4	9259211913.7
     5	11154714407.3
     6	12819759225.7
     7	6405646843.47
     8	7782498327.47
     9	9000048075.31

Measurement: freq_ro30
  step	{80/t_ro30}
     1	13129574920
     2	15478875763.7
     3	17484583799.8
     4	9442889747.46
     5	11337908053.8
     6	12992099395.6
     7	6557764593.59
     8	7933304032.13
     9	9149059769.34

Measurement: freq_ro31
  step	{80/t_ro31}
     1	13619483186.2
     2	15935538967.2
     3	17857308707.2
     4	9902965318.09
     5	11778068031.1
     6	13414645313.2
     7	6925171829
     8	8296730852.15
     9	9506524987.62

Measurement: freq_ro32
  step	{80/t_ro32}
     1	13216323536.6
     2	15597897464.3
     3	17561342032.7
     4	9514538979.83
     5	11400941571
     6	13050570187.3
     7	6607919361.32
     8	7978905045.75
     9	9191248579.43

Measurement: freq_ro33
  step	{80/t_ro33}
     1	13479281037.6
     2	15805605771.5
     3	17824308701.3
     4	9751782358.78
     5	11641076387.1
     6	13286565204.7
     7	6800398528
     8	8182336008.21
     9	9398278500.52

Measurement: freq_ro34
  step	{80/t_ro34}
     1	13339020789.2
     2	15659415247
     3	17664958112.2
     4	9631382678.35
     5	11514769627.3
     6	13157737952.8
     7	6702950928.01
     8	8075218317.64
     9	9287611659.29

Measurement: freq_ro35
  step	{80/t_ro35}
     1	13647313162.5
     2	15961304208.5
     3	17925513209.6
     4	9916857219.57
     5	11790205403.8
     6	13422878854.2
     7	6935971058.48
     8	8306513634.5
     9	9513808244.98

Measurement: freq_ro36
  step	{80/t_ro36}
     1	12613277842.7
     2	15055784080.9
     3	17118216887.3
     4	8954974459.71
     5	10899738621.1
     6	12589211366.2
     7	6164666588.74
     8	7566910975.45
     9	8799846155.83

Measurement: freq_ro37
  step	{80/t_ro37}
     1	12499997631.3
     2	14918322721
     3	16978193088.8
     4	8883484999.08
     5	10802859789.4
     6	12487291644.6
     7	6106598868.67
     8	7487604364.04
     9	8714312839.58

Measurement: freq_ro38
  step	{80/t_ro38}
     1	13094969921.5
     2	15461927601.2
     3	17479833822.8
     4	9388236381.56
     5	11293160214.3
     6	12954646227.6
     7	6503949811.15
     8	7887279819.45
     9	9108126964.42

Measurement: freq_ro39
  step	{80/t_ro39}
     1	12820511434.6
     2	15217649569.2
     3	17242484699.2
     4	9147191123.96
     5	11079326538.9
     6	12760598069.8
     7	6316256491.09
     8	7718073996.53
     9	8952448343.22

Measurement: freq_ro40
  step	{80/t_ro40}
     1	13157901596.2
     2	15546105643.3
     3	17552298121.3
     4	9452222776.01
     5	11363645821.6
     6	13032457054.2
     7	6554214727.48
     8	7947453596.72
     9	9173321336.49

Measurement: freq_ro41
  step	{80/t_ro41}
     1	13458947543.5
     2	15775912942.9
     3	17756794656.9
     4	9751601258.38
     5	11627968611.9
     6	13267555404
     7	6801164546.62
     8	8170628761.46
     9	9380477962.23

Measurement: freq_ro42
  step	{80/t_ro42}
     1	13281203826
     2	15624989202.6
     3	17658856025.4
     4	9559676111.9
     5	11468612986.5
     6	13134961990.3
     7	6640405245.23
     8	8031425430.53
     9	9258225169.99

Measurement: freq_ro43
  step	{80/t_ro43}
     1	13362713251.8
     2	15683251144.3
     3	17689485384
     4	9657871435.34
     5	11543389859.2
     6	13186749272.9
     7	6725990557.66
     8	8099534088.59
     9	9309946447.8

Measurement: freq_ro44
  step	{80/t_ro44}
     1	13009559081.1
     2	15398292875.9
     3	17427224065.4
     4	9323387976.71
     5	11245041334.5
     6	12919818637.8
     7	6452599735.82
     8	7845974854.07
     9	9074906589.92

Measurement: freq_ro45
  step	{80/t_ro45}
     1	13210864568
     2	15573525130.7
     3	17561141157.2
     4	9500285299.2
     5	11386134508.2
     6	13034407736.4
     7	6593076577.41
     8	7963496459.25
     9	9174864547.28

Measurement: freq_ro46
  step	{80/t_ro46}
     1	13625096668.6
     2	15958902918.6
     3	17945999249.2
     4	9946379806.82
     5	11859154483.6
     6	13513515688.9
     7	6982148018.38
     8	8388998150.38
     9	9615348820.19

Measurement: freq_ro47
  step	{80/t_ro47}
     1	12745362514.7
     2	15151514478.9
     3	17241378340.6
     4	9069640712.19
     5	10999520715.2
     6	12683793068.5
     7	6253069616.94
     8	7648073746.88
     9	8880724509.15

Measurement: freq_ro48
  step	{80/t_ro48}
     1	13376996139.9
     2	15725331797.4
     3	17750258193.6
     4	9709012805.96
     5	11628004041.3
     6	13288476537.7
     7	6784432706.85
     8	8188814229.15
     9	9419753435.87

Measurement: freq_ro49
  step	{80/t_ro49}
     1	12845800022.3
     2	15199196003.7
     3	17241377609.8
     4	9213089051.64
     5	11098473955.4
     6	12755713603.7
     7	6371596530.29
     8	7735441740.89
     9	8947763231.67

Measurement: freq_ro50
  step	{80/t_ro50}
     1	12538557383.8
     2	14920411497.6
     3	16971407764
     4	8944192218.57
     5	10845670916.9
     6	12519468210.5
     7	6160930195.88
     8	7529917090.59
     9	8749850462.62

Measurement: freq_ro51
  step	{80/t_ro51}
     1	12942314168.6
     2	15315594757.3
     3	17350644840.5
     4	9261488133.03
     5	11169755220.2
     6	12836988233.2
     7	6405935399.07
     8	7787624016.78
     9	9010635911.45

Measurement: freq_ro52
  step	{80/t_ro52}
     1	13247121249.9
     2	15625003103
     3	17641332821
     4	9563409696.84
     5	11489879543.2
     6	13156265215.1
     7	6658524388
     8	8065083114.02
     9	9295851840.52

Measurement: freq_ro53
  step	{80/t_ro53}
     1	13195733159
     2	15578622818.1
     3	17580355115.9
     4	9474717053.47
     5	11380611746.9
     6	13039937927.3
     7	6575767243.16
     8	7961638077.02
     9	9182561035.79

Measurement: freq_ro54
  step	{80/t_ro54}
     1	13107370437.8
     2	15490230446.6
     3	17510480966.5
     4	9364303281.05
     5	11282895700.7
     6	12951817604.9
     7	6484114182.03
     8	7877750433.28
     9	9104909591.84

Measurement: freq_ro55
  step	{80/t_ro55}
     1	13473218654
     2	15829123684.5
     3	17856864613.9
     4	9699977750.51
     5	11617322388.9
     6	13276630850.9
     7	6754204283.3
     8	8153965944.73
     9	9380245507.86

Measurement: freq_ro56
  step	{80/t_ro56}
     1	14103239273.7
     2	16381361552.6
     3	18301964289
     4	10339676115.9
     5	12195274821.9
     6	13804081767.5
     7	7282400272.64
     8	8648300896.34
     9	9846963609.58

Measurement: freq_ro57
  step	{80/t_ro57}
     1	13639769220.1
     2	15963727064.8
     3	17917058866.3
     4	9905603194.34
     5	11781840543.5
     6	13417055062
     7	6920873715.4
     8	8292704195.25
     9	9501234147.09

Measurement: freq_ro58
  step	{80/t_ro58}
     1	13638301587.2
     2	15952492435.9
     3	17891267647.5
     4	9905984835.27
     5	11785296120.2
     6	13419332981.9
     7	6924150531.55
     8	8300031982.06
     9	9508797707.62

Measurement: freq_ro59
  step	{80/t_ro59}
     1	14111746618.3
     2	16376896682.6
     3	18306212602.7
     4	10364064547.1
     5	12211208421.4
     6	13820629741.7
     7	7304549121.1
     8	8665334541.9
     9	9862533088.03

Measurement: freq_ro60
  step	{80/t_ro60}
     1	12450570590.2
     2	14945279413.8
     3	17042780760.1
     4	8772029925.35
     5	10779017902
     6	12500518875.1
     7	6015962791.69
     8	7459695127.6
     9	8722011491.67

Measurement: freq_ro61
  step	{80/t_ro61}
     1	13513518583.2
     2	15902019326.9
     3	17904895161.9
     4	9742718168.57
     5	11681372434.9
     6	13353249511.8
     7	6774685925.95
     8	8194510071.04
     9	9432003340.59

Measurement: freq_ro62
  step	{80/t_ro62}
     1	12990952743
     2	15330149616.1
     3	17328937675.5
     4	9331143273.34
     5	11207648785.8
     6	12854423829.6
     7	6465859959.33
     8	7825059373.72
     9	9032624186.62

Measurement: freq_ro63
  step	{80/t_ro63}
     1	13888872467.1
     2	16129032536.8
     3	18097429507
     4	10175411467
     5	12025633808.3
     6	13639303000.5
     7	7159031593.64
     8	8518164363.57
     9	9715587960.34

Measurement: freq_ro64
  step	{80/t_ro64}
     1	13513513670.2
     2	15805374604.8
     3	17795467448.7
     4	9767534228.84
     5	11645006419.7
     6	13282443313.5
     7	6816440206.94
     8	8187454618.17
     9	9395597877.12

Measurement: freq_ro65
  step	{80/t_ro65}
     1	14419462070.5
     2	16666709708.2
     3	18570483347.4
     4	10677019272.1
     5	12519031045.9
     6	14119334537.3
     7	7568325478.29
     8	8932419729.73
     9	10128914146.6

Measurement: freq_ro66
  step	{80/t_ro66}
     1	13318880468.5
     2	15648932228.6
     3	17674344981.6
     4	9607183928.02
     5	11505355035.1
     6	13157930193
     7	6682140996.64
     8	8065072974.13
     9	9284986506.06

Measurement: freq_ro67
  step	{80/t_ro67}
     1	13888878143.4
     2	16168076195.1
     3	18141944432.6
     4	10149281789.5
     5	12020508151
     6	13647057813.3
     7	7127328741.29
     8	8501860054.74
     9	9709272926.52

Measurement: freq_ro68
  step	{80/t_ro68}
     1	13015911472.1
     2	15369404528.8
     3	17394180998.9
     4	9316479575.16
     5	11211076065.1
     6	12869258549.5
     7	6444572768.09
     8	7817534086.77
     9	9033688948.14

Measurement: freq_ro69
  step	{80/t_ro69}
     1	12772550373.8
     2	15151526334.8
     3	17241384664
     4	9057777373.11
     5	10989094061.1
     6	12672800582.1
     7	6234565424.25
     8	7629023083.58
     9	8859853873.62

Measurement: freq_ro70
  step	{80/t_ro70}
     1	13629620863.2
     2	15944986314.6
     3	17911444839.6
     4	9916063723.83
     5	11782706405
     6	13413273061.8
     7	6935886958.78
     8	8300995289.26
     9	9506329126.88

Measurement: freq_ro71
  step	{80/t_ro71}
     1	13341871432.3
     2	15635571157.6
     3	17662024625.4
     4	9628274912.82
     5	11507169467.7
     6	13149106434.3
     7	6705035365.62
     8	8073648395.64
     9	9282893713.95

Measurement: freq_ro72
  step	{80/t_ro72}
     1	13748823384.9
     2	16049128681.5
     3	18001767029.1
     4	10054107679.3
     5	11923486909.4
     6	13549256439.7
     7	7061918289.42
     8	8433544868.84
     9	9639689431.49

Measurement: freq_ro73
  step	{80/t_ro73}
     1	12771006205.7
     2	15151515272
     3	17183129681.5
     4	9127924416.9
     5	11029528101.7
     6	12697781426.4
     7	6304060047.8
     8	7678145645.08
     9	8898019588.7

Measurement: freq_ro74
  step	{80/t_ro74}
     1	13785300534.8
     2	16129100358.9
     3	18107365589.8
     4	10032025091.5
     5	11942016453.9
     6	13589360612.8
     7	7026944405.62
     8	8429780362.15
     9	9652134522.34

Measurement: freq_ro75
  step	{80/t_ro75}
     1	13182183815.1
     2	15561243913.4
     3	17576357027.4
     4	9469935927.86
     5	11386675669.6
     6	13054173749.2
     7	6569072894.62
     8	7963032795.82
     9	9189055512.1

Measurement: freq_ro76
  step	{80/t_ro76}
     1	13423564657.7
     2	15745164008
     3	17741716972.2
     4	9713517353.07
     5	11591017633.1
     6	13231737571
     7	6770132846.01
     8	8139058436.45
     9	9348765551.99

Measurement: freq_ro77
  step	{80/t_ro77}
     1	12786041477.7
     2	15151869874
     3	17241566462.1
     4	9084842177.85
     5	11007360104.4
     6	12686107265.5
     7	6251172201.76
     8	7638357361.02
     9	8864403912.42

Measurement: freq_ro78
  step	{80/t_ro78}
     1	12499969462.6
     2	14884042285.6
     3	16922870478.6
     4	8882743077.93
     5	10785149416
     6	12456924610.7
     7	6108393944.33
     8	7477354905.81
     9	8694948300.45

Measurement: freq_ro79
  step	{80/t_ro79}
     1	13325065211
     2	15646028199.2
     3	17638657053.9
     4	9617594110.41
     5	11500155322.2
     6	13144904457.8
     7	6695040157.38
     8	8067585439.09
     9	9279748824.97

Measurement: freq_ro80
  step	{80/t_ro80}
     1	12850114800.8
     2	15247040026.8
     3	17241399079
     4	9151719950.54
     5	11067608188.1
     6	12742621027.8
     7	6307614291.47
     8	7691939459.99
     9	8917071136.56

Measurement: freq_ro81
  step	{80/t_ro81}
     1	14502960483.6
     2	16715716313.6
     3	18623031300.9
     4	10759434148.3
     5	12598703801.9
     6	14189750732.5
     7	7651556262.01
     8	9018867803.27
     9	10211834750.9

Measurement: freq_ro82
  step	{80/t_ro82}
     1	13936342124.4
     2	16239386830.2
     3	18202568988.9
     4	10196221315.4
     5	12083634418.6
     6	13716212851.8
     7	7164920843.12
     8	8555169002.13
     9	9769673107.48

Measurement: freq_ro83
  step	{80/t_ro83}
     1	12979936625.7
     2	15376066054.7
     3	17413790553.3
     4	9259089926.04
     5	11183081125.4
     6	12858627505.7
     7	6393169322.54
     8	7788945948.69
     9	9017401911.94

Measurement: freq_ro84
  step	{80/t_ro84}
     1	12907117844.3
     2	15253993959.1
     3	17282873550.9
     4	9241435131.11
     5	11134876359.4
     6	12792751809.9
     7	6393559702.71
     8	7766058858.39
     9	8981356911.5

Measurement: freq_ro85
  step	{80/t_ro85}
     1	12980191512
     2	15346908311
     3	17359807475.7
     4	9336832340.1
     5	11231561466.2
     6	12890434958.9
     7	6475190750.92
     8	7848672579.38
     9	9065277427.29

Measurement: freq_ro86
  step	{80/t_ro86}
     1	14028761767.4
     2	16319791515.5
     3	18272435245.8
     4	10279001067.3
     5	12155970185.4
     6	13783835033.2
     7	7234795790.3
     8	8619192431.72
     9	9831852083.92

Measurement: freq_ro87
  step	{80/t_ro87}
     1	13674769119.2
     2	15985054123.1
     3	17934520298.2
     4	9968534181.13
     5	11835936627.1
     6	13463382945.1
     7	6986145753.29
     8	8354796330.31
     9	9559945236.06

Measurement: freq_ro88
  step	{80/t_ro88}
     1	12500016446.7
     2	14911228231.1
     3	16966099396.4
     4	8928704262.27
     5	10836474684.7
     6	12512932177.8
     7	6150050928.45
     8	7524138971.18
     9	8746568336.68

Measurement: freq_ro89
  step	{80/t_ro89}
     1	13888882584.8
     2	16166642586.6
     3	18114745011.1
     4	10154539759.3
     5	12012031651.2
     6	13632417388.2
     7	7132111870.05
     8	8495621604.5
     9	9697732403.98

Measurement: freq_ro90
  step	{80/t_ro90}
     1	13239465024.8
     2	15618853600.3
     3	17618488868.8
     4	9501401044.95
     5	11408014091.5
     6	13070055176.1
     7	6590881625.35
     8	7976722257.81
     9	9197853904.61

Measurement: freq_ro91
  step	{80/t_ro91}
     1	12978159337.6
     2	15336440984.8
     3	17347528149.5
     4	9309410569.92
     5	11202372589.1
     6	12858224399
     7	6446550871.34
     8	7818831407.26
     9	9033417471.28

Measurement: freq_ro92
  step	{80/t_ro92}
     1	13482768778.9
     2	15821969950.9
     3	17841087692.8
     4	9744942842.21
     5	11641402815.2
     6	13291925251.6
     7	6787035778.73
     8	8170356134.01
     9	9386711483.61

Measurement: freq_ro93
  step	{80/t_ro93}
     1	12987438383.6
     2	15325423542.9
     3	17343249512.6
     4	9323181990.1
     5	11204658315.8
     6	12855365543.3
     7	6459621796.39
     8	7823175797.92
     9	9033496059.61

Measurement: freq_ro94
  step	{80/t_ro94}
     1	12820512597.5
     2	15151532200.1
     3	17241368354.5
     4	9142830625.48
     5	11044156181.3
     6	12710316768.8
     7	6309199195.09
     8	7683434192.4
     9	8902155214.82

Measurement: freq_ro95
  step	{80/t_ro95}
     1	13779442500.5
     2	16122296617
     3	18017051065.8
     4	10113787687
     5	11974949957.7
     6	13596093302.3
     7	7118052981.98
     8	8485556626.81
     9	9688787482.01

Measurement: freq_ro96
  step	{80/t_ro96}
     1	13157814140.9
     2	15501616134.6
     3	17516582775.7
     4	9451451916.95
     5	11363624986.7
     6	13018432901.9
     7	6560714427.19
     8	7946939943.03
     9	9168645921.37

Measurement: freq_ro97
  step	{80/t_ro97}
     1	13131881231.8
     2	15505876476.5
     3	17537344070
     4	9403973667.83
     5	11323251418.1
     6	12998515019
     7	6510133764.76
     8	7904274709.92
     9	9135661486.51

Measurement: freq_ro98
  step	{80/t_ro98}
     1	12709351178
     2	15135007310.3
     3	17162461804.3
     4	9028035701.62
     5	10945977090.4
     6	12625637405.2
     7	6208377744.09
     8	7590963808.35
     9	8816741697.18

Measurement: freq_ro99
  step	{80/t_ro99}
     1	12820494705.9
     2	15151582300.1
     3	17241370600.9
     4	9178042070.34
     5	11086688238.1
     6	12755271938.7
     7	6349064916.38
     8	7731860223.64
     9	8954721339.49

Measurement: freq_ro100
  step	{80/t_ro100}
     1	13929633221
     2	16220451275
     3	18160785523.8
     4	10204047554
     5	12071448092.7
     6	13691509011.1
     7	7178524746.38
     8	8554169264.89
     9	9759800437.52

Measurement: freq_ro101
  step	{80/t_ro101}
     1	13513513178.3
     2	15838771030.2
     3	17834206505
     4	9789310661.48
     5	11667967064.4
     6	13310268825.3
     7	6825646264.95
     8	8197092542.2
     9	9408592025.91

Measurement: freq_ro102
  step	{80/t_ro102}
     1	12901689213.7
     2	15259755562.1
     3	17276800359
     4	9214461720.71
     5	11103060564.5
     6	12761245736
     7	6361073264.78
     8	7725761096.74
     9	8937942650.59

Measurement: freq_ro103
  step	{80/t_ro103}
     1	13513512637.9
     2	15883333078.9
     3	17857140500.5
     4	9840183320.6
     5	11760120763.1
     6	13417694069.6
     7	6891951966.83
     8	8301541805.61
     9	9530897254.25

Measurement: freq_ro104
  step	{80/t_ro104}
     1	14264653505.5
     2	16501551890.9
     3	18412324239.8
     4	10512376135.5
     5	12354743553.4
     6	13954696665
     7	7438602007.31
     8	8800867434.76
     9	9995967356.96

Measurement: freq_ro105
  step	{80/t_ro105}
     1	14093119222.7
     2	16375117698.3
     3	18315887753.8
     4	10335160680.9
     5	12198902613.9
     6	13817496147.8
     7	7278058270.26
     8	8651127852.07
     9	9855454051

Measurement: freq_ro106
  step	{80/t_ro106}
     1	13513513814.7
     2	15834420078
     3	17796214673.7
     4	9800314733.46
     5	11670942341
     6	13303688140.3
     7	6846492249.86
     8	8213608967.28
     9	9419324157.16

Measurement: freq_ro107
  step	{80/t_ro107}
     1	13821738396.9
     2	16129033734.6
     3	18082000895.2
     4	10089848246.7
     5	11968146543.4
     6	13599545299.6
     7	7082558791.7
     8	8462987509.38
     9	9674525939.2

Measurement: freq_ro108
  step	{80/t_ro108}
     1	13575175712.6
     2	15903525957.3
     3	17877488160.2
     4	9849462489.02
     5	11738857398
     6	13380332932.8
     7	6883686340.56
     8	8268933377.56
     9	9485048239.8

Measurement: freq_ro109
  step	{80/t_ro109}
     1	13782799388.2
     2	16129032900.8
     3	18053815112.6
     4	10091159650.1
     5	11978593374.7
     6	13612253997.3
     7	7099051225.55
     8	8486876353.18
     9	9700512069.8

Measurement: freq_ro110
  step	{80/t_ro110}
     1	14194714586.9
     2	16447252582.2
     3	18373471653.8
     4	10457777408.8
     5	12303848094.2
     6	13907942087
     7	7389240655.3
     8	8752057160.68
     9	9949111809.18

Measurement: freq_ro111
  step	{80/t_ro111}
     1	14095344701.8
     2	16357006205.7
     3	18285629281.3
     4	10371965038.2
     5	12215960154.3
     6	13824626025
     7	7316977057.18
     8	8676683832.06
     9	9873763062.74

Measurement: freq_ro112
  step	{80/t_ro112}
     1	13888878084.2
     2	16146768591.2
     3	18108381602.1
     4	10168395722.9
     5	12017706017.3
     6	13630623666.8
     7	7147203189.21
     8	8505944633.55
     9	9703321894.79

Measurement: freq_ro113
  step	{80/t_ro113}
     1	13771595005.3
     2	16091817949.8
     3	18017329485.1
     4	10039454878.1
     5	11904639059.8
     6	13530455650
     7	7039006953.94
     8	8407782459.23
     9	9612811514.31

Measurement: freq_ro114
  step	{80/t_ro114}
     1	13408970474.4
     2	15750244199.2
     3	17772676213.3
     4	9694358985.49
     5	11605563665.9
     6	13261193321
     7	6756497125.3
     8	8153025448.51
     9	9377102817.39

Measurement: freq_ro115
  step	{80/t_ro115}
     1	13157879726.8
     2	15517814814.8
     3	17512034119.8
     4	9447913447.84
     5	11338381060.7
     6	12990742885.1
     7	6552319348.16
     8	7924728482.88
     9	9138400564.74

Measurement: freq_ro116
  step	{80/t_ro116}
     1	13656496052.1
     2	15965120071.1
     3	17905013565.4
     4	9966383976.37
     5	11829285995.4
     6	13457381370.2
     7	6983748733.04
     8	8347786550.77
     9	9552205946.94

Measurement: freq_ro117
  step	{80/t_ro117}
     1	13717088177.2
     2	16030121707.6
     3	17992849284.2
     4	9968835405.9
     5	11847845027.8
     6	13481657289.4
     7	6976521324.41
     8	8353725254.58
     9	9564359368.46

Measurement: freq_ro118
  step	{80/t_ro118}
     1	13823307675.2
     2	16129033030.9
     3	18140193633.1
     4	10055542562.8
     5	11960495002.7
     6	13610534501.1
     7	7042728837.97
     8	8442061706.44
     9	9665949646.93

Measurement: freq_ro119
  step	{80/t_ro119}
     1	13981497823.4
     2	16249513222.5
     3	18196203711.8
     4	10235977150.2
     5	12087308140.7
     6	13699650018.4
     7	7198864388.12
     8	8560942873.69
     9	9759517052.42

Measurement: freq_ro120
  step	{80/t_ro120}
     1	12893161909.3
     2	15243321256.9
     3	17273313312.2
     4	9247894209.6
     5	11139400594.3
     6	12798067682.5
     7	6402261479.1
     8	7772992829.97
     9	8988099244.99

Measurement: freq_ro121
  step	{80/t_ro121}
     1	13513515108.7
     2	15877122064
     3	17857182852.6
     4	9800286504.67
     5	11708698479.8
     6	13363588758.9
     7	6838154186.64
     8	8235225781.42
     9	9459038812.89

Measurement: freq_ro122
  step	{80/t_ro122}
     1	13651052949.7
     2	15945090994
     3	17916631706.9
     4	9938440424.69
     5	11811697069.6
     6	13444224496.4
     7	6960990071.23
     8	8333842992.57
     9	9543382357.65

Measurement: freq_ro123
  step	{80/t_ro123}
     1	13918053815.4
     2	16195829672.9
     3	18147950152.1
     4	10226568135.1
     5	12089011912.1
     6	13708403923.2
     7	7209964334.79
     8	8582415651.12
     9	9787343154.14

Measurement: freq_ro124
  step	{80/t_ro124}
     1	12820512284.4
     2	15151523762.4
     3	17241374756.9
     4	9114877274.76
     5	11026509252.2
     6	12701937448.2
     7	6278515468.8
     8	7657871335.25
     9	8881955816.34

Measurement: freq_ro125
  step	{80/t_ro125}
     1	14842855448.1
     2	17040999930.5
     3	18919831394.4
     4	11056667266.1
     5	12876684375.9
     6	14451737282.6
     7	7882559704.39
     8	9238373330.23
     9	10421183909.2

Measurement: freq_ro126
  step	{80/t_ro126}
     1	13412563815.4
     2	15737277280.5
     3	17744015721.9
     4	9720439308.5
     5	11618367520.2
     6	13269627186.3
     7	6787945310.39
     8	8176426003.5
     9	9397996736.97

Measurement: freq_ro127
  step	{80/t_ro127}
     1	13287255406.1
     2	15658221431.1
     3	17690619375.8
     4	9520871480.41
     5	11447418802.5
     6	13122273759.8
     7	6599504287.59
     8	8001423586.57
     9	9233798072.29

Measurement: edge100_ro0
  step	V(ro0_out)={VTHRESH} 
     1	7.49094551164e-09
     2	6.34724326307e-09
     3	5.63393834532e-09
     4	1.03628836749e-08
     5	8.64095815488e-09
     6	7.54708860571e-09
     7	1.48712657629e-08
     8	1.23029598445e-08
     9	1.06796805145e-08

Measurement: edge100_ro1
  step	V(ro1_out)={VTHRESH} 
     1	7.65060243231e-09
     2	6.46276972076e-09
     3	5.70876699448e-09
     4	1.0718925973e-08
     5	8.88650342247e-09
     6	7.73098875771e-09
     7	1.5513801763e-08
     8	1.27581617094e-08
     9	1.10252291777e-08

Measurement: edge100_ro2
  step	V(ro2_out)={VTHRESH} 
     1	7.61138559718e-09
     2	6.43881555428e-09
     3	5.68985507962e-09
     4	1.06001989625e-08
     5	8.80121952576e-09
     6	7.66560062344e-09
     7	1.529836088e-08
     8	1.25998661548e-08
     9	1.0901236947e-08

Measurement: edge100_ro3
  step	V(ro3_out)={VTHRESH} 
     1	7.30356950268e-09
     2	6.22112704921e-09
     3	5.52695234799e-09
     4	1.01083669977e-08
     5	8.44907853501e-09
     6	7.40011772122e-09
     7	1.44838590904e-08
     8	1.20072630965e-08
     9	1.04464394879e-08

Measurement: edge100_ro4
  step	V(ro4_out)={VTHRESH} 
     1	7.14684498982e-09
     2	6.12846923807e-09
     3	5.46855506961e-09
     4	9.73819312271e-09
     5	8.22877288409e-09
     6	7.25030001618e-09
     7	1.38401091557e-08
     8	1.16120293894e-08
     9	1.01722226295e-08

Measurement: edge100_ro5
  step	V(ro5_out)={VTHRESH} 
     1	7.73715913891e-09
     2	6.51411838474e-09
     3	5.75172455618e-09
     4	1.0797308518e-08
     5	8.94631822014e-09
     6	7.77715779098e-09
     7	1.56310095557e-08
     8	1.28509079134e-08
     9	1.1098960058e-08

Measurement: edge100_ro6
  step	V(ro6_out)={VTHRESH} 
     1	7.59207990432e-09
     2	6.44270489984e-09
     3	5.70169117022e-09
     4	1.05396949154e-08
     5	8.79234359242e-09
     6	7.67327157e-09
     7	1.5186889388e-08
     8	1.25758146121e-08
     9	1.09083057828e-08

Measurement: edge100_ro7
  step	V(ro7_out)={VTHRESH} 
     1	7.52854483723e-09
     2	6.36545773969e-09
     3	5.63501744375e-09
     4	1.04839289375e-08
     5	8.70547356655e-09
     6	7.58992827677e-09
     7	1.5125382013e-08
     8	1.2452525121e-08
     9	1.07837289259e-08

Measurement: edge100_ro8
  step	V(ro8_out)={VTHRESH} 
     1	7.23170767172e-09
     2	6.18794200898e-09
     3	5.5136732808e-09
     4	9.91725556646e-09
     5	8.34422912434e-09
     6	7.33494786174e-09
     7	1.41586549088e-08
     8	1.18230911492e-08
     9	1.03274446997e-08

Measurement: edge100_ro9
  step	V(ro9_out)={VTHRESH} 
     1	7.14147042628e-09
     2	6.13759253451e-09
     3	5.4734741693e-09
     4	9.79376788548e-09
     5	8.26859488465e-09
     6	7.2819464431e-09
     7	1.39520571e-08
     8	1.16940801051e-08
     9	1.02376882758e-08

Measurement: edge100_ro10
  step	V(ro10_out)={VTHRESH} 
     1	7.35781540157e-09
     2	6.27701993331e-09
     3	5.57644901029e-09
     4	1.01250580326e-08
     5	8.49371083162e-09
     6	7.4462981653e-09
     7	1.44809379444e-08
     8	1.20563833064e-08
     9	1.05060945044e-08

Measurement: edge100_ro11
  step	V(ro11_out)={VTHRESH} 
     1	7.11199382477e-09
     2	6.10383208723e-09
     3	5.44599089655e-09
     4	9.72220494794e-09
     5	8.20436507639e-09
     6	7.22661553924e-09
     7	1.38283168578e-08
     8	1.15838444232e-08
     9	1.0141933583e-08

Measurement: edge100_ro12
  step	V(ro12_out)={VTHRESH} 
     1	7.27880047762e-09
     2	6.22184197016e-09
     3	5.54925580186e-09
     4	1.00141475467e-08
     5	8.42437925197e-09
     6	7.39908943552e-09
     7	1.43212759943e-08
     8	1.19601208498e-08
     9	1.0441123708e-08

Measurement: edge100_ro13
  step	V(ro13_out)={VTHRESH} 
     1	7.30171996783e-09
     2	6.23744421155e-09
     3	5.55497175853e-09
     4	1.00635727754e-08
     5	8.45597386842e-09
     6	7.42232386749e-09
     7	1.44059987074e-08
     8	1.20138095988e-08
     9	1.04804440058e-08

Measurement: edge100_ro14
  step	V(ro14_out)={VTHRESH} 
     1	7.52435065465e-09
     2	6.39298466303e-09
     3	5.66372496986e-09
     4	1.04190448118e-08
     5	8.70725576714e-09
     6	7.60889899148e-09
     7	1.49865534012e-08
     8	1.24325546611e-08
     9	1.07984572329e-08

Measurement: edge100_ro15
  step	V(ro15_out)={VTHRESH} 
     1	7.43826673912e-09
     2	6.33797546772e-09
     3	5.59324028223e-09
     4	1.03448119939e-08
     5	8.61973884019e-09
     6	7.53022048927e-09
     7	1.49034768075e-08
     8	1.23169596181e-08
     9	1.06878963725e-08

Measurement: edge100_ro16
  step	V(ro16_out)={VTHRESH} 
     1	7.50432602368e-09
     2	6.34089682719e-09
     3	5.60503040737e-09
     4	1.0478894631e-08
     5	8.6785982565e-09
     6	7.56021226744e-09
     7	1.51164765403e-08
     8	1.24076302414e-08
     9	1.07323259478e-08

Measurement: edge100_ro17
  step	V(ro17_out)={VTHRESH} 
     1	7.80308604625e-09
     2	6.5662261762e-09
     3	5.79587480389e-09
     4	1.08892952786e-08
     5	9.01842745306e-09
     6	7.83322203057e-09
     7	1.57555539269e-08
     8	1.29510774489e-08
     9	1.1178434577e-08

Measurement: edge100_ro18
  step	V(ro18_out)={VTHRESH} 
     1	7.54847443975e-09
     2	6.39774349044e-09
     3	5.66175963718e-09
     4	1.05071580498e-08
     5	8.74241635347e-09
     6	7.62761178016e-09
     7	1.51445524549e-08
     8	1.2501670275e-08
     9	1.08352862611e-08

Measurement: edge100_ro19
  step	V(ro19_out)={VTHRESH} 
     1	7.57019123382e-09
     2	6.39426958558e-09
     3	5.64989810156e-09
     4	1.06089381771e-08
     5	8.77917027671e-09
     6	7.6393421138e-09
     7	1.53368702937e-08
     8	1.25812777083e-08
     9	1.08705910411e-08

Measurement: edge100_ro20
  step	V(ro20_out)={VTHRESH} 
     1	7.17710202002e-09
     2	6.14969705729e-09
     3	5.47819948098e-09
     4	9.87261093103e-09
     5	8.30939269047e-09
     6	7.30647759576e-09
     7	1.4086940752e-08
     8	1.17675349488e-08
     9	1.02838259692e-08

Measurement: edge100_ro21
  step	V(ro21_out)={VTHRESH} 
     1	7.54919107839e-09
     2	6.39508367315e-09
     3	5.65893222419e-09
     4	1.0520260995e-08
     5	8.74997211901e-09
     6	7.63118247273e-09
     7	1.51686160597e-08
     8	1.25159302732e-08
     9	1.08443334382e-08

Measurement: edge100_ro22
  step	V(ro22_out)={VTHRESH} 
     1	7.47757480949e-09
     2	6.34985991027e-09
     3	5.63316620581e-09
     4	1.03644096507e-08
     5	8.65609783538e-09
     6	7.56538763735e-09
     7	1.49038102917e-08
     8	1.23541183608e-08
     9	1.07318005862e-08

Measurement: edge100_ro23
  step	V(ro23_out)={VTHRESH} 
     1	7.74411560142e-09
     2	6.52757232682e-09
     3	5.75128591931e-09
     4	1.08261817165e-08
     5	8.96300349579e-09
     6	7.78928288026e-09
     7	1.56717843214e-08
     8	1.28719440928e-08
     9	1.11129516093e-08

Measurement: edge100_ro24
  step	V(ro24_out)={VTHRESH} 
     1	7.29437287662e-09
     2	6.22381439415e-09
     3	5.54165422338e-09
     4	1.00100432453e-08
     5	8.4094612433e-09
     6	7.38081419898e-09
     7	1.42949617686e-08
     8	1.19228690774e-08
     9	1.04039828873e-08

Measurement: edge100_ro25
  step	V(ro25_out)={VTHRESH} 
     1	7.25462683918e-09
     2	6.19737730027e-09
     3	5.5191564274e-09
     4	9.975579333e-09
     5	8.37800132444e-09
     6	7.35761330355e-09
     7	1.42476607309e-08
     8	1.1876397781e-08
     9	1.03666142001e-08

Measurement: edge100_ro26
  step	V(ro26_out)={VTHRESH} 
     1	7.15279678947e-09
     2	6.14321415431e-09
     3	5.47239554234e-09
     4	9.7933937087e-09
     5	8.2574914247e-09
     6	7.26697033927e-09
     7	1.39430643518e-08
     8	1.16698836502e-08
     9	1.02089836776e-08

Measurement: edge100_ro27
  step	V(ro27_out)={VTHRESH} 
     1	7.52458050282e-09
     2	6.37837250484e-09
     3	5.65061109861e-09
     4	1.04632023803e-08
     5	8.71972602767e-09
     6	7.61095585109e-09
     7	1.50807318642e-08
     8	1.24709762742e-08
     9	1.0815763854e-08

Measurement: edge100_ro28
  step	V(ro28_out)={VTHRESH} 
     1	8.08146638235e-09
     2	6.74572478491e-09
     3	5.9051177801e-09
     4	1.1462237117e-08
     5	9.36099832026e-09
     6	8.06703195822e-09
     7	1.67476217732e-08
     8	1.35612727636e-08
     9	1.16039801003e-08

Measurement: edge100_ro29
  step	V(ro29_out)={VTHRESH} 
     1	7.67761010257e-09
     2	6.49119988134e-09
     3	5.72784059117e-09
     4	1.07169263206e-08
     5	8.89089653665e-09
     6	7.73487564377e-09
     7	1.5489775779e-08
     8	1.27435443988e-08
     9	1.101711611e-08

Measurement: edge100_ro30
  step	V(ro30_out)={VTHRESH} 
     1	7.55337856892e-09
     2	6.40562453333e-09
     3	5.66984026227e-09
     4	1.05034050396e-08
     5	8.74518719192e-09
     6	7.63040002035e-09
     7	1.5123898404e-08
     8	1.24979410878e-08
     9	1.08352364213e-08

Measurement: edge100_ro31
  step	V(ro31_out)={VTHRESH} 
     1	7.28671982386e-09
     2	6.22586769576e-09
     3	5.55441683796e-09
     4	1.00228320007e-08
     5	8.42477756342e-09
     6	7.39533871089e-09
     7	1.43335218177e-08
     8	1.19609708877e-08
     9	1.04367383324e-08

Measurement: edge100_ro32
  step	V(ro32_out)={VTHRESH} 
     1	7.50999241865e-09
     2	6.36262538831e-09
     3	5.65010418229e-09
     4	1.04331492781e-08
     5	8.70572468109e-09
     6	7.60449975482e-09
     7	1.50236466123e-08
     8	1.24407378594e-08
     9	1.07989524476e-08

Measurement: edge100_ro33
  step	V(ro33_out)={VTHRESH} 
     1	7.34988438336e-09
     2	6.26794712889e-09
     3	5.55818567455e-09
     4	1.01574902055e-08
     5	8.50938840932e-09
     6	7.45553390632e-09
     7	1.45636122394e-08
     8	1.21050103452e-08
     9	1.05390138521e-08

Measurement: edge100_ro34
  step	V(ro34_out)={VTHRESH} 
     1	7.43376559717e-09
     2	6.32935558875e-09
     3	5.61003598473e-09
     4	1.02953795854e-08
     5	8.6081397515e-09
     6	7.53180972502e-09
     7	1.47919846773e-08
     8	1.22741798363e-08
     9	1.06699002138e-08

Measurement: edge100_ro35
  step	V(ro35_out)={VTHRESH} 
     1	7.26502793818e-09
     2	6.21036769418e-09
     3	5.52916520231e-09
     4	9.99774855158e-09
     5	8.4071714288e-09
     6	7.38371924244e-09
     7	1.42937037146e-08
     8	1.19325917131e-08
     9	1.04170916432e-08

Measurement: edge100_ro36
  step	V(ro36_out)={VTHRESH} 
     1	7.86926821829e-09
     2	6.5908489447e-09
     3	5.79571086478e-09
     4	1.10863365573e-08
     5	9.10583850445e-09
     6	7.88254232372e-09
     7	1.61066321743e-08
     8	1.31187602246e-08
     9	1.12788697423e-08

Measurement: edge100_ro37
  step	V(ro37_out)={VTHRESH} 
     1	7.93979040224e-09
     2	6.65052382762e-09
     3	5.84273640485e-09
     4	1.117353415e-08
     5	9.1852357881e-09
     6	7.94483960949e-09
     7	1.62553586391e-08
     8	1.32530535313e-08
     9	1.13855116273e-08

Measurement: edge100_ro38
  step	V(ro38_out)={VTHRESH} 
     1	7.57420856456e-09
     2	6.41258876624e-09
     3	5.67090955129e-09
     4	1.05649638125e-08
     5	8.77988365379e-09
     6	7.65219927134e-09
     7	1.52496198768e-08
     8	1.25711150004e-08
     9	1.08838350709e-08

Measurement: edge100_ro39
  step	V(ro39_out)={VTHRESH} 
     1	7.73253678581e-09
     2	6.51380542322e-09
     3	5.74726089579e-09
     4	1.08366823313e-08
     5	8.94648702506e-09
     6	7.76727599684e-09
     7	1.56923809755e-08
     8	1.28418427545e-08
     9	1.10708379828e-08

Measurement: edge100_ro40
  step	V(ro40_out)={VTHRESH} 
     1	7.53315883389e-09
     2	6.37498392949e-09
     3	5.64581794071e-09
     4	1.04870091744e-08
     5	8.72079322912e-09
     6	7.60335702796e-09
     7	1.51221555252e-08
     8	1.24684825802e-08
     9	1.08011939433e-08

Measurement: edge100_ro41
  step	V(ro41_out)={VTHRESH} 
     1	7.37192445079e-09
     2	6.28806957657e-09
     3	5.585823239e-09
     4	1.01757502685e-08
     5	8.53137403544e-09
     6	7.47668960353e-09
     7	1.45908257992e-08
     8	1.21427710198e-08
     9	1.05757089413e-08

Measurement: edge100_ro42
  step	V(ro42_out)={VTHRESH} 
     1	7.47011281884e-09
     2	6.34725235686e-09
     3	5.61623908143e-09
     4	1.03788139521e-08
     5	8.64919884895e-09
     6	7.55119007393e-09
     7	1.49417805648e-08
     8	1.23510947007e-08
     9	1.07132414914e-08

Measurement: edge100_ro43
  step	V(ro43_out)={VTHRESH} 
     1	7.41915511725e-09
     2	6.31979333638e-09
     3	5.60253499372e-09
     4	1.02649341968e-08
     5	8.58649077101e-09
     6	7.51555925638e-09
     7	1.47385053451e-08
     8	1.22368305636e-08
     9	1.06445028245e-08

Measurement: edge100_ro44
  step	V(ro44_out)={VTHRESH} 
     1	7.62529622122e-09
     2	6.44081005637e-09
     3	5.69019475241e-09
     4	1.06401898676e-08
     5	8.8201497067e-09
     6	7.6756230597e-09
     7	1.53741254061e-08
     8	1.26415340714e-08
     9	1.09279114392e-08

Measurement: edge100_ro45
  step	V(ro45_out)={VTHRESH} 
     1	7.50888420941e-09
     2	6.36685000195e-09
     3	5.64515302499e-09
     4	1.04421538358e-08
     5	8.70895525273e-09
     6	7.60600124568e-09
     7	1.5046164995e-08
     8	1.24520896723e-08
     9	1.08055381171e-08

Measurement: edge100_ro46
  step	V(ro46_out)={VTHRESH} 
     1	7.2801390438e-09
     2	6.21354791899e-09
     3	5.52455585655e-09
     4	9.97412298818e-09
     5	8.36255771406e-09
     6	7.33666924422e-09
     7	1.42090727505e-08
     8	1.18226743268e-08
     9	1.03126307857e-08

Measurement: edge100_ro47
  step	V(ro47_out)={VTHRESH} 
     1	7.78569350303e-09
     2	6.54850947733e-09
     3	5.75445853011e-09
     4	1.09419630794e-08
     5	9.02108927193e-09
     6	7.82232646943e-09
     7	1.58711013222e-08
     8	1.29749597157e-08
     9	1.11729022284e-08

Measurement: edge100_ro48
  step	V(ro48_out)={VTHRESH} 
     1	7.42409378137e-09
     2	6.31413280063e-09
     3	5.59333402292e-09
     4	1.02301202922e-08
     5	8.53999604428e-09
     6	7.47211312718e-09
     7	1.46411432196e-08
     8	1.21279149884e-08
     9	1.0542052874e-08

Measurement: edge100_ro49
  step	V(ro49_out)={VTHRESH} 
     1	7.7275710189e-09
     2	6.52739695187e-09
     3	5.75131910009e-09
     4	1.07776075993e-08
     5	8.94182563592e-09
     6	7.77701656352e-09
     7	1.55857639037e-08
     8	1.28312333342e-08
     9	1.10889705567e-08

Measurement: edge100_ro50
  step	V(ro50_out)={VTHRESH} 
     1	7.92192151294e-09
     2	6.65512901349e-09
     3	5.84972232087e-09
     4	1.11079398703e-08
     5	9.15712653818e-09
     6	7.93134154228e-09
     7	1.61274179469e-08
     8	1.31908273863e-08
     9	1.13495581063e-08

Measurement: edge100_ro51
  step	V(ro51_out)={VTHRESH} 
     1	7.66146197623e-09
     2	6.47230155437e-09
     3	5.71246288694e-09
     4	1.07066125404e-08
     5	8.87467481225e-09
     6	7.72074043571e-09
     7	1.54781194768e-08
     8	1.27284923159e-08
     9	1.09989317317e-08

Measurement: edge100_ro52
  step	V(ro52_out)={VTHRESH} 
     1	7.48818898717e-09
     2	6.3447521791e-09
     3	5.61883712219e-09
     4	1.03726758792e-08
     5	8.62938248279e-09
     6	7.53442852466e-09
     7	1.48961374432e-08
     8	1.22929438278e-08
     9	1.06625983092e-08

Measurement: edge100_ro53
  step	V(ro53_out)={VTHRESH} 
     1	7.52072812327e-09
     2	6.36771737231e-09
     3	5.64182945138e-09
     4	1.04759600884e-08
     5	8.71835807047e-09
     6	7.60725691656e-09
     7	1.50952782569e-08
     8	1.24634947215e-08
     9	1.08040147667e-08

Measurement: edge100_ro54
  step	V(ro54_out)={VTHRESH} 
     1	7.56273514138e-09
     2	6.39751752133e-09
     3	5.65911082386e-09
     4	1.05838730501e-08
     5	8.78270913589e-09
     6	7.6503672446e-09
     7	1.52824707134e-08
     8	1.25777266908e-08
     9	1.08816373033e-08

Measurement: edge100_ro55
  step	V(ro55_out)={VTHRESH} 
     1	7.35904077536e-09
     2	6.26255802539e-09
     3	5.55161795419e-09
     4	1.02214627541e-08
     5	8.53287759813e-09
     6	7.46564641174e-09
     7	1.46784500155e-08
     8	1.21564222433e-08
     9	1.05661385688e-08

Measurement: edge100_ro56
  step	V(ro56_out)={VTHRESH} 
     1	7.03536343863e-09
     2	6.05536586124e-09
     3	5.41885736013e-09
     4	9.59684548627e-09
     5	8.13452983659e-09
     6	7.18544296738e-09
     7	1.36264116743e-08
     8	1.14720927954e-08
     9	1.0073892093e-08

Measurement: edge100_ro57
  step	V(ro57_out)={VTHRESH} 
     1	7.27580024435e-09
     2	6.21581178125e-09
     3	5.53758860739e-09
     4	1.00198106519e-08
     5	8.42318753584e-09
     6	7.39582046014e-09
     7	1.43421845197e-08
     8	1.19684370755e-08
     9	1.04453229732e-08

Measurement: edge100_ro58
  step	V(ro58_out)={VTHRESH} 
     1	7.27200930655e-09
     2	6.21535025545e-09
     3	5.54078746207e-09
     4	1.00122463214e-08
     5	8.41342486097e-09
     6	7.38767201491e-09
     7	1.4323705304e-08
     8	1.19462247373e-08
     9	1.04257601354e-08

Measurement: edge100_ro59
  step	V(ro59_out)={VTHRESH} 
     1	7.03131490109e-09
     2	6.05721195327e-09
     3	5.41774068642e-09
     4	9.57517564099e-09
     5	8.12486634385e-09
     6	7.17747165753e-09
     7	1.35867468411e-08
     8	1.14507404927e-08
     9	1.00593224902e-08

Measurement: edge100_ro60
  step	V(ro60_out)={VTHRESH} 
     1	7.96858885868e-09
     2	6.63703772721e-09
     3	5.81922026023e-09
     4	1.13097713313e-08
     5	9.20317113593e-09
     6	7.93378930405e-09
     7	1.64924129776e-08
     8	1.32989098929e-08
     9	1.13727484564e-08

Measurement: edge100_ro61
  step	V(ro61_out)={VTHRESH} 
     1	7.34115335956e-09
     2	6.23787780886e-09
     3	5.53934349949e-09
     4	1.01831053071e-08
     5	8.49234200256e-09
     6	7.4283687137e-09
     7	1.46446719481e-08
     8	1.21063265016e-08
     9	1.05168192313e-08

Measurement: edge100_ro62
  step	V(ro62_out)={VTHRESH} 
     1	7.64050019025e-09
     2	6.47304405425e-09
     3	5.72512964852e-09
     4	1.06385411752e-08
     5	8.85525375941e-09
     6	7.71944239007e-09
     7	1.53539362256e-08
     8	1.26842891463e-08
     9	1.09869693582e-08

Measurement: edge100_ro63
  step	V(ro63_out)={VTHRESH} 
     1	7.14297432834e-09
     2	6.15068413235e-09
     3	5.48037027586e-09
     4	9.75141493415e-09
     5	8.24941744312e-09
     6	7.2723976513e-09
     7	1.38606043668e-08
     8	1.16468716188e-08
     9	1.02101105094e-08

Measurement: edge100_ro64
  step	V(ro64_out)={VTHRESH} 
     1	7.34596461016e-09
     2	6.27773030481e-09
     3	5.57418709759e-09
     4	1.0163286768e-08
     5	8.5220748917e-09
     6	7.469735243e-09
     7	1.45646464706e-08
     8	1.21223817473e-08
     9	1.0561308216e-08

Measurement: edge100_ro65
  step	V(ro65_out)={VTHRESH} 
     1	6.88036260217e-09
     2	5.95070657883e-09
     3	5.33943077052e-09
     4	9.29309673554e-09
     5	7.92348429491e-09
     6	7.02392465509e-09
     7	1.31109727533e-08
     8	1.11059698929e-08
     9	9.79205163677e-09

Measurement: edge100_ro66
  step	V(ro66_out)={VTHRESH} 
     1	7.44401918606e-09
     2	6.33435040419e-09
     3	5.60802680375e-09
     4	1.03192588729e-08
     5	8.61520932619e-09
     6	7.53224313811e-09
     7	1.4834901636e-08
     8	1.22890928934e-08
     9	1.06737713625e-08

Measurement: edge100_ro67
  step	V(ro67_out)={VTHRESH} 
     1	7.14010222291e-09
     2	6.13216693045e-09
     3	5.46397569619e-09
     4	9.77076918301e-09
     5	8.24791489478e-09
     6	7.26393656599e-09
     7	1.3913225745e-08
     8	1.16613741871e-08
     9	1.02098306873e-08

Measurement: edge100_ro68
  step	V(ro68_out)={VTHRESH} 
     1	7.62436397024e-09
     2	6.4550472275e-09
     3	5.70246898151e-09
     4	1.06527655515e-08
     5	8.8500802867e-09
     6	7.70802022225e-09
     7	1.54002143672e-08
     8	1.26922492106e-08
     9	1.09813306555e-08

Measurement: edge100_ro69
  step	V(ro69_out)={VTHRESH} 
     1	7.7662753576e-09
     2	6.54272993822e-09
     3	5.74891763401e-09
     4	1.09515502359e-08
     5	9.02289411056e-09
     6	7.82205229561e-09
     7	1.59099948229e-08
     8	1.2996726976e-08
     9	1.11882939574e-08

Measurement: edge100_ro70
  step	V(ro70_out)={VTHRESH} 
     1	7.27808441796e-09
     2	6.21906044143e-09
     3	5.53536359727e-09
     4	1.00044604604e-08
     5	8.41672406596e-09
     6	7.39207101712e-09
     7	1.43030883647e-08
     8	1.19471106169e-08
     9	1.04301526468e-08

Measurement: edge100_ro71
  step	V(ro71_out)={VTHRESH} 
     1	7.4453419676e-09
     2	6.35007679873e-09
     3	5.61964371424e-09
     4	1.03190730303e-08
     5	8.63042691007e-09
     6	7.55061189372e-09
     7	1.48193064424e-08
     8	1.2302341258e-08
     9	1.06970310981e-08

Measurement: edge100_ro72
  step	V(ro72_out)={VTHRESH} 
     1	7.21681128842e-09
     2	6.18128624543e-09
     3	5.51062138251e-09
     4	9.86962561665e-09
     5	8.3209481572e-09
     6	7.32201974476e-09
     7	1.405207352e-08
     8	1.176484204e-08
     9	1.02919325379e-08

Measurement: edge100_ro73
  step	V(ro73_out)={VTHRESH} 
     1	7.76282073686e-09
     2	6.54311510717e-09
     3	5.76827099942e-09
     4	1.08606565699e-08
     5	8.98689730708e-09
     6	7.80557919268e-09
     7	1.57248416048e-08
     8	1.29091505786e-08
     9	1.1138506233e-08

Measurement: edge100_ro74
  step	V(ro74_out)={VTHRESH} 
     1	7.20525427784e-09
     2	6.15761358256e-09
     3	5.48430383703e-09
     4	9.90399578033e-09
     5	8.31875757248e-09
     6	7.30933093338e-09
     7	1.41422763378e-08
     8	1.17868129684e-08
     9	1.02927654184e-08

Measurement: edge100_ro75
  step	V(ro75_out)={VTHRESH} 
     1	7.52409487183e-09
     2	6.37162880679e-09
     3	5.6397014133e-09
     4	1.0474207679e-08
     5	8.70823475477e-09
     6	7.59384045055e-09
     7	1.5099305216e-08
     8	1.2452440069e-08
     9	1.07882370295e-08

Measurement: edge100_ro76
  step	V(ro76_out)={VTHRESH} 
     1	7.39047373862e-09
     2	6.29893837965e-09
     3	5.58886818919e-09
     4	1.02139733298e-08
     5	8.55705252923e-09
     6	7.49452039338e-09
     7	1.46548476075e-08
     8	1.21868186885e-08
     9	1.06079138736e-08

Measurement: edge100_ro77
  step	V(ro77_out)={VTHRESH} 
     1	7.76170655634e-09
     2	6.54731256825e-09
     3	5.75430179344e-09
     4	1.09252098365e-08
     5	9.0160117684e-09
     6	7.8225550884e-09
     7	1.58784138656e-08
     8	1.29938599258e-08
     9	1.11965483728e-08

Measurement: edge100_ro78
  step	V(ro78_out)={VTHRESH} 
     1	7.94191967695e-09
     2	6.66646911652e-09
     3	5.86173046452e-09
     4	1.1177916023e-08
     5	9.2020689254e-09
     6	7.96526980234e-09
     7	1.62568537686e-08
     8	1.32747955256e-08
     9	1.14132337825e-08

Measurement: edge100_ro79
  step	V(ro79_out)={VTHRESH} 
     1	7.43889728295e-09
     2	6.33400448001e-09
     3	5.61749022337e-09
     4	1.03060066762e-08
     5	8.61634351215e-09
     6	7.53743622395e-09
     7	1.48026641458e-08
     8	1.22813520111e-08
     9	1.06760103742e-08

Measurement: edge100_ro80
  step	V(ro80_out)={VTHRESH} 
     1	7.72239614095e-09
     2	6.50636720204e-09
     3	5.75176719028e-09
     4	1.08446202543e-08
     5	8.9645959796e-09
     6	7.78447621921e-09
     7	1.57351044539e-08
     8	1.28998616161e-08
     9	1.11250728453e-08

Measurement: edge100_ro81
  step	V(ro81_out)={VTHRESH} 
     1	6.83639498984e-09
     2	5.93033777219e-09
     3	5.32197904132e-09
     4	9.21530563477e-09
     5	7.86795714223e-09
     6	6.98489224924e-09
     7	1.29580770068e-08
     8	1.09909119202e-08
     9	9.70559067902e-09

Measurement: edge100_ro82
  step	V(ro82_out)={VTHRESH} 
     1	7.11480130211e-09
     2	6.10373261367e-09
     3	5.44440373793e-09
     4	9.72509864253e-09
     5	8.20317414201e-09
     6	7.22527861057e-09
     7	1.3838974022e-08
     8	1.15864064336e-08
     9	1.0143877869e-08

Measurement: edge100_ro83
  step	V(ro83_out)={VTHRESH} 
     1	7.64428558742e-09
     2	6.45107588587e-09
     3	5.69468886088e-09
     4	1.071771088e-08
     5	8.87082445913e-09
     6	7.71317094038e-09
     7	1.55218427627e-08
     8	1.27372286113e-08
     9	1.09996929972e-08

Measurement: edge100_ro84
  step	V(ro84_out)={VTHRESH} 
     1	7.68749554385e-09
     2	6.50253450809e-09
     3	5.73803733414e-09
     4	1.07374857596e-08
     5	8.90832768175e-09
     6	7.7525929452e-09
     7	1.55199811032e-08
     8	1.27729123237e-08
     9	1.10429093451e-08

Measurement: edge100_ro85
  step	V(ro85_out)={VTHRESH} 
     1	7.64177257403e-09
     2	6.46230539201e-09
     3	5.71230057436e-09
     4	1.06238339349e-08
     5	8.83020494439e-09
     6	7.69300684463e-09
     7	1.53186115041e-08
     8	1.26359748719e-08
     9	1.0938987363e-08

Measurement: edge100_ro86
  step	V(ro86_out)={VTHRESH} 
     1	7.07517912199e-09
     2	6.08061642464e-09
     3	5.43001389402e-09
     4	9.65807285684e-09
     5	8.16480186019e-09
     6	7.1994308954e-09
     7	1.37233603441e-08
     8	1.15164487581e-08
     9	1.00944814187e-08

Measurement: edge100_ro87
  step	V(ro87_out)={VTHRESH} 
     1	7.25204387049e-09
     2	6.20164845022e-09
     3	5.52689614102e-09
     4	9.94870846637e-09
     5	8.37586842568e-09
     6	7.36209120109e-09
     7	1.41951114744e-08
     8	1.18653693114e-08
     9	1.0367660302e-08

Measurement: edge100_ro88
  step	V(ro88_out)={VTHRESH} 
     1	7.93077845627e-09
     2	6.6480377826e-09
     3	5.84215257547e-09
     4	1.11045523733e-08
     5	9.14779091779e-09
     6	7.92106952881e-09
     7	1.61213754675e-08
     8	1.31745317681e-08
     9	1.13317567239e-08

Measurement: edge100_ro89
  step	V(ro89_out)={VTHRESH} 
     1	7.13963182679e-09
     2	6.13263739755e-09
     3	5.47232224757e-09
     4	9.76621631499e-09
     5	8.25390665314e-09
     6	7.27180379022e-09
     7	1.39045168328e-08
     8	1.16701405509e-08
     9	1.02220652876e-08

Measurement: edge100_ro90
  step	V(ro90_out)={VTHRESH} 
     1	7.49704635115e-09
     2	6.35298067683e-09
     3	5.6297730267e-09
     4	1.04484868108e-08
     5	8.69957573786e-09
     6	7.59095858558e-09
     7	1.50640216495e-08
     8	1.24436677443e-08
     9	1.07889863581e-08

Measurement: edge100_ro91
  step	V(ro91_out)={VTHRESH} 
     1	7.65221353512e-09
     2	6.47275473027e-09
     3	5.72022290595e-09
     4	1.06698225958e-08
     5	8.86310594293e-09
     6	7.71942964189e-09
     7	1.5409404588e-08
     8	1.26999774345e-08
     9	1.09895873644e-08

Measurement: edge100_ro92
  step	V(ro92_out)={VTHRESH} 
     1	7.3614028929e-09
     2	6.2724287983e-09
     3	5.56230817071e-09
     4	1.01871773783e-08
     5	8.52643031289e-09
     6	7.46674347627e-09
     7	1.46287907183e-08
     8	1.21504952647e-08
     9	1.05748972719e-08

Measurement: edge100_ro93
  step	V(ro93_out)={VTHRESH} 
     1	7.64194390966e-09
     2	6.47386647214e-09
     3	5.71949958093e-09
     4	1.06470170719e-08
     5	8.85595894657e-09
     6	7.7172634272e-09
     7	1.53676657702e-08
     8	1.26847909341e-08
     9	1.09831706036e-08

Measurement: edge100_ro94
  step	V(ro94_out)={VTHRESH} 
     1	7.72936096692e-09
     2	6.53802479981e-09
     3	5.74669441743e-09
     4	1.08368961235e-08
     5	8.9704221245e-09
     6	7.7941919532e-09
     7	1.57025138864e-08
     8	1.28930746093e-08
     9	1.11276136282e-08

Measurement: edge100_ro95
  step	V(ro95_out)={VTHRESH} 
     1	7.19630710626e-09
     2	6.14919202892e-09
     3	5.50134127873e-09
     4	9.80476181526e-09
     5	8.27840865031e-09
     6	7.29007774043e-09
     7	1.39308682725e-08
     8	1.16823277201e-08
     9	1.02296905057e-08

Measurement: edge100_ro96
  step	V(ro96_out)={VTHRESH} 
     1	7.54547551756e-09
     2	6.40168521389e-09
     3	5.66367522135e-09
     4	1.05036529767e-08
     5	8.73471258839e-09
     6	7.62212478365e-09
     7	1.51329731014e-08
     8	1.24904507211e-08
     9	1.08238403061e-08

Measurement: edge100_ro97
  step	V(ro97_out)={VTHRESH} 
     1	7.56575194556e-09
     2	6.40575749316e-09
     3	5.66316106749e-09
     4	1.0568083772e-08
     5	8.77452319655e-09
     6	7.64223707472e-09
     7	1.52678612529e-08
     8	1.25717689013e-08
     9	1.08753428309e-08

Measurement: edge100_ro98
  step	V(ro98_out)={VTHRESH} 
     1	7.80469137104e-09
     2	6.5514352288e-09
     3	5.77736438083e-09
     4	1.09872618979e-08
     5	9.06015213715e-09
     6	7.85375184765e-09
     7	1.597683312e-08
     8	1.30643852921e-08
     9	1.12465612481e-08

Measurement: edge100_ro99
  step	V(ro99_out)={VTHRESH} 
     1	7.74340522605e-09
     2	6.54484830073e-09
     3	5.75178471011e-09
     4	1.08325312173e-08
     5	8.9495646563e-09
     6	7.77517483056e-09
     7	1.56821324308e-08
     8	1.28423061596e-08
     9	1.10788399693e-08

Measurement: edge100_ro100
  step	V(ro100_out)={VTHRESH} 
     1	7.11886497392e-09
     2	6.11179987238e-09
     3	5.45844307407e-09
     4	9.71430981513e-09
     5	8.21205500676e-09
     6	7.24008260588e-09
     7	1.37851552447e-08
     8	1.15851364055e-08
     9	1.01554598368e-08

Measurement: edge100_ro101
  step	V(ro101_out)={VTHRESH} 
     1	7.34062073427e-09
     2	6.26139047346e-09
     3	5.55907827857e-09
     4	1.01337185061e-08
     5	8.49995796465e-09
     6	7.44984344928e-09
     7	1.4533636571e-08
     8	1.20992112244e-08
     9	1.05394627377e-08

Measurement: edge100_ro102
  step	V(ro102_out)={VTHRESH} 
     1	7.6904351261e-09
     2	6.49907054444e-09
     3	5.73874545327e-09
     4	1.07689019443e-08
     5	8.93333702918e-09
     6	7.77027189438e-09
     7	1.56000065915e-08
     8	1.28395434652e-08
     9	1.10951210646e-08

Measurement: edge100_ro103
  step	V(ro103_out)={VTHRESH} 
     1	7.33740250961e-09
     2	6.24042634957e-09
     3	5.54861476115e-09
     4	1.00765435247e-08
     5	8.42877615598e-09
     6	7.38604232223e-09
     7	1.43867492558e-08
     8	1.19402618506e-08
     9	1.03979842601e-08

Measurement: edge100_ro104
  step	V(ro104_out)={VTHRESH} 
     1	6.94859908439e-09
     2	6.00553796488e-09
     3	5.38191838549e-09
     4	9.42850013527e-09
     5	8.02123563462e-09
     6	7.10091847318e-09
     7	1.33240602851e-08
     8	1.1259991763e-08
     9	9.91273631136e-09

Measurement: edge100_ro105
  step	V(ro105_out)={VTHRESH} 
     1	7.0456667159e-09
     2	6.06304390339e-09
     3	5.41983439857e-09
     4	9.61037655116e-09
     5	8.14085419219e-09
     6	7.18626261108e-09
     7	1.36497665963e-08
     8	1.14814633371e-08
     9	1.00772279007e-08

Measurement: edge100_ro106
  step	V(ro106_out)={VTHRESH} 
     1	7.33747283034e-09
     2	6.26018782158e-09
     3	5.56954846764e-09
     4	1.01172032317e-08
     5	8.49343423114e-09
     6	7.45001003757e-09
     7	1.44817005055e-08
     8	1.20680944595e-08
     9	1.05217692043e-08

Measurement: edge100_ro107
  step	V(ro107_out)={VTHRESH} 
     1	7.18179185777e-09
     2	6.15343068886e-09
     3	5.48854129374e-09
     4	9.83965969697e-09
     5	8.29402109325e-09
     6	7.29853068406e-09
     7	1.40192707435e-08
     8	1.17304758081e-08
     9	1.02605251387e-08

Measurement: edge100_ro108
  step	V(ro108_out)={VTHRESH} 
     1	7.30376848599e-09
     2	6.23169750619e-09
     3	5.54301909158e-09
     4	1.0066090194e-08
     5	8.44233308953e-09
     6	7.40576078772e-09
     7	1.44001832054e-08
     8	1.19839948379e-08
     9	1.04463240754e-08

Measurement: edge100_ro109
  step	V(ro109_out)={VTHRESH} 
     1	7.19961677002e-09
     2	6.1508178375e-09
     3	5.49239996959e-09
     4	9.83431400119e-09
     5	8.28230801945e-09
     6	7.28612171182e-09
     7	1.39799988651e-08
     8	1.16908828495e-08
     9	1.02256964924e-08

Measurement: edge100_ro110
  step	V(ro110_out)={VTHRESH} 
     1	6.98320564149e-09
     2	6.02605547125e-09
     3	5.39428908962e-09
     4	9.47799948862e-09
     5	8.0548402947e-09
     6	7.12558276663e-09
     7	1.3412987514e-08
     8	1.13228235991e-08
     9	9.96003959006e-09

Measurement: edge100_ro111
  step	V(ro111_out)={VTHRESH} 
     1	7.03719320027e-09
     2	6.0615520497e-09
     3	5.42101600291e-09
     4	9.56458067026e-09
     5	8.11738538385e-09
     6	7.17110014594e-09
     7	1.35583902854e-08
     8	1.14293369827e-08
     9	1.0041287483e-08

Measurement: edge100_ro112
  step	V(ro112_out)={VTHRESH} 
     1	7.1524590128e-09
     2	6.15059274467e-09
     3	5.48213645607e-09
     4	9.77161602065e-09
     5	8.26468266118e-09
     6	7.28491531648e-09
     7	1.39039512689e-08
     8	1.16785989763e-08
     9	1.023513295e-08

Measurement: edge100_ro113
  step	V(ro113_out)={VTHRESH} 
     1	7.20188137557e-09
     2	6.16182488654e-09
     3	5.50322250908e-09
     4	9.8797637151e-09
     5	8.32995160963e-09
     6	7.32822825951e-09
     7	1.40909633147e-08
     8	1.17941710184e-08
     9	1.03148447591e-08

Measurement: edge100_ro114
  step	V(ro114_out)={VTHRESH} 
     1	7.40321916633e-09
     2	6.30277239652e-09
     3	5.58430264876e-09
     4	1.02417997496e-08
     5	8.55478422843e-09
     6	7.48621342228e-09
     7	1.46969667908e-08
     8	1.21787315797e-08
     9	1.05884006081e-08

Measurement: edge100_ro115
  step	V(ro115_out)={VTHRESH} 
     1	7.54274781339e-09
     2	6.39429430819e-09
     3	5.6650376855e-09
     4	1.05061285717e-08
     5	8.7524787954e-09
     6	7.63810686187e-09
     7	1.51502616966e-08
     8	1.25240242931e-08
     9	1.08594454723e-08

Measurement: edge100_ro116
  step	V(ro116_out)={VTHRESH} 
     1	7.26827346856e-09
     2	6.2154891958e-09
     3	5.54088800985e-09
     4	9.96140137285e-09
     5	8.39033526173e-09
     6	7.37373180784e-09
     7	1.42176076855e-08
     8	1.18912663192e-08
     9	1.03899126238e-08

Measurement: edge100_ro117
  step	V(ro117_out)={VTHRESH} 
     1	7.22621113305e-09
     2	6.1822572166e-09
     3	5.50715987596e-09
     4	9.94301898128e-09
     5	8.36416029666e-09
     6	7.34969271397e-09
     7	1.42065285211e-08
     8	1.18618995735e-08
     9	1.03592029579e-08

Measurement: edge100_ro118
  step	V(ro118_out)={VTHRESH} 
     1	7.17604907644e-09
     2	6.14766577035e-09
     3	5.46632243399e-09
     4	9.86532110389e-09
     5	8.29211375098e-09
     6	7.28578578378e-09
     7	1.40858501459e-08
     8	1.17483641857e-08
     9	1.02592091386e-08

Measurement: edge100_ro119
  step	V(ro119_out)={VTHRESH} 
     1	7.09362913883e-09
     2	6.10105821916e-09
     3	5.447296801e-09
     4	9.69013419506e-09
     5	8.20272322975e-09
     6	7.23566272498e-09
     7	1.37782619501e-08
     8	1.15818410169e-08
     9	1.01572282112e-08

Measurement: edge100_ro120
  step	V(ro120_out)={VTHRESH} 
     1	7.69389884981e-09
     2	6.50456167403e-09
     3	5.73839192342e-09
     4	1.07278428243e-08
     5	8.90189262011e-09
     6	7.74567891081e-09
     7	1.54957162846e-08
     8	1.27575486421e-08
     9	1.10295424599e-08

Measurement: edge100_ro121
  step	V(ro121_out)={VTHRESH} 
     1	7.3456294349e-09
     2	6.25303831999e-09
     3	5.55995623715e-09
     4	1.01327635514e-08
     5	8.48111957999e-09
     6	7.43075030867e-09
     7	1.45251455365e-08
     8	1.20604751281e-08
     9	1.04997779024e-08

Measurement: edge100_ro122
  step	V(ro122_out)={VTHRESH} 
     1	7.28173415662e-09
     2	6.23076477821e-09
     3	5.54364430921e-09
     4	1.00045982405e-08
     5	8.4137055306e-09
     6	7.38978435192e-09
     7	1.42858351604e-08
     8	1.19268706463e-08
     9	1.04123409634e-08

Measurement: edge100_ro123
  step	V(ro123_out)={VTHRESH} 
     1	7.12634742581e-09
     2	6.12218400679e-09
     3	5.4630319886e-09
     4	9.69952010582e-09
     5	8.20255687682e-09
     6	7.23238288462e-09
     7	1.37576509013e-08
     8	1.15541982216e-08
     9	1.01301856814e-08

Measurement: edge100_ro124
  step	V(ro124_out)={VTHRESH} 
     1	7.74382876836e-09
     2	6.55138227868e-09
     3	5.75832340796e-09
     4	1.08941165865e-08
     5	9.00539234293e-09
     6	7.81741934108e-09
     7	1.58191062269e-08
     8	1.29693491715e-08
     9	1.11814697001e-08

Measurement: edge100_ro125
  step	V(ro125_out)={VTHRESH} 
     1	6.68374843774e-09
     2	5.82034138092e-09
     3	5.24129205094e-09
     4	8.97337877506e-09
     5	7.70345363631e-09
     6	6.86274786135e-09
     7	1.25874220834e-08
     8	1.07382995686e-08
     9	9.51811445507e-09

Measurement: edge100_ro126
  step	V(ro126_out)={VTHRESH} 
     1	7.39096851007e-09
     2	6.29786459214e-09
     3	5.58518538865e-09
     4	1.01982352835e-08
     5	8.53078596724e-09
     6	7.46836855989e-09
     7	1.46034369821e-08
     8	1.21215502591e-08
     9	1.05447921877e-08

Measurement: edge100_ro127
  step	V(ro127_out)={VTHRESH} 
     1	7.46622888656e-09
     2	6.33419738434e-09
     3	5.60604628274e-09
     4	1.04202269476e-08
     5	8.66517841095e-09
     6	7.55826878366e-09
     7	1.50328893111e-08
     8	1.23973298164e-08
     9	1.07414706985e-08
