LTspice 26.0.2 for Windows
Circuit: C:\Users\JUST\Documents\LTspice\RO_PUF_PVT_100\chip_080_PVT.net
Start Time: Mon Jul 20 08:05:56 2026
Options:plotwinsize=0 numdgt=10 reltol=1e-4 abstol=1e-12 vntol=1e-6 reltol=0.003 vntol=1m abstol=1e-10 gmin=1e-10 threads=1

.step vddval=0.9 temp=-20°
solver = Normal
Maximum thread count: 1
tnom = 27
temp = -20
method = trap
gmin = 1e-10
abstol = 1e-10
reltol = 0.003
volttol = 0.001
Per .tran options, skipping operating point for transient analysis.

.step vddval=1 temp=-20°

.step vddval=1.1 temp=-20°

.step vddval=0.9 temp=25°

.step vddval=1 temp=25°

.step vddval=1.1 temp=25°

.step vddval=0.9 temp=80°

.step vddval=1 temp=80°

.step vddval=1.1 temp=80°
Total elapsed time: 1799.516 seconds.

Files loaded:
C:\Users\JUST\Documents\LTspice\RO_PUF_PVT_100\chip_080_PVT.net
C:\Users\JUST\Documents\LTspice\RO_PUF_PVT_100\45nm_HP.pm
C:\Users\JUST\Documents\LTspice\RO_PUF_PVT_100\chip_080_mismatch.inc


Measurement: t_ro0
  step	t_ro0	FROM	TO
     1	6.03646458406e-09	1.44501713732e-09	7.48148172139e-09
     2	5.12557314055e-09	1.2256719766e-09	6.35124511715e-09
     3	4.54483940297e-09	1.08637516459e-09	5.63121456755e-09
     4	8.39050120737e-09	2.00844569819e-09	1.03989469056e-08
     5	6.99686050883e-09	1.67297014663e-09	8.66983065546e-09
     6	6.11257864813e-09	1.46072815513e-09	7.57330680325e-09
     7	1.20700130595e-08	2.88847309481e-09	1.49584861543e-08
     8	9.98757693424e-09	2.3874343435e-09	1.23750112777e-08
     9	8.67052027105e-09	2.07147152837e-09	1.07419917994e-08

Measurement: t_ro1
  step	t_ro1	FROM	TO
     1	5.77059228029e-09	1.38448655301e-09	7.1550788333e-09
     2	4.96000025406e-09	1.18872505901e-09	6.14872531306e-09
     3	4.41468436476e-09	1.05671618623e-09	5.47140055099e-09
     4	7.91039786121e-09	1.89806258437e-09	9.80846044558e-09
     5	6.67443610087e-09	1.59955739879e-09	8.27399349966e-09
     6	5.87472360372e-09	1.4065591806e-09	7.28128278432e-09
     7	1.12814019248e-08	2.70704492842e-09	1.39884468532e-08
     8	9.45031316378e-09	2.26517185088e-09	1.17154850147e-08
     9	8.26838561468e-09	1.98002984161e-09	1.02484154563e-08

Measurement: t_ro2
  step	t_ro2	FROM	TO
     1	6.25604245525e-09	1.50448169518e-09	7.76052415043e-09
     2	5.27999943527e-09	1.26680843945e-09	6.54680787472e-09
     3	4.65422405065e-09	1.11687527115e-09	5.77109932179e-09
     4	8.75367856181e-09	2.10608070077e-09	1.08597592626e-08
     5	7.24738249842e-09	1.74108048575e-09	8.98846298417e-09
     6	6.29628468136e-09	1.51139119762e-09	7.80767587898e-09
     7	1.26731045975e-08	3.04957196214e-09	1.57226765596e-08
     8	1.04098639219e-08	2.50133165146e-09	1.29111955734e-08
     9	8.98465393204e-09	2.1572174044e-09	1.11418713364e-08

Measurement: t_ro3
  step	t_ro3	FROM	TO
     1	6.17697462084e-09	1.4971192057e-09	7.67409382654e-09
     2	5.22651605766e-09	1.26359369053e-09	6.49010974819e-09
     3	4.61691240463e-09	1.11508559181e-09	5.73199799644e-09
     4	8.62196877322e-09	2.09246080294e-09	1.07144295762e-08
     5	7.15795091574e-09	1.73254404153e-09	8.89049495727e-09
     6	6.23144577216e-09	1.50626191911e-09	7.73770769128e-09
     7	1.24595393368e-08	3.02544742343e-09	1.54849867603e-08
     8	1.02607811562e-08	2.48544184798e-09	1.27462230042e-08
     9	8.87356466737e-09	2.14663871015e-09	1.10202033775e-08

Measurement: t_ro4
  step	t_ro4	FROM	TO
     1	5.99627254974e-09	1.44904835867e-09	7.44532090842e-09
     2	5.11385605931e-09	1.23180957029e-09	6.3456656296e-09
     3	4.53109660748e-09	1.09015946567e-09	5.62125607315e-09
     4	8.275822572e-09	2.00178331926e-09	1.02776058913e-08
     5	6.92505637714e-09	1.6701979901e-09	8.59525436724e-09
     6	6.06172515912e-09	1.45988698984e-09	7.52161214896e-09
     7	1.18587265987e-08	2.86901950129e-09	1.47277461e-08
     8	9.84736754413e-09	2.37603923653e-09	1.22234067807e-08
     9	8.56581791572e-09	2.06420259411e-09	1.06300205098e-08

Measurement: t_ro5
  step	t_ro5	FROM	TO
     1	5.8301070282e-09	1.39790448627e-09	7.22801151447e-09
     2	4.99549950993e-09	1.1964028752e-09	6.19190238513e-09
     3	4.450387841e-09	1.06571950864e-09	5.51610734964e-09
     4	7.99998774e-09	1.91760526726e-09	9.91759300726e-09
     5	6.73800886954e-09	1.6132764591e-09	8.35128532864e-09
     6	5.92561758468e-09	1.41789816882e-09	7.3435157535e-09
     7	1.14007225137e-08	2.73165254368e-09	1.41323750574e-08
     8	9.5387777548e-09	2.28281558531e-09	1.18215933401e-08
     9	8.34043504071e-09	1.99549792336e-09	1.03359329641e-08

Measurement: t_ro6
  step	t_ro6	FROM	TO
     1	5.75328773488e-09	1.38550625931e-09	7.13879399419e-09
     2	4.94482878404e-09	1.18987680001e-09	6.13470558404e-09
     3	4.4091251396e-09	1.0600024811e-09	5.46912762069e-09
     4	7.86770075622e-09	1.89656622525e-09	9.76426698147e-09
     5	6.64959506667e-09	1.60140065882e-09	8.25099572549e-09
     6	5.86048908899e-09	1.41049204083e-09	7.27098112982e-09
     7	1.11962241898e-08	2.70221815747e-09	1.38984423473e-08
     8	9.39608473222e-09	2.26514113877e-09	1.1661225871e-08
     9	8.2327580895e-09	1.98368616756e-09	1.02164442571e-08

Measurement: t_ro7
  step	t_ro7	FROM	TO
     1	6.01776574102e-09	1.44840596048e-09	7.46617170149e-09
     2	5.12000166521e-09	1.23036119798e-09	6.35036286318e-09
     3	4.52757941057e-09	1.08872879337e-09	5.61630820394e-09
     4	8.34104257272e-09	2.00909340005e-09	1.03501359728e-08
     5	6.95262131105e-09	1.67357953795e-09	8.62620084899e-09
     6	6.07500814176e-09	1.46167147175e-09	7.53667961351e-09
     7	1.19793108454e-08	2.88701191327e-09	1.48663227587e-08
     8	9.90674334952e-09	2.38590093293e-09	1.22926442825e-08
     9	8.60029748039e-09	2.07043741668e-09	1.06707348971e-08

Measurement: t_ro8
  step	t_ro8	FROM	TO
     1	6.12102694001e-09	1.47005179117e-09	7.59107873118e-09
     2	5.18489647051e-09	1.24240380925e-09	6.42730027977e-09
     3	4.58882426793e-09	1.0985197711e-09	5.68734403904e-09
     4	8.50596199305e-09	2.04381124185e-09	1.05497732349e-08
     5	7.07650202339e-09	1.69667758044e-09	8.77317960383e-09
     6	6.17201914039e-09	1.47857044973e-09	7.65058959012e-09
     7	1.22494448246e-08	2.94293843074e-09	1.51923832553e-08
     8	1.01097705643e-08	2.42423581153e-09	1.25340063758e-08
     9	8.76031855486e-09	2.09951737438e-09	1.08598359292e-08

Measurement: t_ro9
  step	t_ro9	FROM	TO
     1	6.29773265345e-09	1.51369368054e-09	7.81142633398e-09
     2	5.30217756547e-09	1.27328960811e-09	6.57546717358e-09
     3	4.67322014028e-09	1.12101506151e-09	5.79423520179e-09
     4	8.85453990635e-09	2.12903579222e-09	1.09835756986e-08
     5	7.31763273773e-09	1.75771333545e-09	9.07534607318e-09
     6	6.34960215225e-09	1.52396714638e-09	7.87356929864e-09
     7	1.28662040865e-08	3.09404781851e-09	1.5960251905e-08
     8	1.05481001928e-08	2.53420161618e-09	1.30823018089e-08
     9	9.09171331578e-09	2.18278349929e-09	1.12744968151e-08

Measurement: t_ro10
  step	t_ro10	FROM	TO
     1	5.72289286449e-09	1.37482783927e-09	7.09772070376e-09
     2	4.92156899902e-09	1.18077092571e-09	6.10233992473e-09
     3	4.39523130416e-09	1.05383523104e-09	5.4490665352e-09
     4	7.81260141295e-09	1.87818373526e-09	9.6907851482e-09
     5	6.61409573519e-09	1.58795006697e-09	8.20204580216e-09
     6	5.83450671034e-09	1.39972176482e-09	7.23422847516e-09
     7	1.11074732385e-08	2.67097880087e-09	1.37784520393e-08
     8	9.33873185261e-09	2.24289863557e-09	1.15816304882e-08
     9	8.19072509385e-09	1.96572977843e-09	1.01564548723e-08

Measurement: t_ro11
  step	t_ro11	FROM	TO
     1	5.83118066487e-09	1.41330152411e-09	7.24448218898e-09
     2	4.99540841019e-09	1.20363070182e-09	6.19903911201e-09
     3	4.44858169092e-09	1.06850235053e-09	5.51708404146e-09
     4	8.0140040924e-09	1.94564450863e-09	9.95964860103e-09
     5	6.74766240672e-09	1.62977081426e-09	8.37743322098e-09
     6	5.93161049811e-09	1.42829626577e-09	7.35990676388e-09
     7	1.14439812991e-08	2.77967204905e-09	1.42236533481e-08
     8	9.56275454294e-09	2.31165105864e-09	1.18744056016e-08
     9	8.35477686175e-09	2.01469398252e-09	1.03694708443e-08

Measurement: t_ro12
  step	t_ro12	FROM	TO
     1	6.21628151896e-09	1.49512201778e-09	7.71140353674e-09
     2	5.24850563135e-09	1.26041725344e-09	6.50892288479e-09
     3	4.63997281224e-09	1.11215686523e-09	5.75212967747e-09
     4	8.7007951909e-09	2.09403911965e-09	1.07948343106e-08
     5	7.20842270565e-09	1.73229794095e-09	8.9407206466e-09
     6	6.26869010788e-09	1.5049236448e-09	7.77361375268e-09
     7	1.26000615857e-08	3.03338785027e-09	1.56334494359e-08
     8	1.03566748643e-08	2.48970088034e-09	1.28463757446e-08
     9	8.94675170948e-09	2.14857764961e-09	1.10953293591e-08

Measurement: t_ro13
  step	t_ro13	FROM	TO
     1	6.23999979475e-09	1.50374989733e-09	7.74374969207e-09
     2	5.2759791138e-09	1.26827516616e-09	6.54425427997e-09
     3	4.64628231432e-09	1.116002884e-09	5.76228519832e-09
     4	8.75952164179e-09	2.11360346548e-09	1.08731251073e-08
     5	7.25333760828e-09	1.74646275712e-09	8.9998003654e-09
     6	6.30314889818e-09	1.51549548339e-09	7.81864438157e-09
     7	1.26984887532e-08	3.06489684009e-09	1.57633855933e-08
     8	1.04303167931e-08	2.51260202952e-09	1.29429188226e-08
     9	9.00369577557e-09	2.16617958986e-09	1.11698753654e-08

Measurement: t_ro14
  step	t_ro14	FROM	TO
     1	6.3030121657e-09	1.51383173625e-09	7.81684390195e-09
     2	5.30866364766e-09	1.27325496534e-09	6.581918613e-09
     3	4.67598762969e-09	1.12057966767e-09	5.79656729737e-09
     4	8.81380148896e-09	2.11709904034e-09	1.09309005293e-08
     5	7.28987757282e-09	1.74922560399e-09	9.0391031768e-09
     6	6.32763863397e-09	1.51701195528e-09	7.84465058925e-09
     7	1.27649203095e-08	3.06613337842e-09	1.58310536879e-08
     8	1.04753518889e-08	2.51384039967e-09	1.29891922886e-08
     9	9.03400920155e-09	2.16627452714e-09	1.12002837287e-08

Measurement: t_ro15
  step	t_ro15	FROM	TO
     1	6.15966730631e-09	1.47312053882e-09	7.63278784513e-09
     2	5.20378371399e-09	1.24296208916e-09	6.44674580315e-09
     3	4.59649787169e-09	1.09723421366e-09	5.69373208534e-09
     4	8.61125166982e-09	2.05946943464e-09	1.06707211045e-08
     5	7.13466112904e-09	1.70403548863e-09	8.83869661767e-09
     6	6.20783052893e-09	1.48165790583e-09	7.68948843476e-09
     7	1.24565756757e-08	2.9777954501e-09	1.54343711258e-08
     8	1.02322768164e-08	2.44340459534e-09	1.26756814117e-08
     9	8.84140886353e-09	2.10991659242e-09	1.0951325456e-08

Measurement: t_ro16
  step	t_ro16	FROM	TO
     1	6.12050867855e-09	1.4754407667e-09	7.59594944525e-09
     2	5.16063791674e-09	1.24307543054e-09	6.40371334728e-09
     3	4.55971080522e-09	1.09758896914e-09	5.65729977436e-09
     4	8.58845620205e-09	2.07325134934e-09	1.06617075514e-08
     5	7.09947040605e-09	1.71219985299e-09	8.81167025904e-09
     6	6.17497478963e-09	1.48812718795e-09	7.66310197758e-09
     7	1.24267472152e-08	3.0026616743e-09	1.54294088895e-08
     8	1.01839530746e-08	2.45813707683e-09	1.26420901514e-08
     9	8.79554631641e-09	2.12172481484e-09	1.09172711312e-08

Measurement: t_ro17
  step	t_ro17	FROM	TO
     1	5.87695106267e-09	1.4145841874e-09	7.29153525007e-09
     2	5.02265670888e-09	1.20730843362e-09	6.2299651425e-09
     3	4.47302000617e-09	1.07366255924e-09	5.54668256541e-09
     4	8.05426112798e-09	1.94013450738e-09	9.99439563536e-09
     5	6.77439848681e-09	1.62933644489e-09	8.40373493171e-09
     6	5.95058957744e-09	1.42968434144e-09	7.38027391888e-09
     7	1.14889553983e-08	2.76871613298e-09	1.42576715313e-08
     8	9.59327936248e-09	2.30847059202e-09	1.19017499545e-08
     9	8.37634131946e-09	2.01355681741e-09	1.03898981369e-08

Measurement: t_ro18
  step	t_ro18	FROM	TO
     1	5.95215694358e-09	1.42925184474e-09	7.38140878832e-09
     2	5.0621539114e-09	1.21387880571e-09	6.27603271711e-09
     3	4.480007675e-09	1.07498788921e-09	5.55499556421e-09
     4	8.24702865098e-09	1.98120547247e-09	1.02282341235e-08
     5	6.88010930573e-09	1.65080154027e-09	8.530910846e-09
     6	6.01531130557e-09	1.44192987055e-09	7.45724117612e-09
     7	1.18302331173e-08	2.84246232554e-09	1.46726954428e-08
     8	9.78537184919e-09	2.34821799161e-09	1.21335898408e-08
     9	8.50030470511e-09	2.03818256299e-09	1.05384872681e-08

Measurement: t_ro19
  step	t_ro19	FROM	TO
     1	5.62642006881e-09	1.35295705191e-09	6.97937712072e-09
     2	4.85234131037e-09	1.16450278245e-09	6.01684409282e-09
     3	4.34259671631e-09	1.04059346163e-09	5.38319017794e-09
     4	7.6276629052e-09	1.83643541318e-09	9.46409831838e-09
     5	6.47726058486e-09	1.55718396115e-09	8.03444454601e-09
     6	5.72861704476e-09	1.37542348738e-09	7.10404053214e-09
     7	1.07894374967e-08	2.59983602197e-09	1.33892735187e-08
     8	9.09895793573e-09	2.18978838433e-09	1.12887463201e-08
     9	8.00204534835e-09	1.92407221055e-09	9.92611755891e-09

Measurement: t_ro20
  step	t_ro20	FROM	TO
     1	6.02755487317e-09	1.45010494941e-09	7.47765982258e-09
     2	5.12000735658e-09	1.23164544866e-09	6.35165280524e-09
     3	4.5447335689e-09	1.09179762007e-09	5.63653118897e-09
     4	8.33508428599e-09	2.00631586472e-09	1.03414001507e-08
     5	6.96889732882e-09	1.6763087436e-09	8.64520607242e-09
     6	6.09443511355e-09	1.46508992329e-09	7.55952503684e-09
     7	1.19711319457e-08	2.8825672926e-09	1.48536992383e-08
     8	9.93493753202e-09	2.39064620449e-09	1.23255837365e-08
     9	8.63480944831e-09	2.07696416982e-09	1.07117736181e-08

Measurement: t_ro21
  step	t_ro21	FROM	TO
     1	5.70215317033e-09	1.37381014414e-09	7.07596331447e-09
     2	4.89518567479e-09	1.17766590621e-09	6.072851581e-09
     3	4.37141462835e-09	1.05071183224e-09	5.42212646059e-09
     4	7.78002721109e-09	1.87622938879e-09	9.65625659988e-09
     5	6.56052047867e-09	1.5806628895e-09	8.14118336817e-09
     6	5.78407053423e-09	1.39147380628e-09	7.17554434052e-09
     7	1.10358201242e-08	2.66302599511e-09	1.36988461193e-08
     8	9.23750511799e-09	2.22600077282e-09	1.14635058908e-08
     9	8.09082196869e-09	1.94782619724e-09	1.00386481659e-08

Measurement: t_ro22
  step	t_ro22	FROM	TO
     1	5.49027978756e-09	1.32146096567e-09	6.81174075323e-09
     2	4.76180281074e-09	1.14456636399e-09	5.90636917473e-09
     3	4.2775514258e-09	1.0276146953e-09	5.30516612109e-09
     4	7.42101852789e-09	1.78805690612e-09	9.20907543401e-09
     5	6.33583727299e-09	1.52488321553e-09	7.86072048852e-09
     6	5.62722451098e-09	1.35329886879e-09	6.98052337978e-09
     7	1.04480529805e-08	2.51956339935e-09	1.29676163798e-08
     8	8.86088921431e-09	2.13448218838e-09	1.09953714027e-08
     9	7.82821581733e-09	1.88440731178e-09	9.71262312911e-09

Measurement: t_ro23
  step	t_ro23	FROM	TO
     1	6.16861720045e-09	1.48170860129e-09	7.65032580174e-09
     2	5.2135431887e-09	1.25016359277e-09	6.46370678147e-09
     3	4.60430741638e-09	1.10218518485e-09	5.70649260123e-09
     4	8.59801087755e-09	2.06651662446e-09	1.0664527502e-08
     5	7.13202232264e-09	1.71154888858e-09	8.84357121121e-09
     6	6.20907066644e-09	1.48799976289e-09	7.69707042933e-09
     7	1.24015746421e-08	2.98193779333e-09	1.53835124355e-08
     8	1.02069476161e-08	2.45086973953e-09	1.26578173556e-08
     9	8.82836422254e-09	2.11766642759e-09	1.09460306501e-08

Measurement: t_ro24
  step	t_ro24	FROM	TO
     1	5.94380944669e-09	1.43210885912e-09	7.37591830581e-09
     2	5.07660273123e-09	1.21997926296e-09	6.29658199418e-09
     3	4.50674820806e-09	1.0812739712e-09	5.58802217925e-09
     4	8.19438059963e-09	1.97625763176e-09	1.01706382314e-08
     5	6.8745740142e-09	1.65393757454e-09	8.52851158874e-09
     6	6.02674393201e-09	1.44755822689e-09	7.4743021589e-09
     7	1.17316184218e-08	2.82982102481e-09	1.45614394466e-08
     8	9.76910885153e-09	2.35112433486e-09	1.21202331864e-08
     9	8.51263092297e-09	2.04597386402e-09	1.0558604787e-08

Measurement: t_ro25
  step	t_ro25	FROM	TO
     1	5.83982119351e-09	1.40836388332e-09	7.24818507684e-09
     2	4.98530649402e-09	1.20191757529e-09	6.18722406931e-09
     3	4.44145551937e-09	1.07024629812e-09	5.51170181749e-09
     4	8.0544500835e-09	1.94545700078e-09	9.99990708428e-09
     5	6.76083634462e-09	1.63193394975e-09	8.39277029438e-09
     6	5.93466414834e-09	1.43182404583e-09	7.36648819417e-09
     7	1.15318649632e-08	2.7875991363e-09	1.43194640995e-08
     8	9.60506427337e-09	2.32032710763e-09	1.1925391381e-08
     9	8.37820616683e-09	2.02320687159e-09	1.04014130384e-08

Measurement: t_ro26
  step	t_ro26	FROM	TO
     1	5.60000036807e-09	1.33415309905e-09	6.93415346712e-09
     2	4.82751725048e-09	1.15061563269e-09	5.97813288318e-09
     3	4.31999582228e-09	1.02972842179e-09	5.34972424407e-09
     4	7.59098528408e-09	1.8051719372e-09	9.39615722128e-09
     5	6.44807034333e-09	1.53514523556e-09	7.98321557889e-09
     6	5.70603916675e-09	1.35890259471e-09	7.06494176146e-09
     7	1.07396101856e-08	2.54887290987e-09	1.32884830955e-08
     8	9.05703235889e-09	2.15345750746e-09	1.12104898663e-08
     9	7.96828427181e-09	1.89575977824e-09	9.86404405005e-09

Measurement: t_ro27
  step	t_ro27	FROM	TO
     1	6.34320685695e-09	1.52403877058e-09	7.86724562753e-09
     2	5.33145024799e-09	1.27863191148e-09	6.61008215947e-09
     3	4.68749610509e-09	1.12307585411e-09	5.8105719592e-09
     4	8.91255049641e-09	2.14223179062e-09	1.1054782287e-08
     5	7.34697125332e-09	1.76262799164e-09	9.10959924496e-09
     6	6.36728253516e-09	1.52605972555e-09	7.89334226071e-09
     7	1.29430842069e-08	3.11111467347e-09	1.60541988804e-08
     8	1.05815351514e-08	2.53870306418e-09	1.31202382156e-08
     9	9.1083892096e-09	2.1831479546e-09	1.12915371642e-08

Measurement: t_ro28
  step	t_ro28	FROM	TO
     1	6.26956276904e-09	1.50197506437e-09	7.77153783341e-09
     2	5.27999998076e-09	1.26302608841e-09	6.54302606918e-09
     3	4.65122460194e-09	1.11199826226e-09	5.7632228642e-09
     4	8.77870451031e-09	2.10301981658e-09	1.08817243269e-08
     5	7.25797749404e-09	1.7364575653e-09	8.99443505934e-09
     6	6.30198305204e-09	1.50668903409e-09	7.80867208613e-09
     7	1.27179275957e-08	3.04569481523e-09	1.57636224109e-08
     8	1.04290765225e-08	2.49462272917e-09	1.29236992517e-08
     9	8.99431629828e-09	2.15006748563e-09	1.11443837839e-08

Measurement: t_ro29
  step	t_ro29	FROM	TO
     1	5.44002065281e-09	1.30777163264e-09	6.74779228545e-09
     2	4.72142527139e-09	1.13402469284e-09	5.85544996423e-09
     3	4.24556298421e-09	1.01949784625e-09	5.26506083045e-09
     4	7.35264596842e-09	1.76775764801e-09	9.12040361643e-09
     5	6.28185199413e-09	1.50940699652e-09	7.79125899065e-09
     6	5.58224988913e-09	1.34102331553e-09	6.92327320466e-09
     7	1.03528327113e-08	2.49004132247e-09	1.28428740338e-08
     8	8.78398862038e-09	2.11156556025e-09	1.08955541806e-08
     9	7.7615759515e-09	1.86554753704e-09	9.62712348853e-09

Measurement: t_ro30
  step	t_ro30	FROM	TO
     1	6.02289668855e-09	1.44418897284e-09	7.46708566139e-09
     2	5.12000609691e-09	1.22496334104e-09	6.34496943795e-09
     3	4.54946148996e-09	1.08750404933e-09	5.63696553929e-09
     4	8.31595946628e-09	1.99472459176e-09	1.0310684058e-08
     5	6.96206453052e-09	1.66636400936e-09	8.62842853988e-09
     6	6.09239357007e-09	1.45647016275e-09	7.54886373282e-09
     7	1.19334227488e-08	2.86205392637e-09	1.47954766752e-08
     8	9.91739994163e-09	2.3736926896e-09	1.22910926312e-08
     9	8.6258475877e-09	2.06209711742e-09	1.06879447051e-08

Measurement: t_ro31
  step	t_ro31	FROM	TO
     1	6.18959967626e-09	1.48954643246e-09	7.67914610871e-09
     2	5.23425438258e-09	1.25914408099e-09	6.49339846356e-09
     3	4.61922784436e-09	1.1103868365e-09	5.72961468086e-09
     4	8.64590517111e-09	2.08194868545e-09	1.07278538566e-08
     5	7.17224927139e-09	1.72621028288e-09	8.89845955428e-09
     6	6.23981944388e-09	1.50106246467e-09	7.74088190856e-09
     7	1.2502354834e-08	3.01176398272e-09	1.55141188167e-08
     8	1.02889431475e-08	2.47752555655e-09	1.27664687041e-08
     9	8.89471779599e-09	2.14123416424e-09	1.10359519602e-08

Measurement: t_ro32
  step	t_ro32	FROM	TO
     1	6.01836361556e-09	1.45229009841e-09	7.47065371397e-09
     2	5.12000124447e-09	1.23350444911e-09	6.35350569358e-09
     3	4.53503600156e-09	1.09220242771e-09	5.62723842927e-09
     4	8.32014508578e-09	2.01215983116e-09	1.03323049169e-08
     5	6.94873455377e-09	1.67719896479e-09	8.62593351856e-09
     6	6.07678891903e-09	1.46524177198e-09	7.54203069102e-09
     7	1.19542389493e-08	2.89357766583e-09	1.48478166152e-08
     8	9.89960920028e-09	2.39178544624e-09	1.22913946465e-08
     9	8.6007706877e-09	2.07608511027e-09	1.0676855798e-08

Measurement: t_ro33
  step	t_ro33	FROM	TO
     1	6.12633417946e-09	1.47075962926e-09	7.59709380872e-09
     2	5.19634593985e-09	1.24526391369e-09	6.44160985354e-09
     3	4.60051370297e-09	1.10127019533e-09	5.7017838983e-09
     4	8.51287762321e-09	2.04458825842e-09	1.05574658816e-08
     5	7.09399954449e-09	1.70075322714e-09	8.79475277164e-09
     6	6.18999519544e-09	1.48206325889e-09	7.67205845433e-09
     7	1.22651161924e-08	2.94583581925e-09	1.52109520116e-08
     8	1.014397152e-08	2.43225634719e-09	1.25762278672e-08
     9	8.79589395372e-09	2.10647709637e-09	1.09023710501e-08

Measurement: t_ro34
  step	t_ro34	FROM	TO
     1	6.21199685298e-09	1.50033162895e-09	7.71232848194e-09
     2	5.25719241571e-09	1.26609862928e-09	6.52329104499e-09
     3	4.64000138489e-09	1.11540268304e-09	5.75540406792e-09
     4	8.64028898275e-09	2.09002083187e-09	1.07303098146e-08
     5	7.18568252922e-09	1.7326136287e-09	8.91829615792e-09
     6	6.25766067274e-09	1.50628873451e-09	7.76394940725e-09
     7	1.24749581349e-08	3.01849304567e-09	1.54934511806e-08
     8	1.0296543674e-08	2.48443648997e-09	1.27809801639e-08
     9	8.91097449968e-09	2.14667964178e-09	1.10576541415e-08

Measurement: t_ro35
  step	t_ro35	FROM	TO
     1	6.00839156696e-09	1.44477078014e-09	7.4531623471e-09
     2	5.11993544116e-09	1.22768803067e-09	6.34762347183e-09
     3	4.53750989341e-09	1.08777382927e-09	5.62528372268e-09
     4	8.32529017053e-09	2.00297629099e-09	1.03282664615e-08
     5	6.96632456161e-09	1.6732591559e-09	8.63958371751e-09
     6	6.09553499738e-09	1.46221742946e-09	7.55775242683e-09
     7	1.1969615417e-08	2.88089933588e-09	1.48505147529e-08
     8	9.93999783461e-09	2.38834452628e-09	1.23283423609e-08
     9	8.64324759146e-09	2.07437869909e-09	1.07176262905e-08

Measurement: t_ro36
  step	t_ro36	FROM	TO
     1	5.8079999917e-09	1.3934189112e-09	7.2014189029e-09
     2	4.97838361244e-09	1.1931556357e-09	6.17153924814e-09
     3	4.44498252433e-09	1.06396305636e-09	5.50894558069e-09
     4	7.94581709803e-09	1.9068221312e-09	9.85263922923e-09
     5	6.70832478569e-09	1.60812372632e-09	8.31644851201e-09
     6	5.90581200854e-09	1.4142166725e-09	7.32002868104e-09
     7	1.13185053748e-08	2.7161868163e-09	1.40346921911e-08
     8	9.48879971557e-09	2.27474192391e-09	1.17635416395e-08
     9	8.30529298038e-09	1.98928214831e-09	1.02945751287e-08

Measurement: t_ro37
  step	t_ro37	FROM	TO
     1	6.10698266738e-09	1.47802418616e-09	7.58500685353e-09
     2	5.17967034139e-09	1.24740908644e-09	6.42707942783e-09
     3	4.58445717571e-09	1.10208406797e-09	5.68654124368e-09
     4	8.48677193734e-09	2.05895410079e-09	1.05457260381e-08
     5	7.06448765696e-09	1.70561521045e-09	8.77010286741e-09
     6	6.16283571528e-09	1.48424863415e-09	7.64708434943e-09
     7	1.22198151836e-08	2.96713555992e-09	1.51869507435e-08
     8	1.00915668838e-08	2.44109423617e-09	1.253266112e-08
     9	8.74693317885e-09	2.11081937868e-09	1.08577525575e-08

Measurement: t_ro38
  step	t_ro38	FROM	TO
     1	5.79956763846e-09	1.3894549734e-09	7.18902261186e-09
     2	4.95999986453e-09	1.18698755446e-09	6.14698741899e-09
     3	4.43057354431e-09	1.05880869297e-09	5.48938223727e-09
     4	7.93679355952e-09	1.90174429425e-09	9.83853785377e-09
     5	6.69069628136e-09	1.60066053975e-09	8.29135682111e-09
     6	5.88940532661e-09	1.40764697872e-09	7.29705230533e-09
     7	1.12911648915e-08	2.70534705827e-09	1.39965119498e-08
     8	9.45055226426e-09	2.26083584373e-09	1.1711388108e-08
     9	8.2712268657e-09	1.97688464842e-09	1.02481115141e-08

Measurement: t_ro39
  step	t_ro39	FROM	TO
     1	6.2399959096e-09	1.50129650974e-09	7.74129241933e-09
     2	5.26402078088e-09	1.26485669167e-09	6.52887747255e-09
     3	4.64000061213e-09	1.1138823004e-09	5.75388291254e-09
     4	8.75091946345e-09	2.10708642781e-09	1.08580058913e-08
     5	7.24081239215e-09	1.74074113272e-09	8.98155352487e-09
     6	6.29016429589e-09	1.51097554771e-09	7.8011398436e-09
     7	1.26916284949e-08	3.05624413271e-09	1.57478726276e-08
     8	1.04142981384e-08	2.50418718552e-09	1.29184853239e-08
     9	8.98532108833e-09	2.15887339665e-09	1.1144194485e-08

Measurement: t_ro40
  step	t_ro40	FROM	TO
     1	6.07998958424e-09	1.45751533976e-09	7.537504924e-09
     2	5.16625426001e-09	1.23556157879e-09	6.4018158388e-09
     3	4.57622856125e-09	1.09278806242e-09	5.66901662366e-09
     4	8.41866467209e-09	2.01897394443e-09	1.04376386165e-08
     5	7.02941001928e-09	1.68163748837e-09	8.71104750765e-09
     6	6.14092931551e-09	1.46671413035e-09	7.60764344586e-09
     7	1.20993604055e-08	2.90071903283e-09	1.50000794383e-08
     8	1.00270935088e-08	2.39871977777e-09	1.24258132866e-08
     9	8.70613861529e-09	2.07951276611e-09	1.07856513814e-08

Measurement: t_ro41
  step	t_ro41	FROM	TO
     1	5.86544657816e-09	1.41101264624e-09	7.27645922439e-09
     2	5.00581133038e-09	1.20401818568e-09	6.20982951606e-09
     3	4.45322301533e-09	1.07055792558e-09	5.5237809409e-09
     4	8.07353202154e-09	1.94398291245e-09	1.0017514934e-08
     5	6.77538347957e-09	1.63088264095e-09	8.40626612052e-09
     6	5.94390125155e-09	1.43024798187e-09	7.37414923343e-09
     7	1.15535131536e-08	2.7836712581e-09	1.43371844117e-08
     8	9.62258114549e-09	2.31774398279e-09	1.19403251283e-08
     9	8.38938638532e-09	2.01997642656e-09	1.04093628119e-08

Measurement: t_ro42
  step	t_ro42	FROM	TO
     1	5.86983274866e-09	1.40377985064e-09	7.27361259931e-09
     2	5.02220752133e-09	1.19962742696e-09	6.2218349483e-09
     3	4.47193007677e-09	1.06768978453e-09	5.5396198613e-09
     4	8.0539064635e-09	1.92526813945e-09	9.97917460295e-09
     5	6.78204819827e-09	1.61931281655e-09	8.40136101482e-09
     6	5.95996309966e-09	1.42229681454e-09	7.3822599142e-09
     7	1.15012135555e-08	2.74730586103e-09	1.42485194165e-08
     8	9.61597879309e-09	2.29464794811e-09	1.19106267412e-08
     9	8.40083457012e-09	2.003749924e-09	1.04045844941e-08

Measurement: t_ro43
  step	t_ro43	FROM	TO
     1	6.033409261e-09	1.45429844132e-09	7.48770770232e-09
     2	5.11999780309e-09	1.23253525046e-09	6.35253305356e-09
     3	4.54564780548e-09	1.09253971348e-09	5.63818751896e-09
     4	8.35248624025e-09	2.01571239831e-09	1.03681986386e-08
     5	6.97693245315e-09	1.6806358124e-09	8.65756826555e-09
     6	6.09949619361e-09	1.46781699047e-09	7.56731318408e-09
     7	1.2000700333e-08	2.89801475782e-09	1.48987150909e-08
     8	9.94761908308e-09	2.39793742495e-09	1.2345556508e-08
     9	8.64339844057e-09	2.08132800241e-09	1.0724726443e-08

Measurement: t_ro44
  step	t_ro44	FROM	TO
     1	5.99395564577e-09	1.44619879863e-09	7.4401544444e-09
     2	5.11999918197e-09	1.23277848404e-09	6.35277766601e-09
     3	4.52457603956e-09	1.08817007486e-09	5.61274611442e-09
     4	8.30943718884e-09	2.00805317029e-09	1.03174903591e-08
     5	6.94575311593e-09	1.67526982749e-09	8.62102294342e-09
     6	6.07649933536e-09	1.46404750646e-09	7.54054684182e-09
     7	1.19427137202e-08	2.88841870726e-09	1.48311324274e-08
     8	9.90585629753e-09	2.39134610379e-09	1.22972024013e-08
     9	8.61102883305e-09	2.07612306251e-09	1.06871518956e-08

Measurement: t_ro45
  step	t_ro45	FROM	TO
     1	6.08935708793e-09	1.46523714847e-09	7.55459423639e-09
     2	5.16127926573e-09	1.23975807344e-09	6.40103733917e-09
     3	4.56626922159e-09	1.09555256545e-09	5.66182178704e-09
     4	8.50877685334e-09	2.04780846595e-09	1.05565853193e-08
     5	7.07007520747e-09	1.69945444491e-09	8.76952965238e-09
     6	6.16252904217e-09	1.47982367537e-09	7.64235271753e-09
     7	1.22879218443e-08	2.95847604908e-09	1.52463978934e-08
     8	1.01266783938e-08	2.43540934081e-09	1.25620877346e-08
     9	8.7681538405e-09	2.10684668559e-09	1.08750005261e-08

Measurement: t_ro46
  step	t_ro46	FROM	TO
     1	5.99870708388e-09	1.43467395883e-09	7.43338104271e-09
     2	5.11999975782e-09	1.22210834736e-09	6.34210810519e-09
     3	4.52875726523e-09	1.08162894861e-09	5.61038621384e-09
     4	8.28354928416e-09	1.98071664494e-09	1.02642659291e-08
     5	6.93199255777e-09	1.65600080932e-09	8.58799336709e-09
     6	6.0667309436e-09	1.44847976717e-09	7.51521071076e-09
     7	1.18860001013e-08	2.84113330375e-09	1.4727133405e-08
     8	9.87406835213e-09	2.35809356712e-09	1.22321619193e-08
     9	8.58847301577e-09	2.05002621985e-09	1.06384992356e-08

Measurement: t_ro47
  step	t_ro47	FROM	TO
     1	6.51855586166e-09	1.56790684193e-09	8.08646270359e-09
     2	5.44000589877e-09	1.30419576267e-09	6.74420166143e-09
     3	4.76727893286e-09	1.14142348113e-09	5.90870241399e-09
     4	9.27984845299e-09	2.23298959053e-09	1.15128380435e-08
     5	7.58255040735e-09	1.81978819063e-09	9.40233859798e-09
     6	6.53583512483e-09	1.56579052216e-09	8.10162564699e-09
     7	1.35836726625e-08	3.26907349085e-09	1.68527461534e-08
     8	1.1001901432e-08	2.64098088683e-09	1.36428823188e-08
     9	9.4139517696e-09	2.25606284986e-09	1.16700146195e-08

Measurement: t_ro48
  step	t_ro48	FROM	TO
     1	5.86346458573e-09	1.4043299157e-09	7.26779450143e-09
     2	5.01834216916e-09	1.19985497461e-09	6.21819714377e-09
     3	4.47580863755e-09	1.06875765615e-09	5.5445662937e-09
     4	8.02666068263e-09	1.92286178226e-09	9.94952246488e-09
     5	6.75981762544e-09	1.61682559635e-09	8.37664322179e-09
     6	5.94118384211e-09	1.41939188176e-09	7.36057572387e-09
     7	1.14428565531e-08	2.74093565317e-09	1.41837922063e-08
     8	9.56781945285e-09	2.2885093904e-09	1.18563288432e-08
     9	8.35982918478e-09	1.99737164481e-09	1.03572008296e-08

Measurement: t_ro49
  step	t_ro49	FROM	TO
     1	5.91999259278e-09	1.42072467001e-09	7.34071726279e-09
     2	5.029173156e-09	1.20565823443e-09	6.23483139043e-09
     3	4.47605230368e-09	1.07246649853e-09	5.5485188022e-09
     4	8.1875026245e-09	1.96575767714e-09	1.01532603016e-08
     5	6.83811646242e-09	1.64008704884e-09	8.47820351126e-09
     6	5.98852850723e-09	1.43502344209e-09	7.42355194933e-09
     7	1.17448614939e-08	2.82043661786e-09	1.45652981118e-08
     8	9.73196096352e-09	2.33476138034e-09	1.20667223439e-08
     9	8.4698516192e-09	2.03034365564e-09	1.05001952748e-08

Measurement: t_ro50
  step	t_ro50	FROM	TO
     1	5.92000031578e-09	1.41739984856e-09	7.33740016434e-09
     2	5.05751223424e-09	1.20860221487e-09	6.26611444911e-09
     3	4.49354159637e-09	1.07314811245e-09	5.56668970882e-09
     4	8.15922775709e-09	1.95263821767e-09	1.01118659748e-08
     5	6.84265441769e-09	1.63559219392e-09	8.47824661161e-09
     6	6.00015880249e-09	1.43290113609e-09	7.43305993859e-09
     7	1.16660691193e-08	2.79187932662e-09	1.44579484459e-08
     8	9.71166735506e-09	2.32118089171e-09	1.20328482468e-08
     9	8.46395820041e-09	2.02114092701e-09	1.04850991274e-08

Measurement: t_ro51
  step	t_ro51	FROM	TO
     1	6.09111235567e-09	1.46696420331e-09	7.55807655898e-09
     2	5.1761135682e-09	1.24521267339e-09	6.42132624159e-09
     3	4.58483228441e-09	1.10234584164e-09	5.68717812606e-09
     4	8.47320970426e-09	2.04227785714e-09	1.05154875614e-08
     5	7.0701182292e-09	1.7026481991e-09	8.7727664283e-09
     6	6.17291784866e-09	1.4858119238e-09	7.65872977245e-09
     7	1.2211837882e-08	2.94522841827e-09	1.51570663003e-08
     8	1.01140957342e-08	2.43727092156e-09	1.25513666558e-08
     9	8.77550474833e-09	2.11400143397e-09	1.08895061823e-08

Measurement: t_ro52
  step	t_ro52	FROM	TO
     1	6.05284141452e-09	1.45849484017e-09	7.5113362547e-09
     2	5.13806199292e-09	1.23636865552e-09	6.37443064844e-09
     3	4.5556096415e-09	1.09426700646e-09	5.64987664797e-09
     4	8.39797411502e-09	2.02566946891e-09	1.04236435839e-08
     5	7.00999457844e-09	1.68859439831e-09	8.69858897675e-09
     6	6.12460256377e-09	1.47323922631e-09	7.59784179008e-09
     7	1.20867537662e-08	2.91718733038e-09	1.50039410965e-08
     8	1.00130577803e-08	2.41365843538e-09	1.24267162157e-08
     9	8.69411904864e-09	2.0931379144e-09	1.0787256963e-08

Measurement: t_ro53
  step	t_ro53	FROM	TO
     1	6.00706728083e-09	1.43917254254e-09	7.44623982338e-09
     2	5.11183276566e-09	1.22257935315e-09	6.33441211881e-09
     3	4.52864909408e-09	1.08199475802e-09	5.6106438521e-09
     4	8.31976628486e-09	1.99268402116e-09	1.0312450306e-08
     5	6.95197427482e-09	1.66313916507e-09	8.61511343989e-09
     6	6.07991074217e-09	1.45263970534e-09	7.53255044751e-09
     7	1.19548319402e-08	2.86309653465e-09	1.48179284748e-08
     8	9.91310121231e-09	2.37145008292e-09	1.22845512952e-08
     9	8.61592275071e-09	2.05908522258e-09	1.06750079733e-08

Measurement: t_ro54
  step	t_ro54	FROM	TO
     1	5.56928360451e-09	1.3359253988e-09	6.90520900331e-09
     2	4.81699362595e-09	1.15404883701e-09	5.97104246296e-09
     3	4.32004972851e-09	1.03508749056e-09	5.35513721907e-09
     4	7.51347505384e-09	1.80356524791e-09	9.31704030175e-09
     5	6.40377135608e-09	1.53512494374e-09	7.93889629982e-09
     6	5.67814199771e-09	1.36031569438e-09	7.0384576921e-09
     7	1.05845752664e-08	2.54149736111e-09	1.31260726275e-08
     8	8.96333130564e-09	2.14999548473e-09	1.11133267904e-08
     9	7.9047360206e-09	1.89453318568e-09	9.79926920628e-09

Measurement: t_ro55
  step	t_ro55	FROM	TO
     1	5.72260120756e-09	1.3688501393e-09	7.09145134686e-09
     2	4.92934216228e-09	1.17745319055e-09	6.10679535284e-09
     3	4.40001722082e-09	1.05085946745e-09	5.45087668826e-09
     4	7.79123002842e-09	1.8636880162e-09	9.65491804462e-09
     5	6.60580852556e-09	1.57794600352e-09	8.18375452908e-09
     6	5.83155710568e-09	1.39203282265e-09	7.22358992833e-09
     7	1.10592154415e-08	2.64462222273e-09	1.37038376642e-08
     8	9.31366890189e-09	2.22426710378e-09	1.15379360057e-08
     9	8.17598358415e-09	1.95125390118e-09	1.01272374853e-08

Measurement: t_ro56
  step	t_ro56	FROM	TO
     1	5.99993076922e-09	1.43815798416e-09	7.43808875338e-09
     2	5.10982023261e-09	1.22291552683e-09	6.33273575944e-09
     3	4.53407520555e-09	1.08437515915e-09	5.6184503647e-09
     4	8.27120050396e-09	1.9820302917e-09	1.02532307957e-08
     5	6.92695756261e-09	1.65781994433e-09	8.58477750694e-09
     6	6.06528944491e-09	1.45052387181e-09	7.51581331673e-09
     7	1.18535892486e-08	2.83917818785e-09	1.46927674364e-08
     8	9.85389934123e-09	2.35772285451e-09	1.22116221957e-08
     9	8.57512893195e-09	2.05040604587e-09	1.06255349778e-08

Measurement: t_ro57
  step	t_ro57	FROM	TO
     1	5.99633721662e-09	1.43698264535e-09	7.43331986197e-09
     2	5.10189204449e-09	1.22098859097e-09	6.32288063546e-09
     3	4.52634188941e-09	1.08255028561e-09	5.60889217502e-09
     4	8.29991283799e-09	1.98914527889e-09	1.02890581169e-08
     5	6.93959362307e-09	1.66065465234e-09	8.60024827542e-09
     6	6.07336357502e-09	1.45224937755e-09	7.52561295257e-09
     7	1.19101718469e-08	2.85392906596e-09	1.47641009128e-08
     8	9.88331160342e-09	2.36483176871e-09	1.22481433721e-08
     9	8.59401704931e-09	2.05492380001e-09	1.06489408493e-08

Measurement: t_ro58
  step	t_ro58	FROM	TO
     1	6.10751097769e-09	1.46256281735e-09	7.57007379504e-09
     2	5.17316910878e-09	1.2372062523e-09	6.41037536108e-09
     3	4.5774450832e-09	1.09404902098e-09	5.67149410418e-09
     4	8.5149317962e-09	2.03878126779e-09	1.0553713064e-08
     5	7.08186967825e-09	1.69373842155e-09	8.77560809979e-09
     6	6.17521879682e-09	1.47588425088e-09	7.6511030477e-09
     7	1.22849224563e-08	2.94078800016e-09	1.52257104565e-08
     8	1.01361277969e-08	2.42387385777e-09	1.25600016547e-08
     9	8.78024100827e-09	2.09817319294e-09	1.08784142012e-08

Measurement: t_ro59
  step	t_ro59	FROM	TO
     1	6.08000536057e-09	1.45642071744e-09	7.53642607802e-09
     2	5.13995787106e-09	1.2300226993e-09	6.36998057036e-09
     3	4.56009327509e-09	1.09088900983e-09	5.65098228492e-09
     4	8.42615245829e-09	2.02015985686e-09	1.04463123152e-08
     5	7.02219167565e-09	1.68108371789e-09	8.70327539355e-09
     6	6.13113013663e-09	1.4664685524e-09	7.59759868903e-09
     7	1.21242076767e-08	2.90648821107e-09	1.50306958877e-08
     8	1.00272464782e-08	2.40043150053e-09	1.24276779787e-08
     9	8.700440704e-09	2.08094581458e-09	1.07813865186e-08

Measurement: t_ro60
  step	t_ro60	FROM	TO
     1	6.02602962806e-09	1.45263253776e-09	7.47866216582e-09
     2	5.10643271452e-09	1.23103366549e-09	6.33746638001e-09
     3	4.51465886767e-09	1.08877520036e-09	5.60343406803e-09
     4	8.39785809874e-09	2.02668871873e-09	1.04245468175e-08
     5	6.96797581899e-09	1.68177954352e-09	8.64975536251e-09
     6	6.07698337228e-09	1.46680407234e-09	7.54378744463e-09
     7	1.21088777731e-08	2.92517081203e-09	1.50340485851e-08
     8	9.95880282922e-09	2.40563283545e-09	1.23644356647e-08
     9	8.62484054549e-09	2.08345481423e-09	1.07082953597e-08

Measurement: t_ro61
  step	t_ro61	FROM	TO
     1	6.14108323311e-09	1.46953194419e-09	7.6106151773e-09
     2	5.19555285413e-09	1.2416189268e-09	6.43717178093e-09
     3	4.59389455479e-09	1.09739590575e-09	5.69129046054e-09
     4	8.59463803447e-09	2.0562600153e-09	1.06508980498e-08
     5	7.13542630289e-09	1.70502928935e-09	8.84045559224e-09
     6	6.21387503337e-09	1.48401594592e-09	7.69789097929e-09
     7	1.24287011737e-08	2.97241545061e-09	1.54011166243e-08
     8	1.02349913554e-08	2.44490045606e-09	1.26798918115e-08
     9	8.85319355889e-09	2.11385011196e-09	1.09670436709e-08

Measurement: t_ro62
  step	t_ro62	FROM	TO
     1	5.97895555141e-09	1.43482621838e-09	7.41378176978e-09
     2	5.09232379019e-09	1.21963747268e-09	6.31196126286e-09
     3	4.51857183185e-09	1.08120831378e-09	5.59978014562e-09
     4	8.27044803806e-09	1.98546515655e-09	1.02559131946e-08
     5	6.92189630064e-09	1.65884080451e-09	8.58073710515e-09
     6	6.05975492406e-09	1.45048073397e-09	7.51023565803e-09
     7	1.1874433672e-08	2.85078470334e-09	1.47252183754e-08
     8	9.86491367309e-09	2.36450030108e-09	1.22294139742e-08
     9	8.58298032341e-09	2.05466676246e-09	1.06376470859e-08

Measurement: t_ro63
  step	t_ro63	FROM	TO
     1	5.76004992404e-09	1.38096149017e-09	7.14101141421e-09
     2	4.96000007962e-09	1.18472241208e-09	6.1447224917e-09
     3	4.41112269948e-09	1.05407971257e-09	5.46520241205e-09
     4	7.91673621889e-09	1.89558286601e-09	9.8123190849e-09
     5	6.66862437635e-09	1.59474249425e-09	8.26336687061e-09
     6	5.87065524788e-09	1.40290477906e-09	7.27356002693e-09
     7	1.12852123573e-08	2.70156757795e-09	1.39867799353e-08
     8	9.43525009133e-09	2.2558977542e-09	1.16911478455e-08
     9	8.25593825546e-09	1.97252973251e-09	1.0228467988e-08

Measurement: t_ro64
  step	t_ro64	FROM	TO
     1	5.9199997356e-09	1.41730705588e-09	7.33730679148e-09
     2	5.05872330501e-09	1.20978189556e-09	6.26850520056e-09
     3	4.49371933779e-09	1.07367869391e-09	5.5673980317e-09
     4	8.16247698567e-09	1.95524465241e-09	1.01177216381e-08
     5	6.85048850259e-09	1.63829116926e-09	8.48877967185e-09
     6	6.00707242681e-09	1.43559631355e-09	7.44266874036e-09
     7	1.16914034513e-08	2.79972192577e-09	1.44911253771e-08
     8	9.73646319279e-09	2.32833859062e-09	1.20648017834e-08
     9	8.48516460081e-09	2.02757019346e-09	1.05127347943e-08

Measurement: t_ro65
  step	t_ro65	FROM	TO
     1	5.97680498812e-09	1.43551915403e-09	7.41232414215e-09
     2	5.08725661662e-09	1.22033969525e-09	6.30759631187e-09
     3	4.51471786907e-09	1.08167177778e-09	5.59638964686e-09
     4	8.26470120855e-09	1.98596998953e-09	1.02506711981e-08
     5	6.91356488234e-09	1.65937822413e-09	8.57294310647e-09
     6	6.05114110989e-09	1.45093182598e-09	7.50207293587e-09
     7	1.18627237752e-08	2.85113913016e-09	1.47138629053e-08
     8	9.84909210766e-09	2.36476233721e-09	1.22138544449e-08
     9	8.5665181656e-09	2.05505376597e-09	1.06215719316e-08

Measurement: t_ro66
  step	t_ro66	FROM	TO
     1	5.8147792684e-09	1.39340019016e-09	7.20817945857e-09
     2	4.98214620778e-09	1.19106044485e-09	6.17320665263e-09
     3	4.44383953453e-09	1.06132676861e-09	5.50516630314e-09
     4	7.95544914761e-09	1.9064468885e-09	9.86189603611e-09
     5	6.71105293036e-09	1.60541230394e-09	8.3164652343e-09
     6	5.90502212742e-09	1.41073927394e-09	7.31576140136e-09
     7	1.13375279567e-08	2.71664029278e-09	1.40541682495e-08
     8	9.49687397343e-09	2.27191121185e-09	1.17687851853e-08
     9	8.30775302532e-09	1.98495164735e-09	1.02927046727e-08

Measurement: t_ro67
  step	t_ro67	FROM	TO
     1	6.0800018129e-09	1.45621558343e-09	7.53621739633e-09
     2	5.14739781467e-09	1.23192154847e-09	6.37931936314e-09
     3	4.55185620884e-09	1.08893014289e-09	5.64078635173e-09
     4	8.50145126415e-09	2.03623732364e-09	1.05376885878e-08
     5	7.05200431274e-09	1.68759010699e-09	8.73959441973e-09
     6	6.14287995141e-09	1.46935718223e-09	7.61223713364e-09
     7	1.2274200187e-08	2.93859009527e-09	1.52127902823e-08
     8	1.0094253217e-08	2.41487199155e-09	1.25091252085e-08
     9	8.73187296802e-09	2.08803720331e-09	1.08199101713e-08

Measurement: t_ro68
  step	t_ro68	FROM	TO
     1	5.97392019607e-09	1.4381450578e-09	7.41206525387e-09
     2	5.07818092068e-09	1.2202158514e-09	6.29839677208e-09
     3	4.50507434758e-09	1.08140775723e-09	5.58648210481e-09
     4	8.28438880685e-09	1.99735404276e-09	1.02817428496e-08
     5	6.91215826672e-09	1.66287507749e-09	8.57503334421e-09
     6	6.04579826638e-09	1.45292032841e-09	7.4987185948e-09
     7	1.18957677704e-08	2.87144705745e-09	1.47672148279e-08
     8	9.84525901245e-09	2.37107857232e-09	1.22163375848e-08
     9	8.55457963028e-09	2.05817966909e-09	1.06127592994e-08

Measurement: t_ro69
  step	t_ro69	FROM	TO
     1	5.76000485711e-09	1.3713210761e-09	7.1313259332e-09
     2	4.96000008099e-09	1.18142624404e-09	6.14142632504e-09
     3	4.41737434066e-09	1.05235434587e-09	5.46972868653e-09
     4	7.89209582082e-09	1.87813463449e-09	9.77023045532e-09
     5	6.66581764848e-09	1.58675420667e-09	8.25257185515e-09
     6	5.87261110347e-09	1.39811436399e-09	7.27072546746e-09
     7	1.12313732818e-08	2.67110848369e-09	1.39024817655e-08
     8	9.41715131472e-09	2.2403156838e-09	1.16574669985e-08
     9	8.24742036669e-09	1.9624266357e-09	1.02098470024e-08

Measurement: t_ro70
  step	t_ro70	FROM	TO
     1	5.88151836705e-09	1.41357508933e-09	7.29509345638e-09
     2	5.01795759756e-09	1.20468268353e-09	6.22264028109e-09
     3	4.46499331161e-09	1.07074882552e-09	5.53574213713e-09
     4	8.13011973705e-09	1.95523340658e-09	1.00853531436e-08
     5	6.81760401029e-09	1.63816017834e-09	8.45576418864e-09
     6	5.97860748129e-09	1.43548853645e-09	7.41409601774e-09
     7	1.16538996432e-08	2.80373425951e-09	1.44576339027e-08
     8	9.69765482452e-09	2.33161309136e-09	1.20292679159e-08
     9	8.45071100956e-09	2.03106944326e-09	1.04817804528e-08

Measurement: t_ro71
  step	t_ro71	FROM	TO
     1	6.02865835559e-09	1.44616314382e-09	7.47482149942e-09
     2	5.11999882427e-09	1.2253296768e-09	6.34532850108e-09
     3	4.53961784994e-09	1.08629594075e-09	5.62591379069e-09
     4	8.36647768001e-09	2.00704869542e-09	1.03735263754e-08
     5	6.98259111739e-09	1.67246344041e-09	8.65505455781e-09
     6	6.10310408245e-09	1.46052039852e-09	7.56362448098e-09
     7	1.2028026997e-08	2.88497824391e-09	1.49130052409e-08
     8	9.96121205248e-09	2.38579641165e-09	1.23470084641e-08
     9	8.65192583368e-09	2.07029486043e-09	1.07222206941e-08

Measurement: t_ro72
  step	t_ro72	FROM	TO
     1	5.5999999088e-09	1.34061209505e-09	6.94061200385e-09
     2	4.83095178057e-09	1.15659186026e-09	5.98754364083e-09
     3	4.32577492831e-09	1.03553335953e-09	5.36130828783e-09
     4	7.58236593007e-09	1.81660754936e-09	9.39897347943e-09
     5	6.45297774583e-09	1.54527118736e-09	7.99824893319e-09
     6	5.71378630918e-09	1.36839950877e-09	7.08218581795e-09
     7	1.07224034119e-08	2.56887148948e-09	1.32912749014e-08
     8	9.06380900374e-09	2.17059992358e-09	1.12344089273e-08
     9	7.98093834944e-09	1.91170828472e-09	9.89264663415e-09

Measurement: t_ro73
  step	t_ro73	FROM	TO
     1	6.04397246715e-09	1.44609936689e-09	7.49007183404e-09
     2	5.11999968996e-09	1.22455590914e-09	6.3445555991e-09
     3	4.54694558833e-09	1.0856372867e-09	5.63258287503e-09
     4	8.36677444461e-09	2.00132081303e-09	1.03680952576e-08
     5	6.98043020227e-09	1.66784263589e-09	8.64827283817e-09
     6	6.09992502173e-09	1.45632166227e-09	7.55624668399e-09
     7	1.20261898563e-08	2.87593014993e-09	1.49021200062e-08
     8	9.9559227175e-09	2.37838471507e-09	1.23343074326e-08
     9	8.64462256298e-09	2.06366336536e-09	1.07082859283e-08

Measurement: t_ro74
  step	t_ro74	FROM	TO
     1	5.82686273349e-09	1.39251297405e-09	7.21937570754e-09
     2	4.98794869794e-09	1.19143251709e-09	6.17938121504e-09
     3	4.44215051715e-09	1.06092001522e-09	5.50307053237e-09
     4	7.99336948434e-09	1.91006511033e-09	9.90343459467e-09
     5	6.72994807007e-09	1.60687010855e-09	8.33681817862e-09
     6	5.91751898158e-09	1.41246296894e-09	7.32998195053e-09
     7	1.14060477303e-08	2.72413107248e-09	1.41301788028e-08
     8	9.53525415562e-09	2.27602312742e-09	1.1811277283e-08
     9	8.33248285342e-09	1.98846357787e-09	1.03209464313e-08

Measurement: t_ro75
  step	t_ro75	FROM	TO
     1	6.05235076019e-09	1.45660781388e-09	7.50895857407e-09
     2	5.14189762381e-09	1.23477127454e-09	6.37666889835e-09
     3	4.55981677306e-09	1.09307488049e-09	5.65289165355e-09
     4	8.3690844008e-09	2.01654933962e-09	1.03856337404e-08
     5	6.99633373955e-09	1.6822574364e-09	8.67859117595e-09
     6	6.11689603674e-09	1.46844594516e-09	7.5853419819e-09
     7	1.20243852177e-08	2.89874478242e-09	1.49231300001e-08
     8	9.97814378156e-09	2.40072674461e-09	1.23788705262e-08
     9	8.67075305723e-09	2.08287832711e-09	1.07536313843e-08

Measurement: t_ro76
  step	t_ro76	FROM	TO
     1	5.78759651989e-09	1.39026147172e-09	7.17785799162e-09
     2	4.96000010653e-09	1.18886403619e-09	6.14886414272e-09
     3	4.42855027846e-09	1.06078267789e-09	5.48933295635e-09
     4	7.92984850018e-09	1.90558001243e-09	9.83542851261e-09
     5	6.68923784706e-09	1.60461254927e-09	8.29385039633e-09
     6	5.88842482474e-09	1.41087678556e-09	7.2993016103e-09
     7	1.12972194305e-08	2.71502050526e-09	1.40122399358e-08
     8	9.46027820834e-09	2.26971570496e-09	1.17299939133e-08
     9	8.27818657267e-09	1.9837678013e-09	1.0261954374e-08

Measurement: t_ro77
  step	t_ro77	FROM	TO
     1	6.36023346448e-09	1.52156981317e-09	7.88180327765e-09
     2	5.34952952448e-09	1.27715441265e-09	6.62668393714e-09
     3	4.70698057403e-09	1.12304994805e-09	5.83003052208e-09
     4	8.94341454051e-09	2.13846418569e-09	1.10818787262e-08
     5	7.38160269472e-09	1.76205500717e-09	9.1436577019e-09
     6	6.39975221388e-09	1.52602799159e-09	7.92578020548e-09
     7	1.30005811521e-08	3.10630412497e-09	1.6106885277e-08
     8	1.06432702885e-08	2.53967277895e-09	1.31829430674e-08
     9	9.1640025005e-09	2.18514001345e-09	1.13491425139e-08

Measurement: t_ro78
  step	t_ro78	FROM	TO
     1	5.85012922638e-09	1.40797668451e-09	7.25810591089e-09
     2	5.00803789109e-09	1.20332565652e-09	6.21136354761e-09
     3	4.4607757151e-09	1.07046576948e-09	5.53124148459e-09
     4	8.02925996663e-09	1.93385616966e-09	9.96311613629e-09
     5	6.76454125041e-09	1.62657083461e-09	8.39111208502e-09
     6	5.94700526788e-09	1.42848719947e-09	7.37549246735e-09
     7	1.1456961255e-08	2.7606446873e-09	1.42176059423e-08
     8	9.58372795092e-09	2.30578177202e-09	1.18895097229e-08
     9	8.37624882304e-09	2.01326240437e-09	1.03895112274e-08

Measurement: t_ro79
  step	t_ro79	FROM	TO
     1	5.61503078329e-09	1.34836852807e-09	6.96339931137e-09
     2	4.84939356898e-09	1.16338322037e-09	6.01277678935e-09
     3	4.3426790324e-09	1.0411011023e-09	5.3837801347e-09
     4	7.59160369873e-09	1.8239129839e-09	9.41551668263e-09
     5	6.46022930817e-09	1.55069442585e-09	8.01092373402e-09
     6	5.71867755446e-09	1.3717658177e-09	7.09044337216e-09
     7	1.07177894591e-08	2.5753340961e-09	1.32931235552e-08
     8	9.06115420384e-09	2.1756857675e-09	1.12368399713e-08
     9	7.97808777011e-09	1.91453566371e-09	9.89262343382e-09

Measurement: t_ro80
  step	t_ro80	FROM	TO
     1	5.94567084219e-09	1.43005801371e-09	7.37572885589e-09
     2	5.05810436064e-09	1.2153821888e-09	6.27348654944e-09
     3	4.48000823243e-09	1.07621998772e-09	5.55622822015e-09
     4	8.23619346717e-09	1.98236161416e-09	1.02185550813e-08
     5	6.87986669871e-09	1.65422586216e-09	8.53409256087e-09
     6	6.02289082566e-09	1.44717896244e-09	7.4700697881e-09
     7	1.18353659767e-08	2.84996083953e-09	1.46853268162e-08
     8	9.81258162849e-09	2.36095556419e-09	1.21735371927e-08
     9	8.53047118166e-09	2.05085846053e-09	1.05813296422e-08

Measurement: t_ro81
  step	t_ro81	FROM	TO
     1	6.08000503716e-09	1.44933665271e-09	7.52934168987e-09
     2	5.15880146563e-09	1.22952766083e-09	6.38832912646e-09
     3	4.56970560347e-09	1.08907738705e-09	5.65878299052e-09
     4	8.40411311396e-09	2.00334571146e-09	1.04074588254e-08
     5	7.01262684331e-09	1.6707300916e-09	8.68335693491e-09
     6	6.12502603223e-09	1.45886352126e-09	7.58388955349e-09
     7	1.20764292199e-08	2.87641350159e-09	1.49528427215e-08
     8	9.99950634329e-09	2.38086611236e-09	1.23803724556e-08
     9	8.67951566859e-09	2.06611907563e-09	1.07456347442e-08

Measurement: t_ro82
  step	t_ro82	FROM	TO
     1	5.88511845004e-09	1.40910909817e-09	7.29422754821e-09
     2	5.02458886861e-09	1.20143818853e-09	6.22602705714e-09
     3	4.47447891396e-09	1.06966774612e-09	5.54414666008e-09
     4	8.0895695235e-09	1.93694868126e-09	1.00265182048e-08
     5	6.79842046869e-09	1.62585316901e-09	8.4242736377e-09
     6	5.96777564391e-09	1.42623531106e-09	7.39401095496e-09
     7	1.15681329574e-08	2.76927304098e-09	1.43374059984e-08
     8	9.65043547903e-09	2.30761110671e-09	1.19580465857e-08
     9	8.42017018886e-09	2.01205582082e-09	1.04322260097e-08

Measurement: t_ro83
  step	t_ro83	FROM	TO
     1	5.81740246449e-09	1.40893019687e-09	7.22633266136e-09
     2	4.97816165281e-09	1.19788856297e-09	6.17605021578e-09
     3	4.44073470478e-09	1.0654952376e-09	5.50622994237e-09
     4	7.99172611884e-09	1.94127655916e-09	9.933002678e-09
     5	6.73023427409e-09	1.62515989178e-09	8.35539416587e-09
     6	5.91895024283e-09	1.42481881708e-09	7.34376905991e-09
     7	1.14068650219e-08	2.77495593119e-09	1.41818209531e-08
     8	9.53420659618e-09	2.30584383616e-09	1.18400504323e-08
     9	8.33269337518e-09	2.00986011636e-09	1.03425534915e-08

Measurement: t_ro84
  step	t_ro84	FROM	TO
     1	6.22787475588e-09	1.49838874778e-09	7.72626350366e-09
     2	5.26277554613e-09	1.26456111477e-09	6.5273366609e-09
     3	4.63999429122e-09	1.11408387882e-09	5.75407817003e-09
     4	8.71980666877e-09	2.09890257234e-09	1.08187092411e-08
     5	7.22379365908e-09	1.73688481557e-09	8.96067847464e-09
     6	6.28054734732e-09	1.50904423206e-09	7.78959157938e-09
     7	1.26194133758e-08	3.03802678362e-09	1.56574401595e-08
     8	1.03711960659e-08	2.49429259935e-09	1.28654886652e-08
     9	8.95784471175e-09	2.15341191362e-09	1.11112566254e-08

Measurement: t_ro85
  step	t_ro85	FROM	TO
     1	6.11853179339e-09	1.46657619541e-09	7.5851079888e-09
     2	5.18407824097e-09	1.24093195183e-09	6.4250101928e-09
     3	4.58815980979e-09	1.09692328455e-09	5.68508309434e-09
     4	8.51721287592e-09	2.04180231825e-09	1.05590151942e-08
     5	7.09134464259e-09	1.69761973612e-09	8.78896437871e-09
     6	6.18327358579e-09	1.4786275452e-09	7.66190113099e-09
     7	1.22954859579e-08	2.94715194302e-09	1.5242637901e-08
     8	1.01585377002e-08	2.4317717006e-09	1.25903094008e-08
     9	8.80069730467e-09	2.10462666329e-09	1.0905323968e-08

Measurement: t_ro86
  step	t_ro86	FROM	TO
     1	6.32175085175e-09	1.51478791443e-09	7.83653876618e-09
     2	5.30704130018e-09	1.27024951965e-09	6.57729081983e-09
     3	4.67166357589e-09	1.11760963581e-09	5.7892732117e-09
     4	8.87077542196e-09	2.12537161199e-09	1.09961470339e-08
     5	7.30279884382e-09	1.74745555587e-09	9.05025439969e-09
     6	6.3289222146e-09	1.51356361732e-09	7.84248583192e-09
     7	1.28630513635e-08	3.0809395191e-09	1.59439908826e-08
     8	1.05008749882e-08	2.51197124955e-09	1.30128462377e-08
     9	9.03878588751e-09	2.16109301944e-09	1.11998789069e-08

Measurement: t_ro87
  step	t_ro87	FROM	TO
     1	5.63367813766e-09	1.347485976e-09	6.98116411366e-09
     2	4.85770999304e-09	1.16064543414e-09	6.01835542718e-09
     3	4.35017663207e-09	1.03913220035e-09	5.38930883242e-09
     4	7.6544742594e-09	1.83058971438e-09	9.48506397379e-09
     5	6.50184543867e-09	1.55340429444e-09	8.05524973311e-09
     6	5.74956357688e-09	1.37294021639e-09	7.12250379327e-09
     7	1.08481339306e-08	2.59357878793e-09	1.34417127186e-08
     8	9.15201678702e-09	2.18597532575e-09	1.13379921128e-08
     9	8.04742941796e-09	1.92119202311e-09	9.96862144107e-09

Measurement: t_ro88
  step	t_ro88	FROM	TO
     1	6.14260490145e-09	1.47327207486e-09	7.61587697631e-09
     2	5.19983424984e-09	1.24521496281e-09	6.44504921266e-09
     3	4.59497299238e-09	1.10074808955e-09	5.69572108193e-09
     4	8.55240600366e-09	2.05127808834e-09	1.0603684092e-08
     5	7.10324000987e-09	1.70167891625e-09	8.80491892612e-09
     6	6.19007579133e-09	1.48239438992e-09	7.67247018125e-09
     7	1.23244180695e-08	2.95547304959e-09	1.52798911191e-08
     8	1.01539441422e-08	2.43219409111e-09	1.25861382333e-08
     9	8.79066320736e-09	2.10488542727e-09	1.08955486346e-08

Measurement: t_ro89
  step	t_ro89	FROM	TO
     1	6.07426488527e-09	1.46136149993e-09	7.5356263852e-09
     2	5.15104358848e-09	1.23644412448e-09	6.38748771296e-09
     3	4.56254569366e-09	1.09329627049e-09	5.65584196415e-09
     4	8.44569539893e-09	2.03277736343e-09	1.04784727624e-08
     5	7.03988989323e-09	1.69116004692e-09	8.73104994015e-09
     6	6.14261821093e-09	1.47334994206e-09	7.61596815299e-09
     7	1.21670183117e-08	2.92922130173e-09	1.50962396135e-08
     8	1.00561138802e-08	2.41673903943e-09	1.24728529196e-08
     9	8.72163590834e-09	2.09299082113e-09	1.08146267295e-08

Measurement: t_ro90
  step	t_ro90	FROM	TO
     1	6.28763992293e-09	1.50971860208e-09	7.79735852501e-09
     2	5.28847734902e-09	1.2674736906e-09	6.55595103962e-09
     3	4.65946425298e-09	1.11534596787e-09	5.77481022085e-09
     4	8.82447636143e-09	2.11944312875e-09	1.09439194902e-08
     5	7.28586895307e-09	1.74702638641e-09	9.03289533948e-09
     6	6.32086154983e-09	1.51364192494e-09	7.83450347477e-09
     7	1.28058023743e-08	3.07540070904e-09	1.58812030833e-08
     8	1.04868058373e-08	2.51467804787e-09	1.30014838852e-08
     9	9.03648908092e-09	2.16453529388e-09	1.12010243748e-08

Measurement: t_ro91
  step	t_ro91	FROM	TO
     1	6.20688368366e-09	1.49488281822e-09	7.70176650188e-09
     2	5.23315815341e-09	1.25852880601e-09	6.49168695942e-09
     3	4.60857245682e-09	1.1080613555e-09	5.71663381232e-09
     4	8.70267896505e-09	2.09826882691e-09	1.0800947792e-08
     5	7.18425243335e-09	1.7302556208e-09	8.91450805415e-09
     6	6.2394569351e-09	1.50097369715e-09	7.74043063225e-09
     7	1.26097678736e-08	3.04216564066e-09	1.56519335142e-08
     8	1.03194529884e-08	2.48692364019e-09	1.28063766286e-08
     9	8.89700159675e-09	2.14322799416e-09	1.10402295909e-08

Measurement: t_ro92
  step	t_ro92	FROM	TO
     1	6.19224238466e-09	1.47835874213e-09	7.67060112679e-09
     2	5.23080742995e-09	1.24763756008e-09	6.47844499003e-09
     3	4.61916001344e-09	1.10086004599e-09	5.72002005943e-09
     4	8.65904065197e-09	2.066619556e-09	1.0725660208e-08
     5	7.17182142997e-09	1.70992678526e-09	8.88174821523e-09
     6	6.24001123989e-09	1.48739300632e-09	7.7274042462e-09
     7	1.25256546339e-08	2.98843916621e-09	1.55140938001e-08
     8	1.02869990555e-08	2.45216147253e-09	1.27391605281e-08
     9	8.88583775083e-09	2.11717672091e-09	1.10030144717e-08

Measurement: t_ro93
  step	t_ro93	FROM	TO
     1	6.3230559463e-09	1.51491551585e-09	7.83797146215e-09
     2	5.32050540706e-09	1.27283128886e-09	6.59333669592e-09
     3	4.6855214972e-09	1.11972303206e-09	5.80524452926e-09
     4	8.86847295006e-09	2.12475557829e-09	1.09932285284e-08
     5	7.32541048231e-09	1.75232275662e-09	9.07773323893e-09
     6	6.35542565652e-09	1.5187279247e-09	7.87415358121e-09
     7	1.28668266045e-08	3.08185926473e-09	1.59486858692e-08
     8	1.05450439834e-08	2.52201460404e-09	1.30670585874e-08
     9	9.08873020204e-09	2.17165288267e-09	1.12603830847e-08

Measurement: t_ro94
  step	t_ro94	FROM	TO
     1	6.3719371132e-09	1.53152065843e-09	7.90345777163e-09
     2	5.35769436295e-09	1.284646344e-09	6.64234070695e-09
     3	4.71408309327e-09	1.12912968272e-09	5.84321277599e-09
     4	8.95189658897e-09	2.15263499795e-09	1.11045315869e-08
     5	7.38466064695e-09	1.7716325663e-09	9.15629321326e-09
     6	6.40001626935e-09	1.53374184333e-09	7.93375811268e-09
     7	1.30015679019e-08	3.12589528795e-09	1.61274631898e-08
     8	1.06399131756e-08	2.55275017124e-09	1.31926633468e-08
     9	9.15991860098e-09	2.19578159371e-09	1.13557001947e-08

Measurement: t_ro95
  step	t_ro95	FROM	TO
     1	5.81207458774e-09	1.39539722593e-09	7.20747181367e-09
     2	4.96789187696e-09	1.19141716308e-09	6.15930904003e-09
     3	4.44327030274e-09	1.06525706282e-09	5.50852736556e-09
     4	7.94125298026e-09	1.90727614501e-09	9.84852912528e-09
     5	6.70472547789e-09	1.60844447871e-09	8.3131699566e-09
     6	5.9026270777e-09	1.4154192131e-09	7.3180462908e-09
     7	1.13050871352e-08	2.71551975046e-09	1.40206068856e-08
     8	9.47876735143e-09	2.27429165379e-09	1.17530590052e-08
     9	8.29783417202e-09	1.98990367732e-09	1.02877378493e-08

Measurement: t_ro96
  step	t_ro96	FROM	TO
     1	6.51780631064e-09	1.56616113243e-09	8.08396744307e-09
     2	5.44000820603e-09	1.30562957099e-09	6.74563777702e-09
     3	4.78419607882e-09	1.14590788331e-09	5.93010396213e-09
     4	9.24881284764e-09	2.22322531307e-09	1.14720381607e-08
     5	7.57541424013e-09	1.81725435752e-09	9.39266859765e-09
     6	6.5345655629e-09	1.56526291548e-09	8.09982847838e-09
     7	1.35346958413e-08	3.2532146017e-09	1.6787910443e-08
     8	1.09910165151e-08	2.63666404165e-09	1.36276805567e-08
     9	9.41413270036e-09	2.25528549674e-09	1.16694181971e-08

Measurement: t_ro97
  step	t_ro97	FROM	TO
     1	6.20041654944e-09	1.49925215836e-09	7.6996687078e-09
     2	5.23055820608e-09	1.26308455864e-09	6.49364276473e-09
     3	4.61558236742e-09	1.113344957e-09	5.72892732442e-09
     4	8.66853193357e-09	2.09876910579e-09	1.07673010394e-08
     5	7.17102782091e-09	1.73360340581e-09	8.90463122672e-09
     6	6.23592137597e-09	1.50591114564e-09	7.74183252161e-09
     7	1.25246814926e-08	3.03470859887e-09	1.55593900915e-08
     8	1.02776401672e-08	2.48657842343e-09	1.27642185906e-08
     9	8.87895195172e-09	2.14621209871e-09	1.10251640504e-08

Measurement: t_ro98
  step	t_ro98	FROM	TO
     1	5.80706587772e-09	1.39477123611e-09	7.20183711383e-09
     2	4.97498951052e-09	1.19192196342e-09	6.16691147394e-09
     3	4.43468433164e-09	1.060563875e-09	5.49524820664e-09
     4	7.96628411103e-09	1.91471519957e-09	9.8809993106e-09
     5	6.7121672877e-09	1.60961104327e-09	8.32177833097e-09
     6	5.90153187614e-09	1.41255806391e-09	7.31408994005e-09
     7	1.13645557803e-08	2.73242421609e-09	1.40969799963e-08
     8	9.50170730584e-09	2.27974280641e-09	1.17814501123e-08
     9	8.30527235004e-09	1.98954994727e-09	1.02948222973e-08

Measurement: t_ro99
  step	t_ro99	FROM	TO
     1	5.97924611766e-09	1.44844347682e-09	7.42768959448e-09
     2	5.09155068694e-09	1.23191740048e-09	6.32346808743e-09
     3	4.50616376387e-09	1.08903212707e-09	5.59519589094e-09
     4	8.29211159536e-09	2.01113193571e-09	1.03032435311e-08
     5	6.92283060516e-09	1.67664406969e-09	8.59947467485e-09
     6	6.0536649477e-09	1.4647365645e-09	7.5184015122e-09
     7	1.19217174738e-08	2.89375162226e-09	1.48154690961e-08
     8	9.87351970911e-09	2.39324324587e-09	1.2266762955e-08
     9	8.57695594937e-09	2.07704302587e-09	1.06539989752e-08

Measurement: t_ro100
  step	t_ro100	FROM	TO
     1	5.87714822049e-09	1.41774257406e-09	7.29489079455e-09
     2	5.02655602628e-09	1.21171128575e-09	6.23826731204e-09
     3	4.47999243207e-09	1.07924172489e-09	5.55923415696e-09
     4	8.08084301727e-09	1.95223046385e-09	1.00330734811e-08
     5	6.79575206431e-09	1.64004292711e-09	8.43579499142e-09
     6	5.96850848248e-09	1.43961897337e-09	7.40812745586e-09
     7	1.15522984071e-08	2.79342441411e-09	1.43457228212e-08
     8	9.64461886083e-09	2.32929729414e-09	1.1973916155e-08
     9	8.41944401757e-09	2.03238389039e-09	1.0451827908e-08

Measurement: t_ro101
  step	t_ro101	FROM	TO
     1	5.97574659772e-09	1.44335572834e-09	7.41910232606e-09
     2	5.10081551142e-09	1.22871051379e-09	6.32952602521e-09
     3	4.52349199236e-09	1.08810565415e-09	5.61159764651e-09
     4	8.24830595645e-09	1.99521479785e-09	1.02435207543e-08
     5	6.91268546834e-09	1.66745965549e-09	8.58014512382e-09
     6	6.05621408053e-09	1.45881464186e-09	7.5150287224e-09
     7	1.1823929731e-08	2.86203828085e-09	1.46859680119e-08
     8	9.83488505858e-09	2.37417474897e-09	1.22090598075e-08
     9	8.56289915922e-09	2.06442058644e-09	1.06273197457e-08

Measurement: t_ro102
  step	t_ro102	FROM	TO
     1	6.08433053532e-09	1.46269146922e-09	7.54702200455e-09
     2	5.1620787425e-09	1.23974559131e-09	6.40182433381e-09
     3	4.57207635649e-09	1.097113828e-09	5.6691901845e-09
     4	8.45763034541e-09	2.03576344151e-09	1.04933937869e-08
     5	7.04623071828e-09	1.69327604097e-09	8.73950675925e-09
     6	6.15078582436e-09	1.47687242225e-09	7.62765824661e-09
     7	1.21752946673e-08	2.93148906862e-09	1.5106783736e-08
     8	1.00668617717e-08	2.42027596934e-09	1.24871377411e-08
     9	8.7315138447e-09	2.09756386213e-09	1.08290777068e-08

Measurement: t_ro103
  step	t_ro103	FROM	TO
     1	5.62019219228e-09	1.34985233507e-09	6.97004452735e-09
     2	4.85175692908e-09	1.16372134321e-09	6.01547827229e-09
     3	4.34736053755e-09	1.04205168905e-09	5.3894122266e-09
     4	7.62895701847e-09	1.83283614911e-09	9.46179316758e-09
     5	6.48764250068e-09	1.55658780896e-09	8.04423030964e-09
     6	5.74051814628e-09	1.37636540405e-09	7.11688355033e-09
     7	1.07987973764e-08	2.59476601345e-09	1.33935633898e-08
     8	9.12146051325e-09	2.18890294053e-09	1.13103634538e-08
     9	8.02567195481e-09	1.92447306437e-09	9.95014501918e-09

Measurement: t_ro104
  step	t_ro104	FROM	TO
     1	5.6582484121e-09	1.35322781562e-09	7.01147622772e-09
     2	4.87500705369e-09	1.16485246072e-09	6.03985951441e-09
     3	4.36055019925e-09	1.0417090626e-09	5.40225926185e-09
     4	7.70141386503e-09	1.84144328243e-09	9.54285714746e-09
     5	6.53123749778e-09	1.56023056601e-09	8.09146806379e-09
     6	5.77041294221e-09	1.3781415038e-09	7.14855444601e-09
     7	1.09096984314e-08	2.60758137482e-09	1.35172798062e-08
     8	9.18703157377e-09	2.19406776874e-09	1.13810993425e-08
     9	8.07127042954e-09	1.92684467726e-09	9.9981151068e-09

Measurement: t_ro105
  step	t_ro105	FROM	TO
     1	6.10670908047e-09	1.45737954229e-09	7.56408862276e-09
     2	5.16747715216e-09	1.23214666534e-09	6.39962381751e-09
     3	4.56740683293e-09	1.08848483869e-09	5.65589167162e-09
     4	8.52841172818e-09	2.03454256214e-09	1.05629542903e-08
     5	7.07487868593e-09	1.68635441344e-09	8.76123309937e-09
     6	6.16265715718e-09	1.46821525337e-09	7.63087241055e-09
     7	1.23246213377e-08	2.93874751267e-09	1.52633688504e-08
     8	1.01363416516e-08	2.41522303942e-09	1.2551564691e-08
     9	8.76785760815e-09	2.0882515452e-09	1.08561091534e-08

Measurement: t_ro106
  step	t_ro106	FROM	TO
     1	6.08595854571e-09	1.45870298214e-09	7.54466152786e-09
     2	5.15849744287e-09	1.23473643159e-09	6.39323387446e-09
     3	4.56873936299e-09	1.09270620463e-09	5.66144556762e-09
     4	8.47136836188e-09	2.03061005606e-09	1.05019784179e-08
     5	7.05217468916e-09	1.68821308091e-09	8.74038777006e-09
     6	6.15280189228e-09	1.47176047772e-09	7.62456237001e-09
     7	1.22109261653e-08	2.92655775785e-09	1.51374839231e-08
     8	1.00877004803e-08	2.41481071093e-09	1.25025111913e-08
     9	8.74485923376e-09	2.09168241199e-09	1.08365416458e-08

Measurement: t_ro107
  step	t_ro107	FROM	TO
     1	6.0038570682e-09	1.45015176275e-09	7.45400883095e-09
     2	5.11021298827e-09	1.23142231546e-09	6.34163530373e-09
     3	4.52607161416e-09	1.08957341651e-09	5.61564503067e-09
     4	8.31657290191e-09	2.01111702294e-09	1.03276899248e-08
     5	6.95090476356e-09	1.67762306115e-09	8.62852782471e-09
     6	6.07867659167e-09	1.46524278841e-09	7.54391938008e-09
     7	1.19527594878e-08	2.89146478774e-09	1.48442242755e-08
     8	9.91357167781e-09	2.39429604407e-09	1.23078677219e-08
     9	8.61528557544e-09	2.07818992192e-09	1.06934754974e-08

Measurement: t_ro108
  step	t_ro108	FROM	TO
     1	5.44000120602e-09	1.30929060158e-09	6.74929180761e-09
     2	4.72467857418e-09	1.13618957057e-09	5.86086814476e-09
     3	4.25024860904e-09	1.02093880237e-09	5.27118741141e-09
     4	7.3114992193e-09	1.76203436197e-09	9.07353358126e-09
     5	6.26413050893e-09	1.50767748128e-09	7.77180799021e-09
     6	5.5722285729e-09	1.33974902057e-09	6.91197759347e-09
     7	1.02717408226e-08	2.47631035672e-09	1.27480511793e-08
     8	8.74424220398e-09	2.10569837412e-09	1.08499405781e-08
     9	7.73746462903e-09	1.8615948318e-09	9.59905946083e-09

Measurement: t_ro109
  step	t_ro109	FROM	TO
     1	5.90645826128e-09	1.41623779635e-09	7.32269605763e-09
     2	5.04367234516e-09	1.2075682311e-09	6.25124057626e-09
     3	4.47997918988e-09	1.07246181899e-09	5.55244100887e-09
     4	8.11427099337e-09	1.94566217984e-09	1.00599331732e-08
     5	6.81202366424e-09	1.63121443312e-09	8.44323809735e-09
     6	5.97812935332e-09	1.4307586449e-09	7.40888799822e-09
     7	1.15897743531e-08	2.77865552596e-09	1.4368429879e-08
     8	9.65853566534e-09	2.31242703462e-09	1.19709627e-08
     9	8.4253810133e-09	2.01639692288e-09	1.04417779362e-08

Measurement: t_ro110
  step	t_ro110	FROM	TO
     1	6.2341150214e-09	1.4914629358e-09	7.7255779572e-09
     2	5.26726015145e-09	1.25808623026e-09	6.52534638171e-09
     3	4.64000080619e-09	1.10754343673e-09	5.74754424292e-09
     4	8.69230090013e-09	2.07946330981e-09	1.07717642099e-08
     5	7.21084683141e-09	1.72165880783e-09	8.93250563924e-09
     6	6.27322045197e-09	1.49639044771e-09	7.76961089968e-09
     7	1.2566364757e-08	3.00501371151e-09	1.55713784685e-08
     8	1.03418257666e-08	2.46875513113e-09	1.28105808977e-08
     9	8.93831326078e-09	2.13182657942e-09	1.10701398402e-08

Measurement: t_ro111
  step	t_ro111	FROM	TO
     1	5.76001104412e-09	1.38360451162e-09	7.14361555573e-09
     2	4.95999513475e-09	1.18797072568e-09	6.14796586043e-09
     3	4.41104289999e-09	1.05665146554e-09	5.46769436553e-09
     4	7.86465881356e-09	1.8901760539e-09	9.75483486745e-09
     5	6.64758064743e-09	1.59554507625e-09	8.24312572368e-09
     6	5.8579766418e-09	1.40454539835e-09	7.26252204015e-09
     7	1.11923601891e-08	2.69077913828e-09	1.38831393274e-08
     8	9.3939422272e-09	2.25584753052e-09	1.16497897577e-08
     9	8.23000961388e-09	1.97485952896e-09	1.02048691428e-08

Measurement: t_ro112
  step	t_ro112	FROM	TO
     1	5.93796287021e-09	1.42509093063e-09	7.36305380085e-09
     2	5.06442800719e-09	1.21437475358e-09	6.27880276077e-09
     3	4.49621794938e-09	1.07756090628e-09	5.57377885566e-09
     4	8.20327415874e-09	1.96921607146e-09	1.01724902302e-08
     5	6.87315605315e-09	1.64826786705e-09	8.52142392021e-09
     6	6.02241896293e-09	1.44336610023e-09	7.46578506317e-09
     7	1.17572597646e-08	2.8222782081e-09	1.45795379727e-08
     8	9.77687855815e-09	2.34444952057e-09	1.21213280787e-08
     9	8.51391329727e-09	2.04053200156e-09	1.05544452988e-08

Measurement: t_ro113
  step	t_ro113	FROM	TO
     1	5.73965618054e-09	1.37728009823e-09	7.11693627877e-09
     2	4.92964767611e-09	1.18206951745e-09	6.11171719357e-09
     3	4.4006012881e-09	1.05447578459e-09	5.45507707268e-09
     4	7.83397708272e-09	1.8809672458e-09	9.71494432852e-09
     5	6.62256127178e-09	1.58876797539e-09	8.21132924717e-09
     6	5.83825373744e-09	1.39961097668e-09	7.23786471413e-09
     7	1.11400100449e-08	2.67479026458e-09	1.38148003094e-08
     8	9.35049078921e-09	2.24359936754e-09	1.15940901568e-08
     9	8.19463959006e-09	1.96513314972e-09	1.01597727398e-08

Measurement: t_ro114
  step	t_ro114	FROM	TO
     1	5.92000319656e-09	1.42036450211e-09	7.34036769867e-09
     2	5.05700141722e-09	1.20966843012e-09	6.26666984734e-09
     3	4.48001254941e-09	1.07005431004e-09	5.55006685945e-09
     4	8.19945261557e-09	1.96627084134e-09	1.01657234569e-08
     5	6.86432091968e-09	1.64293295929e-09	8.50725387897e-09
     6	6.01408778558e-09	1.43702446222e-09	7.45111224781e-09
     7	1.17484057503e-08	2.81700858133e-09	1.45654143316e-08
     8	9.75879886475e-09	2.33605291243e-09	1.20948517772e-08
     9	8.49660775837e-09	2.03063618865e-09	1.0527243947e-08

Measurement: t_ro115
  step	t_ro115	FROM	TO
     1	5.85242764495e-09	1.41363179343e-09	7.26605943838e-09
     2	5.01255340391e-09	1.20802300739e-09	6.2205764113e-09
     3	4.4652745083e-09	1.07476447668e-09	5.54003898498e-09
     4	8.01866069477e-09	1.93890358528e-09	9.95756428005e-09
     5	6.75736599915e-09	1.63070520017e-09	8.38807119933e-09
     6	5.94186071869e-09	1.43187383192e-09	7.37373455061e-09
     7	1.14344440021e-08	2.76625305456e-09	1.42006970566e-08
     8	9.56775672324e-09	2.31040969747e-09	1.18781664207e-08
     9	8.36445261302e-09	2.01732385849e-09	1.03817764715e-08

Measurement: t_ro116
  step	t_ro116	FROM	TO
     1	5.77602003705e-09	1.38089735897e-09	7.15691739602e-09
     2	4.96000035622e-09	1.18453024633e-09	6.14453060256e-09
     3	4.41906272362e-09	1.05496864578e-09	5.4740313694e-09
     4	7.91950046477e-09	1.89313161003e-09	9.81263207481e-09
     5	6.68155670401e-09	1.59567480732e-09	8.27723151133e-09
     6	5.88124512307e-09	1.40386362744e-09	7.28510875051e-09
     7	1.12908664445e-08	2.69834978006e-09	1.39892162245e-08
     8	9.45668278909e-09	2.25800997066e-09	1.17146927597e-08
     9	8.27423707857e-09	1.97458152508e-09	1.02488186036e-08

Measurement: t_ro117
  step	t_ro117	FROM	TO
     1	6.16618904011e-09	1.47716440457e-09	7.64335344469e-09
     2	5.21602997743e-09	1.2485681577e-09	6.46459813513e-09
     3	4.60713746239e-09	1.10218077036e-09	5.70931823275e-09
     4	8.59916105807e-09	2.05980243466e-09	1.06589634927e-08
     5	7.14120534393e-09	1.70912017608e-09	8.85032552001e-09
     6	6.2185818585e-09	1.48773602797e-09	7.70631788647e-09
     7	1.24235597708e-08	2.97548625059e-09	1.53990460214e-08
     8	1.0236234453e-08	2.44952507448e-09	1.26857595275e-08
     9	8.85523394722e-09	2.11809966597e-09	1.09733336132e-08

Measurement: t_ro118
  step	t_ro118	FROM	TO
     1	6.0570873985e-09	1.45625014004e-09	7.51333753854e-09
     2	5.13412286876e-09	1.23254854763e-09	6.36667141639e-09
     3	4.54547054892e-09	1.08996556509e-09	5.635436114e-09
     4	8.41812514411e-09	2.02489614229e-09	1.04430212864e-08
     5	7.00994330245e-09	1.68363188089e-09	8.69357518334e-09
     6	6.11838675314e-09	1.46794387016e-09	7.58633062329e-09
     7	1.21254808449e-08	2.91723139935e-09	1.50427122443e-08
     8	1.00164969893e-08	2.40650831379e-09	1.24230053031e-08
     9	8.68573866191e-09	2.08480370539e-09	1.07705423673e-08

Measurement: t_ro119
  step	t_ro119	FROM	TO
     1	5.74579412106e-09	1.37333015688e-09	7.11912427794e-09
     2	4.93432206728e-09	1.17816752075e-09	6.11248958803e-09
     3	4.40200266996e-09	1.05049360446e-09	5.45249627443e-09
     4	7.83989072009e-09	1.87298598265e-09	9.71287670274e-09
     5	6.62637072093e-09	1.58196600724e-09	8.20833672818e-09
     6	5.84209880161e-09	1.39382400275e-09	7.23592280435e-09
     7	1.11492660655e-08	2.66403652021e-09	1.38133025857e-08
     8	9.35867117949e-09	2.23366891471e-09	1.15923400942e-08
     9	8.20278625941e-09	1.95653656891e-09	1.01593228283e-08

Measurement: t_ro120
  step	t_ro120	FROM	TO
     1	6.24000002578e-09	1.49993059331e-09	7.73993061909e-09
     2	5.27999960102e-09	1.2667673457e-09	6.54676694672e-09
     3	4.65600862639e-09	1.11642176515e-09	5.77243039153e-09
     4	8.7275947182e-09	2.0986968928e-09	1.0826291611e-08
     5	7.24221015713e-09	1.7392728255e-09	8.98148298264e-09
     6	6.29875079419e-09	1.51110610303e-09	7.80985689723e-09
     7	1.26326933908e-08	3.03817612128e-09	1.56708695121e-08
     8	1.04038892877e-08	2.49919028187e-09	1.29030795695e-08
     9	8.99122742628e-09	2.1578350385e-09	1.11490624648e-08

Measurement: t_ro121
  step	t_ro121	FROM	TO
     1	6.20669856237e-09	1.48858156766e-09	7.69528013003e-09
     2	5.2531713564e-09	1.25682162646e-09	6.50999298286e-09
     3	4.63999811562e-09	1.10880911716e-09	5.74880723278e-09
     4	8.62308455471e-09	2.06896592241e-09	1.06920504771e-08
     5	7.17031530069e-09	1.7163857879e-09	8.8867010886e-09
     6	6.24507791449e-09	1.4931334303e-09	7.73821134479e-09
     7	1.24356513096e-08	2.98325935722e-09	1.54189106668e-08
     8	1.02628547913e-08	2.45672760051e-09	1.27195823918e-08
     9	8.88376134445e-09	2.12435567387e-09	1.10081170183e-08

Measurement: t_ro122
  step	t_ro122	FROM	TO
     1	5.83425116462e-09	1.40682643954e-09	7.24107760416e-09
     2	4.99980801031e-09	1.20350797722e-09	6.20331598753e-09
     3	4.45437333249e-09	1.07101383314e-09	5.52538716563e-09
     4	8.00482742795e-09	1.93280813016e-09	9.93763555811e-09
     5	6.75138261443e-09	1.6273951934e-09	8.37877780783e-09
     6	5.93756144841e-09	1.42964348971e-09	7.36720493811e-09
     7	1.14279481581e-08	2.76072847244e-09	1.41886766306e-08
     8	9.57013179701e-09	2.30853331222e-09	1.18786651092e-08
     9	8.3679998815e-09	2.01656300804e-09	1.03845628895e-08

Measurement: t_ro123
  step	t_ro123	FROM	TO
     1	5.70702533879e-09	1.36659813925e-09	7.07362347804e-09
     2	4.90954009487e-09	1.17434978782e-09	6.08388988269e-09
     3	4.38609378412e-09	1.04834771783e-09	5.43444150194e-09
     4	7.76912030177e-09	1.86033653999e-09	9.62945684175e-09
     5	6.58225541472e-09	1.57486908538e-09	8.1571245001e-09
     6	5.81056413357e-09	1.38939344958e-09	7.19995758315e-09
     7	1.1021284438e-08	2.6386188035e-09	1.36599032415e-08
     8	9.27395892975e-09	2.21881294919e-09	1.14927718789e-08
     9	8.14040568367e-09	1.94688554251e-09	1.00872912262e-08

Measurement: t_ro124
  step	t_ro124	FROM	TO
     1	5.88704256732e-09	1.41406675732e-09	7.30110932463e-09
     2	5.02584433758e-09	1.20610937835e-09	6.23195371593e-09
     3	4.47147051244e-09	1.07298719296e-09	5.5444577054e-09
     4	8.11752180488e-09	1.95062360434e-09	1.00681454092e-08
     5	6.80912253974e-09	1.63465993134e-09	8.44378247108e-09
     6	5.97394873779e-09	1.43369447821e-09	7.40764321601e-09
     7	1.16189374416e-08	2.79249547492e-09	1.44114329166e-08
     8	9.67123618587e-09	2.32215461143e-09	1.19933907973e-08
     9	8.43192087707e-09	2.02399532669e-09	1.04559162038e-08

Measurement: t_ro125
  step	t_ro125	FROM	TO
     1	6.42260874222e-09	1.54105804232e-09	7.96366678454e-09
     2	5.3753811544e-09	1.2880969931e-09	6.6634781475e-09
     3	4.71574853174e-09	1.12868008203e-09	5.84442861377e-09
     4	9.11975956025e-09	2.18790185567e-09	1.13076614159e-08
     5	7.46656089799e-09	1.78952927306e-09	9.25609017105e-09
     6	6.44519404957e-09	1.54306610816e-09	7.98826015773e-09
     7	1.33268636392e-08	3.19688333925e-09	1.65237469785e-08
     8	1.08123640499e-08	2.59128943972e-09	1.34036534896e-08
     9	9.26579962279e-09	2.21848473495e-09	1.14842843577e-08

Measurement: t_ro126
  step	t_ro126	FROM	TO
     1	6.20022778206e-09	1.49045358018e-09	7.69068136225e-09
     2	5.236236194e-09	1.25652964409e-09	6.49276583809e-09
     3	4.63994880909e-09	1.11112828263e-09	5.75107709173e-09
     4	8.648573333e-09	2.08049457138e-09	1.07290679044e-08
     5	7.17125613727e-09	1.72270044624e-09	8.89395658351e-09
     6	6.239973451e-09	1.49759970178e-09	7.73757315277e-09
     7	1.2502796282e-08	3.00877084486e-09	1.55115671268e-08
     8	1.02827266527e-08	2.47135228986e-09	1.27540789426e-08
     9	8.88772128037e-09	2.1349281065e-09	1.10226493869e-08

Measurement: t_ro127
  step	t_ro127	FROM	TO
     1	5.86933412901e-09	1.411838306e-09	7.281172435e-09
     2	5.01538603971e-09	1.20542747352e-09	6.22081351323e-09
     3	4.4629125844e-09	1.07169375207e-09	5.53460633647e-09
     4	8.07168732758e-09	1.9430263312e-09	1.00147136588e-08
     5	6.78291444053e-09	1.63169664495e-09	8.41461108548e-09
     6	5.9558178402e-09	1.43175262149e-09	7.38757046169e-09
     7	1.15337541978e-08	2.77778693982e-09	1.43115411376e-08
     8	9.62145303978e-09	2.31587951754e-09	1.19373325573e-08
     9	8.39731663613e-09	2.02023483912e-09	1.04175514753e-08

Measurement: freq_ro0
  step	{80/t_ro0}
     1	13252790418.3
     2	15608010617.8
     3	17602382154.1
     4	9534591322.12
     5	11433699428.3
     6	13087766163.1
     7	6627996142.64
     8	8009950814.57
     9	9226666624.27

Measurement: freq_ro1
  step	{80/t_ro1}
     1	13863394971.3
     2	16129031431.9
     3	18121340823
     4	10113271342.8
     5	11986031297.8
     6	13617661935.5
     7	7091317243.49
     8	8465327932.9
     9	9675407477.12

Measurement: freq_ro2
  step	{80/t_ro2}
     1	12787637004.1
     2	15151516772.1
     3	17188686906.6
     4	9139015036.37
     5	11038468028.6
     6	12705905791.8
     7	6312581055.79
     8	7685018805.23
     9	8904071387.18

Measurement: freq_ro3
  step	{80/t_ro3}
     1	12951324056
     2	15306563515.3
     3	17327597534.6
     4	9278623259.28
     5	11176382870.1
     6	12838112201.4
     7	6420783131.49
     8	7796677346.68
     9	9015542569.29

Measurement: freq_ro4
  step	{80/t_ro4}
     1	13341621705.2
     2	15643772345.6
     3	17655770099.4
     4	9666712801.54
     5	11552252522.3
     6	13197563053.4
     7	6746086886.65
     8	8123998585.56
     9	9339446715.67

Measurement: freq_ro5
  step	{80/t_ro5}
     1	13721875021
     2	16014414542.7
     3	17975961389.9
     4	10000015325
     5	11872943706.2
     6	13500702476.4
     7	7017099127.15
     8	8386818736.79
     9	9591825799.2

Measurement: freq_ro6
  step	{80/t_ro6}
     1	13905092824.6
     2	16178517698.8
     3	18144189032.3
     4	10168154900.5
     5	12030807770.7
     6	13650737811.3
     7	7145265997.16
     8	8514184607.73
     9	9717278113.88

Measurement: freq_ro7
  step	{80/t_ro7}
     1	13293970460.6
     2	15624994918.2
     3	17669485777.2
     4	9591127164.56
     5	11506451512.5
     6	13168706631
     7	6678180492.4
     8	8075307613.96
     9	9302003818.18

Measurement: freq_ro8
  step	{80/t_ro8}
     1	13069702320.2
     2	15429430549.9
     3	17433659545.2
     4	9405167818.21
     5	11305020437.4
     6	12961722603.3
     7	6530908228.56
     8	7913137048.08
     9	9132088005.6

Measurement: freq_ro9
  step	{80/t_ro9}
     1	12702984455.2
     2	15088140488
     3	17118816918.2
     4	9034913258.75
     5	10932497279.8
     6	12599214577.8
     7	6217840123.03
     8	7584304143.69
     9	8799221579.19

Measurement: freq_ro10
  step	{80/t_ro10}
     1	13978944197.3
     2	16254978852.5
     3	18201544916.2
     4	10239867077.7
     5	12095379807.4
     6	13711527635.8
     7	7202358113.53
     8	8566473613.62
     9	9767145043.13

Measurement: freq_ro11
  step	{80/t_ro11}
     1	13719348550.1
     2	16014706592.7
     3	17983259734.9
     4	9982525473.86
     5	11855957689.9
     6	13487062244.8
     7	6990574163.77
     8	8365790384.01
     9	9575360458.31

Measurement: freq_ro12
  step	{80/t_ro12}
     1	12869430021.1
     2	15242433869.6
     3	17241480335.6
     4	9194561904.37
     5	11098128296.1
     6	12761836783
     7	6349175316.02
     8	7724486966
     9	8941792797.85

Measurement: freq_ro13
  step	{80/t_ro13}
     1	12820513242.2
     2	15163062300.7
     3	17218066959.3
     4	9132918813.55
     5	11029405264.2
     6	12692068883.7
     7	6299962267.56
     8	7669949205.46
     9	8885240238.47

Measurement: freq_ro14
  step	{80/t_ro14}
     1	12692344215.3
     2	15069705920.3
     3	17108685124
     4	9076673680.5
     5	10974121197.6
     6	12642947018.3
     7	6267175827.23
     8	7636974953.02
     9	8855426003.58

Measurement: freq_ro15
  step	{80/t_ro15}
     1	12987714436.8
     2	15373429104.1
     3	17404554996.7
     4	9290170937.68
     5	11212866112.8
     6	12886949736.6
     7	6422310760.41
     8	7818396768.93
     9	9048331689.53

Measurement: freq_ro16
  step	{80/t_ro16}
     1	13070809013
     2	15501959504
     3	17544972349.6
     4	9314828895.67
     5	11268446155.1
     6	12955518479.9
     7	6437726511.6
     8	7855495740.61
     9	9095512333.42

Measurement: freq_ro17
  step	{80/t_ro17}
     1	13612500622.7
     2	15927825578.6
     3	17885008314.2
     4	9932630532.93
     5	11809166549
     6	13444045999
     7	6963209206.26
     8	8339171307.04
     9	9550709187.81

Measurement: freq_ro18
  step	{80/t_ro18}
     1	13440505813
     2	15803549516.7
     3	17857112264.9
     4	9700463450.01
     5	11627722241.8
     6	13299394817
     7	6762335045.05
     8	8175468570.12
     9	9411427328.24

Measurement: freq_ro19
  step	{80/t_ro19}
     1	14218632633.5
     2	16486886408.6
     3	18422157346.4
     4	10488140469
     5	12350900346.2
     6	13964976079.7
     7	7414659014.83
     8	8792215610.31
     9	9997443968.06

Measurement: freq_ro20
  step	{80/t_ro20}
     1	13272380207.8
     2	15624977549.5
     3	17602792064.1
     4	9597983326.27
     5	11479577934
     6	13126729304.6
     7	6682743149.33
     8	8052390842.13
     9	9264825179.86

Measurement: freq_ro21
  step	{80/t_ro21}
     1	14029787978.4
     2	16342587455.3
     3	18300711966.6
     4	10282740385
     5	12194154451.6
     6	13831089978.3
     7	7249121415.48
     8	8660347028.57
     9	9887746919.85

Measurement: freq_ro22
  step	{80/t_ro22}
     1	14571206404
     2	16800359691.4
     3	18702288303.9
     4	10780191384.7
     5	12626586913.9
     6	14216600003.1
     7	7656929013.44
     8	9028439253.12
     9	10219442318.2

Measurement: freq_ro23
  step	{80/t_ro23}
     1	12968870883.1
     2	15344650864.9
     3	17375034454.8
     4	9304477644.81
     5	11217014807.4
     6	12884375826.6
     7	6450793734.55
     8	7837798625.91
     9	9061701350.71

Measurement: freq_ro24
  step	{80/t_ro24}
     1	13459381684
     2	15758570098.1
     3	17751158109.3
     4	9762787928.54
     5	11637084688.4
     6	13274166100.7
     7	6819178490.45
     8	8189078575.73
     9	9397799660.76

Measurement: freq_ro25
  step	{80/t_ro25}
     1	13699049568.3
     2	16047157801.8
     3	18012113292.8
     4	9932397515.75
     5	11832855570.2
     6	13480122547.9
     7	6937299409.53
     8	8328939580.53
     9	9548583361.04

Measurement: freq_ro26
  step	{80/t_ro26}
     1	14285713346.8
     2	16571665278.3
     3	18518536427.2
     4	10538816373.1
     5	12406812540.9
     6	14020233241
     7	7449059939.56
     8	8832915333.63
     9	10039802455.7

Measurement: freq_ro27
  step	{80/t_ro27}
     1	12611917253.2
     2	15005298048.2
     3	17066680847.6
     4	8976106225.96
     5	10888840753.8
     6	12564229647.1
     7	6180907017.29
     8	7560339672.36
     9	8783111718.11

Measurement: freq_ro28
  step	{80/t_ro28}
     1	12760060461.5
     2	15151515206.7
     3	17199771425.1
     4	9112961930.33
     5	11022354377.1
     6	12694416874.7
     7	6290333027.79
     8	7670861348.77
     9	8894505968.77

Measurement: freq_ro29
  step	{80/t_ro29}
     1	14705826522.7
     2	16944036048.8
     3	18843201784.5
     4	10880436831
     5	12735097877.9
     6	14331139162.3
     7	7727353684.8
     8	9107479922.55
     9	10307185100

Measurement: freq_ro30
  step	{80/t_ro30}
     1	13282645234.8
     2	15624981393.7
     3	17584498775.7
     4	9620056509.94
     5	11490844368
     6	13131128033.7
     7	6703860383.04
     8	8066630414.31
     9	9274450908.93

Measurement: freq_ro31
  step	{80/t_ro31}
     1	12924906970.5
     2	15283934282.3
     3	17318911882.2
     4	9252935166.04
     5	11154102008
     6	12820883796.3
     7	6398794552.09
     8	7775336966.4
     9	8994102099.12

Measurement: freq_ro32
  step	{80/t_ro32}
     1	13292649814.8
     2	15624996202.2
     3	17640433278.3
     4	9615216943.36
     5	11512887617.3
     6	13164847597.3
     7	6692186791.56
     8	8081127081.03
     9	9301492029.6

Measurement: freq_ro33
  step	{80/t_ro33}
     1	13058380045.3
     2	15395433815.6
     3	17389362398.5
     4	9397527315.77
     5	11277136331.7
     6	12924081113.8
     7	6522563565.26
     8	7886457473.01
     9	9095152854.38

Measurement: freq_ro34
  step	{80/t_ro34}
     1	12878306588.6
     2	15217247852.9
     3	17241374164.4
     4	9258949574.45
     5	11133249997.4
     6	12784330148.9
     7	6412847172.3
     8	7769597501.19
     9	8977693741.9

Measurement: freq_ro35
  step	{80/t_ro35}
     1	13314711451.2
     2	15625197020.4
     3	17630815552.9
     4	9609274675.28
     5	11483817512.7
     6	13124360705.7
     7	6683589840.86
     8	8048291491.72
     9	9255780209.17

Measurement: freq_ro36
  step	{80/t_ro36}
     1	13774104702.9
     2	16069472790.3
     3	17997821040.2
     4	10068190472.2
     5	11925481033.8
     6	13545978077.9
     7	7068071035.07
     8	8430992580.52
     9	9632411546.34

Measurement: freq_ro37
  step	{80/t_ro37}
     1	13099758810.1
     2	15444998373.9
     3	17450266614.8
     4	9426434525.47
     5	11324246553.3
     6	12981037252.3
     7	6546743858.07
     8	7927411166.31
     9	9146062781.57

Measurement: freq_ro38
  step	{80/t_ro38}
     1	13794131733.1
     2	16129032698.6
     3	18056353020.7
     4	10079637249
     5	11956902037.7
     6	13583714409.8
     7	7085185697.72
     8	8465113758.75
     9	9672083875.7

Measurement: freq_ro39
  step	{80/t_ro39}
     1	12820521224.5
     2	15197508393.3
     3	17241377035.8
     4	9141896498.32
     5	11048484019.1
     6	12718268750.5
     7	6303367612.13
     8	7681746665.68
     9	8903410263.65

Measurement: freq_ro40
  step	{80/t_ro40}
     1	13157917277.9
     2	15485106998.9
     3	17481644312.4
     4	9502694680.93
     5	11380755963.9
     6	13027344216.1
     7	6611919747.75
     8	7978383758.93
     9	9188918708.41

Measurement: freq_ro41
  step	{80/t_ro41}
     1	13639200175.8
     2	15981425331.5
     3	17964516873.4
     4	9908922115.69
     5	11807449754.1
     6	13459173800.9
     7	6924300767.75
     8	8313777643.49
     9	9535858324.52

Measurement: freq_ro42
  step	{80/t_ro42}
     1	13629008427.6
     2	15929250167.4
     3	17889367370.8
     4	9933067929.53
     5	11795846573.4
     6	13422901897.6
     7	6955787718.74
     8	8319485901.68
     9	9522863393.19

Measurement: freq_ro43
  step	{80/t_ro43}
     1	13259501641.5
     2	15625006704.4
     3	17599251729
     4	9577986446.06
     5	11466357247.6
     6	13115837351.3
     7	6666277615.46
     8	8042125390.19
     9	9255618672.46

Measurement: freq_ro44
  step	{80/t_ro44}
     1	13346778776.5
     2	15625002496.4
     3	17681214615.6
     4	9627607524.06
     5	11517829480.1
     6	13165474985.7
     7	6698645037.85
     8	8076030743.54
     9	9290411349.33

Measurement: freq_ro45
  step	{80/t_ro45}
     1	13137675922.9
     2	15500033205.2
     3	17519772952
     4	9402056415.26
     5	11315296889
     6	12981683242.8
     7	6510458075.32
     8	7899925018.73
     9	9123927505.75

Measurement: freq_ro46
  step	{80/t_ro46}
     1	13336207099.5
     2	15625000739.1
     3	17664890236.9
     4	9657695904.94
     5	11540693290.3
     6	13186673472.7
     7	6730607379.96
     8	8102030201.43
     9	9314810659.95

Measurement: freq_ro47
  step	{80/t_ro47}
     1	12272656965.4
     2	14705866406.9
     3	16781061298.6
     4	8620830437.62
     5	10550539818.7
     6	12240210848.7
     7	5889423426.75
     8	7271470344.87
     9	8498025266.96

Measurement: freq_ro48
  step	{80/t_ro48}
     1	13643810554.4
     2	15941519590.2
     3	17873865144.5
     4	9966784839.08
     5	11834638807.3
     6	13465329827.5
     7	6991261284.15
     8	8361361791.4
     9	9569573520.19

Measurement: freq_ro49
  step	{80/t_ro49}
     1	13513530421.9
     2	15907187427.9
     3	17872892131.8
     4	9770989234.33
     5	11699128033.2
     6	13358874371.8
     7	6811489436.58
     8	8220337124.23
     9	9445265820.08

Measurement: freq_ro50
  step	{80/t_ro50}
     1	13513512792.7
     2	15818053678.3
     3	17803329130.1
     4	9804849476.17
     5	11691369330.8
     6	13332980448.2
     7	6857494086.65
     8	8237514432.4
     9	9451842519.28

Measurement: freq_ro51
  step	{80/t_ro51}
     1	13133890056.3
     2	15455611424.7
     3	17448838918.7
     4	9441522491.74
     5	11315228035.3
     6	12959835520.5
     7	6551020474.82
     8	7909753091.36
     9	9116284737.38

Measurement: freq_ro52
  step	{80/t_ro52}
     1	13216933093.3
     2	15570072940
     3	17560767119.1
     4	9526106999.65
     5	11412277014.6
     6	13062072055.6
     7	6618816064.91
     8	7989567398.41
     9	9201622332.57

Measurement: freq_ro53
  step	{80/t_ro53}
     1	13317646741.7
     2	15649964243.2
     3	17665312179.9
     4	9615654726.46
     5	11507522444.3
     6	13158087905
     7	6691854841.66
     8	8070128437.77
     9	9285134316.39

Measurement: freq_ro54
  step	{80/t_ro54}
     1	14364504608
     2	16607869184
     3	18518305350
     4	10647536516.3
     5	12492638408.2
     6	14089115776.3
     7	7558168182.14
     8	8925253041.76
     9	10120515067.4

Measurement: freq_ro55
  step	{80/t_ro55}
     1	13979656645.4
     2	16229346100.6
     3	18181747021.7
     4	10267955086.5
     5	12110553869.4
     6	13718462933.7
     7	7233786196.07
     8	8589525872.42
     9	9784755458.06

Measurement: freq_ro56
  step	{80/t_ro56}
     1	13333487181.3
     2	15656128074.6
     3	17644171385.2
     4	9672114702.3
     5	11549081869.9
     6	13189807465.3
     7	6749010643.29
     8	8118613477.74
     9	9329305790.6

Measurement: freq_ro57
  step	{80/t_ro57}
     1	13341477823.9
     2	15680457230.8
     3	17674316689.9
     4	9638655436.69
     5	11528052555.4
     6	13172272499.7
     7	6716947583
     8	8094452872.69
     9	9308801639.68

Measurement: freq_ro58
  step	{80/t_ro58}
     1	13098625658.2
     2	15464408434.7
     3	17476998313.7
     4	9395260222.25
     5	11296451874.2
     6	12955006556.4
     7	6512047616.47
     8	7892560315.23
     9	9111367207.88

Measurement: freq_ro59
  step	{80/t_ro59}
     1	13157883135.9
     2	15564329904.4
     3	17543500795.7
     4	9494250240.07
     5	11392454620.3
     6	13048165381.8
     7	6598369323.04
     8	7978262045.7
     9	9194936523.53

Measurement: freq_ro60
  step	{80/t_ro60}
     1	13275739572.8
     2	15666514076
     3	17720054237.7
     4	9526238602.68
     5	11481096100
     6	13164426344.3
     7	6606722893.67
     8	8033094074.85
     9	9275533800.08

Measurement: freq_ro61
  step	{80/t_ro61}
     1	13027017704.1
     2	15397783882.9
     3	17414417994.6
     4	9308129054.31
     5	11211663691
     6	12874414044.4
     7	6436714414.65
     8	7816323162.54
     9	9036287241.19

Measurement: freq_ro62
  step	{80/t_ro62}
     1	13380263377.5
     2	15709920126.1
     3	17704709137.5
     4	9672994695.32
     5	11557526510.9
     6	13201854035.8
     7	6737163405.82
     8	8109548917.62
     9	9320771688.34

Measurement: freq_ro63
  step	{80/t_ro63}
     1	13888768509.8
     2	16129031999.2
     3	18135972506.4
     4	10105174378.4
     5	11996477157.1
     6	13627098956.1
     7	7088922872.44
     8	8478842555.91
     9	9689994949.64

Measurement: freq_ro64
  step	{80/t_ro64}
     1	13513514117
     2	15814266797.5
     3	17802624949.7
     4	9800946470.1
     5	11677999309.1
     6	13317635333.1
     7	6842634447.9
     8	8216535965.47
     9	9428220165.86

Measurement: freq_ro65
  step	{80/t_ro65}
     1	13385077839.9
     2	15725568027.9
     3	17719822660
     4	9679720776.5
     5	11571454287.6
     6	13220646907.3
     7	6743813774.67
     8	8122576083.72
     9	9338683284.56

Measurement: freq_ro66
  step	{80/t_ro66}
     1	13758045887.4
     2	16057336871.2
     3	18002450218.6
     4	10056000423.8
     5	11920633145.1
     6	13547790046.1
     7	7056211927.8
     8	8423824536.77
     9	9629559251

Measurement: freq_ro67
  step	{80/t_ro67}
     1	13157890813.5
     2	15541833540.1
     3	17575247619.8
     4	9410158044.12
     5	11344292551.8
     6	13023207458.5
     7	6517736290.84
     8	7925301483.96
     9	9161837362.15

Measurement: freq_ro68
  step	{80/t_ro68}
     1	13391541462.6
     2	15753672673.3
     3	17757753552.5
     4	9656717214.17
     5	11573809064.1
     6	13232330368.2
     7	6725080847.55
     8	8125738479.69
     9	9351716093.31

Measurement: freq_ro69
  step	{80/t_ro69}
     1	13888877177.1
     2	16129031994.7
     3	18110305767.8
     4	10136724365.3
     5	12001528427.4
     6	13622560491.5
     7	7122904563.19
     8	8495138001.55
     9	9700002721.23

Measurement: freq_ro70
  step	{80/t_ro70}
     1	13601929809.2
     2	15942741333.4
     3	17917160097.9
     4	9839953480.07
     5	11734327760.8
     6	13381042366.5
     7	6864654960.94
     8	8249417147.5
     9	9466659066.86

Measurement: freq_ro71
  step	{80/t_ro71}
     1	13269950838.4
     2	15625003588
     3	17622628742
     4	9561968974.25
     5	11457064957
     6	13108083840.5
     7	6651132394.36
     8	8031151187.07
     9	9246496275.84

Measurement: freq_ro72
  step	{80/t_ro72}
     1	14285714518.4
     2	16559883773.2
     3	18493796215.9
     4	10550796511
     5	12397377327.3
     6	14001223649.4
     7	7461013816.27
     8	8826311318.67
     9	10023883971.7

Measurement: freq_ro73
  step	{80/t_ro73}
     1	13236327669.4
     2	15625000946.2
     3	17594228575.2
     4	9561629816.8
     5	11460611693.2
     6	13114915300.6
     7	6652148432.36
     8	8035417938.65
     9	9254308029.9

Measurement: freq_ro74
  step	{80/t_ro74}
     1	13729515119.7
     2	16038657340.8
     3	18009295203.1
     4	10008295019.6
     5	11887164531.9
     6	13519179279.2
     7	7013823007.88
     8	8389917950.2
     9	9600979852.86

Measurement: freq_ro75
  step	{80/t_ro75}
     1	13218004568.8
     2	15558458346.1
     3	17544564613.3
     4	9558990705.4
     5	11434560296.6
     6	13078528639.3
     7	6653146797.24
     8	8017523274
     9	9226418913.32

Measurement: freq_ro76
  step	{80/t_ro76}
     1	13822663643.7
     2	16129031911.6
     3	18064602402.5
     4	10088465119.9
     5	11959508964.9
     6	13585976280.8
     7	7081388521.49
     8	8456410925.58
     9	9663952279.61

Measurement: freq_ro77
  step	{80/t_ro77}
     1	12578154630.1
     2	14954586124.6
     3	16996033602
     4	8945129361.68
     5	10837754795.1
     6	12500483976
     7	6153571064.57
     8	7516486740.59
     9	8729809927.01

Measurement: freq_ro78
  step	{80/t_ro78}
     1	13674911596.7
     2	15974320031.1
     3	17934100503.9
     4	9963558326.98
     5	11826374773.8
     6	13452148837.3
     7	6982654319.88
     8	8347482358.61
     9	9550814653.45

Measurement: freq_ro79
  step	{80/t_ro79}
     1	14247473092.8
     2	16496908090.1
     3	18421808151.8
     4	10537957877.5
     5	12383461357.8
     6	13989248255.1
     7	7464225744.06
     8	8828897312.67
     9	10027465516.2

Measurement: freq_ro80
  step	{80/t_ro80}
     1	13455167990.9
     2	15816201939.7
     3	17857110043
     4	9713224964.77
     5	11628132274
     6	13282658164.6
     7	6759402299.66
     8	8152798420.31
     9	9378145508.77

Measurement: freq_ro81
  step	{80/t_ro81}
     1	13157883835.8
     2	15507477954.5
     3	17506598223.6
     4	9519148411.64
     5	11407993293.7
     6	13061168977.7
     7	6624474713.78
     8	8000394944.87
     9	9217104162.8

Measurement: freq_ro82
  step	{80/t_ro82}
     1	13593609148.1
     2	15921700678.8
     3	17879176891.5
     4	9889277762.87
     5	11767439270.4
     6	13405329686.2
     7	6915549838.06
     8	8289781344.46
     9	9500995610.03

Measurement: freq_ro83
  step	{80/t_ro83}
     1	13751842078.7
     2	16070189274.6
     3	18015036996.9
     4	10010353058.9
     5	11886659028.8
     6	13515910206.7
     7	7013320473.79
     8	8390839782.32
     9	9600737288.41

Measurement: freq_ro84
  step	{80/t_ro84}
     1	12845473477.8
     2	15201104303
     3	17241400523.2
     4	9174515334.9
     5	11074513444.8
     6	12737743316.9
     7	6339438896.04
     8	7713671546.85
     9	8930719673.57

Measurement: freq_ro85
  step	{80/t_ro85}
     1	13075032164.8
     2	15431865855.7
     3	17436184291
     4	9392743983.91
     5	11281358336.4
     6	12938130407.8
     7	6506452878.21
     8	7875149195.81
     9	9090188791.92

Measurement: freq_ro86
  step	{80/t_ro86}
     1	12654722066.1
     2	15074312686.7
     3	17124520783.7
     4	9018377333.95
     5	10954704040.3
     6	12640382878.4
     7	6219364110.37
     8	7618412759.91
     9	8850746216.99

Measurement: freq_ro87
  step	{80/t_ro87}
     1	14200314261
     2	16468665300
     3	18390057868
     4	10451403622.1
     5	12304198977.8
     6	13914099553.9
     7	7374540221.53
     8	8741242707.67
     9	9941062648.08

Measurement: freq_ro88
  step	{80/t_ro88}
     1	13023790604.1
     2	15385105785.3
     3	17410330840.4
     4	9354092867.64
     5	11262466126.6
     6	12923912840
     7	6491178694.93
     8	7878711846.32
     9	9100564782.53

Measurement: freq_ro89
  step	{80/t_ro89}
     1	13170317974.5
     2	15530833437.1
     3	17534070970.8
     4	9472280993
     5	11363814095.6
     6	13023762384.9
     7	6575152428.5
     8	7955359391.64
     9	9172591110.29

Measurement: freq_ro90
  step	{80/t_ro90}
     1	12723374903.9
     2	15127227502.4
     3	17169355886.5
     4	9065693727.7
     5	10980159060.7
     6	12656502498.8
     7	6247168093.18
     8	7628633660.35
     9	8852995813.26

Measurement: freq_ro91
  step	{80/t_ro91}
     1	12888915610
     2	15287135923.4
     3	17358954589.4
     4	9192571657.68
     5	11135466180
     6	12821628682.1
     7	6344288079.05
     8	7752348897.76
     9	8991793373.31

Measurement: freq_ro92
  step	{80/t_ro92}
     1	12919390913.7
     2	15294005958.2
     3	17319166204.9
     4	9238898766.67
     5	11154767415.9
     6	12820489727.4
     7	6386891730.49
     8	7776806391.06
     9	9003090338.05

Measurement: freq_ro93
  step	{80/t_ro93}
     1	12652110099.8
     2	15036165529.3
     3	17073873217.3
     4	9020718724.68
     5	10920889715.8
     6	12587669862.5
     7	6217539293.81
     8	7586502258.87
     9	8802109670.07

Measurement: freq_ro94
  step	{80/t_ro94}
     1	12555051718
     2	14931796138.5
     3	16970426362.3
     4	8936653725.27
     5	10833266933.3
     6	12499968224
     7	6153104041.27
     8	7518858347.78
     9	8733702064.93

Measurement: freq_ro95
  step	{80/t_ro95}
     1	13764448269.3
     2	16103410054.3
     3	18004756530.5
     4	10073977015.8
     5	11931883007.6
     6	13553287196.9
     7	7076460273.45
     8	8439915975.77
     9	9641069987.84

Measurement: freq_ro96
  step	{80/t_ro96}
     1	12274068327.2
     2	14705860169.7
     3	16721722663.9
     4	8649758765.57
     5	10560478604.1
     6	12242588926.5
     7	5910734968.71
     8	7278671621.52
     9	8497861942.92

Measurement: freq_ro97
  step	{80/t_ro97}
     1	12902358956.4
     2	15294734681.8
     3	17332590696.4
     4	9228782983.45
     5	11156001900.7
     6	12828898117.3
     7	6387387978.45
     8	7783888003.32
     9	9010072408.88

Measurement: freq_ro98
  step	{80/t_ro98}
     1	13776320380.1
     2	16080435914.7
     3	18039615453.4
     4	10042323231.9
     5	11918654075.7
     6	13555802405
     7	7039430449.1
     8	8419539502.21
     9	9632435473.3

Measurement: freq_ro99
  step	{80/t_ro99}
     1	13379613152.9
     2	15712305527.1
     3	17753460413.8
     4	9647723511.68
     5	11555966708.2
     6	13215135077.9
     7	6710442532.77
     8	8102480407.89
     9	9327318511.64

Measurement: freq_ro100
  step	{80/t_ro100}
     1	13612043970.8
     2	15915469673.8
     3	17857173022.7
     4	9899957198.65
     5	11772059846.1
     6	13403683723.5
     7	6925028871.38
     8	8294780867.38
     9	9501815064.39

Measurement: freq_ro101
  step	{80/t_ro101}
     1	13387448529.1
     2	15683766609.7
     3	17685451888.7
     4	9698961268.22
     5	11572926378.1
     6	13209572669.7
     7	6765940074.07
     8	8134309605.4
     9	9342630166.78

Measurement: freq_ro102
  step	{80/t_ro102}
     1	13148529577
     2	15497632638.1
     3	17497520549.1
     4	9458914226.9
     5	11353587925
     6	13006468162.7
     7	6570682861.14
     8	7946865846.99
     9	9162214184.49

Measurement: freq_ro103
  step	{80/t_ro103}
     1	14234388658.4
     2	16488872210.5
     3	18401970416.1
     4	10486361347.5
     5	12331135692.4
     6	13936024233.6
     7	7408232343.99
     8	8770525277.59
     9	9968012703.54

Measurement: freq_ro104
  step	{80/t_ro104}
     1	14138651076
     2	16410232666.1
     3	18346308686.9
     4	10387703011.7
     5	12248827274.6
     6	13863825830.3
     7	7332924966.11
     8	8707926968.31
     9	9911698622.72

Measurement: freq_ro105
  step	{80/t_ro105}
     1	13100345692.9
     2	15481442422.3
     3	17515409274.1
     4	9380410157.23
     5	11307614384.8
     6	12981413367.6
     7	6491071636.83
     8	7892393799.41
     9	9124235768.34

Measurement: freq_ro106
  step	{80/t_ro106}
     1	13145012309.7
     2	15508391907.9
     3	17510300685.6
     4	9443574707.48
     5	11344018480.3
     6	13002206377
     7	6551509600.26
     8	7930449576.3
     9	9148231876.75

Measurement: freq_ro107
  step	{80/t_ro107}
     1	13324767577.1
     2	15654924791.5
     3	17675372115.1
     4	9619346928.55
     5	11509293066.3
     6	13160759384.6
     7	6693015121.87
     8	8069745456.03
     9	9285821032.8

Measurement: freq_ro108
  step	{80/t_ro108}
     1	14705879092.7
     2	16932368783.2
     3	18822428370.4
     4	10941668404.9
     5	12771125998.4
     6	14356912849.8
     7	7788358505.34
     8	9148877413.71
     9	10339304130.7

Measurement: freq_ro109
  step	{80/t_ro109}
     1	13544495950.2
     2	15861458581.2
     3	17857225806
     4	9859172816.07
     5	11743940412.3
     6	13382112576
     7	6902636545.19
     8	8282829071.81
     9	9495119552.9

Measurement: freq_ro110
  step	{80/t_ro110}
     1	12832615331.2
     2	15188161909.6
     3	17241376314.7
     4	9203547014.67
     5	11094397353.1
     6	12752620542
     7	6366200691.05
     8	7735578011.62
     9	8950234531.5

Measurement: freq_ro111
  step	{80/t_ro111}
     1	13888862258.6
     2	16129048079
     3	18136300601.4
     4	10172087804
     5	12034453471.6
     6	13656592521.9
     7	7147732797.04
     8	8516126463.75
     9	9720523274.37

Measurement: freq_ro112
  step	{80/t_ro112}
     1	13472633923.2
     2	15796453199.9
     3	17792731780.5
     4	9752203626.5
     5	11639485468
     6	13283698874.6
     7	6804306581.76
     8	8182570697.2
     9	9396384154.59

Measurement: freq_ro113
  step	{80/t_ro113}
     1	13938117107.3
     2	16228340290.5
     3	18179333859.8
     4	10211926733.4
     5	12079918435.9
     6	13702727493.1
     7	7181322070.43
     8	8555700636.84
     9	9762479377.01

Measurement: freq_ro114
  step	{80/t_ro114}
     1	13513506216.8
     2	15819651489
     3	17857092835.7
     4	9756748864.93
     5	11654466761.7
     6	13302100476.8
     7	6809434548.01
     8	8197730182.65
     9	9415522320.8

Measurement: freq_ro115
  step	{80/t_ro115}
     1	13669541061.1
     2	15959929711.2
     3	17916031780.6
     4	9976728414.53
     5	11838932508.6
     6	13463795902.9
     7	6996404896.09
     8	8361416611.45
     9	9564283964.68

Measurement: freq_ro116
  step	{80/t_ro116}
     1	13850367465.3
     2	16129031099.7
     3	18103386397.4
     4	10101647238.5
     5	11973257661.9
     6	13602561757.9
     7	7085372977.66
     8	8459626042.68
     9	9668565118.5

Measurement: freq_ro117
  step	{80/t_ro117}
     1	12973977845.9
     2	15337335166
     3	17364361418.1
     4	9303233124.69
     5	11202590619.8
     6	12864669440.8
     7	6439378203.67
     8	7815373941.18
     9	9034205135.27

Measurement: freq_ro118
  step	{80/t_ro118}
     1	13207668098
     2	15582018982.6
     3	17599938034.8
     4	9503303720.3
     5	11412360492.6
     6	13075342116.8
     7	6597676498.19
     8	7986824144.76
     9	9210500466.8

Measurement: freq_ro119
  step	{80/t_ro119}
     1	13923227723.5
     2	16212966828.9
     3	18173546451
     4	10204223866.9
     5	12072973784.5
     6	13693708839.4
     7	7175360201.32
     8	8548222121.04
     9	9752783684.71

Measurement: freq_ro120
  step	{80/t_ro120}
     1	12820512767.5
     2	15151516296.4
     3	17182098750.1
     4	9166328476.86
     5	11046351633.6
     6	12700931123.3
     7	6332774613.07
     8	7689432075.64
     9	8897561612.8

Measurement: freq_ro121
  step	{80/t_ro121}
     1	12889300035.5
     2	15228895951.1
     3	17241386312.4
     4	9277422654.55
     5	11157110481.9
     6	12810088376.1
     7	6433117012.4
     8	7795102008.85
     9	9005194635.26

Measurement: freq_ro122
  step	{80/t_ro122}
     1	13712128213.7
     2	16000614390.6
     3	17959877636.8
     4	9993969354.13
     5	11849424713.3
     6	13473544770
     7	7000381773.96
     8	8359341511.37
     9	9560229580.89

Measurement: freq_ro123
  step	{80/t_ro123}
     1	14017810549.4
     2	16294805308.5
     3	18239464073.9
     4	10297176114.2
     5	12153888744.8
     6	13768026332.9
     7	7258682093.7
     8	8626305184.87
     9	9827520041.23

Measurement: freq_ro124
  step	{80/t_ro124}
     1	13589166221.4
     2	15917723396.6
     3	17891205986.4
     4	9855224528.24
     5	11748944086.9
     6	13391477481.9
     7	6885311191.48
     8	8271951843.85
     9	9487755063.92

Measurement: freq_ro125
  step	{80/t_ro125}
     1	12455997743.4
     2	14882665564
     3	16964432997.5
     4	8772161093.88
     5	10714437489.1
     6	12412349323.3
     7	6002912775.71
     8	7398936960.57
     9	8633901363.81

Measurement: freq_ro126
  step	{80/t_ro126}
     1	12902751771.7
     2	15278149616.6
     3	17241569528.4
     4	9250080553.14
     5	11155646719.2
     6	12820567367.5
     7	6398568623.84
     8	7780037601.12
     9	9001182358.93

Measurement: freq_ro127
  step	{80/t_ro127}
     1	13630166257.6
     2	15950915715.5
     3	17925513549.1
     4	9911186689.14
     5	11794340132.3
     6	13432244260.4
     7	6936163076.47
     8	8314752425.57
     9	9526852858.66

Measurement: edge100_ro0
  step	V(ro0_out)={VTHRESH} 
     1	7.48148172139e-09
     2	6.35124511715e-09
     3	5.63121456755e-09
     4	1.03989469056e-08
     5	8.66983065546e-09
     6	7.57330680325e-09
     7	1.49584861543e-08
     8	1.23750112777e-08
     9	1.07419917994e-08

Measurement: edge100_ro1
  step	V(ro1_out)={VTHRESH} 
     1	7.1550788333e-09
     2	6.14872531306e-09
     3	5.47140055099e-09
     4	9.80846044558e-09
     5	8.27399349966e-09
     6	7.28128278432e-09
     7	1.39884468532e-08
     8	1.17154850147e-08
     9	1.02484154563e-08

Measurement: edge100_ro2
  step	V(ro2_out)={VTHRESH} 
     1	7.76052415043e-09
     2	6.54680787472e-09
     3	5.77109932179e-09
     4	1.08597592626e-08
     5	8.98846298417e-09
     6	7.80767587898e-09
     7	1.57226765596e-08
     8	1.29111955734e-08
     9	1.11418713364e-08

Measurement: edge100_ro3
  step	V(ro3_out)={VTHRESH} 
     1	7.67409382654e-09
     2	6.49010974819e-09
     3	5.73199799644e-09
     4	1.07144295762e-08
     5	8.89049495727e-09
     6	7.73770769128e-09
     7	1.54849867603e-08
     8	1.27462230042e-08
     9	1.10202033775e-08

Measurement: edge100_ro4
  step	V(ro4_out)={VTHRESH} 
     1	7.44532090842e-09
     2	6.3456656296e-09
     3	5.62125607315e-09
     4	1.02776058913e-08
     5	8.59525436724e-09
     6	7.52161214896e-09
     7	1.47277461e-08
     8	1.22234067807e-08
     9	1.06300205098e-08

Measurement: edge100_ro5
  step	V(ro5_out)={VTHRESH} 
     1	7.22801151447e-09
     2	6.19190238513e-09
     3	5.51610734964e-09
     4	9.91759300726e-09
     5	8.35128532864e-09
     6	7.3435157535e-09
     7	1.41323750574e-08
     8	1.18215933401e-08
     9	1.03359329641e-08

Measurement: edge100_ro6
  step	V(ro6_out)={VTHRESH} 
     1	7.13879399419e-09
     2	6.13470558404e-09
     3	5.46912762069e-09
     4	9.76426698147e-09
     5	8.25099572549e-09
     6	7.27098112982e-09
     7	1.38984423473e-08
     8	1.1661225871e-08
     9	1.02164442571e-08

Measurement: edge100_ro7
  step	V(ro7_out)={VTHRESH} 
     1	7.46617170149e-09
     2	6.35036286318e-09
     3	5.61630820394e-09
     4	1.03501359728e-08
     5	8.62620084899e-09
     6	7.53667961351e-09
     7	1.48663227587e-08
     8	1.22926442825e-08
     9	1.06707348971e-08

Measurement: edge100_ro8
  step	V(ro8_out)={VTHRESH} 
     1	7.59107873118e-09
     2	6.42730027977e-09
     3	5.68734403904e-09
     4	1.05497732349e-08
     5	8.77317960383e-09
     6	7.65058959012e-09
     7	1.51923832553e-08
     8	1.25340063758e-08
     9	1.08598359292e-08

Measurement: edge100_ro9
  step	V(ro9_out)={VTHRESH} 
     1	7.81142633398e-09
     2	6.57546717358e-09
     3	5.79423520179e-09
     4	1.09835756986e-08
     5	9.07534607318e-09
     6	7.87356929864e-09
     7	1.5960251905e-08
     8	1.30823018089e-08
     9	1.12744968151e-08

Measurement: edge100_ro10
  step	V(ro10_out)={VTHRESH} 
     1	7.09772070376e-09
     2	6.10233992473e-09
     3	5.4490665352e-09
     4	9.6907851482e-09
     5	8.20204580216e-09
     6	7.23422847516e-09
     7	1.37784520393e-08
     8	1.15816304882e-08
     9	1.01564548723e-08

Measurement: edge100_ro11
  step	V(ro11_out)={VTHRESH} 
     1	7.24448218898e-09
     2	6.19903911201e-09
     3	5.51708404146e-09
     4	9.95964860103e-09
     5	8.37743322098e-09
     6	7.35990676388e-09
     7	1.42236533481e-08
     8	1.18744056016e-08
     9	1.03694708443e-08

Measurement: edge100_ro12
  step	V(ro12_out)={VTHRESH} 
     1	7.71140353674e-09
     2	6.50892288479e-09
     3	5.75212967747e-09
     4	1.07948343106e-08
     5	8.9407206466e-09
     6	7.77361375268e-09
     7	1.56334494359e-08
     8	1.28463757446e-08
     9	1.10953293591e-08

Measurement: edge100_ro13
  step	V(ro13_out)={VTHRESH} 
     1	7.74374969207e-09
     2	6.54425427997e-09
     3	5.76228519832e-09
     4	1.08731251073e-08
     5	8.9998003654e-09
     6	7.81864438157e-09
     7	1.57633855933e-08
     8	1.29429188226e-08
     9	1.11698753654e-08

Measurement: edge100_ro14
  step	V(ro14_out)={VTHRESH} 
     1	7.81684390195e-09
     2	6.581918613e-09
     3	5.79656729737e-09
     4	1.09309005293e-08
     5	9.0391031768e-09
     6	7.84465058925e-09
     7	1.58310536879e-08
     8	1.29891922886e-08
     9	1.12002837287e-08

Measurement: edge100_ro15
  step	V(ro15_out)={VTHRESH} 
     1	7.63278784513e-09
     2	6.44674580315e-09
     3	5.69373208534e-09
     4	1.06707211045e-08
     5	8.83869661767e-09
     6	7.68948843476e-09
     7	1.54343711258e-08
     8	1.26756814117e-08
     9	1.0951325456e-08

Measurement: edge100_ro16
  step	V(ro16_out)={VTHRESH} 
     1	7.59594944525e-09
     2	6.40371334728e-09
     3	5.65729977436e-09
     4	1.06617075514e-08
     5	8.81167025904e-09
     6	7.66310197758e-09
     7	1.54294088895e-08
     8	1.26420901514e-08
     9	1.09172711312e-08

Measurement: edge100_ro17
  step	V(ro17_out)={VTHRESH} 
     1	7.29153525007e-09
     2	6.2299651425e-09
     3	5.54668256541e-09
     4	9.99439563536e-09
     5	8.40373493171e-09
     6	7.38027391888e-09
     7	1.42576715313e-08
     8	1.19017499545e-08
     9	1.03898981369e-08

Measurement: edge100_ro18
  step	V(ro18_out)={VTHRESH} 
     1	7.38140878832e-09
     2	6.27603271711e-09
     3	5.55499556421e-09
     4	1.02282341235e-08
     5	8.530910846e-09
     6	7.45724117612e-09
     7	1.46726954428e-08
     8	1.21335898408e-08
     9	1.05384872681e-08

Measurement: edge100_ro19
  step	V(ro19_out)={VTHRESH} 
     1	6.97937712072e-09
     2	6.01684409282e-09
     3	5.38319017794e-09
     4	9.46409831838e-09
     5	8.03444454601e-09
     6	7.10404053214e-09
     7	1.33892735187e-08
     8	1.12887463201e-08
     9	9.92611755891e-09

Measurement: edge100_ro20
  step	V(ro20_out)={VTHRESH} 
     1	7.47765982258e-09
     2	6.35165280524e-09
     3	5.63653118897e-09
     4	1.03414001507e-08
     5	8.64520607242e-09
     6	7.55952503684e-09
     7	1.48536992383e-08
     8	1.23255837365e-08
     9	1.07117736181e-08

Measurement: edge100_ro21
  step	V(ro21_out)={VTHRESH} 
     1	7.07596331447e-09
     2	6.072851581e-09
     3	5.42212646059e-09
     4	9.65625659988e-09
     5	8.14118336817e-09
     6	7.17554434052e-09
     7	1.36988461193e-08
     8	1.14635058908e-08
     9	1.00386481659e-08

Measurement: edge100_ro22
  step	V(ro22_out)={VTHRESH} 
     1	6.81174075323e-09
     2	5.90636917473e-09
     3	5.30516612109e-09
     4	9.20907543401e-09
     5	7.86072048852e-09
     6	6.98052337978e-09
     7	1.29676163798e-08
     8	1.09953714027e-08
     9	9.71262312911e-09

Measurement: edge100_ro23
  step	V(ro23_out)={VTHRESH} 
     1	7.65032580174e-09
     2	6.46370678147e-09
     3	5.70649260123e-09
     4	1.0664527502e-08
     5	8.84357121121e-09
     6	7.69707042933e-09
     7	1.53835124355e-08
     8	1.26578173556e-08
     9	1.09460306501e-08

Measurement: edge100_ro24
  step	V(ro24_out)={VTHRESH} 
     1	7.37591830581e-09
     2	6.29658199418e-09
     3	5.58802217925e-09
     4	1.01706382314e-08
     5	8.52851158874e-09
     6	7.4743021589e-09
     7	1.45614394466e-08
     8	1.21202331864e-08
     9	1.0558604787e-08

Measurement: edge100_ro25
  step	V(ro25_out)={VTHRESH} 
     1	7.24818507684e-09
     2	6.18722406931e-09
     3	5.51170181749e-09
     4	9.99990708428e-09
     5	8.39277029438e-09
     6	7.36648819417e-09
     7	1.43194640995e-08
     8	1.1925391381e-08
     9	1.04014130384e-08

Measurement: edge100_ro26
  step	V(ro26_out)={VTHRESH} 
     1	6.93415346712e-09
     2	5.97813288318e-09
     3	5.34972424407e-09
     4	9.39615722128e-09
     5	7.98321557889e-09
     6	7.06494176146e-09
     7	1.32884830955e-08
     8	1.12104898663e-08
     9	9.86404405005e-09

Measurement: edge100_ro27
  step	V(ro27_out)={VTHRESH} 
     1	7.86724562753e-09
     2	6.61008215947e-09
     3	5.8105719592e-09
     4	1.1054782287e-08
     5	9.10959924496e-09
     6	7.89334226071e-09
     7	1.60541988804e-08
     8	1.31202382156e-08
     9	1.12915371642e-08

Measurement: edge100_ro28
  step	V(ro28_out)={VTHRESH} 
     1	7.77153783341e-09
     2	6.54302606918e-09
     3	5.7632228642e-09
     4	1.08817243269e-08
     5	8.99443505934e-09
     6	7.80867208613e-09
     7	1.57636224109e-08
     8	1.29236992517e-08
     9	1.11443837839e-08

Measurement: edge100_ro29
  step	V(ro29_out)={VTHRESH} 
     1	6.74779228545e-09
     2	5.85544996423e-09
     3	5.26506083045e-09
     4	9.12040361643e-09
     5	7.79125899065e-09
     6	6.92327320466e-09
     7	1.28428740338e-08
     8	1.08955541806e-08
     9	9.62712348853e-09

Measurement: edge100_ro30
  step	V(ro30_out)={VTHRESH} 
     1	7.46708566139e-09
     2	6.34496943795e-09
     3	5.63696553929e-09
     4	1.0310684058e-08
     5	8.62842853988e-09
     6	7.54886373282e-09
     7	1.47954766752e-08
     8	1.22910926312e-08
     9	1.06879447051e-08

Measurement: edge100_ro31
  step	V(ro31_out)={VTHRESH} 
     1	7.67914610871e-09
     2	6.49339846356e-09
     3	5.72961468086e-09
     4	1.07278538566e-08
     5	8.89845955428e-09
     6	7.74088190856e-09
     7	1.55141188167e-08
     8	1.27664687041e-08
     9	1.10359519602e-08

Measurement: edge100_ro32
  step	V(ro32_out)={VTHRESH} 
     1	7.47065371397e-09
     2	6.35350569358e-09
     3	5.62723842927e-09
     4	1.03323049169e-08
     5	8.62593351856e-09
     6	7.54203069102e-09
     7	1.48478166152e-08
     8	1.22913946465e-08
     9	1.0676855798e-08

Measurement: edge100_ro33
  step	V(ro33_out)={VTHRESH} 
     1	7.59709380872e-09
     2	6.44160985354e-09
     3	5.7017838983e-09
     4	1.05574658816e-08
     5	8.79475277164e-09
     6	7.67205845433e-09
     7	1.52109520116e-08
     8	1.25762278672e-08
     9	1.09023710501e-08

Measurement: edge100_ro34
  step	V(ro34_out)={VTHRESH} 
     1	7.71232848194e-09
     2	6.52329104499e-09
     3	5.75540406792e-09
     4	1.07303098146e-08
     5	8.91829615792e-09
     6	7.76394940725e-09
     7	1.54934511806e-08
     8	1.27809801639e-08
     9	1.10576541415e-08

Measurement: edge100_ro35
  step	V(ro35_out)={VTHRESH} 
     1	7.4531623471e-09
     2	6.34762347183e-09
     3	5.62528372268e-09
     4	1.03282664615e-08
     5	8.63958371751e-09
     6	7.55775242683e-09
     7	1.48505147529e-08
     8	1.23283423609e-08
     9	1.07176262905e-08

Measurement: edge100_ro36
  step	V(ro36_out)={VTHRESH} 
     1	7.2014189029e-09
     2	6.17153924814e-09
     3	5.50894558069e-09
     4	9.85263922923e-09
     5	8.31644851201e-09
     6	7.32002868104e-09
     7	1.40346921911e-08
     8	1.17635416395e-08
     9	1.02945751287e-08

Measurement: edge100_ro37
  step	V(ro37_out)={VTHRESH} 
     1	7.58500685353e-09
     2	6.42707942783e-09
     3	5.68654124368e-09
     4	1.05457260381e-08
     5	8.77010286741e-09
     6	7.64708434943e-09
     7	1.51869507435e-08
     8	1.253266112e-08
     9	1.08577525575e-08

Measurement: edge100_ro38
  step	V(ro38_out)={VTHRESH} 
     1	7.18902261186e-09
     2	6.14698741899e-09
     3	5.48938223727e-09
     4	9.83853785377e-09
     5	8.29135682111e-09
     6	7.29705230533e-09
     7	1.39965119498e-08
     8	1.1711388108e-08
     9	1.02481115141e-08

Measurement: edge100_ro39
  step	V(ro39_out)={VTHRESH} 
     1	7.74129241933e-09
     2	6.52887747255e-09
     3	5.75388291254e-09
     4	1.08580058913e-08
     5	8.98155352487e-09
     6	7.8011398436e-09
     7	1.57478726276e-08
     8	1.29184853239e-08
     9	1.1144194485e-08

Measurement: edge100_ro40
  step	V(ro40_out)={VTHRESH} 
     1	7.537504924e-09
     2	6.4018158388e-09
     3	5.66901662366e-09
     4	1.04376386165e-08
     5	8.71104750765e-09
     6	7.60764344586e-09
     7	1.50000794383e-08
     8	1.24258132866e-08
     9	1.07856513814e-08

Measurement: edge100_ro41
  step	V(ro41_out)={VTHRESH} 
     1	7.27645922439e-09
     2	6.20982951606e-09
     3	5.5237809409e-09
     4	1.0017514934e-08
     5	8.40626612052e-09
     6	7.37414923343e-09
     7	1.43371844117e-08
     8	1.19403251283e-08
     9	1.04093628119e-08

Measurement: edge100_ro42
  step	V(ro42_out)={VTHRESH} 
     1	7.27361259931e-09
     2	6.2218349483e-09
     3	5.5396198613e-09
     4	9.97917460295e-09
     5	8.40136101482e-09
     6	7.3822599142e-09
     7	1.42485194165e-08
     8	1.19106267412e-08
     9	1.04045844941e-08

Measurement: edge100_ro43
  step	V(ro43_out)={VTHRESH} 
     1	7.48770770232e-09
     2	6.35253305356e-09
     3	5.63818751896e-09
     4	1.03681986386e-08
     5	8.65756826555e-09
     6	7.56731318408e-09
     7	1.48987150909e-08
     8	1.2345556508e-08
     9	1.0724726443e-08

Measurement: edge100_ro44
  step	V(ro44_out)={VTHRESH} 
     1	7.4401544444e-09
     2	6.35277766601e-09
     3	5.61274611442e-09
     4	1.03174903591e-08
     5	8.62102294342e-09
     6	7.54054684182e-09
     7	1.48311324274e-08
     8	1.22972024013e-08
     9	1.06871518956e-08

Measurement: edge100_ro45
  step	V(ro45_out)={VTHRESH} 
     1	7.55459423639e-09
     2	6.40103733917e-09
     3	5.66182178704e-09
     4	1.05565853193e-08
     5	8.76952965238e-09
     6	7.64235271753e-09
     7	1.52463978934e-08
     8	1.25620877346e-08
     9	1.08750005261e-08

Measurement: edge100_ro46
  step	V(ro46_out)={VTHRESH} 
     1	7.43338104271e-09
     2	6.34210810519e-09
     3	5.61038621384e-09
     4	1.02642659291e-08
     5	8.58799336709e-09
     6	7.51521071076e-09
     7	1.4727133405e-08
     8	1.22321619193e-08
     9	1.06384992356e-08

Measurement: edge100_ro47
  step	V(ro47_out)={VTHRESH} 
     1	8.08646270359e-09
     2	6.74420166143e-09
     3	5.90870241399e-09
     4	1.15128380435e-08
     5	9.40233859798e-09
     6	8.10162564699e-09
     7	1.68527461534e-08
     8	1.36428823188e-08
     9	1.16700146195e-08

Measurement: edge100_ro48
  step	V(ro48_out)={VTHRESH} 
     1	7.26779450143e-09
     2	6.21819714377e-09
     3	5.5445662937e-09
     4	9.94952246488e-09
     5	8.37664322179e-09
     6	7.36057572387e-09
     7	1.41837922063e-08
     8	1.18563288432e-08
     9	1.03572008296e-08

Measurement: edge100_ro49
  step	V(ro49_out)={VTHRESH} 
     1	7.34071726279e-09
     2	6.23483139043e-09
     3	5.5485188022e-09
     4	1.01532603016e-08
     5	8.47820351126e-09
     6	7.42355194933e-09
     7	1.45652981118e-08
     8	1.20667223439e-08
     9	1.05001952748e-08

Measurement: edge100_ro50
  step	V(ro50_out)={VTHRESH} 
     1	7.33740016434e-09
     2	6.26611444911e-09
     3	5.56668970882e-09
     4	1.01118659748e-08
     5	8.47824661161e-09
     6	7.43305993859e-09
     7	1.44579484459e-08
     8	1.20328482468e-08
     9	1.04850991274e-08

Measurement: edge100_ro51
  step	V(ro51_out)={VTHRESH} 
     1	7.55807655898e-09
     2	6.42132624159e-09
     3	5.68717812606e-09
     4	1.05154875614e-08
     5	8.7727664283e-09
     6	7.65872977245e-09
     7	1.51570663003e-08
     8	1.25513666558e-08
     9	1.08895061823e-08

Measurement: edge100_ro52
  step	V(ro52_out)={VTHRESH} 
     1	7.5113362547e-09
     2	6.37443064844e-09
     3	5.64987664797e-09
     4	1.04236435839e-08
     5	8.69858897675e-09
     6	7.59784179008e-09
     7	1.50039410965e-08
     8	1.24267162157e-08
     9	1.0787256963e-08

Measurement: edge100_ro53
  step	V(ro53_out)={VTHRESH} 
     1	7.44623982338e-09
     2	6.33441211881e-09
     3	5.6106438521e-09
     4	1.0312450306e-08
     5	8.61511343989e-09
     6	7.53255044751e-09
     7	1.48179284748e-08
     8	1.22845512952e-08
     9	1.06750079733e-08

Measurement: edge100_ro54
  step	V(ro54_out)={VTHRESH} 
     1	6.90520900331e-09
     2	5.97104246296e-09
     3	5.35513721907e-09
     4	9.31704030175e-09
     5	7.93889629982e-09
     6	7.0384576921e-09
     7	1.31260726275e-08
     8	1.11133267904e-08
     9	9.79926920628e-09

Measurement: edge100_ro55
  step	V(ro55_out)={VTHRESH} 
     1	7.09145134686e-09
     2	6.10679535284e-09
     3	5.45087668826e-09
     4	9.65491804462e-09
     5	8.18375452908e-09
     6	7.22358992833e-09
     7	1.37038376642e-08
     8	1.15379360057e-08
     9	1.01272374853e-08

Measurement: edge100_ro56
  step	V(ro56_out)={VTHRESH} 
     1	7.43808875338e-09
     2	6.33273575944e-09
     3	5.6184503647e-09
     4	1.02532307957e-08
     5	8.58477750694e-09
     6	7.51581331673e-09
     7	1.46927674364e-08
     8	1.22116221957e-08
     9	1.06255349778e-08

Measurement: edge100_ro57
  step	V(ro57_out)={VTHRESH} 
     1	7.43331986197e-09
     2	6.32288063546e-09
     3	5.60889217502e-09
     4	1.02890581169e-08
     5	8.60024827542e-09
     6	7.52561295257e-09
     7	1.47641009128e-08
     8	1.22481433721e-08
     9	1.06489408493e-08

Measurement: edge100_ro58
  step	V(ro58_out)={VTHRESH} 
     1	7.57007379504e-09
     2	6.41037536108e-09
     3	5.67149410418e-09
     4	1.0553713064e-08
     5	8.77560809979e-09
     6	7.6511030477e-09
     7	1.52257104565e-08
     8	1.25600016547e-08
     9	1.08784142012e-08

Measurement: edge100_ro59
  step	V(ro59_out)={VTHRESH} 
     1	7.53642607802e-09
     2	6.36998057036e-09
     3	5.65098228492e-09
     4	1.04463123152e-08
     5	8.70327539355e-09
     6	7.59759868903e-09
     7	1.50306958877e-08
     8	1.24276779787e-08
     9	1.07813865186e-08

Measurement: edge100_ro60
  step	V(ro60_out)={VTHRESH} 
     1	7.47866216582e-09
     2	6.33746638001e-09
     3	5.60343406803e-09
     4	1.04245468175e-08
     5	8.64975536251e-09
     6	7.54378744463e-09
     7	1.50340485851e-08
     8	1.23644356647e-08
     9	1.07082953597e-08

Measurement: edge100_ro61
  step	V(ro61_out)={VTHRESH} 
     1	7.6106151773e-09
     2	6.43717178093e-09
     3	5.69129046054e-09
     4	1.06508980498e-08
     5	8.84045559224e-09
     6	7.69789097929e-09
     7	1.54011166243e-08
     8	1.26798918115e-08
     9	1.09670436709e-08

Measurement: edge100_ro62
  step	V(ro62_out)={VTHRESH} 
     1	7.41378176978e-09
     2	6.31196126286e-09
     3	5.59978014562e-09
     4	1.02559131946e-08
     5	8.58073710515e-09
     6	7.51023565803e-09
     7	1.47252183754e-08
     8	1.22294139742e-08
     9	1.06376470859e-08

Measurement: edge100_ro63
  step	V(ro63_out)={VTHRESH} 
     1	7.14101141421e-09
     2	6.1447224917e-09
     3	5.46520241205e-09
     4	9.8123190849e-09
     5	8.26336687061e-09
     6	7.27356002693e-09
     7	1.39867799353e-08
     8	1.16911478455e-08
     9	1.0228467988e-08

Measurement: edge100_ro64
  step	V(ro64_out)={VTHRESH} 
     1	7.33730679148e-09
     2	6.26850520056e-09
     3	5.5673980317e-09
     4	1.01177216381e-08
     5	8.48877967185e-09
     6	7.44266874036e-09
     7	1.44911253771e-08
     8	1.20648017834e-08
     9	1.05127347943e-08

Measurement: edge100_ro65
  step	V(ro65_out)={VTHRESH} 
     1	7.41232414215e-09
     2	6.30759631187e-09
     3	5.59638964686e-09
     4	1.02506711981e-08
     5	8.57294310647e-09
     6	7.50207293587e-09
     7	1.47138629053e-08
     8	1.22138544449e-08
     9	1.06215719316e-08

Measurement: edge100_ro66
  step	V(ro66_out)={VTHRESH} 
     1	7.20817945857e-09
     2	6.17320665263e-09
     3	5.50516630314e-09
     4	9.86189603611e-09
     5	8.3164652343e-09
     6	7.31576140136e-09
     7	1.40541682495e-08
     8	1.17687851853e-08
     9	1.02927046727e-08

Measurement: edge100_ro67
  step	V(ro67_out)={VTHRESH} 
     1	7.53621739633e-09
     2	6.37931936314e-09
     3	5.64078635173e-09
     4	1.05376885878e-08
     5	8.73959441973e-09
     6	7.61223713364e-09
     7	1.52127902823e-08
     8	1.25091252085e-08
     9	1.08199101713e-08

Measurement: edge100_ro68
  step	V(ro68_out)={VTHRESH} 
     1	7.41206525387e-09
     2	6.29839677208e-09
     3	5.58648210481e-09
     4	1.02817428496e-08
     5	8.57503334421e-09
     6	7.4987185948e-09
     7	1.47672148279e-08
     8	1.22163375848e-08
     9	1.06127592994e-08

Measurement: edge100_ro69
  step	V(ro69_out)={VTHRESH} 
     1	7.1313259332e-09
     2	6.14142632504e-09
     3	5.46972868653e-09
     4	9.77023045532e-09
     5	8.25257185515e-09
     6	7.27072546746e-09
     7	1.39024817655e-08
     8	1.16574669985e-08
     9	1.02098470024e-08

Measurement: edge100_ro70
  step	V(ro70_out)={VTHRESH} 
     1	7.29509345638e-09
     2	6.22264028109e-09
     3	5.53574213713e-09
     4	1.00853531436e-08
     5	8.45576418864e-09
     6	7.41409601774e-09
     7	1.44576339027e-08
     8	1.20292679159e-08
     9	1.04817804528e-08

Measurement: edge100_ro71
  step	V(ro71_out)={VTHRESH} 
     1	7.47482149942e-09
     2	6.34532850108e-09
     3	5.62591379069e-09
     4	1.03735263754e-08
     5	8.65505455781e-09
     6	7.56362448098e-09
     7	1.49130052409e-08
     8	1.23470084641e-08
     9	1.07222206941e-08

Measurement: edge100_ro72
  step	V(ro72_out)={VTHRESH} 
     1	6.94061200385e-09
     2	5.98754364083e-09
     3	5.36130828783e-09
     4	9.39897347943e-09
     5	7.99824893319e-09
     6	7.08218581795e-09
     7	1.32912749014e-08
     8	1.12344089273e-08
     9	9.89264663415e-09

Measurement: edge100_ro73
  step	V(ro73_out)={VTHRESH} 
     1	7.49007183404e-09
     2	6.3445555991e-09
     3	5.63258287503e-09
     4	1.03680952576e-08
     5	8.64827283817e-09
     6	7.55624668399e-09
     7	1.49021200062e-08
     8	1.23343074326e-08
     9	1.07082859283e-08

Measurement: edge100_ro74
  step	V(ro74_out)={VTHRESH} 
     1	7.21937570754e-09
     2	6.17938121504e-09
     3	5.50307053237e-09
     4	9.90343459467e-09
     5	8.33681817862e-09
     6	7.32998195053e-09
     7	1.41301788028e-08
     8	1.1811277283e-08
     9	1.03209464313e-08

Measurement: edge100_ro75
  step	V(ro75_out)={VTHRESH} 
     1	7.50895857407e-09
     2	6.37666889835e-09
     3	5.65289165355e-09
     4	1.03856337404e-08
     5	8.67859117595e-09
     6	7.5853419819e-09
     7	1.49231300001e-08
     8	1.23788705262e-08
     9	1.07536313843e-08

Measurement: edge100_ro76
  step	V(ro76_out)={VTHRESH} 
     1	7.17785799162e-09
     2	6.14886414272e-09
     3	5.48933295635e-09
     4	9.83542851261e-09
     5	8.29385039633e-09
     6	7.2993016103e-09
     7	1.40122399358e-08
     8	1.17299939133e-08
     9	1.0261954374e-08

Measurement: edge100_ro77
  step	V(ro77_out)={VTHRESH} 
     1	7.88180327765e-09
     2	6.62668393714e-09
     3	5.83003052208e-09
     4	1.10818787262e-08
     5	9.1436577019e-09
     6	7.92578020548e-09
     7	1.6106885277e-08
     8	1.31829430674e-08
     9	1.13491425139e-08

Measurement: edge100_ro78
  step	V(ro78_out)={VTHRESH} 
     1	7.25810591089e-09
     2	6.21136354761e-09
     3	5.53124148459e-09
     4	9.96311613629e-09
     5	8.39111208502e-09
     6	7.37549246735e-09
     7	1.42176059423e-08
     8	1.18895097229e-08
     9	1.03895112274e-08

Measurement: edge100_ro79
  step	V(ro79_out)={VTHRESH} 
     1	6.96339931137e-09
     2	6.01277678935e-09
     3	5.3837801347e-09
     4	9.41551668263e-09
     5	8.01092373402e-09
     6	7.09044337216e-09
     7	1.32931235552e-08
     8	1.12368399713e-08
     9	9.89262343382e-09

Measurement: edge100_ro80
  step	V(ro80_out)={VTHRESH} 
     1	7.37572885589e-09
     2	6.27348654944e-09
     3	5.55622822015e-09
     4	1.02185550813e-08
     5	8.53409256087e-09
     6	7.4700697881e-09
     7	1.46853268162e-08
     8	1.21735371927e-08
     9	1.05813296422e-08

Measurement: edge100_ro81
  step	V(ro81_out)={VTHRESH} 
     1	7.52934168987e-09
     2	6.38832912646e-09
     3	5.65878299052e-09
     4	1.04074588254e-08
     5	8.68335693491e-09
     6	7.58388955349e-09
     7	1.49528427215e-08
     8	1.23803724556e-08
     9	1.07456347442e-08

Measurement: edge100_ro82
  step	V(ro82_out)={VTHRESH} 
     1	7.29422754821e-09
     2	6.22602705714e-09
     3	5.54414666008e-09
     4	1.00265182048e-08
     5	8.4242736377e-09
     6	7.39401095496e-09
     7	1.43374059984e-08
     8	1.19580465857e-08
     9	1.04322260097e-08

Measurement: edge100_ro83
  step	V(ro83_out)={VTHRESH} 
     1	7.22633266136e-09
     2	6.17605021578e-09
     3	5.50622994237e-09
     4	9.933002678e-09
     5	8.35539416587e-09
     6	7.34376905991e-09
     7	1.41818209531e-08
     8	1.18400504323e-08
     9	1.03425534915e-08

Measurement: edge100_ro84
  step	V(ro84_out)={VTHRESH} 
     1	7.72626350366e-09
     2	6.5273366609e-09
     3	5.75407817003e-09
     4	1.08187092411e-08
     5	8.96067847464e-09
     6	7.78959157938e-09
     7	1.56574401595e-08
     8	1.28654886652e-08
     9	1.11112566254e-08

Measurement: edge100_ro85
  step	V(ro85_out)={VTHRESH} 
     1	7.5851079888e-09
     2	6.4250101928e-09
     3	5.68508309434e-09
     4	1.05590151942e-08
     5	8.78896437871e-09
     6	7.66190113099e-09
     7	1.5242637901e-08
     8	1.25903094008e-08
     9	1.0905323968e-08

Measurement: edge100_ro86
  step	V(ro86_out)={VTHRESH} 
     1	7.83653876618e-09
     2	6.57729081983e-09
     3	5.7892732117e-09
     4	1.09961470339e-08
     5	9.05025439969e-09
     6	7.84248583192e-09
     7	1.59439908826e-08
     8	1.30128462377e-08
     9	1.11998789069e-08

Measurement: edge100_ro87
  step	V(ro87_out)={VTHRESH} 
     1	6.98116411366e-09
     2	6.01835542718e-09
     3	5.38930883242e-09
     4	9.48506397379e-09
     5	8.05524973311e-09
     6	7.12250379327e-09
     7	1.34417127186e-08
     8	1.13379921128e-08
     9	9.96862144107e-09

Measurement: edge100_ro88
  step	V(ro88_out)={VTHRESH} 
     1	7.61587697631e-09
     2	6.44504921266e-09
     3	5.69572108193e-09
     4	1.0603684092e-08
     5	8.80491892612e-09
     6	7.67247018125e-09
     7	1.52798911191e-08
     8	1.25861382333e-08
     9	1.08955486346e-08

Measurement: edge100_ro89
  step	V(ro89_out)={VTHRESH} 
     1	7.5356263852e-09
     2	6.38748771296e-09
     3	5.65584196415e-09
     4	1.04784727624e-08
     5	8.73104994015e-09
     6	7.61596815299e-09
     7	1.50962396135e-08
     8	1.24728529196e-08
     9	1.08146267295e-08

Measurement: edge100_ro90
  step	V(ro90_out)={VTHRESH} 
     1	7.79735852501e-09
     2	6.55595103962e-09
     3	5.77481022085e-09
     4	1.09439194902e-08
     5	9.03289533948e-09
     6	7.83450347477e-09
     7	1.58812030833e-08
     8	1.30014838852e-08
     9	1.12010243748e-08

Measurement: edge100_ro91
  step	V(ro91_out)={VTHRESH} 
     1	7.70176650188e-09
     2	6.49168695942e-09
     3	5.71663381232e-09
     4	1.0800947792e-08
     5	8.91450805415e-09
     6	7.74043063225e-09
     7	1.56519335142e-08
     8	1.28063766286e-08
     9	1.10402295909e-08

Measurement: edge100_ro92
  step	V(ro92_out)={VTHRESH} 
     1	7.67060112679e-09
     2	6.47844499003e-09
     3	5.72002005943e-09
     4	1.0725660208e-08
     5	8.88174821523e-09
     6	7.7274042462e-09
     7	1.55140938001e-08
     8	1.27391605281e-08
     9	1.10030144717e-08

Measurement: edge100_ro93
  step	V(ro93_out)={VTHRESH} 
     1	7.83797146215e-09
     2	6.59333669592e-09
     3	5.80524452926e-09
     4	1.09932285284e-08
     5	9.07773323893e-09
     6	7.87415358121e-09
     7	1.59486858692e-08
     8	1.30670585874e-08
     9	1.12603830847e-08

Measurement: edge100_ro94
  step	V(ro94_out)={VTHRESH} 
     1	7.90345777163e-09
     2	6.64234070695e-09
     3	5.84321277599e-09
     4	1.11045315869e-08
     5	9.15629321326e-09
     6	7.93375811268e-09
     7	1.61274631898e-08
     8	1.31926633468e-08
     9	1.13557001947e-08

Measurement: edge100_ro95
  step	V(ro95_out)={VTHRESH} 
     1	7.20747181367e-09
     2	6.15930904003e-09
     3	5.50852736556e-09
     4	9.84852912528e-09
     5	8.3131699566e-09
     6	7.3180462908e-09
     7	1.40206068856e-08
     8	1.17530590052e-08
     9	1.02877378493e-08

Measurement: edge100_ro96
  step	V(ro96_out)={VTHRESH} 
     1	8.08396744307e-09
     2	6.74563777702e-09
     3	5.93010396213e-09
     4	1.14720381607e-08
     5	9.39266859765e-09
     6	8.09982847838e-09
     7	1.6787910443e-08
     8	1.36276805567e-08
     9	1.16694181971e-08

Measurement: edge100_ro97
  step	V(ro97_out)={VTHRESH} 
     1	7.6996687078e-09
     2	6.49364276473e-09
     3	5.72892732442e-09
     4	1.07673010394e-08
     5	8.90463122672e-09
     6	7.74183252161e-09
     7	1.55593900915e-08
     8	1.27642185906e-08
     9	1.10251640504e-08

Measurement: edge100_ro98
  step	V(ro98_out)={VTHRESH} 
     1	7.20183711383e-09
     2	6.16691147394e-09
     3	5.49524820664e-09
     4	9.8809993106e-09
     5	8.32177833097e-09
     6	7.31408994005e-09
     7	1.40969799963e-08
     8	1.17814501123e-08
     9	1.02948222973e-08

Measurement: edge100_ro99
  step	V(ro99_out)={VTHRESH} 
     1	7.42768959448e-09
     2	6.32346808743e-09
     3	5.59519589094e-09
     4	1.03032435311e-08
     5	8.59947467485e-09
     6	7.5184015122e-09
     7	1.48154690961e-08
     8	1.2266762955e-08
     9	1.06539989752e-08

Measurement: edge100_ro100
  step	V(ro100_out)={VTHRESH} 
     1	7.29489079455e-09
     2	6.23826731204e-09
     3	5.55923415696e-09
     4	1.00330734811e-08
     5	8.43579499142e-09
     6	7.40812745586e-09
     7	1.43457228212e-08
     8	1.1973916155e-08
     9	1.0451827908e-08

Measurement: edge100_ro101
  step	V(ro101_out)={VTHRESH} 
     1	7.41910232606e-09
     2	6.32952602521e-09
     3	5.61159764651e-09
     4	1.02435207543e-08
     5	8.58014512382e-09
     6	7.5150287224e-09
     7	1.46859680119e-08
     8	1.22090598075e-08
     9	1.06273197457e-08

Measurement: edge100_ro102
  step	V(ro102_out)={VTHRESH} 
     1	7.54702200455e-09
     2	6.40182433381e-09
     3	5.6691901845e-09
     4	1.04933937869e-08
     5	8.73950675925e-09
     6	7.62765824661e-09
     7	1.5106783736e-08
     8	1.24871377411e-08
     9	1.08290777068e-08

Measurement: edge100_ro103
  step	V(ro103_out)={VTHRESH} 
     1	6.97004452735e-09
     2	6.01547827229e-09
     3	5.3894122266e-09
     4	9.46179316758e-09
     5	8.04423030964e-09
     6	7.11688355033e-09
     7	1.33935633898e-08
     8	1.13103634538e-08
     9	9.95014501918e-09

Measurement: edge100_ro104
  step	V(ro104_out)={VTHRESH} 
     1	7.01147622772e-09
     2	6.03985951441e-09
     3	5.40225926185e-09
     4	9.54285714746e-09
     5	8.09146806379e-09
     6	7.14855444601e-09
     7	1.35172798062e-08
     8	1.13810993425e-08
     9	9.9981151068e-09

Measurement: edge100_ro105
  step	V(ro105_out)={VTHRESH} 
     1	7.56408862276e-09
     2	6.39962381751e-09
     3	5.65589167162e-09
     4	1.05629542903e-08
     5	8.76123309937e-09
     6	7.63087241055e-09
     7	1.52633688504e-08
     8	1.2551564691e-08
     9	1.08561091534e-08

Measurement: edge100_ro106
  step	V(ro106_out)={VTHRESH} 
     1	7.54466152786e-09
     2	6.39323387446e-09
     3	5.66144556762e-09
     4	1.05019784179e-08
     5	8.74038777006e-09
     6	7.62456237001e-09
     7	1.51374839231e-08
     8	1.25025111913e-08
     9	1.08365416458e-08

Measurement: edge100_ro107
  step	V(ro107_out)={VTHRESH} 
     1	7.45400883095e-09
     2	6.34163530373e-09
     3	5.61564503067e-09
     4	1.03276899248e-08
     5	8.62852782471e-09
     6	7.54391938008e-09
     7	1.48442242755e-08
     8	1.23078677219e-08
     9	1.06934754974e-08

Measurement: edge100_ro108
  step	V(ro108_out)={VTHRESH} 
     1	6.74929180761e-09
     2	5.86086814476e-09
     3	5.27118741141e-09
     4	9.07353358126e-09
     5	7.77180799021e-09
     6	6.91197759347e-09
     7	1.27480511793e-08
     8	1.08499405781e-08
     9	9.59905946083e-09

Measurement: edge100_ro109
  step	V(ro109_out)={VTHRESH} 
     1	7.32269605763e-09
     2	6.25124057626e-09
     3	5.55244100887e-09
     4	1.00599331732e-08
     5	8.44323809735e-09
     6	7.40888799822e-09
     7	1.4368429879e-08
     8	1.19709627e-08
     9	1.04417779362e-08

Measurement: edge100_ro110
  step	V(ro110_out)={VTHRESH} 
     1	7.7255779572e-09
     2	6.52534638171e-09
     3	5.74754424292e-09
     4	1.07717642099e-08
     5	8.93250563924e-09
     6	7.76961089968e-09
     7	1.55713784685e-08
     8	1.28105808977e-08
     9	1.10701398402e-08

Measurement: edge100_ro111
  step	V(ro111_out)={VTHRESH} 
     1	7.14361555573e-09
     2	6.14796586043e-09
     3	5.46769436553e-09
     4	9.75483486745e-09
     5	8.24312572368e-09
     6	7.26252204015e-09
     7	1.38831393274e-08
     8	1.16497897577e-08
     9	1.02048691428e-08

Measurement: edge100_ro112
  step	V(ro112_out)={VTHRESH} 
     1	7.36305380085e-09
     2	6.27880276077e-09
     3	5.57377885566e-09
     4	1.01724902302e-08
     5	8.52142392021e-09
     6	7.46578506317e-09
     7	1.45795379727e-08
     8	1.21213280787e-08
     9	1.05544452988e-08

Measurement: edge100_ro113
  step	V(ro113_out)={VTHRESH} 
     1	7.11693627877e-09
     2	6.11171719357e-09
     3	5.45507707268e-09
     4	9.71494432852e-09
     5	8.21132924717e-09
     6	7.23786471413e-09
     7	1.38148003094e-08
     8	1.15940901568e-08
     9	1.01597727398e-08

Measurement: edge100_ro114
  step	V(ro114_out)={VTHRESH} 
     1	7.34036769867e-09
     2	6.26666984734e-09
     3	5.55006685945e-09
     4	1.01657234569e-08
     5	8.50725387897e-09
     6	7.45111224781e-09
     7	1.45654143316e-08
     8	1.20948517772e-08
     9	1.0527243947e-08

Measurement: edge100_ro115
  step	V(ro115_out)={VTHRESH} 
     1	7.26605943838e-09
     2	6.2205764113e-09
     3	5.54003898498e-09
     4	9.95756428005e-09
     5	8.38807119933e-09
     6	7.37373455061e-09
     7	1.42006970566e-08
     8	1.18781664207e-08
     9	1.03817764715e-08

Measurement: edge100_ro116
  step	V(ro116_out)={VTHRESH} 
     1	7.15691739602e-09
     2	6.14453060256e-09
     3	5.4740313694e-09
     4	9.81263207481e-09
     5	8.27723151133e-09
     6	7.28510875051e-09
     7	1.39892162245e-08
     8	1.17146927597e-08
     9	1.02488186036e-08

Measurement: edge100_ro117
  step	V(ro117_out)={VTHRESH} 
     1	7.64335344469e-09
     2	6.46459813513e-09
     3	5.70931823275e-09
     4	1.06589634927e-08
     5	8.85032552001e-09
     6	7.70631788647e-09
     7	1.53990460214e-08
     8	1.26857595275e-08
     9	1.09733336132e-08

Measurement: edge100_ro118
  step	V(ro118_out)={VTHRESH} 
     1	7.51333753854e-09
     2	6.36667141639e-09
     3	5.635436114e-09
     4	1.04430212864e-08
     5	8.69357518334e-09
     6	7.58633062329e-09
     7	1.50427122443e-08
     8	1.24230053031e-08
     9	1.07705423673e-08

Measurement: edge100_ro119
  step	V(ro119_out)={VTHRESH} 
     1	7.11912427794e-09
     2	6.11248958803e-09
     3	5.45249627443e-09
     4	9.71287670274e-09
     5	8.20833672818e-09
     6	7.23592280435e-09
     7	1.38133025857e-08
     8	1.15923400942e-08
     9	1.01593228283e-08

Measurement: edge100_ro120
  step	V(ro120_out)={VTHRESH} 
     1	7.73993061909e-09
     2	6.54676694672e-09
     3	5.77243039153e-09
     4	1.0826291611e-08
     5	8.98148298264e-09
     6	7.80985689723e-09
     7	1.56708695121e-08
     8	1.29030795695e-08
     9	1.11490624648e-08

Measurement: edge100_ro121
  step	V(ro121_out)={VTHRESH} 
     1	7.69528013003e-09
     2	6.50999298286e-09
     3	5.74880723278e-09
     4	1.06920504771e-08
     5	8.8867010886e-09
     6	7.73821134479e-09
     7	1.54189106668e-08
     8	1.27195823918e-08
     9	1.10081170183e-08

Measurement: edge100_ro122
  step	V(ro122_out)={VTHRESH} 
     1	7.24107760416e-09
     2	6.20331598753e-09
     3	5.52538716563e-09
     4	9.93763555811e-09
     5	8.37877780783e-09
     6	7.36720493811e-09
     7	1.41886766306e-08
     8	1.18786651092e-08
     9	1.03845628895e-08

Measurement: edge100_ro123
  step	V(ro123_out)={VTHRESH} 
     1	7.07362347804e-09
     2	6.08388988269e-09
     3	5.43444150194e-09
     4	9.62945684175e-09
     5	8.1571245001e-09
     6	7.19995758315e-09
     7	1.36599032415e-08
     8	1.14927718789e-08
     9	1.00872912262e-08

Measurement: edge100_ro124
  step	V(ro124_out)={VTHRESH} 
     1	7.30110932463e-09
     2	6.23195371593e-09
     3	5.5444577054e-09
     4	1.00681454092e-08
     5	8.44378247108e-09
     6	7.40764321601e-09
     7	1.44114329166e-08
     8	1.19933907973e-08
     9	1.04559162038e-08

Measurement: edge100_ro125
  step	V(ro125_out)={VTHRESH} 
     1	7.96366678454e-09
     2	6.6634781475e-09
     3	5.84442861377e-09
     4	1.13076614159e-08
     5	9.25609017105e-09
     6	7.98826015773e-09
     7	1.65237469785e-08
     8	1.34036534896e-08
     9	1.14842843577e-08

Measurement: edge100_ro126
  step	V(ro126_out)={VTHRESH} 
     1	7.69068136225e-09
     2	6.49276583809e-09
     3	5.75107709173e-09
     4	1.07290679044e-08
     5	8.89395658351e-09
     6	7.73757315277e-09
     7	1.55115671268e-08
     8	1.27540789426e-08
     9	1.10226493869e-08

Measurement: edge100_ro127
  step	V(ro127_out)={VTHRESH} 
     1	7.281172435e-09
     2	6.22081351323e-09
     3	5.53460633647e-09
     4	1.00147136588e-08
     5	8.41461108548e-09
     6	7.38757046169e-09
     7	1.43115411376e-08
     8	1.19373325573e-08
     9	1.04175514753e-08
