LTspice 26.0.2 for Windows
Circuit: C:\Users\JUST\Documents\LTspice\RO_PUF_PVT_100\chip_036_PVT.net
Start Time: Mon Jul 20 00:04:19 2026
Options:plotwinsize=0 numdgt=10 reltol=1e-4 abstol=1e-12 vntol=1e-6 reltol=0.003 vntol=1m abstol=1e-10 gmin=1e-10 threads=1

.step vddval=0.9 temp=-20°
solver = Normal
Maximum thread count: 1
tnom = 27
temp = -20
method = trap
gmin = 1e-10
abstol = 1e-10
reltol = 0.003
volttol = 0.001
Per .tran options, skipping operating point for transient analysis.

.step vddval=1 temp=-20°

.step vddval=1.1 temp=-20°

.step vddval=0.9 temp=25°

.step vddval=1 temp=25°

.step vddval=1.1 temp=25°

.step vddval=0.9 temp=80°

.step vddval=1 temp=80°

.step vddval=1.1 temp=80°
Total elapsed time: 1873.598 seconds.

Files loaded:
C:\Users\JUST\Documents\LTspice\RO_PUF_PVT_100\chip_036_PVT.net
C:\Users\JUST\Documents\LTspice\RO_PUF_PVT_100\45nm_HP.pm
C:\Users\JUST\Documents\LTspice\RO_PUF_PVT_100\chip_036_mismatch.inc


Measurement: t_ro0
  step	t_ro0	FROM	TO
     1	6.39999162856e-09	1.52840706516e-09	7.92839869372e-09
     2	5.34221266849e-09	1.27559423988e-09	6.61780690837e-09
     3	4.69290324011e-09	1.12036166449e-09	5.8132649046e-09
     4	9.02764593307e-09	2.15680606651e-09	1.11844519996e-08
     5	7.39941536488e-09	1.76658131218e-09	9.16599667706e-09
     6	6.39597969322e-09	1.5263145845e-09	7.92229427772e-09
     7	1.31458342323e-08	3.13935300086e-09	1.62851872332e-08
     8	1.06831380271e-08	2.54965254973e-09	1.32327905769e-08
     9	9.16577547986e-09	2.18665698833e-09	1.13524324682e-08

Measurement: t_ro1
  step	t_ro1	FROM	TO
     1	5.93493207855e-09	1.41496456731e-09	7.34989664586e-09
     2	5.05894996829e-09	1.20575074832e-09	6.26470071662e-09
     3	4.48852238486e-09	1.06981643014e-09	5.558338815e-09
     4	8.22935834164e-09	1.96120721993e-09	1.01905655616e-08
     5	6.88191202345e-09	1.6403134215e-09	8.52222544495e-09
     6	6.02552787976e-09	1.43565339873e-09	7.46118127849e-09
     7	1.18235268347e-08	2.81664051948e-09	1.46401673542e-08
     8	9.80944209884e-09	2.33651542126e-09	1.21459575201e-08
     9	8.53099890281e-09	2.03189866481e-09	1.05628975676e-08

Measurement: t_ro2
  step	t_ro2	FROM	TO
     1	5.86728504592e-09	1.40979588416e-09	7.27708093008e-09
     2	5.01338238109e-09	1.20166320428e-09	6.21504558537e-09
     3	4.46183412852e-09	1.06809791228e-09	5.52993204079e-09
     4	8.06532218551e-09	1.93979240479e-09	1.00051145903e-08
     5	6.77186098729e-09	1.62503126835e-09	8.39689225564e-09
     6	5.94397684161e-09	1.42394575196e-09	7.36792259357e-09
     7	1.15227525015e-08	2.77263988974e-09	1.42953923912e-08
     8	9.60208775991e-09	2.30569347754e-09	1.19077812374e-08
     9	8.37624759891e-09	2.0078719525e-09	1.03841195514e-08

Measurement: t_ro3
  step	t_ro3	FROM	TO
     1	6.05829487039e-09	1.45383644181e-09	7.5121313122e-09
     2	5.14015992098e-09	1.23174483203e-09	6.37190475301e-09
     3	4.55688891763e-09	1.09096516898e-09	5.6478540866e-09
     4	8.41658620205e-09	2.02041391517e-09	1.04370001172e-08
     5	7.02071590079e-09	1.68314122517e-09	8.70385712596e-09
     6	6.13088663451e-09	1.46824553805e-09	7.59913217256e-09
     7	1.21281406406e-08	2.91114242243e-09	1.5039283063e-08
     8	1.00389919615e-08	2.40670047947e-09	1.2445692441e-08
     9	8.71095163281e-09	2.08624964549e-09	1.07972012783e-08

Measurement: t_ro4
  step	t_ro4	FROM	TO
     1	6.00358729229e-09	1.44747189132e-09	7.45105918361e-09
     2	5.11175955488e-09	1.23077384978e-09	6.34253340466e-09
     3	4.53100451661e-09	1.08967462901e-09	5.62067914562e-09
     4	8.32703199454e-09	2.01002509295e-09	1.03370570875e-08
     5	6.96154969956e-09	1.67795235861e-09	8.63950205817e-09
     6	6.08980953704e-09	1.46615805966e-09	7.5559675967e-09
     7	1.19720591415e-08	2.89176071285e-09	1.48638198544e-08
     8	9.93332870141e-09	2.39599065816e-09	1.23293193596e-08
     9	8.63533740258e-09	2.08080372302e-09	1.07161411256e-08

Measurement: t_ro5
  step	t_ro5	FROM	TO
     1	5.81149291475e-09	1.38973819382e-09	7.20123110857e-09
     2	4.97812441925e-09	1.18897283272e-09	6.16709725197e-09
     3	4.43806902526e-09	1.05932514975e-09	5.49739417502e-09
     4	7.96374335925e-09	1.9043921043e-09	9.86813546355e-09
     5	6.70851059118e-09	1.60236960868e-09	8.31088019986e-09
     6	5.90115022722e-09	1.40837596386e-09	7.30952619109e-09
     7	1.13496205678e-08	2.71347947717e-09	1.4063100045e-08
     8	9.49162178472e-09	2.26674222436e-09	1.17583640091e-08
     9	8.2993851397e-09	1.98055308143e-09	1.02799382211e-08

Measurement: t_ro6
  step	t_ro6	FROM	TO
     1	5.94223603601e-09	1.41797372212e-09	7.36020975813e-09
     2	5.06527101657e-09	1.2083671217e-09	6.27363813827e-09
     3	4.49726771745e-09	1.07258830565e-09	5.5698560231e-09
     4	8.22651022421e-09	1.96110769666e-09	1.01876179209e-08
     5	6.88632851034e-09	1.64189359856e-09	8.5282221089e-09
     6	6.03048347471e-09	1.43773730961e-09	7.46822078432e-09
     7	1.18101045396e-08	2.81207417876e-09	1.46221787184e-08
     8	9.80889180698e-09	2.33704627664e-09	1.21459380836e-08
     9	8.53462352853e-09	2.0335112166e-09	1.05681347451e-08

Measurement: t_ro7
  step	t_ro7	FROM	TO
     1	6.06301714215e-09	1.45862575656e-09	7.5216428987e-09
     2	5.12849685658e-09	1.23201632905e-09	6.36051318563e-09
     3	4.54191377617e-09	1.08977177824e-09	5.63168555441e-09
     4	8.43456678037e-09	2.0302108066e-09	1.0464777587e-08
     5	7.01381906833e-09	1.68606220968e-09	8.699881278e-09
     6	6.11760130263e-09	1.46901273036e-09	7.58661403299e-09
     7	1.21676054326e-08	2.92986114444e-09	1.50974665771e-08
     8	1.00354790637e-08	2.4135311452e-09	1.24490102089e-08
     9	8.69513518678e-09	2.08893353482e-09	1.07840687216e-08

Measurement: t_ro8
  step	t_ro8	FROM	TO
     1	5.85172518811e-09	1.40445534325e-09	7.25618053136e-09
     2	5.0098801171e-09	1.19947995967e-09	6.20936007676e-09
     3	4.46150239331e-09	1.06674318806e-09	5.52824558137e-09
     4	8.00371732821e-09	1.9219370193e-09	9.92565434751e-09
     5	6.74436720622e-09	1.61594223284e-09	8.36030943906e-09
     6	5.92977115083e-09	1.41878943452e-09	7.34856058534e-09
     7	1.14028907027e-08	2.7390719091e-09	1.41419626118e-08
     8	9.53782023312e-09	2.28592193696e-09	1.18237421701e-08
     9	8.33683710066e-09	1.99545594143e-09	1.03322930421e-08

Measurement: t_ro9
  step	t_ro9	FROM	TO
     1	6.10132852084e-09	1.46367241983e-09	7.56500094066e-09
     2	5.17194096592e-09	1.23947377363e-09	6.41141473955e-09
     3	4.58301367455e-09	1.09746574287e-09	5.68047941742e-09
     4	8.46633406942e-09	2.03153110329e-09	1.04978651727e-08
     5	7.06005222876e-09	1.69210488607e-09	8.75215711483e-09
     6	6.16300643198e-09	1.47605077979e-09	7.63905721177e-09
     7	1.21889366928e-08	2.92450598604e-09	1.51134426789e-08
     8	1.00887289768e-08	2.41818230308e-09	1.25069112799e-08
     9	8.75177249512e-09	2.09626097702e-09	1.08480334721e-08

Measurement: t_ro10
  step	t_ro10	FROM	TO
     1	6.40000412862e-09	1.53635855127e-09	7.93636267989e-09
     2	5.36551727837e-09	1.28692980876e-09	6.65244708713e-09
     3	4.71763713069e-09	1.13033814387e-09	5.84797527456e-09
     4	9.04002802529e-09	2.17184302472e-09	1.121187105e-08
     5	7.43789863435e-09	1.78463010094e-09	9.22252873529e-09
     6	6.43559378908e-09	1.54254826147e-09	7.97814205055e-09
     7	1.31798984029e-08	3.16635842499e-09	1.63462568279e-08
     8	1.07547718772e-08	2.58063843346e-09	1.33354103107e-08
     9	9.24131754946e-09	2.2154361642e-09	1.14567537137e-08

Measurement: t_ro11
  step	t_ro11	FROM	TO
     1	6.07603890677e-09	1.46099740951e-09	7.53703631628e-09
     2	5.1200389517e-09	1.23112226368e-09	6.35116121538e-09
     3	4.54259020841e-09	1.0910237629e-09	5.63361397131e-09
     4	8.46853482769e-09	2.03660222679e-09	1.05051370545e-08
     5	7.0231815929e-09	1.68795940485e-09	8.71114099775e-09
     6	6.12002482162e-09	1.47019905262e-09	7.59022387424e-09
     7	1.22101146544e-08	2.93739641385e-09	1.51475110682e-08
     8	1.00398692803e-08	2.41352043071e-09	1.2453389711e-08
     9	8.68975043525e-09	2.0881168616e-09	1.07778672968e-08

Measurement: t_ro12
  step	t_ro12	FROM	TO
     1	5.7364691643e-09	1.37435900999e-09	7.1108281743e-09
     2	4.93243066478e-09	1.17943362503e-09	6.11186428982e-09
     3	4.40326806927e-09	1.05185345083e-09	5.4551215201e-09
     4	7.82556458743e-09	1.87552828848e-09	9.7010928759e-09
     5	6.62408988156e-09	1.58432558425e-09	8.20841546581e-09
     6	5.8428073052e-09	1.39602763072e-09	7.23883493592e-09
     7	1.11220131091e-08	2.66536974391e-09	1.3787382853e-08
     8	9.34836214999e-09	2.23605512135e-09	1.15844172713e-08
     9	8.19817668289e-09	1.95903310485e-09	1.01572097877e-08

Measurement: t_ro13
  step	t_ro13	FROM	TO
     1	5.81360494324e-09	1.39314698376e-09	7.20675192699e-09
     2	4.98172815692e-09	1.19235725349e-09	6.17408541041e-09
     3	4.43951330035e-09	1.06155456393e-09	5.50106786427e-09
     4	7.97736474238e-09	1.91174908917e-09	9.88911383155e-09
     5	6.72010481484e-09	1.60945589073e-09	8.32956070556e-09
     6	5.91235571379e-09	1.41403620509e-09	7.32639191888e-09
     7	1.13871329491e-08	2.72844290562e-09	1.41155758547e-08
     8	9.52644853459e-09	2.28003395547e-09	1.18064824901e-08
     9	8.32779820877e-09	1.99160751782e-09	1.03194057266e-08

Measurement: t_ro14
  step	t_ro14	FROM	TO
     1	6.15663915119e-09	1.48310489766e-09	7.63974404885e-09
     2	5.20874675587e-09	1.25259468971e-09	6.46134144558e-09
     3	4.60238334843e-09	1.1053122531e-09	5.70769560154e-09
     4	8.58073607259e-09	2.06876194961e-09	1.06494980222e-08
     5	7.12533441038e-09	1.7150690611e-09	8.84040347148e-09
     6	6.20565546332e-09	1.49199600056e-09	7.69765146388e-09
     7	1.23786077121e-08	2.98565521148e-09	1.53642629236e-08
     8	1.01983839348e-08	2.45615869727e-09	1.26545426321e-08
     9	8.82452045611e-09	2.12326052244e-09	1.09477809785e-08

Measurement: t_ro15
  step	t_ro15	FROM	TO
     1	5.91999981386e-09	1.42688512251e-09	7.34688493636e-09
     2	5.05654185008e-09	1.21683474225e-09	6.27337659232e-09
     3	4.49573504652e-09	1.08051634497e-09	5.57625139149e-09
     4	8.15994054767e-09	1.96962658157e-09	1.01295671292e-08
     5	6.85574674534e-09	1.65218439394e-09	8.50793113928e-09
     6	6.01504378969e-09	1.44796982398e-09	7.46301361367e-09
     7	1.16848121833e-08	2.82404648675e-09	1.45088586701e-08
     8	9.74803184432e-09	2.35165103623e-09	1.20996828806e-08
     9	8.50131054248e-09	2.04875694263e-09	1.05500674851e-08

Measurement: t_ro16
  step	t_ro16	FROM	TO
     1	5.92000003465e-09	1.42526184941e-09	7.34526188406e-09
     2	5.05707862691e-09	1.21470074347e-09	6.27177937038e-09
     3	4.49620528495e-09	1.07748521634e-09	5.57369050129e-09
     4	8.14151442354e-09	1.96384893306e-09	1.01053633566e-08
     5	6.84196276377e-09	1.64607354261e-09	8.48803630637e-09
     6	6.00444632096e-09	1.44175484666e-09	7.44620116763e-09
     7	1.16401418796e-08	2.80972556698e-09	1.44498674466e-08
     8	9.7125022297e-09	2.33884075284e-09	1.20513429825e-08
     9	8.47343723149e-09	2.03717719123e-09	1.05106144227e-08

Measurement: t_ro17
  step	t_ro17	FROM	TO
     1	5.87810684789e-09	1.41461293086e-09	7.29271977876e-09
     2	5.02460548828e-09	1.20601250883e-09	6.23061799711e-09
     3	4.47267957858e-09	1.07197354332e-09	5.54465312189e-09
     4	8.08879211353e-09	1.94974405052e-09	1.0038536164e-08
     5	6.79956743969e-09	1.63433290157e-09	8.43390034126e-09
     6	5.96977124667e-09	1.43249606531e-09	7.40226731198e-09
     7	1.15654156104e-08	2.78993330583e-09	1.43553489162e-08
     8	9.64995304444e-09	2.3216750275e-09	1.19716280719e-08
     9	8.42087306664e-09	2.02258785716e-09	1.04434609238e-08

Measurement: t_ro18
  step	t_ro18	FROM	TO
     1	6.46158609892e-09	1.54627299887e-09	8.00785909779e-09
     2	5.39458992517e-09	1.28932662414e-09	6.6839165493e-09
     3	4.73170677035e-09	1.13004268991e-09	5.86174946026e-09
     4	9.16073508607e-09	2.19189427919e-09	1.13526293653e-08
     5	7.48791448501e-09	1.7891423813e-09	9.27705686631e-09
     6	6.45925133532e-09	1.54230700144e-09	8.00155833675e-09
     7	1.33744949538e-08	3.19888458983e-09	1.65733795436e-08
     8	1.08349019709e-08	2.58815269571e-09	1.34230546666e-08
     9	9.27908029382e-09	2.21478214171e-09	1.14938624355e-08

Measurement: t_ro19
  step	t_ro19	FROM	TO
     1	5.86132770233e-09	1.40788845171e-09	7.26921615405e-09
     2	5.01541787666e-09	1.20165386052e-09	6.21707173718e-09
     3	4.4682844331e-09	1.06917285506e-09	5.53745728816e-09
     4	8.03502104833e-09	1.93162313812e-09	9.96664418645e-09
     5	6.77016347666e-09	1.62393893345e-09	8.39410241011e-09
     6	5.95163798481e-09	1.42531974963e-09	7.37695773444e-09
     7	1.14641937291e-08	2.7569131559e-09	1.42211068851e-08
     8	9.59160724907e-09	2.30189611432e-09	1.18935033634e-08
     9	8.38282315754e-09	2.00892162e-09	1.03917447775e-08

Measurement: t_ro20
  step	t_ro20	FROM	TO
     1	6.13116183211e-09	1.47221342562e-09	7.60337525773e-09
     2	5.19478421802e-09	1.24550706624e-09	6.44029128426e-09
     3	4.59765250247e-09	1.10151847176e-09	5.69917097423e-09
     4	8.5489695404e-09	2.05341228393e-09	1.06023818243e-08
     5	7.11596233246e-09	1.70652358264e-09	8.8224859151e-09
     6	6.20484003157e-09	1.48687719648e-09	7.69171722805e-09
     7	1.2340552049e-08	2.96384864092e-09	1.53044006899e-08
     8	1.01924898257e-08	2.44430750843e-09	1.26367973341e-08
     9	8.83032608146e-09	2.11592898552e-09	1.0946255067e-08

Measurement: t_ro21
  step	t_ro21	FROM	TO
     1	6.40000131225e-09	1.5398818425e-09	7.93988315474e-09
     2	5.37351768012e-09	1.2901416258e-09	6.66365930592e-09
     3	4.72283452207e-09	1.13193113159e-09	5.85476565366e-09
     4	9.02878813383e-09	2.17399362257e-09	1.12027817564e-08
     5	7.43322543564e-09	1.78598477624e-09	9.21921021187e-09
     6	6.43303507224e-09	1.54312861764e-09	7.97616368988e-09
     7	1.31490688392e-08	3.16636951066e-09	1.63154383499e-08
     8	1.07374113004e-08	2.5806609786e-09	1.3318072279e-08
     9	9.22999748706e-09	2.21511627365e-09	1.14451137607e-08

Measurement: t_ro22
  step	t_ro22	FROM	TO
     1	6.19816325208e-09	1.49130375064e-09	7.68946700272e-09
     2	5.20660104565e-09	1.25082217361e-09	6.45742321926e-09
     3	4.59077163079e-09	1.10167808153e-09	5.69244971232e-09
     4	8.74423120861e-09	2.10539963004e-09	1.08496308387e-08
     5	7.19236414762e-09	1.72934407811e-09	8.92170822573e-09
     6	6.23554412837e-09	1.49719457038e-09	7.73273869875e-09
     7	1.27018419334e-08	3.05971310033e-09	1.57615550337e-08
     8	1.035136548e-08	2.49017415252e-09	1.28415396325e-08
     9	8.90711581066e-09	2.14038088518e-09	1.10474966958e-08

Measurement: t_ro23
  step	t_ro23	FROM	TO
     1	6.01532647843e-09	1.44256627788e-09	7.45789275631e-09
     2	5.11597390751e-09	1.22457498862e-09	6.34054889613e-09
     3	4.52694525854e-09	1.0828325472e-09	5.60977780574e-09
     4	8.36561673365e-09	2.00673486928e-09	1.03723516029e-08
     5	6.98000471574e-09	1.67163430947e-09	8.65163902521e-09
     6	6.09891575988e-09	1.45896506322e-09	7.55788082309e-09
     7	1.20480231406e-08	2.88975457455e-09	1.49377777152e-08
     8	9.97284174501e-09	2.3884327625e-09	1.23612745075e-08
     9	8.65752344971e-09	2.07122801601e-09	1.07287514657e-08

Measurement: t_ro24
  step	t_ro24	FROM	TO
     1	5.83287305395e-09	1.39782670866e-09	7.23069976262e-09
     2	4.99755879299e-09	1.1960197755e-09	6.1935785685e-09
     3	4.45283894025e-09	1.0649235594e-09	5.51776249966e-09
     4	7.99216102778e-09	1.9155368286e-09	9.90769785638e-09
     5	6.74070712239e-09	1.61316867995e-09	8.35387580234e-09
     6	5.92911455248e-09	1.41782297358e-09	7.34693752605e-09
     7	1.13995451876e-08	2.73195351006e-09	1.41314986976e-08
     8	9.54753586248e-09	2.28471762478e-09	1.18322534873e-08
     9	8.34941893019e-09	1.99641838944e-09	1.03458373196e-08

Measurement: t_ro25
  step	t_ro25	FROM	TO
     1	6.00038249767e-09	1.43717357256e-09	7.43755607023e-09
     2	5.11384352222e-09	1.22264061723e-09	6.33648413945e-09
     3	4.53375620781e-09	1.08359111459e-09	5.6173473224e-09
     4	8.2807526691e-09	1.98301076878e-09	1.02637634379e-08
     5	6.93269854565e-09	1.65801698289e-09	8.59071552855e-09
     6	6.06928939917e-09	1.45024990732e-09	7.5195393065e-09
     7	1.18724277889e-08	2.84231659526e-09	1.47147443842e-08
     8	9.86702437935e-09	2.35929838843e-09	1.22263227678e-08
     9	8.585029302e-09	2.05111077641e-09	1.06361400784e-08

Measurement: t_ro26
  step	t_ro26	FROM	TO
     1	5.68448160362e-09	1.36721101356e-09	7.05169261718e-09
     2	4.88024017577e-09	1.17298797867e-09	6.05322815444e-09
     3	4.3589753539e-09	1.04692154613e-09	5.40589690003e-09
     4	7.79762002055e-09	1.87675158515e-09	9.6743716057e-09
     5	6.57927041873e-09	1.58193668822e-09	8.16120710695e-09
     6	5.79814811794e-09	1.39340099689e-09	7.19154911482e-09
     7	1.10926013588e-08	2.6709133574e-09	1.37635147162e-08
     8	9.28782333425e-09	2.23420353994e-09	1.15220268742e-08
     9	8.1341185395e-09	1.95576421807e-09	1.00898827576e-08

Measurement: t_ro27
  step	t_ro27	FROM	TO
     1	5.83611883932e-09	1.40193951129e-09	7.23805835061e-09
     2	4.99835028157e-09	1.19920963312e-09	6.19755991469e-09
     3	4.4558682517e-09	1.06793220099e-09	5.52380045268e-09
     4	7.99970400953e-09	1.92169561121e-09	9.92139962074e-09
     5	6.74737508959e-09	1.61939186265e-09	8.36676695224e-09
     6	5.93618942771e-09	1.42343032007e-09	7.35961974778e-09
     7	1.14112586525e-08	2.74282338297e-09	1.41540820354e-08
     8	9.56041091961e-09	2.29507859097e-09	1.18554895106e-08
     9	8.36239971055e-09	2.00577551441e-09	1.0368175225e-08

Measurement: t_ro28
  step	t_ro28	FROM	TO
     1	5.82836687185e-09	1.39588184779e-09	7.22424871965e-09
     2	4.98437182034e-09	1.19190051422e-09	6.17627233455e-09
     3	4.44733092154e-09	1.06318877003e-09	5.51051969157e-09
     4	7.9768761378e-09	1.91027170787e-09	9.88714784567e-09
     5	6.7226446334e-09	1.60806410722e-09	8.33070874062e-09
     6	5.91547122882e-09	1.41364236096e-09	7.32911358978e-09
     7	1.13637967023e-08	2.72048381146e-09	1.40842805138e-08
     8	9.51077388066e-09	2.27404242227e-09	1.17848163029e-08
     9	8.31824026456e-09	1.98761406323e-09	1.03058543278e-08

Measurement: t_ro29
  step	t_ro29	FROM	TO
     1	5.90456517365e-09	1.41921226782e-09	7.32377744146e-09
     2	5.03955633408e-09	1.20999875296e-09	6.24955508704e-09
     3	4.48000399798e-09	1.07413784467e-09	5.55414184265e-09
     4	8.14776069182e-09	1.95892455565e-09	1.01066852475e-08
     5	6.83299314244e-09	1.64116683575e-09	8.47415997819e-09
     6	5.99141234034e-09	1.43801267448e-09	7.42942501482e-09
     7	1.16669313994e-08	2.8057710878e-09	1.44727024872e-08
     8	9.71015619911e-09	2.33293774934e-09	1.20430939484e-08
     9	8.46092413038e-09	2.03152951683e-09	1.04924536472e-08

Measurement: t_ro30
  step	t_ro30	FROM	TO
     1	5.75496927597e-09	1.39005950826e-09	7.14502878422e-09
     2	4.95387506843e-09	1.19465340746e-09	6.1485284759e-09
     3	4.41236360381e-09	1.06212122879e-09	5.4744848326e-09
     4	7.86796754771e-09	1.90330537135e-09	9.77127291906e-09
     5	6.65250194169e-09	1.60570288316e-09	8.25820482485e-09
     6	5.86387778962e-09	1.41365229219e-09	7.27753008181e-09
     7	1.11981626818e-08	2.71112208769e-09	1.39092847695e-08
     8	9.40012213487e-09	2.27097507565e-09	1.16710972105e-08
     9	8.23686550775e-09	1.98767230515e-09	1.02245378129e-08

Measurement: t_ro31
  step	t_ro31	FROM	TO
     1	5.8912832342e-09	1.41691557515e-09	7.30819880936e-09
     2	5.03296184326e-09	1.20732498465e-09	6.2402868279e-09
     3	4.48006954847e-09	1.07328337298e-09	5.55335292145e-09
     4	8.11986958118e-09	1.95734602048e-09	1.00772156017e-08
     5	6.82012613095e-09	1.63888147541e-09	8.45900760636e-09
     6	5.98544213256e-09	1.43551207103e-09	7.42095420359e-09
     7	1.16192891694e-08	2.80443463598e-09	1.44237238054e-08
     8	9.68681644301e-09	2.33068407489e-09	1.20175005179e-08
     9	8.44968858787e-09	2.02946991189e-09	1.04791584998e-08

Measurement: t_ro32
  step	t_ro32	FROM	TO
     1	6.3085309458e-09	1.51623019665e-09	7.82476114245e-09
     2	5.28746369398e-09	1.26892589416e-09	6.55638958814e-09
     3	4.64000230618e-09	1.11308059748e-09	5.75308290366e-09
     4	8.92215127031e-09	2.14533986334e-09	1.10674911336e-08
     5	7.33470444547e-09	1.76214289579e-09	9.09684734126e-09
     6	6.35049914575e-09	1.5244459584e-09	7.87494510414e-09
     7	1.30012421185e-08	3.12689378735e-09	1.61281359058e-08
     8	1.05938751765e-08	2.54584416339e-09	1.31397193398e-08
     9	9.10613697165e-09	2.18664991386e-09	1.12927868855e-08

Measurement: t_ro33
  step	t_ro33	FROM	TO
     1	6.41618585922e-09	1.53814525054e-09	7.95433110976e-09
     2	5.38486067591e-09	1.28839502942e-09	6.67325570534e-09
     3	4.72926142828e-09	1.13014861224e-09	5.85941004052e-09
     4	9.05127396369e-09	2.16984954373e-09	1.12211235074e-08
     5	7.44888190242e-09	1.78236611212e-09	9.23124801455e-09
     6	6.44430676192e-09	1.54036762634e-09	7.98467438826e-09
     7	1.31897624651e-08	3.16102863613e-09	1.63507911012e-08
     8	1.07671786103e-08	2.57605439624e-09	1.33432330066e-08
     9	9.25253106007e-09	2.21128054507e-09	1.14638116051e-08

Measurement: t_ro34
  step	t_ro34	FROM	TO
     1	5.9945635134e-09	1.43158139345e-09	7.42614490685e-09
     2	5.1086464982e-09	1.21945832371e-09	6.32810482191e-09
     3	4.53129251937e-09	1.08100741335e-09	5.61229993272e-09
     4	8.27096165159e-09	1.97418683423e-09	1.02451484858e-08
     5	6.92641428932e-09	1.65213072785e-09	8.57854501717e-09
     6	6.0642988734e-09	1.44607899423e-09	7.51037786763e-09
     7	1.18585987795e-08	2.82859234039e-09	1.46871911199e-08
     8	9.85852192157e-09	2.35019806609e-09	1.22087199877e-08
     9	8.57889360039e-09	2.04452352922e-09	1.06234171296e-08

Measurement: t_ro35
  step	t_ro35	FROM	TO
     1	6.22832287279e-09	1.49803421588e-09	7.72635708867e-09
     2	5.23122589063e-09	1.25682104779e-09	6.48804693842e-09
     3	4.60680058577e-09	1.10594875503e-09	5.7127493408e-09
     4	8.78631933859e-09	2.11423880233e-09	1.09005581409e-08
     5	7.22312840141e-09	1.73686657762e-09	8.95999497903e-09
     6	6.2579069862e-09	1.50376418666e-09	7.76167117286e-09
     7	1.27801832869e-08	3.07593052506e-09	1.58561138119e-08
     8	1.04107583185e-08	2.50450942073e-09	1.29152677393e-08
     9	8.95187931031e-09	2.15265470244e-09	1.11045340128e-08

Measurement: t_ro36
  step	t_ro36	FROM	TO
     1	6.13333578825e-09	1.47401300417e-09	7.60734879242e-09
     2	5.19822086201e-09	1.24787011431e-09	6.44609097632e-09
     3	4.59897118041e-09	1.10299617446e-09	5.70196735487e-09
     4	8.53821311604e-09	2.05332569172e-09	1.05915388078e-08
     5	7.11127067985e-09	1.70790176393e-09	8.81917244378e-09
     6	6.20155217772e-09	1.48803277594e-09	7.68958495366e-09
     7	1.23192166494e-08	2.96313400947e-09	1.52823506589e-08
     8	1.01829974388e-08	2.44624166929e-09	1.26292391081e-08
     9	8.82426881458e-09	2.11817785893e-09	1.09424466735e-08

Measurement: t_ro37
  step	t_ro37	FROM	TO
     1	5.85911442621e-09	1.40376651611e-09	7.26288094232e-09
     2	5.01134066627e-09	1.19856535992e-09	6.20990602619e-09
     3	4.46502020257e-09	1.06688548396e-09	5.53190568652e-09
     4	8.05926725673e-09	1.9309234584e-09	9.99019071513e-09
     5	6.77825771358e-09	1.62160218206e-09	8.39985989563e-09
     6	5.95403078853e-09	1.42289977757e-09	7.3769305661e-09
     7	1.15213629985e-08	2.75998963114e-09	1.42813526297e-08
     8	9.6182756154e-09	2.30100945255e-09	1.19192850679e-08
     9	8.39718840996e-09	2.00680666441e-09	1.04039950744e-08

Measurement: t_ro38
  step	t_ro38	FROM	TO
     1	5.93248526057e-09	1.42317684622e-09	7.35566210678e-09
     2	5.07490234722e-09	1.2149503031e-09	6.28985265032e-09
     3	4.51041799009e-09	1.07883831311e-09	5.5892563032e-09
     4	8.18993924096e-09	1.96403270681e-09	1.01539719478e-08
     5	6.88133943369e-09	1.6476387117e-09	8.5289781454e-09
     6	6.03607722433e-09	1.44398952858e-09	7.48006675291e-09
     7	1.17324142899e-08	2.81333878288e-09	1.45457530728e-08
     8	9.7880195976e-09	2.34364038791e-09	1.21316599855e-08
     9	8.53475698895e-09	2.0416401266e-09	1.05763971156e-08

Measurement: t_ro39
  step	t_ro39	FROM	TO
     1	5.99497652052e-09	1.44079794607e-09	7.43577446658e-09
     2	5.10685451151e-09	1.22613168753e-09	6.33298619904e-09
     3	4.53100133613e-09	1.08674129791e-09	5.61774263404e-09
     4	8.27130553614e-09	1.98875254945e-09	1.02600580856e-08
     5	6.92803451398e-09	1.664276494e-09	8.59231100798e-09
     6	6.0660595228e-09	1.45582839126e-09	7.52188791406e-09
     7	1.18648792682e-08	2.85341439738e-09	1.47182936656e-08
     8	9.8665504426e-09	2.37090888395e-09	1.22374593266e-08
     9	8.58677351513e-09	2.06164411387e-09	1.0648417629e-08

Measurement: t_ro40
  step	t_ro40	FROM	TO
     1	6.40001750691e-09	1.53847519019e-09	7.9384926971e-09
     2	5.36831237799e-09	1.28707289799e-09	6.65538527599e-09
     3	4.71564798076e-09	1.12853912e-09	5.84418710076e-09
     4	9.06263140193e-09	2.17842964172e-09	1.12410610437e-08
     5	7.43897199783e-09	1.78439621062e-09	9.22336820846e-09
     6	6.43150829897e-09	1.54022484649e-09	7.97173314546e-09
     7	1.3213470463e-08	3.17628043836e-09	1.63897509013e-08
     8	1.07548192202e-08	2.58018238934e-09	1.33350016095e-08
     9	9.23384605604e-09	2.21184173633e-09	1.14456877924e-08

Measurement: t_ro41
  step	t_ro41	FROM	TO
     1	5.53143066984e-09	1.33086593733e-09	6.86229660717e-09
     2	4.7839941424e-09	1.15010610769e-09	5.9341002501e-09
     3	4.28778081995e-09	1.03005303067e-09	5.31783385062e-09
     4	7.51984837392e-09	1.81029848633e-09	9.33014686024e-09
     5	6.39064704408e-09	1.53786011503e-09	7.92850715911e-09
     6	5.66081862841e-09	1.36144212184e-09	7.02226075024e-09
     7	1.06305503382e-08	2.56147713761e-09	1.31920274758e-08
     8	8.96946322845e-09	2.15991296922e-09	1.11293761977e-08
     9	7.89887823011e-09	1.90122832699e-09	9.80010655711e-09

Measurement: t_ro42
  step	t_ro42	FROM	TO
     1	5.94804117289e-09	1.42632287744e-09	7.37436405034e-09
     2	5.07222907736e-09	1.21474358694e-09	6.28697266431e-09
     3	4.50750052239e-09	1.07842395201e-09	5.5859244744e-09
     4	8.20154758385e-09	1.96690758458e-09	1.01684551684e-08
     5	6.8799861584e-09	1.64725044906e-09	8.52723660746e-09
     6	6.03039537243e-09	1.44289426196e-09	7.47328963438e-09
     7	1.17491127519e-08	2.81746797293e-09	1.45665807248e-08
     8	9.78130359243e-09	2.3424585566e-09	1.2123762149e-08
     9	8.52296855484e-09	2.03920863851e-09	1.05621771934e-08

Measurement: t_ro43
  step	t_ro43	FROM	TO
     1	6.09403828325e-09	1.45968250593e-09	7.55372078918e-09
     2	5.17289316132e-09	1.2376788535e-09	6.41057201482e-09
     3	4.58322683916e-09	1.09584871289e-09	5.67907555205e-09
     4	8.43832923659e-09	2.02108543604e-09	1.04594146726e-08
     5	7.04002024444e-09	1.68450608577e-09	8.72452633021e-09
     6	6.14871621623e-09	1.46979149742e-09	7.61850771365e-09
     7	1.21249986646e-08	2.90298941834e-09	1.50279880829e-08
     8	1.00421720335e-08	2.40128386256e-09	1.24434558961e-08
     9	8.71642246834e-09	2.08283467647e-09	1.07992571448e-08

Measurement: t_ro44
  step	t_ro44	FROM	TO
     1	6.16006838023e-09	1.48184570893e-09	7.64191408916e-09
     2	5.20406579654e-09	1.25065861871e-09	6.45472441525e-09
     3	4.60072993594e-09	1.10543265013e-09	5.70616258606e-09
     4	8.62181022125e-09	2.07520286336e-09	1.06970130846e-08
     5	7.14823245633e-09	1.71915690165e-09	8.86738935798e-09
     6	6.21978239434e-09	1.49545708973e-09	7.71523948407e-09
     7	1.24742638801e-08	3.00416826653e-09	1.54784321466e-08
     8	1.0258426264e-08	2.46863114281e-09	1.27270574068e-08
     9	8.86612391118e-09	2.13319840132e-09	1.09993223125e-08

Measurement: t_ro45
  step	t_ro45	FROM	TO
     1	5.75999854894e-09	1.37881892661e-09	7.13881747555e-09
     2	4.93645321675e-09	1.18008345784e-09	6.11653667459e-09
     3	4.39708920455e-09	1.05065388642e-09	5.44774309096e-09
     4	7.90832164524e-09	1.89142357409e-09	9.79974521933e-09
     5	6.65505442132e-09	1.59063064947e-09	8.24568507079e-09
     6	5.85385608282e-09	1.39859485471e-09	7.25245093753e-09
     7	1.12769149239e-08	2.6962083386e-09	1.39731232625e-08
     8	9.4158898368e-09	2.24995970614e-09	1.16658495429e-08
     9	8.22991358066e-09	1.96577411883e-09	1.01956876995e-08

Measurement: t_ro46
  step	t_ro46	FROM	TO
     1	6.32994668286e-09	1.51927512921e-09	7.84922181208e-09
     2	5.32274897741e-09	1.27529310271e-09	6.59804208012e-09
     3	4.68876772432e-09	1.12210410631e-09	5.81087183063e-09
     4	8.90768183337e-09	2.13813862132e-09	1.10458204547e-08
     5	7.35451355884e-09	1.76244282044e-09	9.11695637928e-09
     6	6.37613897199e-09	1.52629828107e-09	7.90243725307e-09
     7	1.29570451812e-08	3.10954347216e-09	1.60665886534e-08
     8	1.06117537951e-08	2.54271627519e-09	1.31544700703e-08
     9	9.13847389983e-09	2.18756121718e-09	1.1326035117e-08

Measurement: t_ro47
  step	t_ro47	FROM	TO
     1	5.82040589058e-09	1.4014395215e-09	7.22184541208e-09
     2	4.96797213882e-09	1.19385080411e-09	6.16182294293e-09
     3	4.43260906253e-09	1.06363304076e-09	5.49624210329e-09
     4	8.01162509195e-09	1.93120455411e-09	9.94282964606e-09
     5	6.72957984488e-09	1.6191250077e-09	8.34870485258e-09
     6	5.91415564706e-09	1.4207489781e-09	7.33490462517e-09
     7	1.14391517352e-08	2.75932470466e-09	1.41984764399e-08
     8	9.53410283147e-09	2.29579330095e-09	1.18298961324e-08
     9	8.32340464022e-09	2.00146375039e-09	1.03248683906e-08

Measurement: t_ro48
  step	t_ro48	FROM	TO
     1	5.99393024868e-09	1.4326434699e-09	7.42657371858e-09
     2	5.09052257046e-09	1.21586751855e-09	6.30639008901e-09
     3	4.50830273066e-09	1.07638101811e-09	5.58468374878e-09
     4	8.31988878249e-09	1.98786750436e-09	1.03077562868e-08
     5	6.93462025565e-09	1.65587884047e-09	8.59049909612e-09
     6	6.05829575751e-09	1.44604129695e-09	7.50433705446e-09
     7	1.19717429695e-08	2.85985826526e-09	1.48316012347e-08
     8	9.90135186143e-09	2.3635894162e-09	1.22649412776e-08
     9	8.59352022133e-09	2.05048569622e-09	1.06440059176e-08

Measurement: t_ro49
  step	t_ro49	FROM	TO
     1	6.32719306707e-09	1.52029881584e-09	7.8474918829e-09
     2	5.29560682171e-09	1.27085444172e-09	6.56646126343e-09
     3	4.64681762316e-09	1.11430241812e-09	5.76112004128e-09
     4	8.95171651911e-09	2.15182488191e-09	1.1103541401e-08
     5	7.33556261977e-09	1.76165682125e-09	9.09721944103e-09
     6	6.34165026167e-09	1.52188967688e-09	7.86353993856e-09
     7	1.30430128197e-08	3.1358536979e-09	1.61788665176e-08
     8	1.05900051168e-08	2.54394876772e-09	1.31339538845e-08
     9	9.08665439782e-09	2.18156081799e-09	1.12682152158e-08

Measurement: t_ro50
  step	t_ro50	FROM	TO
     1	5.71868154936e-09	1.37053740337e-09	7.08921895273e-09
     2	4.91507792043e-09	1.1766004274e-09	6.09167834783e-09
     3	4.38998413812e-09	1.05021167255e-09	5.44019581067e-09
     4	7.80208049123e-09	1.86991511546e-09	9.67199560669e-09
     5	6.59828690683e-09	1.57970319239e-09	8.17799009923e-09
     6	5.8190516331e-09	1.3923519877e-09	7.2114036208e-09
     7	1.10840014692e-08	2.6560818253e-09	1.37400832945e-08
     8	9.30773685855e-09	2.22819382895e-09	1.15359306875e-08
     9	8.15954022175e-09	1.95228400727e-09	1.0111824229e-08

Measurement: t_ro51
  step	t_ro51	FROM	TO
     1	5.97441757745e-09	1.43046682184e-09	7.40488439929e-09
     2	5.09660097649e-09	1.21841050998e-09	6.31501148647e-09
     3	4.52090679043e-09	1.08027088214e-09	5.60117767257e-09
     4	8.27081809754e-09	1.98026525422e-09	1.02510833518e-08
     5	6.92872742389e-09	1.65655933867e-09	8.58528676256e-09
     6	6.06797384131e-09	1.44976631661e-09	7.51774015792e-09
     7	1.1873752834e-08	2.84214461617e-09	1.47158974502e-08
     8	9.87320794647e-09	2.36016042781e-09	1.22333683743e-08
     9	8.59309590882e-09	2.05265168639e-09	1.06457475952e-08

Measurement: t_ro52
  step	t_ro52	FROM	TO
     1	5.7421749231e-09	1.37981001147e-09	7.12198493457e-09
     2	4.92686067467e-09	1.18176298631e-09	6.10862366098e-09
     3	4.39683092544e-09	1.05307979835e-09	5.44991072379e-09
     4	7.87627288167e-09	1.89372404853e-09	9.7699969302e-09
     5	6.64385524315e-09	1.59503157093e-09	8.23888681408e-09
     6	5.85157968119e-09	1.40287363543e-09	7.25445331662e-09
     7	1.121882866e-08	2.6982978425e-09	1.39171265025e-08
     8	9.39291480274e-09	2.25619193732e-09	1.16491067401e-08
     9	8.22242174376e-09	1.97290305704e-09	1.01953248008e-08

Measurement: t_ro53
  step	t_ro53	FROM	TO
     1	5.87350019447e-09	1.40979627284e-09	7.28329646731e-09
     2	5.011626922e-09	1.20180699761e-09	6.21343391961e-09
     3	4.45769902008e-09	1.06805012424e-09	5.52574914431e-09
     4	8.06532940821e-09	1.93657114824e-09	1.00019005565e-08
     5	6.76151359856e-09	1.62183442913e-09	8.38334802768e-09
     6	5.93161155264e-09	1.42167239097e-09	7.3532839436e-09
     7	1.15163285102e-08	2.76527363454e-09	1.42816021447e-08
     8	9.5793037097e-09	2.29796640519e-09	1.18772701149e-08
     9	8.35121699738e-09	2.00212913984e-09	1.03533461372e-08

Measurement: t_ro54
  step	t_ro54	FROM	TO
     1	5.7943356415e-09	1.39432525356e-09	7.18866089506e-09
     2	4.96000068942e-09	1.19274085332e-09	6.15274154273e-09
     3	4.43121606738e-09	1.06392990628e-09	5.49514597366e-09
     4	7.91896438079e-09	1.90723751113e-09	9.82620189192e-09
     5	6.68483192277e-09	1.60782041923e-09	8.292652342e-09
     6	5.88587134556e-09	1.4143331762e-09	7.30020452176e-09
     7	1.12670036068e-08	2.71493539614e-09	1.3981939003e-08
     8	9.44445494327e-09	2.27284979701e-09	1.17173047403e-08
     9	8.26796222979e-09	1.9880626941e-09	1.02560249239e-08

Measurement: t_ro55
  step	t_ro55	FROM	TO
     1	6.29089729788e-09	1.51825542003e-09	7.80915271791e-09
     2	5.2834358643e-09	1.27205170818e-09	6.55548757248e-09
     3	4.65702118595e-09	1.11990627805e-09	5.77692746401e-09
     4	8.83269680249e-09	2.13476413964e-09	1.09674609421e-08
     5	7.28654865735e-09	1.75784626772e-09	9.04439492507e-09
     6	6.32130552239e-09	1.52283824532e-09	7.84414376771e-09
     7	1.28057441501e-08	3.09703268468e-09	1.59027768348e-08
     8	1.0479034538e-08	2.53006584055e-09	1.30091003786e-08
     9	9.02987690325e-09	2.17769394162e-09	1.12075708449e-08

Measurement: t_ro56
  step	t_ro56	FROM	TO
     1	5.93715318855e-09	1.42043101934e-09	7.35758420789e-09
     2	5.06357103429e-09	1.21006507974e-09	6.27363611403e-09
     3	4.48824016531e-09	1.07181231754e-09	5.56005248285e-09
     4	8.19028544806e-09	1.95936331577e-09	1.01496487638e-08
     5	6.85974326988e-09	1.6392973545e-09	8.49904062438e-09
     6	6.00960205267e-09	1.43527105816e-09	7.44487311083e-09
     7	1.17371536643e-08	2.8074834267e-09	1.4544637091e-08
     8	9.75482808106e-09	2.33086728628e-09	1.20856953673e-08
     9	8.49226442002e-09	2.0279691563e-09	1.05202335763e-08

Measurement: t_ro57
  step	t_ro57	FROM	TO
     1	5.8696382092e-09	1.41117403936e-09	7.28081224856e-09
     2	5.01946430867e-09	1.20512077515e-09	6.22458508382e-09
     3	4.47999862107e-09	1.07492906471e-09	5.55492768578e-09
     4	8.07651636429e-09	1.94287286276e-09	1.0019389227e-08
     5	6.79657033562e-09	1.63293491345e-09	8.42950524907e-09
     6	5.97001404325e-09	1.43300050007e-09	7.40301454332e-09
     7	1.15570128262e-08	2.78094687733e-09	1.43379597035e-08
     8	9.65479971451e-09	2.32052574061e-09	1.19753254551e-08
     9	8.4295506472e-09	2.02434100116e-09	1.04538916484e-08

Measurement: t_ro58
  step	t_ro58	FROM	TO
     1	6.33672190709e-09	1.52117687186e-09	7.85789877895e-09
     2	5.31866897831e-09	1.27507163519e-09	6.59374061349e-09
     3	4.6813517783e-09	1.121765216e-09	5.8031169943e-09
     4	8.91410422509e-09	2.13973767547e-09	1.10538419006e-08
     5	7.34043130743e-09	1.76020086888e-09	9.10063217631e-09
     6	6.3576636774e-09	1.52359878775e-09	7.88126246515e-09
     7	1.29535210509e-08	3.1089711243e-09	1.60624921752e-08
     8	1.05798401561e-08	2.53676011044e-09	1.31166002665e-08
     9	9.10127875264e-09	2.18091519552e-09	1.12821939482e-08

Measurement: t_ro59
  step	t_ro59	FROM	TO
     1	6.41505226389e-09	1.53787441229e-09	7.95292667618e-09
     2	5.37638212448e-09	1.28686810527e-09	6.66325022975e-09
     3	4.72296687669e-09	1.1291844881e-09	5.85215136479e-09
     4	9.065089778e-09	2.17304480037e-09	1.12381345784e-08
     5	7.44783018544e-09	1.78278616008e-09	9.23061634552e-09
     6	6.43866595897e-09	1.53956904587e-09	7.97823500484e-09
     7	1.32223169326e-08	3.16889350577e-09	1.63912104383e-08
     8	1.07717652668e-08	2.57821804138e-09	1.33499833082e-08
     9	9.24744660891e-09	2.21114670632e-09	1.14585933152e-08

Measurement: t_ro60
  step	t_ro60	FROM	TO
     1	6.08000168289e-09	1.46104405931e-09	7.5410457422e-09
     2	5.15939465789e-09	1.23844363608e-09	6.39783829397e-09
     3	4.57143405547e-09	1.09632856176e-09	5.66776261723e-09
     4	8.42912577779e-09	2.02780179899e-09	1.04569275768e-08
     5	7.03804682776e-09	1.6912225783e-09	8.72926940606e-09
     6	6.14625518721e-09	1.47526410202e-09	7.62151928923e-09
     7	1.21334624345e-08	2.91995258092e-09	1.50534150154e-08
     8	1.00543315251e-08	2.41677179053e-09	1.24711033156e-08
     9	8.72794007173e-09	2.09624240218e-09	1.08241824739e-08

Measurement: t_ro61
  step	t_ro61	FROM	TO
     1	5.96324957968e-09	1.43579769029e-09	7.39904726997e-09
     2	5.07133011101e-09	1.22004212058e-09	6.29137223159e-09
     3	4.49945817643e-09	1.08157574195e-09	5.58103391839e-09
     4	8.26336612119e-09	1.99131736489e-09	1.02546834861e-08
     5	6.89895267937e-09	1.6609434177e-09	8.55989609708e-09
     6	6.03555570727e-09	1.45185719253e-09	7.4874128998e-09
     7	1.18714164965e-08	2.86214360942e-09	1.47335601059e-08
     8	9.83088403338e-09	2.36768348074e-09	1.21985675141e-08
     9	8.54342577663e-09	2.0561006031e-09	1.05995263797e-08

Measurement: t_ro62
  step	t_ro62	FROM	TO
     1	5.79022854443e-09	1.38954933043e-09	7.17977787486e-09
     2	4.96548839654e-09	1.19096451088e-09	6.15645290742e-09
     3	4.43059952575e-09	1.06258871716e-09	5.49318824291e-09
     4	7.93441110836e-09	1.90437249893e-09	9.83878360729e-09
     5	6.69880470994e-09	1.60707265974e-09	8.30587736968e-09
     6	5.89767586311e-09	1.41464581775e-09	7.31232168087e-09
     7	1.13080202567e-08	2.71427767889e-09	1.40222979356e-08
     8	9.4798195494e-09	2.27426050685e-09	1.17540800563e-08
     9	8.29753128924e-09	1.99054805697e-09	1.02880793462e-08

Measurement: t_ro63
  step	t_ro63	FROM	TO
     1	6.02922042952e-09	1.44941322055e-09	7.47863365007e-09
     2	5.12000394537e-09	1.23062583491e-09	6.35062978028e-09
     3	4.5310326523e-09	1.08828171606e-09	5.61931436836e-09
     4	8.38567174844e-09	2.01684768755e-09	1.0402519436e-08
     5	6.97968992999e-09	1.67764524562e-09	8.6573351756e-09
     6	6.09409415653e-09	1.46445780116e-09	7.5585519577e-09
     7	1.20745301497e-08	2.90473493191e-09	1.49792650816e-08
     8	9.96862856064e-09	2.39680660031e-09	1.23654351609e-08
     9	8.64672039501e-09	2.07868762612e-09	1.07254080211e-08

Measurement: t_ro64
  step	t_ro64	FROM	TO
     1	6.22511683535e-09	1.48596240924e-09	7.71107924458e-09
     2	5.25981833954e-09	1.25468844843e-09	6.51450678797e-09
     3	4.64095856382e-09	1.10694686606e-09	5.74790542988e-09
     4	8.68431107654e-09	2.07148881911e-09	1.07557998956e-08
     5	7.20223895043e-09	1.71750543116e-09	8.91974438159e-09
     6	6.26778810155e-09	1.49439303692e-09	7.76218113847e-09
     7	1.25569521903e-08	2.99318077716e-09	1.55501329674e-08
     8	1.03353875841e-08	2.46341210071e-09	1.27987996848e-08
     9	8.93323372813e-09	2.12869030783e-09	1.1061924036e-08

Measurement: t_ro65
  step	t_ro65	FROM	TO
     1	6.14227605095e-09	1.47098394656e-09	7.61325999751e-09
     2	5.20260748667e-09	1.24414182278e-09	6.44674930945e-09
     3	4.59887744853e-09	1.09888290224e-09	5.69776035077e-09
     4	8.55574403149e-09	2.04915147049e-09	1.0604895502e-08
     5	7.11256063805e-09	1.70103926882e-09	8.81359990687e-09
     6	6.19764771449e-09	1.48096966491e-09	7.6786173794e-09
     7	1.23469908128e-08	2.95647071094e-09	1.53034615237e-08
     8	1.01832940083e-08	2.435104632e-09	1.26183986403e-08
     9	8.81547732535e-09	2.10630220142e-09	1.09217795268e-08

Measurement: t_ro66
  step	t_ro66	FROM	TO
     1	6.00367427048e-09	1.4503116222e-09	7.45398589268e-09
     2	5.11999880887e-09	1.23429151594e-09	6.35429032481e-09
     3	4.51976683434e-09	1.09009916337e-09	5.60986599771e-09
     4	8.32680105683e-09	2.01361312477e-09	1.03404141816e-08
     5	6.94348597029e-09	1.67732153143e-09	8.62080750173e-09
     6	6.06788620508e-09	1.46470632985e-09	7.53259253493e-09
     7	1.19787140131e-08	2.8980682157e-09	1.48767822288e-08
     8	9.90584949673e-09	2.39399097745e-09	1.22998404742e-08
     9	8.59900343386e-09	2.07676348187e-09	1.06757669157e-08

Measurement: t_ro67
  step	t_ro67	FROM	TO
     1	6.03439655807e-09	1.43904267858e-09	7.47343923665e-09
     2	5.1200035267e-09	1.22083779285e-09	6.34084131955e-09
     3	4.54254237603e-09	1.08230338531e-09	5.62484576134e-09
     4	8.36102577231e-09	1.99159504636e-09	1.03526208187e-08
     5	6.97421509729e-09	1.66072499266e-09	8.63494008995e-09
     6	6.09533868549e-09	1.45115345974e-09	7.54649214523e-09
     7	1.20068790599e-08	2.85601411465e-09	1.48628931746e-08
     8	9.93590976474e-09	2.36390582586e-09	1.22998155906e-08
     9	8.62827927144e-09	2.05251139073e-09	1.06807906622e-08

Measurement: t_ro68
  step	t_ro68	FROM	TO
     1	6.40000317928e-09	1.53763838246e-09	7.93764156174e-09
     2	5.36661039722e-09	1.28872350226e-09	6.65533389948e-09
     3	4.72117143603e-09	1.13283748247e-09	5.85400891849e-09
     4	8.9789478454e-09	2.15946827035e-09	1.11384161158e-08
     5	7.40862066327e-09	1.77993829588e-09	9.18855895915e-09
     6	6.41871947003e-09	1.54118185903e-09	7.95990132906e-09
     7	1.30563546825e-08	3.14034492572e-09	1.61966996082e-08
     8	1.06887448966e-08	2.56841990985e-09	1.32571648064e-08
     9	9.20014375979e-09	2.20964882792e-09	1.14097925877e-08

Measurement: t_ro69
  step	t_ro69	FROM	TO
     1	6.13915956841e-09	1.47570751108e-09	7.61486707949e-09
     2	5.20239810223e-09	1.24767062847e-09	6.45006873069e-09
     3	4.59993308666e-09	1.10181667204e-09	5.7017497587e-09
     4	8.57161688058e-09	2.06210666193e-09	1.06337235425e-08
     5	7.13123379197e-09	1.71186647958e-09	8.84310027155e-09
     6	6.21521541925e-09	1.4898887109e-09	7.70510413015e-09
     7	1.23909459302e-08	2.9818508648e-09	1.5372796795e-08
     8	1.02272673674e-08	2.456189038e-09	1.26834564054e-08
     9	8.85531597165e-09	2.12398265783e-09	1.09792986295e-08

Measurement: t_ro70
  step	t_ro70	FROM	TO
     1	5.84445004695e-09	1.40058919886e-09	7.2450392458e-09
     2	4.98778391057e-09	1.19296253902e-09	6.1807464496e-09
     3	4.44807468362e-09	1.06291853561e-09	5.51099321922e-09
     4	8.06104969415e-09	1.93201778407e-09	9.99306747822e-09
     5	6.7698159644e-09	1.6197719451e-09	8.3895879095e-09
     6	5.9441646779e-09	1.42062680234e-09	7.36479148024e-09
     7	1.1538274568e-08	2.76492753428e-09	1.43032021023e-08
     8	9.61484528083e-09	2.30035287261e-09	1.19151981534e-08
     9	8.38901155137e-09	2.00483654923e-09	1.03938481006e-08

Measurement: t_ro71
  step	t_ro71	FROM	TO
     1	5.9786732708e-09	1.43625867522e-09	7.41493194603e-09
     2	5.09991117657e-09	1.22300804521e-09	6.32291922177e-09
     3	4.52026445757e-09	1.08248860956e-09	5.60275306713e-09
     4	8.28736718153e-09	1.99171715255e-09	1.02790843341e-08
     5	6.93724664345e-09	1.66450059096e-09	8.60174723441e-09
     6	6.07281741254e-09	1.45522238515e-09	7.5280397977e-09
     7	1.19116005575e-08	2.86300881288e-09	1.47746093703e-08
     8	9.89621591392e-09	2.37507402546e-09	1.22712899394e-08
     9	8.60865621607e-09	2.06363894708e-09	1.06722951631e-08

Measurement: t_ro72
  step	t_ro72	FROM	TO
     1	6.19879955725e-09	1.48763383253e-09	7.68643338978e-09
     2	5.21136205033e-09	1.24879718427e-09	6.4601592346e-09
     3	4.59436474659e-09	1.09989044899e-09	5.69425519558e-09
     4	8.69188765234e-09	2.08611326373e-09	1.07780009161e-08
     5	7.15638280395e-09	1.71566308291e-09	8.87204588686e-09
     6	6.21009523809e-09	1.48711159447e-09	7.69720683256e-09
     7	1.25873372242e-08	3.02101516271e-09	1.56083523869e-08
     8	1.02711930072e-08	2.46290190059e-09	1.27340949078e-08
     9	8.84937347277e-09	2.1197702746e-09	1.09691437474e-08

Measurement: t_ro73
  step	t_ro73	FROM	TO
     1	5.76000269165e-09	1.38621461563e-09	7.14621730728e-09
     2	4.93118989956e-09	1.18466056788e-09	6.11585046745e-09
     3	4.4024069184e-09	1.05588767337e-09	5.45829459177e-09
     4	7.88283884265e-09	1.89925341616e-09	9.78209225881e-09
     5	6.65006866399e-09	1.599697295e-09	8.24976595898e-09
     6	5.85781148523e-09	1.40694530197e-09	7.2647567872e-09
     7	1.12252456502e-08	2.70625064565e-09	1.39314962959e-08
     8	9.40002325384e-09	2.26295888845e-09	1.16629821423e-08
     9	8.23026395019e-09	1.97888438823e-09	1.02091483384e-08

Measurement: t_ro74
  step	t_ro74	FROM	TO
     1	5.99894768973e-09	1.43972268315e-09	7.43867037287e-09
     2	5.10831574757e-09	1.22372589307e-09	6.33204164064e-09
     3	4.53309852336e-09	1.08481627736e-09	5.61791480072e-09
     4	8.28598627227e-09	1.98959592556e-09	1.02755821978e-08
     5	6.9361745032e-09	1.66261615043e-09	8.59879065363e-09
     6	6.07239520831e-09	1.45381843954e-09	7.52621364786e-09
     7	1.18858527571e-08	2.85412621444e-09	1.47399789716e-08
     8	9.87528005274e-09	2.36759921548e-09	1.22428792682e-08
     9	8.59212618962e-09	2.05750341238e-09	1.0649629602e-08

Measurement: t_ro75
  step	t_ro75	FROM	TO
     1	6.50520198849e-09	1.56513680326e-09	8.07033879175e-09
     2	5.44062380232e-09	1.30730176326e-09	6.74792556558e-09
     3	4.77691033411e-09	1.1466142497e-09	5.92352458381e-09
     4	9.21858138306e-09	2.21854079307e-09	1.14371221761e-08
     5	7.56099831528e-09	1.81653814972e-09	9.377536465e-09
     6	6.52665022812e-09	1.56683713805e-09	8.09348736617e-09
     7	1.34756869816e-08	3.24280584771e-09	1.67184928293e-08
     8	1.09600896867e-08	2.63323707403e-09	1.35933267607e-08
     9	9.39483099354e-09	2.25547785767e-09	1.16503088512e-08

Measurement: t_ro76
  step	t_ro76	FROM	TO
     1	5.98628906635e-09	1.43643514935e-09	7.4227242157e-09
     2	5.0831567465e-09	1.21846625472e-09	6.30162300123e-09
     3	4.50758187029e-09	1.07982924173e-09	5.58741111201e-09
     4	8.30664868533e-09	1.99380206318e-09	1.03004507485e-08
     5	6.92526297835e-09	1.66054937761e-09	8.58581235596e-09
     6	6.05366938567e-09	1.45065292723e-09	7.5043223129e-09
     7	1.19415904785e-08	2.86591176928e-09	1.48075022478e-08
     8	9.8778069766e-09	2.36857362362e-09	1.22463806002e-08
     9	8.5791703821e-09	2.05597140176e-09	1.06351417839e-08

Measurement: t_ro77
  step	t_ro77	FROM	TO
     1	6.21790360208e-09	1.49575595677e-09	7.71365955885e-09
     2	5.25751477129e-09	1.26289439797e-09	6.52040916926e-09
     3	4.64000059665e-09	1.11400142857e-09	5.75400202522e-09
     4	8.68688143305e-09	2.09039145036e-09	1.07772728834e-08
     5	7.20953250803e-09	1.7326635736e-09	8.94219608163e-09
     6	6.27327698723e-09	1.50672328135e-09	7.78000026857e-09
     7	1.2566003206e-08	3.02469181989e-09	1.55906950259e-08
     8	1.03478290934e-08	2.48774495844e-09	1.28355740519e-08
     9	8.94570216752e-09	2.14943639604e-09	1.10951385636e-08

Measurement: t_ro78
  step	t_ro78	FROM	TO
     1	6.11962730194e-09	1.46696079113e-09	7.58658809307e-09
     2	5.18897907474e-09	1.24253977313e-09	6.43151884787e-09
     3	4.58940083117e-09	1.09832389981e-09	5.68772473098e-09
     4	8.4916111896e-09	2.03576846691e-09	1.05273796565e-08
     5	7.0739620618e-09	1.69442318667e-09	8.76838524847e-09
     6	6.17148005615e-09	1.47732987769e-09	7.64880993384e-09
     7	1.22259836229e-08	2.93072058873e-09	1.51567042116e-08
     8	1.01072083677e-08	2.42099659709e-09	1.25282049648e-08
     9	8.76207146769e-09	2.09757001549e-09	1.08596414832e-08

Measurement: t_ro79
  step	t_ro79	FROM	TO
     1	5.478019104e-09	1.31526119759e-09	6.79328030159e-09
     2	4.75643007189e-09	1.14078627876e-09	5.89721635065e-09
     3	4.27400765324e-09	1.02451232613e-09	5.29851997937e-09
     4	7.39122565072e-09	1.77520858393e-09	9.16643423466e-09
     5	6.32203050908e-09	1.51696351293e-09	7.83899402202e-09
     6	5.61655110945e-09	1.34691974181e-09	6.96347085127e-09
     7	1.04091200332e-08	2.5005207034e-09	1.29096407367e-08
     8	8.8458114203e-09	2.12301196971e-09	1.096882339e-08
     9	7.8170115156e-09	1.87513557387e-09	9.69214708947e-09

Measurement: t_ro80
  step	t_ro80	FROM	TO
     1	5.73121151052e-09	1.37320680411e-09	7.10441831462e-09
     2	4.94582228363e-09	1.18190209402e-09	6.12772437765e-09
     3	4.40623046736e-09	1.05216126704e-09	5.4583917344e-09
     4	7.80563206741e-09	1.87090831368e-09	9.67654038109e-09
     5	6.61675444235e-09	1.58244327713e-09	8.19919771948e-09
     6	5.84033460212e-09	1.39499822217e-09	7.23533282429e-09
     7	1.1082601921e-08	2.65626798748e-09	1.37388699085e-08
     8	9.33190371021e-09	2.23201799609e-09	1.15639217063e-08
     9	8.1907808359e-09	1.95656254474e-09	1.01473433806e-08

Measurement: t_ro81
  step	t_ro81	FROM	TO
     1	6.35762239582e-09	1.53125450643e-09	7.88887690225e-09
     2	5.3362421854e-09	1.28377444916e-09	6.62001663457e-09
     3	4.69575902574e-09	1.12810173038e-09	5.82386075612e-09
     4	8.92528705594e-09	2.15173892641e-09	1.10770259823e-08
     5	7.35316168672e-09	1.7708068705e-09	9.12396855721e-09
     6	6.37070578773e-09	1.53231637051e-09	7.90302215825e-09
     7	1.29522557832e-08	3.12452834203e-09	1.60767841253e-08
     8	1.05855423716e-08	2.5507807199e-09	1.31363230915e-08
     9	9.11091134066e-09	2.19346985221e-09	1.13043811929e-08

Measurement: t_ro82
  step	t_ro82	FROM	TO
     1	6.17377340715e-09	1.47859580598e-09	7.65236921313e-09
     2	5.2284971012e-09	1.25037872856e-09	6.47887582975e-09
     3	4.6379356314e-09	1.10847049243e-09	5.74640612383e-09
     4	8.59398680995e-09	2.05839251867e-09	1.06523793286e-08
     5	7.15014645696e-09	1.71002704473e-09	8.86017350169e-09
     6	6.23024799183e-09	1.48868318828e-09	7.71893118012e-09
     7	1.24091096748e-08	2.9708933268e-09	1.53800030016e-08
     8	1.02462326384e-08	2.44975481332e-09	1.26959874517e-08
     9	8.87189337315e-09	2.11932085972e-09	1.09912142329e-08

Measurement: t_ro83
  step	t_ro83	FROM	TO
     1	5.94604995398e-09	1.43379023632e-09	7.3798401903e-09
     2	5.07566467253e-09	1.22218683195e-09	6.29785150448e-09
     3	4.50471424333e-09	1.08373459761e-09	5.58844884094e-09
     4	8.20201186131e-09	1.9797735429e-09	1.01817854042e-08
     5	6.88002195465e-09	1.65860032711e-09	8.53862228176e-09
     6	6.02795013059e-09	1.4518003905e-09	7.47975052109e-09
     7	1.17565016579e-08	2.83917362332e-09	1.45956752812e-08
     8	9.78527981257e-09	2.36035494767e-09	1.21456347602e-08
     9	8.52380045956e-09	2.05431771945e-09	1.0578118179e-08

Measurement: t_ro84
  step	t_ro84	FROM	TO
     1	6.02646094105e-09	1.44698407886e-09	7.47344501991e-09
     2	5.12000407954e-09	1.22739369503e-09	6.34739777457e-09
     3	4.53739398906e-09	1.08753556142e-09	5.62492955048e-09
     4	8.3733930757e-09	2.01067150805e-09	1.03840645838e-08
     5	6.98409419148e-09	1.67550887183e-09	8.65960306331e-09
     6	6.10250350029e-09	1.46315006377e-09	7.56565356406e-09
     7	1.20419511753e-08	2.89150051943e-09	1.49334516947e-08
     8	9.96493211475e-09	2.39068693193e-09	1.23556190467e-08
     9	8.65078449689e-09	2.07430358569e-09	1.07250880826e-08

Measurement: t_ro85
  step	t_ro85	FROM	TO
     1	6.52690735672e-09	1.57198834526e-09	8.09889570198e-09
     2	5.43998085494e-09	1.30848215729e-09	6.74846301223e-09
     3	4.76555058049e-09	1.14577696506e-09	5.91132754555e-09
     4	9.26280826409e-09	2.23292894542e-09	1.14957372095e-08
     5	7.56152011653e-09	1.82067624835e-09	9.38219636488e-09
     6	6.51492428457e-09	1.56782648731e-09	8.08275077189e-09
     7	1.35534386289e-08	3.26899752127e-09	1.68224361502e-08
     8	1.09632360571e-08	2.64140988453e-09	1.36046459417e-08
     9	9.3755873351e-09	2.257704973e-09	1.16332923081e-08

Measurement: t_ro86
  step	t_ro86	FROM	TO
     1	5.87119722057e-09	1.40859720679e-09	7.27979442736e-09
     2	5.01962149947e-09	1.20288882381e-09	6.22251032328e-09
     3	4.46761142847e-09	1.06974737377e-09	5.53735880225e-09
     4	8.07499680777e-09	1.93776492042e-09	1.00127617282e-08
     5	6.79189635717e-09	1.62803200314e-09	8.41992836031e-09
     6	5.96491830835e-09	1.42867808153e-09	7.39359638988e-09
     7	1.15479846413e-08	2.77117260305e-09	1.43191572443e-08
     8	9.64349626963e-09	2.3117642531e-09	1.19552605227e-08
     9	8.41875490429e-09	2.01657320216e-09	1.04353281065e-08

Measurement: t_ro87
  step	t_ro87	FROM	TO
     1	5.89429699427e-09	1.41444719333e-09	7.3087441876e-09
     2	5.03287359803e-09	1.20614315006e-09	6.23901674809e-09
     3	4.4798833204e-09	1.07215862115e-09	5.55204194155e-09
     4	8.09986983838e-09	1.94473984604e-09	1.00446096844e-08
     5	6.80875410982e-09	1.6325478096e-09	8.44130191942e-09
     6	5.97773195192e-09	1.43225629793e-09	7.40998824985e-09
     7	1.15764041111e-08	2.77984633285e-09	1.43562504439e-08
     8	9.66039382679e-09	2.31667297383e-09	1.19770668006e-08
     9	8.43082867566e-09	2.02041011061e-09	1.04512387863e-08

Measurement: t_ro88
  step	t_ro88	FROM	TO
     1	6.04654478213e-09	1.45475523317e-09	7.50130001531e-09
     2	5.12464923951e-09	1.23194729462e-09	6.35659653413e-09
     3	4.53955604124e-09	1.09137892081e-09	5.63093496205e-09
     4	8.39266943493e-09	2.0208505069e-09	1.04135199418e-08
     5	6.98712900158e-09	1.68114491522e-09	8.6682739168e-09
     6	6.09927395076e-09	1.46711782945e-09	7.5663917802e-09
     7	1.20732779893e-08	2.90852425024e-09	1.49818022396e-08
     8	9.96918357498e-09	2.3997708229e-09	1.23689543979e-08
     9	8.64505840286e-09	2.08060936392e-09	1.07256677668e-08

Measurement: t_ro89
  step	t_ro89	FROM	TO
     1	6.42189524698e-09	1.55300150215e-09	7.97489674913e-09
     2	5.3709514148e-09	1.29466481323e-09	6.66561622804e-09
     3	4.70942011826e-09	1.13323136904e-09	5.8426514873e-09
     4	9.09624576702e-09	2.20399371881e-09	1.13002394858e-08
     5	7.44370243673e-09	1.7983887625e-09	9.24209119924e-09
     6	6.42564170087e-09	1.54941966348e-09	7.97506136435e-09
     7	1.32733916084e-08	3.21819528017e-09	1.64915868886e-08
     8	1.0765008044e-08	2.60342714839e-09	1.33684351924e-08
     9	9.22485334622e-09	2.22713336572e-09	1.14519867119e-08

Measurement: t_ro90
  step	t_ro90	FROM	TO
     1	5.82560482672e-09	1.39758090758e-09	7.2231857343e-09
     2	4.99011200209e-09	1.19588914703e-09	6.18600114912e-09
     3	4.44559430356e-09	1.06464558789e-09	5.51023989145e-09
     4	8.00835504561e-09	1.92159298464e-09	9.92994803025e-09
     5	6.74666244659e-09	1.61725333017e-09	8.36391577675e-09
     6	5.93065496144e-09	1.42091573128e-09	7.35157069272e-09
     7	1.14385775532e-08	2.74462762126e-09	1.41832051744e-08
     8	9.56655216464e-09	2.2933754082e-09	1.18599275728e-08
     9	8.36036220737e-09	2.00303967006e-09	1.03634018774e-08

Measurement: t_ro91
  step	t_ro91	FROM	TO
     1	6.27891155948e-09	1.51574569062e-09	7.7946572501e-09
     2	5.28000067362e-09	1.27171167155e-09	6.55171234517e-09
     3	4.6399996382e-09	1.11833216273e-09	5.75833180093e-09
     4	8.85237052668e-09	2.13946044931e-09	1.0991830976e-08
     5	7.28799169426e-09	1.75811569585e-09	9.04610739011e-09
     6	6.3165270477e-09	1.52241511134e-09	7.83894215904e-09
     7	1.28604399051e-08	3.10978390065e-09	1.59702238058e-08
     8	1.04954370636e-08	2.53329783128e-09	1.30287348949e-08
     9	9.03148286743e-09	2.17800467051e-09	1.12094875379e-08

Measurement: t_ro92
  step	t_ro92	FROM	TO
     1	5.92000021466e-09	1.42000944715e-09	7.34000966181e-09
     2	5.02411593732e-09	1.20312528316e-09	6.22724122048e-09
     3	4.46309638785e-09	1.06697696918e-09	5.53007335704e-09
     4	8.19458323884e-09	1.96629950029e-09	1.01608827391e-08
     5	6.82153214373e-09	1.63417008089e-09	8.45570222462e-09
     6	5.96631332757e-09	1.42722582528e-09	7.39353915284e-09
     7	1.17606670138e-08	2.82155148675e-09	1.45822185005e-08
     8	9.70248336407e-09	2.32428010477e-09	1.20267634688e-08
     9	8.42644286216e-09	2.01612799844e-09	1.04425708606e-08

Measurement: t_ro93
  step	t_ro93	FROM	TO
     1	5.76000213326e-09	1.3808885318e-09	7.14089066506e-09
     2	4.95999992422e-09	1.18649368592e-09	6.14649361014e-09
     3	4.40902541462e-09	1.05437693893e-09	5.46340235355e-09
     4	7.89962738172e-09	1.89297226056e-09	9.79259964229e-09
     5	6.66188739539e-09	1.59446940877e-09	8.25635680416e-09
     6	5.86579469183e-09	1.4029211105e-09	7.26871580233e-09
     7	1.12541799633e-08	2.69631487459e-09	1.39504948379e-08
     8	9.42160404265e-09	2.25466157062e-09	1.16762656133e-08
     9	8.24584630193e-09	1.97183171661e-09	1.02176780185e-08

Measurement: t_ro94
  step	t_ro94	FROM	TO
     1	5.83027768731e-09	1.40693680703e-09	7.23721449435e-09
     2	4.99253022221e-09	1.20156630012e-09	6.19409652233e-09
     3	4.45147130939e-09	1.06914031747e-09	5.52061162685e-09
     4	7.99907813349e-09	1.93332508634e-09	9.93240321983e-09
     5	6.74014385705e-09	1.62449003586e-09	8.36463389291e-09
     6	5.92717319791e-09	1.42606377279e-09	7.35323697071e-09
     7	1.14186446473e-08	2.76125819752e-09	1.41799028449e-08
     8	9.55021121015e-09	2.30358841788e-09	1.1853799628e-08
     9	8.34764804653e-09	2.01035606249e-09	1.0358004109e-08

Measurement: t_ro95
  step	t_ro95	FROM	TO
     1	5.92995248177e-09	1.42617279007e-09	7.35612527184e-09
     2	5.05599853411e-09	1.21401574099e-09	6.2700142751e-09
     3	4.4800114659e-09	1.07448056069e-09	5.55449202658e-09
     4	8.19582565013e-09	1.97199782278e-09	1.01678234729e-08
     5	6.85918345475e-09	1.64746631714e-09	8.50664977189e-09
     6	6.00707244076e-09	1.44133852813e-09	7.44841096889e-09
     7	1.1750148091e-08	2.82728659362e-09	1.45774346847e-08
     8	9.75602308523e-09	2.34383714738e-09	1.20998602326e-08
     9	8.48972307712e-09	2.03749536253e-09	1.05272184396e-08

Measurement: t_ro96
  step	t_ro96	FROM	TO
     1	5.88107983499e-09	1.40939163431e-09	7.2904714693e-09
     2	5.02781623514e-09	1.20358063569e-09	6.23139687084e-09
     3	4.47999221815e-09	1.07097772138e-09	5.55096993953e-09
     4	8.08570286394e-09	1.93760483717e-09	1.00233077011e-08
     5	6.79999828978e-09	1.62766603392e-09	8.4276643237e-09
     6	5.97192296839e-09	1.42856739356e-09	7.40049036195e-09
     7	1.15605159535e-08	2.76980346545e-09	1.43303194189e-08
     8	9.65195259233e-09	2.30991063923e-09	1.19618632316e-08
     9	8.42604443047e-09	2.01520631309e-09	1.04412507436e-08

Measurement: t_ro97
  step	t_ro97	FROM	TO
     1	5.834421322e-09	1.39970089173e-09	7.23412221372e-09
     2	4.99775390981e-09	1.19687608569e-09	6.1946299955e-09
     3	4.45267855781e-09	1.06583801565e-09	5.51851657346e-09
     4	7.96225876594e-09	1.91073755152e-09	9.87299631746e-09
     5	6.71890254512e-09	1.60983037342e-09	8.32873291854e-09
     6	5.91129688584e-09	1.41519620348e-09	7.32649308933e-09
     7	1.13339841536e-08	2.71995331079e-09	1.40539374644e-08
     8	9.49953441833e-09	2.27634462257e-09	1.17758790409e-08
     9	8.31036528969e-09	1.98963683894e-09	1.03000021286e-08

Measurement: t_ro98
  step	t_ro98	FROM	TO
     1	5.92000059988e-09	1.41930624834e-09	7.33930684822e-09
     2	5.05853735549e-09	1.21041575278e-09	6.26895310827e-09
     3	4.49400987012e-09	1.07422623346e-09	5.56823610358e-09
     4	8.16877236013e-09	1.95745113232e-09	1.01262234924e-08
     5	6.8576063627e-09	1.64095784729e-09	8.49856420999e-09
     6	6.01409670151e-09	1.43774697844e-09	7.45184367995e-09
     7	1.17004067804e-08	2.80327177405e-09	1.45036785545e-08
     8	9.7481119939e-09	2.33274183335e-09	1.20808538273e-08
     9	8.49715007312e-09	2.03145268628e-09	1.05286027594e-08

Measurement: t_ro99
  step	t_ro99	FROM	TO
     1	6.12781676613e-09	1.47082961956e-09	7.59864638569e-09
     2	5.18082407218e-09	1.24234939945e-09	6.42317347163e-09
     3	4.57818776795e-09	1.09763936473e-09	5.67582713268e-09
     4	8.57918187257e-09	2.0593196367e-09	1.06385015093e-08
     5	7.11433036846e-09	1.70586924046e-09	8.82019960892e-09
     6	6.194050801e-09	1.48484560192e-09	7.67889640292e-09
     7	1.23982364779e-08	2.9751658599e-09	1.53734023378e-08
     8	1.01967027392e-08	2.44436979164e-09	1.26410725309e-08
     9	8.81737983175e-09	2.11319797868e-09	1.09305778104e-08

Measurement: t_ro100
  step	t_ro100	FROM	TO
     1	6.24000009904e-09	1.49973491463e-09	7.73973501366e-09
     2	5.26792476634e-09	1.26388400237e-09	6.53180876871e-09
     3	4.64000030239e-09	1.11218578802e-09	5.75218609041e-09
     4	8.78639016652e-09	2.11206424228e-09	1.08984544088e-08
     5	7.25629548942e-09	1.74155518171e-09	8.99785067113e-09
     6	6.29955252709e-09	1.51063939015e-09	7.81019191724e-09
     7	1.27475156519e-08	3.06476088559e-09	1.58122765375e-08
     8	1.04408735669e-08	2.50640185199e-09	1.29472754189e-08
     9	9.00231888713e-09	2.15936428566e-09	1.11616831728e-08

Measurement: t_ro101
  step	t_ro101	FROM	TO
     1	6.05168900829e-09	1.46088910361e-09	7.5125781119e-09
     2	5.13610670955e-09	1.23783571159e-09	6.37394242114e-09
     3	4.54826984681e-09	1.09507620438e-09	5.64334605119e-09
     4	8.4210762508e-09	2.03413883761e-09	1.04552150884e-08
     5	7.01863177122e-09	1.69299937248e-09	8.7116311437e-09
     6	6.1277787881e-09	1.47653095771e-09	7.60430974581e-09
     7	1.21395787261e-08	2.93308890983e-09	1.5072667636e-08
     8	1.00369844555e-08	2.42191352716e-09	1.24588979826e-08
     9	8.70585053852e-09	2.09877733379e-09	1.08046278723e-08

Measurement: t_ro102
  step	t_ro102	FROM	TO
     1	5.56047877453e-09	1.32834678843e-09	6.88882556297e-09
     2	4.8112524196e-09	1.14818438315e-09	5.95943680275e-09
     3	4.31981330971e-09	1.02967281419e-09	5.3494861239e-09
     4	7.51446636285e-09	1.79508143221e-09	9.30954779507e-09
     5	6.40787209667e-09	1.52899730971e-09	7.93686940638e-09
     6	5.68242292448e-09	1.35534163033e-09	7.03776455481e-09
     7	1.06006486007e-08	2.53108544186e-09	1.31317340426e-08
     8	8.98104405017e-09	2.14234678299e-09	1.11233908332e-08
     9	7.92091803467e-09	1.88850345629e-09	9.80942149096e-09

Measurement: t_ro103
  step	t_ro103	FROM	TO
     1	5.81325800435e-09	1.3937505247e-09	7.20700852906e-09
     2	4.96000131553e-09	1.18872568303e-09	6.14872699856e-09
     3	4.43311392327e-09	1.06101682413e-09	5.4941307474e-09
     4	7.98179742707e-09	1.91392896436e-09	9.89572639143e-09
     5	6.71996994957e-09	1.6091162157e-09	8.32908616527e-09
     6	5.90818868549e-09	1.41430234472e-09	7.32249103021e-09
     7	1.13943033309e-08	2.73181842564e-09	1.41261217566e-08
     8	9.52222297299e-09	2.28079576092e-09	1.18030187339e-08
     9	8.3202413509e-09	1.9921603593e-09	1.03124017102e-08

Measurement: t_ro104
  step	t_ro104	FROM	TO
     1	6.2994350876e-09	1.51348202757e-09	7.81291711517e-09
     2	5.30837139996e-09	1.27350089012e-09	6.58187229008e-09
     3	4.67917029651e-09	1.1213901711e-09	5.80056046761e-09
     4	8.82715831977e-09	2.12171066025e-09	1.094886898e-08
     5	7.30885479268e-09	1.75400263675e-09	9.06285742943e-09
     6	6.34620400835e-09	1.52143721252e-09	7.86764122087e-09
     7	1.28123094982e-08	3.07961281618e-09	1.58919223144e-08
     8	1.05260396228e-08	2.5264384948e-09	1.30524781176e-08
     9	9.08043341727e-09	2.17738370434e-09	1.12578171216e-08

Measurement: t_ro105
  step	t_ro105	FROM	TO
     1	6.18516419744e-09	1.43376185329e-09	7.61892605072e-09
     2	5.23733339395e-09	1.19335319889e-09	6.43068659284e-09
     3	4.62076568662e-09	1.10544485633e-09	5.72621054295e-09
     4	8.61082201208e-09	2.00461176852e-09	1.06154337806e-08
     5	7.1488766139e-09	1.64275960265e-09	8.79163621655e-09
     6	6.22493342103e-09	1.41628461674e-09	7.64121803777e-09
     7	1.24254128832e-08	2.89749354546e-09	1.53229064286e-08
     8	1.02332547312e-08	2.37474732427e-09	1.26080020555e-08
     9	8.85207803296e-09	2.02488464283e-09	1.08769626758e-08

Measurement: t_ro106
  step	t_ro106	FROM	TO
     1	5.90801708566e-09	1.41336540253e-09	7.32138248819e-09
     2	5.04575457327e-09	1.20582862643e-09	6.2515831997e-09
     3	4.4800616964e-09	1.07145930969e-09	5.55152100609e-09
     4	8.1393443805e-09	1.94676754835e-09	1.00861119288e-08
     5	6.83854587802e-09	1.6339254523e-09	8.47247133032e-09
     6	6.00061280699e-09	1.43291238758e-09	7.43352519457e-09
     7	1.16527455251e-08	2.78597244007e-09	1.44387179652e-08
     8	9.71882563773e-09	2.32129431906e-09	1.20401199568e-08
     9	8.47648452764e-09	2.0235215612e-09	1.05000060888e-08

Measurement: t_ro107
  step	t_ro107	FROM	TO
     1	5.85230942514e-09	1.39825975214e-09	7.25056917728e-09
     2	4.99834764839e-09	1.19285855826e-09	6.19120620664e-09
     3	4.45093889907e-09	1.06193222482e-09	5.51287112389e-09
     4	8.07007329578e-09	1.92758272038e-09	9.99765601616e-09
     5	6.77469820089e-09	1.61651664708e-09	8.39121484798e-09
     6	5.9460306358e-09	1.41817618572e-09	7.36420682152e-09
     7	1.15498754477e-08	2.75737609538e-09	1.43072515431e-08
     8	9.61991139271e-09	2.29458776579e-09	1.19144991585e-08
     9	8.38975515269e-09	2.00026262004e-09	1.03900177727e-08

Measurement: t_ro108
  step	t_ro108	FROM	TO
     1	6.28187457958e-09	1.4984573335e-09	7.78033191308e-09
     2	5.27999903389e-09	1.25805622446e-09	6.53805525835e-09
     3	4.65154211973e-09	1.10851119557e-09	5.7600533153e-09
     4	8.85314690328e-09	2.11067979449e-09	1.09638266978e-08
     5	7.29980900118e-09	1.73944756351e-09	9.03925656469e-09
     6	6.32951887291e-09	1.50783551594e-09	7.83735438885e-09
     7	1.28682198324e-08	3.0662261269e-09	1.59344459593e-08
     8	1.05191867187e-08	2.50545519616e-09	1.30246419149e-08
     9	9.05691960789e-09	2.15662276922e-09	1.12135423771e-08

Measurement: t_ro109
  step	t_ro109	FROM	TO
     1	5.76921932471e-09	1.38290962441e-09	7.15212894911e-09
     2	4.93715184026e-09	1.18256107726e-09	6.11971291751e-09
     3	4.40001925222e-09	1.05383534282e-09	5.45385459503e-09
     4	7.92446968109e-09	1.89984440814e-09	9.82431408923e-09
     5	6.66073128505e-09	1.59540802065e-09	8.2561393057e-09
     6	5.85608064695e-09	1.40190120224e-09	7.25798184919e-09
     7	1.12978701371e-08	2.70827508187e-09	1.4006145219e-08
     8	9.42263375706e-09	2.25676826822e-09	1.16794020253e-08
     9	8.23252279155e-09	1.97068966912e-09	1.02032124607e-08

Measurement: t_ro110
  step	t_ro110	FROM	TO
     1	6.16482902094e-09	1.49411908005e-09	7.65894810099e-09
     2	5.20746301157e-09	1.25545582666e-09	6.46291883823e-09
     3	4.60122057077e-09	1.10630028178e-09	5.70752085255e-09
     4	8.60688444356e-09	2.09037155922e-09	1.06972560028e-08
     5	7.1367157922e-09	1.72618636533e-09	8.86290215752e-09
     6	6.21163515093e-09	1.49814720527e-09	7.7097823562e-09
     7	1.24304516114e-08	3.02155768045e-09	1.54520092918e-08
     8	1.02229926597e-08	2.47611740235e-09	1.2699110062e-08
     9	8.83819616273e-09	2.13579511988e-09	1.09739912826e-08

Measurement: t_ro111
  step	t_ro111	FROM	TO
     1	5.81116363275e-09	1.39706979363e-09	7.20823342638e-09
     2	4.97217582621e-09	1.19364173482e-09	6.16581756104e-09
     3	4.4387939925e-09	1.06388580126e-09	5.50267979376e-09
     4	7.9865658412e-09	1.92147857842e-09	9.90804441962e-09
     5	6.7278155685e-09	1.61627503375e-09	8.34409060225e-09
     6	5.92008493063e-09	1.42108374985e-09	7.34116868048e-09
     7	1.1402083207e-08	2.74381266468e-09	1.41458958717e-08
     8	9.5374331252e-09	2.29244207603e-09	1.18298752012e-08
     9	8.34043779559e-09	2.0026110137e-09	1.03430488093e-08

Measurement: t_ro112
  step	t_ro112	FROM	TO
     1	6.08000510993e-09	1.46574795769e-09	7.54575306762e-09
     2	5.15234411699e-09	1.24004617572e-09	6.3923902927e-09
     3	4.5600154809e-09	1.09725195934e-09	5.65726744024e-09
     4	8.42138098476e-09	2.03178982188e-09	1.04531708066e-08
     5	7.02147216371e-09	1.69141377435e-09	8.71288593806e-09
     6	6.12992398073e-09	1.47561267972e-09	7.60553666045e-09
     7	1.21187128398e-08	2.92566194085e-09	1.50443747807e-08
     8	1.00256327151e-08	2.41653545713e-09	1.24421681722e-08
     9	8.69822169419e-09	2.09493674841e-09	1.07931584426e-08

Measurement: t_ro113
  step	t_ro113	FROM	TO
     1	5.63552489225e-09	1.35186374135e-09	6.98738863359e-09
     2	4.84482177736e-09	1.16087191686e-09	6.00569369423e-09
     3	4.33810193836e-09	1.03894489827e-09	5.37704683663e-09
     4	7.70263220677e-09	1.84790971856e-09	9.55054192532e-09
     5	6.51507287017e-09	1.5613061395e-09	8.07637900968e-09
     6	5.75289132938e-09	1.377872743e-09	7.13076407237e-09
     7	1.09337915077e-08	2.62303093033e-09	1.3556822438e-08
     8	9.1779380663e-09	2.19949819377e-09	1.13774362601e-08
     9	8.05483073257e-09	1.9292843101e-09	9.98411504267e-09

Measurement: t_ro114
  step	t_ro114	FROM	TO
     1	5.95379342237e-09	1.42828941251e-09	7.38208283488e-09
     2	5.08244546932e-09	1.21797228016e-09	6.30041774949e-09
     3	4.50117622654e-09	1.0770202317e-09	5.57819645824e-09
     4	8.22200326987e-09	1.97283142389e-09	1.01948346938e-08
     5	6.88985327619e-09	1.65131701754e-09	8.54117029373e-09
     6	6.03596488817e-09	1.44537198046e-09	7.48133686862e-09
     7	1.17932918445e-08	2.82964714866e-09	1.46229389932e-08
     8	9.80945519995e-09	2.35121873388e-09	1.21606739338e-08
     9	8.54082684638e-09	2.04552474456e-09	1.05863515909e-08

Measurement: t_ro115
  step	t_ro115	FROM	TO
     1	5.91999985444e-09	1.41529487709e-09	7.33529473153e-09
     2	5.05089804151e-09	1.20638506989e-09	6.2572831114e-09
     3	4.48419136334e-09	1.07134082271e-09	5.55553218605e-09
     4	8.17049908119e-09	1.95262527766e-09	1.01231243588e-08
     5	6.85166377912e-09	1.63607924371e-09	8.48774302283e-09
     6	6.00691634228e-09	1.43378725993e-09	7.44070360221e-09
     7	1.17101561474e-08	2.79726726126e-09	1.45074234086e-08
     8	9.74464665557e-09	2.32596575134e-09	1.20706124069e-08
     9	8.49049801794e-09	2.02582270018e-09	1.05163207181e-08

Measurement: t_ro116
  step	t_ro116	FROM	TO
     1	6.08000661153e-09	1.45786980379e-09	7.53787641532e-09
     2	5.14744881516e-09	1.23288170528e-09	6.38033052044e-09
     3	4.5618711197e-09	1.09137472204e-09	5.65324584174e-09
     4	8.45401347572e-09	2.02921779581e-09	1.04832312715e-08
     5	7.04003369911e-09	1.6870246244e-09	8.72705832351e-09
     6	6.14331195614e-09	1.47001596263e-09	7.61332791877e-09
     7	1.21904548272e-08	2.92573438773e-09	1.51161892149e-08
     8	1.00680508143e-08	2.41200502793e-09	1.24800558422e-08
     9	8.73057181095e-09	2.08901185867e-09	1.08195836696e-08

Measurement: t_ro117
  step	t_ro117	FROM	TO
     1	6.55800761477e-09	1.5669039491e-09	8.12491156386e-09
     2	5.43999643232e-09	1.29990068193e-09	6.73989711425e-09
     3	4.74404308955e-09	1.13287881131e-09	5.87692190086e-09
     4	9.37270581872e-09	2.23949974929e-09	1.1612205568e-08
     5	7.58120958173e-09	1.8106470144e-09	9.39185659612e-09
     6	6.50598768645e-09	1.55343870368e-09	8.05942639013e-09
     7	1.37561663373e-08	3.28600666269e-09	1.7042173e-08
     8	1.10140189402e-08	2.63008188399e-09	1.36441008242e-08
     9	9.37449701513e-09	2.23797066668e-09	1.16124676818e-08

Measurement: t_ro118
  step	t_ro118	FROM	TO
     1	5.95376424717e-09	1.4389869531e-09	7.39275120027e-09
     2	5.08192200327e-09	1.2221833818e-09	6.30410538507e-09
     3	4.51043868778e-09	1.08221086737e-09	5.59264955515e-09
     4	8.21338549529e-09	1.98995684712e-09	1.02033423424e-08
     5	6.88897203512e-09	1.66121547565e-09	8.55018751076e-09
     6	6.03758159968e-09	1.4517649204e-09	7.48934652008e-09
     7	1.1772426993e-08	2.8538629451e-09	1.46262899381e-08
     8	9.80117186389e-09	2.36693696892e-09	1.21681088328e-08
     9	8.53708792781e-09	2.05607419068e-09	1.05931621185e-08

Measurement: t_ro119
  step	t_ro119	FROM	TO
     1	6.36970711151e-09	1.52683501933e-09	7.89654213084e-09
     2	5.34173192976e-09	1.27813363533e-09	6.61986556509e-09
     3	4.69832999304e-09	1.12291620609e-09	5.82124619913e-09
     4	8.92272074308e-09	2.13913926687e-09	1.10618600099e-08
     5	7.3402414188e-09	1.75582491664e-09	9.09606633544e-09
     6	6.35629847037e-09	1.51880889447e-09	7.87510736484e-09
     7	1.29320741686e-08	3.09896878509e-09	1.60310429537e-08
     8	1.05481053026e-08	2.52234329316e-09	1.30704485957e-08
     9	9.07163450329e-09	2.16689063105e-09	1.12385251343e-08

Measurement: t_ro120
  step	t_ro120	FROM	TO
     1	6.25808752367e-09	1.5001914582e-09	7.75827898187e-09
     2	5.27999985345e-09	1.26297290387e-09	6.54297275732e-09
     3	4.63999981013e-09	1.11074960543e-09	5.75074941557e-09
     4	8.78483115704e-09	2.10612518021e-09	1.08909563373e-08
     5	7.25319083356e-09	1.73671574829e-09	8.98990658185e-09
     6	6.29519507901e-09	1.50612963715e-09	7.80132471616e-09
     7	1.27414082458e-08	3.05446425606e-09	1.57958725018e-08
     8	1.0431017702e-08	2.49765981934e-09	1.29286775213e-08
     9	8.99061723854e-09	2.15121126327e-09	1.11418285018e-08

Measurement: t_ro121
  step	t_ro121	FROM	TO
     1	5.87606574263e-09	1.41293758939e-09	7.28900333202e-09
     2	5.00771505423e-09	1.20222474528e-09	6.20993979951e-09
     3	4.45638965704e-09	1.06852116225e-09	5.52491081929e-09
     4	8.12316051316e-09	1.95417769431e-09	1.00773382075e-08
     5	6.80794029152e-09	1.63570266846e-09	8.44364295997e-09
     6	5.97010459579e-09	1.43277910255e-09	7.40288369834e-09
     7	1.16454347147e-08	2.80252889439e-09	1.44479636091e-08
     8	9.68427242271e-09	2.32796216131e-09	1.2012234584e-08
     9	8.43859360317e-09	2.02656828741e-09	1.04651618906e-08

Measurement: t_ro122
  step	t_ro122	FROM	TO
     1	5.84618786078e-09	1.40389999148e-09	7.25008785226e-09
     2	5.00472490179e-09	1.20013930486e-09	6.20486420665e-09
     3	4.46193482231e-09	1.06858361337e-09	5.53051843568e-09
     4	8.00672993069e-09	1.92367058842e-09	9.93040051911e-09
     5	6.74431296985e-09	1.61792453854e-09	8.36223750839e-09
     6	5.92950212543e-09	1.42075356033e-09	7.35025568576e-09
     7	1.14186027648e-08	2.74341381431e-09	1.41620165791e-08
     8	9.54888952542e-09	2.29128905555e-09	1.1840178581e-08
     9	8.34537047891e-09	2.0002647738e-09	1.03456352527e-08

Measurement: t_ro123
  step	t_ro123	FROM	TO
     1	6.08570525544e-09	1.46545218854e-09	7.55115744398e-09
     2	5.14678671342e-09	1.23828614714e-09	6.38507286056e-09
     3	4.56189997519e-09	1.09586420357e-09	5.65776417876e-09
     4	8.49280045781e-09	2.04785230816e-09	1.0540652766e-08
     5	7.05919799459e-09	1.69992662246e-09	8.75912461705e-09
     6	6.15443877008e-09	1.4803628735e-09	7.63480164357e-09
     7	1.22556702893e-08	2.9579495716e-09	1.52136198609e-08
     8	1.01054043095e-08	2.43602008341e-09	1.25414243929e-08
     9	8.75181150897e-09	2.10757992286e-09	1.08593914318e-08

Measurement: t_ro124
  step	t_ro124	FROM	TO
     1	6.39944233113e-09	1.54146763815e-09	7.94090996928e-09
     2	5.36512574837e-09	1.28873161346e-09	6.65385736183e-09
     3	4.71390745133e-09	1.12998676042e-09	5.84389421175e-09
     4	9.01835527833e-09	2.176609342e-09	1.11949646203e-08
     5	7.41269696044e-09	1.78296691512e-09	9.19566387555e-09
     6	6.41270292086e-09	1.53928526362e-09	7.95198818448e-09
     7	1.31259006608e-08	3.1708193931e-09	1.62967200539e-08
     8	1.06985163181e-08	2.57540351056e-09	1.32739198286e-08
     9	9.19078823541e-09	2.20823591352e-09	1.13990241489e-08

Measurement: t_ro125
  step	t_ro125	FROM	TO
     1	5.79411095024e-09	1.39058604212e-09	7.18469699236e-09
     2	4.9599999168e-09	1.18872011904e-09	6.14872003584e-09
     3	4.43661284788e-09	1.06295324157e-09	5.49956608945e-09
     4	7.91572634179e-09	1.90037281036e-09	9.81609915214e-09
     5	6.69027778659e-09	1.60407438593e-09	8.29435217252e-09
     6	5.89318594753e-09	1.41211811329e-09	7.30530406082e-09
     7	1.12662774052e-08	2.70471206752e-09	1.39709894727e-08
     8	9.45691251998e-09	2.26742915413e-09	1.17243416741e-08
     9	8.282811684e-09	1.984595621e-09	1.0267407305e-08

Measurement: t_ro126
  step	t_ro126	FROM	TO
     1	5.70633059444e-09	1.37314160553e-09	7.07947219997e-09
     2	4.8986611196e-09	1.17847359037e-09	6.07713470997e-09
     3	4.3741093948e-09	1.05214530917e-09	5.42625470396e-09
     4	7.81464423977e-09	1.88189067703e-09	9.6965349168e-09
     5	6.59385661136e-09	1.58734817266e-09	8.18120478402e-09
     6	5.81101260593e-09	1.39870239065e-09	7.20971499658e-09
     7	1.11122752494e-08	2.67745674083e-09	1.37897319902e-08
     8	9.30646762661e-09	2.24172174089e-09	1.15481893675e-08
     9	8.15239300624e-09	1.96356026476e-09	1.0115953271e-08

Measurement: t_ro127
  step	t_ro127	FROM	TO
     1	5.97066436712e-09	1.42781089081e-09	7.39847525793e-09
     2	5.08972209987e-09	1.21550767156e-09	6.30522977143e-09
     3	4.51915849416e-09	1.07844204276e-09	5.59760053691e-09
     4	8.2442811725e-09	1.97121264696e-09	1.02154938195e-08
     5	6.90875272671e-09	1.6494908589e-09	8.55824358561e-09
     6	6.05212229432e-09	1.44401822239e-09	7.49614051672e-09
     7	1.1824660838e-08	2.8260130476e-09	1.46506738856e-08
     8	9.83604689539e-09	2.34762417555e-09	1.21836710709e-08
     9	8.56317913662e-09	2.04234569737e-09	1.0605524834e-08

Measurement: freq_ro0
  step	{80/t_ro0}
     1	12500016350.5
     2	14975068377.9
     3	17047016720.1
     4	8861667880.32
     5	10811664983.7
     6	12507857097.3
     7	6085578030.73
     8	7488436431.01
     9	8728121278.53

Measurement: freq_ro1
  step	{80/t_ro1}
     1	13479513992.9
     2	15813558248.5
     3	17823237391
     4	9721292557.55
     5	11624676358.5
     6	13276845049.3
     7	6766170628.98
     8	8155407738.17
     9	9377565383.77

Measurement: freq_ro2
  step	{80/t_ro2}
     1	13634926439.4
     2	15957290691
     3	17929846268.5
     4	9919008585.14
     5	11813591588.8
     6	13459002639.4
     7	6942785587.87
     8	8331521435.78
     9	9550816049.23

Measurement: freq_ro3
  step	{80/t_ro3}
     1	13205035692.6
     2	15563718100.2
     3	17555837205.2
     4	9505041364.7
     5	11394849347.3
     6	13048683619.4
     7	6596229576.37
     8	7968927588.24
     9	9183841602.19

Measurement: freq_ro4
  step	{80/t_ro4}
     1	13325366336
     2	15650188382.5
     3	17656128946
     4	9607264635.53
     5	11491694156.1
     6	13136699844.8
     7	6682225593.31
     8	8053695030.61
     9	9264258739.46

Measurement: freq_ro5
  step	{80/t_ro5}
     1	13765825954.5
     2	16070309470.5
     3	18025857539.5
     4	10045527133.6
     5	11925150733.9
     6	13556679108.2
     7	7048693788.68
     8	8428485859.89
     9	9639268289.57

Measurement: freq_ro6
  step	{80/t_ro6}
     1	13462945516.7
     2	15793824207.7
     3	17788578538.4
     4	9724658186.72
     5	11617220973.4
     6	13265934702.5
     7	6773860445.64
     8	8155865267.38
     9	9373582763.5

Measurement: freq_ro7
  step	{80/t_ro7}
     1	13194750752.7
     2	15599112612.8
     3	17613720546.5
     4	9484778777.99
     5	11406054136.9
     6	13077020884.9
     7	6574835159.07
     8	7971717094.11
     9	9200547004.91

Measurement: freq_ro8
  step	{80/t_ro8}
     1	13671181989.6
     2	15968445976.8
     3	17931179443
     4	9995355497.88
     5	11861750339.8
     6	13491245777.5
     7	7015764869.28
     8	8387660707.03
     9	9595965356.41

Measurement: freq_ro9
  step	{80/t_ro9}
     1	13111898454
     2	15468080654.3
     3	17455762884.6
     4	9449190091.49
     5	11331360931.6
     6	12980677674.6
     7	6563328862.57
     8	7929641105.81
     9	9141005441.42

Measurement: freq_ro10
  step	{80/t_ro10}
     1	12499991936.3
     2	14910025604.2
     3	16957641671.8
     4	8849530087.32
     5	10755726036.7
     6	12430865375
     7	6069849520.4
     8	7438558522.06
     9	8656774271.83

Measurement: freq_ro11
  step	{80/t_ro11}
     1	13166472635.8
     2	15624881129.8
     3	17611097706.3
     4	9446734485.69
     5	11390848854.2
     6	13071842407.8
     7	6551945027.9
     8	7968231235.56
     9	9206248280.22

Measurement: freq_ro12
  step	{80/t_ro12}
     1	13945860721.8
     2	16219183894.7
     3	18168323786.2
     4	10222904572.1
     5	12077130810.5
     6	13692048329
     7	7192942430.07
     8	8557648785.58
     9	9758267367.78

Measurement: freq_ro13
  step	{80/t_ro13}
     1	13760824958.2
     2	16058684352.1
     3	18019993316.3
     4	10028374354.6
     5	11904576223.8
     6	13530985595.7
     7	7025473431.98
     8	8397673037.28
     9	9606380701.65

Measurement: freq_ro14
  step	{80/t_ro14}
     1	12994102469.8
     2	15358780864.1
     3	17382298244.9
     4	9323209491.97
     5	11227543213.1
     6	12891466578
     7	6462762360.74
     8	7844380100.93
     9	9065648427.91

Measurement: freq_ro15
  step	{80/t_ro15}
     1	13513513938.4
     2	15821089268.5
     3	17794642961
     4	9803992998.8
     5	11669042479.5
     6	13299986300.5
     7	6846494299.16
     8	8206784844.12
     9	9410313809.89

Measurement: freq_ro16
  step	{80/t_ro16}
     1	13513513434.4
     2	15819409960.2
     3	17792781897.2
     4	9826181695.23
     5	11692551211.1
     6	13323459936.8
     7	6872768461.7
     8	8236806345.88
     9	9441268969.65

Measurement: freq_ro17
  step	{80/t_ro17}
     1	13609824059
     2	15921648015.3
     3	17886369590
     4	9890228216.67
     5	11765454304.2
     6	13400848490.6
     7	6917174677.95
     8	8290195779.36
     9	9500202576.01

Measurement: freq_ro18
  step	{80/t_ro18}
     1	12380861103.6
     2	14829672154.8
     3	16907218448.4
     4	8732923640.77
     5	10683882696.6
     6	12385336294.7
     7	5981534276.73
     8	7383546266.93
     9	8621544104.25

Measurement: freq_ro19
  step	{80/t_ro19}
     1	13648784723
     2	15950814462
     3	17903963187.2
     4	9956414490.87
     5	11816553658.7
     6	13441677770.7
     7	6978249137.28
     8	8340625082.18
     9	9543324306.92

Measurement: freq_ro20
  step	{80/t_ro20}
     1	13048097928.4
     2	15400062185.9
     3	17400184106.4
     4	9357852969.52
     5	11242330448.4
     6	12893160757.2
     7	6482692158.53
     8	7848916346.09
     9	9059688086.48

Measurement: freq_ro21
  step	{80/t_ro21}
     1	12499997437
     2	14887826701.7
     3	16938980103.2
     4	8860546821.37
     5	10762488060.2
     6	12435809707.5
     7	6084081008.19
     8	7450585412.26
     9	8667391308.85

Measurement: freq_ro22
  step	{80/t_ro22}
     1	12907049515.5
     2	15365110424
     3	17426264348.1
     4	9148888917.9
     5	11122907344.2
     6	12829674259.9
     7	6298299130.14
     8	7728448981.4
     9	8981583006.28

Measurement: freq_ro23
  step	{80/t_ro23}
     1	13299361271.1
     2	15637296328.4
     3	17671960987.2
     4	9562953043.05
     5	11461310308.2
     6	13117085585.3
     7	6640093488.06
     8	8021785770.35
     9	9240517853.02

Measurement: freq_ro24
  step	{80/t_ro24}
     1	13715367925.9
     2	16007815678.4
     3	17966066384.5
     4	10009808326.2
     5	11868191058.8
     6	13492739816.7
     7	7017823841.55
     8	8379125373.53
     9	9581505092.61

Measurement: freq_ro25
  step	{80/t_ro25}
     1	13332483392.7
     2	15643810697.8
     3	17645412839.4
     4	9660957547.8
     5	11539518049.6
     6	13181114746.5
     7	6738301670.24
     8	8107814162.03
     9	9318547111.01

Measurement: freq_ro26
  step	{80/t_ro26}
     1	14073402920.2
     2	16392635837.3
     3	18352936987.5
     4	10259540704.6
     5	12159402929
     6	13797508855
     7	7212014333.91
     8	8613428262.03
     9	9835116074.53

Measurement: freq_ro27
  step	{80/t_ro27}
     1	13707740058.5
     2	16005280841.3
     3	17953852196.9
     4	10000370001.8
     5	11856462541
     6	13476658886
     7	7010620163.52
     8	8367841160.04
     9	9566631920.16

Measurement: freq_ro28
  step	{80/t_ro28}
     1	13725971916.1
     2	16050166978.6
     3	17988317355.1
     4	10028988618.9
     5	11900078668.8
     6	13523859200
     7	7039900668.38
     8	8411513195.86
     9	9617418763.53

Measurement: freq_ro29
  step	{80/t_ro29}
     1	13548838508.4
     2	15874413281
     3	17857126921.3
     4	9818648709.24
     5	11707899939.7
     6	13352444374.7
     7	6856987262.64
     8	8238796406.53
     9	9455231930.6

Measurement: freq_ro30
  step	{80/t_ro30}
     1	13901029903.7
     2	16148974064.7
     3	18130872063.9
     4	10167810113
     5	12025550793
     6	13642849129.9
     7	7144029094.15
     8	8510527719.98
     9	9712432468.97

Measurement: freq_ro31
  step	{80/t_ro31}
     1	13579384460
     2	15895212896.8
     3	17856865643.4
     4	9852374992.01
     5	11729988341
     6	13365762833.9
     7	6885102766.06
     8	8258647252.24
     9	9467804543.1

Measurement: freq_ro32
  step	{80/t_ro32}
     1	12681240797.1
     2	15130127530
     3	17241370741
     4	8966447393.27
     5	10907051619.4
     6	12597434967.5
     7	6153258224.95
     8	7551533189.46
     9	8785284061.62

Measurement: freq_ro33
  step	{80/t_ro33}
     1	12468466742.6
     2	14856466084.2
     3	16915960602.6
     4	8838534809.67
     5	10739866875.1
     6	12414058324
     7	6065310138.19
     8	7429987269.21
     9	8646282782.58

Measurement: freq_ro34
  step	{80/t_ro34}
     1	13345425371
     2	15659725140.2
     3	17655006746.5
     4	9672394017.76
     5	11549987722.1
     6	13191961951.4
     7	6746159600.07
     8	8114806726.24
     9	9325211819.43

Measurement: freq_ro35
  step	{80/t_ro35}
     1	12844549268.6
     2	15292782547.1
     3	17365631203.4
     4	9105064011.12
     5	11075533419.1
     6	12783826953.1
     7	6259691133.09
     8	7684358579.11
     9	8936670974.54

Measurement: freq_ro36
  step	{80/t_ro36}
     1	13043473040.1
     2	15389880908
     3	17395194895
     4	9369641974.59
     5	11249747562.9
     6	12899996276.3
     7	6493919400.6
     8	7856232949.13
     9	9065906952.86

Measurement: freq_ro37
  step	{80/t_ro37}
     1	13653940541.3
     2	15963791992.5
     3	17917052190.3
     4	9926460737.88
     5	11802442955.2
     6	13436275834.2
     7	6943622903.84
     8	8317499227.4
     9	9526998334.95

Measurement: freq_ro38
  step	{80/t_ro38}
     1	13485073537.7
     2	15763850124.9
     3	17736715350.1
     4	9768082234.34
     5	11625643636.8
     6	13253640904
     7	6818715911.6
     8	8173257031.44
     9	9373436186.13

Measurement: freq_ro39
  step	{80/t_ro39}
     1	13344505975.3
     2	15665220111.5
     3	17656141339.5
     4	9671991882.11
     5	11547286584.5
     6	13188133037.5
     7	6742588625.79
     8	8108203618.42
     9	9316654254.25

Measurement: freq_ro40
  step	{80/t_ro40}
     1	12499965806.9
     2	14902262455.5
     3	16964794727.3
     4	8827458212.96
     5	10754174101.4
     6	12438761839.5
     7	6054427580.11
     8	7438525777.34
     9	8663778832.19

Measurement: freq_ro41
  step	{80/t_ro41}
     1	14462804430.7
     2	16722428501.9
     3	18657670100.1
     4	10638512377.1
     5	12518294227.2
     6	14132231617.3
     7	7525480568.27
     8	8919151343
     9	10128020418.8

Measurement: freq_ro42
  step	{80/t_ro42}
     1	13449806024.3
     2	15772158311.4
     3	17748195391.8
     4	9754256642.68
     5	11627930370.5
     6	13266128513.9
     7	6809024791
     8	8178868925.2
     9	9386400933.57

Measurement: freq_ro43
  step	{80/t_ro43}
     1	13127584088.2
     2	15465233382
     3	17454951021.9
     4	9480549734.08
     5	11363603686.1
     6	13010846034.6
     7	6597938871.03
     8	7966404054.14
     9	9178077392.48

Measurement: freq_ro44
  step	{80/t_ro44}
     1	12986868823.9
     2	15372595798.7
     3	17388545103.5
     4	9278793889.81
     5	11191577846.5
     6	12862186315.8
     7	6413204079.15
     8	7798467127.52
     9	9023108722.76

Measurement: freq_ro45
  step	{80/t_ro45}
     1	13888892387.8
     2	16205967419.8
     3	18193854224.6
     4	10115926436.6
     5	12020938513.1
     6	13666205466.7
     7	7094138826.07
     8	8496276123.3
     9	9720636701.22

Measurement: freq_ro46
  step	{80/t_ro46}
     1	12638337099.5
     2	15029827696.1
     3	17062052271.2
     4	8981012287.66
     5	10877673874.7
     6	12546777972
     7	6174247205.38
     8	7538810411.99
     9	8754196912.62

Measurement: freq_ro47
  step	{80/t_ro47}
     1	13744745899.8
     2	16103149889.8
     3	18048061282.1
     4	9985489720.48
     5	11887814966.8
     6	13526867531.8
     7	6993525556.07
     8	8390931104.28
     9	9611451498.28

Measurement: freq_ro48
  step	{80/t_ro48}
     1	13346835328.6
     2	15715478890.9
     3	17745037274.4
     4	9615513150.66
     5	11536320238.3
     6	13205033759
     7	6682402069.93
     8	8079704783.71
     9	9309339821.11

Measurement: freq_ro49
  step	{80/t_ro49}
     1	12643837346.5
     2	15106861724
     3	17216083454.9
     4	8936833492.12
     5	10905775623
     6	12615012922.3
     7	6133552201.92
     8	7554292856.13
     9	8804120471.36

Measurement: freq_ro50
  step	{80/t_ro50}
     1	13989238482.6
     2	16276445927.2
     3	18223300468.3
     4	10253675297.2
     5	12124359114.7
     6	13747944690
     7	7217610014.08
     8	8595000182.73
     9	9804474005.38

Measurement: freq_ro51
  step	{80/t_ro51}
     1	13390426591.9
     2	15696735995
     3	17695565006.9
     4	9672561898.54
     5	11546131793.9
     6	13183972458.1
     7	6737549713.09
     8	8102736256.92
     9	9309799500.53

Measurement: freq_ro52
  step	{80/t_ro52}
     1	13932003303.9
     2	16237520255.3
     3	18194922969.9
     4	10157088410
     5	12041201542.2
     6	13671521940.8
     7	7130869222.11
     8	8517057982.54
     9	9729493632.54

Measurement: freq_ro53
  step	{80/t_ro53}
     1	13620498399.8
     2	15962880167.5
     3	17946478584.5
     4	9918999702.43
     5	11831670355.2
     6	13487059847.1
     7	6946658384.15
     8	8351337678.02
     9	9579442137.01

Measurement: freq_ro54
  step	{80/t_ro54}
     1	13806587148.1
     2	16129030016.2
     3	18053734862.7
     4	10102331081.8
     5	11967391390.6
     6	13591870311.7
     7	7100379372.53
     8	8470578819.06
     9	9675902934.31

Measurement: freq_ro55
  step	{80/t_ro55}
     1	12716786844.8
     2	15141661989.4
     3	17178362907.5
     4	9057256440.35
     5	10979134808.8
     6	12655613578
     7	6247196497.31
     8	7634291089.49
     9	8859478468.77

Measurement: freq_ro56
  step	{80/t_ro56}
     1	13474471259.1
     2	15799126635.8
     3	17824358112.2
     4	9767669333.06
     5	11662244030.5
     6	13312029531.9
     7	6815962565.37
     8	8201067136.73
     9	9420337856.11

Measurement: freq_ro57
  step	{80/t_ro57}
     1	13629460138.6
     2	15937955742
     3	17857148353.5
     4	9905260683.15
     5	11770642552
     6	13400303486.8
     7	6922203964.24
     8	8286034134.89
     9	9490422840.82

Measurement: freq_ro58
  step	{80/t_ro58}
     1	12624824187.2
     2	15041357212.9
     3	17089081057.9
     4	8974541690.33
     5	10898542149.6
     6	12583238758.7
     7	6175926968.89
     8	7561550913.8
     9	8789973604.18

Measurement: freq_ro59
  step	{80/t_ro59}
     1	12470670028.7
     2	14879894722.5
     3	16938505411.7
     4	8825064280.57
     5	10741383464.5
     6	12424934064
     7	6050376829.42
     8	7426823553.84
     9	8651036700.54

Measurement: freq_ro60
  step	{80/t_ro60}
     1	13157891094.9
     2	15505695009.7
     3	17499979006.4
     4	9490901204.82
     5	11366789957.2
     6	13016055722.3
     7	6593336438.95
     8	7956769656.98
     9	9165965776.86

Measurement: freq_ro61
  step	{80/t_ro61}
     1	13415504236.6
     2	15774954153.8
     3	17779918573.1
     4	9681284700.05
     5	11595962998.7
     6	13254786117.5
     7	6738875687.15
     8	8137620149.76
     9	9363925208.88

Measurement: freq_ro62
  step	{80/t_ro62}
     1	13816380370.2
     2	16111204701.6
     3	18056247136.5
     4	10082663843.3
     5	11942429054.7
     6	13564665447.3
     7	7074624751.63
     8	8438979200.3
     9	9641421913.49

Measurement: freq_ro63
  step	{80/t_ro63}
     1	13268713747.5
     2	15624987959.7
     3	17656019309.3
     4	9540082464.46
     5	11461827216.2
     6	13127463728.8
     7	6625516604.62
     8	8025176132.64
     9	9252062787.43

Measurement: freq_ro64
  step	{80/t_ro64}
     1	12851164422.4
     2	15209650759
     3	17237818200.7
     4	9212014550.72
     5	11107657014.8
     6	12763673357.1
     7	6370972731.91
     8	7740396704.95
     9	8955323730.99

Measurement: freq_ro65
  step	{80/t_ro65}
     1	13024487883.1
     2	15376904793.4
     3	17395549434.7
     4	9350443363.61
     5	11247707270.4
     6	12908123159.8
     7	6479311535.34
     8	7856004151
     9	9074948190.27

Measurement: freq_ro66
  step	{80/t_ro66}
     1	13325173284.9
     2	15625003635
     3	17700028105.9
     4	9607531085.95
     5	11521590213.1
     6	13184162869.3
     7	6678513228.75
     8	8076036288.09
     9	9303403657.8

Measurement: freq_ro67
  step	{80/t_ro67}
     1	13257332233.7
     2	15624989237.4
     3	17611283148.9
     4	9568203971.45
     5	11470824871.9
     6	13124783400.5
     7	6662847156.27
     8	8051602912.49
     9	9271837116.44

Measurement: freq_ro68
  step	{80/t_ro68}
     1	12499993790.5
     2	14906988597.8
     3	16944947050.5
     4	8909729890.12
     5	10798231362.6
     6	12463545162.5
     7	6127284525.08
     8	7484508309.82
     9	8695516297.22

Measurement: freq_ro69
  step	{80/t_ro69}
     1	13031099633.2
     2	15377523678.1
     3	17391557332
     4	9333128290.1
     5	11218255120.2
     6	12871637522.4
     7	6456327099.7
     8	7822226321.68
     9	9034121453.84

Measurement: freq_ro70
  step	{80/t_ro70}
     1	13688199806.2
     2	16039187229.1
     3	17985309530.6
     4	9924265825.83
     5	11817160233.1
     6	13458577333.4
     7	6933445683.6
     8	8320466701.58
     9	9536284401.34

Measurement: freq_ro71
  step	{80/t_ro71}
     1	13380895121.1
     2	15686547712.4
     3	17698079559.5
     4	9653246712.45
     5	11531952676.9
     6	13173457155.9
     7	6716141933.57
     8	8083897996.56
     9	9292971863.68

Measurement: freq_ro72
  step	{80/t_ro72}
     1	12905724610.2
     2	15351073141.2
     3	17412635785.9
     4	9203984588.84
     5	11178831847.3
     6	12882250099.7
     7	6355593607.7
     8	7788773898.44
     9	9040188014

Measurement: freq_ro73
  step	{80/t_ro73}
     1	13888882398.6
     2	16223264897.4
     3	18171877675.7
     4	10148628127.1
     5	12029950973.8
     6	13656977559.2
     7	7126792810.86
     8	8510617244.2
     9	9720222885.22

Measurement: freq_ro74
  step	{80/t_ro74}
     1	13335672210.8
     2	15660739068.1
     3	17647972923.6
     4	9654855483.86
     5	11533735197
     6	13174373086
     7	6730690816.61
     8	8101036079.26
     9	9310850217.33

Measurement: freq_ro75
  step	{80/t_ro75}
     1	12297850265.3
     2	14704196229.5
     3	16747226639.1
     4	8678124830.25
     5	10580613387.8
     6	12257436388.3
     7	5936617562.36
     8	7299210342.86
     9	8515320824.29

Measurement: freq_ro76
  step	{80/t_ro76}
     1	13363871860.1
     2	15738251639.6
     3	17747875091.8
     4	9630839467.34
     5	11551907884.2
     6	13215125389.8
     7	6699275121.18
     8	8098963685.92
     9	9324910968.88

Measurement: freq_ro77
  step	{80/t_ro77}
     1	12866072734.4
     2	15216314833.2
     3	17241377093.3
     4	9209288812.86
     5	11096419901.1
     6	12752505614.4
     7	6366383860.38
     8	7731090190.76
     9	8942841881.16

Measurement: freq_ro78
  step	{80/t_ro78}
     1	13072691530.5
     2	15417290925.2
     3	17431469366.7
     4	9421062530.27
     5	11309079593.7
     6	12962854821.2
     7	6543440795.26
     8	7915143043.43
     9	9130261068.4

Measurement: freq_ro79
  step	{80/t_ro79}
     1	14603819096.1
     2	16819336937.8
     3	18717795214.8
     4	10823644653.9
     5	12654162279.8
     6	14243616490.1
     7	7685568015.78
     8	9043828338.51
     9	10234090079.1

Measurement: freq_ro80
  step	{80/t_ro80}
     1	13958654265.9
     2	16175267814.4
     3	18156108853.7
     4	10249009857.1
     5	12090519709.8
     6	13697845320.5
     7	7218521478.12
     8	8572741691.76
     9	9767078573.19

Measurement: freq_ro81
  step	{80/t_ro81}
     1	12583320464.7
     2	14991823313.2
     3	17036649359.9
     4	8963297146.48
     5	10879673725.2
     6	12557478349.4
     7	6176530276.96
     8	7557477660.72
     9	8780680330.29

Measurement: freq_ro82
  step	{80/t_ro82}
     1	12958039552.8
     2	15300763957.9
     3	17249053535.5
     4	9308834394.23
     5	11188582007.6
     6	12840580359.7
     7	6446876697.58
     8	7807747766.77
     9	9017240924.26

Measurement: freq_ro83
  step	{80/t_ro83}
     1	13454310108.2
     2	15761482517.3
     3	17759173097
     4	9753704499.91
     5	11627869871.2
     6	13271509927.4
     7	6804745350.96
     8	8175545465.47
     9	9385484840.9

Measurement: freq_ro84
  step	{80/t_ro84}
     1	13274789429.9
     2	15624987550.2
     3	17631265918.9
     4	9554071960.64
     5	11454599237.4
     6	13109373881.7
     7	6643441651.22
     8	8028153034.94
     9	9247716207.56

Measurement: freq_ro85
  step	{80/t_ro85}
     1	12256953504.6
     2	14705934107.7
     3	16787147392.3
     4	8636689621.46
     5	10579883246.6
     6	12279498042.6
     7	5902561127.86
     8	7297115521.64
     9	8532798761.36

Measurement: freq_ro86
  step	{80/t_ro86}
     1	13625841032.8
     2	15937456640.6
     3	17906660254.8
     4	9907124659.54
     5	11778742753.6
     6	13411751153.1
     7	6927615725.62
     8	8295746455.77
     9	9502592831.06

Measurement: freq_ro87
  step	{80/t_ro87}
     1	13572441306.9
     2	15895491599.7
     3	17857607950.6
     4	9876701921.92
     5	11749579836.4
     6	13383002222.8
     7	6910608789.44
     8	8281235882.76
     9	9488984188.58

Measurement: freq_ro88
  step	{80/t_ro88}
     1	13230696684.2
     2	15610824519.1
     3	17622868684.3
     4	9532128081.57
     5	11449624013.2
     6	13116315260.8
     7	6626203759.3
     8	8024729347.02
     9	9253841474.75

Measurement: freq_ro89
  step	{80/t_ro89}
     1	12457381648.8
     2	14894940173.8
     3	16987229423.4
     4	8794837128.31
     5	10747339872.9
     6	12450118404.4
     7	6027095587.94
     8	7431485389.79
     9	8672224586.94

Measurement: freq_ro90
  step	{80/t_ro90}
     1	13732479696
     2	16031704291.7
     3	17995344275.1
     4	9989567088.92
     5	11857714927
     6	13489235256.5
     7	6993876609.92
     8	8362469427.15
     9	9568963403.23

Measurement: freq_ro91
  step	{80/t_ro91}
     1	12741061765.6
     2	15151513218.5
     3	17241380654.7
     4	9037127372.71
     5	10976960918.2
     6	12665187593.7
     7	6220627022.87
     8	7622360032.75
     9	8857903090.15

Measurement: freq_ro92
  step	{80/t_ro92}
     1	13513513023.5
     2	15923199424.2
     3	17924775323.6
     4	9762546510.09
     5	11727570627
     6	13408615271.7
     7	6802335267.74
     8	8245311741.14
     9	9493923035.93

Measurement: freq_ro93
  step	{80/t_ro93}
     1	13888883745
     2	16129032504.5
     3	18144599424.3
     4	10127059940.2
     5	12008608859.9
     6	13638390738.7
     7	7108469942.79
     8	8491123129.12
     9	9701854372.58

Measurement: freq_ro94
  step	{80/t_ro94}
     1	13721473365.5
     2	16023939052.8
     3	17971586120.6
     4	10001152465.9
     5	11869182868.6
     6	13497159156.4
     7	7006085439.28
     8	8376778087.9
     9	9583537728.72

Measurement: freq_ro95
  step	{80/t_ro95}
     1	13490833231.1
     2	15822789397.6
     3	17857097154.5
     4	9761066598.42
     5	11663195849.4
     6	13317635302.2
     7	6808424828.36
     8	8200062597.34
     9	9423157772.44

Measurement: freq_ro96
  step	{80/t_ro96}
     1	13602944058.7
     2	15911480503.4
     3	17857173875.4
     4	9894006909
     5	11764708841.2
     6	13396020079.9
     7	6920106362.2
     8	8288478339.98
     9	9494371963.05

Measurement: freq_ro97
  step	{80/t_ro97}
     1	13711728307.7
     2	16007190718.8
     3	17966713509.9
     4	10047400160.1
     5	11906706409.7
     6	13533409257.7
     7	7058418197.52
     8	8421465355.78
     9	9626532313.72

Measurement: freq_ro98
  step	{80/t_ro98}
     1	13513512144.2
     2	15814848122.7
     3	17801474031.5
     4	9793393238.68
     5	11665878116.8
     6	13302080756.4
     7	6837369118.97
     8	8206717367.43
     9	9414921392.66

Measurement: freq_ro99
  step	{80/t_ro99}
     1	13055220652.5
     2	15441558888.2
     3	17474163152.5
     4	9324898479.63
     5	11244909338.9
     6	12915618965.7
     7	6452530579.06
     8	7845673454.07
     9	9072990108.91

Measurement: freq_ro100
  step	{80/t_ro100}
     1	12820512617
     2	15186245732.1
     3	17241378186.7
     4	9104990614.33
     5	11024909351.7
     6	12699314698.3
     7	6275732635.63
     8	7662194115.02
     9	8886599219.94

Measurement: freq_ro101
  step	{80/t_ro101}
     1	13219449956.9
     2	15576000368.4
     3	17589105900.6
     4	9499973354.64
     5	11398232961.6
     6	13055301564.6
     7	6590014514.08
     8	7970521460.39
     9	9189222769.91

Measurement: freq_ro102
  step	{80/t_ro102}
     1	14387250314.9
     2	16627687143.2
     3	18519318837.3
     4	10646131892.4
     5	12484643699.7
     6	14078501558.8
     7	7546708037.72
     8	8907650330.3
     9	10099839393.6

Measurement: freq_ro103
  step	{80/t_ro103}
     1	13761646212.9
     2	16129027980.2
     3	18046005896.7
     4	10022805105.1
     5	11904815140.6
     6	13540528960.5
     7	7021052334.36
     8	8401399570.97
     9	9615105695.38

Measurement: freq_ro104
  step	{80/t_ro104}
     1	12699551449.9
     2	15070535569.7
     3	17097048179.6
     4	9062939295.07
     5	10945627224.7
     6	12605960964.2
     7	6243995277.45
     8	7600199397.56
     9	8810152150.65

Measurement: freq_ro105
  step	{80/t_ro105}
     1	12934175625.1
     2	15274948906.7
     3	17313147955.5
     4	9290634493.17
     5	11190569416.8
     6	12851543075.1
     7	6438417841.91
     8	7817649623.83
     9	9037425980.9

Measurement: freq_ro106
  step	{80/t_ro106}
     1	13540922248.6
     2	15854913043.9
     3	17856896940.5
     4	9828801468.54
     5	11698393405.1
     6	13331971679.1
     7	6865334854.15
     8	8231447191.46
     9	9437874833.51

Measurement: freq_ro107
  step	{80/t_ro107}
     1	13669817193.2
     2	16005289273.1
     3	17973735837.3
     4	9913168947.52
     5	11808644109
     6	13454353820.2
     7	6926481619.86
     8	8316084913.28
     9	9535439180.77

Measurement: freq_ro108
  step	{80/t_ro108}
     1	12735052091
     2	15151517923.9
     3	17198597355.6
     4	9036334861.94
     5	10959190848.3
     6	12639191320.3
     7	6216866127.72
     8	7605150677.45
     9	8833025295.97

Measurement: freq_ro109
  step	{80/t_ro109}
     1	13866694174.3
     2	16203674221.2
     3	18181738627.6
     4	10095312774.2
     5	12010693207.2
     6	13661014050.7
     7	7080980665.32
     8	8490195211.09
     9	9717555848.39

Measurement: freq_ro110
  step	{80/t_ro110}
     1	12976840027.2
     2	15362567112.3
     3	17386690937.7
     4	9294884870.9
     5	11209637924.4
     6	12879056489.3
     7	6435808006.12
     8	7825497157.57
     9	9051620774.99

Measurement: freq_ro111
  step	{80/t_ro111}
     1	13766605977
     2	16089535607
     3	18022913461.5
     4	10016820945.4
     5	11890932381.5
     6	13513319646.2
     7	7016261725.83
     8	8388001147.67
     9	9591822630.98

Measurement: freq_ro112
  step	{80/t_ro112}
     1	13157883678.3
     2	15526913223.1
     3	17543800089.1
     4	9499629591.02
     5	11393622040.3
     6	13050732807
     7	6601361139.36
     8	7979546256.44
     9	9197282250.62

Measurement: freq_ro113
  step	{80/t_ro113}
     1	14195660835.4
     2	16512475314.1
     3	18441244843.2
     4	10386059966.6
     5	12279217991
     6	13906050961.1
     7	7316766552.92
     8	8716554788.46
     9	9931928138.05

Measurement: freq_ro114
  step	{80/t_ro114}
     1	13436811512.4
     2	15740454173.7
     3	17773132171.1
     4	9729988832.91
     5	11611277743.2
     6	13253887569.3
     7	6783517363.49
     8	8155396846.14
     9	9366774603.78

Measurement: freq_ro115
  step	{80/t_ro115}
     1	13513513845.8
     2	15838767550.3
     3	17840451826.8
     4	9791323541.57
     5	11675996163.7
     6	13317981380.4
     7	6831676622.69
     8	8209635795.7
     9	9422297706.33

Measurement: freq_ro116
  step	{80/t_ro116}
     1	13157880428.7
     2	15541679552.9
     3	17536663772.6
     4	9462961021.97
     5	11363581968.4
     6	13022291651.7
     7	6562511500.53
     8	7945927317.6
     9	9163202792.71

Measurement: freq_ro117
  step	{80/t_ro117}
     1	12198826945.5
     2	14705891997.4
     3	16863253239.9
     4	8535422059.25
     5	10552405805.1
     6	12296365111
     7	5815573760.76
     8	7263470349.42
     9	8533791185.91

Measurement: freq_ro118
  step	{80/t_ro118}
     1	13436877356.7
     2	15742075527.4
     3	17736633959.1
     4	9740197881.35
     5	11612763064.2
     6	13250338513.7
     7	6795540125.06
     8	8162289276.32
     9	9370876893.44

Measurement: freq_ro119
  step	{80/t_ro119}
     1	12559447177
     2	14976416086
     3	17027326756.2
     4	8965875129.74
     5	10898824089.8
     6	12585941389.2
     7	6186169283.99
     8	7584300469.63
     9	8818697443.22

Measurement: freq_ro120
  step	{80/t_ro120}
     1	12783458156.7
     2	15151515572.1
     3	17241380015.9
     4	9106606441.25
     5	11029628454
     6	12708104990.5
     7	6278740815.52
     8	7669433825.71
     9	8898165484.91

Measurement: freq_ro121
  step	{80/t_ro121}
     1	13614551556.1
     2	15975349861.9
     3	17951751565
     4	9848383504.23
     5	11750984376.2
     6	13400100235.5
     7	6869644797.31
     8	8260816766.41
     9	9480252724.8

Measurement: freq_ro122
  step	{80/t_ro122}
     1	13684130908.1
     2	15984894588.6
     3	17929441640.4
     4	9991594657.55
     5	11861845729.5
     6	13491857884.1
     7	7006111137.05
     8	8377937537.87
     9	9586153209.39

Measurement: freq_ro123
  step	{80/t_ro123}
     1	13145559412.1
     2	15543678892.2
     3	17536552847.5
     4	9419743275.19
     5	11332732140.6
     6	12998748218.8
     7	6527590748.75
     8	7916556087.24
     9	9140964692.62

Measurement: freq_ro124
  step	{80/t_ro124}
     1	12501089291.9
     2	14911113690.9
     3	16971058686.7
     4	8870797116.65
     5	10792293334.9
     6	12475238754.6
     7	6094819857.88
     8	7477672381.99
     9	8704367672.38

Measurement: freq_ro125
  step	{80/t_ro125}
     1	13807122557.2
     2	16129032528.6
     3	18031773955.3
     4	10106463582.2
     5	11957649973.9
     6	13575000129.4
     7	7100837048.71
     8	8459420538.25
     9	9658555941.16

Measurement: freq_ro126
  step	{80/t_ro126}
     1	14019517214.4
     2	16330992907.4
     3	18289437409.9
     4	10237190273.2
     5	12132505256.8
     6	13766963767.8
     7	7199245717.43
     8	8596172383.52
     9	9813069602.85

Measurement: freq_ro127
  step	{80/t_ro127}
     1	13398843927.7
     2	15717950495.2
     3	17702410770.4
     4	9703696213.91
     5	11579514156.1
     6	13218503544.6
     7	6765521742.72
     8	8133348778.31
     9	9342324704.83

Measurement: edge100_ro0
  step	V(ro0_out)={VTHRESH} 
     1	7.92839869372e-09
     2	6.61780690837e-09
     3	5.8132649046e-09
     4	1.11844519996e-08
     5	9.16599667706e-09
     6	7.92229427772e-09
     7	1.62851872332e-08
     8	1.32327905769e-08
     9	1.13524324682e-08

Measurement: edge100_ro1
  step	V(ro1_out)={VTHRESH} 
     1	7.34989664586e-09
     2	6.26470071662e-09
     3	5.558338815e-09
     4	1.01905655616e-08
     5	8.52222544495e-09
     6	7.46118127849e-09
     7	1.46401673542e-08
     8	1.21459575201e-08
     9	1.05628975676e-08

Measurement: edge100_ro2
  step	V(ro2_out)={VTHRESH} 
     1	7.27708093008e-09
     2	6.21504558537e-09
     3	5.52993204079e-09
     4	1.00051145903e-08
     5	8.39689225564e-09
     6	7.36792259357e-09
     7	1.42953923912e-08
     8	1.19077812374e-08
     9	1.03841195514e-08

Measurement: edge100_ro3
  step	V(ro3_out)={VTHRESH} 
     1	7.5121313122e-09
     2	6.37190475301e-09
     3	5.6478540866e-09
     4	1.04370001172e-08
     5	8.70385712596e-09
     6	7.59913217256e-09
     7	1.5039283063e-08
     8	1.2445692441e-08
     9	1.07972012783e-08

Measurement: edge100_ro4
  step	V(ro4_out)={VTHRESH} 
     1	7.45105918361e-09
     2	6.34253340466e-09
     3	5.62067914562e-09
     4	1.03370570875e-08
     5	8.63950205817e-09
     6	7.5559675967e-09
     7	1.48638198544e-08
     8	1.23293193596e-08
     9	1.07161411256e-08

Measurement: edge100_ro5
  step	V(ro5_out)={VTHRESH} 
     1	7.20123110857e-09
     2	6.16709725197e-09
     3	5.49739417502e-09
     4	9.86813546355e-09
     5	8.31088019986e-09
     6	7.30952619109e-09
     7	1.4063100045e-08
     8	1.17583640091e-08
     9	1.02799382211e-08

Measurement: edge100_ro6
  step	V(ro6_out)={VTHRESH} 
     1	7.36020975813e-09
     2	6.27363813827e-09
     3	5.5698560231e-09
     4	1.01876179209e-08
     5	8.5282221089e-09
     6	7.46822078432e-09
     7	1.46221787184e-08
     8	1.21459380836e-08
     9	1.05681347451e-08

Measurement: edge100_ro7
  step	V(ro7_out)={VTHRESH} 
     1	7.5216428987e-09
     2	6.36051318563e-09
     3	5.63168555441e-09
     4	1.0464777587e-08
     5	8.699881278e-09
     6	7.58661403299e-09
     7	1.50974665771e-08
     8	1.24490102089e-08
     9	1.07840687216e-08

Measurement: edge100_ro8
  step	V(ro8_out)={VTHRESH} 
     1	7.25618053136e-09
     2	6.20936007676e-09
     3	5.52824558137e-09
     4	9.92565434751e-09
     5	8.36030943906e-09
     6	7.34856058534e-09
     7	1.41419626118e-08
     8	1.18237421701e-08
     9	1.03322930421e-08

Measurement: edge100_ro9
  step	V(ro9_out)={VTHRESH} 
     1	7.56500094066e-09
     2	6.41141473955e-09
     3	5.68047941742e-09
     4	1.04978651727e-08
     5	8.75215711483e-09
     6	7.63905721177e-09
     7	1.51134426789e-08
     8	1.25069112799e-08
     9	1.08480334721e-08

Measurement: edge100_ro10
  step	V(ro10_out)={VTHRESH} 
     1	7.93636267989e-09
     2	6.65244708713e-09
     3	5.84797527456e-09
     4	1.121187105e-08
     5	9.22252873529e-09
     6	7.97814205055e-09
     7	1.63462568279e-08
     8	1.33354103107e-08
     9	1.14567537137e-08

Measurement: edge100_ro11
  step	V(ro11_out)={VTHRESH} 
     1	7.53703631628e-09
     2	6.35116121538e-09
     3	5.63361397131e-09
     4	1.05051370545e-08
     5	8.71114099775e-09
     6	7.59022387424e-09
     7	1.51475110682e-08
     8	1.2453389711e-08
     9	1.07778672968e-08

Measurement: edge100_ro12
  step	V(ro12_out)={VTHRESH} 
     1	7.1108281743e-09
     2	6.11186428982e-09
     3	5.4551215201e-09
     4	9.7010928759e-09
     5	8.20841546581e-09
     6	7.23883493592e-09
     7	1.3787382853e-08
     8	1.15844172713e-08
     9	1.01572097877e-08

Measurement: edge100_ro13
  step	V(ro13_out)={VTHRESH} 
     1	7.20675192699e-09
     2	6.17408541041e-09
     3	5.50106786427e-09
     4	9.88911383155e-09
     5	8.32956070556e-09
     6	7.32639191888e-09
     7	1.41155758547e-08
     8	1.18064824901e-08
     9	1.03194057266e-08

Measurement: edge100_ro14
  step	V(ro14_out)={VTHRESH} 
     1	7.63974404885e-09
     2	6.46134144558e-09
     3	5.70769560154e-09
     4	1.06494980222e-08
     5	8.84040347148e-09
     6	7.69765146388e-09
     7	1.53642629236e-08
     8	1.26545426321e-08
     9	1.09477809785e-08

Measurement: edge100_ro15
  step	V(ro15_out)={VTHRESH} 
     1	7.34688493636e-09
     2	6.27337659232e-09
     3	5.57625139149e-09
     4	1.01295671292e-08
     5	8.50793113928e-09
     6	7.46301361367e-09
     7	1.45088586701e-08
     8	1.20996828806e-08
     9	1.05500674851e-08

Measurement: edge100_ro16
  step	V(ro16_out)={VTHRESH} 
     1	7.34526188406e-09
     2	6.27177937038e-09
     3	5.57369050129e-09
     4	1.01053633566e-08
     5	8.48803630637e-09
     6	7.44620116763e-09
     7	1.44498674466e-08
     8	1.20513429825e-08
     9	1.05106144227e-08

Measurement: edge100_ro17
  step	V(ro17_out)={VTHRESH} 
     1	7.29271977876e-09
     2	6.23061799711e-09
     3	5.54465312189e-09
     4	1.0038536164e-08
     5	8.43390034126e-09
     6	7.40226731198e-09
     7	1.43553489162e-08
     8	1.19716280719e-08
     9	1.04434609238e-08

Measurement: edge100_ro18
  step	V(ro18_out)={VTHRESH} 
     1	8.00785909779e-09
     2	6.6839165493e-09
     3	5.86174946026e-09
     4	1.13526293653e-08
     5	9.27705686631e-09
     6	8.00155833675e-09
     7	1.65733795436e-08
     8	1.34230546666e-08
     9	1.14938624355e-08

Measurement: edge100_ro19
  step	V(ro19_out)={VTHRESH} 
     1	7.26921615405e-09
     2	6.21707173718e-09
     3	5.53745728816e-09
     4	9.96664418645e-09
     5	8.39410241011e-09
     6	7.37695773444e-09
     7	1.42211068851e-08
     8	1.18935033634e-08
     9	1.03917447775e-08

Measurement: edge100_ro20
  step	V(ro20_out)={VTHRESH} 
     1	7.60337525773e-09
     2	6.44029128426e-09
     3	5.69917097423e-09
     4	1.06023818243e-08
     5	8.8224859151e-09
     6	7.69171722805e-09
     7	1.53044006899e-08
     8	1.26367973341e-08
     9	1.0946255067e-08

Measurement: edge100_ro21
  step	V(ro21_out)={VTHRESH} 
     1	7.93988315474e-09
     2	6.66365930592e-09
     3	5.85476565366e-09
     4	1.12027817564e-08
     5	9.21921021187e-09
     6	7.97616368988e-09
     7	1.63154383499e-08
     8	1.3318072279e-08
     9	1.14451137607e-08

Measurement: edge100_ro22
  step	V(ro22_out)={VTHRESH} 
     1	7.68946700272e-09
     2	6.45742321926e-09
     3	5.69244971232e-09
     4	1.08496308387e-08
     5	8.92170822573e-09
     6	7.73273869875e-09
     7	1.57615550337e-08
     8	1.28415396325e-08
     9	1.10474966958e-08

Measurement: edge100_ro23
  step	V(ro23_out)={VTHRESH} 
     1	7.45789275631e-09
     2	6.34054889613e-09
     3	5.60977780574e-09
     4	1.03723516029e-08
     5	8.65163902521e-09
     6	7.55788082309e-09
     7	1.49377777152e-08
     8	1.23612745075e-08
     9	1.07287514657e-08

Measurement: edge100_ro24
  step	V(ro24_out)={VTHRESH} 
     1	7.23069976262e-09
     2	6.1935785685e-09
     3	5.51776249966e-09
     4	9.90769785638e-09
     5	8.35387580234e-09
     6	7.34693752605e-09
     7	1.41314986976e-08
     8	1.18322534873e-08
     9	1.03458373196e-08

Measurement: edge100_ro25
  step	V(ro25_out)={VTHRESH} 
     1	7.43755607023e-09
     2	6.33648413945e-09
     3	5.6173473224e-09
     4	1.02637634379e-08
     5	8.59071552855e-09
     6	7.5195393065e-09
     7	1.47147443842e-08
     8	1.22263227678e-08
     9	1.06361400784e-08

Measurement: edge100_ro26
  step	V(ro26_out)={VTHRESH} 
     1	7.05169261718e-09
     2	6.05322815444e-09
     3	5.40589690003e-09
     4	9.6743716057e-09
     5	8.16120710695e-09
     6	7.19154911482e-09
     7	1.37635147162e-08
     8	1.15220268742e-08
     9	1.00898827576e-08

Measurement: edge100_ro27
  step	V(ro27_out)={VTHRESH} 
     1	7.23805835061e-09
     2	6.19755991469e-09
     3	5.52380045268e-09
     4	9.92139962074e-09
     5	8.36676695224e-09
     6	7.35961974778e-09
     7	1.41540820354e-08
     8	1.18554895106e-08
     9	1.0368175225e-08

Measurement: edge100_ro28
  step	V(ro28_out)={VTHRESH} 
     1	7.22424871965e-09
     2	6.17627233455e-09
     3	5.51051969157e-09
     4	9.88714784567e-09
     5	8.33070874062e-09
     6	7.32911358978e-09
     7	1.40842805138e-08
     8	1.17848163029e-08
     9	1.03058543278e-08

Measurement: edge100_ro29
  step	V(ro29_out)={VTHRESH} 
     1	7.32377744146e-09
     2	6.24955508704e-09
     3	5.55414184265e-09
     4	1.01066852475e-08
     5	8.47415997819e-09
     6	7.42942501482e-09
     7	1.44727024872e-08
     8	1.20430939484e-08
     9	1.04924536472e-08

Measurement: edge100_ro30
  step	V(ro30_out)={VTHRESH} 
     1	7.14502878422e-09
     2	6.1485284759e-09
     3	5.4744848326e-09
     4	9.77127291906e-09
     5	8.25820482485e-09
     6	7.27753008181e-09
     7	1.39092847695e-08
     8	1.16710972105e-08
     9	1.02245378129e-08

Measurement: edge100_ro31
  step	V(ro31_out)={VTHRESH} 
     1	7.30819880936e-09
     2	6.2402868279e-09
     3	5.55335292145e-09
     4	1.00772156017e-08
     5	8.45900760636e-09
     6	7.42095420359e-09
     7	1.44237238054e-08
     8	1.20175005179e-08
     9	1.04791584998e-08

Measurement: edge100_ro32
  step	V(ro32_out)={VTHRESH} 
     1	7.82476114245e-09
     2	6.55638958814e-09
     3	5.75308290366e-09
     4	1.10674911336e-08
     5	9.09684734126e-09
     6	7.87494510414e-09
     7	1.61281359058e-08
     8	1.31397193398e-08
     9	1.12927868855e-08

Measurement: edge100_ro33
  step	V(ro33_out)={VTHRESH} 
     1	7.95433110976e-09
     2	6.67325570534e-09
     3	5.85941004052e-09
     4	1.12211235074e-08
     5	9.23124801455e-09
     6	7.98467438826e-09
     7	1.63507911012e-08
     8	1.33432330066e-08
     9	1.14638116051e-08

Measurement: edge100_ro34
  step	V(ro34_out)={VTHRESH} 
     1	7.42614490685e-09
     2	6.32810482191e-09
     3	5.61229993272e-09
     4	1.02451484858e-08
     5	8.57854501717e-09
     6	7.51037786763e-09
     7	1.46871911199e-08
     8	1.22087199877e-08
     9	1.06234171296e-08

Measurement: edge100_ro35
  step	V(ro35_out)={VTHRESH} 
     1	7.72635708867e-09
     2	6.48804693842e-09
     3	5.7127493408e-09
     4	1.09005581409e-08
     5	8.95999497903e-09
     6	7.76167117286e-09
     7	1.58561138119e-08
     8	1.29152677393e-08
     9	1.11045340128e-08

Measurement: edge100_ro36
  step	V(ro36_out)={VTHRESH} 
     1	7.60734879242e-09
     2	6.44609097632e-09
     3	5.70196735487e-09
     4	1.05915388078e-08
     5	8.81917244378e-09
     6	7.68958495366e-09
     7	1.52823506589e-08
     8	1.26292391081e-08
     9	1.09424466735e-08

Measurement: edge100_ro37
  step	V(ro37_out)={VTHRESH} 
     1	7.26288094232e-09
     2	6.20990602619e-09
     3	5.53190568652e-09
     4	9.99019071513e-09
     5	8.39985989563e-09
     6	7.3769305661e-09
     7	1.42813526297e-08
     8	1.19192850679e-08
     9	1.04039950744e-08

Measurement: edge100_ro38
  step	V(ro38_out)={VTHRESH} 
     1	7.35566210678e-09
     2	6.28985265032e-09
     3	5.5892563032e-09
     4	1.01539719478e-08
     5	8.5289781454e-09
     6	7.48006675291e-09
     7	1.45457530728e-08
     8	1.21316599855e-08
     9	1.05763971156e-08

Measurement: edge100_ro39
  step	V(ro39_out)={VTHRESH} 
     1	7.43577446658e-09
     2	6.33298619904e-09
     3	5.61774263404e-09
     4	1.02600580856e-08
     5	8.59231100798e-09
     6	7.52188791406e-09
     7	1.47182936656e-08
     8	1.22374593266e-08
     9	1.0648417629e-08

Measurement: edge100_ro40
  step	V(ro40_out)={VTHRESH} 
     1	7.9384926971e-09
     2	6.65538527599e-09
     3	5.84418710076e-09
     4	1.12410610437e-08
     5	9.22336820846e-09
     6	7.97173314546e-09
     7	1.63897509013e-08
     8	1.33350016095e-08
     9	1.14456877924e-08

Measurement: edge100_ro41
  step	V(ro41_out)={VTHRESH} 
     1	6.86229660717e-09
     2	5.9341002501e-09
     3	5.31783385062e-09
     4	9.33014686024e-09
     5	7.92850715911e-09
     6	7.02226075024e-09
     7	1.31920274758e-08
     8	1.11293761977e-08
     9	9.80010655711e-09

Measurement: edge100_ro42
  step	V(ro42_out)={VTHRESH} 
     1	7.37436405034e-09
     2	6.28697266431e-09
     3	5.5859244744e-09
     4	1.01684551684e-08
     5	8.52723660746e-09
     6	7.47328963438e-09
     7	1.45665807248e-08
     8	1.2123762149e-08
     9	1.05621771934e-08

Measurement: edge100_ro43
  step	V(ro43_out)={VTHRESH} 
     1	7.55372078918e-09
     2	6.41057201482e-09
     3	5.67907555205e-09
     4	1.04594146726e-08
     5	8.72452633021e-09
     6	7.61850771365e-09
     7	1.50279880829e-08
     8	1.24434558961e-08
     9	1.07992571448e-08

Measurement: edge100_ro44
  step	V(ro44_out)={VTHRESH} 
     1	7.64191408916e-09
     2	6.45472441525e-09
     3	5.70616258606e-09
     4	1.06970130846e-08
     5	8.86738935798e-09
     6	7.71523948407e-09
     7	1.54784321466e-08
     8	1.27270574068e-08
     9	1.09993223125e-08

Measurement: edge100_ro45
  step	V(ro45_out)={VTHRESH} 
     1	7.13881747555e-09
     2	6.11653667459e-09
     3	5.44774309096e-09
     4	9.79974521933e-09
     5	8.24568507079e-09
     6	7.25245093753e-09
     7	1.39731232625e-08
     8	1.16658495429e-08
     9	1.01956876995e-08

Measurement: edge100_ro46
  step	V(ro46_out)={VTHRESH} 
     1	7.84922181208e-09
     2	6.59804208012e-09
     3	5.81087183063e-09
     4	1.10458204547e-08
     5	9.11695637928e-09
     6	7.90243725307e-09
     7	1.60665886534e-08
     8	1.31544700703e-08
     9	1.1326035117e-08

Measurement: edge100_ro47
  step	V(ro47_out)={VTHRESH} 
     1	7.22184541208e-09
     2	6.16182294293e-09
     3	5.49624210329e-09
     4	9.94282964606e-09
     5	8.34870485258e-09
     6	7.33490462517e-09
     7	1.41984764399e-08
     8	1.18298961324e-08
     9	1.03248683906e-08

Measurement: edge100_ro48
  step	V(ro48_out)={VTHRESH} 
     1	7.42657371858e-09
     2	6.30639008901e-09
     3	5.58468374878e-09
     4	1.03077562868e-08
     5	8.59049909612e-09
     6	7.50433705446e-09
     7	1.48316012347e-08
     8	1.22649412776e-08
     9	1.06440059176e-08

Measurement: edge100_ro49
  step	V(ro49_out)={VTHRESH} 
     1	7.8474918829e-09
     2	6.56646126343e-09
     3	5.76112004128e-09
     4	1.1103541401e-08
     5	9.09721944103e-09
     6	7.86353993856e-09
     7	1.61788665176e-08
     8	1.31339538845e-08
     9	1.12682152158e-08

Measurement: edge100_ro50
  step	V(ro50_out)={VTHRESH} 
     1	7.08921895273e-09
     2	6.09167834783e-09
     3	5.44019581067e-09
     4	9.67199560669e-09
     5	8.17799009923e-09
     6	7.2114036208e-09
     7	1.37400832945e-08
     8	1.15359306875e-08
     9	1.0111824229e-08

Measurement: edge100_ro51
  step	V(ro51_out)={VTHRESH} 
     1	7.40488439929e-09
     2	6.31501148647e-09
     3	5.60117767257e-09
     4	1.02510833518e-08
     5	8.58528676256e-09
     6	7.51774015792e-09
     7	1.47158974502e-08
     8	1.22333683743e-08
     9	1.06457475952e-08

Measurement: edge100_ro52
  step	V(ro52_out)={VTHRESH} 
     1	7.12198493457e-09
     2	6.10862366098e-09
     3	5.44991072379e-09
     4	9.7699969302e-09
     5	8.23888681408e-09
     6	7.25445331662e-09
     7	1.39171265025e-08
     8	1.16491067401e-08
     9	1.01953248008e-08

Measurement: edge100_ro53
  step	V(ro53_out)={VTHRESH} 
     1	7.28329646731e-09
     2	6.21343391961e-09
     3	5.52574914431e-09
     4	1.00019005565e-08
     5	8.38334802768e-09
     6	7.3532839436e-09
     7	1.42816021447e-08
     8	1.18772701149e-08
     9	1.03533461372e-08

Measurement: edge100_ro54
  step	V(ro54_out)={VTHRESH} 
     1	7.18866089506e-09
     2	6.15274154273e-09
     3	5.49514597366e-09
     4	9.82620189192e-09
     5	8.292652342e-09
     6	7.30020452176e-09
     7	1.3981939003e-08
     8	1.17173047403e-08
     9	1.02560249239e-08

Measurement: edge100_ro55
  step	V(ro55_out)={VTHRESH} 
     1	7.80915271791e-09
     2	6.55548757248e-09
     3	5.77692746401e-09
     4	1.09674609421e-08
     5	9.04439492507e-09
     6	7.84414376771e-09
     7	1.59027768348e-08
     8	1.30091003786e-08
     9	1.12075708449e-08

Measurement: edge100_ro56
  step	V(ro56_out)={VTHRESH} 
     1	7.35758420789e-09
     2	6.27363611403e-09
     3	5.56005248285e-09
     4	1.01496487638e-08
     5	8.49904062438e-09
     6	7.44487311083e-09
     7	1.4544637091e-08
     8	1.20856953673e-08
     9	1.05202335763e-08

Measurement: edge100_ro57
  step	V(ro57_out)={VTHRESH} 
     1	7.28081224856e-09
     2	6.22458508382e-09
     3	5.55492768578e-09
     4	1.0019389227e-08
     5	8.42950524907e-09
     6	7.40301454332e-09
     7	1.43379597035e-08
     8	1.19753254551e-08
     9	1.04538916484e-08

Measurement: edge100_ro58
  step	V(ro58_out)={VTHRESH} 
     1	7.85789877895e-09
     2	6.59374061349e-09
     3	5.8031169943e-09
     4	1.10538419006e-08
     5	9.10063217631e-09
     6	7.88126246515e-09
     7	1.60624921752e-08
     8	1.31166002665e-08
     9	1.12821939482e-08

Measurement: edge100_ro59
  step	V(ro59_out)={VTHRESH} 
     1	7.95292667618e-09
     2	6.66325022975e-09
     3	5.85215136479e-09
     4	1.12381345784e-08
     5	9.23061634552e-09
     6	7.97823500484e-09
     7	1.63912104383e-08
     8	1.33499833082e-08
     9	1.14585933152e-08

Measurement: edge100_ro60
  step	V(ro60_out)={VTHRESH} 
     1	7.5410457422e-09
     2	6.39783829397e-09
     3	5.66776261723e-09
     4	1.04569275768e-08
     5	8.72926940606e-09
     6	7.62151928923e-09
     7	1.50534150154e-08
     8	1.24711033156e-08
     9	1.08241824739e-08

Measurement: edge100_ro61
  step	V(ro61_out)={VTHRESH} 
     1	7.39904726997e-09
     2	6.29137223159e-09
     3	5.58103391839e-09
     4	1.02546834861e-08
     5	8.55989609708e-09
     6	7.4874128998e-09
     7	1.47335601059e-08
     8	1.21985675141e-08
     9	1.05995263797e-08

Measurement: edge100_ro62
  step	V(ro62_out)={VTHRESH} 
     1	7.17977787486e-09
     2	6.15645290742e-09
     3	5.49318824291e-09
     4	9.83878360729e-09
     5	8.30587736968e-09
     6	7.31232168087e-09
     7	1.40222979356e-08
     8	1.17540800563e-08
     9	1.02880793462e-08

Measurement: edge100_ro63
  step	V(ro63_out)={VTHRESH} 
     1	7.47863365007e-09
     2	6.35062978028e-09
     3	5.61931436836e-09
     4	1.0402519436e-08
     5	8.6573351756e-09
     6	7.5585519577e-09
     7	1.49792650816e-08
     8	1.23654351609e-08
     9	1.07254080211e-08

Measurement: edge100_ro64
  step	V(ro64_out)={VTHRESH} 
     1	7.71107924458e-09
     2	6.51450678797e-09
     3	5.74790542988e-09
     4	1.07557998956e-08
     5	8.91974438159e-09
     6	7.76218113847e-09
     7	1.55501329674e-08
     8	1.27987996848e-08
     9	1.1061924036e-08

Measurement: edge100_ro65
  step	V(ro65_out)={VTHRESH} 
     1	7.61325999751e-09
     2	6.44674930945e-09
     3	5.69776035077e-09
     4	1.0604895502e-08
     5	8.81359990687e-09
     6	7.6786173794e-09
     7	1.53034615237e-08
     8	1.26183986403e-08
     9	1.09217795268e-08

Measurement: edge100_ro66
  step	V(ro66_out)={VTHRESH} 
     1	7.45398589268e-09
     2	6.35429032481e-09
     3	5.60986599771e-09
     4	1.03404141816e-08
     5	8.62080750173e-09
     6	7.53259253493e-09
     7	1.48767822288e-08
     8	1.22998404742e-08
     9	1.06757669157e-08

Measurement: edge100_ro67
  step	V(ro67_out)={VTHRESH} 
     1	7.47343923665e-09
     2	6.34084131955e-09
     3	5.62484576134e-09
     4	1.03526208187e-08
     5	8.63494008995e-09
     6	7.54649214523e-09
     7	1.48628931746e-08
     8	1.22998155906e-08
     9	1.06807906622e-08

Measurement: edge100_ro68
  step	V(ro68_out)={VTHRESH} 
     1	7.93764156174e-09
     2	6.65533389948e-09
     3	5.85400891849e-09
     4	1.11384161158e-08
     5	9.18855895915e-09
     6	7.95990132906e-09
     7	1.61966996082e-08
     8	1.32571648064e-08
     9	1.14097925877e-08

Measurement: edge100_ro69
  step	V(ro69_out)={VTHRESH} 
     1	7.61486707949e-09
     2	6.45006873069e-09
     3	5.7017497587e-09
     4	1.06337235425e-08
     5	8.84310027155e-09
     6	7.70510413015e-09
     7	1.5372796795e-08
     8	1.26834564054e-08
     9	1.09792986295e-08

Measurement: edge100_ro70
  step	V(ro70_out)={VTHRESH} 
     1	7.2450392458e-09
     2	6.1807464496e-09
     3	5.51099321922e-09
     4	9.99306747822e-09
     5	8.3895879095e-09
     6	7.36479148024e-09
     7	1.43032021023e-08
     8	1.19151981534e-08
     9	1.03938481006e-08

Measurement: edge100_ro71
  step	V(ro71_out)={VTHRESH} 
     1	7.41493194603e-09
     2	6.32291922177e-09
     3	5.60275306713e-09
     4	1.02790843341e-08
     5	8.60174723441e-09
     6	7.5280397977e-09
     7	1.47746093703e-08
     8	1.22712899394e-08
     9	1.06722951631e-08

Measurement: edge100_ro72
  step	V(ro72_out)={VTHRESH} 
     1	7.68643338978e-09
     2	6.4601592346e-09
     3	5.69425519558e-09
     4	1.07780009161e-08
     5	8.87204588686e-09
     6	7.69720683256e-09
     7	1.56083523869e-08
     8	1.27340949078e-08
     9	1.09691437474e-08

Measurement: edge100_ro73
  step	V(ro73_out)={VTHRESH} 
     1	7.14621730728e-09
     2	6.11585046745e-09
     3	5.45829459177e-09
     4	9.78209225881e-09
     5	8.24976595898e-09
     6	7.2647567872e-09
     7	1.39314962959e-08
     8	1.16629821423e-08
     9	1.02091483384e-08

Measurement: edge100_ro74
  step	V(ro74_out)={VTHRESH} 
     1	7.43867037287e-09
     2	6.33204164064e-09
     3	5.61791480072e-09
     4	1.02755821978e-08
     5	8.59879065363e-09
     6	7.52621364786e-09
     7	1.47399789716e-08
     8	1.22428792682e-08
     9	1.0649629602e-08

Measurement: edge100_ro75
  step	V(ro75_out)={VTHRESH} 
     1	8.07033879175e-09
     2	6.74792556558e-09
     3	5.92352458381e-09
     4	1.14371221761e-08
     5	9.377536465e-09
     6	8.09348736617e-09
     7	1.67184928293e-08
     8	1.35933267607e-08
     9	1.16503088512e-08

Measurement: edge100_ro76
  step	V(ro76_out)={VTHRESH} 
     1	7.4227242157e-09
     2	6.30162300123e-09
     3	5.58741111201e-09
     4	1.03004507485e-08
     5	8.58581235596e-09
     6	7.5043223129e-09
     7	1.48075022478e-08
     8	1.22463806002e-08
     9	1.06351417839e-08

Measurement: edge100_ro77
  step	V(ro77_out)={VTHRESH} 
     1	7.71365955885e-09
     2	6.52040916926e-09
     3	5.75400202522e-09
     4	1.07772728834e-08
     5	8.94219608163e-09
     6	7.78000026857e-09
     7	1.55906950259e-08
     8	1.28355740519e-08
     9	1.10951385636e-08

Measurement: edge100_ro78
  step	V(ro78_out)={VTHRESH} 
     1	7.58658809307e-09
     2	6.43151884787e-09
     3	5.68772473098e-09
     4	1.05273796565e-08
     5	8.76838524847e-09
     6	7.64880993384e-09
     7	1.51567042116e-08
     8	1.25282049648e-08
     9	1.08596414832e-08

Measurement: edge100_ro79
  step	V(ro79_out)={VTHRESH} 
     1	6.79328030159e-09
     2	5.89721635065e-09
     3	5.29851997937e-09
     4	9.16643423466e-09
     5	7.83899402202e-09
     6	6.96347085127e-09
     7	1.29096407367e-08
     8	1.096882339e-08
     9	9.69214708947e-09

Measurement: edge100_ro80
  step	V(ro80_out)={VTHRESH} 
     1	7.10441831462e-09
     2	6.12772437765e-09
     3	5.4583917344e-09
     4	9.67654038109e-09
     5	8.19919771948e-09
     6	7.23533282429e-09
     7	1.37388699085e-08
     8	1.15639217063e-08
     9	1.01473433806e-08

Measurement: edge100_ro81
  step	V(ro81_out)={VTHRESH} 
     1	7.88887690225e-09
     2	6.62001663457e-09
     3	5.82386075612e-09
     4	1.10770259823e-08
     5	9.12396855721e-09
     6	7.90302215825e-09
     7	1.60767841253e-08
     8	1.31363230915e-08
     9	1.13043811929e-08

Measurement: edge100_ro82
  step	V(ro82_out)={VTHRESH} 
     1	7.65236921313e-09
     2	6.47887582975e-09
     3	5.74640612383e-09
     4	1.06523793286e-08
     5	8.86017350169e-09
     6	7.71893118012e-09
     7	1.53800030016e-08
     8	1.26959874517e-08
     9	1.09912142329e-08

Measurement: edge100_ro83
  step	V(ro83_out)={VTHRESH} 
     1	7.3798401903e-09
     2	6.29785150448e-09
     3	5.58844884094e-09
     4	1.01817854042e-08
     5	8.53862228176e-09
     6	7.47975052109e-09
     7	1.45956752812e-08
     8	1.21456347602e-08
     9	1.0578118179e-08

Measurement: edge100_ro84
  step	V(ro84_out)={VTHRESH} 
     1	7.47344501991e-09
     2	6.34739777457e-09
     3	5.62492955048e-09
     4	1.03840645838e-08
     5	8.65960306331e-09
     6	7.56565356406e-09
     7	1.49334516947e-08
     8	1.23556190467e-08
     9	1.07250880826e-08

Measurement: edge100_ro85
  step	V(ro85_out)={VTHRESH} 
     1	8.09889570198e-09
     2	6.74846301223e-09
     3	5.91132754555e-09
     4	1.14957372095e-08
     5	9.38219636488e-09
     6	8.08275077189e-09
     7	1.68224361502e-08
     8	1.36046459417e-08
     9	1.16332923081e-08

Measurement: edge100_ro86
  step	V(ro86_out)={VTHRESH} 
     1	7.27979442736e-09
     2	6.22251032328e-09
     3	5.53735880225e-09
     4	1.00127617282e-08
     5	8.41992836031e-09
     6	7.39359638988e-09
     7	1.43191572443e-08
     8	1.19552605227e-08
     9	1.04353281065e-08

Measurement: edge100_ro87
  step	V(ro87_out)={VTHRESH} 
     1	7.3087441876e-09
     2	6.23901674809e-09
     3	5.55204194155e-09
     4	1.00446096844e-08
     5	8.44130191942e-09
     6	7.40998824985e-09
     7	1.43562504439e-08
     8	1.19770668006e-08
     9	1.04512387863e-08

Measurement: edge100_ro88
  step	V(ro88_out)={VTHRESH} 
     1	7.50130001531e-09
     2	6.35659653413e-09
     3	5.63093496205e-09
     4	1.04135199418e-08
     5	8.6682739168e-09
     6	7.5663917802e-09
     7	1.49818022396e-08
     8	1.23689543979e-08
     9	1.07256677668e-08

Measurement: edge100_ro89
  step	V(ro89_out)={VTHRESH} 
     1	7.97489674913e-09
     2	6.66561622804e-09
     3	5.8426514873e-09
     4	1.13002394858e-08
     5	9.24209119924e-09
     6	7.97506136435e-09
     7	1.64915868886e-08
     8	1.33684351924e-08
     9	1.14519867119e-08

Measurement: edge100_ro90
  step	V(ro90_out)={VTHRESH} 
     1	7.2231857343e-09
     2	6.18600114912e-09
     3	5.51023989145e-09
     4	9.92994803025e-09
     5	8.36391577675e-09
     6	7.35157069272e-09
     7	1.41832051744e-08
     8	1.18599275728e-08
     9	1.03634018774e-08

Measurement: edge100_ro91
  step	V(ro91_out)={VTHRESH} 
     1	7.7946572501e-09
     2	6.55171234517e-09
     3	5.75833180093e-09
     4	1.0991830976e-08
     5	9.04610739011e-09
     6	7.83894215904e-09
     7	1.59702238058e-08
     8	1.30287348949e-08
     9	1.12094875379e-08

Measurement: edge100_ro92
  step	V(ro92_out)={VTHRESH} 
     1	7.34000966181e-09
     2	6.22724122048e-09
     3	5.53007335704e-09
     4	1.01608827391e-08
     5	8.45570222462e-09
     6	7.39353915284e-09
     7	1.45822185005e-08
     8	1.20267634688e-08
     9	1.04425708606e-08

Measurement: edge100_ro93
  step	V(ro93_out)={VTHRESH} 
     1	7.14089066506e-09
     2	6.14649361014e-09
     3	5.46340235355e-09
     4	9.79259964229e-09
     5	8.25635680416e-09
     6	7.26871580233e-09
     7	1.39504948379e-08
     8	1.16762656133e-08
     9	1.02176780185e-08

Measurement: edge100_ro94
  step	V(ro94_out)={VTHRESH} 
     1	7.23721449435e-09
     2	6.19409652233e-09
     3	5.52061162685e-09
     4	9.93240321983e-09
     5	8.36463389291e-09
     6	7.35323697071e-09
     7	1.41799028449e-08
     8	1.1853799628e-08
     9	1.0358004109e-08

Measurement: edge100_ro95
  step	V(ro95_out)={VTHRESH} 
     1	7.35612527184e-09
     2	6.2700142751e-09
     3	5.55449202658e-09
     4	1.01678234729e-08
     5	8.50664977189e-09
     6	7.44841096889e-09
     7	1.45774346847e-08
     8	1.20998602326e-08
     9	1.05272184396e-08

Measurement: edge100_ro96
  step	V(ro96_out)={VTHRESH} 
     1	7.2904714693e-09
     2	6.23139687084e-09
     3	5.55096993953e-09
     4	1.00233077011e-08
     5	8.4276643237e-09
     6	7.40049036195e-09
     7	1.43303194189e-08
     8	1.19618632316e-08
     9	1.04412507436e-08

Measurement: edge100_ro97
  step	V(ro97_out)={VTHRESH} 
     1	7.23412221372e-09
     2	6.1946299955e-09
     3	5.51851657346e-09
     4	9.87299631746e-09
     5	8.32873291854e-09
     6	7.32649308933e-09
     7	1.40539374644e-08
     8	1.17758790409e-08
     9	1.03000021286e-08

Measurement: edge100_ro98
  step	V(ro98_out)={VTHRESH} 
     1	7.33930684822e-09
     2	6.26895310827e-09
     3	5.56823610358e-09
     4	1.01262234924e-08
     5	8.49856420999e-09
     6	7.45184367995e-09
     7	1.45036785545e-08
     8	1.20808538273e-08
     9	1.05286027594e-08

Measurement: edge100_ro99
  step	V(ro99_out)={VTHRESH} 
     1	7.59864638569e-09
     2	6.42317347163e-09
     3	5.67582713268e-09
     4	1.06385015093e-08
     5	8.82019960892e-09
     6	7.67889640292e-09
     7	1.53734023378e-08
     8	1.26410725309e-08
     9	1.09305778104e-08

Measurement: edge100_ro100
  step	V(ro100_out)={VTHRESH} 
     1	7.73973501366e-09
     2	6.53180876871e-09
     3	5.75218609041e-09
     4	1.08984544088e-08
     5	8.99785067113e-09
     6	7.81019191724e-09
     7	1.58122765375e-08
     8	1.29472754189e-08
     9	1.11616831728e-08

Measurement: edge100_ro101
  step	V(ro101_out)={VTHRESH} 
     1	7.5125781119e-09
     2	6.37394242114e-09
     3	5.64334605119e-09
     4	1.04552150884e-08
     5	8.7116311437e-09
     6	7.60430974581e-09
     7	1.5072667636e-08
     8	1.24588979826e-08
     9	1.08046278723e-08

Measurement: edge100_ro102
  step	V(ro102_out)={VTHRESH} 
     1	6.88882556297e-09
     2	5.95943680275e-09
     3	5.3494861239e-09
     4	9.30954779507e-09
     5	7.93686940638e-09
     6	7.03776455481e-09
     7	1.31317340426e-08
     8	1.11233908332e-08
     9	9.80942149096e-09

Measurement: edge100_ro103
  step	V(ro103_out)={VTHRESH} 
     1	7.20700852906e-09
     2	6.14872699856e-09
     3	5.4941307474e-09
     4	9.89572639143e-09
     5	8.32908616527e-09
     6	7.32249103021e-09
     7	1.41261217566e-08
     8	1.18030187339e-08
     9	1.03124017102e-08

Measurement: edge100_ro104
  step	V(ro104_out)={VTHRESH} 
     1	7.81291711517e-09
     2	6.58187229008e-09
     3	5.80056046761e-09
     4	1.094886898e-08
     5	9.06285742943e-09
     6	7.86764122087e-09
     7	1.58919223144e-08
     8	1.30524781176e-08
     9	1.12578171216e-08

Measurement: edge100_ro105
  step	V(ro105_out)={VTHRESH} 
     1	7.61892605072e-09
     2	6.43068659284e-09
     3	5.72621054295e-09
     4	1.06154337806e-08
     5	8.79163621655e-09
     6	7.64121803777e-09
     7	1.53229064286e-08
     8	1.26080020555e-08
     9	1.08769626758e-08

Measurement: edge100_ro106
  step	V(ro106_out)={VTHRESH} 
     1	7.32138248819e-09
     2	6.2515831997e-09
     3	5.55152100609e-09
     4	1.00861119288e-08
     5	8.47247133032e-09
     6	7.43352519457e-09
     7	1.44387179652e-08
     8	1.20401199568e-08
     9	1.05000060888e-08

Measurement: edge100_ro107
  step	V(ro107_out)={VTHRESH} 
     1	7.25056917728e-09
     2	6.19120620664e-09
     3	5.51287112389e-09
     4	9.99765601616e-09
     5	8.39121484798e-09
     6	7.36420682152e-09
     7	1.43072515431e-08
     8	1.19144991585e-08
     9	1.03900177727e-08

Measurement: edge100_ro108
  step	V(ro108_out)={VTHRESH} 
     1	7.78033191308e-09
     2	6.53805525835e-09
     3	5.7600533153e-09
     4	1.09638266978e-08
     5	9.03925656469e-09
     6	7.83735438885e-09
     7	1.59344459593e-08
     8	1.30246419149e-08
     9	1.12135423771e-08

Measurement: edge100_ro109
  step	V(ro109_out)={VTHRESH} 
     1	7.15212894911e-09
     2	6.11971291751e-09
     3	5.45385459503e-09
     4	9.82431408923e-09
     5	8.2561393057e-09
     6	7.25798184919e-09
     7	1.4006145219e-08
     8	1.16794020253e-08
     9	1.02032124607e-08

Measurement: edge100_ro110
  step	V(ro110_out)={VTHRESH} 
     1	7.65894810099e-09
     2	6.46291883823e-09
     3	5.70752085255e-09
     4	1.06972560028e-08
     5	8.86290215752e-09
     6	7.7097823562e-09
     7	1.54520092918e-08
     8	1.2699110062e-08
     9	1.09739912826e-08

Measurement: edge100_ro111
  step	V(ro111_out)={VTHRESH} 
     1	7.20823342638e-09
     2	6.16581756104e-09
     3	5.50267979376e-09
     4	9.90804441962e-09
     5	8.34409060225e-09
     6	7.34116868048e-09
     7	1.41458958717e-08
     8	1.18298752012e-08
     9	1.03430488093e-08

Measurement: edge100_ro112
  step	V(ro112_out)={VTHRESH} 
     1	7.54575306762e-09
     2	6.3923902927e-09
     3	5.65726744024e-09
     4	1.04531708066e-08
     5	8.71288593806e-09
     6	7.60553666045e-09
     7	1.50443747807e-08
     8	1.24421681722e-08
     9	1.07931584426e-08

Measurement: edge100_ro113
  step	V(ro113_out)={VTHRESH} 
     1	6.98738863359e-09
     2	6.00569369423e-09
     3	5.37704683663e-09
     4	9.55054192532e-09
     5	8.07637900968e-09
     6	7.13076407237e-09
     7	1.3556822438e-08
     8	1.13774362601e-08
     9	9.98411504267e-09

Measurement: edge100_ro114
  step	V(ro114_out)={VTHRESH} 
     1	7.38208283488e-09
     2	6.30041774949e-09
     3	5.57819645824e-09
     4	1.01948346938e-08
     5	8.54117029373e-09
     6	7.48133686862e-09
     7	1.46229389932e-08
     8	1.21606739338e-08
     9	1.05863515909e-08

Measurement: edge100_ro115
  step	V(ro115_out)={VTHRESH} 
     1	7.33529473153e-09
     2	6.2572831114e-09
     3	5.55553218605e-09
     4	1.01231243588e-08
     5	8.48774302283e-09
     6	7.44070360221e-09
     7	1.45074234086e-08
     8	1.20706124069e-08
     9	1.05163207181e-08

Measurement: edge100_ro116
  step	V(ro116_out)={VTHRESH} 
     1	7.53787641532e-09
     2	6.38033052044e-09
     3	5.65324584174e-09
     4	1.04832312715e-08
     5	8.72705832351e-09
     6	7.61332791877e-09
     7	1.51161892149e-08
     8	1.24800558422e-08
     9	1.08195836696e-08

Measurement: edge100_ro117
  step	V(ro117_out)={VTHRESH} 
     1	8.12491156386e-09
     2	6.73989711425e-09
     3	5.87692190086e-09
     4	1.1612205568e-08
     5	9.39185659612e-09
     6	8.05942639013e-09
     7	1.7042173e-08
     8	1.36441008242e-08
     9	1.16124676818e-08

Measurement: edge100_ro118
  step	V(ro118_out)={VTHRESH} 
     1	7.39275120027e-09
     2	6.30410538507e-09
     3	5.59264955515e-09
     4	1.02033423424e-08
     5	8.55018751076e-09
     6	7.48934652008e-09
     7	1.46262899381e-08
     8	1.21681088328e-08
     9	1.05931621185e-08

Measurement: edge100_ro119
  step	V(ro119_out)={VTHRESH} 
     1	7.89654213084e-09
     2	6.61986556509e-09
     3	5.82124619913e-09
     4	1.10618600099e-08
     5	9.09606633544e-09
     6	7.87510736484e-09
     7	1.60310429537e-08
     8	1.30704485957e-08
     9	1.12385251343e-08

Measurement: edge100_ro120
  step	V(ro120_out)={VTHRESH} 
     1	7.75827898187e-09
     2	6.54297275732e-09
     3	5.75074941557e-09
     4	1.08909563373e-08
     5	8.98990658185e-09
     6	7.80132471616e-09
     7	1.57958725018e-08
     8	1.29286775213e-08
     9	1.11418285018e-08

Measurement: edge100_ro121
  step	V(ro121_out)={VTHRESH} 
     1	7.28900333202e-09
     2	6.20993979951e-09
     3	5.52491081929e-09
     4	1.00773382075e-08
     5	8.44364295997e-09
     6	7.40288369834e-09
     7	1.44479636091e-08
     8	1.2012234584e-08
     9	1.04651618906e-08

Measurement: edge100_ro122
  step	V(ro122_out)={VTHRESH} 
     1	7.25008785226e-09
     2	6.20486420665e-09
     3	5.53051843568e-09
     4	9.93040051911e-09
     5	8.36223750839e-09
     6	7.35025568576e-09
     7	1.41620165791e-08
     8	1.1840178581e-08
     9	1.03456352527e-08

Measurement: edge100_ro123
  step	V(ro123_out)={VTHRESH} 
     1	7.55115744398e-09
     2	6.38507286056e-09
     3	5.65776417876e-09
     4	1.0540652766e-08
     5	8.75912461705e-09
     6	7.63480164357e-09
     7	1.52136198609e-08
     8	1.25414243929e-08
     9	1.08593914318e-08

Measurement: edge100_ro124
  step	V(ro124_out)={VTHRESH} 
     1	7.94090996928e-09
     2	6.65385736183e-09
     3	5.84389421175e-09
     4	1.11949646203e-08
     5	9.19566387555e-09
     6	7.95198818448e-09
     7	1.62967200539e-08
     8	1.32739198286e-08
     9	1.13990241489e-08

Measurement: edge100_ro125
  step	V(ro125_out)={VTHRESH} 
     1	7.18469699236e-09
     2	6.14872003584e-09
     3	5.49956608945e-09
     4	9.81609915214e-09
     5	8.29435217252e-09
     6	7.30530406082e-09
     7	1.39709894727e-08
     8	1.17243416741e-08
     9	1.0267407305e-08

Measurement: edge100_ro126
  step	V(ro126_out)={VTHRESH} 
     1	7.07947219997e-09
     2	6.07713470997e-09
     3	5.42625470396e-09
     4	9.6965349168e-09
     5	8.18120478402e-09
     6	7.20971499658e-09
     7	1.37897319902e-08
     8	1.15481893675e-08
     9	1.0115953271e-08

Measurement: edge100_ro127
  step	V(ro127_out)={VTHRESH} 
     1	7.39847525793e-09
     2	6.30522977143e-09
     3	5.59760053691e-09
     4	1.02154938195e-08
     5	8.55824358561e-09
     6	7.49614051672e-09
     7	1.46506738856e-08
     8	1.21836710709e-08
     9	1.0605524834e-08
