LTspice 26.0.2 for Windows
Circuit: C:\Users\JUST\Documents\LTspice\RO_PUF_PVT_100\chip_055_PVT.net
Start Time: Mon Jul 20 03:27:11 2026
Options:plotwinsize=0 numdgt=10 reltol=1e-4 abstol=1e-12 vntol=1e-6 reltol=0.003 vntol=1m abstol=1e-10 gmin=1e-10 threads=1

.step vddval=0.9 temp=-20°
solver = Normal
Maximum thread count: 1
tnom = 27
temp = -20
method = trap
gmin = 1e-10
abstol = 1e-10
reltol = 0.003
volttol = 0.001
Per .tran options, skipping operating point for transient analysis.

.step vddval=1 temp=-20°

.step vddval=1.1 temp=-20°

.step vddval=0.9 temp=25°

.step vddval=1 temp=25°

.step vddval=1.1 temp=25°

.step vddval=0.9 temp=80°

.step vddval=1 temp=80°

.step vddval=1.1 temp=80°
Total elapsed time: 2199.999 seconds.

Files loaded:
C:\Users\JUST\Documents\LTspice\RO_PUF_PVT_100\chip_055_PVT.net
C:\Users\JUST\Documents\LTspice\RO_PUF_PVT_100\45nm_HP.pm
C:\Users\JUST\Documents\LTspice\RO_PUF_PVT_100\chip_055_mismatch.inc


Measurement: t_ro0
  step	t_ro0	FROM	TO
     1	5.90827210791e-09	1.42054812375e-09	7.32882023166e-09
     2	5.04151843199e-09	1.21137135515e-09	6.25288978713e-09
     3	4.48000572491e-09	1.07592308236e-09	5.55592880727e-09
     4	8.14326341961e-09	1.95888323441e-09	1.0102146654e-08
     5	6.83263709282e-09	1.6424936234e-09	8.47513071622e-09
     6	5.99240889813e-09	1.43988498828e-09	7.43229388642e-09
     7	1.16654133038e-08	2.80697863936e-09	1.44723919432e-08
     8	9.71333289629e-09	2.33575276896e-09	1.20490856653e-08
     9	8.46604507103e-09	2.03502464277e-09	1.05010697138e-08

Measurement: t_ro1
  step	t_ro1	FROM	TO
     1	5.64382935975e-09	1.35422868733e-09	6.99805804707e-09
     2	4.8674876757e-09	1.16549957736e-09	6.03298725306e-09
     3	4.35826403156e-09	1.04210241364e-09	5.4003664452e-09
     4	7.6802503996e-09	1.84404009157e-09	9.52429049118e-09
     5	6.52512541743e-09	1.56338627355e-09	8.08851169098e-09
     6	5.77021298481e-09	1.38064479426e-09	7.15085777907e-09
     7	1.08877257419e-08	2.61408722576e-09	1.35018129677e-08
     8	9.18745939233e-09	2.20195361487e-09	1.13894130072e-08
     9	8.07907481231e-09	1.93372091679e-09	1.00127957291e-08

Measurement: t_ro2
  step	t_ro2	FROM	TO
     1	6.15088493886e-09	1.47941677067e-09	7.63030170953e-09
     2	5.18916815394e-09	1.24524213074e-09	6.43441028468e-09
     3	4.58211655396e-09	1.09736964461e-09	5.67948619857e-09
     4	8.60581032256e-09	2.07127118026e-09	1.06770815028e-08
     5	7.11606094279e-09	1.70903308989e-09	8.82509403269e-09
     6	6.18987616024e-09	1.48390777855e-09	7.67378393879e-09
     7	1.2433980703e-08	2.99335551703e-09	1.542733622e-08
     8	1.01946517767e-08	2.44963335157e-09	1.26442851282e-08
     9	8.80697573603e-09	2.1124893849e-09	1.09194651209e-08

Measurement: t_ro3
  step	t_ro3	FROM	TO
     1	6.34229135968e-09	1.52621311947e-09	7.86850447916e-09
     2	5.32813793343e-09	1.28002279784e-09	6.60816073127e-09
     3	4.68729527492e-09	1.12473928611e-09	5.81203456103e-09
     4	8.9526082309e-09	2.15564797616e-09	1.11082562071e-08
     5	7.36901037965e-09	1.77178820783e-09	9.14079858748e-09
     6	6.38144504731e-09	1.53258639082e-09	7.91403143813e-09
     7	1.30363370827e-08	3.13961186771e-09	1.61759489504e-08
     8	1.06413147337e-08	2.55937525844e-09	1.32006899921e-08
     9	9.15045123666e-09	2.19876236474e-09	1.13492136014e-08

Measurement: t_ro4
  step	t_ro4	FROM	TO
     1	6.33123454905e-09	1.51995957229e-09	7.85119412133e-09
     2	5.32916842237e-09	1.27714878328e-09	6.60631720565e-09
     3	4.69125853212e-09	1.12304541925e-09	5.81430395137e-09
     4	8.86853433201e-09	2.12998951009e-09	1.09985238421e-08
     5	7.33069818645e-09	1.75752571996e-09	9.08822390641e-09
     6	6.35984993168e-09	1.52275536579e-09	7.88260529747e-09
     7	1.28712997144e-08	3.09126346037e-09	1.59625631748e-08
     8	1.05564821624e-08	2.53102624924e-09	1.30875084116e-08
     9	9.09926821148e-09	2.17897300636e-09	1.12782412178e-08

Measurement: t_ro5
  step	t_ro5	FROM	TO
     1	6.08010946904e-09	1.46297795556e-09	7.54308742461e-09
     2	5.17079666498e-09	1.24098046785e-09	6.41177713283e-09
     3	4.57988721517e-09	1.09763641013e-09	5.6775236253e-09
     4	8.45297534614e-09	2.0325710671e-09	1.04855464132e-08
     5	7.05656155925e-09	1.69454450563e-09	8.75110606488e-09
     6	6.16351657758e-09	1.478322127e-09	7.64183870458e-09
     7	1.21748490968e-08	2.92797121298e-09	1.51028203098e-08
     8	1.00888233655e-08	2.42335053923e-09	1.25121739047e-08
     9	8.75708731563e-09	2.10115616538e-09	1.0858243481e-08

Measurement: t_ro6
  step	t_ro6	FROM	TO
     1	5.48143104072e-09	1.31320206272e-09	6.79463310344e-09
     2	4.75840812401e-09	1.1382956843e-09	5.89670380831e-09
     3	4.27514129966e-09	1.02187437252e-09	5.29701567218e-09
     4	7.35994921456e-09	1.76390591242e-09	9.12385512697e-09
     5	6.29416288555e-09	1.506666336e-09	7.80082922155e-09
     6	5.59611155514e-09	1.33802031415e-09	6.9341318693e-09
     7	1.03362770906e-08	2.4781736722e-09	1.28144507628e-08
     8	8.78156549395e-09	2.10305871181e-09	1.08846242058e-08
     9	7.76449714214e-09	1.8579601401e-09	9.62245728224e-09

Measurement: t_ro7
  step	t_ro7	FROM	TO
     1	5.7599517823e-09	1.37597420978e-09	7.13592599208e-09
     2	4.95983596462e-09	1.18212150789e-09	6.14195747251e-09
     3	4.42041878568e-09	1.05415818283e-09	5.4745769685e-09
     4	7.88260780185e-09	1.8829930294e-09	9.76560083125e-09
     5	6.66142592582e-09	1.58929820298e-09	8.25072412881e-09
     6	5.86883650374e-09	1.39934590094e-09	7.26818240468e-09
     7	1.1219471252e-08	2.67873823947e-09	1.38982094915e-08
     8	9.41390693475e-09	2.24514328599e-09	1.16590502207e-08
     9	8.24534778688e-09	1.96527643276e-09	1.02106242196e-08

Measurement: t_ro8
  step	t_ro8	FROM	TO
     1	6.03231002471e-09	1.44470331256e-09	7.47701333727e-09
     2	5.12000248766e-09	1.22427471216e-09	6.34427719982e-09
     3	4.5371093244e-09	1.08380725073e-09	5.62091657512e-09
     4	8.38942473464e-09	2.00890715626e-09	1.03983318909e-08
     5	6.98896488266e-09	1.67064648507e-09	8.65961136773e-09
     6	6.10410191536e-09	1.45791656916e-09	7.56201848453e-09
     7	1.2079113451e-08	2.89122416986e-09	1.49703376209e-08
     8	9.97937518493e-09	2.38505474351e-09	1.23644299284e-08
     9	8.65768323889e-09	2.06748488915e-09	1.0725168128e-08

Measurement: t_ro9
  step	t_ro9	FROM	TO
     1	6.22844575064e-09	1.49300498295e-09	7.72145073358e-09
     2	5.24762991844e-09	1.25593933556e-09	6.503569254e-09
     3	4.64000093112e-09	1.10841664988e-09	5.74841758101e-09
     4	8.72967148893e-09	2.09334473275e-09	1.08230162217e-08
     5	7.19979726075e-09	1.72306497574e-09	8.92286223649e-09
     6	6.25362914751e-09	1.4950641137e-09	7.74869326121e-09
     7	1.26418657913e-08	3.03076337301e-09	1.56726291643e-08
     8	1.03380226878e-08	2.47410764293e-09	1.28121303308e-08
     9	8.9141821827e-09	2.13063350345e-09	1.10448156861e-08

Measurement: t_ro10
  step	t_ro10	FROM	TO
     1	6.0186183268e-09	1.44371989646e-09	7.46233822326e-09
     2	5.12000390006e-09	1.22532205236e-09	6.34532595242e-09
     3	4.54003375384e-09	1.08595967184e-09	5.62599342568e-09
     4	8.32012719455e-09	1.99660812444e-09	1.0316735319e-08
     5	6.95893786919e-09	1.66718466314e-09	8.62612253233e-09
     6	6.08796191208e-09	1.45680752446e-09	7.54476943653e-09
     7	1.19477815169e-08	2.86607488066e-09	1.48138563976e-08
     8	9.91754056992e-09	2.37620563382e-09	1.22937462037e-08
     9	8.62283234378e-09	2.06380548665e-09	1.06866378304e-08

Measurement: t_ro11
  step	t_ro11	FROM	TO
     1	5.97348683255e-09	1.43560903508e-09	7.40909586763e-09
     2	5.07773643519e-09	1.21908572391e-09	6.2968221591e-09
     3	4.50246656579e-09	1.0798524161e-09	5.58231898189e-09
     4	8.30511883537e-09	1.9969270326e-09	1.0302045868e-08
     5	6.92845027128e-09	1.66444425805e-09	8.59289452933e-09
     6	6.05655491416e-09	1.45376394062e-09	7.51031885477e-09
     7	1.19433612955e-08	2.87221717946e-09	1.4815578475e-08
     8	9.88427252215e-09	2.37568236629e-09	1.22599548884e-08
     9	8.58413865182e-09	2.06191861582e-09	1.06460572676e-08

Measurement: t_ro12
  step	t_ro12	FROM	TO
     1	6.59270242951e-09	1.59715050431e-09	8.18985293381e-09
     2	5.49055905378e-09	1.32228890249e-09	6.81284795627e-09
     3	4.80215439445e-09	1.15396095313e-09	5.95611534758e-09
     4	9.37062255231e-09	2.27302609604e-09	1.16436486483e-08
     5	7.64075892752e-09	1.84471134784e-09	9.48547027536e-09
     6	6.57568504899e-09	1.58247575219e-09	8.15816080118e-09
     7	1.37207943569e-08	3.3281652914e-09	1.70489596483e-08
     8	1.10881337607e-08	2.6793711486e-09	1.37675049093e-08
     9	9.47328421863e-09	2.28318492804e-09	1.17564691467e-08

Measurement: t_ro13
  step	t_ro13	FROM	TO
     1	6.20044131436e-09	1.49456257524e-09	7.6950038896e-09
     2	5.24929096706e-09	1.26296538639e-09	6.51225635345e-09
     3	4.639997466e-09	1.11515734603e-09	5.75515481203e-09
     4	8.61135327459e-09	2.07870029726e-09	1.06900535719e-08
     5	7.16105436316e-09	1.72564824584e-09	8.886702609e-09
     6	6.23869813687e-09	1.50119305798e-09	7.73989119485e-09
     7	1.2418545811e-08	2.9997191686e-09	1.54182649796e-08
     8	1.02508130978e-08	2.47200469941e-09	1.27228177972e-08
     9	8.87342834937e-09	2.13755094765e-09	1.1010979297e-08

Measurement: t_ro14
  step	t_ro14	FROM	TO
     1	5.94475296501e-09	1.42345880688e-09	7.36821177188e-09
     2	5.06847421009e-09	1.21190333506e-09	6.28037754514e-09
     3	4.50099440814e-09	1.07542668474e-09	5.57642109288e-09
     4	8.21622295649e-09	1.9673782671e-09	1.01836012236e-08
     5	6.88297997685e-09	1.64587266568e-09	8.52885264252e-09
     6	6.03084061873e-09	1.44086714991e-09	7.47170776864e-09
     7	1.17800114855e-08	2.81979184492e-09	1.45998033304e-08
     8	9.79310827378e-09	2.34093128304e-09	1.21340395568e-08
     9	8.52620979918e-09	2.03661804859e-09	1.05628278478e-08

Measurement: t_ro15
  step	t_ro15	FROM	TO
     1	5.69373925585e-09	1.36570818158e-09	7.05944743743e-09
     2	4.90292628798e-09	1.17471432135e-09	6.07764060934e-09
     3	4.3808950576e-09	1.04905916137e-09	5.42995421897e-09
     4	7.75732266446e-09	1.86098515845e-09	9.61830782291e-09
     5	6.57314794292e-09	1.57527128769e-09	8.14841923061e-09
     6	5.80346927805e-09	1.38992306261e-09	7.19339234066e-09
     7	1.10041796105e-08	2.63985809216e-09	1.36440377026e-08
     8	9.26091510188e-09	2.21949812329e-09	1.14804132252e-08
     9	8.13003695974e-09	1.94726228405e-09	1.00772992438e-08

Measurement: t_ro16
  step	t_ro16	FROM	TO
     1	5.94233418203e-09	1.42353985066e-09	7.36587403269e-09
     2	5.07580998274e-09	1.21417073503e-09	6.28998071776e-09
     3	4.50618126642e-09	1.07688006171e-09	5.58306132813e-09
     4	8.1805072751e-09	1.95954856332e-09	1.01400558384e-08
     5	6.86690762751e-09	1.64289260764e-09	8.50980023515e-09
     6	6.0212814697e-09	1.43920663279e-09	7.46048810249e-09
     7	1.17086318451e-08	2.80428230207e-09	1.45129141471e-08
     8	9.75729249301e-09	2.33415505621e-09	1.20914475492e-08
     9	8.50464216864e-09	2.03274762207e-09	1.05373897907e-08

Measurement: t_ro17
  step	t_ro17	FROM	TO
     1	5.91999293096e-09	1.41188239044e-09	7.3318753214e-09
     2	5.04381627346e-09	1.20243577025e-09	6.24625204371e-09
     3	4.48219211623e-09	1.06912697916e-09	5.5513190954e-09
     4	8.10783265073e-09	1.93343100653e-09	1.00412636573e-08
     5	6.81210939661e-09	1.62346196953e-09	8.43557136614e-09
     6	5.97871245272e-09	1.42441293967e-09	7.4031253924e-09
     7	1.15797126297e-08	2.75991246701e-09	1.43396250967e-08
     8	9.65861541057e-09	2.30080637764e-09	1.19594217882e-08
     9	8.42632522482e-09	2.00668410641e-09	1.04330093312e-08

Measurement: t_ro18
  step	t_ro18	FROM	TO
     1	6.16230284254e-09	1.47798774351e-09	7.64029058604e-09
     2	5.21305109754e-09	1.24764342224e-09	6.46069451978e-09
     3	4.60687133782e-09	1.10150846384e-09	5.70837980167e-09
     4	8.57636291496e-09	2.05723621209e-09	1.0633599127e-08
     5	7.12482819862e-09	1.70544366938e-09	8.830271868e-09
     6	6.2055399142e-09	1.48381132519e-09	7.68935123939e-09
     7	1.2376166334e-08	2.96763726177e-09	1.53438035958e-08
     8	1.02014605996e-08	2.44147649669e-09	1.26429370963e-08
     9	8.82819199137e-09	2.11062454331e-09	1.09388165347e-08

Measurement: t_ro19
  step	t_ro19	FROM	TO
     1	5.94451951638e-09	1.42608493844e-09	7.37060445482e-09
     2	5.07221399956e-09	1.21456504167e-09	6.28677904123e-09
     3	4.50007977645e-09	1.07625822255e-09	5.576337999e-09
     4	8.20999771401e-09	1.97002253452e-09	1.01800202485e-08
     5	6.87996871524e-09	1.64809262412e-09	8.52806133935e-09
     6	6.02844941997e-09	1.44243940837e-09	7.47088882835e-09
     7	1.17713313514e-08	2.8246116858e-09	1.45959430372e-08
     8	9.7889911158e-09	2.34564754951e-09	1.21346386653e-08
     9	8.52497249008e-09	2.04029246461e-09	1.05652649547e-08

Measurement: t_ro20
  step	t_ro20	FROM	TO
     1	6.04083178651e-09	1.44770555248e-09	7.48853733899e-09
     2	5.12588382258e-09	1.22586365455e-09	6.35174747713e-09
     3	4.55149639632e-09	1.08830763388e-09	5.6398040302e-09
     4	8.37699963888e-09	2.00784343211e-09	1.0384843071e-08
     5	7.00195160983e-09	1.67577955526e-09	8.6777311651e-09
     6	6.12108039372e-09	1.46357257436e-09	7.58465296808e-09
     7	1.20544493374e-08	2.88862401598e-09	1.49430733533e-08
     8	1.00003170438e-08	2.39307625204e-09	1.23933932959e-08
     9	8.688209214e-09	2.07721263339e-09	1.07654218474e-08

Measurement: t_ro21
  step	t_ro21	FROM	TO
     1	6.0501440251e-09	1.45450380712e-09	7.50464783222e-09
     2	5.13681706708e-09	1.23336750542e-09	6.3701845725e-09
     3	4.55739841907e-09	1.09249560555e-09	5.64989402462e-09
     4	8.39259766508e-09	2.02045169595e-09	1.0413049361e-08
     5	7.00908339227e-09	1.68487800419e-09	8.69396139647e-09
     6	6.1258764801e-09	1.47056911138e-09	7.59644559148e-09
     7	1.20737864153e-08	2.90883633757e-09	1.49826227528e-08
     8	1.00071119515e-08	2.40720457039e-09	1.24143165219e-08
     9	8.69118842901e-09	2.08847319639e-09	1.07796616254e-08

Measurement: t_ro22
  step	t_ro22	FROM	TO
     1	5.87522665829e-09	1.40995069394e-09	7.28517735222e-09
     2	5.02154671941e-09	1.20324560827e-09	6.22479232767e-09
     3	4.47999247978e-09	1.07165629313e-09	5.55164877291e-09
     4	8.07131739304e-09	1.93737831096e-09	1.0008695704e-08
     5	6.78905084556e-09	1.62741981965e-09	8.41647066521e-09
     6	5.96319094293e-09	1.42777445685e-09	7.39096539978e-09
     7	1.15353932767e-08	2.76864412238e-09	1.4304037399e-08
     8	9.63168323497e-09	2.30908419784e-09	1.19407674328e-08
     9	8.40909823448e-09	2.01376757012e-09	1.04228658046e-08

Measurement: t_ro23
  step	t_ro23	FROM	TO
     1	5.60002727804e-09	1.33448470365e-09	6.93451198168e-09
     2	4.83353258196e-09	1.1504056921e-09	5.98393827406e-09
     3	4.32731286044e-09	1.03006774761e-09	5.35738060805e-09
     4	7.62103615385e-09	1.81263419447e-09	9.43367034832e-09
     5	6.46488850076e-09	1.53785065971e-09	8.00273916047e-09
     6	5.71799184906e-09	1.36019621466e-09	7.07818806372e-09
     7	1.07925855391e-08	2.56525251199e-09	1.33578380511e-08
     8	9.08685729169e-09	2.16019491596e-09	1.12470522077e-08
     9	7.98818041512e-09	1.89920836874e-09	9.88738878387e-09

Measurement: t_ro24
  step	t_ro24	FROM	TO
     1	6.04793969188e-09	1.4627568734e-09	7.51069656528e-09
     2	5.11999960791e-09	1.23708269918e-09	6.35708230709e-09
     3	4.54958422105e-09	1.0964936013e-09	5.64607782235e-09
     4	8.39804325777e-09	2.03522887285e-09	1.04332721306e-08
     5	7.0039686039e-09	1.69368368843e-09	8.69765229233e-09
     6	6.11821841345e-09	1.47745623245e-09	7.5956746459e-09
     7	1.20902541526e-08	2.93308241262e-09	1.50233365652e-08
     8	1.0003729328e-08	2.42163923516e-09	1.24253685632e-08
     9	8.68233029559e-09	2.09916341858e-09	1.07814937142e-08

Measurement: t_ro25
  step	t_ro25	FROM	TO
     1	5.99782243575e-09	1.44207400168e-09	7.43989643743e-09
     2	5.0873070516e-09	1.22195836151e-09	6.30926541311e-09
     3	4.5088923558e-09	1.08139618786e-09	5.59028854365e-09
     4	8.33941491982e-09	2.0065820173e-09	1.03459969371e-08
     5	6.94333647808e-09	1.6687766842e-09	8.61211316228e-09
     6	6.06505930904e-09	1.45603050056e-09	7.5210898096e-09
     7	1.19990876589e-08	2.88857307898e-09	1.48876607379e-08
     8	9.90999699943e-09	2.38317976705e-09	1.22931767665e-08
     9	8.5993913916e-09	2.06580566752e-09	1.06651970591e-08

Measurement: t_ro26
  step	t_ro26	FROM	TO
     1	6.02715554167e-09	1.44807270793e-09	7.4752282496e-09
     2	5.11999374516e-09	1.22975303763e-09	6.34974678279e-09
     3	4.53173977974e-09	1.08693030831e-09	5.61867008805e-09
     4	8.37622917773e-09	2.01367122094e-09	1.03899003987e-08
     5	6.98091554921e-09	1.6768654752e-09	8.65778102441e-09
     6	6.09517060791e-09	1.46290010599e-09	7.55807071391e-09
     7	1.20705353331e-08	2.90258613505e-09	1.49731214681e-08
     8	9.97878996754e-09	2.39795924201e-09	1.23767492095e-08
     9	8.65555566956e-09	2.07849814043e-09	1.073405381e-08

Measurement: t_ro27
  step	t_ro27	FROM	TO
     1	6.05696078565e-09	1.45108763523e-09	7.50804842088e-09
     2	5.12426543115e-09	1.22649965493e-09	6.35076508608e-09
     3	4.54793594418e-09	1.08706761992e-09	5.6350035641e-09
     4	8.39271289193e-09	2.01091996668e-09	1.04036328586e-08
     5	6.99533544435e-09	1.67355761715e-09	8.6688930615e-09
     6	6.10879645379e-09	1.46012735693e-09	7.56892381072e-09
     7	1.20687363068e-08	2.89106905975e-09	1.49598053666e-08
     8	9.97966529855e-09	2.38746333337e-09	1.23671286319e-08
     9	8.65873333278e-09	2.06965821456e-09	1.07283915473e-08

Measurement: t_ro28
  step	t_ro28	FROM	TO
     1	6.4529494813e-09	1.55333998052e-09	8.00628946181e-09
     2	5.38009595987e-09	1.29403924893e-09	6.6741352088e-09
     3	4.71629272509e-09	1.13324130166e-09	5.84953402674e-09
     4	9.20350870413e-09	2.21676571781e-09	1.14202744219e-08
     5	7.50182890018e-09	1.80569599074e-09	9.30752489092e-09
     6	6.46228021695e-09	1.55440696514e-09	8.0166871821e-09
     7	1.34772391474e-08	3.24753590177e-09	1.67247750492e-08
     8	1.08822736065e-08	2.62082731783e-09	1.35031009244e-08
     9	9.30317514234e-09	2.23935362018e-09	1.15425287625e-08

Measurement: t_ro29
  step	t_ro29	FROM	TO
     1	5.89923772185e-09	1.40893694136e-09	7.30817466321e-09
     2	5.02612241616e-09	1.19920416044e-09	6.22532657661e-09
     3	4.46675414732e-09	1.06510681975e-09	5.53186096707e-09
     4	8.14111418737e-09	1.94353817301e-09	1.00846523604e-08
     5	6.80861544902e-09	1.62418885292e-09	8.43280430194e-09
     6	5.9649294032e-09	1.42219767661e-09	7.38712707981e-09
     7	1.16622530336e-08	2.78344498697e-09	1.44456980206e-08
     8	9.67300466088e-09	2.30695290879e-09	1.19799575697e-08
     9	8.41793587769e-09	2.00663025276e-09	1.04245661305e-08

Measurement: t_ro30
  step	t_ro30	FROM	TO
     1	6.16936298584e-09	1.48331454589e-09	7.65267753173e-09
     2	5.21833490547e-09	1.25342276312e-09	6.47175766859e-09
     3	4.61211586666e-09	1.10758942615e-09	5.7197052928e-09
     4	8.60375874268e-09	2.0694679772e-09	1.06732267199e-08
     5	7.14371561102e-09	1.71684516542e-09	8.86056077644e-09
     6	6.22035143022e-09	1.49438786304e-09	7.71473929326e-09
     7	1.24295063609e-08	2.99024774409e-09	1.54197541049e-08
     8	1.02393139057e-08	2.46150362924e-09	1.27008175349e-08
     9	8.85746994263e-09	2.12897709181e-09	1.09864470344e-08

Measurement: t_ro31
  step	t_ro31	FROM	TO
     1	6.19612328588e-09	1.48255009418e-09	7.67867338006e-09
     2	5.23208158634e-09	1.25071970114e-09	6.48280128748e-09
     3	4.62007466367e-09	1.10406577853e-09	5.7241404422e-09
     4	8.68434330092e-09	2.0774139979e-09	1.07617572988e-08
     5	7.19304912239e-09	1.71904582494e-09	8.91209494734e-09
     6	6.25332185725e-09	1.49364236761e-09	7.74696422486e-09
     7	1.2579322344e-08	3.00788429809e-09	1.55872066421e-08
     8	1.03344280648e-08	2.46921566227e-09	1.28036437271e-08
     9	8.92542858843e-09	2.13150490267e-09	1.10569334911e-08

Measurement: t_ro32
  step	t_ro32	FROM	TO
     1	5.93556496453e-09	1.43426520419e-09	7.36983016872e-09
     2	5.06749152118e-09	1.22256594859e-09	6.29005746977e-09
     3	4.4925365674e-09	1.08383781191e-09	5.57637437931e-09
     4	8.20404538523e-09	1.98455205072e-09	1.0188597436e-08
     5	6.87339869875e-09	1.66020239064e-09	8.53360108939e-09
     6	6.02130404039e-09	1.45330976898e-09	7.47461380938e-09
     7	1.17682002567e-08	2.84837654759e-09	1.46165768043e-08
     8	9.78109903593e-09	2.3640047744e-09	1.21451038103e-08
     9	8.51513233403e-09	2.0564730195e-09	1.05716053535e-08

Measurement: t_ro33
  step	t_ro33	FROM	TO
     1	5.66290006932e-09	1.35927151693e-09	7.02217158625e-09
     2	4.88144569803e-09	1.16980659762e-09	6.05125229565e-09
     3	4.36630268611e-09	1.04560542017e-09	5.41190810627e-09
     4	7.69931105674e-09	1.84922031053e-09	9.54853136727e-09
     5	6.53363000359e-09	1.56653183897e-09	8.10016184256e-09
     6	5.77229251932e-09	1.38288385526e-09	7.15517637458e-09
     7	1.09104085073e-08	2.62101927798e-09	1.35314277853e-08
     8	9.194594544e-09	2.20524132761e-09	1.13998358716e-08
     9	8.07922157282e-09	1.93594410231e-09	1.00151656751e-08

Measurement: t_ro34
  step	t_ro34	FROM	TO
     1	5.83185937984e-09	1.40389620697e-09	7.23575558682e-09
     2	4.99046028369e-09	1.1998891757e-09	6.19034945938e-09
     3	4.44780182894e-09	1.06877620646e-09	5.5165780354e-09
     4	8.00062373462e-09	1.92767953458e-09	9.9283032692e-09
     5	6.7380107658e-09	1.62179063831e-09	8.35980140411e-09
     6	5.92025246454e-09	1.42492944064e-09	7.34518190518e-09
     7	1.14210236492e-08	2.7528753269e-09	1.41738989761e-08
     8	9.54907266849e-09	2.2996508673e-09	1.18487235358e-08
     9	8.34422238296e-09	2.00790141816e-09	1.03521238011e-08

Measurement: t_ro35
  step	t_ro35	FROM	TO
     1	5.89157192322e-09	1.42018648643e-09	7.31175840965e-09
     2	5.0210966068e-09	1.20883999035e-09	6.22993659715e-09
     3	4.48000259927e-09	1.07712918952e-09	5.55713178878e-09
     4	8.14037151357e-09	1.96403757916e-09	1.01044090927e-08
     5	6.81089247523e-09	1.64106794687e-09	8.45196042209e-09
     6	5.96968036052e-09	1.43690824042e-09	7.40658860094e-09
     7	1.16618475182e-08	2.81480543503e-09	1.44766529533e-08
     8	9.67792285878e-09	2.33289079736e-09	1.20108136561e-08
     9	8.42667072616e-09	2.02947921091e-09	1.04561499371e-08

Measurement: t_ro36
  step	t_ro36	FROM	TO
     1	6.17041632168e-09	1.47469553623e-09	7.64511185791e-09
     2	5.22064331579e-09	1.24659953347e-09	6.46724284926e-09
     3	4.61323136712e-09	1.10056191846e-09	5.71379328558e-09
     4	8.63053167167e-09	2.06204270755e-09	1.06925743792e-08
     5	7.16485318695e-09	1.71045674369e-09	8.87530993064e-09
     6	6.24002786521e-09	1.48895440646e-09	7.72898227166e-09
     7	1.24835114116e-08	2.98154760942e-09	1.5465059021e-08
     8	1.02813616241e-08	2.45378084598e-09	1.27351424701e-08
     9	8.89205373058e-09	2.1212222483e-09	1.10132759789e-08

Measurement: t_ro37
  step	t_ro37	FROM	TO
     1	6.2400007103e-09	1.5067073957e-09	7.74670810599e-09
     2	5.26768049456e-09	1.26835397281e-09	6.53603446737e-09
     3	4.63999780219e-09	1.11566810647e-09	5.75566590866e-09
     4	8.74727500312e-09	2.11280490439e-09	1.08600799075e-08
     5	7.23994331348e-09	1.74494091722e-09	8.9848842307e-09
     6	6.29095627296e-09	1.51439038144e-09	7.8053466544e-09
     7	1.26777199061e-08	3.0631300619e-09	1.5740849968e-08
     8	1.04073755922e-08	2.50975637301e-09	1.29171319652e-08
     9	8.98254548112e-09	2.16398795081e-09	1.11465334319e-08

Measurement: t_ro38
  step	t_ro38	FROM	TO
     1	6.23999456883e-09	1.51111954535e-09	7.75111411418e-09
     2	5.25714663512e-09	1.26707310014e-09	6.52421973527e-09
     3	4.63999307714e-09	1.11581519617e-09	5.7558082733e-09
     4	8.70472955689e-09	2.11833379264e-09	1.08230633495e-08
     5	7.21301622659e-09	1.74379675035e-09	8.95681297694e-09
     6	6.27353999479e-09	1.5123344733e-09	7.7858744681e-09
     7	1.25876374221e-08	3.07012624691e-09	1.5657763669e-08
     8	1.03478856599e-08	2.50694280574e-09	1.28548284656e-08
     9	8.94116749653e-09	2.15921499336e-09	1.11003824899e-08

Measurement: t_ro39
  step	t_ro39	FROM	TO
     1	5.83118796174e-09	1.39929481088e-09	7.23048277262e-09
     2	4.99529771469e-09	1.19813176811e-09	6.1934294828e-09
     3	4.45387557542e-09	1.06810522497e-09	5.5219808004e-09
     4	7.95349302855e-09	1.9087467606e-09	9.86223978915e-09
     5	6.71156996078e-09	1.60965127361e-09	8.32122123439e-09
     6	5.90782450553e-09	1.41649579402e-09	7.32432029955e-09
     7	1.13080605071e-08	2.71384991665e-09	1.40219104238e-08
     8	9.47712867573e-09	2.27291015965e-09	1.17500388354e-08
     9	8.29305333323e-09	1.98875577598e-09	1.02818091092e-08

Measurement: t_ro40
  step	t_ro40	FROM	TO
     1	5.8938667588e-09	1.4135406395e-09	7.3074073983e-09
     2	5.02985525467e-09	1.20562623617e-09	6.23548149084e-09
     3	4.473046359e-09	1.07226549831e-09	5.54531185731e-09
     4	8.10370301364e-09	1.9438311061e-09	1.00475341197e-08
     5	6.79352604872e-09	1.62889535913e-09	8.42242140785e-09
     6	5.95894365846e-09	1.42827962571e-09	7.38722328418e-09
     7	1.15632771248e-08	2.77366184239e-09	1.43369389672e-08
     8	9.61918342079e-09	2.30681231951e-09	1.19259957403e-08
     9	8.38487117774e-09	2.01047496844e-09	1.03953461462e-08

Measurement: t_ro41
  step	t_ro41	FROM	TO
     1	6.17788717834e-09	1.48137009009e-09	7.65925726843e-09
     2	5.22873866476e-09	1.25180502098e-09	6.48054368574e-09
     3	4.62772372031e-09	1.10720645518e-09	5.73493017549e-09
     4	8.60998193862e-09	2.06482509821e-09	1.06748070368e-08
     5	7.15386477249e-09	1.71309750713e-09	8.86696227962e-09
     6	6.23203552843e-09	1.49073308679e-09	7.72276861522e-09
     7	1.24324623069e-08	2.98112665406e-09	1.54135889609e-08
     8	1.02491950314e-08	2.45424929105e-09	1.27034443224e-08
     9	8.86889621292e-09	2.12160676462e-09	1.09905029775e-08

Measurement: t_ro42
  step	t_ro42	FROM	TO
     1	5.71191044285e-09	1.37311411138e-09	7.08502455424e-09
     2	4.91592010504e-09	1.18071052924e-09	6.09663063428e-09
     3	4.39017780664e-09	1.05382969504e-09	5.44400750167e-09
     4	7.80271513731e-09	1.87723186632e-09	9.67994700363e-09
     5	6.60316438146e-09	1.58699251296e-09	8.19015689442e-09
     6	5.82595210486e-09	1.39964334162e-09	7.22559544648e-09
     7	1.10891666144e-08	2.66897601721e-09	1.37581426316e-08
     8	9.31760237725e-09	2.24040644731e-09	1.15580088246e-08
     9	8.17278454903e-09	1.96479696511e-09	1.01375815141e-08

Measurement: t_ro43
  step	t_ro43	FROM	TO
     1	6.32412040071e-09	1.53154115159e-09	7.8556615523e-09
     2	5.31625122298e-09	1.28456116646e-09	6.60081238943e-09
     3	4.68240350747e-09	1.12979025199e-09	5.81219375945e-09
     4	8.90014631376e-09	2.1583887586e-09	1.10585350724e-08
     5	7.34452334758e-09	1.77666636406e-09	9.12118971163e-09
     6	6.36730560144e-09	1.53820923869e-09	7.90551484013e-09
     7	1.29390178773e-08	3.13971756909e-09	1.60787354464e-08
     8	1.05880051312e-08	2.5631225243e-09	1.31511276555e-08
     9	9.11702370567e-09	2.20422656199e-09	1.13212502677e-08

Measurement: t_ro44
  step	t_ro44	FROM	TO
     1	5.86941343906e-09	1.40571189725e-09	7.27512533631e-09
     2	5.0137955376e-09	1.19875537649e-09	6.21255091409e-09
     3	4.46831749147e-09	1.06719301373e-09	5.5355105052e-09
     4	8.07398315378e-09	1.93377949897e-09	1.00077626527e-08
     5	6.78660156416e-09	1.62302594348e-09	8.40962750764e-09
     6	5.95925824565e-09	1.42385736447e-09	7.38311561012e-09
     7	1.15489286942e-08	2.7654796015e-09	1.43144082957e-08
     8	9.63487441332e-09	2.30392484756e-09	1.19387992609e-08
     9	8.4079930745e-09	2.00866547143e-09	1.04166585459e-08

Measurement: t_ro45
  step	t_ro45	FROM	TO
     1	6.13315364883e-09	1.47657618885e-09	7.60972983768e-09
     2	5.17463060095e-09	1.24435027042e-09	6.41898087137e-09
     3	4.57246843537e-09	1.09853498691e-09	5.67100342228e-09
     4	8.58132898228e-09	2.06793199069e-09	1.0649260973e-08
     5	7.09407427034e-09	1.7069617039e-09	8.80103597424e-09
     6	6.17141464e-09	1.48372848221e-09	7.65514312221e-09
     7	1.24011030143e-08	2.9898050598e-09	1.53909080741e-08
     8	1.01603123824e-08	2.44584693562e-09	1.2606159318e-08
     9	8.77616048939e-09	2.11109405232e-09	1.08872545417e-08

Measurement: t_ro46
  step	t_ro46	FROM	TO
     1	5.74436014645e-09	1.37834173348e-09	7.12270187994e-09
     2	4.93514510862e-09	1.18170879559e-09	6.11685390421e-09
     3	4.40002262897e-09	1.05205373397e-09	5.45207636294e-09
     4	7.86385047534e-09	1.88796592013e-09	9.75181639547e-09
     5	6.63946123596e-09	1.59057282548e-09	8.23003406143e-09
     6	5.8497990762e-09	1.3995751388e-09	7.24937421499e-09
     7	1.11920019865e-08	2.68706006789e-09	1.38790620544e-08
     8	9.37944192137e-09	2.24754026752e-09	1.16269821889e-08
     9	8.21426468678e-09	1.96582049444e-09	1.01800851812e-08

Measurement: t_ro47
  step	t_ro47	FROM	TO
     1	6.01128544705e-09	1.43952351557e-09	7.45080896262e-09
     2	5.11999939047e-09	1.22438495548e-09	6.34438434595e-09
     3	4.53476911792e-09	1.08414077624e-09	5.61890989416e-09
     4	8.32640778611e-09	1.99249964744e-09	1.03189074335e-08
     5	6.9597836468e-09	1.6639405092e-09	8.623724156e-09
     6	6.08794628235e-09	1.4549041908e-09	7.54285047315e-09
     7	1.19579573886e-08	2.85885227441e-09	1.4816809663e-08
     8	9.91835101753e-09	2.36992524516e-09	1.22882762627e-08
     9	8.62130734554e-09	2.05937392751e-09	1.0680681273e-08

Measurement: t_ro48
  step	t_ro48	FROM	TO
     1	5.97770294505e-09	1.4460242145e-09	7.42372715955e-09
     2	5.0935270037e-09	1.22954564297e-09	6.32307264667e-09
     3	4.51651412538e-09	1.08891514535e-09	5.60542927073e-09
     4	8.2731885679e-09	2.00407525284e-09	1.02772638207e-08
     5	6.91879650433e-09	1.67229928004e-09	8.59109578437e-09
     6	6.05516857861e-09	1.46164187707e-09	7.51681045568e-09
     7	1.18771345708e-08	2.87916760691e-09	1.47563021777e-08
     8	9.85583501155e-09	2.38415206785e-09	1.22399870794e-08
     9	8.57062523467e-09	2.07060863703e-09	1.06412338717e-08

Measurement: t_ro49
  step	t_ro49	FROM	TO
     1	6.18769818572e-09	1.48816381267e-09	7.67586199838e-09
     2	5.23137345789e-09	1.25669620008e-09	6.48806965797e-09
     3	4.61903777719e-09	1.10908194201e-09	5.7281197192e-09
     4	8.59678553807e-09	2.06883920613e-09	1.06656247442e-08
     5	7.13622840983e-09	1.71492105731e-09	8.85114946714e-09
     6	6.21389186585e-09	1.49253105579e-09	7.70642292164e-09
     7	1.23903818382e-08	2.98236367133e-09	1.53727455095e-08
     8	1.02054538066e-08	2.45300921555e-09	1.26584630221e-08
     9	8.82975236826e-09	2.12138387499e-09	1.09511362432e-08

Measurement: t_ro50
  step	t_ro50	FROM	TO
     1	6.14728036437e-09	1.47361683085e-09	7.62089719522e-09
     2	5.18737320605e-09	1.24153743957e-09	6.42891064561e-09
     3	4.58106396845e-09	1.09528223873e-09	5.67634620718e-09
     4	8.59244147844e-09	2.06014019364e-09	1.06525816721e-08
     5	7.11038839469e-09	1.70232669962e-09	8.81271509431e-09
     6	6.18657677153e-09	1.4794867452e-09	7.66606351673e-09
     7	1.24171960518e-08	2.97677580645e-09	1.53939718582e-08
     8	1.0191557978e-08	2.4399382639e-09	1.26314962419e-08
     9	8.8081259725e-09	2.10641936654e-09	1.0914545339e-08

Measurement: t_ro51
  step	t_ro51	FROM	TO
     1	5.86894756543e-09	1.42106669827e-09	7.29001426369e-09
     2	5.02050937938e-09	1.21054079442e-09	6.23105017379e-09
     3	4.47511025241e-09	1.07839341572e-09	5.55350366813e-09
     4	8.05295696914e-09	1.95443134198e-09	1.00073883111e-08
     5	6.77310454754e-09	1.63594276841e-09	8.40904731596e-09
     6	5.94947556227e-09	1.43427428956e-09	7.38374985183e-09
     7	1.14978861853e-08	2.79402551535e-09	1.42919117007e-08
     8	9.59781656227e-09	2.32059723019e-09	1.19184137925e-08
     9	8.378842521e-09	2.02167225127e-09	1.04005147723e-08

Measurement: t_ro52
  step	t_ro52	FROM	TO
     1	5.87827046546e-09	1.40820648134e-09	7.28647694679e-09
     2	5.0187299719e-09	1.20047041987e-09	6.21920039177e-09
     3	4.47106805462e-09	1.0685957931e-09	5.53966384772e-09
     4	8.08305007908e-09	1.93651572064e-09	1.00195657997e-08
     5	6.79716897913e-09	1.62597794026e-09	8.4231469194e-09
     6	5.96910889628e-09	1.42655419815e-09	7.39566309443e-09
     7	1.15627706792e-08	2.76965059474e-09	1.43324212739e-08
     8	9.65309217149e-09	2.30885495734e-09	1.19619471288e-08
     9	8.42625779453e-09	2.01360886395e-09	1.04398666585e-08

Measurement: t_ro53
  step	t_ro53	FROM	TO
     1	5.57380204265e-09	1.33572859972e-09	6.90953064237e-09
     2	4.79998979129e-09	1.15039597861e-09	5.95038576989e-09
     3	4.32000641686e-09	1.03311014569e-09	5.35311656256e-09
     4	7.57649973436e-09	1.81586616242e-09	9.39236589677e-09
     5	6.44820971325e-09	1.54366472875e-09	7.991874442e-09
     6	5.71035062369e-09	1.36612466477e-09	7.07647528846e-09
     7	1.07266162982e-08	2.57065976211e-09	1.32972760603e-08
     8	9.06648756981e-09	2.17040788446e-09	1.12368954543e-08
     9	7.98349648602e-09	1.90994328451e-09	9.89343977053e-09

Measurement: t_ro54
  step	t_ro54	FROM	TO
     1	5.80699890895e-09	1.39449729391e-09	7.20149620286e-09
     2	4.97775328998e-09	1.19358354e-09	6.17133682998e-09
     3	4.44006947111e-09	1.06347225178e-09	5.50354172289e-09
     4	7.9448598364e-09	1.90913166195e-09	9.85399149836e-09
     5	6.70352518025e-09	1.6082204794e-09	8.31174565964e-09
     6	5.89956174965e-09	1.41362946502e-09	7.31319121467e-09
     7	1.13185506434e-08	2.72017087663e-09	1.403872152e-08
     8	9.48239873406e-09	2.27548107536e-09	1.17578798094e-08
     9	8.29664753508e-09	1.98855751344e-09	1.02852050485e-08

Measurement: t_ro55
  step	t_ro55	FROM	TO
     1	5.78608064378e-09	1.39117797407e-09	7.17725861785e-09
     2	4.96000008245e-09	1.19089023119e-09	6.15089031364e-09
     3	4.4253477258e-09	1.06105742566e-09	5.48640515146e-09
     4	7.9210627017e-09	1.90572942486e-09	9.82679212656e-09
     5	6.68565760948e-09	1.60609993616e-09	8.29175754564e-09
     6	5.88629063577e-09	1.41258237429e-09	7.29887301006e-09
     7	1.12837479236e-08	2.7154702768e-09	1.39992182004e-08
     8	9.45597830793e-09	2.27257857952e-09	1.17285568874e-08
     9	8.27633912415e-09	1.98732329034e-09	1.02636624145e-08

Measurement: t_ro56
  step	t_ro56	FROM	TO
     1	6.05580491667e-09	1.44586857073e-09	7.5016734874e-09
     2	5.13715192553e-09	1.22576533241e-09	6.36291725794e-09
     3	4.55283105534e-09	1.08630351273e-09	5.63913456807e-09
     4	8.40241839966e-09	2.00497059972e-09	1.04073889994e-08
     5	7.00916003892e-09	1.67192915705e-09	8.68108919597e-09
     6	6.12188697856e-09	1.45985010894e-09	7.5817370875e-09
     7	1.20929433237e-08	2.8840162456e-09	1.49769595693e-08
     8	1.00101702291e-08	2.3865224582e-09	1.23966926873e-08
     9	8.68762451367e-09	2.07076609617e-09	1.07583906098e-08

Measurement: t_ro57
  step	t_ro57	FROM	TO
     1	5.89366263066e-09	1.40507657793e-09	7.29873920859e-09
     2	5.03192899761e-09	1.19932040325e-09	6.23124940086e-09
     3	4.47778842851e-09	1.06625993846e-09	5.54404836696e-09
     4	8.12004059486e-09	1.93431830955e-09	1.00543589044e-08
     5	6.81641377619e-09	1.62361563947e-09	8.44002941566e-09
     6	5.98159307847e-09	1.42468561673e-09	7.40627869519e-09
     7	1.16155231314e-08	2.76485122913e-09	1.43803743605e-08
     8	9.67696334546e-09	2.30346524641e-09	1.19804285919e-08
     9	8.43929260513e-09	2.00881837002e-09	1.04481109751e-08

Measurement: t_ro58
  step	t_ro58	FROM	TO
     1	5.96675758962e-09	1.43566731183e-09	7.40242490145e-09
     2	5.09035802762e-09	1.22277162301e-09	6.31312965063e-09
     3	4.51624624918e-09	1.08264683288e-09	5.59889308207e-09
     4	8.23528795968e-09	1.98302132461e-09	1.02183092843e-08
     5	6.90446578271e-09	1.6596618466e-09	8.56412762931e-09
     6	6.04944950282e-09	1.4519522391e-09	7.50140174191e-09
     7	1.18062638147e-08	2.84360029525e-09	1.46498641099e-08
     8	9.82560859313e-09	2.36281681323e-09	1.21884254064e-08
     9	8.55661882204e-09	2.05486478593e-09	1.0611483608e-08

Measurement: t_ro59
  step	t_ro59	FROM	TO
     1	5.78510378861e-09	1.38835817727e-09	7.17346196588e-09
     2	4.96000013139e-09	1.18891149543e-09	6.14891162682e-09
     3	4.42030643816e-09	1.057846804e-09	5.47815324216e-09
     4	7.94320912018e-09	1.90714978575e-09	9.85035890593e-09
     5	6.69461489126e-09	1.60410721595e-09	8.29872210721e-09
     6	5.89132379048e-09	1.41004357536e-09	7.30136736585e-09
     7	1.13283548602e-08	2.71997145901e-09	1.40483263192e-08
     8	9.47577090812e-09	2.27073296242e-09	1.17465038705e-08
     9	8.28778626102e-09	1.98377017344e-09	1.02715564345e-08

Measurement: t_ro60
  step	t_ro60	FROM	TO
     1	6.20511659743e-09	1.48454368741e-09	7.68966028484e-09
     2	5.24871324855e-09	1.25396650616e-09	6.50267975472e-09
     3	4.6347439709e-09	1.1071066248e-09	5.7418505957e-09
     4	8.6478105681e-09	2.06827641067e-09	1.07160869788e-08
     5	7.18168703504e-09	1.71506346872e-09	8.89675050376e-09
     6	6.25093236096e-09	1.49195413117e-09	7.74288649213e-09
     7	1.24877925157e-08	2.98501302087e-09	1.54728055365e-08
     8	1.02904134448e-08	2.45643939222e-09	1.2746852837e-08
     9	8.90119870454e-09	2.12354873804e-09	1.10247474426e-08

Measurement: t_ro61
  step	t_ro61	FROM	TO
     1	6.11562299341e-09	1.469227242e-09	7.5848502354e-09
     2	5.18536989132e-09	1.24336872273e-09	6.42873861405e-09
     3	4.58724693395e-09	1.09809926248e-09	5.68534619643e-09
     4	8.52153909094e-09	2.04858947502e-09	1.0570128566e-08
     5	7.09317274065e-09	1.70250837355e-09	8.7956811142e-09
     6	6.18520660816e-09	1.48237262268e-09	7.66757923085e-09
     7	1.22999393362e-08	2.95767904551e-09	1.52576183817e-08
     8	1.01592816404e-08	2.43964279688e-09	1.25989244373e-08
     9	8.80174703079e-09	2.11131122171e-09	1.09130582525e-08

Measurement: t_ro62
  step	t_ro62	FROM	TO
     1	5.60422170949e-09	1.34887349469e-09	6.95309520417e-09
     2	4.84301503003e-09	1.16344513561e-09	6.00646016564e-09
     3	4.33849336011e-09	1.04041348228e-09	5.37890684239e-09
     4	7.56571037557e-09	1.8237697123e-09	9.38948008787e-09
     5	6.44380904863e-09	1.55029979078e-09	7.99410883941e-09
     6	5.70780463465e-09	1.3711772946e-09	7.07898192925e-09
     7	1.06749742438e-08	2.57585164489e-09	1.32508258887e-08
     8	9.03320530974e-09	2.1755707629e-09	1.12087760726e-08
     9	7.95856038184e-09	1.91409179729e-09	9.87265217913e-09

Measurement: t_ro63
  step	t_ro63	FROM	TO
     1	5.46029226984e-09	1.31143257895e-09	6.77172484879e-09
     2	4.74367880496e-09	1.13783115551e-09	5.88150996047e-09
     3	4.26558858478e-09	1.02243876374e-09	5.28802734852e-09
     4	7.35522103267e-09	1.76767263149e-09	9.12289366416e-09
     5	6.29348643401e-09	1.51038336353e-09	7.80386979755e-09
     6	5.59537848992e-09	1.34192676874e-09	6.93730525866e-09
     7	1.03326119618e-08	2.4840644729e-09	1.28166764347e-08
     8	8.78318106134e-09	2.10876081054e-09	1.08919418719e-08
     9	7.76724335266e-09	1.86350898225e-09	9.63075233491e-09

Measurement: t_ro64
  step	t_ro64	FROM	TO
     1	5.79631368417e-09	1.38633877666e-09	7.18265246084e-09
     2	4.9600363111e-09	1.18601227882e-09	6.14604858992e-09
     3	4.43063098236e-09	1.05725819889e-09	5.48788918125e-09
     4	7.96095326779e-09	1.90405267217e-09	9.86500593996e-09
     5	6.71231049764e-09	1.60293441929e-09	8.31524491693e-09
     6	5.90649166996e-09	1.4092318083e-09	7.31572347826e-09
     7	1.13587023572e-08	2.71590980737e-09	1.40746121646e-08
     8	9.50722053337e-09	2.27012076503e-09	1.17773412984e-08
     9	8.31494702483e-09	1.98378644629e-09	1.02987334711e-08

Measurement: t_ro65
  step	t_ro65	FROM	TO
     1	6.08000255024e-09	1.46214478151e-09	7.54214733174e-09
     2	5.14214786369e-09	1.23619890484e-09	6.37834676853e-09
     3	4.55165269729e-09	1.09472882547e-09	5.64638152276e-09
     4	8.47188853309e-09	2.03858218618e-09	1.05104707193e-08
     5	7.03702436928e-09	1.69298556793e-09	8.73000993721e-09
     6	6.13278693061e-09	1.47564874269e-09	7.60843567329e-09
     7	1.22217773736e-08	2.94181371814e-09	1.51635910917e-08
     8	1.00671752014e-08	2.42275840259e-09	1.2489933604e-08
     9	8.71498020295e-09	2.09798912727e-09	1.08129693302e-08

Measurement: t_ro66
  step	t_ro66	FROM	TO
     1	6.01420119616e-09	1.45050403006e-09	7.46470522622e-09
     2	5.12000330778e-09	1.23163000851e-09	6.35163331628e-09
     3	4.53367187348e-09	1.08900524476e-09	5.62267711824e-09
     4	8.33728322616e-09	2.01262908084e-09	1.0349912307e-08
     5	6.9615459549e-09	1.67650479658e-09	8.63805075148e-09
     6	6.08676459122e-09	1.46368646202e-09	7.55045105324e-09
     7	1.1979809082e-08	2.89303374215e-09	1.48728428242e-08
     8	9.92388237931e-09	2.39145305755e-09	1.23153354369e-08
     9	8.62139973574e-09	2.07472777283e-09	1.06961275086e-08

Measurement: t_ro67
  step	t_ro67	FROM	TO
     1	5.90611894999e-09	1.42081956052e-09	7.32693851051e-09
     2	5.03580313524e-09	1.21089613464e-09	6.24669926988e-09
     3	4.47999662436e-09	1.07719155794e-09	5.5571881823e-09
     4	8.1503148518e-09	1.96246876237e-09	1.01127836142e-08
     5	6.83926744608e-09	1.64624089386e-09	8.48550833994e-09
     6	5.99854763629e-09	1.44355099243e-09	7.44209862872e-09
     7	1.16855409383e-08	2.81584425357e-09	1.45013851918e-08
     8	9.73158574218e-09	2.34420206374e-09	1.20757878059e-08
     9	8.48176514953e-09	2.04292682602e-09	1.05246919756e-08

Measurement: t_ro68
  step	t_ro68	FROM	TO
     1	5.8639390389e-09	1.40690845573e-09	7.27084749464e-09
     2	5.00638416075e-09	1.20066678651e-09	6.20705094726e-09
     3	4.45532315458e-09	1.068097007e-09	5.52342016158e-09
     4	8.07686740501e-09	1.93805165189e-09	1.00149190569e-08
     5	6.77597064758e-09	1.62490656829e-09	8.40087721588e-09
     6	5.94618646067e-09	1.42558397286e-09	7.37177043353e-09
     7	1.15480687002e-08	2.77075582159e-09	1.43188245217e-08
     8	9.61430123646e-09	2.3053950224e-09	1.19196962589e-08
     9	8.38471977581e-09	2.01022240893e-09	1.03949421847e-08

Measurement: t_ro69
  step	t_ro69	FROM	TO
     1	6.11862301157e-09	1.47893609113e-09	7.5975591027e-09
     2	5.18719394533e-09	1.25026833356e-09	6.43746227889e-09
     3	4.58930844869e-09	1.10482012875e-09	5.69412857744e-09
     4	8.50944253504e-09	2.05959693338e-09	1.05690394684e-08
     5	7.08478868282e-09	1.70994626041e-09	8.79473494323e-09
     6	6.17963821255e-09	1.48930957597e-09	7.66894778852e-09
     7	1.22666628208e-08	2.97049824148e-09	1.52371610623e-08
     8	1.01328491598e-08	2.44715790492e-09	1.25800070647e-08
     9	8.78121014055e-09	2.11789538179e-09	1.08991055223e-08

Measurement: t_ro70
  step	t_ro70	FROM	TO
     1	5.84327995876e-09	1.40333998399e-09	7.24661994275e-09
     2	4.99361499455e-09	1.19842836751e-09	6.19204336206e-09
     3	4.44603186861e-09	1.06635131771e-09	5.51238318631e-09
     4	8.02860564197e-09	1.92858956732e-09	9.9571952093e-09
     5	6.7460490245e-09	1.6195480739e-09	8.36559709841e-09
     6	5.92420944012e-09	1.42141279589e-09	7.34562223601e-09
     7	1.14656580111e-08	2.75467642803e-09	1.42203344391e-08
     8	9.56217926911e-09	2.2962002217e-09	1.18583794908e-08
     9	8.3466699381e-09	2.00335016442e-09	1.03500201025e-08

Measurement: t_ro71
  step	t_ro71	FROM	TO
     1	5.95172915406e-09	1.42789628233e-09	7.37962543639e-09
     2	5.06948300821e-09	1.21487633726e-09	6.28435934546e-09
     3	4.50108155468e-09	1.07812745e-09	5.57920900468e-09
     4	8.22070090315e-09	1.97300742462e-09	1.01937083278e-08
     5	6.88004413741e-09	1.64964700951e-09	8.52969114692e-09
     6	6.02480097812e-09	1.44363365478e-09	7.46843463289e-09
     7	1.17859226805e-08	2.82898808652e-09	1.4614910767e-08
     8	9.78707533668e-09	2.34687149459e-09	1.21339468313e-08
     9	8.51545281257e-09	2.0411507359e-09	1.05566035485e-08

Measurement: t_ro72
  step	t_ro72	FROM	TO
     1	5.54669714932e-09	1.33256648278e-09	6.87926363209e-09
     2	4.80005831508e-09	1.1522194405e-09	5.95227775558e-09
     3	4.31998592886e-09	1.0354537454e-09	5.35543967426e-09
     4	7.48652624721e-09	1.79939055214e-09	9.28591679934e-09
     5	6.38942094664e-09	1.53328959247e-09	7.92271053911e-09
     6	5.66818527274e-09	1.35913040784e-09	7.02731568058e-09
     7	1.055136917e-08	2.53651119774e-09	1.30878803677e-08
     8	8.94577284438e-09	2.14725780153e-09	1.10930306459e-08
     9	7.8936424221e-09	1.89320764989e-09	9.78685007198e-09

Measurement: t_ro73
  step	t_ro73	FROM	TO
     1	6.15524237268e-09	1.48139411331e-09	7.636636486e-09
     2	5.19801456169e-09	1.25001322063e-09	6.44802778232e-09
     3	4.59043609353e-09	1.10332263456e-09	5.69375872809e-09
     4	8.61788859148e-09	2.07553497279e-09	1.06934235643e-08
     5	7.13535302677e-09	1.7174902042e-09	8.85284323097e-09
     6	6.20485412307e-09	1.49256080264e-09	7.69741492571e-09
     7	1.24809866052e-08	3.00746597265e-09	1.54884525779e-08
     8	1.0246298436e-08	2.46762972686e-09	1.27139281628e-08
     9	8.84824171122e-09	2.12974472916e-09	1.09779864404e-08

Measurement: t_ro74
  step	t_ro74	FROM	TO
     1	5.53176199559e-09	1.33246622253e-09	6.86422821812e-09
     2	4.79239579102e-09	1.15255944838e-09	5.94495523939e-09
     3	4.30183829108e-09	1.0330710881e-09	5.33490937918e-09
     4	7.46730816023e-09	1.80178488737e-09	9.2690930476e-09
     5	6.37600679611e-09	1.53613401036e-09	7.91214080647e-09
     6	5.65854831964e-09	1.36149185142e-09	7.02004017106e-09
     7	1.05253962853e-08	2.54222792751e-09	1.30676242128e-08
     8	8.92908533315e-09	2.15376660612e-09	1.10828519393e-08
     9	7.88213296921e-09	1.89916183355e-09	9.78129480276e-09

Measurement: t_ro75
  step	t_ro75	FROM	TO
     1	5.91999893425e-09	1.41704972666e-09	7.33704866092e-09
     2	5.04037440939e-09	1.20535725412e-09	6.24573166352e-09
     3	4.48000449101e-09	1.07106085398e-09	5.55106534499e-09
     4	8.16034316221e-09	1.95368583406e-09	1.01140289963e-08
     5	6.83599469565e-09	1.63468350618e-09	8.47067820183e-09
     6	5.99143470477e-09	1.4315970033e-09	7.42303170806e-09
     7	1.16931098331e-08	2.79897987901e-09	1.44920897121e-08
     8	9.71786129237e-09	2.32365182472e-09	1.20415131171e-08
     9	8.46357637779e-09	2.02206982605e-09	1.04856462038e-08

Measurement: t_ro76
  step	t_ro76	FROM	TO
     1	6.00868256033e-09	1.44917950336e-09	7.45786206369e-09
     2	5.12000778327e-09	1.23259770907e-09	6.35260549235e-09
     3	4.53200443938e-09	1.09002073366e-09	5.62202517303e-09
     4	8.33341026234e-09	2.01350141255e-09	1.03469116749e-08
     5	6.96264062871e-09	1.67898206272e-09	8.64162269143e-09
     6	6.08842469352e-09	1.46656004912e-09	7.55498474263e-09
     7	1.19793979693e-08	2.89769446504e-09	1.48770924343e-08
     8	9.93211797086e-09	2.39771155125e-09	1.23298295221e-08
     9	8.63055837256e-09	2.08156124588e-09	1.07121196184e-08

Measurement: t_ro77
  step	t_ro77	FROM	TO
     1	5.91999955965e-09	1.42250513875e-09	7.3425046984e-09
     2	5.0310745129e-09	1.20789738674e-09	6.23897189964e-09
     3	4.46533123549e-09	1.07149101518e-09	5.53682225067e-09
     4	8.20516673164e-09	1.97300944186e-09	1.01781761735e-08
     5	6.84558305259e-09	1.64446036728e-09	8.49004341987e-09
     6	5.98807021749e-09	1.43741293657e-09	7.42548315406e-09
     7	1.17961784212e-08	2.83753232925e-09	1.46337107504e-08
     8	9.75776335197e-09	2.34507451106e-09	1.2102837863e-08
     9	8.4777418561e-09	2.03606068675e-09	1.05138025429e-08

Measurement: t_ro78
  step	t_ro78	FROM	TO
     1	6.01152531734e-09	1.45005919119e-09	7.46158450853e-09
     2	5.12000756349e-09	1.23399499347e-09	6.35400255696e-09
     3	4.52980696675e-09	1.09062124106e-09	5.62042820782e-09
     4	8.30964529672e-09	2.00495153286e-09	1.03145968296e-08
     5	6.93765095376e-09	1.67235485456e-09	8.61000580832e-09
     6	6.06705887357e-09	1.46168538379e-09	7.52874425736e-09
     7	1.19079062766e-08	2.87317225217e-09	1.47810785288e-08
     8	9.86564742263e-09	2.37857702625e-09	1.22442244489e-08
     9	8.57366052857e-09	2.06605024803e-09	1.06397107766e-08

Measurement: t_ro79
  step	t_ro79	FROM	TO
     1	5.81276808199e-09	1.39977591201e-09	7.212543994e-09
     2	4.97902627165e-09	1.19700005037e-09	6.17602632202e-09
     3	4.43916758357e-09	1.06624005168e-09	5.50540763525e-09
     4	7.97874355028e-09	1.92322435089e-09	9.90196790117e-09
     5	6.72221698687e-09	1.61787609524e-09	8.34009308211e-09
     6	5.91424697837e-09	1.42164544325e-09	7.33589242162e-09
     7	1.13812449285e-08	2.74441777359e-09	1.41256627021e-08
     8	9.5217106443e-09	2.29202665429e-09	1.18137372986e-08
     9	8.32470000108e-09	2.00175508815e-09	1.03264550892e-08

Measurement: t_ro80
  step	t_ro80	FROM	TO
     1	6.12743758985e-09	1.47286978022e-09	7.60030737007e-09
     2	5.1885929226e-09	1.24619310649e-09	6.43478602909e-09
     3	4.58855272221e-09	1.10109115041e-09	5.68964387262e-09
     4	8.54088843458e-09	2.05427064105e-09	1.05951590756e-08
     5	7.09822680919e-09	1.70564705541e-09	8.8038738646e-09
     6	6.18565175382e-09	1.48537724214e-09	7.67102899596e-09
     7	1.23231122012e-08	2.96480108386e-09	1.5287913285e-08
     8	1.01599201001e-08	2.44230090723e-09	1.26022210073e-08
     9	8.79569221902e-09	2.11318093241e-09	1.09088731514e-08

Measurement: t_ro81
  step	t_ro81	FROM	TO
     1	6.08000235372e-09	1.45614153311e-09	7.53614388684e-09
     2	5.16186458498e-09	1.23288552434e-09	6.39475010933e-09
     3	4.57406085303e-09	1.09138307612e-09	5.66544392915e-09
     4	8.44429328213e-09	2.02067560591e-09	1.0464968888e-08
     5	7.04178216874e-09	1.68157820508e-09	8.72336037381e-09
     6	6.14936057438e-09	1.46697180763e-09	7.61633238201e-09
     7	1.21591718095e-08	2.90756206756e-09	1.5066733877e-08
     8	1.00620406584e-08	2.40172755139e-09	1.24637682098e-08
     9	8.73050243259e-09	2.08191386123e-09	1.08124162938e-08

Measurement: t_ro82
  step	t_ro82	FROM	TO
     1	6.06943779813e-09	1.46036407314e-09	7.52980187128e-09
     2	5.1412285096e-09	1.23625650501e-09	6.37748501461e-09
     3	4.55406009134e-09	1.09412827367e-09	5.64818836502e-09
     4	8.44473041802e-09	2.03343714519e-09	1.04781675632e-08
     5	7.02988465072e-09	1.69179923355e-09	8.72168388427e-09
     6	6.13380019455e-09	1.47531955009e-09	7.60911974464e-09
     7	1.21664478165e-08	2.93137915315e-09	1.50978269697e-08
     8	1.00479647944e-08	2.41971408208e-09	1.24676788765e-08
     9	8.71085364382e-09	2.09720329601e-09	1.08080569398e-08

Measurement: t_ro83
  step	t_ro83	FROM	TO
     1	5.76607075101e-09	1.3899692411e-09	7.15603999211e-09
     2	4.95997821511e-09	1.19249593644e-09	6.15247415155e-09
     3	4.42020879021e-09	1.06323726158e-09	5.4834460518e-09
     4	7.87477356116e-09	1.90070917784e-09	9.77548273899e-09
     5	6.65827590061e-09	1.60451865857e-09	8.26279455918e-09
     6	5.86841043916e-09	1.41293748325e-09	7.28134792242e-09
     7	1.11972199203e-08	2.70444961596e-09	1.39016695363e-08
     8	9.40201926678e-09	2.26717426653e-09	1.16691935333e-08
     9	8.23900252344e-09	1.98515372065e-09	1.02241562441e-08

Measurement: t_ro84
  step	t_ro84	FROM	TO
     1	6.22295149743e-09	1.49369020528e-09	7.71664170271e-09
     2	5.26110205512e-09	1.26223284293e-09	6.52333489805e-09
     3	4.63998656365e-09	1.11169061179e-09	5.75167717544e-09
     4	8.67386069328e-09	2.08243402737e-09	1.07562947206e-08
     5	7.19981963778e-09	1.72716002084e-09	8.92697965862e-09
     6	6.26697384751e-09	1.50297358297e-09	7.76994743048e-09
     7	1.25331468378e-08	3.00876186142e-09	1.55419086992e-08
     8	1.03271305157e-08	2.47771513064e-09	1.28048456463e-08
     9	8.92976535454e-09	2.1420155664e-09	1.10717809209e-08

Measurement: t_ro85
  step	t_ro85	FROM	TO
     1	6.04643010032e-09	1.45481898236e-09	7.50124908268e-09
     2	5.13785816958e-09	1.23430134074e-09	6.37215951032e-09
     3	4.55636193583e-09	1.09357234282e-09	5.64993427865e-09
     4	8.36945851524e-09	2.01546831197e-09	1.03849268272e-08
     5	6.99754211793e-09	1.68254457015e-09	8.68008668808e-09
     6	6.11843293313e-09	1.4696822035e-09	7.58811513663e-09
     7	1.20338493117e-08	2.89916628254e-09	1.49330155943e-08
     8	9.98679014934e-09	2.40257726515e-09	1.23893674145e-08
     9	8.6785195268e-09	2.08600231648e-09	1.07645218433e-08

Measurement: t_ro86
  step	t_ro86	FROM	TO
     1	6.16552660993e-09	1.47734592446e-09	7.6428725344e-09
     2	5.21122228012e-09	1.24731260314e-09	6.45853488326e-09
     3	4.60530166755e-09	1.10096792693e-09	5.70626959447e-09
     4	8.61040115987e-09	2.06315922686e-09	1.06735603867e-08
     5	7.14021678855e-09	1.70914258932e-09	8.84935937787e-09
     6	6.21524803803e-09	1.4863258834e-09	7.70157392143e-09
     7	1.24523928358e-08	2.98313570571e-09	1.54355285415e-08
     8	1.02425710223e-08	2.45145989211e-09	1.26940309144e-08
     9	8.85574548942e-09	2.11776544465e-09	1.09735109341e-08

Measurement: t_ro87
  step	t_ro87	FROM	TO
     1	5.49163414428e-09	1.31576223073e-09	6.80739637501e-09
     2	4.75981853078e-09	1.13959113581e-09	5.89940966659e-09
     3	4.27302797418e-09	1.02244682433e-09	5.29547479851e-09
     4	7.41048736241e-09	1.77566176277e-09	9.18614912518e-09
     5	6.32096280538e-09	1.51326232477e-09	7.83422513015e-09
     6	5.61154775979e-09	1.34289662563e-09	6.95444438541e-09
     7	1.04392199043e-08	2.50130893997e-09	1.29405288443e-08
     8	8.84352057512e-09	2.11704962651e-09	1.09605702016e-08
     9	7.808633403e-09	1.86848882207e-09	9.67712222507e-09

Measurement: t_ro88
  step	t_ro88	FROM	TO
     1	6.03456580666e-09	1.44402522534e-09	7.478591032e-09
     2	5.12000068951e-09	1.22320320681e-09	6.34320389632e-09
     3	4.53904848248e-09	1.08438491166e-09	5.62343339414e-09
     4	8.3688482081e-09	2.00279063992e-09	1.0371638848e-08
     5	6.97704200864e-09	1.66791239421e-09	8.64495440285e-09
     6	6.09595263412e-09	1.45625463607e-09	7.55220727019e-09
     7	1.20197841011e-08	2.87607680563e-09	1.48958609067e-08
     8	9.9422392356e-09	2.37654642052e-09	1.23187856561e-08
     9	8.6309739505e-09	2.06177752776e-09	1.06927514783e-08

Measurement: t_ro89
  step	t_ro89	FROM	TO
     1	5.84174261955e-09	1.40454789353e-09	7.24629051309e-09
     2	4.99582347391e-09	1.19840070019e-09	6.19422417411e-09
     3	4.45382981533e-09	1.06754833331e-09	5.52137814864e-09
     4	7.99000004401e-09	1.92248579734e-09	9.91248584134e-09
     5	6.71852658534e-09	1.61362297506e-09	8.3321495604e-09
     6	5.90453100416e-09	1.41629191844e-09	7.3208229226e-09
     7	1.13715627787e-08	2.73702749909e-09	1.41085902778e-08
     8	9.48943683936e-09	2.27970588894e-09	1.17691427283e-08
     9	8.28942552074e-09	1.9894664034e-09	1.02788919241e-08

Measurement: t_ro90
  step	t_ro90	FROM	TO
     1	6.32455001216e-09	1.5372827652e-09	7.86183277736e-09
     2	5.3264383726e-09	1.2883846081e-09	6.6148229807e-09
     3	4.68985826878e-09	1.13109298544e-09	5.82095125423e-09
     4	8.86440110359e-09	2.15767178883e-09	1.10220728924e-08
     5	7.3267072343e-09	1.7747607707e-09	9.101468005e-09
     6	6.35704363818e-09	1.53580962177e-09	7.89285325995e-09
     7	1.28635294748e-08	3.1316809173e-09	1.59952103921e-08
     8	1.05453664788e-08	2.55608741986e-09	1.31014538987e-08
     9	9.0888506731e-09	2.19757709322e-09	1.12864277663e-08

Measurement: t_ro91
  step	t_ro91	FROM	TO
     1	6.02162468092e-09	1.44159829413e-09	7.46322297504e-09
     2	5.12001112766e-09	1.22469291445e-09	6.34470404211e-09
     3	4.54600797742e-09	1.08657523408e-09	5.6325832115e-09
     4	8.33191458807e-09	1.99431374981e-09	1.03262283379e-08
     5	6.97606595303e-09	1.66776295434e-09	8.64382890736e-09
     6	6.1040367531e-09	1.45849048686e-09	7.56252723996e-09
     7	1.19740044639e-08	2.86494086367e-09	1.48389453275e-08
     8	9.95171091409e-09	2.37823148236e-09	1.23299423965e-08
     9	8.65468631621e-09	2.0673436819e-09	1.07220299981e-08

Measurement: t_ro92
  step	t_ro92	FROM	TO
     1	5.97985653511e-09	1.44331286796e-09	7.42316940307e-09
     2	5.08559509364e-09	1.22671541496e-09	6.3123105086e-09
     3	4.5096533631e-09	1.08773466424e-09	5.59738802734e-09
     4	8.28086236715e-09	2.00192760289e-09	1.028278997e-08
     5	6.90996940857e-09	1.66880214571e-09	8.57877155428e-09
     6	6.0437937292e-09	1.45889408912e-09	7.50268781832e-09
     7	1.18853166794e-08	2.8762519023e-09	1.47615685817e-08
     8	9.83600744936e-09	2.37731813364e-09	1.2213325583e-08
     9	8.54582058282e-09	2.06433345033e-09	1.06101540331e-08

Measurement: t_ro93
  step	t_ro93	FROM	TO
     1	6.27926519092e-09	1.50895592959e-09	7.78822112051e-09
     2	5.28000562522e-09	1.26764088685e-09	6.54764651207e-09
     3	4.6501841468e-09	1.11430933113e-09	5.76449347793e-09
     4	8.83676573877e-09	2.12449685998e-09	1.09612625988e-08
     5	7.28419114845e-09	1.74880135149e-09	9.03299249993e-09
     6	6.31661418626e-09	1.51458302769e-09	7.83119721395e-09
     7	1.28261335501e-08	3.08408657324e-09	1.59102201234e-08
     8	1.04849371862e-08	2.5178836461e-09	1.30028208323e-08
     9	9.03006467136e-09	2.16615138876e-09	1.11962160601e-08

Measurement: t_ro94
  step	t_ro94	FROM	TO
     1	6.0863576719e-09	1.46188726386e-09	7.54824493577e-09
     2	5.1559308904e-09	1.23650668429e-09	6.39243757469e-09
     3	4.56112585289e-09	1.09249762071e-09	5.6536234736e-09
     4	8.49415581348e-09	2.04099729435e-09	1.05351531078e-08
     5	7.05971706771e-09	1.69434261342e-09	8.75405968113e-09
     6	6.15500139351e-09	1.4754668085e-09	7.63046820201e-09
     7	1.22690231969e-08	2.94859986159e-09	1.52176230584e-08
     8	1.01132110262e-08	2.42786694611e-09	1.25410779723e-08
     9	8.75728717861e-09	2.1003365448e-09	1.08576237234e-08

Measurement: t_ro95
  step	t_ro95	FROM	TO
     1	6.21489551044e-09	1.4920954669e-09	7.70699097734e-09
     2	5.25013601405e-09	1.25872838963e-09	6.50886440368e-09
     3	4.63999974341e-09	1.11150435551e-09	5.75150409891e-09
     4	8.67887912617e-09	2.08421173384e-09	1.076309086e-08
     5	7.20739459592e-09	1.72856183537e-09	8.93595643129e-09
     6	6.27242121368e-09	1.5029775283e-09	7.77539874198e-09
     7	1.25631701309e-08	3.01686845046e-09	1.55800385814e-08
     8	1.03531792085e-08	2.48313278153e-09	1.283631199e-08
     9	8.95206842752e-09	2.1453156855e-09	1.1097384113e-08

Measurement: t_ro96
  step	t_ro96	FROM	TO
     1	5.65249890869e-09	1.35592404421e-09	7.00842295291e-09
     2	4.87388888873e-09	1.16828742844e-09	6.04217631716e-09
     3	4.35951433074e-09	1.04447229235e-09	5.40398662309e-09
     4	7.68229423914e-09	1.84374757296e-09	9.5260418121e-09
     5	6.52068287254e-09	1.56325743853e-09	8.08394031107e-09
     6	5.76380308089e-09	1.38148888623e-09	7.14529196712e-09
     7	1.08763328886e-08	2.60971556126e-09	1.34860484499e-08
     8	9.16712062169e-09	2.19790849078e-09	1.13650291125e-08
     9	8.05811472481e-09	1.9312601408e-09	9.98937486561e-09

Measurement: t_ro97
  step	t_ro97	FROM	TO
     1	6.12477964729e-09	1.4654988563e-09	7.59027850359e-09
     2	5.18260485942e-09	1.23743497105e-09	6.42003983047e-09
     3	4.58334432741e-09	1.09382480161e-09	5.67716912902e-09
     4	8.55088987907e-09	2.0456774403e-09	1.05965673194e-08
     5	7.09709615395e-09	1.6947616581e-09	8.79185781206e-09
     6	6.18262140198e-09	1.47521049473e-09	7.65783189671e-09
     7	1.23408811615e-08	2.95127580915e-09	1.52921569707e-08
     8	1.01575968123e-08	2.42498849001e-09	1.25825853023e-08
     9	8.78841087401e-09	2.09633480429e-09	1.08847456783e-08

Measurement: t_ro98
  step	t_ro98	FROM	TO
     1	5.91224904271e-09	1.42381286693e-09	7.33606190964e-09
     2	5.04313920136e-09	1.21111745873e-09	6.25425666009e-09
     3	4.48014152505e-09	1.07544491323e-09	5.55558643827e-09
     4	8.13599024496e-09	1.96210235493e-09	1.00980925999e-08
     5	6.83062860194e-09	1.64245024869e-09	8.47307885063e-09
     6	5.99258793636e-09	1.43818460843e-09	7.43077254479e-09
     7	1.16404204877e-08	2.80952077234e-09	1.44499412601e-08
     8	9.70001847449e-09	2.33448687089e-09	1.20345053454e-08
     9	8.45778701386e-09	2.03159968691e-09	1.04893867008e-08

Measurement: t_ro99
  step	t_ro99	FROM	TO
     1	6.37886909015e-09	1.52785895621e-09	7.90672804636e-09
     2	5.35150826468e-09	1.28047032531e-09	6.63197858999e-09
     3	4.70222222869e-09	1.12399984689e-09	5.82622207558e-09
     4	8.99753898229e-09	2.15527324811e-09	1.11528122304e-08
     5	7.40239665184e-09	1.77131592703e-09	9.17371257886e-09
     6	6.4041339832e-09	1.53072590214e-09	7.93485988534e-09
     7	1.31028351664e-08	3.13705889717e-09	1.62398940636e-08
     8	1.06904847097e-08	2.55715622728e-09	1.32476409369e-08
     9	9.18829955625e-09	2.19599374982e-09	1.13842933061e-08

Measurement: t_ro100
  step	t_ro100	FROM	TO
     1	5.65254544807e-09	1.35863107506e-09	7.01117652312e-09
     2	4.87200874231e-09	1.17075884748e-09	6.04276758979e-09
     3	4.35872342668e-09	1.04704473223e-09	5.40576815892e-09
     4	7.67124568701e-09	1.84464800238e-09	9.51589368939e-09
     5	6.51177256402e-09	1.56537263088e-09	8.0771451949e-09
     6	5.7575358034e-09	1.3834892217e-09	7.1410250251e-09
     7	1.08613145644e-08	2.612679504e-09	1.34739940685e-08
     8	9.15909422223e-09	2.20253178342e-09	1.13616260056e-08
     9	8.04994096204e-09	1.93561553544e-09	9.98555649747e-09

Measurement: t_ro101
  step	t_ro101	FROM	TO
     1	6.05576791479e-09	1.44862267489e-09	7.50439058969e-09
     2	5.13044922213e-09	1.22625035823e-09	6.35669958036e-09
     3	4.54112873625e-09	1.0847820333e-09	5.62591076955e-09
     4	8.4108678482e-09	2.01163331592e-09	1.04225011641e-08
     5	6.99761199506e-09	1.67214186562e-09	8.66975386068e-09
     6	6.10475563316e-09	1.45808465428e-09	7.56284028743e-09
     7	1.21151701112e-08	2.89667811467e-09	1.50118482259e-08
     8	9.99754048061e-09	2.38848135666e-09	1.23860218373e-08
     9	8.66416246294e-09	2.06895682187e-09	1.07331192848e-08

Measurement: t_ro102
  step	t_ro102	FROM	TO
     1	6.06858306478e-09	1.45961217965e-09	7.52819524443e-09
     2	5.14310837666e-09	1.235149168e-09	6.37825754466e-09
     3	4.55996387051e-09	1.09383159979e-09	5.6537954703e-09
     4	8.45090014016e-09	2.03385511022e-09	1.04847552504e-08
     5	7.04252454246e-09	1.69261712333e-09	8.73514166579e-09
     6	6.14848448014e-09	1.47621841975e-09	7.62470289989e-09
     7	1.21821171198e-08	2.93278869315e-09	1.5114905813e-08
     8	1.00740839085e-08	2.42214684012e-09	1.24962307486e-08
     9	8.73704242998e-09	2.09918590818e-09	1.08362283382e-08

Measurement: t_ro103
  step	t_ro103	FROM	TO
     1	5.7600073672e-09	1.3115689665e-09	7.0715763337e-09
     2	4.95998667995e-09	1.18964918729e-09	6.14963586723e-09
     3	4.40814954509e-09	1.05806301931e-09	5.4662125644e-09
     4	7.86958422149e-09	1.79421817237e-09	9.66380239386e-09
     5	6.64397597204e-09	1.59767782344e-09	8.24165379548e-09
     6	5.85257297591e-09	1.40700075975e-09	7.25957373566e-09
     7	1.12004961308e-08	2.5559867915e-09	1.37564829223e-08
     8	9.38854435633e-09	2.14247927561e-09	1.15310236319e-08
     9	8.22175440429e-09	1.97884091003e-09	1.02005953143e-08

Measurement: t_ro104
  step	t_ro104	FROM	TO
     1	6.04026271477e-09	1.44282672866e-09	7.48308944343e-09
     2	5.13425638581e-09	1.22472684307e-09	6.35898322888e-09
     3	4.55507279772e-09	1.08570855356e-09	5.64078135128e-09
     4	8.34458387392e-09	1.99164770421e-09	1.03362315781e-08
     5	6.97987099616e-09	1.66399003217e-09	8.64386102833e-09
     6	6.10517712903e-09	1.4545724195e-09	7.55974954853e-09
     7	1.19848116108e-08	2.85759860449e-09	1.48424102153e-08
     8	9.94921601785e-09	2.37031089407e-09	1.23195269119e-08
     9	8.64823255731e-09	2.0593935655e-09	1.07076261228e-08

Measurement: t_ro105
  step	t_ro105	FROM	TO
     1	5.99268064616e-09	1.43476118451e-09	7.42744183067e-09
     2	5.11998896203e-09	1.22430402144e-09	6.34429298347e-09
     3	4.53123452158e-09	1.0831077842e-09	5.61434230578e-09
     4	8.27625761372e-09	1.98151077476e-09	1.02577683885e-08
     5	6.93420690662e-09	1.65825435845e-09	8.59246126507e-09
     6	6.07202063584e-09	1.451302148e-09	7.52332278383e-09
     7	1.18738306641e-08	2.84232841724e-09	1.47161590814e-08
     8	9.87527417865e-09	2.36143029167e-09	1.22367044703e-08
     9	8.59428679261e-09	2.05394740623e-09	1.06482341988e-08

Measurement: t_ro106
  step	t_ro106	FROM	TO
     1	5.99912761441e-09	1.44710052677e-09	7.44622814118e-09
     2	5.12000700425e-09	1.23235693689e-09	6.35236394114e-09
     3	4.52516327034e-09	1.08898700342e-09	5.61415027376e-09
     4	8.320077081e-09	2.00833204243e-09	1.03284091234e-08
     5	6.95379774965e-09	1.6764808964e-09	8.63027864605e-09
     6	6.0800160097e-09	1.46470687441e-09	7.54472288411e-09
     7	1.197333281e-08	2.89062381449e-09	1.48639566245e-08
     8	9.92630573524e-09	2.39419018494e-09	1.23204959202e-08
     9	8.62528247962e-09	2.07863019264e-09	1.07039126723e-08

Measurement: t_ro107
  step	t_ro107	FROM	TO
     1	6.48852898508e-09	1.55919665193e-09	8.04772563701e-09
     2	5.39329577343e-09	1.29509399503e-09	6.68838976846e-09
     3	4.72268392115e-09	1.13361049283e-09	5.85629441398e-09
     4	9.27021492048e-09	2.22857177042e-09	1.14987866909e-08
     5	7.52452745973e-09	1.80697821742e-09	9.33150567716e-09
     6	6.47209997817e-09	1.55423994914e-09	8.02633992731e-09
     7	1.35904678861e-08	3.26761939393e-09	1.68580872801e-08
     8	1.09267011866e-08	2.6252176332e-09	1.35519188198e-08
     9	9.32228060996e-09	2.23926756111e-09	1.15615481711e-08

Measurement: t_ro108
  step	t_ro108	FROM	TO
     1	5.76000279493e-09	1.38340459133e-09	7.14340738626e-09
     2	4.95065962762e-09	1.18803507792e-09	6.13869470554e-09
     3	4.41507139753e-09	1.05903009887e-09	5.4741014964e-09
     4	7.90565450776e-09	1.89931899259e-09	9.80497350035e-09
     5	6.67252068319e-09	1.60167316358e-09	8.27419384678e-09
     6	5.87645835936e-09	1.41002165048e-09	7.28648000984e-09
     7	1.12620216803e-08	2.70591389636e-09	1.39679355767e-08
     8	9.43773255512e-09	2.2657714389e-09	1.1703503994e-08
     9	8.26191972172e-09	1.98267831326e-09	1.0244598035e-08

Measurement: t_ro109
  step	t_ro109	FROM	TO
     1	6.32941486265e-09	1.52095826287e-09	7.85037312551e-09
     2	5.28586067648e-09	1.26709140406e-09	6.55295208054e-09
     3	4.6400036409e-09	1.11207195617e-09	5.75207559708e-09
     4	8.95771731735e-09	2.15426817173e-09	1.11119854891e-08
     5	7.32066029181e-09	1.75787723401e-09	9.07853752583e-09
     6	6.32487981592e-09	1.51662834606e-09	7.84150816198e-09
     7	1.3043679444e-08	3.13837087666e-09	1.61820503207e-08
     8	1.05590240037e-08	2.53722015705e-09	1.30962441607e-08
     9	9.0528936077e-09	2.17369845777e-09	1.12265920655e-08

Measurement: t_ro110
  step	t_ro110	FROM	TO
     1	5.95250376055e-09	1.42774763388e-09	7.38025139443e-09
     2	5.06391976809e-09	1.21291203808e-09	6.27683180617e-09
     3	4.48764152098e-09	1.07371269981e-09	5.56135422079e-09
     4	8.25430750901e-09	1.98042359842e-09	1.02347311074e-08
     5	6.89439999556e-09	1.65182176566e-09	8.54622176122e-09
     6	6.03159207342e-09	1.44377211731e-09	7.47536419074e-09
     7	1.18605419575e-08	2.845758654e-09	1.47063006115e-08
     8	9.8296586796e-09	2.3552573541e-09	1.21849160337e-08
     9	8.54322115095e-09	2.04522441909e-09	1.058844557e-08

Measurement: t_ro111
  step	t_ro111	FROM	TO
     1	5.8377894601e-09	1.39974124323e-09	7.23753070333e-09
     2	4.98883508634e-09	1.19539842541e-09	6.18423351175e-09
     3	4.45011990417e-09	1.06628763107e-09	5.51640753523e-09
     4	8.02335798933e-09	1.92406517647e-09	9.9474231658e-09
     5	6.75066209656e-09	1.61759702471e-09	8.36825912127e-09
     6	5.93301734169e-09	1.42170562549e-09	7.35472296718e-09
     7	1.14534131455e-08	2.74606229656e-09	1.41994754421e-08
     8	9.56584914255e-09	2.29175681263e-09	1.18576059552e-08
     9	8.35613312681e-09	2.0021058984e-09	1.03582390252e-08

Measurement: t_ro112
  step	t_ro112	FROM	TO
     1	6.2457803826e-09	1.49648612529e-09	7.74226650789e-09
     2	5.26989789378e-09	1.26142695319e-09	6.53132484697e-09
     3	4.64040092721e-09	1.1105616797e-09	5.75096260691e-09
     4	8.75935595477e-09	2.1001918289e-09	1.08595477837e-08
     5	7.24263035998e-09	1.73373119485e-09	8.97636155483e-09
     6	6.28938286504e-09	1.50400720822e-09	7.79339007326e-09
     7	1.26992831137e-08	3.04430228608e-09	1.57435853998e-08
     8	1.04137719035e-08	2.49268415417e-09	1.29064560577e-08
     9	8.9812430305e-09	2.14768443896e-09	1.11289274695e-08

Measurement: t_ro113
  step	t_ro113	FROM	TO
     1	5.76755580769e-09	1.38443445391e-09	7.1519902616e-09
     2	4.95377915155e-09	1.18696518984e-09	6.14074434139e-09
     3	4.41534013086e-09	1.05748170917e-09	5.47282184004e-09
     4	7.89532917677e-09	1.89588807365e-09	9.79121725042e-09
     5	6.66362038085e-09	1.59760854318e-09	8.26122892404e-09
     6	5.86748275611e-09	1.40549525777e-09	7.27297801389e-09
     7	1.12404851876e-08	2.69960778046e-09	1.39400929681e-08
     8	9.41949049172e-09	2.25870574537e-09	1.16781962371e-08
     9	8.24527401759e-09	1.97540308231e-09	1.02206770999e-08

Measurement: t_ro114
  step	t_ro114	FROM	TO
     1	5.85220657152e-09	1.40373248388e-09	7.2559390554e-09
     2	5.00461574719e-09	1.19973557075e-09	6.20435131795e-09
     3	4.45681044303e-09	1.06784419765e-09	5.52465464068e-09
     4	8.04014326568e-09	1.9288152333e-09	9.96895849899e-09
     5	6.76563633267e-09	1.62197197662e-09	8.38760830929e-09
     6	5.94378007261e-09	1.42435113312e-09	7.36813120572e-09
     7	1.14861063039e-08	2.75548448145e-09	1.42415907854e-08
     8	9.59538138163e-09	2.30048085318e-09	1.18958622348e-08
     9	8.37937516555e-09	2.00818586322e-09	1.03875610288e-08

Measurement: t_ro115
  step	t_ro115	FROM	TO
     1	5.84741247941e-09	1.40589171445e-09	7.25330419387e-09
     2	5.0012731213e-09	1.20023356958e-09	6.20150669088e-09
     3	4.45770388954e-09	1.0690877165e-09	5.52679160604e-09
     4	8.02620596619e-09	1.93061061761e-09	9.9568165838e-09
     5	6.75771953193e-09	1.62255914265e-09	8.38027867458e-09
     6	5.9397230881e-09	1.42496032151e-09	7.36468340961e-09
     7	1.14554365264e-08	2.7558204204e-09	1.42112569468e-08
     8	9.57418100315e-09	2.29923698372e-09	1.18734179869e-08
     9	8.36493433983e-09	2.00711707957e-09	1.03720514194e-08

Measurement: t_ro116
  step	t_ro116	FROM	TO
     1	5.98285128143e-09	1.44219051543e-09	7.42504179687e-09
     2	5.09437136683e-09	1.22694658453e-09	6.32131795135e-09
     3	4.51966385245e-09	1.08768821489e-09	5.60735206734e-09
     4	8.28247980659e-09	1.99991455731e-09	1.02823943639e-08
     5	6.92857842542e-09	1.67078392642e-09	8.59936235184e-09
     6	6.06425939346e-09	1.46125157267e-09	7.52551096613e-09
     7	1.18890346255e-08	2.87357757854e-09	1.4762612204e-08
     8	9.87152936581e-09	2.3825353281e-09	1.22540646939e-08
     9	8.58622271004e-09	2.07090266718e-09	1.06571253772e-08

Measurement: t_ro117
  step	t_ro117	FROM	TO
     1	5.37359103442e-09	1.28944430332e-09	6.66303533774e-09
     2	4.68475354719e-09	1.12355788571e-09	5.8083114329e-09
     3	4.22316967432e-09	1.01261256768e-09	5.23578224199e-09
     4	7.18149195729e-09	1.72410050307e-09	8.90559246036e-09
     5	6.17545955414e-09	1.48185249555e-09	7.65731204969e-09
     6	5.50727965234e-09	1.32125644237e-09	6.82853609472e-09
     7	1.00387259854e-08	2.41051197042e-09	1.24492379558e-08
     8	8.5798044948e-09	2.05947921655e-09	1.06392837113e-08
     9	7.61361493068e-09	1.82712824594e-09	9.44074317663e-09

Measurement: t_ro118
  step	t_ro118	FROM	TO
     1	5.95158489641e-09	1.43143492654e-09	7.38301982294e-09
     2	5.06691132159e-09	1.21685940141e-09	6.283770723e-09
     3	4.4953282154e-09	1.07812009587e-09	5.57344831126e-09
     4	8.23991249359e-09	1.98409561392e-09	1.02240081075e-08
     5	6.88971132207e-09	1.65653196674e-09	8.54624328881e-09
     6	6.02975225039e-09	1.44786707787e-09	7.47761932826e-09
     7	1.18338156331e-08	2.85147674943e-09	1.46852923825e-08
     8	9.81776038608e-09	2.36267434455e-09	1.21804347306e-08
     9	8.53674979736e-09	2.0521418555e-09	1.05888916529e-08

Measurement: t_ro119
  step	t_ro119	FROM	TO
     1	5.88267219484e-09	1.42791520006e-09	7.3105873949e-09
     2	5.02641078492e-09	1.21529375792e-09	6.24170454284e-09
     3	4.47101947033e-09	1.07842682315e-09	5.54944629349e-09
     4	8.0959614225e-09	1.9678482096e-09	1.00638096321e-08
     5	6.7976961837e-09	1.64629771241e-09	8.44399389611e-09
     6	5.96503731637e-09	1.44160191467e-09	7.40663923104e-09
     7	1.15772995401e-08	2.81558569716e-09	1.43928852373e-08
     8	9.64562348104e-09	2.33780972151e-09	1.19834332026e-08
     9	8.41166999105e-09	2.03482826357e-09	1.04464982546e-08

Measurement: t_ro120
  step	t_ro120	FROM	TO
     1	6.11046846896e-09	1.45967017988e-09	7.57013864884e-09
     2	5.18049880886e-09	1.23646338535e-09	6.41696219421e-09
     3	4.58400041967e-09	1.09370785058e-09	5.67770827025e-09
     4	8.47213444406e-09	2.02327708206e-09	1.04954115261e-08
     5	7.05609428595e-09	1.6839323658e-09	8.74002665175e-09
     6	6.15598908181e-09	1.46847672212e-09	7.62446580394e-09
     7	1.21922657365e-08	2.9106774146e-09	1.51029431511e-08
     8	1.00781377612e-08	2.40439917796e-09	1.24825369392e-08
     9	8.73711528463e-09	2.08370918202e-09	1.08208244667e-08

Measurement: t_ro121
  step	t_ro121	FROM	TO
     1	5.97835797391e-09	1.43123600933e-09	7.40959398324e-09
     2	5.10028355911e-09	1.21977484508e-09	6.32005840419e-09
     3	4.5265561787e-09	1.08188055203e-09	5.60843673074e-09
     4	8.23109260389e-09	1.97054708091e-09	1.02016396848e-08
     5	6.90549987073e-09	1.65140751385e-09	8.55690738459e-09
     6	6.05147537952e-09	1.44626924819e-09	7.49774462771e-09
     7	1.17870572595e-08	2.82134037546e-09	1.46083976349e-08
     8	9.81892497272e-09	2.34778883332e-09	1.2166713806e-08
     9	8.55365881609e-09	2.04398245574e-09	1.05976412718e-08

Measurement: t_ro122
  step	t_ro122	FROM	TO
     1	5.99247260328e-09	1.43797036382e-09	7.4304429671e-09
     2	5.09110125097e-09	1.2206836187e-09	6.31178486966e-09
     3	4.51308042952e-09	1.08150807733e-09	5.59458850684e-09
     4	8.33152014394e-09	1.99941238329e-09	1.03309325272e-08
     5	6.94910790048e-09	1.6662744846e-09	8.61538238509e-09
     6	6.07239316423e-09	1.45535120676e-09	7.52774437099e-09
     7	1.20009250907e-08	2.88006385671e-09	1.48809889474e-08
     8	9.92884694771e-09	2.38082682863e-09	1.23096737763e-08
     9	8.61817319524e-09	2.06567522416e-09	1.06838484194e-08

Measurement: t_ro123
  step	t_ro123	FROM	TO
     1	5.9853126603e-09	1.43692743912e-09	7.42224009941e-09
     2	5.09305818396e-09	1.22097597101e-09	6.31403415497e-09
     3	4.51671448172e-09	1.08216312434e-09	5.59887760607e-09
     4	8.2913261462e-09	1.99132545934e-09	1.02826516055e-08
     5	6.93205586502e-09	1.66274106968e-09	8.5947969347e-09
     6	6.06426360907e-09	1.4533240314e-09	7.51758764046e-09
     7	1.19181763981e-08	2.86275360175e-09	1.47809299998e-08
     8	9.88801692858e-09	2.37225764697e-09	1.22602745755e-08
     9	8.59520706356e-09	2.06031815791e-09	1.06555252215e-08

Measurement: t_ro124
  step	t_ro124	FROM	TO
     1	5.74155592367e-09	1.3749217647e-09	7.11647768837e-09
     2	4.93674299359e-09	1.18025632435e-09	6.11699931794e-09
     3	4.40883750326e-09	1.05317744966e-09	5.46201495292e-09
     4	7.82064944527e-09	1.87322845355e-09	9.69387789882e-09
     5	6.62487979475e-09	1.58439255152e-09	8.20927234627e-09
     6	5.84459930314e-09	1.39644487355e-09	7.2410441767e-09
     7	1.1107567625e-08	2.6602245287e-09	1.37677921537e-08
     8	9.34558106961e-09	2.23525932573e-09	1.15808403953e-08
     9	8.19866795841e-09	1.9590635254e-09	1.01577314838e-08

Measurement: t_ro125
  step	t_ro125	FROM	TO
     1	6.31866316538e-09	1.52572016461e-09	7.84438332999e-09
     2	5.31202392751e-09	1.2811753147e-09	6.59319924221e-09
     3	4.67268556498e-09	1.12629159146e-09	5.79897715644e-09
     4	8.87312609244e-09	2.14432944047e-09	1.10174555329e-08
     5	7.31324271646e-09	1.76521384809e-09	9.07845656455e-09
     6	6.3378251113e-09	1.52861283047e-09	7.86643794178e-09
     7	1.2874160293e-08	3.11246257394e-09	1.59866228669e-08
     8	1.0522802393e-08	2.54073374361e-09	1.30635361366e-08
     9	9.05784841016e-09	2.18561389086e-09	1.1243462301e-08

Measurement: t_ro126
  step	t_ro126	FROM	TO
     1	6.10789247556e-09	1.46988613377e-09	7.57777860933e-09
     2	5.18119800535e-09	1.24605964257e-09	6.42725764792e-09
     3	4.58390287403e-09	1.10132894018e-09	5.68523181421e-09
     4	8.47990813531e-09	2.04279284118e-09	1.05227009765e-08
     5	7.06492866101e-09	1.70116710606e-09	8.76609576708e-09
     6	6.16370061328e-09	1.48319255586e-09	7.64689316914e-09
     7	1.22113427495e-08	2.94535772092e-09	1.51567004704e-08
     8	1.0099181943e-08	2.43433088652e-09	1.25335128295e-08
     9	8.75605865313e-09	2.10967648442e-09	1.08657351375e-08

Measurement: t_ro127
  step	t_ro127	FROM	TO
     1	6.23762625539e-09	1.49970519672e-09	7.73733145211e-09
     2	5.27070080563e-09	1.26570714812e-09	6.53640795375e-09
     3	4.64000140279e-09	1.11328594075e-09	5.75328734354e-09
     4	8.71854626339e-09	2.09910779746e-09	1.08176540609e-08
     5	7.22420387696e-09	1.73654373895e-09	8.96074761591e-09
     6	6.28126913201e-09	1.50820866245e-09	7.78947779446e-09
     7	1.26234977132e-08	3.04044825713e-09	1.56639459704e-08
     8	1.03769002459e-08	2.49560468075e-09	1.28725049266e-08
     9	8.96232322046e-09	2.15354937604e-09	1.11158725965e-08

Measurement: freq_ro0
  step	{80/t_ro0}
     1	13540337773.7
     2	15868235151.6
     3	17857120037.8
     4	9824071244.87
     5	11708510039.9
     6	13350223818.2
     7	6857879606.69
     8	8236101949.16
     9	9449512650.69

Measurement: freq_ro1
  step	{80/t_ro1}
     1	14174772995.5
     2	16435583473.5
     3	18355932412.7
     4	10416327051.5
     5	12260300742.5
     6	13864306258.8
     7	7347723656.54
     8	8707521479.42
     9	9902123926.13

Measurement: freq_ro2
  step	{80/t_ro2}
     1	13006258578.3
     2	15416729161
     3	17459180502.7
     4	9296044997.68
     5	11242174658.6
     6	12924329652
     7	6433981354.07
     8	7847251848.58
     9	9083708459.95

Measurement: freq_ro3
  step	{80/t_ro3}
     1	12613737758.7
     2	15014626310.3
     3	17067412080.5
     4	8935943351.56
     5	10856274571.3
     6	12536345515.3
     7	6136693113.44
     8	7517868045.66
     9	8742738246.56

Measurement: freq_ro4
  step	{80/t_ro4}
     1	12635766276
     2	15011722966.8
     3	17052993232.5
     4	9020656289.42
     5	10913012371.4
     6	12578913159.8
     7	6215378537.91
     8	7578282118
     9	8791915804.73

Measurement: freq_ro5
  step	{80/t_ro5}
     1	13157657836.1
     2	15471503751.4
     3	17467679058.8
     4	9464123190.25
     5	11336966216.2
     6	12979603282.2
     7	6570923332.49
     8	7929566917.96
     9	9135457614.68

Measurement: freq_ro6
  step	{80/t_ro6}
     1	14594728895.7
     2	16812345203.5
     3	18712831785.5
     4	10869640220
     5	12710189020.3
     6	14295640680.4
     7	7739730591.47
     8	9109992979.63
     9	10303307289

Measurement: freq_ro7
  step	{80/t_ro7}
     1	13889005155.5
     2	16129565689.4
     3	18097832779.8
     4	10148925585.4
     5	12009440755
     6	13631321974.8
     7	7130460803.64
     8	8498065739.81
     9	9702440948.25

Measurement: freq_ro8
  step	{80/t_ro8}
     1	13261917851.1
     2	15624992408.3
     3	17632372129.5
     4	9535814734.67
     5	11446616393.6
     6	13105941072
     7	6623002617.25
     8	8016533953.03
     9	9240347306.85

Measurement: freq_ro9
  step	{80/t_ro9}
     1	12844295865
     2	15244977493.3
     3	17241375850.5
     4	9164147826.35
     5	11111423989.1
     6	12792571819.2
     7	6328179820.99
     8	7738423721.4
     9	8974463204.86

Measurement: freq_ro10
  step	{80/t_ro10}
     1	13292087262.6
     2	15624988098
     3	17621014366.3
     4	9615237619.5
     5	11496007221.8
     6	13140686679
     7	6695803726.12
     8	8066516031.47
     9	9277694011.73

Measurement: freq_ro11
  step	{80/t_ro11}
     1	13392512989.9
     2	15755051689.1
     3	17768038658.6
     4	9632613522.55
     5	11546593663.5
     6	13208829298.8
     7	6698281833.78
     8	8093665954.75
     9	9319513959.98

Measurement: freq_ro12
  step	{80/t_ro12}
     1	12134629289.8
     2	14570465268.9
     3	16659189486.4
     4	8537319644.82
     5	10470164123.6
     6	12166032801.8
     7	5830566213.52
     8	7214920177.42
     9	8444800995.48

Measurement: freq_ro13
  step	{80/t_ro13}
     1	12902307423.6
     2	15240153480.2
     3	17241388726.2
     4	9290061323.59
     5	11171539265.4
     6	12823188146.8
     7	6441978088.04
     8	7804258963.36
     9	9015681070.51

Measurement: freq_ro14
  step	{80/t_ro14}
     1	13457245485.4
     2	15783842766.9
     3	17773850119.7
     4	9736834117.53
     5	11622872690.2
     6	13265149099
     7	6791164855.68
     8	8169010059.27
     9	9382832687

Measurement: freq_ro15
  step	{80/t_ro15}
     1	14050520476.1
     2	16316786200.9
     3	18261108505.9
     4	10312836459.2
     5	12170728651.6
     6	13784858016.3
     7	7269964943.5
     8	8638455176.4
     9	9840053667.17

Measurement: freq_ro16
  step	{80/t_ro16}
     1	13462723157.1
     2	15761031297.9
     3	17753391457.2
     4	9779344643.27
     5	11650076619.6
     6	13286208326.7
     7	6832566012.71
     8	8198995782.62
     9	9406627394.03

Measurement: freq_ro17
  step	{80/t_ro17}
     1	13513529649.9
     2	15861005965.1
     3	17848409422.3
     4	9867001879.08
     5	11743792611.4
     6	13380807428.5
     7	6908634312.31
     8	8282760685.6
     9	9494055577.67

Measurement: freq_ro18
  step	{80/t_ro18}
     1	12982159761.4
     2	15346099338.6
     3	17365364503.1
     4	9327963472.78
     5	11228340918.5
     6	12891706621.2
     7	6464037234.21
     8	7842014309.49
     9	9061878137.48

Measurement: freq_ro19
  step	{80/t_ro19}
     1	13457773968
     2	15772205196.2
     3	17777462617.1
     4	9744217085.89
     5	11627959851.5
     6	13270410751.9
     7	6796172634.32
     8	8172445868.38
     9	9384194505.39

Measurement: freq_ro20
  step	{80/t_ro20}
     1	13243209350.5
     2	15607064609.5
     3	17576637007.7
     4	9549958630.61
     5	11425386014.9
     6	13069588186.1
     7	6636553670.86
     8	7999746373
     9	9207881397.59

Measurement: freq_ro21
  step	{80/t_ro21}
     1	13222825715.9
     2	15573846402.4
     3	17553874523.1
     4	9532209596.19
     5	11413760619.3
     6	13059355711.8
     7	6625924730.52
     8	7994314482.34
     9	9204725067.63

Measurement: freq_ro22
  step	{80/t_ro22}
     1	13616495950.4
     2	15931346350.1
     3	17857172832.6
     4	9911640950.82
     5	11783679607
     6	13415636152.8
     7	6935177508.16
     8	8305920995.15
     9	9513505226.04

Measurement: freq_ro23
  step	{80/t_ro23}
     1	14285644699.2
     2	16551041840.2
     3	18487223498.8
     4	10497260265.5
     5	12374536697.8
     6	13990925855.1
     7	7412496265.15
     8	8803923890.51
     9	10014796341.9

Measurement: freq_ro24
  step	{80/t_ro24}
     1	13227645128
     2	15625001196.5
     3	17584024410.4
     4	9526028569.33
     5	11422095746.6
     6	13075701878.2
     7	6616899776.49
     8	7997017649.81
     9	9214116173.47

Measurement: freq_ro25
  step	{80/t_ro25}
     1	13338174121.8
     2	15725412126.4
     3	17742716766.6
     4	9592999121.54
     5	11521838276.5
     6	13190307946.5
     7	6667173561.37
     8	8072656329.22
     9	9302983938.86

Measurement: freq_ro26
  step	{80/t_ro26}
     1	13273259574.4
     2	15625019088.3
     3	17653264284.4
     4	9550837053.58
     5	11459814896.2
     6	13125145323.4
     7	6627709359.39
     8	8017004091.7
     9	9242618620.24

Measurement: freq_ro27
  step	{80/t_ro27}
     1	13207944187.1
     2	15611993772.6
     3	17590397266.3
     4	9532078724.74
     5	11436192107.8
     6	13095869310
     7	6628697318.92
     8	8016300908.57
     9	9239226677.32

Measurement: freq_ro28
  step	{80/t_ro28}
     1	12397431629
     2	14869623255.2
     3	16962475542.4
     4	8692337082.72
     5	10664066198.3
     6	12379531266.7
     7	5935933845.56
     8	7351404944.63
     9	8599214652.63

Measurement: freq_ro29
  step	{80/t_ro29}
     1	13561074120.4
     2	15916842722.1
     3	17910096988
     4	9826664773.24
     5	11749819122.4
     6	13411726207
     7	6859737974.25
     8	8270439517.47
     9	9503517389.82

Measurement: freq_ro30
  step	{80/t_ro30}
     1	12967303137.1
     2	15330560695.9
     3	17345618001.1
     4	9298261654.31
     5	11198654083.7
     6	12861009686.9
     7	6436297442.35
     8	7813023483.51
     9	9031924524.52

Measurement: freq_ro31
  step	{80/t_ro31}
     1	12911298937.9
     2	15290281445.3
     3	17315737476.9
     4	9211980368.34
     5	11121848139.6
     6	12793200450.3
     7	6359643056.46
     8	7741115376.52
     9	8963155013.5

Measurement: freq_ro32
  step	{80/t_ro32}
     1	13478076725.3
     2	15786903572.6
     3	17807311927.2
     4	9751286864.4
     5	11639074569.4
     6	13286158523.7
     7	6797980851.35
     8	8179039973.54
     9	9395038956.74

Measurement: freq_ro33
  step	{80/t_ro33}
     1	14127037210.7
     2	16388587510.5
     3	18322137916.5
     4	10390540064
     5	12244341959.4
     6	13859311483.7
     7	7332447721.51
     8	8700764304.2
     9	9901944052.27

Measurement: freq_ro34
  step	{80/t_ro34}
     1	13717751884.8
     2	16030585447.5
     3	17986412856.7
     4	9999220392.51
     5	11872940364.8
     6	13512937240.3
     7	7004626070.06
     8	8377776856.18
     9	9587472184.75

Measurement: freq_ro35
  step	{80/t_ro35}
     1	13578719065.6
     2	15932774504.2
     3	17857132496.5
     4	9827561293.32
     5	11745890908
     6	13401052513.5
     7	6859976506.72
     8	8266236584.78
     9	9493666312.56

Measurement: freq_ro36
  step	{80/t_ro36}
     1	12965089522.2
     2	15323781986.4
     3	17341423751.3
     4	9269417348.01
     5	11165616086.3
     6	12820455569.8
     7	6408453307.93
     8	7781070535.7
     9	8996796738.29

Measurement: freq_ro37
  step	{80/t_ro37}
     1	12820511361.2
     2	15186949945.6
     3	17241387477
     4	9145705373.55
     5	11049810272.8
     6	12716667630.3
     7	6310282968.28
     8	7686856238.76
     9	8906161418.07

Measurement: freq_ro38
  step	{80/t_ro38}
     1	12820523979.2
     2	15217380368.6
     3	17241405034.5
     4	9190406143.83
     5	11091060589.2
     6	12751970987.1
     7	6355442035.49
     8	7731047928.95
     9	8947377401.34

Measurement: freq_ro39
  step	{80/t_ro39}
     1	13719331382.4
     2	16015061477.7
     3	17961884800.2
     4	10058473643.3
     5	11919714830.9
     6	13541363648.3
     7	7074599569.88
     8	8441375308.63
     9	9646627940.94

Measurement: freq_ro40
  step	{80/t_ro40}
     1	13573432056.4
     2	15905030254.2
     3	17884902945.2
     4	9872030091.1
     5	11775917163.8
     6	13425198254.1
     7	6918453924.14
     8	8316714267.77
     9	9540993332.42

Measurement: freq_ro41
  step	{80/t_ro41}
     1	12949410970.2
     2	15300057074.8
     3	17287116698.2
     4	9291540977.71
     5	11182766594.6
     6	12836897292.2
     7	6434767146.32
     8	7805491041.51
     9	9020288216.19

Measurement: freq_ro42
  step	{80/t_ro42}
     1	14005821835
     2	16273657482.3
     3	18222496564.7
     4	10252841298.5
     5	12115403370
     6	13731661119.1
     7	7214248174.08
     8	8585899758.43
     9	9788585459.46

Measurement: freq_ro43
  step	{80/t_ro43}
     1	12649980539.7
     2	15048197807.9
     3	17085242626.4
     4	8988616274.35
     5	10892469969
     6	12564184131.8
     7	6182849483.53
     8	7555719798.82
     9	8774793461.4

Measurement: freq_ro44
  step	{80/t_ro44}
     1	13629982080.9
     2	15955975747.3
     3	17903830726.6
     4	9908368456.6
     5	11787932331.6
     6	13424489542.5
     7	6927049436.21
     8	8303169981.06
     9	9514755696.29

Measurement: freq_ro45
  step	{80/t_ro45}
     1	13043860398.8
     2	15460040758.3
     3	17496020176.1
     4	9322565323.53
     5	11277017543.3
     6	12962992225.7
     7	6451039065.45
     8	7873773658.63
     9	9115603582.76

Measurement: freq_ro46
  step	{80/t_ro46}
     1	13926703403.1
     2	16210262968.8
     3	18181724674.2
     4	10173133409.8
     5	12049170430.7
     6	13675683379.5
     7	7147961561.89
     8	8529292112.54
     9	9739155365.75

Measurement: freq_ro47
  step	{80/t_ro47}
     1	13308301644.4
     2	15625001860.1
     3	17641471466.3
     4	9607984866.35
     5	11494610186.2
     6	13140720415.3
     7	6690105793.16
     8	8065856900.87
     9	9279335116.31

Measurement: freq_ro48
  step	{80/t_ro48}
     1	13383067164
     2	15706209065.3
     3	17712775334.9
     4	9669790473.58
     5	11562704575.8
     6	13211853470.5
     7	6735631353.09
     8	8117018994.96
     9	9334208159.79

Measurement: freq_ro49
  step	{80/t_ro49}
     1	12928878817.1
     2	15292351166.3
     3	17319624532
     4	9305803854.91
     5	11210403508.1
     6	12874379169.6
     7	6456621034.33
     8	7838945873.1
     9	9060276739.76

Measurement: freq_ro50
  step	{80/t_ro50}
     1	13013885044.8
     2	15422063696.3
     3	17463192077.4
     4	9310508567.41
     5	11251143476.2
     6	12931222379.4
     7	6442678336.26
     8	7849633998.36
     9	9082522235.69

Measurement: freq_ro51
  step	{80/t_ro51}
     1	13631064021
     2	15934638092.4
     3	17876654537.6
     4	9934239100.81
     5	11811422581.5
     6	13446563342
     7	6957800652.26
     8	8335229109.76
     9	9547858167.7

Measurement: freq_ro52
  step	{80/t_ro52}
     1	13609445239.1
     2	15940287771.6
     3	17892816441.8
     4	9897254033.73
     5	11769605882.3
     6	13402335489.3
     7	6918756950.19
     8	8287499857.95
     9	9494131552.91

Measurement: freq_ro53
  step	{80/t_ro53}
     1	14352859930.8
     2	16666702113.7
     3	18518491011.4
     4	10558965591.6
     5	12406544383.3
     6	14009647615.7
     7	7458083497.71
     8	8823703709.3
     9	10020672037.6

Measurement: freq_ro54
  step	{80/t_ro54}
     1	13776479254.5
     2	16071507634
     3	18017736100.9
     4	10069403570
     5	11934019467.2
     6	13560329291.4
     7	7068042766.29
     8	8436683822.7
     9	9642448912.26

Measurement: freq_ro55
  step	{80/t_ro55}
     1	13826284997.6
     2	16129031990
     3	18077675463.5
     4	10099654934.3
     5	11965913403.4
     6	13590902140.3
     7	7089842890.98
     8	8460256294.46
     9	9666109471.83

Measurement: freq_ro56
  step	{80/t_ro56}
     1	13210465181.9
     2	15572831241.9
     3	17571484429.7
     4	9521068363.27
     5	11413635807.4
     6	13067866211.9
     7	6615428341.83
     8	7991872082.99
     9	9208501112.6

Measurement: freq_ro57
  step	{80/t_ro57}
     1	13573902174.8
     2	15898475522.6
     3	17865962467.3
     4	9852167494.16
     5	11736376726.3
     6	13374363476.5
     7	6887335085.56
     8	8267056218.37
     9	9479467503.17

Measurement: freq_ro58
  step	{80/t_ro58}
     1	13407616917.3
     2	15715986884.6
     3	17713825948.8
     4	9714292978.17
     5	11586703811.4
     6	13224343795.7
     7	6776064066.99
     8	8141989296.82
     9	9349487415.98

Measurement: freq_ro59
  step	{80/t_ro59}
     1	13828619662.4
     2	16129031830.8
     3	18098292758.5
     4	10071496140.9
     5	11949903213.2
     6	13579290978.6
     7	7061925671.25
     8	8442584859.4
     9	9652758587.2

Measurement: freq_ro60
  step	{80/t_ro60}
     1	12892586101.1
     2	15241830942.5
     3	17260931888
     4	9250896440.2
     5	11139443923.1
     6	12798090809.6
     7	6406256341.92
     8	7774226023.98
     9	8987553548.18

Measurement: freq_ro61
  step	{80/t_ro61}
     1	13081251098.4
     2	15428021853.2
     3	17439654143.7
     4	9387975475.59
     5	11278450832.2
     6	12934086938.1
     7	6504097118.99
     8	7874572517.19
     9	9089104665.26

Measurement: freq_ro62
  step	{80/t_ro62}
     1	14274952731.5
     2	16518635499.6
     3	18439581061.8
     4	10574023591.8
     5	12415017173.3
     6	14015896674.9
     7	7494163280.65
     8	8856214074.29
     9	10052069238.9

Measurement: freq_ro63
  step	{80/t_ro63}
     1	14651230382.3
     2	16864548231.3
     3	18754738861.9
     4	10876627588
     5	12711555167.2
     6	14297513589.9
     7	7742475987.26
     8	9108317298.85
     9	10299664419.9

Measurement: freq_ro64
  step	{80/t_ro64}
     1	13801875529.7
     2	16128914181.7
     3	18056118940.7
     4	10049047809.8
     5	11918399786.2
     6	13544419339
     7	7043058043.43
     8	8414657019.81
     9	9621227863.64

Measurement: freq_ro65
  step	{80/t_ro65}
     1	13157889217.8
     2	15557701202.1
     3	17576033436.7
     4	9442994875.06
     5	11368441517.6
     6	13044640374
     7	6545692787.12
     8	7946618430.64
     9	9179596297.07

Measurement: freq_ro66
  step	{80/t_ro66}
     1	13301849637.3
     2	15624989905.5
     3	17645741075.4
     4	9595451879.21
     5	11491700337.6
     6	13143271569.2
     7	6677902748.88
     8	8061361163.13
     9	9279235675.42

Measurement: freq_ro67
  step	{80/t_ro67}
     1	13545274092.4
     2	15886244527.7
     3	17857156312.3
     4	9815571723.87
     5	11697159181.3
     6	13336561589.7
     7	6846067325.65
     8	8220654076.27
     9	9431998951.83

Measurement: freq_ro68
  step	{80/t_ro68}
     1	13642706629.3
     2	15979596737.1
     3	17956048803.7
     4	9904830175.92
     5	11806426586.1
     6	13454001237.5
     7	6927565299.21
     8	8320937531.75
     9	9541165613.05

Measurement: freq_ro69
  step	{80/t_ro69}
     1	13074837238.5
     2	15422596656.9
     3	17431820261
     4	9401320905.64
     5	11291797621.9
     6	12945741684
     7	6521741175.14
     8	7895114072.89
     9	9110361638.04

Measurement: freq_ro70
  step	{80/t_ro70}
     1	13690940801.2
     2	16020458142.5
     3	17993573227.6
     4	9964370348.67
     5	11858793155.7
     6	13503911502.2
     7	6977357943.41
     8	8366293681.45
     9	9584660780.09

Measurement: freq_ro71
  step	{80/t_ro71}
     1	13441471869.6
     2	15780701872.5
     3	17773505995.9
     4	9731530308.97
     5	11627832380.5
     6	13278446921.4
     7	6787758766.86
     8	8174045590.53
     9	9394685375.02

Measurement: freq_ro72
  step	{80/t_ro72}
     1	14422997659
     2	16666464186.2
     3	18518578837.4
     4	10685863825
     5	12520696424.3
     6	14113864694
     7	7581954409.08
     8	8942771227.44
     9	10134738277

Measurement: freq_ro73
  step	{80/t_ro73}
     1	12997051156.8
     2	15390491706.1
     3	17427538118.4
     4	9283016269.1
     5	11211778828.6
     6	12893131476.3
     7	6409749688.1
     8	7807697628.56
     9	9041344327.04

Measurement: freq_ro74
  step	{80/t_ro74}
     1	14461938178.8
     2	16693112065.1
     3	18596700895.5
     4	10713365282.8
     5	12547038069.2
     6	14137901716.3
     7	7600663940.04
     8	8959484316.16
     9	10149536973.4

Measurement: freq_ro75
  step	{80/t_ro75}
     1	13513515946.3
     2	15871836792.7
     3	17857124956.2
     4	9803509289.96
     5	11702759227
     6	13352394533.5
     7	6841635898.57
     8	8232264033.53
     9	9452268926.17

Measurement: freq_ro76
  step	{80/t_ro76}
     1	13314066635.5
     2	15624976247.4
     3	17652233370.5
     4	9599911378.6
     5	11489893600.2
     6	13139687854.8
     7	6678131923.25
     8	8054676780.39
     9	9269388670.66

Measurement: freq_ro77
  step	{80/t_ro77}
     1	13513514518.7
     2	15901175741.8
     3	17915804176.9
     4	9749954219.88
     5	11686367601.6
     6	13359896777.1
     7	6781857407
     8	8198600141.68
     9	9436475108.33

Measurement: freq_ro78
  step	{80/t_ro78}
     1	13307770620.1
     2	15624976918.1
     3	17660796715.4
     4	9627366408.96
     5	11531280621.2
     6	13185960721.2
     7	6718225533.65
     8	8108945776.49
     9	9330903612.69

Measurement: freq_ro79
  step	{80/t_ro79}
     1	13762806097.1
     2	16067398650.9
     3	18021396690.7
     4	10026641349.7
     5	11900835714.8
     6	13526658641.8
     7	7029108019.63
     8	8401851619.79
     9	9609955913.08

Measurement: freq_ro80
  step	{80/t_ro80}
     1	13056028531.8
     2	15418438330.7
     3	17434691250.8
     4	9366707060.14
     5	11270420367
     6	12933156146.5
     7	6491866558.88
     8	7874077671.05
     9	9095361457.4

Measurement: freq_ro81
  step	{80/t_ro81}
     1	13157889643.1
     2	15498275610.1
     3	17489929096
     4	9473853800.09
     5	11360760398.9
     6	13009482698.6
     7	6579395476.41
     8	7950673498.16
     9	9163275609.59

Measurement: freq_ro82
  step	{80/t_ro82}
     1	13180792465.6
     2	15560483229
     3	17566742290.5
     4	9473363392.32
     5	11379987578
     6	13042485484.1
     7	6575460743.05
     8	7961811335.63
     9	9183944911.84

Measurement: freq_ro83
  step	{80/t_ro83}
     1	13874266108.5
     2	16129103098.9
     3	18098692572.4
     4	10159022272.7
     5	12015122412.2
     6	13632311650.6
     7	7144630593.05
     8	8508810472.52
     9	9709913278.02

Measurement: freq_ro84
  step	{80/t_ro84}
     1	12855636113
     2	15205939584.9
     3	17241429237.5
     4	9223113308.93
     5	11111389454.8
     6	12765331713
     7	6383073703.3
     8	7746585547.52
     9	8958802031.6

Measurement: freq_ro85
  step	{80/t_ro85}
     1	13230947629
     2	15570690618.5
     3	17557867686.2
     4	9558563418.93
     5	11432585706.8
     6	13075243428.2
     7	6647914389.45
     8	8010581859
     9	9218162124.65

Measurement: freq_ro86
  step	{80/t_ro86}
     1	12975371782.7
     2	15351484872.4
     3	17371283311.1
     4	9291088593.28
     5	11204141606.5
     6	12871569969.6
     7	6424468056.48
     8	7810538958.04
     9	9033683284.55

Measurement: freq_ro87
  step	{80/t_ro87}
     1	14567612826.7
     2	16807363449.4
     3	18722086652.2
     4	10795511292
     5	12656299754.2
     6	14256316336.3
     7	7663407872.73
     8	9046171071.85
     9	10245070535.6

Measurement: freq_ro88
  step	{80/t_ro88}
     1	13256960411.6
     2	15624997895.8
     3	17624839282.7
     4	9559260487.31
     5	11466177199.6
     6	13123461549.3
     7	6655693590.42
     8	8046477066.61
     9	9268942353.3

Measurement: freq_ro89
  step	{80/t_ro89}
     1	13694543770.6
     2	16013376056.6
     3	17962069346.4
     4	10012515589.4
     5	11907372693.1
     6	13548916915.5
     7	7035092850.18
     8	8430426521.01
     9	9650849724.13

Measurement: freq_ro90
  step	{80/t_ro90}
     1	12649121257
     2	15019417179.7
     3	17058084789.6
     4	9024862375.37
     5	10918956830.4
     6	12584466074.7
     7	6219132949.22
     8	7586270250.59
     9	8801992999.71

Measurement: freq_ro91
  step	{80/t_ro91}
     1	13285451060
     2	15624966041.2
     3	17597857372.3
     4	9601634672.85
     5	11467781488.7
     6	13106080981.5
     7	6681139984.66
     8	8038818720.78
     9	9243547030.72

Measurement: freq_ro92
  step	{80/t_ro92}
     1	13378247376
     2	15730705753.6
     3	17739722670.2
     4	9660829567.39
     5	11577475278.1
     6	13236719117.9
     7	6730994399.04
     8	8133381396.05
     9	9361301144.19

Measurement: freq_ro93
  step	{80/t_ro93}
     1	12740344223
     2	15151499009.4
     3	17203619786.8
     4	9053085977.94
     5	10982688176.3
     6	12665012875.7
     7	6237265477.35
     8	7629993254.09
     9	8859294247.77

Measurement: freq_ro94
  step	{80/t_ro94}
     1	13144150296.9
     2	15516111775.1
     3	17539529182.1
     4	9418240229.72
     5	11331898889.5
     6	12997560014.3
     7	6520486489.95
     8	7910445039.94
     9	9135249120.92

Measurement: freq_ro95
  step	{80/t_ro95}
     1	12872300083.8
     2	15237700468.3
     3	17241380263.8
     4	9217780180.72
     5	11099711405.5
     6	12754245493.8
     7	6367819520.56
     8	7727095067.98
     9	8936482182.61

Measurement: freq_ro96
  step	{80/t_ro96}
     1	14153032365.4
     2	16413997492.9
     3	18350667971.4
     4	10413555835
     5	12268653692.2
     6	13879724702.1
     7	7355420325.89
     8	8726840553.48
     9	9927880494.64

Measurement: freq_ro97
  step	{80/t_ro97}
     1	13061694396.7
     2	15436253036.8
     3	17454503586.3
     4	9355751404.99
     5	11272215884.4
     6	12939495207.4
     7	6482519274.99
     8	7875878662.87
     9	9102897116.09

Measurement: freq_ro98
  step	{80/t_ro98}
     1	13531229727
     2	15863135401.6
     3	17856578760.5
     4	9832853480.81
     5	11711952832.2
     6	13349824958.7
     7	6872603965.16
     8	8247406972.51
     9	9458739013.99

Measurement: freq_ro99
  step	{80/t_ro99}
     1	12541408025.4
     2	14949056610.5
     3	17013232490.8
     4	8891320188.5
     5	10807310626.9
     6	12491931026.1
     7	6105548836.1
     8	7483290250.41
     9	8706725277.1

Measurement: freq_ro100
  step	{80/t_ro100}
     1	14152915838.5
     2	16420331783.3
     3	18353997757.7
     4	10428554013.8
     5	12285441362.3
     6	13894833264
     7	7365590925.97
     8	8734488155.59
     9	9937961082.85

Measurement: freq_ro101
  step	{80/t_ro101}
     1	13210545900.3
     2	15593176452.3
     3	17616765488.6
     4	9511503621.72
     5	11432471542.6
     6	13104537643.7
     7	6603291515.16
     8	8001968099.57
     9	9233437200.91

Measurement: freq_ro102
  step	{80/t_ro102}
     1	13182648922.5
     2	15554795688
     3	17543998652.6
     4	9466447203.63
     5	11359562826.9
     6	13011336412.8
     7	6567003026.9
     8	7941168718.32
     9	9156416561

Measurement: freq_ro103
  step	{80/t_ro103}
     1	13888871124.6
     2	16129075572.6
     3	18148204633.6
     4	10165721307.3
     5	12040982739.4
     6	13669201619.4
     7	7142540746.91
     8	8521022744.7
     9	9730283351.47

Measurement: freq_ro104
  step	{80/t_ro104}
     1	13244457034
     2	15581613770
     3	17562836765.2
     4	9587056851.33
     5	11461529882.7
     6	13103632918.3
     7	6675115354.16
     8	8040834559.87
     9	9250445044.11

Measurement: freq_ro105
  step	{80/t_ro105}
     1	13349618430.2
     2	15625033685.3
     3	17655232722.8
     4	9666204670.5
     5	11537007919.9
     6	13175185790.4
     7	6737505550.06
     8	8101040897.98
     9	9308509470.36

Measurement: freq_ro106
  step	{80/t_ro106}
     1	13335272249.9
     2	15624978624.8
     3	17678920123
     4	9615295534.07
     5	11504504859.1
     6	13157860089.9
     7	6681514768.65
     8	8059393104.92
     9	9275058548.98

Measurement: freq_ro107
  step	{80/t_ro107}
     1	12329450971.7
     2	14833230618.3
     3	16939520267.6
     4	8629789135.02
     5	10631896877
     6	12360748485
     7	5886478719.52
     8	7321514392.51
     9	8581591066.31

Measurement: freq_ro108
  step	{80/t_ro108}
     1	13888882149.6
     2	16159462782.2
     3	18119752275.1
     4	10119339255.4
     5	11989472014.9
     6	13613641943.5
     7	7103520333.28
     8	8476612314.74
     9	9682979585.2

Measurement: freq_ro109
  step	{80/t_ro109}
     1	12639399018.1
     2	15134715970.8
     3	17241365781.4
     4	8930846684.01
     5	10927976003.7
     6	12648461682.8
     7	6133238734.01
     8	7576457821.49
     9	8836953516.38

Measurement: freq_ro110
  step	{80/t_ro110}
     1	13439722714.7
     2	15798038607.2
     3	17826735853.6
     4	9691909334.93
     5	11603620337
     6	13263496441.1
     7	6745054339.54
     8	8138634575.99
     9	9364149491.91

Measurement: freq_ro111
  step	{80/t_ro111}
     1	13703817266.2
     2	16035807681.7
     3	17977043702.8
     4	9970887514.47
     5	11850689436.9
     6	13483864177.8
     7	6984817449.93
     8	8363084009.36
     9	9573806303.22

Measurement: freq_ro112
  step	{80/t_ro112}
     1	12808647614.8
     2	15180559777.9
     3	17239889667.9
     4	9133091566.68
     5	11045710746.5
     6	12719848944.9
     7	6299568194.82
     8	7682134844.24
     9	8907452980.43

Measurement: freq_ro113
  step	{80/t_ro113}
     1	13870693698.9
     2	16149286747.1
     3	18118649442.4
     4	10132573095.9
     5	12005485821.2
     6	13634466998.1
     7	7117130503.25
     8	8493028372.42
     9	9702527754.6

Measurement: freq_ro114
  step	{80/t_ro114}
     1	13670057442.8
     2	15985243231.7
     3	17950056665.6
     4	9950071454.75
     5	11824460563.1
     6	13459448200.1
     7	6964936409.55
     8	8337344480.45
     9	9547251247.19

Measurement: freq_ro115
  step	{80/t_ro115}
     1	13681265052.1
     2	15995927048.9
     3	17946458980.3
     4	9967349497.01
     5	11838313150.2
     6	13468641351.4
     7	6983583717.27
     8	8355806097.01
     9	9563733168.72

Measurement: freq_ro116
  step	{80/t_ro116}
     1	13371550827
     2	15703605850.4
     3	17700431406.3
     4	9658942957.68
     5	11546380092.4
     6	13192047834.6
     7	6728889478.41
     8	8104114067.38
     9	9317251916.43

Measurement: freq_ro117
  step	{80/t_ro117}
     1	14887623469.6
     2	17076672058.5
     3	18943117650.8
     4	11139746514.5
     5	12954501490.7
     6	14526228020
     7	7969138725
     8	9324221787.16
     9	10507492265.9

Measurement: freq_ro118
  step	{80/t_ro118}
     1	13441797671.1
     2	15788711292.2
     3	17796253391.7
     4	9708840969.16
     5	11611516979.5
     6	13267543454.2
     7	6760287846.31
     8	8148497911.34
     9	9371248062.67

Measurement: freq_ro119
  step	{80/t_ro119}
     1	13599261925.6
     2	15915929561.5
     3	17893010873.9
     4	9881470010.18
     5	11768693074.6
     6	13411483576.2
     7	6910074298.65
     8	8293916941.42
     9	9510596597.96

Measurement: freq_ro120
  step	{80/t_ro120}
     1	13092285870.8
     2	15442528403.5
     3	17452005383.1
     4	9442720784.03
     5	11337716980.2
     6	12995474640.5
     7	6561536774.93
     8	7937974444.82
     9	9156340209.99

Measurement: freq_ro121
  step	{80/t_ro121}
     1	13381600825.7
     2	15685402404.2
     3	17673479979.4
     4	9719244315.41
     5	11584968720.2
     6	13219916629
     7	6787105402.05
     8	8147531447.92
     9	9352722819.57

Measurement: freq_ro122
  step	{80/t_ro122}
     1	13350081893.8
     2	15713692589.6
     3	17726251780.7
     4	9602089248.76
     5	11512269077.7
     6	13174377520.7
     7	6666152767
     8	8057330364.88
     9	9282709709.78

Measurement: freq_ro123
  step	{80/t_ro123}
     1	13366051957.6
     2	15707654833.4
     3	17711989616.3
     4	9648637454.3
     5	11540587894.5
     6	13192038664.1
     7	6712436309.72
     8	8090601035.36
     9	9307512827.6

Measurement: freq_ro124
  step	{80/t_ro124}
     1	13933505318.7
     2	16205016162.2
     3	18145372774.8
     4	10229329489.8
     5	12075690801.7
     6	13687850244.4
     7	7202296911.53
     8	8560195391.18
     9	9757682638.92

Measurement: freq_ro125
  step	{80/t_ro125}
     1	12660905939.5
     2	15060173126.4
     3	17120775384.4
     4	9015988183.49
     5	10939059881.1
     6	12622626625.9
     7	6213997509.68
     8	7602537519.2
     9	8832119547.32

Measurement: freq_ro126
  step	{80/t_ro126}
     1	13097807520.4
     2	15440444452.7
     3	17452376762.4
     4	9434064464.32
     5	11323539675.8
     6	12979215737.3
     7	6551286098.59
     8	7921433681.6
     9	9136530849.01

Measurement: freq_ro127
  step	{80/t_ro127}
     1	12825391699.4
     2	15178247248.4
     3	17241374097.8
     4	9175841657.91
     5	11073884591.6
     6	12736279614.6
     7	6337387768.22
     8	7709431343.12
     9	8926256957.27

Measurement: edge100_ro0
  step	V(ro0_out)={VTHRESH} 
     1	7.32882023166e-09
     2	6.25288978713e-09
     3	5.55592880727e-09
     4	1.0102146654e-08
     5	8.47513071622e-09
     6	7.43229388642e-09
     7	1.44723919432e-08
     8	1.20490856653e-08
     9	1.05010697138e-08

Measurement: edge100_ro1
  step	V(ro1_out)={VTHRESH} 
     1	6.99805804707e-09
     2	6.03298725306e-09
     3	5.4003664452e-09
     4	9.52429049118e-09
     5	8.08851169098e-09
     6	7.15085777907e-09
     7	1.35018129677e-08
     8	1.13894130072e-08
     9	1.00127957291e-08

Measurement: edge100_ro2
  step	V(ro2_out)={VTHRESH} 
     1	7.63030170953e-09
     2	6.43441028468e-09
     3	5.67948619857e-09
     4	1.06770815028e-08
     5	8.82509403269e-09
     6	7.67378393879e-09
     7	1.542733622e-08
     8	1.26442851282e-08
     9	1.09194651209e-08

Measurement: edge100_ro3
  step	V(ro3_out)={VTHRESH} 
     1	7.86850447916e-09
     2	6.60816073127e-09
     3	5.81203456103e-09
     4	1.11082562071e-08
     5	9.14079858748e-09
     6	7.91403143813e-09
     7	1.61759489504e-08
     8	1.32006899921e-08
     9	1.13492136014e-08

Measurement: edge100_ro4
  step	V(ro4_out)={VTHRESH} 
     1	7.85119412133e-09
     2	6.60631720565e-09
     3	5.81430395137e-09
     4	1.09985238421e-08
     5	9.08822390641e-09
     6	7.88260529747e-09
     7	1.59625631748e-08
     8	1.30875084116e-08
     9	1.12782412178e-08

Measurement: edge100_ro5
  step	V(ro5_out)={VTHRESH} 
     1	7.54308742461e-09
     2	6.41177713283e-09
     3	5.6775236253e-09
     4	1.04855464132e-08
     5	8.75110606488e-09
     6	7.64183870458e-09
     7	1.51028203098e-08
     8	1.25121739047e-08
     9	1.0858243481e-08

Measurement: edge100_ro6
  step	V(ro6_out)={VTHRESH} 
     1	6.79463310344e-09
     2	5.89670380831e-09
     3	5.29701567218e-09
     4	9.12385512697e-09
     5	7.80082922155e-09
     6	6.9341318693e-09
     7	1.28144507628e-08
     8	1.08846242058e-08
     9	9.62245728224e-09

Measurement: edge100_ro7
  step	V(ro7_out)={VTHRESH} 
     1	7.13592599208e-09
     2	6.14195747251e-09
     3	5.4745769685e-09
     4	9.76560083125e-09
     5	8.25072412881e-09
     6	7.26818240468e-09
     7	1.38982094915e-08
     8	1.16590502207e-08
     9	1.02106242196e-08

Measurement: edge100_ro8
  step	V(ro8_out)={VTHRESH} 
     1	7.47701333727e-09
     2	6.34427719982e-09
     3	5.62091657512e-09
     4	1.03983318909e-08
     5	8.65961136773e-09
     6	7.56201848453e-09
     7	1.49703376209e-08
     8	1.23644299284e-08
     9	1.0725168128e-08

Measurement: edge100_ro9
  step	V(ro9_out)={VTHRESH} 
     1	7.72145073358e-09
     2	6.503569254e-09
     3	5.74841758101e-09
     4	1.08230162217e-08
     5	8.92286223649e-09
     6	7.74869326121e-09
     7	1.56726291643e-08
     8	1.28121303308e-08
     9	1.10448156861e-08

Measurement: edge100_ro10
  step	V(ro10_out)={VTHRESH} 
     1	7.46233822326e-09
     2	6.34532595242e-09
     3	5.62599342568e-09
     4	1.0316735319e-08
     5	8.62612253233e-09
     6	7.54476943653e-09
     7	1.48138563976e-08
     8	1.22937462037e-08
     9	1.06866378304e-08

Measurement: edge100_ro11
  step	V(ro11_out)={VTHRESH} 
     1	7.40909586763e-09
     2	6.2968221591e-09
     3	5.58231898189e-09
     4	1.0302045868e-08
     5	8.59289452933e-09
     6	7.51031885477e-09
     7	1.4815578475e-08
     8	1.22599548884e-08
     9	1.06460572676e-08

Measurement: edge100_ro12
  step	V(ro12_out)={VTHRESH} 
     1	8.18985293381e-09
     2	6.81284795627e-09
     3	5.95611534758e-09
     4	1.16436486483e-08
     5	9.48547027536e-09
     6	8.15816080118e-09
     7	1.70489596483e-08
     8	1.37675049093e-08
     9	1.17564691467e-08

Measurement: edge100_ro13
  step	V(ro13_out)={VTHRESH} 
     1	7.6950038896e-09
     2	6.51225635345e-09
     3	5.75515481203e-09
     4	1.06900535719e-08
     5	8.886702609e-09
     6	7.73989119485e-09
     7	1.54182649796e-08
     8	1.27228177972e-08
     9	1.1010979297e-08

Measurement: edge100_ro14
  step	V(ro14_out)={VTHRESH} 
     1	7.36821177188e-09
     2	6.28037754514e-09
     3	5.57642109288e-09
     4	1.01836012236e-08
     5	8.52885264252e-09
     6	7.47170776864e-09
     7	1.45998033304e-08
     8	1.21340395568e-08
     9	1.05628278478e-08

Measurement: edge100_ro15
  step	V(ro15_out)={VTHRESH} 
     1	7.05944743743e-09
     2	6.07764060934e-09
     3	5.42995421897e-09
     4	9.61830782291e-09
     5	8.14841923061e-09
     6	7.19339234066e-09
     7	1.36440377026e-08
     8	1.14804132252e-08
     9	1.00772992438e-08

Measurement: edge100_ro16
  step	V(ro16_out)={VTHRESH} 
     1	7.36587403269e-09
     2	6.28998071776e-09
     3	5.58306132813e-09
     4	1.01400558384e-08
     5	8.50980023515e-09
     6	7.46048810249e-09
     7	1.45129141471e-08
     8	1.20914475492e-08
     9	1.05373897907e-08

Measurement: edge100_ro17
  step	V(ro17_out)={VTHRESH} 
     1	7.3318753214e-09
     2	6.24625204371e-09
     3	5.5513190954e-09
     4	1.00412636573e-08
     5	8.43557136614e-09
     6	7.4031253924e-09
     7	1.43396250967e-08
     8	1.19594217882e-08
     9	1.04330093312e-08

Measurement: edge100_ro18
  step	V(ro18_out)={VTHRESH} 
     1	7.64029058604e-09
     2	6.46069451978e-09
     3	5.70837980167e-09
     4	1.0633599127e-08
     5	8.830271868e-09
     6	7.68935123939e-09
     7	1.53438035958e-08
     8	1.26429370963e-08
     9	1.09388165347e-08

Measurement: edge100_ro19
  step	V(ro19_out)={VTHRESH} 
     1	7.37060445482e-09
     2	6.28677904123e-09
     3	5.576337999e-09
     4	1.01800202485e-08
     5	8.52806133935e-09
     6	7.47088882835e-09
     7	1.45959430372e-08
     8	1.21346386653e-08
     9	1.05652649547e-08

Measurement: edge100_ro20
  step	V(ro20_out)={VTHRESH} 
     1	7.48853733899e-09
     2	6.35174747713e-09
     3	5.6398040302e-09
     4	1.0384843071e-08
     5	8.6777311651e-09
     6	7.58465296808e-09
     7	1.49430733533e-08
     8	1.23933932959e-08
     9	1.07654218474e-08

Measurement: edge100_ro21
  step	V(ro21_out)={VTHRESH} 
     1	7.50464783222e-09
     2	6.3701845725e-09
     3	5.64989402462e-09
     4	1.0413049361e-08
     5	8.69396139647e-09
     6	7.59644559148e-09
     7	1.49826227528e-08
     8	1.24143165219e-08
     9	1.07796616254e-08

Measurement: edge100_ro22
  step	V(ro22_out)={VTHRESH} 
     1	7.28517735222e-09
     2	6.22479232767e-09
     3	5.55164877291e-09
     4	1.0008695704e-08
     5	8.41647066521e-09
     6	7.39096539978e-09
     7	1.4304037399e-08
     8	1.19407674328e-08
     9	1.04228658046e-08

Measurement: edge100_ro23
  step	V(ro23_out)={VTHRESH} 
     1	6.93451198168e-09
     2	5.98393827406e-09
     3	5.35738060805e-09
     4	9.43367034832e-09
     5	8.00273916047e-09
     6	7.07818806372e-09
     7	1.33578380511e-08
     8	1.12470522077e-08
     9	9.88738878387e-09

Measurement: edge100_ro24
  step	V(ro24_out)={VTHRESH} 
     1	7.51069656528e-09
     2	6.35708230709e-09
     3	5.64607782235e-09
     4	1.04332721306e-08
     5	8.69765229233e-09
     6	7.5956746459e-09
     7	1.50233365652e-08
     8	1.24253685632e-08
     9	1.07814937142e-08

Measurement: edge100_ro25
  step	V(ro25_out)={VTHRESH} 
     1	7.43989643743e-09
     2	6.30926541311e-09
     3	5.59028854365e-09
     4	1.03459969371e-08
     5	8.61211316228e-09
     6	7.5210898096e-09
     7	1.48876607379e-08
     8	1.22931767665e-08
     9	1.06651970591e-08

Measurement: edge100_ro26
  step	V(ro26_out)={VTHRESH} 
     1	7.4752282496e-09
     2	6.34974678279e-09
     3	5.61867008805e-09
     4	1.03899003987e-08
     5	8.65778102441e-09
     6	7.55807071391e-09
     7	1.49731214681e-08
     8	1.23767492095e-08
     9	1.073405381e-08

Measurement: edge100_ro27
  step	V(ro27_out)={VTHRESH} 
     1	7.50804842088e-09
     2	6.35076508608e-09
     3	5.6350035641e-09
     4	1.04036328586e-08
     5	8.6688930615e-09
     6	7.56892381072e-09
     7	1.49598053666e-08
     8	1.23671286319e-08
     9	1.07283915473e-08

Measurement: edge100_ro28
  step	V(ro28_out)={VTHRESH} 
     1	8.00628946181e-09
     2	6.6741352088e-09
     3	5.84953402674e-09
     4	1.14202744219e-08
     5	9.30752489092e-09
     6	8.0166871821e-09
     7	1.67247750492e-08
     8	1.35031009244e-08
     9	1.15425287625e-08

Measurement: edge100_ro29
  step	V(ro29_out)={VTHRESH} 
     1	7.30817466321e-09
     2	6.22532657661e-09
     3	5.53186096707e-09
     4	1.00846523604e-08
     5	8.43280430194e-09
     6	7.38712707981e-09
     7	1.44456980206e-08
     8	1.19799575697e-08
     9	1.04245661305e-08

Measurement: edge100_ro30
  step	V(ro30_out)={VTHRESH} 
     1	7.65267753173e-09
     2	6.47175766859e-09
     3	5.7197052928e-09
     4	1.06732267199e-08
     5	8.86056077644e-09
     6	7.71473929326e-09
     7	1.54197541049e-08
     8	1.27008175349e-08
     9	1.09864470344e-08

Measurement: edge100_ro31
  step	V(ro31_out)={VTHRESH} 
     1	7.67867338006e-09
     2	6.48280128748e-09
     3	5.7241404422e-09
     4	1.07617572988e-08
     5	8.91209494734e-09
     6	7.74696422486e-09
     7	1.55872066421e-08
     8	1.28036437271e-08
     9	1.10569334911e-08

Measurement: edge100_ro32
  step	V(ro32_out)={VTHRESH} 
     1	7.36983016872e-09
     2	6.29005746977e-09
     3	5.57637437931e-09
     4	1.0188597436e-08
     5	8.53360108939e-09
     6	7.47461380938e-09
     7	1.46165768043e-08
     8	1.21451038103e-08
     9	1.05716053535e-08

Measurement: edge100_ro33
  step	V(ro33_out)={VTHRESH} 
     1	7.02217158625e-09
     2	6.05125229565e-09
     3	5.41190810627e-09
     4	9.54853136727e-09
     5	8.10016184256e-09
     6	7.15517637458e-09
     7	1.35314277853e-08
     8	1.13998358716e-08
     9	1.00151656751e-08

Measurement: edge100_ro34
  step	V(ro34_out)={VTHRESH} 
     1	7.23575558682e-09
     2	6.19034945938e-09
     3	5.5165780354e-09
     4	9.9283032692e-09
     5	8.35980140411e-09
     6	7.34518190518e-09
     7	1.41738989761e-08
     8	1.18487235358e-08
     9	1.03521238011e-08

Measurement: edge100_ro35
  step	V(ro35_out)={VTHRESH} 
     1	7.31175840965e-09
     2	6.22993659715e-09
     3	5.55713178878e-09
     4	1.01044090927e-08
     5	8.45196042209e-09
     6	7.40658860094e-09
     7	1.44766529533e-08
     8	1.20108136561e-08
     9	1.04561499371e-08

Measurement: edge100_ro36
  step	V(ro36_out)={VTHRESH} 
     1	7.64511185791e-09
     2	6.46724284926e-09
     3	5.71379328558e-09
     4	1.06925743792e-08
     5	8.87530993064e-09
     6	7.72898227166e-09
     7	1.5465059021e-08
     8	1.27351424701e-08
     9	1.10132759789e-08

Measurement: edge100_ro37
  step	V(ro37_out)={VTHRESH} 
     1	7.74670810599e-09
     2	6.53603446737e-09
     3	5.75566590866e-09
     4	1.08600799075e-08
     5	8.9848842307e-09
     6	7.8053466544e-09
     7	1.5740849968e-08
     8	1.29171319652e-08
     9	1.11465334319e-08

Measurement: edge100_ro38
  step	V(ro38_out)={VTHRESH} 
     1	7.75111411418e-09
     2	6.52421973527e-09
     3	5.7558082733e-09
     4	1.08230633495e-08
     5	8.95681297694e-09
     6	7.7858744681e-09
     7	1.5657763669e-08
     8	1.28548284656e-08
     9	1.11003824899e-08

Measurement: edge100_ro39
  step	V(ro39_out)={VTHRESH} 
     1	7.23048277262e-09
     2	6.1934294828e-09
     3	5.5219808004e-09
     4	9.86223978915e-09
     5	8.32122123439e-09
     6	7.32432029955e-09
     7	1.40219104238e-08
     8	1.17500388354e-08
     9	1.02818091092e-08

Measurement: edge100_ro40
  step	V(ro40_out)={VTHRESH} 
     1	7.3074073983e-09
     2	6.23548149084e-09
     3	5.54531185731e-09
     4	1.00475341197e-08
     5	8.42242140785e-09
     6	7.38722328418e-09
     7	1.43369389672e-08
     8	1.19259957403e-08
     9	1.03953461462e-08

Measurement: edge100_ro41
  step	V(ro41_out)={VTHRESH} 
     1	7.65925726843e-09
     2	6.48054368574e-09
     3	5.73493017549e-09
     4	1.06748070368e-08
     5	8.86696227962e-09
     6	7.72276861522e-09
     7	1.54135889609e-08
     8	1.27034443224e-08
     9	1.09905029775e-08

Measurement: edge100_ro42
  step	V(ro42_out)={VTHRESH} 
     1	7.08502455424e-09
     2	6.09663063428e-09
     3	5.44400750167e-09
     4	9.67994700363e-09
     5	8.19015689442e-09
     6	7.22559544648e-09
     7	1.37581426316e-08
     8	1.15580088246e-08
     9	1.01375815141e-08

Measurement: edge100_ro43
  step	V(ro43_out)={VTHRESH} 
     1	7.8556615523e-09
     2	6.60081238943e-09
     3	5.81219375945e-09
     4	1.10585350724e-08
     5	9.12118971163e-09
     6	7.90551484013e-09
     7	1.60787354464e-08
     8	1.31511276555e-08
     9	1.13212502677e-08

Measurement: edge100_ro44
  step	V(ro44_out)={VTHRESH} 
     1	7.27512533631e-09
     2	6.21255091409e-09
     3	5.5355105052e-09
     4	1.00077626527e-08
     5	8.40962750764e-09
     6	7.38311561012e-09
     7	1.43144082957e-08
     8	1.19387992609e-08
     9	1.04166585459e-08

Measurement: edge100_ro45
  step	V(ro45_out)={VTHRESH} 
     1	7.60972983768e-09
     2	6.41898087137e-09
     3	5.67100342228e-09
     4	1.0649260973e-08
     5	8.80103597424e-09
     6	7.65514312221e-09
     7	1.53909080741e-08
     8	1.2606159318e-08
     9	1.08872545417e-08

Measurement: edge100_ro46
  step	V(ro46_out)={VTHRESH} 
     1	7.12270187994e-09
     2	6.11685390421e-09
     3	5.45207636294e-09
     4	9.75181639547e-09
     5	8.23003406143e-09
     6	7.24937421499e-09
     7	1.38790620544e-08
     8	1.16269821889e-08
     9	1.01800851812e-08

Measurement: edge100_ro47
  step	V(ro47_out)={VTHRESH} 
     1	7.45080896262e-09
     2	6.34438434595e-09
     3	5.61890989416e-09
     4	1.03189074335e-08
     5	8.623724156e-09
     6	7.54285047315e-09
     7	1.4816809663e-08
     8	1.22882762627e-08
     9	1.0680681273e-08

Measurement: edge100_ro48
  step	V(ro48_out)={VTHRESH} 
     1	7.42372715955e-09
     2	6.32307264667e-09
     3	5.60542927073e-09
     4	1.02772638207e-08
     5	8.59109578437e-09
     6	7.51681045568e-09
     7	1.47563021777e-08
     8	1.22399870794e-08
     9	1.06412338717e-08

Measurement: edge100_ro49
  step	V(ro49_out)={VTHRESH} 
     1	7.67586199838e-09
     2	6.48806965797e-09
     3	5.7281197192e-09
     4	1.06656247442e-08
     5	8.85114946714e-09
     6	7.70642292164e-09
     7	1.53727455095e-08
     8	1.26584630221e-08
     9	1.09511362432e-08

Measurement: edge100_ro50
  step	V(ro50_out)={VTHRESH} 
     1	7.62089719522e-09
     2	6.42891064561e-09
     3	5.67634620718e-09
     4	1.06525816721e-08
     5	8.81271509431e-09
     6	7.66606351673e-09
     7	1.53939718582e-08
     8	1.26314962419e-08
     9	1.0914545339e-08

Measurement: edge100_ro51
  step	V(ro51_out)={VTHRESH} 
     1	7.29001426369e-09
     2	6.23105017379e-09
     3	5.55350366813e-09
     4	1.00073883111e-08
     5	8.40904731596e-09
     6	7.38374985183e-09
     7	1.42919117007e-08
     8	1.19184137925e-08
     9	1.04005147723e-08

Measurement: edge100_ro52
  step	V(ro52_out)={VTHRESH} 
     1	7.28647694679e-09
     2	6.21920039177e-09
     3	5.53966384772e-09
     4	1.00195657997e-08
     5	8.4231469194e-09
     6	7.39566309443e-09
     7	1.43324212739e-08
     8	1.19619471288e-08
     9	1.04398666585e-08

Measurement: edge100_ro53
  step	V(ro53_out)={VTHRESH} 
     1	6.90953064237e-09
     2	5.95038576989e-09
     3	5.35311656256e-09
     4	9.39236589677e-09
     5	7.991874442e-09
     6	7.07647528846e-09
     7	1.32972760603e-08
     8	1.12368954543e-08
     9	9.89343977053e-09

Measurement: edge100_ro54
  step	V(ro54_out)={VTHRESH} 
     1	7.20149620286e-09
     2	6.17133682998e-09
     3	5.50354172289e-09
     4	9.85399149836e-09
     5	8.31174565964e-09
     6	7.31319121467e-09
     7	1.403872152e-08
     8	1.17578798094e-08
     9	1.02852050485e-08

Measurement: edge100_ro55
  step	V(ro55_out)={VTHRESH} 
     1	7.17725861785e-09
     2	6.15089031364e-09
     3	5.48640515146e-09
     4	9.82679212656e-09
     5	8.29175754564e-09
     6	7.29887301006e-09
     7	1.39992182004e-08
     8	1.17285568874e-08
     9	1.02636624145e-08

Measurement: edge100_ro56
  step	V(ro56_out)={VTHRESH} 
     1	7.5016734874e-09
     2	6.36291725794e-09
     3	5.63913456807e-09
     4	1.04073889994e-08
     5	8.68108919597e-09
     6	7.5817370875e-09
     7	1.49769595693e-08
     8	1.23966926873e-08
     9	1.07583906098e-08

Measurement: edge100_ro57
  step	V(ro57_out)={VTHRESH} 
     1	7.29873920859e-09
     2	6.23124940086e-09
     3	5.54404836696e-09
     4	1.00543589044e-08
     5	8.44002941566e-09
     6	7.40627869519e-09
     7	1.43803743605e-08
     8	1.19804285919e-08
     9	1.04481109751e-08

Measurement: edge100_ro58
  step	V(ro58_out)={VTHRESH} 
     1	7.40242490145e-09
     2	6.31312965063e-09
     3	5.59889308207e-09
     4	1.02183092843e-08
     5	8.56412762931e-09
     6	7.50140174191e-09
     7	1.46498641099e-08
     8	1.21884254064e-08
     9	1.0611483608e-08

Measurement: edge100_ro59
  step	V(ro59_out)={VTHRESH} 
     1	7.17346196588e-09
     2	6.14891162682e-09
     3	5.47815324216e-09
     4	9.85035890593e-09
     5	8.29872210721e-09
     6	7.30136736585e-09
     7	1.40483263192e-08
     8	1.17465038705e-08
     9	1.02715564345e-08

Measurement: edge100_ro60
  step	V(ro60_out)={VTHRESH} 
     1	7.68966028484e-09
     2	6.50267975472e-09
     3	5.7418505957e-09
     4	1.07160869788e-08
     5	8.89675050376e-09
     6	7.74288649213e-09
     7	1.54728055365e-08
     8	1.2746852837e-08
     9	1.10247474426e-08

Measurement: edge100_ro61
  step	V(ro61_out)={VTHRESH} 
     1	7.5848502354e-09
     2	6.42873861405e-09
     3	5.68534619643e-09
     4	1.0570128566e-08
     5	8.7956811142e-09
     6	7.66757923085e-09
     7	1.52576183817e-08
     8	1.25989244373e-08
     9	1.09130582525e-08

Measurement: edge100_ro62
  step	V(ro62_out)={VTHRESH} 
     1	6.95309520417e-09
     2	6.00646016564e-09
     3	5.37890684239e-09
     4	9.38948008787e-09
     5	7.99410883941e-09
     6	7.07898192925e-09
     7	1.32508258887e-08
     8	1.12087760726e-08
     9	9.87265217913e-09

Measurement: edge100_ro63
  step	V(ro63_out)={VTHRESH} 
     1	6.77172484879e-09
     2	5.88150996047e-09
     3	5.28802734852e-09
     4	9.12289366416e-09
     5	7.80386979755e-09
     6	6.93730525866e-09
     7	1.28166764347e-08
     8	1.08919418719e-08
     9	9.63075233491e-09

Measurement: edge100_ro64
  step	V(ro64_out)={VTHRESH} 
     1	7.18265246084e-09
     2	6.14604858992e-09
     3	5.48788918125e-09
     4	9.86500593996e-09
     5	8.31524491693e-09
     6	7.31572347826e-09
     7	1.40746121646e-08
     8	1.17773412984e-08
     9	1.02987334711e-08

Measurement: edge100_ro65
  step	V(ro65_out)={VTHRESH} 
     1	7.54214733174e-09
     2	6.37834676853e-09
     3	5.64638152276e-09
     4	1.05104707193e-08
     5	8.73000993721e-09
     6	7.60843567329e-09
     7	1.51635910917e-08
     8	1.2489933604e-08
     9	1.08129693302e-08

Measurement: edge100_ro66
  step	V(ro66_out)={VTHRESH} 
     1	7.46470522622e-09
     2	6.35163331628e-09
     3	5.62267711824e-09
     4	1.0349912307e-08
     5	8.63805075148e-09
     6	7.55045105324e-09
     7	1.48728428242e-08
     8	1.23153354369e-08
     9	1.06961275086e-08

Measurement: edge100_ro67
  step	V(ro67_out)={VTHRESH} 
     1	7.32693851051e-09
     2	6.24669926988e-09
     3	5.5571881823e-09
     4	1.01127836142e-08
     5	8.48550833994e-09
     6	7.44209862872e-09
     7	1.45013851918e-08
     8	1.20757878059e-08
     9	1.05246919756e-08

Measurement: edge100_ro68
  step	V(ro68_out)={VTHRESH} 
     1	7.27084749464e-09
     2	6.20705094726e-09
     3	5.52342016158e-09
     4	1.00149190569e-08
     5	8.40087721588e-09
     6	7.37177043353e-09
     7	1.43188245217e-08
     8	1.19196962589e-08
     9	1.03949421847e-08

Measurement: edge100_ro69
  step	V(ro69_out)={VTHRESH} 
     1	7.5975591027e-09
     2	6.43746227889e-09
     3	5.69412857744e-09
     4	1.05690394684e-08
     5	8.79473494323e-09
     6	7.66894778852e-09
     7	1.52371610623e-08
     8	1.25800070647e-08
     9	1.08991055223e-08

Measurement: edge100_ro70
  step	V(ro70_out)={VTHRESH} 
     1	7.24661994275e-09
     2	6.19204336206e-09
     3	5.51238318631e-09
     4	9.9571952093e-09
     5	8.36559709841e-09
     6	7.34562223601e-09
     7	1.42203344391e-08
     8	1.18583794908e-08
     9	1.03500201025e-08

Measurement: edge100_ro71
  step	V(ro71_out)={VTHRESH} 
     1	7.37962543639e-09
     2	6.28435934546e-09
     3	5.57920900468e-09
     4	1.01937083278e-08
     5	8.52969114692e-09
     6	7.46843463289e-09
     7	1.4614910767e-08
     8	1.21339468313e-08
     9	1.05566035485e-08

Measurement: edge100_ro72
  step	V(ro72_out)={VTHRESH} 
     1	6.87926363209e-09
     2	5.95227775558e-09
     3	5.35543967426e-09
     4	9.28591679934e-09
     5	7.92271053911e-09
     6	7.02731568058e-09
     7	1.30878803677e-08
     8	1.10930306459e-08
     9	9.78685007198e-09

Measurement: edge100_ro73
  step	V(ro73_out)={VTHRESH} 
     1	7.636636486e-09
     2	6.44802778232e-09
     3	5.69375872809e-09
     4	1.06934235643e-08
     5	8.85284323097e-09
     6	7.69741492571e-09
     7	1.54884525779e-08
     8	1.27139281628e-08
     9	1.09779864404e-08

Measurement: edge100_ro74
  step	V(ro74_out)={VTHRESH} 
     1	6.86422821812e-09
     2	5.94495523939e-09
     3	5.33490937918e-09
     4	9.2690930476e-09
     5	7.91214080647e-09
     6	7.02004017106e-09
     7	1.30676242128e-08
     8	1.10828519393e-08
     9	9.78129480276e-09

Measurement: edge100_ro75
  step	V(ro75_out)={VTHRESH} 
     1	7.33704866092e-09
     2	6.24573166352e-09
     3	5.55106534499e-09
     4	1.01140289963e-08
     5	8.47067820183e-09
     6	7.42303170806e-09
     7	1.44920897121e-08
     8	1.20415131171e-08
     9	1.04856462038e-08

Measurement: edge100_ro76
  step	V(ro76_out)={VTHRESH} 
     1	7.45786206369e-09
     2	6.35260549235e-09
     3	5.62202517303e-09
     4	1.03469116749e-08
     5	8.64162269143e-09
     6	7.55498474263e-09
     7	1.48770924343e-08
     8	1.23298295221e-08
     9	1.07121196184e-08

Measurement: edge100_ro77
  step	V(ro77_out)={VTHRESH} 
     1	7.3425046984e-09
     2	6.23897189964e-09
     3	5.53682225067e-09
     4	1.01781761735e-08
     5	8.49004341987e-09
     6	7.42548315406e-09
     7	1.46337107504e-08
     8	1.2102837863e-08
     9	1.05138025429e-08

Measurement: edge100_ro78
  step	V(ro78_out)={VTHRESH} 
     1	7.46158450853e-09
     2	6.35400255696e-09
     3	5.62042820782e-09
     4	1.03145968296e-08
     5	8.61000580832e-09
     6	7.52874425736e-09
     7	1.47810785288e-08
     8	1.22442244489e-08
     9	1.06397107766e-08

Measurement: edge100_ro79
  step	V(ro79_out)={VTHRESH} 
     1	7.212543994e-09
     2	6.17602632202e-09
     3	5.50540763525e-09
     4	9.90196790117e-09
     5	8.34009308211e-09
     6	7.33589242162e-09
     7	1.41256627021e-08
     8	1.18137372986e-08
     9	1.03264550892e-08

Measurement: edge100_ro80
  step	V(ro80_out)={VTHRESH} 
     1	7.60030737007e-09
     2	6.43478602909e-09
     3	5.68964387262e-09
     4	1.05951590756e-08
     5	8.8038738646e-09
     6	7.67102899596e-09
     7	1.5287913285e-08
     8	1.26022210073e-08
     9	1.09088731514e-08

Measurement: edge100_ro81
  step	V(ro81_out)={VTHRESH} 
     1	7.53614388684e-09
     2	6.39475010933e-09
     3	5.66544392915e-09
     4	1.0464968888e-08
     5	8.72336037381e-09
     6	7.61633238201e-09
     7	1.5066733877e-08
     8	1.24637682098e-08
     9	1.08124162938e-08

Measurement: edge100_ro82
  step	V(ro82_out)={VTHRESH} 
     1	7.52980187128e-09
     2	6.37748501461e-09
     3	5.64818836502e-09
     4	1.04781675632e-08
     5	8.72168388427e-09
     6	7.60911974464e-09
     7	1.50978269697e-08
     8	1.24676788765e-08
     9	1.08080569398e-08

Measurement: edge100_ro83
  step	V(ro83_out)={VTHRESH} 
     1	7.15603999211e-09
     2	6.15247415155e-09
     3	5.4834460518e-09
     4	9.77548273899e-09
     5	8.26279455918e-09
     6	7.28134792242e-09
     7	1.39016695363e-08
     8	1.16691935333e-08
     9	1.02241562441e-08

Measurement: edge100_ro84
  step	V(ro84_out)={VTHRESH} 
     1	7.71664170271e-09
     2	6.52333489805e-09
     3	5.75167717544e-09
     4	1.07562947206e-08
     5	8.92697965862e-09
     6	7.76994743048e-09
     7	1.55419086992e-08
     8	1.28048456463e-08
     9	1.10717809209e-08

Measurement: edge100_ro85
  step	V(ro85_out)={VTHRESH} 
     1	7.50124908268e-09
     2	6.37215951032e-09
     3	5.64993427865e-09
     4	1.03849268272e-08
     5	8.68008668808e-09
     6	7.58811513663e-09
     7	1.49330155943e-08
     8	1.23893674145e-08
     9	1.07645218433e-08

Measurement: edge100_ro86
  step	V(ro86_out)={VTHRESH} 
     1	7.6428725344e-09
     2	6.45853488326e-09
     3	5.70626959447e-09
     4	1.06735603867e-08
     5	8.84935937787e-09
     6	7.70157392143e-09
     7	1.54355285415e-08
     8	1.26940309144e-08
     9	1.09735109341e-08

Measurement: edge100_ro87
  step	V(ro87_out)={VTHRESH} 
     1	6.80739637501e-09
     2	5.89940966659e-09
     3	5.29547479851e-09
     4	9.18614912518e-09
     5	7.83422513015e-09
     6	6.95444438541e-09
     7	1.29405288443e-08
     8	1.09605702016e-08
     9	9.67712222507e-09

Measurement: edge100_ro88
  step	V(ro88_out)={VTHRESH} 
     1	7.478591032e-09
     2	6.34320389632e-09
     3	5.62343339414e-09
     4	1.0371638848e-08
     5	8.64495440285e-09
     6	7.55220727019e-09
     7	1.48958609067e-08
     8	1.23187856561e-08
     9	1.06927514783e-08

Measurement: edge100_ro89
  step	V(ro89_out)={VTHRESH} 
     1	7.24629051309e-09
     2	6.19422417411e-09
     3	5.52137814864e-09
     4	9.91248584134e-09
     5	8.3321495604e-09
     6	7.3208229226e-09
     7	1.41085902778e-08
     8	1.17691427283e-08
     9	1.02788919241e-08

Measurement: edge100_ro90
  step	V(ro90_out)={VTHRESH} 
     1	7.86183277736e-09
     2	6.6148229807e-09
     3	5.82095125423e-09
     4	1.10220728924e-08
     5	9.101468005e-09
     6	7.89285325995e-09
     7	1.59952103921e-08
     8	1.31014538987e-08
     9	1.12864277663e-08

Measurement: edge100_ro91
  step	V(ro91_out)={VTHRESH} 
     1	7.46322297504e-09
     2	6.34470404211e-09
     3	5.6325832115e-09
     4	1.03262283379e-08
     5	8.64382890736e-09
     6	7.56252723996e-09
     7	1.48389453275e-08
     8	1.23299423965e-08
     9	1.07220299981e-08

Measurement: edge100_ro92
  step	V(ro92_out)={VTHRESH} 
     1	7.42316940307e-09
     2	6.3123105086e-09
     3	5.59738802734e-09
     4	1.028278997e-08
     5	8.57877155428e-09
     6	7.50268781832e-09
     7	1.47615685817e-08
     8	1.2213325583e-08
     9	1.06101540331e-08

Measurement: edge100_ro93
  step	V(ro93_out)={VTHRESH} 
     1	7.78822112051e-09
     2	6.54764651207e-09
     3	5.76449347793e-09
     4	1.09612625988e-08
     5	9.03299249993e-09
     6	7.83119721395e-09
     7	1.59102201234e-08
     8	1.30028208323e-08
     9	1.11962160601e-08

Measurement: edge100_ro94
  step	V(ro94_out)={VTHRESH} 
     1	7.54824493577e-09
     2	6.39243757469e-09
     3	5.6536234736e-09
     4	1.05351531078e-08
     5	8.75405968113e-09
     6	7.63046820201e-09
     7	1.52176230584e-08
     8	1.25410779723e-08
     9	1.08576237234e-08

Measurement: edge100_ro95
  step	V(ro95_out)={VTHRESH} 
     1	7.70699097734e-09
     2	6.50886440368e-09
     3	5.75150409891e-09
     4	1.076309086e-08
     5	8.93595643129e-09
     6	7.77539874198e-09
     7	1.55800385814e-08
     8	1.283631199e-08
     9	1.1097384113e-08

Measurement: edge100_ro96
  step	V(ro96_out)={VTHRESH} 
     1	7.00842295291e-09
     2	6.04217631716e-09
     3	5.40398662309e-09
     4	9.5260418121e-09
     5	8.08394031107e-09
     6	7.14529196712e-09
     7	1.34860484499e-08
     8	1.13650291125e-08
     9	9.98937486561e-09

Measurement: edge100_ro97
  step	V(ro97_out)={VTHRESH} 
     1	7.59027850359e-09
     2	6.42003983047e-09
     3	5.67716912902e-09
     4	1.05965673194e-08
     5	8.79185781206e-09
     6	7.65783189671e-09
     7	1.52921569707e-08
     8	1.25825853023e-08
     9	1.08847456783e-08

Measurement: edge100_ro98
  step	V(ro98_out)={VTHRESH} 
     1	7.33606190964e-09
     2	6.25425666009e-09
     3	5.55558643827e-09
     4	1.00980925999e-08
     5	8.47307885063e-09
     6	7.43077254479e-09
     7	1.44499412601e-08
     8	1.20345053454e-08
     9	1.04893867008e-08

Measurement: edge100_ro99
  step	V(ro99_out)={VTHRESH} 
     1	7.90672804636e-09
     2	6.63197858999e-09
     3	5.82622207558e-09
     4	1.11528122304e-08
     5	9.17371257886e-09
     6	7.93485988534e-09
     7	1.62398940636e-08
     8	1.32476409369e-08
     9	1.13842933061e-08

Measurement: edge100_ro100
  step	V(ro100_out)={VTHRESH} 
     1	7.01117652312e-09
     2	6.04276758979e-09
     3	5.40576815892e-09
     4	9.51589368939e-09
     5	8.0771451949e-09
     6	7.1410250251e-09
     7	1.34739940685e-08
     8	1.13616260056e-08
     9	9.98555649747e-09

Measurement: edge100_ro101
  step	V(ro101_out)={VTHRESH} 
     1	7.50439058969e-09
     2	6.35669958036e-09
     3	5.62591076955e-09
     4	1.04225011641e-08
     5	8.66975386068e-09
     6	7.56284028743e-09
     7	1.50118482259e-08
     8	1.23860218373e-08
     9	1.07331192848e-08

Measurement: edge100_ro102
  step	V(ro102_out)={VTHRESH} 
     1	7.52819524443e-09
     2	6.37825754466e-09
     3	5.6537954703e-09
     4	1.04847552504e-08
     5	8.73514166579e-09
     6	7.62470289989e-09
     7	1.5114905813e-08
     8	1.24962307486e-08
     9	1.08362283382e-08

Measurement: edge100_ro103
  step	V(ro103_out)={VTHRESH} 
     1	7.0715763337e-09
     2	6.14963586723e-09
     3	5.4662125644e-09
     4	9.66380239386e-09
     5	8.24165379548e-09
     6	7.25957373566e-09
     7	1.37564829223e-08
     8	1.15310236319e-08
     9	1.02005953143e-08

Measurement: edge100_ro104
  step	V(ro104_out)={VTHRESH} 
     1	7.48308944343e-09
     2	6.35898322888e-09
     3	5.64078135128e-09
     4	1.03362315781e-08
     5	8.64386102833e-09
     6	7.55974954853e-09
     7	1.48424102153e-08
     8	1.23195269119e-08
     9	1.07076261228e-08

Measurement: edge100_ro105
  step	V(ro105_out)={VTHRESH} 
     1	7.42744183067e-09
     2	6.34429298347e-09
     3	5.61434230578e-09
     4	1.02577683885e-08
     5	8.59246126507e-09
     6	7.52332278383e-09
     7	1.47161590814e-08
     8	1.22367044703e-08
     9	1.06482341988e-08

Measurement: edge100_ro106
  step	V(ro106_out)={VTHRESH} 
     1	7.44622814118e-09
     2	6.35236394114e-09
     3	5.61415027376e-09
     4	1.03284091234e-08
     5	8.63027864605e-09
     6	7.54472288411e-09
     7	1.48639566245e-08
     8	1.23204959202e-08
     9	1.07039126723e-08

Measurement: edge100_ro107
  step	V(ro107_out)={VTHRESH} 
     1	8.04772563701e-09
     2	6.68838976846e-09
     3	5.85629441398e-09
     4	1.14987866909e-08
     5	9.33150567716e-09
     6	8.02633992731e-09
     7	1.68580872801e-08
     8	1.35519188198e-08
     9	1.15615481711e-08

Measurement: edge100_ro108
  step	V(ro108_out)={VTHRESH} 
     1	7.14340738626e-09
     2	6.13869470554e-09
     3	5.4741014964e-09
     4	9.80497350035e-09
     5	8.27419384678e-09
     6	7.28648000984e-09
     7	1.39679355767e-08
     8	1.1703503994e-08
     9	1.0244598035e-08

Measurement: edge100_ro109
  step	V(ro109_out)={VTHRESH} 
     1	7.85037312551e-09
     2	6.55295208054e-09
     3	5.75207559708e-09
     4	1.11119854891e-08
     5	9.07853752583e-09
     6	7.84150816198e-09
     7	1.61820503207e-08
     8	1.30962441607e-08
     9	1.12265920655e-08

Measurement: edge100_ro110
  step	V(ro110_out)={VTHRESH} 
     1	7.38025139443e-09
     2	6.27683180617e-09
     3	5.56135422079e-09
     4	1.02347311074e-08
     5	8.54622176122e-09
     6	7.47536419074e-09
     7	1.47063006115e-08
     8	1.21849160337e-08
     9	1.058844557e-08

Measurement: edge100_ro111
  step	V(ro111_out)={VTHRESH} 
     1	7.23753070333e-09
     2	6.18423351175e-09
     3	5.51640753523e-09
     4	9.9474231658e-09
     5	8.36825912127e-09
     6	7.35472296718e-09
     7	1.41994754421e-08
     8	1.18576059552e-08
     9	1.03582390252e-08

Measurement: edge100_ro112
  step	V(ro112_out)={VTHRESH} 
     1	7.74226650789e-09
     2	6.53132484697e-09
     3	5.75096260691e-09
     4	1.08595477837e-08
     5	8.97636155483e-09
     6	7.79339007326e-09
     7	1.57435853998e-08
     8	1.29064560577e-08
     9	1.11289274695e-08

Measurement: edge100_ro113
  step	V(ro113_out)={VTHRESH} 
     1	7.1519902616e-09
     2	6.14074434139e-09
     3	5.47282184004e-09
     4	9.79121725042e-09
     5	8.26122892404e-09
     6	7.27297801389e-09
     7	1.39400929681e-08
     8	1.16781962371e-08
     9	1.02206770999e-08

Measurement: edge100_ro114
  step	V(ro114_out)={VTHRESH} 
     1	7.2559390554e-09
     2	6.20435131795e-09
     3	5.52465464068e-09
     4	9.96895849899e-09
     5	8.38760830929e-09
     6	7.36813120572e-09
     7	1.42415907854e-08
     8	1.18958622348e-08
     9	1.03875610288e-08

Measurement: edge100_ro115
  step	V(ro115_out)={VTHRESH} 
     1	7.25330419387e-09
     2	6.20150669088e-09
     3	5.52679160604e-09
     4	9.9568165838e-09
     5	8.38027867458e-09
     6	7.36468340961e-09
     7	1.42112569468e-08
     8	1.18734179869e-08
     9	1.03720514194e-08

Measurement: edge100_ro116
  step	V(ro116_out)={VTHRESH} 
     1	7.42504179687e-09
     2	6.32131795135e-09
     3	5.60735206734e-09
     4	1.02823943639e-08
     5	8.59936235184e-09
     6	7.52551096613e-09
     7	1.4762612204e-08
     8	1.22540646939e-08
     9	1.06571253772e-08

Measurement: edge100_ro117
  step	V(ro117_out)={VTHRESH} 
     1	6.66303533774e-09
     2	5.8083114329e-09
     3	5.23578224199e-09
     4	8.90559246036e-09
     5	7.65731204969e-09
     6	6.82853609472e-09
     7	1.24492379558e-08
     8	1.06392837113e-08
     9	9.44074317663e-09

Measurement: edge100_ro118
  step	V(ro118_out)={VTHRESH} 
     1	7.38301982294e-09
     2	6.283770723e-09
     3	5.57344831126e-09
     4	1.02240081075e-08
     5	8.54624328881e-09
     6	7.47761932826e-09
     7	1.46852923825e-08
     8	1.21804347306e-08
     9	1.05888916529e-08

Measurement: edge100_ro119
  step	V(ro119_out)={VTHRESH} 
     1	7.3105873949e-09
     2	6.24170454284e-09
     3	5.54944629349e-09
     4	1.00638096321e-08
     5	8.44399389611e-09
     6	7.40663923104e-09
     7	1.43928852373e-08
     8	1.19834332026e-08
     9	1.04464982546e-08

Measurement: edge100_ro120
  step	V(ro120_out)={VTHRESH} 
     1	7.57013864884e-09
     2	6.41696219421e-09
     3	5.67770827025e-09
     4	1.04954115261e-08
     5	8.74002665175e-09
     6	7.62446580394e-09
     7	1.51029431511e-08
     8	1.24825369392e-08
     9	1.08208244667e-08

Measurement: edge100_ro121
  step	V(ro121_out)={VTHRESH} 
     1	7.40959398324e-09
     2	6.32005840419e-09
     3	5.60843673074e-09
     4	1.02016396848e-08
     5	8.55690738459e-09
     6	7.49774462771e-09
     7	1.46083976349e-08
     8	1.2166713806e-08
     9	1.05976412718e-08

Measurement: edge100_ro122
  step	V(ro122_out)={VTHRESH} 
     1	7.4304429671e-09
     2	6.31178486966e-09
     3	5.59458850684e-09
     4	1.03309325272e-08
     5	8.61538238509e-09
     6	7.52774437099e-09
     7	1.48809889474e-08
     8	1.23096737763e-08
     9	1.06838484194e-08

Measurement: edge100_ro123
  step	V(ro123_out)={VTHRESH} 
     1	7.42224009941e-09
     2	6.31403415497e-09
     3	5.59887760607e-09
     4	1.02826516055e-08
     5	8.5947969347e-09
     6	7.51758764046e-09
     7	1.47809299998e-08
     8	1.22602745755e-08
     9	1.06555252215e-08

Measurement: edge100_ro124
  step	V(ro124_out)={VTHRESH} 
     1	7.11647768837e-09
     2	6.11699931794e-09
     3	5.46201495292e-09
     4	9.69387789882e-09
     5	8.20927234627e-09
     6	7.2410441767e-09
     7	1.37677921537e-08
     8	1.15808403953e-08
     9	1.01577314838e-08

Measurement: edge100_ro125
  step	V(ro125_out)={VTHRESH} 
     1	7.84438332999e-09
     2	6.59319924221e-09
     3	5.79897715644e-09
     4	1.10174555329e-08
     5	9.07845656455e-09
     6	7.86643794178e-09
     7	1.59866228669e-08
     8	1.30635361366e-08
     9	1.1243462301e-08

Measurement: edge100_ro126
  step	V(ro126_out)={VTHRESH} 
     1	7.57777860933e-09
     2	6.42725764792e-09
     3	5.68523181421e-09
     4	1.05227009765e-08
     5	8.76609576708e-09
     6	7.64689316914e-09
     7	1.51567004704e-08
     8	1.25335128295e-08
     9	1.08657351375e-08

Measurement: edge100_ro127
  step	V(ro127_out)={VTHRESH} 
     1	7.73733145211e-09
     2	6.53640795375e-09
     3	5.75328734354e-09
     4	1.08176540609e-08
     5	8.96074761591e-09
     6	7.78947779446e-09
     7	1.56639459704e-08
     8	1.28725049266e-08
     9	1.11158725965e-08
