LTspice 26.0.2 for Windows
Circuit: C:\Users\JUST\Documents\LTspice\RO_PUF_PVT_100\chip_004_PVT.net
Start Time: Sun Jul 19 16:00:44 2026
Options:plotwinsize=0 numdgt=10 reltol=1e-4 abstol=1e-12 vntol=1e-6 reltol=0.003 vntol=1m abstol=1e-10 gmin=1e-10 threads=1

.step vddval=0.9 temp=-20°
solver = Normal
Maximum thread count: 1
tnom = 27
temp = -20
method = trap
gmin = 1e-10
abstol = 1e-10
reltol = 0.003
volttol = 0.001
Per .tran options, skipping operating point for transient analysis.

.step vddval=1 temp=-20°

.step vddval=1.1 temp=-20°

.step vddval=0.9 temp=25°

.step vddval=1 temp=25°

.step vddval=1.1 temp=25°

.step vddval=0.9 temp=80°

.step vddval=1 temp=80°

.step vddval=1.1 temp=80°
Total elapsed time: 1585.069 seconds.

Files loaded:
C:\Users\JUST\Documents\LTspice\RO_PUF_PVT_100\chip_004_PVT.net
C:\Users\JUST\Documents\LTspice\RO_PUF_PVT_100\45nm_HP.pm
C:\Users\JUST\Documents\LTspice\RO_PUF_PVT_100\chip_004_mismatch.inc


Measurement: t_ro0
  step	t_ro0	FROM	TO
     1	5.69858836141e-09	1.3565268585e-09	7.05511521991e-09
     2	4.90001229307e-09	1.16686885227e-09	6.06688114534e-09
     3	4.37984897083e-09	1.04326693349e-09	5.42311590432e-09
     4	7.77001297186e-09	1.84544276364e-09	9.61545573549e-09
     5	6.57278137596e-09	1.56342642812e-09	8.13620780407e-09
     6	5.80063057393e-09	1.38021011448e-09	7.1808406884e-09
     7	1.10238100006e-08	2.6128578954e-09	1.3636667896e-08
     8	9.25725457993e-09	2.19912090619e-09	1.14563754861e-08
     9	8.12171203708e-09	1.93048014266e-09	1.00521921797e-08

Measurement: t_ro1
  step	t_ro1	FROM	TO
     1	5.83817442138e-09	1.39671681674e-09	7.23489123813e-09
     2	4.9982062653e-09	1.1943997238e-09	6.1926059891e-09
     3	4.45243869108e-09	1.06315578116e-09	5.51559447224e-09
     4	8.01978151551e-09	1.91832287748e-09	9.93810439299e-09
     5	6.749978441e-09	1.6127279183e-09	8.3627063593e-09
     6	5.9329872656e-09	1.41675054585e-09	7.34973781145e-09
     7	1.1450515512e-08	2.73788591684e-09	1.41884014289e-08
     8	9.56605433492e-09	2.28475123991e-09	1.18508055748e-08
     9	8.35729885023e-09	1.99483653244e-09	1.03521353827e-08

Measurement: t_ro2
  step	t_ro2	FROM	TO
     1	6.08000096035e-09	1.46166953099e-09	7.54167049133e-09
     2	5.16463098631e-09	1.23997483222e-09	6.40460581853e-09
     3	4.57526837856e-09	1.09733647185e-09	5.67260485042e-09
     4	8.42298778699e-09	2.02726061162e-09	1.04502483986e-08
     5	7.03398477415e-09	1.6898840005e-09	8.72386877465e-09
     6	6.14465764087e-09	1.47447218673e-09	7.6191298276e-09
     7	1.21111676483e-08	2.91562895466e-09	1.50267966029e-08
     8	1.00392271166e-08	2.41252633567e-09	1.24517534522e-08
     9	8.71639810964e-09	2.09246291016e-09	1.08088610198e-08

Measurement: t_ro3
  step	t_ro3	FROM	TO
     1	5.97469349011e-09	1.4332513477e-09	7.40794483781e-09
     2	5.08384910998e-09	1.21838058766e-09	6.30222969764e-09
     3	4.50686653358e-09	1.08013329393e-09	5.58699982751e-09
     4	8.29561980938e-09	1.99046323039e-09	1.02860830398e-08
     5	6.92492240828e-09	1.66014165799e-09	8.58506406627e-09
     6	6.05644993828e-09	1.45150486202e-09	7.50795480031e-09
     7	1.19322262481e-08	2.86285642347e-09	1.47950826716e-08
     8	9.88069781904e-09	2.36853358772e-09	1.22492314068e-08
     9	8.58442248503e-09	2.05731544208e-09	1.06417379271e-08

Measurement: t_ro4
  step	t_ro4	FROM	TO
     1	6.31699806122e-09	1.51535842041e-09	7.83235648162e-09
     2	5.31266395213e-09	1.27242280794e-09	6.58508676007e-09
     3	4.67585293428e-09	1.11866413204e-09	5.79451706632e-09
     4	8.90193668183e-09	2.13540879088e-09	1.10373454727e-08
     5	7.34067773511e-09	1.75865487495e-09	9.09933261006e-09
     6	6.36125478111e-09	1.52222672649e-09	7.8834815076e-09
     7	1.29548253518e-08	3.10691854546e-09	1.60617438973e-08
     8	1.05939624564e-08	2.53771551404e-09	1.31316779705e-08
     9	9.11799738535e-09	2.18186853698e-09	1.12998659223e-08

Measurement: t_ro5
  step	t_ro5	FROM	TO
     1	6.27993309768e-09	1.51454771166e-09	7.79448080934e-09
     2	5.28000015978e-09	1.27185112389e-09	6.55185128368e-09
     3	4.65342539892e-09	1.11974491648e-09	5.77317031541e-09
     4	8.81708302858e-09	2.12935505293e-09	1.09464380815e-08
     5	7.27739503591e-09	1.75487045651e-09	9.03226549241e-09
     6	6.31402956329e-09	1.52125944698e-09	7.83528901028e-09
     7	1.27858093779e-08	3.09025345649e-09	1.58760628344e-08
     8	1.04666485484e-08	2.52588431823e-09	1.29925328667e-08
     9	9.0197490952e-09	2.17488050138e-09	1.11946295966e-08

Measurement: t_ro6
  step	t_ro6	FROM	TO
     1	6.2134764798e-09	1.4911162124e-09	7.7045926922e-09
     2	5.25659179757e-09	1.25895445531e-09	6.51554625287e-09
     3	4.63999792681e-09	1.10913860376e-09	5.74913653056e-09
     4	8.67313877591e-09	2.08228669696e-09	1.07554254729e-08
     5	7.19859133899e-09	1.72435197783e-09	8.92294331683e-09
     6	6.26395269771e-09	1.49768938818e-09	7.76164208589e-09
     7	1.25451632409e-08	3.01163048412e-09	1.5556793725e-08
     8	1.03301158978e-08	2.47428861681e-09	1.28044045146e-08
     9	8.93076327093e-09	2.13560419778e-09	1.10663674687e-08

Measurement: t_ro7
  step	t_ro7	FROM	TO
     1	6.15922845919e-09	1.48109926104e-09	7.64032772023e-09
     2	5.20476368462e-09	1.25013249024e-09	6.45489617485e-09
     3	4.60213858382e-09	1.10444757361e-09	5.70658615744e-09
     4	8.61630972719e-09	2.07274689535e-09	1.06890566225e-08
     5	7.14503194064e-09	1.71697353821e-09	8.86200547884e-09
     6	6.21994585111e-09	1.49361384272e-09	7.71355969383e-09
     7	1.24594737583e-08	2.99778326424e-09	1.54572570225e-08
     8	1.02479720521e-08	2.4631727761e-09	1.27111448282e-08
     9	8.86045957642e-09	2.12818263879e-09	1.09886422152e-08

Measurement: t_ro8
  step	t_ro8	FROM	TO
     1	5.65211467635e-09	1.36098433558e-09	7.01309901193e-09
     2	4.86679985279e-09	1.17095037913e-09	6.03775023192e-09
     3	4.35190942776e-09	1.04635189482e-09	5.39826132258e-09
     4	7.72335654661e-09	1.86135449091e-09	9.58471103751e-09
     5	6.5392824592e-09	1.57459280794e-09	8.11387526714e-09
     6	5.77298804835e-09	1.38930915618e-09	7.16229720453e-09
     7	1.09742011542e-08	2.64657428669e-09	1.36207754409e-08
     8	9.22462272098e-09	2.22267824273e-09	1.14473009637e-08
     9	8.09689198266e-09	1.94977454666e-09	1.00466665293e-08

Measurement: t_ro9
  step	t_ro9	FROM	TO
     1	5.70812781561e-09	1.37002640443e-09	7.07815422004e-09
     2	4.91149772621e-09	1.17737508793e-09	6.08887281415e-09
     3	4.39027022947e-09	1.05182537908e-09	5.44209560855e-09
     4	7.77601659018e-09	1.86697018208e-09	9.64298677226e-09
     5	6.59274267016e-09	1.58100284755e-09	8.17374551771e-09
     6	5.8200648608e-09	1.39475879167e-09	7.21482365247e-09
     7	1.10428054726e-08	2.65151895882e-09	1.36943244314e-08
     8	9.29981381047e-09	2.23044800089e-09	1.15302618114e-08
     9	8.16366754959e-09	1.95668299639e-09	1.0120350546e-08

Measurement: t_ro10
  step	t_ro10	FROM	TO
     1	6.14748781567e-09	1.48033319755e-09	7.62782101322e-09
     2	5.21431079227e-09	1.2521421211e-09	6.46645291337e-09
     3	4.60956359041e-09	1.10462699587e-09	5.71419058628e-09
     4	8.53475296984e-09	2.05787780531e-09	1.05926307752e-08
     5	7.10948918135e-09	1.7091986182e-09	8.81868779956e-09
     6	6.20093607226e-09	1.48807640282e-09	7.68901247508e-09
     7	1.22941527636e-08	2.96544195766e-09	1.52595947212e-08
     8	1.01635673796e-08	2.44502761834e-09	1.26085949979e-08
     9	8.80935078163e-09	2.11592451745e-09	1.09252752991e-08

Measurement: t_ro11
  step	t_ro11	FROM	TO
     1	5.95128957652e-09	1.43707426423e-09	7.38836384075e-09
     2	5.07041919822e-09	1.22146594737e-09	6.29188514559e-09
     3	4.50201935316e-09	1.08287996643e-09	5.5848993196e-09
     4	8.20620323515e-09	1.98540959099e-09	1.01916128261e-08
     5	6.87407016167e-09	1.6591636135e-09	8.53323377516e-09
     6	6.02119705561e-09	1.45097627735e-09	7.47217333297e-09
     7	1.17531300688e-08	2.84578884159e-09	1.45989189104e-08
     8	9.77032263389e-09	2.36059494394e-09	1.21309175778e-08
     9	8.50611462738e-09	2.05254367456e-09	1.05586583019e-08

Measurement: t_ro12
  step	t_ro12	FROM	TO
     1	5.92000136201e-09	1.42709160397e-09	7.34709296598e-09
     2	5.06180593044e-09	1.21847527418e-09	6.28028120462e-09
     3	4.49588453424e-09	1.08116589031e-09	5.57705042455e-09
     4	8.17822233457e-09	1.97290767101e-09	1.01511300056e-08
     5	6.85961873721e-09	1.65253593027e-09	8.51215466748e-09
     6	6.01323492308e-09	1.4473138382e-09	7.46054876128e-09
     7	1.17151181256e-08	2.82757609309e-09	1.45426942187e-08
     8	9.75265354411e-09	2.3507898781e-09	1.21034434222e-08
     9	8.49704624115e-09	2.04627231831e-09	1.05433185595e-08

Measurement: t_ro13
  step	t_ro13	FROM	TO
     1	5.74864815465e-09	1.37862507425e-09	7.1272732289e-09
     2	4.93966862247e-09	1.18169365567e-09	6.12136227814e-09
     3	4.40476047017e-09	1.05182808854e-09	5.45658855871e-09
     4	7.85005308955e-09	1.8836756836e-09	9.73372877314e-09
     5	6.63349303267e-09	1.58768602407e-09	8.22117905674e-09
     6	5.84737669342e-09	1.3969705319e-09	7.24434722532e-09
     7	1.11665657459e-08	2.67997093682e-09	1.38465366828e-08
     8	9.36823554416e-09	2.2430813291e-09	1.16113168733e-08
     9	8.21014079598e-09	1.9620541462e-09	1.01721949422e-08

Measurement: t_ro14
  step	t_ro14	FROM	TO
     1	6.07247425268e-09	1.46673066624e-09	7.53920491891e-09
     2	5.14811921202e-09	1.24141566192e-09	6.38953487394e-09
     3	4.56287309924e-09	1.09892441333e-09	5.66179751257e-09
     4	8.40392392519e-09	2.03137075179e-09	1.0435294677e-08
     5	7.01060383324e-09	1.69238319044e-09	8.70298702368e-09
     6	6.12392193722e-09	1.47673137232e-09	7.60065330954e-09
     7	1.20826481974e-08	2.92194909201e-09	1.50045972894e-08
     8	1.00026784401e-08	2.41588394754e-09	1.24185623876e-08
     9	8.68365309014e-09	2.09540518248e-09	1.07790582726e-08

Measurement: t_ro15
  step	t_ro15	FROM	TO
     1	6.02597302839e-09	1.44277533124e-09	7.46874835963e-09
     2	5.12000539223e-09	1.22522796298e-09	6.34523335522e-09
     3	4.52596538797e-09	1.08242668302e-09	5.60839207099e-09
     4	8.37045910918e-09	2.00398615554e-09	1.03744452647e-08
     5	6.96579428861e-09	1.6662915082e-09	8.63208579681e-09
     6	6.0799930227e-09	1.453639148e-09	7.5336321707e-09
     7	1.20422996023e-08	2.88258022521e-09	1.49248798275e-08
     8	9.9390386219e-09	2.37723046948e-09	1.23162690914e-08
     9	8.61869062426e-09	2.06025814168e-09	1.06789487659e-08

Measurement: t_ro16
  step	t_ro16	FROM	TO
     1	5.86409983948e-09	1.40104205525e-09	7.26514189473e-09
     2	5.01907370679e-09	1.19765929436e-09	6.21673300115e-09
     3	4.46863021505e-09	1.06551946174e-09	5.53414967678e-09
     4	8.01861326469e-09	1.91555837719e-09	9.93417164188e-09
     5	6.75533081953e-09	1.61176173785e-09	8.36709255738e-09
     6	5.93901230303e-09	1.41602937574e-09	7.35504167877e-09
     7	1.14259656613e-08	2.7286085054e-09	1.41545741667e-08
     8	9.55744446949e-09	2.27968548136e-09	1.18371299508e-08
     9	8.35354372559e-09	1.99108561475e-09	1.03446293403e-08

Measurement: t_ro17
  step	t_ro17	FROM	TO
     1	5.89175426854e-09	1.41639851818e-09	7.30815278672e-09
     2	5.02948891502e-09	1.20851667982e-09	6.23800559483e-09
     3	4.47772340766e-09	1.0748412028e-09	5.55256461045e-09
     4	8.11354281768e-09	1.95192264766e-09	1.00654654653e-08
     5	6.81541667617e-09	1.63875256479e-09	8.45416924096e-09
     6	5.98113693789e-09	1.43790323085e-09	7.41904016874e-09
     7	1.16166082994e-08	2.79602356825e-09	1.44126318677e-08
     8	9.68616833391e-09	2.33057814463e-09	1.20167464785e-08
     9	8.44861781489e-09	2.03295632315e-09	1.0481574138e-08

Measurement: t_ro18
  step	t_ro18	FROM	TO
     1	5.44000833778e-09	1.30241273796e-09	6.74242107574e-09
     2	4.73062207572e-09	1.13155823831e-09	5.86218031403e-09
     3	4.25827033341e-09	1.01813655248e-09	5.27640688589e-09
     4	7.30543192597e-09	1.74941619151e-09	9.05484811748e-09
     5	6.26372454331e-09	1.49817676249e-09	7.7619013058e-09
     6	5.57512881569e-09	1.33297481732e-09	6.90810363301e-09
     7	1.02507314538e-08	2.45424813127e-09	1.27049795851e-08
     8	8.73425549538e-09	2.0887300253e-09	1.08229855207e-08
     9	7.73405935245e-09	1.84863839797e-09	9.58269775042e-09

Measurement: t_ro19
  step	t_ro19	FROM	TO
     1	6.08000333691e-09	1.47210354449e-09	7.5521068814e-09
     2	5.16697072472e-09	1.24483076077e-09	6.41180148549e-09
     3	4.57561538468e-09	1.099886408e-09	5.67550179267e-09
     4	8.43872878861e-09	2.04602610615e-09	1.04847548948e-08
     5	7.04405444411e-09	1.70085824757e-09	8.74491269168e-09
     6	6.15267679363e-09	1.48180269371e-09	7.63447948733e-09
     7	1.21470442873e-08	2.9463758223e-09	1.50934201096e-08
     8	1.00623215196e-08	2.43169880452e-09	1.24940203242e-08
     9	8.7337250032e-09	2.10585516021e-09	1.08395801634e-08

Measurement: t_ro20
  step	t_ro20	FROM	TO
     1	5.70306052414e-09	1.36654386864e-09	7.06960439277e-09
     2	4.90983775864e-09	1.17541595806e-09	6.0852537167e-09
     3	4.38520170055e-09	1.04943818204e-09	5.43463988259e-09
     4	7.76931464882e-09	1.86216906582e-09	9.63148371463e-09
     5	6.58096125036e-09	1.57610366307e-09	8.15706491343e-09
     6	5.80784041107e-09	1.39043041808e-09	7.19827082916e-09
     7	1.10311366777e-08	2.64394422754e-09	1.36750809052e-08
     8	9.27918080472e-09	2.10644962299e-09	1.13856304277e-08
     9	8.14161454933e-09	1.94963791697e-09	1.00912524663e-08

Measurement: t_ro21
  step	t_ro21	FROM	TO
     1	6.08176672907e-09	1.46556733721e-09	7.54733406628e-09
     2	5.1733848319e-09	1.2441547214e-09	6.4175395533e-09
     3	4.57835244644e-09	1.09988776265e-09	5.67824020909e-09
     4	8.4648046631e-09	2.04171754728e-09	1.05065222104e-08
     5	7.05501770196e-09	1.69809905262e-09	8.75311675458e-09
     6	6.15734880479e-09	1.48032085021e-09	7.637669655e-09
     7	1.21905968495e-08	2.940721933e-09	1.51313187825e-08
     8	1.00821633626e-08	2.42773245216e-09	1.25098958148e-08
     9	8.74291179363e-09	2.10285158493e-09	1.08457633786e-08

Measurement: t_ro22
  step	t_ro22	FROM	TO
     1	5.85765938819e-09	1.4084473211e-09	7.26610670929e-09
     2	5.01219986751e-09	1.20356022562e-09	6.21576009313e-09
     3	4.46528378723e-09	1.07129141747e-09	5.5365752047e-09
     4	8.03532102521e-09	1.93401938664e-09	9.96934041185e-09
     5	6.76987365499e-09	1.62728712459e-09	8.39716077957e-09
     6	5.95118692677e-09	1.42905757568e-09	7.38024450245e-09
     7	1.14706807636e-08	2.76255335129e-09	1.42332341149e-08
     8	9.59544931336e-09	2.308121975e-09	1.19035712884e-08
     9	8.38590473862e-09	2.01584993529e-09	1.04017546739e-08

Measurement: t_ro23
  step	t_ro23	FROM	TO
     1	5.91998397738e-09	1.42303262628e-09	7.34301660366e-09
     2	5.03644291357e-09	1.20975567128e-09	6.24619858485e-09
     3	4.47597364344e-09	1.07345979055e-09	5.54943343399e-09
     4	8.18381932075e-09	1.97152262744e-09	1.01553419482e-08
     5	6.85224670678e-09	1.6485452989e-09	8.50079200568e-09
     6	6.00297367214e-09	1.44226868745e-09	7.44524235959e-09
     7	1.17414875803e-08	2.8314855447e-09	1.4572973125e-08
     8	9.75486417819e-09	2.34992355166e-09	1.21047877298e-08
     9	8.49175629571e-09	2.04341241367e-09	1.05351687094e-08

Measurement: t_ro24
  step	t_ro24	FROM	TO
     1	5.72053374816e-09	1.37046117016e-09	7.09099491832e-09
     2	4.9201886521e-09	1.17645142699e-09	6.09664007909e-09
     3	4.39631416357e-09	1.05027824077e-09	5.44659240434e-09
     4	7.79980664201e-09	1.8691756103e-09	9.6689822523e-09
     5	6.60783567105e-09	1.58062207263e-09	8.18845774369e-09
     6	5.83051146433e-09	1.39318395483e-09	7.22369541916e-09
     7	1.10835216664e-08	2.65593249655e-09	1.37394541629e-08
     8	9.32607219197e-09	2.23103821498e-09	1.15571104069e-08
     9	8.18236517906e-09	1.95524149787e-09	1.01376066769e-08

Measurement: t_ro25
  step	t_ro25	FROM	TO
     1	6.28319609657e-09	1.51116732638e-09	7.79436342295e-09
     2	5.28000049848e-09	1.26848070883e-09	6.54848120732e-09
     3	4.65989596869e-09	1.11728035139e-09	5.77717632008e-09
     4	8.79181916476e-09	2.11635372731e-09	1.09081728921e-08
     5	7.26540654004e-09	1.74565521689e-09	9.01106175693e-09
     6	6.30762960612e-09	1.51393241672e-09	7.82156202283e-09
     7	1.27297577656e-08	3.06574377032e-09	1.5795501536e-08
     8	1.04346161398e-08	2.5084777257e-09	1.29430938655e-08
     9	8.99821982845e-09	2.16119929579e-09	1.11594191242e-08

Measurement: t_ro26
  step	t_ro26	FROM	TO
     1	6.08000093567e-09	1.46668207708e-09	7.54668301275e-09
     2	5.15548381683e-09	1.24259197748e-09	6.39807579431e-09
     3	4.56813708329e-09	1.0999306211e-09	5.66806770439e-09
     4	8.43878587238e-09	2.03833974918e-09	1.04771256216e-08
     5	7.03994302721e-09	1.69810689746e-09	8.73804992467e-09
     6	6.14762254775e-09	1.48185976935e-09	7.6294823171e-09
     7	1.21609531469e-08	2.93905256881e-09	1.51000057157e-08
     8	1.00676366851e-08	2.4304654765e-09	1.24981021616e-08
     9	8.73579595534e-09	2.10723867363e-09	1.0843034629e-08

Measurement: t_ro27
  step	t_ro27	FROM	TO
     1	6.20355781265e-09	1.48784968742e-09	7.69140750007e-09
     2	5.22941693672e-09	1.25372635731e-09	6.48314329403e-09
     3	4.62064458454e-09	1.10732427075e-09	5.72796885529e-09
     4	8.64049984915e-09	2.07323951539e-09	1.07137393645e-08
     5	7.15216381872e-09	1.71484728116e-09	8.86701109988e-09
     6	6.21949821019e-09	1.49046250615e-09	7.70996071634e-09
     7	1.24700438227e-08	2.99145216317e-09	1.54614959858e-08
     8	1.02383215805e-08	2.45507518961e-09	1.26933967701e-08
     9	8.84391914746e-09	2.11975042001e-09	1.09636695675e-08

Measurement: t_ro28
  step	t_ro28	FROM	TO
     1	6.08001510132e-09	1.4561593451e-09	7.53617444642e-09
     2	5.14279569737e-09	1.2310699513e-09	6.37386564867e-09
     3	4.5546117182e-09	1.08990348535e-09	5.64451520355e-09
     4	8.48002145226e-09	2.03184692104e-09	1.05118683733e-08
     5	7.03999511534e-09	1.6851194603e-09	8.72511457564e-09
     6	6.13815944685e-09	1.46874261224e-09	7.60690205909e-09
     7	1.22243238519e-08	2.92854443485e-09	1.51528682867e-08
     8	1.0065777194e-08	2.40913961211e-09	1.24749168061e-08
     9	8.71567293226e-09	2.08519331205e-09	1.08008662443e-08

Measurement: t_ro29
  step	t_ro29	FROM	TO
     1	5.76000461905e-09	1.37725012059e-09	7.13725473964e-09
     2	4.94972311404e-09	1.18164055725e-09	6.13136367129e-09
     3	4.41305936312e-09	1.05339660955e-09	5.46645597267e-09
     4	7.84818110818e-09	1.87735874789e-09	9.72553985607e-09
     5	6.64365070121e-09	1.58678318505e-09	8.23043388626e-09
     6	5.85891479542e-09	1.39830027549e-09	7.2572150709e-09
     7	1.11597996367e-08	2.66870530449e-09	1.38285049412e-08
     8	9.38083624875e-09	2.24012581631e-09	1.16209620651e-08
     9	8.22528456162e-09	1.96263791702e-09	1.01879224786e-08

Measurement: t_ro30
  step	t_ro30	FROM	TO
     1	6.13793948892e-09	1.46822853418e-09	7.60616802309e-09
     2	5.20075388282e-09	1.24238753322e-09	6.44314141603e-09
     3	4.60163477512e-09	1.09834968171e-09	5.69998445683e-09
     4	8.55197812135e-09	2.04528283129e-09	1.05972609526e-08
     5	7.1189325035e-09	1.69985928828e-09	8.81879179178e-09
     6	6.20702290719e-09	1.48114665461e-09	7.6881695618e-09
     7	1.23437345993e-08	2.95059345934e-09	1.52943280587e-08
     8	1.01962540754e-08	2.43386618102e-09	1.26301202565e-08
     9	8.83341137816e-09	2.10707713164e-09	1.09404885098e-08

Measurement: t_ro31
  step	t_ro31	FROM	TO
     1	6.37885825387e-09	1.54442964847e-09	7.92328790235e-09
     2	5.32480817539e-09	1.28762673328e-09	6.61243490867e-09
     3	4.6673654001e-09	1.12764527714e-09	5.79501067724e-09
     4	9.04580748126e-09	2.1938109352e-09	1.12396184165e-08
     5	7.38170855106e-09	1.787450078e-09	9.16915862906e-09
     6	6.36938472668e-09	1.54075696975e-09	7.91014169643e-09
     7	1.31972436529e-08	3.20417857556e-09	1.64014222285e-08
     8	1.06678922551e-08	2.58616757875e-09	1.32540598339e-08
     9	9.13405330974e-09	2.21223525427e-09	1.1346288564e-08

Measurement: t_ro32
  step	t_ro32	FROM	TO
     1	6.09330192838e-09	1.45954081663e-09	7.55284274501e-09
     2	5.14503524459e-09	1.23142288599e-09	6.37645813058e-09
     3	4.55321904459e-09	1.08886404015e-09	5.64208308474e-09
     4	8.51311592685e-09	2.03990701895e-09	1.05530229458e-08
     5	7.04905740609e-09	1.68739453452e-09	8.73645194061e-09
     6	6.13776526148e-09	1.46789175965e-09	7.60565702113e-09
     7	1.22839918959e-08	2.9432240319e-09	1.52272159278e-08
     8	1.00831977698e-08	2.41383096126e-09	1.24970287311e-08
     9	8.7187469007e-09	2.08531794387e-09	1.08040648446e-08

Measurement: t_ro33
  step	t_ro33	FROM	TO
     1	5.88018346373e-09	1.41031222302e-09	7.29049568675e-09
     2	5.01427217166e-09	1.20081387552e-09	6.21508604719e-09
     3	4.46374478505e-09	1.0673983203e-09	5.53114310535e-09
     4	8.09106776377e-09	1.94090838578e-09	1.00319761496e-08
     5	6.78729073306e-09	1.62590941224e-09	8.4132001453e-09
     6	5.9529694195e-09	1.42434312361e-09	7.37731254311e-09
     7	1.15727039942e-08	2.77601746142e-09	1.43487214556e-08
     8	9.6351675423e-09	2.30859086458e-09	1.19437584069e-08
     9	8.40061533562e-09	2.01045418888e-09	1.04110695245e-08

Measurement: t_ro34
  step	t_ro34	FROM	TO
     1	6.05562029744e-09	1.45485361864e-09	7.51047391608e-09
     2	5.13444439397e-09	1.23205011215e-09	6.36649450612e-09
     3	4.54675159138e-09	1.09009560796e-09	5.63684719935e-09
     4	8.39836024711e-09	2.0185298764e-09	1.04168901235e-08
     5	7.000543227e-09	1.68055828233e-09	8.68110150933e-09
     6	6.1118295419e-09	1.46592475216e-09	7.57775429405e-09
     7	1.20911724279e-08	2.90657986608e-09	1.49977522939e-08
     8	1.00006014533e-08	2.40132999525e-09	1.24019314485e-08
     9	8.67527767884e-09	2.08136743368e-09	1.07566451125e-08

Measurement: t_ro35
  step	t_ro35	FROM	TO
     1	5.7720473841e-09	1.38057615597e-09	7.15262354007e-09
     2	4.96000072367e-09	1.18524456777e-09	6.14524529144e-09
     3	4.4171848811e-09	1.05469852556e-09	5.47188340666e-09
     4	7.9018062578e-09	1.88986346119e-09	9.79166971898e-09
     5	6.6687867648e-09	1.59307632309e-09	8.26186308789e-09
     6	5.87194971233e-09	1.40176820014e-09	7.27371791247e-09
     7	1.12548204934e-08	2.69110074856e-09	1.39459212419e-08
     8	9.42972627945e-09	2.2522344029e-09	1.16819606823e-08
     9	8.25344115226e-09	1.96992189254e-09	1.02233630448e-08

Measurement: t_ro36
  step	t_ro36	FROM	TO
     1	5.94492852677e-09	1.42698604651e-09	7.37191457329e-09
     2	5.06650377972e-09	1.21472823943e-09	6.28123201915e-09
     3	4.49110466413e-09	1.07638014951e-09	5.56748481363e-09
     4	8.2378283635e-09	1.97774152223e-09	1.02155698857e-08
     5	6.89485266532e-09	1.65365482008e-09	8.5485074854e-09
     6	6.03788233506e-09	1.44673582357e-09	7.48461815863e-09
     7	1.18357076959e-08	2.84159302655e-09	1.46773007224e-08
     8	9.83059307945e-09	2.35787222356e-09	1.2188465303e-08
     9	8.55327187219e-09	2.04982390822e-09	1.06030957804e-08

Measurement: t_ro37
  step	t_ro37	FROM	TO
     1	6.00761990075e-09	1.44083256573e-09	7.44845246648e-09
     2	5.11773248553e-09	1.22415986139e-09	6.34189234691e-09
     3	4.53007308056e-09	1.08407758886e-09	5.61415066943e-09
     4	8.31661915701e-09	1.99556959249e-09	1.03121887495e-08
     5	6.94932732229e-09	1.66427769453e-09	8.61360501682e-09
     6	6.07825433403e-09	1.45472819969e-09	7.53298253372e-09
     7	1.19450081033e-08	2.86522353373e-09	1.48102316371e-08
     8	9.90533635732e-09	2.37188754193e-09	1.22772238992e-08
     9	8.60902038688e-09	2.06003638811e-09	1.0669056775e-08

Measurement: t_ro38
  step	t_ro38	FROM	TO
     1	5.84637479272e-09	1.40183552837e-09	7.24821032109e-09
     2	4.99973414019e-09	1.19697513522e-09	6.19670927541e-09
     3	4.45667608318e-09	1.06634610845e-09	5.52302219163e-09
     4	8.02678947448e-09	1.92494965064e-09	9.95173912513e-09
     5	6.76115760398e-09	1.61927922118e-09	8.38043682516e-09
     6	5.9427609503e-09	1.42220003296e-09	7.36496098326e-09
     7	1.14665528751e-08	2.74967979275e-09	1.42162326679e-08
     8	9.59021838381e-09	2.29673878809e-09	1.18869571719e-08
     9	8.37952357601e-09	2.00530128521e-09	1.03848248612e-08

Measurement: t_ro39
  step	t_ro39	FROM	TO
     1	5.98351038809e-09	1.42317794686e-09	7.40668833495e-09
     2	5.10132569697e-09	1.2144403056e-09	6.31576600258e-09
     3	4.52462418191e-09	1.07761027364e-09	5.60223445555e-09
     4	8.25609344402e-09	1.96231527227e-09	1.02184087163e-08
     5	6.9161200266e-09	1.64540679769e-09	8.56152682429e-09
     6	6.05658420607e-09	1.44146562348e-09	7.49804982955e-09
     7	1.18371280409e-08	2.81218999262e-09	1.46493180335e-08
     8	9.84108166227e-09	2.33971890919e-09	1.21808005715e-08
     9	8.56490416598e-09	2.03723904625e-09	1.06021432122e-08

Measurement: t_ro40
  step	t_ro40	FROM	TO
     1	6.08000470668e-09	1.45268181574e-09	7.53268652242e-09
     2	5.15151422896e-09	1.22927595909e-09	6.38079018805e-09
     3	4.56408874355e-09	1.08889732933e-09	5.65298607288e-09
     4	8.44231397141e-09	2.01664674701e-09	1.04589607184e-08
     5	7.03760305085e-09	1.67894581829e-09	8.71654886914e-09
     6	6.14261910813e-09	1.46516967525e-09	7.60778878338e-09
     7	1.21635994548e-08	2.90446711942e-09	1.50680665743e-08
     8	1.00593358046e-08	2.39996788513e-09	1.24593036898e-08
     9	8.72543215898e-09	2.08055758891e-09	1.08059897479e-08

Measurement: t_ro41
  step	t_ro41	FROM	TO
     1	6.21397772563e-09	1.49212230052e-09	7.70610002615e-09
     2	5.24872262826e-09	1.25908519128e-09	6.50780781954e-09
     3	4.63992016452e-09	1.11092295371e-09	5.75084311822e-09
     4	8.67885148831e-09	2.08453783452e-09	1.07633893228e-08
     5	7.20210725502e-09	1.7279567779e-09	8.93006403292e-09
     6	6.26655913992e-09	1.50272405454e-09	7.76928319446e-09
     7	1.25611223464e-08	3.0171156073e-09	1.55782379537e-08
     8	1.03436652813e-08	2.4822744269e-09	1.28259397082e-08
     9	8.94121624476e-09	2.14447849889e-09	1.10856947436e-08

Measurement: t_ro42
  step	t_ro42	FROM	TO
     1	5.89256036327e-09	1.41557516748e-09	7.30813553075e-09
     2	5.02970421225e-09	1.20646106801e-09	6.23616528026e-09
     3	4.48000206194e-09	1.0732826329e-09	5.55328469483e-09
     4	8.11716530381e-09	1.9510361192e-09	1.0068201423e-08
     5	6.82242525147e-09	1.63743009129e-09	8.45985534276e-09
     6	5.98811746484e-09	1.43544617634e-09	7.42356364118e-09
     7	1.16298503424e-08	2.79576732396e-09	1.44256176664e-08
     8	9.70267855207e-09	2.32935036882e-09	1.20320289209e-08
     9	8.46430885721e-09	2.02981064336e-09	1.04941195006e-08

Measurement: t_ro43
  step	t_ro43	FROM	TO
     1	5.57171585056e-09	1.33597207546e-09	6.90768792602e-09
     2	4.79999842335e-09	1.14941629319e-09	5.94941471654e-09
     3	4.29539583412e-09	1.02806898122e-09	5.32346481534e-09
     4	7.5777136858e-09	1.81726852869e-09	9.39498221448e-09
     5	6.41399841214e-09	1.5366856185e-09	7.95068403064e-09
     6	5.67014890329e-09	1.35764695577e-09	7.02779585905e-09
     7	1.07211409544e-08	2.57134203362e-09	1.3292482988e-08
     8	9.0063284321e-09	2.15834153254e-09	1.11646699646e-08
     9	7.91270533071e-09	1.89504714654e-09	9.80775247725e-09

Measurement: t_ro44
  step	t_ro44	FROM	TO
     1	6.07997897499e-09	1.45873723404e-09	7.53871620903e-09
     2	5.12001058439e-09	1.22827961365e-09	6.34829019804e-09
     3	4.53710900471e-09	1.08743516709e-09	5.6245441718e-09
     4	8.48809958734e-09	2.03921622351e-09	1.05273158109e-08
     5	7.02715057612e-09	1.68638975216e-09	8.71354032828e-09
     6	6.11885661356e-09	1.46717668451e-09	7.58603329807e-09
     7	1.22546237978e-08	2.94448380038e-09	1.51991075981e-08
     8	1.00565155731e-08	2.41372060424e-09	1.24702361774e-08
     9	8.69531432246e-09	2.08549791453e-09	1.0780812237e-08

Measurement: t_ro45
  step	t_ro45	FROM	TO
     1	6.06239185231e-09	1.4548921453e-09	7.51728399761e-09
     2	5.1379590903e-09	1.23090725006e-09	6.36886634036e-09
     3	4.55529057464e-09	1.09037933588e-09	5.64566991052e-09
     4	8.41399469872e-09	2.01955402038e-09	1.04335487191e-08
     5	7.01533479873e-09	1.68096234252e-09	8.69629714125e-09
     6	6.12778944214e-09	1.46693266772e-09	7.59472210986e-09
     7	1.21039668056e-08	2.90501246543e-09	1.5008979271e-08
     8	1.00152191809e-08	2.39972400315e-09	1.24149431841e-08
     9	8.69329648285e-09	2.08090164409e-09	1.07741981269e-08

Measurement: t_ro46
  step	t_ro46	FROM	TO
     1	6.19966998688e-09	1.48427467426e-09	7.68394466114e-09
     2	5.23700322782e-09	1.2522550084e-09	6.48925823622e-09
     3	4.62407244104e-09	1.10507861199e-09	5.72915105303e-09
     4	8.66015616802e-09	2.07274767706e-09	1.07329038451e-08
     5	7.1797665278e-09	1.71656902078e-09	8.89633554858e-09
     6	6.24617830983e-09	1.49274608494e-09	7.73892439476e-09
     7	1.25212546487e-08	2.99560553343e-09	1.55168601822e-08
     8	1.02992763276e-08	2.46154176209e-09	1.27608180897e-08
     9	8.90361111633e-09	2.12675319635e-09	1.10303643127e-08

Measurement: t_ro47
  step	t_ro47	FROM	TO
     1	5.7600443656e-09	1.38382163374e-09	7.14386599934e-09
     2	4.95584831494e-09	1.18783785391e-09	6.14368616885e-09
     3	4.40551130614e-09	1.05655729504e-09	5.46206860117e-09
     4	7.88139399881e-09	1.89229532319e-09	9.77368932201e-09
     5	6.64447031259e-09	1.59417159773e-09	8.23864191033e-09
     6	5.84864781591e-09	1.40305772303e-09	7.25170553894e-09
     7	1.12116396876e-08	2.69227973137e-09	1.3903919419e-08
     8	9.38417285944e-09	2.25191544581e-09	1.16360883052e-08
     9	8.21136864871e-09	1.97015552423e-09	1.01815241729e-08

Measurement: t_ro48
  step	t_ro48	FROM	TO
     1	5.63158671187e-09	1.35266233087e-09	6.98424904274e-09
     2	4.8572701976e-09	1.16615134998e-09	6.02342154758e-09
     3	4.34677559117e-09	1.04366631555e-09	5.39044190672e-09
     4	7.64432267356e-09	1.83684765195e-09	9.4811703255e-09
     5	6.48798250199e-09	1.55821547471e-09	8.0461979767e-09
     6	5.73725422663e-09	1.37755016211e-09	7.11480438875e-09
     7	1.08177196888e-08	2.59983455476e-09	1.34175542436e-08
     8	9.11835781585e-09	2.19003320012e-09	1.1308391016e-08
     9	8.01749948539e-09	1.92544979135e-09	9.94294927674e-09

Measurement: t_ro49
  step	t_ro49	FROM	TO
     1	5.72759416891e-09	1.37082125053e-09	7.09841541944e-09
     2	4.92475550827e-09	1.17766981525e-09	6.10242532352e-09
     3	4.39710187913e-09	1.05114214004e-09	5.44824401917e-09
     4	7.80745980379e-09	1.86893224391e-09	9.6763920477e-09
     5	6.60688253049e-09	1.57995753844e-09	8.18684006893e-09
     6	5.82806592982e-09	1.39298870254e-09	7.22105463236e-09
     7	1.10809801219e-08	2.65236180475e-09	1.37333419267e-08
     8	9.31187022227e-09	2.22670051277e-09	1.1538570735e-08
     9	8.1666843321e-09	1.95192197469e-09	1.01186063068e-08

Measurement: t_ro50
  step	t_ro50	FROM	TO
     1	5.84629642757e-09	1.40740188068e-09	7.25369830824e-09
     2	4.99194214634e-09	1.20110301049e-09	6.19304515683e-09
     3	4.44858591791e-09	1.06981507116e-09	5.51840098907e-09
     4	8.04546846173e-09	1.9390966829e-09	9.98456514463e-09
     5	6.76002022793e-09	1.62828633536e-09	8.38830656328e-09
     6	5.93581803499e-09	1.42923446598e-09	7.36505250098e-09
     7	1.150361124e-08	2.77497658144e-09	1.42785878214e-08
     8	9.59243999405e-09	2.31259058163e-09	1.19050305757e-08
     9	8.37054431289e-09	2.01741512793e-09	1.03879594408e-08

Measurement: t_ro51
  step	t_ro51	FROM	TO
     1	6.37447769731e-09	1.52947532776e-09	7.90395302507e-09
     2	5.35245788465e-09	1.28189238839e-09	6.63435027304e-09
     3	4.70767807219e-09	1.12596879514e-09	5.83364686733e-09
     4	8.99194347365e-09	2.15784520142e-09	1.11497886751e-08
     5	7.4086226788e-09	1.77462452633e-09	9.18324720513e-09
     6	6.41519459676e-09	1.53470346029e-09	7.94989805705e-09
     7	1.31029230316e-08	3.14373430932e-09	1.62466573409e-08
     8	1.07076027072e-08	2.56462847077e-09	1.3272231178e-08
     9	9.20862079002e-09	2.20286481845e-09	1.14114856085e-08

Measurement: t_ro52
  step	t_ro52	FROM	TO
     1	5.98915015992e-09	1.43484164124e-09	7.42399180116e-09
     2	5.10799937055e-09	1.22234454947e-09	6.33034392001e-09
     3	4.52931055283e-09	1.08313754466e-09	5.61244809748e-09
     4	8.26873157672e-09	1.98118264687e-09	1.02499142236e-08
     5	6.92924416573e-09	1.65819938026e-09	8.58744354598e-09
     6	6.0681981623e-09	1.45107160286e-09	7.51926976516e-09
     7	1.18657460641e-08	2.84257317739e-09	1.47083192415e-08
     8	9.87155557524e-09	2.36209375756e-09	1.22336493328e-08
     9	8.5925318268e-09	2.05446517144e-09	1.06469969982e-08

Measurement: t_ro53
  step	t_ro53	FROM	TO
     1	6.07999954172e-09	1.45780573321e-09	7.53780527493e-09
     2	5.16229114239e-09	1.23492290014e-09	6.39721404253e-09
     3	4.57182105793e-09	1.09268823669e-09	5.66450929462e-09
     4	8.43917021166e-09	2.0228553072e-09	1.04620255189e-08
     5	7.03530116539e-09	1.68322550893e-09	8.71852667432e-09
     6	6.14037520268e-09	1.46783559644e-09	7.60821079912e-09
     7	1.2144353752e-08	2.91078293848e-09	1.50551366904e-08
     8	1.00447214702e-08	2.40357387591e-09	1.24482953461e-08
     9	8.71281706652e-09	2.08293203224e-09	1.07957490988e-08

Measurement: t_ro54
  step	t_ro54	FROM	TO
     1	5.95618684266e-09	1.42461751977e-09	7.38080436244e-09
     2	5.08333546637e-09	1.21448216158e-09	6.29781762795e-09
     3	4.51206076256e-09	1.07761589828e-09	5.58967666084e-09
     4	8.20782208735e-09	1.96227417623e-09	1.01700962636e-08
     5	6.88001566923e-09	1.64367903875e-09	8.52369470798e-09
     6	6.03159584747e-09	1.44003578284e-09	7.47163163031e-09
     7	1.17521378375e-08	2.80837359423e-09	1.45605114317e-08
     8	9.78381178653e-09	2.33602825961e-09	1.21198400461e-08
     9	8.52230795452e-09	2.0339715844e-09	1.05562795389e-08

Measurement: t_ro55
  step	t_ro55	FROM	TO
     1	6.09130255402e-09	1.47409018182e-09	7.56539273584e-09
     2	5.1713854771e-09	1.24931342925e-09	6.42069890635e-09
     3	4.57645662125e-09	1.10441378174e-09	5.68087040298e-09
     4	8.49613417338e-09	2.05699254935e-09	1.05531267227e-08
     5	7.07236105709e-09	1.70995399641e-09	8.78231505349e-09
     6	6.16748293772e-09	1.48986377472e-09	7.65734671244e-09
     7	1.22636574158e-08	2.97079343578e-09	1.52344508516e-08
     8	1.01279259228e-08	2.45031230284e-09	1.25782382257e-08
     9	8.77448894863e-09	2.121064842e-09	1.08955537906e-08

Measurement: t_ro56
  step	t_ro56	FROM	TO
     1	5.99244783107e-09	1.43269992858e-09	7.42514775965e-09
     2	5.11175315844e-09	1.22017855215e-09	6.33193171059e-09
     3	4.52439704065e-09	1.07966497051e-09	5.60406201116e-09
     4	8.29958405889e-09	1.98399154892e-09	1.02835756078e-08
     5	6.93971031565e-09	1.65653970461e-09	8.59625002026e-09
     6	6.07226471311e-09	1.44842832234e-09	7.52069303544e-09
     7	1.19259222711e-08	2.84973335224e-09	1.47756556234e-08
     8	9.89543058145e-09	2.36140431267e-09	1.22568348941e-08
     9	8.60362111165e-09	2.05163009476e-09	1.06552512064e-08

Measurement: t_ro57
  step	t_ro57	FROM	TO
     1	5.96862218872e-09	1.42912844158e-09	7.39775063029e-09
     2	5.09085548623e-09	1.21757444317e-09	6.3084299294e-09
     3	4.52136961085e-09	1.08105853264e-09	5.60242814349e-09
     4	8.21823093525e-09	1.9678452401e-09	1.01860761754e-08
     5	6.89262324769e-09	1.64841743932e-09	8.54104068701e-09
     6	6.04036741693e-09	1.44402928424e-09	7.48439670117e-09
     7	1.17669862624e-08	2.81624437362e-09	1.4583230636e-08
     8	9.79721115248e-09	2.34213027369e-09	1.21393414262e-08
     9	8.53412782972e-09	2.03948320567e-09	1.05736110354e-08

Measurement: t_ro58
  step	t_ro58	FROM	TO
     1	6.01576729694e-09	1.44171260493e-09	7.45747990187e-09
     2	5.11998045225e-09	1.22419093421e-09	6.34417138646e-09
     3	4.53705439311e-09	1.08419974885e-09	5.62125414196e-09
     4	8.31882712864e-09	1.99376049254e-09	1.03125876212e-08
     5	6.95185659586e-09	1.66350996912e-09	8.61536656498e-09
     6	6.08087834172e-09	1.45351906714e-09	7.53439740886e-09
     7	1.1933485581e-08	2.85979507871e-09	1.47932806597e-08
     8	9.89815329884e-09	2.36860615776e-09	1.22667594566e-08
     9	8.60402048849e-09	2.05663394123e-09	1.06606544297e-08

Measurement: t_ro59
  step	t_ro59	FROM	TO
     1	6.22001898181e-09	1.49681560048e-09	7.71683458229e-09
     2	5.26442552405e-09	1.26373847437e-09	6.52816399842e-09
     3	4.64000357617e-09	1.11109700293e-09	5.7511005791e-09
     4	8.65975489151e-09	2.08663809124e-09	1.07463929828e-08
     5	7.18207323399e-09	1.72519029172e-09	8.90726352571e-09
     6	6.24878447541e-09	1.49855408897e-09	7.74733856438e-09
     7	1.24965783019e-08	3.01274136818e-09	1.550931967e-08
     8	1.02823068776e-08	2.47123674886e-09	1.27535436265e-08
     9	8.88887764211e-09	2.13295867587e-09	1.1021836318e-08

Measurement: t_ro60
  step	t_ro60	FROM	TO
     1	5.79946010142e-09	1.39039250786e-09	7.18985260928e-09
     2	4.95999993535e-09	1.18691727661e-09	6.14691721196e-09
     3	4.43057418866e-09	1.05922387538e-09	5.48979806404e-09
     4	7.91138344412e-09	1.89738017834e-09	9.80876362246e-09
     5	6.67473080178e-09	1.59761827332e-09	8.2723490751e-09
     6	5.87546436832e-09	1.4047760959e-09	7.28024046422e-09
     7	1.12481237905e-08	2.69735631991e-09	1.39454801104e-08
     8	9.42381869041e-09	2.25560193923e-09	1.16794206296e-08
     9	8.24776503977e-09	1.97198372192e-09	1.02197487617e-08

Measurement: t_ro61
  step	t_ro61	FROM	TO
     1	5.82987924797e-09	1.38743119724e-09	7.21731044522e-09
     2	4.99473574828e-09	1.18938920183e-09	6.18412495011e-09
     3	4.45257060726e-09	1.06061353307e-09	5.51318414033e-09
     4	7.99872831678e-09	1.90185343163e-09	9.90058174841e-09
     5	6.74105699094e-09	1.60392275418e-09	8.34497974512e-09
     6	5.92883289189e-09	1.41107347021e-09	7.3399063621e-09
     7	1.14114885944e-08	2.71145723781e-09	1.41229458322e-08
     8	9.54721217063e-09	2.26993220222e-09	1.18171443728e-08
     9	8.34645201322e-09	1.98512981989e-09	1.03315818331e-08

Measurement: t_ro62
  step	t_ro62	FROM	TO
     1	6.14247192556e-09	1.46527547792e-09	7.60774740348e-09
     2	5.20133103099e-09	1.24056058248e-09	6.44189161347e-09
     3	4.59542380616e-09	1.09581704926e-09	5.69124085542e-09
     4	8.53767589889e-09	2.03374498962e-09	1.05714208885e-08
     5	7.09925822929e-09	1.69161601063e-09	8.79087423992e-09
     6	6.18763336173e-09	1.47441848123e-09	7.66205184296e-09
     7	1.23161189837e-08	2.93002465559e-09	1.52461436392e-08
     8	1.01597298579e-08	2.41853514395e-09	1.25782650018e-08
     9	8.79787653806e-09	2.09492901905e-09	1.08928055571e-08

Measurement: t_ro63
  step	t_ro63	FROM	TO
     1	5.99769177403e-09	1.43437724975e-09	7.43206902378e-09
     2	5.12000118765e-09	1.22221673869e-09	6.34221792634e-09
     3	4.53452862751e-09	1.08199576788e-09	5.61652439539e-09
     4	8.29149420293e-09	1.98305018139e-09	1.02745443843e-08
     5	6.94252035295e-09	1.65769721375e-09	8.6002175667e-09
     6	6.07736817126e-09	1.45011072093e-09	7.52747889219e-09
     7	1.19066553098e-08	2.8467166751e-09	1.47533719849e-08
     8	9.89468400697e-09	2.3620927713e-09	1.22567767783e-08
     9	8.60771786034e-09	2.05310148596e-09	1.06608193463e-08

Measurement: t_ro64
  step	t_ro64	FROM	TO
     1	6.43156368227e-09	1.54806558016e-09	7.97962926243e-09
     2	5.39325715351e-09	1.29623013454e-09	6.68948728804e-09
     3	4.73902270524e-09	1.1381317247e-09	5.87715442994e-09
     4	9.10674038869e-09	2.19346915197e-09	1.13002095407e-08
     5	7.48131396925e-09	1.79943787515e-09	9.2807518444e-09
     6	6.46679983104e-09	1.5540390423e-09	8.02083887335e-09
     7	1.32952150982e-08	3.20336530695e-09	1.64985804052e-08
     8	1.08306167801e-08	2.60628240021e-09	1.34368991803e-08
     9	9.29702800369e-09	2.23544829309e-09	1.15324762968e-08

Measurement: t_ro65
  step	t_ro65	FROM	TO
     1	6.2078777298e-09	1.48841063906e-09	7.69628836886e-09
     2	5.23107906829e-09	1.25122538576e-09	6.48230445405e-09
     3	4.62455854316e-09	1.10484315448e-09	5.72940169764e-09
     4	8.71442041996e-09	2.08975354619e-09	1.08041739661e-08
     5	7.20066688583e-09	1.72294446977e-09	8.92361135559e-09
     6	6.25569777611e-09	1.49445270119e-09	7.7501504773e-09
     7	1.26334035958e-08	3.02883743418e-09	1.566224103e-08
     8	1.03472533775e-08	2.47575033296e-09	1.28230037104e-08
     9	8.92604540542e-09	2.13242893435e-09	1.10584743398e-08

Measurement: t_ro66
  step	t_ro66	FROM	TO
     1	6.22181584121e-09	1.48750243511e-09	7.70931827633e-09
     2	5.24867844769e-09	1.25347235585e-09	6.50215080354e-09
     3	4.62870096529e-09	1.10434912266e-09	5.73305008795e-09
     4	8.69428250981e-09	2.07819092998e-09	1.07724734398e-08
     5	7.19771923159e-09	1.71809989165e-09	8.91581912324e-09
     6	6.25390235244e-09	1.49177657542e-09	7.74567892786e-09
     7	1.25667844006e-08	3.00246621249e-09	1.55692506131e-08
     8	1.03147475696e-08	2.46126385656e-09	1.27760114261e-08
     9	8.90652320991e-09	2.1235932065e-09	1.10301164164e-08

Measurement: t_ro67
  step	t_ro67	FROM	TO
     1	5.45547702283e-09	1.30783902173e-09	6.76331604456e-09
     2	4.7434084822e-09	1.13565548983e-09	5.87906397203e-09
     3	4.2609337942e-09	1.01929331914e-09	5.28022711334e-09
     4	7.36580711634e-09	1.76679131506e-09	9.13259843141e-09
     5	6.30262575372e-09	1.50983038644e-09	7.81245614016e-09
     6	5.60151105826e-09	1.34095886968e-09	6.94246992794e-09
     7	1.03715727403e-08	2.4882688872e-09	1.28598416275e-08
     8	8.81609919012e-09	2.1124992723e-09	1.09285984624e-08
     9	7.79409604091e-09	1.865927952e-09	9.66002399292e-09

Measurement: t_ro68
  step	t_ro68	FROM	TO
     1	5.92674985286e-09	1.42329384268e-09	7.35004369553e-09
     2	5.06117692135e-09	1.21374617593e-09	6.27492309728e-09
     3	4.49293055585e-09	1.07601720401e-09	5.56894775987e-09
     4	8.17674342133e-09	1.96478512898e-09	1.01415285503e-08
     5	6.85598888926e-09	1.64518756221e-09	8.50117645147e-09
     6	6.01019426388e-09	1.4404643073e-09	7.45065857118e-09
     7	1.1706299972e-08	2.81357313338e-09	1.45198731053e-08
     8	9.74388711314e-09	2.33910417983e-09	1.2082991293e-08
     9	8.49023296134e-09	2.035941705e-09	1.05261746663e-08

Measurement: t_ro69
  step	t_ro69	FROM	TO
     1	5.85100278571e-09	1.40167199038e-09	7.25267477609e-09
     2	4.99988201801e-09	1.19562469128e-09	6.19550670929e-09
     3	4.45909853691e-09	1.06576371682e-09	5.52486225373e-09
     4	8.00266644205e-09	1.91791317924e-09	9.92057962129e-09
     5	6.73981683975e-09	1.61218132193e-09	8.35199816167e-09
     6	5.92688843147e-09	1.41650139135e-09	7.34338982282e-09
     7	1.14002650104e-08	2.73152962212e-09	1.41317946326e-08
     8	9.53495926868e-09	2.28092164347e-09	1.18158809121e-08
     9	8.33706555612e-09	1.99232446374e-09	1.03293900199e-08

Measurement: t_ro70
  step	t_ro70	FROM	TO
     1	6.28265935463e-09	1.51197976749e-09	7.79463912212e-09
     2	5.28000006328e-09	1.26963260646e-09	6.54963266973e-09
     3	4.66391393922e-09	1.12031602374e-09	5.78422996296e-09
     4	8.81185318119e-09	2.1217700009e-09	1.09336231821e-08
     5	7.28236335729e-09	1.7519206979e-09	9.03428405518e-09
     6	6.32088692432e-09	1.51935160802e-09	7.84023853234e-09
     7	1.27790043481e-08	3.07769581495e-09	1.5856700163e-08
     8	1.04749585739e-08	2.52074086321e-09	1.29956994371e-08
     9	9.0307734522e-09	2.17178610141e-09	1.12025595536e-08

Measurement: t_ro71
  step	t_ro71	FROM	TO
     1	5.97183688052e-09	1.43477533942e-09	7.40661221994e-09
     2	5.09184020458e-09	1.2214070942e-09	6.31324729878e-09
     3	4.51003711369e-09	1.08132250858e-09	5.59135962227e-09
     4	8.26976831749e-09	1.98776323827e-09	1.02575315558e-08
     5	6.91701732064e-09	1.66107862069e-09	8.57809594133e-09
     6	6.05345199171e-09	1.45258860361e-09	7.50604059532e-09
     7	1.18798269218e-08	2.85598866063e-09	1.47358155824e-08
     8	9.86098842527e-09	2.36876770783e-09	1.22297561331e-08
     9	8.57525093392e-09	2.05883003865e-09	1.06340809726e-08

Measurement: t_ro72
  step	t_ro72	FROM	TO
     1	5.93782560635e-09	1.42216180621e-09	7.35998741256e-09
     2	5.06669101658e-09	1.21135771759e-09	6.27804873418e-09
     3	4.50385374099e-09	1.07626962659e-09	5.58012336758e-09
     4	8.1891533573e-09	1.96142131867e-09	1.0150574676e-08
     5	6.87504895757e-09	1.64391832582e-09	8.51896728339e-09
     6	6.02735855685e-09	1.44013520671e-09	7.46749376356e-09
     7	1.17324362862e-08	2.80948383718e-09	1.45419201234e-08
     8	9.77615898141e-09	2.33752169536e-09	1.21136806768e-08
     9	8.52077768027e-09	2.03555422953e-09	1.05563319098e-08

Measurement: t_ro73
  step	t_ro73	FROM	TO
     1	6.26617354318e-09	1.50606383816e-09	7.77223738133e-09
     2	5.26514591388e-09	1.26436807933e-09	6.52951399321e-09
     3	4.64000485194e-09	1.11221466152e-09	5.75221951346e-09
     4	8.84890208237e-09	2.12802200638e-09	1.09769240888e-08
     5	7.27197809262e-09	1.7464329177e-09	9.01841101032e-09
     6	6.2995985988e-09	1.51189775425e-09	7.81149635305e-09
     7	1.28612805122e-08	3.09387174435e-09	1.59551522565e-08
     8	1.0474491163e-08	2.51627778705e-09	1.299076895e-08
     9	9.00793395382e-09	2.16287182075e-09	1.11708057746e-08

Measurement: t_ro74
  step	t_ro74	FROM	TO
     1	6.42883693196e-09	1.54471478329e-09	7.97355171525e-09
     2	5.3899365458e-09	1.29373192096e-09	6.68366846675e-09
     3	4.73144355606e-09	1.134677375e-09	5.86612093106e-09
     4	9.05659541093e-09	2.17705928733e-09	1.12336546983e-08
     5	7.4404736093e-09	1.78677994598e-09	9.22725355527e-09
     6	6.4342887685e-09	1.54389594057e-09	7.97818470907e-09
     7	1.31785162903e-08	3.16837939399e-09	1.63468956843e-08
     8	1.07406556316e-08	2.57995200265e-09	1.33206076343e-08
     9	9.22684234748e-09	2.21465792102e-09	1.14415002685e-08

Measurement: t_ro75
  step	t_ro75	FROM	TO
     1	6.08000126814e-09	1.458873721e-09	7.53887498914e-09
     2	5.15160155227e-09	1.23567121168e-09	6.38727276395e-09
     3	4.56173790758e-09	1.09331599718e-09	5.65505390476e-09
     4	8.45575283422e-09	2.03082219221e-09	1.04865750264e-08
     5	7.04188492241e-09	1.69007612914e-09	8.73196105155e-09
     6	6.14557506693e-09	1.47346771181e-09	7.61904277874e-09
     7	1.21968970116e-08	2.92938457236e-09	1.5126281584e-08
     8	1.0079769246e-08	2.41840530111e-09	1.24981745471e-08
     9	8.73702196457e-09	2.09510318608e-09	1.08321251507e-08

Measurement: t_ro76
  step	t_ro76	FROM	TO
     1	6.36471480021e-09	1.52689099793e-09	7.89160579814e-09
     2	5.3396898925e-09	1.27856938596e-09	6.61825927846e-09
     3	4.69327444194e-09	1.12315119156e-09	5.8164256335e-09
     4	8.98903935402e-09	2.15680113285e-09	1.11458404869e-08
     5	7.39088000408e-09	1.77025605541e-09	9.16113605949e-09
     6	6.39746528037e-09	1.53027090283e-09	7.9277361832e-09
     7	1.30922769076e-08	3.14059632815e-09	1.62328732358e-08
     8	1.06733390689e-08	2.55621339349e-09	1.32295524624e-08
     9	9.17259102003e-09	2.19463252466e-09	1.13672235447e-08

Measurement: t_ro77
  step	t_ro77	FROM	TO
     1	5.29869335873e-09	1.2751835281e-09	6.57387688683e-09
     2	4.63787681011e-09	1.11401237006e-09	5.75188918017e-09
     3	4.17917704899e-09	1.00438757931e-09	5.18356462829e-09
     4	7.09142549125e-09	1.70760903876e-09	8.79903453001e-09
     5	6.10429328904e-09	1.46914618584e-09	7.57343947488e-09
     6	5.45071009969e-09	1.31108814717e-09	6.76179824686e-09
     7	9.91311692556e-09	2.38852875736e-09	1.23016456829e-08
     8	8.48004172677e-09	2.04240934788e-09	1.05224510747e-08
     9	7.53368663746e-09	1.81361432038e-09	9.34730095784e-09

Measurement: t_ro78
  step	t_ro78	FROM	TO
     1	6.24000004798e-09	1.49589016962e-09	7.7358902176e-09
     2	5.27147882226e-09	1.26332761748e-09	6.53480643974e-09
     3	4.6400669469e-09	1.11274720633e-09	5.75281415323e-09
     4	8.72279638942e-09	2.09240294049e-09	1.08151993299e-08
     5	7.23117063205e-09	1.73292575833e-09	8.96409639039e-09
     6	6.28709996141e-09	1.50572283844e-09	7.79282279984e-09
     7	1.26221438098e-08	3.02763107951e-09	1.56497748893e-08
     8	1.03824931645e-08	2.48814438039e-09	1.28706375449e-08
     9	8.96849416535e-09	2.14793449227e-09	1.11164286576e-08

Measurement: t_ro79
  step	t_ro79	FROM	TO
     1	5.94963179211e-09	1.42994942868e-09	7.37958122079e-09
     2	5.07008949816e-09	1.21767186326e-09	6.28776136142e-09
     3	4.49407883509e-09	1.07910862435e-09	5.57318745943e-09
     4	8.22673539111e-09	1.97877691585e-09	1.0205512307e-08
     5	6.88419849768e-09	1.65438443184e-09	8.53858292952e-09
     6	6.02787781582e-09	1.44768631032e-09	7.47556412614e-09
     7	1.18027514198e-08	2.8397210307e-09	1.46424724505e-08
     8	9.80080844989e-09	2.35566596024e-09	1.21564744101e-08
     9	8.52749824419e-09	2.04845446058e-09	1.05759527048e-08

Measurement: t_ro80
  step	t_ro80	FROM	TO
     1	6.23998061662e-09	1.48671998714e-09	7.72670060375e-09
     2	5.26224215133e-09	1.25427622556e-09	6.51651837689e-09
     3	4.64000015615e-09	1.10673610992e-09	5.74673626607e-09
     4	8.68855892345e-09	2.0712243447e-09	1.07597832682e-08
     5	7.2131925704e-09	1.71857429308e-09	8.93176686348e-09
     6	6.27585613836e-09	1.49500458635e-09	7.77086072471e-09
     7	1.25704578005e-08	2.99467314112e-09	1.55651309416e-08
     8	1.03545583544e-08	2.46594598794e-09	1.28205043424e-08
     9	8.95119533598e-09	2.13129562514e-09	1.10824909611e-08

Measurement: t_ro81
  step	t_ro81	FROM	TO
     1	5.93028103455e-09	1.42810936561e-09	7.35839040016e-09
     2	5.06730158807e-09	1.21857476457e-09	6.28587635265e-09
     3	4.49471999507e-09	1.0802346846e-09	5.57495467968e-09
     4	8.22424673327e-09	1.98085464785e-09	1.02051013811e-08
     5	6.88549229951e-09	1.65677991716e-09	8.54227221667e-09
     6	6.03025507499e-09	1.4504926905e-09	7.48074776549e-09
     7	1.1809806448e-08	2.84574852207e-09	1.46555549701e-08
     8	9.81229215578e-09	2.36276781616e-09	1.21750599719e-08
     9	8.53886509465e-09	2.05522920863e-09	1.05940943033e-08

Measurement: t_ro82
  step	t_ro82	FROM	TO
     1	6.19717936981e-09	1.48935263727e-09	7.68653200708e-09
     2	5.24250104886e-09	1.25612789796e-09	6.49862894682e-09
     3	4.63999965237e-09	1.10900607625e-09	5.74900572862e-09
     4	8.63997118493e-09	2.07823579052e-09	1.07182069755e-08
     5	7.17548856456e-09	1.72130008628e-09	8.89678865084e-09
     6	6.24726049578e-09	1.49542335701e-09	7.7426838528e-09
     7	1.2480376148e-08	3.00313065715e-09	1.54835068052e-08
     8	1.02863959255e-08	2.4687089796e-09	1.27551049051e-08
     9	8.89815958761e-09	2.13148739104e-09	1.10296469786e-08

Measurement: t_ro83
  step	t_ro83	FROM	TO
     1	5.65232020685e-09	1.35176680574e-09	7.00408701259e-09
     2	4.86423134591e-09	1.16224644898e-09	6.02647779489e-09
     3	4.3529506778e-09	1.03955497285e-09	5.39250565065e-09
     4	7.7085013241e-09	1.84305900318e-09	9.55156032728e-09
     5	6.52961458754e-09	1.55982317722e-09	8.08943776476e-09
     6	5.76776192188e-09	1.37706214103e-09	7.14482406291e-09
     7	1.09394002067e-08	2.61453542715e-09	1.35539356338e-08
     8	9.2007392386e-09	2.19711274224e-09	1.13978519808e-08
     9	8.08092275118e-09	1.92869973682e-09	1.0009622488e-08

Measurement: t_ro84
  step	t_ro84	FROM	TO
     1	6.35342761907e-09	1.52414634192e-09	7.87757396099e-09
     2	5.34045938051e-09	1.27834432522e-09	6.61880370573e-09
     3	4.69692746128e-09	1.12267177706e-09	5.81959923834e-09
     4	8.96265446948e-09	2.15022626276e-09	1.11128807322e-08
     5	7.38901094628e-09	1.76903769976e-09	9.15804864604e-09
     6	6.40028484723e-09	1.53108137341e-09	7.93136622064e-09
     7	1.30527775822e-08	3.13041029609e-09	1.61831878783e-08
     8	1.06717995674e-08	2.55473570205e-09	1.32265352694e-08
     9	9.18255594534e-09	2.19545483004e-09	1.13780107754e-08

Measurement: t_ro85
  step	t_ro85	FROM	TO
     1	6.03360025531e-09	1.45173236191e-09	7.48533261722e-09
     2	5.11997668015e-09	1.23024361984e-09	6.35022029999e-09
     3	4.54501406314e-09	1.09096445911e-09	5.63597852225e-09
     4	8.33233016412e-09	2.0069618565e-09	1.03392920206e-08
     5	6.95985446381e-09	1.67405071256e-09	8.63390517637e-09
     6	6.0839861666e-09	1.46218191299e-09	7.54616807959e-09
     7	1.19523239949e-08	2.87992125953e-09	1.48322452545e-08
     8	9.90809215948e-09	2.38453031921e-09	1.22926224787e-08
     9	8.60825905751e-09	2.07016442577e-09	1.06784234833e-08

Measurement: t_ro86
  step	t_ro86	FROM	TO
     1	6.47355580971e-09	1.55600446173e-09	8.02956027144e-09
     2	5.40935358105e-09	1.29884508525e-09	6.7081986663e-09
     3	4.73875669451e-09	1.13670632035e-09	5.87546301486e-09
     4	9.18201663451e-09	2.20791751398e-09	1.13899341485e-08
     5	7.50595388778e-09	1.80262293766e-09	9.30857682545e-09
     6	6.473554634e-09	1.55332664988e-09	8.02688128387e-09
     7	1.34129422937e-08	3.2257175448e-09	1.66386598385e-08
     8	1.08684713124e-08	2.61064682679e-09	1.34791181392e-08
     9	9.3065935103e-09	2.23349687425e-09	1.15400903846e-08

Measurement: t_ro87
  step	t_ro87	FROM	TO
     1	5.72833284764e-09	1.37360099156e-09	7.1019338392e-09
     2	4.92510258767e-09	1.17934701165e-09	6.10444959932e-09
     3	4.39503012807e-09	1.05182487063e-09	5.44685499869e-09
     4	7.81771687855e-09	1.87540112305e-09	9.6931180016e-09
     5	6.61110976838e-09	1.5836368658e-09	8.19474663418e-09
     6	5.83087194629e-09	1.39557677466e-09	7.22644872095e-09
     7	1.11058675099e-08	2.66433902072e-09	1.37702065306e-08
     8	9.3267153223e-09	2.23439090588e-09	1.15611062282e-08
     9	8.17891772647e-09	1.95762245032e-09	1.01365401768e-08

Measurement: t_ro88
  step	t_ro88	FROM	TO
     1	6.51068869764e-09	1.56948667816e-09	8.0801753758e-09
     2	5.43999577473e-09	1.30867725511e-09	6.74867302984e-09
     3	4.77175167922e-09	1.14654584164e-09	5.91829752086e-09
     4	9.22502531335e-09	2.22593349348e-09	1.14509588068e-08
     5	7.55503790608e-09	1.81919667504e-09	9.37423458112e-09
     6	6.51766613343e-09	1.56770109684e-09	8.08536723027e-09
     7	1.34767451311e-08	3.25324701371e-09	1.67299921448e-08
     8	1.09434145759e-08	2.63664077634e-09	1.35800553522e-08
     9	9.37383040145e-09	2.25621439815e-09	1.16300447996e-08

Measurement: t_ro89
  step	t_ro89	FROM	TO
     1	5.91628895212e-09	1.41826075113e-09	7.33454970325e-09
     2	5.0319759942e-09	1.2049774001e-09	6.2369533943e-09
     3	4.47549682544e-09	1.07162255267e-09	5.54711937811e-09
     4	8.17424748605e-09	1.95862052409e-09	1.01328680101e-08
     5	6.84493709476e-09	1.63878237428e-09	8.48371946904e-09
     6	5.99695087455e-09	1.43531831609e-09	7.43226919064e-09
     7	1.1729928941e-08	2.80991711092e-09	1.45398460519e-08
     8	9.74536468719e-09	2.33275782883e-09	1.2078122516e-08
     9	8.48330050469e-09	2.02989068574e-09	1.05131911904e-08

Measurement: t_ro90
  step	t_ro90	FROM	TO
     1	6.01526761123e-09	1.44340838288e-09	7.4586759941e-09
     2	5.12000652855e-09	1.22528371731e-09	6.34529024586e-09
     3	4.53548576024e-09	1.08541861527e-09	5.62090437552e-09
     4	8.3266823685e-09	1.99819763736e-09	1.03248800059e-08
     5	6.95873140172e-09	1.66751509746e-09	8.62624649918e-09
     6	6.08437505364e-09	1.45691909071e-09	7.54129414435e-09
     7	1.19655331294e-08	2.87155408764e-09	1.48370872171e-08
     8	9.92387982867e-09	2.37814598582e-09	1.23020258145e-08
     9	8.62508773183e-09	2.06476583696e-09	1.06898535688e-08

Measurement: t_ro91
  step	t_ro91	FROM	TO
     1	5.94266977506e-09	1.42813554942e-09	7.37080532447e-09
     2	5.06163999709e-09	1.21383729212e-09	6.27547728921e-09
     3	4.49230763734e-09	1.0760953196e-09	5.56840295694e-09
     4	8.22164565102e-09	1.97713688387e-09	1.01987825349e-08
     5	6.87996075777e-09	1.6510672984e-09	8.53102805617e-09
     6	6.02547180662e-09	1.44382687433e-09	7.46929868095e-09
     7	1.17872232546e-08	2.83536179081e-09	1.46225850454e-08
     8	9.78810883607e-09	2.35014822217e-09	1.21382570582e-08
     9	8.51829514903e-09	2.04242984712e-09	1.05607249962e-08

Measurement: t_ro92
  step	t_ro92	FROM	TO
     1	6.68119994776e-09	1.60092771383e-09	8.28212766159e-09
     2	5.54287672631e-09	1.32565615605e-09	6.86853288236e-09
     3	4.8358124019e-09	1.1557287009e-09	5.99154110279e-09
     4	9.57759335963e-09	2.29486329476e-09	1.18724566544e-08
     5	7.77300172418e-09	1.85867087968e-09	9.63167260385e-09
     6	6.66970642487e-09	1.59341693823e-09	8.26312336309e-09
     7	1.41035559175e-08	3.37731216743e-09	1.74808680849e-08
     8	1.13405547939e-08	2.71058436586e-09	1.40511391598e-08
     9	9.65695443645e-09	2.30611290951e-09	1.1963067346e-08

Measurement: t_ro93
  step	t_ro93	FROM	TO
     1	6.46518463891e-09	1.54933785286e-09	8.01452249178e-09
     2	5.41656848258e-09	1.29515756538e-09	6.71172604796e-09
     3	4.75225984009e-09	1.135076021e-09	5.88733586108e-09
     4	9.14526753061e-09	2.19167372543e-09	1.1336941256e-08
     5	7.50919354816e-09	1.79576230935e-09	9.30495585751e-09
     6	6.48717060179e-09	1.5493674565e-09	8.03653805829e-09
     7	1.33546157555e-08	3.19893714517e-09	1.65535529007e-08
     8	1.08732319216e-08	2.59914651933e-09	1.34723784409e-08
     9	9.32839350112e-09	2.2272169631e-09	1.15556104642e-08

Measurement: t_ro94
  step	t_ro94	FROM	TO
     1	5.9760471849e-09	1.43645888426e-09	7.41250606916e-09
     2	5.09970777439e-09	1.22332628164e-09	6.32303405604e-09
     3	4.52526296113e-09	1.08418988708e-09	5.60945284821e-09
     4	8.2562382734e-09	1.98533466829e-09	1.02415729417e-08
     5	6.92322102955e-09	1.66219139686e-09	8.58541242641e-09
     6	6.06538605757e-09	1.45424699467e-09	7.51963305224e-09
     7	1.18458331778e-08	2.84885712147e-09	1.46946902993e-08
     8	9.86153617504e-09	2.36829862059e-09	1.22298347956e-08
     9	8.58668249268e-09	2.05978657038e-09	1.06464690631e-08

Measurement: t_ro95
  step	t_ro95	FROM	TO
     1	6.06775166482e-09	1.45677781117e-09	7.52452947599e-09
     2	5.14822433986e-09	1.23350680751e-09	6.38173114737e-09
     3	4.56495616449e-09	1.0916628657e-09	5.65661903019e-09
     4	8.40584479071e-09	2.01971454311e-09	1.04255593338e-08
     5	7.01848719617e-09	1.68239988941e-09	8.70088708557e-09
     6	6.1323410557e-09	1.46736657242e-09	7.59970762811e-09
     7	1.20978622587e-08	2.90693160968e-09	1.50047938684e-08
     8	1.00244632909e-08	2.403458368e-09	1.24279216589e-08
     9	8.70439504694e-09	2.08330348799e-09	1.07876985349e-08

Measurement: t_ro96
  step	t_ro96	FROM	TO
     1	6.33215295157e-09	1.53002312189e-09	7.86217607346e-09
     2	5.30238568916e-09	1.27886078464e-09	6.5812464738e-09
     3	4.65882960537e-09	1.12209030157e-09	5.78091990695e-09
     4	8.95984422911e-09	2.16635366635e-09	1.11261978955e-08
     5	7.33972013287e-09	1.77220558486e-09	9.11192571773e-09
     6	6.34480395822e-09	1.53022767115e-09	7.87503162937e-09
     7	1.30438445654e-08	3.15610913059e-09	1.6199953696e-08
     8	1.0586988146e-08	2.55788485582e-09	1.31448730019e-08
     9	9.08395969248e-09	2.19273551482e-09	1.12766952073e-08

Measurement: t_ro97
  step	t_ro97	FROM	TO
     1	6.16234892082e-09	1.48131463072e-09	7.64366355154e-09
     2	5.20503757167e-09	1.24990711035e-09	6.45494468203e-09
     3	4.59629710622e-09	1.10301648059e-09	5.69931358681e-09
     4	8.60745821316e-09	2.07017992693e-09	1.06776381401e-08
     5	7.13072370739e-09	1.71316953579e-09	8.84389324318e-09
     6	6.20363540128e-09	1.48952038975e-09	7.69315579103e-09
     7	1.24451977843e-08	2.99379656069e-09	1.54389943449e-08
     8	1.02233777317e-08	2.45679367698e-09	1.26801714087e-08
     9	8.83300810398e-09	2.12132368475e-09	1.09543317887e-08

Measurement: t_ro98
  step	t_ro98	FROM	TO
     1	5.8234920965e-09	1.39419287622e-09	7.21768497272e-09
     2	4.98654514399e-09	1.19229101768e-09	6.17883616167e-09
     3	4.449290105e-09	1.06276886181e-09	5.51205896681e-09
     4	7.99046145229e-09	1.91312901913e-09	9.90359047142e-09
     5	6.73742719667e-09	1.61073772236e-09	8.34816491903e-09
     6	5.92627331592e-09	1.41541253167e-09	7.34168584759e-09
     7	1.14049965942e-08	2.7301906336e-09	1.41351872278e-08
     8	9.54811607026e-09	2.2825456442e-09	1.18306617145e-08
     9	8.3494864726e-09	1.99409614163e-09	1.03435826142e-08

Measurement: t_ro99
  step	t_ro99	FROM	TO
     1	5.84953748965e-09	1.40021454781e-09	7.24975203747e-09
     2	5.00277431282e-09	1.196309552e-09	6.19908386482e-09
     3	4.452205673e-09	1.06393042861e-09	5.51613610161e-09
     4	8.03469820894e-09	1.92348362863e-09	9.95818183757e-09
     5	6.75713873749e-09	1.61585792439e-09	8.37299666189e-09
     6	5.93557228435e-09	1.41833980809e-09	7.35391209244e-09
     7	1.14801500429e-08	2.74785492203e-09	1.42280049649e-08
     8	9.58418342609e-09	2.29167692771e-09	1.18758603538e-08
     9	8.36798445678e-09	1.99945265093e-09	1.03674371077e-08

Measurement: t_ro100
  step	t_ro100	FROM	TO
     1	5.74816745312e-09	1.3747433554e-09	7.12291080853e-09
     2	4.93834685121e-09	1.17947030601e-09	6.11781715721e-09
     3	4.40633068719e-09	1.05203936491e-09	5.4583700521e-09
     4	7.82232068335e-09	1.87025942043e-09	9.69258010379e-09
     5	6.61646194827e-09	1.58001757667e-09	8.19647952495e-09
     6	5.83388004453e-09	1.39240041478e-09	7.22628045931e-09
     7	1.10994135012e-08	2.65266849151e-09	1.37520819927e-08
     8	9.32413710382e-09	2.22575298782e-09	1.15498900916e-08
     9	8.17468996397e-09	1.95022382859e-09	1.01249137926e-08

Measurement: t_ro101
  step	t_ro101	FROM	TO
     1	6.11960833405e-09	1.46632019428e-09	7.58592852833e-09
     2	5.16109862286e-09	1.23420981359e-09	6.39530843644e-09
     3	4.56000888947e-09	1.08947124538e-09	5.64948013485e-09
     4	8.56410974185e-09	2.05245940843e-09	1.06165691503e-08
     5	7.07622057186e-09	1.69288075314e-09	8.769101325e-09
     6	6.15622527052e-09	1.47111471356e-09	7.62733998408e-09
     7	1.23591834328e-08	2.961631347e-09	1.53208147798e-08
     8	1.01226917217e-08	2.42197924565e-09	1.25446709673e-08
     9	8.74495296209e-09	2.0900541129e-09	1.0835007075e-08

Measurement: t_ro102
  step	t_ro102	FROM	TO
     1	5.88858249745e-09	1.41228116716e-09	7.30086366461e-09
     2	5.01745019244e-09	1.20197973247e-09	6.21942992491e-09
     3	4.46610143979e-09	1.06907964878e-09	5.53518108857e-09
     4	8.13685761649e-09	1.95174154643e-09	1.00885991629e-08
     5	6.81256949353e-09	1.63232452305e-09	8.44489401658e-09
     6	5.97098957798e-09	1.42946056445e-09	7.40045014244e-09
     7	1.16561353197e-08	2.7955595394e-09	1.44516948591e-08
     8	9.68212379041e-09	2.31988333172e-09	1.20020071221e-08
     9	8.43159984487e-09	2.0185824887e-09	1.04501823336e-08

Measurement: t_ro103
  step	t_ro103	FROM	TO
     1	5.65993146952e-09	1.35369297101e-09	7.01362444053e-09
     2	4.8816420733e-09	1.16629139085e-09	6.04793346415e-09
     3	4.36833496871e-09	1.04330131834e-09	5.41163628705e-09
     4	7.68136907633e-09	1.83715464016e-09	9.51852371649e-09
     5	6.52765669925e-09	1.55919883267e-09	8.08685553192e-09
     6	5.7717014551e-09	1.37806508922e-09	7.14976654432e-09
     7	1.08791695082e-08	2.60042996143e-09	1.34795994697e-08
     8	9.1830209438e-09	2.19262363155e-09	1.13756445754e-08
     9	8.07497534952e-09	1.92720862199e-09	1.00021839715e-08

Measurement: t_ro104
  step	t_ro104	FROM	TO
     1	5.558358476e-09	1.34025395315e-09	6.89861242915e-09
     2	4.81177814966e-09	1.15872813688e-09	5.97050628655e-09
     3	4.31635408862e-09	1.03903482264e-09	5.35538891126e-09
     4	7.50148591512e-09	1.81051261785e-09	9.31199853296e-09
     5	6.39990555025e-09	1.5421036448e-09	7.94200919505e-09
     6	5.67291593744e-09	1.36652913433e-09	7.03944507177e-09
     7	1.05698582235e-08	2.55215277262e-09	1.31220109962e-08
     8	8.95648583795e-09	2.16024392276e-09	1.11167297607e-08
     9	7.89963672593e-09	1.90413993828e-09	9.80377666422e-09

Measurement: t_ro105
  step	t_ro105	FROM	TO
     1	5.62315491978e-09	1.35420174577e-09	6.97735666556e-09
     2	4.85717213548e-09	1.1681518566e-09	6.02532399207e-09
     3	4.34945036346e-09	1.04444055612e-09	5.39389091958e-09
     4	7.63699019828e-09	1.84259231362e-09	9.4795825119e-09
     5	6.49438510887e-09	1.56418429205e-09	8.05856940093e-09
     6	5.74703751733e-09	1.38255702034e-09	7.12959453767e-09
     7	1.08085728651e-08	2.61020773632e-09	1.34187806014e-08
     8	9.12926770014e-09	2.20102170874e-09	1.13302894089e-08
     9	8.03312236596e-09	1.935037525e-09	9.96815989096e-09

Measurement: t_ro106
  step	t_ro106	FROM	TO
     1	5.90107486959e-09	1.41761935682e-09	7.31869422641e-09
     2	5.03635985064e-09	1.20751135356e-09	6.2438712042e-09
     3	4.48664885511e-09	1.0739191076e-09	5.5605679627e-09
     4	8.10046096908e-09	1.94678026642e-09	1.00472412355e-08
     5	6.8141560194e-09	1.63488692242e-09	8.44904294182e-09
     6	5.98497553909e-09	1.43371707077e-09	7.41869260986e-09
     7	1.15726372066e-08	2.78173167034e-09	1.4354368877e-08
     8	9.66609379004e-09	2.31992419005e-09	1.19860179801e-08
     9	8.44069878907e-09	2.02318450709e-09	1.04638832962e-08

Measurement: t_ro107
  step	t_ro107	FROM	TO
     1	5.92000002146e-09	1.42554368851e-09	7.34554370997e-09
     2	5.04223785117e-09	1.21166820719e-09	6.25390605835e-09
     3	4.48202788358e-09	1.07527582443e-09	5.55730370801e-09
     4	8.13802130627e-09	1.96179123901e-09	1.00998125453e-08
     5	6.82891242447e-09	1.64280826171e-09	8.47172068618e-09
     6	5.9904052617e-09	1.43901666156e-09	7.42942192327e-09
     7	1.16340577299e-08	2.80627906901e-09	1.44403367989e-08
     8	9.69058698629e-09	2.33308146278e-09	1.20236684491e-08
     9	8.44899980856e-09	2.03168349658e-09	1.04806833051e-08

Measurement: t_ro108
  step	t_ro108	FROM	TO
     1	5.69078360599e-09	1.36590987757e-09	7.05669348355e-09
     2	4.89265595504e-09	1.17276625076e-09	6.0654222058e-09
     3	4.37505374634e-09	1.04793254276e-09	5.4229862891e-09
     4	7.78362270012e-09	1.8688324133e-09	9.65245511343e-09
     5	6.58895897838e-09	1.5799583963e-09	8.16891737468e-09
     6	5.81344656734e-09	1.39295067601e-09	7.20639724335e-09
     7	1.10740195597e-08	2.65918637468e-09	1.37332059343e-08
     8	9.30737825216e-09	2.23234854194e-09	1.15397267941e-08
     9	8.16347742982e-09	1.95640712606e-09	1.01198845559e-08

Measurement: t_ro109
  step	t_ro109	FROM	TO
     1	6.12901400468e-09	1.47884287704e-09	7.60785688172e-09
     2	5.18885001782e-09	1.24769307419e-09	6.436543092e-09
     3	4.58834207493e-09	1.10082835805e-09	5.68917043299e-09
     4	8.53681939233e-09	2.06185315231e-09	1.05986725446e-08
     5	7.09337910758e-09	1.7077229891e-09	8.80110209668e-09
     6	6.18267219886e-09	1.48526495543e-09	7.66793715428e-09
     7	1.23032407217e-08	2.97225325224e-09	1.52754939739e-08
     8	1.01425371217e-08	2.44358048109e-09	1.25861176028e-08
     9	8.78300498589e-09	2.11189835995e-09	1.08949033458e-08

Measurement: t_ro110
  step	t_ro110	FROM	TO
     1	5.78799531379e-09	1.39218917466e-09	7.18018448845e-09
     2	4.9600001014e-09	1.19212471064e-09	6.15212481204e-09
     3	4.42981552212e-09	1.06397903569e-09	5.49379455781e-09
     4	7.93411550579e-09	1.90968709741e-09	9.8438026032e-09
     5	6.69819533529e-09	1.61082753595e-09	8.30902287124e-09
     6	5.89655144327e-09	1.41728865835e-09	7.31384010162e-09
     7	1.13164320726e-08	2.72489132478e-09	1.40413233973e-08
     8	9.48618751833e-09	2.2824818911e-09	1.17686694094e-08
     9	8.30207398585e-09	1.99646078632e-09	1.02985347722e-08

Measurement: t_ro111
  step	t_ro111	FROM	TO
     1	5.76000368374e-09	1.3792069431e-09	7.13921062684e-09
     2	4.96000002255e-09	1.18569690517e-09	6.14569692772e-09
     3	4.41883259751e-09	1.05602661655e-09	5.47485921405e-09
     4	7.88728015759e-09	1.88948361385e-09	9.77676377144e-09
     5	6.6656999129e-09	1.59419151527e-09	8.25989142817e-09
     6	5.87386224121e-09	1.40380632361e-09	7.27766856482e-09
     7	1.12228702658e-08	2.68795101614e-09	1.39108212819e-08
     8	9.41697546917e-09	2.2519991682e-09	1.16689746374e-08
     9	8.24981935216e-09	1.97144059135e-09	1.02212599435e-08

Measurement: t_ro112
  step	t_ro112	FROM	TO
     1	5.984108062e-09	1.43509249061e-09	7.41920055261e-09
     2	5.09585532114e-09	1.22140955222e-09	6.31726487336e-09
     3	4.52150567517e-09	1.08385285721e-09	5.60535853238e-09
     4	8.26678204743e-09	1.98309596699e-09	1.02498780144e-08
     5	6.91838454171e-09	1.65849316504e-09	8.57687770674e-09
     6	6.0565297675e-09	1.45187247968e-09	7.50840224718e-09
     7	1.18496181134e-08	2.84238273961e-09	1.4692000853e-08
     8	9.84224329705e-09	2.35948998971e-09	1.22017332868e-08
     9	8.56260734439e-09	2.05270584562e-09	1.061531319e-08

Measurement: t_ro113
  step	t_ro113	FROM	TO
     1	5.80800229595e-09	1.3900406458e-09	7.19804294175e-09
     2	4.95999975045e-09	1.18642808733e-09	6.14642783778e-09
     3	4.42300780534e-09	1.05649329935e-09	5.47950110469e-09
     4	7.9994590108e-09	1.91395243873e-09	9.91341144953e-09
     5	6.71999518598e-09	1.6060068532e-09	8.32600203918e-09
     6	5.90293268128e-09	1.40972133075e-09	7.31265401202e-09
     7	1.14341291436e-08	2.73523487764e-09	1.41693640213e-08
     8	9.53054015222e-09	2.27722082546e-09	1.18077609777e-08
     9	8.31807264873e-09	1.98583548114e-09	1.03039081299e-08

Measurement: t_ro114
  step	t_ro114	FROM	TO
     1	6.23999932765e-09	1.49837559013e-09	7.73837491778e-09
     2	5.25208429565e-09	1.25953027887e-09	6.51161457452e-09
     3	4.63381108936e-09	1.10926381993e-09	5.7430749093e-09
     4	8.70488200021e-09	2.09327717009e-09	1.07981591703e-08
     5	7.20934682021e-09	1.7299259169e-09	8.93927273712e-09
     6	6.26745897179e-09	1.50158238741e-09	7.7690413592e-09
     7	1.2595549793e-08	3.02929113535e-09	1.56248409283e-08
     8	1.03490246651e-08	2.48412615617e-09	1.28331508213e-08
     9	8.93726756835e-09	2.14204167629e-09	1.10793092446e-08

Measurement: t_ro115
  step	t_ro115	FROM	TO
     1	5.83062472164e-09	1.40514207623e-09	7.23576679786e-09
     2	4.99602667293e-09	1.2012000671e-09	6.19722674002e-09
     3	4.45076277194e-09	1.06861119496e-09	5.5193739669e-09
     4	8.00415295717e-09	1.93164994107e-09	9.93580289824e-09
     5	6.74685714766e-09	1.62453196582e-09	8.37138911348e-09
     6	5.93312516262e-09	1.42640666533e-09	7.35953182795e-09
     7	1.14247150881e-08	2.75879169108e-09	1.41835067791e-08
     8	9.56117170986e-09	2.30427128799e-09	1.18654429979e-08
     9	8.35835347229e-09	2.01160257e-09	1.03699560423e-08

Measurement: t_ro116
  step	t_ro116	FROM	TO
     1	5.92000069791e-09	1.41589722536e-09	7.33589792328e-09
     2	5.05458364203e-09	1.20763186993e-09	6.26221551196e-09
     3	4.48799306539e-09	1.07220759192e-09	5.56020065731e-09
     4	8.16996914111e-09	1.95290221424e-09	1.01228713554e-08
     5	6.84076728983e-09	1.63369503489e-09	8.47446232472e-09
     6	5.99442997256e-09	1.43149165501e-09	7.42592162757e-09
     7	1.16880132141e-08	2.79219277355e-09	1.44802059876e-08
     8	9.70983418238e-09	2.3178543859e-09	1.20276885683e-08
     9	8.45525899131e-09	2.01799801938e-09	1.04732570107e-08

Measurement: t_ro117
  step	t_ro117	FROM	TO
     1	6.48880002791e-09	1.55553553929e-09	8.04433556719e-09
     2	5.42595640133e-09	1.29838594837e-09	6.7243423497e-09
     3	4.7538062626e-09	1.13622358818e-09	5.89002985078e-09
     4	9.19717448285e-09	2.20485202883e-09	1.14020265117e-08
     5	7.53070948834e-09	1.80248911165e-09	9.33319859999e-09
     6	6.49867316778e-09	1.55358105146e-09	8.05225421925e-09
     7	1.34359074283e-08	3.22015603155e-09	1.66560634598e-08
     8	1.09086353225e-08	2.61023757052e-09	1.3518872893e-08
     9	9.34624694622e-09	2.23382924163e-09	1.15800761878e-08

Measurement: t_ro118
  step	t_ro118	FROM	TO
     1	5.92989538278e-09	1.41940199741e-09	7.34929738019e-09
     2	5.05527143256e-09	1.20877111831e-09	6.26404255087e-09
     3	4.48001162717e-09	1.07192477178e-09	5.55193639895e-09
     4	8.19150910351e-09	1.96060496363e-09	1.01521140671e-08
     5	6.86087457431e-09	1.6405259335e-09	8.50140050781e-09
     6	6.00956849126e-09	1.43605973351e-09	7.44562822477e-09
     7	1.17452799802e-08	2.81058598502e-09	1.45558659652e-08
     8	9.75933226661e-09	2.33340814157e-09	1.20927404082e-08
     9	8.49542321851e-09	2.02983223669e-09	1.05252554552e-08

Measurement: t_ro119
  step	t_ro119	FROM	TO
     1	5.68280704007e-09	1.36087317533e-09	7.04368021539e-09
     2	4.88206423233e-09	1.16768893214e-09	6.04975316448e-09
     3	4.36354283208e-09	1.04318220255e-09	5.40672503462e-09
     4	7.77599017699e-09	1.86219397139e-09	9.63818414839e-09
     5	6.57134124886e-09	1.57210204119e-09	8.14344329005e-09
     6	5.79674305175e-09	1.38572341064e-09	7.18246646239e-09
     7	1.10575061157e-08	2.64764701336e-09	1.37051531291e-08
     8	9.27680552782e-09	2.21884530399e-09	1.14956508318e-08
     9	8.13414795556e-09	1.94432225804e-09	1.00784702136e-08

Measurement: t_ro120
  step	t_ro120	FROM	TO
     1	6.08000459862e-09	1.46843675599e-09	7.54844135461e-09
     2	5.14742541032e-09	1.23866734841e-09	6.38609275873e-09
     3	4.56452206125e-09	1.09644345203e-09	5.66096551327e-09
     4	8.43109356018e-09	2.04235068185e-09	1.0473444242e-08
     5	7.03465544537e-09	1.69711409575e-09	8.73176954112e-09
     6	6.14401198722e-09	1.47855170258e-09	7.62256368979e-09
     7	1.21412868907e-08	2.94240945862e-09	1.50836963493e-08
     8	1.00514492463e-08	2.42673717399e-09	1.24781864203e-08
     9	8.72303157185e-09	2.10170242467e-09	1.08247339965e-08

Measurement: t_ro121
  step	t_ro121	FROM	TO
     1	6.31302364199e-09	1.52351134897e-09	7.83653499096e-09
     2	5.30950936474e-09	1.2767311106e-09	6.58624047534e-09
     3	4.67488793488e-09	1.12293737151e-09	5.79782530639e-09
     4	8.83212931502e-09	2.1335870772e-09	1.09657163922e-08
     5	7.2850040509e-09	1.75438110065e-09	9.03938515155e-09
     6	6.31796632873e-09	1.51920420702e-09	7.83717053575e-09
     7	1.27867515481e-08	3.08893536937e-09	1.58756869175e-08
     8	1.04573338847e-08	2.51951235643e-09	1.29768462411e-08
     9	9.00719168451e-09	2.16727289601e-09	1.11744645805e-08

Measurement: t_ro122
  step	t_ro122	FROM	TO
     1	6.09553720249e-09	1.4623454751e-09	7.55788267759e-09
     2	5.16892322259e-09	1.23806930141e-09	6.406992524e-09
     3	4.57623823581e-09	1.09495052162e-09	5.67118875743e-09
     4	8.4841202536e-09	2.03589417491e-09	1.05200144285e-08
     5	7.06675448195e-09	1.69323072208e-09	8.75998520403e-09
     6	6.16584727126e-09	1.47584929987e-09	7.64169657113e-09
     7	1.22333495241e-08	2.93517250091e-09	1.5168522025e-08
     8	1.01106359478e-08	2.42248847442e-09	1.25331244222e-08
     9	8.76451043435e-09	2.09804181311e-09	1.08625522475e-08

Measurement: t_ro123
  step	t_ro123	FROM	TO
     1	5.74886200394e-09	1.38493028636e-09	7.1337922903e-09
     2	4.94164735394e-09	1.19007613956e-09	6.1317234935e-09
     3	4.40201050802e-09	1.0597225822e-09	5.46173309022e-09
     4	7.86426767015e-09	1.89727539001e-09	9.76154306015e-09
     5	6.64095420312e-09	1.60144700171e-09	8.24240120483e-09
     6	5.85051046829e-09	1.41016943832e-09	7.26067990661e-09
     7	1.12016047904e-08	2.70439616574e-09	1.39060009562e-08
     8	9.39089006976e-09	2.26617399058e-09	1.16570640603e-08
     9	8.22413851926e-09	1.98386841497e-09	1.02080069342e-08

Measurement: t_ro124
  step	t_ro124	FROM	TO
     1	6.02732063056e-09	1.44222984428e-09	7.46955047484e-09
     2	5.12002634321e-09	1.22450295469e-09	6.3445292979e-09
     3	4.53426936538e-09	1.08316748501e-09	5.61743685039e-09
     4	8.31530926933e-09	1.98993164192e-09	1.03052409112e-08
     5	6.93301573506e-09	1.65705895601e-09	8.59007469108e-09
     6	6.06147243443e-09	1.44785680346e-09	7.5093292379e-09
     7	1.19116328495e-08	2.84917850635e-09	1.47608113559e-08
     8	9.85798321588e-09	2.35564560669e-09	1.22136288226e-08
     9	8.56447880357e-09	2.0452467024e-09	1.0609725506e-08

Measurement: t_ro125
  step	t_ro125	FROM	TO
     1	6.02668353445e-09	1.44500497137e-09	7.47168850582e-09
     2	5.11999770177e-09	1.22463359612e-09	6.34463129789e-09
     3	4.54398581392e-09	1.08544079739e-09	5.62942661131e-09
     4	8.3441003621e-09	2.00178718586e-09	1.0345887548e-08
     5	6.9759209307e-09	1.66912505958e-09	8.64504599028e-09
     6	6.10018354462e-09	1.45756038442e-09	7.55774392905e-09
     7	1.19976903514e-08	2.87773655016e-09	1.48754269016e-08
     8	9.95451641865e-09	2.38172833705e-09	1.23362447557e-08
     9	8.65012868588e-09	2.06667797607e-09	1.07168066619e-08

Measurement: t_ro126
  step	t_ro126	FROM	TO
     1	6.45977650254e-09	1.5445655061e-09	8.00434200864e-09
     2	5.41782089392e-09	1.29388394938e-09	6.7117048433e-09
     3	4.7517023724e-09	1.1335744841e-09	5.8852768565e-09
     4	9.14656953363e-09	2.18606892163e-09	1.13326384553e-08
     5	7.51149299171e-09	1.79292128515e-09	9.30441427686e-09
     6	6.48976843168e-09	1.54800989582e-09	8.0377783275e-09
     7	1.33536092048e-08	3.18963312577e-09	1.65432423306e-08
     8	1.08734361164e-08	2.59448852698e-09	1.34679246434e-08
     9	9.32964535909e-09	2.22470266279e-09	1.15543480219e-08

Measurement: t_ro127
  step	t_ro127	FROM	TO
     1	6.0081615614e-09	1.43877769297e-09	7.44693925437e-09
     2	5.12000297968e-09	1.22453435776e-09	6.34453733745e-09
     3	4.54092146534e-09	1.08489246511e-09	5.62581393045e-09
     4	8.29510842535e-09	1.98626942084e-09	1.02813778462e-08
     5	6.95109640866e-09	1.66179732186e-09	8.61289373052e-09
     6	6.08615281315e-09	1.4538695653e-09	7.54002237844e-09
     7	1.19017854544e-08	2.84907466303e-09	1.47508601175e-08
     8	9.90161250713e-09	2.36665152285e-09	1.226826403e-08
     9	8.61756516194e-09	2.05803156741e-09	1.06755967294e-08

Measurement: freq_ro0
  step	{80/t_ro0}
     1	14038564452.5
     2	16326489652.5
     3	18265470004.3
     4	10295993107.1
     5	12171407418.6
     6	13791604030
     7	7257019124.58
     8	8641871011.46
     9	9850139925.51

Measurement: freq_ro1
  step	{80/t_ro1}
     1	13702913655.2
     2	16005742011
     3	17967681432.7
     4	9975334096.74
     5	11851889705.9
     6	13483932531.6
     7	6986585007.12
     8	8362904620.77
     9	9572470894.45

Measurement: freq_ro2
  step	{80/t_ro2}
     1	13157892658.5
     2	15489974058.6
     3	17485313074.7
     4	9497817404.36
     5	11373354161.1
     6	13019439759.8
     7	6605473751.45
     8	7968740927.08
     9	9178103041.39

Measurement: freq_ro3
  step	{80/t_ro3}
     1	13389808219
     2	15736108265.5
     3	17750692061.5
     4	9643643493.59
     5	11552476011.1
     6	13209058246.2
     7	6704532610.82
     8	8096594133.85
     9	9319205821.88

Measurement: freq_ro4
  step	{80/t_ro4}
     1	12664243241
     2	15058358804.7
     3	17109177967
     4	8986808473.18
     5	10898176283.8
     6	12576135173.5
     7	6175305172.2
     8	7551470975.01
     9	8773856431.29

Measurement: freq_ro5
  step	{80/t_ro5}
     1	12738989214.6
     2	15151514693
     3	17191636943.1
     4	9073295526.51
     5	10992944536.5
     6	12670197248.5
     7	6256936705.02
     8	7643325332.82
     9	8869426317.25

Measurement: freq_ro6
  step	{80/t_ro6}
     1	12875239853.3
     2	15218986575.5
     3	17241387014
     4	9223881003.98
     5	11113285396.1
     6	12771488525
     7	6376959666.76
     8	7744346800.3
     9	8957800982.19

Measurement: freq_ro7
  step	{80/t_ro7}
     1	12988639815.9
     2	15370534542.5
     3	17383222722
     4	9284717301.6
     5	11196590955
     6	12861848304.6
     7	6420816926.29
     8	7806422538.37
     9	9028877036.23

Measurement: freq_ro8
  step	{80/t_ro8}
     1	14153994492.5
     2	16437906308
     3	18382735516
     4	10358190706
     5	12233758137.7
     6	13857641715.2
     7	7289824459.76
     8	8672441401.64
     9	9880334351.91

Measurement: freq_ro9
  step	{80/t_ro9}
     1	14015103127.4
     2	16288310503.1
     3	18222112949.5
     4	10288043894
     5	12134555222.7
     6	13745551280.5
     7	7244535838.18
     8	8602322759.4
     9	9799517130.51

Measurement: freq_ro10
  step	{80/t_ro10}
     1	13013445882.1
     2	15342391964.6
     3	17355222122.6
     4	9373440600.18
     5	11252566528.9
     6	12901277979.3
     7	6507158446.67
     8	7871251993.74
     9	9081259446.13

Measurement: freq_ro11
  step	{80/t_ro11}
     1	13442464691.3
     2	15777788161.6
     3	17769803664.6
     4	9748722729.33
     5	11637937658.3
     6	13286394592.5
     7	6806697410.13
     8	8188061233.77
     9	9404999051.21

Measurement: freq_ro12
  step	{80/t_ro12}
     1	13513510404.5
     2	15804635953.9
     3	17794051290.8
     4	9782076926.65
     5	11662455752.2
     6	13303987125.6
     7	6828783042.76
     8	8202895718.39
     9	9415036440.85

Measurement: freq_ro13
  step	{80/t_ro13}
     1	13916315253.2
     2	16195418380.1
     3	18162168077.4
     4	10191013880.7
     5	12060011159.4
     6	13681348781.6
     7	7164243852.6
     8	8539494937.21
     9	9744047268.86

Measurement: freq_ro14
  step	{80/t_ro14}
     1	13174201597.4
     2	15539655688.9
     3	17532812826.5
     4	9519362706.29
     5	11411285233.5
     6	13063523803.9
     7	6621065075.54
     8	7997857821.71
     9	9212712572.64

Measurement: freq_ro15
  step	{80/t_ro15}
     1	13275864266.7
     2	15624983544.2
     3	17675786963.1
     4	9557420800.52
     5	11484691721.5
     6	13157909836.6
     7	6643249432.6
     8	8049068229.17
     9	9282152415.91

Measurement: freq_ro16
  step	{80/t_ro16}
     1	13642332530.1
     2	15939196089.5
     3	17902577781.1
     4	9976787426.86
     5	11842499225.8
     6	13470253287.6
     7	7001596396.46
     8	8370438379.78
     9	9576773957.02

Measurement: freq_ro17
  step	{80/t_ro17}
     1	13578298814.5
     2	15906188750.3
     3	17866221898.2
     4	9860057658.86
     5	11738093766.1
     6	13375383448.1
     7	6886691703.64
     8	8259199844.79
     9	9469004487.22

Measurement: freq_ro18
  step	{80/t_ro18}
     1	14705859813.6
     2	16911095141.3
     3	18786970703.2
     4	10950755658.4
     5	12771953722.9
     6	14349444227.2
     7	7804321121.91
     8	9159338199.16
     9	10343856486.5

Measurement: freq_ro19
  step	{80/t_ro19}
     1	13157887515.4
     2	15482959796.4
     3	17483987021.3
     4	9480100854.52
     5	11357095637.9
     6	13002470743
     7	6585964297.81
     8	7950451577.58
     9	9159894543.36

Measurement: freq_ro20
  step	{80/t_ro20}
     1	14027555846.8
     2	16293817419.8
     3	18243174536.3
     4	10296918533.5
     5	12156278840.8
     6	13774483170.6
     7	7252199146.61
     8	8621450716.78
     9	9826060852.58

Measurement: freq_ro21
  step	{80/t_ro21}
     1	13154072420.7
     2	15463763589.9
     3	17473534625.4
     4	9450897354.87
     5	11339447097
     6	12992604859
     7	6562435046.24
     8	7934804974.16
     9	9150269599.92

Measurement: freq_ro22
  step	{80/t_ro22}
     1	13657332169.4
     2	15961055447.6
     3	17915994550.8
     4	9956042795.18
     5	11817059531.2
     6	13442696555.2
     7	6974302715.67
     8	8337285455.58
     9	9539817407.13

Measurement: freq_ro23
  step	{80/t_ro23}
     1	13513550088.3
     2	15884226501.3
     3	17873206228
     4	9775386878
     5	11675002874.7
     6	13326728446.5
     7	6813446716.44
     8	8201036789.3
     9	9420901544.29

Measurement: freq_ro24
  step	{80/t_ro24}
     1	13984709036.2
     2	16259539147.1
     3	18197061680.2
     4	10256664513.9
     5	12106838605.3
     6	13720923196.8
     7	7217922462.55
     8	8578102158.47
     9	9777124126.01

Measurement: freq_ro25
  step	{80/t_ro25}
     1	12732373583.5
     2	15151513721.1
     3	17167765232.9
     4	9099368230.94
     5	11011083765.1
     6	12683052905.1
     7	6284487220.64
     8	7666788977.05
     9	8890647430.85

Measurement: freq_ro26
  step	{80/t_ro26}
     1	13157892711.9
     2	15517457302.2
     3	17512609306.9
     4	9480036726.83
     5	11363728327.2
     6	13013160677.7
     7	6578431726.01
     8	7946254170.86
     9	9157723052.26

Measurement: freq_ro27
  step	{80/t_ro27}
     1	12895825656.2
     2	15298072608.9
     3	17313601714.3
     4	9258723615.15
     5	11185426121.1
     6	12862774020.7
     7	6415374407.48
     8	7813780742.4
     9	9045763384.54

Measurement: freq_ro28
  step	{80/t_ro28}
     1	13157862055.7
     2	15555741411.4
     3	17564614713.6
     4	9433938398.67
     5	11363644248.2
     6	13033222856.6
     7	6544329238.11
     8	7947722114.03
     9	9178866694.72

Measurement: freq_ro29
  step	{80/t_ro29}
     1	13888877751.2
     2	16162520237.4
     3	18128013565.5
     4	10193444684.5
     5	12041572261.7
     6	13654405772
     7	7168587484.02
     8	8528024355.04
     9	9726107273.33

Measurement: freq_ro30
  step	{80/t_ro30}
     1	13033689912.5
     2	15382385285.4
     3	17385125919.3
     4	9354560882.27
     5	11237639907.5
     6	12888626511.6
     7	6481020744.26
     8	7846018685.69
     9	9056523756.81

Measurement: freq_ro31
  step	{80/t_ro31}
     1	12541429330.5
     2	15024015394.5
     3	17140290751.2
     4	8843876034.92
     5	10837599377.8
     6	12560082870.3
     7	6061871865.37
     8	7499138357.12
     9	8758433664.35

Measurement: freq_ro32
  step	{80/t_ro32}
     1	13129170512.2
     2	15548970259.1
     3	17569987127
     4	9397264255.23
     5	11349035110.8
     6	13034059888.5
     7	6512540929.52
     8	7933990964.59
     9	9175630501.86

Measurement: freq_ro33
  step	{80/t_ro33}
     1	13605017682.4
     2	15954459044.3
     3	17922171596.4
     4	9887446544.22
     5	11786735406.9
     6	13438671419.7
     7	6912818304.21
     8	8302917375.21
     9	9523111915.48

Measurement: freq_ro34
  step	{80/t_ro34}
     1	13210867932.7
     2	15581043217.4
     3	17594979270.8
     4	9525669017.06
     5	11427684596.2
     6	13089370286.2
     7	6616397249.92
     8	7999518866.34
     9	9221606842.07

Measurement: freq_ro35
  step	{80/t_ro35}
     1	13859900079.9
     2	16129029904.8
     3	18111082545.4
     4	10124267463.7
     5	11996185036.6
     6	13624094878.1
     7	7108065388.27
     8	8483809352.39
     9	9692926686.48

Measurement: freq_ro36
  step	{80/t_ro36}
     1	13456848074.7
     2	15789981312.2
     3	17812989449.8
     4	9711297258.2
     5	11602858521.2
     6	13249678539.7
     7	6759207142.96
     8	8137860997.14
     9	9353145930.05

Measurement: freq_ro37
  step	{80/t_ro37}
     1	13316421698.1
     2	15631922971
     3	17659759252.7
     4	9619293427.97
     5	11511905583.1
     6	13161673665.4
     7	6697358369.96
     8	8076454661.82
     9	9292578760.98

Measurement: freq_ro38
  step	{80/t_ro38}
     1	13683693371.8
     2	16000850796.6
     3	17950597823.8
     4	9966624919.5
     5	11832293327
     6	13461756356.9
     7	6976813421.72
     8	8341832980.06
     9	9547082155.01

Measurement: freq_ro39
  step	{80/t_ro39}
     1	13370077899.3
     2	15682198070.1
     3	17681026486.1
     4	9689812808.25
     5	11567179241
     6	13208765416
     7	6758396101.14
     8	8129187699.63
     9	9340443097.74

Measurement: freq_ro40
  step	{80/t_ro40}
     1	13157884551
     2	15529414545.8
     3	17528142964.6
     4	9476074956.57
     5	11367506723.8
     6	13023760482.6
     7	6577000524.97
     8	7952811353.92
     9	9168600310.26

Measurement: freq_ro41
  step	{80/t_ro41}
     1	12874201281.7
     2	15241803704.6
     3	17241675969.3
     4	9217809534.79
     5	11107860125.8
     6	12766176495.5
     7	6368857638.19
     8	7734202318.46
     9	8947328619.51

Measurement: freq_ro42
  step	{80/t_ro42}
     1	13576441320.6
     2	15905507883.6
     3	17857134638.3
     4	9855657363.84
     5	11726035398.2
     6	13359791365.1
     7	6878850341.55
     8	8245145870.87
     9	9451450951.23

Measurement: freq_ro43
  step	{80/t_ro43}
     1	14358234006.5
     2	16666672141.2
     3	18624593189.9
     4	10557274043
     5	12472719021.7
     6	14108976918.3
     7	7461892380.72
     8	8882642977.45
     9	10110322153.6

Measurement: freq_ro44
  step	{80/t_ro44}
     1	13157940237.8
     2	15624967699.1
     3	17632373371.9
     4	9424960107.6
     5	11384415224
     6	13074338075.3
     7	6528148176.58
     8	7955041626.33
     9	9200357460.72

Measurement: freq_ro45
  step	{80/t_ro45}
     1	13196111691.4
     2	15570384776.1
     3	17561997130.4
     4	9507968909.49
     5	11403589749.5
     6	13055278866.1
     7	6609403453.01
     8	7987843156.99
     9	9202492996.51

Measurement: freq_ro46
  step	{80/t_ro46}
     1	12903912654.9
     2	15275911913.7
     3	17300767023
     4	9237708702.69
     5	11142423599.7
     6	12807831610.3
     7	6389136092.53
     8	7767536034.12
     9	8985118392.39

Measurement: freq_ro47
  step	{80/t_ro47}
     1	13888781912.5
     2	16142544104.7
     3	18159072679.8
     4	10150488608
     5	12040086904.8
     6	13678375330.2
     7	7135441579.36
     8	8524992154.16
     9	9742590233.43

Measurement: freq_ro48
  step	{80/t_ro48}
     1	14205587890.8
     2	16470156434.7
     3	18404446772.6
     4	10465282984
     5	12330489482
     6	13943952427.4
     7	7395273893.33
     8	8773509618.25
     9	9978173387.58

Measurement: freq_ro49
  step	{80/t_ro49}
     1	13967470047.8
     2	16244461246
     3	18193801781
     4	10246610550.7
     5	12108585195.9
     6	13726680679.9
     7	7219577972.34
     8	8591185024.11
     9	9795897177.7

Measurement: freq_ro50
  step	{80/t_ro50}
     1	13683876791.3
     2	16025826753.3
     3	17983242647.5
     4	9943485625.55
     5	11834284114.9
     6	13477502094.6
     7	6954337931.89
     8	8339901010.55
     9	9557323515.6

Measurement: freq_ro51
  step	{80/t_ro51}
     1	12550047831.2
     2	14946404385.5
     3	16993515438.7
     4	8896853081.25
     5	10798228425
     6	12470393344
     7	6105507893.7
     8	7471326886.84
     9	8687511607.24

Measurement: freq_ro52
  step	{80/t_ro52}
     1	13357487767.7
     2	15661709056
     3	17662732344.6
     4	9675002660.05
     5	11545270752
     6	13183485090.7
     7	6742096077.9
     8	8104092550.59
     9	9310410669.71

Measurement: freq_ro53
  step	{80/t_ro53}
     1	13157895728.6
     2	15496994995.7
     3	17498497641.6
     4	9479604984.09
     5	11371226066.8
     6	13028519815.1
     7	6587423393.12
     8	7964382112.25
     9	9181875321.06

Measurement: freq_ro54
  step	{80/t_ro54}
     1	13431412095.2
     2	15737698314.3
     3	17730257682.6
     4	9746799960.9
     5	11627880494.2
     6	13263488142
     7	6807272098.62
     8	8176772176.88
     9	9387128513.42

Measurement: freq_ro55
  step	{80/t_ro55}
     1	13133479956.1
     2	15469742171.5
     3	17480773144.1
     4	9416047153.62
     5	11311639685
     6	12971255990.1
     7	6523339431.91
     8	7898951928.51
     9	9117340105.89

Measurement: freq_ro56
  step	{80/t_ro56}
     1	13350137081.8
     2	15650207965.9
     3	17681914138.2
     4	9639037261.67
     5	11527858709
     6	13174656208.1
     7	6708076589.91
     8	8084539560.11
     9	9298410397.41

Measurement: freq_ro57
  step	{80/t_ro57}
     1	13403428374.3
     2	15714451179.5
     3	17693753637.8
     4	9734455095.06
     5	11606611463.5
     6	13244227458.1
     7	6798682195.78
     8	8165589039.05
     9	9374127221.46

Measurement: freq_ro58
  step	{80/t_ro58}
     1	13298386731.3
     2	15625059655.2
     3	17632585609.2
     4	9616740288.38
     5	11507717240.3
     6	13155994168
     7	6703825085.88
     8	8082315719.38
     9	9297978788.75

Measurement: freq_ro59
  step	{80/t_ro59}
     1	12861697083.9
     2	15196339968.1
     3	17241366022
     4	9238136760.48
     5	11138844925.9
     6	12802489878.6
     7	6401752389.14
     8	7780355221.06
     9	9000011387.38

Measurement: freq_ro60
  step	{80/t_ro60}
     1	13794387512.1
     2	16129032468.3
     3	18056350394.7
     4	10112011453.5
     5	11985502093.8
     6	13615945053
     7	7112297258.66
     8	8489127669.81
     9	9699597359.31

Measurement: freq_ro61
  step	{80/t_ro61}
     1	13722411150.8
     2	16016863360.1
     3	17967149104.7
     4	10001589856.8
     5	11867575086.2
     6	13493380815.2
     7	7010478899.26
     8	8379409462.18
     9	9584911034.44

Measurement: freq_ro62
  step	{80/t_ro62}
     1	13024072550.8
     2	15380678430.8
     3	17408622876.7
     4	9370231541.63
     5	11268782937.1
     6	12929014264.9
     7	6495552706.68
     8	7874225114.18
     9	9093103279.4

Measurement: freq_ro63
  step	{80/t_ro63}
     1	13338464698.4
     2	15624996375.6
     3	17642407088.3
     4	9648441890.22
     5	11523192721.5
     6	13163592816.1
     7	6718931380.69
     8	8085149555.42
     9	9293984921.2

Measurement: freq_ro64
  step	{80/t_ro64}
     1	12438654727.2
     2	14833336835.8
     3	16881117685.2
     4	8784701944.43
     5	10693308732.8
     6	12370879274.2
     7	6017202385.14
     8	7386467606.08
     9	8604900401.32

Measurement: freq_ro65
  step	{80/t_ro65}
     1	12886851752.2
     2	15293211774.4
     3	17298948484.1
     4	9180185961.28
     5	11110082061.6
     6	12788341582.9
     7	6332418607.03
     8	7731520344.73
     9	8962535632.12

Measurement: freq_ro66
  step	{80/t_ro66}
     1	12857982627.8
     2	15241932002
     3	17283466916.5
     4	9201449332.91
     5	11114631930.7
     6	12792012969.1
     7	6365988104
     8	7755885392.29
     9	8982180601.18

Measurement: freq_ro67
  step	{80/t_ro67}
     1	14664162210.8
     2	16865509327.4
     3	18775227183.5
     4	10860995779.1
     5	12693122378.8
     6	14281860585.1
     7	7713391401.97
     8	9074308066.96
     9	10264179396.8

Measurement: freq_ro68
  step	{80/t_ro68}
     1	13498123252.4
     2	15806600172.9
     3	17805750390.6
     4	9783846193.75
     5	11668630345.3
     6	13310717838.3
     7	6833927047.12
     8	8210275742.22
     9	9422591861.05

Measurement: freq_ro69
  step	{80/t_ro69}
     1	13672869921.6
     2	16000377551.3
     3	17940845966.5
     4	9996668057.99
     5	11869758763.8
     6	13497807648.1
     7	7017380729.9
     8	8390177424.54
     9	9595702404.1

Measurement: freq_ro70
  step	{80/t_ro70}
     1	12733461339.3
     2	15151514969.9
     3	17152975171.2
     4	9078680540.29
     5	10985444707.3
     6	12656451690.7
     7	6260268626.64
     8	7637261707.08
     9	8858598925.49

Measurement: freq_ro71
  step	{80/t_ro71}
     1	13396213192.1
     2	15711412139
     3	17738213230.5
     4	9673789751.86
     5	11565678715.5
     6	13215599976.6
     7	6734104842.34
     8	8112776990.48
     9	9329173060.53

Measurement: freq_ro72
  step	{80/t_ro72}
     1	13472945368.2
     2	15789397801.9
     3	17762566149.1
     4	9769019642.15
     5	11636280773.2
     6	13272812500.8
     7	6818703127.69
     8	8183172977.45
     9	9388814378.44

Measurement: freq_ro73
  step	{80/t_ro73}
     1	12766962078
     2	15194260768.6
     3	17241361281.5
     4	9040669594.41
     5	11001133251.7
     6	12699221822.7
     7	6220220445.72
     8	7637602510.25
     9	8881059786.87

Measurement: freq_ro74
  step	{80/t_ro74}
     1	12443930503.5
     2	14842475290.8
     3	16908159011.5
     4	8833341489.83
     5	10752003730
     6	12433386638.1
     7	6070486103.13
     8	7448334882.33
     9	8670355142.88

Measurement: freq_ro75
  step	{80/t_ro75}
     1	13157891992.4
     2	15529151311.2
     3	17537175879.2
     4	9461014479.55
     5	11360594625.1
     6	13017496186.9
     7	6559045298.45
     8	7936689625.31
     9	9156438008.78

Measurement: freq_ro76
  step	{80/t_ro76}
     1	12569298470
     2	14982143459.7
     3	17045668432.5
     4	8899727417.95
     5	10824150839.4
     6	12504952585.8
     7	6110472652.26
     8	7495311400.07
     9	8721635994.16

Measurement: freq_ro77
  step	{80/t_ro77}
     1	15098061839.7
     2	17249272301.9
     3	19142524727.3
     4	11281229718.7
     5	13105530191.9
     6	14676986766.3
     7	8070115645.84
     8	9433915843.53
     9	10618971009.8

Measurement: freq_ro78
  step	{80/t_ro78}
     1	12820512721.9
     2	15176007093.5
     3	17241130551.7
     4	9171370788.51
     5	11063215635.6
     6	12724467638.7
     7	6338067542.68
     8	7705278369.33
     9	8920115074.51

Measurement: freq_ro79
  step	{80/t_ro79}
     1	13446210252.2
     2	15778814166.7
     3	17801200854.7
     4	9724392021.47
     5	11620815411.8
     6	13271669142
     7	6778080564
     8	8162591934.03
     9	9381415006.97

Measurement: freq_ro80
  step	{80/t_ro80}
     1	12820552645.1
     2	15202645127.2
     3	17241378730.1
     4	9207510785.72
     5	11090789441.6
     6	12747264793.2
     7	6364127804.23
     8	7726065879.54
     9	8937353839.04

Measurement: freq_ro81
  step	{80/t_ro81}
     1	13490085804.4
     2	15787495298.9
     3	17798661560.2
     4	9727334623.41
     5	11618631830.5
     6	13266437158.2
     7	6774031424.83
     8	8153038936.26
     9	9368926562.64

Measurement: freq_ro82
  step	{80/t_ro82}
     1	12909098676.4
     2	15259892035.2
     3	17241380602.1
     4	9259290139.71
     5	11149066614.8
     6	12805612964.9
     7	6410063210.53
     8	7777262374.41
     9	8990623197.12

Measurement: freq_ro83
  step	{80/t_ro83}
     1	14153479822.9
     2	16446586173.8
     3	18378338263.3
     4	10378152203.2
     5	12251871672.9
     6	13870198022
     7	7313015200.9
     8	8694953516.82
     9	9899859516.46

Measurement: freq_ro84
  step	{80/t_ro84}
     1	12591628455.8
     2	14979984735.4
     3	17032411221.9
     4	8925927053.47
     5	10826888819.3
     6	12499443682.5
     7	6128963701.13
     8	7496392665.06
     9	8712171259.97

Measurement: freq_ro85
  step	{80/t_ro85}
     1	13259081910.4
     2	15625071166.9
     3	17601705712.8
     4	9601155790.07
     5	11494493227.7
     6	13149273816.4
     7	6693258987.45
     8	8074208304.92
     9	9293400612.77

Measurement: freq_ro86
  step	{80/t_ro86}
     1	12357968688.6
     2	14789197785.2
     3	16882065309
     4	8712682974.17
     5	10658205632
     6	12357970933
     7	5964388591.86
     8	7360740779.51
     9	8596056109.19

Measurement: freq_ro87
  step	{80/t_ro87}
     1	13965668917.6
     2	16243316474.3
     3	18202378065.4
     4	10233166696
     5	12100842793.8
     6	13720074928.2
     7	7203399457.89
     8	8577510649.3
     9	9781245230.17

Measurement: freq_ro88
  step	{80/t_ro88}
     1	12287486580.2
     2	14705893775.1
     3	16765331764.5
     4	8672062924.77
     5	10588960769.6
     6	12274332308.9
     7	5936151438.78
     8	7310332569.92
     9	8534398060.76

Measurement: freq_ro89
  step	{80/t_ro89}
     1	13521989991.9
     2	15898327037.4
     3	17875110433.6
     4	9786833605.98
     5	11687470446
     6	13340112612.8
     7	6820160667.85
     8	8209030915.5
     9	9430291895.91

Measurement: freq_ro90
  step	{80/t_ro90}
     1	13299491422.6
     2	15624980076.5
     3	17638683975.4
     4	9607668031.46
     5	11496348311.5
     6	13148433371.5
     7	6685870084.9
     8	8061363235.06
     9	9275267972.61

Measurement: freq_ro91
  step	{80/t_ro91}
     1	13461962893.5
     2	15805154069.8
     3	17808219396
     4	9730412060.52
     5	11627973300.5
     6	13276968603.9
     7	6787009821.76
     8	8173182515.62
     9	9391550609.65

Measurement: freq_ro92
  step	{80/t_ro92}
     1	11973896998.4
     2	14432938697.7
     3	16543238933.1
     4	8352829045.47
     5	10292034253.8
     6	11994530928.9
     7	5672328345.28
     8	7054328598.02
     9	8284185301.53

Measurement: freq_ro93
  step	{80/t_ro93}
     1	12373969881.5
     2	14769498485.5
     3	16834096344.1
     4	8747693791.59
     5	10653607406.3
     6	12332032701.3
     7	5990438172.44
     8	7357518038.52
     9	8575967554.37

Measurement: freq_ro94
  step	{80/t_ro94}
     1	13386775158.4
     2	15687173371.3
     3	17678530659.3
     4	9689642831.38
     5	11555315027.3
     6	13189597371.2
     7	6753429564.58
     8	8112326373.9
     9	9316753014.71

Measurement: freq_ro95
  step	{80/t_ro95}
     1	13184455201.7
     2	15539338365.8
     3	17524812313.1
     4	9517187384.71
     5	11398467755.8
     6	13045588833.6
     7	6612738539.21
     8	7980477126.67
     9	9190759331.18

Measurement: freq_ro96
  step	{80/t_ro96}
     1	12633933610.2
     2	15087548264.1
     3	17171694776.7
     4	8928726655.77
     5	10899598152.5
     6	12608742606.8
     7	6133161093.65
     8	7556445600.62
     9	8806732163.98

Measurement: freq_ro97
  step	{80/t_ro97}
     1	12982062688.7
     2	15369725751
     3	17405315224.7
     4	9294265277.72
     5	11219057599.6
     6	12895664368.6
     7	6428182290.62
     8	7825202403.69
     9	9056937235.68

Measurement: freq_ro98
  step	{80/t_ro98}
     1	13737461762.5
     2	16043171713.1
     3	17980396448
     4	10011937417.8
     5	11873968751.7
     6	13499208648.6
     7	7014469433.56
     8	8378616201.49
     9	9581427583.91

Measurement: freq_ro99
  step	{80/t_ro99}
     1	13676294944.9
     2	15991127122.2
     3	17968621819.3
     4	9956814546.07
     5	11839330685.4
     6	13478060104
     7	6968550036.45
     8	8347085655.96
     9	9560247203.28

Measurement: freq_ro100
  step	{80/t_ro100}
     1	13917479031.8
     2	16199753158.4
     3	18155695901.9
     4	10227143994.5
     5	12091054195.6
     6	13713000505.6
     7	7207588039.78
     8	8579882417.99
     9	9786303866.27

Measurement: freq_ro101
  step	{80/t_ro101}
     1	13072732049.7
     2	15500575719.6
     3	17543825448.4
     4	9341309536.13
     5	11305470086.4
     6	12994976058.3
     7	6472919544.78
     8	7903036287.16
     9	9148133826.09

Measurement: freq_ro102
  step	{80/t_ro102}
     1	13585612502.6
     2	15944353592.3
     3	17912714495.7
     4	9831805319.76
     5	11742999477.1
     6	13398114157.7
     7	6863338302.59
     8	8262649985.87
     9	9488116309.11

Measurement: freq_ro103
  step	{80/t_ro103}
     1	14134446756.3
     2	16387928241.9
     3	18313613899.4
     4	10414810069
     5	12255546467.3
     6	13860730778
     7	7353502483.75
     8	8711730103.8
     9	9907150986.51

Measurement: freq_ro104
  step	{80/t_ro104}
     1	14392738493.8
     2	16625870418.7
     3	18534160626.7
     4	10664553783.8
     5	12500184474.9
     6	14102095092.2
     7	7568691869.67
     8	8932074638.14
     9	10127047961.3

Measurement: freq_ro105
  step	{80/t_ro105}
     1	14226888844.6
     2	16470488953
     3	18393128628.9
     4	10475330977.6
     5	12318333246.2
     6	13920215373.4
     7	7401532191.04
     8	8763024880.82
     9	9958767756.23

Measurement: freq_ro106
  step	{80/t_ro106}
     1	13556852229.1
     2	15884488474.3
     3	17830679998.3
     4	9875981170.13
     5	11740265378.8
     6	13366804839.5
     7	6912858199.19
     8	8276352551.27
     9	9477888264.85

Measurement: freq_ro107
  step	{80/t_ro107}
     1	13513513464.5
     2	15865971094.9
     3	17849063432.5
     4	9830399428.71
     5	11714896169
     6	13354689124.5
     7	6876362646.4
     8	8255433867.24
     9	9468576377.4

Measurement: freq_ro108
  step	{80/t_ro108}
     1	14057817963
     2	16351037296.5
     3	18285489650.7
     4	10277990478.5
     5	12141523458
     6	13761199844.8
     7	7224115829.76
     8	8595331341.71
     9	9799745352.12

Measurement: freq_ro109
  step	{80/t_ro109}
     1	13052670452.2
     2	15417674383.6
     3	17435491664.2
     4	9371171665.17
     5	11278122709.5
     6	12939388896.4
     7	6502351844.51
     8	7887572807.51
     9	9108499895.94

Measurement: freq_ro110
  step	{80/t_ro110}
     1	13821711259.7
     2	16129031928.3
     3	18059442791.8
     4	10083039494.6
     5	11943515528.5
     6	13567252108.2
     7	7069365988.07
     8	8433314210.31
     9	9636146357.69

Measurement: freq_ro111
  step	{80/t_ro111}
     1	13888880006.4
     2	16129032184.7
     3	18104329194.3
     4	10142913450.7
     5	12001740409.2
     6	13619658874.3
     7	7128301237.16
     8	8495296633.4
     9	9697182033.34

Measurement: freq_ro112
  step	{80/t_ro112}
     1	13368742537.9
     2	15699032833.2
     3	17693221185
     4	9677284285.59
     5	11563393089.5
     6	13208884141.7
     7	6751272423.69
     8	8128228248.94
     9	9342948564.9

Measurement: freq_ro113
  step	{80/t_ro113}
     1	13774099238.2
     2	16129033069.6
     3	18087239164.1
     4	10000676282.2
     5	11904770433
     6	13552585523.1
     7	6996597554.14
     8	8394067778.14
     9	9617612562.24

Measurement: freq_ro114
  step	{80/t_ro114}
     1	12820514201.9
     2	15232047982.6
     3	17264406868.8
     4	9190245197.82
     5	11096705706.5
     6	12764343629.5
     7	6351449624.27
     8	7730197056.12
     9	8951281741.11

Measurement: freq_ro115
  step	{80/t_ro115}
     1	13720656673.9
     2	16012724758.6
     3	17974447100.3
     4	9994811496.99
     5	11857372736.5
     6	13483619139.5
     7	7002362805.84
     8	8367175324.07
     9	9571263080.13

Measurement: freq_ro116
  step	{80/t_ro116}
     1	13513511920.4
     2	15827218553.6
     3	17825339485.7
     4	9791958649.82
     5	11694594569.7
     6	13345722673.6
     7	6844619229.51
     8	8239069637.79
     9	9461567065.21

Measurement: freq_ro117
  step	{80/t_ro117}
     1	12328935959.8
     2	14743944492.5
     3	16828620179.5
     4	8698323615.5
     5	10623169055.2
     6	12310205165.7
     7	5954194045.09
     8	7333639601.55
     9	8559585517.09

Measurement: freq_ro118
  step	{80/t_ro118}
     1	13490963134.4
     2	15825065195.2
     3	17857096511.7
     4	9766210229.28
     5	11660321017.9
     6	13312103875.1
     7	6811246742.1
     8	8197282131.05
     9	9416835152.57

Measurement: freq_ro119
  step	{80/t_ro119}
     1	14077549956.6
     2	16386511154.5
     3	18333726304.2
     4	10288078840
     5	12174074815.2
     6	13800853218.1
     7	7234904431.7
     8	8623658193.55
     9	9835080507.15

Measurement: freq_ro120
  step	{80/t_ro120}
     1	13157884784.8
     2	15541750219.4
     3	17526478988.7
     4	9488686067.71
     5	11372269846.2
     6	13020807929.2
     7	6589087361.2
     8	7959051281.03
     9	9171123518.37

Measurement: freq_ro121
  step	{80/t_ro121}
     1	12672216126
     2	15067305565.2
     3	17112709676.6
     4	9057838392.83
     5	10981462665.1
     6	12662302367.2
     7	6256475673.19
     8	7650133474.01
     9	8881791661.83

Measurement: freq_ro122
  step	{80/t_ro122}
     1	13124355957.9
     2	15477111296.7
     3	17481607354.7
     4	9429380726.43
     5	11320614039.2
     6	12974696984.9
     7	6539500881.81
     8	7912459751.62
     9	9127720321.54

Measurement: freq_ro123
  step	{80/t_ro123}
     1	13915797586.6
     2	16188933420.4
     3	18173514091.9
     4	10172593731
     5	12046461630.8
     6	13674020486.5
     7	7141833826.19
     8	8518894312.01
     9	9727462616.62

Measurement: freq_ro124
  step	{80/t_ro124}
     1	13272896018.6
     2	15624919607.3
     3	17643415852.4
     4	9620808728.67
     5	11538990110.1
     6	13198113307.5
     7	6716123726.34
     8	8115250173.2
     9	9340906999.11

Measurement: freq_ro125
  step	{80/t_ro125}
     1	13274299130.3
     2	15625007013.7
     3	17605688766.7
     4	9587612388.19
     5	11468019892.3
     6	13114359496.7
     7	6667950051.79
     8	8036553121.77
     9	9248417324.78

Measurement: freq_ro126
  step	{80/t_ro126}
     1	12384329391.1
     2	14766084292.3
     3	16836071313
     4	8746448568.05
     5	10650346088.1
     6	12327096235
     7	5990889711.76
     8	7357379869.95
     9	8574816825.38

Measurement: freq_ro127
  step	{80/t_ro127}
     1	13315221167.5
     2	15624990906.7
     3	17617569608
     4	9644238013.27
     5	11508975749.5
     6	13144592726.5
     7	6721680566.86
     8	8079492097.11
     9	9283364673.97

Measurement: edge100_ro0
  step	V(ro0_out)={VTHRESH} 
     1	7.05511521991e-09
     2	6.06688114534e-09
     3	5.42311590432e-09
     4	9.61545573549e-09
     5	8.13620780407e-09
     6	7.1808406884e-09
     7	1.3636667896e-08
     8	1.14563754861e-08
     9	1.00521921797e-08

Measurement: edge100_ro1
  step	V(ro1_out)={VTHRESH} 
     1	7.23489123813e-09
     2	6.1926059891e-09
     3	5.51559447224e-09
     4	9.93810439299e-09
     5	8.3627063593e-09
     6	7.34973781145e-09
     7	1.41884014289e-08
     8	1.18508055748e-08
     9	1.03521353827e-08

Measurement: edge100_ro2
  step	V(ro2_out)={VTHRESH} 
     1	7.54167049133e-09
     2	6.40460581853e-09
     3	5.67260485042e-09
     4	1.04502483986e-08
     5	8.72386877465e-09
     6	7.6191298276e-09
     7	1.50267966029e-08
     8	1.24517534522e-08
     9	1.08088610198e-08

Measurement: edge100_ro3
  step	V(ro3_out)={VTHRESH} 
     1	7.40794483781e-09
     2	6.30222969764e-09
     3	5.58699982751e-09
     4	1.02860830398e-08
     5	8.58506406627e-09
     6	7.50795480031e-09
     7	1.47950826716e-08
     8	1.22492314068e-08
     9	1.06417379271e-08

Measurement: edge100_ro4
  step	V(ro4_out)={VTHRESH} 
     1	7.83235648162e-09
     2	6.58508676007e-09
     3	5.79451706632e-09
     4	1.10373454727e-08
     5	9.09933261006e-09
     6	7.8834815076e-09
     7	1.60617438973e-08
     8	1.31316779705e-08
     9	1.12998659223e-08

Measurement: edge100_ro5
  step	V(ro5_out)={VTHRESH} 
     1	7.79448080934e-09
     2	6.55185128368e-09
     3	5.77317031541e-09
     4	1.09464380815e-08
     5	9.03226549241e-09
     6	7.83528901028e-09
     7	1.58760628344e-08
     8	1.29925328667e-08
     9	1.11946295966e-08

Measurement: edge100_ro6
  step	V(ro6_out)={VTHRESH} 
     1	7.7045926922e-09
     2	6.51554625287e-09
     3	5.74913653056e-09
     4	1.07554254729e-08
     5	8.92294331683e-09
     6	7.76164208589e-09
     7	1.5556793725e-08
     8	1.28044045146e-08
     9	1.10663674687e-08

Measurement: edge100_ro7
  step	V(ro7_out)={VTHRESH} 
     1	7.64032772023e-09
     2	6.45489617485e-09
     3	5.70658615744e-09
     4	1.06890566225e-08
     5	8.86200547884e-09
     6	7.71355969383e-09
     7	1.54572570225e-08
     8	1.27111448282e-08
     9	1.09886422152e-08

Measurement: edge100_ro8
  step	V(ro8_out)={VTHRESH} 
     1	7.01309901193e-09
     2	6.03775023192e-09
     3	5.39826132258e-09
     4	9.58471103751e-09
     5	8.11387526714e-09
     6	7.16229720453e-09
     7	1.36207754409e-08
     8	1.14473009637e-08
     9	1.00466665293e-08

Measurement: edge100_ro9
  step	V(ro9_out)={VTHRESH} 
     1	7.07815422004e-09
     2	6.08887281415e-09
     3	5.44209560855e-09
     4	9.64298677226e-09
     5	8.17374551771e-09
     6	7.21482365247e-09
     7	1.36943244314e-08
     8	1.15302618114e-08
     9	1.0120350546e-08

Measurement: edge100_ro10
  step	V(ro10_out)={VTHRESH} 
     1	7.62782101322e-09
     2	6.46645291337e-09
     3	5.71419058628e-09
     4	1.05926307752e-08
     5	8.81868779956e-09
     6	7.68901247508e-09
     7	1.52595947212e-08
     8	1.26085949979e-08
     9	1.09252752991e-08

Measurement: edge100_ro11
  step	V(ro11_out)={VTHRESH} 
     1	7.38836384075e-09
     2	6.29188514559e-09
     3	5.5848993196e-09
     4	1.01916128261e-08
     5	8.53323377516e-09
     6	7.47217333297e-09
     7	1.45989189104e-08
     8	1.21309175778e-08
     9	1.05586583019e-08

Measurement: edge100_ro12
  step	V(ro12_out)={VTHRESH} 
     1	7.34709296598e-09
     2	6.28028120462e-09
     3	5.57705042455e-09
     4	1.01511300056e-08
     5	8.51215466748e-09
     6	7.46054876128e-09
     7	1.45426942187e-08
     8	1.21034434222e-08
     9	1.05433185595e-08

Measurement: edge100_ro13
  step	V(ro13_out)={VTHRESH} 
     1	7.1272732289e-09
     2	6.12136227814e-09
     3	5.45658855871e-09
     4	9.73372877314e-09
     5	8.22117905674e-09
     6	7.24434722532e-09
     7	1.38465366828e-08
     8	1.16113168733e-08
     9	1.01721949422e-08

Measurement: edge100_ro14
  step	V(ro14_out)={VTHRESH} 
     1	7.53920491891e-09
     2	6.38953487394e-09
     3	5.66179751257e-09
     4	1.0435294677e-08
     5	8.70298702368e-09
     6	7.60065330954e-09
     7	1.50045972894e-08
     8	1.24185623876e-08
     9	1.07790582726e-08

Measurement: edge100_ro15
  step	V(ro15_out)={VTHRESH} 
     1	7.46874835963e-09
     2	6.34523335522e-09
     3	5.60839207099e-09
     4	1.03744452647e-08
     5	8.63208579681e-09
     6	7.5336321707e-09
     7	1.49248798275e-08
     8	1.23162690914e-08
     9	1.06789487659e-08

Measurement: edge100_ro16
  step	V(ro16_out)={VTHRESH} 
     1	7.26514189473e-09
     2	6.21673300115e-09
     3	5.53414967678e-09
     4	9.93417164188e-09
     5	8.36709255738e-09
     6	7.35504167877e-09
     7	1.41545741667e-08
     8	1.18371299508e-08
     9	1.03446293403e-08

Measurement: edge100_ro17
  step	V(ro17_out)={VTHRESH} 
     1	7.30815278672e-09
     2	6.23800559483e-09
     3	5.55256461045e-09
     4	1.00654654653e-08
     5	8.45416924096e-09
     6	7.41904016874e-09
     7	1.44126318677e-08
     8	1.20167464785e-08
     9	1.0481574138e-08

Measurement: edge100_ro18
  step	V(ro18_out)={VTHRESH} 
     1	6.74242107574e-09
     2	5.86218031403e-09
     3	5.27640688589e-09
     4	9.05484811748e-09
     5	7.7619013058e-09
     6	6.90810363301e-09
     7	1.27049795851e-08
     8	1.08229855207e-08
     9	9.58269775042e-09

Measurement: edge100_ro19
  step	V(ro19_out)={VTHRESH} 
     1	7.5521068814e-09
     2	6.41180148549e-09
     3	5.67550179267e-09
     4	1.04847548948e-08
     5	8.74491269168e-09
     6	7.63447948733e-09
     7	1.50934201096e-08
     8	1.24940203242e-08
     9	1.08395801634e-08

Measurement: edge100_ro20
  step	V(ro20_out)={VTHRESH} 
     1	7.06960439277e-09
     2	6.0852537167e-09
     3	5.43463988259e-09
     4	9.63148371463e-09
     5	8.15706491343e-09
     6	7.19827082916e-09
     7	1.36750809052e-08
     8	1.13856304277e-08
     9	1.00912524663e-08

Measurement: edge100_ro21
  step	V(ro21_out)={VTHRESH} 
     1	7.54733406628e-09
     2	6.4175395533e-09
     3	5.67824020909e-09
     4	1.05065222104e-08
     5	8.75311675458e-09
     6	7.637669655e-09
     7	1.51313187825e-08
     8	1.25098958148e-08
     9	1.08457633786e-08

Measurement: edge100_ro22
  step	V(ro22_out)={VTHRESH} 
     1	7.26610670929e-09
     2	6.21576009313e-09
     3	5.5365752047e-09
     4	9.96934041185e-09
     5	8.39716077957e-09
     6	7.38024450245e-09
     7	1.42332341149e-08
     8	1.19035712884e-08
     9	1.04017546739e-08

Measurement: edge100_ro23
  step	V(ro23_out)={VTHRESH} 
     1	7.34301660366e-09
     2	6.24619858485e-09
     3	5.54943343399e-09
     4	1.01553419482e-08
     5	8.50079200568e-09
     6	7.44524235959e-09
     7	1.4572973125e-08
     8	1.21047877298e-08
     9	1.05351687094e-08

Measurement: edge100_ro24
  step	V(ro24_out)={VTHRESH} 
     1	7.09099491832e-09
     2	6.09664007909e-09
     3	5.44659240434e-09
     4	9.6689822523e-09
     5	8.18845774369e-09
     6	7.22369541916e-09
     7	1.37394541629e-08
     8	1.15571104069e-08
     9	1.01376066769e-08

Measurement: edge100_ro25
  step	V(ro25_out)={VTHRESH} 
     1	7.79436342295e-09
     2	6.54848120732e-09
     3	5.77717632008e-09
     4	1.09081728921e-08
     5	9.01106175693e-09
     6	7.82156202283e-09
     7	1.5795501536e-08
     8	1.29430938655e-08
     9	1.11594191242e-08

Measurement: edge100_ro26
  step	V(ro26_out)={VTHRESH} 
     1	7.54668301275e-09
     2	6.39807579431e-09
     3	5.66806770439e-09
     4	1.04771256216e-08
     5	8.73804992467e-09
     6	7.6294823171e-09
     7	1.51000057157e-08
     8	1.24981021616e-08
     9	1.0843034629e-08

Measurement: edge100_ro27
  step	V(ro27_out)={VTHRESH} 
     1	7.69140750007e-09
     2	6.48314329403e-09
     3	5.72796885529e-09
     4	1.07137393645e-08
     5	8.86701109988e-09
     6	7.70996071634e-09
     7	1.54614959858e-08
     8	1.26933967701e-08
     9	1.09636695675e-08

Measurement: edge100_ro28
  step	V(ro28_out)={VTHRESH} 
     1	7.53617444642e-09
     2	6.37386564867e-09
     3	5.64451520355e-09
     4	1.05118683733e-08
     5	8.72511457564e-09
     6	7.60690205909e-09
     7	1.51528682867e-08
     8	1.24749168061e-08
     9	1.08008662443e-08

Measurement: edge100_ro29
  step	V(ro29_out)={VTHRESH} 
     1	7.13725473964e-09
     2	6.13136367129e-09
     3	5.46645597267e-09
     4	9.72553985607e-09
     5	8.23043388626e-09
     6	7.2572150709e-09
     7	1.38285049412e-08
     8	1.16209620651e-08
     9	1.01879224786e-08

Measurement: edge100_ro30
  step	V(ro30_out)={VTHRESH} 
     1	7.60616802309e-09
     2	6.44314141603e-09
     3	5.69998445683e-09
     4	1.05972609526e-08
     5	8.81879179178e-09
     6	7.6881695618e-09
     7	1.52943280587e-08
     8	1.26301202565e-08
     9	1.09404885098e-08

Measurement: edge100_ro31
  step	V(ro31_out)={VTHRESH} 
     1	7.92328790235e-09
     2	6.61243490867e-09
     3	5.79501067724e-09
     4	1.12396184165e-08
     5	9.16915862906e-09
     6	7.91014169643e-09
     7	1.64014222285e-08
     8	1.32540598339e-08
     9	1.1346288564e-08

Measurement: edge100_ro32
  step	V(ro32_out)={VTHRESH} 
     1	7.55284274501e-09
     2	6.37645813058e-09
     3	5.64208308474e-09
     4	1.05530229458e-08
     5	8.73645194061e-09
     6	7.60565702113e-09
     7	1.52272159278e-08
     8	1.24970287311e-08
     9	1.08040648446e-08

Measurement: edge100_ro33
  step	V(ro33_out)={VTHRESH} 
     1	7.29049568675e-09
     2	6.21508604719e-09
     3	5.53114310535e-09
     4	1.00319761496e-08
     5	8.4132001453e-09
     6	7.37731254311e-09
     7	1.43487214556e-08
     8	1.19437584069e-08
     9	1.04110695245e-08

Measurement: edge100_ro34
  step	V(ro34_out)={VTHRESH} 
     1	7.51047391608e-09
     2	6.36649450612e-09
     3	5.63684719935e-09
     4	1.04168901235e-08
     5	8.68110150933e-09
     6	7.57775429405e-09
     7	1.49977522939e-08
     8	1.24019314485e-08
     9	1.07566451125e-08

Measurement: edge100_ro35
  step	V(ro35_out)={VTHRESH} 
     1	7.15262354007e-09
     2	6.14524529144e-09
     3	5.47188340666e-09
     4	9.79166971898e-09
     5	8.26186308789e-09
     6	7.27371791247e-09
     7	1.39459212419e-08
     8	1.16819606823e-08
     9	1.02233630448e-08

Measurement: edge100_ro36
  step	V(ro36_out)={VTHRESH} 
     1	7.37191457329e-09
     2	6.28123201915e-09
     3	5.56748481363e-09
     4	1.02155698857e-08
     5	8.5485074854e-09
     6	7.48461815863e-09
     7	1.46773007224e-08
     8	1.2188465303e-08
     9	1.06030957804e-08

Measurement: edge100_ro37
  step	V(ro37_out)={VTHRESH} 
     1	7.44845246648e-09
     2	6.34189234691e-09
     3	5.61415066943e-09
     4	1.03121887495e-08
     5	8.61360501682e-09
     6	7.53298253372e-09
     7	1.48102316371e-08
     8	1.22772238992e-08
     9	1.0669056775e-08

Measurement: edge100_ro38
  step	V(ro38_out)={VTHRESH} 
     1	7.24821032109e-09
     2	6.19670927541e-09
     3	5.52302219163e-09
     4	9.95173912513e-09
     5	8.38043682516e-09
     6	7.36496098326e-09
     7	1.42162326679e-08
     8	1.18869571719e-08
     9	1.03848248612e-08

Measurement: edge100_ro39
  step	V(ro39_out)={VTHRESH} 
     1	7.40668833495e-09
     2	6.31576600258e-09
     3	5.60223445555e-09
     4	1.02184087163e-08
     5	8.56152682429e-09
     6	7.49804982955e-09
     7	1.46493180335e-08
     8	1.21808005715e-08
     9	1.06021432122e-08

Measurement: edge100_ro40
  step	V(ro40_out)={VTHRESH} 
     1	7.53268652242e-09
     2	6.38079018805e-09
     3	5.65298607288e-09
     4	1.04589607184e-08
     5	8.71654886914e-09
     6	7.60778878338e-09
     7	1.50680665743e-08
     8	1.24593036898e-08
     9	1.08059897479e-08

Measurement: edge100_ro41
  step	V(ro41_out)={VTHRESH} 
     1	7.70610002615e-09
     2	6.50780781954e-09
     3	5.75084311822e-09
     4	1.07633893228e-08
     5	8.93006403292e-09
     6	7.76928319446e-09
     7	1.55782379537e-08
     8	1.28259397082e-08
     9	1.10856947436e-08

Measurement: edge100_ro42
  step	V(ro42_out)={VTHRESH} 
     1	7.30813553075e-09
     2	6.23616528026e-09
     3	5.55328469483e-09
     4	1.0068201423e-08
     5	8.45985534276e-09
     6	7.42356364118e-09
     7	1.44256176664e-08
     8	1.20320289209e-08
     9	1.04941195006e-08

Measurement: edge100_ro43
  step	V(ro43_out)={VTHRESH} 
     1	6.90768792602e-09
     2	5.94941471654e-09
     3	5.32346481534e-09
     4	9.39498221448e-09
     5	7.95068403064e-09
     6	7.02779585905e-09
     7	1.3292482988e-08
     8	1.11646699646e-08
     9	9.80775247725e-09

Measurement: edge100_ro44
  step	V(ro44_out)={VTHRESH} 
     1	7.53871620903e-09
     2	6.34829019804e-09
     3	5.6245441718e-09
     4	1.05273158109e-08
     5	8.71354032828e-09
     6	7.58603329807e-09
     7	1.51991075981e-08
     8	1.24702361774e-08
     9	1.0780812237e-08

Measurement: edge100_ro45
  step	V(ro45_out)={VTHRESH} 
     1	7.51728399761e-09
     2	6.36886634036e-09
     3	5.64566991052e-09
     4	1.04335487191e-08
     5	8.69629714125e-09
     6	7.59472210986e-09
     7	1.5008979271e-08
     8	1.24149431841e-08
     9	1.07741981269e-08

Measurement: edge100_ro46
  step	V(ro46_out)={VTHRESH} 
     1	7.68394466114e-09
     2	6.48925823622e-09
     3	5.72915105303e-09
     4	1.07329038451e-08
     5	8.89633554858e-09
     6	7.73892439476e-09
     7	1.55168601822e-08
     8	1.27608180897e-08
     9	1.10303643127e-08

Measurement: edge100_ro47
  step	V(ro47_out)={VTHRESH} 
     1	7.14386599934e-09
     2	6.14368616885e-09
     3	5.46206860117e-09
     4	9.77368932201e-09
     5	8.23864191033e-09
     6	7.25170553894e-09
     7	1.3903919419e-08
     8	1.16360883052e-08
     9	1.01815241729e-08

Measurement: edge100_ro48
  step	V(ro48_out)={VTHRESH} 
     1	6.98424904274e-09
     2	6.02342154758e-09
     3	5.39044190672e-09
     4	9.4811703255e-09
     5	8.0461979767e-09
     6	7.11480438875e-09
     7	1.34175542436e-08
     8	1.1308391016e-08
     9	9.94294927674e-09

Measurement: edge100_ro49
  step	V(ro49_out)={VTHRESH} 
     1	7.09841541944e-09
     2	6.10242532352e-09
     3	5.44824401917e-09
     4	9.6763920477e-09
     5	8.18684006893e-09
     6	7.22105463236e-09
     7	1.37333419267e-08
     8	1.1538570735e-08
     9	1.01186063068e-08

Measurement: edge100_ro50
  step	V(ro50_out)={VTHRESH} 
     1	7.25369830824e-09
     2	6.19304515683e-09
     3	5.51840098907e-09
     4	9.98456514463e-09
     5	8.38830656328e-09
     6	7.36505250098e-09
     7	1.42785878214e-08
     8	1.19050305757e-08
     9	1.03879594408e-08

Measurement: edge100_ro51
  step	V(ro51_out)={VTHRESH} 
     1	7.90395302507e-09
     2	6.63435027304e-09
     3	5.83364686733e-09
     4	1.11497886751e-08
     5	9.18324720513e-09
     6	7.94989805705e-09
     7	1.62466573409e-08
     8	1.3272231178e-08
     9	1.14114856085e-08

Measurement: edge100_ro52
  step	V(ro52_out)={VTHRESH} 
     1	7.42399180116e-09
     2	6.33034392001e-09
     3	5.61244809748e-09
     4	1.02499142236e-08
     5	8.58744354598e-09
     6	7.51926976516e-09
     7	1.47083192415e-08
     8	1.22336493328e-08
     9	1.06469969982e-08

Measurement: edge100_ro53
  step	V(ro53_out)={VTHRESH} 
     1	7.53780527493e-09
     2	6.39721404253e-09
     3	5.66450929462e-09
     4	1.04620255189e-08
     5	8.71852667432e-09
     6	7.60821079912e-09
     7	1.50551366904e-08
     8	1.24482953461e-08
     9	1.07957490988e-08

Measurement: edge100_ro54
  step	V(ro54_out)={VTHRESH} 
     1	7.38080436244e-09
     2	6.29781762795e-09
     3	5.58967666084e-09
     4	1.01700962636e-08
     5	8.52369470798e-09
     6	7.47163163031e-09
     7	1.45605114317e-08
     8	1.21198400461e-08
     9	1.05562795389e-08

Measurement: edge100_ro55
  step	V(ro55_out)={VTHRESH} 
     1	7.56539273584e-09
     2	6.42069890635e-09
     3	5.68087040298e-09
     4	1.05531267227e-08
     5	8.78231505349e-09
     6	7.65734671244e-09
     7	1.52344508516e-08
     8	1.25782382257e-08
     9	1.08955537906e-08

Measurement: edge100_ro56
  step	V(ro56_out)={VTHRESH} 
     1	7.42514775965e-09
     2	6.33193171059e-09
     3	5.60406201116e-09
     4	1.02835756078e-08
     5	8.59625002026e-09
     6	7.52069303544e-09
     7	1.47756556234e-08
     8	1.22568348941e-08
     9	1.06552512064e-08

Measurement: edge100_ro57
  step	V(ro57_out)={VTHRESH} 
     1	7.39775063029e-09
     2	6.3084299294e-09
     3	5.60242814349e-09
     4	1.01860761754e-08
     5	8.54104068701e-09
     6	7.48439670117e-09
     7	1.4583230636e-08
     8	1.21393414262e-08
     9	1.05736110354e-08

Measurement: edge100_ro58
  step	V(ro58_out)={VTHRESH} 
     1	7.45747990187e-09
     2	6.34417138646e-09
     3	5.62125414196e-09
     4	1.03125876212e-08
     5	8.61536656498e-09
     6	7.53439740886e-09
     7	1.47932806597e-08
     8	1.22667594566e-08
     9	1.06606544297e-08

Measurement: edge100_ro59
  step	V(ro59_out)={VTHRESH} 
     1	7.71683458229e-09
     2	6.52816399842e-09
     3	5.7511005791e-09
     4	1.07463929828e-08
     5	8.90726352571e-09
     6	7.74733856438e-09
     7	1.550931967e-08
     8	1.27535436265e-08
     9	1.1021836318e-08

Measurement: edge100_ro60
  step	V(ro60_out)={VTHRESH} 
     1	7.18985260928e-09
     2	6.14691721196e-09
     3	5.48979806404e-09
     4	9.80876362246e-09
     5	8.2723490751e-09
     6	7.28024046422e-09
     7	1.39454801104e-08
     8	1.16794206296e-08
     9	1.02197487617e-08

Measurement: edge100_ro61
  step	V(ro61_out)={VTHRESH} 
     1	7.21731044522e-09
     2	6.18412495011e-09
     3	5.51318414033e-09
     4	9.90058174841e-09
     5	8.34497974512e-09
     6	7.3399063621e-09
     7	1.41229458322e-08
     8	1.18171443728e-08
     9	1.03315818331e-08

Measurement: edge100_ro62
  step	V(ro62_out)={VTHRESH} 
     1	7.60774740348e-09
     2	6.44189161347e-09
     3	5.69124085542e-09
     4	1.05714208885e-08
     5	8.79087423992e-09
     6	7.66205184296e-09
     7	1.52461436392e-08
     8	1.25782650018e-08
     9	1.08928055571e-08

Measurement: edge100_ro63
  step	V(ro63_out)={VTHRESH} 
     1	7.43206902378e-09
     2	6.34221792634e-09
     3	5.61652439539e-09
     4	1.02745443843e-08
     5	8.6002175667e-09
     6	7.52747889219e-09
     7	1.47533719849e-08
     8	1.22567767783e-08
     9	1.06608193463e-08

Measurement: edge100_ro64
  step	V(ro64_out)={VTHRESH} 
     1	7.97962926243e-09
     2	6.68948728804e-09
     3	5.87715442994e-09
     4	1.13002095407e-08
     5	9.2807518444e-09
     6	8.02083887335e-09
     7	1.64985804052e-08
     8	1.34368991803e-08
     9	1.15324762968e-08

Measurement: edge100_ro65
  step	V(ro65_out)={VTHRESH} 
     1	7.69628836886e-09
     2	6.48230445405e-09
     3	5.72940169764e-09
     4	1.08041739661e-08
     5	8.92361135559e-09
     6	7.7501504773e-09
     7	1.566224103e-08
     8	1.28230037104e-08
     9	1.10584743398e-08

Measurement: edge100_ro66
  step	V(ro66_out)={VTHRESH} 
     1	7.70931827633e-09
     2	6.50215080354e-09
     3	5.73305008795e-09
     4	1.07724734398e-08
     5	8.91581912324e-09
     6	7.74567892786e-09
     7	1.55692506131e-08
     8	1.27760114261e-08
     9	1.10301164164e-08

Measurement: edge100_ro67
  step	V(ro67_out)={VTHRESH} 
     1	6.76331604456e-09
     2	5.87906397203e-09
     3	5.28022711334e-09
     4	9.13259843141e-09
     5	7.81245614016e-09
     6	6.94246992794e-09
     7	1.28598416275e-08
     8	1.09285984624e-08
     9	9.66002399292e-09

Measurement: edge100_ro68
  step	V(ro68_out)={VTHRESH} 
     1	7.35004369553e-09
     2	6.27492309728e-09
     3	5.56894775987e-09
     4	1.01415285503e-08
     5	8.50117645147e-09
     6	7.45065857118e-09
     7	1.45198731053e-08
     8	1.2082991293e-08
     9	1.05261746663e-08

Measurement: edge100_ro69
  step	V(ro69_out)={VTHRESH} 
     1	7.25267477609e-09
     2	6.19550670929e-09
     3	5.52486225373e-09
     4	9.92057962129e-09
     5	8.35199816167e-09
     6	7.34338982282e-09
     7	1.41317946326e-08
     8	1.18158809121e-08
     9	1.03293900199e-08

Measurement: edge100_ro70
  step	V(ro70_out)={VTHRESH} 
     1	7.79463912212e-09
     2	6.54963266973e-09
     3	5.78422996296e-09
     4	1.09336231821e-08
     5	9.03428405518e-09
     6	7.84023853234e-09
     7	1.5856700163e-08
     8	1.29956994371e-08
     9	1.12025595536e-08

Measurement: edge100_ro71
  step	V(ro71_out)={VTHRESH} 
     1	7.40661221994e-09
     2	6.31324729878e-09
     3	5.59135962227e-09
     4	1.02575315558e-08
     5	8.57809594133e-09
     6	7.50604059532e-09
     7	1.47358155824e-08
     8	1.22297561331e-08
     9	1.06340809726e-08

Measurement: edge100_ro72
  step	V(ro72_out)={VTHRESH} 
     1	7.35998741256e-09
     2	6.27804873418e-09
     3	5.58012336758e-09
     4	1.0150574676e-08
     5	8.51896728339e-09
     6	7.46749376356e-09
     7	1.45419201234e-08
     8	1.21136806768e-08
     9	1.05563319098e-08

Measurement: edge100_ro73
  step	V(ro73_out)={VTHRESH} 
     1	7.77223738133e-09
     2	6.52951399321e-09
     3	5.75221951346e-09
     4	1.09769240888e-08
     5	9.01841101032e-09
     6	7.81149635305e-09
     7	1.59551522565e-08
     8	1.299076895e-08
     9	1.11708057746e-08

Measurement: edge100_ro74
  step	V(ro74_out)={VTHRESH} 
     1	7.97355171525e-09
     2	6.68366846675e-09
     3	5.86612093106e-09
     4	1.12336546983e-08
     5	9.22725355527e-09
     6	7.97818470907e-09
     7	1.63468956843e-08
     8	1.33206076343e-08
     9	1.14415002685e-08

Measurement: edge100_ro75
  step	V(ro75_out)={VTHRESH} 
     1	7.53887498914e-09
     2	6.38727276395e-09
     3	5.65505390476e-09
     4	1.04865750264e-08
     5	8.73196105155e-09
     6	7.61904277874e-09
     7	1.5126281584e-08
     8	1.24981745471e-08
     9	1.08321251507e-08

Measurement: edge100_ro76
  step	V(ro76_out)={VTHRESH} 
     1	7.89160579814e-09
     2	6.61825927846e-09
     3	5.8164256335e-09
     4	1.11458404869e-08
     5	9.16113605949e-09
     6	7.9277361832e-09
     7	1.62328732358e-08
     8	1.32295524624e-08
     9	1.13672235447e-08

Measurement: edge100_ro77
  step	V(ro77_out)={VTHRESH} 
     1	6.57387688683e-09
     2	5.75188918017e-09
     3	5.18356462829e-09
     4	8.79903453001e-09
     5	7.57343947488e-09
     6	6.76179824686e-09
     7	1.23016456829e-08
     8	1.05224510747e-08
     9	9.34730095784e-09

Measurement: edge100_ro78
  step	V(ro78_out)={VTHRESH} 
     1	7.7358902176e-09
     2	6.53480643974e-09
     3	5.75281415323e-09
     4	1.08151993299e-08
     5	8.96409639039e-09
     6	7.79282279984e-09
     7	1.56497748893e-08
     8	1.28706375449e-08
     9	1.11164286576e-08

Measurement: edge100_ro79
  step	V(ro79_out)={VTHRESH} 
     1	7.37958122079e-09
     2	6.28776136142e-09
     3	5.57318745943e-09
     4	1.0205512307e-08
     5	8.53858292952e-09
     6	7.47556412614e-09
     7	1.46424724505e-08
     8	1.21564744101e-08
     9	1.05759527048e-08

Measurement: edge100_ro80
  step	V(ro80_out)={VTHRESH} 
     1	7.72670060375e-09
     2	6.51651837689e-09
     3	5.74673626607e-09
     4	1.07597832682e-08
     5	8.93176686348e-09
     6	7.77086072471e-09
     7	1.55651309416e-08
     8	1.28205043424e-08
     9	1.10824909611e-08

Measurement: edge100_ro81
  step	V(ro81_out)={VTHRESH} 
     1	7.35839040016e-09
     2	6.28587635265e-09
     3	5.57495467968e-09
     4	1.02051013811e-08
     5	8.54227221667e-09
     6	7.48074776549e-09
     7	1.46555549701e-08
     8	1.21750599719e-08
     9	1.05940943033e-08

Measurement: edge100_ro82
  step	V(ro82_out)={VTHRESH} 
     1	7.68653200708e-09
     2	6.49862894682e-09
     3	5.74900572862e-09
     4	1.07182069755e-08
     5	8.89678865084e-09
     6	7.7426838528e-09
     7	1.54835068052e-08
     8	1.27551049051e-08
     9	1.10296469786e-08

Measurement: edge100_ro83
  step	V(ro83_out)={VTHRESH} 
     1	7.00408701259e-09
     2	6.02647779489e-09
     3	5.39250565065e-09
     4	9.55156032728e-09
     5	8.08943776476e-09
     6	7.14482406291e-09
     7	1.35539356338e-08
     8	1.13978519808e-08
     9	1.0009622488e-08

Measurement: edge100_ro84
  step	V(ro84_out)={VTHRESH} 
     1	7.87757396099e-09
     2	6.61880370573e-09
     3	5.81959923834e-09
     4	1.11128807322e-08
     5	9.15804864604e-09
     6	7.93136622064e-09
     7	1.61831878783e-08
     8	1.32265352694e-08
     9	1.13780107754e-08

Measurement: edge100_ro85
  step	V(ro85_out)={VTHRESH} 
     1	7.48533261722e-09
     2	6.35022029999e-09
     3	5.63597852225e-09
     4	1.03392920206e-08
     5	8.63390517637e-09
     6	7.54616807959e-09
     7	1.48322452545e-08
     8	1.22926224787e-08
     9	1.06784234833e-08

Measurement: edge100_ro86
  step	V(ro86_out)={VTHRESH} 
     1	8.02956027144e-09
     2	6.7081986663e-09
     3	5.87546301486e-09
     4	1.13899341485e-08
     5	9.30857682545e-09
     6	8.02688128387e-09
     7	1.66386598385e-08
     8	1.34791181392e-08
     9	1.15400903846e-08

Measurement: edge100_ro87
  step	V(ro87_out)={VTHRESH} 
     1	7.1019338392e-09
     2	6.10444959932e-09
     3	5.44685499869e-09
     4	9.6931180016e-09
     5	8.19474663418e-09
     6	7.22644872095e-09
     7	1.37702065306e-08
     8	1.15611062282e-08
     9	1.01365401768e-08

Measurement: edge100_ro88
  step	V(ro88_out)={VTHRESH} 
     1	8.0801753758e-09
     2	6.74867302984e-09
     3	5.91829752086e-09
     4	1.14509588068e-08
     5	9.37423458112e-09
     6	8.08536723027e-09
     7	1.67299921448e-08
     8	1.35800553522e-08
     9	1.16300447996e-08

Measurement: edge100_ro89
  step	V(ro89_out)={VTHRESH} 
     1	7.33454970325e-09
     2	6.2369533943e-09
     3	5.54711937811e-09
     4	1.01328680101e-08
     5	8.48371946904e-09
     6	7.43226919064e-09
     7	1.45398460519e-08
     8	1.2078122516e-08
     9	1.05131911904e-08

Measurement: edge100_ro90
  step	V(ro90_out)={VTHRESH} 
     1	7.4586759941e-09
     2	6.34529024586e-09
     3	5.62090437552e-09
     4	1.03248800059e-08
     5	8.62624649918e-09
     6	7.54129414435e-09
     7	1.48370872171e-08
     8	1.23020258145e-08
     9	1.06898535688e-08

Measurement: edge100_ro91
  step	V(ro91_out)={VTHRESH} 
     1	7.37080532447e-09
     2	6.27547728921e-09
     3	5.56840295694e-09
     4	1.01987825349e-08
     5	8.53102805617e-09
     6	7.46929868095e-09
     7	1.46225850454e-08
     8	1.21382570582e-08
     9	1.05607249962e-08

Measurement: edge100_ro92
  step	V(ro92_out)={VTHRESH} 
     1	8.28212766159e-09
     2	6.86853288236e-09
     3	5.99154110279e-09
     4	1.18724566544e-08
     5	9.63167260385e-09
     6	8.26312336309e-09
     7	1.74808680849e-08
     8	1.40511391598e-08
     9	1.1963067346e-08

Measurement: edge100_ro93
  step	V(ro93_out)={VTHRESH} 
     1	8.01452249178e-09
     2	6.71172604796e-09
     3	5.88733586108e-09
     4	1.1336941256e-08
     5	9.30495585751e-09
     6	8.03653805829e-09
     7	1.65535529007e-08
     8	1.34723784409e-08
     9	1.15556104642e-08

Measurement: edge100_ro94
  step	V(ro94_out)={VTHRESH} 
     1	7.41250606916e-09
     2	6.32303405604e-09
     3	5.60945284821e-09
     4	1.02415729417e-08
     5	8.58541242641e-09
     6	7.51963305224e-09
     7	1.46946902993e-08
     8	1.22298347956e-08
     9	1.06464690631e-08

Measurement: edge100_ro95
  step	V(ro95_out)={VTHRESH} 
     1	7.52452947599e-09
     2	6.38173114737e-09
     3	5.65661903019e-09
     4	1.04255593338e-08
     5	8.70088708557e-09
     6	7.59970762811e-09
     7	1.50047938684e-08
     8	1.24279216589e-08
     9	1.07876985349e-08

Measurement: edge100_ro96
  step	V(ro96_out)={VTHRESH} 
     1	7.86217607346e-09
     2	6.5812464738e-09
     3	5.78091990695e-09
     4	1.11261978955e-08
     5	9.11192571773e-09
     6	7.87503162937e-09
     7	1.6199953696e-08
     8	1.31448730019e-08
     9	1.12766952073e-08

Measurement: edge100_ro97
  step	V(ro97_out)={VTHRESH} 
     1	7.64366355154e-09
     2	6.45494468203e-09
     3	5.69931358681e-09
     4	1.06776381401e-08
     5	8.84389324318e-09
     6	7.69315579103e-09
     7	1.54389943449e-08
     8	1.26801714087e-08
     9	1.09543317887e-08

Measurement: edge100_ro98
  step	V(ro98_out)={VTHRESH} 
     1	7.21768497272e-09
     2	6.17883616167e-09
     3	5.51205896681e-09
     4	9.90359047142e-09
     5	8.34816491903e-09
     6	7.34168584759e-09
     7	1.41351872278e-08
     8	1.18306617145e-08
     9	1.03435826142e-08

Measurement: edge100_ro99
  step	V(ro99_out)={VTHRESH} 
     1	7.24975203747e-09
     2	6.19908386482e-09
     3	5.51613610161e-09
     4	9.95818183757e-09
     5	8.37299666189e-09
     6	7.35391209244e-09
     7	1.42280049649e-08
     8	1.18758603538e-08
     9	1.03674371077e-08

Measurement: edge100_ro100
  step	V(ro100_out)={VTHRESH} 
     1	7.12291080853e-09
     2	6.11781715721e-09
     3	5.4583700521e-09
     4	9.69258010379e-09
     5	8.19647952495e-09
     6	7.22628045931e-09
     7	1.37520819927e-08
     8	1.15498900916e-08
     9	1.01249137926e-08

Measurement: edge100_ro101
  step	V(ro101_out)={VTHRESH} 
     1	7.58592852833e-09
     2	6.39530843644e-09
     3	5.64948013485e-09
     4	1.06165691503e-08
     5	8.769101325e-09
     6	7.62733998408e-09
     7	1.53208147798e-08
     8	1.25446709673e-08
     9	1.0835007075e-08

Measurement: edge100_ro102
  step	V(ro102_out)={VTHRESH} 
     1	7.30086366461e-09
     2	6.21942992491e-09
     3	5.53518108857e-09
     4	1.00885991629e-08
     5	8.44489401658e-09
     6	7.40045014244e-09
     7	1.44516948591e-08
     8	1.20020071221e-08
     9	1.04501823336e-08

Measurement: edge100_ro103
  step	V(ro103_out)={VTHRESH} 
     1	7.01362444053e-09
     2	6.04793346415e-09
     3	5.41163628705e-09
     4	9.51852371649e-09
     5	8.08685553192e-09
     6	7.14976654432e-09
     7	1.34795994697e-08
     8	1.13756445754e-08
     9	1.00021839715e-08

Measurement: edge100_ro104
  step	V(ro104_out)={VTHRESH} 
     1	6.89861242915e-09
     2	5.97050628655e-09
     3	5.35538891126e-09
     4	9.31199853296e-09
     5	7.94200919505e-09
     6	7.03944507177e-09
     7	1.31220109962e-08
     8	1.11167297607e-08
     9	9.80377666422e-09

Measurement: edge100_ro105
  step	V(ro105_out)={VTHRESH} 
     1	6.97735666556e-09
     2	6.02532399207e-09
     3	5.39389091958e-09
     4	9.4795825119e-09
     5	8.05856940093e-09
     6	7.12959453767e-09
     7	1.34187806014e-08
     8	1.13302894089e-08
     9	9.96815989096e-09

Measurement: edge100_ro106
  step	V(ro106_out)={VTHRESH} 
     1	7.31869422641e-09
     2	6.2438712042e-09
     3	5.5605679627e-09
     4	1.00472412355e-08
     5	8.44904294182e-09
     6	7.41869260986e-09
     7	1.4354368877e-08
     8	1.19860179801e-08
     9	1.04638832962e-08

Measurement: edge100_ro107
  step	V(ro107_out)={VTHRESH} 
     1	7.34554370997e-09
     2	6.25390605835e-09
     3	5.55730370801e-09
     4	1.00998125453e-08
     5	8.47172068618e-09
     6	7.42942192327e-09
     7	1.44403367989e-08
     8	1.20236684491e-08
     9	1.04806833051e-08

Measurement: edge100_ro108
  step	V(ro108_out)={VTHRESH} 
     1	7.05669348355e-09
     2	6.0654222058e-09
     3	5.4229862891e-09
     4	9.65245511343e-09
     5	8.16891737468e-09
     6	7.20639724335e-09
     7	1.37332059343e-08
     8	1.15397267941e-08
     9	1.01198845559e-08

Measurement: edge100_ro109
  step	V(ro109_out)={VTHRESH} 
     1	7.60785688172e-09
     2	6.436543092e-09
     3	5.68917043299e-09
     4	1.05986725446e-08
     5	8.80110209668e-09
     6	7.66793715428e-09
     7	1.52754939739e-08
     8	1.25861176028e-08
     9	1.08949033458e-08

Measurement: edge100_ro110
  step	V(ro110_out)={VTHRESH} 
     1	7.18018448845e-09
     2	6.15212481204e-09
     3	5.49379455781e-09
     4	9.8438026032e-09
     5	8.30902287124e-09
     6	7.31384010162e-09
     7	1.40413233973e-08
     8	1.17686694094e-08
     9	1.02985347722e-08

Measurement: edge100_ro111
  step	V(ro111_out)={VTHRESH} 
     1	7.13921062684e-09
     2	6.14569692772e-09
     3	5.47485921405e-09
     4	9.77676377144e-09
     5	8.25989142817e-09
     6	7.27766856482e-09
     7	1.39108212819e-08
     8	1.16689746374e-08
     9	1.02212599435e-08

Measurement: edge100_ro112
  step	V(ro112_out)={VTHRESH} 
     1	7.41920055261e-09
     2	6.31726487336e-09
     3	5.60535853238e-09
     4	1.02498780144e-08
     5	8.57687770674e-09
     6	7.50840224718e-09
     7	1.4692000853e-08
     8	1.22017332868e-08
     9	1.061531319e-08

Measurement: edge100_ro113
  step	V(ro113_out)={VTHRESH} 
     1	7.19804294175e-09
     2	6.14642783778e-09
     3	5.47950110469e-09
     4	9.91341144953e-09
     5	8.32600203918e-09
     6	7.31265401202e-09
     7	1.41693640213e-08
     8	1.18077609777e-08
     9	1.03039081299e-08

Measurement: edge100_ro114
  step	V(ro114_out)={VTHRESH} 
     1	7.73837491778e-09
     2	6.51161457452e-09
     3	5.7430749093e-09
     4	1.07981591703e-08
     5	8.93927273712e-09
     6	7.7690413592e-09
     7	1.56248409283e-08
     8	1.28331508213e-08
     9	1.10793092446e-08

Measurement: edge100_ro115
  step	V(ro115_out)={VTHRESH} 
     1	7.23576679786e-09
     2	6.19722674002e-09
     3	5.5193739669e-09
     4	9.93580289824e-09
     5	8.37138911348e-09
     6	7.35953182795e-09
     7	1.41835067791e-08
     8	1.18654429979e-08
     9	1.03699560423e-08

Measurement: edge100_ro116
  step	V(ro116_out)={VTHRESH} 
     1	7.33589792328e-09
     2	6.26221551196e-09
     3	5.56020065731e-09
     4	1.01228713554e-08
     5	8.47446232472e-09
     6	7.42592162757e-09
     7	1.44802059876e-08
     8	1.20276885683e-08
     9	1.04732570107e-08

Measurement: edge100_ro117
  step	V(ro117_out)={VTHRESH} 
     1	8.04433556719e-09
     2	6.7243423497e-09
     3	5.89002985078e-09
     4	1.14020265117e-08
     5	9.33319859999e-09
     6	8.05225421925e-09
     7	1.66560634598e-08
     8	1.3518872893e-08
     9	1.15800761878e-08

Measurement: edge100_ro118
  step	V(ro118_out)={VTHRESH} 
     1	7.34929738019e-09
     2	6.26404255087e-09
     3	5.55193639895e-09
     4	1.01521140671e-08
     5	8.50140050781e-09
     6	7.44562822477e-09
     7	1.45558659652e-08
     8	1.20927404082e-08
     9	1.05252554552e-08

Measurement: edge100_ro119
  step	V(ro119_out)={VTHRESH} 
     1	7.04368021539e-09
     2	6.04975316448e-09
     3	5.40672503462e-09
     4	9.63818414839e-09
     5	8.14344329005e-09
     6	7.18246646239e-09
     7	1.37051531291e-08
     8	1.14956508318e-08
     9	1.00784702136e-08

Measurement: edge100_ro120
  step	V(ro120_out)={VTHRESH} 
     1	7.54844135461e-09
     2	6.38609275873e-09
     3	5.66096551327e-09
     4	1.0473444242e-08
     5	8.73176954112e-09
     6	7.62256368979e-09
     7	1.50836963493e-08
     8	1.24781864203e-08
     9	1.08247339965e-08

Measurement: edge100_ro121
  step	V(ro121_out)={VTHRESH} 
     1	7.83653499096e-09
     2	6.58624047534e-09
     3	5.79782530639e-09
     4	1.09657163922e-08
     5	9.03938515155e-09
     6	7.83717053575e-09
     7	1.58756869175e-08
     8	1.29768462411e-08
     9	1.11744645805e-08

Measurement: edge100_ro122
  step	V(ro122_out)={VTHRESH} 
     1	7.55788267759e-09
     2	6.406992524e-09
     3	5.67118875743e-09
     4	1.05200144285e-08
     5	8.75998520403e-09
     6	7.64169657113e-09
     7	1.5168522025e-08
     8	1.25331244222e-08
     9	1.08625522475e-08

Measurement: edge100_ro123
  step	V(ro123_out)={VTHRESH} 
     1	7.1337922903e-09
     2	6.1317234935e-09
     3	5.46173309022e-09
     4	9.76154306015e-09
     5	8.24240120483e-09
     6	7.26067990661e-09
     7	1.39060009562e-08
     8	1.16570640603e-08
     9	1.02080069342e-08

Measurement: edge100_ro124
  step	V(ro124_out)={VTHRESH} 
     1	7.46955047484e-09
     2	6.3445292979e-09
     3	5.61743685039e-09
     4	1.03052409112e-08
     5	8.59007469108e-09
     6	7.5093292379e-09
     7	1.47608113559e-08
     8	1.22136288226e-08
     9	1.0609725506e-08

Measurement: edge100_ro125
  step	V(ro125_out)={VTHRESH} 
     1	7.47168850582e-09
     2	6.34463129789e-09
     3	5.62942661131e-09
     4	1.0345887548e-08
     5	8.64504599028e-09
     6	7.55774392905e-09
     7	1.48754269016e-08
     8	1.23362447557e-08
     9	1.07168066619e-08

Measurement: edge100_ro126
  step	V(ro126_out)={VTHRESH} 
     1	8.00434200864e-09
     2	6.7117048433e-09
     3	5.8852768565e-09
     4	1.13326384553e-08
     5	9.30441427686e-09
     6	8.0377783275e-09
     7	1.65432423306e-08
     8	1.34679246434e-08
     9	1.15543480219e-08

Measurement: edge100_ro127
  step	V(ro127_out)={VTHRESH} 
     1	7.44693925437e-09
     2	6.34453733745e-09
     3	5.62581393045e-09
     4	1.02813778462e-08
     5	8.61289373052e-09
     6	7.54002237844e-09
     7	1.47508601175e-08
     8	1.226826403e-08
     9	1.06755967294e-08
