LTspice 26.0.2 for Windows
Circuit: C:\Users\JUST\Documents\LTspice\RO_PUF_PVT_100\chip_006_PVT.net
Start Time: Sun Jul 19 16:48:33 2026
Options:plotwinsize=0 numdgt=10 reltol=1e-4 abstol=1e-12 vntol=1e-6 reltol=0.003 vntol=1m abstol=1e-10 gmin=1e-10 threads=1

.step vddval=0.9 temp=-20°
solver = Normal
Maximum thread count: 1
tnom = 27
temp = -20
method = trap
gmin = 1e-10
abstol = 1e-10
reltol = 0.003
volttol = 0.001
Per .tran options, skipping operating point for transient analysis.

.step vddval=1 temp=-20°

.step vddval=1.1 temp=-20°

.step vddval=0.9 temp=25°

.step vddval=1 temp=25°

.step vddval=1.1 temp=25°

.step vddval=0.9 temp=80°

.step vddval=1 temp=80°

.step vddval=1.1 temp=80°
Total elapsed time: 1515.621 seconds.

Files loaded:
C:\Users\JUST\Documents\LTspice\RO_PUF_PVT_100\chip_006_PVT.net
C:\Users\JUST\Documents\LTspice\RO_PUF_PVT_100\45nm_HP.pm
C:\Users\JUST\Documents\LTspice\RO_PUF_PVT_100\chip_006_mismatch.inc


Measurement: t_ro0
  step	t_ro0	FROM	TO
     1	5.71592729123e-09	1.36460923048e-09	7.08053652171e-09
     2	4.91644408186e-09	1.17280115069e-09	6.08924523255e-09
     3	4.39402196308e-09	1.04805053178e-09	5.44207249486e-09
     4	7.80041704597e-09	1.86041044464e-09	9.66082749061e-09
     5	6.60624191184e-09	1.57512964194e-09	8.18137155378e-09
     6	5.8297059508e-09	1.38972719265e-09	7.21943314345e-09
     7	1.10854909424e-08	2.64126642973e-09	1.37267573721e-08
     8	9.32268411054e-09	2.22104688261e-09	1.15437309932e-08
     9	8.17923478514e-09	1.94839658223e-09	1.01276313674e-08

Measurement: t_ro1
  step	t_ro1	FROM	TO
     1	6.10023184738e-09	1.46545295431e-09	7.56568480169e-09
     2	5.16133928349e-09	1.2377497759e-09	6.39908905938e-09
     3	4.56509494942e-09	1.09308756286e-09	5.65818251229e-09
     4	8.51347791822e-09	2.04611739368e-09	1.05595953119e-08
     5	7.06729821574e-09	1.69634039737e-09	8.76363861311e-09
     6	6.1582680959e-09	1.47626678955e-09	7.63453488545e-09
     7	1.22927461039e-08	2.95510888274e-09	1.52478549866e-08
     8	1.01201339838e-08	2.43028882197e-09	1.25504228057e-08
     9	8.75937300683e-09	2.10151388433e-09	1.08608868912e-08

Measurement: t_ro2
  step	t_ro2	FROM	TO
     1	5.74697566314e-09	1.37815765818e-09	7.12513332132e-09
     2	4.93316839423e-09	1.18041704271e-09	6.11358543694e-09
     3	4.40464377176e-09	1.05336079262e-09	5.45800456438e-09
     4	7.82635105199e-09	1.87800223663e-09	9.70435328862e-09
     5	6.62117216242e-09	1.58484857317e-09	8.20602073559e-09
     6	5.83976881098e-09	1.39643522935e-09	7.23620404033e-09
     7	1.11126670799e-08	2.6670460392e-09	1.37797131191e-08
     8	9.33611812245e-09	2.23491366548e-09	1.15710317879e-08
     9	8.1868547031e-09	1.95756378461e-09	1.01444184877e-08

Measurement: t_ro3
  step	t_ro3	FROM	TO
     1	6.06109591649e-09	1.45649654763e-09	7.51759246413e-09
     2	5.14448915174e-09	1.23417793451e-09	6.37866708626e-09
     3	4.5565522918e-09	1.0920478473e-09	5.6486001391e-09
     4	8.4106086705e-09	2.02169021997e-09	1.04322988905e-08
     5	7.01813726099e-09	1.68492959639e-09	8.70306685738e-09
     6	6.13019864913e-09	1.47024917586e-09	7.60044782499e-09
     7	1.21088193785e-08	2.91115868442e-09	1.50199780629e-08
     8	1.00262071232e-08	2.40796311105e-09	1.24341702342e-08
     9	8.70211003233e-09	2.08808913804e-09	1.07901991704e-08

Measurement: t_ro4
  step	t_ro4	FROM	TO
     1	6.0800020942e-09	1.46595742645e-09	7.54595952065e-09
     2	5.15758840655e-09	1.24098456167e-09	6.39857296822e-09
     3	4.56444012908e-09	1.09702297493e-09	5.66146310401e-09
     4	8.46253060446e-09	2.04243686208e-09	1.05049674665e-08
     5	7.04612594998e-09	1.69746938369e-09	8.74359533367e-09
     6	6.14805483344e-09	1.47945836902e-09	7.62751320246e-09
     7	1.21968434493e-08	2.94520521572e-09	1.5142048665e-08
     8	1.00766564474e-08	2.42930031437e-09	1.25059567618e-08
     9	8.73526434046e-09	2.10369420855e-09	1.0838958549e-08

Measurement: t_ro5
  step	t_ro5	FROM	TO
     1	6.38930518891e-09	1.53192345062e-09	7.92122863954e-09
     2	5.36316881816e-09	1.28433945603e-09	6.64750827419e-09
     3	4.71669089624e-09	1.12832553253e-09	5.84501642877e-09
     4	8.99396783022e-09	2.15704198858e-09	1.11510098188e-08
     5	7.40741457208e-09	1.77411979322e-09	9.1815343653e-09
     6	6.41369771477e-09	1.53454855824e-09	7.94824627301e-09
     7	1.308635891e-08	3.13788882407e-09	1.6224247734e-08
     8	1.06920697785e-08	2.56053856634e-09	1.32526083448e-08
     9	9.19570421794e-09	2.20001610722e-09	1.13957203252e-08

Measurement: t_ro6
  step	t_ro6	FROM	TO
     1	6.42566613369e-09	1.54286277932e-09	7.96852891302e-09
     2	5.39191978904e-09	1.29281312974e-09	6.68473291879e-09
     3	4.73127091e-09	1.13429887224e-09	5.86556978224e-09
     4	9.09167317678e-09	2.18405152849e-09	1.12757247053e-08
     5	7.46637442359e-09	1.79127856396e-09	9.25765298755e-09
     6	6.45302891486e-09	1.54799856212e-09	8.00102747699e-09
     7	1.32617190083e-08	3.02058181184e-09	1.62823008201e-08
     8	1.07983419781e-08	2.5916162893e-09	1.33899582674e-08
     9	9.26779433283e-09	2.22427087247e-09	1.14920652053e-08

Measurement: t_ro7
  step	t_ro7	FROM	TO
     1	6.01459159576e-09	1.44337784265e-09	7.45796943841e-09
     2	5.12000446489e-09	1.2270409096e-09	6.34704537449e-09
     3	4.54206372853e-09	1.08870443408e-09	5.63076816261e-09
     4	8.31199662464e-09	1.99485752971e-09	1.03068541543e-08
     5	6.95646823492e-09	1.66817055805e-09	8.62463879297e-09
     6	6.08741505341e-09	1.45925829663e-09	7.54667335004e-09
     7	1.19289667581e-08	2.86284334506e-09	1.47918101031e-08
     8	9.90943114073e-09	2.37631613233e-09	1.22857472731e-08
     9	8.6181481842e-09	2.06603137589e-09	1.06841795601e-08

Measurement: t_ro8
  step	t_ro8	FROM	TO
     1	5.68235597853e-09	1.35808012187e-09	7.0404361004e-09
     2	4.88239663566e-09	1.16511002672e-09	6.04750666238e-09
     3	4.36174796281e-09	1.04032050114e-09	5.40206846395e-09
     4	7.74778542934e-09	1.84796531148e-09	9.59575074083e-09
     5	6.54937460081e-09	1.56169000674e-09	8.11106460754e-09
     6	5.77764721661e-09	1.37736182685e-09	7.15500904345e-09
     7	1.10073265094e-08	2.46831639239e-09	1.34756429018e-08
     8	9.23293245666e-09	2.19715914676e-09	1.14300916034e-08
     9	8.09533147555e-09	1.92756541973e-09	1.00228968953e-08

Measurement: t_ro9
  step	t_ro9	FROM	TO
     1	5.88725007784e-09	1.41261968369e-09	7.29986976153e-09
     2	5.029817551e-09	1.20532675312e-09	6.23514430412e-09
     3	4.48000187227e-09	1.07218558491e-09	5.55218745718e-09
     4	8.1194592325e-09	1.94883529453e-09	1.0068294527e-08
     5	6.82523611656e-09	1.63614757799e-09	8.46138369455e-09
     6	5.99044700666e-09	1.43483525401e-09	7.42528226067e-09
     7	1.16320761517e-08	2.7919675739e-09	1.44240437256e-08
     8	9.70640780192e-09	2.32705816822e-09	1.20334659701e-08
     9	8.46738631464e-09	2.02845442823e-09	1.04958407429e-08

Measurement: t_ro10
  step	t_ro10	FROM	TO
     1	6.07999768086e-09	1.46033038146e-09	7.54032806231e-09
     2	5.14346610096e-09	1.23461015757e-09	6.37807625853e-09
     3	4.56464173532e-09	1.0947101927e-09	5.65935192802e-09
     4	8.43173740825e-09	2.02766985048e-09	1.04594072587e-08
     5	7.03266826601e-09	1.68938836626e-09	8.72205663226e-09
     6	6.14061637546e-09	1.47357017515e-09	7.61418655061e-09
     7	1.21438039082e-08	2.92092392609e-09	1.50647278343e-08
     8	1.004930046e-08	2.41442383649e-09	1.24637242965e-08
     9	8.71969854407e-09	2.09321533827e-09	1.08129138823e-08

Measurement: t_ro11
  step	t_ro11	FROM	TO
     1	5.8315293978e-09	1.39610336281e-09	7.22763276062e-09
     2	4.98555447894e-09	1.19155655533e-09	6.17711103427e-09
     3	4.44293601113e-09	1.06106051815e-09	5.50399652928e-09
     4	8.03672602914e-09	1.92394588642e-09	9.96067191556e-09
     5	6.75506835738e-09	1.61447240955e-09	8.36954076693e-09
     6	5.93407932513e-09	1.41696616797e-09	7.3510454931e-09
     7	1.14931394691e-08	2.75059180543e-09	1.42437312745e-08
     8	9.58630460572e-09	2.2908397177e-09	1.18771443234e-08
     9	8.36846903366e-09	1.997974297e-09	1.03664433307e-08

Measurement: t_ro12
  step	t_ro12	FROM	TO
     1	5.52658625752e-09	1.32172246982e-09	6.84830872734e-09
     2	4.79188814229e-09	1.14497980498e-09	5.93686794727e-09
     3	4.30306009557e-09	1.02778281633e-09	5.3308429119e-09
     4	7.45974882126e-09	1.78378203083e-09	9.2435308521e-09
     5	6.3729832508e-09	1.52237143582e-09	7.89535468663e-09
     6	5.65721002816e-09	1.3508043682e-09	7.00801439636e-09
     7	1.05107306704e-08	2.512531354e-09	1.30232620244e-08
     8	8.92226930768e-09	2.13073578204e-09	1.10530050897e-08
     9	7.87865759357e-09	1.88054903217e-09	9.75920662573e-09

Measurement: t_ro13
  step	t_ro13	FROM	TO
     1	5.80732381497e-09	1.40064164433e-09	7.2079654593e-09
     2	4.96906457357e-09	1.19729426853e-09	6.16635884209e-09
     3	4.4288359013e-09	1.06631840216e-09	5.49515430346e-09
     4	7.98363432162e-09	1.92793406564e-09	9.91156838726e-09
     5	6.71497365431e-09	1.61976451551e-09	8.33473816983e-09
     6	5.90206541621e-09	1.42258720783e-09	7.32465262403e-09
     7	1.13957797151e-08	2.75397222204e-09	1.41497519372e-08
     8	9.51258855758e-09	2.29633390225e-09	1.18089224598e-08
     9	8.30966884785e-09	2.00451326305e-09	1.03141821109e-08

Measurement: t_ro14
  step	t_ro14	FROM	TO
     1	6.3084771257e-09	1.51087118962e-09	7.81934831533e-09
     2	5.29671484777e-09	1.26694264112e-09	6.56365748889e-09
     3	4.67205795902e-09	1.11656296552e-09	5.78862092454e-09
     4	8.86673311568e-09	2.12338754223e-09	1.09901206579e-08
     5	7.31686045348e-09	1.7498602069e-09	9.06672066039e-09
     6	6.34497448879e-09	1.51617222394e-09	7.86114671273e-09
     7	1.28792574053e-08	3.08343226169e-09	1.5962689667e-08
     8	1.05411631643e-08	2.52051237418e-09	1.30616755385e-08
     9	9.0789570375e-09	2.16909338517e-09	1.12480504227e-08

Measurement: t_ro15
  step	t_ro15	FROM	TO
     1	5.97143630204e-09	1.43228430588e-09	7.40372060792e-09
     2	5.08528403324e-09	1.21755090687e-09	6.30283494011e-09
     3	4.51568926839e-09	1.08034967011e-09	5.59603893851e-09
     4	8.26589000128e-09	1.98304637541e-09	1.02489363767e-08
     5	6.91938832045e-09	1.65740597652e-09	8.57679429696e-09
     6	6.05937621324e-09	1.4499405288e-09	7.50931674204e-09
     7	1.18635415407e-08	2.84586779278e-09	1.47094093334e-08
     8	9.85635907437e-09	2.36099630294e-09	1.22173553773e-08
     9	8.57702803711e-09	2.05256270325e-09	1.06295907404e-08

Measurement: t_ro16
  step	t_ro16	FROM	TO
     1	5.86330179466e-09	1.4024850461e-09	7.26578684075e-09
     2	5.01946791816e-09	1.19838741103e-09	6.21785532919e-09
     3	4.47034879472e-09	1.0668209827e-09	5.53716977742e-09
     4	8.03764661347e-09	1.9229847382e-09	9.96063135167e-09
     5	6.77163212302e-09	1.61695072571e-09	8.38858284873e-09
     6	5.95258092534e-09	1.42031052599e-09	7.37289145133e-09
     7	1.14687921926e-08	2.74277068711e-09	1.42115628797e-08
     8	9.59253863284e-09	2.29009869502e-09	1.18826373279e-08
     9	8.38298778089e-09	1.99976382268e-09	1.03827516036e-08

Measurement: t_ro17
  step	t_ro17	FROM	TO
     1	6.21326845353e-09	1.4948882867e-09	7.70815674023e-09
     2	5.24218672728e-09	1.25969783755e-09	6.50188456483e-09
     3	4.62457824235e-09	1.10970340735e-09	5.7342816497e-09
     4	8.71435063762e-09	2.09789943908e-09	1.08122500767e-08
     5	7.21154897468e-09	1.73454216755e-09	8.94609114223e-09
     6	6.26661618218e-09	1.5054937271e-09	7.77210990928e-09
     7	1.26401838936e-08	3.04402939015e-09	1.56842132838e-08
     8	1.03752756147e-08	2.49649152684e-09	1.28717671416e-08
     9	8.95452401943e-09	2.15281369343e-09	1.11073377129e-08

Measurement: t_ro18
  step	t_ro18	FROM	TO
     1	6.15340692871e-09	1.47791099445e-09	7.63131792316e-09
     2	5.20306881038e-09	1.24799808371e-09	6.45106689409e-09
     3	4.60095461707e-09	1.10216641268e-09	5.70312102976e-09
     4	8.60721945346e-09	2.06770514309e-09	1.06749245965e-08
     5	7.14383071408e-09	1.71420760775e-09	8.85803832183e-09
     6	6.21857135798e-09	1.49070804471e-09	7.70927940269e-09
     7	1.24588189892e-08	2.9931342223e-09	1.54519532115e-08
     8	1.02585539388e-08	2.46204417613e-09	1.27205981149e-08
     9	8.87073951976e-09	2.12704703759e-09	1.09977865574e-08

Measurement: t_ro19
  step	t_ro19	FROM	TO
     1	5.93451657825e-09	1.43288551129e-09	7.36740208954e-09
     2	5.06247621866e-09	1.22063452718e-09	6.28311074585e-09
     3	4.49222344655e-09	1.08195133846e-09	5.57417478502e-09
     4	8.23501065685e-09	1.98974932586e-09	1.02247599827e-08
     5	6.88717530416e-09	1.66195677238e-09	8.54913207655e-09
     6	6.02928027212e-09	1.45388458552e-09	7.48316485764e-09
     7	1.18293728386e-08	2.85972503888e-09	1.46890978774e-08
     8	9.81415763099e-09	2.36997897735e-09	1.21841366083e-08
     9	8.5353467587e-09	2.05954048491e-09	1.05948872436e-08

Measurement: t_ro20
  step	t_ro20	FROM	TO
     1	6.1699978131e-09	1.47969023896e-09	7.64968805207e-09
     2	5.22048171973e-09	1.25096527782e-09	6.47144699756e-09
     3	4.61606630595e-09	1.10525493099e-09	5.72132123694e-09
     4	8.5652701569e-09	2.05442680801e-09	1.06196969649e-08
     5	7.12446961902e-09	1.70752175494e-09	8.83199137396e-09
     6	6.20838798578e-09	1.48693848553e-09	7.69532647131e-09
     7	1.23410867254e-08	2.95993495564e-09	1.5301021681e-08
     8	1.018762676e-08	2.44173466059e-09	1.26293614206e-08
     9	8.82206578425e-09	2.11308590011e-09	1.09351516844e-08

Measurement: t_ro21
  step	t_ro21	FROM	TO
     1	5.97949229805e-09	1.43888672817e-09	7.41837902622e-09
     2	5.09238210242e-09	1.22470741113e-09	6.31708951355e-09
     3	4.51746418835e-09	1.08582697617e-09	5.60329116452e-09
     4	8.29879362629e-09	1.99832754149e-09	1.02971211678e-08
     5	6.94071942836e-09	1.670278897e-09	8.61099832536e-09
     6	6.07320085117e-09	1.46080257265e-09	7.53400342381e-09
     7	1.19375443317e-08	2.87611132703e-09	1.48136556587e-08
     8	9.90788345615e-09	2.38567791423e-09	1.22935613704e-08
     9	8.61448456384e-09	2.07347181435e-09	1.06879563782e-08

Measurement: t_ro22
  step	t_ro22	FROM	TO
     1	6.18551374054e-09	1.48361899287e-09	7.66913273341e-09
     2	5.2283609387e-09	1.25177260478e-09	6.48013354348e-09
     3	4.60982373239e-09	1.1023357036e-09	5.71215943599e-09
     4	8.63540631872e-09	2.07152830458e-09	1.07069346233e-08
     5	7.15603269832e-09	1.71367622556e-09	8.86970892389e-09
     6	6.22534859909e-09	1.4888418716e-09	7.71419047069e-09
     7	1.24877200145e-08	2.99530122092e-09	1.54830212354e-08
     8	1.02649455323e-08	2.45819190064e-09	1.27231374329e-08
     9	8.8703096068e-09	2.12156337367e-09	1.09918729805e-08

Measurement: t_ro23
  step	t_ro23	FROM	TO
     1	5.73199656105e-09	1.37385708589e-09	7.10585364693e-09
     2	4.93006266541e-09	1.18027043539e-09	6.1103331008e-09
     3	4.40250810338e-09	1.05346391463e-09	5.45597201801e-09
     4	7.80739021191e-09	1.87180324575e-09	9.67919345766e-09
     5	6.6128634527e-09	1.58357436586e-09	8.19643781857e-09
     6	5.83500894064e-09	1.3961903832e-09	7.23119932384e-09
     7	1.10873608487e-08	2.65808539156e-09	1.37454462403e-08
     8	9.32797004196e-09	2.23377634447e-09	1.15617463864e-08
     9	8.18447082543e-09	1.95834816259e-09	1.0142818988e-08

Measurement: t_ro24
  step	t_ro24	FROM	TO
     1	5.89294752386e-09	1.41111044051e-09	7.30405796437e-09
     2	5.03494729858e-09	1.20342758578e-09	6.23837488436e-09
     3	4.47988114817e-09	1.06953303413e-09	5.5494141823e-09
     4	8.10199965546e-09	1.94031755926e-09	1.00423172147e-08
     5	6.81088322021e-09	1.62825082677e-09	8.43913404698e-09
     6	5.97925708701e-09	1.42790088455e-09	7.40715797156e-09
     7	1.1583178309e-08	2.77346186002e-09	1.43566401691e-08
     8	9.66732880747e-09	2.31083503188e-09	1.19781638393e-08
     9	8.43601469818e-09	2.01435121613e-09	1.04503659143e-08

Measurement: t_ro25
  step	t_ro25	FROM	TO
     1	5.65552256222e-09	1.35859778435e-09	7.01412034657e-09
     2	4.86859029763e-09	1.16694157354e-09	6.03553187117e-09
     3	4.35683558013e-09	1.04285021268e-09	5.39968579281e-09
     4	7.70810984631e-09	1.85401071201e-09	9.56212055832e-09
     5	6.53382091586e-09	1.56814381724e-09	8.10196473309e-09
     6	5.77165190865e-09	1.38277433024e-09	7.15442623889e-09
     7	1.093367001e-08	2.63214248401e-09	1.3565812494e-08
     8	9.20283328471e-09	2.21127211206e-09	1.14141053968e-08
     9	8.08300318117e-09	1.93876832499e-09	1.00217715062e-08

Measurement: t_ro26
  step	t_ro26	FROM	TO
     1	6.00707286286e-09	1.43492771388e-09	7.44200057674e-09
     2	5.11999452095e-09	1.22205380161e-09	6.34204832256e-09
     3	4.53908372941e-09	1.08312919435e-09	5.62221292376e-09
     4	8.28610657784e-09	1.97821907468e-09	1.02643256525e-08
     5	6.93906620695e-09	1.65535603029e-09	8.59442223725e-09
     6	6.07789796503e-09	1.44888005806e-09	7.52677802309e-09
     7	1.18775823983e-08	2.83362197089e-09	1.47112043692e-08
     8	9.87328806465e-09	2.35389389719e-09	1.22271819618e-08
     9	8.59186147935e-09	2.04777582088e-09	1.06396373002e-08

Measurement: t_ro27
  step	t_ro27	FROM	TO
     1	6.13499963307e-09	1.47597695601e-09	7.61097658909e-09
     2	5.19193110392e-09	1.24560753234e-09	6.43753863626e-09
     3	4.58928091369e-09	1.09946521883e-09	5.68874613252e-09
     4	8.57241673736e-09	2.0642205877e-09	1.06366373251e-08
     5	7.11700171845e-09	1.70933216246e-09	8.82633388092e-09
     6	6.19984594952e-09	1.48663217397e-09	7.68647812349e-09
     7	1.23764164985e-08	2.98106676688e-09	1.53574832654e-08
     8	1.01925569186e-08	2.44922023112e-09	1.26417771498e-08
     9	8.81990948421e-09	2.11630185929e-09	1.09362113435e-08

Measurement: t_ro28
  step	t_ro28	FROM	TO
     1	6.04199911031e-09	1.45107924573e-09	7.49307835605e-09
     2	5.13006782602e-09	1.22968726689e-09	6.35975509291e-09
     3	4.54562368687e-09	1.08803779345e-09	5.63366148032e-09
     4	8.39928084345e-09	2.01803639163e-09	1.04173172351e-08
     5	7.00753405887e-09	1.68040467582e-09	8.68793873469e-09
     6	6.12044547015e-09	1.46569851804e-09	7.58614398819e-09
     7	1.21015597349e-08	2.9076260279e-09	1.50091857628e-08
     8	1.00173717522e-08	2.40257856819e-09	1.24199503204e-08
     9	8.69357869492e-09	2.08238475179e-09	1.07759634467e-08

Measurement: t_ro29
  step	t_ro29	FROM	TO
     1	6.39994729272e-09	1.53451171848e-09	7.9344590112e-09
     2	5.35832359715e-09	1.28314049549e-09	6.64146409264e-09
     3	4.71022804253e-09	1.12671649963e-09	5.83694454216e-09
     4	8.98384833638e-09	2.15500723661e-09	1.1138855573e-08
     5	7.3900254882e-09	1.77023165072e-09	9.16025713893e-09
     6	6.39599695919e-09	1.53015442452e-09	7.92615138371e-09
     7	1.30562791602e-08	3.13131486804e-09	1.61875940282e-08
     8	1.06523626664e-08	2.55156616786e-09	1.32039288342e-08
     9	9.15708068129e-09	2.19094373185e-09	1.13480244131e-08

Measurement: t_ro30
  step	t_ro30	FROM	TO
     1	6.17394547559e-09	1.4772229717e-09	7.65116844729e-09
     2	5.21559132808e-09	1.24519655882e-09	6.4607878869e-09
     3	4.60885459472e-09	1.09920211396e-09	5.70805670869e-09
     4	8.58042597625e-09	2.05310644061e-09	1.06335324169e-08
     5	7.11694207267e-09	1.6992437325e-09	8.81618580517e-09
     6	6.19707736628e-09	1.47777883115e-09	7.67485619743e-09
     7	1.23620331258e-08	2.95645220805e-09	1.53184853339e-08
     8	1.01695355995e-08	2.42736615963e-09	1.25969017591e-08
     9	8.79724902144e-09	2.09707873069e-09	1.08943277521e-08

Measurement: t_ro31
  step	t_ro31	FROM	TO
     1	6.27937539619e-09	1.50870479329e-09	7.78808018948e-09
     2	5.27999962961e-09	1.26650132783e-09	6.54650095744e-09
     3	4.63999313481e-09	1.11131866767e-09	5.75131180248e-09
     4	8.85409727752e-09	2.12840120839e-09	1.09824984859e-08
     5	7.27302785156e-09	1.74609477992e-09	9.01912263148e-09
     6	6.29821754378e-09	1.5104260301e-09	7.80864357389e-09
     7	1.28649407522e-08	3.09308870761e-09	1.59580294598e-08
     8	1.0473268333e-08	2.51525578004e-09	1.2988524113e-08
     9	9.00367244447e-09	2.16029967932e-09	1.11639721238e-08

Measurement: t_ro32
  step	t_ro32	FROM	TO
     1	6.5043294211e-09	1.56997243044e-09	8.07430185154e-09
     2	5.43999691695e-09	1.3104556605e-09	6.75045257745e-09
     3	4.77017926984e-09	1.14802181773e-09	5.91820108757e-09
     4	9.22814844556e-09	2.23097395906e-09	1.14591224046e-08
     5	7.56493451701e-09	1.82496312918e-09	9.38989764619e-09
     6	6.52806038375e-09	1.57298891097e-09	8.10104929473e-09
     7	1.34974220647e-08	3.26581219509e-09	1.67632342598e-08
     8	1.09721765246e-08	2.64936959618e-09	1.36215461207e-08
     9	9.40199708444e-09	2.26761882749e-09	1.16696159119e-08

Measurement: t_ro33
  step	t_ro33	FROM	TO
     1	6.11664153663e-09	1.46933920249e-09	7.58598073911e-09
     2	5.19400578572e-09	1.24604531605e-09	6.44005110178e-09
     3	4.59447568434e-09	1.10145561704e-09	5.69593130138e-09
     4	8.50278978964e-09	2.04245253029e-09	1.05452423199e-08
     5	7.08696823671e-09	1.70091266854e-09	8.78788090525e-09
     6	6.18346862426e-09	1.48282289554e-09	7.6662915198e-09
     7	1.22489873827e-08	2.94243696943e-09	1.51914243521e-08
     8	1.01330293069e-08	2.43239856593e-09	1.25654278728e-08
     9	8.78670129395e-09	2.10764700589e-09	1.08943482998e-08

Measurement: t_ro34
  step	t_ro34	FROM	TO
     1	5.91643015711e-09	1.42035562787e-09	7.33678578498e-09
     2	5.04149051805e-09	1.21059288278e-09	6.25208340083e-09
     3	4.48000779798e-09	1.07652439077e-09	5.55653218875e-09
     4	8.16007439347e-09	1.96087069034e-09	1.01209450838e-08
     5	6.83219308194e-09	1.64073839869e-09	8.47293148064e-09
     6	5.98634319346e-09	1.43791079271e-09	7.42425398617e-09
     7	1.16893017489e-08	2.80747604634e-09	1.44967777952e-08
     8	9.7053108479e-09	2.33064055678e-09	1.20359514047e-08
     9	8.44897419736e-09	2.02938577426e-09	1.04783599716e-08

Measurement: t_ro35
  step	t_ro35	FROM	TO
     1	5.82872910727e-09	1.39856603823e-09	7.2272951455e-09
     2	4.99020810694e-09	1.19588570903e-09	6.18609381597e-09
     3	4.44619019722e-09	1.0648223559e-09	5.51101255312e-09
     4	8.00742912687e-09	1.92190240287e-09	9.92933152974e-09
     5	6.74336694933e-09	1.61675879483e-09	8.36012574416e-09
     6	5.92845658727e-09	1.42038790886e-09	7.34884449613e-09
     7	1.14400997758e-08	2.74624637911e-09	1.41863461549e-08
     8	9.56066716521e-09	2.29268678579e-09	1.1853353951e-08
     9	8.35439445886e-09	2.00221267593e-09	1.03566071348e-08

Measurement: t_ro36
  step	t_ro36	FROM	TO
     1	5.72512948188e-09	1.37121885737e-09	7.09634833925e-09
     2	4.93432845277e-09	1.18028911199e-09	6.11461756477e-09
     3	4.39990120141e-09	1.05134263091e-09	5.45124383232e-09
     4	7.79566869443e-09	1.86733223067e-09	9.6630009251e-09
     5	6.60073922464e-09	1.5788365129e-09	8.17957573754e-09
     6	5.82598053877e-09	1.39259755556e-09	7.21857809433e-09
     7	1.10531357895e-08	2.64718635565e-09	1.37003221451e-08
     8	9.29592187566e-09	2.22327276052e-09	1.15191946362e-08
     9	8.15877131624e-09	1.94993567297e-09	1.01087069892e-08

Measurement: t_ro37
  step	t_ro37	FROM	TO
     1	6.23997449719e-09	1.50047566513e-09	7.74045016233e-09
     2	5.25262547346e-09	1.26118095192e-09	6.51380642539e-09
     3	4.63999896569e-09	1.11185761386e-09	5.75185657955e-09
     4	8.69639750326e-09	2.09429452691e-09	1.07906920302e-08
     5	7.20000665031e-09	1.73074331312e-09	8.93074996343e-09
     6	6.26088735078e-09	1.50270158892e-09	7.7635889397e-09
     7	1.25742304033e-08	3.03020389025e-09	1.56044342935e-08
     8	1.03294630251e-08	2.48458926523e-09	1.28140522903e-08
     9	8.92107948296e-09	2.14326391832e-09	1.10643434013e-08

Measurement: t_ro38
  step	t_ro38	FROM	TO
     1	6.33338238835e-09	1.5319287054e-09	7.86531109375e-09
     2	5.32047123568e-09	1.28457994425e-09	6.60505117993e-09
     3	4.67624760262e-09	1.12843035607e-09	5.80467795869e-09
     4	8.92352690529e-09	2.16121374521e-09	1.10847406505e-08
     5	7.35189881404e-09	1.77720195902e-09	9.12910077306e-09
     6	6.36812605446e-09	1.53778342378e-09	7.90590947824e-09
     7	1.29842690225e-08	3.14659984249e-09	1.6130868865e-08
     8	1.06052630382e-08	2.5653209692e-09	1.31705840074e-08
     9	9.12239788108e-09	2.2044421551e-09	1.13268400362e-08

Measurement: t_ro39
  step	t_ro39	FROM	TO
     1	5.98855833604e-09	1.44363087142e-09	7.43218920746e-09
     2	5.09824045136e-09	1.2271337168e-09	6.32537416816e-09
     3	4.51368536836e-09	1.08531264915e-09	5.5989980175e-09
     4	8.3149651445e-09	2.00662145074e-09	1.03215865952e-08
     5	6.93714774893e-09	1.67161590257e-09	8.60876365151e-09
     6	6.06489062327e-09	1.4598745769e-09	7.52476520017e-09
     7	1.19586635333e-08	2.88739346747e-09	1.48460570008e-08
     8	9.89649368024e-09	2.38627757362e-09	1.22827712539e-08
     9	8.59432903149e-09	2.07007747244e-09	1.06644065039e-08

Measurement: t_ro40
  step	t_ro40	FROM	TO
     1	6.10407995386e-09	1.48051485978e-09	7.58459481364e-09
     2	5.16452259942e-09	1.25062973016e-09	6.41515232958e-09
     3	4.56742211692e-09	1.10483633543e-09	5.67225845235e-09
     4	8.499657864e-09	2.0646630659e-09	1.05643209299e-08
     5	7.05753941057e-09	1.71116328485e-09	8.76870269541e-09
     6	6.15100894069e-09	1.48967028706e-09	7.64067922776e-09
     7	1.22553494071e-08	2.9797770745e-09	1.52351264816e-08
     8	1.00928010502e-08	2.44933736246e-09	1.25421384127e-08
     9	8.73769053267e-09	2.11808680824e-09	1.08557773409e-08

Measurement: t_ro41
  step	t_ro41	FROM	TO
     1	5.81797492707e-09	1.39403090205e-09	7.21200582912e-09
     2	4.97190868824e-09	1.1892013889e-09	6.16111007713e-09
     3	4.4458788528e-09	1.06289951264e-09	5.50877836545e-09
     4	7.96479105506e-09	1.90861759089e-09	9.87340864595e-09
     5	6.71961619644e-09	1.60742923993e-09	8.32704543637e-09
     6	5.91567348094e-09	1.41391475456e-09	7.32958823549e-09
     7	1.13479299835e-08	2.71912365532e-09	1.40670536388e-08
     8	9.50715183679e-09	2.27487005367e-09	1.17820218905e-08
     9	8.32008458575e-09	1.989042666e-09	1.03091272518e-08

Measurement: t_ro42
  step	t_ro42	FROM	TO
     1	5.84297564921e-09	1.3844281748e-09	7.227403824e-09
     2	4.99316529976e-09	1.18639459105e-09	6.17955989081e-09
     3	4.4471733723e-09	1.05826304549e-09	5.5054364178e-09
     4	8.05335598837e-09	1.90642156288e-09	9.95977755124e-09
     5	6.76162325187e-09	1.60385995666e-09	8.36548320854e-09
     6	5.93606499074e-09	1.41032833587e-09	7.34639332661e-09
     7	1.15174400629e-08	2.72525899116e-09	1.4242699054e-08
     8	9.59286067039e-09	2.27243839695e-09	1.18652990673e-08
     9	8.36760662728e-09	1.98572742444e-09	1.03533340517e-08

Measurement: t_ro43
  step	t_ro43	FROM	TO
     1	5.89803696986e-09	1.41269265243e-09	7.31072962229e-09
     2	5.0368144655e-09	1.20429707541e-09	6.24111154091e-09
     3	4.48001702196e-09	1.07049809385e-09	5.5505151158e-09
     4	8.09621128897e-09	1.93897994936e-09	1.00351912383e-08
     5	6.8116131631e-09	1.62869657342e-09	8.44030973652e-09
     6	5.98285177232e-09	1.42925493808e-09	7.4121067104e-09
     7	1.1569202895e-08	2.77016057744e-09	1.43393634725e-08
     8	9.66543264874e-09	2.3107111401e-09	1.19761437888e-08
     9	8.44010785045e-09	2.0158972626e-09	1.0456005113e-08

Measurement: t_ro44
  step	t_ro44	FROM	TO
     1	5.75772474179e-09	1.37320792252e-09	7.13093266432e-09
     2	4.91597654457e-09	1.17236537474e-09	6.08834191931e-09
     3	4.38626644004e-09	1.04563859153e-09	5.43190503157e-09
     4	7.90210609469e-09	1.88509473075e-09	9.78720082544e-09
     5	6.64159616411e-09	1.58347865512e-09	8.22507481923e-09
     6	5.84158922877e-09	1.39223969342e-09	7.23382892219e-09
     7	1.12721322878e-08	2.68780092324e-09	1.3959933211e-08
     8	9.39609061444e-09	2.23940173937e-09	1.16354923538e-08
     9	8.2101666648e-09	1.95606729518e-09	1.016623396e-08

Measurement: t_ro45
  step	t_ro45	FROM	TO
     1	5.88220910588e-09	1.41221648785e-09	7.29442559373e-09
     2	5.02513818424e-09	1.20376029445e-09	6.22889847869e-09
     3	4.47993499705e-09	1.07093094727e-09	5.55086594432e-09
     4	8.10005782303e-09	1.94512522542e-09	1.00451830485e-08
     5	6.81257637297e-09	1.6329041226e-09	8.44548049557e-09
     6	5.9819219813e-09	1.43202113036e-09	7.41394311166e-09
     7	1.15977317994e-08	2.78515294048e-09	1.43828847399e-08
     8	9.68351084366e-09	2.3214048093e-09	1.2004915653e-08
     9	8.45148595669e-09	2.02358148522e-09	1.04750674419e-08

Measurement: t_ro46
  step	t_ro46	FROM	TO
     1	6.16161545519e-09	1.47083322188e-09	7.63244867707e-09
     2	5.20061652165e-09	1.24052443093e-09	6.44114095258e-09
     3	4.5961199275e-09	1.09613311003e-09	5.69225303753e-09
     4	8.63214088172e-09	2.05971570515e-09	1.06918565869e-08
     5	7.13980652035e-09	1.70237429391e-09	8.84218081426e-09
     6	6.21017249482e-09	1.48033620954e-09	7.69050870436e-09
     7	1.24745829701e-08	2.97473863184e-09	1.5449321602e-08
     8	1.02305123773e-08	2.43794799588e-09	1.26684603732e-08
     9	8.83654902771e-09	2.10517721768e-09	1.09417262454e-08

Measurement: t_ro47
  step	t_ro47	FROM	TO
     1	5.71999231538e-09	1.36845311107e-09	7.08844542645e-09
     2	4.92129706944e-09	1.1757599702e-09	6.09705703964e-09
     3	4.39500622135e-09	1.0495885938e-09	5.44459481515e-09
     4	7.79614556095e-09	1.86530779407e-09	9.66145335502e-09
     5	6.60513257612e-09	1.57831094921e-09	8.18344352533e-09
     6	5.82943321822e-09	1.39195433436e-09	7.22138755257e-09
     7	1.10771949207e-08	2.64956517979e-09	1.37267601005e-08
     8	9.32128450504e-09	2.22683474362e-09	1.15481192487e-08
     9	8.1798705193e-09	1.95279215236e-09	1.01326626717e-08

Measurement: t_ro48
  step	t_ro48	FROM	TO
     1	5.99974739957e-09	1.44206943062e-09	7.44181683019e-09
     2	5.12000259777e-09	1.22683220371e-09	6.34683480148e-09
     3	4.53030849518e-09	1.08592365699e-09	5.61623215217e-09
     4	8.29602334757e-09	1.99483841616e-09	1.02908617637e-08
     5	6.94481813185e-09	1.66691943174e-09	8.61173756359e-09
     6	6.07808337206e-09	1.45740438642e-09	7.53548775848e-09
     7	1.19118132631e-08	2.86443158018e-09	1.47762448433e-08
     8	9.89748520529e-09	2.37599596035e-09	1.22734811656e-08
     9	8.60836199799e-09	2.06439936619e-09	1.06727613642e-08

Measurement: t_ro49
  step	t_ro49	FROM	TO
     1	6.08000762696e-09	1.45700842571e-09	7.53701605267e-09
     2	5.15532920519e-09	1.23394444382e-09	6.38927364901e-09
     3	4.56415316724e-09	1.09142231564e-09	5.65557548288e-09
     4	8.48339307252e-09	2.03384849601e-09	1.05172415685e-08
     5	7.05822973453e-09	1.68964436174e-09	8.74787409627e-09
     6	6.15684110461e-09	1.4723453665e-09	7.62918647111e-09
     7	1.22401994263e-08	2.93416531389e-09	1.51743647402e-08
     8	1.01027014748e-08	2.41829056982e-09	1.25209920447e-08
     9	8.75415769485e-09	2.09338657828e-09	1.08475442731e-08

Measurement: t_ro50
  step	t_ro50	FROM	TO
     1	6.73858742687e-09	1.62562630886e-09	8.36421373573e-09
     2	5.56911239669e-09	1.34181383341e-09	6.9109262301e-09
     3	4.85071066364e-09	1.16813381819e-09	6.01884448182e-09
     4	9.73157003699e-09	2.35030730793e-09	1.20818773449e-08
     5	7.84948366542e-09	1.89396977962e-09	9.74345344504e-09
     6	6.71602757346e-09	1.619303684e-09	8.33533125746e-09
     7	1.4369905488e-08	3.4739503184e-09	1.78438558064e-08
     8	1.14818212356e-08	2.77260599473e-09	1.42544272303e-08
     9	9.74460758141e-09	2.35148766262e-09	1.2096095244e-08

Measurement: t_ro51
  step	t_ro51	FROM	TO
     1	6.43276913022e-09	1.5478093904e-09	7.98057852062e-09
     2	5.38089966779e-09	1.29289954209e-09	6.67379920988e-09
     3	4.71586862651e-09	1.13190690706e-09	5.84777553357e-09
     4	9.09444414717e-09	2.19002787181e-09	1.1284472019e-08
     5	7.43600619246e-09	1.78871655397e-09	9.22472274642e-09
     6	6.41547372107e-09	1.54164997316e-09	7.95712369423e-09
     7	1.32522499606e-08	3.19266169197e-09	1.64449116526e-08
     8	1.07394796661e-08	2.58499136711e-09	1.33244710333e-08
     9	9.20172447422e-09	2.21312670822e-09	1.14148511824e-08

Measurement: t_ro52
  step	t_ro52	FROM	TO
     1	5.74503860203e-09	1.37981616621e-09	7.12485476823e-09
     2	4.93878131586e-09	1.18497401855e-09	6.12375533441e-09
     3	4.40904250822e-09	1.05754364501e-09	5.46658615322e-09
     4	7.84180027401e-09	1.88457207375e-09	9.72637234775e-09
     5	6.6381068301e-09	1.59344449321e-09	8.23155132332e-09
     6	5.85377135688e-09	1.40447402054e-09	7.25824537742e-09
     7	1.11512788976e-08	2.6798929352e-09	1.38311718328e-08
     8	9.37382354037e-09	2.25048580871e-09	1.16243093491e-08
     9	8.21918489536e-09	1.97236845375e-09	1.01915533491e-08

Measurement: t_ro53
  step	t_ro53	FROM	TO
     1	6.17922155319e-09	1.48345128252e-09	7.66267283571e-09
     2	5.22192843245e-09	1.25138127895e-09	6.4733097114e-09
     3	4.61873252297e-09	1.1052796372e-09	5.72401216016e-09
     4	8.61409534241e-09	2.06862568415e-09	1.06827210266e-08
     5	7.14789948934e-09	1.71363818077e-09	8.86153767011e-09
     6	6.22404496491e-09	1.48989740477e-09	7.71394236968e-09
     7	1.24423554987e-08	2.98770919387e-09	1.54300646926e-08
     8	1.02425258726e-08	2.45568478728e-09	1.26982106599e-08
     9	8.85872459141e-09	2.12092802287e-09	1.09796526143e-08

Measurement: t_ro54
  step	t_ro54	FROM	TO
     1	6.1929085288e-09	1.48666842769e-09	7.67957695648e-09
     2	5.23922944494e-09	1.25558066495e-09	6.49481010989e-09
     3	4.6399534741e-09	1.10925270396e-09	5.74920617806e-09
     4	8.62812490076e-09	2.07245494319e-09	1.0700579844e-08
     5	7.17250515069e-09	1.71985788801e-09	8.8923630387e-09
     6	6.24645084329e-09	1.49607798708e-09	7.74252883037e-09
     7	1.24621421929e-08	2.99347878053e-09	1.54556209735e-08
     8	1.02818208801e-08	2.46582833868e-09	1.27476492188e-08
     9	8.89858411865e-09	2.13194177038e-09	1.1030525889e-08

Measurement: t_ro55
  step	t_ro55	FROM	TO
     1	5.90977096124e-09	1.41600346023e-09	7.32577442146e-09
     2	5.04461789646e-09	1.2066035813e-09	6.25122147775e-09
     3	4.48005130926e-09	1.07163980792e-09	5.55169111717e-09
     4	8.13390715177e-09	1.94973288896e-09	1.00836400407e-08
     5	6.82859933431e-09	1.63369697701e-09	8.46229631132e-09
     6	5.99205966481e-09	1.43198450159e-09	7.42404416641e-09
     7	1.16412861615e-08	2.7899058577e-09	1.44311920192e-08
     8	9.69972047415e-09	2.32040742611e-09	1.20201279003e-08
     9	8.45910591527e-09	2.02140791267e-09	1.04805138279e-08

Measurement: t_ro56
  step	t_ro56	FROM	TO
     1	6.08000143666e-09	1.449471509e-09	7.52947294566e-09
     2	5.16172253214e-09	1.23046101002e-09	6.39218354216e-09
     3	4.57041973661e-09	1.08953533375e-09	5.65995507036e-09
     4	8.46324595252e-09	2.01540221303e-09	1.04786481655e-08
     5	7.05572784181e-09	1.68085376341e-09	8.73658160522e-09
     6	6.15973042403e-09	1.4674209871e-09	7.62715141113e-09
     7	1.21974734456e-08	2.90244077968e-09	1.50999142253e-08
     8	1.00905452092e-08	2.40206236144e-09	1.24926075707e-08
     9	8.75239125271e-09	2.08375767684e-09	1.08361489296e-08

Measurement: t_ro57
  step	t_ro57	FROM	TO
     1	5.76000066772e-09	1.38223121624e-09	7.14223188396e-09
     2	4.93540640032e-09	1.18393427021e-09	6.11934067054e-09
     3	4.39997424331e-09	1.05457918741e-09	5.45455343072e-09
     4	7.90057009561e-09	1.89692946113e-09	9.79749955673e-09
     5	6.66079374636e-09	1.59810143132e-09	8.25889517768e-09
     6	5.86234221774e-09	1.40571732812e-09	7.26805954586e-09
     7	1.12728535865e-08	2.70690290477e-09	1.39797564913e-08
     8	9.43253447848e-09	2.2634827063e-09	1.16960171848e-08
     9	8.2508385779e-09	1.97890291087e-09	1.02297414888e-08

Measurement: t_ro58
  step	t_ro58	FROM	TO
     1	6.24000047895e-09	1.5116050016e-09	7.75160548055e-09
     2	5.23243405784e-09	1.26471166178e-09	6.49714571962e-09
     3	4.60927591584e-09	1.11271854358e-09	5.72199445942e-09
     4	8.75826420852e-09	2.12495829346e-09	1.0883222502e-08
     5	7.19614175737e-09	1.74162819871e-09	8.93776995608e-09
     6	6.23988902429e-09	1.50815487081e-09	7.7480438951e-09
     7	1.26842440295e-08	3.08042630953e-09	1.5764670339e-08
     8	1.03256538344e-08	2.50207754971e-09	1.28277313841e-08
     9	8.88333153151e-09	2.14991741616e-09	1.10332489477e-08

Measurement: t_ro59
  step	t_ro59	FROM	TO
     1	5.68509404998e-09	1.36779280436e-09	7.05288685434e-09
     2	4.89344594972e-09	1.17551626874e-09	6.06896221846e-09
     3	4.37271443424e-09	1.04939106644e-09	5.42210550068e-09
     4	7.75976815822e-09	1.86798255218e-09	9.62775071039e-09
     5	6.57150317837e-09	1.57985511115e-09	8.15135828953e-09
     6	5.80006179394e-09	1.39291341612e-09	7.19297521005e-09
     7	1.10234151621e-08	2.65436649706e-09	1.36777816591e-08
     8	9.26960042379e-09	2.22944694903e-09	1.14990473728e-08
     9	8.13352353811e-09	1.95432371021e-09	1.00878472483e-08

Measurement: t_ro60
  step	t_ro60	FROM	TO
     1	5.94535210198e-09	1.43024415766e-09	7.37559625964e-09
     2	5.07406080674e-09	1.21930346588e-09	6.29336427262e-09
     3	4.50494466364e-09	1.08170531744e-09	5.58664998109e-09
     4	8.18072857593e-09	1.96954287336e-09	1.01502714493e-08
     5	6.86346083815e-09	1.65046055692e-09	8.51392139507e-09
     6	6.01775128533e-09	1.44598438359e-09	7.46373566892e-09
     7	1.17039683776e-08	2.81891444228e-09	1.45228828199e-08
     8	9.74874474909e-09	2.34555510737e-09	1.20942998565e-08
     9	8.49670539786e-09	2.0427500155e-09	1.05394554134e-08

Measurement: t_ro61
  step	t_ro61	FROM	TO
     1	5.91999968522e-09	1.41472164099e-09	7.33472132621e-09
     2	5.03716358061e-09	1.20336323664e-09	6.24052681725e-09
     3	4.4799635001e-09	1.06873722038e-09	5.54870072048e-09
     4	8.17211077156e-09	1.95379898846e-09	1.012590976e-08
     5	6.83904813838e-09	1.63348074879e-09	8.47252888717e-09
     6	5.99219329314e-09	1.43052343593e-09	7.42271672907e-09
     7	1.17097352158e-08	2.79858740501e-09	1.45083226208e-08
     8	9.72035561331e-09	2.3210532504e-09	1.20414088637e-08
     9	8.46173859034e-09	2.01958521544e-09	1.04813238058e-08

Measurement: t_ro62
  step	t_ro62	FROM	TO
     1	6.39999954202e-09	1.54014659817e-09	7.94014614019e-09
     2	5.37601968861e-09	1.29110784488e-09	6.66712753349e-09
     3	4.72226599371e-09	1.13311458691e-09	5.85538058062e-09
     4	9.04659098422e-09	2.17920617941e-09	1.12257971636e-08
     5	7.44131866765e-09	1.78834103244e-09	9.22965970009e-09
     6	6.43730884585e-09	1.54526696539e-09	7.98257581123e-09
     7	1.31846405789e-08	3.17687982195e-09	1.63615204008e-08
     8	1.07543468288e-08	2.585231066e-09	1.33395778948e-08
     9	9.23938470082e-09	2.21848122147e-09	1.14578659223e-08

Measurement: t_ro63
  step	t_ro63	FROM	TO
     1	5.79871042771e-09	1.39221305107e-09	7.19092347878e-09
     2	4.95999060818e-09	1.18794507236e-09	6.14793568054e-09
     3	4.42248209613e-09	1.0583791065e-09	5.48086120263e-09
     4	7.99981867743e-09	1.92101522507e-09	9.92083390251e-09
     5	6.72380674478e-09	1.61191278761e-09	8.33571953239e-09
     6	5.90947577365e-09	1.41478886386e-09	7.32426463751e-09
     7	1.14323623029e-08	2.746041684e-09	1.41784039868e-08
     8	9.53646140918e-09	2.28673502465e-09	1.18231964338e-08
     9	8.32680864707e-09	1.9941578977e-09	1.03209665448e-08

Measurement: t_ro64
  step	t_ro64	FROM	TO
     1	6.38614646275e-09	1.53914949599e-09	7.92529595874e-09
     2	5.34806058638e-09	1.28670685902e-09	6.63476744541e-09
     3	4.69572664598e-09	1.12937633015e-09	5.82510297612e-09
     4	9.01323630125e-09	2.17374079215e-09	1.11869770934e-08
     5	7.39784763404e-09	1.78184747399e-09	9.17969510803e-09
     6	6.39985361931e-09	1.5400457928e-09	7.9398994121e-09
     7	1.312675704e-08	3.16792280875e-09	1.62946798487e-08
     8	1.06806920521e-08	2.57441068897e-09	1.32551027411e-08
     9	9.17154876603e-09	2.20945055741e-09	1.13809993234e-08

Measurement: t_ro65
  step	t_ro65	FROM	TO
     1	6.19599771733e-09	1.48422778881e-09	7.68022550614e-09
     2	5.22949972509e-09	1.25212577834e-09	6.48162550343e-09
     3	4.61622757232e-09	1.1053733328e-09	5.72160090512e-09
     4	8.66550789097e-09	2.07555104501e-09	1.0741058936e-08
     5	7.1742833466e-09	1.71742184131e-09	8.8917051879e-09
     6	6.23965919423e-09	1.49270639358e-09	7.73236558781e-09
     7	1.25296011903e-08	3.00026287238e-09	1.55298640627e-08
     8	1.0287768122e-08	2.46212182157e-09	1.27498899436e-08
     9	8.88481155052e-09	2.12600635478e-09	1.10108179053e-08

Measurement: t_ro66
  step	t_ro66	FROM	TO
     1	6.03023663564e-09	1.44625306416e-09	7.47648969979e-09
     2	5.12000596937e-09	1.22709329001e-09	6.34709925938e-09
     3	4.54243924442e-09	1.08721237566e-09	5.62965162009e-09
     4	8.35913678726e-09	2.00510872013e-09	1.03642455074e-08
     5	6.98124584404e-09	1.67251617134e-09	8.65376201538e-09
     6	6.10294869424e-09	1.46091016299e-09	7.56385885723e-09
     7	1.20221028863e-08	2.88344846248e-09	1.49055513488e-08
     8	9.96298502466e-09	2.386934881e-09	1.23499199057e-08
     9	8.65410709468e-09	2.07175649441e-09	1.07258635891e-08

Measurement: t_ro67
  step	t_ro67	FROM	TO
     1	5.93089499366e-09	1.42225945964e-09	7.3531544533e-09
     2	5.05618051455e-09	1.21058969261e-09	6.26677020716e-09
     3	4.48407955614e-09	1.07295871871e-09	5.55703827486e-09
     4	8.22517922629e-09	1.97254631114e-09	1.01977255374e-08
     5	6.87733793924e-09	1.64707350254e-09	8.52441144179e-09
     6	6.02196033042e-09	1.44048839134e-09	7.46244872176e-09
     7	1.1796666997e-08	2.82896846809e-09	1.46256354651e-08
     8	9.78679317471e-09	2.34385049221e-09	1.21306436669e-08
     9	8.5150093075e-09	2.03724085352e-09	1.0552250161e-08

Measurement: t_ro68
  step	t_ro68	FROM	TO
     1	5.69737922839e-09	1.36709793125e-09	7.06447715963e-09
     2	4.89870186073e-09	1.17406939593e-09	6.07277125666e-09
     3	4.37648782978e-09	1.04802569029e-09	5.42451352007e-09
     4	7.79201725361e-09	1.870326486e-09	9.66234373962e-09
     5	6.58996504067e-09	1.57990044051e-09	8.16986548118e-09
     6	5.81321650318e-09	1.39246829603e-09	7.20568479921e-09
     7	1.10766591993e-08	2.65894884306e-09	1.37356080424e-08
     8	9.29929523396e-09	2.22981109851e-09	1.15291063325e-08
     9	8.15422105069e-09	1.95381868892e-09	1.01080397396e-08

Measurement: t_ro69
  step	t_ro69	FROM	TO
     1	5.82759029247e-09	1.39828068205e-09	7.22587097452e-09
     2	4.97333254318e-09	1.19086139451e-09	6.16419393768e-09
     3	4.42527666659e-09	1.05837665881e-09	5.48365332539e-09
     4	8.01979332116e-09	1.92559075006e-09	9.94538407121e-09
     5	6.72392052314e-09	1.61127184863e-09	8.33519237177e-09
     6	5.89989949864e-09	1.41184899468e-09	7.31174849332e-09
     7	1.14600166964e-08	2.75205997486e-09	1.42120766713e-08
     8	9.53202682148e-09	2.28496820941e-09	1.18169950309e-08
     9	8.31003182068e-09	1.98945534418e-09	1.02994871649e-08

Measurement: t_ro70
  step	t_ro70	FROM	TO
     1	6.1641039391e-09	1.48184687756e-09	7.64595081666e-09
     2	5.21729581149e-09	1.25095625976e-09	6.46825207124e-09
     3	4.61333722506e-09	1.10451503317e-09	5.71785225823e-09
     4	8.5837493066e-09	2.06475033265e-09	1.06484996392e-08
     5	7.13703174988e-09	1.71189873028e-09	8.84893048016e-09
     6	6.21920410441e-09	1.48980136814e-09	7.70900547255e-09
     7	1.23863909054e-08	2.97950365754e-09	1.5365894563e-08
     8	1.02175635717e-08	2.451278072e-09	1.26688416437e-08
     9	8.84612605737e-09	2.11939169788e-09	1.09655177553e-08

Measurement: t_ro71
  step	t_ro71	FROM	TO
     1	6.08396946764e-09	1.4599028694e-09	7.54387233703e-09
     2	5.15773407942e-09	1.23581135137e-09	6.39354543078e-09
     3	4.56837664451e-09	1.09308860409e-09	5.6614652486e-09
     4	8.47988327869e-09	2.03554033937e-09	1.05154236181e-08
     5	7.05820721657e-09	1.69153679413e-09	8.7497440107e-09
     6	6.15844909306e-09	1.47415351086e-09	7.63260260392e-09
     7	1.22214315922e-08	2.93374370436e-09	1.51551752966e-08
     8	1.00941878948e-08	2.41927149319e-09	1.2513459388e-08
     9	8.75042975788e-09	2.09484640172e-09	1.08452761596e-08

Measurement: t_ro72
  step	t_ro72	FROM	TO
     1	5.84457891268e-09	1.40329568574e-09	7.24787459842e-09
     2	5.00316176074e-09	1.19967885635e-09	6.20284061709e-09
     3	4.45806566349e-09	1.06786425573e-09	5.52592991922e-09
     4	8.00696268564e-09	1.92311021304e-09	9.93007289869e-09
     5	6.74405896588e-09	1.61799353007e-09	8.36205249595e-09
     6	5.92956313226e-09	1.42128208227e-09	7.35084521452e-09
     7	1.14226577036e-08	2.74370221472e-09	1.41663599184e-08
     8	9.5518959468e-09	2.29207750225e-09	1.18439734491e-08
     9	8.34882857967e-09	2.00172705387e-09	1.03505556335e-08

Measurement: t_ro73
  step	t_ro73	FROM	TO
     1	5.90434021265e-09	1.41050081742e-09	7.31484103007e-09
     2	5.03161403744e-09	1.20067723609e-09	6.23229127353e-09
     3	4.47992295002e-09	1.06852289881e-09	5.54844584882e-09
     4	8.13865641807e-09	1.94399754676e-09	1.00826539648e-08
     5	6.82358411719e-09	1.62806667201e-09	8.4516507892e-09
     6	5.98372696808e-09	1.42707604032e-09	7.41080300841e-09
     7	1.16554997407e-08	2.78285555133e-09	1.44383552921e-08
     8	9.69615041863e-09	2.31282886749e-09	1.20089792861e-08
     9	8.44885557643e-09	2.01433058459e-09	1.0463186161e-08

Measurement: t_ro74
  step	t_ro74	FROM	TO
     1	6.14017450555e-09	1.4756793724e-09	7.61585387795e-09
     2	5.19609534245e-09	1.2464388748e-09	6.44253421724e-09
     3	4.59316384608e-09	1.10004600238e-09	5.69320984846e-09
     4	8.56864559981e-09	2.060264338e-09	1.06289099378e-08
     5	7.11939241215e-09	1.70897340179e-09	8.82836581394e-09
     6	6.20225278704e-09	1.48647284231e-09	7.68872562935e-09
     7	1.23830686959e-08	2.97799322978e-09	1.53610619257e-08
     8	1.02075264464e-08	2.45112025664e-09	1.26586467031e-08
     9	8.83447979006e-09	2.11846250573e-09	1.09529422958e-08

Measurement: t_ro75
  step	t_ro75	FROM	TO
     1	6.08398717559e-09	1.45602362244e-09	7.54001079803e-09
     2	5.16025344851e-09	1.23434403315e-09	6.39459748166e-09
     3	4.56924985476e-09	1.09255672896e-09	5.66180658373e-09
     4	8.45575100721e-09	2.02462682552e-09	1.04803778327e-08
     5	7.03402277335e-09	1.68221623307e-09	8.71623900642e-09
     6	6.1358113044e-09	1.46689875646e-09	7.60271006086e-09
     7	1.21638187843e-08	2.91178487387e-09	1.50756036581e-08
     8	1.00374064806e-08	2.40027356452e-09	1.24376800452e-08
     9	8.69930253072e-09	2.0791933479e-09	1.07784958786e-08

Measurement: t_ro76
  step	t_ro76	FROM	TO
     1	6.05723554403e-09	1.45246927931e-09	7.50970482334e-09
     2	5.12001609249e-09	1.22728070635e-09	6.34729679884e-09
     3	4.55746688489e-09	1.09090785425e-09	5.64837473914e-09
     4	8.402795214e-09	2.01530712681e-09	1.04181023408e-08
     5	7.01381753006e-09	1.68027039829e-09	8.69408792836e-09
     6	6.1274123598e-09	1.46681577163e-09	7.59422813143e-09
     7	1.20914727159e-08	2.89966287052e-09	1.49911355864e-08
     8	1.0016139273e-08	2.39954051264e-09	1.24156797857e-08
     9	8.6951395484e-09	2.0816242002e-09	1.07767637486e-08

Measurement: t_ro77
  step	t_ro77	FROM	TO
     1	6.08796748317e-09	1.45623790197e-09	7.54420538513e-09
     2	5.16616555587e-09	1.23474303342e-09	6.40090858929e-09
     3	4.57657709563e-09	1.09320297988e-09	5.66978007551e-09
     4	8.45540803486e-09	2.02232684138e-09	1.04777348762e-08
     5	7.05200359937e-09	1.68485855872e-09	8.73686215808e-09
     6	6.15815370141e-09	1.47057662882e-09	7.62873033023e-09
     7	1.21786158886e-08	2.91193778902e-09	1.50905536776e-08
     8	1.0082936424e-08	2.40835421565e-09	1.24912906397e-08
     9	8.74816297136e-09	2.08844428901e-09	1.08366072604e-08

Measurement: t_ro78
  step	t_ro78	FROM	TO
     1	5.91992311971e-09	1.41497929974e-09	7.33490241946e-09
     2	5.0480524486e-09	1.20634575733e-09	6.25439820593e-09
     3	4.47999295538e-09	1.07030814603e-09	5.55030110141e-09
     4	8.16012139043e-09	1.95184141493e-09	1.01119628054e-08
     5	6.84565306072e-09	1.63544728842e-09	8.48110034914e-09
     6	6.00269241116e-09	1.43321766738e-09	7.43591007854e-09
     7	1.16858875527e-08	2.79393756556e-09	1.44798251183e-08
     8	9.72955660915e-09	2.32371417517e-09	1.20532707843e-08
     9	8.47908633249e-09	2.0238542524e-09	1.05029405849e-08

Measurement: t_ro79
  step	t_ro79	FROM	TO
     1	6.15597104074e-09	1.47222832273e-09	7.62819936347e-09
     2	5.2003833241e-09	1.24218455954e-09	6.44256788365e-09
     3	4.59642546085e-09	1.09727012329e-09	5.69369558413e-09
     4	8.61825097343e-09	2.06039803964e-09	1.06786490131e-08
     5	7.14170427533e-09	1.70542850733e-09	8.84713278266e-09
     6	6.21434780825e-09	1.48311774357e-09	7.69746555182e-09
     7	1.24718348739e-08	2.98004628314e-09	1.54518811571e-08
     8	1.02490481537e-08	2.44648681462e-09	1.26955349683e-08
     9	8.85707896965e-09	2.11306653167e-09	1.09701455013e-08

Measurement: t_ro80
  step	t_ro80	FROM	TO
     1	6.04150011535e-09	1.45646226172e-09	7.49796237707e-09
     2	5.13000925188e-09	1.23423035132e-09	6.3642396032e-09
     3	4.54796051304e-09	1.09201969983e-09	5.63998021287e-09
     4	8.39264193761e-09	2.02624375353e-09	1.04188856911e-08
     5	7.00128809605e-09	1.6863129169e-09	8.68760101295e-09
     6	6.11619839887e-09	1.47083559692e-09	7.58703399579e-09
     7	1.20702595194e-08	2.91626849641e-09	1.49865280158e-08
     8	9.99112702058e-09	2.40862870855e-09	1.23997557291e-08
     9	8.67321628035e-09	2.08823825643e-09	1.07614545368e-08

Measurement: t_ro81
  step	t_ro81	FROM	TO
     1	6.03698143264e-09	1.45150016403e-09	7.48848159666e-09
     2	5.13566074237e-09	1.232940369e-09	6.36860111137e-09
     3	4.55340182278e-09	1.0916762269e-09	5.64507804969e-09
     4	8.35338468318e-09	2.00973063944e-09	1.03631153226e-08
     5	6.98749989772e-09	1.67877256628e-09	8.666272464e-09
     6	6.1113210335e-09	1.46636179753e-09	7.57768283104e-09
     7	1.20101757394e-08	2.89022005239e-09	1.49003957918e-08
     8	9.97243437638e-09	2.39688057401e-09	1.23693149504e-08
     9	8.66893938499e-09	2.08124304575e-09	1.07501824307e-08

Measurement: t_ro82
  step	t_ro82	FROM	TO
     1	6.41224406902e-09	1.54936468886e-09	7.96160875788e-09
     2	5.37946679539e-09	1.29680688448e-09	6.67627367987e-09
     3	4.72672834193e-09	1.13783159379e-09	5.86455993572e-09
     4	9.06459163684e-09	2.19328924049e-09	1.12578808773e-08
     5	7.45144801854e-09	1.79905805945e-09	9.25050607798e-09
     6	6.44509962296e-09	1.5538184393e-09	7.99891806226e-09
     7	1.32100636809e-08	3.19829921635e-09	1.64083628973e-08
     8	1.07699041844e-08	2.60237246456e-09	1.33722766489e-08
     9	9.25204031244e-09	2.232781312e-09	1.14848216244e-08

Measurement: t_ro83
  step	t_ro83	FROM	TO
     1	5.97692182917e-09	1.43467370826e-09	7.41159553743e-09
     2	5.09136600543e-09	1.22038255116e-09	6.31174855658e-09
     3	4.51598546844e-09	1.08128602553e-09	5.59727149397e-09
     4	8.27772913092e-09	1.98769489748e-09	1.02654240284e-08
     5	6.92263189012e-09	1.65972695568e-09	8.58235884581e-09
     6	6.05946616812e-09	1.45127337203e-09	7.51073954015e-09
     7	1.18826508763e-08	2.85349942434e-09	1.47361503006e-08
     8	9.86265793567e-09	2.36495651723e-09	1.22276144529e-08
     9	8.57921569126e-09	2.05506137969e-09	1.0634277071e-08

Measurement: t_ro84
  step	t_ro84	FROM	TO
     1	5.95516305164e-09	1.42877949262e-09	7.38394254426e-09
     2	5.08088870631e-09	1.2166088311e-09	6.29749753741e-09
     3	4.51067290985e-09	1.07820471178e-09	5.58887762163e-09
     4	8.21487195056e-09	1.97173091916e-09	1.01866028697e-08
     5	6.88575063878e-09	1.64938199922e-09	8.535132638e-09
     6	6.03524095793e-09	1.44368441185e-09	7.47892536978e-09
     7	1.17665224138e-08	2.82438238756e-09	1.45909048014e-08
     8	9.78972423898e-09	2.34616991634e-09	1.21358941553e-08
     9	8.52690048245e-09	2.04089224326e-09	1.05677927257e-08

Measurement: t_ro85
  step	t_ro85	FROM	TO
     1	5.53732263623e-09	1.32777242827e-09	6.8650950645e-09
     2	4.78883408726e-09	1.14642021522e-09	5.93525430247e-09
     3	4.28907000228e-09	1.02713636916e-09	5.31620637144e-09
     4	7.53279002659e-09	1.80660996835e-09	9.33939999494e-09
     5	6.40146044957e-09	1.53400114132e-09	7.93546159089e-09
     6	5.66756152182e-09	1.3572565865e-09	7.02481810832e-09
     7	1.06766488297e-08	2.56034364743e-09	1.32369924771e-08
     8	9.00472155795e-09	2.15771895583e-09	1.11624405138e-08
     9	7.92432793698e-09	1.89782741481e-09	9.82215535178e-09

Measurement: t_ro86
  step	t_ro86	FROM	TO
     1	6.05873206886e-09	1.45832689401e-09	7.51705896287e-09
     2	5.13611788744e-09	1.23499612748e-09	6.37111401492e-09
     3	4.5506964163e-09	1.09342291272e-09	5.64411932902e-09
     4	8.40347705184e-09	2.02506453885e-09	1.04285415907e-08
     5	7.00308644825e-09	1.68560282327e-09	8.68868927153e-09
     6	6.11566435562e-09	1.47095780044e-09	7.58662215605e-09
     7	1.20894888381e-08	2.91631537828e-09	1.50058042164e-08
     8	9.99641646053e-09	2.40824361104e-09	1.24046600716e-08
     9	8.67415785873e-09	2.08814860373e-09	1.07623064625e-08

Measurement: t_ro87
  step	t_ro87	FROM	TO
     1	6.29243307641e-09	1.50698599419e-09	7.79941907059e-09
     2	5.30016988482e-09	1.2672384156e-09	6.56740830042e-09
     3	4.67732570195e-09	1.11753790477e-09	5.79486360672e-09
     4	8.80545586939e-09	2.10862919485e-09	1.09140850642e-08
     5	7.29241264385e-09	1.74365721923e-09	9.03606986308e-09
     6	6.33495738468e-09	1.51325483197e-09	7.84821221665e-09
     7	1.27557817619e-08	3.05391582205e-09	1.58096975839e-08
     8	1.04810633613e-08	2.50563326498e-09	1.29866966263e-08
     9	9.04595403374e-09	2.16051542294e-09	1.12064694567e-08

Measurement: t_ro88
  step	t_ro88	FROM	TO
     1	6.18228184328e-09	1.49701808034e-09	7.67929992362e-09
     2	5.23644864831e-09	1.26417429729e-09	6.5006229456e-09
     3	4.62220077818e-09	1.11336208622e-09	5.7355628644e-09
     4	8.58145746166e-09	2.0804482786e-09	1.06619057403e-08
     5	7.13563222567e-09	1.72485201202e-09	8.86048423769e-09
     6	6.21628275718e-09	1.49991391966e-09	7.71619667684e-09
     7	1.23663020394e-08	2.99891558177e-09	1.53652176212e-08
     8	1.02043268788e-08	2.46815755474e-09	1.26724844335e-08
     9	8.83385539144e-09	2.13321105393e-09	1.09670664454e-08

Measurement: t_ro89
  step	t_ro89	FROM	TO
     1	5.98349054112e-09	1.43099124931e-09	7.41448179043e-09
     2	5.08858663964e-09	1.21506425563e-09	6.30365089526e-09
     3	4.51553992644e-09	1.07757590778e-09	5.59311583422e-09
     4	8.29788706112e-09	1.9840170219e-09	1.0281904083e-08
     5	6.92786682053e-09	1.65387350775e-09	8.58174032828e-09
     6	6.05918040604e-09	1.44552856748e-09	7.50470897353e-09
     7	1.19227956269e-08	2.84937501058e-09	1.47721706375e-08
     8	9.8748783944e-09	2.35650795635e-09	1.22313863507e-08
     9	8.58003392928e-09	2.04603307235e-09	1.06260670016e-08

Measurement: t_ro90
  step	t_ro90	FROM	TO
     1	5.96809597292e-09	1.42899470394e-09	7.39709067686e-09
     2	5.0844221136e-09	1.2161408705e-09	6.3005629841e-09
     3	4.51212775798e-09	1.07841986236e-09	5.59054762034e-09
     4	8.25506800216e-09	1.97644686934e-09	1.02315148715e-08
     5	6.90960768138e-09	1.65225510182e-09	8.5618627832e-09
     6	6.05085532539e-09	1.44600263463e-09	7.49685796003e-09
     7	1.18469302467e-08	2.83571051566e-09	1.46826407624e-08
     8	9.84152748948e-09	2.35302331343e-09	1.21945508029e-08
     9	8.5637279286e-09	2.04605499073e-09	1.06097829193e-08

Measurement: t_ro91
  step	t_ro91	FROM	TO
     1	6.08001001489e-09	1.46032211675e-09	7.54033213164e-09
     2	5.15609672204e-09	1.23565959397e-09	6.39175631601e-09
     3	4.57007433705e-09	1.09325209776e-09	5.66332643481e-09
     4	8.38944195251e-09	2.01552240363e-09	1.04049643561e-08
     5	7.0121803229e-09	1.68161081173e-09	8.69379113462e-09
     6	6.12957323821e-09	1.46743543486e-09	7.59700867306e-09
     7	1.2055134343e-08	2.89632565713e-09	1.49514600002e-08
     8	1.00026145567e-08	2.39918381868e-09	1.24017983753e-08
     9	8.69087660524e-09	2.08163960584e-09	1.07725162111e-08

Measurement: t_ro92
  step	t_ro92	FROM	TO
     1	5.67793355788e-09	1.3737391232e-09	7.05167268108e-09
     2	4.88828888475e-09	1.18100798905e-09	6.0692968738e-09
     3	4.36790338271e-09	1.05403912618e-09	5.42194250889e-09
     4	7.74070234675e-09	1.87447521065e-09	9.61517755741e-09
     5	6.55450896859e-09	1.58453160876e-09	8.13904057735e-09
     6	5.78510963368e-09	1.39734530729e-09	7.18245494097e-09
     7	1.09863851791e-08	2.66163641015e-09	1.36480215893e-08
     8	9.23469476746e-09	2.23395911659e-09	1.14686538841e-08
     9	8.10402122045e-09	1.95859553359e-09	1.0062616754e-08

Measurement: t_ro93
  step	t_ro93	FROM	TO
     1	6.16659324787e-09	1.4753975905e-09	7.64199083837e-09
     2	5.21938231891e-09	1.24657066414e-09	6.46595298305e-09
     3	4.61509400949e-09	1.10163084381e-09	5.7167248533e-09
     4	8.60099744021e-09	2.05739933988e-09	1.06583967801e-08
     5	7.14904752978e-09	1.70734655339e-09	8.85639408317e-09
     6	6.22783795106e-09	1.48618304119e-09	7.71402099226e-09
     7	1.24259407393e-08	2.97107795949e-09	1.53970186988e-08
     8	1.02466455003e-08	2.44652013255e-09	1.26931656329e-08
     9	8.86854011724e-09	2.11584727017e-09	1.09843873874e-08

Measurement: t_ro94
  step	t_ro94	FROM	TO
     1	5.76966851454e-09	1.38989593362e-09	7.15956444816e-09
     2	4.95955505678e-09	1.19312987018e-09	6.15268492696e-09
     3	4.4223742138e-09	1.0634123056e-09	5.4857865194e-09
     4	7.89876886242e-09	1.90490940282e-09	9.80367826524e-09
     5	6.6685500792e-09	1.60641918022e-09	8.27496925942e-09
     6	5.87302607355e-09	1.41362929364e-09	7.28665536719e-09
     7	1.12397483007e-08	2.71221053544e-09	1.39519588361e-08
     8	9.4226188208e-09	2.27135357854e-09	1.16939723993e-08
     9	8.25033908321e-09	1.98729002644e-09	1.02376291096e-08

Measurement: t_ro95
  step	t_ro95	FROM	TO
     1	5.95524980716e-09	1.43011125861e-09	7.38536106577e-09
     2	5.07213525159e-09	1.21688805534e-09	6.28902330693e-09
     3	4.49050249194e-09	1.07687094196e-09	5.5673734339e-09
     4	8.24698930592e-09	1.98076844456e-09	1.02277577505e-08
     5	6.89617471839e-09	1.65505876386e-09	8.55123348225e-09
     6	6.03625575756e-09	1.44790282486e-09	7.48415858241e-09
     7	1.18462682958e-08	2.84556919103e-09	1.46918374868e-08
     8	9.82957176987e-09	2.35936280744e-09	1.21889345773e-08
     9	8.54840475519e-09	2.05078741599e-09	1.05991921712e-08

Measurement: t_ro96
  step	t_ro96	FROM	TO
     1	5.89630468435e-09	1.42149713604e-09	7.31780182038e-09
     2	5.03199664886e-09	1.21236692927e-09	6.24436357813e-09
     3	4.47995344402e-09	1.07698741843e-09	5.55694086245e-09
     4	8.14241260175e-09	1.96509420242e-09	1.01075068042e-08
     5	6.83030324708e-09	1.64697980022e-09	8.4772830473e-09
     6	5.98952824261e-09	1.44336467803e-09	7.43289292064e-09
     7	1.16733382593e-08	2.81868077246e-09	1.44920190318e-08
     8	9.71791733497e-09	2.34447510526e-09	1.20623924402e-08
     9	8.4683741339e-09	2.04184849351e-09	1.05102226274e-08

Measurement: t_ro97
  step	t_ro97	FROM	TO
     1	6.00034216799e-09	1.43706811544e-09	7.43741028343e-09
     2	5.10446351277e-09	1.22084438767e-09	6.32530790044e-09
     3	4.52173873563e-09	1.08055359195e-09	5.60229232757e-09
     4	8.31996325309e-09	1.99255975033e-09	1.03125230034e-08
     5	6.93931220782e-09	1.65957239139e-09	8.5988845992e-09
     6	6.06662723367e-09	1.44986226362e-09	7.51648949728e-09
     7	1.19576033351e-08	2.86316623708e-09	1.48207695721e-08
     8	9.89318360295e-09	2.36575345657e-09	1.22589370595e-08
     9	8.59183162206e-09	2.05294825123e-09	1.06447798733e-08

Measurement: t_ro98
  step	t_ro98	FROM	TO
     1	5.92000048049e-09	1.41778652927e-09	7.33778700976e-09
     2	5.04494348452e-09	1.20728429074e-09	6.25222777526e-09
     3	4.47984867179e-09	1.07120534034e-09	5.55105401213e-09
     4	8.17718486114e-09	1.95753155041e-09	1.01347164115e-08
     5	6.84776183171e-09	1.63817749871e-09	8.48593933042e-09
     6	5.99920504656e-09	1.43498845716e-09	7.43419350372e-09
     7	1.17210589859e-08	2.80494052959e-09	1.45259995155e-08
     8	9.74018434733e-09	2.3293147743e-09	1.20694991216e-08
     9	8.47978650046e-09	2.02744748761e-09	1.05072339881e-08

Measurement: t_ro99
  step	t_ro99	FROM	TO
     1	5.87374730784e-09	1.40503587684e-09	7.27878318468e-09
     2	5.0219486355e-09	1.20005490727e-09	6.22200354277e-09
     3	4.47076949834e-09	1.0680410227e-09	5.53881052104e-09
     4	8.05905352685e-09	1.92777595073e-09	9.98682947757e-09
     5	6.780890643e-09	1.62048936006e-09	8.40138000306e-09
     6	5.9562781523e-09	1.4228406163e-09	7.3791187686e-09
     7	1.15022424422e-08	2.75070664397e-09	1.42529490862e-08
     8	9.60897376233e-09	2.29593513865e-09	1.1904908901e-08
     9	8.39086140205e-09	2.00404274945e-09	1.03949041515e-08

Measurement: t_ro100
  step	t_ro100	FROM	TO
     1	5.72829139918e-09	1.37319171377e-09	7.10148311295e-09
     2	4.91211607235e-09	1.17633594381e-09	6.08845201615e-09
     3	4.38506394707e-09	1.04957384717e-09	5.43463779424e-09
     4	7.84000675999e-09	1.87947708699e-09	9.71948384698e-09
     5	6.6150658883e-09	1.58419027631e-09	8.1992561646e-09
     6	5.82860701774e-09	1.39503338982e-09	7.22364040756e-09
     7	1.11637393502e-08	2.67595461708e-09	1.38396939673e-08
     8	9.34990441727e-09	2.23895941196e-09	1.15888638292e-08
     9	8.18994925587e-09	1.96004632226e-09	1.01499955781e-08

Measurement: t_ro101
  step	t_ro101	FROM	TO
     1	6.24000234148e-09	1.50676151258e-09	7.74676385406e-09
     2	5.26248983928e-09	1.26775832729e-09	6.53024816657e-09
     3	4.63999983154e-09	1.11548087314e-09	5.75548070468e-09
     4	8.71463323633e-09	2.10817424784e-09	1.08228074842e-08
     5	7.21778929703e-09	1.74196017162e-09	8.95974946865e-09
     6	6.27349371922e-09	1.51179962331e-09	7.78529334253e-09
     7	1.26253557503e-08	3.05682130984e-09	1.56821770602e-08
     8	1.03710122571e-08	2.50514447836e-09	1.28761567354e-08
     9	8.95399982877e-09	2.15997063648e-09	1.11139704652e-08

Measurement: t_ro102
  step	t_ro102	FROM	TO
     1	5.76000345367e-09	1.37953188979e-09	7.13953534346e-09
     2	4.94158940461e-09	1.18222141133e-09	6.12381081594e-09
     3	4.4064754893e-09	1.05389464739e-09	5.46037013668e-09
     4	7.88065718644e-09	1.88962250189e-09	9.77027968833e-09
     5	6.65276763117e-09	1.59273960266e-09	8.24550723383e-09
     6	5.85998867329e-09	1.40181633724e-09	7.26180501054e-09
     7	1.12325964575e-08	2.69318404198e-09	1.39257804995e-08
     8	9.41208954541e-09	2.25355157305e-09	1.16656411185e-08
     9	8.2403495698e-09	1.97154443309e-09	1.02118940029e-08

Measurement: t_ro103
  step	t_ro103	FROM	TO
     1	5.83776839813e-09	1.40244596198e-09	7.24021436011e-09
     2	4.97211943646e-09	1.19207795835e-09	6.16419739481e-09
     3	4.43537769126e-09	1.06243069483e-09	5.49780838609e-09
     4	8.06572269711e-09	1.93877648336e-09	1.00044991805e-08
     5	6.76347800255e-09	1.62346847469e-09	8.38694647724e-09
     6	5.93432904259e-09	1.42253031976e-09	7.35685936235e-09
     7	1.15505121759e-08	2.77729716183e-09	1.43278093378e-08
     8	9.60970518048e-09	2.30772593078e-09	1.19174311113e-08
     9	8.37787377057e-09	2.00957636609e-09	1.03874501367e-08

Measurement: t_ro104
  step	t_ro104	FROM	TO
     1	6.03113016771e-09	1.44338304103e-09	7.47451320874e-09
     2	5.12001147333e-09	1.22476936903e-09	6.34478084236e-09
     3	4.54171740104e-09	1.08489680088e-09	5.62661420193e-09
     4	8.36253083662e-09	2.00106244448e-09	1.03635932811e-08
     5	6.98385686699e-09	1.66929281196e-09	8.65314967896e-09
     6	6.10398745483e-09	1.45803978923e-09	7.56202724406e-09
     7	1.20307346039e-08	2.877932007e-09	1.49086666109e-08
     8	9.96988947506e-09	2.38254356329e-09	1.23524330383e-08
     9	8.65892394724e-09	2.06806516762e-09	1.07269891149e-08

Measurement: t_ro105
  step	t_ro105	FROM	TO
     1	5.83186585374e-09	1.4009726986e-09	7.23283855234e-09
     2	4.99305553381e-09	1.19832898675e-09	6.19138452056e-09
     3	4.44972529146e-09	1.06711983635e-09	5.51684512781e-09
     4	8.00948639835e-09	1.92476314008e-09	9.93424953844e-09
     5	6.7454170256e-09	1.61985457825e-09	8.36527160385e-09
     6	5.92990431521e-09	1.42290218578e-09	7.35280650098e-09
     7	1.14367214609e-08	2.74881949757e-09	1.41855409585e-08
     8	9.55984337445e-09	2.29635717452e-09	1.1856200549e-08
     9	8.35394382488e-09	2.00541728632e-09	1.03593611112e-08

Measurement: t_ro106
  step	t_ro106	FROM	TO
     1	5.82635924965e-09	1.39204222321e-09	7.21840147286e-09
     2	4.9850460799e-09	1.19034158323e-09	6.17538766312e-09
     3	4.43928647042e-09	1.05983568762e-09	5.49912215804e-09
     4	8.0069915304e-09	1.9121087891e-09	9.9191003195e-09
     5	6.73642927082e-09	1.60797595492e-09	8.34440522574e-09
     6	5.92012592428e-09	1.41328444787e-09	7.33341037214e-09
     7	1.14365730709e-08	2.73026947751e-09	1.41668425484e-08
     8	9.55112247552e-09	2.27893334841e-09	1.18300558239e-08
     9	8.34180109936e-09	1.98982729987e-09	1.03316283992e-08

Measurement: t_ro107
  step	t_ro107	FROM	TO
     1	5.58064581199e-09	1.34044834728e-09	6.92109415928e-09
     2	4.81328733681e-09	1.15478669793e-09	5.96807403475e-09
     3	4.32008974554e-09	1.03664663312e-09	5.35673637866e-09
     4	7.57169551953e-09	1.82023533516e-09	9.39193085469e-09
     5	6.44312127925e-09	1.5472857507e-09	7.99040702995e-09
     6	5.70594527194e-09	1.3695113188e-09	7.07545659074e-09
     7	1.07062376068e-08	2.57445805397e-09	1.32806956607e-08
     8	9.04823545033e-09	2.17357188931e-09	1.12218073396e-08
     9	7.9683358861e-09	1.9131469279e-09	9.881482814e-09

Measurement: t_ro108
  step	t_ro108	FROM	TO
     1	5.94583840813e-09	1.43003977064e-09	7.37587817877e-09
     2	5.06971426005e-09	1.21797445058e-09	6.28768871064e-09
     3	4.50343399054e-09	1.08082411693e-09	5.58425810747e-09
     4	8.23290368096e-09	1.98121644812e-09	1.02141201291e-08
     5	6.89836856532e-09	1.65856517466e-09	8.55693373998e-09
     6	6.04263397034e-09	1.45169087084e-09	7.49432484118e-09
     7	1.18231550003e-08	2.84612627962e-09	1.46692812799e-08
     8	9.83240876412e-09	2.36512938227e-09	1.21975381464e-08
     9	8.55871647186e-09	2.05753241891e-09	1.06162488908e-08

Measurement: t_ro109
  step	t_ro109	FROM	TO
     1	6.45947779036e-09	1.56061226185e-09	8.02009005221e-09
     2	5.38303539206e-09	1.29543896512e-09	6.67847435718e-09
     3	4.71851372341e-09	1.13232025232e-09	5.85083397572e-09
     4	9.17225854701e-09	2.21732561518e-09	1.13895841622e-08
     5	7.46905862924e-09	1.79971166949e-09	9.26877029873e-09
     6	6.43699802699e-09	1.54745246909e-09	7.98445049608e-09
     7	1.33873577933e-08	3.23578099939e-09	1.66231387927e-08
     8	1.07968060705e-08	2.60259263434e-09	1.33993987049e-08
     9	9.23417487669e-09	2.22159051402e-09	1.14557653907e-08

Measurement: t_ro110
  step	t_ro110	FROM	TO
     1	5.67012509787e-09	1.35879007434e-09	7.02891517221e-09
     2	4.88862564655e-09	1.16925851085e-09	6.05788415739e-09
     3	4.37128021566e-09	1.04433321128e-09	5.41561342694e-09
     4	7.71366810063e-09	1.8497344438e-09	9.56340254442e-09
     5	6.54792220684e-09	1.5667216012e-09	8.11464380804e-09
     6	5.7862036966e-09	1.38280523507e-09	7.16900893167e-09
     7	1.09370631613e-08	2.62292281648e-09	1.35599859778e-08
     8	9.22064785007e-09	2.20644674353e-09	1.14270945936e-08
     9	8.10246832961e-09	1.93646955417e-09	1.00389378838e-08

Measurement: t_ro111
  step	t_ro111	FROM	TO
     1	5.88816299355e-09	1.41066829826e-09	7.2988312918e-09
     2	5.0319697753e-09	1.20323151293e-09	6.23520128823e-09
     3	4.47999469383e-09	1.07025237324e-09	5.55024706708e-09
     4	8.0830434014e-09	1.93686847965e-09	1.0019911881e-08
     5	6.8007865591e-09	1.62679177187e-09	8.42757833098e-09
     6	5.97317888441e-09	1.42728422088e-09	7.40046310528e-09
     7	1.1541943777e-08	2.76535069812e-09	1.43072944751e-08
     8	9.64196717012e-09	2.30637227492e-09	1.1948339445e-08
     9	8.41933151062e-09	2.01181755518e-09	1.04311490658e-08

Measurement: t_ro112
  step	t_ro112	FROM	TO
     1	6.34089136418e-09	1.52162311965e-09	7.86251448383e-09
     2	5.31430643389e-09	1.27343445292e-09	6.58774088682e-09
     3	4.67638337494e-09	1.11923615603e-09	5.79561953097e-09
     4	8.93001468927e-09	2.14309843081e-09	1.10731131201e-08
     5	7.34133080609e-09	1.75950550317e-09	9.10083630925e-09
     6	6.35447043751e-09	1.52153714689e-09	7.8760075844e-09
     7	1.29890011113e-08	3.11682089803e-09	1.61058220093e-08
     8	1.05854406028e-08	2.53711426227e-09	1.31225548651e-08
     9	9.09794849245e-09	2.17862685762e-09	1.12765753501e-08

Measurement: t_ro113
  step	t_ro113	FROM	TO
     1	6.32607800297e-09	1.51928207549e-09	7.84536007846e-09
     2	5.29232562798e-09	1.26931665339e-09	6.56164228137e-09
     3	4.66326571544e-09	1.11601428003e-09	5.77927999547e-09
     4	8.87933639291e-09	2.13365405031e-09	1.10129904432e-08
     5	7.29135063548e-09	1.74900935545e-09	9.04035999092e-09
     6	6.31362174187e-09	1.51250010399e-09	7.82612184586e-09
     7	1.28785100828e-08	3.09518671896e-09	1.59736968018e-08
     8	1.04802811376e-08	2.51465274561e-09	1.29949338832e-08
     9	9.00953939021e-09	2.15946156695e-09	1.11690009572e-08

Measurement: t_ro114
  step	t_ro114	FROM	TO
     1	5.82950329054e-09	1.40515572558e-09	7.23465901612e-09
     2	4.98329659754e-09	1.19927694793e-09	6.18257354547e-09
     3	4.44213378565e-09	1.06843596026e-09	5.51056974591e-09
     4	8.02484727548e-09	1.93617306688e-09	9.96102034236e-09
     5	6.750191022e-09	1.62685322146e-09	8.37704424346e-09
     6	5.93111057288e-09	1.42834354839e-09	7.35945412128e-09
     7	1.14756371631e-08	2.77057409179e-09	1.42462112548e-08
     8	9.58087670232e-09	2.31069887e-09	1.18915755723e-08
     9	8.36702652397e-09	2.01639183896e-09	1.03834183629e-08

Measurement: t_ro115
  step	t_ro115	FROM	TO
     1	6.11694181485e-09	1.46826537144e-09	7.58520718629e-09
     2	5.18682088472e-09	1.24365778656e-09	6.43047867127e-09
     3	4.58952386794e-09	1.09981941261e-09	5.68934328056e-09
     4	8.50463035873e-09	2.04188706432e-09	1.0546517423e-08
     5	7.08701487649e-09	1.69961078581e-09	8.7866256623e-09
     6	6.18258677394e-09	1.48181351102e-09	7.66440028496e-09
     7	1.22628359218e-08	2.94412393374e-09	1.52069598555e-08
     8	1.01422598706e-08	2.43231525574e-09	1.25745751263e-08
     9	8.79273496677e-09	2.10734861568e-09	1.09000835825e-08

Measurement: t_ro116
  step	t_ro116	FROM	TO
     1	5.66904301305e-09	1.36393871831e-09	7.03298173136e-09
     2	4.89227650921e-09	1.17483548992e-09	6.06711199913e-09
     3	4.37436991272e-09	1.04889379024e-09	5.42326370296e-09
     4	7.71162019484e-09	1.85737348858e-09	9.56899368342e-09
     5	6.55040708832e-09	1.57482484254e-09	8.12523193087e-09
     6	5.79110639012e-09	1.39044959172e-09	7.18155598184e-09
     7	1.0932782511e-08	2.63504933926e-09	1.35678318502e-08
     8	9.22389134847e-09	2.2194296975e-09	1.1443321046e-08
     9	8.10940742776e-09	1.94896156421e-09	1.0058368992e-08

Measurement: t_ro117
  step	t_ro117	FROM	TO
     1	6.12922312657e-09	1.46657806976e-09	7.59580119633e-09
     2	5.19813962428e-09	1.24121667779e-09	6.43935630207e-09
     3	4.60191969164e-09	1.09804477974e-09	5.69996447138e-09
     4	8.52714356596e-09	2.0402018132e-09	1.05673453792e-08
     5	7.10422823614e-09	1.69609901242e-09	8.80032724856e-09
     6	6.19699965323e-09	1.47813959179e-09	7.67513924502e-09
     7	1.23006066947e-08	2.94115671453e-09	1.52417634092e-08
     8	1.01686794315e-08	2.42696330734e-09	1.25956427388e-08
     9	8.81341847488e-09	2.10169324133e-09	1.09151117162e-08

Measurement: t_ro118
  step	t_ro118	FROM	TO
     1	6.10053034231e-09	1.46277958641e-09	7.56330992873e-09
     2	5.17849081122e-09	1.23924481493e-09	6.41773562616e-09
     3	4.58589571416e-09	1.09679853565e-09	5.68269424981e-09
     4	8.46997040184e-09	2.0309556919e-09	1.05009260937e-08
     5	7.06058997692e-09	1.69008784378e-09	8.75067782069e-09
     6	6.16223181067e-09	1.47389338249e-09	7.63612519316e-09
     7	1.21919426122e-08	2.92331821207e-09	1.51152608243e-08
     8	1.00876148662e-08	2.41450471383e-09	1.250211958e-08
     9	8.74901881717e-09	2.09241084757e-09	1.08414296647e-08

Measurement: t_ro119
  step	t_ro119	FROM	TO
     1	5.64044795397e-09	1.34811400064e-09	6.98856195461e-09
     2	4.86532044068e-09	1.16180652029e-09	6.02712696097e-09
     3	4.3547814518e-09	1.03960259925e-09	5.39438405105e-09
     4	7.66059026014e-09	1.83051576995e-09	9.49110603009e-09
     5	6.50600334007e-09	1.5535123459e-09	8.05951568598e-09
     6	5.75439944918e-09	1.37359481973e-09	7.12799426891e-09
     7	1.08382843848e-08	2.58941571222e-09	1.34277000971e-08
     8	9.14219648471e-09	2.18255686795e-09	1.13247533527e-08
     9	8.03998671534e-09	1.91857656183e-09	9.95856327717e-09

Measurement: t_ro120
  step	t_ro120	FROM	TO
     1	5.74344837878e-09	1.37741332267e-09	7.12086170146e-09
     2	4.93393006841e-09	1.18100331851e-09	6.11493338691e-09
     3	4.40297295036e-09	1.05252498194e-09	5.4554979323e-09
     4	7.84566334659e-09	1.88168727159e-09	9.72735061818e-09
     5	6.63622411227e-09	1.589245898e-09	8.22547001027e-09
     6	5.85007965632e-09	1.39932533212e-09	7.24940498844e-09
     7	1.11687673906e-08	2.67882190788e-09	1.38475892985e-08
     8	9.38072849842e-09	2.24678362659e-09	1.1627512125e-08
     9	8.22138474486e-09	1.96694377901e-09	1.01883285239e-08

Measurement: t_ro121
  step	t_ro121	FROM	TO
     1	5.85957298628e-09	1.39853484481e-09	7.25810783109e-09
     2	5.00702231897e-09	1.19437198259e-09	6.20139430156e-09
     3	4.4578425552e-09	1.06287643162e-09	5.52071898682e-09
     4	8.02457279706e-09	1.91487405522e-09	9.93944685228e-09
     5	6.74424650124e-09	1.6082166307e-09	8.35246313194e-09
     6	5.92290653966e-09	1.41199909412e-09	7.33490563378e-09
     7	1.14320339328e-08	2.72702709961e-09	1.41590610325e-08
     8	9.53707583352e-09	2.27348952565e-09	1.18105653592e-08
     9	8.32638363591e-09	1.98421200404e-09	1.03105956399e-08

Measurement: t_ro122
  step	t_ro122	FROM	TO
     1	6.01981836278e-09	1.43863532421e-09	7.45845368698e-09
     2	5.10964289864e-09	1.22005314379e-09	6.32969604243e-09
     3	4.52514206351e-09	1.08034834772e-09	5.60549041124e-09
     4	8.32365684008e-09	1.98829617073e-09	1.03119530108e-08
     5	6.93808302707e-09	1.65675898932e-09	8.59484201639e-09
     6	6.06134961934e-09	1.44675673133e-09	7.50810635066e-09
     7	1.19541327154e-08	2.85551318815e-09	1.48096459035e-08
     8	9.885014765e-09	2.3599707543e-09	1.22449855193e-08
     9	8.57897451894e-09	2.04737729476e-09	1.06263518137e-08

Measurement: t_ro123
  step	t_ro123	FROM	TO
     1	6.16831829767e-09	1.47433894018e-09	7.64265723785e-09
     2	5.2169992518e-09	1.24593418394e-09	6.46293343574e-09
     3	4.60925297239e-09	1.10024185261e-09	5.70949482501e-09
     4	8.59894783979e-09	2.05502518893e-09	1.06539730287e-08
     5	7.14104556498e-09	1.70512067157e-09	8.84616623655e-09
     6	6.21759958767e-09	1.48391391443e-09	7.7015135021e-09
     7	1.24194267325e-08	2.96659866636e-09	1.53860253988e-08
     8	1.02329614837e-08	2.44236579629e-09	1.267532728e-08
     9	8.85194901331e-09	2.11172657707e-09	1.09636755904e-08

Measurement: t_ro124
  step	t_ro124	FROM	TO
     1	6.53452536197e-09	1.56492602073e-09	8.0994513827e-09
     2	5.45053256155e-09	1.30311121202e-09	6.75364377357e-09
     3	4.77635838115e-09	1.14117876555e-09	5.9175371467e-09
     4	9.27053754758e-09	2.21976297297e-09	1.14903005206e-08
     5	7.58057397175e-09	1.81219545612e-09	9.39276942787e-09
     6	6.53533981155e-09	1.56088347937e-09	8.09622329092e-09
     7	1.35529385529e-08	3.24371178817e-09	1.67966503411e-08
     8	1.09872031816e-08	2.62575707473e-09	1.36129602564e-08
     9	9.40473832975e-09	2.2455831683e-09	1.1650321498e-08

Measurement: t_ro125
  step	t_ro125	FROM	TO
     1	5.92000069876e-09	1.42598096491e-09	7.34598166367e-09
     2	5.05923089767e-09	1.21644628989e-09	6.27567718756e-09
     3	4.49056611031e-09	1.07838831866e-09	5.56895442897e-09
     4	8.15145662951e-09	1.96515951784e-09	1.01166161474e-08
     5	6.83942660166e-09	1.64649095766e-09	8.48591755932e-09
     6	5.9997921484e-09	1.44281489609e-09	7.44260704448e-09
     7	1.16553023477e-08	2.81234292429e-09	1.4467645272e-08
     8	9.70862138929e-09	2.3394104377e-09	1.2048031827e-08
     9	8.4663099305e-09	2.03798678179e-09	1.05042967123e-08

Measurement: t_ro126
  step	t_ro126	FROM	TO
     1	5.8957833388e-09	1.41300465359e-09	7.30878799238e-09
     2	5.01487638418e-09	1.20049154603e-09	6.21536793022e-09
     3	4.45821709107e-09	1.06605664807e-09	5.52427373913e-09
     4	8.15340459079e-09	1.95426960582e-09	1.01076741966e-08
     5	6.80894225985e-09	1.63021265769e-09	8.43915491755e-09
     6	5.964290195e-09	1.4267446863e-09	7.3910348813e-09
     7	1.16852578266e-08	2.80072394131e-09	1.44859817679e-08
     8	9.67844072586e-09	2.31739529333e-09	1.19958360192e-08
     9	8.4230169078e-09	2.01506896437e-09	1.04380858722e-08

Measurement: t_ro127
  step	t_ro127	FROM	TO
     1	5.62693297185e-09	1.3519490291e-09	6.97888200095e-09
     2	4.85116497049e-09	1.16425878384e-09	6.01542375433e-09
     3	4.34228649996e-09	1.04064034652e-09	5.38292684648e-09
     4	7.6459990279e-09	1.83775236914e-09	9.48375139704e-09
     5	6.49079433697e-09	1.55875167474e-09	8.0495460117e-09
     6	5.73960924895e-09	1.377052378e-09	7.11666162696e-09
     7	1.08255825156e-08	2.60245175057e-09	1.34280342662e-08
     8	9.12692140906e-09	2.19272922625e-09	1.13196506353e-08
     9	8.02492731817e-09	1.92658645388e-09	9.95151377205e-09

Measurement: freq_ro0
  step	{80/t_ro0}
     1	13995979291.5
     2	16271923094.8
     3	18206554421.5
     4	10255861901.8
     5	12109759386.3
     6	13722819071
     7	7216640238.63
     8	8581219641.4
     9	9780866071.4

Measurement: freq_ro1
  step	{80/t_ro1}
     1	13114255654.8
     2	15499852965.7
     3	17524279535.5
     4	9396864685.44
     5	11319743069.8
     6	12990665355
     7	6507903061.19
     8	7905033681.2
     9	9133073787.09

Measurement: freq_ro2
  step	{80/t_ro2}
     1	13920365195.4
     2	16216758400.9
     3	18162649273.2
     4	10221877279.5
     5	12082452779.9
     6	13699172448.3
     7	7198991873.42
     8	8568871874.88
     9	9771762526.79

Measurement: freq_ro3
  step	{80/t_ro3}
     1	13198933180.1
     2	15550620798.4
     3	17557134183.2
     4	9511796724.13
     5	11399036101
     6	13050148058.6
     7	6606754754.46
     8	7979089102.9
     9	9193172656.15

Measurement: freq_ro4
  step	{80/t_ro4}
     1	13157890204.7
     2	15511125296.2
     3	17526793590.8
     4	9453437008.29
     5	11353756740.6
     6	13012245688.6
     7	6559074102.44
     8	7939141362.77
     9	9158280377.33

Measurement: freq_ro5
  step	{80/t_ro5}
     1	12520923267
     2	14916554505.8
     3	16961043613
     4	8894850583.21
     5	10799989553.9
     6	12473303787.9
     7	6113235969.64
     8	7482180873.99
     9	8699714356.18

Measurement: freq_ro6
  step	{80/t_ro6}
     1	12450071064.3
     2	14837015966.5
     3	16908775997.4
     4	8799260427.04
     5	10714705084.6
     6	12397279022.8
     7	6032400471.63
     8	7408544771.22
     9	8632043086.74

Measurement: freq_ro7
  step	{80/t_ro7}
     1	13300986230.9
     2	15624986374.3
     3	17613139044.6
     4	9624642984.43
     5	11500088449.8
     6	13141867163.3
     7	6706364568.07
     8	8073117302.48
     9	9282736649.47

Measurement: freq_ro8
  step	{80/t_ro8}
     1	14078667422.9
     2	16385395528
     3	18341270674.5
     4	10325531176.6
     5	12214906747
     6	13846466736.5
     7	7267886523.75
     8	8664636113.77
     9	9882238947.43

Measurement: freq_ro9
  step	{80/t_ro9}
     1	13588687238
     2	15905149478.8
     3	17857135394.3
     4	9852872920.38
     5	11721206216.7
     6	13354596061.2
     7	6877534066.74
     8	8241978045.08
     9	9448015837.15

Measurement: freq_ro10
  step	{80/t_ro10}
     1	13157899755.8
     2	15553713863.3
     3	17526019486
     4	9487961510.96
     5	11375483241.1
     6	13028008119.8
     7	6587721656.64
     8	7960753120.93
     9	9174629099.35

Measurement: freq_ro11
  step	{80/t_ro11}
     1	13718528115.5
     2	16046359605.1
     3	18006111229.1
     4	9954302250.68
     5	11842959355.5
     6	13481451058.7
     7	6960674253.98
     8	8345238680.63
     9	9559693616.38

Measurement: freq_ro12
  step	{80/t_ro12}
     1	14475482019.5
     2	16694880519.8
     3	18591420575.9
     4	10724221675.1
     5	12552990781.8
     6	14141246233
     7	7611269140.89
     8	8966328771.44
     9	10154014062.7

Measurement: freq_ro13
  step	{80/t_ro13}
     1	13775708493.1
     2	16099609658
     3	18063437386.9
     4	10020499033.1
     5	11913672952.2
     6	13554576975.8
     7	7020142719.49
     8	8409908566.5
     9	9627339123.23

Measurement: freq_ro14
  step	{80/t_ro14}
     1	12681348985.8
     2	15103701501.6
     3	17123075249
     4	9022488774.19
     5	10933651189.4
     6	12608403728.2
     7	6211538249.66
     8	7589295294.36
     9	8811584818.56

Measurement: freq_ro15
  step	{80/t_ro15}
     1	13397111842.7
     2	15731667981
     3	17716010833.6
     4	9678328647.92
     5	11561715616.3
     6	13202679151.2
     7	6743348917
     8	8116587412.9
     9	9327240117.89

Measurement: freq_ro16
  step	{80/t_ro16}
     1	13644189366.6
     2	15937944281
     3	17895695319
     4	9953162143.99
     5	11813990858.7
     6	13439548492.2
     7	6975451177.14
     8	8339815252.46
     9	9543136897.13

Measurement: freq_ro17
  step	{80/t_ro17}
     1	12875670928.8
     2	15260807018.5
     3	17298874796.3
     4	9180259473.92
     5	11093317161.2
     6	12766060290.6
     7	6329021845.99
     8	7710638538.26
     9	8934031538.29

Measurement: freq_ro18
  step	{80/t_ro18}
     1	13000927929.3
     2	15375541419
     3	17387695958.4
     4	9294523095.71
     5	11198473648.4
     6	12864691163.7
     7	6421154370.21
     8	7798370070.25
     9	9018413833.68

Measurement: freq_ro19
  step	{80/t_ro19}
     1	13480457750
     2	15802543369
     3	17808553147.9
     4	9714620093.84
     5	11615792609.7
     6	13268582051.1
     7	6762826828.76
     8	8151489206.51
     9	9372788506.63

Measurement: freq_ro20
  step	{80/t_ro20}
     1	12965968939.3
     2	15324256322.5
     3	17330773584.6
     4	9340043983.97
     5	11228906048.9
     6	12885792605.6
     7	6482411296.53
     8	7852663027.84
     9	9068170874.77

Measurement: freq_ro21
  step	{80/t_ro21}
     1	13379062303.7
     2	15709740233.7
     3	17709050180.5
     4	9639955348.03
     5	11526182671.1
     6	13172625434.3
     7	6701545793.46
     8	8074378383.04
     9	9286684468.14

Measurement: freq_ro22
  step	{80/t_ro22}
     1	12933444715.5
     2	15301162436.5
     3	17354242731.2
     4	9264184804.66
     5	11179378766.5
     6	12850685986
     7	6406293535.36
     8	7793514320.02
     9	9018850924.74

Measurement: freq_ro23
  step	{80/t_ro23}
     1	13956742497.7
     2	16226974265.7
     3	18171460022.7
     4	10246701884.8
     5	12097633736.5
     6	13710347458.6
     7	7215423137.34
     8	8576356875.09
     9	9774608732.36

Measurement: freq_ro24
  step	{80/t_ro24}
     1	13575549362.4
     2	15888944860
     3	17857616609.5
     4	9874105579.12
     5	11745906869
     6	13379588607.1
     7	6906567253.44
     8	8275295233.38
     9	9483150855.26

Measurement: freq_ro25
  step	{80/t_ro25}
     1	14145465625.8
     2	16431861197.9
     3	18361950670.1
     4	10378679286.5
     5	12243984190.9
     6	13860849764.7
     7	7316847858.7
     8	8692975035.52
     9	9897311458

Measurement: freq_ro26
  step	{80/t_ro26}
     1	13317634366.4
     2	15625016720.7
     3	17624702422.1
     4	9654715305.49
     5	11528928765.6
     6	13162445381.7
     7	6735377395.6
     8	8102670506.13
     9	9311137079.23

Measurement: freq_ro27
  step	{80/t_ro27}
     1	13039935580.2
     2	15408524959
     3	17431924849.3
     4	9332257454.46
     5	11240688588.4
     6	12903546419
     7	6463906576.64
     8	7848864680.24
     9	9070387869.99

Measurement: freq_ro28
  step	{80/t_ro28}
     1	13240650741.5
     2	15594335730.6
     3	17599345108.8
     4	9524624963.86
     5	11416284149
     6	13070944000.8
     7	6610718101.86
     8	7986126698.56
     9	9202194264

Measurement: freq_ro29
  step	{80/t_ro29}
     1	12500102944.8
     2	14930042680.3
     3	16984315680.2
     4	8904869829.12
     5	10825402446.5
     6	12507823332.4
     7	6127319967.54
     8	7510071005.41
     9	8736408773.1

Measurement: freq_ro30
  step	{80/t_ro30}
     1	12957678411
     2	15338625089.2
     3	17357891935.2
     4	9323546432.47
     5	11240782794.5
     6	12909311159.4
     7	6471427408.9
     8	7866632573.06
     9	9093751899.6

Measurement: freq_ro31
  step	{80/t_ro31}
     1	12740120625.5
     2	15151516214.4
     3	17241404820.2
     4	9035364926.83
     5	10999545393.3
     6	12702006471.5
     7	6218450713.52
     8	7638494255.7
     9	8885263262.68

Measurement: freq_ro32
  step	{80/t_ro32}
     1	12299500043.8
     2	14705890687.3
     3	16770858174.2
     4	8669127991.6
     5	10575108062.1
     6	12254788604.5
     7	5927057746.01
     8	7291169607.13
     9	8508830547.55

Measurement: freq_ro33
  step	{80/t_ro33}
     1	13079072808.3
     2	15402370213
     3	17412215342.2
     4	9408676678.97
     5	11288324898.3
     6	12937722314.3
     7	6531152127.18
     8	7894973711.94
     9	9104668216.63

Measurement: freq_ro34
  step	{80/t_ro34}
     1	13521667268.2
     2	15868323011.5
     3	17857111774.7
     4	9803832188.59
     5	11709270953
     6	13363751027.1
     7	6843864733.63
     8	8242909604.21
     9	9468605079.3

Measurement: freq_ro35
  step	{80/t_ro35}
     1	13725118894.3
     2	16031395542.1
     3	17992932477.4
     4	9990722207.15
     5	11863509816.6
     6	13494237298.1
     7	6992946002.9
     8	8367616884.64
     9	9575798748.06

Measurement: freq_ro36
  step	{80/t_ro36}
     1	13973483089.5
     2	16212945847.8
     3	18182226449.6
     4	10262108760.1
     5	12119854652.2
     6	13731594101.2
     7	7237765058.13
     8	8605924304.23
     9	9805398006.54

Measurement: freq_ro37
  step	{80/t_ro37}
     1	12820565218
     2	15230478625.2
     3	17241383153.6
     4	9199211509.14
     5	11111100848.3
     6	12777741479.4
     7	6362218397.01
     8	7744836281
     9	8967524631.17

Measurement: freq_ro38
  step	{80/t_ro38}
     1	12631481109.9
     2	15036262100.9
     3	17107733977.8
     4	8965065141.74
     5	10881542581.5
     6	12562565394.6
     7	6161301792.28
     8	7543424402.73
     9	8769624066.27

Measurement: freq_ro39
  step	{80/t_ro39}
     1	13358807831.7
     2	15691688291.9
     3	17723876050.6
     4	9621206897.42
     5	11532117074
     6	13190674815
     7	6689710750.45
     8	8083671104.62
     9	9308463721.47

Measurement: freq_ro40
  step	{80/t_ro40}
     1	13105988225
     2	15490299143.8
     3	17515350662.2
     4	9412143556.84
     5	11335395432.6
     6	13005996377.4
     7	6527761660.88
     8	7926441787.77
     9	9155737400.05

Measurement: freq_ro41
  step	{80/t_ro41}
     1	13750488959.3
     2	16090400089.1
     3	17994192520.5
     4	10044205735.8
     5	11905441867.7
     6	13523396830.1
     7	7049743884.24
     8	8414717822.26
     9	9615286861.03

Measurement: freq_ro42
  step	{80/t_ro42}
     1	13691653842.7
     2	16021900978.1
     3	17988954624.1
     4	9933746889.56
     5	11831478480.8
     6	13476941395.5
     7	6945987959.41
     8	8339535280.33
     9	9560678885.06

Measurement: freq_ro43
  step	{80/t_ro43}
     1	13563834952
     2	15883054765.7
     3	17857075008.4
     4	9881165046.79
     5	11744648159.6
     6	13371549729.9
     7	6914910277.39
     8	8276918675.79
     9	9478551864.21

Measurement: freq_ro44
  step	{80/t_ro44}
     1	13894377308.3
     2	16273470647.1
     3	18238746116.7
     4	10123883309.3
     5	12045297248.3
     6	13694903367.4
     7	7097148787.6
     8	8514179277.6
     9	9744016567.04

Measurement: freq_ro45
  step	{80/t_ro45}
     1	13600332555.3
     2	15919960221.4
     3	17857401960.7
     4	9876472705.23
     5	11742987618.8
     6	13373628116.5
     7	6897900501.89
     8	8261466454.84
     9	9465791034.85

Measurement: freq_ro46
  step	{80/t_ro46}
     1	12983608045.9
     2	15382791572.3
     3	17405986193.1
     4	9267689336.42
     5	11204785419.9
     6	12882089840
     7	6413040034.41
     8	7819745194.53
     9	9053307999.44

Measurement: freq_ro47
  step	{80/t_ro47}
     1	13986032775.8
     2	16255877032.2
     3	18202477077.6
     4	10261481058.1
     5	12111793227.2
     6	13723461099.1
     7	7222044982.73
     8	8582508125.01
     9	9780105908.93

Measurement: freq_ro48
  step	{80/t_ro48}
     1	13333894691.3
     2	15624992072.3
     3	17658841574.5
     4	9643174403.97
     5	11519380130.8
     6	13162043871.9
     7	6716022005.48
     8	8082861286.54
     9	9293289480.47

Measurement: freq_ro49
  step	{80/t_ro49}
     1	13157878231.2
     2	15517922680.8
     3	17527895552.3
     4	9430188995.85
     5	11334286784.2
     6	12993676244.2
     7	6535841223.98
     8	7918674049.64
     9	9138514839.3

Measurement: freq_ro50
  step	{80/t_ro50}
     1	11871924326.6
     2	14364946207.1
     3	16492428748.6
     4	8220667343.08
     5	10191753166.2
     6	11911803387.5
     7	5567190408.24
     8	6967535755.72
     9	8209668714.89

Measurement: freq_ro51
  step	{80/t_ro51}
     1	12436323825.8
     2	14867402282
     3	16964000979.6
     4	8796579395.66
     5	10758463337.6
     6	12469850782.4
     7	6036710765.18
     8	7449150469.76
     9	8694022541.55

Measurement: freq_ro52
  step	{80/t_ro52}
     1	13925058740.6
     2	16198328065.9
     3	18144529078.8
     4	10201739040.1
     5	12051628882.7
     6	13666403267.7
     7	7174065031.91
     8	8534404307.42
     9	9733325265.03

Measurement: freq_ro53
  step	{80/t_ro53}
     1	12946614603.7
     2	15320010803.4
     3	17320769194.2
     4	9287104080
     5	11192099178.1
     6	12853377578.6
     7	6429650720.72
     8	7810573387.37
     9	9030645345.67

Measurement: freq_ro54
  step	{80/t_ro54}
     1	12918001231.3
     2	15269420978.9
     3	17241552193.7
     4	9272003004.14
     5	11153704085.2
     6	12807272802.9
     7	6419442079.97
     8	7780722980.21
     9	8990194275.1

Measurement: freq_ro55
  step	{80/t_ro55}
     1	13536903633.8
     2	15858485546.8
     3	17856938342.4
     4	9835371674.07
     5	11715433295.1
     6	13351001905
     7	6872092901.92
     8	8247660354.05
     9	9457264254.79

Measurement: freq_ro56
  step	{80/t_ro56}
     1	13157891627.7
     2	15498702129.4
     3	17503862798.2
     4	9452637965.25
     5	11338305812.5
     6	12987581353.9
     7	6558735327.98
     8	7928213822.06
     9	9140359210.43

Measurement: freq_ro57
  step	{80/t_ro57}
     1	13888887278.8
     2	16209404760.4
     3	18181924615
     4	10125851556.5
     5	12010580577.4
     6	13646422714.4
     7	7096694673.28
     8	8481283602.25
     9	9695984140.85

Measurement: freq_ro58
  step	{80/t_ro58}
     1	12820511836.5
     2	15289251448.9
     3	17356305298.4
     4	9134230036.38
     5	11117068381.6
     6	12820740831.9
     7	6307037282.94
     8	7747693393.83
     9	9005630344.45

Measurement: freq_ro59
  step	{80/t_ro59}
     1	14071886814.3
     2	16348397595.9
     3	18295272010.8
     4	10309586365.1
     5	12173774831.8
     6	13792956496.4
     7	7257279057.69
     8	8630361217.59
     9	9835835554.56

Measurement: freq_ro60
  step	{80/t_ro60}
     1	13455889344.8
     2	15766464582.7
     3	17758264745.3
     4	9779080097.51
     5	11655927219
     6	13294002395
     7	6835288461.04
     8	8206184699.57
     9	9415414122.77

Measurement: freq_ro61
  step	{80/t_ro61}
     1	13513514232
     2	15881953944.9
     3	17857288345.8
     4	9789392512.69
     5	11697534274
     6	13350704172.3
     7	6831922202
     8	8230151568.78
     9	9454321844.84

Measurement: freq_ro62
  step	{80/t_ro62}
     1	12500000894.5
     2	14880897882.4
     3	16941019439.9
     4	8843110088.6
     5	10750782700.4
     6	12427553487.9
     7	6067666351.73
     8	7438852519.22
     9	8658585240.3

Measurement: freq_ro63
  step	{80/t_ro63}
     1	13796170889.6
     2	16129062798.6
     3	18089389230.1
     4	10000226658.3
     5	11898021914.8
     6	13537579823.4
     7	6997678859.43
     8	8388855841.54
     9	9607522328.27

Measurement: freq_ro64
  step	{80/t_ro64}
     1	12527116386.5
     2	14958693662.5
     3	17036766837.5
     4	8875835196.83
     5	10813956161
     6	12500285906.3
     7	6094422236.69
     8	7490151350.63
     9	8722627120.11

Measurement: freq_ro65
  step	{80/t_ro65}
     1	12911560599.2
     2	15297830424.6
     3	17330168139.8
     4	9232003594.77
     5	11150939562.2
     6	12821213067.9
     7	6384879996.17
     8	7776225032.58
     9	9004130199.62

Measurement: freq_ro66
  step	{80/t_ro66}
     1	13266477724.5
     2	15624981783
     3	17611682995.7
     4	9570366179.66
     5	11459272712.5
     6	13108417587.6
     7	6654409861.26
     8	8029721996.17
     9	9244165703.61

Measurement: freq_ro67
  step	{80/t_ro67}
     1	13488689326.9
     2	15822219908.8
     3	17840896665.3
     4	9726231830.22
     5	11632407874.5
     6	13284710561.1
     7	6781576526.71
     8	8174281255.56
     9	9395174698.11

Measurement: freq_ro68
  step	{80/t_ro68}
     1	14041543803.4
     2	16330857087.1
     3	18279497878.6
     4	10266917718
     5	12139669862.6
     6	13761744458.7
     7	7222394276.13
     8	8602802469.14
     9	9810869671.39

Measurement: freq_ro69
  step	{80/t_ro69}
     1	13727801026.7
     2	16085793440.4
     3	18077965747.1
     4	9975319412.4
     5	11897820583.2
     6	13559553009.1
     7	6980792621.79
     8	8392758591.46
     9	9626918611.9

Measurement: freq_ro70
  step	{80/t_ro70}
     1	12978366489.3
     2	15333613981.4
     3	17341025833.8
     4	9319936678.31
     5	11209141671.7
     6	12863382300.5
     7	6458701377.24
     8	7829655224.39
     9	9043506669.6

Measurement: freq_ro71
  step	{80/t_ro71}
     1	13149309907.9
     2	15510687206.5
     3	17511690962.7
     4	9434092117.87
     5	11334322944.2
     6	12990283558.6
     7	6545877984.63
     8	7925352770.69
     9	9142408111.78

Measurement: freq_ro72
  step	{80/t_ro72}
     1	13687897998.3
     2	15989888759.5
     3	17945002617.4
     4	9991304211.2
     5	11862292486.6
     6	13491719072
     7	7003624031.78
     8	8375300615.25
     9	9582182606.41

Measurement: freq_ro73
  step	{80/t_ro73}
     1	13549354732.1
     2	15899470707.6
     3	17857449981.3
     4	9829632299.3
     5	11724043937.3
     6	13369593971.6
     7	6863712563.13
     8	8250697085.54
     9	9468738017.39

Measurement: freq_ro74
  step	{80/t_ro74}
     1	13028945664
     2	15396176306.9
     3	17417188387.1
     4	9336364664.42
     5	11236913962.4
     6	12898539086.8
     7	6460434159.32
     8	7837354173.89
     9	9055428491.67

Measurement: freq_ro75
  step	{80/t_ro75}
     1	13149271635.7
     2	15503114488.1
     3	17508344376.6
     4	9461016523.76
     5	11373292719.9
     6	13038210601.9
     7	6576881933.13
     8	7970186337.91
     9	9196139543.09

Measurement: freq_ro76
  step	{80/t_ro76}
     1	13207345069.9
     2	15624950889.8
     3	17553610815.1
     4	9520641401.18
     5	11406056638.5
     6	13056082290.9
     7	6616232933.71
     8	7987109386.08
     9	9200542389.77

Measurement: freq_ro77
  step	{80/t_ro77}
     1	13140674653.9
     2	15485372881.5
     3	17480312978.1
     4	9461400286.09
     5	11344293699.3
     6	12990906670.9
     7	6568890975.13
     8	7934196610.57
     9	9144777053.41

Measurement: freq_ro78
  step	{80/t_ro78}
     1	13513689009.5
     2	15847695881.6
     3	17857170936.8
     4	9803775724.93
     5	11686248089.2
     6	13327352881.1
     7	6845864264.82
     8	8222368522.4
     9	9434978824.72

Measurement: freq_ro79
  step	{80/t_ro79}
     1	12995512725.9
     2	15383481373.2
     3	17404829183.3
     4	9282625934.97
     5	11201807988.1
     6	12873434585.3
     7	6414453110.44
     8	7805602900.9
     9	9032323215.6

Measurement: freq_ro80
  step	{80/t_ro80}
     1	13241744347
     2	15594513785.9
     3	17590302240
     4	9532159312.25
     5	11426468801.5
     6	13080020428.2
     7	6627860807.11
     8	8007104687.51
     9	9223798578.77

Measurement: freq_ro81
  step	{80/t_ro81}
     1	13251655797.3
     2	15577352947
     3	17569281849.8
     4	9576956291.87
     5	11449016267.8
     6	13090459421.4
     7	6661018267.82
     8	8022113456.02
     9	9228349218.65

Measurement: freq_ro82
  step	{80/t_ro82}
     1	12476131466.4
     2	14871362356.7
     3	16925025982.6
     4	8825549258.6
     5	10736168299.2
     6	12412531175.6
     7	6055988974.18
     8	7428106938.61
     9	8646741399.56

Measurement: freq_ro83
  step	{80/t_ro83}
     1	13384816179
     2	15712875467
     3	17714848853.9
     4	9664486326.47
     5	11556298423.7
     6	13202483152.9
     7	6732504458.21
     8	8111403692.78
     9	9324861721.51

Measurement: freq_ro84
  step	{80/t_ro84}
     1	13433721177.1
     2	15745276982.9
     3	17735712963.2
     4	9738435423.15
     5	11618195923.3
     6	13255477379.9
     7	6798950206.91
     8	8171833858.35
     9	9382072672.79

Measurement: freq_ro85
  step	{80/t_ro85}
     1	14447415340.5
     2	16705527596.6
     3	18652062092.1
     4	10620234961.8
     5	12497148210.2
     6	14115418013.9
     7	7492987853.77
     8	8884228066.92
     9	10095493351.1

Measurement: freq_ro86
  step	{80/t_ro86}
     1	13204082816.5
     2	15575966469.9
     3	17579726855.3
     4	9519868919.32
     5	11423534550.2
     6	13081162625.7
     7	6617318653.54
     8	8002867859.29
     9	9222797336.98

Measurement: freq_ro87
  step	{80/t_ro87}
     1	12713683090.2
     2	15093855808.1
     3	17103790733.8
     4	9085276354.41
     5	10970306249.4
     6	12628340672.6
     7	6271665782.11
     8	7632813316.93
     9	8843732756.28

Measurement: freq_ro88
  step	{80/t_ro88}
     1	12940205902.6
     2	15277529748.3
     3	17307772604.3
     4	9322425748.47
     5	11211340140.6
     6	12869427457.7
     7	6469193437.53
     8	7839811577.03
     9	9056068551.62

Measurement: freq_ro89
  step	{80/t_ro89}
     1	13370122247.3
     2	15721457777.1
     3	17716596753.3
     4	9641008537.57
     5	11547566093.9
     6	13203105806.2
     7	6709835721.69
     8	8101365586.98
     9	9323972452.72

Measurement: freq_ro90
  step	{80/t_ro90}
     1	13404610174.3
     2	15734334839.3
     3	17729994426.4
     4	9691016473.65
     5	11578081374.4
     6	13221271324.1
     7	6752804172.38
     8	8128819442.46
     9	9341726017.8

Measurement: freq_ro91
  step	{80/t_ro91}
     1	13157873063.4
     2	15515612742.1
     3	17505185714.7
     4	9535795164.07
     5	11408719730
     6	13051479587.7
     7	6636176563.75
     8	7997908901.4
     9	9205055328

Measurement: freq_ro92
  step	{80/t_ro92}
     1	14089632994.9
     2	16365644888.5
     3	18315423440.2
     4	10334979491
     5	12205338398.9
     6	13828605690.4
     7	7281739962.3
     8	8662982590.6
     9	9871642462.89

Measurement: freq_ro93
  step	{80/t_ro93}
     1	12973127427.8
     2	15327484194.8
     3	17334424788.6
     4	9301246809.59
     5	11190301878.2
     6	12845549391.1
     7	6438144336.79
     8	7807433173.86
     9	9020650404.96

Measurement: freq_ro94
  step	{80/t_ro94}
     1	13865614601.3
     2	16130479263.6
     3	18089830514.6
     4	10128160653.1
     5	11996610814.9
     6	13621597963
     7	7117597108.02
     8	8490208669.32
     9	9696571158.24

Measurement: freq_ro95
  step	{80/t_ro95}
     1	13433525475.9
     2	15772450069.2
     3	17815378155
     4	9700509729.36
     5	11600634158.3
     6	13253248903.5
     7	6753181508.5
     8	8138706535.03
     9	9358471234.23

Measurement: freq_ro96
  step	{80/t_ro96}
     1	13567819894.4
     2	15898261780.1
     3	17857328429.8
     4	9825097782.79
     5	11712510719.7
     6	13356644590.3
     7	6853223835.63
     8	8232216558.6
     9	9446913744.61

Measurement: freq_ro97
  step	{80/t_ro97}
     1	13332573003.4
     2	15672557909.3
     3	17692309237.1
     4	9615427083.8
     5	11528520061.4
     6	13186898900.9
     7	6690303881
     8	8086375752.3
     9	9311169436.17

Measurement: freq_ro98
  step	{80/t_ro98}
     1	13513512416.7
     2	15857462079.7
     3	17857746067.1
     4	9783318019.41
     5	11682649304.4
     6	13335100130.6
     7	6825321849.85
     8	8213396907.83
     9	9434199787.42

Measurement: freq_ro99
  step	{80/t_ro99}
     1	13619925374.3
     2	15930071334.2
     3	17894011317.2
     4	9926723992.28
     5	11797860224
     6	13431206191.9
     7	6955165516.79
     8	8325550883.87
     9	9534182030.52

Measurement: freq_ro100
  step	{80/t_ro100}
     1	13965769969.6
     2	16286260100.9
     3	18243747631.9
     4	10204072834.3
     5	12093605921.8
     6	13725406389
     7	7166057670.31
     8	8556237200.91
     9	9768070289.65

Measurement: freq_ro101
  step	{80/t_ro101}
     1	12820508009.8
     2	15201929589.1
     3	17241379936.3
     4	9179961775.84
     5	11083726153.2
     6	12752065050.3
     7	6336455113.19
     8	7713808258.74
     9	8934554559.96

Measurement: freq_ro102
  step	{80/t_ro102}
     1	13888880561.2
     2	16189123265.8
     3	18155099283.8
     4	10151437641.2
     5	12025070532.3
     6	13651903520.7
     7	7122128913.19
     8	8499706639.42
     9	9708326002.72

Measurement: freq_ro103
  step	{80/t_ro103}
     1	13703866708
     2	16089718081.5
     3	18036795413.8
     4	9918516046.76
     5	11828233930.8
     6	13480883757.2
     7	6926099793.8
     8	8324917205.83
     9	9548962205.79

Measurement: freq_ro104
  step	{80/t_ro104}
     1	13264512251.5
     2	15624964986.3
     3	17614482130
     4	9566481913.54
     5	11454988486.1
     6	13106186831.5
     7	6649635507.2
     8	8024161170.51
     9	9239023288.28

Measurement: freq_ro105
  step	{80/t_ro105}
     1	13717736656.9
     2	16022253199.1
     3	17978637951.8
     4	9988156046.61
     5	11859904242.6
     6	13490942812.5
     7	6995011662.51
     8	8368337938.87
     9	9576315292.15

Measurement: freq_ro106
  step	{80/t_ro106}
     1	13730701553.4
     2	16047996090.3
     3	18020914066.5
     4	9991268218.06
     5	11875727745.9
     6	13513226073.8
     7	6995102423.07
     8	8375978865.84
     9	9590255035.71

Measurement: freq_ro107
  step	{80/t_ro107}
     1	14335258444.1
     2	16620657443
     3	18518133814.8
     4	10565665219.1
     5	12416342411.2
     6	14020463952.5
     7	7472279519.51
     8	8841502902.87
     9	10039737423.7

Measurement: freq_ro108
  step	{80/t_ro108}
     1	13454788796.6
     2	15779982045.6
     3	17764221740.1
     4	9717106272.61
     5	11596944878
     6	13239259632.9
     7	6766383422.87
     8	8136358233.19
     9	9347195956.67

Measurement: freq_ro109
  step	{80/t_ro109}
     1	12384902092.1
     2	14861503626.4
     3	16954491327
     4	8721952133.16
     5	10710854469.2
     6	12428153568.6
     7	5975787099.69
     8	7409598679.22
     9	8663470322.83

Measurement: freq_ro110
  step	{80/t_ro110}
     1	14109036153.4
     2	16364517511.5
     3	18301274696
     4	10371200699.4
     5	12217616134.2
     6	13825990959.7
     7	7314577855.16
     8	8676179949.7
     9	9873534427.49

Measurement: freq_ro111
  step	{80/t_ro111}
     1	13586580413.6
     2	15898346685.8
     3	17857164007.4
     4	9897262210.19
     5	11763345210.8
     6	13393203443
     7	6931241526.21
     8	8297062060.94
     9	9501942036.5

Measurement: freq_ro112
  step	{80/t_ro112}
     1	12616522726.1
     2	15053704748.7
     3	17107237278.4
     4	8958551893.11
     5	10897206802.6
     6	12589562070.8
     7	6159057137.25
     8	7557550318.56
     9	8793191131.65

Measurement: freq_ro113
  step	{80/t_ro113}
     1	12646066008.4
     2	15116227840.8
     3	17155359544.5
     4	9009682307.33
     5	10971904109.3
     6	12671015665.9
     7	6211898696.79
     8	7633383012.31
     9	8879477244.63

Measurement: freq_ro114
  step	{80/t_ro114}
     1	13723296139.1
     2	16053630048.7
     3	18009363036
     4	9969037073.69
     5	11851516459.2
     6	13488199050.9
     7	6971290470.7
     8	8349966551.67
     9	9561341746.78

Measurement: freq_ro115
  step	{80/t_ro115}
     1	13078430761.9
     2	15423705922.8
     3	17431002060.7
     4	9406640456.5
     5	11288250609.6
     6	12939567680.2
     7	6523776433.96
     8	7887788423.96
     9	9098420491.73

Measurement: freq_ro116
  step	{80/t_ro116}
     1	14111729231.2
     2	16352305485.9
     3	18288348172.7
     4	10373954886.1
     5	12212981410.4
     6	13814286012.2
     7	7317441824.15
     8	8673129049.08
     9	9865085792.36

Measurement: freq_ro117
  step	{80/t_ro117}
     1	13052225110.4
     2	15390121424.7
     3	17384049562
     4	9381805217.8
     5	11260899472.9
     6	12909473047.7
     7	6503744244.96
     8	7867294916.62
     9	9077068135.14

Measurement: freq_ro118
  step	{80/t_ro118}
     1	13113613982.9
     2	15448516356.7
     3	17444792683.1
     4	9445133359.93
     5	11330497913.3
     6	12982309406.4
     7	6561710676.02
     8	7930516882.46
     9	9143882493.78

Measurement: freq_ro119
  step	{80/t_ro119}
     1	14183270664.5
     2	16442904629.9
     3	18370611909.1
     4	10443059514.1
     5	12296335525.6
     6	13902406446.8
     7	7381242008.37
     8	8750632316.18
     9	9950265197.24

Measurement: freq_ro120
  step	{80/t_ro120}
     1	13928914255.7
     2	16214254943
     3	18169541557.9
     4	10196715875.5
     5	12055047968
     6	13675027469.7
     7	7162831600.13
     8	8528122310.91
     9	9730720855.75

Measurement: freq_ro121
  step	{80/t_ro121}
     1	13652872007.4
     2	15977560095.3
     3	17945900737.7
     4	9969378062
     5	11861962635.2
     6	13506882045.9
     7	6997879858.47
     8	8388315391.06
     9	9608012733.77

Measurement: freq_ro122
  step	{80/t_ro122}
     1	13289437517.7
     2	15656671432.2
     3	17679002974.3
     4	9611160279.31
     5	11530562503.8
     6	13198380727.8
     7	6692246263.67
     8	8093058220.13
     9	9325123862.23

Measurement: freq_ro123
  step	{80/t_ro123}
     1	12969499325.3
     2	15334485618.8
     3	17356391692.8
     4	9303463806.33
     5	11202841274.7
     6	12866701831.2
     7	6441521152.57
     8	7817873655.41
     9	9037557703.93

Measurement: freq_ro124
  step	{80/t_ro124}
     1	12242664243.9
     2	14677464834.2
     3	16749161938
     4	8629488806.82
     5	10553290594.9
     6	12241138534
     7	5902778920.42
     8	7281197833.28
     9	8506350436.88

Measurement: freq_ro125
  step	{80/t_ro125}
     1	13513511918.5
     2	15812680152
     3	17815125762.5
     4	9814196852.91
     5	11696886984.7
     6	13333795241.8
     7	6863828806.25
     8	8240098855.67
     9	9449217032.77

Measurement: freq_ro126
  step	{80/t_ro126}
     1	13569019654
     2	15952536786.8
     3	17944393098.4
     4	9811852105.36
     5	11749255162.8
     6	13413163576
     7	6846233192.88
     8	8265794280.92
     9	9497784567.66

Measurement: freq_ro127
  step	{80/t_ro127}
     1	14217336584.6
     2	16490884248.8
     3	18423473439.8
     4	10462988513.1
     5	12325147870.5
     6	13938231076.4
     7	7389902565.01
     8	8765277623.69
     9	9968937639.95

Measurement: edge100_ro0
  step	V(ro0_out)={VTHRESH} 
     1	7.08053652171e-09
     2	6.08924523255e-09
     3	5.44207249486e-09
     4	9.66082749061e-09
     5	8.18137155378e-09
     6	7.21943314345e-09
     7	1.37267573721e-08
     8	1.15437309932e-08
     9	1.01276313674e-08

Measurement: edge100_ro1
  step	V(ro1_out)={VTHRESH} 
     1	7.56568480169e-09
     2	6.39908905938e-09
     3	5.65818251229e-09
     4	1.05595953119e-08
     5	8.76363861311e-09
     6	7.63453488545e-09
     7	1.52478549866e-08
     8	1.25504228057e-08
     9	1.08608868912e-08

Measurement: edge100_ro2
  step	V(ro2_out)={VTHRESH} 
     1	7.12513332132e-09
     2	6.11358543694e-09
     3	5.45800456438e-09
     4	9.70435328862e-09
     5	8.20602073559e-09
     6	7.23620404033e-09
     7	1.37797131191e-08
     8	1.15710317879e-08
     9	1.01444184877e-08

Measurement: edge100_ro3
  step	V(ro3_out)={VTHRESH} 
     1	7.51759246413e-09
     2	6.37866708626e-09
     3	5.6486001391e-09
     4	1.04322988905e-08
     5	8.70306685738e-09
     6	7.60044782499e-09
     7	1.50199780629e-08
     8	1.24341702342e-08
     9	1.07901991704e-08

Measurement: edge100_ro4
  step	V(ro4_out)={VTHRESH} 
     1	7.54595952065e-09
     2	6.39857296822e-09
     3	5.66146310401e-09
     4	1.05049674665e-08
     5	8.74359533367e-09
     6	7.62751320246e-09
     7	1.5142048665e-08
     8	1.25059567618e-08
     9	1.0838958549e-08

Measurement: edge100_ro5
  step	V(ro5_out)={VTHRESH} 
     1	7.92122863954e-09
     2	6.64750827419e-09
     3	5.84501642877e-09
     4	1.11510098188e-08
     5	9.1815343653e-09
     6	7.94824627301e-09
     7	1.6224247734e-08
     8	1.32526083448e-08
     9	1.13957203252e-08

Measurement: edge100_ro6
  step	V(ro6_out)={VTHRESH} 
     1	7.96852891302e-09
     2	6.68473291879e-09
     3	5.86556978224e-09
     4	1.12757247053e-08
     5	9.25765298755e-09
     6	8.00102747699e-09
     7	1.62823008201e-08
     8	1.33899582674e-08
     9	1.14920652053e-08

Measurement: edge100_ro7
  step	V(ro7_out)={VTHRESH} 
     1	7.45796943841e-09
     2	6.34704537449e-09
     3	5.63076816261e-09
     4	1.03068541543e-08
     5	8.62463879297e-09
     6	7.54667335004e-09
     7	1.47918101031e-08
     8	1.22857472731e-08
     9	1.06841795601e-08

Measurement: edge100_ro8
  step	V(ro8_out)={VTHRESH} 
     1	7.0404361004e-09
     2	6.04750666238e-09
     3	5.40206846395e-09
     4	9.59575074083e-09
     5	8.11106460754e-09
     6	7.15500904345e-09
     7	1.34756429018e-08
     8	1.14300916034e-08
     9	1.00228968953e-08

Measurement: edge100_ro9
  step	V(ro9_out)={VTHRESH} 
     1	7.29986976153e-09
     2	6.23514430412e-09
     3	5.55218745718e-09
     4	1.0068294527e-08
     5	8.46138369455e-09
     6	7.42528226067e-09
     7	1.44240437256e-08
     8	1.20334659701e-08
     9	1.04958407429e-08

Measurement: edge100_ro10
  step	V(ro10_out)={VTHRESH} 
     1	7.54032806231e-09
     2	6.37807625853e-09
     3	5.65935192802e-09
     4	1.04594072587e-08
     5	8.72205663226e-09
     6	7.61418655061e-09
     7	1.50647278343e-08
     8	1.24637242965e-08
     9	1.08129138823e-08

Measurement: edge100_ro11
  step	V(ro11_out)={VTHRESH} 
     1	7.22763276062e-09
     2	6.17711103427e-09
     3	5.50399652928e-09
     4	9.96067191556e-09
     5	8.36954076693e-09
     6	7.3510454931e-09
     7	1.42437312745e-08
     8	1.18771443234e-08
     9	1.03664433307e-08

Measurement: edge100_ro12
  step	V(ro12_out)={VTHRESH} 
     1	6.84830872734e-09
     2	5.93686794727e-09
     3	5.3308429119e-09
     4	9.2435308521e-09
     5	7.89535468663e-09
     6	7.00801439636e-09
     7	1.30232620244e-08
     8	1.10530050897e-08
     9	9.75920662573e-09

Measurement: edge100_ro13
  step	V(ro13_out)={VTHRESH} 
     1	7.2079654593e-09
     2	6.16635884209e-09
     3	5.49515430346e-09
     4	9.91156838726e-09
     5	8.33473816983e-09
     6	7.32465262403e-09
     7	1.41497519372e-08
     8	1.18089224598e-08
     9	1.03141821109e-08

Measurement: edge100_ro14
  step	V(ro14_out)={VTHRESH} 
     1	7.81934831533e-09
     2	6.56365748889e-09
     3	5.78862092454e-09
     4	1.09901206579e-08
     5	9.06672066039e-09
     6	7.86114671273e-09
     7	1.5962689667e-08
     8	1.30616755385e-08
     9	1.12480504227e-08

Measurement: edge100_ro15
  step	V(ro15_out)={VTHRESH} 
     1	7.40372060792e-09
     2	6.30283494011e-09
     3	5.59603893851e-09
     4	1.02489363767e-08
     5	8.57679429696e-09
     6	7.50931674204e-09
     7	1.47094093334e-08
     8	1.22173553773e-08
     9	1.06295907404e-08

Measurement: edge100_ro16
  step	V(ro16_out)={VTHRESH} 
     1	7.26578684075e-09
     2	6.21785532919e-09
     3	5.53716977742e-09
     4	9.96063135167e-09
     5	8.38858284873e-09
     6	7.37289145133e-09
     7	1.42115628797e-08
     8	1.18826373279e-08
     9	1.03827516036e-08

Measurement: edge100_ro17
  step	V(ro17_out)={VTHRESH} 
     1	7.70815674023e-09
     2	6.50188456483e-09
     3	5.7342816497e-09
     4	1.08122500767e-08
     5	8.94609114223e-09
     6	7.77210990928e-09
     7	1.56842132838e-08
     8	1.28717671416e-08
     9	1.11073377129e-08

Measurement: edge100_ro18
  step	V(ro18_out)={VTHRESH} 
     1	7.63131792316e-09
     2	6.45106689409e-09
     3	5.70312102976e-09
     4	1.06749245965e-08
     5	8.85803832183e-09
     6	7.70927940269e-09
     7	1.54519532115e-08
     8	1.27205981149e-08
     9	1.09977865574e-08

Measurement: edge100_ro19
  step	V(ro19_out)={VTHRESH} 
     1	7.36740208954e-09
     2	6.28311074585e-09
     3	5.57417478502e-09
     4	1.02247599827e-08
     5	8.54913207655e-09
     6	7.48316485764e-09
     7	1.46890978774e-08
     8	1.21841366083e-08
     9	1.05948872436e-08

Measurement: edge100_ro20
  step	V(ro20_out)={VTHRESH} 
     1	7.64968805207e-09
     2	6.47144699756e-09
     3	5.72132123694e-09
     4	1.06196969649e-08
     5	8.83199137396e-09
     6	7.69532647131e-09
     7	1.5301021681e-08
     8	1.26293614206e-08
     9	1.09351516844e-08

Measurement: edge100_ro21
  step	V(ro21_out)={VTHRESH} 
     1	7.41837902622e-09
     2	6.31708951355e-09
     3	5.60329116452e-09
     4	1.02971211678e-08
     5	8.61099832536e-09
     6	7.53400342381e-09
     7	1.48136556587e-08
     8	1.22935613704e-08
     9	1.06879563782e-08

Measurement: edge100_ro22
  step	V(ro22_out)={VTHRESH} 
     1	7.66913273341e-09
     2	6.48013354348e-09
     3	5.71215943599e-09
     4	1.07069346233e-08
     5	8.86970892389e-09
     6	7.71419047069e-09
     7	1.54830212354e-08
     8	1.27231374329e-08
     9	1.09918729805e-08

Measurement: edge100_ro23
  step	V(ro23_out)={VTHRESH} 
     1	7.10585364693e-09
     2	6.1103331008e-09
     3	5.45597201801e-09
     4	9.67919345766e-09
     5	8.19643781857e-09
     6	7.23119932384e-09
     7	1.37454462403e-08
     8	1.15617463864e-08
     9	1.0142818988e-08

Measurement: edge100_ro24
  step	V(ro24_out)={VTHRESH} 
     1	7.30405796437e-09
     2	6.23837488436e-09
     3	5.5494141823e-09
     4	1.00423172147e-08
     5	8.43913404698e-09
     6	7.40715797156e-09
     7	1.43566401691e-08
     8	1.19781638393e-08
     9	1.04503659143e-08

Measurement: edge100_ro25
  step	V(ro25_out)={VTHRESH} 
     1	7.01412034657e-09
     2	6.03553187117e-09
     3	5.39968579281e-09
     4	9.56212055832e-09
     5	8.10196473309e-09
     6	7.15442623889e-09
     7	1.3565812494e-08
     8	1.14141053968e-08
     9	1.00217715062e-08

Measurement: edge100_ro26
  step	V(ro26_out)={VTHRESH} 
     1	7.44200057674e-09
     2	6.34204832256e-09
     3	5.62221292376e-09
     4	1.02643256525e-08
     5	8.59442223725e-09
     6	7.52677802309e-09
     7	1.47112043692e-08
     8	1.22271819618e-08
     9	1.06396373002e-08

Measurement: edge100_ro27
  step	V(ro27_out)={VTHRESH} 
     1	7.61097658909e-09
     2	6.43753863626e-09
     3	5.68874613252e-09
     4	1.06366373251e-08
     5	8.82633388092e-09
     6	7.68647812349e-09
     7	1.53574832654e-08
     8	1.26417771498e-08
     9	1.09362113435e-08

Measurement: edge100_ro28
  step	V(ro28_out)={VTHRESH} 
     1	7.49307835605e-09
     2	6.35975509291e-09
     3	5.63366148032e-09
     4	1.04173172351e-08
     5	8.68793873469e-09
     6	7.58614398819e-09
     7	1.50091857628e-08
     8	1.24199503204e-08
     9	1.07759634467e-08

Measurement: edge100_ro29
  step	V(ro29_out)={VTHRESH} 
     1	7.9344590112e-09
     2	6.64146409264e-09
     3	5.83694454216e-09
     4	1.1138855573e-08
     5	9.16025713893e-09
     6	7.92615138371e-09
     7	1.61875940282e-08
     8	1.32039288342e-08
     9	1.13480244131e-08

Measurement: edge100_ro30
  step	V(ro30_out)={VTHRESH} 
     1	7.65116844729e-09
     2	6.4607878869e-09
     3	5.70805670869e-09
     4	1.06335324169e-08
     5	8.81618580517e-09
     6	7.67485619743e-09
     7	1.53184853339e-08
     8	1.25969017591e-08
     9	1.08943277521e-08

Measurement: edge100_ro31
  step	V(ro31_out)={VTHRESH} 
     1	7.78808018948e-09
     2	6.54650095744e-09
     3	5.75131180248e-09
     4	1.09824984859e-08
     5	9.01912263148e-09
     6	7.80864357389e-09
     7	1.59580294598e-08
     8	1.2988524113e-08
     9	1.11639721238e-08

Measurement: edge100_ro32
  step	V(ro32_out)={VTHRESH} 
     1	8.07430185154e-09
     2	6.75045257745e-09
     3	5.91820108757e-09
     4	1.14591224046e-08
     5	9.38989764619e-09
     6	8.10104929473e-09
     7	1.67632342598e-08
     8	1.36215461207e-08
     9	1.16696159119e-08

Measurement: edge100_ro33
  step	V(ro33_out)={VTHRESH} 
     1	7.58598073911e-09
     2	6.44005110178e-09
     3	5.69593130138e-09
     4	1.05452423199e-08
     5	8.78788090525e-09
     6	7.6662915198e-09
     7	1.51914243521e-08
     8	1.25654278728e-08
     9	1.08943482998e-08

Measurement: edge100_ro34
  step	V(ro34_out)={VTHRESH} 
     1	7.33678578498e-09
     2	6.25208340083e-09
     3	5.55653218875e-09
     4	1.01209450838e-08
     5	8.47293148064e-09
     6	7.42425398617e-09
     7	1.44967777952e-08
     8	1.20359514047e-08
     9	1.04783599716e-08

Measurement: edge100_ro35
  step	V(ro35_out)={VTHRESH} 
     1	7.2272951455e-09
     2	6.18609381597e-09
     3	5.51101255312e-09
     4	9.92933152974e-09
     5	8.36012574416e-09
     6	7.34884449613e-09
     7	1.41863461549e-08
     8	1.1853353951e-08
     9	1.03566071348e-08

Measurement: edge100_ro36
  step	V(ro36_out)={VTHRESH} 
     1	7.09634833925e-09
     2	6.11461756477e-09
     3	5.45124383232e-09
     4	9.6630009251e-09
     5	8.17957573754e-09
     6	7.21857809433e-09
     7	1.37003221451e-08
     8	1.15191946362e-08
     9	1.01087069892e-08

Measurement: edge100_ro37
  step	V(ro37_out)={VTHRESH} 
     1	7.74045016233e-09
     2	6.51380642539e-09
     3	5.75185657955e-09
     4	1.07906920302e-08
     5	8.93074996343e-09
     6	7.7635889397e-09
     7	1.56044342935e-08
     8	1.28140522903e-08
     9	1.10643434013e-08

Measurement: edge100_ro38
  step	V(ro38_out)={VTHRESH} 
     1	7.86531109375e-09
     2	6.60505117993e-09
     3	5.80467795869e-09
     4	1.10847406505e-08
     5	9.12910077306e-09
     6	7.90590947824e-09
     7	1.6130868865e-08
     8	1.31705840074e-08
     9	1.13268400362e-08

Measurement: edge100_ro39
  step	V(ro39_out)={VTHRESH} 
     1	7.43218920746e-09
     2	6.32537416816e-09
     3	5.5989980175e-09
     4	1.03215865952e-08
     5	8.60876365151e-09
     6	7.52476520017e-09
     7	1.48460570008e-08
     8	1.22827712539e-08
     9	1.06644065039e-08

Measurement: edge100_ro40
  step	V(ro40_out)={VTHRESH} 
     1	7.58459481364e-09
     2	6.41515232958e-09
     3	5.67225845235e-09
     4	1.05643209299e-08
     5	8.76870269541e-09
     6	7.64067922776e-09
     7	1.52351264816e-08
     8	1.25421384127e-08
     9	1.08557773409e-08

Measurement: edge100_ro41
  step	V(ro41_out)={VTHRESH} 
     1	7.21200582912e-09
     2	6.16111007713e-09
     3	5.50877836545e-09
     4	9.87340864595e-09
     5	8.32704543637e-09
     6	7.32958823549e-09
     7	1.40670536388e-08
     8	1.17820218905e-08
     9	1.03091272518e-08

Measurement: edge100_ro42
  step	V(ro42_out)={VTHRESH} 
     1	7.227403824e-09
     2	6.17955989081e-09
     3	5.5054364178e-09
     4	9.95977755124e-09
     5	8.36548320854e-09
     6	7.34639332661e-09
     7	1.4242699054e-08
     8	1.18652990673e-08
     9	1.03533340517e-08

Measurement: edge100_ro43
  step	V(ro43_out)={VTHRESH} 
     1	7.31072962229e-09
     2	6.24111154091e-09
     3	5.5505151158e-09
     4	1.00351912383e-08
     5	8.44030973652e-09
     6	7.4121067104e-09
     7	1.43393634725e-08
     8	1.19761437888e-08
     9	1.0456005113e-08

Measurement: edge100_ro44
  step	V(ro44_out)={VTHRESH} 
     1	7.13093266432e-09
     2	6.08834191931e-09
     3	5.43190503157e-09
     4	9.78720082544e-09
     5	8.22507481923e-09
     6	7.23382892219e-09
     7	1.3959933211e-08
     8	1.16354923538e-08
     9	1.016623396e-08

Measurement: edge100_ro45
  step	V(ro45_out)={VTHRESH} 
     1	7.29442559373e-09
     2	6.22889847869e-09
     3	5.55086594432e-09
     4	1.00451830485e-08
     5	8.44548049557e-09
     6	7.41394311166e-09
     7	1.43828847399e-08
     8	1.2004915653e-08
     9	1.04750674419e-08

Measurement: edge100_ro46
  step	V(ro46_out)={VTHRESH} 
     1	7.63244867707e-09
     2	6.44114095258e-09
     3	5.69225303753e-09
     4	1.06918565869e-08
     5	8.84218081426e-09
     6	7.69050870436e-09
     7	1.5449321602e-08
     8	1.26684603732e-08
     9	1.09417262454e-08

Measurement: edge100_ro47
  step	V(ro47_out)={VTHRESH} 
     1	7.08844542645e-09
     2	6.09705703964e-09
     3	5.44459481515e-09
     4	9.66145335502e-09
     5	8.18344352533e-09
     6	7.22138755257e-09
     7	1.37267601005e-08
     8	1.15481192487e-08
     9	1.01326626717e-08

Measurement: edge100_ro48
  step	V(ro48_out)={VTHRESH} 
     1	7.44181683019e-09
     2	6.34683480148e-09
     3	5.61623215217e-09
     4	1.02908617637e-08
     5	8.61173756359e-09
     6	7.53548775848e-09
     7	1.47762448433e-08
     8	1.22734811656e-08
     9	1.06727613642e-08

Measurement: edge100_ro49
  step	V(ro49_out)={VTHRESH} 
     1	7.53701605267e-09
     2	6.38927364901e-09
     3	5.65557548288e-09
     4	1.05172415685e-08
     5	8.74787409627e-09
     6	7.62918647111e-09
     7	1.51743647402e-08
     8	1.25209920447e-08
     9	1.08475442731e-08

Measurement: edge100_ro50
  step	V(ro50_out)={VTHRESH} 
     1	8.36421373573e-09
     2	6.9109262301e-09
     3	6.01884448182e-09
     4	1.20818773449e-08
     5	9.74345344504e-09
     6	8.33533125746e-09
     7	1.78438558064e-08
     8	1.42544272303e-08
     9	1.2096095244e-08

Measurement: edge100_ro51
  step	V(ro51_out)={VTHRESH} 
     1	7.98057852062e-09
     2	6.67379920988e-09
     3	5.84777553357e-09
     4	1.1284472019e-08
     5	9.22472274642e-09
     6	7.95712369423e-09
     7	1.64449116526e-08
     8	1.33244710333e-08
     9	1.14148511824e-08

Measurement: edge100_ro52
  step	V(ro52_out)={VTHRESH} 
     1	7.12485476823e-09
     2	6.12375533441e-09
     3	5.46658615322e-09
     4	9.72637234775e-09
     5	8.23155132332e-09
     6	7.25824537742e-09
     7	1.38311718328e-08
     8	1.16243093491e-08
     9	1.01915533491e-08

Measurement: edge100_ro53
  step	V(ro53_out)={VTHRESH} 
     1	7.66267283571e-09
     2	6.4733097114e-09
     3	5.72401216016e-09
     4	1.06827210266e-08
     5	8.86153767011e-09
     6	7.71394236968e-09
     7	1.54300646926e-08
     8	1.26982106599e-08
     9	1.09796526143e-08

Measurement: edge100_ro54
  step	V(ro54_out)={VTHRESH} 
     1	7.67957695648e-09
     2	6.49481010989e-09
     3	5.74920617806e-09
     4	1.0700579844e-08
     5	8.8923630387e-09
     6	7.74252883037e-09
     7	1.54556209735e-08
     8	1.27476492188e-08
     9	1.1030525889e-08

Measurement: edge100_ro55
  step	V(ro55_out)={VTHRESH} 
     1	7.32577442146e-09
     2	6.25122147775e-09
     3	5.55169111717e-09
     4	1.00836400407e-08
     5	8.46229631132e-09
     6	7.42404416641e-09
     7	1.44311920192e-08
     8	1.20201279003e-08
     9	1.04805138279e-08

Measurement: edge100_ro56
  step	V(ro56_out)={VTHRESH} 
     1	7.52947294566e-09
     2	6.39218354216e-09
     3	5.65995507036e-09
     4	1.04786481655e-08
     5	8.73658160522e-09
     6	7.62715141113e-09
     7	1.50999142253e-08
     8	1.24926075707e-08
     9	1.08361489296e-08

Measurement: edge100_ro57
  step	V(ro57_out)={VTHRESH} 
     1	7.14223188396e-09
     2	6.11934067054e-09
     3	5.45455343072e-09
     4	9.79749955673e-09
     5	8.25889517768e-09
     6	7.26805954586e-09
     7	1.39797564913e-08
     8	1.16960171848e-08
     9	1.02297414888e-08

Measurement: edge100_ro58
  step	V(ro58_out)={VTHRESH} 
     1	7.75160548055e-09
     2	6.49714571962e-09
     3	5.72199445942e-09
     4	1.0883222502e-08
     5	8.93776995608e-09
     6	7.7480438951e-09
     7	1.5764670339e-08
     8	1.28277313841e-08
     9	1.10332489477e-08

Measurement: edge100_ro59
  step	V(ro59_out)={VTHRESH} 
     1	7.05288685434e-09
     2	6.06896221846e-09
     3	5.42210550068e-09
     4	9.62775071039e-09
     5	8.15135828953e-09
     6	7.19297521005e-09
     7	1.36777816591e-08
     8	1.14990473728e-08
     9	1.00878472483e-08

Measurement: edge100_ro60
  step	V(ro60_out)={VTHRESH} 
     1	7.37559625964e-09
     2	6.29336427262e-09
     3	5.58664998109e-09
     4	1.01502714493e-08
     5	8.51392139507e-09
     6	7.46373566892e-09
     7	1.45228828199e-08
     8	1.20942998565e-08
     9	1.05394554134e-08

Measurement: edge100_ro61
  step	V(ro61_out)={VTHRESH} 
     1	7.33472132621e-09
     2	6.24052681725e-09
     3	5.54870072048e-09
     4	1.012590976e-08
     5	8.47252888717e-09
     6	7.42271672907e-09
     7	1.45083226208e-08
     8	1.20414088637e-08
     9	1.04813238058e-08

Measurement: edge100_ro62
  step	V(ro62_out)={VTHRESH} 
     1	7.94014614019e-09
     2	6.66712753349e-09
     3	5.85538058062e-09
     4	1.12257971636e-08
     5	9.22965970009e-09
     6	7.98257581123e-09
     7	1.63615204008e-08
     8	1.33395778948e-08
     9	1.14578659223e-08

Measurement: edge100_ro63
  step	V(ro63_out)={VTHRESH} 
     1	7.19092347878e-09
     2	6.14793568054e-09
     3	5.48086120263e-09
     4	9.92083390251e-09
     5	8.33571953239e-09
     6	7.32426463751e-09
     7	1.41784039868e-08
     8	1.18231964338e-08
     9	1.03209665448e-08

Measurement: edge100_ro64
  step	V(ro64_out)={VTHRESH} 
     1	7.92529595874e-09
     2	6.63476744541e-09
     3	5.82510297612e-09
     4	1.11869770934e-08
     5	9.17969510803e-09
     6	7.9398994121e-09
     7	1.62946798487e-08
     8	1.32551027411e-08
     9	1.13809993234e-08

Measurement: edge100_ro65
  step	V(ro65_out)={VTHRESH} 
     1	7.68022550614e-09
     2	6.48162550343e-09
     3	5.72160090512e-09
     4	1.0741058936e-08
     5	8.8917051879e-09
     6	7.73236558781e-09
     7	1.55298640627e-08
     8	1.27498899436e-08
     9	1.10108179053e-08

Measurement: edge100_ro66
  step	V(ro66_out)={VTHRESH} 
     1	7.47648969979e-09
     2	6.34709925938e-09
     3	5.62965162009e-09
     4	1.03642455074e-08
     5	8.65376201538e-09
     6	7.56385885723e-09
     7	1.49055513488e-08
     8	1.23499199057e-08
     9	1.07258635891e-08

Measurement: edge100_ro67
  step	V(ro67_out)={VTHRESH} 
     1	7.3531544533e-09
     2	6.26677020716e-09
     3	5.55703827486e-09
     4	1.01977255374e-08
     5	8.52441144179e-09
     6	7.46244872176e-09
     7	1.46256354651e-08
     8	1.21306436669e-08
     9	1.0552250161e-08

Measurement: edge100_ro68
  step	V(ro68_out)={VTHRESH} 
     1	7.06447715963e-09
     2	6.07277125666e-09
     3	5.42451352007e-09
     4	9.66234373962e-09
     5	8.16986548118e-09
     6	7.20568479921e-09
     7	1.37356080424e-08
     8	1.15291063325e-08
     9	1.01080397396e-08

Measurement: edge100_ro69
  step	V(ro69_out)={VTHRESH} 
     1	7.22587097452e-09
     2	6.16419393768e-09
     3	5.48365332539e-09
     4	9.94538407121e-09
     5	8.33519237177e-09
     6	7.31174849332e-09
     7	1.42120766713e-08
     8	1.18169950309e-08
     9	1.02994871649e-08

Measurement: edge100_ro70
  step	V(ro70_out)={VTHRESH} 
     1	7.64595081666e-09
     2	6.46825207124e-09
     3	5.71785225823e-09
     4	1.06484996392e-08
     5	8.84893048016e-09
     6	7.70900547255e-09
     7	1.5365894563e-08
     8	1.26688416437e-08
     9	1.09655177553e-08

Measurement: edge100_ro71
  step	V(ro71_out)={VTHRESH} 
     1	7.54387233703e-09
     2	6.39354543078e-09
     3	5.6614652486e-09
     4	1.05154236181e-08
     5	8.7497440107e-09
     6	7.63260260392e-09
     7	1.51551752966e-08
     8	1.2513459388e-08
     9	1.08452761596e-08

Measurement: edge100_ro72
  step	V(ro72_out)={VTHRESH} 
     1	7.24787459842e-09
     2	6.20284061709e-09
     3	5.52592991922e-09
     4	9.93007289869e-09
     5	8.36205249595e-09
     6	7.35084521452e-09
     7	1.41663599184e-08
     8	1.18439734491e-08
     9	1.03505556335e-08

Measurement: edge100_ro73
  step	V(ro73_out)={VTHRESH} 
     1	7.31484103007e-09
     2	6.23229127353e-09
     3	5.54844584882e-09
     4	1.00826539648e-08
     5	8.4516507892e-09
     6	7.41080300841e-09
     7	1.44383552921e-08
     8	1.20089792861e-08
     9	1.0463186161e-08

Measurement: edge100_ro74
  step	V(ro74_out)={VTHRESH} 
     1	7.61585387795e-09
     2	6.44253421724e-09
     3	5.69320984846e-09
     4	1.06289099378e-08
     5	8.82836581394e-09
     6	7.68872562935e-09
     7	1.53610619257e-08
     8	1.26586467031e-08
     9	1.09529422958e-08

Measurement: edge100_ro75
  step	V(ro75_out)={VTHRESH} 
     1	7.54001079803e-09
     2	6.39459748166e-09
     3	5.66180658373e-09
     4	1.04803778327e-08
     5	8.71623900642e-09
     6	7.60271006086e-09
     7	1.50756036581e-08
     8	1.24376800452e-08
     9	1.07784958786e-08

Measurement: edge100_ro76
  step	V(ro76_out)={VTHRESH} 
     1	7.50970482334e-09
     2	6.34729679884e-09
     3	5.64837473914e-09
     4	1.04181023408e-08
     5	8.69408792836e-09
     6	7.59422813143e-09
     7	1.49911355864e-08
     8	1.24156797857e-08
     9	1.07767637486e-08

Measurement: edge100_ro77
  step	V(ro77_out)={VTHRESH} 
     1	7.54420538513e-09
     2	6.40090858929e-09
     3	5.66978007551e-09
     4	1.04777348762e-08
     5	8.73686215808e-09
     6	7.62873033023e-09
     7	1.50905536776e-08
     8	1.24912906397e-08
     9	1.08366072604e-08

Measurement: edge100_ro78
  step	V(ro78_out)={VTHRESH} 
     1	7.33490241946e-09
     2	6.25439820593e-09
     3	5.55030110141e-09
     4	1.01119628054e-08
     5	8.48110034914e-09
     6	7.43591007854e-09
     7	1.44798251183e-08
     8	1.20532707843e-08
     9	1.05029405849e-08

Measurement: edge100_ro79
  step	V(ro79_out)={VTHRESH} 
     1	7.62819936347e-09
     2	6.44256788365e-09
     3	5.69369558413e-09
     4	1.06786490131e-08
     5	8.84713278266e-09
     6	7.69746555182e-09
     7	1.54518811571e-08
     8	1.26955349683e-08
     9	1.09701455013e-08

Measurement: edge100_ro80
  step	V(ro80_out)={VTHRESH} 
     1	7.49796237707e-09
     2	6.3642396032e-09
     3	5.63998021287e-09
     4	1.04188856911e-08
     5	8.68760101295e-09
     6	7.58703399579e-09
     7	1.49865280158e-08
     8	1.23997557291e-08
     9	1.07614545368e-08

Measurement: edge100_ro81
  step	V(ro81_out)={VTHRESH} 
     1	7.48848159666e-09
     2	6.36860111137e-09
     3	5.64507804969e-09
     4	1.03631153226e-08
     5	8.666272464e-09
     6	7.57768283104e-09
     7	1.49003957918e-08
     8	1.23693149504e-08
     9	1.07501824307e-08

Measurement: edge100_ro82
  step	V(ro82_out)={VTHRESH} 
     1	7.96160875788e-09
     2	6.67627367987e-09
     3	5.86455993572e-09
     4	1.12578808773e-08
     5	9.25050607798e-09
     6	7.99891806226e-09
     7	1.64083628973e-08
     8	1.33722766489e-08
     9	1.14848216244e-08

Measurement: edge100_ro83
  step	V(ro83_out)={VTHRESH} 
     1	7.41159553743e-09
     2	6.31174855658e-09
     3	5.59727149397e-09
     4	1.02654240284e-08
     5	8.58235884581e-09
     6	7.51073954015e-09
     7	1.47361503006e-08
     8	1.22276144529e-08
     9	1.0634277071e-08

Measurement: edge100_ro84
  step	V(ro84_out)={VTHRESH} 
     1	7.38394254426e-09
     2	6.29749753741e-09
     3	5.58887762163e-09
     4	1.01866028697e-08
     5	8.535132638e-09
     6	7.47892536978e-09
     7	1.45909048014e-08
     8	1.21358941553e-08
     9	1.05677927257e-08

Measurement: edge100_ro85
  step	V(ro85_out)={VTHRESH} 
     1	6.8650950645e-09
     2	5.93525430247e-09
     3	5.31620637144e-09
     4	9.33939999494e-09
     5	7.93546159089e-09
     6	7.02481810832e-09
     7	1.32369924771e-08
     8	1.11624405138e-08
     9	9.82215535178e-09

Measurement: edge100_ro86
  step	V(ro86_out)={VTHRESH} 
     1	7.51705896287e-09
     2	6.37111401492e-09
     3	5.64411932902e-09
     4	1.04285415907e-08
     5	8.68868927153e-09
     6	7.58662215605e-09
     7	1.50058042164e-08
     8	1.24046600716e-08
     9	1.07623064625e-08

Measurement: edge100_ro87
  step	V(ro87_out)={VTHRESH} 
     1	7.79941907059e-09
     2	6.56740830042e-09
     3	5.79486360672e-09
     4	1.09140850642e-08
     5	9.03606986308e-09
     6	7.84821221665e-09
     7	1.58096975839e-08
     8	1.29866966263e-08
     9	1.12064694567e-08

Measurement: edge100_ro88
  step	V(ro88_out)={VTHRESH} 
     1	7.67929992362e-09
     2	6.5006229456e-09
     3	5.7355628644e-09
     4	1.06619057403e-08
     5	8.86048423769e-09
     6	7.71619667684e-09
     7	1.53652176212e-08
     8	1.26724844335e-08
     9	1.09670664454e-08

Measurement: edge100_ro89
  step	V(ro89_out)={VTHRESH} 
     1	7.41448179043e-09
     2	6.30365089526e-09
     3	5.59311583422e-09
     4	1.0281904083e-08
     5	8.58174032828e-09
     6	7.50470897353e-09
     7	1.47721706375e-08
     8	1.22313863507e-08
     9	1.06260670016e-08

Measurement: edge100_ro90
  step	V(ro90_out)={VTHRESH} 
     1	7.39709067686e-09
     2	6.3005629841e-09
     3	5.59054762034e-09
     4	1.02315148715e-08
     5	8.5618627832e-09
     6	7.49685796003e-09
     7	1.46826407624e-08
     8	1.21945508029e-08
     9	1.06097829193e-08

Measurement: edge100_ro91
  step	V(ro91_out)={VTHRESH} 
     1	7.54033213164e-09
     2	6.39175631601e-09
     3	5.66332643481e-09
     4	1.04049643561e-08
     5	8.69379113462e-09
     6	7.59700867306e-09
     7	1.49514600002e-08
     8	1.24017983753e-08
     9	1.07725162111e-08

Measurement: edge100_ro92
  step	V(ro92_out)={VTHRESH} 
     1	7.05167268108e-09
     2	6.0692968738e-09
     3	5.42194250889e-09
     4	9.61517755741e-09
     5	8.13904057735e-09
     6	7.18245494097e-09
     7	1.36480215893e-08
     8	1.14686538841e-08
     9	1.0062616754e-08

Measurement: edge100_ro93
  step	V(ro93_out)={VTHRESH} 
     1	7.64199083837e-09
     2	6.46595298305e-09
     3	5.7167248533e-09
     4	1.06583967801e-08
     5	8.85639408317e-09
     6	7.71402099226e-09
     7	1.53970186988e-08
     8	1.26931656329e-08
     9	1.09843873874e-08

Measurement: edge100_ro94
  step	V(ro94_out)={VTHRESH} 
     1	7.15956444816e-09
     2	6.15268492696e-09
     3	5.4857865194e-09
     4	9.80367826524e-09
     5	8.27496925942e-09
     6	7.28665536719e-09
     7	1.39519588361e-08
     8	1.16939723993e-08
     9	1.02376291096e-08

Measurement: edge100_ro95
  step	V(ro95_out)={VTHRESH} 
     1	7.38536106577e-09
     2	6.28902330693e-09
     3	5.5673734339e-09
     4	1.02277577505e-08
     5	8.55123348225e-09
     6	7.48415858241e-09
     7	1.46918374868e-08
     8	1.21889345773e-08
     9	1.05991921712e-08

Measurement: edge100_ro96
  step	V(ro96_out)={VTHRESH} 
     1	7.31780182038e-09
     2	6.24436357813e-09
     3	5.55694086245e-09
     4	1.01075068042e-08
     5	8.4772830473e-09
     6	7.43289292064e-09
     7	1.44920190318e-08
     8	1.20623924402e-08
     9	1.05102226274e-08

Measurement: edge100_ro97
  step	V(ro97_out)={VTHRESH} 
     1	7.43741028343e-09
     2	6.32530790044e-09
     3	5.60229232757e-09
     4	1.03125230034e-08
     5	8.5988845992e-09
     6	7.51648949728e-09
     7	1.48207695721e-08
     8	1.22589370595e-08
     9	1.06447798733e-08

Measurement: edge100_ro98
  step	V(ro98_out)={VTHRESH} 
     1	7.33778700976e-09
     2	6.25222777526e-09
     3	5.55105401213e-09
     4	1.01347164115e-08
     5	8.48593933042e-09
     6	7.43419350372e-09
     7	1.45259995155e-08
     8	1.20694991216e-08
     9	1.05072339881e-08

Measurement: edge100_ro99
  step	V(ro99_out)={VTHRESH} 
     1	7.27878318468e-09
     2	6.22200354277e-09
     3	5.53881052104e-09
     4	9.98682947757e-09
     5	8.40138000306e-09
     6	7.3791187686e-09
     7	1.42529490862e-08
     8	1.1904908901e-08
     9	1.03949041515e-08

Measurement: edge100_ro100
  step	V(ro100_out)={VTHRESH} 
     1	7.10148311295e-09
     2	6.08845201615e-09
     3	5.43463779424e-09
     4	9.71948384698e-09
     5	8.1992561646e-09
     6	7.22364040756e-09
     7	1.38396939673e-08
     8	1.15888638292e-08
     9	1.01499955781e-08

Measurement: edge100_ro101
  step	V(ro101_out)={VTHRESH} 
     1	7.74676385406e-09
     2	6.53024816657e-09
     3	5.75548070468e-09
     4	1.08228074842e-08
     5	8.95974946865e-09
     6	7.78529334253e-09
     7	1.56821770602e-08
     8	1.28761567354e-08
     9	1.11139704652e-08

Measurement: edge100_ro102
  step	V(ro102_out)={VTHRESH} 
     1	7.13953534346e-09
     2	6.12381081594e-09
     3	5.46037013668e-09
     4	9.77027968833e-09
     5	8.24550723383e-09
     6	7.26180501054e-09
     7	1.39257804995e-08
     8	1.16656411185e-08
     9	1.02118940029e-08

Measurement: edge100_ro103
  step	V(ro103_out)={VTHRESH} 
     1	7.24021436011e-09
     2	6.16419739481e-09
     3	5.49780838609e-09
     4	1.00044991805e-08
     5	8.38694647724e-09
     6	7.35685936235e-09
     7	1.43278093378e-08
     8	1.19174311113e-08
     9	1.03874501367e-08

Measurement: edge100_ro104
  step	V(ro104_out)={VTHRESH} 
     1	7.47451320874e-09
     2	6.34478084236e-09
     3	5.62661420193e-09
     4	1.03635932811e-08
     5	8.65314967896e-09
     6	7.56202724406e-09
     7	1.49086666109e-08
     8	1.23524330383e-08
     9	1.07269891149e-08

Measurement: edge100_ro105
  step	V(ro105_out)={VTHRESH} 
     1	7.23283855234e-09
     2	6.19138452056e-09
     3	5.51684512781e-09
     4	9.93424953844e-09
     5	8.36527160385e-09
     6	7.35280650098e-09
     7	1.41855409585e-08
     8	1.1856200549e-08
     9	1.03593611112e-08

Measurement: edge100_ro106
  step	V(ro106_out)={VTHRESH} 
     1	7.21840147286e-09
     2	6.17538766312e-09
     3	5.49912215804e-09
     4	9.9191003195e-09
     5	8.34440522574e-09
     6	7.33341037214e-09
     7	1.41668425484e-08
     8	1.18300558239e-08
     9	1.03316283992e-08

Measurement: edge100_ro107
  step	V(ro107_out)={VTHRESH} 
     1	6.92109415928e-09
     2	5.96807403475e-09
     3	5.35673637866e-09
     4	9.39193085469e-09
     5	7.99040702995e-09
     6	7.07545659074e-09
     7	1.32806956607e-08
     8	1.12218073396e-08
     9	9.881482814e-09

Measurement: edge100_ro108
  step	V(ro108_out)={VTHRESH} 
     1	7.37587817877e-09
     2	6.28768871064e-09
     3	5.58425810747e-09
     4	1.02141201291e-08
     5	8.55693373998e-09
     6	7.49432484118e-09
     7	1.46692812799e-08
     8	1.21975381464e-08
     9	1.06162488908e-08

Measurement: edge100_ro109
  step	V(ro109_out)={VTHRESH} 
     1	8.02009005221e-09
     2	6.67847435718e-09
     3	5.85083397572e-09
     4	1.13895841622e-08
     5	9.26877029873e-09
     6	7.98445049608e-09
     7	1.66231387927e-08
     8	1.33993987049e-08
     9	1.14557653907e-08

Measurement: edge100_ro110
  step	V(ro110_out)={VTHRESH} 
     1	7.02891517221e-09
     2	6.05788415739e-09
     3	5.41561342694e-09
     4	9.56340254442e-09
     5	8.11464380804e-09
     6	7.16900893167e-09
     7	1.35599859778e-08
     8	1.14270945936e-08
     9	1.00389378838e-08

Measurement: edge100_ro111
  step	V(ro111_out)={VTHRESH} 
     1	7.2988312918e-09
     2	6.23520128823e-09
     3	5.55024706708e-09
     4	1.0019911881e-08
     5	8.42757833098e-09
     6	7.40046310528e-09
     7	1.43072944751e-08
     8	1.1948339445e-08
     9	1.04311490658e-08

Measurement: edge100_ro112
  step	V(ro112_out)={VTHRESH} 
     1	7.86251448383e-09
     2	6.58774088682e-09
     3	5.79561953097e-09
     4	1.10731131201e-08
     5	9.10083630925e-09
     6	7.8760075844e-09
     7	1.61058220093e-08
     8	1.31225548651e-08
     9	1.12765753501e-08

Measurement: edge100_ro113
  step	V(ro113_out)={VTHRESH} 
     1	7.84536007846e-09
     2	6.56164228137e-09
     3	5.77927999547e-09
     4	1.10129904432e-08
     5	9.04035999092e-09
     6	7.82612184586e-09
     7	1.59736968018e-08
     8	1.29949338832e-08
     9	1.11690009572e-08

Measurement: edge100_ro114
  step	V(ro114_out)={VTHRESH} 
     1	7.23465901612e-09
     2	6.18257354547e-09
     3	5.51056974591e-09
     4	9.96102034236e-09
     5	8.37704424346e-09
     6	7.35945412128e-09
     7	1.42462112548e-08
     8	1.18915755723e-08
     9	1.03834183629e-08

Measurement: edge100_ro115
  step	V(ro115_out)={VTHRESH} 
     1	7.58520718629e-09
     2	6.43047867127e-09
     3	5.68934328056e-09
     4	1.0546517423e-08
     5	8.7866256623e-09
     6	7.66440028496e-09
     7	1.52069598555e-08
     8	1.25745751263e-08
     9	1.09000835825e-08

Measurement: edge100_ro116
  step	V(ro116_out)={VTHRESH} 
     1	7.03298173136e-09
     2	6.06711199913e-09
     3	5.42326370296e-09
     4	9.56899368342e-09
     5	8.12523193087e-09
     6	7.18155598184e-09
     7	1.35678318502e-08
     8	1.1443321046e-08
     9	1.0058368992e-08

Measurement: edge100_ro117
  step	V(ro117_out)={VTHRESH} 
     1	7.59580119633e-09
     2	6.43935630207e-09
     3	5.69996447138e-09
     4	1.05673453792e-08
     5	8.80032724856e-09
     6	7.67513924502e-09
     7	1.52417634092e-08
     8	1.25956427388e-08
     9	1.09151117162e-08

Measurement: edge100_ro118
  step	V(ro118_out)={VTHRESH} 
     1	7.56330992873e-09
     2	6.41773562616e-09
     3	5.68269424981e-09
     4	1.05009260937e-08
     5	8.75067782069e-09
     6	7.63612519316e-09
     7	1.51152608243e-08
     8	1.250211958e-08
     9	1.08414296647e-08

Measurement: edge100_ro119
  step	V(ro119_out)={VTHRESH} 
     1	6.98856195461e-09
     2	6.02712696097e-09
     3	5.39438405105e-09
     4	9.49110603009e-09
     5	8.05951568598e-09
     6	7.12799426891e-09
     7	1.34277000971e-08
     8	1.13247533527e-08
     9	9.95856327717e-09

Measurement: edge100_ro120
  step	V(ro120_out)={VTHRESH} 
     1	7.12086170146e-09
     2	6.11493338691e-09
     3	5.4554979323e-09
     4	9.72735061818e-09
     5	8.22547001027e-09
     6	7.24940498844e-09
     7	1.38475892985e-08
     8	1.1627512125e-08
     9	1.01883285239e-08

Measurement: edge100_ro121
  step	V(ro121_out)={VTHRESH} 
     1	7.25810783109e-09
     2	6.20139430156e-09
     3	5.52071898682e-09
     4	9.93944685228e-09
     5	8.35246313194e-09
     6	7.33490563378e-09
     7	1.41590610325e-08
     8	1.18105653592e-08
     9	1.03105956399e-08

Measurement: edge100_ro122
  step	V(ro122_out)={VTHRESH} 
     1	7.45845368698e-09
     2	6.32969604243e-09
     3	5.60549041124e-09
     4	1.03119530108e-08
     5	8.59484201639e-09
     6	7.50810635066e-09
     7	1.48096459035e-08
     8	1.22449855193e-08
     9	1.06263518137e-08

Measurement: edge100_ro123
  step	V(ro123_out)={VTHRESH} 
     1	7.64265723785e-09
     2	6.46293343574e-09
     3	5.70949482501e-09
     4	1.06539730287e-08
     5	8.84616623655e-09
     6	7.7015135021e-09
     7	1.53860253988e-08
     8	1.267532728e-08
     9	1.09636755904e-08

Measurement: edge100_ro124
  step	V(ro124_out)={VTHRESH} 
     1	8.0994513827e-09
     2	6.75364377357e-09
     3	5.9175371467e-09
     4	1.14903005206e-08
     5	9.39276942787e-09
     6	8.09622329092e-09
     7	1.67966503411e-08
     8	1.36129602564e-08
     9	1.1650321498e-08

Measurement: edge100_ro125
  step	V(ro125_out)={VTHRESH} 
     1	7.34598166367e-09
     2	6.27567718756e-09
     3	5.56895442897e-09
     4	1.01166161474e-08
     5	8.48591755932e-09
     6	7.44260704448e-09
     7	1.4467645272e-08
     8	1.2048031827e-08
     9	1.05042967123e-08

Measurement: edge100_ro126
  step	V(ro126_out)={VTHRESH} 
     1	7.30878799238e-09
     2	6.21536793022e-09
     3	5.52427373913e-09
     4	1.01076741966e-08
     5	8.43915491755e-09
     6	7.3910348813e-09
     7	1.44859817679e-08
     8	1.19958360192e-08
     9	1.04380858722e-08

Measurement: edge100_ro127
  step	V(ro127_out)={VTHRESH} 
     1	6.97888200095e-09
     2	6.01542375433e-09
     3	5.38292684648e-09
     4	9.48375139704e-09
     5	8.0495460117e-09
     6	7.11666162696e-09
     7	1.34280342662e-08
     8	1.13196506353e-08
     9	9.95151377205e-09
