LTspice 26.0.2 for Windows
Circuit: C:\Users\JUST\Documents\LTspice\RO_PUF_PVT_100\chip_011_PVT.net
Start Time: Sun Jul 19 18:08:05 2026
Options:plotwinsize=0 numdgt=10 reltol=1e-4 abstol=1e-12 vntol=1e-6 reltol=0.003 vntol=1m abstol=1e-10 gmin=1e-10 threads=1

.step vddval=0.9 temp=-20°
solver = Normal
Maximum thread count: 1
tnom = 27
temp = -20
method = trap
gmin = 1e-10
abstol = 1e-10
reltol = 0.003
volttol = 0.001
Per .tran options, skipping operating point for transient analysis.

.step vddval=1 temp=-20°

.step vddval=1.1 temp=-20°

.step vddval=0.9 temp=25°

.step vddval=1 temp=25°

.step vddval=1.1 temp=25°

.step vddval=0.9 temp=80°

.step vddval=1 temp=80°

.step vddval=1.1 temp=80°
Total elapsed time: 2079.553 seconds.

Files loaded:
C:\Users\JUST\Documents\LTspice\RO_PUF_PVT_100\chip_011_PVT.net
C:\Users\JUST\Documents\LTspice\RO_PUF_PVT_100\45nm_HP.pm
C:\Users\JUST\Documents\LTspice\RO_PUF_PVT_100\chip_011_mismatch.inc


Measurement: t_ro0
  step	t_ro0	FROM	TO
     1	6.04275469324e-09	1.44950429007e-09	7.49225898331e-09
     2	5.12229671626e-09	1.22720085466e-09	6.34949757093e-09
     3	4.54258927574e-09	1.08701944478e-09	5.62960872053e-09
     4	8.33058034404e-09	1.99859525736e-09	1.03291756014e-08
     5	6.94906474564e-09	1.66494315168e-09	8.61400789731e-09
     6	6.0714689091e-09	1.4531876993e-09	7.5246566084e-09
     7	1.19465520956e-08	2.86584783559e-09	1.48123999312e-08
     8	9.88965198638e-09	2.36958277033e-09	1.22592347567e-08
     9	8.5866923746e-09	2.05545166116e-09	1.06421440358e-08

Measurement: t_ro1
  step	t_ro1	FROM	TO
     1	6.0800002546e-09	1.45931958447e-09	7.53931983907e-09
     2	5.14882789109e-09	1.23367340829e-09	6.38250129938e-09
     3	4.55989985394e-09	1.09046492014e-09	5.65036477408e-09
     4	8.4143973873e-09	2.01995842524e-09	1.04343558125e-08
     5	6.99886895199e-09	1.67797678297e-09	8.67684573496e-09
     6	6.10529388954e-09	1.4617496187e-09	7.56704350824e-09
     7	1.20710928777e-08	2.89812093414e-09	1.49692138118e-08
     8	9.96144751678e-09	2.38896561663e-09	1.23504131334e-08
     9	8.63637974664e-09	2.06923043067e-09	1.07056101773e-08

Measurement: t_ro2
  step	t_ro2	FROM	TO
     1	6.00423618197e-09	1.4411530886e-09	7.44538927058e-09
     2	5.11999949187e-09	1.22651348972e-09	6.34651298159e-09
     3	4.52095325243e-09	1.08242754827e-09	5.60338080069e-09
     4	8.32986750099e-09	2.00005583133e-09	1.03299233323e-08
     5	6.94782525277e-09	1.66599523337e-09	8.61382048614e-09
     6	6.07643122225e-09	1.45544759153e-09	7.53187881378e-09
     7	1.19760550243e-08	2.87588060382e-09	1.48519356281e-08
     8	9.91069979744e-09	2.3769166612e-09	1.22876164586e-08
     9	8.61110381637e-09	2.06294794534e-09	1.06740517617e-08

Measurement: t_ro3
  step	t_ro3	FROM	TO
     1	6.10445613782e-09	1.47020773009e-09	7.57466386791e-09
     2	5.17013479787e-09	1.24202041612e-09	6.41215521398e-09
     3	4.57503842221e-09	1.09734766492e-09	5.67238608713e-09
     4	8.51453250003e-09	2.05229031181e-09	1.05668228118e-08
     5	7.07585086837e-09	1.70117008496e-09	8.77702095333e-09
     6	6.16823359081e-09	1.4806603217e-09	7.64889391251e-09
     7	1.22877610642e-08	2.96228830687e-09	1.52500493711e-08
     8	1.01265972964e-08	2.43548535491e-09	1.25620826513e-08
     9	8.76790010439e-09	2.10563883091e-09	1.08735389353e-08

Measurement: t_ro4
  step	t_ro4	FROM	TO
     1	5.84804884087e-09	1.40212726009e-09	7.25017610096e-09
     2	5.00789902308e-09	1.19866046599e-09	6.20655948908e-09
     3	4.46507491922e-09	1.06783830915e-09	5.53291322837e-09
     4	8.01204672148e-09	1.92174342694e-09	9.93379014842e-09
     5	6.75810923688e-09	1.61772927023e-09	8.37583850711e-09
     6	5.94416281921e-09	1.42149676534e-09	7.36565958454e-09
     7	1.14293870665e-08	2.7411006633e-09	1.41704877298e-08
     8	9.57352171839e-09	2.29166281224e-09	1.18651845306e-08
     9	8.37177921052e-09	2.0019367651e-09	1.03737159756e-08

Measurement: t_ro5
  step	t_ro5	FROM	TO
     1	5.8749750528e-09	1.41102108975e-09	7.28599614255e-09
     2	5.01857510093e-09	1.20272845824e-09	6.22130355917e-09
     3	4.4703014777e-09	1.07000324639e-09	5.54030472409e-09
     4	8.08685267537e-09	1.94357741804e-09	1.00304300934e-08
     5	6.79976650333e-09	1.63081413886e-09	8.43058064219e-09
     6	5.97063056883e-09	1.42982279616e-09	7.40045336499e-09
     7	1.1566683758e-08	2.78044849045e-09	1.43471322485e-08
     8	9.65507412018e-09	2.31644494355e-09	1.19715190637e-08
     9	8.4267488605e-09	2.01891546696e-09	1.04456643275e-08

Measurement: t_ro6
  step	t_ro6	FROM	TO
     1	6.15375208216e-09	1.47925005541e-09	7.63300213757e-09
     2	5.2116492499e-09	1.25082774285e-09	6.46247699276e-09
     3	4.60653257086e-09	1.1042114555e-09	5.71074402636e-09
     4	8.57315125441e-09	2.06182752539e-09	1.06349787798e-08
     5	7.13066699679e-09	1.71261942829e-09	8.84328642508e-09
     6	6.21455572112e-09	1.49092238539e-09	7.70547810651e-09
     7	1.23803554664e-08	2.97821126643e-09	1.53585667329e-08
     8	1.02190539032e-08	2.45543905601e-09	1.26744929592e-08
     9	8.8499861015e-09	2.12434613272e-09	1.09743322342e-08

Measurement: t_ro7
  step	t_ro7	FROM	TO
     1	5.8700768271e-09	1.40963282298e-09	7.27970965008e-09
     2	5.01607969781e-09	1.20254147271e-09	6.21862117051e-09
     3	4.46801911733e-09	1.06991116759e-09	5.53793028492e-09
     4	8.08872456444e-09	1.94321969997e-09	1.00319442644e-08
     5	6.79903875077e-09	1.63096439473e-09	8.4300031455e-09
     6	5.97087782574e-09	1.43070025423e-09	7.40157807997e-09
     7	1.15733448837e-08	2.78064349976e-09	1.43539883835e-08
     8	9.65599082309e-09	2.31670555803e-09	1.19726963811e-08
     9	8.4283934909e-09	2.02002387706e-09	1.0448417368e-08

Measurement: t_ro8
  step	t_ro8	FROM	TO
     1	6.05802815085e-09	1.45890694226e-09	7.51693509311e-09
     2	5.11999856298e-09	1.23364233291e-09	6.35364089589e-09
     3	4.54755940192e-09	1.09354271668e-09	5.6411021186e-09
     4	8.44079299801e-09	2.03464447116e-09	1.04754374692e-08
     5	7.02522612207e-09	1.69224937649e-09	8.71747549856e-09
     6	6.1302509518e-09	1.4755622252e-09	7.605813177e-09
     7	1.21793124026e-08	2.93770959945e-09	1.51170220021e-08
     8	1.00550993331e-08	2.42365995712e-09	1.24787592902e-08
     9	8.71638222517e-09	2.09947727905e-09	1.08158595042e-08

Measurement: t_ro9
  step	t_ro9	FROM	TO
     1	5.64592156932e-09	1.35372149959e-09	6.9996430689e-09
     2	4.86597984223e-09	1.16518170933e-09	6.03116155156e-09
     3	4.35694602862e-09	1.04222860333e-09	5.39917463195e-09
     4	7.66024300587e-09	1.83675359004e-09	9.4969965959e-09
     5	6.50439794131e-09	1.55791351118e-09	8.06231145249e-09
     6	5.75172975497e-09	1.37637873911e-09	7.12810849407e-09
     7	1.08440238535e-08	2.6002758319e-09	1.34442996854e-08
     8	9.14612401029e-09	2.19080824774e-09	1.1336932258e-08
     9	8.04279191809e-09	1.92485768152e-09	9.96764959961e-09

Measurement: t_ro10
  step	t_ro10	FROM	TO
     1	5.87423721713e-09	1.41128311431e-09	7.28552033144e-09
     2	5.00996966072e-09	1.20239586383e-09	6.21236552455e-09
     3	4.45761718098e-09	1.06889186975e-09	5.52650905073e-09
     4	8.09823747889e-09	1.94648870917e-09	1.00447261881e-08
     5	6.78495753552e-09	1.62918302676e-09	8.41414056228e-09
     6	5.94961512669e-09	1.4273637618e-09	7.3769788885e-09
     7	1.1595769384e-08	2.78763406736e-09	1.43834034513e-08
     8	9.63731964331e-09	2.31464657671e-09	1.195196622e-08
     9	8.39616256975e-09	2.01485314824e-09	1.0411015718e-08

Measurement: t_ro11
  step	t_ro11	FROM	TO
     1	6.24000006173e-09	1.51078038127e-09	7.750780443e-09
     2	5.27999722066e-09	1.27322824443e-09	6.55322546509e-09
     3	4.64000582689e-09	1.11774931043e-09	5.75775513732e-09
     4	8.71276362891e-09	2.11355049012e-09	1.0826314119e-08
     5	7.22433851041e-09	1.74659784957e-09	8.97093635998e-09
     6	6.2820359962e-09	1.51574075135e-09	7.79777674754e-09
     7	1.26096242419e-08	3.06081561401e-09	1.56704398559e-08
     8	1.03727203059e-08	2.51001514757e-09	1.28827354534e-08
     9	8.96097061722e-09	2.16430556668e-09	1.11252761839e-08

Measurement: t_ro12
  step	t_ro12	FROM	TO
     1	6.19577470875e-09	1.49073974202e-09	7.68651445077e-09
     2	5.23909479183e-09	1.25883188915e-09	6.49792668098e-09
     3	4.62985499138e-09	1.11161759526e-09	5.74147258664e-09
     4	8.65582329788e-09	2.08399113742e-09	1.07398144353e-08
     5	7.18382871041e-09	1.72719599641e-09	8.91102470681e-09
     6	6.2508470186e-09	1.50147517651e-09	7.75232219511e-09
     7	1.25267638042e-08	3.01687339115e-09	1.55436371954e-08
     8	1.03133443355e-08	2.48058902164e-09	1.27939333571e-08
     9	8.91545915162e-09	2.14248504767e-09	1.10579441993e-08

Measurement: t_ro13
  step	t_ro13	FROM	TO
     1	6.07413238574e-09	1.4569276799e-09	7.53106006564e-09
     2	5.13853368102e-09	1.22965091341e-09	6.36818459443e-09
     3	4.55592439912e-09	1.08909447693e-09	5.64501887604e-09
     4	8.44433693813e-09	2.02489471454e-09	1.04692316527e-08
     5	7.02763482515e-09	1.68237948776e-09	8.71001431291e-09
     6	6.1324179709e-09	1.46623393996e-09	7.59865191087e-09
     7	1.21710428292e-08	2.91793288747e-09	1.50889757167e-08
     8	1.0046875286e-08	2.40483143797e-09	1.2451706724e-08
     9	8.71046622253e-09	2.08265547052e-09	1.07931216931e-08

Measurement: t_ro14
  step	t_ro14	FROM	TO
     1	6.30763402499e-09	1.52309170439e-09	7.83072572939e-09
     2	5.29909516395e-09	1.27697416014e-09	6.57606932408e-09
     3	4.66005633605e-09	1.12122912144e-09	5.78128545749e-09
     4	8.88649757531e-09	2.14801678772e-09	1.1034514363e-08
     5	7.31579950693e-09	1.76486864087e-09	9.08066814781e-09
     6	6.33851104302e-09	1.52719415585e-09	7.86570519887e-09
     7	1.29086972888e-08	3.12178046594e-09	1.60304777547e-08
     8	1.05361487408e-08	2.54340401975e-09	1.30795527605e-08
     9	9.06461768774e-09	2.18562922678e-09	1.12502469145e-08

Measurement: t_ro15
  step	t_ro15	FROM	TO
     1	6.31977302624e-09	1.51828796562e-09	7.83806099186e-09
     2	5.31822097264e-09	1.2760916256e-09	6.59431259824e-09
     3	4.68274993754e-09	1.12358842224e-09	5.80633835979e-09
     4	8.87916962841e-09	2.13415969424e-09	1.10133293227e-08
     5	7.3329940653e-09	1.7605171886e-09	9.0935112539e-09
     6	6.3606802741e-09	1.52654594351e-09	7.88722621761e-09
     7	1.2893056253e-08	3.09918158048e-09	1.59922378335e-08
     8	1.05604275476e-08	2.53578057072e-09	1.30962081183e-08
     9	9.09839436021e-09	2.18399759855e-09	1.12823919588e-08

Measurement: t_ro16
  step	t_ro16	FROM	TO
     1	6.07842335747e-09	1.46413452756e-09	7.54255788502e-09
     2	5.1636852364e-09	1.24203064408e-09	6.40571588048e-09
     3	4.57447415353e-09	1.09915166143e-09	5.67362581496e-09
     4	8.42074353607e-09	2.02993712449e-09	1.04506806606e-08
     5	7.03279888124e-09	1.69273507158e-09	8.72553395282e-09
     6	6.14440566442e-09	1.47759264185e-09	7.62199830626e-09
     7	1.21063497009e-08	2.91942114243e-09	1.50257708433e-08
     8	1.00360755142e-08	2.41682684427e-09	1.24529023585e-08
     9	8.71500244202e-09	2.09703541347e-09	1.08120378555e-08

Measurement: t_ro17
  step	t_ro17	FROM	TO
     1	6.23996038184e-09	1.50181702778e-09	7.74177740962e-09
     2	5.25486227294e-09	1.26297478628e-09	6.51783705922e-09
     3	4.637992719e-09	1.11435204999e-09	5.75234476899e-09
     4	8.70821810461e-09	2.09861634721e-09	1.08068344518e-08
     5	7.19427343468e-09	1.73112265529e-09	8.92539608997e-09
     6	6.24763850751e-09	1.50203384472e-09	7.74967235223e-09
     7	1.2570896203e-08	3.03194414746e-09	1.56028403504e-08
     8	1.03014839952e-08	2.48067158981e-09	1.2782155585e-08
     9	8.89020203509e-09	2.13923381816e-09	1.10294358532e-08

Measurement: t_ro18
  step	t_ro18	FROM	TO
     1	5.78888842022e-09	1.38544749029e-09	7.1743359105e-09
     2	4.9600007696e-09	1.18670588759e-09	6.14670665719e-09
     3	4.42757460051e-09	1.05784595773e-09	5.48542055823e-09
     4	7.89329448618e-09	1.88923552926e-09	9.78253001544e-09
     5	6.66245256249e-09	1.59290002267e-09	8.25535258516e-09
     6	5.86833912916e-09	1.40201488919e-09	7.27035401836e-09
     7	1.12179611613e-08	2.6844346382e-09	1.39023957995e-08
     8	9.40328231651e-09	2.24789210241e-09	1.16511744189e-08
     9	8.23523512172e-09	1.96723415936e-09	1.02024692811e-08

Measurement: t_ro19
  step	t_ro19	FROM	TO
     1	6.18390189128e-09	1.48169339392e-09	7.6655952852e-09
     2	5.21104830095e-09	1.24668281426e-09	6.45773111521e-09
     3	4.59701484502e-09	1.09869222519e-09	5.69570707021e-09
     4	8.66908841131e-09	2.07694014014e-09	1.07460285514e-08
     5	7.15674792982e-09	1.71233731632e-09	8.86908524613e-09
     6	6.21767010935e-09	1.48612878829e-09	7.70379889764e-09
     7	1.25599567623e-08	3.00832358841e-09	1.55682803507e-08
     8	1.02777851516e-08	2.45874764248e-09	1.27365327941e-08
     9	8.86690171522e-09	2.1191545227e-09	1.09860562379e-08

Measurement: t_ro20
  step	t_ro20	FROM	TO
     1	6.4172715948e-09	1.54324769028e-09	7.96051928507e-09
     2	5.38449997727e-09	1.29243322375e-09	6.67693320102e-09
     3	4.73379241215e-09	1.13478909007e-09	5.86858150221e-09
     4	9.0754662704e-09	2.18350103877e-09	1.12589673092e-08
     5	7.46539732612e-09	1.79292613475e-09	9.25832346087e-09
     6	6.45664695572e-09	1.54871776018e-09	8.0053647159e-09
     7	1.32404062469e-08	3.18587300775e-09	1.64262792546e-08
     8	1.08028060955e-08	2.59509956668e-09	1.33979056622e-08
     9	9.27898657865e-09	2.22646397396e-09	1.15054505526e-08

Measurement: t_ro21
  step	t_ro21	FROM	TO
     1	6.40000306602e-09	1.54206528268e-09	7.9420683487e-09
     2	5.36421630165e-09	1.29170048032e-09	6.65591678197e-09
     3	4.71360391436e-09	1.13447467701e-09	5.84807859138e-09
     4	9.03493293507e-09	2.18034882531e-09	1.12152817604e-08
     5	7.42572833665e-09	1.79035293895e-09	9.2160812756e-09
     6	6.42197378361e-09	1.54772550661e-09	7.96969929022e-09
     7	1.31688578409e-08	3.18082226551e-09	1.63496801064e-08
     8	1.07321270464e-08	2.58981007325e-09	1.33219371197e-08
     9	9.21663703854e-09	2.22301944081e-09	1.14396564794e-08

Measurement: t_ro22
  step	t_ro22	FROM	TO
     1	6.06979231153e-09	1.44933675457e-09	7.5191290661e-09
     2	5.15649242703e-09	1.23001477898e-09	6.38650720601e-09
     3	4.56733586938e-09	1.08909087751e-09	5.65642674689e-09
     4	8.40325320233e-09	2.00570344783e-09	1.04089566502e-08
     5	7.01844419e-09	1.67367781232e-09	8.69212200232e-09
     6	6.1323747347e-09	1.46177237915e-09	7.59414711384e-09
     7	1.2084746649e-08	2.88305114566e-09	1.49677977947e-08
     8	1.0016789619e-08	2.38790429932e-09	1.24046939183e-08
     9	8.69776475585e-09	2.07254623602e-09	1.07703109919e-08

Measurement: t_ro23
  step	t_ro23	FROM	TO
     1	6.15540004713e-09	1.47292126396e-09	7.62832131109e-09
     2	5.21092106819e-09	1.24500788131e-09	6.4559289495e-09
     3	4.60892192809e-09	1.100137704e-09	5.70905963209e-09
     4	8.58724948822e-09	2.0545256402e-09	1.06417751284e-08
     5	7.13789296107e-09	1.70523852159e-09	8.84313148266e-09
     6	6.21850626906e-09	1.48439062839e-09	7.70289689745e-09
     7	1.24100723208e-08	2.96784929661e-09	1.53779216174e-08
     8	1.02349168567e-08	2.44442186519e-09	1.26793387219e-08
     9	8.85885095806e-09	2.11413054917e-09	1.09729815072e-08

Measurement: t_ro24
  step	t_ro24	FROM	TO
     1	5.99756606719e-09	1.44466199172e-09	7.44222805891e-09
     2	5.11404444039e-09	1.23015197438e-09	6.34419641477e-09
     3	4.53136937085e-09	1.08952085705e-09	5.6208902279e-09
     4	8.30947706336e-09	2.0037414862e-09	1.03132185496e-08
     5	6.95217898877e-09	1.67501309491e-09	8.62719208368e-09
     6	6.08195890888e-09	1.46486721742e-09	7.54682612629e-09
     7	1.19430204781e-08	2.88254467722e-09	1.48255651553e-08
     8	9.91729435273e-09	2.39168747715e-09	1.23089818299e-08
     9	8.62343482629e-09	2.07863832272e-09	1.0702073149e-08

Measurement: t_ro25
  step	t_ro25	FROM	TO
     1	6.47490636551e-09	1.55610537736e-09	8.03101174287e-09
     2	5.42027087592e-09	1.29859443364e-09	6.71886530956e-09
     3	4.74804094199e-09	1.13580698171e-09	5.8838479237e-09
     4	9.15650194946e-09	2.20138999277e-09	1.13578919422e-08
     5	7.50226620304e-09	1.79739756922e-09	9.29966377226e-09
     6	6.47650941098e-09	1.54929571356e-09	8.02580512454e-09
     7	1.33535078702e-08	3.20866559362e-09	1.65621734638e-08
     8	1.08461256287e-08	2.59788142799e-09	1.34440070567e-08
     9	9.29674496672e-09	2.22335228276e-09	1.15200972495e-08

Measurement: t_ro26
  step	t_ro26	FROM	TO
     1	5.70843920504e-09	1.36911294075e-09	7.07755214578e-09
     2	4.90287850167e-09	1.17413410555e-09	6.07701260723e-09
     3	4.37664253114e-09	1.04727328864e-09	5.42391581978e-09
     4	7.82301864118e-09	1.8765148545e-09	9.69953349567e-09
     5	6.60401138134e-09	1.58216541256e-09	8.1861767939e-09
     6	5.81972576588e-09	1.39291596378e-09	7.21264172967e-09
     7	1.11398541291e-08	2.67204707309e-09	1.38119012022e-08
     8	9.33313054755e-09	2.23611026772e-09	1.15692408153e-08
     9	8.17390557747e-09	1.95653758723e-09	1.01304431647e-08

Measurement: t_ro27
  step	t_ro27	FROM	TO
     1	6.11715274076e-09	1.47436837491e-09	7.59152111567e-09
     2	5.19129662826e-09	1.24856454657e-09	6.43986117483e-09
     3	4.59322801389e-09	1.10287772113e-09	5.69610573503e-09
     4	8.50107773869e-09	2.05183421991e-09	1.05529119586e-08
     5	7.08626894616e-09	1.70615379756e-09	8.79242274372e-09
     6	6.1833785069e-09	1.48630088354e-09	7.66967939044e-09
     7	1.22497470679e-08	2.95802531773e-09	1.52077723857e-08
     8	1.01347169242e-08	2.44186425183e-09	1.2576581176e-08
     9	8.78811890831e-09	2.11408734581e-09	1.09022062541e-08

Measurement: t_ro28
  step	t_ro28	FROM	TO
     1	5.88070540776e-09	1.42257916925e-09	7.30328457702e-09
     2	5.03057293095e-09	1.20459283575e-09	6.2351657667e-09
     3	4.47535253208e-09	1.0695833069e-09	5.54493583898e-09
     4	8.07927488574e-09	1.86083767077e-09	9.94011255651e-09
     5	6.7946241199e-09	1.54639513087e-09	8.34101925077e-09
     6	5.96720458936e-09	1.42723429966e-09	7.39443888902e-09
     7	1.15409204216e-08	2.66056886128e-09	1.42014892829e-08
     8	9.63384467888e-09	2.1998033688e-09	1.18336480477e-08
     9	8.40950122313e-09	2.0133091858e-09	1.04228104089e-08

Measurement: t_ro29
  step	t_ro29	FROM	TO
     1	5.71125770369e-09	1.36881356033e-09	7.08007126401e-09
     2	4.90932377383e-09	1.17540762294e-09	6.08473139677e-09
     3	4.38189122675e-09	1.04836473719e-09	5.43025596394e-09
     4	7.81570065299e-09	1.87350054987e-09	9.68920120286e-09
     5	6.60389217036e-09	1.58149123151e-09	8.18538340187e-09
     6	5.82190311588e-09	1.39322878015e-09	7.21513189603e-09
     7	1.11142854469e-08	2.66412102909e-09	1.3778406476e-08
     8	9.32183197409e-09	2.23255279224e-09	1.15543847663e-08
     9	8.16852981642e-09	1.95504168619e-09	1.01235715026e-08

Measurement: t_ro30
  step	t_ro30	FROM	TO
     1	6.08000475902e-09	1.4595125676e-09	7.53951732662e-09
     2	5.16573386172e-09	1.23734665367e-09	6.40308051539e-09
     3	4.57796240661e-09	1.09559534488e-09	5.67355775149e-09
     4	8.42887563004e-09	2.02222330162e-09	1.04510989317e-08
     5	7.03322259635e-09	1.68550107992e-09	8.71872367627e-09
     6	6.14184729991e-09	1.47035603805e-09	7.61220333795e-09
     7	1.21213222157e-08	2.9079246416e-09	1.50292468573e-08
     8	1.00372729943e-08	2.40499875152e-09	1.24422717458e-08
     9	8.71154750558e-09	2.08559947239e-09	1.0797146978e-08

Measurement: t_ro31
  step	t_ro31	FROM	TO
     1	5.65780764676e-09	1.36513749505e-09	7.02294514181e-09
     2	4.85962209572e-09	1.17235310732e-09	6.03197520304e-09
     3	4.34322894551e-09	1.04725781636e-09	5.39048676187e-09
     4	7.7452076332e-09	1.87237695444e-09	9.61758458764e-09
     5	6.54138469907e-09	1.58007448319e-09	8.12145918226e-09
     6	5.76995521865e-09	1.39330065082e-09	7.16325586947e-09
     7	1.10118896175e-08	2.66590323045e-09	1.36777928479e-08
     8	9.22771697246e-09	2.23172359586e-09	1.14594405683e-08
     9	8.08986803433e-09	1.95541555221e-09	1.00452835865e-08

Measurement: t_ro32
  step	t_ro32	FROM	TO
     1	6.15985609945e-09	1.48567501334e-09	7.64553111279e-09
     2	5.21021753821e-09	1.25487322041e-09	6.46509075862e-09
     3	4.60873034282e-09	1.10831449553e-09	5.71704483835e-09
     4	8.57356649514e-09	2.07083811158e-09	1.06444046067e-08
     5	7.12612343625e-09	1.71854003899e-09	8.84466347524e-09
     6	6.20986824533e-09	1.49585241181e-09	7.70572065714e-09
     7	1.23714859997e-08	2.99024468689e-09	1.53617306866e-08
     8	1.02040254206e-08	2.46292142245e-09	1.2666946843e-08
     9	8.83554446908e-09	2.13038656299e-09	1.09659310321e-08

Measurement: t_ro33
  step	t_ro33	FROM	TO
     1	5.67502124545e-09	1.36300272686e-09	7.03802397231e-09
     2	4.88365527636e-09	1.17179192766e-09	6.05544720402e-09
     3	4.36868183763e-09	1.04764465897e-09	5.4163264966e-09
     4	7.74276466555e-09	1.86042005048e-09	9.60318471603e-09
     5	6.55997045864e-09	1.57468976898e-09	8.13466022762e-09
     6	5.79379404788e-09	1.3899357399e-09	7.18372978778e-09
     7	1.09999372723e-08	2.64367356309e-09	1.36436108354e-08
     8	9.25565891269e-09	2.2225017334e-09	1.14781606461e-08
     9	8.12481895586e-09	1.94976674718e-09	1.0074585703e-08

Measurement: t_ro34
  step	t_ro34	FROM	TO
     1	6.35073864776e-09	1.54242090874e-09	7.89315955649e-09
     2	5.32747397778e-09	1.28636973146e-09	6.61384370924e-09
     3	4.68521447058e-09	1.12891236245e-09	5.81412683303e-09
     4	8.93457460679e-09	2.17410125122e-09	1.1108675858e-08
     5	7.3476595015e-09	1.77725545005e-09	9.12491495155e-09
     6	6.3625284103e-09	1.53484917594e-09	7.89737758624e-09
     7	1.2980827139e-08	3.15926229539e-09	1.61400894344e-08
     8	1.05821443743e-08	2.561538126e-09	1.31436825003e-08
     9	9.099631496e-09	2.1966892327e-09	1.12963207287e-08

Measurement: t_ro35
  step	t_ro35	FROM	TO
     1	5.8407864968e-09	1.39693643534e-09	7.23772293214e-09
     2	4.99867553144e-09	1.19478741355e-09	6.19346294498e-09
     3	4.45503721445e-09	1.06432115446e-09	5.51935836891e-09
     4	8.01772324073e-09	1.91725573164e-09	9.93497897237e-09
     5	6.75125653247e-09	1.61315097993e-09	8.36440751239e-09
     6	5.93530434375e-09	1.41761906517e-09	7.35292340892e-09
     7	1.14332853044e-08	2.73300580149e-09	1.41662911059e-08
     8	9.55726864346e-09	2.28296047857e-09	1.1840229122e-08
     9	8.35200961067e-09	1.99427614089e-09	1.03462857516e-08

Measurement: t_ro36
  step	t_ro36	FROM	TO
     1	5.91998559367e-09	1.41582252801e-09	7.33580812168e-09
     2	5.04412197021e-09	1.20631468232e-09	6.25043665253e-09
     3	4.47997556098e-09	1.07062519132e-09	5.5506007523e-09
     4	8.13914419759e-09	1.94834173802e-09	1.00874859356e-08
     5	6.83395830294e-09	1.63420347877e-09	8.46816178171e-09
     6	5.99592299336e-09	1.4329523488e-09	7.42887534216e-09
     7	1.16483234034e-08	2.78771580808e-09	1.44360392115e-08
     8	9.71011785418e-09	2.32140216554e-09	1.20315200197e-08
     9	8.46813291663e-09	2.02326350942e-09	1.04913964261e-08

Measurement: t_ro37
  step	t_ro37	FROM	TO
     1	5.80227757643e-09	1.39074347223e-09	7.19302104865e-09
     2	4.95999999013e-09	1.18632705924e-09	6.14632704937e-09
     3	4.4309507771e-09	1.05937807611e-09	5.49032885321e-09
     4	7.97135560694e-09	1.91141111162e-09	9.88276671856e-09
     5	6.7161661006e-09	1.60777818333e-09	8.32394428393e-09
     6	5.90753338195e-09	1.41261589968e-09	7.32014928163e-09
     7	1.13770762611e-08	2.7281069728e-09	1.41051832339e-08
     8	9.51442303965e-09	2.27807039311e-09	1.17924934328e-08
     9	8.31797651031e-09	1.98954540327e-09	1.03075219136e-08

Measurement: t_ro38
  step	t_ro38	FROM	TO
     1	5.83949484337e-09	1.40041593979e-09	7.23991078316e-09
     2	4.98839551706e-09	1.19528387508e-09	6.18367939214e-09
     3	4.44862351089e-09	1.06470137805e-09	5.51332488895e-09
     4	8.00749809074e-09	1.92074897482e-09	9.92824706556e-09
     5	6.73793348642e-09	1.61436449336e-09	8.35229797979e-09
     6	5.92001542421e-09	1.41728778897e-09	7.33730321319e-09
     7	1.14245757311e-08	2.74047100517e-09	1.41650467362e-08
     8	9.54229537462e-09	2.28645582174e-09	1.18287511964e-08
     9	8.33644175965e-09	1.99585441195e-09	1.03322961716e-08

Measurement: t_ro39
  step	t_ro39	FROM	TO
     1	6.04717153628e-09	1.44965744145e-09	7.49682897772e-09
     2	5.12745984325e-09	1.22736050805e-09	6.3548203513e-09
     3	4.55154559561e-09	1.08982371501e-09	5.64136931061e-09
     4	8.3464427884e-09	2.00105360225e-09	1.03474963907e-08
     5	6.97189682276e-09	1.67000148819e-09	8.64189831095e-09
     6	6.09580786733e-09	1.45949705759e-09	7.55530492492e-09
     7	1.19733511651e-08	2.87043151907e-09	1.48437826842e-08
     8	9.92696014128e-09	2.37766156097e-09	1.23046217023e-08
     9	8.62687346167e-09	2.06519264834e-09	1.069206611e-08

Measurement: t_ro40
  step	t_ro40	FROM	TO
     1	6.16742853904e-09	1.47616619466e-09	7.6435947337e-09
     2	5.20883241925e-09	1.24511898811e-09	6.45395140736e-09
     3	4.6006323504e-09	1.0984225078e-09	5.6990548582e-09
     4	8.62939138784e-09	2.0652321576e-09	1.06946235454e-08
     5	7.1490653883e-09	1.70836409023e-09	8.85742947853e-09
     6	6.22098456611e-09	1.48525551329e-09	7.7062400794e-09
     7	1.24705987524e-08	2.98382204529e-09	1.54544207977e-08
     8	1.02475794656e-08	2.44837588776e-09	1.26959553534e-08
     9	8.85642104739e-09	2.11410225979e-09	1.09705233072e-08

Measurement: t_ro41
  step	t_ro41	FROM	TO
     1	6.22421891355e-09	1.49258074074e-09	7.71679965429e-09
     2	5.26162337615e-09	1.25853814147e-09	6.52016151763e-09
     3	4.63999952928e-09	1.10926766217e-09	5.74926719145e-09
     4	8.70907462248e-09	2.08885577419e-09	1.07979303967e-08
     5	7.21509353793e-09	1.7268408065e-09	8.94193434444e-09
     6	6.27368989243e-09	1.49973773324e-09	7.77342762567e-09
     7	1.26052721743e-08	3.02253740733e-09	1.56278095817e-08
     8	1.0359597757e-08	2.47918733228e-09	1.28387850893e-08
     9	8.94828607967e-09	2.13892510096e-09	1.10872111806e-08

Measurement: t_ro42
  step	t_ro42	FROM	TO
     1	5.50089062712e-09	1.31886279144e-09	6.81975341856e-09
     2	4.77375902137e-09	1.14328000504e-09	5.9170390264e-09
     3	4.28524305799e-09	1.02554869445e-09	5.31079175244e-09
     4	7.41721448434e-09	1.7787285573e-09	9.19594304165e-09
     5	6.34020065412e-09	1.51872132951e-09	7.85892198362e-09
     6	5.62973371751e-09	1.34769780934e-09	6.97743152685e-09
     7	1.04462794059e-08	2.50524022868e-09	1.29515196346e-08
     8	8.87232544656e-09	2.12547337374e-09	1.09977988203e-08
     9	7.83664457007e-09	1.87612884777e-09	9.71277341784e-09

Measurement: t_ro43
  step	t_ro43	FROM	TO
     1	5.91999999319e-09	1.41742392983e-09	7.33742392302e-09
     2	5.03927064263e-09	1.20550194155e-09	6.24477258417e-09
     3	4.48002381094e-09	1.0716288017e-09	5.55165261264e-09
     4	8.17357774645e-09	1.95713960983e-09	1.01307173563e-08
     5	6.84861242665e-09	1.63820382372e-09	8.48681625037e-09
     6	6.00131347059e-09	1.43466373324e-09	7.43597720382e-09
     7	1.17269250831e-08	2.80742996872e-09	1.45343550518e-08
     8	9.74944756117e-09	2.33165192528e-09	1.20810994865e-08
     9	8.48940163135e-09	2.02910586087e-09	1.05185074922e-08

Measurement: t_ro44
  step	t_ro44	FROM	TO
     1	5.71451323064e-09	1.37072690421e-09	7.08524013485e-09
     2	4.92122075969e-09	1.17821962021e-09	6.0994403799e-09
     3	4.39436363878e-09	1.0512932253e-09	5.44565686408e-09
     4	7.79451413472e-09	1.87025023699e-09	9.66476437171e-09
     5	6.60456598311e-09	1.5820260406e-09	8.18659202371e-09
     6	5.830311356e-09	1.39523077099e-09	7.22554212699e-09
     7	1.10724078184e-08	2.65674211253e-09	1.3729149931e-08
     8	9.31799040549e-09	2.23205717551e-09	1.1550047581e-08
     9	8.17904254975e-09	1.95740216995e-09	1.01364447197e-08

Measurement: t_ro45
  step	t_ro45	FROM	TO
     1	6.10995833394e-09	1.46153580786e-09	7.57149414179e-09
     2	5.17787853385e-09	1.23713700415e-09	6.415015538e-09
     3	4.57899542327e-09	1.0936809538e-09	5.67267637707e-09
     4	8.51732301289e-09	2.03608534891e-09	1.05534083618e-08
     5	7.07752182825e-09	1.69034067295e-09	8.7678625012e-09
     6	6.16938495832e-09	1.4729290339e-09	7.64231399222e-09
     7	1.22837287096e-08	2.9344831259e-09	1.52182118355e-08
     8	1.01264644559e-08	2.41720016326e-09	1.25436646191e-08
     9	8.7697384821e-09	2.09247939118e-09	1.08622178733e-08

Measurement: t_ro46
  step	t_ro46	FROM	TO
     1	6.10075984493e-09	1.47165457917e-09	7.5724144241e-09
     2	5.16375902504e-09	1.24395061486e-09	6.4077096399e-09
     3	4.56441523304e-09	1.09834467223e-09	5.66275990527e-09
     4	8.52404375651e-09	2.05833514503e-09	1.05823789015e-08
     5	7.07313541462e-09	1.70589574401e-09	8.77903115863e-09
     6	6.16098210306e-09	1.48444301164e-09	7.6454251147e-09
     7	1.2309053837e-08	2.97468249709e-09	1.52837363341e-08
     8	1.01297331448e-08	2.44508441337e-09	1.25748175582e-08
     9	8.76326533012e-09	2.11355393751e-09	1.08768192676e-08

Measurement: t_ro47
  step	t_ro47	FROM	TO
     1	5.84306568898e-09	1.40201212764e-09	7.24507781663e-09
     2	4.99672578725e-09	1.19712438836e-09	6.19385017561e-09
     3	4.45602313405e-09	1.0663347803e-09	5.52235791435e-09
     4	8.02569773937e-09	1.92638124928e-09	9.95207898865e-09
     5	6.75890103234e-09	1.62007239058e-09	8.37897342292e-09
     6	5.94197742567e-09	1.42291087575e-09	7.36488830143e-09
     7	1.14655625101e-08	2.75229962797e-09	1.4217862138e-08
     8	9.58592338301e-09	2.29822762191e-09	1.18841510049e-08
     9	8.37716252761e-09	2.00695507438e-09	1.0384117602e-08

Measurement: t_ro48
  step	t_ro48	FROM	TO
     1	5.80499308319e-09	1.39212503895e-09	7.19711812214e-09
     2	4.97584139821e-09	1.19181693822e-09	6.16765833644e-09
     3	4.43652125828e-09	1.06192193213e-09	5.49844319041e-09
     4	7.95190669867e-09	1.90742863892e-09	9.85933533759e-09
     5	6.70703994977e-09	1.60688642011e-09	8.31392636988e-09
     6	5.90271662964e-09	1.41317739923e-09	7.31589402887e-09
     7	1.13337446683e-08	2.71847384537e-09	1.40522185137e-08
     8	9.49057580224e-09	2.27396056798e-09	1.17645363702e-08
     9	8.30288437141e-09	1.98798605404e-09	1.02908704255e-08

Measurement: t_ro49
  step	t_ro49	FROM	TO
     1	6.08002786945e-09	1.4693194647e-09	7.54934733415e-09
     2	5.16672044734e-09	1.24632045576e-09	6.4130409031e-09
     3	4.57229111273e-09	1.10188825693e-09	5.67417936966e-09
     4	8.46704435069e-09	2.04868274605e-09	1.05157270967e-08
     5	7.05538144633e-09	1.7045698703e-09	8.75995131663e-09
     6	6.15642658776e-09	1.48587721367e-09	7.64230380143e-09
     7	1.2205773034e-08	2.95628816651e-09	1.51620612005e-08
     8	1.00936258063e-08	2.44105595778e-09	1.2534681764e-08
     9	8.75135509492e-09	2.11433258244e-09	1.08656876774e-08

Measurement: t_ro50
  step	t_ro50	FROM	TO
     1	5.99548065652e-09	1.44229814151e-09	7.43777879803e-09
     2	5.10457140865e-09	1.22643617619e-09	6.33100758485e-09
     3	4.52850523181e-09	1.08717237158e-09	5.6156776034e-09
     4	8.30267700811e-09	1.99864360643e-09	1.03013206145e-08
     5	6.94715174942e-09	1.67057318575e-09	8.61772493516e-09
     6	6.079948372e-09	1.46043792429e-09	7.54038629629e-09
     7	1.19368712048e-08	2.87466160813e-09	1.48115328129e-08
     8	9.9130115014e-09	2.3849383833e-09	1.22979498847e-08
     9	8.61983616623e-09	2.07217909406e-09	1.06920152603e-08

Measurement: t_ro51
  step	t_ro51	FROM	TO
     1	6.04755246444e-09	1.45252706217e-09	7.50007952661e-09
     2	5.13540468852e-09	1.23080840423e-09	6.36621309276e-09
     3	4.56002917339e-09	1.09164795315e-09	5.65167712654e-09
     4	8.36222216823e-09	2.01036876483e-09	1.03725909331e-08
     5	6.99349214217e-09	1.67828614876e-09	8.67177829092e-09
     6	6.11587540082e-09	1.46551284753e-09	7.58138824835e-09
     7	1.20147745796e-08	2.88974965986e-09	1.49045242394e-08
     8	9.97481334601e-09	2.39514849649e-09	1.23699618425e-08
     9	8.67012903262e-09	2.07923125738e-09	1.074936029e-08

Measurement: t_ro52
  step	t_ro52	FROM	TO
     1	6.47309523049e-09	1.55718772518e-09	8.03028295567e-09
     2	5.43259411385e-09	1.3048256045e-09	6.73741971835e-09
     3	4.76638545581e-09	1.14367159824e-09	5.91005705405e-09
     4	9.15917516721e-09	2.20459451001e-09	1.13637696772e-08
     5	7.52396970953e-09	1.80865280886e-09	9.33262251839e-09
     6	6.50290903699e-09	1.56141562789e-09	8.06432466488e-09
     7	1.33745556657e-08	3.21977449731e-09	1.6594330163e-08
     8	1.08996574626e-08	2.62029841225e-09	1.35199558748e-08
     9	9.35444514157e-09	2.24687504337e-09	1.16013201849e-08

Measurement: t_ro53
  step	t_ro53	FROM	TO
     1	6.26795401351e-09	1.50265810273e-09	7.77061211624e-09
     2	5.28000008383e-09	1.26466581446e-09	6.54466589828e-09
     3	4.65371657944e-09	1.11376141912e-09	5.76747799856e-09
     4	8.80012665888e-09	2.10953211179e-09	1.09096587707e-08
     5	7.27283270502e-09	1.74144536218e-09	9.0142780672e-09
     6	6.3131285752e-09	1.51072519505e-09	7.82385377024e-09
     7	1.27612412514e-08	3.05802402004e-09	1.58192652714e-08
     8	1.04612963778e-08	2.50428695852e-09	1.29655833363e-08
     9	9.0195044358e-09	2.15791262166e-09	1.11774170575e-08

Measurement: t_ro54
  step	t_ro54	FROM	TO
     1	6.04075715351e-09	1.45122765426e-09	7.49198480776e-09
     2	5.12002196926e-09	1.22767341674e-09	6.347695386e-09
     3	4.54404816625e-09	1.08810731653e-09	5.63215548278e-09
     4	8.41186942293e-09	2.02179498263e-09	1.04336644056e-08
     5	7.01364732074e-09	1.68290487895e-09	8.69655219969e-09
     6	6.12489726509e-09	1.46764557221e-09	7.5925428373e-09
     7	1.21269880765e-08	2.91503953081e-09	1.50420276073e-08
     8	1.00323860398e-08	2.40794026264e-09	1.24403263024e-08
     9	8.70458484477e-09	2.08666942929e-09	1.07912542741e-08

Measurement: t_ro55
  step	t_ro55	FROM	TO
     1	5.79183828604e-09	1.39308304113e-09	7.18492132716e-09
     2	4.97401711395e-09	1.19491770019e-09	6.16893481414e-09
     3	4.43724622707e-09	1.06469055145e-09	5.50193677853e-09
     4	7.9136905928e-09	1.90457640575e-09	9.81826699855e-09
     5	6.68872506663e-09	1.60799372163e-09	8.29671878827e-09
     6	5.89202231069e-09	1.4151076369e-09	7.30712994759e-09
     7	1.12601278004e-08	2.71078996708e-09	1.39709177675e-08
     8	9.45281281304e-09	2.27342338532e-09	1.17262361984e-08
     9	8.27972619529e-09	1.98966470825e-09	1.02693909035e-08

Measurement: t_ro56
  step	t_ro56	FROM	TO
     1	5.9384445787e-09	1.41867127089e-09	7.35711584959e-09
     2	5.06973914733e-09	1.21001597534e-09	6.27975512267e-09
     3	4.49955087153e-09	1.07381744454e-09	5.57336831607e-09
     4	8.20420792965e-09	1.95851754631e-09	1.0162725476e-08
     5	6.87513573285e-09	1.64021299943e-09	8.51534873228e-09
     6	6.02338442209e-09	1.43666681411e-09	7.4600512362e-09
     7	1.1760925277e-08	2.80584054908e-09	1.45667658261e-08
     8	9.78179222389e-09	2.33253001766e-09	1.21143222415e-08
     9	8.51705936925e-09	2.03041322742e-09	1.05474725967e-08

Measurement: t_ro57
  step	t_ro57	FROM	TO
     1	5.97262080974e-09	1.43566375946e-09	7.4082845692e-09
     2	5.07820865093e-09	1.21996920756e-09	6.29817785849e-09
     3	4.4987079235e-09	1.08030643419e-09	5.57901435769e-09
     4	8.29733646017e-09	1.99533171348e-09	1.02926681736e-08
     5	6.9273467791e-09	1.6650911849e-09	8.59243796399e-09
     6	6.05751907146e-09	1.45578660613e-09	7.51330567759e-09
     7	1.19472726781e-08	2.87394556728e-09	1.48212182454e-08
     8	9.89574688792e-09	2.37950329343e-09	1.22752501813e-08
     9	8.59644933537e-09	2.06693448061e-09	1.0663383816e-08

Measurement: t_ro58
  step	t_ro58	FROM	TO
     1	6.13571739545e-09	1.46847959434e-09	7.60419698979e-09
     2	5.19175676474e-09	1.24004514396e-09	6.43180190869e-09
     3	4.58827763296e-09	1.09492317584e-09	5.6832008088e-09
     4	8.55789656726e-09	2.04706566767e-09	1.06049622349e-08
     5	7.10260433027e-09	1.69593102688e-09	8.79853535715e-09
     6	6.18602270937e-09	1.47576938239e-09	7.66179209177e-09
     7	1.23574824057e-08	2.95249483629e-09	1.5309977242e-08
     8	1.01711517654e-08	2.42717769542e-09	1.25983294608e-08
     9	8.79984460113e-09	2.09809692867e-09	1.08979415298e-08

Measurement: t_ro59
  step	t_ro59	FROM	TO
     1	5.96662073121e-09	1.42635408292e-09	7.39297481412e-09
     2	5.09006177943e-09	1.21597806915e-09	6.30603984858e-09
     3	4.51530181576e-09	1.07840526337e-09	5.59370707913e-09
     4	8.24268746101e-09	1.97033442361e-09	1.02130218846e-08
     5	6.90750630652e-09	1.64989916723e-09	8.55740547375e-09
     6	6.05127940383e-09	1.44483013774e-09	7.49610954157e-09
     7	1.18213066785e-08	2.82501378013e-09	1.46463204586e-08
     8	9.83360822744e-09	2.34820614813e-09	1.21818143756e-08
     9	8.56175955353e-09	2.04370860816e-09	1.06054681617e-08

Measurement: t_ro60
  step	t_ro60	FROM	TO
     1	5.86910232615e-09	1.40464845263e-09	7.27375077878e-09
     2	5.01888739379e-09	1.19989821569e-09	6.21878560948e-09
     3	4.46698965872e-09	1.06737830854e-09	5.53436796726e-09
     4	8.05482912018e-09	1.9276347158e-09	9.98246383599e-09
     5	6.77812154565e-09	1.62034164877e-09	8.39846319442e-09
     6	5.95317930122e-09	1.42233417055e-09	7.37551347177e-09
     7	1.15084116058e-08	2.75357744308e-09	1.42619890489e-08
     8	9.61556965832e-09	2.29823467804e-09	1.19138043364e-08
     9	8.39546710895e-09	2.00543349753e-09	1.04009006065e-08

Measurement: t_ro61
  step	t_ro61	FROM	TO
     1	6.46235193822e-09	1.55775312035e-09	8.02010505857e-09
     2	5.4208399519e-09	1.30274859629e-09	6.72358854819e-09
     3	4.75124357519e-09	1.13996639661e-09	5.8912099718e-09
     4	9.12884899484e-09	2.20216085861e-09	1.13310098534e-08
     5	7.50031758484e-09	1.8041307439e-09	9.30444832874e-09
     6	6.48182558177e-09	1.55653777509e-09	8.03836335686e-09
     7	1.33171700409e-08	3.21282169162e-09	1.65299917325e-08
     8	1.08485220618e-08	2.61010307703e-09	1.34586251389e-08
     9	9.31045219992e-09	2.23650350942e-09	1.15469557093e-08

Measurement: t_ro62
  step	t_ro62	FROM	TO
     1	5.84718221032e-09	1.40616528795e-09	7.25334749828e-09
     2	5.00155356574e-09	1.20170996022e-09	6.20326352596e-09
     3	4.4601935675e-09	1.07097274362e-09	5.53116631111e-09
     4	8.02187409262e-09	1.93026591116e-09	9.95214000378e-09
     5	6.75933556274e-09	1.62505986835e-09	8.38439543109e-09
     6	5.94350995938e-09	1.42826438691e-09	7.37177434629e-09
     7	1.14460985742e-08	2.75507809832e-09	1.42011766725e-08
     8	9.57601874798e-09	2.30315468492e-09	1.18791734329e-08
     9	8.37063292835e-09	2.01256159988e-09	1.03831945282e-08

Measurement: t_ro63
  step	t_ro63	FROM	TO
     1	6.12685211535e-09	1.47127766952e-09	7.59812978487e-09
     2	5.19476772016e-09	1.24600014239e-09	6.44076786254e-09
     3	4.59456989651e-09	1.10064650578e-09	5.6952164023e-09
     4	8.5105383433e-09	2.04421343688e-09	1.05547517802e-08
     5	7.09007270577e-09	1.70117358726e-09	8.79124629303e-09
     6	6.18519490509e-09	1.48250367953e-09	7.66769858461e-09
     7	1.22646625604e-08	2.94590849089e-09	1.52105710513e-08
     8	1.01407014291e-08	2.43344428475e-09	1.25741457138e-08
     9	8.79088715929e-09	2.10764135196e-09	1.08985285113e-08

Measurement: t_ro64
  step	t_ro64	FROM	TO
     1	6.24397513496e-09	1.49876326432e-09	7.74273839927e-09
     2	5.27793700379e-09	1.26419179707e-09	6.54212880086e-09
     3	4.64380207705e-09	1.1121220548e-09	5.75592413186e-09
     4	8.74811732509e-09	2.10130606316e-09	1.08494233883e-08
     5	7.23356357085e-09	1.73491538759e-09	8.96847895844e-09
     6	6.28373279431e-09	1.50550332374e-09	7.78923611804e-09
     7	1.2666938603e-08	3.0428058734e-09	1.57097444764e-08
     8	1.03904028694e-08	2.49232221115e-09	1.28827250806e-08
     9	8.96596574672e-09	2.14830284881e-09	1.11142685955e-08

Measurement: t_ro65
  step	t_ro65	FROM	TO
     1	6.00602251297e-09	1.43025271286e-09	7.43627522583e-09
     2	5.11576369445e-09	1.21732192509e-09	6.33308561955e-09
     3	4.53114319832e-09	1.07891938157e-09	5.61006257989e-09
     4	8.31276009358e-09	1.97804553282e-09	1.02908056264e-08
     5	6.94841991185e-09	1.65359573537e-09	8.60201564722e-09
     6	6.08001068297e-09	1.44699372035e-09	7.52700440332e-09
     7	1.19421582686e-08	2.84009974565e-09	1.47822580142e-08
     8	9.90357224847e-09	2.35566764356e-09	1.2259239892e-08
     9	8.60707111608e-09	2.04732739957e-09	1.06543985157e-08

Measurement: t_ro66
  step	t_ro66	FROM	TO
     1	5.84222484713e-09	1.39752069034e-09	7.23974553747e-09
     2	5.00044142552e-09	1.19493746401e-09	6.19537888953e-09
     3	4.45617596255e-09	1.06430825031e-09	5.52048421287e-09
     4	7.9857606035e-09	1.91019199936e-09	9.89595260287e-09
     5	6.72913679521e-09	1.60801111319e-09	8.33714790839e-09
     6	5.91995022458e-09	1.41346021438e-09	7.33341043896e-09
     7	1.13720577586e-08	2.7196527834e-09	1.4091710542e-08
     8	9.51552591542e-09	2.27353265632e-09	1.17890585717e-08
     9	8.32065322142e-09	1.98670340828e-09	1.03073566297e-08

Measurement: t_ro67
  step	t_ro67	FROM	TO
     1	5.8086140648e-09	1.38787822467e-09	7.19649228947e-09
     2	4.97365831979e-09	1.18681412608e-09	6.16047244587e-09
     3	4.43493440829e-09	1.05794592882e-09	5.4928803371e-09
     4	7.98308361865e-09	1.90688190556e-09	9.88996552421e-09
     5	6.72608509941e-09	1.60521501708e-09	8.33130011649e-09
     6	5.91543975657e-09	1.41130034181e-09	7.32674009838e-09
     7	1.14047515512e-08	2.72323106505e-09	1.41279826163e-08
     8	9.53894847541e-09	2.27578641113e-09	1.18147348865e-08
     9	8.33703280321e-09	1.98807842931e-09	1.03251112325e-08

Measurement: t_ro68
  step	t_ro68	FROM	TO
     1	5.51569825016e-09	1.31856022001e-09	6.83425847017e-09
     2	4.78214157524e-09	1.1422198762e-09	5.92436145144e-09
     3	4.29279864614e-09	1.02502671632e-09	5.31782536246e-09
     4	7.43430645409e-09	1.77710712656e-09	9.21141358065e-09
     5	6.348038129e-09	1.51610961827e-09	7.86414774727e-09
     6	5.63538760164e-09	1.34544434317e-09	6.98083194481e-09
     7	1.04628458251e-08	2.50053422371e-09	1.29633800488e-08
     8	8.87586679016e-09	2.11939621484e-09	1.0995263005e-08
     9	7.83811180663e-09	1.87063124227e-09	9.7087430489e-09

Measurement: t_ro69
  step	t_ro69	FROM	TO
     1	5.87654879429e-09	1.41636076816e-09	7.29290956245e-09
     2	5.02691994065e-09	1.21077133676e-09	6.23769127741e-09
     3	4.47284925938e-09	1.07693274594e-09	5.54978200532e-09
     4	8.08326772974e-09	1.95044944854e-09	1.00337171783e-08
     5	6.7998390904e-09	1.63926395538e-09	8.43910304578e-09
     6	5.97130131726e-09	1.43872784424e-09	7.4100291615e-09
     7	1.156034637e-08	2.79128829515e-09	1.43516346652e-08
     8	9.65458419761e-09	2.32895779097e-09	1.19835419886e-08
     9	8.42746790867e-09	2.03184696862e-09	1.04593148773e-08

Measurement: t_ro70
  step	t_ro70	FROM	TO
     1	5.60669914998e-09	1.3401031493e-09	6.94680229928e-09
     2	4.83838674474e-09	1.15535654295e-09	5.99374328769e-09
     3	4.32801609064e-09	1.0332023354e-09	5.36121842604e-09
     4	7.62060416211e-09	1.82111111361e-09	9.44171527572e-09
     5	6.46861400407e-09	1.54431833447e-09	8.01293233854e-09
     6	5.72102109971e-09	1.36541751613e-09	7.08643861584e-09
     7	1.07806515851e-08	2.57513882123e-09	1.33557904064e-08
     8	9.08513813252e-09	2.16818653216e-09	1.12533246647e-08
     9	7.98830685922e-09	1.90572019954e-09	9.89402705876e-09

Measurement: t_ro71
  step	t_ro71	FROM	TO
     1	5.88494711985e-09	1.41787718543e-09	7.30282430527e-09
     2	5.03303119697e-09	1.20941985001e-09	6.24245104698e-09
     3	4.47901260803e-09	1.07421485764e-09	5.55322746566e-09
     4	8.09659343196e-09	1.95433587291e-09	1.00509293049e-08
     5	6.80819826562e-09	1.63827477014e-09	8.44647303576e-09
     6	5.97989982989e-09	1.43652631269e-09	7.41642614259e-09
     7	1.15667879595e-08	2.79566342289e-09	1.43624513824e-08
     8	9.65625755759e-09	2.32622994889e-09	1.19824875065e-08
     9	8.43100444642e-09	2.02757049456e-09	1.0458574941e-08

Measurement: t_ro72
  step	t_ro72	FROM	TO
     1	6.07999823659e-09	1.45391187086e-09	7.53391010745e-09
     2	5.15279949559e-09	1.23115739149e-09	6.38395688708e-09
     3	4.56757173544e-09	1.09046363605e-09	5.65803537149e-09
     4	8.44866658249e-09	2.02027670535e-09	1.04689432878e-08
     5	7.0420597208e-09	1.68216444335e-09	8.72422416415e-09
     6	6.1484264138e-09	1.46777956425e-09	7.61620597805e-09
     7	1.21681942114e-08	2.90846398828e-09	1.50766581996e-08
     8	1.00628229338e-08	2.40312962794e-09	1.24659525617e-08
     9	8.72856722343e-09	2.08326522265e-09	1.08118324461e-08

Measurement: t_ro73
  step	t_ro73	FROM	TO
     1	5.60000007335e-09	1.34122718554e-09	6.94122725889e-09
     2	4.84075750416e-09	1.15875225981e-09	5.99950976397e-09
     3	4.33842469295e-09	1.03777206139e-09	5.37619675434e-09
     4	7.61806317315e-09	1.825322242e-09	9.44338541514e-09
     5	6.47566236962e-09	1.55013130746e-09	8.02579367708e-09
     6	5.73204270013e-09	1.37127393951e-09	7.10331663964e-09
     7	1.07754246269e-08	2.5816326447e-09	1.33570572716e-08
     8	9.0975790876e-09	2.17770118199e-09	1.12752802696e-08
     9	8.0072856109e-09	1.91561409364e-09	9.92289970454e-09

Measurement: t_ro74
  step	t_ro74	FROM	TO
     1	6.29838435871e-09	1.51173935278e-09	7.81012371149e-09
     2	5.28000007629e-09	1.26570794325e-09	6.54570801954e-09
     3	4.66673788076e-09	1.11773774831e-09	5.78447562907e-09
     4	8.8427002303e-09	2.12247227856e-09	1.09651725089e-08
     5	7.29682891834e-09	1.74849961717e-09	9.04532853551e-09
     6	6.32871859741e-09	1.51567703579e-09	7.8443956332e-09
     7	1.2821253226e-08	3.07621762337e-09	1.58974708493e-08
     8	1.04920198193e-08	2.51360148098e-09	1.30056213003e-08
     9	9.03813046273e-09	2.1640107561e-09	1.12021412188e-08

Measurement: t_ro75
  step	t_ro75	FROM	TO
     1	6.08005534725e-09	1.46095745288e-09	7.54101280013e-09
     2	5.15220838593e-09	1.23663481975e-09	6.38884320569e-09
     3	4.5641942735e-09	1.09407384661e-09	5.65826812011e-09
     4	8.48211551961e-09	2.03870739677e-09	1.05208229164e-08
     5	7.05078748543e-09	1.69294803978e-09	8.7437355252e-09
     6	6.14856911123e-09	1.47478540621e-09	7.62335451744e-09
     7	1.22342724623e-08	2.94065747938e-09	1.51749299417e-08
     8	1.00863361052e-08	2.42204090914e-09	1.25083770144e-08
     9	8.73706524417e-09	2.09625213314e-09	1.08333173773e-08

Measurement: t_ro76
  step	t_ro76	FROM	TO
     1	5.96103217429e-09	1.431455122e-09	7.39248729629e-09
     2	5.06575329395e-09	1.2151227438e-09	6.28087603775e-09
     3	4.49439269493e-09	1.07753157602e-09	5.57192427095e-09
     4	8.2639385299e-09	1.98514356205e-09	1.0249082092e-08
     5	6.89608643548e-09	1.65433054651e-09	8.55041698199e-09
     6	6.03191532068e-09	1.44638785003e-09	7.47830317071e-09
     7	1.18579107404e-08	2.84861967966e-09	1.47065304201e-08
     8	9.81686731365e-09	2.35521637044e-09	1.21720836841e-08
     9	8.53049781164e-09	2.04553552833e-09	1.057603334e-08

Measurement: t_ro77
  step	t_ro77	FROM	TO
     1	6.01423699952e-09	1.44088146153e-09	7.45511846105e-09
     2	5.10494060938e-09	1.22115246475e-09	6.32609307413e-09
     3	4.519713096e-09	1.08032755605e-09	5.60004065205e-09
     4	8.37803921759e-09	2.00709209867e-09	1.03851313163e-08
     5	6.97490792815e-09	1.66850415933e-09	8.64341208748e-09
     6	6.08870748482e-09	1.45530763146e-09	7.54401511627e-09
     7	1.20725391603e-08	2.89124672371e-09	1.4963785884e-08
     8	9.96842026361e-09	2.38421274487e-09	1.23526330085e-08
     9	8.64425200995e-09	2.06607133171e-09	1.07103233417e-08

Measurement: t_ro78
  step	t_ro78	FROM	TO
     1	5.69997025741e-09	1.36331411302e-09	7.06328437043e-09
     2	4.90482004792e-09	1.17175890453e-09	6.07657895245e-09
     3	4.38305720426e-09	1.04657940466e-09	5.42963660892e-09
     4	7.75902007783e-09	1.85581624045e-09	9.61483631828e-09
     5	6.57465803988e-09	1.57066688559e-09	8.14532492548e-09
     6	5.80425454177e-09	1.38574188279e-09	7.18999642456e-09
     7	1.10073791085e-08	2.63223486403e-09	1.36396139726e-08
     8	9.26300095111e-09	2.2126500195e-09	1.14756509706e-08
     9	8.13143121705e-09	1.94107611457e-09	1.00725073316e-08

Measurement: t_ro79
  step	t_ro79	FROM	TO
     1	6.12440994571e-09	1.46656439791e-09	7.59097434362e-09
     2	5.17860848967e-09	1.23858039781e-09	6.41718888749e-09
     3	4.58172158262e-09	1.09537326918e-09	5.67709485179e-09
     4	8.54855350496e-09	2.04689234281e-09	1.05954458478e-08
     5	7.09495748903e-09	1.69690745448e-09	8.79186494351e-09
     6	6.17949348822e-09	1.47713904703e-09	7.65663253525e-09
     7	1.2354330094e-08	2.95760551297e-09	1.5311935607e-08
     8	1.01696608057e-08	2.43176258719e-09	1.26014233929e-08
     9	8.79787160588e-09	2.1024881186e-09	1.09003597245e-08

Measurement: t_ro80
  step	t_ro80	FROM	TO
     1	6.02309826293e-09	1.45481337305e-09	7.47791163598e-09
     2	5.11999888337e-09	1.23244949363e-09	6.352448377e-09
     3	4.54022311397e-09	1.09107969668e-09	5.63130281065e-09
     4	8.35479931216e-09	2.02215789348e-09	1.03769572056e-08
     5	6.97987504782e-09	1.68408281921e-09	8.66395786703e-09
     6	6.10182119007e-09	1.46939919e-09	7.57122038007e-09
     7	1.20177332721e-08	2.91038556491e-09	1.4928118837e-08
     8	9.96216676493e-09	2.40616484562e-09	1.23683316105e-08
     9	8.6539009354e-09	2.08681459751e-09	1.07407155329e-08

Measurement: t_ro81
  step	t_ro81	FROM	TO
     1	5.9161272011e-09	1.41353379968e-09	7.32966100078e-09
     2	5.04727584831e-09	1.20495237332e-09	6.25222822164e-09
     3	4.48138377865e-09	1.06970760298e-09	5.55109138163e-09
     4	8.14386627057e-09	1.94446897885e-09	1.00883352494e-08
     5	6.82998041348e-09	1.62966151303e-09	8.45964192651e-09
     6	5.98829518272e-09	1.42850480033e-09	7.41679998305e-09
     7	1.16570557582e-08	2.78138605641e-09	1.44384418146e-08
     8	9.70292533471e-09	2.31370504313e-09	1.20166303778e-08
     9	8.45520291066e-09	2.01569897889e-09	1.04709018895e-08

Measurement: t_ro82
  step	t_ro82	FROM	TO
     1	5.60000037972e-09	1.34040712076e-09	6.94040750048e-09
     2	4.83965479218e-09	1.1570142984e-09	5.99666909059e-09
     3	4.33735486509e-09	1.03611519388e-09	5.37347005896e-09
     4	7.60038890461e-09	1.81924695487e-09	9.41963585948e-09
     5	6.46124003388e-09	1.54465381387e-09	8.00589384775e-09
     6	5.71947764039e-09	1.366262457e-09	7.08574009739e-09
     7	1.07443984729e-08	2.57139007031e-09	1.33157885432e-08
     8	9.07372883021e-09	2.16900576312e-09	1.12427345933e-08
     9	7.98872280513e-09	1.90825838479e-09	9.89698118993e-09

Measurement: t_ro83
  step	t_ro83	FROM	TO
     1	5.85614855748e-09	1.40608588221e-09	7.26223443969e-09
     2	5.00227092299e-09	1.1999260819e-09	6.20219700489e-09
     3	4.45177299318e-09	1.06699709375e-09	5.51877008693e-09
     4	8.07498507909e-09	1.93934681547e-09	1.00143318946e-08
     5	6.7784439308e-09	1.6265189126e-09	8.4049628434e-09
     6	5.94806977744e-09	1.42615221396e-09	7.3742219914e-09
     7	1.15592752918e-08	2.77621787721e-09	1.4335493169e-08
     8	9.6281392964e-09	2.31067635617e-09	1.19388156526e-08
     9	8.39621776301e-09	2.01385615523e-09	1.04100739182e-08

Measurement: t_ro84
  step	t_ro84	FROM	TO
     1	6.03476148443e-09	1.4416188576e-09	7.47638034203e-09
     2	5.1199877154e-09	1.22233663226e-09	6.34232434766e-09
     3	4.54256931004e-09	1.08400350716e-09	5.6265728172e-09
     4	8.35432138102e-09	1.99483044204e-09	1.03491518231e-08
     5	6.97398729825e-09	1.66428251405e-09	8.6382698123e-09
     6	6.09662525678e-09	1.45441218591e-09	7.55103744269e-09
     7	1.19902293734e-08	2.86200891944e-09	1.48522382929e-08
     8	9.93257595642e-09	2.36961226136e-09	1.23021882178e-08
     9	8.62867240534e-09	2.05780503078e-09	1.06864774361e-08

Measurement: t_ro85
  step	t_ro85	FROM	TO
     1	5.77224142127e-09	1.38481826997e-09	7.15705969124e-09
     2	4.95999990375e-09	1.18828074903e-09	6.14828065278e-09
     3	4.42735158267e-09	1.06057229395e-09	5.48792387662e-09
     4	7.87698771023e-09	1.89038243997e-09	9.7673701502e-09
     5	6.66510198704e-09	1.59782967183e-09	8.26293165888e-09
     6	5.87552569714e-09	1.40790834195e-09	7.28343403909e-09
     7	1.1196133913e-08	2.686842094e-09	1.3882976007e-08
     8	9.40908666457e-09	2.25573616078e-09	1.16648228253e-08
     9	8.2477677271e-09	1.97648950403e-09	1.02242572311e-08

Measurement: t_ro86
  step	t_ro86	FROM	TO
     1	6.17210330554e-09	1.48183199013e-09	7.65393529568e-09
     2	5.20432003324e-09	1.24570210631e-09	6.45002213955e-09
     3	4.59276266434e-09	1.09847396718e-09	5.69123663152e-09
     4	8.63299133619e-09	2.07109761991e-09	1.07040889561e-08
     5	7.13305124526e-09	1.70679644059e-09	8.83984768585e-09
     6	6.20106375174e-09	1.4825553816e-09	7.68361913334e-09
     7	1.24766819869e-08	2.98652233726e-09	1.54632043241e-08
     8	1.02189337129e-08	2.44257153947e-09	1.26615052524e-08
     9	8.82091527199e-09	2.10697879307e-09	1.09278940651e-08

Measurement: t_ro87
  step	t_ro87	FROM	TO
     1	5.84607787539e-09	1.40154570483e-09	7.24762358022e-09
     2	5.00067235659e-09	1.19742878748e-09	6.19810114407e-09
     3	4.45596002404e-09	1.06639417155e-09	5.52235419559e-09
     4	8.0267314076e-09	1.92441636892e-09	9.95114777652e-09
     5	6.75799626945e-09	1.61834781304e-09	8.37634408249e-09
     6	5.94002819527e-09	1.42142869836e-09	7.36145689363e-09
     7	1.14610444684e-08	2.74768425751e-09	1.42087287259e-08
     8	9.58110153513e-09	2.29420654634e-09	1.18753080815e-08
     9	8.3723928128e-09	2.00335421473e-09	1.03757470275e-08

Measurement: t_ro88
  step	t_ro88	FROM	TO
     1	5.8269181913e-09	1.40409627537e-09	7.23101446668e-09
     2	4.98695474632e-09	1.20017763274e-09	6.18713237905e-09
     3	4.44158309789e-09	1.06788876356e-09	5.50947186145e-09
     4	7.99227674831e-09	1.92730406167e-09	9.91958080998e-09
     5	6.72842441552e-09	1.62063548457e-09	8.3490599001e-09
     6	5.91408430803e-09	1.42326679558e-09	7.33735110361e-09
     7	1.14106731505e-08	2.75271986234e-09	1.41633930129e-08
     8	9.53533496866e-09	2.2978718563e-09	1.1833206825e-08
     9	8.32990568821e-09	2.00568481759e-09	1.03355905058e-08

Measurement: t_ro89
  step	t_ro89	FROM	TO
     1	5.84478983349e-09	1.40139004262e-09	7.24617987611e-09
     2	5.00372330271e-09	1.19888535188e-09	6.20260865458e-09
     3	4.45780953699e-09	1.0679349055e-09	5.52574444249e-09
     4	8.00778672075e-09	1.92007805173e-09	9.92786477248e-09
     5	6.74752441907e-09	1.61680877121e-09	8.36433319028e-09
     6	5.93283455402e-09	1.42119114806e-09	7.35402570208e-09
     7	1.14192800271e-08	2.73784841124e-09	1.41571284383e-08
     8	9.55431289793e-09	2.28917570692e-09	1.18434886049e-08
     9	8.35180499294e-09	2.00046839364e-09	1.03522733866e-08

Measurement: t_ro90
  step	t_ro90	FROM	TO
     1	5.98902774783e-09	1.43806432759e-09	7.42709207542e-09
     2	5.09288457296e-09	1.22189001801e-09	6.31477459097e-09
     3	4.5179591988e-09	1.08357685691e-09	5.60153605571e-09
     4	8.30675042454e-09	1.99538103659e-09	1.03021314611e-08
     5	6.94164017989e-09	1.66610959545e-09	8.60774977534e-09
     6	6.07239203648e-09	1.45676688236e-09	7.52915891884e-09
     7	1.19482688543e-08	2.87029325172e-09	1.4818562106e-08
     8	9.90837261313e-09	2.37848359573e-09	1.22868562089e-08
     9	8.61231221871e-09	2.0663816362e-09	1.06786938549e-08

Measurement: t_ro91
  step	t_ro91	FROM	TO
     1	5.81167671251e-09	1.40392016604e-09	7.21559687855e-09
     2	4.98078821728e-09	1.20163891722e-09	6.1824271345e-09
     3	4.44102697337e-09	1.07089576842e-09	5.51192274178e-09
     4	7.96436237507e-09	1.92617827137e-09	9.89054064644e-09
     5	6.71516081278e-09	1.62217047237e-09	8.33733128515e-09
     6	5.90773947254e-09	1.42590429343e-09	7.33364376597e-09
     7	1.13581259929e-08	2.74881670828e-09	1.41069427012e-08
     8	9.50779728322e-09	2.29819901588e-09	1.18059962991e-08
     9	8.31496648816e-09	2.00843769984e-09	1.0323404188e-08

Measurement: t_ro92
  step	t_ro92	FROM	TO
     1	6.02798824012e-09	1.44156888087e-09	7.46955712099e-09
     2	5.12001207336e-09	1.22355097586e-09	6.34356304922e-09
     3	4.53714364981e-09	1.08419354383e-09	5.62133719364e-09
     4	8.36294683818e-09	1.99951166524e-09	1.03624585034e-08
     5	6.97296957639e-09	1.66633145162e-09	8.63930102801e-09
     6	6.09277464049e-09	1.45570085957e-09	7.54847550007e-09
     7	1.20188299922e-08	2.87268582606e-09	1.48915158183e-08
     8	9.94055336817e-09	2.37493521231e-09	1.23154885805e-08
     9	8.62926315923e-09	2.06111247024e-09	1.06903756295e-08

Measurement: t_ro93
  step	t_ro93	FROM	TO
     1	6.03547582469e-09	1.45415163177e-09	7.48962745646e-09
     2	5.12000261699e-09	1.23094417178e-09	6.35094678877e-09
     3	4.54204078386e-09	1.0913011845e-09	5.63334196836e-09
     4	8.37744630198e-09	2.02050791228e-09	1.03979542143e-08
     5	6.9879922818e-09	1.68271080781e-09	8.67070308961e-09
     6	6.10626120068e-09	1.46877159106e-09	7.57503279175e-09
     7	1.20451060071e-08	2.90712440649e-09	1.49522304136e-08
     8	9.96968635307e-09	2.4025181508e-09	1.23722045039e-08
     9	8.65584900419e-09	2.0837035853e-09	1.07395525895e-08

Measurement: t_ro94
  step	t_ro94	FROM	TO
     1	6.31967429239e-09	1.53723755699e-09	7.85691184938e-09
     2	5.30803736989e-09	1.28589757603e-09	6.59393494592e-09
     3	4.66819855518e-09	1.12840111579e-09	5.79659967098e-09
     4	8.8897144765e-09	2.16588733926e-09	1.10556018158e-08
     5	7.3125324586e-09	1.77461848385e-09	9.08715094245e-09
     6	6.33246523903e-09	1.53342666865e-09	7.86589190767e-09
     7	1.29102499509e-08	3.1468020153e-09	1.60570519662e-08
     8	1.05269386589e-08	2.55689679113e-09	1.30838354501e-08
     9	9.05121169111e-09	2.19400214899e-09	1.12452138401e-08

Measurement: t_ro95
  step	t_ro95	FROM	TO
     1	6.01073650258e-09	1.44053203062e-09	7.4512685332e-09
     2	5.12000053161e-09	1.22433216861e-09	6.34433270021e-09
     3	4.53628366088e-09	1.08477779e-09	5.62106145087e-09
     4	8.3195922392e-09	1.99389195648e-09	1.03134841957e-08
     5	6.9575756264e-09	1.6652456071e-09	8.6228212335e-09
     6	6.08665439311e-09	1.45551625523e-09	7.54217064834e-09
     7	1.1952129986e-08	2.86404365306e-09	1.48161736391e-08
     8	9.92205176216e-09	2.37459302485e-09	1.2296644787e-08
     9	8.62671738606e-09	2.06264134299e-09	1.0689358729e-08

Measurement: t_ro96
  step	t_ro96	FROM	TO
     1	6.05814951835e-09	1.46514980505e-09	7.5232993234e-09
     2	5.13779378045e-09	1.23958786511e-09	6.37738164556e-09
     3	4.5500304692e-09	1.09633554213e-09	5.64636601132e-09
     4	8.41941657687e-09	2.03823631099e-09	1.04576528879e-08
     5	7.0156087736e-09	1.69477974409e-09	8.71038851769e-09
     6	6.12479432586e-09	1.47778414593e-09	7.60257847179e-09
     7	1.21263257364e-08	2.93658534791e-09	1.50629110843e-08
     8	1.0022840485e-08	2.42273542465e-09	1.24455759097e-08
     9	8.6933722707e-09	2.09920990701e-09	1.07925821777e-08

Measurement: t_ro97
  step	t_ro97	FROM	TO
     1	5.8640417554e-09	1.41065042604e-09	7.27469218144e-09
     2	5.0116379459e-09	1.20468761125e-09	6.21632555715e-09
     3	4.4647711505e-09	1.0729660527e-09	5.5377372032e-09
     4	8.07855944961e-09	1.94454021495e-09	1.00230996646e-08
     5	6.79255483197e-09	1.63421293748e-09	8.42676776945e-09
     6	5.96473894609e-09	1.43446045144e-09	7.39919939753e-09
     7	1.1565088323e-08	2.78528782984e-09	1.43503761528e-08
     8	9.65290186412e-09	2.32399096903e-09	1.19768928331e-08
     9	8.42511532052e-09	2.02801324591e-09	1.04531285664e-08

Measurement: t_ro98
  step	t_ro98	FROM	TO
     1	5.80493921503e-09	1.39802625172e-09	7.20296546674e-09
     2	4.96000050417e-09	1.19314629013e-09	6.15314679431e-09
     3	4.43728859617e-09	1.06589104293e-09	5.5031796391e-09
     4	7.95566071459e-09	1.91758955881e-09	9.87325027341e-09
     5	6.71097168836e-09	1.6147198507e-09	8.32569153906e-09
     6	5.90644523374e-09	1.41991486232e-09	7.32636009607e-09
     7	1.13357427343e-08	2.73358052115e-09	1.40693232554e-08
     8	9.49356246166e-09	2.28544880369e-09	1.17790112654e-08
     9	8.30595701654e-09	1.99796913045e-09	1.0303926147e-08

Measurement: t_ro99
  step	t_ro99	FROM	TO
     1	5.95637348253e-09	1.42958061672e-09	7.38595409925e-09
     2	5.07895677796e-09	1.21813314674e-09	6.2970899247e-09
     3	4.50085785676e-09	1.07850506938e-09	5.57936292614e-09
     4	8.22755056427e-09	1.97522257025e-09	1.02027731345e-08
     5	6.88014050849e-09	1.65112041292e-09	8.53126092141e-09
     6	6.02207672969e-09	1.44365519537e-09	7.46573192506e-09
     7	1.17913904907e-08	2.83104088995e-09	1.46224313806e-08
     8	9.78220648622e-09	2.34732079543e-09	1.21295272817e-08
     9	8.51071115304e-09	2.04091827364e-09	1.05516294267e-08

Measurement: t_ro100
  step	t_ro100	FROM	TO
     1	5.89205529755e-09	1.41156151394e-09	7.30361681149e-09
     2	5.0306559846e-09	1.20367751129e-09	6.23433349589e-09
     3	4.47999384434e-09	1.0697673501e-09	5.54976119444e-09
     4	8.11456982786e-09	1.94375720591e-09	1.00583270338e-08
     5	6.81277515925e-09	1.63014879695e-09	8.4429239562e-09
     6	5.97734922255e-09	1.42913081072e-09	7.40648003327e-09
     7	1.16126287586e-08	2.78123609718e-09	1.43938648558e-08
     8	9.67713949322e-09	2.31541208407e-09	1.19925515773e-08
     9	8.43842688068e-09	2.01747280919e-09	1.04558996899e-08

Measurement: t_ro101
  step	t_ro101	FROM	TO
     1	6.66418638987e-09	1.60064336305e-09	8.26482975292e-09
     2	5.53068572705e-09	1.32709317097e-09	6.85777889801e-09
     3	4.82628237958e-09	1.15704296639e-09	5.98332534597e-09
     4	9.52616700495e-09	2.2881919027e-09	1.18143589076e-08
     5	7.73521075682e-09	1.85644649493e-09	9.59165725176e-09
     6	6.63952409738e-09	1.59234511478e-09	8.23186921215e-09
     7	1.39990378917e-08	3.3625768787e-09	1.73616147704e-08
     8	1.12651474993e-08	2.70389553839e-09	1.39690430376e-08
     9	9.59769438977e-09	2.30211851166e-09	1.18998129014e-08

Measurement: t_ro102
  step	t_ro102	FROM	TO
     1	5.97218602607e-09	1.43530782775e-09	7.40749385382e-09
     2	5.09017292489e-09	1.22152154305e-09	6.31169446794e-09
     3	4.51441182587e-09	1.08278962705e-09	5.59720145292e-09
     4	8.2735151008e-09	1.98912214391e-09	1.02626372447e-08
     5	6.92152939312e-09	1.66226551579e-09	8.58379490892e-09
     6	6.0595237639e-09	1.45416766029e-09	7.51369142419e-09
     7	1.18787920227e-08	2.85655036972e-09	1.47353423925e-08
     8	9.86280485511e-09	2.3693640468e-09	1.22321689019e-08
     9	8.58056413181e-09	2.05988769133e-09	1.06404518231e-08

Measurement: t_ro103
  step	t_ro103	FROM	TO
     1	5.91345476019e-09	1.42186806115e-09	7.33532282134e-09
     2	5.04831223256e-09	1.21210564796e-09	6.26041788052e-09
     3	4.48000447287e-09	1.07509341112e-09	5.55509788399e-09
     4	8.14349468314e-09	1.95951484853e-09	1.01030095317e-08
     5	6.83363226288e-09	1.64167378229e-09	8.47530604517e-09
     6	5.99374132276e-09	1.43830504586e-09	7.43204636862e-09
     7	1.16492951436e-08	2.80363647582e-09	1.44529316194e-08
     8	9.70343948188e-09	2.33195204307e-09	1.2035391525e-08
     9	8.45888460777e-09	2.03077234152e-09	1.04896569493e-08

Measurement: t_ro104
  step	t_ro104	FROM	TO
     1	5.91999982843e-09	1.41857593733e-09	7.33857576576e-09
     2	5.04747570773e-09	1.20867287537e-09	6.2561485831e-09
     3	4.48405067717e-09	1.07227856497e-09	5.55632924215e-09
     4	8.13813692214e-09	1.95211546342e-09	1.00902523856e-08
     5	6.83820882246e-09	1.63779919431e-09	8.47600801676e-09
     6	6.00006969359e-09	1.43546090765e-09	7.43553060124e-09
     7	1.16514643104e-08	2.79449040953e-09	1.44459547199e-08
     8	9.72014916347e-09	2.32804390489e-09	1.20481930684e-08
     9	8.47822909946e-09	2.02826422727e-09	1.05064933267e-08

Measurement: t_ro105
  step	t_ro105	FROM	TO
     1	5.90055352658e-09	1.41525621135e-09	7.31580973793e-09
     2	5.0420045742e-09	1.2072573851e-09	6.2492619593e-09
     3	4.4893456916e-09	1.07400226758e-09	5.56334795917e-09
     4	8.09159366235e-09	1.94160494918e-09	1.00331986115e-08
     5	6.81372935253e-09	1.63221402592e-09	8.44594337845e-09
     6	5.98568927118e-09	1.43235323145e-09	7.41804250263e-09
     7	1.15588748891e-08	2.77347835216e-09	1.43323532413e-08
     8	9.66659461892e-09	2.31574558435e-09	1.19823402033e-08
     9	8.44308365093e-09	2.020497058e-09	1.04635807089e-08

Measurement: t_ro106
  step	t_ro106	FROM	TO
     1	6.08000058874e-09	1.45564808299e-09	7.53564867173e-09
     2	5.16062866528e-09	1.23378131564e-09	6.39440998092e-09
     3	4.5700814671e-09	1.09157670869e-09	5.66165817579e-09
     4	8.43619577633e-09	2.02144914972e-09	1.0457644926e-08
     5	7.03438680987e-09	1.68227710455e-09	8.71666391441e-09
     6	6.14200552964e-09	1.46718542806e-09	7.6091909577e-09
     7	1.2136023346e-08	2.90740807968e-09	1.50434314257e-08
     8	1.00388587302e-08	2.40052179152e-09	1.24393805217e-08
     9	8.71082822646e-09	2.08076961782e-09	1.07915978443e-08

Measurement: t_ro107
  step	t_ro107	FROM	TO
     1	5.88773102187e-09	1.40804126027e-09	7.29577228214e-09
     2	5.02025538303e-09	1.19983059088e-09	6.22008597391e-09
     3	4.46497873322e-09	1.06712171737e-09	5.53210045059e-09
     4	8.12064346491e-09	1.94136936786e-09	1.00620128328e-08
     5	6.80487248885e-09	1.62576163643e-09	8.43063412528e-09
     6	5.96749819698e-09	1.42542694895e-09	7.39292514594e-09
     7	1.16155377247e-08	2.77581592883e-09	1.43913536535e-08
     8	9.65726124048e-09	2.3063785587e-09	1.19636397992e-08
     9	8.41534016483e-09	2.00928781904e-09	1.04246279839e-08

Measurement: t_ro108
  step	t_ro108	FROM	TO
     1	6.26016459619e-09	1.50166338975e-09	7.76182798594e-09
     2	5.27999982648e-09	1.26336381751e-09	6.54336364398e-09
     3	4.6501396716e-09	1.1126747095e-09	5.7628143811e-09
     4	8.76349239379e-09	2.10189405051e-09	1.08653864443e-08
     5	7.24149296825e-09	1.73417996745e-09	8.9756729357e-09
     6	6.28828833499e-09	1.50459862711e-09	7.79288696211e-09
     7	1.26780084292e-08	3.04014522801e-09	1.57181536572e-08
     8	1.03937707326e-08	2.48866467603e-09	1.28824354086e-08
     9	8.96740435987e-09	2.14518260221e-09	1.11125869621e-08

Measurement: t_ro109
  step	t_ro109	FROM	TO
     1	5.59999900109e-09	1.34183794332e-09	6.94183694442e-09
     2	4.83128370924e-09	1.15663108339e-09	5.98791479263e-09
     3	4.33157323625e-09	1.03625669034e-09	5.36782992659e-09
     4	7.58902369392e-09	1.81879352842e-09	9.40781722234e-09
     5	6.45704538792e-09	1.5458718083e-09	8.00291719623e-09
     6	5.71672581219e-09	1.36775888889e-09	7.08448470108e-09
     7	1.07312784337e-08	2.57175579436e-09	1.33030342281e-08
     8	9.06883507787e-09	2.1710845571e-09	1.1239919635e-08
     9	7.98442853082e-09	1.91017893979e-09	9.89460747061e-09

Measurement: t_ro110
  step	t_ro110	FROM	TO
     1	5.88029593121e-09	1.40772772435e-09	7.28802365556e-09
     2	5.02432456412e-09	1.20083267171e-09	6.22515723583e-09
     3	4.4757696915e-09	1.06884699393e-09	5.54461668543e-09
     4	8.06872197916e-09	1.93165884874e-09	1.00003808279e-08
     5	6.7875003754e-09	1.62220057819e-09	8.40970095359e-09
     6	5.96268402416e-09	1.42371430906e-09	7.38639833322e-09
     7	1.15162598417e-08	2.75638342932e-09	1.4272643271e-08
     8	9.61905287452e-09	2.29861350463e-09	1.19176663792e-08
     9	8.4005443718e-09	2.00548380214e-09	1.04060281739e-08

Measurement: t_ro111
  step	t_ro111	FROM	TO
     1	5.65269622388e-09	1.35257558645e-09	7.00527181034e-09
     2	4.8776955247e-09	1.16460483314e-09	6.04230035784e-09
     3	4.36598026583e-09	1.04157833627e-09	5.4075586021e-09
     4	7.67412259398e-09	1.83698110822e-09	9.5111037022e-09
     5	6.51964832058e-09	1.55687763891e-09	8.0765259595e-09
     6	5.7653243118e-09	1.37493788104e-09	7.14026219284e-09
     7	1.08617632355e-08	2.59961574461e-09	1.34613789801e-08
     8	9.1654192107e-09	2.18828448554e-09	1.13537036962e-08
     9	8.05997923772e-09	1.92201694032e-09	9.98199617803e-09

Measurement: t_ro112
  step	t_ro112	FROM	TO
     1	6.25697965264e-09	1.51440207773e-09	7.77138173037e-09
     2	5.2687336092e-09	1.27303408761e-09	6.54176769681e-09
     3	4.64005302531e-09	1.11992564928e-09	5.75997867459e-09
     4	8.80004340854e-09	2.13314626869e-09	1.09331896772e-08
     5	7.25794634419e-09	1.75525973293e-09	9.01320607712e-09
     6	6.29506271355e-09	1.52063009387e-09	7.81569280742e-09
     7	1.27713575607e-08	3.09651485627e-09	1.5867872417e-08
     8	1.04411948797e-08	2.52686164965e-09	1.29680565294e-08
     9	8.99275887977e-09	2.17397699505e-09	1.11667358748e-08

Measurement: t_ro113
  step	t_ro113	FROM	TO
     1	5.85615153542e-09	1.40327172772e-09	7.25942326313e-09
     2	4.99965471752e-09	1.1971980792e-09	6.19685279672e-09
     3	4.44956876637e-09	1.06466595557e-09	5.51423472194e-09
     4	8.04233960359e-09	1.92734796899e-09	9.96968757259e-09
     5	6.74903421212e-09	1.61631923256e-09	8.36535344469e-09
     6	5.9238960508e-09	1.41839198308e-09	7.34228803389e-09
     7	1.14727304119e-08	2.74855492189e-09	1.42212853338e-08
     8	9.55456881517e-09	2.28774173353e-09	1.18423105487e-08
     9	8.33568046182e-09	1.99544091023e-09	1.03311213721e-08

Measurement: t_ro114
  step	t_ro114	FROM	TO
     1	6.15251602069e-09	1.47151882087e-09	7.62403484156e-09
     2	5.2050822207e-09	1.24366496349e-09	6.44874718418e-09
     3	4.59839546739e-09	1.09803426035e-09	5.69642972774e-09
     4	8.60013556697e-09	2.05658422345e-09	1.06567197904e-08
     5	7.13285167586e-09	1.70417535366e-09	8.83702702952e-09
     6	6.20888137792e-09	1.48250376545e-09	7.69138514338e-09
     7	1.24341208146e-08	2.97275615139e-09	1.5406876966e-08
     8	1.02276691806e-08	2.44329033224e-09	1.26709595128e-08
     9	8.8424880089e-09	2.11115492966e-09	1.09536429386e-08

Measurement: t_ro115
  step	t_ro115	FROM	TO
     1	6.13729869187e-09	1.46731514525e-09	7.60461383712e-09
     2	5.18433083173e-09	1.2389878308e-09	6.42331866252e-09
     3	4.5814003898e-09	1.09439690989e-09	5.67579729969e-09
     4	8.59127441569e-09	2.05340706244e-09	1.06446814781e-08
     5	7.11495354849e-09	1.69966430838e-09	8.81461785688e-09
     6	6.19098727607e-09	1.47851742553e-09	7.6695047016e-09
     7	1.24249454095e-08	2.96871798095e-09	1.53936633905e-08
     8	1.02039191683e-08	2.43687844721e-09	1.26407976155e-08
     9	8.81726753056e-09	2.10518613986e-09	1.09224536704e-08

Measurement: t_ro116
  step	t_ro116	FROM	TO
     1	5.74891796109e-09	1.37980949369e-09	7.12872745478e-09
     2	4.94958416124e-09	1.18443794078e-09	6.13402210202e-09
     3	4.40730701287e-09	1.05428129511e-09	5.46158830798e-09
     4	7.86044544758e-09	1.88669698962e-09	9.7471424372e-09
     5	6.64632670343e-09	1.59261587429e-09	8.23894257773e-09
     6	5.85840828875e-09	1.40210361611e-09	7.26051190486e-09
     7	1.11902475287e-08	2.68599997598e-09	1.38762475047e-08
     8	9.39420924644e-09	2.25154938374e-09	1.16457586302e-08
     9	8.23186238214e-09	1.97078272849e-09	1.02026451106e-08

Measurement: t_ro117
  step	t_ro117	FROM	TO
     1	6.04097350856e-09	1.44914867247e-09	7.49012218102e-09
     2	5.12396654938e-09	1.2271393215e-09	6.35110587088e-09
     3	4.53604899872e-09	1.08600106945e-09	5.62205006817e-09
     4	8.38996494192e-09	2.01345729848e-09	1.04034222404e-08
     5	6.98658027861e-09	1.674446288e-09	8.66102656661e-09
     6	6.09867617192e-09	1.46039606592e-09	7.55907223784e-09
     7	1.20784425686e-08	2.89873462983e-09	1.49771771984e-08
     8	9.97489404041e-09	2.39097793507e-09	1.23658719755e-08
     9	8.65040495983e-09	2.07189656008e-09	1.07223015199e-08

Measurement: t_ro118
  step	t_ro118	FROM	TO
     1	5.6327138273e-09	1.35648100121e-09	6.98919482851e-09
     2	4.85815147878e-09	1.16906778609e-09	6.02721926487e-09
     3	4.34765049806e-09	1.04559050133e-09	5.39324099939e-09
     4	7.67163726939e-09	1.84874355995e-09	9.52038082933e-09
     5	6.51111872737e-09	1.56779860455e-09	8.07891733192e-09
     6	5.75994018985e-09	1.38540531727e-09	7.14534550712e-09
     7	1.08684349964e-08	2.6198008184e-09	1.34882358148e-08
     8	9.15981978992e-09	2.20623518577e-09	1.13660549757e-08
     9	8.05147432475e-09	1.93851930502e-09	9.98999362977e-09

Measurement: t_ro119
  step	t_ro119	FROM	TO
     1	6.03941994927e-09	1.45986261804e-09	7.49928256731e-09
     2	5.11999888185e-09	1.23435224283e-09	6.35435112468e-09
     3	4.51682010696e-09	1.08716220847e-09	5.60398231543e-09
     4	8.42157025174e-09	2.03785290004e-09	1.04594231518e-08
     5	6.9697614824e-09	1.68330145465e-09	8.65306293705e-09
     6	6.07355405211e-09	1.46430551133e-09	7.53785956344e-09
     7	1.21353520079e-08	2.93737164219e-09	1.50727236501e-08
     8	9.95115014962e-09	2.40473197402e-09	1.23558821236e-08
     9	8.60735722196e-09	2.07729566704e-09	1.0684652889e-08

Measurement: t_ro120
  step	t_ro120	FROM	TO
     1	5.91999949501e-09	1.4167049725e-09	7.33670446751e-09
     2	5.05257736569e-09	1.20742734704e-09	6.26000471272e-09
     3	4.49279235058e-09	1.07303716532e-09	5.5658295159e-09
     4	8.15848562238e-09	1.95251847863e-09	1.0111004101e-08
     5	6.85080472613e-09	1.63737174848e-09	8.48817647461e-09
     6	6.00903981419e-09	1.43512086874e-09	7.44416068293e-09
     7	1.16854985945e-08	2.79561375733e-09	1.44811123519e-08
     8	9.73956540523e-09	2.32721122383e-09	1.20667766291e-08
     9	8.49065952646e-09	2.02743058353e-09	1.051809011e-08

Measurement: t_ro121
  step	t_ro121	FROM	TO
     1	5.90447567958e-09	1.41732349149e-09	7.32179917107e-09
     2	5.02141309308e-09	1.20335971433e-09	6.22477280741e-09
     3	4.46006190735e-09	1.06814861516e-09	5.52821052252e-09
     4	8.15973497988e-09	1.9589431596e-09	1.01186781395e-08
     5	6.81084201366e-09	1.63327609847e-09	8.44411811213e-09
     6	5.96309702717e-09	1.4287201592e-09	7.39181718637e-09
     7	1.16859274896e-08	2.80645620159e-09	1.44923836912e-08
     8	9.67600486482e-09	2.3210864684e-09	1.19970913332e-08
     9	8.41569127933e-09	2.01706370167e-09	1.0432754981e-08

Measurement: t_ro122
  step	t_ro122	FROM	TO
     1	5.72070790807e-09	1.37150733287e-09	7.09221524094e-09
     2	4.91520619056e-09	1.17697956236e-09	6.09218575291e-09
     3	4.39229595917e-09	1.05152184081e-09	5.44381779998e-09
     4	7.81651538903e-09	1.87414122744e-09	9.69065661646e-09
     5	6.6135558783e-09	1.58397317406e-09	8.19752905236e-09
     6	5.83234176962e-09	1.39627536689e-09	7.22861713651e-09
     7	1.11192109198e-08	2.66593673272e-09	1.37851476525e-08
     8	9.3417958006e-09	2.23736652923e-09	1.15791623298e-08
     9	8.19049819225e-09	1.96064525244e-09	1.01511434447e-08

Measurement: t_ro123
  step	t_ro123	FROM	TO
     1	6.35758728641e-09	1.51815605093e-09	7.87574333735e-09
     2	5.33889492666e-09	1.27352071354e-09	6.6124156402e-09
     3	4.68997641168e-09	1.11804330691e-09	5.80801971859e-09
     4	8.94200607389e-09	2.13439933178e-09	1.10764054057e-08
     5	7.35868336174e-09	1.75489621979e-09	9.11357958153e-09
     6	6.37134679603e-09	1.51844139495e-09	7.88978819098e-09
     7	1.29990437237e-08	3.10127362502e-09	1.61003173488e-08
     8	1.06052167938e-08	2.52808615309e-09	1.31333029469e-08
     9	9.1187769638e-09	2.17248913488e-09	1.12912660987e-08

Measurement: t_ro124
  step	t_ro124	FROM	TO
     1	6.45284373097e-09	1.54822970601e-09	8.00107343697e-09
     2	5.35423387406e-09	1.28327450494e-09	6.63750837899e-09
     3	4.68181188715e-09	1.12089462208e-09	5.80270650923e-09
     4	9.23850981447e-09	2.21671128245e-09	1.14552210969e-08
     5	7.47412845026e-09	1.79190024736e-09	9.26602869762e-09
     6	6.42330118382e-09	1.53847350181e-09	7.96177468562e-09
     7	1.35372551273e-08	3.24798838576e-09	1.6785243513e-08
     8	1.08406043956e-08	2.59926428189e-09	1.34398686775e-08
     9	9.24074413278e-09	2.21379493213e-09	1.14545390649e-08

Measurement: t_ro125
  step	t_ro125	FROM	TO
     1	5.86615436197e-09	1.40954914289e-09	7.27570350487e-09
     2	5.01214068562e-09	1.20292850131e-09	6.21506918693e-09
     3	4.46787007649e-09	1.07154513705e-09	5.53941521354e-09
     4	8.08213335025e-09	1.94264299945e-09	1.00247763497e-08
     5	6.79289988586e-09	1.63128328978e-09	8.42418317564e-09
     6	5.96404568408e-09	1.4310425915e-09	7.39508827558e-09
     7	1.15706536339e-08	2.78161197624e-09	1.43522656101e-08
     8	9.65289237361e-09	2.31867979413e-09	1.19715721677e-08
     9	8.42345499721e-09	2.02201926212e-09	1.04454742593e-08

Measurement: t_ro126
  step	t_ro126	FROM	TO
     1	5.94034293961e-09	1.43146853684e-09	7.37181147645e-09
     2	5.06491094536e-09	1.21945788116e-09	6.28436882653e-09
     3	4.49200379868e-09	1.08056992368e-09	5.57257372236e-09
     4	8.2027559528e-09	1.97823399674e-09	1.01809899495e-08
     5	6.86922330656e-09	1.65524509097e-09	8.52446839753e-09
     6	6.0176948049e-09	1.44912375477e-09	7.46681855967e-09
     7	1.17587766762e-08	2.83785318549e-09	1.45966298617e-08
     8	9.77297166341e-09	2.35641480144e-09	1.21293864648e-08
     9	8.50965614909e-09	2.05056633888e-09	1.0560222488e-08

Measurement: t_ro127
  step	t_ro127	FROM	TO
     1	5.81583757773e-09	1.3937819228e-09	7.20961950053e-09
     2	4.97614309077e-09	1.19107133756e-09	6.16721442833e-09
     3	4.44437480185e-09	1.06315171894e-09	5.50752652079e-09
     4	7.97054252664e-09	1.91015586917e-09	9.88069839581e-09
     5	6.72005562565e-09	1.60875295629e-09	8.32880858194e-09
     6	5.91858832946e-09	1.41556517786e-09	7.33415350732e-09
     7	1.13677940941e-08	2.72389831488e-09	1.4091692409e-08
     8	9.5250408669e-09	2.27936585212e-09	1.1804406719e-08
     9	8.33402537298e-09	1.99280726786e-09	1.03268326408e-08

Measurement: freq_ro0
  step	{80/t_ro0}
     1	13238995137.4
     2	15617994120.9
     3	17611101322.1
     4	9603172491.73
     5	11512340570.8
     6	13176383046.3
     7	6696492792.22
     8	8089263414.95
     9	9316742292.61

Measurement: freq_ro1
  step	{80/t_ro1}
     1	13157894185.9
     2	15537516827.6
     3	17544244953.3
     4	9507513885.75
     5	11430418336
     6	13103382318.3
     7	6627403236.05
     8	8030961350.27
     9	9263140615.28

Measurement: freq_ro2
  step	{80/t_ro2}
     1	13323926237.3
     2	15625001550.7
     3	17695383148.9
     4	9603994300.09
     5	11514394373.7
     6	13165622562.6
     7	6679996028.54
     8	8072083872.49
     9	9290330450.78

Measurement: freq_ro3
  step	{80/t_ro3}
     1	13105180575.3
     2	15473484372.8
     3	17486191943.6
     4	9395700820.89
     5	11306060781.7
     6	12969677432.3
     7	6510543261.85
     8	7899988284.14
     9	9124191545.01

Measurement: freq_ro4
  step	{80/t_ro4}
     1	13679776311.2
     2	15974762995.7
     3	17916832628.2
     4	9984964239.61
     5	11837630496.3
     6	13458581541.8
     7	6999500457.43
     8	8356381523.25
     9	9555913741.67

Measurement: freq_ro5
  step	{80/t_ro5}
     1	13617079099.2
     2	15940779681.7
     3	17895884740.5
     4	9892600151.31
     5	11765109869.7
     6	13398919775.3
     7	6916416293.01
     8	8285798638.54
     9	9493578285.57

Measurement: freq_ro6
  step	{80/t_ro6}
     1	13000198729.5
     2	15350227186
     3	17366641561.6
     4	9331457899.9
     5	11219146825.4
     6	12873003894.4
     7	6461850002.37
     8	7828513359.28
     9	9039562218.8

Measurement: freq_ro7
  step	{80/t_ro7}
     1	13628441731.9
     2	15948709912.8
     3	17905026343.7
     4	9890310810.15
     5	11766369178.4
     6	13398364919.7
     7	6912435497.58
     8	8285012016.45
     9	9491725805.92

Measurement: freq_ro8
  step	{80/t_ro8}
     1	13205617076.7
     2	15625004385.4
     3	17591853768
     4	9477782480.73
     5	11387533811.7
     6	13050036716.1
     7	6568515311.49
     8	7956162077.58
     9	9178119767.28

Measurement: freq_ro9
  step	{80/t_ro9}
     1	14169520248.9
     2	16440676409.3
     3	18361485195
     4	10443532919.1
     5	12299370475.5
     6	13908859318.5
     7	7377335302.93
     8	8746874622.52
     9	9946794697.01

Measurement: freq_ro10
  step	{80/t_ro10}
     1	13618789477.3
     2	15968160571.3
     3	17946808070.8
     4	9878692765.99
     5	11790788605.7
     6	13446247916.3
     7	6899067871.3
     8	8301063258.34
     9	9528162340.29

Measurement: freq_ro11
  step	{80/t_ro11}
     1	12820512693.7
     2	15151523127.1
     3	17241357658.7
     4	9181931635.85
     5	11073678217.7
     6	12734724864.4
     7	6344360344.56
     8	7712538046.04
     9	8927604320.71

Measurement: freq_ro12
  step	{80/t_ro12}
     1	12912025333.5
     2	15269813427.4
     3	17279158882.7
     4	9242332848.87
     5	11136122981.9
     6	12798265541
     7	6386326209.24
     8	7756940658.38
     9	8973177784.73

Measurement: freq_ro13
  step	{80/t_ro13}
     1	13170605268.3
     2	15568643696.1
     3	17559553888.9
     4	9473804821.63
     5	11383630764.9
     6	13045425210.7
     7	6572978266.72
     8	7962674734.42
     9	9184353392.37

Measurement: freq_ro14
  step	{80/t_ro14}
     1	12683044019.8
     2	15096917025.4
     3	17167174435.4
     4	9002421856.54
     5	10935236801.4
     6	12621260648.9
     7	6197372067.1
     8	7592907234.73
     9	8825523894.76

Measurement: freq_ro15
  step	{80/t_ro15}
     1	12658682466.6
     2	15042624293.3
     3	17083978659.3
     4	9009851523.06
     5	10909595628.7
     6	12577271070.5
     7	6204890324.68
     8	7575450864.98
     9	8792760220.4

Measurement: freq_ro16
  step	{80/t_ro16}
     1	13161307677.2
     2	15492811110.2
     3	17488348893.2
     4	9500348711.18
     5	11375271972.2
     6	13019973675.1
     7	6608102522.78
     8	7971243329.8
     9	9179572872.44

Measurement: freq_ro17
  step	{80/t_ro17}
     1	12820594219.3
     2	15223995576.8
     3	17248841222.3
     4	9186724429.61
     5	11119955437.7
     6	12804838164.7
     7	6363905859.07
     8	7765871406.24
     9	8998670635.86

Measurement: freq_ro18
  step	{80/t_ro18}
     1	13819578854
     2	16129029755.5
     3	18068583190.2
     4	10135185015.6
     5	12007590185.4
     6	13632477305.6
     7	7131420661.03
     8	8507667568.33
     9	9714355305.9

Measurement: freq_ro19
  step	{80/t_ro19}
     1	12936815849.7
     2	15351997406.3
     3	17402597706.8
     4	9228190578.33
     5	11178261521.1
     6	12866555895.2
     7	6369448678.36
     8	7783778199.29
     9	9022317216.24

Measurement: freq_ro20
  step	{80/t_ro20}
     1	12466357207.8
     2	14857461294
     3	16899769367.7
     4	8814974086.89
     5	10716107462.9
     6	12390332094.8
     7	6042110680.62
     8	7405483287.64
     9	8621631179.43

Measurement: freq_ro21
  step	{80/t_ro21}
     1	12499994011.7
     2	14913641714.2
     3	16972151554
     4	8854520622.89
     5	10773353989.4
     6	12457229303
     7	6074938386.2
     8	7454253910.13
     9	8679955570.07

Measurement: freq_ro22
  step	{80/t_ro22}
     1	13180022625.8
     2	15514422086.7
     3	17515681414.3
     4	9520122513.72
     5	11398537601
     6	13045517187.2
     7	6619915363.02
     8	7986590818.33
     9	9197765431.19

Measurement: freq_ro23
  step	{80/t_ro23}
     1	12996718229.1
     2	15352372249.2
     3	17357638347.6
     4	9316137851.8
     5	11207789250.5
     6	12864825818.1
     7	6446376615.06
     8	7816380056.65
     9	9030516528.47

Measurement: freq_ro24
  step	{80/t_ro24}
     1	13338744267.9
     2	15643196091.2
     3	17654707319.7
     4	9627561324.26
     5	11507183593.7
     6	13153656773.8
     7	6698472982.33
     8	8066716299.28
     9	9277045818.93

Measurement: freq_ro25
  step	{80/t_ro25}
     1	12355391025.6
     2	14759409968.9
     3	16849054373.7
     4	8736960953.16
     5	10663444595.9
     6	12352332857.6
     7	5990935174.3
     8	7375905714.04
     9	8605162375.26

Measurement: freq_ro26
  step	{80/t_ro26}
     1	14014338618.1
     2	16316945233.8
     3	18278851752.4
     4	10226231544.3
     5	12113849504.6
     6	13746352185.4
     7	7181422581.74
     8	8571614807.32
     9	9787242982.16

Measurement: freq_ro27
  step	{80/t_ro27}
     1	13077979803.7
     2	15410408175.2
     3	17416945067.4
     4	9410571513.29
     5	11289438858.1
     6	12937910870.4
     7	6530747088.59
     8	7893659053.18
     9	9103199539.6

Measurement: freq_ro28
  step	{80/t_ro28}
     1	13603810164.4
     2	15902761196
     3	17875686759.1
     4	9901878712.07
     5	11774014071.8
     6	13406612560.7
     7	6931856132.57
     8	8304057483.44
     9	9513049332.82

Measurement: freq_ro29
  step	{80/t_ro29}
     1	14007422559.2
     2	16295523311.5
     3	18256957067.2
     4	10235806558.1
     5	12114068179.2
     6	13741211148.3
     7	7197943617.91
     8	8582004076.27
     9	9793684028.57

Measurement: freq_ro30
  step	{80/t_ro30}
     1	13157884437.7
     2	15486666975.4
     3	17475023360.7
     4	9491182870.81
     5	11374586671.2
     6	13025397098.6
     7	6599940054.1
     8	7970292333.9
     9	9183213424.34

Measurement: freq_ro31
  step	{80/t_ro31}
     1	14139752532.2
     2	16462185417.8
     3	18419475695.1
     4	10328967768
     5	12229826509.3
     6	13864925630.9
     7	7264874856.1
     8	8669533345.98
     9	9888912855

Measurement: freq_ro32
  step	{80/t_ro32}
     1	12987316377
     2	15354445263.2
     3	17358359905.9
     4	9331005952.47
     5	11226300065.6
     6	12882720991.7
     7	6466482684.63
     8	7840043189.12
     9	9054337316.73

Measurement: freq_ro33
  step	{80/t_ro33}
     1	14096863525.3
     2	16381172599.8
     3	18312159816.9
     4	10332226724.6
     5	12195176869.2
     6	13807877763.5
     7	7272768745.85
     8	8643360862.22
     9	9846373246.54

Measurement: freq_ro34
  step	{80/t_ro34}
     1	12596959887.2
     2	15016497562.2
     3	17074992084.6
     4	8953979738.35
     5	10887820806.6
     6	12573617725.7
     7	6162935469.62
     8	7559904417.33
     9	8791564805.14

Measurement: freq_ro35
  step	{80/t_ro35}
     1	13696785534.6
     2	16004239422.4
     3	17957201286.8
     4	9977894920.79
     5	11849646005.2
     6	13478668551.2
     7	6997113941.44
     8	8370592371.57
     9	9578533039.26

Measurement: freq_ro36
  step	{80/t_ro36}
     1	13513546398.7
     2	15860044715.9
     3	17857240270.9
     4	9829043208.71
     5	11706246432
     6	13342399508.6
     7	6867941181.72
     8	8238828941.26
     9	9447182842.73

Measurement: freq_ro37
  step	{80/t_ro37}
     1	13787689221.4
     2	16129032290.1
     3	18054815777.6
     4	10035934155.3
     5	11911557695.5
     6	13542030967.5
     7	7031683550.69
     8	8408287046.58
     9	9617723721.73

Measurement: freq_ro38
  step	{80/t_ro38}
     1	13699815163.1
     2	16037220730.9
     3	17983090680.6
     4	9990636162.94
     5	11873076539.1
     6	13513478304.9
     7	7002448220.69
     8	8383727065.58
     9	9596420428.11

Measurement: freq_ro39
  step	{80/t_ro39}
     1	13229325399.5
     2	15602267486.4
     3	17576447015.5
     4	9584921628.07
     5	11474639116.7
     6	13123773212.9
     7	6681504525.9
     8	8058861812.82
     9	9273348027.58

Measurement: freq_ro40
  step	{80/t_ro40}
     1	12971370400.7
     2	15358528276.8
     3	17388913937.7
     4	9270642204.59
     5	11190273924.6
     6	12859700767.6
     7	6415088929.41
     8	7806721603.69
     9	9032994205.21

Measurement: freq_ro41
  step	{80/t_ro41}
     1	12853018364.4
     2	15204432982.1
     3	17241381059.5
     4	9185820935.95
     5	11087867340.8
     6	12751666303.5
     7	6346550783.97
     8	7722307552.54
     9	8940259541.07

Measurement: freq_ro42
  step	{80/t_ro42}
     1	14543099549.3
     2	16758282025.1
     3	18668719350.9
     4	10785720187.7
     5	12617897187.2
     6	14210263578
     7	7658229010.65
     8	9016801793.6
     9	10208450732.3

Measurement: freq_ro43
  step	{80/t_ro43}
     1	13513513529.1
     2	15875313249.4
     3	17857047948
     4	9787635535.1
     5	11681198324
     6	13330415148.6
     7	6821907655.5
     8	8205593137.26
     9	9423514574.29

Measurement: freq_ro44
  step	{80/t_ro44}
     1	13999442607.1
     2	16256129100.2
     3	18205138804.2
     4	10263628831.4
     5	12112832274.6
     6	13721394127.2
     7	7225167399.16
     8	8585542216.58
     9	9781095955.11

Measurement: freq_ro45
  step	{80/t_ro45}
     1	13093378977
     2	15450343123.5
     3	17471081013.4
     4	9392622526.93
     5	11303391489.5
     6	12967256953.6
     7	6512680464.65
     8	7900091917.44
     9	9122278864.22

Measurement: freq_ro46
  step	{80/t_ro46}
     1	13113120665.9
     2	15492589722.4
     3	17526889188.6
     4	9385216956.32
     5	11310401301.6
     6	12984942767.5
     7	6499281021.88
     8	7897542694.98
     9	9129017208.35

Measurement: freq_ro47
  step	{80/t_ro47}
     1	13691442858.6
     2	16010484346.4
     3	17953228157.3
     4	9967980678.81
     5	11836243735.1
     6	13463531459.1
     7	6977416060.47
     8	8345570562.54
     9	9549772937.59

Measurement: freq_ro48
  step	{80/t_ro48}
     1	13781239504.3
     2	16077682867.6
     3	18032146211.6
     4	10060480213.3
     5	11927765541.8
     6	13553081575.7
     7	7058567343.92
     8	8429414786.52
     9	9635205841.89

Measurement: freq_ro49
  step	{80/t_ro49}
     1	13157834424.1
     2	15483709795.3
     3	17496698707
     4	9448397420.23
     5	11338862485.1
     6	12994551118.2
     7	6554275569.23
     8	7925794113.58
     9	9141441426.19

Measurement: freq_ro50
  step	{80/t_ro50}
     1	13343383889.2
     2	15672226636.8
     3	17665873374.3
     4	9635446485.74
     5	11515510656.1
     6	13158006467.4
     7	6701923697.38
     8	8070201470.94
     9	9280918854.75

Measurement: freq_ro51
  step	{80/t_ro51}
     1	13228492100
     2	15578129641.6
     3	17543747410
     4	9566835033.87
     5	11439206389.8
     6	13080711224
     7	6658468660.41
     8	8020200200.74
     9	9227082976.39

Measurement: freq_ro52
  step	{80/t_ro52}
     1	12358847993.3
     2	14725929882.4
     3	16784206972.3
     4	8734410963.82
     5	10632685017.1
     6	12302186536
     7	5981507124.4
     8	7339680194.04
     9	8552083933.28

Measurement: freq_ro53
  step	{80/t_ro53}
     1	12763335504.3
     2	15151514911
     3	17190561271.7
     4	9090778246.84
     5	10999840536
     6	12672005495.7
     7	6268982650.21
     8	7647235783.29
     9	8869666905.69

Measurement: freq_ro54
  step	{80/t_ro54}
     1	13243372969.2
     2	15624932955.4
     3	17605447185.6
     4	9510371117.02
     5	11406333444.1
     6	13061443570
     7	6596856490.27
     8	7974174805.76
     9	9190558932.64

Measurement: freq_ro55
  step	{80/t_ro55}
     1	13812540345.4
     2	16083579563
     3	18029200072.8
     4	10109063408.8
     5	11960425821.5
     6	13577681105.3
     7	7104715098.98
     8	8463089408.65
     9	9662155258.89

Measurement: freq_ro56
  step	{80/t_ro56}
     1	13471541064.3
     2	15779904581.9
     3	17779552289.6
     4	9751093668.76
     5	11636133904.6
     6	13281569694.7
     7	6802185892.34
     8	8178460364.83
     9	9392913273.43

Measurement: freq_ro57
  step	{80/t_ro57}
     1	13394454888.1
     2	15753586648.2
     3	17782883743.6
     4	9641648302.92
     5	11548432978.9
     6	13206726888.7
     7	6696088902.89
     8	8084281146.85
     9	9306167800.1

Measurement: freq_ro58
  step	{80/t_ro58}
     1	13038410155.5
     2	15409042377.2
     3	17435736544.2
     4	9348091481.5
     5	11263474111.8
     6	12932380587.4
     7	6473810552.47
     8	7865382588.45
     9	9091069629.77

Measurement: freq_ro59
  step	{80/t_ro59}
     1	13407924452.4
     2	15716901575.4
     3	17717531023.2
     4	9705572409.3
     5	11581603613.5
     6	13220344767
     7	6767441381.54
     8	8135365793.48
     9	9343873709.59

Measurement: freq_ro60
  step	{80/t_ro60}
     1	13630704587.2
     2	15939787790.2
     3	17909152720.7
     4	9931930126.19
     5	11802680058.4
     6	13438197633.9
     7	6951437152.24
     8	8319839889.13
     9	9528951630.9

Measurement: freq_ro61
  step	{80/t_ro61}
     1	12379393874.7
     2	14757860536.3
     3	16837697064.8
     4	8763426807.17
     5	10666215009.6
     6	12342201898.3
     7	6007282309.56
     8	7374276380.14
     9	8592493498.94

Measurement: freq_ro62
  step	{80/t_ro62}
     1	13681803836.9
     2	15995030133.8
     3	17936441275.3
     4	9972731942.23
     5	11835482830.7
     6	13460059888.3
     7	6989281062.12
     8	8354202524.6
     9	9557222337.28

Measurement: freq_ro63
  step	{80/t_ro63}
     1	13057276149.9
     2	15400111094.4
     3	17411858302.7
     4	9400110401.12
     5	11283382176.7
     6	12934111410.8
     7	6522804814.75
     8	7889000633.69
     9	9100332941.42

Measurement: freq_ro64
  step	{80/t_ro64}
     1	12812350829.5
     2	15157437450
     3	17227263064.3
     4	9144824769.38
     5	11059555807.7
     6	12731286103.1
     7	6315653885.06
     8	7699412718.19
     9	8922630563.17

Measurement: freq_ro65
  step	{80/t_ro65}
     1	13319963391.3
     2	15637938884.2
     3	17655588556.5
     4	9623759028.22
     5	11513408949.8
     6	13157871617.6
     7	6698956604.07
     8	8077893308.88
     9	9294683280.88

Measurement: freq_ro66
  step	{80/t_ro66}
     1	13693413398.7
     2	15998587563
     3	17952612435.5
     4	10017830983.4
     5	11888597666.3
     6	13513627136.2
     7	7034786640.9
     8	8407312502.86
     9	9614629749.75

Measurement: freq_ro67
  step	{80/t_ro67}
     1	13772648536.7
     2	16084739814.5
     3	18038598237.3
     4	10021190284.6
     5	11893991648.6
     6	13523931151.7
     7	7014620146.77
     8	8386668636.09
     9	9595740101.83

Measurement: freq_ro68
  step	{80/t_ro68}
     1	14504056670.9
     2	16728906650.2
     3	18635861263.1
     4	10760923092.7
     5	12602318759.6
     6	14196006673.4
     7	7646103300.87
     8	9013204218.96
     9	10206539785.8

Measurement: freq_ro69
  step	{80/t_ro69}
     1	13613432441.5
     2	15914317503.5
     3	17885691057.5
     4	9896987539.55
     5	11764984279.2
     6	13397414692.3
     7	6920207876.06
     8	8286219101.99
     9	9492768274.76

Measurement: freq_ro70
  step	{80/t_ro70}
     1	14268645036.9
     2	16534436832.1
     3	18484219634.3
     4	10497855327.2
     5	12367409765
     6	13983517733.2
     7	7420701742.22
     8	8805589836.18
     9	10014637821.2

Measurement: freq_ro71
  step	{80/t_ro71}
     1	13594004902.8
     2	15894993865.4
     3	17861079438.9
     4	9880698675.59
     5	11750539111.6
     6	13378150516.8
     7	6916353985.22
     8	8284783159.82
     9	9488786360.91

Measurement: freq_ro72
  step	{80/t_ro72}
     1	13157898553.1
     2	15525541032.3
     3	17514776917.3
     4	9468949830
     5	11360312631.8
     6	13011459293.1
     7	6574517024.49
     8	7950055419.49
     9	9165307197.87

Measurement: freq_ro73
  step	{80/t_ro73}
     1	14285714098.6
     2	16526339097
     3	18439872917.5
     4	10501356864.8
     5	12353948589.9
     6	13956630155.3
     7	7424301386.72
     8	8793548176.91
     9	9990901272.6

Measurement: freq_ro74
  step	{80/t_ro74}
     1	12701670054.4
     2	15151514932.6
     3	17142595544
     4	9047010292.84
     5	10963666668.8
     6	12640789564.1
     7	6239639650.67
     8	7624842630.65
     9	8851388053.08

Measurement: freq_ro75
  step	{80/t_ro75}
     1	13157774959.4
     2	15527322267.9
     3	17527737691.7
     4	9431609344.98
     5	11346250353.6
     6	13011157320.1
     7	6539007550.02
     8	7931522325.39
     9	9156392651.8

Measurement: freq_ro76
  step	{80/t_ro76}
     1	13420494582.3
     2	15792320580.5
     3	17799957731.8
     4	9680614117.65
     5	11600782668.3
     6	13262785657.1
     7	6746551036.79
     8	8149239206.76
     9	9378116232.66

Measurement: freq_ro77
  step	{80/t_ro77}
     1	13301770450.1
     2	15671093186.3
     3	17700238555.1
     4	9548773635.72
     5	11469685453.1
     6	13139077579.2
     7	6626609277.27
     8	8025343824.24
     9	9254704734.19

Measurement: freq_ro78
  step	{80/t_ro78}
     1	14035160954.7
     2	16310486260.1
     3	18252100365.5
     4	10310580356.5
     5	12167933224
     6	13782993048.3
     7	7267851793.9
     8	8636509962.83
     9	9838366440.62

Measurement: freq_ro79
  step	{80/t_ro79}
     1	13062482869.2
     2	15448165305.3
     3	17460685586.7
     4	9358308391.43
     5	11275613719.1
     6	12946044874.5
     7	6475462399.92
     8	7866535721.13
     9	9093108377.09

Measurement: freq_ro80
  step	{80/t_ro80}
     1	13282200706
     2	15625003407.7
     3	17620279442.6
     4	9575334728.1
     5	11461523229.6
     6	13110839781.8
     7	6656829386.11
     8	8030381531.22
     9	9244385924.59

Measurement: freq_ro81
  step	{80/t_ro81}
     1	13522359692.5
     2	15850134291.1
     3	17851628861
     4	9823344016.48
     5	11713064336.5
     6	13359394879.3
     7	6862796374.94
     8	8244936165.16
     9	9461629820.75

Measurement: freq_ro82
  step	{80/t_ro82}
     1	14285713317
     2	16530104611.8
     3	18444421194.1
     4	10525777168
     5	12381524224.5
     6	13987291328
     7	7445740234.03
     8	8816661980.64
     9	10014116392.7

Measurement: freq_ro83
  step	{80/t_ro83}
     1	13660855631.4
     2	15992736345.5
     3	17970368238.1
     4	9907139049.36
     5	11802118718.8
     6	13449741343.6
     7	6920849100.03
     8	8308978249.82
     9	9528099706.09

Measurement: freq_ro84
  step	{80/t_ro84}
     1	13256530553.3
     2	15625037489.7
     3	17611178727.2
     4	9575882510.54
     5	11471199556.1
     6	13122013676.5
     7	6672099215.82
     8	8054305383.72
     9	9271414679.1

Measurement: freq_ro85
  step	{80/t_ro85}
     1	13859434171.5
     2	16129032571
     3	18069493354.3
     4	10156166664.6
     5	12002817084.5
     6	13615802929.6
     7	7145323610.96
     8	8502419294.45
     9	9699594198.94

Measurement: freq_ro86
  step	{80/t_ro86}
     1	12961545852.3
     2	15371844830.7
     3	17418709793.4
     4	9266776356.49
     5	11215396784.5
     6	12901012342.9
     7	6411961135.52
     8	7828605434.5
     9	9069353636.58

Measurement: freq_ro87
  step	{80/t_ro87}
     1	13684388354.9
     2	15997848748.2
     3	17953482429.9
     4	9966697019.94
     5	11837828375.5
     6	13467949540
     7	6980166617.49
     8	8349770609.02
     9	9555213400.6

Measurement: freq_ro88
  step	{80/t_ro88}
     1	13729384448.8
     2	16041854011
     3	18011595919
     4	10009663393.7
     5	11889856385.3
     6	13527030700.5
     7	7010979890.91
     8	8389846844.7
     9	9603950271.99

Measurement: freq_ro89
  step	{80/t_ro89}
     1	13687404043.4
     2	15988094297.1
     3	17946033659.8
     4	9990276063.76
     5	11856200145.6
     6	13484279609
     7	7005695613.92
     8	8373181918.43
     9	9578767711.61

Measurement: freq_ro90
  step	{80/t_ro90}
     1	13357760786.6
     2	15708190290.6
     3	17707109887.4
     4	9630721510.98
     5	11524653817.7
     6	13174379967.5
     7	6695530622.52
     8	8073979766.77
     9	9289026915.01

Measurement: freq_ro91
  step	{80/t_ro91}
     1	13765390602
     2	16061714835.1
     3	18013851408.6
     4	10044746362.9
     5	11913340905.8
     6	13541558555.8
     7	7043415441.07
     8	8414146580.64
     9	9621205342.67

Measurement: freq_ro92
  step	{80/t_ro92}
     1	13271426023.6
     2	15624963155.1
     3	17632238733.2
     4	9566006044.04
     5	11472873805.6
     6	13130306751.9
     7	6656221949.37
     8	8047841708.31
     9	9270779963.92

Measurement: freq_ro93
  step	{80/t_ro93}
     1	13254961551.3
     2	15624992013.6
     3	17613228019.5
     4	9549449452.29
     5	11448209553.5
     6	13101306572.2
     7	6641701613.34
     8	8024324654.44
     9	9242305400.81

Measurement: freq_ro94
  step	{80/t_ro94}
     1	12658880236.3
     2	15071483945
     3	17137231643.9
     4	8999164170.17
     5	10940122379.3
     6	12633310563.9
     7	6196626734.91
     8	7599550314.87
     9	8838595619.03

Measurement: freq_ro95
  step	{80/t_ro95}
     1	13309517056
     2	15624998377.7
     3	17635581454
     4	9615855885.71
     5	11498258056.5
     6	13143509526.4
     7	6693367633.53
     8	8062848483.12
     9	9273515802.12

Measurement: freq_ro96
  step	{80/t_ro96}
     1	13205352518.6
     2	15570885757.3
     3	17582299842.1
     4	9501846032.87
     5	11403144414.4
     6	13061663093.3
     7	6597216810.7
     8	7981769251.88
     9	9202412770.2

Measurement: freq_ro97
  step	{80/t_ro97}
     1	13642467659.1
     2	15962845054.6
     3	17918051632.1
     4	9902755621.1
     5	11777600914.4
     6	13412154450.2
     7	6917370431.24
     8	8287663246.36
     9	9495418989.12

Measurement: freq_ro98
  step	{80/t_ro98}
     1	13781367390.2
     2	16129030618.6
     3	18029027922.4
     4	10055733001.9
     5	11920777454.4
     6	13544525824.6
     7	7057323183.44
     8	8426762906.24
     9	9631641464.15

Measurement: freq_ro99
  step	{80/t_ro99}
     1	13430991228.9
     2	15751266155.1
     3	17774389360
     4	9723428543.53
     5	11627669507.8
     6	13284453784.1
     7	6784611201.13
     8	8178114018.82
     9	9399919532.15

Measurement: freq_ro100
  step	{80/t_ro100}
     1	13577605090.2
     2	15902498649.3
     3	17857167393.5
     4	9858809733.25
     5	11742644976.5
     6	13383859135.8
     7	6889051709.41
     8	8266905737.59
     9	9480440031.2

Measurement: freq_ro101
  step	{80/t_ro101}
     1	12004466159.8
     2	14464752464.4
     3	16575905367.3
     4	8397921216.21
     5	10342316779.1
     6	12049056352
     7	5714678438.52
     8	7101549270.02
     9	8335335211.89

Measurement: freq_ro102
  step	{80/t_ro102}
     1	13395430023.6
     2	15716558392.1
     3	17721023930.9
     4	9669408833.53
     5	11558139170.7
     6	13202357663.3
     7	6734691528.13
     8	8111282862.76
     9	9323396314.17

Measurement: freq_ro103
  step	{80/t_ro103}
     1	13528470791.5
     2	15846880366.1
     3	17857125028.4
     4	9823792255.38
     5	11706804949.8
     6	13347256027.9
     7	6867368283.98
     8	8244499298.35
     9	9457511682.63

Measurement: freq_ro104
  step	{80/t_ro104}
     1	13513513905.1
     2	15849506690.5
     3	17841011567.3
     4	9830259771.42
     5	11698970019.4
     6	13333178460.5
     7	6866089777.97
     8	8230326372.01
     9	9435932794.63

Measurement: freq_ro105
  step	{80/t_ro105}
     1	13558050043.9
     2	15866705161.1
     3	17819968765.1
     4	9886803927.42
     5	11741000538.9
     6	13365210985
     7	6921088840.19
     8	8275923751.21
     9	9475211108.58

Measurement: freq_ro106
  step	{80/t_ro106}
     1	13157893462.7
     2	15501987294.3
     3	17505158403.8
     4	9482947304.81
     5	11372704140.7
     6	13025061539.6
     7	6591945130.56
     8	7969033348.29
     9	9183971709.72

Measurement: freq_ro107
  step	{80/t_ro107}
     1	13587577235.2
     2	15935444294.4
     3	17917218598.3
     4	9851436077.16
     5	11756282006.9
     6	13405952940.3
     7	6887326432.58
     8	8283922119.11
     9	9506448751.1

Measurement: freq_ro108
  step	{80/t_ro108}
     1	12779216707.6
     2	15151515649.5
     3	17203784326.9
     4	9128780673.86
     5	11047445651.2
     6	12722062942.8
     7	6310139360.37
     8	7696917899.98
     9	8921199132.94

Measurement: freq_ro109
  step	{80/t_ro109}
     1	14285716833.9
     2	16558746042.4
     3	18469040147
     4	10541540417.7
     5	12389567548.9
     6	13994024311.8
     7	7454843380.88
     8	8821419654.57
     9	10019502296.4

Measurement: freq_ro110
  step	{80/t_ro110}
     1	13604757470.7
     2	15922538239.5
     3	17874020674.5
     4	9914829164.6
     5	11786371355.5
     6	13416776685.8
     7	6946699805.28
     8	8316827139.18
     9	9523192362.22

Measurement: freq_ro111
  step	{80/t_ro111}
     1	14152538334.2
     2	16401187732
     3	18323490975.4
     4	10424644514.1
     5	12270600508.8
     6	13876062416.2
     7	7365286672.68
     8	8728460549.48
     9	9925583880.62

Measurement: freq_ro112
  step	{80/t_ro112}
     1	12785721616.7
     2	15183914377.5
     3	17241182280.4
     4	9090864247.59
     5	11022401683.1
     6	12708372202.2
     7	6264016931.63
     8	7661958321.97
     9	8896046371.26

Measurement: freq_ro113
  step	{80/t_ro113}
     1	13660848684.7
     2	16001104980.2
     3	17979270396.9
     4	9947354121.21
     5	11853547853.8
     6	13504625893.8
     7	6973056729.11
     8	8372957644.41
     9	9597296869.33

Measurement: freq_ro114
  step	{80/t_ro114}
     1	13002810513.8
     2	15369593909.9
     3	17397372750.4
     4	9302178945.55
     5	11215710579.1
     6	12884768629.1
     7	6433908853.95
     8	7821919010.82
     9	9047227422.81

Measurement: freq_ro115
  step	{80/t_ro115}
     1	13035050763.6
     2	15431113984.9
     3	17461909720.5
     4	9311773332.94
     5	11243924426.9
     6	12922010082.2
     7	6438660079.64
     8	7840124826.57
     9	9073105667.12

Measurement: freq_ro116
  step	{80/t_ro116}
     1	13915662137
     2	16162973978
     3	18151673973.8
     4	10177540259.5
     5	12036723978.5
     6	13655586305.5
     7	7149082251.76
     8	8515884402.97
     9	9718335449.05

Measurement: freq_ro117
  step	{80/t_ro117}
     1	13242898663.1
     2	15612904422.6
     3	17636493790.7
     4	9535200749.21
     5	11450523261.7
     6	13117600893.2
     7	6623370483.86
     8	8020135319.33
     9	9248121951.69

Measurement: freq_ro118
  step	{80/t_ro118}
     1	14202745329
     2	16467168705.9
     3	18400743122.2
     4	10428021710.5
     5	12286675047.7
     6	13889033108.5
     7	7360765374.83
     8	8733796279.28
     9	9936068448.25

Measurement: freq_ro119
  step	{80/t_ro119}
     1	13246305220
     2	15625003412.3
     3	17711575423.8
     4	9499416095.65
     5	11478154625.8
     6	13171859394.6
     7	6592309802.62
     8	8039271722.08
     9	9294374328.5

Measurement: freq_ro120
  step	{80/t_ro120}
     1	13513514666.2
     2	15833503222.2
     3	17806298123.2
     4	9805741371.97
     5	11677460269
     6	13313275077.8
     7	6846092133.15
     8	8213918863.06
     9	9422118476.27

Measurement: freq_ro121
  step	{80/t_ro121}
     1	13549043868
     2	15931770303.9
     3	17936970755.5
     4	9804239990.31
     5	11745977933.3
     6	13415847442.3
     7	6845840868.98
     8	8267875132.11
     9	9506052128.65

Measurement: freq_ro122
  step	{80/t_ro122}
     1	13984283289
     2	16276021167.5
     3	18213708899.3
     4	10234739653
     5	12096367139.3
     6	13716617297.1
     7	7194755147.4
     8	8563663957.93
     9	9767415622.62

Measurement: freq_ro123
  step	{80/t_ro123}
     1	12583389955.3
     2	14984374313.2
     3	17057655087.7
     4	8946538320.25
     5	10871510033.4
     6	12556214967
     7	6154298862.3
     8	7543457296.1
     9	8773106340.64

Measurement: freq_ro124
  step	{80/t_ro124}
     1	12397634800.3
     2	14941446690.9
     3	17087401614.7
     4	8659405207.83
     5	10703589125.1
     6	12454654968
     7	5909617514.62
     8	7379662339.93
     9	8657311451.38

Measurement: freq_ro125
  step	{80/t_ro125}
     1	13637554531.2
     2	15961243911.1
     3	17905623626.1
     4	9898376645.51
     5	11777002656.3
     6	13413713482
     7	6914043279.77
     8	8287671394.61
     9	9497290604.21

Measurement: freq_ro126
  step	{80/t_ro126}
     1	13467235951.4
     2	15794947011.5
     3	17809423942.1
     4	9752819718.19
     5	11646149270.4
     6	13294127168.9
     7	6803428809.24
     8	8185841804.86
     9	9401084908.53

Measurement: freq_ro127
  step	{80/t_ro127}
     1	13755542332.6
     2	16076708113.2
     3	18000282056.9
     4	10036957927.6
     5	11904663362.4
     6	13516736685.6
     7	7037425144.93
     8	8398914095.79
     9	9599202836.53

Measurement: edge100_ro0
  step	V(ro0_out)={VTHRESH} 
     1	7.49225898331e-09
     2	6.34949757093e-09
     3	5.62960872053e-09
     4	1.03291756014e-08
     5	8.61400789731e-09
     6	7.5246566084e-09
     7	1.48123999312e-08
     8	1.22592347567e-08
     9	1.06421440358e-08

Measurement: edge100_ro1
  step	V(ro1_out)={VTHRESH} 
     1	7.53931983907e-09
     2	6.38250129938e-09
     3	5.65036477408e-09
     4	1.04343558125e-08
     5	8.67684573496e-09
     6	7.56704350824e-09
     7	1.49692138118e-08
     8	1.23504131334e-08
     9	1.07056101773e-08

Measurement: edge100_ro2
  step	V(ro2_out)={VTHRESH} 
     1	7.44538927058e-09
     2	6.34651298159e-09
     3	5.60338080069e-09
     4	1.03299233323e-08
     5	8.61382048614e-09
     6	7.53187881378e-09
     7	1.48519356281e-08
     8	1.22876164586e-08
     9	1.06740517617e-08

Measurement: edge100_ro3
  step	V(ro3_out)={VTHRESH} 
     1	7.57466386791e-09
     2	6.41215521398e-09
     3	5.67238608713e-09
     4	1.05668228118e-08
     5	8.77702095333e-09
     6	7.64889391251e-09
     7	1.52500493711e-08
     8	1.25620826513e-08
     9	1.08735389353e-08

Measurement: edge100_ro4
  step	V(ro4_out)={VTHRESH} 
     1	7.25017610096e-09
     2	6.20655948908e-09
     3	5.53291322837e-09
     4	9.93379014842e-09
     5	8.37583850711e-09
     6	7.36565958454e-09
     7	1.41704877298e-08
     8	1.18651845306e-08
     9	1.03737159756e-08

Measurement: edge100_ro5
  step	V(ro5_out)={VTHRESH} 
     1	7.28599614255e-09
     2	6.22130355917e-09
     3	5.54030472409e-09
     4	1.00304300934e-08
     5	8.43058064219e-09
     6	7.40045336499e-09
     7	1.43471322485e-08
     8	1.19715190637e-08
     9	1.04456643275e-08

Measurement: edge100_ro6
  step	V(ro6_out)={VTHRESH} 
     1	7.63300213757e-09
     2	6.46247699276e-09
     3	5.71074402636e-09
     4	1.06349787798e-08
     5	8.84328642508e-09
     6	7.70547810651e-09
     7	1.53585667329e-08
     8	1.26744929592e-08
     9	1.09743322342e-08

Measurement: edge100_ro7
  step	V(ro7_out)={VTHRESH} 
     1	7.27970965008e-09
     2	6.21862117051e-09
     3	5.53793028492e-09
     4	1.00319442644e-08
     5	8.4300031455e-09
     6	7.40157807997e-09
     7	1.43539883835e-08
     8	1.19726963811e-08
     9	1.0448417368e-08

Measurement: edge100_ro8
  step	V(ro8_out)={VTHRESH} 
     1	7.51693509311e-09
     2	6.35364089589e-09
     3	5.6411021186e-09
     4	1.04754374692e-08
     5	8.71747549856e-09
     6	7.605813177e-09
     7	1.51170220021e-08
     8	1.24787592902e-08
     9	1.08158595042e-08

Measurement: edge100_ro9
  step	V(ro9_out)={VTHRESH} 
     1	6.9996430689e-09
     2	6.03116155156e-09
     3	5.39917463195e-09
     4	9.4969965959e-09
     5	8.06231145249e-09
     6	7.12810849407e-09
     7	1.34442996854e-08
     8	1.1336932258e-08
     9	9.96764959961e-09

Measurement: edge100_ro10
  step	V(ro10_out)={VTHRESH} 
     1	7.28552033144e-09
     2	6.21236552455e-09
     3	5.52650905073e-09
     4	1.00447261881e-08
     5	8.41414056228e-09
     6	7.3769788885e-09
     7	1.43834034513e-08
     8	1.195196622e-08
     9	1.0411015718e-08

Measurement: edge100_ro11
  step	V(ro11_out)={VTHRESH} 
     1	7.750780443e-09
     2	6.55322546509e-09
     3	5.75775513732e-09
     4	1.0826314119e-08
     5	8.97093635998e-09
     6	7.79777674754e-09
     7	1.56704398559e-08
     8	1.28827354534e-08
     9	1.11252761839e-08

Measurement: edge100_ro12
  step	V(ro12_out)={VTHRESH} 
     1	7.68651445077e-09
     2	6.49792668098e-09
     3	5.74147258664e-09
     4	1.07398144353e-08
     5	8.91102470681e-09
     6	7.75232219511e-09
     7	1.55436371954e-08
     8	1.27939333571e-08
     9	1.10579441993e-08

Measurement: edge100_ro13
  step	V(ro13_out)={VTHRESH} 
     1	7.53106006564e-09
     2	6.36818459443e-09
     3	5.64501887604e-09
     4	1.04692316527e-08
     5	8.71001431291e-09
     6	7.59865191087e-09
     7	1.50889757167e-08
     8	1.2451706724e-08
     9	1.07931216931e-08

Measurement: edge100_ro14
  step	V(ro14_out)={VTHRESH} 
     1	7.83072572939e-09
     2	6.57606932408e-09
     3	5.78128545749e-09
     4	1.1034514363e-08
     5	9.08066814781e-09
     6	7.86570519887e-09
     7	1.60304777547e-08
     8	1.30795527605e-08
     9	1.12502469145e-08

Measurement: edge100_ro15
  step	V(ro15_out)={VTHRESH} 
     1	7.83806099186e-09
     2	6.59431259824e-09
     3	5.80633835979e-09
     4	1.10133293227e-08
     5	9.0935112539e-09
     6	7.88722621761e-09
     7	1.59922378335e-08
     8	1.30962081183e-08
     9	1.12823919588e-08

Measurement: edge100_ro16
  step	V(ro16_out)={VTHRESH} 
     1	7.54255788502e-09
     2	6.40571588048e-09
     3	5.67362581496e-09
     4	1.04506806606e-08
     5	8.72553395282e-09
     6	7.62199830626e-09
     7	1.50257708433e-08
     8	1.24529023585e-08
     9	1.08120378555e-08

Measurement: edge100_ro17
  step	V(ro17_out)={VTHRESH} 
     1	7.74177740962e-09
     2	6.51783705922e-09
     3	5.75234476899e-09
     4	1.08068344518e-08
     5	8.92539608997e-09
     6	7.74967235223e-09
     7	1.56028403504e-08
     8	1.2782155585e-08
     9	1.10294358532e-08

Measurement: edge100_ro18
  step	V(ro18_out)={VTHRESH} 
     1	7.1743359105e-09
     2	6.14670665719e-09
     3	5.48542055823e-09
     4	9.78253001544e-09
     5	8.25535258516e-09
     6	7.27035401836e-09
     7	1.39023957995e-08
     8	1.16511744189e-08
     9	1.02024692811e-08

Measurement: edge100_ro19
  step	V(ro19_out)={VTHRESH} 
     1	7.6655952852e-09
     2	6.45773111521e-09
     3	5.69570707021e-09
     4	1.07460285514e-08
     5	8.86908524613e-09
     6	7.70379889764e-09
     7	1.55682803507e-08
     8	1.27365327941e-08
     9	1.09860562379e-08

Measurement: edge100_ro20
  step	V(ro20_out)={VTHRESH} 
     1	7.96051928507e-09
     2	6.67693320102e-09
     3	5.86858150221e-09
     4	1.12589673092e-08
     5	9.25832346087e-09
     6	8.0053647159e-09
     7	1.64262792546e-08
     8	1.33979056622e-08
     9	1.15054505526e-08

Measurement: edge100_ro21
  step	V(ro21_out)={VTHRESH} 
     1	7.9420683487e-09
     2	6.65591678197e-09
     3	5.84807859138e-09
     4	1.12152817604e-08
     5	9.2160812756e-09
     6	7.96969929022e-09
     7	1.63496801064e-08
     8	1.33219371197e-08
     9	1.14396564794e-08

Measurement: edge100_ro22
  step	V(ro22_out)={VTHRESH} 
     1	7.5191290661e-09
     2	6.38650720601e-09
     3	5.65642674689e-09
     4	1.04089566502e-08
     5	8.69212200232e-09
     6	7.59414711384e-09
     7	1.49677977947e-08
     8	1.24046939183e-08
     9	1.07703109919e-08

Measurement: edge100_ro23
  step	V(ro23_out)={VTHRESH} 
     1	7.62832131109e-09
     2	6.4559289495e-09
     3	5.70905963209e-09
     4	1.06417751284e-08
     5	8.84313148266e-09
     6	7.70289689745e-09
     7	1.53779216174e-08
     8	1.26793387219e-08
     9	1.09729815072e-08

Measurement: edge100_ro24
  step	V(ro24_out)={VTHRESH} 
     1	7.44222805891e-09
     2	6.34419641477e-09
     3	5.6208902279e-09
     4	1.03132185496e-08
     5	8.62719208368e-09
     6	7.54682612629e-09
     7	1.48255651553e-08
     8	1.23089818299e-08
     9	1.0702073149e-08

Measurement: edge100_ro25
  step	V(ro25_out)={VTHRESH} 
     1	8.03101174287e-09
     2	6.71886530956e-09
     3	5.8838479237e-09
     4	1.13578919422e-08
     5	9.29966377226e-09
     6	8.02580512454e-09
     7	1.65621734638e-08
     8	1.34440070567e-08
     9	1.15200972495e-08

Measurement: edge100_ro26
  step	V(ro26_out)={VTHRESH} 
     1	7.07755214578e-09
     2	6.07701260723e-09
     3	5.42391581978e-09
     4	9.69953349567e-09
     5	8.1861767939e-09
     6	7.21264172967e-09
     7	1.38119012022e-08
     8	1.15692408153e-08
     9	1.01304431647e-08

Measurement: edge100_ro27
  step	V(ro27_out)={VTHRESH} 
     1	7.59152111567e-09
     2	6.43986117483e-09
     3	5.69610573503e-09
     4	1.05529119586e-08
     5	8.79242274372e-09
     6	7.66967939044e-09
     7	1.52077723857e-08
     8	1.2576581176e-08
     9	1.09022062541e-08

Measurement: edge100_ro28
  step	V(ro28_out)={VTHRESH} 
     1	7.30328457702e-09
     2	6.2351657667e-09
     3	5.54493583898e-09
     4	9.94011255651e-09
     5	8.34101925077e-09
     6	7.39443888902e-09
     7	1.42014892829e-08
     8	1.18336480477e-08
     9	1.04228104089e-08

Measurement: edge100_ro29
  step	V(ro29_out)={VTHRESH} 
     1	7.08007126401e-09
     2	6.08473139677e-09
     3	5.43025596394e-09
     4	9.68920120286e-09
     5	8.18538340187e-09
     6	7.21513189603e-09
     7	1.3778406476e-08
     8	1.15543847663e-08
     9	1.01235715026e-08

Measurement: edge100_ro30
  step	V(ro30_out)={VTHRESH} 
     1	7.53951732662e-09
     2	6.40308051539e-09
     3	5.67355775149e-09
     4	1.04510989317e-08
     5	8.71872367627e-09
     6	7.61220333795e-09
     7	1.50292468573e-08
     8	1.24422717458e-08
     9	1.0797146978e-08

Measurement: edge100_ro31
  step	V(ro31_out)={VTHRESH} 
     1	7.02294514181e-09
     2	6.03197520304e-09
     3	5.39048676187e-09
     4	9.61758458764e-09
     5	8.12145918226e-09
     6	7.16325586947e-09
     7	1.36777928479e-08
     8	1.14594405683e-08
     9	1.00452835865e-08

Measurement: edge100_ro32
  step	V(ro32_out)={VTHRESH} 
     1	7.64553111279e-09
     2	6.46509075862e-09
     3	5.71704483835e-09
     4	1.06444046067e-08
     5	8.84466347524e-09
     6	7.70572065714e-09
     7	1.53617306866e-08
     8	1.2666946843e-08
     9	1.09659310321e-08

Measurement: edge100_ro33
  step	V(ro33_out)={VTHRESH} 
     1	7.03802397231e-09
     2	6.05544720402e-09
     3	5.4163264966e-09
     4	9.60318471603e-09
     5	8.13466022762e-09
     6	7.18372978778e-09
     7	1.36436108354e-08
     8	1.14781606461e-08
     9	1.0074585703e-08

Measurement: edge100_ro34
  step	V(ro34_out)={VTHRESH} 
     1	7.89315955649e-09
     2	6.61384370924e-09
     3	5.81412683303e-09
     4	1.1108675858e-08
     5	9.12491495155e-09
     6	7.89737758624e-09
     7	1.61400894344e-08
     8	1.31436825003e-08
     9	1.12963207287e-08

Measurement: edge100_ro35
  step	V(ro35_out)={VTHRESH} 
     1	7.23772293214e-09
     2	6.19346294498e-09
     3	5.51935836891e-09
     4	9.93497897237e-09
     5	8.36440751239e-09
     6	7.35292340892e-09
     7	1.41662911059e-08
     8	1.1840229122e-08
     9	1.03462857516e-08

Measurement: edge100_ro36
  step	V(ro36_out)={VTHRESH} 
     1	7.33580812168e-09
     2	6.25043665253e-09
     3	5.5506007523e-09
     4	1.00874859356e-08
     5	8.46816178171e-09
     6	7.42887534216e-09
     7	1.44360392115e-08
     8	1.20315200197e-08
     9	1.04913964261e-08

Measurement: edge100_ro37
  step	V(ro37_out)={VTHRESH} 
     1	7.19302104865e-09
     2	6.14632704937e-09
     3	5.49032885321e-09
     4	9.88276671856e-09
     5	8.32394428393e-09
     6	7.32014928163e-09
     7	1.41051832339e-08
     8	1.17924934328e-08
     9	1.03075219136e-08

Measurement: edge100_ro38
  step	V(ro38_out)={VTHRESH} 
     1	7.23991078316e-09
     2	6.18367939214e-09
     3	5.51332488895e-09
     4	9.92824706556e-09
     5	8.35229797979e-09
     6	7.33730321319e-09
     7	1.41650467362e-08
     8	1.18287511964e-08
     9	1.03322961716e-08

Measurement: edge100_ro39
  step	V(ro39_out)={VTHRESH} 
     1	7.49682897772e-09
     2	6.3548203513e-09
     3	5.64136931061e-09
     4	1.03474963907e-08
     5	8.64189831095e-09
     6	7.55530492492e-09
     7	1.48437826842e-08
     8	1.23046217023e-08
     9	1.069206611e-08

Measurement: edge100_ro40
  step	V(ro40_out)={VTHRESH} 
     1	7.6435947337e-09
     2	6.45395140736e-09
     3	5.6990548582e-09
     4	1.06946235454e-08
     5	8.85742947853e-09
     6	7.7062400794e-09
     7	1.54544207977e-08
     8	1.26959553534e-08
     9	1.09705233072e-08

Measurement: edge100_ro41
  step	V(ro41_out)={VTHRESH} 
     1	7.71679965429e-09
     2	6.52016151763e-09
     3	5.74926719145e-09
     4	1.07979303967e-08
     5	8.94193434444e-09
     6	7.77342762567e-09
     7	1.56278095817e-08
     8	1.28387850893e-08
     9	1.10872111806e-08

Measurement: edge100_ro42
  step	V(ro42_out)={VTHRESH} 
     1	6.81975341856e-09
     2	5.9170390264e-09
     3	5.31079175244e-09
     4	9.19594304165e-09
     5	7.85892198362e-09
     6	6.97743152685e-09
     7	1.29515196346e-08
     8	1.09977988203e-08
     9	9.71277341784e-09

Measurement: edge100_ro43
  step	V(ro43_out)={VTHRESH} 
     1	7.33742392302e-09
     2	6.24477258417e-09
     3	5.55165261264e-09
     4	1.01307173563e-08
     5	8.48681625037e-09
     6	7.43597720382e-09
     7	1.45343550518e-08
     8	1.20810994865e-08
     9	1.05185074922e-08

Measurement: edge100_ro44
  step	V(ro44_out)={VTHRESH} 
     1	7.08524013485e-09
     2	6.0994403799e-09
     3	5.44565686408e-09
     4	9.66476437171e-09
     5	8.18659202371e-09
     6	7.22554212699e-09
     7	1.3729149931e-08
     8	1.1550047581e-08
     9	1.01364447197e-08

Measurement: edge100_ro45
  step	V(ro45_out)={VTHRESH} 
     1	7.57149414179e-09
     2	6.415015538e-09
     3	5.67267637707e-09
     4	1.05534083618e-08
     5	8.7678625012e-09
     6	7.64231399222e-09
     7	1.52182118355e-08
     8	1.25436646191e-08
     9	1.08622178733e-08

Measurement: edge100_ro46
  step	V(ro46_out)={VTHRESH} 
     1	7.5724144241e-09
     2	6.4077096399e-09
     3	5.66275990527e-09
     4	1.05823789015e-08
     5	8.77903115863e-09
     6	7.6454251147e-09
     7	1.52837363341e-08
     8	1.25748175582e-08
     9	1.08768192676e-08

Measurement: edge100_ro47
  step	V(ro47_out)={VTHRESH} 
     1	7.24507781663e-09
     2	6.19385017561e-09
     3	5.52235791435e-09
     4	9.95207898865e-09
     5	8.37897342292e-09
     6	7.36488830143e-09
     7	1.4217862138e-08
     8	1.18841510049e-08
     9	1.0384117602e-08

Measurement: edge100_ro48
  step	V(ro48_out)={VTHRESH} 
     1	7.19711812214e-09
     2	6.16765833644e-09
     3	5.49844319041e-09
     4	9.85933533759e-09
     5	8.31392636988e-09
     6	7.31589402887e-09
     7	1.40522185137e-08
     8	1.17645363702e-08
     9	1.02908704255e-08

Measurement: edge100_ro49
  step	V(ro49_out)={VTHRESH} 
     1	7.54934733415e-09
     2	6.4130409031e-09
     3	5.67417936966e-09
     4	1.05157270967e-08
     5	8.75995131663e-09
     6	7.64230380143e-09
     7	1.51620612005e-08
     8	1.2534681764e-08
     9	1.08656876774e-08

Measurement: edge100_ro50
  step	V(ro50_out)={VTHRESH} 
     1	7.43777879803e-09
     2	6.33100758485e-09
     3	5.6156776034e-09
     4	1.03013206145e-08
     5	8.61772493516e-09
     6	7.54038629629e-09
     7	1.48115328129e-08
     8	1.22979498847e-08
     9	1.06920152603e-08

Measurement: edge100_ro51
  step	V(ro51_out)={VTHRESH} 
     1	7.50007952661e-09
     2	6.36621309276e-09
     3	5.65167712654e-09
     4	1.03725909331e-08
     5	8.67177829092e-09
     6	7.58138824835e-09
     7	1.49045242394e-08
     8	1.23699618425e-08
     9	1.074936029e-08

Measurement: edge100_ro52
  step	V(ro52_out)={VTHRESH} 
     1	8.03028295567e-09
     2	6.73741971835e-09
     3	5.91005705405e-09
     4	1.13637696772e-08
     5	9.33262251839e-09
     6	8.06432466488e-09
     7	1.6594330163e-08
     8	1.35199558748e-08
     9	1.16013201849e-08

Measurement: edge100_ro53
  step	V(ro53_out)={VTHRESH} 
     1	7.77061211624e-09
     2	6.54466589828e-09
     3	5.76747799856e-09
     4	1.09096587707e-08
     5	9.0142780672e-09
     6	7.82385377024e-09
     7	1.58192652714e-08
     8	1.29655833363e-08
     9	1.11774170575e-08

Measurement: edge100_ro54
  step	V(ro54_out)={VTHRESH} 
     1	7.49198480776e-09
     2	6.347695386e-09
     3	5.63215548278e-09
     4	1.04336644056e-08
     5	8.69655219969e-09
     6	7.5925428373e-09
     7	1.50420276073e-08
     8	1.24403263024e-08
     9	1.07912542741e-08

Measurement: edge100_ro55
  step	V(ro55_out)={VTHRESH} 
     1	7.18492132716e-09
     2	6.16893481414e-09
     3	5.50193677853e-09
     4	9.81826699855e-09
     5	8.29671878827e-09
     6	7.30712994759e-09
     7	1.39709177675e-08
     8	1.17262361984e-08
     9	1.02693909035e-08

Measurement: edge100_ro56
  step	V(ro56_out)={VTHRESH} 
     1	7.35711584959e-09
     2	6.27975512267e-09
     3	5.57336831607e-09
     4	1.0162725476e-08
     5	8.51534873228e-09
     6	7.4600512362e-09
     7	1.45667658261e-08
     8	1.21143222415e-08
     9	1.05474725967e-08

Measurement: edge100_ro57
  step	V(ro57_out)={VTHRESH} 
     1	7.4082845692e-09
     2	6.29817785849e-09
     3	5.57901435769e-09
     4	1.02926681736e-08
     5	8.59243796399e-09
     6	7.51330567759e-09
     7	1.48212182454e-08
     8	1.22752501813e-08
     9	1.0663383816e-08

Measurement: edge100_ro58
  step	V(ro58_out)={VTHRESH} 
     1	7.60419698979e-09
     2	6.43180190869e-09
     3	5.6832008088e-09
     4	1.06049622349e-08
     5	8.79853535715e-09
     6	7.66179209177e-09
     7	1.5309977242e-08
     8	1.25983294608e-08
     9	1.08979415298e-08

Measurement: edge100_ro59
  step	V(ro59_out)={VTHRESH} 
     1	7.39297481412e-09
     2	6.30603984858e-09
     3	5.59370707913e-09
     4	1.02130218846e-08
     5	8.55740547375e-09
     6	7.49610954157e-09
     7	1.46463204586e-08
     8	1.21818143756e-08
     9	1.06054681617e-08

Measurement: edge100_ro60
  step	V(ro60_out)={VTHRESH} 
     1	7.27375077878e-09
     2	6.21878560948e-09
     3	5.53436796726e-09
     4	9.98246383599e-09
     5	8.39846319442e-09
     6	7.37551347177e-09
     7	1.42619890489e-08
     8	1.19138043364e-08
     9	1.04009006065e-08

Measurement: edge100_ro61
  step	V(ro61_out)={VTHRESH} 
     1	8.02010505857e-09
     2	6.72358854819e-09
     3	5.8912099718e-09
     4	1.13310098534e-08
     5	9.30444832874e-09
     6	8.03836335686e-09
     7	1.65299917325e-08
     8	1.34586251389e-08
     9	1.15469557093e-08

Measurement: edge100_ro62
  step	V(ro62_out)={VTHRESH} 
     1	7.25334749828e-09
     2	6.20326352596e-09
     3	5.53116631111e-09
     4	9.95214000378e-09
     5	8.38439543109e-09
     6	7.37177434629e-09
     7	1.42011766725e-08
     8	1.18791734329e-08
     9	1.03831945282e-08

Measurement: edge100_ro63
  step	V(ro63_out)={VTHRESH} 
     1	7.59812978487e-09
     2	6.44076786254e-09
     3	5.6952164023e-09
     4	1.05547517802e-08
     5	8.79124629303e-09
     6	7.66769858461e-09
     7	1.52105710513e-08
     8	1.25741457138e-08
     9	1.08985285113e-08

Measurement: edge100_ro64
  step	V(ro64_out)={VTHRESH} 
     1	7.74273839927e-09
     2	6.54212880086e-09
     3	5.75592413186e-09
     4	1.08494233883e-08
     5	8.96847895844e-09
     6	7.78923611804e-09
     7	1.57097444764e-08
     8	1.28827250806e-08
     9	1.11142685955e-08

Measurement: edge100_ro65
  step	V(ro65_out)={VTHRESH} 
     1	7.43627522583e-09
     2	6.33308561955e-09
     3	5.61006257989e-09
     4	1.02908056264e-08
     5	8.60201564722e-09
     6	7.52700440332e-09
     7	1.47822580142e-08
     8	1.2259239892e-08
     9	1.06543985157e-08

Measurement: edge100_ro66
  step	V(ro66_out)={VTHRESH} 
     1	7.23974553747e-09
     2	6.19537888953e-09
     3	5.52048421287e-09
     4	9.89595260287e-09
     5	8.33714790839e-09
     6	7.33341043896e-09
     7	1.4091710542e-08
     8	1.17890585717e-08
     9	1.03073566297e-08

Measurement: edge100_ro67
  step	V(ro67_out)={VTHRESH} 
     1	7.19649228947e-09
     2	6.16047244587e-09
     3	5.4928803371e-09
     4	9.88996552421e-09
     5	8.33130011649e-09
     6	7.32674009838e-09
     7	1.41279826163e-08
     8	1.18147348865e-08
     9	1.03251112325e-08

Measurement: edge100_ro68
  step	V(ro68_out)={VTHRESH} 
     1	6.83425847017e-09
     2	5.92436145144e-09
     3	5.31782536246e-09
     4	9.21141358065e-09
     5	7.86414774727e-09
     6	6.98083194481e-09
     7	1.29633800488e-08
     8	1.0995263005e-08
     9	9.7087430489e-09

Measurement: edge100_ro69
  step	V(ro69_out)={VTHRESH} 
     1	7.29290956245e-09
     2	6.23769127741e-09
     3	5.54978200532e-09
     4	1.00337171783e-08
     5	8.43910304578e-09
     6	7.4100291615e-09
     7	1.43516346652e-08
     8	1.19835419886e-08
     9	1.04593148773e-08

Measurement: edge100_ro70
  step	V(ro70_out)={VTHRESH} 
     1	6.94680229928e-09
     2	5.99374328769e-09
     3	5.36121842604e-09
     4	9.44171527572e-09
     5	8.01293233854e-09
     6	7.08643861584e-09
     7	1.33557904064e-08
     8	1.12533246647e-08
     9	9.89402705876e-09

Measurement: edge100_ro71
  step	V(ro71_out)={VTHRESH} 
     1	7.30282430527e-09
     2	6.24245104698e-09
     3	5.55322746566e-09
     4	1.00509293049e-08
     5	8.44647303576e-09
     6	7.41642614259e-09
     7	1.43624513824e-08
     8	1.19824875065e-08
     9	1.0458574941e-08

Measurement: edge100_ro72
  step	V(ro72_out)={VTHRESH} 
     1	7.53391010745e-09
     2	6.38395688708e-09
     3	5.65803537149e-09
     4	1.04689432878e-08
     5	8.72422416415e-09
     6	7.61620597805e-09
     7	1.50766581996e-08
     8	1.24659525617e-08
     9	1.08118324461e-08

Measurement: edge100_ro73
  step	V(ro73_out)={VTHRESH} 
     1	6.94122725889e-09
     2	5.99950976397e-09
     3	5.37619675434e-09
     4	9.44338541514e-09
     5	8.02579367708e-09
     6	7.10331663964e-09
     7	1.33570572716e-08
     8	1.12752802696e-08
     9	9.92289970454e-09

Measurement: edge100_ro74
  step	V(ro74_out)={VTHRESH} 
     1	7.81012371149e-09
     2	6.54570801954e-09
     3	5.78447562907e-09
     4	1.09651725089e-08
     5	9.04532853551e-09
     6	7.8443956332e-09
     7	1.58974708493e-08
     8	1.30056213003e-08
     9	1.12021412188e-08

Measurement: edge100_ro75
  step	V(ro75_out)={VTHRESH} 
     1	7.54101280013e-09
     2	6.38884320569e-09
     3	5.65826812011e-09
     4	1.05208229164e-08
     5	8.7437355252e-09
     6	7.62335451744e-09
     7	1.51749299417e-08
     8	1.25083770144e-08
     9	1.08333173773e-08

Measurement: edge100_ro76
  step	V(ro76_out)={VTHRESH} 
     1	7.39248729629e-09
     2	6.28087603775e-09
     3	5.57192427095e-09
     4	1.0249082092e-08
     5	8.55041698199e-09
     6	7.47830317071e-09
     7	1.47065304201e-08
     8	1.21720836841e-08
     9	1.057603334e-08

Measurement: edge100_ro77
  step	V(ro77_out)={VTHRESH} 
     1	7.45511846105e-09
     2	6.32609307413e-09
     3	5.60004065205e-09
     4	1.03851313163e-08
     5	8.64341208748e-09
     6	7.54401511627e-09
     7	1.4963785884e-08
     8	1.23526330085e-08
     9	1.07103233417e-08

Measurement: edge100_ro78
  step	V(ro78_out)={VTHRESH} 
     1	7.06328437043e-09
     2	6.07657895245e-09
     3	5.42963660892e-09
     4	9.61483631828e-09
     5	8.14532492548e-09
     6	7.18999642456e-09
     7	1.36396139726e-08
     8	1.14756509706e-08
     9	1.00725073316e-08

Measurement: edge100_ro79
  step	V(ro79_out)={VTHRESH} 
     1	7.59097434362e-09
     2	6.41718888749e-09
     3	5.67709485179e-09
     4	1.05954458478e-08
     5	8.79186494351e-09
     6	7.65663253525e-09
     7	1.5311935607e-08
     8	1.26014233929e-08
     9	1.09003597245e-08

Measurement: edge100_ro80
  step	V(ro80_out)={VTHRESH} 
     1	7.47791163598e-09
     2	6.352448377e-09
     3	5.63130281065e-09
     4	1.03769572056e-08
     5	8.66395786703e-09
     6	7.57122038007e-09
     7	1.4928118837e-08
     8	1.23683316105e-08
     9	1.07407155329e-08

Measurement: edge100_ro81
  step	V(ro81_out)={VTHRESH} 
     1	7.32966100078e-09
     2	6.25222822164e-09
     3	5.55109138163e-09
     4	1.00883352494e-08
     5	8.45964192651e-09
     6	7.41679998305e-09
     7	1.44384418146e-08
     8	1.20166303778e-08
     9	1.04709018895e-08

Measurement: edge100_ro82
  step	V(ro82_out)={VTHRESH} 
     1	6.94040750048e-09
     2	5.99666909059e-09
     3	5.37347005896e-09
     4	9.41963585948e-09
     5	8.00589384775e-09
     6	7.08574009739e-09
     7	1.33157885432e-08
     8	1.12427345933e-08
     9	9.89698118993e-09

Measurement: edge100_ro83
  step	V(ro83_out)={VTHRESH} 
     1	7.26223443969e-09
     2	6.20219700489e-09
     3	5.51877008693e-09
     4	1.00143318946e-08
     5	8.4049628434e-09
     6	7.3742219914e-09
     7	1.4335493169e-08
     8	1.19388156526e-08
     9	1.04100739182e-08

Measurement: edge100_ro84
  step	V(ro84_out)={VTHRESH} 
     1	7.47638034203e-09
     2	6.34232434766e-09
     3	5.6265728172e-09
     4	1.03491518231e-08
     5	8.6382698123e-09
     6	7.55103744269e-09
     7	1.48522382929e-08
     8	1.23021882178e-08
     9	1.06864774361e-08

Measurement: edge100_ro85
  step	V(ro85_out)={VTHRESH} 
     1	7.15705969124e-09
     2	6.14828065278e-09
     3	5.48792387662e-09
     4	9.7673701502e-09
     5	8.26293165888e-09
     6	7.28343403909e-09
     7	1.3882976007e-08
     8	1.16648228253e-08
     9	1.02242572311e-08

Measurement: edge100_ro86
  step	V(ro86_out)={VTHRESH} 
     1	7.65393529568e-09
     2	6.45002213955e-09
     3	5.69123663152e-09
     4	1.07040889561e-08
     5	8.83984768585e-09
     6	7.68361913334e-09
     7	1.54632043241e-08
     8	1.26615052524e-08
     9	1.09278940651e-08

Measurement: edge100_ro87
  step	V(ro87_out)={VTHRESH} 
     1	7.24762358022e-09
     2	6.19810114407e-09
     3	5.52235419559e-09
     4	9.95114777652e-09
     5	8.37634408249e-09
     6	7.36145689363e-09
     7	1.42087287259e-08
     8	1.18753080815e-08
     9	1.03757470275e-08

Measurement: edge100_ro88
  step	V(ro88_out)={VTHRESH} 
     1	7.23101446668e-09
     2	6.18713237905e-09
     3	5.50947186145e-09
     4	9.91958080998e-09
     5	8.3490599001e-09
     6	7.33735110361e-09
     7	1.41633930129e-08
     8	1.1833206825e-08
     9	1.03355905058e-08

Measurement: edge100_ro89
  step	V(ro89_out)={VTHRESH} 
     1	7.24617987611e-09
     2	6.20260865458e-09
     3	5.52574444249e-09
     4	9.92786477248e-09
     5	8.36433319028e-09
     6	7.35402570208e-09
     7	1.41571284383e-08
     8	1.18434886049e-08
     9	1.03522733866e-08

Measurement: edge100_ro90
  step	V(ro90_out)={VTHRESH} 
     1	7.42709207542e-09
     2	6.31477459097e-09
     3	5.60153605571e-09
     4	1.03021314611e-08
     5	8.60774977534e-09
     6	7.52915891884e-09
     7	1.4818562106e-08
     8	1.22868562089e-08
     9	1.06786938549e-08

Measurement: edge100_ro91
  step	V(ro91_out)={VTHRESH} 
     1	7.21559687855e-09
     2	6.1824271345e-09
     3	5.51192274178e-09
     4	9.89054064644e-09
     5	8.33733128515e-09
     6	7.33364376597e-09
     7	1.41069427012e-08
     8	1.18059962991e-08
     9	1.0323404188e-08

Measurement: edge100_ro92
  step	V(ro92_out)={VTHRESH} 
     1	7.46955712099e-09
     2	6.34356304922e-09
     3	5.62133719364e-09
     4	1.03624585034e-08
     5	8.63930102801e-09
     6	7.54847550007e-09
     7	1.48915158183e-08
     8	1.23154885805e-08
     9	1.06903756295e-08

Measurement: edge100_ro93
  step	V(ro93_out)={VTHRESH} 
     1	7.48962745646e-09
     2	6.35094678877e-09
     3	5.63334196836e-09
     4	1.03979542143e-08
     5	8.67070308961e-09
     6	7.57503279175e-09
     7	1.49522304136e-08
     8	1.23722045039e-08
     9	1.07395525895e-08

Measurement: edge100_ro94
  step	V(ro94_out)={VTHRESH} 
     1	7.85691184938e-09
     2	6.59393494592e-09
     3	5.79659967098e-09
     4	1.10556018158e-08
     5	9.08715094245e-09
     6	7.86589190767e-09
     7	1.60570519662e-08
     8	1.30838354501e-08
     9	1.12452138401e-08

Measurement: edge100_ro95
  step	V(ro95_out)={VTHRESH} 
     1	7.4512685332e-09
     2	6.34433270021e-09
     3	5.62106145087e-09
     4	1.03134841957e-08
     5	8.6228212335e-09
     6	7.54217064834e-09
     7	1.48161736391e-08
     8	1.2296644787e-08
     9	1.0689358729e-08

Measurement: edge100_ro96
  step	V(ro96_out)={VTHRESH} 
     1	7.5232993234e-09
     2	6.37738164556e-09
     3	5.64636601132e-09
     4	1.04576528879e-08
     5	8.71038851769e-09
     6	7.60257847179e-09
     7	1.50629110843e-08
     8	1.24455759097e-08
     9	1.07925821777e-08

Measurement: edge100_ro97
  step	V(ro97_out)={VTHRESH} 
     1	7.27469218144e-09
     2	6.21632555715e-09
     3	5.5377372032e-09
     4	1.00230996646e-08
     5	8.42676776945e-09
     6	7.39919939753e-09
     7	1.43503761528e-08
     8	1.19768928331e-08
     9	1.04531285664e-08

Measurement: edge100_ro98
  step	V(ro98_out)={VTHRESH} 
     1	7.20296546674e-09
     2	6.15314679431e-09
     3	5.5031796391e-09
     4	9.87325027341e-09
     5	8.32569153906e-09
     6	7.32636009607e-09
     7	1.40693232554e-08
     8	1.17790112654e-08
     9	1.0303926147e-08

Measurement: edge100_ro99
  step	V(ro99_out)={VTHRESH} 
     1	7.38595409925e-09
     2	6.2970899247e-09
     3	5.57936292614e-09
     4	1.02027731345e-08
     5	8.53126092141e-09
     6	7.46573192506e-09
     7	1.46224313806e-08
     8	1.21295272817e-08
     9	1.05516294267e-08

Measurement: edge100_ro100
  step	V(ro100_out)={VTHRESH} 
     1	7.30361681149e-09
     2	6.23433349589e-09
     3	5.54976119444e-09
     4	1.00583270338e-08
     5	8.4429239562e-09
     6	7.40648003327e-09
     7	1.43938648558e-08
     8	1.19925515773e-08
     9	1.04558996899e-08

Measurement: edge100_ro101
  step	V(ro101_out)={VTHRESH} 
     1	8.26482975292e-09
     2	6.85777889801e-09
     3	5.98332534597e-09
     4	1.18143589076e-08
     5	9.59165725176e-09
     6	8.23186921215e-09
     7	1.73616147704e-08
     8	1.39690430376e-08
     9	1.18998129014e-08

Measurement: edge100_ro102
  step	V(ro102_out)={VTHRESH} 
     1	7.40749385382e-09
     2	6.31169446794e-09
     3	5.59720145292e-09
     4	1.02626372447e-08
     5	8.58379490892e-09
     6	7.51369142419e-09
     7	1.47353423925e-08
     8	1.22321689019e-08
     9	1.06404518231e-08

Measurement: edge100_ro103
  step	V(ro103_out)={VTHRESH} 
     1	7.33532282134e-09
     2	6.26041788052e-09
     3	5.55509788399e-09
     4	1.01030095317e-08
     5	8.47530604517e-09
     6	7.43204636862e-09
     7	1.44529316194e-08
     8	1.2035391525e-08
     9	1.04896569493e-08

Measurement: edge100_ro104
  step	V(ro104_out)={VTHRESH} 
     1	7.33857576576e-09
     2	6.2561485831e-09
     3	5.55632924215e-09
     4	1.00902523856e-08
     5	8.47600801676e-09
     6	7.43553060124e-09
     7	1.44459547199e-08
     8	1.20481930684e-08
     9	1.05064933267e-08

Measurement: edge100_ro105
  step	V(ro105_out)={VTHRESH} 
     1	7.31580973793e-09
     2	6.2492619593e-09
     3	5.56334795917e-09
     4	1.00331986115e-08
     5	8.44594337845e-09
     6	7.41804250263e-09
     7	1.43323532413e-08
     8	1.19823402033e-08
     9	1.04635807089e-08

Measurement: edge100_ro106
  step	V(ro106_out)={VTHRESH} 
     1	7.53564867173e-09
     2	6.39440998092e-09
     3	5.66165817579e-09
     4	1.0457644926e-08
     5	8.71666391441e-09
     6	7.6091909577e-09
     7	1.50434314257e-08
     8	1.24393805217e-08
     9	1.07915978443e-08

Measurement: edge100_ro107
  step	V(ro107_out)={VTHRESH} 
     1	7.29577228214e-09
     2	6.22008597391e-09
     3	5.53210045059e-09
     4	1.00620128328e-08
     5	8.43063412528e-09
     6	7.39292514594e-09
     7	1.43913536535e-08
     8	1.19636397992e-08
     9	1.04246279839e-08

Measurement: edge100_ro108
  step	V(ro108_out)={VTHRESH} 
     1	7.76182798594e-09
     2	6.54336364398e-09
     3	5.7628143811e-09
     4	1.08653864443e-08
     5	8.9756729357e-09
     6	7.79288696211e-09
     7	1.57181536572e-08
     8	1.28824354086e-08
     9	1.11125869621e-08

Measurement: edge100_ro109
  step	V(ro109_out)={VTHRESH} 
     1	6.94183694442e-09
     2	5.98791479263e-09
     3	5.36782992659e-09
     4	9.40781722234e-09
     5	8.00291719623e-09
     6	7.08448470108e-09
     7	1.33030342281e-08
     8	1.1239919635e-08
     9	9.89460747061e-09

Measurement: edge100_ro110
  step	V(ro110_out)={VTHRESH} 
     1	7.28802365556e-09
     2	6.22515723583e-09
     3	5.54461668543e-09
     4	1.00003808279e-08
     5	8.40970095359e-09
     6	7.38639833322e-09
     7	1.4272643271e-08
     8	1.19176663792e-08
     9	1.04060281739e-08

Measurement: edge100_ro111
  step	V(ro111_out)={VTHRESH} 
     1	7.00527181034e-09
     2	6.04230035784e-09
     3	5.4075586021e-09
     4	9.5111037022e-09
     5	8.0765259595e-09
     6	7.14026219284e-09
     7	1.34613789801e-08
     8	1.13537036962e-08
     9	9.98199617803e-09

Measurement: edge100_ro112
  step	V(ro112_out)={VTHRESH} 
     1	7.77138173037e-09
     2	6.54176769681e-09
     3	5.75997867459e-09
     4	1.09331896772e-08
     5	9.01320607712e-09
     6	7.81569280742e-09
     7	1.5867872417e-08
     8	1.29680565294e-08
     9	1.11667358748e-08

Measurement: edge100_ro113
  step	V(ro113_out)={VTHRESH} 
     1	7.25942326313e-09
     2	6.19685279672e-09
     3	5.51423472194e-09
     4	9.96968757259e-09
     5	8.36535344469e-09
     6	7.34228803389e-09
     7	1.42212853338e-08
     8	1.18423105487e-08
     9	1.03311213721e-08

Measurement: edge100_ro114
  step	V(ro114_out)={VTHRESH} 
     1	7.62403484156e-09
     2	6.44874718418e-09
     3	5.69642972774e-09
     4	1.06567197904e-08
     5	8.83702702952e-09
     6	7.69138514338e-09
     7	1.5406876966e-08
     8	1.26709595128e-08
     9	1.09536429386e-08

Measurement: edge100_ro115
  step	V(ro115_out)={VTHRESH} 
     1	7.60461383712e-09
     2	6.42331866252e-09
     3	5.67579729969e-09
     4	1.06446814781e-08
     5	8.81461785688e-09
     6	7.6695047016e-09
     7	1.53936633905e-08
     8	1.26407976155e-08
     9	1.09224536704e-08

Measurement: edge100_ro116
  step	V(ro116_out)={VTHRESH} 
     1	7.12872745478e-09
     2	6.13402210202e-09
     3	5.46158830798e-09
     4	9.7471424372e-09
     5	8.23894257773e-09
     6	7.26051190486e-09
     7	1.38762475047e-08
     8	1.16457586302e-08
     9	1.02026451106e-08

Measurement: edge100_ro117
  step	V(ro117_out)={VTHRESH} 
     1	7.49012218102e-09
     2	6.35110587088e-09
     3	5.62205006817e-09
     4	1.04034222404e-08
     5	8.66102656661e-09
     6	7.55907223784e-09
     7	1.49771771984e-08
     8	1.23658719755e-08
     9	1.07223015199e-08

Measurement: edge100_ro118
  step	V(ro118_out)={VTHRESH} 
     1	6.98919482851e-09
     2	6.02721926487e-09
     3	5.39324099939e-09
     4	9.52038082933e-09
     5	8.07891733192e-09
     6	7.14534550712e-09
     7	1.34882358148e-08
     8	1.13660549757e-08
     9	9.98999362977e-09

Measurement: edge100_ro119
  step	V(ro119_out)={VTHRESH} 
     1	7.49928256731e-09
     2	6.35435112468e-09
     3	5.60398231543e-09
     4	1.04594231518e-08
     5	8.65306293705e-09
     6	7.53785956344e-09
     7	1.50727236501e-08
     8	1.23558821236e-08
     9	1.0684652889e-08

Measurement: edge100_ro120
  step	V(ro120_out)={VTHRESH} 
     1	7.33670446751e-09
     2	6.26000471272e-09
     3	5.5658295159e-09
     4	1.0111004101e-08
     5	8.48817647461e-09
     6	7.44416068293e-09
     7	1.44811123519e-08
     8	1.20667766291e-08
     9	1.051809011e-08

Measurement: edge100_ro121
  step	V(ro121_out)={VTHRESH} 
     1	7.32179917107e-09
     2	6.22477280741e-09
     3	5.52821052252e-09
     4	1.01186781395e-08
     5	8.44411811213e-09
     6	7.39181718637e-09
     7	1.44923836912e-08
     8	1.19970913332e-08
     9	1.0432754981e-08

Measurement: edge100_ro122
  step	V(ro122_out)={VTHRESH} 
     1	7.09221524094e-09
     2	6.09218575291e-09
     3	5.44381779998e-09
     4	9.69065661646e-09
     5	8.19752905236e-09
     6	7.22861713651e-09
     7	1.37851476525e-08
     8	1.15791623298e-08
     9	1.01511434447e-08

Measurement: edge100_ro123
  step	V(ro123_out)={VTHRESH} 
     1	7.87574333735e-09
     2	6.6124156402e-09
     3	5.80801971859e-09
     4	1.10764054057e-08
     5	9.11357958153e-09
     6	7.88978819098e-09
     7	1.61003173488e-08
     8	1.31333029469e-08
     9	1.12912660987e-08

Measurement: edge100_ro124
  step	V(ro124_out)={VTHRESH} 
     1	8.00107343697e-09
     2	6.63750837899e-09
     3	5.80270650923e-09
     4	1.14552210969e-08
     5	9.26602869762e-09
     6	7.96177468562e-09
     7	1.6785243513e-08
     8	1.34398686775e-08
     9	1.14545390649e-08

Measurement: edge100_ro125
  step	V(ro125_out)={VTHRESH} 
     1	7.27570350487e-09
     2	6.21506918693e-09
     3	5.53941521354e-09
     4	1.00247763497e-08
     5	8.42418317564e-09
     6	7.39508827558e-09
     7	1.43522656101e-08
     8	1.19715721677e-08
     9	1.04454742593e-08

Measurement: edge100_ro126
  step	V(ro126_out)={VTHRESH} 
     1	7.37181147645e-09
     2	6.28436882653e-09
     3	5.57257372236e-09
     4	1.01809899495e-08
     5	8.52446839753e-09
     6	7.46681855967e-09
     7	1.45966298617e-08
     8	1.21293864648e-08
     9	1.0560222488e-08

Measurement: edge100_ro127
  step	V(ro127_out)={VTHRESH} 
     1	7.20961950053e-09
     2	6.16721442833e-09
     3	5.50752652079e-09
     4	9.88069839581e-09
     5	8.32880858194e-09
     6	7.33415350732e-09
     7	1.4091692409e-08
     8	1.1804406719e-08
     9	1.03268326408e-08
