LTspice 26.0.2 for Windows
Circuit: C:\Users\JUST\Documents\LTspice\RO_PUF_PVT_100\chip_066_PVT.net
Start Time: Mon Jul 20 05:41:26 2026
Options:plotwinsize=0 numdgt=10 reltol=1e-4 abstol=1e-12 vntol=1e-6 reltol=0.003 vntol=1m abstol=1e-10 gmin=1e-10 threads=1

.step vddval=0.9 temp=-20°
solver = Normal
Maximum thread count: 1
tnom = 27
temp = -20
method = trap
gmin = 1e-10
abstol = 1e-10
reltol = 0.003
volttol = 0.001
Per .tran options, skipping operating point for transient analysis.

.step vddval=1 temp=-20°

.step vddval=1.1 temp=-20°

.step vddval=0.9 temp=25°

.step vddval=1 temp=25°

.step vddval=1.1 temp=25°

.step vddval=0.9 temp=80°

.step vddval=1 temp=80°

.step vddval=1.1 temp=80°
Total elapsed time: 2137.497 seconds.

Files loaded:
C:\Users\JUST\Documents\LTspice\RO_PUF_PVT_100\chip_066_PVT.net
C:\Users\JUST\Documents\LTspice\RO_PUF_PVT_100\45nm_HP.pm
C:\Users\JUST\Documents\LTspice\RO_PUF_PVT_100\chip_066_mismatch.inc


Measurement: t_ro0
  step	t_ro0	FROM	TO
     1	6.54831325467e-09	1.57874750351e-09	8.12706075818e-09
     2	5.45187978596e-09	1.31117187409e-09	6.76305166004e-09
     3	4.79998926036e-09	1.15226631092e-09	5.95225557128e-09
     4	9.3022668696e-09	2.2451054126e-09	1.15473722822e-08
     5	7.59874489624e-09	1.82866980023e-09	9.42741469646e-09
     6	6.54723774706e-09	1.57343615211e-09	8.12067389917e-09
     7	1.36137341474e-08	3.28734154375e-09	1.69010756911e-08
     8	1.10223711772e-08	2.65423600053e-09	1.36766071778e-08
     9	9.42793872622e-09	2.26732731639e-09	1.16952660426e-08

Measurement: t_ro1
  step	t_ro1	FROM	TO
     1	5.91991063957e-09	1.41823320115e-09	7.33814384072e-09
     2	5.0537720811e-09	1.20998030052e-09	6.26375238163e-09
     3	4.48431554113e-09	1.07207717621e-09	5.55639271734e-09
     4	8.15756010575e-09	1.95583442769e-09	1.01133945334e-08
     5	6.84731826579e-09	1.63960259671e-09	8.4869208625e-09
     6	6.0050380159e-09	1.43652486909e-09	7.441562885e-09
     7	1.16840881558e-08	2.80125494498e-09	1.44853431008e-08
     8	9.7375433782e-09	2.33160890216e-09	1.20691522804e-08
     9	8.48782390047e-09	2.03044466818e-09	1.05182685687e-08

Measurement: t_ro2
  step	t_ro2	FROM	TO
     1	6.16451689726e-09	1.48450998774e-09	7.649026885e-09
     2	5.22217198562e-09	1.25293428624e-09	6.47510627186e-09
     3	4.61536191595e-09	1.10550466086e-09	5.72086657681e-09
     4	8.59259534903e-09	2.07548730932e-09	1.06680826583e-08
     5	7.14576256011e-09	1.71712581278e-09	8.86288837288e-09
     6	6.2263330631e-09	1.49341975259e-09	7.71975281569e-09
     7	1.24077282113e-08	3.00143577646e-09	1.54091639877e-08
     8	1.02377624894e-08	2.46313345841e-09	1.27008959478e-08
     9	8.86278457311e-09	2.1281486156e-09	1.09909331887e-08

Measurement: t_ro3
  step	t_ro3	FROM	TO
     1	6.03431310664e-09	1.44244876181e-09	7.47676186845e-09
     2	5.12000047598e-09	1.22251893606e-09	6.34251941204e-09
     3	4.54059005294e-09	1.08394789246e-09	5.62453794539e-09
     4	8.39343005477e-09	2.00549985638e-09	1.03989299112e-08
     5	7.00046820374e-09	1.67152362661e-09	8.67199183035e-09
     6	6.11502679384e-09	1.45948257735e-09	7.57450937119e-09
     7	1.20874384417e-08	2.88687902177e-09	1.49743174635e-08
     8	1.00022370974e-08	2.38745577508e-09	1.23896928725e-08
     9	8.68048238416e-09	2.07110963215e-09	1.07515920163e-08

Measurement: t_ro4
  step	t_ro4	FROM	TO
     1	6.28680575242e-09	1.50658705255e-09	7.79339280497e-09
     2	5.28000352143e-09	1.26355703183e-09	6.54356055326e-09
     3	4.66008981203e-09	1.1137123759e-09	5.77380218792e-09
     4	8.85830613817e-09	2.12275468775e-09	1.09810608259e-08
     5	7.30761270879e-09	1.74820840363e-09	9.05582111242e-09
     6	6.33751029741e-09	1.51466715021e-09	7.85217744763e-09
     7	1.28720530058e-08	3.08389279546e-09	1.59559458013e-08
     8	1.05291102131e-08	2.51858701019e-09	1.30476972233e-08
     9	9.06831309312e-09	2.16706601783e-09	1.12353791109e-08

Measurement: t_ro5
  step	t_ro5	FROM	TO
     1	6.72000282825e-09	1.60974307252e-09	8.32974590076e-09
     2	5.57823969466e-09	1.33417714726e-09	6.91241684192e-09
     3	4.86091899939e-09	1.16181958502e-09	6.02273858441e-09
     4	9.66616956975e-09	2.31508836675e-09	1.19812579365e-08
     5	7.83318443944e-09	1.87338458258e-09	9.70656902202e-09
     6	6.71277436832e-09	1.60403356028e-09	8.31680792861e-09
     7	1.424529889e-08	3.41042196803e-09	1.7655720858e-08
     8	1.14403099869e-08	2.73525473846e-09	1.41755647253e-08
     9	9.73059519934e-09	2.32460884195e-09	1.20552040413e-08

Measurement: t_ro6
  step	t_ro6	FROM	TO
     1	5.96560919116e-09	1.44155820624e-09	7.4071673974e-09
     2	5.05723948075e-09	1.22151627094e-09	6.27875575169e-09
     3	4.48000134064e-09	1.08190756448e-09	5.56190890512e-09
     4	8.31999059701e-09	2.01379321402e-09	1.0333783811e-08
     5	6.90947903812e-09	1.67082753896e-09	8.58030657708e-09
     6	6.03046800144e-09	1.45753430509e-09	7.48800230654e-09
     7	1.19776929602e-08	2.90198245745e-09	1.48796754176e-08
     8	9.86362993209e-09	2.38728832191e-09	1.2250918254e-08
     9	8.54799106364e-09	2.06774575001e-09	1.06157368136e-08

Measurement: t_ro7
  step	t_ro7	FROM	TO
     1	5.91998059432e-09	1.39235679426e-09	7.31233738858e-09
     2	5.04350549088e-09	1.19833901228e-09	6.24184450316e-09
     3	4.48000467025e-09	1.06648084653e-09	5.54648551678e-09
     4	8.14997279841e-09	1.91331340696e-09	1.00632862054e-08
     5	6.83246810781e-09	1.60740007602e-09	8.43986818382e-09
     6	5.99073732157e-09	1.42192575392e-09	7.41266307549e-09
     7	1.16724155589e-08	2.7388947677e-09	1.44113103266e-08
     8	9.70816057049e-09	2.27544355766e-09	1.19836041281e-08
     9	8.45783543463e-09	1.9933377667e-09	1.04511732013e-08

Measurement: t_ro8
  step	t_ro8	FROM	TO
     1	6.01106656643e-09	1.44347874639e-09	7.45454531282e-09
     2	5.11998605742e-09	1.22668767991e-09	6.34667373732e-09
     3	4.53374423611e-09	1.08612216987e-09	5.61986640598e-09
     4	8.32283649982e-09	1.99969300963e-09	1.03225295095e-08
     5	6.95752526575e-09	1.66963276474e-09	8.62715803049e-09
     6	6.08516751196e-09	1.45896104439e-09	7.54412855635e-09
     7	1.1963475096e-08	2.87419803315e-09	1.48376731292e-08
     8	9.92327595944e-09	2.38199270624e-09	1.23052686657e-08
     9	8.62609549177e-09	2.0685061239e-09	1.06946016157e-08

Measurement: t_ro9
  step	t_ro9	FROM	TO
     1	6.0338993057e-09	1.44931049709e-09	7.48320980279e-09
     2	5.11999146982e-09	1.2282431422e-09	6.34823461201e-09
     3	4.53148683337e-09	1.08802543274e-09	5.61951226611e-09
     4	8.39598180849e-09	2.01634529409e-09	1.04123271026e-08
     5	6.98284462544e-09	1.67579921195e-09	8.65864383739e-09
     6	6.09492596515e-09	1.46298421491e-09	7.55791018006e-09
     7	1.20719250272e-08	2.89769197721e-09	1.49696170045e-08
     8	9.95647693563e-09	2.38833893481e-09	1.23448158704e-08
     9	8.6329445527e-09	2.07144670736e-09	1.07043912601e-08

Measurement: t_ro10
  step	t_ro10	FROM	TO
     1	6.34485649161e-09	1.51662971124e-09	7.86148620285e-09
     2	5.32600052731e-09	1.27123221703e-09	6.59723274435e-09
     3	4.6882702349e-09	1.11862199155e-09	5.80689222645e-09
     4	8.9418879817e-09	2.13674168402e-09	1.10786296657e-08
     5	7.36521783485e-09	1.75796104117e-09	9.12317887602e-09
     6	6.37934163449e-09	1.52175340406e-09	7.90109503855e-09
     7	1.30095741419e-08	3.10756783225e-09	1.61171419742e-08
     8	1.06261925506e-08	2.53582659278e-09	1.31620191434e-08
     9	9.13992848898e-09	2.17978761007e-09	1.1319716099e-08

Measurement: t_ro11
  step	t_ro11	FROM	TO
     1	5.73958594887e-09	1.37274877669e-09	7.11233472556e-09
     2	4.9267577377e-09	1.1766592868e-09	6.1034170245e-09
     3	4.39723199655e-09	1.04976989261e-09	5.44700188916e-09
     4	7.84198863874e-09	1.87595789175e-09	9.71794653049e-09
     5	6.62622594358e-09	1.58249260743e-09	8.20871855101e-09
     6	5.83936207884e-09	1.3936387017e-09	7.23300078054e-09
     7	1.11572054447e-08	2.66720431859e-09	1.38244097633e-08
     8	9.3572158164e-09	2.23420872642e-09	1.15914245428e-08
     9	8.1966964858e-09	1.95592512636e-09	1.01526216122e-08

Measurement: t_ro12
  step	t_ro12	FROM	TO
     1	6.1354361659e-09	1.47394559075e-09	7.60938175664e-09
     2	5.19434090315e-09	1.24628572023e-09	6.44062662338e-09
     3	4.59308617133e-09	1.10130052668e-09	5.69438669801e-09
     4	8.53679928235e-09	2.05168106168e-09	1.0588480344e-08
     5	7.09760234104e-09	1.7038504564e-09	8.80145279744e-09
     6	6.18672702708e-09	1.48407015055e-09	7.67079717762e-09
     7	1.23064171761e-08	2.95820969901e-09	1.52646268751e-08
     8	1.01537840609e-08	2.43814024916e-09	1.259192431e-08
     9	8.79477690015e-09	2.11062026993e-09	1.09053971701e-08

Measurement: t_ro13
  step	t_ro13	FROM	TO
     1	5.89512165474e-09	1.41701636271e-09	7.31213801745e-09
     2	5.03336002187e-09	1.20627261451e-09	6.23963263638e-09
     3	4.47972864019e-09	1.0716051482e-09	5.55133378838e-09
     4	8.08956124716e-09	1.94601796753e-09	1.00355792147e-08
     5	6.79693267374e-09	1.63037167892e-09	8.42730435267e-09
     6	5.96608927604e-09	1.42858898719e-09	7.39467826322e-09
     7	1.15507978748e-08	2.77920386683e-09	1.43300017417e-08
     8	9.63375025489e-09	2.31170576493e-09	1.19454560198e-08
     9	8.40547527962e-09	2.01341067181e-09	1.04188859514e-08

Measurement: t_ro14
  step	t_ro14	FROM	TO
     1	5.91999980192e-09	1.41479945129e-09	7.33479925321e-09
     2	5.04004075173e-09	1.20443130381e-09	6.24447205555e-09
     3	4.47975517789e-09	1.07019928896e-09	5.54995446686e-09
     4	8.16673268753e-09	1.95258190081e-09	1.01193145883e-08
     5	6.84690353477e-09	1.63572421665e-09	8.48262775142e-09
     6	6.00201304033e-09	1.43352127284e-09	7.43553431317e-09
     7	1.1704270151e-08	2.79764768397e-09	1.45019178349e-08
     8	9.73703723013e-09	2.32529014286e-09	1.2062327373e-08
     9	8.48302610771e-09	2.02483318148e-09	1.05078592892e-08

Measurement: t_ro15
  step	t_ro15	FROM	TO
     1	6.02474861183e-09	1.44376226116e-09	7.46851087299e-09
     2	5.11302579865e-09	1.22398774786e-09	6.33701354651e-09
     3	4.52844481469e-09	1.08353681619e-09	5.61198163088e-09
     4	8.36529998683e-09	2.00424351467e-09	1.03695435015e-08
     5	6.96982251291e-09	1.66875852697e-09	8.63858103988e-09
     6	6.08667263479e-09	1.45641814905e-09	7.54309078384e-09
     7	1.20363337704e-08	2.88323609855e-09	1.49195698689e-08
     8	9.94844836296e-09	2.38167222559e-09	1.23301205886e-08
     9	8.63131606696e-09	2.06510362703e-09	1.0696419694e-08

Measurement: t_ro16
  step	t_ro16	FROM	TO
     1	5.96798488309e-09	1.43212294014e-09	7.40010782323e-09
     2	5.08689329174e-09	1.21782780149e-09	6.30472109323e-09
     3	4.51706153406e-09	1.0794747308e-09	5.59653626486e-09
     4	8.22065085672e-09	1.97315652771e-09	1.01938073844e-08
     5	6.89231269339e-09	1.65094154697e-09	8.54325424036e-09
     6	6.03992331124e-09	1.44425364678e-09	7.48417695803e-09
     7	1.1774027075e-08	2.82587219779e-09	1.45998992727e-08
     8	9.80012611532e-09	2.34774906346e-09	1.21478751788e-08
     9	8.53598061859e-09	2.04179675885e-09	1.05777773774e-08

Measurement: t_ro17
  step	t_ro17	FROM	TO
     1	5.88882108977e-09	1.42563547987e-09	7.31445656964e-09
     2	5.03484416121e-09	1.21456981801e-09	6.24941397922e-09
     3	4.47999754375e-09	1.07905333296e-09	5.55905087671e-09
     4	8.08752688265e-09	1.96028816135e-09	1.0047815044e-08
     5	6.80518568624e-09	1.64419216747e-09	8.44937785371e-09
     6	5.9773271704e-09	1.44173504381e-09	7.4190622142e-09
     7	1.15539121719e-08	2.80197776292e-09	1.43558899348e-08
     8	9.65135390749e-09	2.33387372307e-09	1.19852276306e-08
     9	8.42687088003e-09	2.03460299482e-09	1.04614738749e-08

Measurement: t_ro18
  step	t_ro18	FROM	TO
     1	5.9432720593e-09	1.42460469763e-09	7.36787675693e-09
     2	5.06676672101e-09	1.2130114905e-09	6.27977821151e-09
     3	4.49269149794e-09	1.07456326637e-09	5.56725476431e-09
     4	8.21514153493e-09	1.96958683476e-09	1.01847283697e-08
     5	6.88001061232e-09	1.64727274436e-09	8.52728335668e-09
     6	6.02690870042e-09	1.44184698009e-09	7.46875568051e-09
     7	1.1784985579e-08	2.82513070419e-09	1.46101162832e-08
     8	9.79668216383e-09	2.34543137232e-09	1.21421135362e-08
     9	8.52783677213e-09	2.03981637939e-09	1.05676531515e-08

Measurement: t_ro19
  step	t_ro19	FROM	TO
     1	5.71345684882e-09	1.37618466851e-09	7.08964151733e-09
     2	4.91552764317e-09	1.182168329e-09	6.09769597217e-09
     3	4.39129542828e-09	1.05501964613e-09	5.44631507441e-09
     4	7.80271732426e-09	1.88115414731e-09	9.68387147157e-09
     5	6.6035572956e-09	1.58995698064e-09	8.19351427624e-09
     6	5.82660597052e-09	1.40139793633e-09	7.22800390685e-09
     7	1.10923467316e-08	2.6760067708e-09	1.37683535024e-08
     8	9.32171516209e-09	2.2459958429e-09	1.1567711005e-08
     9	8.17766503389e-09	1.968444365e-09	1.01461093989e-08

Measurement: t_ro20
  step	t_ro20	FROM	TO
     1	6.17814211303e-09	1.48424545417e-09	7.6623875672e-09
     2	5.21153387041e-09	1.25163594354e-09	6.46316981395e-09
     3	4.60064601285e-09	1.10490577883e-09	5.70555179168e-09
     4	8.63040326424e-09	2.0717942231e-09	1.07021974873e-08
     5	7.13275217181e-09	1.71198923066e-09	8.84474140248e-09
     6	6.20204895036e-09	1.48939504703e-09	7.69144399739e-09
     7	1.24594937596e-08	2.98782282976e-09	1.54473165894e-08
     8	1.02088527467e-08	2.44829943927e-09	1.2657152186e-08
     9	8.81613193207e-09	2.11553894679e-09	1.09316708789e-08

Measurement: t_ro21
  step	t_ro21	FROM	TO
     1	6.08000107507e-09	1.46238213198e-09	7.54238320705e-09
     2	5.13536900601e-09	1.23376979005e-09	6.36913879606e-09
     3	4.54224068543e-09	1.09036969402e-09	5.63261037944e-09
     4	8.45681499814e-09	2.03604263841e-09	1.04928576365e-08
     5	7.01484847222e-09	1.68679311312e-09	8.70164158534e-09
     6	6.11422898137e-09	1.46903822533e-09	7.5832672067e-09
     7	1.2175980602e-08	2.93332660295e-09	1.5109307205e-08
     8	1.00148758773e-08	2.41004527721e-09	1.24249211545e-08
     9	8.66991547155e-09	2.08508194305e-09	1.07549974146e-08

Measurement: t_ro22
  step	t_ro22	FROM	TO
     1	5.73103355891e-09	1.36937771791e-09	7.10041127682e-09
     2	4.93535483597e-09	1.17799164962e-09	6.11334648559e-09
     3	4.40542909639e-09	1.05127804556e-09	5.45670714195e-09
     4	7.81293574038e-09	1.86674454139e-09	9.67968028177e-09
     5	6.62159344933e-09	1.58032046929e-09	8.20191391861e-09
     6	5.84403256045e-09	1.39414420891e-09	7.23817676936e-09
     7	1.10990184541e-08	2.65068858055e-09	1.37497070346e-08
     8	9.34268851096e-09	2.22891922211e-09	1.15716077331e-08
     9	8.19894118472e-09	1.95515556297e-09	1.01540967477e-08

Measurement: t_ro23
  step	t_ro23	FROM	TO
     1	6.08252401343e-09	1.46753261567e-09	7.55005662911e-09
     2	5.13648608853e-09	1.23712946287e-09	6.37361555139e-09
     3	4.54022333558e-09	1.09223028544e-09	5.63245362103e-09
     4	8.50655520145e-09	2.05592633531e-09	1.05624815368e-08
     5	7.04023077901e-09	1.6983805483e-09	8.73861132731e-09
     6	6.12709174667e-09	1.47579879145e-09	7.60289053812e-09
     7	1.22750090396e-08	2.96946692597e-09	1.52444759655e-08
     8	1.00675025223e-08	2.43053896532e-09	1.24980414876e-08
     9	8.70277818198e-09	2.0983315329e-09	1.08011097149e-08

Measurement: t_ro24
  step	t_ro24	FROM	TO
     1	5.83212663914e-09	1.40769786783e-09	7.23982450697e-09
     2	5.00039068271e-09	1.20570328655e-09	6.20609396927e-09
     3	4.4540885247e-09	1.07282836552e-09	5.52691689021e-09
     4	7.97955783407e-09	1.92825029097e-09	9.90780812504e-09
     5	6.72999246773e-09	1.62443374449e-09	8.35442621222e-09
     6	5.92137201798e-09	1.4276560251e-09	7.34902804308e-09
     7	1.13684953154e-08	2.7486958309e-09	1.41171911463e-08
     8	9.52300009887e-09	2.29987247271e-09	1.18228725716e-08
     9	8.33074658047e-09	2.01051275832e-09	1.03412593388e-08

Measurement: t_ro25
  step	t_ro25	FROM	TO
     1	6.19463383118e-09	1.48663554811e-09	7.68126937929e-09
     2	5.23957256981e-09	1.25553221083e-09	6.49510478065e-09
     3	4.62646320136e-09	1.10805495749e-09	5.73451815884e-09
     4	8.64046297694e-09	2.07416333102e-09	1.0714626308e-08
     5	7.1763434908e-09	1.72027860683e-09	8.89662209762e-09
     6	6.24633766398e-09	1.49586022778e-09	7.74219789176e-09
     7	1.24930753548e-08	2.9989626645e-09	1.54920380193e-08
     8	1.02956815033e-08	2.46813770346e-09	1.27638192068e-08
     9	8.90506608217e-09	2.13288376542e-09	1.10379498476e-08

Measurement: t_ro26
  step	t_ro26	FROM	TO
     1	5.77847901751e-09	1.38653384147e-09	7.16501285898e-09
     2	4.96000033753e-09	1.18878042257e-09	6.14878076009e-09
     3	4.42319055199e-09	1.05968160998e-09	5.48287216198e-09
     4	7.90286375402e-09	1.89682686966e-09	9.79969062368e-09
     5	6.67530080248e-09	1.60051047697e-09	8.27581127945e-09
     6	5.87882284442e-09	1.4086992729e-09	7.28752211732e-09
     7	1.12537643535e-08	2.70117570363e-09	1.39549400572e-08
     8	9.43917346822e-09	2.26343366307e-09	1.17026071313e-08
     9	8.26527369373e-09	1.98075336157e-09	1.02460270553e-08

Measurement: t_ro27
  step	t_ro27	FROM	TO
     1	6.14960631271e-09	1.48355787376e-09	7.63316418646e-09
     2	5.20842829197e-09	1.25484617348e-09	6.46327446545e-09
     3	4.60155819324e-09	1.10755037114e-09	5.70910856438e-09
     4	8.58199925411e-09	2.07238985617e-09	1.06543891103e-08
     5	7.13329329806e-09	1.7199848565e-09	8.85327815457e-09
     6	6.21435960026e-09	1.49691927e-09	7.71127887025e-09
     7	1.24019100907e-08	2.99637197248e-09	1.53982820631e-08
     8	1.02271238877e-08	2.46744843423e-09	1.2694572322e-08
     9	8.85138556631e-09	2.13349071961e-09	1.09848762859e-08

Measurement: t_ro28
  step	t_ro28	FROM	TO
     1	6.14656685583e-09	1.47312996617e-09	7.619696822e-09
     2	5.20698663332e-09	1.24618146412e-09	6.45316809744e-09
     3	4.60241774877e-09	1.09999719074e-09	5.70241493951e-09
     4	8.55618741268e-09	2.05054211665e-09	1.06067295293e-08
     5	7.11783847028e-09	1.70358280478e-09	8.82142127506e-09
     6	6.20281260374e-09	1.48299473822e-09	7.68580734196e-09
     7	1.23544013735e-08	2.96022097004e-09	1.53146223436e-08
     8	1.01992064339e-08	2.44096806629e-09	1.26401745002e-08
     9	8.83132264617e-09	2.11146138581e-09	1.0942784032e-08

Measurement: t_ro29
  step	t_ro29	FROM	TO
     1	5.88037530542e-09	1.4066814156e-09	7.28705672102e-09
     2	5.02227973001e-09	1.19928787379e-09	6.2215676038e-09
     3	4.47421256433e-09	1.0669647507e-09	5.54117731502e-09
     4	8.07970835444e-09	1.93332928508e-09	1.00130376395e-08
     5	6.79562998547e-09	1.62295521531e-09	8.41858520078e-09
     6	5.96794716935e-09	1.42373545054e-09	7.39168261989e-09
     7	1.1554114562e-08	2.76362312031e-09	1.43177376823e-08
     8	9.64609481784e-09	2.30324803275e-09	1.19493428506e-08
     9	8.41961143107e-09	2.00832351403e-09	1.04279349451e-08

Measurement: t_ro30
  step	t_ro30	FROM	TO
     1	6.05958457432e-09	1.45613497678e-09	7.5157195511e-09
     2	5.12002168137e-09	1.22959653453e-09	6.3496182159e-09
     3	4.54248566646e-09	1.08834243463e-09	5.63082810109e-09
     4	8.44455316689e-09	2.0316875889e-09	1.04762407558e-08
     5	7.01973935103e-09	1.68627608805e-09	8.70601543908e-09
     6	6.11999697408e-09	1.46833485033e-09	7.58833182441e-09
     7	1.2179302602e-08	2.93317543955e-09	1.51124780415e-08
     8	1.0041334832e-08	2.41495095359e-09	1.24562857856e-08
     9	8.69566538768e-09	2.08921488254e-09	1.07848802702e-08

Measurement: t_ro31
  step	t_ro31	FROM	TO
     1	5.96043940967e-09	1.42202897253e-09	7.3824683822e-09
     2	5.0899507429e-09	1.21340840589e-09	6.30335914879e-09
     3	4.51299811814e-09	1.07558357386e-09	5.588581692e-09
     4	8.23426909461e-09	1.96383750287e-09	1.01981065975e-08
     5	6.90100948654e-09	1.64460724122e-09	8.54561672775e-09
     6	6.04609399324e-09	1.44030992745e-09	7.48640392069e-09
     7	1.18094264449e-08	2.81523202346e-09	1.46246584683e-08
     8	9.82240110938e-09	2.33997630222e-09	1.21623774116e-08
     9	8.55181509013e-09	2.03646559968e-09	1.05882806898e-08

Measurement: t_ro32
  step	t_ro32	FROM	TO
     1	6.06776136647e-09	1.45804741354e-09	7.52580878001e-09
     2	5.14791611449e-09	1.23385853619e-09	6.38177465067e-09
     3	4.56705006351e-09	1.09296611205e-09	5.66001617556e-09
     4	8.40276419106e-09	2.02079607526e-09	1.04235602663e-08
     5	7.02499486376e-09	1.68548805592e-09	8.71048291969e-09
     6	6.14126050024e-09	1.47088974173e-09	7.61215024197e-09
     7	1.20905957527e-08	2.9081877549e-09	1.49987835076e-08
     8	1.00335970747e-08	2.40822453285e-09	1.24418216076e-08
     9	8.71735121284e-09	2.08906577387e-09	1.08064169867e-08

Measurement: t_ro33
  step	t_ro33	FROM	TO
     1	5.99895843425e-09	1.44327385454e-09	7.44223228879e-09
     2	5.1199983878e-09	1.22934082314e-09	6.34933921094e-09
     3	4.52711310426e-09	1.08550234477e-09	5.61261544903e-09
     4	8.31978234068e-09	2.00277053547e-09	1.03225528762e-08
     5	6.95611441655e-09	1.67163680439e-09	8.62775122093e-09
     6	6.08531768522e-09	1.46056319617e-09	7.54588088139e-09
     7	1.19586236531e-08	2.88066660037e-09	1.48392902535e-08
     8	9.92125899449e-09	2.38549857714e-09	1.23067575716e-08
     9	8.62424129793e-09	2.07132759477e-09	1.06955688927e-08

Measurement: t_ro34
  step	t_ro34	FROM	TO
     1	6.34159850895e-09	1.5294046345e-09	7.87100314345e-09
     2	5.32896483534e-09	1.28358904693e-09	6.61255388227e-09
     3	4.69091546297e-09	1.12915403624e-09	5.82006949921e-09
     4	8.91406186303e-09	2.15202465792e-09	1.1066086521e-08
     5	7.35175385961e-09	1.77235143743e-09	9.12410529704e-09
     6	6.37158087099e-09	1.53505788634e-09	7.90663875733e-09
     7	1.2949533468e-08	3.12732035573e-09	1.60768538237e-08
     8	1.05926326522e-08	2.55476397729e-09	1.31473966295e-08
     9	9.11848595356e-09	2.19798255354e-09	1.13164685071e-08

Measurement: t_ro35
  step	t_ro35	FROM	TO
     1	6.09934072362e-09	1.46332542248e-09	7.5626661461e-09
     2	5.17320625548e-09	1.23856444313e-09	6.41177069861e-09
     3	4.57922106101e-09	1.09508155379e-09	5.6743026148e-09
     4	8.46068459269e-09	2.0299719738e-09	1.04906565665e-08
     5	7.05322381241e-09	1.6894632001e-09	8.74268701251e-09
     6	6.1568232933e-09	1.47281015263e-09	7.62963344593e-09
     7	1.21781787925e-08	2.92176190118e-09	1.50999406936e-08
     8	1.00769952895e-08	2.41379300354e-09	1.24907882931e-08
     9	8.74129902894e-09	2.09130499317e-09	1.08326040221e-08

Measurement: t_ro36
  step	t_ro36	FROM	TO
     1	6.18152750639e-09	1.48683077926e-09	7.66835828566e-09
     2	5.22748887659e-09	1.25520286403e-09	6.48269174062e-09
     3	4.61884760437e-09	1.10803308238e-09	5.72688068674e-09
     4	8.64026438732e-09	2.07986270946e-09	1.07201270968e-08
     5	7.17736877322e-09	1.72449772417e-09	8.90186649739e-09
     6	6.2472426552e-09	1.499340398e-09	7.7465830532e-09
     7	1.25053714519e-08	3.01043807277e-09	1.55158095247e-08
     8	1.03044026793e-08	2.47677185749e-09	1.27811745368e-08
     9	8.91134129573e-09	2.13961436498e-09	1.10509556607e-08

Measurement: t_ro37
  step	t_ro37	FROM	TO
     1	5.80118628923e-09	1.40147733581e-09	7.20266362504e-09
     2	4.96000036254e-09	1.19730604938e-09	6.15730641193e-09
     3	4.43124169493e-09	1.06843645017e-09	5.4996781451e-09
     4	7.96377775276e-09	1.92600743177e-09	9.88978518453e-09
     5	6.70392695711e-09	1.6192194743e-09	8.32314643141e-09
     6	5.89618120502e-09	1.42283475765e-09	7.31901596267e-09
     7	1.13621429329e-08	2.74977887599e-09	1.41119218089e-08
     8	9.49150116959e-09	2.29403807376e-09	1.17855392433e-08
     9	8.29623260341e-09	2.00341926148e-09	1.02996518649e-08

Measurement: t_ro38
  step	t_ro38	FROM	TO
     1	5.90185381301e-09	1.41418625661e-09	7.31604006962e-09
     2	5.03488465837e-09	1.20409667996e-09	6.23898133832e-09
     3	4.47999012148e-09	1.07003025544e-09	5.55002037692e-09
     4	8.14315890348e-09	1.95162603844e-09	1.00947849419e-08
     5	6.82774200613e-09	1.63328012984e-09	8.46102213597e-09
     6	5.98857664814e-09	1.43066398503e-09	7.41924063317e-09
     7	1.16659474888e-08	2.79542456045e-09	1.44613720493e-08
     8	9.70514977137e-09	2.32149418295e-09	1.20266439543e-08
     9	8.45886063156e-09	2.02076459224e-09	1.04796252238e-08

Measurement: t_ro39
  step	t_ro39	FROM	TO
     1	6.02022951953e-09	1.45157495771e-09	7.47180447724e-09
     2	5.12000515957e-09	1.23232054851e-09	6.35232570808e-09
     3	4.53816025051e-09	1.0922833795e-09	5.63044363002e-09
     4	8.36337701672e-09	2.01895262736e-09	1.03823296441e-08
     5	6.98393963993e-09	1.68412277407e-09	8.66806241399e-09
     6	6.10517833614e-09	1.47104901591e-09	7.57622735205e-09
     7	1.2037673643e-08	2.90818914564e-09	1.49458627887e-08
     8	9.97500313327e-09	2.40716434202e-09	1.23821674753e-08
     9	8.66454620703e-09	2.08948181657e-09	1.07540280236e-08

Measurement: t_ro40
  step	t_ro40	FROM	TO
     1	5.83937497738e-09	1.40414661905e-09	7.24352159643e-09
     2	4.98544221036e-09	1.19783629902e-09	6.18327850938e-09
     3	4.43865200172e-09	1.06564911754e-09	5.50430111927e-09
     4	8.0547457657e-09	1.93820959477e-09	9.99295536046e-09
     5	6.75930564695e-09	1.62504228961e-09	8.38434793656e-09
     6	5.93322887351e-09	1.42544960667e-09	7.35867848018e-09
     7	1.15335875096e-08	2.77654879114e-09	1.43101363008e-08
     8	9.60350197166e-09	2.30979326067e-09	1.19132952323e-08
     9	8.37713382865e-09	2.0134891681e-09	1.03906229967e-08

Measurement: t_ro41
  step	t_ro41	FROM	TO
     1	6.2091649176e-09	1.49229193928e-09	7.70145685688e-09
     2	5.2421653884e-09	1.25762340959e-09	6.49978879799e-09
     3	4.63614455476e-09	1.11142706085e-09	5.74757161561e-09
     4	8.67724322126e-09	2.08675990287e-09	1.07640031241e-08
     5	7.19681278125e-09	1.72747350255e-09	8.9242862838e-09
     6	6.25837193365e-09	1.50058751358e-09	7.75895944723e-09
     7	1.25564114255e-08	3.02045571618e-09	1.55768671417e-08
     8	1.03302531275e-08	2.48148256851e-09	1.2811735696e-08
     9	8.92683509883e-09	2.14192974284e-09	1.10687648417e-08

Measurement: t_ro42
  step	t_ro42	FROM	TO
     1	5.44000435165e-09	1.30030768631e-09	6.74031203796e-09
     2	4.72583449448e-09	1.12872277989e-09	5.85455727437e-09
     3	4.25348097775e-09	1.01521141479e-09	5.26869239254e-09
     4	7.31802993261e-09	1.7503036524e-09	9.06833358501e-09
     5	6.26496468585e-09	1.49636569259e-09	7.76133037843e-09
     6	5.57505031898e-09	1.33044979823e-09	6.90550011721e-09
     7	1.02734948595e-08	2.45658021499e-09	1.27300750745e-08
     8	8.73750430546e-09	2.0864879803e-09	1.08239922858e-08
     9	7.73337577314e-09	1.84515414876e-09	9.57852992189e-09

Measurement: t_ro43
  step	t_ro43	FROM	TO
     1	5.75997876158e-09	1.38279870845e-09	7.14277747003e-09
     2	4.94407607461e-09	1.1872413571e-09	6.13131743171e-09
     3	4.41217949924e-09	1.05922480011e-09	5.47140429935e-09
     4	7.87551177595e-09	1.89307299025e-09	9.7685847662e-09
     5	6.65705980631e-09	1.59918200665e-09	8.25624181295e-09
     6	5.86651592897e-09	1.40880302395e-09	7.27531895292e-09
     7	1.12125138824e-08	2.69562167992e-09	1.39081355623e-08
     8	9.41098244825e-09	2.26110708152e-09	1.16720895298e-08
     9	8.24491425243e-09	1.98042260625e-09	1.02253368587e-08

Measurement: t_ro44
  step	t_ro44	FROM	TO
     1	6.08857648267e-09	1.46348681556e-09	7.55206329823e-09
     2	5.17180682814e-09	1.24014712916e-09	6.4119539573e-09
     3	4.5770732503e-09	1.09597817041e-09	5.67305142072e-09
     4	8.50996424028e-09	2.04587305332e-09	1.05558372936e-08
     5	7.08341628092e-09	1.69925536314e-09	8.78267164406e-09
     6	6.17887672255e-09	1.48039668981e-09	7.65927341236e-09
     7	1.22797546993e-08	2.95212216116e-09	1.52318768605e-08
     8	1.01406972289e-08	2.43309931495e-09	1.25737965439e-08
     9	8.78789790973e-09	2.10599535376e-09	1.08938932635e-08

Measurement: t_ro45
  step	t_ro45	FROM	TO
     1	5.97181200152e-09	1.43035456525e-09	7.40216656677e-09
     2	5.09117387243e-09	1.21816842797e-09	6.3093423004e-09
     3	4.51772486726e-09	1.08045390101e-09	5.59817876827e-09
     4	8.23531142807e-09	1.9730526724e-09	1.02083641005e-08
     5	6.90165951296e-09	1.65170651822e-09	8.55336603119e-09
     6	6.04587137698e-09	1.44592477134e-09	7.49179614832e-09
     7	1.18028474312e-08	2.82747362852e-09	1.46303210597e-08
     8	9.81922288447e-09	2.34973435987e-09	1.21689572443e-08
     9	8.54916358646e-09	2.0447115941e-09	1.05938751806e-08

Measurement: t_ro46
  step	t_ro46	FROM	TO
     1	6.28125887491e-09	1.50346971736e-09	7.78472859227e-09
     2	5.28565255501e-09	1.26305694441e-09	6.54870949942e-09
     3	4.65584601223e-09	1.11094740901e-09	5.76679342124e-09
     4	8.81752188761e-09	2.11059803353e-09	1.09281199211e-08
     5	7.28584919691e-09	1.74040735118e-09	9.02625654809e-09
     6	6.32287234976e-09	1.50892503552e-09	7.83179738528e-09
     7	1.27996916775e-08	3.06238382197e-09	1.58620754995e-08
     8	1.04882325663e-08	2.5049426708e-09	1.29931752371e-08
     9	9.04041484227e-09	2.15711432245e-09	1.11975291647e-08

Measurement: t_ro47
  step	t_ro47	FROM	TO
     1	5.78370156108e-09	1.39186621663e-09	7.1755677777e-09
     2	4.95999949627e-09	1.19284844218e-09	6.15284793845e-09
     3	4.42608460463e-09	1.06476193182e-09	5.49084653646e-09
     4	7.90084829522e-09	1.90278763086e-09	9.80363592608e-09
     5	6.66982091154e-09	1.60596555128e-09	8.27578646282e-09
     6	5.87387843748e-09	1.41407805401e-09	7.28795649148e-09
     7	1.12426498597e-08	2.70912508047e-09	1.39517749401e-08
     8	9.42416876398e-09	2.27032624209e-09	1.16944950061e-08
     9	8.25141584226e-09	1.98749604875e-09	1.0238911891e-08

Measurement: t_ro48
  step	t_ro48	FROM	TO
     1	5.83001045081e-09	1.40051288702e-09	7.23052333783e-09
     2	4.98482513234e-09	1.19559410637e-09	6.18041923872e-09
     3	4.44724043362e-09	1.06620765475e-09	5.51344808837e-09
     4	8.00033426002e-09	1.92393561307e-09	9.92426987308e-09
     5	6.74232810961e-09	1.61837034365e-09	8.36069845326e-09
     6	5.92816460874e-09	1.42179605141e-09	7.34996066016e-09
     7	1.14293549645e-08	2.74770304281e-09	1.41770580074e-08
     8	9.55979494528e-09	2.29520280428e-09	1.18549977496e-08
     9	8.35521598492e-09	2.0045075337e-09	1.03597235186e-08

Measurement: t_ro49
  step	t_ro49	FROM	TO
     1	6.39999209964e-09	1.54811755414e-09	7.94810965378e-09
     2	5.37909283087e-09	1.29786929881e-09	6.67696212969e-09
     3	4.7229560312e-09	1.13796307495e-09	5.86091910614e-09
     4	9.03855355684e-09	2.1896473173e-09	1.12282008741e-08
     5	7.43080987287e-09	1.79564817476e-09	9.22645804763e-09
     6	6.42825422096e-09	1.55092198009e-09	7.97917620105e-09
     7	1.31532900288e-08	3.18853038979e-09	1.63418204186e-08
     8	1.07241957618e-08	2.59363494182e-09	1.33178307037e-08
     9	9.21394576333e-09	2.22514983434e-09	1.14390955977e-08

Measurement: t_ro50
  step	t_ro50	FROM	TO
     1	5.81831897624e-09	1.39481247649e-09	7.21313145273e-09
     2	4.96000075305e-09	1.18863631061e-09	6.14863706366e-09
     3	4.41696477478e-09	1.05734543762e-09	5.47431021241e-09
     4	8.03515967365e-09	1.92596992459e-09	9.96112959824e-09
     5	6.72803620437e-09	1.61154918645e-09	8.33958539082e-09
     6	5.90403204878e-09	1.41330156245e-09	7.31733361123e-09
     7	1.15007962173e-08	2.75609382255e-09	1.42568900398e-08
     8	9.5516719379e-09	2.28758853314e-09	1.1839260471e-08
     9	8.32557095362e-09	1.99258902535e-09	1.0318159979e-08

Measurement: t_ro51
  step	t_ro51	FROM	TO
     1	5.99306790531e-09	1.43474659298e-09	7.42781449828e-09
     2	5.10970051712e-09	1.219933608e-09	6.32963412512e-09
     3	4.52587522366e-09	1.07987735132e-09	5.60575257498e-09
     4	8.25398827522e-09	1.97629337518e-09	1.02302816504e-08
     5	6.90855347224e-09	1.65063920718e-09	8.55919267943e-09
     6	6.04749262802e-09	1.44308200633e-09	7.49057463434e-09
     7	1.18241136623e-08	2.8304970713e-09	1.46546107336e-08
     8	9.8238827045e-09	2.34709328799e-09	1.21709759925e-08
     9	8.54706457493e-09	2.03931411899e-09	1.05863786939e-08

Measurement: t_ro52
  step	t_ro52	FROM	TO
     1	5.9429576828e-09	1.42798361066e-09	7.37094129346e-09
     2	5.08018632595e-09	1.21933551497e-09	6.29952184092e-09
     3	4.50920986664e-09	1.08170322633e-09	5.59091309297e-09
     4	8.18424759123e-09	1.96746337269e-09	1.01517109639e-08
     5	6.87579103465e-09	1.65083054511e-09	8.52662157976e-09
     6	6.027940329e-09	1.44661998392e-09	7.47456031291e-09
     7	1.17186491484e-08	2.81768886403e-09	1.45363380124e-08
     8	9.77242376923e-09	2.34772275232e-09	1.21201465216e-08
     9	8.51964470889e-09	2.04537694183e-09	1.05650216507e-08

Measurement: t_ro53
  step	t_ro53	FROM	TO
     1	6.72000925516e-09	1.6180795877e-09	8.33808884286e-09
     2	5.5418517606e-09	1.33294208424e-09	6.87479384484e-09
     3	4.81391745439e-09	1.15586198655e-09	5.96977944093e-09
     4	9.69643887329e-09	2.33697227807e-09	1.20334111514e-08
     5	7.81354137326e-09	1.88105151699e-09	9.69459289025e-09
     6	6.68311116483e-09	1.60730941664e-09	8.29042058147e-09
     7	1.43176753414e-08	3.45231221744e-09	1.77699875589e-08
     8	1.14241732987e-08	2.75183251441e-09	1.41760058131e-08
     9	9.69238530521e-09	2.33288727743e-09	1.20252725826e-08

Measurement: t_ro54
  step	t_ro54	FROM	TO
     1	5.7933251468e-09	1.39092543459e-09	7.18425058139e-09
     2	4.96000006249e-09	1.18975965846e-09	6.14975972096e-09
     3	4.42672317467e-09	1.06071410709e-09	5.48743728176e-09
     4	7.92758749528e-09	1.90421658094e-09	9.83180407622e-09
     5	6.68027498612e-09	1.60263216462e-09	8.28290715074e-09
     6	5.87976947448e-09	1.40950049889e-09	7.28926997337e-09
     7	1.12771125517e-08	2.7094485563e-09	1.3986561108e-08
     8	9.43419926116e-09	2.26389495268e-09	1.16980942138e-08
     9	8.25421675971e-09	1.97921478726e-09	1.0233431547e-08

Measurement: t_ro55
  step	t_ro55	FROM	TO
     1	6.05620770432e-09	1.46037470092e-09	7.51658240524e-09
     2	5.13829758972e-09	1.2384873037e-09	6.37678489342e-09
     3	4.55174367896e-09	1.09650257215e-09	5.6482462511e-09
     4	8.40756859164e-09	2.03002320322e-09	1.04375917949e-08
     5	7.00615041768e-09	1.68994398733e-09	8.69609440501e-09
     6	6.11696003344e-09	1.4747070959e-09	7.59166712933e-09
     7	1.21028409595e-08	2.9243149423e-09	1.50271559018e-08
     8	1.0005860866e-08	2.41490735203e-09	1.2420768218e-08
     9	8.67983097032e-09	2.09373993514e-09	1.07735709055e-08

Measurement: t_ro56
  step	t_ro56	FROM	TO
     1	6.64821871626e-09	1.5966686396e-09	8.24488735585e-09
     2	5.53152954736e-09	1.32621826272e-09	6.85774781008e-09
     3	4.82839168761e-09	1.1566393823e-09	5.98503106991e-09
     4	9.47796466699e-09	2.27681028203e-09	1.1754774949e-08
     5	7.72411398806e-09	1.85236903508e-09	9.57648302314e-09
     6	6.64003543119e-09	1.59055336073e-09	8.23058879192e-09
     7	1.39096387358e-08	3.34103136119e-09	1.7250670097e-08
     8	1.12395527344e-08	2.69546867724e-09	1.39350214116e-08
     9	9.59362595422e-09	2.29820899019e-09	1.18918349444e-08

Measurement: t_ro57
  step	t_ro57	FROM	TO
     1	6.03757460451e-09	1.44468335056e-09	7.48225795507e-09
     2	5.13743106016e-09	1.22760254973e-09	6.3650336099e-09
     3	4.55558833427e-09	1.08773740046e-09	5.64332573473e-09
     4	8.32730205312e-09	1.99270684119e-09	1.03200088943e-08
     5	6.96957886414e-09	1.6653787642e-09	8.63495762834e-09
     6	6.09791974786e-09	1.45592191715e-09	7.55384166501e-09
     7	1.19429107245e-08	2.85713958228e-09	1.48000503068e-08
     8	9.92237229241e-09	2.37071815424e-09	1.22930904467e-08
     9	8.62923579796e-09	2.0600259439e-09	1.06892617419e-08

Measurement: t_ro58
  step	t_ro58	FROM	TO
     1	5.80782882977e-09	1.39345848994e-09	7.20128731971e-09
     2	4.96000005946e-09	1.18919439745e-09	6.14919445691e-09
     3	4.4266940691e-09	1.05949675903e-09	5.48619082813e-09
     4	7.99313355184e-09	1.91862157227e-09	9.9117551241e-09
     5	6.71390356651e-09	1.60934485615e-09	8.32324842266e-09
     6	5.89952673731e-09	1.41251057262e-09	7.31203730992e-09
     7	1.1416543403e-08	2.74028041932e-09	1.41568238223e-08
     8	9.51104249666e-09	2.27987990184e-09	1.17909223985e-08
     9	8.30555698238e-09	1.98909860173e-09	1.02946555841e-08

Measurement: t_ro59
  step	t_ro59	FROM	TO
     1	5.90999610259e-09	1.42461583321e-09	7.3346119358e-09
     2	5.04121581455e-09	1.21407084084e-09	6.2552866554e-09
     3	4.47991699309e-09	1.07761957498e-09	5.55753656807e-09
     4	8.14292929773e-09	1.968432051e-09	1.01113613487e-08
     5	6.83075717524e-09	1.6482414609e-09	8.47899863614e-09
     6	5.99155642877e-09	1.44423955558e-09	7.43579598435e-09
     7	1.16528070337e-08	2.82131336455e-09	1.44741203983e-08
     8	9.70281019383e-09	2.3447023327e-09	1.20475125265e-08
     9	8.45948887171e-09	2.04201249218e-09	1.05015013639e-08

Measurement: t_ro60
  step	t_ro60	FROM	TO
     1	5.58302638494e-09	1.33434502655e-09	6.91737141149e-09
     2	4.82187817353e-09	1.15097344205e-09	5.97285161558e-09
     3	4.32003939829e-09	1.0310424947e-09	5.35108189299e-09
     4	7.55293741458e-09	1.805965434e-09	9.35890284858e-09
     5	6.42819451879e-09	1.53457491734e-09	7.96276943613e-09
     6	5.69267591119e-09	1.35772948841e-09	7.0504053996e-09
     7	1.06673197892e-08	2.54961159743e-09	1.32169313866e-08
     8	9.0162868701e-09	2.15216187468e-09	1.11684487448e-08
     9	7.93996105225e-09	1.8935996894e-09	9.83356074166e-09

Measurement: t_ro61
  step	t_ro61	FROM	TO
     1	5.90931946557e-09	1.4164016234e-09	7.32572108898e-09
     2	5.02970403824e-09	1.20483864936e-09	6.2345426876e-09
     3	4.47390978959e-09	1.07057743365e-09	5.54448722324e-09
     4	8.17720220602e-09	1.96091227143e-09	1.01381144775e-08
     5	6.83944231666e-09	1.63843018351e-09	8.47787250018e-09
     6	5.99180746437e-09	1.4345396895e-09	7.42634715387e-09
     7	1.17244757622e-08	2.81138890858e-09	1.45358646708e-08
     8	9.72892851481e-09	2.33065709638e-09	1.20595856112e-08
     9	8.46890792203e-09	2.02753733827e-09	1.04964452603e-08

Measurement: t_ro62
  step	t_ro62	FROM	TO
     1	5.65363320536e-09	1.35595522362e-09	7.00958842898e-09
     2	4.87252138099e-09	1.16716520137e-09	6.03968658237e-09
     3	4.35895039491e-09	1.04358856693e-09	5.40253896184e-09
     4	7.69247257772e-09	1.84580289913e-09	9.53827547685e-09
     5	6.52868783953e-09	1.56460958799e-09	8.09329742753e-09
     6	5.76911735011e-09	1.38159769189e-09	7.150715042e-09
     7	1.09103512638e-08	2.61821873532e-09	1.35285699991e-08
     8	9.19665549661e-09	2.20440967989e-09	1.14010651765e-08
     9	8.08075571289e-09	1.93557214488e-09	1.00163278578e-08

Measurement: t_ro63
  step	t_ro63	FROM	TO
     1	5.91452836957e-09	1.42117545567e-09	7.33570382524e-09
     2	5.04261182888e-09	1.20855956278e-09	6.25117139166e-09
     3	4.48004169856e-09	1.07370043721e-09	5.55374213577e-09
     4	8.11848369862e-09	1.95192201375e-09	1.00704057124e-08
     5	6.80915679147e-09	1.63314930868e-09	8.44230610015e-09
     6	5.97189625513e-09	1.43048450172e-09	7.40238075685e-09
     7	1.15881564581e-08	2.7866407843e-09	1.43747972424e-08
     8	9.64825215231e-09	2.31471247507e-09	1.19629646274e-08
     9	8.41139417695e-09	2.01538907707e-09	1.0426783254e-08

Measurement: t_ro64
  step	t_ro64	FROM	TO
     1	5.59999294104e-09	1.34330689347e-09	6.94329983451e-09
     2	4.83311186546e-09	1.15908247199e-09	5.99219433745e-09
     3	4.33008089007e-09	1.03779751418e-09	5.36787840425e-09
     4	7.57020050248e-09	1.8173304839e-09	9.38753098638e-09
     5	6.44805190849e-09	1.546875522e-09	7.99492743049e-09
     6	5.71288714045e-09	1.37000580188e-09	7.08289294233e-09
     7	1.06939848977e-08	2.5674682143e-09	1.3261453112e-08
     8	9.04891643556e-09	2.17112509749e-09	1.12200415331e-08
     9	7.97375336912e-09	1.91258542784e-09	9.88633879696e-09

Measurement: t_ro65
  step	t_ro65	FROM	TO
     1	6.21038963552e-09	1.48627451224e-09	7.69666414777e-09
     2	5.24516802414e-09	1.25343557673e-09	6.49860360086e-09
     3	4.63068406842e-09	1.10582805031e-09	5.73651211873e-09
     4	8.61883761863e-09	2.062493882e-09	1.06813315006e-08
     5	7.15868138556e-09	1.71064164307e-09	8.86932302863e-09
     6	6.23336482114e-09	1.48838204737e-09	7.72174686852e-09
     7	1.242599809e-08	2.97235543678e-09	1.53983535268e-08
     8	1.02435232368e-08	2.44696695713e-09	1.26904901939e-08
     9	8.86335485467e-09	2.11560734632e-09	1.0978962201e-08

Measurement: t_ro66
  step	t_ro66	FROM	TO
     1	6.15734615177e-09	1.48539224232e-09	7.64273839409e-09
     2	5.20643577993e-09	1.25417760543e-09	6.46061338536e-09
     3	4.59938885146e-09	1.10705610741e-09	5.70644495887e-09
     4	8.56438920729e-09	2.06890819059e-09	1.06332973979e-08
     5	7.10640482939e-09	1.71350889778e-09	8.81991372717e-09
     6	6.18844388946e-09	1.49118344299e-09	7.67962733244e-09
     7	1.23426764224e-08	2.98443685779e-09	1.53271132802e-08
     8	1.01583558702e-08	2.45151057897e-09	1.26098664492e-08
     9	8.78797132595e-09	2.11931595415e-09	1.09072872801e-08

Measurement: t_ro67
  step	t_ro67	FROM	TO
     1	6.27409527231e-09	1.51253985195e-09	7.78663512426e-09
     2	5.27999995538e-09	1.27167238641e-09	6.55167234179e-09
     3	4.65230872187e-09	1.12041757241e-09	5.77272629429e-09
     4	8.81325956354e-09	2.12793184652e-09	1.09411914101e-08
     5	7.28162607778e-09	1.75573948321e-09	9.03736556099e-09
     6	6.32048462603e-09	1.52304965021e-09	7.84353427624e-09
     7	1.27894752769e-08	3.09130621552e-09	1.58807814924e-08
     8	1.04807804191e-08	2.529298584e-09	1.30100790032e-08
     9	9.03601215312e-09	2.17907253945e-09	1.12150846926e-08

Measurement: t_ro68
  step	t_ro68	FROM	TO
     1	5.98550534415e-09	1.44062064487e-09	7.42612598902e-09
     2	5.09405599637e-09	1.22509176101e-09	6.31914775738e-09
     3	4.51321601318e-09	1.08496449524e-09	5.59818050842e-09
     4	8.28919496983e-09	1.99634050752e-09	1.02855354774e-08
     5	6.92820483724e-09	1.66730173999e-09	8.59550657722e-09
     6	6.06077515292e-09	1.4577536888e-09	7.51852884172e-09
     7	1.19093642099e-08	2.86916518074e-09	1.47785293906e-08
     8	9.87659744163e-09	2.37759357629e-09	1.22541910179e-08
     9	8.58483364015e-09	2.0656782377e-09	1.06505118778e-08

Measurement: t_ro69
  step	t_ro69	FROM	TO
     1	6.22401814062e-09	1.4862602403e-09	7.71027838091e-09
     2	5.24575732942e-09	1.25174535263e-09	6.49750268205e-09
     3	4.63762098417e-09	1.10509249956e-09	5.74271348373e-09
     4	8.7368697542e-09	2.08534241038e-09	1.08222121646e-08
     5	7.22423799156e-09	1.72321419586e-09	8.94745218741e-09
     6	6.27558684811e-09	1.49635150656e-09	7.77193835468e-09
     7	1.26733258272e-08	3.02319725891e-09	1.56965230862e-08
     8	1.03908563843e-08	2.47745049207e-09	1.28683068764e-08
     9	8.96385046067e-09	2.13642664134e-09	1.1100277102e-08

Measurement: t_ro70
  step	t_ro70	FROM	TO
     1	6.03572890741e-09	1.44639850102e-09	7.48212740843e-09
     2	5.12000039609e-09	1.22462220984e-09	6.34462260593e-09
     3	4.54951384361e-09	1.08683813303e-09	5.63635197664e-09
     4	8.37950135617e-09	2.00822759284e-09	1.0387728949e-08
     5	6.99806578469e-09	1.6738301761e-09	8.67189596079e-09
     6	6.11593520248e-09	1.46121692005e-09	7.57715212253e-09
     7	1.20690562683e-08	2.89172915579e-09	1.49607854241e-08
     8	1.00008667149e-08	2.39164428442e-09	1.23925109994e-08
     9	8.68452935963e-09	2.07450829044e-09	1.07590376501e-08

Measurement: t_ro71
  step	t_ro71	FROM	TO
     1	5.91184331942e-09	1.42415861148e-09	7.3360019309e-09
     2	5.03306335873e-09	1.21116988586e-09	6.24423324459e-09
     3	4.47567103905e-09	1.07564356757e-09	5.55131460662e-09
     4	8.16959276653e-09	1.97028277586e-09	1.01398755424e-08
     5	6.83830067249e-09	1.64711758938e-09	8.48541826187e-09
     6	5.99294654115e-09	1.44230235833e-09	7.43524889948e-09
     7	1.17134148864e-08	2.82703575753e-09	1.4540450644e-08
     8	9.72588471393e-09	2.34419642717e-09	1.20700811411e-08
     9	8.46823003091e-09	2.03952968798e-09	1.05077597189e-08

Measurement: t_ro72
  step	t_ro72	FROM	TO
     1	6.28721220704e-09	1.51720238329e-09	7.80441459032e-09
     2	5.27999983834e-09	1.27112991523e-09	6.55112975357e-09
     3	4.65235581368e-09	1.11694812733e-09	5.76930394101e-09
     4	8.82348023478e-09	2.1345969143e-09	1.09580771491e-08
     5	7.27125181048e-09	1.75357573373e-09	9.02482754422e-09
     6	6.30470270397e-09	1.51782398194e-09	7.82252668592e-09
     7	1.27976083618e-08	3.1012789737e-09	1.58988873355e-08
     8	1.04554806348e-08	2.52591695191e-09	1.29813975867e-08
     9	9.00250008287e-09	2.1714019631e-09	1.1173902046e-08

Measurement: t_ro73
  step	t_ro73	FROM	TO
     1	5.74659324738e-09	1.37050790563e-09	7.11710115302e-09
     2	4.94011224262e-09	1.17755609594e-09	6.11766833855e-09
     3	4.40233573551e-09	1.04989049843e-09	5.45222623394e-09
     4	7.85019886367e-09	1.87181602612e-09	9.72201488979e-09
     5	6.63605965974e-09	1.58177768281e-09	8.21783734255e-09
     6	5.84995557893e-09	1.39418906255e-09	7.24414464148e-09
     7	1.11624804817e-08	2.66040156671e-09	1.38228820484e-08
     8	9.3683133093e-09	2.23199604679e-09	1.16003093561e-08
     9	8.21046349738e-09	1.95581627236e-09	1.01662797697e-08

Measurement: t_ro74
  step	t_ro74	FROM	TO
     1	6.07771198099e-09	1.4540698089e-09	7.53178178989e-09
     2	5.14939313309e-09	1.23000057513e-09	6.37939370822e-09
     3	4.56036108355e-09	1.08860847701e-09	5.64896956056e-09
     4	8.47215931024e-09	2.0278149651e-09	1.04999742753e-08
     5	7.04325677842e-09	1.68263170588e-09	8.7258884843e-09
     6	6.14390220208e-09	1.46640776756e-09	7.61030996964e-09
     7	1.22126924836e-08	2.92157720778e-09	1.51342696913e-08
     8	1.0069937793e-08	2.40514967247e-09	1.24750874655e-08
     9	8.72396137859e-09	2.08199011417e-09	1.08059514928e-08

Measurement: t_ro75
  step	t_ro75	FROM	TO
     1	6.42456133691e-09	1.54275978141e-09	7.96732111833e-09
     2	5.38308345569e-09	1.29068350303e-09	6.67376695872e-09
     3	4.72434398982e-09	1.131983205e-09	5.85632719482e-09
     4	9.08318639252e-09	2.1817147627e-09	1.12649011552e-08
     5	7.45594386324e-09	1.78836707614e-09	9.24431093938e-09
     6	6.44348477541e-09	1.54426187372e-09	7.98774664913e-09
     7	1.3245052702e-08	3.181295525e-09	1.6426348227e-08
     8	1.07792502144e-08	2.58573203022e-09	1.33649822446e-08
     9	9.24990899223e-09	2.21712309325e-09	1.14670320855e-08

Measurement: t_ro76
  step	t_ro76	FROM	TO
     1	5.74926608285e-09	1.37794009191e-09	7.12720617476e-09
     2	4.93687317347e-09	1.18221229993e-09	6.1190854734e-09
     3	4.40576684413e-09	1.05445644266e-09	5.46022328679e-09
     4	7.84712808622e-09	1.88172792242e-09	9.72885600865e-09
     5	6.63476188012e-09	1.5892348873e-09	8.22399676742e-09
     6	5.84800325315e-09	1.40000046508e-09	7.24800371823e-09
     7	1.11582668557e-08	2.67579052623e-09	1.3834057382e-08
     8	9.36735027012e-09	2.24387825348e-09	1.16112285236e-08
     9	8.20859553169e-09	1.96521414231e-09	1.0173809674e-08

Measurement: t_ro77
  step	t_ro77	FROM	TO
     1	5.98537603053e-09	1.43558130028e-09	7.42095733082e-09
     2	5.1024420569e-09	1.22215657348e-09	6.32459863038e-09
     3	4.52261700277e-09	1.08208839994e-09	5.60470540271e-09
     4	8.24317748195e-09	1.97749629985e-09	1.02206737818e-08
     5	6.90329806996e-09	1.65411030466e-09	8.55740837462e-09
     6	6.04481449939e-09	1.4469309672e-09	7.49174546659e-09
     7	1.18084819319e-08	2.83245254873e-09	1.46409344806e-08
     8	9.81717099965e-09	2.3524344998e-09	1.21696054995e-08
     9	8.54438829591e-09	2.04543934522e-09	1.05898276411e-08

Measurement: t_ro78
  step	t_ro78	FROM	TO
     1	6.30272670987e-09	1.51396748432e-09	7.81669419419e-09
     2	5.30674433123e-09	1.27284965814e-09	6.57959398936e-09
     3	4.67723667786e-09	1.12115994817e-09	5.79839662603e-09
     4	8.79319276725e-09	2.11279375693e-09	1.09059865242e-08
     5	7.27783912091e-09	1.74598228003e-09	9.02382140094e-09
     6	6.31964621674e-09	1.51494792059e-09	7.83459413734e-09
     7	1.27201131684e-08	3.0563800266e-09	1.5776493195e-08
     8	1.04482167579e-08	2.50678673741e-09	1.29550034954e-08
     9	9.01508281697e-09	2.16148223893e-09	1.11765650559e-08

Measurement: t_ro79
  step	t_ro79	FROM	TO
     1	5.84456540721e-09	1.40127523431e-09	7.24584064152e-09
     2	4.98196526754e-09	1.19387766529e-09	6.17584293282e-09
     3	4.43116882637e-09	1.06185590825e-09	5.49302473462e-09
     4	8.06069621139e-09	1.93245483239e-09	9.99315104378e-09
     5	6.74417485902e-09	1.61586479892e-09	8.36003965795e-09
     6	5.91447097304e-09	1.41693782426e-09	7.3314087973e-09
     7	1.15190241213e-08	2.76081835961e-09	1.42798424809e-08
     8	9.56052310733e-09	2.29005357574e-09	1.18505766831e-08
     9	8.33037992994e-09	1.99496992787e-09	1.03253498578e-08

Measurement: t_ro80
  step	t_ro80	FROM	TO
     1	5.69690883512e-09	1.36132292032e-09	7.05823175544e-09
     2	4.90254438086e-09	1.17026465727e-09	6.07280903813e-09
     3	4.38020631722e-09	1.04507597664e-09	5.42528229386e-09
     4	7.74515725295e-09	1.85070951902e-09	9.59586677197e-09
     5	6.56023128873e-09	1.56660726208e-09	8.1268385508e-09
     6	5.79294947549e-09	1.38197815604e-09	7.17492763153e-09
     7	1.09797312224e-08	2.62301038953e-09	1.36027416119e-08
     8	9.23593578269e-09	2.20422202829e-09	1.1440157811e-08
     9	8.10902337123e-09	1.93409824759e-09	1.00431216188e-08

Measurement: t_ro81
  step	t_ro81	FROM	TO
     1	6.12159401297e-09	1.48027967191e-09	7.60187368488e-09
     2	5.18525690638e-09	1.25159713913e-09	6.43685404551e-09
     3	4.58759638224e-09	1.10610786347e-09	5.69370424571e-09
     4	8.53140220513e-09	2.06604019805e-09	1.05974424032e-08
     5	7.09743597088e-09	1.71575186256e-09	8.81318783343e-09
     6	6.18700376249e-09	1.49387942706e-09	7.68088318955e-09
     7	1.23213395068e-08	2.9862904651e-09	1.53076299719e-08
     8	1.01674275157e-08	2.46003707788e-09	1.26274645936e-08
     9	8.80483328262e-09	2.12783730283e-09	1.09326705854e-08

Measurement: t_ro82
  step	t_ro82	FROM	TO
     1	5.91999991775e-09	1.42144847999e-09	7.34144839775e-09
     2	5.04817310599e-09	1.21081319508e-09	6.25898630106e-09
     3	4.48636693282e-09	1.07547333523e-09	5.56184026805e-09
     4	8.15545596158e-09	1.95825037358e-09	1.01137063352e-08
     5	6.84235374385e-09	1.64133330292e-09	8.48368704676e-09
     6	6.00095561461e-09	1.43883609189e-09	7.4397917065e-09
     7	1.16706198039e-08	2.80280534881e-09	1.44734251527e-08
     8	9.72180167142e-09	2.33228761318e-09	1.20540892846e-08
     9	8.47462359188e-09	2.03206291102e-09	1.05066865029e-08

Measurement: t_ro83
  step	t_ro83	FROM	TO
     1	6.20464276613e-09	1.48815093031e-09	7.69279369644e-09
     2	5.21888181723e-09	1.25038144646e-09	6.46926326369e-09
     3	4.60123331811e-09	1.10112457614e-09	5.70235789426e-09
     4	8.7349933797e-09	2.09520347206e-09	1.08301968518e-08
     5	7.19998920465e-09	1.72496628861e-09	8.92495549326e-09
     6	6.24280058216e-09	1.49419887756e-09	7.73699945972e-09
     7	1.26724266892e-08	3.03919957358e-09	1.57116262628e-08
     8	1.03464991668e-08	2.47897257601e-09	1.28254717428e-08
     9	8.91330893726e-09	2.13385654876e-09	1.1047165486e-08

Measurement: t_ro84
  step	t_ro84	FROM	TO
     1	5.89468192616e-09	1.41593469955e-09	7.31061662571e-09
     2	5.03207339033e-09	1.20738265598e-09	6.23945604631e-09
     3	4.4799997349e-09	1.07392857506e-09	5.55392830996e-09
     4	8.12591868521e-09	1.95245407344e-09	1.00783727586e-08
     5	6.81854848185e-09	1.63702305772e-09	8.45557153956e-09
     6	5.98163280228e-09	1.43512027682e-09	7.4167530791e-09
     7	1.16357152157e-08	2.79628494691e-09	1.44320001626e-08
     8	9.68943984439e-09	2.32690458553e-09	1.20163444299e-08
     9	8.44694935395e-09	2.02746216266e-09	1.04744115166e-08

Measurement: t_ro85
  step	t_ro85	FROM	TO
     1	6.65118940266e-09	1.61108895353e-09	8.26227835619e-09
     2	5.5231876131e-09	1.33000280762e-09	6.85319042072e-09
     3	4.82074708681e-09	1.15789812019e-09	5.978645207e-09
     4	9.50040069873e-09	2.30905202547e-09	1.18094527242e-08
     5	7.71629986999e-09	1.86384190943e-09	9.58014177942e-09
     6	6.62567382663e-09	1.59531163829e-09	8.22098546492e-09
     7	1.394904252e-08	3.39204626365e-09	1.73410887837e-08
     8	1.12268619931e-08	2.71760287205e-09	1.39444648651e-08
     9	9.56714761455e-09	2.30893484861e-09	1.18760824632e-08

Measurement: t_ro86
  step	t_ro86	FROM	TO
     1	5.93661596026e-09	1.42568585372e-09	7.36230181398e-09
     2	5.06914652776e-09	1.21561049519e-09	6.28475702295e-09
     3	4.50586370708e-09	1.079778465e-09	5.58564217208e-09
     4	8.17168003667e-09	1.96331908822e-09	1.01349991249e-08
     5	6.86401532158e-09	1.64674737424e-09	8.51076269582e-09
     6	6.0205088741e-09	1.44327930241e-09	7.46378817651e-09
     7	1.16970655845e-08	2.81048137335e-09	1.45075469578e-08
     8	9.75406134269e-09	2.34033282255e-09	1.20943941652e-08
     9	8.50416354483e-09	2.03890033176e-09	1.05430638766e-08

Measurement: t_ro87
  step	t_ro87	FROM	TO
     1	5.78446462616e-09	1.38149210345e-09	7.16595672961e-09
     2	4.95999980758e-09	1.18232526061e-09	6.14232506819e-09
     3	4.42166634147e-09	1.05420864661e-09	5.47587498808e-09
     4	7.90440220075e-09	1.88724602646e-09	9.79164822721e-09
     5	6.66223175144e-09	1.58888591453e-09	8.25111766597e-09
     6	5.86422088884e-09	1.39776057299e-09	7.26198146183e-09
     7	1.12331330315e-08	2.68108268589e-09	1.39142157173e-08
     8	9.39813617029e-09	2.24075304425e-09	1.16388892145e-08
     9	8.22302701461e-09	1.95942798131e-09	1.01824549959e-08

Measurement: t_ro88
  step	t_ro88	FROM	TO
     1	6.08138084956e-09	1.4604261436e-09	7.54180699316e-09
     2	5.15630459113e-09	1.23697059441e-09	6.39327518554e-09
     3	4.56612357091e-09	1.09512051576e-09	5.66124408668e-09
     4	8.4255095752e-09	2.02398783877e-09	1.0449497414e-08
     5	7.01990626035e-09	1.68452943837e-09	8.70443569872e-09
     6	6.12775503068e-09	1.46983229745e-09	7.59758732813e-09
     7	1.21166774847e-08	2.9104799895e-09	1.50271574742e-08
     8	1.00167239855e-08	2.40358888798e-09	1.24203128735e-08
     9	8.68910316118e-09	2.08423179807e-09	1.07733349593e-08

Measurement: t_ro89
  step	t_ro89	FROM	TO
     1	6.23999980624e-09	1.49731199859e-09	7.73731180483e-09
     2	5.2508445467e-09	1.2580647279e-09	6.5089092746e-09
     3	4.63999443262e-09	1.10985895504e-09	5.74985338767e-09
     4	8.75280887295e-09	2.10070594741e-09	1.08535148204e-08
     5	7.22936705269e-09	1.73254999963e-09	8.96191705232e-09
     6	6.2769134909e-09	1.50249449508e-09	7.77940798598e-09
     7	1.26964803351e-08	3.04693969091e-09	1.5743420026e-08
     8	1.03989015417e-08	2.49225726908e-09	1.28911588108e-08
     9	8.9666909056e-09	2.14655088047e-09	1.11132417861e-08

Measurement: t_ro90
  step	t_ro90	FROM	TO
     1	6.01439188481e-09	1.43549666459e-09	7.44988854941e-09
     2	5.11999561895e-09	1.22182903734e-09	6.34182465629e-09
     3	4.54027553421e-09	1.0837806944e-09	5.62405622861e-09
     4	8.30725792949e-09	1.98131879336e-09	1.02885767228e-08
     5	6.94768511462e-09	1.65731064202e-09	8.60499575664e-09
     6	6.08014842135e-09	1.45086285275e-09	7.5310112741e-09
     7	1.19109364264e-08	2.83820028947e-09	1.47491367159e-08
     8	9.88795630457e-09	2.35679973866e-09	1.22447560432e-08
     9	8.59915571805e-09	2.04982547528e-09	1.06489811933e-08

Measurement: t_ro91
  step	t_ro91	FROM	TO
     1	6.27879934929e-09	1.51343221615e-09	7.79223156544e-09
     2	5.28000584142e-09	1.27198002933e-09	6.55198587076e-09
     3	4.65423667513e-09	1.12032564238e-09	5.77456231751e-09
     4	8.79977525668e-09	2.12287315003e-09	1.09226484067e-08
     5	7.26288322791e-09	1.75007517346e-09	9.01295840137e-09
     6	6.30070939417e-09	1.51732325224e-09	7.81803264641e-09
     7	1.27527522593e-08	3.0785801049e-09	1.58313323642e-08
     8	1.04398059322e-08	2.51687953098e-09	1.29566854631e-08
     9	8.99492835804e-09	2.1671366677e-09	1.11620650257e-08

Measurement: t_ro92
  step	t_ro92	FROM	TO
     1	6.51949218094e-09	1.56593051454e-09	8.08542269549e-09
     2	5.44745478021e-09	1.3059577178e-09	6.75341249801e-09
     3	4.78685170259e-09	1.14709127142e-09	5.93394297401e-09
     4	9.22794256045e-09	2.21690882166e-09	1.14448513821e-08
     5	7.56605719656e-09	1.81544838621e-09	9.38150558277e-09
     6	6.52918057782e-09	1.56514047832e-09	8.09432105614e-09
     7	1.34748394977e-08	3.23696433148e-09	1.67118038292e-08
     8	1.09587594092e-08	2.62953722058e-09	1.35882966298e-08
     9	9.39252923688e-09	2.2520522567e-09	1.16445814936e-08

Measurement: t_ro93
  step	t_ro93	FROM	TO
     1	6.12883915944e-09	1.4620727885e-09	7.59091194794e-09
     2	5.18813580579e-09	1.23709158086e-09	6.42522738664e-09
     3	4.59208674658e-09	1.09462998999e-09	5.68671673657e-09
     4	8.54174995461e-09	2.03519749689e-09	1.05769474515e-08
     5	7.10177075927e-09	1.69238913858e-09	8.79415989785e-09
     6	6.19078978867e-09	1.47499473034e-09	7.66578451901e-09
     7	1.23267572693e-08	2.93316195814e-09	1.52599192275e-08
     8	1.01666661338e-08	2.42089250325e-09	1.25875586371e-08
     9	8.80394913721e-09	2.09622768785e-09	1.09001768251e-08

Measurement: t_ro94
  step	t_ro94	FROM	TO
     1	6.16182749244e-09	1.47618052701e-09	7.63800801945e-09
     2	5.21157595612e-09	1.2475260346e-09	6.45910199072e-09
     3	4.60136723067e-09	1.10143122933e-09	5.70279846e-09
     4	8.61049207161e-09	2.06184235549e-09	1.06723344271e-08
     5	7.14407650777e-09	1.70942150581e-09	8.85349801358e-09
     6	6.21938184726e-09	1.48793646634e-09	7.7073183136e-09
     7	1.2450608589e-08	2.97960491868e-09	1.54302135077e-08
     8	1.02458799821e-08	2.45042421377e-09	1.26963041959e-08
     9	8.85945888023e-09	2.11856151132e-09	1.09780203916e-08

Measurement: t_ro95
  step	t_ro95	FROM	TO
     1	6.28987530607e-09	1.51424212856e-09	7.80411743463e-09
     2	5.28825499816e-09	1.26991339092e-09	6.55816838909e-09
     3	4.6660206593e-09	1.1186195298e-09	5.7846401891e-09
     4	8.82491287578e-09	2.12611803338e-09	1.09510309092e-08
     5	7.28618437959e-09	1.75104438315e-09	9.03722876275e-09
     6	6.32281700639e-09	1.51715062482e-09	7.83996763122e-09
     7	1.2790774376e-08	3.08222060963e-09	1.58729949856e-08
     8	1.04726422457e-08	2.5179432495e-09	1.29905854952e-08
     9	9.02646941003e-09	2.16723337405e-09	1.11937027841e-08

Measurement: t_ro96
  step	t_ro96	FROM	TO
     1	6.08000187331e-09	1.46237519369e-09	7.54237706701e-09
     2	5.16117577429e-09	1.24026289209e-09	6.40143866639e-09
     3	4.56457034859e-09	1.09595488614e-09	5.66052523473e-09
     4	8.47272465855e-09	2.03987429885e-09	1.05125989574e-08
     5	7.04747348023e-09	1.69480002653e-09	8.74227350676e-09
     6	6.14513669402e-09	1.476544373e-09	7.62168106702e-09
     7	1.22161155436e-08	2.94228130626e-09	1.51583968499e-08
     8	1.008019781e-08	2.42528185084e-09	1.25054796609e-08
     9	8.73177045807e-09	2.09915012338e-09	1.08309205814e-08

Measurement: t_ro97
  step	t_ro97	FROM	TO
     1	5.8417001536e-09	1.41354637328e-09	7.25524652689e-09
     2	4.999223573e-09	1.20449967401e-09	6.20372324702e-09
     3	4.45086131444e-09	1.0693115478e-09	5.52017286224e-09
     4	8.02657677173e-09	1.94511047375e-09	9.97168724548e-09
     5	6.75176563878e-09	1.63102057702e-09	8.3827862158e-09
     6	5.93312385828e-09	1.43007826163e-09	7.3632021199e-09
     7	1.14650582318e-08	2.7799609317e-09	1.42450191635e-08
     8	9.57053241436e-09	2.3142583223e-09	1.18847907367e-08
     9	8.35791042489e-09	2.01774502128e-09	1.03756554462e-08

Measurement: t_ro98
  step	t_ro98	FROM	TO
     1	6.36219093485e-09	1.52544272771e-09	7.88763366257e-09
     2	5.33258272425e-09	1.27582522523e-09	6.60840794948e-09
     3	4.68220943356e-09	1.11892929402e-09	5.80113872758e-09
     4	8.99011301321e-09	2.15573938151e-09	1.11458523947e-08
     5	7.38182903949e-09	1.76614488284e-09	9.14797392233e-09
     6	6.38717427712e-09	1.526116117e-09	7.91329039412e-09
     7	1.30941171049e-08	3.13896357561e-09	1.62330806805e-08
     8	1.06579306992e-08	2.54964746477e-09	1.3207578164e-08
     9	9.1536097671e-09	2.18698858625e-09	1.13405983534e-08

Measurement: t_ro99
  step	t_ro99	FROM	TO
     1	6.02448618723e-09	1.44789031739e-09	7.47237650463e-09
     2	5.11999245557e-09	1.22847672397e-09	6.34846917954e-09
     3	4.52279842103e-09	1.08520433845e-09	5.60800275948e-09
     4	8.38951342397e-09	2.01749897367e-09	1.04070123976e-08
     5	6.97650628029e-09	1.67592668135e-09	8.65243296164e-09
     6	6.0873989277e-09	1.46140339566e-09	7.54880232335e-09
     7	1.20924907224e-08	2.90893034784e-09	1.50014210702e-08
     8	9.97090822334e-09	2.39620875051e-09	1.23671169738e-08
     9	8.63997298286e-09	2.0750677246e-09	1.07150407075e-08

Measurement: t_ro100
  step	t_ro100	FROM	TO
     1	6.2399999638e-09	1.49768446094e-09	7.73768442474e-09
     2	5.26691980766e-09	1.26216834396e-09	6.52908815162e-09
     3	4.6468926804e-09	1.11266513134e-09	5.75955781174e-09
     4	8.7080106841e-09	2.09006099311e-09	1.07980716772e-08
     5	7.21969221213e-09	1.73036978792e-09	8.95006200005e-09
     6	6.27771774332e-09	1.50324006123e-09	7.78095780455e-09
     7	1.25921417971e-08	3.02214258331e-09	1.56142843804e-08
     8	1.03607867322e-08	2.48321955139e-09	1.28440062835e-08
     9	8.9515968766e-09	2.14363393828e-09	1.10952308149e-08

Measurement: t_ro101
  step	t_ro101	FROM	TO
     1	5.54852627013e-09	1.33031833813e-09	6.87884460826e-09
     2	4.80000609116e-09	1.14975668729e-09	5.94976277845e-09
     3	4.30371366488e-09	1.03028595337e-09	5.33399961826e-09
     4	7.5157207791e-09	1.80247028548e-09	9.31819106458e-09
     5	6.39999177266e-09	1.53302837477e-09	7.93302014743e-09
     6	5.6713720524e-09	1.35792371492e-09	7.02929576732e-09
     7	1.06143006075e-08	2.54511344245e-09	1.31594140499e-08
     8	8.97802169779e-09	2.15126405694e-09	1.11292857547e-08
     9	7.91134582643e-09	1.89447028168e-09	9.80581610811e-09

Measurement: t_ro102
  step	t_ro102	FROM	TO
     1	6.02410173757e-09	1.44650902815e-09	7.47061076572e-09
     2	5.1092080635e-09	1.22519382841e-09	6.33440189191e-09
     3	4.52519106411e-09	1.08393218709e-09	5.6091232512e-09
     4	8.37356757156e-09	2.01125341816e-09	1.03848209897e-08
     5	6.97292518781e-09	1.67275861597e-09	8.64568380378e-09
     6	6.08716272971e-09	1.45860967574e-09	7.54577240546e-09
     7	1.20645047706e-08	2.89817463717e-09	1.49626794077e-08
     8	9.9655482578e-09	2.39127285364e-09	1.23568211114e-08
     9	8.64254118936e-09	2.07168688317e-09	1.07142280725e-08

Measurement: t_ro103
  step	t_ro103	FROM	TO
     1	6.14866398668e-09	1.47748290159e-09	7.62614688827e-09
     2	5.2071774582e-09	1.24858518792e-09	6.45576264612e-09
     3	4.60341394183e-09	1.10283373413e-09	5.70624767595e-09
     4	8.57687100169e-09	2.06243708486e-09	1.06393080865e-08
     5	7.13032252082e-09	1.71124298384e-09	8.84156550465e-09
     6	6.21357962515e-09	1.48956370992e-09	7.70314333507e-09
     7	1.23853109017e-08	2.97887923763e-09	1.53641901394e-08
     8	1.02154671236e-08	2.45250236737e-09	1.2667969491e-08
     9	8.84423878423e-09	2.12114891243e-09	1.09653876967e-08

Measurement: t_ro104
  step	t_ro104	FROM	TO
     1	6.08000471805e-09	1.45848246184e-09	7.53848717989e-09
     2	5.14790679033e-09	1.23424264073e-09	6.38214943106e-09
     3	4.56606807065e-09	1.09352324925e-09	5.6595913199e-09
     4	8.36901249621e-09	2.01068363331e-09	1.03796961295e-08
     5	7.0012784054e-09	1.67947936822e-09	8.68075777362e-09
     6	6.12291787288e-09	1.4671063606e-09	7.59002423348e-09
     7	1.20195761791e-08	2.88816163823e-09	1.49077378173e-08
     8	9.98363720412e-09	2.39540359808e-09	1.23790408022e-08
     9	8.67911697177e-09	2.08023366152e-09	1.07593506333e-08

Measurement: t_ro105
  step	t_ro105	FROM	TO
     1	5.96059284481e-09	1.44013671496e-09	7.40072955977e-09
     2	5.07901943037e-09	1.22392951128e-09	6.30294894165e-09
     3	4.50689834955e-09	1.08451801695e-09	5.5914163665e-09
     4	8.24840610216e-09	1.99516812662e-09	1.02435742288e-08
     5	6.89840518919e-09	1.66415847496e-09	8.56256366414e-09
     6	6.03936925745e-09	1.45507413173e-09	7.49444338918e-09
     7	1.18283502039e-08	2.86238945817e-09	1.46907396621e-08
     8	9.81453890369e-09	2.36920165767e-09	1.21837405614e-08
     9	8.53693679251e-09	2.05830996502e-09	1.05952467575e-08

Measurement: t_ro106
  step	t_ro106	FROM	TO
     1	5.53955787742e-09	1.33293765008e-09	6.8724955275e-09
     2	4.79994596955e-09	1.1523035261e-09	5.95224949565e-09
     3	4.30213010376e-09	1.03261134227e-09	5.33474144604e-09
     4	7.50341494268e-09	1.80817905556e-09	9.31159399824e-09
     5	6.39353045406e-09	1.53883917006e-09	7.93236962412e-09
     6	5.66749327628e-09	1.36290210425e-09	7.03039538053e-09
     7	1.05939350267e-08	2.55592607062e-09	1.31498610973e-08
     8	8.96527406674e-09	2.16065947564e-09	1.11259335424e-08
     9	7.9032899928e-09	1.90307816902e-09	9.80636816183e-09

Measurement: t_ro107
  step	t_ro107	FROM	TO
     1	5.99404232765e-09	1.44481847618e-09	7.43886080384e-09
     2	5.10050149756e-09	1.22731629376e-09	6.32781779132e-09
     3	4.51841206736e-09	1.0859160215e-09	5.60432808885e-09
     4	8.30917794364e-09	2.00476831426e-09	1.03139462579e-08
     5	6.93958841331e-09	1.67132187702e-09	8.61091029033e-09
     6	6.06929891881e-09	1.46022525532e-09	7.52952417413e-09
     7	1.19402962312e-08	2.88235249408e-09	1.48226487253e-08
     8	9.89356879893e-09	2.38422653604e-09	1.2277795335e-08
     9	8.59608566877e-09	2.06964845667e-09	1.06657341254e-08

Measurement: t_ro108
  step	t_ro108	FROM	TO
     1	6.27969977058e-09	1.50290460235e-09	7.78260437292e-09
     2	5.27405894127e-09	1.2612009188e-09	6.53525986007e-09
     3	4.63426223618e-09	1.10826542778e-09	5.74252766397e-09
     4	8.86768413629e-09	2.1220972933e-09	1.09897814296e-08
     5	7.26591181878e-09	1.73776438681e-09	9.00367620559e-09
     6	6.28709153463e-09	1.50298705406e-09	7.79007858868e-09
     7	1.28919920771e-08	3.08457694337e-09	1.59765690205e-08
     8	1.0466137893e-08	2.50279945061e-09	1.29689373436e-08
     9	8.9892378253e-09	2.14882581804e-09	1.11380636433e-08

Measurement: t_ro109
  step	t_ro109	FROM	TO
     1	6.1866752542e-09	1.48200305964e-09	7.66867831384e-09
     2	5.22135095435e-09	1.24962621806e-09	6.4709771724e-09
     3	4.61381096097e-09	1.10351541888e-09	5.71732637984e-09
     4	8.61986943415e-09	2.06466766363e-09	1.06845370978e-08
     5	7.13973169874e-09	1.70878706686e-09	8.8485187656e-09
     6	6.21121219663e-09	1.48553521974e-09	7.69674741637e-09
     7	1.24419134157e-08	2.97966577063e-09	1.54215791863e-08
     8	1.02227447404e-08	2.44633741302e-09	1.26690821534e-08
     9	8.83441476319e-09	2.11274198336e-09	1.09471567466e-08

Measurement: t_ro110
  step	t_ro110	FROM	TO
     1	5.8854586493e-09	1.40819398644e-09	7.29365263573e-09
     2	5.0252903949e-09	1.20068168272e-09	6.22597207763e-09
     3	4.46831425592e-09	1.0670209231e-09	5.53533517902e-09
     4	8.12694698073e-09	1.94432883126e-09	1.0071275812e-08
     5	6.81782663997e-09	1.62916447676e-09	8.44699111673e-09
     6	5.97922322912e-09	1.42774331053e-09	7.40696653965e-09
     7	1.16472521028e-08	2.78582497021e-09	1.44330770731e-08
     8	9.69646019073e-09	2.31657114034e-09	1.20130313311e-08
     9	8.4502457205e-09	2.01738321984e-09	1.04676289403e-08

Measurement: t_ro111
  step	t_ro111	FROM	TO
     1	5.81232893672e-09	1.39884548487e-09	7.21117442158e-09
     2	4.97562101715e-09	1.19580221254e-09	6.17142322969e-09
     3	4.43844174783e-09	1.06618340997e-09	5.5046251578e-09
     4	7.98609385048e-09	1.92379901546e-09	9.90989286594e-09
     5	6.72967196173e-09	1.61931797721e-09	8.34898993893e-09
     6	5.91994699658e-09	1.42321653723e-09	7.34316353381e-09
     7	1.14015440787e-08	2.74810048951e-09	1.41496445682e-08
     8	9.53959222893e-09	2.29698490056e-09	1.18365771295e-08
     9	8.34027311257e-09	2.00701939824e-09	1.03472925108e-08

Measurement: t_ro112
  step	t_ro112	FROM	TO
     1	5.99616269458e-09	1.43093348556e-09	7.42709618014e-09
     2	5.107685487e-09	1.21785421708e-09	6.32553970407e-09
     3	4.53105129331e-09	1.07997789271e-09	5.61102918602e-09
     4	8.27297174273e-09	1.96953081913e-09	1.02425025619e-08
     5	6.92523259732e-09	1.64992674943e-09	8.57515934675e-09
     6	6.06313905173e-09	1.44415269219e-09	7.50729174391e-09
     7	1.18628609158e-08	2.81568494285e-09	1.46785458586e-08
     8	9.85467353533e-09	2.3446355644e-09	1.21993090997e-08
     9	8.57337867709e-09	2.04006636867e-09	1.06134450458e-08

Measurement: t_ro113
  step	t_ro113	FROM	TO
     1	6.08935375584e-09	1.46184990781e-09	7.55120366364e-09
     2	5.16793438869e-09	1.23772059249e-09	6.40565498119e-09
     3	4.57962663353e-09	1.09523806949e-09	5.67486470302e-09
     4	8.4611384115e-09	2.03199299424e-09	1.04931314057e-08
     5	7.05572960159e-09	1.69088920333e-09	8.74661880492e-09
     6	6.16027842585e-09	1.47402498571e-09	7.63430341156e-09
     7	1.2196921699e-08	2.92913752264e-09	1.51260592217e-08
     8	1.00939949425e-08	2.4194149948e-09	1.25134099373e-08
     9	8.7558954727e-09	2.09559606728e-09	1.085149154e-08

Measurement: t_ro114
  step	t_ro114	FROM	TO
     1	5.85212947194e-09	1.40871031232e-09	7.26083978426e-09
     2	5.00826029704e-09	1.20294355493e-09	6.21120385198e-09
     3	4.4625027767e-09	1.07002196592e-09	5.53252474262e-09
     4	8.03837803241e-09	1.93657738422e-09	9.97495541662e-09
     5	6.76905156745e-09	1.62745320008e-09	8.39650476753e-09
     6	5.94990256418e-09	1.42824896239e-09	7.37815152657e-09
     7	1.14787388855e-08	2.76646492916e-09	1.42452038146e-08
     8	9.59629230421e-09	2.30852707407e-09	1.19048193783e-08
     9	8.38455532813e-09	2.01405767901e-09	1.03986130071e-08

Measurement: t_ro115
  step	t_ro115	FROM	TO
     1	6.23236888998e-09	1.49892264841e-09	7.73129153839e-09
     2	5.26399966764e-09	1.26539680491e-09	6.52939647255e-09
     3	4.64000393557e-09	1.11533980302e-09	5.75534373859e-09
     4	8.71935832218e-09	2.09827019843e-09	1.08176285206e-08
     5	7.22815632718e-09	1.73821043615e-09	8.96636676332e-09
     6	6.28530011704e-09	1.51101265767e-09	7.79631277471e-09
     7	1.2627694744e-08	3.03983200558e-09	1.56675267496e-08
     8	1.03845166907e-08	2.49790334666e-09	1.28824200374e-08
     9	8.97054518403e-09	2.15716503049e-09	1.11277102145e-08

Measurement: t_ro116
  step	t_ro116	FROM	TO
     1	5.56557940589e-09	1.3299367218e-09	6.89551612769e-09
     2	4.79999665554e-09	1.14647276893e-09	5.94646942447e-09
     3	4.3199752943e-09	1.03072995312e-09	5.35070524742e-09
     4	7.53019732256e-09	1.79892653408e-09	9.32912385663e-09
     5	6.41268241426e-09	1.53063133089e-09	7.94331374515e-09
     6	5.68226417121e-09	1.35580669182e-09	7.03807086303e-09
     7	1.06239060414e-08	2.53672439713e-09	1.31606304385e-08
     8	8.98703352803e-09	2.14415051969e-09	1.11311840477e-08
     9	7.91982583826e-09	1.88887532149e-09	9.80870115974e-09

Measurement: t_ro117
  step	t_ro117	FROM	TO
     1	6.16189084843e-09	1.47588043238e-09	7.6377712808e-09
     2	5.2080237134e-09	1.24559486641e-09	6.45361857981e-09
     3	4.60101030296e-09	1.099835707e-09	5.70084600996e-09
     4	8.59198548941e-09	2.05803668454e-09	1.06500221739e-08
     5	7.12811792812e-09	1.70499705906e-09	8.83311498717e-09
     6	6.20646768872e-09	1.4834958937e-09	7.68996358241e-09
     7	1.2396729522e-08	2.9689720854e-09	1.53657016074e-08
     8	1.02034549093e-08	2.44049866604e-09	1.26439535754e-08
     9	8.8259891334e-09	2.10947978324e-09	1.09354689166e-08

Measurement: t_ro118
  step	t_ro118	FROM	TO
     1	5.49834743164e-09	1.31951173357e-09	6.81785916521e-09
     2	4.77357538686e-09	1.14392037696e-09	5.91749576382e-09
     3	4.28578103983e-09	1.02598369224e-09	5.31176473207e-09
     4	7.4207002265e-09	1.7817509471e-09	9.2024511736e-09
     5	6.34321517301e-09	1.52110124232e-09	7.86431641533e-09
     6	5.63389252106e-09	1.34966672126e-09	6.98355924233e-09
     7	1.04517909879e-08	2.51021510907e-09	1.2962006097e-08
     8	8.87674780667e-09	2.12959773475e-09	1.10063455414e-08
     9	7.84050148868e-09	1.88011459722e-09	9.7206160859e-09

Measurement: t_ro119
  step	t_ro119	FROM	TO
     1	5.81175056956e-09	1.3892894601e-09	7.20104002966e-09
     2	4.96187132083e-09	1.18465090005e-09	6.14652222089e-09
     3	4.43649133743e-09	1.05890243178e-09	5.49539376922e-09
     4	7.97724149945e-09	1.90658904232e-09	9.88383054177e-09
     5	6.72006874803e-09	1.60478376631e-09	8.32485251434e-09
     6	5.91137280894e-09	1.41046680938e-09	7.32183961832e-09
     7	1.13736326291e-08	2.71732300855e-09	1.40909556377e-08
     8	9.50991048582e-09	2.26981753233e-09	1.17797280182e-08
     9	8.31454028889e-09	1.98351021406e-09	1.02980505029e-08

Measurement: t_ro120
  step	t_ro120	FROM	TO
     1	6.03238216002e-09	1.44366753901e-09	7.47604969903e-09
     2	5.11999814345e-09	1.22536975313e-09	6.34536789659e-09
     3	4.53067646384e-09	1.08370232676e-09	5.6143787906e-09
     4	8.39015816436e-09	2.00719677459e-09	1.0397354939e-08
     5	6.9852900506e-09	1.67056921706e-09	8.65585926766e-09
     6	6.09680530898e-09	1.45783568244e-09	7.55464099142e-09
     7	1.20835166656e-08	2.88943425823e-09	1.49729509239e-08
     8	9.97978399188e-09	2.38574003059e-09	1.23655240225e-08
     9	8.65413762003e-09	2.06850121416e-09	1.07226388342e-08

Measurement: t_ro121
  step	t_ro121	FROM	TO
     1	6.00569819867e-09	1.44084213582e-09	7.44654033449e-09
     2	5.10580628964e-09	1.22263230445e-09	6.32843859409e-09
     3	4.528957578e-09	1.08321152289e-09	5.61216910089e-09
     4	8.33746708053e-09	2.00108047492e-09	1.03385475554e-08
     5	6.96374434771e-09	1.66838248283e-09	8.63212683054e-09
     6	6.08994664656e-09	1.45717878962e-09	7.54712543618e-09
     7	1.19870228856e-08	2.87683707432e-09	1.48638599599e-08
     8	9.93361760564e-09	2.38025896124e-09	1.23138765669e-08
     9	8.6312461511e-09	2.06576111851e-09	1.06970072696e-08

Measurement: t_ro122
  step	t_ro122	FROM	TO
     1	6.26820336387e-09	1.50799464952e-09	7.77619801339e-09
     2	5.28470158394e-09	1.26974006714e-09	6.55444165108e-09
     3	4.65973477217e-09	1.11746005653e-09	5.7771948287e-09
     4	8.75664818017e-09	2.1081998332e-09	1.08648480134e-08
     5	7.2521041892e-09	1.74327447082e-09	8.99537866002e-09
     6	6.30139822759e-09	1.51273448047e-09	7.81413270806e-09
     7	1.26675065559e-08	3.05096277248e-09	1.57184693284e-08
     8	1.0410228941e-08	2.50354001435e-09	1.29137689554e-08
     9	8.9876072163e-09	2.15910723482e-09	1.11467144511e-08

Measurement: t_ro123
  step	t_ro123	FROM	TO
     1	6.12816027289e-09	1.47520639304e-09	7.60336666592e-09
     2	5.18265244414e-09	1.24639732297e-09	6.42904976711e-09
     3	4.58278168343e-09	1.10093536017e-09	5.68371704361e-09
     4	8.56271875771e-09	2.06280386068e-09	1.06255226184e-08
     5	7.1083566476e-09	1.7106965129e-09	8.8190531605e-09
     6	6.19221763374e-09	1.48903275302e-09	7.68125038676e-09
     7	1.23659993882e-08	2.98048294113e-09	1.53464823293e-08
     8	1.01826838662e-08	2.45205152692e-09	1.26347353932e-08
     9	8.8112432042e-09	2.12041853605e-09	1.09316617402e-08

Measurement: t_ro124
  step	t_ro124	FROM	TO
     1	6.39744557357e-09	1.5353026098e-09	7.93274818337e-09
     2	5.35515878429e-09	1.28335884437e-09	6.63851762866e-09
     3	4.70427968355e-09	1.12601531776e-09	5.83029500131e-09
     4	9.01651734358e-09	2.1653606204e-09	1.1181877964e-08
     5	7.40286478257e-09	1.7744647855e-09	9.17732956807e-09
     6	6.4002113748e-09	1.53217308047e-09	7.93238445527e-09
     7	1.3134191032e-08	3.15350833191e-09	1.62876993639e-08
     8	1.06894619155e-08	2.56203709501e-09	1.32514990105e-08
     9	9.1785518489e-09	2.19726602314e-09	1.1375817872e-08

Measurement: t_ro125
  step	t_ro125	FROM	TO
     1	5.73385987487e-09	1.37051560471e-09	7.10437547958e-09
     2	4.93015245428e-09	1.1780231571e-09	6.10817561138e-09
     3	4.40253571737e-09	1.05206920206e-09	5.45460491943e-09
     4	7.80064923054e-09	1.8626985775e-09	9.66334780803e-09
     5	6.60581317038e-09	1.57747255321e-09	8.18328572359e-09
     6	5.82924610281e-09	1.39211932762e-09	7.22136543043e-09
     7	1.10699581284e-08	2.63895153122e-09	1.37089096596e-08
     8	9.31061776376e-09	2.22091042458e-09	1.15315281883e-08
     9	8.16985853271e-09	1.94947690453e-09	1.01193354372e-08

Measurement: t_ro126
  step	t_ro126	FROM	TO
     1	6.11409570622e-09	1.47157264708e-09	7.58566835331e-09
     2	5.18417848024e-09	1.24630478066e-09	6.4304832609e-09
     3	4.58959003469e-09	1.10257440981e-09	5.69216444451e-09
     4	8.50529350835e-09	2.04831551194e-09	1.05536090203e-08
     5	7.08510384115e-09	1.70409718212e-09	8.78920102326e-09
     6	6.18147867373e-09	1.48584924671e-09	7.66732792044e-09
     7	1.22590153863e-08	2.95314431344e-09	1.52121596997e-08
     8	1.01328012967e-08	2.43800547293e-09	1.25708067697e-08
     9	8.78403101726e-09	2.11217697865e-09	1.08962079959e-08

Measurement: t_ro127
  step	t_ro127	FROM	TO
     1	6.46671470393e-09	1.5530642615e-09	8.01977896543e-09
     2	5.42701663346e-09	1.30198296678e-09	6.72899960024e-09
     3	4.75293330158e-09	1.13902279699e-09	5.89195609857e-09
     4	9.0973300626e-09	2.18519372996e-09	1.12825237926e-08
     5	7.46408261313e-09	1.79096416453e-09	9.25504677766e-09
     6	6.44814690523e-09	1.54601103138e-09	7.99415793661e-09
     7	1.32314189982e-08	3.17830723868e-09	1.64097262369e-08
     8	1.07650760396e-08	2.58320637466e-09	1.33482824142e-08
     9	9.23687977963e-09	2.21482968159e-09	1.14517094612e-08

Measurement: freq_ro0
  step	{80/t_ro0}
     1	12216886530.7
     2	14673837857.9
     3	16666703957.2
     4	8600054279.4
     5	10528054447.5
     6	12218893385.4
     7	5876418558.92
     8	7257966431.5
     9	8485417897.08

Measurement: freq_ro1
  step	{80/t_ro1}
     1	13513717498.6
     2	15829760170.4
     3	17839957796.5
     4	9806853883.14
     5	11683406100.7
     6	13322147135.1
     7	6846918555.66
     8	8215624505.37
     9	9425266232.91

Measurement: freq_ro2
  step	{80/t_ro2}
     1	12977497074.5
     2	15319296304.3
     3	17333418582.7
     4	9310341840.9
     5	11195446158.1
     6	12848654125.8
     7	6447594486.11
     8	7814207458.19
     9	9026508468.09

Measurement: freq_ro3
  step	{80/t_ro3}
     1	13257515575.7
     2	15624998547.4
     3	17618855494
     4	9531264271.93
     5	11427807065.4
     6	13082526487.1
     7	6618441151.58
     8	7998210722.32
     9	9216077685.49

Measurement: freq_ro4
  step	{80/t_ro4}
     1	12725063116.4
     2	15151505046.4
     3	17167051114.2
     4	9031071939.96
     5	10947487666.4
     6	12623253651
     7	6215014804.84
     8	7597982961.62
     9	8821927427.79

Measurement: freq_ro5
  step	{80/t_ro5}
     1	11904756894.4
     2	14341441813
     3	16457793271.2
     4	8276287667.29
     5	10212960082.7
     6	11917576192.9
     7	5615887782.9
     8	6992817510.35
     9	8221490912.03

Measurement: freq_ro6
  step	{80/t_ro6}
     1	13410197925.6
     2	15818906797.8
     3	17857137513.4
     4	9615395482.39
     5	11578296939.4
     6	13265968740.9
     7	6679082546.69
     8	8110604366.83
     9	9358924150.06

Measurement: freq_ro7
  step	{80/t_ro7}
     1	13513557810.8
     2	15861983325.8
     3	17857124241.7
     4	9815983682.25
     5	11708799622.3
     6	13353948889.1
     7	6853765580.61
     8	8240489989.75
     9	9458684863.09

Measurement: freq_ro8
  step	{80/t_ro8}
     1	13308786238.8
     2	15625042549.5
     3	17645459433.5
     4	9612107603.18
     5	11498341284.3
     6	13146721079.2
     7	6687020230.98
     8	8061853799.79
     9	9274184371.87

Measurement: freq_ro9
  step	{80/t_ro9}
     1	13258424767.6
     2	15625026032.1
     3	17654249684.9
     4	9528367476.83
     5	11456649015
     6	13125672150.5
     7	6626946391.69
     8	8034970654.5
     9	9266826574.83

Measurement: freq_ro10
  step	{80/t_ro10}
     1	12608638210.5
     2	15020651911.3
     3	17063862787.7
     4	8946656473.86
     5	10861864753.2
     6	12540479031.2
     7	6149317350.99
     8	7528566757.93
     9	8752803711.37

Measurement: freq_ro11
  step	{80/t_ro11}
     1	13938287659.2
     2	16237859513.1
     3	18193263412.7
     4	10201493994.1
     5	12073237568.6
     6	13700126643.9
     7	7170254271.7
     8	8549551658.28
     9	9760029560.52

Measurement: freq_ro12
  step	{80/t_ro12}
     1	13039007796.2
     2	15401376515.6
     3	17417482933.2
     4	9371193740.65
     5	11271411972.1
     6	12930908321.9
     7	6500673498.65
     8	7878836059.59
     9	9096308059.69

Measurement: freq_ro13
  step	{80/t_ro13}
     1	13570542676.7
     2	15893955459.6
     3	17858224554.6
     4	9889287880.49
     5	11770015070
     6	13409118821.2
     7	6925928482.77
     8	8304138874.61
     9	9517605767.52

Measurement: freq_ro14
  step	{80/t_ro14}
     1	13513513965.7
     2	15872887530.2
     3	17858118763.9
     4	9795839175.95
     5	11684113788.6
     6	13328861410.7
     7	6835112225.55
     8	8216051567.76
     9	9430596933.71

Measurement: freq_ro15
  step	{80/t_ro15}
     1	13278562335.8
     2	15646312604.4
     3	17666109067
     4	9563315138.24
     5	11478054118.6
     6	13143470135.5
     7	6646542171.9
     8	8041455017.03
     9	9268574963.47

Measurement: freq_ro16
  step	{80/t_ro16}
     1	13404859691.7
     2	15726691206.6
     3	17710628778.7
     4	9731589553.47
     5	11607134435
     6	13245201284.4
     7	6794616615.94
     8	8163160255.15
     9	9372092507.54

Measurement: freq_ro17
  step	{80/t_ro17}
     1	13585062066
     2	15889270340.5
     3	17857152647.7
     4	9891775466.19
     5	11755740943.5
     6	13383908512.9
     7	6924061634.67
     8	8288992484.04
     9	9493440820.31

Measurement: freq_ro18
  step	{80/t_ro18}
     1	13460598673.9
     2	15789161886.7
     3	17806697841.7
     4	9738115851.06
     5	11627889040.9
     6	13273803201
     7	6788298506.06
     8	8166029954.04
     9	9381042594.7

Measurement: freq_ro19
  step	{80/t_ro19}
     1	14002031015
     2	16274956791.5
     3	18217858786
     4	10252838424.8
     5	12114682499
     6	13730120142.8
     7	7212179887.25
     8	8582111618.83
     9	9782743566.59

Measurement: freq_ro20
  step	{80/t_ro20}
     1	12948876626.1
     2	15350567028.7
     3	17388862298.2
     4	9269555263.01
     5	11215867041.6
     6	12898963010.5
     7	6420806618.91
     8	7836335970.81
     9	9074274366.17

Measurement: freq_ro21
  step	{80/t_ro21}
     1	13157892410.2
     2	15578237884.4
     3	17612452870.8
     4	9459826189.6
     5	11404380339.3
     6	13084233554.8
     7	6570312701.27
     8	7988116975.17
     9	9227310261.85

Measurement: freq_ro22
  step	{80/t_ro22}
     1	13959087689.5
     2	16209574115.5
     3	18159411546.4
     4	10239428898.2
     5	12081684055.7
     6	13689177665
     7	7207844579.33
     8	8562845684.74
     9	9757357468.2

Measurement: freq_ro23
  step	{80/t_ro23}
     1	13152434716.8
     2	15574849930.7
     3	17620278582.6
     4	9404511944.67
     5	11363263863.2
     6	13056765478.3
     7	6517306809.48
     8	7946360065.26
     9	9192466856.81

Measurement: freq_ro24
  step	{80/t_ro24}
     1	13717123263.9
     2	15998749913
     3	17961026045.3
     4	10025618168.8
     5	11887086112.4
     6	13510382350.1
     7	7036991068.78
     8	8400713973.48
     9	9602980864.59

Measurement: freq_ro25
  step	{80/t_ro25}
     1	12914403365.9
     2	15268421027.5
     3	17291826719.1
     4	9258763125.71
     5	11147738413.4
     6	12807504861.8
     7	6403547383.5
     8	7770248135.04
     9	8983650347.1

Measurement: freq_ro26
  step	{80/t_ro26}
     1	13844473564.3
     2	16129031160.5
     3	18086491879.5
     4	10122912717.5
     5	11984478657.5
     6	13608166484.6
     7	7108732463.8
     8	8475318338.97
     9	9679050321.18

Measurement: freq_ro27
  step	{80/t_ro27}
     1	13008962839.6
     2	15359719960.7
     3	17385415252.9
     4	9321837211.96
     5	11215016214.4
     6	12873410157.5
     7	6450619252.61
     8	7822336062.25
     9	9038133001.96

Measurement: freq_ro28
  step	{80/t_ro28}
     1	13015395728.4
     2	15363972607.1
     3	17382168322.6
     4	9349958824.12
     5	11239367166.6
     6	12897374966.9
     7	6475425039.33
     8	7843747503.18
     9	9058665752.03

Measurement: freq_ro29
  step	{80/t_ro29}
     1	13604573831.6
     2	15929021141.9
     3	17880241237.9
     4	9901347485.65
     5	11772271323.1
     6	13404944402.1
     7	6923940347.88
     8	8293511676.05
     9	9501626132.63

Measurement: freq_ro30
  step	{80/t_ro30}
     1	13202225172.2
     2	15624933834
     3	17611503012.7
     4	9473562238.16
     5	11396434539.7
     6	13071901888
     7	6568520597.16
     8	7967068257.18
     9	9199986019.86

Measurement: freq_ro31
  step	{80/t_ro31}
     1	13421829248.1
     2	15717244437.3
     3	17726575085.1
     4	9715494973.61
     5	11592506887
     6	13231683147.7
     7	6774249399.28
     8	8144648045.74
     9	9354739216.98

Measurement: freq_ro32
  step	{80/t_ro32}
     1	13184434121.3
     2	15540268765.2
     3	17516777545.1
     4	9520676551.31
     5	11387908682
     6	13026641680
     7	6616712826.78
     8	7973212338.93
     9	9177099562.32

Measurement: freq_ro33
  step	{80/t_ro33}
     1	13335648325.8
     2	15625004920
     3	17671305787.5
     4	9615636169.81
     5	11500673394.6
     6	13146396644.9
     7	6689733059.62
     8	8063492752.73
     9	9276178302.11

Measurement: freq_ro34
  step	{80/t_ro34}
     1	12615115871.4
     2	15012296472.6
     3	17054240399.7
     4	8974584339.8
     5	10881757132.7
     6	12555753685
     7	6177828737.83
     8	7552418990.3
     9	8773386328.33

Measurement: freq_ro35
  step	{80/t_ro35}
     1	13116171669.2
     2	15464297391
     3	17470220138.8
     4	9455499625.77
     5	11342331128
     6	12993713834.1
     7	6569126744.11
     8	7938874406.67
     9	9151957819.45

Measurement: freq_ro36
  step	{80/t_ro36}
     1	12941785006.6
     2	15303715012.8
     3	17320337636.7
     4	9258975931.03
     5	11146145966.3
     6	12805649534.6
     7	6397250997.91
     8	7763671751.72
     9	8977324214.74

Measurement: freq_ro37
  step	{80/t_ro37}
     1	13790282885.5
     2	16129031079.1
     3	18053630451.2
     4	10045483749.5
     5	11933304242.7
     6	13568104035.2
     7	7040925331.81
     8	8428592966.55
     9	9642931174.22

Measurement: freq_ro38
  step	{80/t_ro38}
     1	13555062957.3
     2	15889142538.2
     3	17857182232.7
     4	9824197335.24
     5	11716904348.2
     6	13358766982.6
     7	6857565583.66
     8	8243046411.92
     9	9457538489.47

Measurement: freq_ro39
  step	{80/t_ro39}
     1	13288529904.1
     2	15624984254.3
     3	17628288906.5
     4	9565514007.09
     5	11454852722.8
     6	13103630327.5
     7	6645802367.83
     8	8020047606.12
     9	9233028261.2

Measurement: freq_ro40
  step	{80/t_ro40}
     1	13700096381.9
     2	16046720957.6
     3	18023490007.5
     4	9932032906.7
     5	11835535213
     6	13483383450.3
     7	6936263320.77
     8	8330294535.89
     9	9549805653.87

Measurement: freq_ro41
  step	{80/t_ro41}
     1	12884180249.9
     2	15260869139.5
     3	17255717343.4
     4	9219517992.07
     5	11116031836.8
     6	12782877216
     7	6371247109.45
     8	7744243922.47
     9	8961742780.54

Measurement: freq_ro42
  step	{80/t_ro42}
     1	14705870589.2
     2	16928227193.2
     3	18808124549.9
     4	10931903905.4
     5	12769425529.4
     6	14349646267.3
     7	7787028766.18
     8	9155932541.29
     9	10344770815.1

Measurement: freq_ro43
  step	{80/t_ro43}
     1	13888940100.5
     2	16180980792.5
     3	18131628600.7
     4	10158070011.9
     5	12017317303.4
     6	13636714017.1
     7	7134885257.58
     8	8500706535.14
     9	9702951122.43

Measurement: freq_ro44
  step	{80/t_ro44}
     1	13139360280.3
     2	15468481839.8
     3	17478418112.4
     4	9400744555.58
     5	11293985391.7
     6	12947337128.1
     7	6514788117.41
     8	7889003901.19
     9	9103428467.4

Measurement: freq_ro45
  step	{80/t_ro45}
     1	13396269001.7
     2	15713468446.5
     3	17708028344.1
     4	9714265295.1
     5	11591415057.5
     6	13232170354.2
     7	6778025427.01
     8	8147284254.7
     9	9357640568.1

Measurement: freq_ro46
  step	{80/t_ro46}
     1	12736300412.6
     2	15135311897.1
     3	17182698867.2
     4	9072843937.3
     5	10980188834.3
     6	12652477477.7
     7	6250150551.7
     8	7627595926.61
     9	8849151437.82

Measurement: freq_ro47
  step	{80/t_ro47}
     1	13831972337.3
     2	16129033896.1
     3	18074665792.9
     4	10125495011.5
     5	11994325044.3
     6	13619621320.3
     7	7115760163.18
     8	8488812329.61
     9	9695305815.31

Measurement: freq_ro48
  step	{80/t_ro48}
     1	13722102331.6
     2	16048707402.2
     3	17988683363.1
     4	9999582192.44
     5	11865337714.1
     6	13494901926.6
     7	6999520117.12
     8	8368380332.2
     9	9574857208.28

Measurement: freq_ro49
  step	{80/t_ro49}
     1	12500015430.4
     2	14872396241.4
     3	16938544308.2
     4	8850973720.18
     5	10765986664.8
     6	12445058526
     7	6082128488.38
     8	7459766846.54
     9	8682490873.61

Measurement: freq_ro50
  step	{80/t_ro50}
     1	13749675864.6
     2	16129029809.3
     3	18111985057.4
     4	9956242719.4
     5	11890542436.1
     6	13550061947.3
     7	6956040128.74
     8	8375497035.51
     9	9608950598.79

Measurement: freq_ro51
  step	{80/t_ro51}
     1	13348755806.5
     2	15656494883
     3	17676139099.4
     4	9692284182.2
     5	11579848129.1
     6	13228622988.2
     7	6765834825.75
     8	8143419705.46
     9	9359938643.11

Measurement: freq_ro52
  step	{80/t_ro52}
     1	13461310726.1
     2	15747453905.6
     3	17741467433.5
     4	9774875345.38
     5	11635024915.2
     6	13271531507.2
     7	6826725417.48
     8	8186300746.79
     9	9390062934.97

Measurement: freq_ro53
  step	{80/t_ro53}
     1	11904745508.9
     2	14435608070.4
     3	16618481882.6
     4	8250451639.56
     5	10238635233.2
     6	11970472737.5
     7	5587499233.79
     8	7002694891.65
     9	8253902159.36

Measurement: freq_ro54
  step	{80/t_ro54}
     1	13808995347.7
     2	16129032054.8
     3	18072058460.2
     4	10091342422.6
     5	11975554923.4
     6	13605975599.4
     7	7094014503.56
     8	8479786973.48
     9	9692015890.65

Measurement: freq_ro55
  step	{80/t_ro55}
     1	13209586577.2
     2	15569359034.4
     3	17575682121.5
     4	9515236079.02
     5	11418538745.3
     6	13078391809.4
     7	6610018281.46
     8	7995314053.57
     9	9216769344.19

Measurement: freq_ro56
  step	{80/t_ro56}
     1	12033298454
     2	14462545904.4
     3	16568664096.8
     4	8440630748.36
     5	10357174961.9
     6	12048128482
     7	5751407460.64
     8	7117720953
     9	8338870035.35

Measurement: freq_ro57
  step	{80/t_ro57}
     1	13250353865.6
     2	15571985115.4
     3	17560849253.7
     4	9606953067.11
     5	11478455378.7
     6	13119228082.3
     7	6698534540.32
     8	8062588022.54
     9	9270809359.38

Measurement: freq_ro58
  step	{80/t_ro58}
     1	13774510638.1
     2	16129032064.7
     3	18072177284.3
     4	10008590433.4
     5	11915571799.3
     6	13560409768.8
     7	7007374927.44
     8	8411275633.36
     9	9632105368.7

Measurement: freq_ro59
  step	{80/t_ro59}
     1	13536387945.3
     2	15869187700.5
     3	17857473726.3
     4	9824474347.62
     5	11711732381.6
     6	13352123267.3
     7	6865298615.91
     8	8245034005.8
     9	9456836129.61

Measurement: freq_ro60
  step	{80/t_ro60}
     1	14329145965.7
     2	16591045464.2
     3	18518349631.6
     4	10591905587
     5	12445174110.1
     6	14053144996.8
     7	7499540801.36
     8	8872832148.38
     9	10075616174.1

Measurement: freq_ro61
  step	{80/t_ro61}
     1	13537937907.4
     2	15905508433.9
     3	17881451294.8
     4	9783297267.75
     5	11696860108.8
     6	13351563860.4
     7	6823332797.37
     8	8222899354.05
     9	9446318313.59

Measurement: freq_ro62
  step	{80/t_ro62}
     1	14150192821.9
     2	16418604197.8
     3	18353042074.9
     4	10399777079.7
     5	12253610827.5
     6	13866939281.2
     7	7332486192.77
     8	8698814479.84
     9	9900064157.66

Measurement: freq_ro63
  step	{80/t_ro63}
     1	13526015093.9
     2	15864794419
     3	17856976649.5
     4	9854056862.07
     5	11748884986.8
     6	13396080002.4
     7	6903600265.45
     8	8291657259.48
     9	9510908455.49

Measurement: freq_ro64
  step	{80/t_ro64}
     1	14285732293.3
     2	16552482588.2
     3	18475405432.6
     4	10567751801.8
     5	12406848011.7
     6	14003427344.7
     7	7480840936.81
     8	8840837526.76
     9	10032916281.3

Measurement: freq_ro65
  step	{80/t_ro65}
     1	12881639429.3
     2	15252132940.6
     3	17276065224.5
     4	9281994108.7
     5	11175242435.2
     6	12834159766.9
     7	6438114622.3
     8	7809812908.18
     9	9025927688.97

Measurement: freq_ro66
  step	{80/t_ro66}
     1	12992610457.2
     2	15365598152.3
     3	17393615235.3
     4	9341004718.93
     5	11257450415.6
     6	12927320895
     7	6481576382.81
     8	7875290157.42
     9	9103352415.79

Measurement: freq_ro67
  step	{80/t_ro67}
     1	12750842396.8
     2	15151515279.5
     3	17195763390.3
     4	9077231803.2
     5	10986557006
     6	12657257272.7
     7	6255143253.97
     8	7633019374.57
     9	8853463081.32

Measurement: freq_ro68
  step	{80/t_ro68}
     1	13365621681.1
     2	15704578052.8
     3	17725719257.9
     4	9651118147.32
     5	11547002705.5
     6	13199631727.2
     7	6717403094.76
     8	8099955523.43
     9	9318759495.34

Measurement: freq_ro69
  step	{80/t_ro69}
     1	12853432974.1
     2	15250419525
     3	17250223826.6
     4	9156597528.71
     5	11073832298.1
     6	12747811788.2
     7	6312470861.28
     8	7699076672.89
     9	8924736122.16

Measurement: freq_ro70
  step	{80/t_ro70}
     1	13254405760.6
     2	15624998791.2
     3	17584296421.5
     4	9547107470.91
     5	11431730203.9
     6	13080583320.7
     7	6628521586.25
     8	7999306688.14
     9	9211783009.43

Measurement: freq_ro71
  step	{80/t_ro71}
     1	13532158360.4
     2	15894892294.8
     3	17874414652.5
     4	9792409767.07
     5	11698812882.2
     6	13349026134.4
     7	6829776011.16
     8	8225472782.49
     9	9447074501.76

Measurement: freq_ro72
  step	{80/t_ro72}
     1	12724240468.7
     2	15151515615.4
     3	17195589332.4
     4	9066717199.04
     5	11002232089.5
     6	12688940899.6
     7	6251168010.32
     8	7651489471.86
     9	8886420356.97

Measurement: freq_ro73
  step	{80/t_ro73}
     1	13921291547.2
     2	16193964037.9
     3	18172171503.1
     4	10190824638.9
     5	12055346712
     6	13675317516.6
     7	7166865835.18
     8	8539424051.99
     9	9743664291.97

Measurement: freq_ro74
  step	{80/t_ro74}
     1	13162848165.6
     2	15535811295.1
     3	17542470548.8
     4	9442693069.2
     5	11358381856.1
     6	13021040597.4
     7	6550562057.27
     8	7944438351.52
     9	9170146052.73

Measurement: freq_ro75
  step	{80/t_ro75}
     1	12452212035.1
     2	14861370933.3
     3	16933567956.2
     4	8807481927.92
     5	10729694518.5
     6	12415641968.3
     7	6039991066.86
     8	7421666480.4
     9	8648733740.75

Measurement: freq_ro76
  step	{80/t_ro76}
     1	13914819534.7
     2	16204588853.9
     3	18158019439.1
     4	10194812563.4
     5	12057704774.6
     6	13679882951
     7	7169572213.52
     8	8540301973.67
     9	9745881581.22

Measurement: freq_ro77
  step	{80/t_ro77}
     1	13365910444.4
     2	15678766972.3
     3	17688873488.7
     4	9704995455.35
     5	11588663735.7
     6	13234483871.8
     7	6774791244.24
     8	8148987116.84
     9	9362870369.35

Measurement: freq_ro78
  step	{80/t_ro78}
     1	12692919062.3
     2	15075156255.3
     3	17104116278.5
     4	9097946800.16
     5	10992273760.2
     6	12658936474.6
     7	6289252221.34
     8	7656808989.84
     9	8874017202.53

Measurement: freq_ro79
  step	{80/t_ro79}
     1	13687929628
     2	16057920058.4
     3	18053927334.9
     4	9924701031.03
     5	11862088642.8
     6	13526146356
     7	6945032769.93
     8	8367742967.82
     9	9603403526.95

Measurement: freq_ro80
  step	{80/t_ro80}
     1	14042703212.5
     2	16318057275
     3	18263979869
     4	10329034955.3
     5	12194691997.7
     6	13809890857.6
     7	7286152855.62
     8	8661818562.01
     9	9865553018.85

Measurement: freq_ro81
  step	{80/t_ro81}
     1	13068491610.3
     2	15428358024.4
     3	17438325723.2
     4	9377122081.04
     5	11271676183.9
     6	12930329941.8
     7	6492800555.97
     8	7868263616.95
     9	9085918771.22

Measurement: freq_ro82
  step	{80/t_ro82}
     1	13513513701.3
     2	15847317102.7
     3	17831800474.2
     4	9809384095.36
     5	11691883085.1
     6	13331210083.5
     7	6854820167.61
     8	8228927384.43
     9	9439947288.83

Measurement: freq_ro83
  step	{80/t_ro83}
     1	12893570672.1
     2	15328954132.6
     3	17386642769.2
     4	9158564468.52
     5	11111127770.6
     6	12814761411.5
     7	6312918745.71
     8	7732083935.87
     9	8975342441.63

Measurement: freq_ro84
  step	{80/t_ro84}
     1	13571555005.4
     2	15898019324.2
     3	17857143913.8
     4	9845040677.76
     5	11732702379.8
     6	13374274657.8
     7	6875383121.47
     8	8256411235.82
     9	9470874826.84

Measurement: freq_ro85
  step	{80/t_ro85}
     1	12027923903
     2	14484389378.7
     3	16594938203.4
     4	8420697456.55
     5	10367663433
     6	12074243630.7
     7	5735160666.76
     8	7125766759.17
     9	8361948955.22

Measurement: freq_ro86
  step	{80/t_ro86}
     1	13475690618.3
     2	15781749365.9
     3	17754642661.4
     4	9789908518.32
     5	11654985639.2
     6	13287913309.8
     7	6839322172.07
     8	8201711798.74
     9	9407156809.52

Measurement: freq_ro87
  step	{80/t_ro87}
     1	13830147674.9
     2	16129032883.8
     3	18092726547.4
     4	10120942478.4
     5	12007988161.4
     6	13642050924.8
     7	7121788709.88
     8	8512326119.83
     9	9728777475.48

Measurement: freq_ro88
  step	{80/t_ro88}
     1	13154907081
     2	15514987252.2
     3	17520331799.5
     4	9494974670.19
     5	11396163571.6
     6	13055352180.3
     7	6602470033.65
     8	7986643149.57
     9	9206934077.78

Measurement: freq_ro89
  step	{80/t_ro89}
     1	12820513218.6
     2	15235644340.4
     3	17241399997.7
     4	9139923099.11
     5	11065975681.8
     6	12745117503.4
     7	6300958839.68
     8	7693120247.29
     9	8921908967.56

Measurement: freq_ro90
  step	{80/t_ro90}
     1	13301427897
     2	15625013369.9
     3	17620076005.8
     4	9630133153.32
     5	11514626624.6
     6	13157573542
     7	6716516412.82
     8	8090650639.61
     9	9303238901.94

Measurement: freq_ro91
  step	{80/t_ro91}
     1	12741289464.7
     2	15151498389
     3	17188640282.8
     4	9091141269.69
     5	11014909298.4
     6	12696982989.6
     7	6273155658.77
     8	7662977695.17
     9	8893900742.25

Measurement: freq_ro92
  step	{80/t_ro92}
     1	12270894385.6
     2	14685757519.4
     3	16712445876.8
     4	8669321408.96
     5	10573538888.4
     6	12252686083.1
     7	5936990938.84
     8	7300096389.83
     9	8517407610.07

Measurement: freq_ro93
  step	{80/t_ro93}
     1	13053042822.4
     2	15419796820
     3	17421273685.6
     4	9365762335.01
     5	11264796163.1
     6	12922422296.8
     7	6489946889.69
     8	7868852871.45
     9	9086831233.72

Measurement: freq_ro94
  step	{80/t_ro94}
     1	12983161261.5
     2	15350443066.3
     3	17386136769.7
     4	9290990495.63
     5	11198088362.2
     6	12863014679.7
     7	6425388721.2
     8	7808016504.18
     9	9029896868.59

Measurement: freq_ro95
  step	{80/t_ro95}
     1	12718853094.4
     2	15127863544.4
     3	17145230559.7
     4	9065245303.4
     5	10979683718.1
     6	12652588224.4
     7	6254507948.34
     8	7638950908.8
     9	8862822922.89

Measurement: freq_ro96
  step	{80/t_ro96}
     1	13157890682.8
     2	15500344010.5
     3	17526293580.9
     4	9442062999.09
     5	11351585816.5
     6	13018424810.3
     7	6548726533.76
     8	7936352193.44
     9	9161944921.04

Measurement: freq_ro97
  step	{80/t_ro97}
     1	13694643322.4
     2	16002484952.3
     3	17974049144.2
     4	9966889033.16
     5	11848752501.2
     6	13483622103.8
     7	6977722954.62
     8	8358991593.81
     9	9571770446.57

Measurement: freq_ro98
  step	{80/t_ro98}
     1	12574284679.5
     2	15002111385.2
     3	17085950796.3
     4	8898664553.21
     5	10837422483.2
     6	12525100542
     7	6109613909.77
     8	7506147511.93
     9	8739721490.8

Measurement: freq_ro99
  step	{80/t_ro99}
     1	13279140745.6
     2	15625023023.8
     3	17688163953.5
     4	9535713927.27
     5	11467057691.3
     6	13141901976.6
     7	6615675946.07
     8	8023341325.39
     9	9259288212.9

Measurement: freq_ro100
  step	{80/t_ro100}
     1	12820512894.9
     2	15189143355.4
     3	17215805378.4
     4	9186943252.85
     5	11080804783.6
     6	12743484697.9
     7	6353168610.15
     8	7721421361.92
     9	8936952937.31

Measurement: freq_ro101
  step	{80/t_ro101}
     1	14418242990.2
     2	16666645516.8
     3	18588597251
     4	10644354992.9
     5	12500016069.1
     6	14105934024.6
     7	7537001537.67
     8	8910648992.94
     9	10112059535.1

Measurement: freq_ro102
  step	{80/t_ro102}
     1	13279988201.6
     2	15658003942.2
     3	17678811538.9
     4	9553872864.38
     5	11472946840.1
     6	13142411917.1
     7	6631022285.73
     8	8027656675.83
     9	9256536734.65

Measurement: freq_ro103
  step	{80/t_ro103}
     1	13010956554.7
     2	15363409571.1
     3	17378406767.4
     4	9327410891.95
     5	11219688838.3
     6	12875026124.4
     7	6459264578.39
     8	7831262049.19
     9	9045436464.54

Measurement: freq_ro104
  step	{80/t_ro104}
     1	13157884526.4
     2	15540296912.6
     3	17520544758
     4	9559072834.01
     5	11426484617.2
     6	13065666020.8
     7	6655808724.72
     8	8013111691.1
     9	9217527573.4

Measurement: freq_ro105
  step	{80/t_ro105}
     1	13421483748.8
     2	15751071854.9
     3	17750566752.4
     4	9698843511
     5	11596883309.4
     6	13246416403.7
     7	6763411517.33
     8	8151172539.54
     9	9371042792.56

Measurement: freq_ro106
  step	{80/t_ro106}
     1	14441585731.3
     2	16666854274.5
     3	18595439484.7
     4	10661812069.7
     5	12512648618
     6	14115587985.8
     7	7551490527.23
     8	8923318953.15
     9	10122366770.4

Measurement: freq_ro107
  step	{80/t_ro107}
     1	13346585764.2
     2	15684732185.3
     3	17705335150.4
     4	9627907904.08
     5	11528061209.9
     6	13181094072
     7	6700001277.26
     8	8086060917.54
     9	9306561507.48

Measurement: freq_ro108
  step	{80/t_ro108}
     1	12739462541.6
     2	15168582848.8
     3	17262726173.6
     4	9021521151.46
     5	11010318043.4
     6	12724484693.7
     7	6205402510.45
     8	7643698259.88
     9	8899530922.95

Measurement: freq_ro109
  step	{80/t_ro109}
     1	12931016533.6
     2	15321705186.9
     3	17339245295.7
     4	9280883035.55
     5	11204902841.7
     6	12879933492.4
     7	6429879177.54
     8	7825686939.42
     9	9055495145.34

Measurement: freq_ro110
  step	{80/t_ro110}
     1	13592823391.9
     2	15919478022.8
     3	17903843690.9
     4	9843794993.34
     5	11733944587.4
     6	13379664370.2
     7	6868572886.86
     8	8250433501.13
     9	9467180321.86

Measurement: freq_ro111
  step	{80/t_ro111}
     1	13763845933.5
     2	16078394983.1
     3	18024343800.2
     4	10017412955.3
     5	11887652244.4
     6	13513634504.9
     7	7016593493.62
     8	8386102684.49
     9	9592012026.49

Measurement: freq_ro112
  step	{80/t_ro112}
     1	13341866135.9
     2	15662671518
     3	17655946671.4
     4	9670043907.78
     5	11551958562.5
     6	13194485450.1
     7	6743735812.8
     8	8117975670.45
     9	9331210367.95

Measurement: freq_ro113
  step	{80/t_ro113}
     1	13137683111.8
     2	15480072691.1
     3	17468672973.1
     4	9454992473.74
     5	11338302984.6
     6	12986426013.5
     7	6559032022.51
     8	7925504268.17
     9	9136701123.19

Measurement: freq_ro114
  step	{80/t_ro114}
     1	13670237540.7
     2	15973610646.2
     3	17927159713.5
     4	9952256497.2
     5	11818494689.1
     6	13445598333.3
     7	6969406726.49
     8	8336553062.78
     9	9541352745.52

Measurement: freq_ro115
  step	{80/t_ro115}
     1	12836210662.8
     2	15197569348.6
     3	17241364686.5
     4	9174987085.52
     5	11067829247
     6	12728111388.5
     7	6335281428.8
     8	7703776919.29
     9	8918075586.13

Measurement: freq_ro116
  step	{80/t_ro116}
     1	14374064974.3
     2	16666678279.4
     3	18518624424.9
     4	10623891589.2
     5	12475278648.2
     6	14078894889.3
     7	7530187078.89
     8	8901713757.99
     9	10101232228.3

Measurement: freq_ro117
  step	{80/t_ro117}
     1	12983027769.9
     2	15360913160.6
     3	17387485515.6
     4	9311002689.49
     5	11223158876.8
     6	12889779503
     7	6453314953.58
     8	7840481553.64
     9	9064139870.42

Measurement: freq_ro118
  step	{80/t_ro118}
     1	14549826287.7
     2	16758926698.9
     3	18666375919.9
     4	10780653787.1
     5	12611900718.8
     6	14199773904.3
     7	7654190568.17
     8	9012309659.16
     9	10203428966.3

Measurement: freq_ro119
  step	{80/t_ro119}
     1	13765215668.2
     2	16122949352.6
     3	18032267825
     4	10028529286.2
     5	11904640116
     6	13533235440.5
     7	7033812556.53
     8	8412276868.35
     9	9621698520.96

Measurement: freq_ro120
  step	{80/t_ro120}
     1	13261759264.9
     2	15625005665.7
     3	17657407373.6
     4	9534981156.83
     5	11452638247
     6	13121626154.3
     7	6620589205.41
     8	8016205567.68
     9	9244133097.08

Measurement: freq_ro121
  step	{80/t_ro121}
     1	13320682683.9
     2	15668436180.7
     3	17664108930.6
     4	9595240284.29
     5	11488072508.9
     6	13136404084.1
     7	6673883979.68
     8	8053460801.09
     9	9268650041.89

Measurement: freq_ro122
  step	{80/t_ro122}
     1	12762827776.3
     2	15138035465.1
     3	17168359125.9
     4	9135915746.98
     5	11031281116.9
     6	12695595026.8
     7	6315370720.1
     8	7684749341.55
     9	8901145552.39

Measurement: freq_ro123
  step	{80/t_ro123}
     1	13054488857.6
     2	15436111308.3
     3	17456646536.1
     4	9342826999.66
     5	11254359335.9
     6	12919442553.8
     7	6469351767.59
     8	7856474879.4
     9	9079309031.2

Measurement: freq_ro124
  step	{80/t_ro124}
     1	12504991106.2
     2	14938866095.8
     3	17005791615.6
     4	8872605347.66
     5	10806627211.2
     6	12499587172.2
     7	6090972775.17
     8	7484006270.14
     9	8715971900.25

Measurement: freq_ro125
  step	{80/t_ro125}
     1	13952207020.4
     2	16226678737
     3	18171346045.9
     4	10255556638.4
     5	12110545354
     6	13723901614.2
     7	7226766268.88
     8	8592340704.97
     9	9792091219.17

Measurement: freq_ro126
  step	{80/t_ro126}
     1	13084518765.2
     2	15431567471.1
     3	17430750763.2
     4	9405907029.72
     5	11291295342.1
     6	12941887244.6
     7	6525809575.99
     8	7895151366.07
     9	9107435964.51

Measurement: freq_ro127
  step	{80/t_ro127}
     1	12371042123
     2	14741064087.9
     3	16831711055.9
     4	8793788886.35
     5	10717994983
     6	12406665228.9
     7	6046214696.32
     8	7431438450.21
     9	8660933335.57

Measurement: edge100_ro0
  step	V(ro0_out)={VTHRESH} 
     1	8.12706075818e-09
     2	6.76305166004e-09
     3	5.95225557128e-09
     4	1.15473722822e-08
     5	9.42741469646e-09
     6	8.12067389917e-09
     7	1.69010756911e-08
     8	1.36766071778e-08
     9	1.16952660426e-08

Measurement: edge100_ro1
  step	V(ro1_out)={VTHRESH} 
     1	7.33814384072e-09
     2	6.26375238163e-09
     3	5.55639271734e-09
     4	1.01133945334e-08
     5	8.4869208625e-09
     6	7.441562885e-09
     7	1.44853431008e-08
     8	1.20691522804e-08
     9	1.05182685687e-08

Measurement: edge100_ro2
  step	V(ro2_out)={VTHRESH} 
     1	7.649026885e-09
     2	6.47510627186e-09
     3	5.72086657681e-09
     4	1.06680826583e-08
     5	8.86288837288e-09
     6	7.71975281569e-09
     7	1.54091639877e-08
     8	1.27008959478e-08
     9	1.09909331887e-08

Measurement: edge100_ro3
  step	V(ro3_out)={VTHRESH} 
     1	7.47676186845e-09
     2	6.34251941204e-09
     3	5.62453794539e-09
     4	1.03989299112e-08
     5	8.67199183035e-09
     6	7.57450937119e-09
     7	1.49743174635e-08
     8	1.23896928725e-08
     9	1.07515920163e-08

Measurement: edge100_ro4
  step	V(ro4_out)={VTHRESH} 
     1	7.79339280497e-09
     2	6.54356055326e-09
     3	5.77380218792e-09
     4	1.09810608259e-08
     5	9.05582111242e-09
     6	7.85217744763e-09
     7	1.59559458013e-08
     8	1.30476972233e-08
     9	1.12353791109e-08

Measurement: edge100_ro5
  step	V(ro5_out)={VTHRESH} 
     1	8.32974590076e-09
     2	6.91241684192e-09
     3	6.02273858441e-09
     4	1.19812579365e-08
     5	9.70656902202e-09
     6	8.31680792861e-09
     7	1.7655720858e-08
     8	1.41755647253e-08
     9	1.20552040413e-08

Measurement: edge100_ro6
  step	V(ro6_out)={VTHRESH} 
     1	7.4071673974e-09
     2	6.27875575169e-09
     3	5.56190890512e-09
     4	1.0333783811e-08
     5	8.58030657708e-09
     6	7.48800230654e-09
     7	1.48796754176e-08
     8	1.2250918254e-08
     9	1.06157368136e-08

Measurement: edge100_ro7
  step	V(ro7_out)={VTHRESH} 
     1	7.31233738858e-09
     2	6.24184450316e-09
     3	5.54648551678e-09
     4	1.00632862054e-08
     5	8.43986818382e-09
     6	7.41266307549e-09
     7	1.44113103266e-08
     8	1.19836041281e-08
     9	1.04511732013e-08

Measurement: edge100_ro8
  step	V(ro8_out)={VTHRESH} 
     1	7.45454531282e-09
     2	6.34667373732e-09
     3	5.61986640598e-09
     4	1.03225295095e-08
     5	8.62715803049e-09
     6	7.54412855635e-09
     7	1.48376731292e-08
     8	1.23052686657e-08
     9	1.06946016157e-08

Measurement: edge100_ro9
  step	V(ro9_out)={VTHRESH} 
     1	7.48320980279e-09
     2	6.34823461201e-09
     3	5.61951226611e-09
     4	1.04123271026e-08
     5	8.65864383739e-09
     6	7.55791018006e-09
     7	1.49696170045e-08
     8	1.23448158704e-08
     9	1.07043912601e-08

Measurement: edge100_ro10
  step	V(ro10_out)={VTHRESH} 
     1	7.86148620285e-09
     2	6.59723274435e-09
     3	5.80689222645e-09
     4	1.10786296657e-08
     5	9.12317887602e-09
     6	7.90109503855e-09
     7	1.61171419742e-08
     8	1.31620191434e-08
     9	1.1319716099e-08

Measurement: edge100_ro11
  step	V(ro11_out)={VTHRESH} 
     1	7.11233472556e-09
     2	6.1034170245e-09
     3	5.44700188916e-09
     4	9.71794653049e-09
     5	8.20871855101e-09
     6	7.23300078054e-09
     7	1.38244097633e-08
     8	1.15914245428e-08
     9	1.01526216122e-08

Measurement: edge100_ro12
  step	V(ro12_out)={VTHRESH} 
     1	7.60938175664e-09
     2	6.44062662338e-09
     3	5.69438669801e-09
     4	1.0588480344e-08
     5	8.80145279744e-09
     6	7.67079717762e-09
     7	1.52646268751e-08
     8	1.259192431e-08
     9	1.09053971701e-08

Measurement: edge100_ro13
  step	V(ro13_out)={VTHRESH} 
     1	7.31213801745e-09
     2	6.23963263638e-09
     3	5.55133378838e-09
     4	1.00355792147e-08
     5	8.42730435267e-09
     6	7.39467826322e-09
     7	1.43300017417e-08
     8	1.19454560198e-08
     9	1.04188859514e-08

Measurement: edge100_ro14
  step	V(ro14_out)={VTHRESH} 
     1	7.33479925321e-09
     2	6.24447205555e-09
     3	5.54995446686e-09
     4	1.01193145883e-08
     5	8.48262775142e-09
     6	7.43553431317e-09
     7	1.45019178349e-08
     8	1.2062327373e-08
     9	1.05078592892e-08

Measurement: edge100_ro15
  step	V(ro15_out)={VTHRESH} 
     1	7.46851087299e-09
     2	6.33701354651e-09
     3	5.61198163088e-09
     4	1.03695435015e-08
     5	8.63858103988e-09
     6	7.54309078384e-09
     7	1.49195698689e-08
     8	1.23301205886e-08
     9	1.0696419694e-08

Measurement: edge100_ro16
  step	V(ro16_out)={VTHRESH} 
     1	7.40010782323e-09
     2	6.30472109323e-09
     3	5.59653626486e-09
     4	1.01938073844e-08
     5	8.54325424036e-09
     6	7.48417695803e-09
     7	1.45998992727e-08
     8	1.21478751788e-08
     9	1.05777773774e-08

Measurement: edge100_ro17
  step	V(ro17_out)={VTHRESH} 
     1	7.31445656964e-09
     2	6.24941397922e-09
     3	5.55905087671e-09
     4	1.0047815044e-08
     5	8.44937785371e-09
     6	7.4190622142e-09
     7	1.43558899348e-08
     8	1.19852276306e-08
     9	1.04614738749e-08

Measurement: edge100_ro18
  step	V(ro18_out)={VTHRESH} 
     1	7.36787675693e-09
     2	6.27977821151e-09
     3	5.56725476431e-09
     4	1.01847283697e-08
     5	8.52728335668e-09
     6	7.46875568051e-09
     7	1.46101162832e-08
     8	1.21421135362e-08
     9	1.05676531515e-08

Measurement: edge100_ro19
  step	V(ro19_out)={VTHRESH} 
     1	7.08964151733e-09
     2	6.09769597217e-09
     3	5.44631507441e-09
     4	9.68387147157e-09
     5	8.19351427624e-09
     6	7.22800390685e-09
     7	1.37683535024e-08
     8	1.1567711005e-08
     9	1.01461093989e-08

Measurement: edge100_ro20
  step	V(ro20_out)={VTHRESH} 
     1	7.6623875672e-09
     2	6.46316981395e-09
     3	5.70555179168e-09
     4	1.07021974873e-08
     5	8.84474140248e-09
     6	7.69144399739e-09
     7	1.54473165894e-08
     8	1.2657152186e-08
     9	1.09316708789e-08

Measurement: edge100_ro21
  step	V(ro21_out)={VTHRESH} 
     1	7.54238320705e-09
     2	6.36913879606e-09
     3	5.63261037944e-09
     4	1.04928576365e-08
     5	8.70164158534e-09
     6	7.5832672067e-09
     7	1.5109307205e-08
     8	1.24249211545e-08
     9	1.07549974146e-08

Measurement: edge100_ro22
  step	V(ro22_out)={VTHRESH} 
     1	7.10041127682e-09
     2	6.11334648559e-09
     3	5.45670714195e-09
     4	9.67968028177e-09
     5	8.20191391861e-09
     6	7.23817676936e-09
     7	1.37497070346e-08
     8	1.15716077331e-08
     9	1.01540967477e-08

Measurement: edge100_ro23
  step	V(ro23_out)={VTHRESH} 
     1	7.55005662911e-09
     2	6.37361555139e-09
     3	5.63245362103e-09
     4	1.05624815368e-08
     5	8.73861132731e-09
     6	7.60289053812e-09
     7	1.52444759655e-08
     8	1.24980414876e-08
     9	1.08011097149e-08

Measurement: edge100_ro24
  step	V(ro24_out)={VTHRESH} 
     1	7.23982450697e-09
     2	6.20609396927e-09
     3	5.52691689021e-09
     4	9.90780812504e-09
     5	8.35442621222e-09
     6	7.34902804308e-09
     7	1.41171911463e-08
     8	1.18228725716e-08
     9	1.03412593388e-08

Measurement: edge100_ro25
  step	V(ro25_out)={VTHRESH} 
     1	7.68126937929e-09
     2	6.49510478065e-09
     3	5.73451815884e-09
     4	1.0714626308e-08
     5	8.89662209762e-09
     6	7.74219789176e-09
     7	1.54920380193e-08
     8	1.27638192068e-08
     9	1.10379498476e-08

Measurement: edge100_ro26
  step	V(ro26_out)={VTHRESH} 
     1	7.16501285898e-09
     2	6.14878076009e-09
     3	5.48287216198e-09
     4	9.79969062368e-09
     5	8.27581127945e-09
     6	7.28752211732e-09
     7	1.39549400572e-08
     8	1.17026071313e-08
     9	1.02460270553e-08

Measurement: edge100_ro27
  step	V(ro27_out)={VTHRESH} 
     1	7.63316418646e-09
     2	6.46327446545e-09
     3	5.70910856438e-09
     4	1.06543891103e-08
     5	8.85327815457e-09
     6	7.71127887025e-09
     7	1.53982820631e-08
     8	1.2694572322e-08
     9	1.09848762859e-08

Measurement: edge100_ro28
  step	V(ro28_out)={VTHRESH} 
     1	7.619696822e-09
     2	6.45316809744e-09
     3	5.70241493951e-09
     4	1.06067295293e-08
     5	8.82142127506e-09
     6	7.68580734196e-09
     7	1.53146223436e-08
     8	1.26401745002e-08
     9	1.0942784032e-08

Measurement: edge100_ro29
  step	V(ro29_out)={VTHRESH} 
     1	7.28705672102e-09
     2	6.2215676038e-09
     3	5.54117731502e-09
     4	1.00130376395e-08
     5	8.41858520078e-09
     6	7.39168261989e-09
     7	1.43177376823e-08
     8	1.19493428506e-08
     9	1.04279349451e-08

Measurement: edge100_ro30
  step	V(ro30_out)={VTHRESH} 
     1	7.5157195511e-09
     2	6.3496182159e-09
     3	5.63082810109e-09
     4	1.04762407558e-08
     5	8.70601543908e-09
     6	7.58833182441e-09
     7	1.51124780415e-08
     8	1.24562857856e-08
     9	1.07848802702e-08

Measurement: edge100_ro31
  step	V(ro31_out)={VTHRESH} 
     1	7.3824683822e-09
     2	6.30335914879e-09
     3	5.588581692e-09
     4	1.01981065975e-08
     5	8.54561672775e-09
     6	7.48640392069e-09
     7	1.46246584683e-08
     8	1.21623774116e-08
     9	1.05882806898e-08

Measurement: edge100_ro32
  step	V(ro32_out)={VTHRESH} 
     1	7.52580878001e-09
     2	6.38177465067e-09
     3	5.66001617556e-09
     4	1.04235602663e-08
     5	8.71048291969e-09
     6	7.61215024197e-09
     7	1.49987835076e-08
     8	1.24418216076e-08
     9	1.08064169867e-08

Measurement: edge100_ro33
  step	V(ro33_out)={VTHRESH} 
     1	7.44223228879e-09
     2	6.34933921094e-09
     3	5.61261544903e-09
     4	1.03225528762e-08
     5	8.62775122093e-09
     6	7.54588088139e-09
     7	1.48392902535e-08
     8	1.23067575716e-08
     9	1.06955688927e-08

Measurement: edge100_ro34
  step	V(ro34_out)={VTHRESH} 
     1	7.87100314345e-09
     2	6.61255388227e-09
     3	5.82006949921e-09
     4	1.1066086521e-08
     5	9.12410529704e-09
     6	7.90663875733e-09
     7	1.60768538237e-08
     8	1.31473966295e-08
     9	1.13164685071e-08

Measurement: edge100_ro35
  step	V(ro35_out)={VTHRESH} 
     1	7.5626661461e-09
     2	6.41177069861e-09
     3	5.6743026148e-09
     4	1.04906565665e-08
     5	8.74268701251e-09
     6	7.62963344593e-09
     7	1.50999406936e-08
     8	1.24907882931e-08
     9	1.08326040221e-08

Measurement: edge100_ro36
  step	V(ro36_out)={VTHRESH} 
     1	7.66835828566e-09
     2	6.48269174062e-09
     3	5.72688068674e-09
     4	1.07201270968e-08
     5	8.90186649739e-09
     6	7.7465830532e-09
     7	1.55158095247e-08
     8	1.27811745368e-08
     9	1.10509556607e-08

Measurement: edge100_ro37
  step	V(ro37_out)={VTHRESH} 
     1	7.20266362504e-09
     2	6.15730641193e-09
     3	5.4996781451e-09
     4	9.88978518453e-09
     5	8.32314643141e-09
     6	7.31901596267e-09
     7	1.41119218089e-08
     8	1.17855392433e-08
     9	1.02996518649e-08

Measurement: edge100_ro38
  step	V(ro38_out)={VTHRESH} 
     1	7.31604006962e-09
     2	6.23898133832e-09
     3	5.55002037692e-09
     4	1.00947849419e-08
     5	8.46102213597e-09
     6	7.41924063317e-09
     7	1.44613720493e-08
     8	1.20266439543e-08
     9	1.04796252238e-08

Measurement: edge100_ro39
  step	V(ro39_out)={VTHRESH} 
     1	7.47180447724e-09
     2	6.35232570808e-09
     3	5.63044363002e-09
     4	1.03823296441e-08
     5	8.66806241399e-09
     6	7.57622735205e-09
     7	1.49458627887e-08
     8	1.23821674753e-08
     9	1.07540280236e-08

Measurement: edge100_ro40
  step	V(ro40_out)={VTHRESH} 
     1	7.24352159643e-09
     2	6.18327850938e-09
     3	5.50430111927e-09
     4	9.99295536046e-09
     5	8.38434793656e-09
     6	7.35867848018e-09
     7	1.43101363008e-08
     8	1.19132952323e-08
     9	1.03906229967e-08

Measurement: edge100_ro41
  step	V(ro41_out)={VTHRESH} 
     1	7.70145685688e-09
     2	6.49978879799e-09
     3	5.74757161561e-09
     4	1.07640031241e-08
     5	8.9242862838e-09
     6	7.75895944723e-09
     7	1.55768671417e-08
     8	1.2811735696e-08
     9	1.10687648417e-08

Measurement: edge100_ro42
  step	V(ro42_out)={VTHRESH} 
     1	6.74031203796e-09
     2	5.85455727437e-09
     3	5.26869239254e-09
     4	9.06833358501e-09
     5	7.76133037843e-09
     6	6.90550011721e-09
     7	1.27300750745e-08
     8	1.08239922858e-08
     9	9.57852992189e-09

Measurement: edge100_ro43
  step	V(ro43_out)={VTHRESH} 
     1	7.14277747003e-09
     2	6.13131743171e-09
     3	5.47140429935e-09
     4	9.7685847662e-09
     5	8.25624181295e-09
     6	7.27531895292e-09
     7	1.39081355623e-08
     8	1.16720895298e-08
     9	1.02253368587e-08

Measurement: edge100_ro44
  step	V(ro44_out)={VTHRESH} 
     1	7.55206329823e-09
     2	6.4119539573e-09
     3	5.67305142072e-09
     4	1.05558372936e-08
     5	8.78267164406e-09
     6	7.65927341236e-09
     7	1.52318768605e-08
     8	1.25737965439e-08
     9	1.08938932635e-08

Measurement: edge100_ro45
  step	V(ro45_out)={VTHRESH} 
     1	7.40216656677e-09
     2	6.3093423004e-09
     3	5.59817876827e-09
     4	1.02083641005e-08
     5	8.55336603119e-09
     6	7.49179614832e-09
     7	1.46303210597e-08
     8	1.21689572443e-08
     9	1.05938751806e-08

Measurement: edge100_ro46
  step	V(ro46_out)={VTHRESH} 
     1	7.78472859227e-09
     2	6.54870949942e-09
     3	5.76679342124e-09
     4	1.09281199211e-08
     5	9.02625654809e-09
     6	7.83179738528e-09
     7	1.58620754995e-08
     8	1.29931752371e-08
     9	1.11975291647e-08

Measurement: edge100_ro47
  step	V(ro47_out)={VTHRESH} 
     1	7.1755677777e-09
     2	6.15284793845e-09
     3	5.49084653646e-09
     4	9.80363592608e-09
     5	8.27578646282e-09
     6	7.28795649148e-09
     7	1.39517749401e-08
     8	1.16944950061e-08
     9	1.0238911891e-08

Measurement: edge100_ro48
  step	V(ro48_out)={VTHRESH} 
     1	7.23052333783e-09
     2	6.18041923872e-09
     3	5.51344808837e-09
     4	9.92426987308e-09
     5	8.36069845326e-09
     6	7.34996066016e-09
     7	1.41770580074e-08
     8	1.18549977496e-08
     9	1.03597235186e-08

Measurement: edge100_ro49
  step	V(ro49_out)={VTHRESH} 
     1	7.94810965378e-09
     2	6.67696212969e-09
     3	5.86091910614e-09
     4	1.12282008741e-08
     5	9.22645804763e-09
     6	7.97917620105e-09
     7	1.63418204186e-08
     8	1.33178307037e-08
     9	1.14390955977e-08

Measurement: edge100_ro50
  step	V(ro50_out)={VTHRESH} 
     1	7.21313145273e-09
     2	6.14863706366e-09
     3	5.47431021241e-09
     4	9.96112959824e-09
     5	8.33958539082e-09
     6	7.31733361123e-09
     7	1.42568900398e-08
     8	1.1839260471e-08
     9	1.0318159979e-08

Measurement: edge100_ro51
  step	V(ro51_out)={VTHRESH} 
     1	7.42781449828e-09
     2	6.32963412512e-09
     3	5.60575257498e-09
     4	1.02302816504e-08
     5	8.55919267943e-09
     6	7.49057463434e-09
     7	1.46546107336e-08
     8	1.21709759925e-08
     9	1.05863786939e-08

Measurement: edge100_ro52
  step	V(ro52_out)={VTHRESH} 
     1	7.37094129346e-09
     2	6.29952184092e-09
     3	5.59091309297e-09
     4	1.01517109639e-08
     5	8.52662157976e-09
     6	7.47456031291e-09
     7	1.45363380124e-08
     8	1.21201465216e-08
     9	1.05650216507e-08

Measurement: edge100_ro53
  step	V(ro53_out)={VTHRESH} 
     1	8.33808884286e-09
     2	6.87479384484e-09
     3	5.96977944093e-09
     4	1.20334111514e-08
     5	9.69459289025e-09
     6	8.29042058147e-09
     7	1.77699875589e-08
     8	1.41760058131e-08
     9	1.20252725826e-08

Measurement: edge100_ro54
  step	V(ro54_out)={VTHRESH} 
     1	7.18425058139e-09
     2	6.14975972096e-09
     3	5.48743728176e-09
     4	9.83180407622e-09
     5	8.28290715074e-09
     6	7.28926997337e-09
     7	1.3986561108e-08
     8	1.16980942138e-08
     9	1.0233431547e-08

Measurement: edge100_ro55
  step	V(ro55_out)={VTHRESH} 
     1	7.51658240524e-09
     2	6.37678489342e-09
     3	5.6482462511e-09
     4	1.04375917949e-08
     5	8.69609440501e-09
     6	7.59166712933e-09
     7	1.50271559018e-08
     8	1.2420768218e-08
     9	1.07735709055e-08

Measurement: edge100_ro56
  step	V(ro56_out)={VTHRESH} 
     1	8.24488735585e-09
     2	6.85774781008e-09
     3	5.98503106991e-09
     4	1.1754774949e-08
     5	9.57648302314e-09
     6	8.23058879192e-09
     7	1.7250670097e-08
     8	1.39350214116e-08
     9	1.18918349444e-08

Measurement: edge100_ro57
  step	V(ro57_out)={VTHRESH} 
     1	7.48225795507e-09
     2	6.3650336099e-09
     3	5.64332573473e-09
     4	1.03200088943e-08
     5	8.63495762834e-09
     6	7.55384166501e-09
     7	1.48000503068e-08
     8	1.22930904467e-08
     9	1.06892617419e-08

Measurement: edge100_ro58
  step	V(ro58_out)={VTHRESH} 
     1	7.20128731971e-09
     2	6.14919445691e-09
     3	5.48619082813e-09
     4	9.9117551241e-09
     5	8.32324842266e-09
     6	7.31203730992e-09
     7	1.41568238223e-08
     8	1.17909223985e-08
     9	1.02946555841e-08

Measurement: edge100_ro59
  step	V(ro59_out)={VTHRESH} 
     1	7.3346119358e-09
     2	6.2552866554e-09
     3	5.55753656807e-09
     4	1.01113613487e-08
     5	8.47899863614e-09
     6	7.43579598435e-09
     7	1.44741203983e-08
     8	1.20475125265e-08
     9	1.05015013639e-08

Measurement: edge100_ro60
  step	V(ro60_out)={VTHRESH} 
     1	6.91737141149e-09
     2	5.97285161558e-09
     3	5.35108189299e-09
     4	9.35890284858e-09
     5	7.96276943613e-09
     6	7.0504053996e-09
     7	1.32169313866e-08
     8	1.11684487448e-08
     9	9.83356074166e-09

Measurement: edge100_ro61
  step	V(ro61_out)={VTHRESH} 
     1	7.32572108898e-09
     2	6.2345426876e-09
     3	5.54448722324e-09
     4	1.01381144775e-08
     5	8.47787250018e-09
     6	7.42634715387e-09
     7	1.45358646708e-08
     8	1.20595856112e-08
     9	1.04964452603e-08

Measurement: edge100_ro62
  step	V(ro62_out)={VTHRESH} 
     1	7.00958842898e-09
     2	6.03968658237e-09
     3	5.40253896184e-09
     4	9.53827547685e-09
     5	8.09329742753e-09
     6	7.150715042e-09
     7	1.35285699991e-08
     8	1.14010651765e-08
     9	1.00163278578e-08

Measurement: edge100_ro63
  step	V(ro63_out)={VTHRESH} 
     1	7.33570382524e-09
     2	6.25117139166e-09
     3	5.55374213577e-09
     4	1.00704057124e-08
     5	8.44230610015e-09
     6	7.40238075685e-09
     7	1.43747972424e-08
     8	1.19629646274e-08
     9	1.0426783254e-08

Measurement: edge100_ro64
  step	V(ro64_out)={VTHRESH} 
     1	6.94329983451e-09
     2	5.99219433745e-09
     3	5.36787840425e-09
     4	9.38753098638e-09
     5	7.99492743049e-09
     6	7.08289294233e-09
     7	1.3261453112e-08
     8	1.12200415331e-08
     9	9.88633879696e-09

Measurement: edge100_ro65
  step	V(ro65_out)={VTHRESH} 
     1	7.69666414777e-09
     2	6.49860360086e-09
     3	5.73651211873e-09
     4	1.06813315006e-08
     5	8.86932302863e-09
     6	7.72174686852e-09
     7	1.53983535268e-08
     8	1.26904901939e-08
     9	1.0978962201e-08

Measurement: edge100_ro66
  step	V(ro66_out)={VTHRESH} 
     1	7.64273839409e-09
     2	6.46061338536e-09
     3	5.70644495887e-09
     4	1.06332973979e-08
     5	8.81991372717e-09
     6	7.67962733244e-09
     7	1.53271132802e-08
     8	1.26098664492e-08
     9	1.09072872801e-08

Measurement: edge100_ro67
  step	V(ro67_out)={VTHRESH} 
     1	7.78663512426e-09
     2	6.55167234179e-09
     3	5.77272629429e-09
     4	1.09411914101e-08
     5	9.03736556099e-09
     6	7.84353427624e-09
     7	1.58807814924e-08
     8	1.30100790032e-08
     9	1.12150846926e-08

Measurement: edge100_ro68
  step	V(ro68_out)={VTHRESH} 
     1	7.42612598902e-09
     2	6.31914775738e-09
     3	5.59818050842e-09
     4	1.02855354774e-08
     5	8.59550657722e-09
     6	7.51852884172e-09
     7	1.47785293906e-08
     8	1.22541910179e-08
     9	1.06505118778e-08

Measurement: edge100_ro69
  step	V(ro69_out)={VTHRESH} 
     1	7.71027838091e-09
     2	6.49750268205e-09
     3	5.74271348373e-09
     4	1.08222121646e-08
     5	8.94745218741e-09
     6	7.77193835468e-09
     7	1.56965230862e-08
     8	1.28683068764e-08
     9	1.1100277102e-08

Measurement: edge100_ro70
  step	V(ro70_out)={VTHRESH} 
     1	7.48212740843e-09
     2	6.34462260593e-09
     3	5.63635197664e-09
     4	1.0387728949e-08
     5	8.67189596079e-09
     6	7.57715212253e-09
     7	1.49607854241e-08
     8	1.23925109994e-08
     9	1.07590376501e-08

Measurement: edge100_ro71
  step	V(ro71_out)={VTHRESH} 
     1	7.3360019309e-09
     2	6.24423324459e-09
     3	5.55131460662e-09
     4	1.01398755424e-08
     5	8.48541826187e-09
     6	7.43524889948e-09
     7	1.4540450644e-08
     8	1.20700811411e-08
     9	1.05077597189e-08

Measurement: edge100_ro72
  step	V(ro72_out)={VTHRESH} 
     1	7.80441459032e-09
     2	6.55112975357e-09
     3	5.76930394101e-09
     4	1.09580771491e-08
     5	9.02482754422e-09
     6	7.82252668592e-09
     7	1.58988873355e-08
     8	1.29813975867e-08
     9	1.1173902046e-08

Measurement: edge100_ro73
  step	V(ro73_out)={VTHRESH} 
     1	7.11710115302e-09
     2	6.11766833855e-09
     3	5.45222623394e-09
     4	9.72201488979e-09
     5	8.21783734255e-09
     6	7.24414464148e-09
     7	1.38228820484e-08
     8	1.16003093561e-08
     9	1.01662797697e-08

Measurement: edge100_ro74
  step	V(ro74_out)={VTHRESH} 
     1	7.53178178989e-09
     2	6.37939370822e-09
     3	5.64896956056e-09
     4	1.04999742753e-08
     5	8.7258884843e-09
     6	7.61030996964e-09
     7	1.51342696913e-08
     8	1.24750874655e-08
     9	1.08059514928e-08

Measurement: edge100_ro75
  step	V(ro75_out)={VTHRESH} 
     1	7.96732111833e-09
     2	6.67376695872e-09
     3	5.85632719482e-09
     4	1.12649011552e-08
     5	9.24431093938e-09
     6	7.98774664913e-09
     7	1.6426348227e-08
     8	1.33649822446e-08
     9	1.14670320855e-08

Measurement: edge100_ro76
  step	V(ro76_out)={VTHRESH} 
     1	7.12720617476e-09
     2	6.1190854734e-09
     3	5.46022328679e-09
     4	9.72885600865e-09
     5	8.22399676742e-09
     6	7.24800371823e-09
     7	1.3834057382e-08
     8	1.16112285236e-08
     9	1.0173809674e-08

Measurement: edge100_ro77
  step	V(ro77_out)={VTHRESH} 
     1	7.42095733082e-09
     2	6.32459863038e-09
     3	5.60470540271e-09
     4	1.02206737818e-08
     5	8.55740837462e-09
     6	7.49174546659e-09
     7	1.46409344806e-08
     8	1.21696054995e-08
     9	1.05898276411e-08

Measurement: edge100_ro78
  step	V(ro78_out)={VTHRESH} 
     1	7.81669419419e-09
     2	6.57959398936e-09
     3	5.79839662603e-09
     4	1.09059865242e-08
     5	9.02382140094e-09
     6	7.83459413734e-09
     7	1.5776493195e-08
     8	1.29550034954e-08
     9	1.11765650559e-08

Measurement: edge100_ro79
  step	V(ro79_out)={VTHRESH} 
     1	7.24584064152e-09
     2	6.17584293282e-09
     3	5.49302473462e-09
     4	9.99315104378e-09
     5	8.36003965795e-09
     6	7.3314087973e-09
     7	1.42798424809e-08
     8	1.18505766831e-08
     9	1.03253498578e-08

Measurement: edge100_ro80
  step	V(ro80_out)={VTHRESH} 
     1	7.05823175544e-09
     2	6.07280903813e-09
     3	5.42528229386e-09
     4	9.59586677197e-09
     5	8.1268385508e-09
     6	7.17492763153e-09
     7	1.36027416119e-08
     8	1.1440157811e-08
     9	1.00431216188e-08

Measurement: edge100_ro81
  step	V(ro81_out)={VTHRESH} 
     1	7.60187368488e-09
     2	6.43685404551e-09
     3	5.69370424571e-09
     4	1.05974424032e-08
     5	8.81318783343e-09
     6	7.68088318955e-09
     7	1.53076299719e-08
     8	1.26274645936e-08
     9	1.09326705854e-08

Measurement: edge100_ro82
  step	V(ro82_out)={VTHRESH} 
     1	7.34144839775e-09
     2	6.25898630106e-09
     3	5.56184026805e-09
     4	1.01137063352e-08
     5	8.48368704676e-09
     6	7.4397917065e-09
     7	1.44734251527e-08
     8	1.20540892846e-08
     9	1.05066865029e-08

Measurement: edge100_ro83
  step	V(ro83_out)={VTHRESH} 
     1	7.69279369644e-09
     2	6.46926326369e-09
     3	5.70235789426e-09
     4	1.08301968518e-08
     5	8.92495549326e-09
     6	7.73699945972e-09
     7	1.57116262628e-08
     8	1.28254717428e-08
     9	1.1047165486e-08

Measurement: edge100_ro84
  step	V(ro84_out)={VTHRESH} 
     1	7.31061662571e-09
     2	6.23945604631e-09
     3	5.55392830996e-09
     4	1.00783727586e-08
     5	8.45557153956e-09
     6	7.4167530791e-09
     7	1.44320001626e-08
     8	1.20163444299e-08
     9	1.04744115166e-08

Measurement: edge100_ro85
  step	V(ro85_out)={VTHRESH} 
     1	8.26227835619e-09
     2	6.85319042072e-09
     3	5.978645207e-09
     4	1.18094527242e-08
     5	9.58014177942e-09
     6	8.22098546492e-09
     7	1.73410887837e-08
     8	1.39444648651e-08
     9	1.18760824632e-08

Measurement: edge100_ro86
  step	V(ro86_out)={VTHRESH} 
     1	7.36230181398e-09
     2	6.28475702295e-09
     3	5.58564217208e-09
     4	1.01349991249e-08
     5	8.51076269582e-09
     6	7.46378817651e-09
     7	1.45075469578e-08
     8	1.20943941652e-08
     9	1.05430638766e-08

Measurement: edge100_ro87
  step	V(ro87_out)={VTHRESH} 
     1	7.16595672961e-09
     2	6.14232506819e-09
     3	5.47587498808e-09
     4	9.79164822721e-09
     5	8.25111766597e-09
     6	7.26198146183e-09
     7	1.39142157173e-08
     8	1.16388892145e-08
     9	1.01824549959e-08

Measurement: edge100_ro88
  step	V(ro88_out)={VTHRESH} 
     1	7.54180699316e-09
     2	6.39327518554e-09
     3	5.66124408668e-09
     4	1.0449497414e-08
     5	8.70443569872e-09
     6	7.59758732813e-09
     7	1.50271574742e-08
     8	1.24203128735e-08
     9	1.07733349593e-08

Measurement: edge100_ro89
  step	V(ro89_out)={VTHRESH} 
     1	7.73731180483e-09
     2	6.5089092746e-09
     3	5.74985338767e-09
     4	1.08535148204e-08
     5	8.96191705232e-09
     6	7.77940798598e-09
     7	1.5743420026e-08
     8	1.28911588108e-08
     9	1.11132417861e-08

Measurement: edge100_ro90
  step	V(ro90_out)={VTHRESH} 
     1	7.44988854941e-09
     2	6.34182465629e-09
     3	5.62405622861e-09
     4	1.02885767228e-08
     5	8.60499575664e-09
     6	7.5310112741e-09
     7	1.47491367159e-08
     8	1.22447560432e-08
     9	1.06489811933e-08

Measurement: edge100_ro91
  step	V(ro91_out)={VTHRESH} 
     1	7.79223156544e-09
     2	6.55198587076e-09
     3	5.77456231751e-09
     4	1.09226484067e-08
     5	9.01295840137e-09
     6	7.81803264641e-09
     7	1.58313323642e-08
     8	1.29566854631e-08
     9	1.11620650257e-08

Measurement: edge100_ro92
  step	V(ro92_out)={VTHRESH} 
     1	8.08542269549e-09
     2	6.75341249801e-09
     3	5.93394297401e-09
     4	1.14448513821e-08
     5	9.38150558277e-09
     6	8.09432105614e-09
     7	1.67118038292e-08
     8	1.35882966298e-08
     9	1.16445814936e-08

Measurement: edge100_ro93
  step	V(ro93_out)={VTHRESH} 
     1	7.59091194794e-09
     2	6.42522738664e-09
     3	5.68671673657e-09
     4	1.05769474515e-08
     5	8.79415989785e-09
     6	7.66578451901e-09
     7	1.52599192275e-08
     8	1.25875586371e-08
     9	1.09001768251e-08

Measurement: edge100_ro94
  step	V(ro94_out)={VTHRESH} 
     1	7.63800801945e-09
     2	6.45910199072e-09
     3	5.70279846e-09
     4	1.06723344271e-08
     5	8.85349801358e-09
     6	7.7073183136e-09
     7	1.54302135077e-08
     8	1.26963041959e-08
     9	1.09780203916e-08

Measurement: edge100_ro95
  step	V(ro95_out)={VTHRESH} 
     1	7.80411743463e-09
     2	6.55816838909e-09
     3	5.7846401891e-09
     4	1.09510309092e-08
     5	9.03722876275e-09
     6	7.83996763122e-09
     7	1.58729949856e-08
     8	1.29905854952e-08
     9	1.11937027841e-08

Measurement: edge100_ro96
  step	V(ro96_out)={VTHRESH} 
     1	7.54237706701e-09
     2	6.40143866639e-09
     3	5.66052523473e-09
     4	1.05125989574e-08
     5	8.74227350676e-09
     6	7.62168106702e-09
     7	1.51583968499e-08
     8	1.25054796609e-08
     9	1.08309205814e-08

Measurement: edge100_ro97
  step	V(ro97_out)={VTHRESH} 
     1	7.25524652689e-09
     2	6.20372324702e-09
     3	5.52017286224e-09
     4	9.97168724548e-09
     5	8.3827862158e-09
     6	7.3632021199e-09
     7	1.42450191635e-08
     8	1.18847907367e-08
     9	1.03756554462e-08

Measurement: edge100_ro98
  step	V(ro98_out)={VTHRESH} 
     1	7.88763366257e-09
     2	6.60840794948e-09
     3	5.80113872758e-09
     4	1.11458523947e-08
     5	9.14797392233e-09
     6	7.91329039412e-09
     7	1.62330806805e-08
     8	1.3207578164e-08
     9	1.13405983534e-08

Measurement: edge100_ro99
  step	V(ro99_out)={VTHRESH} 
     1	7.47237650463e-09
     2	6.34846917954e-09
     3	5.60800275948e-09
     4	1.04070123976e-08
     5	8.65243296164e-09
     6	7.54880232335e-09
     7	1.50014210702e-08
     8	1.23671169738e-08
     9	1.07150407075e-08

Measurement: edge100_ro100
  step	V(ro100_out)={VTHRESH} 
     1	7.73768442474e-09
     2	6.52908815162e-09
     3	5.75955781174e-09
     4	1.07980716772e-08
     5	8.95006200005e-09
     6	7.78095780455e-09
     7	1.56142843804e-08
     8	1.28440062835e-08
     9	1.10952308149e-08

Measurement: edge100_ro101
  step	V(ro101_out)={VTHRESH} 
     1	6.87884460826e-09
     2	5.94976277845e-09
     3	5.33399961826e-09
     4	9.31819106458e-09
     5	7.93302014743e-09
     6	7.02929576732e-09
     7	1.31594140499e-08
     8	1.11292857547e-08
     9	9.80581610811e-09

Measurement: edge100_ro102
  step	V(ro102_out)={VTHRESH} 
     1	7.47061076572e-09
     2	6.33440189191e-09
     3	5.6091232512e-09
     4	1.03848209897e-08
     5	8.64568380378e-09
     6	7.54577240546e-09
     7	1.49626794077e-08
     8	1.23568211114e-08
     9	1.07142280725e-08

Measurement: edge100_ro103
  step	V(ro103_out)={VTHRESH} 
     1	7.62614688827e-09
     2	6.45576264612e-09
     3	5.70624767595e-09
     4	1.06393080865e-08
     5	8.84156550465e-09
     6	7.70314333507e-09
     7	1.53641901394e-08
     8	1.2667969491e-08
     9	1.09653876967e-08

Measurement: edge100_ro104
  step	V(ro104_out)={VTHRESH} 
     1	7.53848717989e-09
     2	6.38214943106e-09
     3	5.6595913199e-09
     4	1.03796961295e-08
     5	8.68075777362e-09
     6	7.59002423348e-09
     7	1.49077378173e-08
     8	1.23790408022e-08
     9	1.07593506333e-08

Measurement: edge100_ro105
  step	V(ro105_out)={VTHRESH} 
     1	7.40072955977e-09
     2	6.30294894165e-09
     3	5.5914163665e-09
     4	1.02435742288e-08
     5	8.56256366414e-09
     6	7.49444338918e-09
     7	1.46907396621e-08
     8	1.21837405614e-08
     9	1.05952467575e-08

Measurement: edge100_ro106
  step	V(ro106_out)={VTHRESH} 
     1	6.8724955275e-09
     2	5.95224949565e-09
     3	5.33474144604e-09
     4	9.31159399824e-09
     5	7.93236962412e-09
     6	7.03039538053e-09
     7	1.31498610973e-08
     8	1.11259335424e-08
     9	9.80636816183e-09

Measurement: edge100_ro107
  step	V(ro107_out)={VTHRESH} 
     1	7.43886080384e-09
     2	6.32781779132e-09
     3	5.60432808885e-09
     4	1.03139462579e-08
     5	8.61091029033e-09
     6	7.52952417413e-09
     7	1.48226487253e-08
     8	1.2277795335e-08
     9	1.06657341254e-08

Measurement: edge100_ro108
  step	V(ro108_out)={VTHRESH} 
     1	7.78260437292e-09
     2	6.53525986007e-09
     3	5.74252766397e-09
     4	1.09897814296e-08
     5	9.00367620559e-09
     6	7.79007858868e-09
     7	1.59765690205e-08
     8	1.29689373436e-08
     9	1.11380636433e-08

Measurement: edge100_ro109
  step	V(ro109_out)={VTHRESH} 
     1	7.66867831384e-09
     2	6.4709771724e-09
     3	5.71732637984e-09
     4	1.06845370978e-08
     5	8.8485187656e-09
     6	7.69674741637e-09
     7	1.54215791863e-08
     8	1.26690821534e-08
     9	1.09471567466e-08

Measurement: edge100_ro110
  step	V(ro110_out)={VTHRESH} 
     1	7.29365263573e-09
     2	6.22597207763e-09
     3	5.53533517902e-09
     4	1.0071275812e-08
     5	8.44699111673e-09
     6	7.40696653965e-09
     7	1.44330770731e-08
     8	1.20130313311e-08
     9	1.04676289403e-08

Measurement: edge100_ro111
  step	V(ro111_out)={VTHRESH} 
     1	7.21117442158e-09
     2	6.17142322969e-09
     3	5.5046251578e-09
     4	9.90989286594e-09
     5	8.34898993893e-09
     6	7.34316353381e-09
     7	1.41496445682e-08
     8	1.18365771295e-08
     9	1.03472925108e-08

Measurement: edge100_ro112
  step	V(ro112_out)={VTHRESH} 
     1	7.42709618014e-09
     2	6.32553970407e-09
     3	5.61102918602e-09
     4	1.02425025619e-08
     5	8.57515934675e-09
     6	7.50729174391e-09
     7	1.46785458586e-08
     8	1.21993090997e-08
     9	1.06134450458e-08

Measurement: edge100_ro113
  step	V(ro113_out)={VTHRESH} 
     1	7.55120366364e-09
     2	6.40565498119e-09
     3	5.67486470302e-09
     4	1.04931314057e-08
     5	8.74661880492e-09
     6	7.63430341156e-09
     7	1.51260592217e-08
     8	1.25134099373e-08
     9	1.085149154e-08

Measurement: edge100_ro114
  step	V(ro114_out)={VTHRESH} 
     1	7.26083978426e-09
     2	6.21120385198e-09
     3	5.53252474262e-09
     4	9.97495541662e-09
     5	8.39650476753e-09
     6	7.37815152657e-09
     7	1.42452038146e-08
     8	1.19048193783e-08
     9	1.03986130071e-08

Measurement: edge100_ro115
  step	V(ro115_out)={VTHRESH} 
     1	7.73129153839e-09
     2	6.52939647255e-09
     3	5.75534373859e-09
     4	1.08176285206e-08
     5	8.96636676332e-09
     6	7.79631277471e-09
     7	1.56675267496e-08
     8	1.28824200374e-08
     9	1.11277102145e-08

Measurement: edge100_ro116
  step	V(ro116_out)={VTHRESH} 
     1	6.89551612769e-09
     2	5.94646942447e-09
     3	5.35070524742e-09
     4	9.32912385663e-09
     5	7.94331374515e-09
     6	7.03807086303e-09
     7	1.31606304385e-08
     8	1.11311840477e-08
     9	9.80870115974e-09

Measurement: edge100_ro117
  step	V(ro117_out)={VTHRESH} 
     1	7.6377712808e-09
     2	6.45361857981e-09
     3	5.70084600996e-09
     4	1.06500221739e-08
     5	8.83311498717e-09
     6	7.68996358241e-09
     7	1.53657016074e-08
     8	1.26439535754e-08
     9	1.09354689166e-08

Measurement: edge100_ro118
  step	V(ro118_out)={VTHRESH} 
     1	6.81785916521e-09
     2	5.91749576382e-09
     3	5.31176473207e-09
     4	9.2024511736e-09
     5	7.86431641533e-09
     6	6.98355924233e-09
     7	1.2962006097e-08
     8	1.10063455414e-08
     9	9.7206160859e-09

Measurement: edge100_ro119
  step	V(ro119_out)={VTHRESH} 
     1	7.20104002966e-09
     2	6.14652222089e-09
     3	5.49539376922e-09
     4	9.88383054177e-09
     5	8.32485251434e-09
     6	7.32183961832e-09
     7	1.40909556377e-08
     8	1.17797280182e-08
     9	1.02980505029e-08

Measurement: edge100_ro120
  step	V(ro120_out)={VTHRESH} 
     1	7.47604969903e-09
     2	6.34536789659e-09
     3	5.6143787906e-09
     4	1.0397354939e-08
     5	8.65585926766e-09
     6	7.55464099142e-09
     7	1.49729509239e-08
     8	1.23655240225e-08
     9	1.07226388342e-08

Measurement: edge100_ro121
  step	V(ro121_out)={VTHRESH} 
     1	7.44654033449e-09
     2	6.32843859409e-09
     3	5.61216910089e-09
     4	1.03385475554e-08
     5	8.63212683054e-09
     6	7.54712543618e-09
     7	1.48638599599e-08
     8	1.23138765669e-08
     9	1.06970072696e-08

Measurement: edge100_ro122
  step	V(ro122_out)={VTHRESH} 
     1	7.77619801339e-09
     2	6.55444165108e-09
     3	5.7771948287e-09
     4	1.08648480134e-08
     5	8.99537866002e-09
     6	7.81413270806e-09
     7	1.57184693284e-08
     8	1.29137689554e-08
     9	1.11467144511e-08

Measurement: edge100_ro123
  step	V(ro123_out)={VTHRESH} 
     1	7.60336666592e-09
     2	6.42904976711e-09
     3	5.68371704361e-09
     4	1.06255226184e-08
     5	8.8190531605e-09
     6	7.68125038676e-09
     7	1.53464823293e-08
     8	1.26347353932e-08
     9	1.09316617402e-08

Measurement: edge100_ro124
  step	V(ro124_out)={VTHRESH} 
     1	7.93274818337e-09
     2	6.63851762866e-09
     3	5.83029500131e-09
     4	1.1181877964e-08
     5	9.17732956807e-09
     6	7.93238445527e-09
     7	1.62876993639e-08
     8	1.32514990105e-08
     9	1.1375817872e-08

Measurement: edge100_ro125
  step	V(ro125_out)={VTHRESH} 
     1	7.10437547958e-09
     2	6.10817561138e-09
     3	5.45460491943e-09
     4	9.66334780803e-09
     5	8.18328572359e-09
     6	7.22136543043e-09
     7	1.37089096596e-08
     8	1.15315281883e-08
     9	1.01193354372e-08

Measurement: edge100_ro126
  step	V(ro126_out)={VTHRESH} 
     1	7.58566835331e-09
     2	6.4304832609e-09
     3	5.69216444451e-09
     4	1.05536090203e-08
     5	8.78920102326e-09
     6	7.66732792044e-09
     7	1.52121596997e-08
     8	1.25708067697e-08
     9	1.08962079959e-08

Measurement: edge100_ro127
  step	V(ro127_out)={VTHRESH} 
     1	8.01977896543e-09
     2	6.72899960024e-09
     3	5.89195609857e-09
     4	1.12825237926e-08
     5	9.25504677766e-09
     6	7.99415793661e-09
     7	1.64097262369e-08
     8	1.33482824142e-08
     9	1.14517094612e-08
