chip_1,chip_2,raw_nominal_HD_percent
1,2,50.9286412512219
1,3,48.7781036168133
1,4,56.6959921798632
1,5,49.0713587487781
1,6,54.6432062561095
1,7,54.6432062561095
1,8,53.6656891495601
1,9,50.0488758553275
1,10,46.6275659824047
1,11,52.7859237536657
1,12,54.1544477028348
1,13,54.1544477028348
1,14,50.4398826979472
1,15,44.1837732160313
1,16,48.8758553274682
1,17,56.3049853372434
1,18,52.6881720430108
1,19,50.6353861192571
1,20,53.4701857282502
1,21,46.13880742913
1,22,48.0938416422287
1,23,50.1466275659824
1,24,50.1466275659824
1,25,50.3421309872923
1,26,51.7106549364614
1,27,47.3118279569892
1,28,44.0860215053763
1,29,43.108504398827
1,30,45.0635386119257
1,31,45.8455522971652
1,32,50.6353861192571
1,33,49.169110459433
1,34,48.3870967741936
1,35,45.6500488758553
1,36,50.9286412512219
1,37,47.8005865102639
1,38,46.8230694037146
1,39,48.9736070381232
1,40,49.266862170088
1,41,52.5904203323558
1,42,45.0635386119257
1,43,53.1769305962854
1,44,44.9657869012708
1,45,45.3567937438905
1,46,50.6353861192571
1,47,49.8533724340176
1,48,48.0938416422287
1,49,50.3421309872923
1,50,54.5454545454545
1,51,48.4848484848485
1,52,53.6656891495601
1,53,54.5454545454545
1,54,49.8533724340176
1,55,46.0410557184751
1,56,48.4848484848485
1,57,47.0185728250244
1,58,48.3870967741936
1,59,46.2365591397849
1,60,50.733137829912
1,61,49.266862170088
1,62,53.1769305962854
1,63,50.6353861192571
1,64,54.7409579667644
1,65,50.4398826979472
1,66,49.8533724340176
1,67,53.0791788856305
1,68,43.9882697947214
1,69,44.2815249266862
1,70,52.5904203323558
1,71,48.3870967741936
1,72,40.3714565004888
1,73,50.2443792766373
1,74,54.8387096774194
1,75,48.2893450635386
1,76,55.0342130987292
1,77,50.2443792766373
1,78,45.2590420332356
1,79,46.2365591397849
1,80,55.327468230694
1,81,44.9657869012708
1,82,47.8005865102639
1,83,50.830889540567
1,84,57.6735092864125
1,85,53.0791788856305
1,86,49.4623655913978
1,87,53.3724340175953
1,88,50.733137829912
1,89,56.3049853372434
1,90,49.0713587487781
1,91,45.9433040078201
1,92,53.2746823069404
1,93,50.0488758553275
1,94,49.7556207233627
1,95,50.2443792766373
1,96,53.5679374389052
1,97,51.2218963831867
1,98,50.830889540567
1,99,54.4477028347996
1,100,42.5219941348974
2,3,44.9657869012708
2,4,50.3421309872923
2,5,51.7106549364614
2,6,43.2062561094819
2,7,51.0263929618768
2,8,51.0263929618768
2,9,51.1241446725318
2,10,48.8758553274682
2,11,46.8230694037146
2,12,53.2746823069404
2,13,49.3646138807429
2,14,51.5151515151515
2,15,48.7781036168133
2,16,50.3421309872923
2,17,47.6050830889541
2,18,46.9208211143695
2,19,58.3577712609971
2,20,52.9814271749756
2,21,51.1241446725318
2,22,47.2140762463343
2,23,50.4398826979472
2,24,49.4623655913978
2,25,49.266862170088
2,26,46.7253176930596
2,27,48.7781036168133
2,28,49.4623655913978
2,29,48.8758553274682
2,30,52.1994134897361
2,31,49.8533724340176
2,32,48.5826001955034
2,33,53.3724340175953
2,34,53.1769305962854
2,35,51.0263929618768
2,36,51.2218963831867
2,37,52.7859237536657
2,38,47.3118279569892
2,39,50.0488758553275
2,40,47.4095796676442
2,41,51.5151515151515
2,42,49.8533724340176
2,43,46.4320625610948
2,44,55.0342130987292
2,45,51.9061583577713
2,46,50.5376344086022
2,47,53.4701857282502
2,48,49.169110459433
2,49,46.7253176930596
2,50,45.6500488758553
2,51,47.2140762463343
2,52,47.5073313782991
2,53,45.6500488758553
2,54,52.297165200391
2,55,54.1544477028348
2,56,49.7556207233627
2,57,48.4848484848485
2,58,53.3724340175953
2,59,53.5679374389052
2,60,50.4398826979472
2,61,52.4926686217009
2,62,51.9061583577713
2,63,53.86119257087
2,64,48.3870967741936
2,65,47.6050830889541
2,66,56.0117302052786
2,67,45.5522971652004
2,68,51.1241446725318
2,69,53.3724340175953
2,70,49.9511241446725
2,71,47.702834799609
2,72,50.0488758553275
2,73,50.5376344086022
2,74,48.4848484848485
2,75,47.8005865102639
2,76,53.1769305962854
2,77,46.8230694037146
2,78,56.3049853372434
2,79,42.8152492668622
2,80,49.169110459433
2,81,50.9286412512219
2,82,51.0263929618768
2,83,50.3421309872923
2,84,50.5376344086022
2,85,54.1544477028348
2,86,49.7556207233627
2,87,48.7781036168133
2,88,48.6803519061584
2,89,47.9960899315738
2,90,53.6656891495601
2,91,55.8162267839687
2,92,50.2443792766373
2,93,50.1466275659824
2,94,45.1612903225806
2,95,50.3421309872923
2,96,49.169110459433
2,97,54.2521994134897
2,98,50.5376344086022
2,99,50.6353861192571
2,100,53.3724340175953
3,4,50.5376344086022
3,5,49.7556207233627
3,6,48.2893450635386
3,7,53.9589442815249
3,8,46.3343108504399
3,9,49.9511241446725
3,10,46.13880742913
3,11,52.297165200391
3,12,43.4995112414467
3,13,56.7937438905181
3,14,44.672531769306
3,15,48.5826001955034
3,16,48.7781036168133
3,17,45.6500488758553
3,18,47.3118279569892
3,19,52.1016617790811
3,20,49.6578690127077
3,21,44.2815249266862
3,22,45.8455522971652
3,23,49.266862170088
3,24,53.3724340175953
3,25,56.5004887585533
3,26,52.7859237536657
3,27,48.1915933528837
3,28,57.2825024437928
3,29,50.4398826979472
3,30,48.6803519061584
3,31,46.3343108504399
3,32,47.9960899315738
3,33,50.2443792766373
3,34,48.2893450635386
3,35,45.7478005865103
3,36,49.6578690127077
3,37,48.4848484848485
3,38,45.1612903225806
3,39,49.4623655913978
3,40,44.672531769306
3,41,47.0185728250244
3,42,50.2443792766373
3,43,53.6656891495601
3,44,49.3646138807429
3,45,49.169110459433
3,46,47.9960899315738
3,47,59.7262952101662
3,48,54.4477028347996
3,49,48.0938416422287
3,50,50.3421309872923
3,51,46.6275659824047
3,52,44.9657869012708
3,53,50.1466275659824
3,54,48.7781036168133
3,55,50.6353861192571
3,56,46.0410557184751
3,57,49.8533724340176
3,58,56.1094819159335
3,59,47.3118279569892
3,60,51.0263929618768
3,61,53.6656891495601
3,62,50.9286412512219
3,63,52.297165200391
3,64,52.297165200391
3,65,55.0342130987292
3,66,51.5151515151515
3,67,53.3724340175953
3,68,43.4995112414467
3,69,42.2287390029325
3,70,40.7624633431085
3,71,47.5073313782991
3,72,46.3343108504399
3,73,49.169110459433
3,74,49.4623655913978
3,75,44.8680351906158
3,76,38.9051808406647
3,77,44.8680351906158
3,78,52.1994134897361
3,79,49.6578690127077
3,80,50.5376344086022
3,81,52.297165200391
3,82,45.7478005865103
3,83,55.8162267839687
3,84,52.297165200391
3,85,51.0263929618768
3,86,47.2140762463343
3,87,52.4926686217009
3,88,53.763440860215
3,89,49.3646138807429
3,90,42.9130009775171
3,91,48.7781036168133
3,92,52.5904203323558
3,93,53.6656891495601
3,94,47.3118279569892
3,95,47.0185728250244
3,96,48.7781036168133
3,97,52.297165200391
3,98,49.7556207233627
3,99,44.7702834799609
3,100,45.7478005865103
4,5,47.8983382209189
4,6,44.2815249266862
4,7,51.9061583577713
4,8,51.9061583577713
4,9,47.3118279569892
4,10,50.9286412512219
4,11,46.3343108504399
4,12,51.8084066471163
4,13,53.763440860215
4,14,53.3724340175953
4,15,48.6803519061584
4,16,42.6197458455523
4,17,56.3049853372434
4,18,46.8230694037146
4,19,47.5073313782991
4,20,56.0117302052786
4,21,47.5073313782991
4,22,53.9589442815249
4,23,53.4701857282502
4,24,49.9511241446725
4,25,47.9960899315738
4,26,48.9736070381232
4,27,48.0938416422287
4,28,54.4477028347996
4,29,57.3802541544477
4,30,50.3421309872923
4,31,51.5151515151515
4,32,47.702834799609
4,33,54.8387096774194
4,34,49.9511241446725
4,35,54.2521994134897
4,36,56.0117302052786
4,37,48.7781036168133
4,38,49.7556207233627
4,39,49.9511241446725
4,40,54.3499511241447
4,41,47.3118279569892
4,42,48.1915933528837
4,43,51.2218963831867
4,44,50.6353861192571
4,45,48.4848484848485
4,46,57.0869990224829
4,47,53.763440860215
4,48,52.5904203323558
4,49,45.2590420332356
4,50,46.13880742913
4,51,55.7184750733138
4,52,49.169110459433
4,53,48.0938416422287
4,54,48.2893450635386
4,55,44.2815249266862
4,56,55.1319648093842
4,57,48.1915933528837
4,58,48.3870967741936
4,59,53.2746823069404
4,60,53.6656891495601
4,61,50.2443792766373
4,62,45.3567937438905
4,63,48.6803519061584
4,64,49.8533724340176
4,65,52.1994134897361
4,66,48.2893450635386
4,67,49.5601173020528
4,68,51.6129032258064
4,69,46.6275659824047
4,70,48.6803519061584
4,71,52.4926686217009
4,72,54.0566959921799
4,73,57.2825024437928
4,74,47.2140762463343
4,75,46.13880742913
4,76,45.0635386119257
4,77,47.1163245356794
4,78,50.1466275659824
4,79,53.2746823069404
4,80,42.6197458455523
4,81,50.2443792766373
4,82,46.4320625610948
4,83,49.266862170088
4,84,45.5522971652004
4,85,47.9960899315738
4,86,53.1769305962854
4,87,41.2512218963832
4,88,48.7781036168133
4,89,52.9814271749756
4,90,45.3567937438905
4,91,49.8533724340176
4,92,48.1915933528837
4,93,47.702834799609
4,94,50.733137829912
4,95,45.7478005865103
4,96,46.9208211143695
4,97,49.266862170088
4,98,48.0938416422287
4,99,42.9130009775171
4,100,54.0566959921799
5,6,52.8836754643206
5,7,50.5376344086022
5,8,44.8680351906158
5,9,45.5522971652004
5,10,50.1466275659824
5,11,53.763440860215
5,12,47.1163245356794
5,13,54.1544477028348
5,14,47.702834799609
5,15,44.9657869012708
5,16,52.1994134897361
5,17,52.3949169110459
5,18,44.672531769306
5,19,48.2893450635386
5,20,52.297165200391
5,21,52.5904203323558
5,22,49.0713587487781
5,23,48.7781036168133
5,24,54.4477028347996
5,25,48.5826001955034
5,26,47.9960899315738
5,27,42.8152492668622
5,28,50.3421309872923
5,29,52.4926686217009
5,30,49.169110459433
5,31,45.8455522971652
5,32,47.5073313782991
5,33,52.4926686217009
5,34,48.3870967741936
5,35,47.2140762463343
5,36,56.5982404692082
5,37,52.297165200391
5,38,48.5826001955034
5,39,49.169110459433
5,40,46.9208211143695
5,41,52.5904203323558
5,42,50.3421309872923
5,43,49.266862170088
5,44,56.3049853372434
5,45,50.4398826979472
5,46,47.1163245356794
5,47,51.6129032258064
5,48,46.5298142717497
5,49,46.6275659824047
5,50,50.2443792766373
5,51,50.830889540567
5,52,51.7106549364614
5,53,50.4398826979472
5,54,49.266862170088
5,55,47.8005865102639
5,56,49.8533724340176
5,57,55.0342130987292
5,58,51.7106549364614
5,59,47.9960899315738
5,60,54.2521994134897
5,61,50.2443792766373
5,62,46.9208211143695
5,63,44.9657869012708
5,64,54.1544477028348
5,65,48.4848484848485
5,66,47.702834799609
5,67,48.7781036168133
5,68,51.0263929618768
5,69,52.6881720430108
5,70,44.1837732160313
5,71,54.8387096774194
5,72,52.1016617790811
5,73,56.3049853372434
5,74,52.297165200391
5,75,48.0938416422287
5,76,46.6275659824047
5,77,47.8983382209189
5,78,47.6050830889541
5,79,47.2140762463343
5,80,49.4623655913978
5,81,51.4173998044966
5,82,52.1016617790811
5,83,47.702834799609
5,84,51.2218963831867
5,85,46.4320625610948
5,86,52.7859237536657
5,87,48.6803519061584
5,88,43.6950146627566
5,89,51.6129032258064
5,90,50.2443792766373
5,91,49.6578690127077
5,92,50.9286412512219
5,93,48.4848484848485
5,94,48.1915933528837
5,95,53.1769305962854
5,96,52.1994134897361
5,97,51.4173998044966
5,98,47.5073313782991
5,99,47.9960899315738
5,100,53.86119257087
6,7,48.4848484848485
6,8,57.8690127077224
6,9,52.4926686217009
6,10,43.2062561094819
6,11,46.8230694037146
6,12,48.7781036168133
6,13,50.3421309872923
6,14,47.2140762463343
6,15,46.4320625610948
6,16,46.0410557184751
6,17,45.4545454545455
6,18,47.8983382209189
6,19,50.9286412512219
6,20,48.2893450635386
6,21,53.0791788856305
6,22,51.9061583577713
6,23,50.2443792766373
6,24,53.5679374389052
6,25,55.9139784946236
6,26,52.1994134897361
6,27,46.0410557184751
6,28,58.8465298142718
6,29,50.2443792766373
6,30,49.266862170088
6,31,51.6129032258064
6,32,47.2140762463343
6,33,51.4173998044966
6,34,51.6129032258064
6,35,50.0488758553275
6,36,51.2218963831867
6,37,46.5298142717497
6,38,54.1544477028348
6,39,53.1769305962854
6,40,47.0185728250244
6,41,46.4320625610948
6,42,48.4848484848485
6,43,52.1016617790811
6,44,49.3646138807429
6,45,47.2140762463343
6,46,53.6656891495601
6,47,51.5151515151515
6,48,54.2521994134897
6,49,51.6129032258064
6,50,51.1241446725318
6,51,52.8836754643206
6,52,50.4398826979472
6,53,50.733137829912
6,54,55.425219941349
6,55,51.6129032258064
6,56,48.7781036168133
6,57,43.7927663734115
6,58,48.8758553274682
6,59,54.5454545454545
6,60,51.8084066471163
6,61,45.8455522971652
6,62,41.9354838709677
6,63,49.9511241446725
6,64,43.3040078201369
6,65,49.9511241446725
6,66,50.9286412512219
6,67,52.1994134897361
6,68,54.0566959921799
6,69,44.574780058651
6,70,50.9286412512219
6,71,49.6578690127077
6,72,49.6578690127077
6,73,47.8005865102639
6,74,45.3567937438905
6,75,48.7781036168133
6,76,53.763440860215
6,77,47.8005865102639
6,78,52.1994134897361
6,79,47.3118279569892
6,80,56.5982404692082
6,81,51.9061583577713
6,82,42.0332355816227
6,83,54.8387096774194
6,84,47.0185728250244
6,85,48.6803519061584
6,86,51.7106549364614
6,87,49.5601173020528
6,88,49.266862170088
6,89,54.8387096774194
6,90,45.4545454545455
6,91,50.9286412512219
6,92,47.702834799609
6,93,48.3870967741936
6,94,50.0488758553275
6,95,45.4545454545455
6,96,47.0185728250244
6,97,53.4701857282502
6,98,46.4320625610948
6,99,47.8983382209189
6,100,53.3724340175953
7,8,53.763440860215
7,9,50.9286412512219
7,10,47.8983382209189
7,11,50.5376344086022
7,12,56.4027370478983
7,13,44.672531769306
7,14,55.2297165200391
7,15,48.1915933528837
7,16,52.297165200391
7,17,50.9286412512219
7,18,49.0713587487781
7,19,47.9960899315738
7,20,47.702834799609
7,21,53.6656891495601
7,22,52.6881720430108
7,23,53.5679374389052
7,24,52.3949169110459
7,25,45.1612903225806
7,26,46.9208211143695
7,27,50.9286412512219
7,28,49.8533724340176
7,29,48.2893450635386
7,30,46.7253176930596
7,31,47.702834799609
7,32,49.9511241446725
7,33,45.1612903225806
7,34,53.3724340175953
7,35,53.1769305962854
7,36,52.0039100684262
7,37,52.3949169110459
7,38,46.13880742913
7,39,48.6803519061584
7,40,55.425219941349
7,41,57.3802541544477
7,42,50.0488758553275
7,43,53.2746823069404
7,44,46.6275659824047
7,45,48.3870967741936
7,46,44.4770283479961
7,47,49.169110459433
7,48,51.9061583577713
7,49,47.3118279569892
7,50,51.9061583577713
7,51,50.733137829912
7,52,47.702834799609
7,53,51.3196480938416
7,54,50.9286412512219
7,55,49.8533724340176
7,56,48.1915933528837
7,57,47.5073313782991
7,58,53.5679374389052
7,59,50.830889540567
7,60,50.6353861192571
7,61,51.1241446725318
7,62,42.7174975562072
7,63,59.3352883675464
7,64,43.4995112414467
7,65,48.9736070381232
7,66,52.297165200391
7,67,46.5298142717497
7,68,56.989247311828
7,69,49.6578690127077
7,70,49.169110459433
7,71,49.6578690127077
7,72,49.8533724340176
7,73,52.297165200391
7,74,43.9882697947214
7,75,45.2590420332356
7,76,50.2443792766373
7,77,48.9736070381232
7,78,46.9208211143695
7,79,47.8983382209189
7,80,54.2521994134897
7,81,47.8005865102639
7,82,50.0488758553275
7,83,47.2140762463343
7,84,50.1466275659824
7,85,45.7478005865103
7,86,50.1466275659824
7,87,48.9736070381232
7,88,48.4848484848485
7,89,54.2521994134897
7,90,47.0185728250244
7,91,47.4095796676442
7,92,46.7253176930596
7,93,52.6881720430108
7,94,47.5073313782991
7,95,50.9286412512219
7,96,51.7106549364614
7,97,49.169110459433
7,98,51.3196480938416
7,99,55.9139784946236
7,100,52.1994134897361
8,9,48.7781036168133
8,10,48.4848484848485
8,11,53.2746823069404
8,12,53.4701857282502
8,13,49.7556207233627
8,14,44.0860215053763
8,15,53.86119257087
8,16,50.733137829912
8,17,49.169110459433
8,18,51.6129032258064
8,19,49.5601173020528
8,20,51.0263929618768
8,21,46.0410557184751
8,22,52.6881720430108
8,23,48.2893450635386
8,24,53.1769305962854
8,25,45.7478005865103
8,26,48.2893450635386
8,27,54.0566959921799
8,28,50.2443792766373
8,29,44.574780058651
8,30,53.1769305962854
8,31,53.5679374389052
8,32,50.733137829912
8,33,43.4017595307918
8,34,49.6578690127077
8,35,52.1994134897361
8,36,48.8758553274682
8,37,52.9814271749756
8,38,51.4173998044966
8,39,46.9208211143695
8,40,44.4770283479961
8,41,47.0185728250244
8,42,49.4623655913978
8,43,45.4545454545455
8,44,54.8387096774194
8,45,53.0791788856305
8,46,52.1016617790811
8,47,50.9286412512219
8,48,50.1466275659824
8,49,49.6578690127077
8,50,54.6432062561095
8,51,44.8680351906158
8,52,49.4623655913978
8,53,44.8680351906158
8,54,49.9511241446725
8,55,52.1994134897361
8,56,48.7781036168133
8,57,49.8533724340176
8,58,49.0713587487781
8,59,50.4398826979472
8,60,44.574780058651
8,61,56.5982404692082
8,62,51.9061583577713
8,63,49.7556207233627
8,64,53.86119257087
8,65,54.8387096774194
8,66,44.672531769306
8,67,51.4173998044966
8,68,46.0410557184751
8,69,51.6129032258064
8,70,53.2746823069404
8,71,51.8084066471163
8,72,53.3724340175953
8,73,51.1241446725318
8,74,49.266862170088
8,75,51.1241446725318
8,76,47.702834799609
8,77,51.1241446725318
8,78,49.266862170088
8,79,52.3949169110459
8,80,44.672531769306
8,81,48.5826001955034
8,82,51.4173998044966
8,83,45.6500488758553
8,84,55.0342130987292
8,85,51.8084066471163
8,86,46.2365591397849
8,87,47.6050830889541
8,88,48.8758553274682
8,89,52.1016617790811
8,90,52.1016617790811
8,91,53.6656891495601
8,92,50.6353861192571
8,93,52.297165200391
8,94,57.4780058651026
8,95,56.5982404692082
8,96,51.7106549364614
8,97,49.9511241446725
8,98,49.5601173020528
8,99,48.4848484848485
8,100,52.1994134897361
9,10,52.297165200391
9,11,50.0488758553275
9,12,56.1094819159335
9,13,51.6129032258064
9,14,53.3724340175953
9,15,47.5073313782991
9,16,52.9814271749756
9,17,46.3343108504399
9,18,48.3870967741936
9,19,51.0263929618768
9,20,48.1915933528837
9,21,54.9364613880743
9,22,42.6197458455523
9,23,50.1466275659824
9,24,51.9061583577713
9,25,51.9061583577713
9,26,50.1466275659824
9,27,53.5679374389052
9,28,49.3646138807429
9,29,52.297165200391
9,30,51.3196480938416
9,31,43.108504398827
9,32,46.7253176930596
9,33,49.9511241446725
9,34,48.9736070381232
9,35,47.2140762463343
9,36,47.6050830889541
9,37,56.7937438905181
9,38,50.9286412512219
9,39,42.3264907135875
9,40,47.8983382209189
9,41,48.2893450635386
9,42,51.3196480938416
9,43,49.0713587487781
9,44,47.5073313782991
9,45,50.6353861192571
9,46,54.3499511241447
9,47,48.8758553274682
9,48,48.6803519061584
9,49,53.0791788856305
9,50,52.9814271749756
9,51,52.0039100684262
9,52,49.7556207233627
9,53,51.8084066471163
9,54,51.4173998044966
9,55,49.9511241446725
9,56,57.2825024437928
9,57,52.6881720430108
9,58,50.5376344086022
9,59,47.9960899315738
9,60,50.9286412512219
9,61,49.266862170088
9,62,50.830889540567
9,63,49.8533724340176
9,64,55.1319648093842
9,65,50.2443792766373
9,66,46.13880742913
9,67,48.3870967741936
9,68,50.0488758553275
9,69,53.86119257087
9,70,44.574780058651
9,71,49.7556207233627
9,72,52.1016617790811
9,73,52.5904203323558
9,74,48.7781036168133
9,75,51.8084066471163
9,76,49.7556207233627
9,77,47.1163245356794
9,78,51.9061583577713
9,79,49.7556207233627
9,80,53.763440860215
9,81,47.3118279569892
9,82,55.2297165200391
9,83,47.702834799609
9,84,51.6129032258064
9,85,53.2746823069404
9,86,50.2443792766373
9,87,53.1769305962854
9,88,49.9511241446725
9,89,51.4173998044966
9,90,49.4623655913978
9,91,49.6578690127077
9,92,48.3870967741936
9,93,52.1994134897361
9,94,44.672531769306
9,95,50.4398826979472
9,96,50.0488758553275
9,97,53.3724340175953
9,98,50.0488758553275
9,99,45.8455522971652
9,100,46.0410557184751
10,11,47.0185728250244
10,12,47.2140762463343
10,13,54.0566959921799
10,14,47.2140762463343
10,15,42.9130009775171
10,16,55.8162267839687
10,17,47.0185728250244
10,18,52.0039100684262
10,19,48.5826001955034
10,20,52.9814271749756
10,21,48.1915933528837
10,22,51.1241446725318
10,23,49.266862170088
10,24,53.9589442815249
10,25,52.0039100684262
10,26,53.763440860215
10,27,49.7556207233627
10,28,54.7409579667644
10,29,48.6803519061584
10,30,50.830889540567
10,31,53.5679374389052
10,32,52.297165200391
10,33,42.4242424242424
10,34,49.266862170088
10,35,52.9814271749756
10,36,50.4398826979472
10,37,45.5522971652004
10,38,51.2218963831867
10,39,51.0263929618768
10,40,44.2815249266862
10,41,58.9442815249267
10,42,50.830889540567
10,43,51.7106549364614
10,44,42.5219941348974
10,45,49.169110459433
10,46,53.4701857282502
10,47,52.6881720430108
10,48,52.6881720430108
10,49,49.4623655913978
10,50,50.1466275659824
10,51,43.4995112414467
10,52,56.891495601173
10,53,52.6881720430108
10,54,53.2746823069404
10,55,50.2443792766373
10,56,46.0410557184751
10,57,52.5904203323558
10,58,46.9208211143695
10,59,49.8533724340176
10,60,50.830889540567
10,61,49.3646138807429
10,62,53.0791788856305
10,63,48.1915933528837
10,64,50.733137829912
10,65,50.1466275659824
10,66,52.297165200391
10,67,59.0420332355816
10,68,44.2815249266862
10,69,45.5522971652004
10,70,54.4477028347996
10,71,46.13880742913
10,72,48.0938416422287
10,73,44.8680351906158
10,74,44.1837732160313
10,75,50.3421309872923
10,76,53.5679374389052
10,77,46.2365591397849
10,78,52.3949169110459
10,79,47.8983382209189
10,80,53.2746823069404
10,81,44.4770283479961
10,82,43.5972629521017
10,83,56.4027370478983
10,84,52.1016617790811
10,85,48.8758553274682
10,86,48.7781036168133
10,87,49.7556207233627
10,88,48.8758553274682
10,89,48.1915933528837
10,90,56.0117302052786
10,91,47.6050830889541
10,92,53.763440860215
10,93,54.6432062561095
10,94,55.1319648093842
10,95,48.9736070381232
10,96,49.7556207233627
10,97,49.5601173020528
10,98,49.5601173020528
10,99,49.4623655913978
10,100,51.6129032258064
11,12,52.0039100684262
11,13,48.4848484848485
11,14,49.4623655913978
11,15,51.2218963831867
11,16,48.2893450635386
11,17,51.0263929618768
11,18,51.9061583577713
11,19,48.8758553274682
11,20,55.425219941349
11,21,45.9433040078201
11,22,51.0263929618768
11,23,47.4095796676442
11,24,45.6500488758553
11,25,47.0185728250244
11,26,53.4701857282502
11,27,48.6803519061584
11,28,45.8455522971652
11,29,49.5601173020528
11,30,56.989247311828
11,31,47.2140762463343
11,32,56.3049853372434
11,33,49.169110459433
11,34,53.0791788856305
11,35,48.1915933528837
11,36,50.3421309872923
11,37,52.4926686217009
11,38,48.5826001955034
11,39,42.7174975562072
11,40,50.6353861192571
11,41,51.4173998044966
11,42,50.5376344086022
11,43,52.1994134897361
11,44,48.0938416422287
11,45,52.5904203323558
11,46,52.3949169110459
11,47,48.8758553274682
11,48,50.2443792766373
11,49,51.7106549364614
11,50,49.6578690127077
11,51,49.0713587487781
11,52,46.2365591397849
11,53,47.5073313782991
11,54,53.9589442815249
11,55,54.0566959921799
11,56,44.7702834799609
11,57,48.7781036168133
11,58,45.8455522971652
11,59,51.5151515151515
11,60,49.169110459433
11,61,53.3724340175953
11,62,51.4173998044966
11,63,50.2443792766373
11,64,48.8758553274682
11,65,45.7478005865103
11,66,49.0713587487781
11,67,48.7781036168133
11,68,49.266862170088
11,69,51.5151515151515
11,70,54.7409579667644
11,71,46.0410557184751
11,72,57.9667644183773
11,73,46.13880742913
11,74,48.3870967741936
11,75,53.763440860215
11,76,49.5601173020528
11,77,51.4173998044966
11,78,55.0342130987292
11,79,49.7556207233627
11,80,47.702834799609
11,81,49.266862170088
11,82,47.2140762463343
11,83,56.1094819159335
11,84,52.0039100684262
11,85,52.297165200391
11,86,48.8758553274682
11,87,56.5004887585533
11,88,56.0117302052786
11,89,53.3724340175953
11,90,51.0263929618768
11,91,45.1612903225806
11,92,43.4995112414467
11,93,51.2218963831867
11,94,45.8455522971652
11,95,48.6803519061584
11,96,46.5298142717497
11,97,59.4330400782014
11,98,57.2825024437928
11,99,42.7174975562072
11,100,52.297165200391
12,13,51.0263929618768
12,14,44.574780058651
12,15,57.0869990224829
12,16,51.6129032258064
12,17,44.1837732160313
12,18,46.4320625610948
12,19,46.3343108504399
12,20,49.5601173020528
12,21,49.4623655913978
12,22,53.5679374389052
12,23,43.4995112414467
12,24,51.7106549364614
12,25,50.1466275659824
12,26,51.5151515151515
12,27,39.4916911045943
12,28,50.5376344086022
12,29,46.6275659824047
12,30,57.5757575757576
12,31,45.2590420332356
12,32,52.5904203323558
12,33,53.6656891495601
12,34,50.1466275659824
12,35,46.2365591397849
12,36,52.1016617790811
12,37,43.8905180840665
12,38,47.8005865102639
12,39,52.4926686217009
12,40,52.1994134897361
12,41,45.7478005865103
12,42,55.0342130987292
12,43,50.830889540567
12,44,52.0039100684262
12,45,49.266862170088
12,46,47.8983382209189
12,47,50.830889540567
12,48,52.3949169110459
12,49,47.9960899315738
12,50,53.763440860215
12,51,48.6803519061584
12,52,52.6881720430108
12,53,52.9814271749756
12,54,47.1163245356794
12,55,51.7106549364614
12,56,52.5904203323558
12,57,48.9736070381232
12,58,50.9286412512219
12,59,51.7106549364614
12,60,51.9061583577713
12,61,46.5298142717497
12,62,47.1163245356794
12,63,41.4467253176931
12,64,46.9208211143695
12,65,51.2218963831867
12,66,52.3949169110459
12,67,51.7106549364614
12,68,50.830889540567
12,69,47.2140762463343
12,70,43.4017595307918
12,71,51.9061583577713
12,72,50.5376344086022
12,73,47.1163245356794
12,74,51.3196480938416
12,75,49.8533724340176
12,76,41.544477028348
12,77,48.6803519061584
12,78,49.169110459433
12,79,51.9061583577713
12,80,45.7478005865103
12,81,50.6353861192571
12,82,47.9960899315738
12,83,56.891495601173
12,84,48.8758553274682
12,85,47.8005865102639
12,86,49.6578690127077
12,87,54.7409579667644
12,88,50.733137829912
12,89,45.1612903225806
12,90,51.2218963831867
12,91,43.010752688172
12,92,52.297165200391
12,93,46.3343108504399
12,94,55.2297165200391
12,95,52.9814271749756
12,96,51.6129032258064
12,97,43.5972629521017
12,98,48.0938416422287
12,99,45.2590420332356
12,100,52.8836754643206
13,14,51.8084066471163
13,15,55.7184750733138
13,16,51.8084066471163
13,17,51.8084066471163
13,18,54.2521994134897
13,19,49.8533724340176
13,20,46.4320625610948
13,21,51.0263929618768
13,22,50.2443792766373
13,23,49.169110459433
13,24,45.0635386119257
13,25,48.9736070381232
13,26,49.169110459433
13,27,50.830889540567
13,28,48.9736070381232
13,29,44.2815249266862
13,30,50.733137829912
13,31,50.733137829912
13,32,48.2893450635386
13,33,53.4701857282502
13,34,53.4701857282502
13,35,54.8387096774194
13,36,50.3421309872923
13,37,46.0410557184751
13,38,46.6275659824047
13,39,50.1466275659824
13,40,51.4173998044966
13,41,45.7478005865103
13,42,51.7106549364614
13,43,53.3724340175953
13,44,54.7409579667644
13,45,55.7184750733138
13,46,50.830889540567
13,47,46.3343108504399
13,48,50.0488758553275
13,49,51.7106549364614
13,50,48.8758553274682
13,51,53.5679374389052
13,52,50.733137829912
13,53,47.5073313782991
13,54,49.266862170088
13,55,52.4926686217009
13,56,54.5454545454545
13,57,47.9960899315738
13,58,46.6275659824047
13,59,49.7556207233627
13,60,49.169110459433
13,61,51.2218963831867
13,62,49.8533724340176
13,63,53.1769305962854
13,64,48.6803519061584
13,65,48.2893450635386
13,66,45.7478005865103
13,67,51.3196480938416
13,68,60.6060606060606
13,69,49.7556207233627
13,70,51.0263929618768
13,71,50.3421309872923
13,72,48.5826001955034
13,73,47.8983382209189
13,74,50.3421309872923
13,75,57.4780058651026
13,76,53.86119257087
13,77,59.8240469208211
13,78,54.0566959921799
13,79,50.3421309872923
13,80,49.0713587487781
13,81,47.3118279569892
13,82,52.4926686217009
13,83,47.3118279569892
13,84,50.830889540567
13,85,46.8230694037146
13,86,44.574780058651
13,87,50.0488758553275
13,88,43.8905180840665
13,89,56.5004887585533
13,90,49.8533724340176
13,91,52.3949169110459
13,92,46.6275659824047
13,93,43.2062561094819
13,94,48.5826001955034
13,95,49.4623655913978
13,96,46.13880742913
13,97,42.6197458455523
13,98,48.8758553274682
13,99,50.3421309872923
13,100,50.9286412512219
14,15,53.5679374389052
14,16,49.6578690127077
14,17,47.3118279569892
14,18,48.1915933528837
14,19,47.3118279569892
14,20,49.9511241446725
14,21,45.7478005865103
14,22,47.702834799609
14,23,51.9061583577713
14,24,44.2815249266862
14,25,55.2297165200391
14,26,54.6432062561095
14,27,46.5298142717497
14,28,49.7556207233627
14,29,53.2746823069404
14,30,50.1466275659824
14,31,52.8836754643206
14,32,48.4848484848485
14,33,46.8230694037146
14,34,50.733137829912
14,35,48.9736070381232
14,36,49.169110459433
14,37,49.169110459433
14,38,47.4095796676442
14,39,49.9511241446725
14,40,43.010752688172
14,41,49.4623655913978
14,42,52.4926686217009
14,43,50.6353861192571
14,44,53.9589442815249
14,45,52.5904203323558
14,46,46.13880742913
14,47,52.0039100684262
14,48,50.830889540567
14,49,48.5826001955034
14,50,52.7859237536657
14,51,57.6735092864125
14,52,53.4701857282502
14,53,51.0263929618768
14,54,46.7253176930596
14,55,51.9061583577713
14,56,47.1163245356794
14,57,53.0791788856305
14,58,46.6275659824047
14,59,48.1915933528837
14,60,42.9130009775171
14,61,45.5522971652004
14,62,51.0263929618768
14,63,46.3343108504399
14,64,51.6129032258064
14,65,48.8758553274682
14,66,44.7702834799609
14,67,49.9511241446725
14,68,43.4017595307918
14,69,54.2521994134897
14,70,45.3567937438905
14,71,44.4770283479961
14,72,52.4926686217009
14,73,45.3567937438905
14,74,54.0566959921799
14,75,51.4173998044966
14,76,51.1241446725318
14,77,43.4017595307918
14,78,50.3421309872923
14,79,49.9511241446725
14,80,49.6578690127077
14,81,48.2893450635386
14,82,47.9960899315738
14,83,56.3049853372434
14,84,52.7859237536657
14,85,47.9960899315738
14,86,44.7702834799609
14,87,48.4848484848485
14,88,49.5601173020528
14,89,44.9657869012708
14,90,48.6803519061584
14,91,52.9814271749756
14,92,53.86119257087
14,93,49.6578690127077
14,94,59.1397849462366
14,95,52.5904203323558
14,96,51.6129032258064
14,97,50.4398826979472
14,98,50.830889540567
14,99,45.8455522971652
14,100,54.4477028347996
15,16,43.2062561094819
15,17,51.4173998044966
15,18,51.3196480938416
15,19,46.9208211143695
15,20,52.6881720430108
15,21,52.7859237536657
15,22,48.8758553274682
15,23,48.9736070381232
15,24,51.1241446725318
15,25,49.169110459433
15,26,48.9736070381232
15,27,52.5904203323558
15,28,50.733137829912
15,29,55.2297165200391
15,30,46.2365591397849
15,31,52.6881720430108
15,32,46.13880742913
15,33,58.1622678396872
15,34,52.297165200391
15,35,47.4095796676442
15,36,52.4926686217009
15,37,47.8005865102639
15,38,52.1016617790811
15,39,49.169110459433
15,40,48.8758553274682
15,41,55.7184750733138
15,42,50.9286412512219
15,43,52.5904203323558
15,44,52.3949169110459
15,45,50.6353861192571
15,46,54.5454545454545
15,47,50.4398826979472
15,48,52.0039100684262
15,49,49.5601173020528
15,50,51.0263929618768
15,51,56.1094819159335
15,52,50.1466275659824
15,53,52.9814271749756
15,54,51.6129032258064
15,55,49.9511241446725
15,56,52.1994134897361
15,57,52.6881720430108
15,58,49.169110459433
15,59,51.9061583577713
15,60,48.1915933528837
15,61,50.830889540567
15,62,47.5073313782991
15,63,53.3724340175953
15,64,54.5454545454545
15,65,49.6578690127077
15,66,53.763440860215
15,67,50.5376344086022
15,68,47.8983382209189
15,69,49.169110459433
15,70,51.8084066471163
15,71,50.3421309872923
15,72,48.7781036168133
15,73,52.0039100684262
15,74,39.5894428152493
15,75,48.2893450635386
15,76,53.2746823069404
15,77,45.1612903225806
15,78,48.5826001955034
15,79,47.6050830889541
15,80,50.830889540567
15,81,48.0938416422287
15,82,47.0185728250244
15,83,50.2443792766373
15,84,50.4398826979472
15,85,52.4926686217009
15,86,49.266862170088
15,87,53.763440860215
15,88,45.2590420332356
15,89,50.6353861192571
15,90,47.5073313782991
15,91,53.1769305962854
15,92,54.8387096774194
15,93,53.9589442815249
15,94,53.86119257087
15,95,42.0332355816227
15,96,42.2287390029325
15,97,50.830889540567
15,98,46.9208211143695
15,99,48.7781036168133
15,100,50.5376344086022
16,17,53.9589442815249
16,18,55.2297165200391
16,19,46.5298142717497
16,20,55.0342130987292
16,21,44.7702834799609
16,22,54.1544477028348
16,23,47.8005865102639
16,24,45.8455522971652
16,25,49.5601173020528
16,26,49.3646138807429
16,27,51.2218963831867
16,28,51.9061583577713
16,29,53.4701857282502
16,30,45.6500488758553
16,31,55.425219941349
16,32,56.6959921798632
16,33,58.7487781036168
16,34,50.1466275659824
16,35,48.3870967741936
16,36,47.4095796676442
16,37,45.8455522971652
16,38,47.8005865102639
16,39,48.1915933528837
16,40,51.6129032258064
16,41,47.8983382209189
16,42,48.9736070381232
16,43,49.266862170088
16,44,56.1094819159335
16,45,50.2443792766373
16,46,50.6353861192571
16,47,45.9433040078201
16,48,54.9364613880743
16,49,50.1466275659824
16,50,50.4398826979472
16,51,54.7409579667644
16,52,51.3196480938416
16,53,45.7478005865103
16,54,54.7409579667644
16,55,53.86119257087
16,56,49.4623655913978
16,57,51.9061583577713
16,58,48.9736070381232
16,59,53.86119257087
16,60,50.1466275659824
16,61,56.891495601173
16,62,48.4848484848485
16,63,49.6578690127077
16,64,48.6803519061584
16,65,46.13880742913
16,66,46.5298142717497
16,67,47.6050830889541
16,68,49.6578690127077
16,69,44.0860215053763
16,70,55.327468230694
16,71,51.9061583577713
16,72,52.8836754643206
16,73,48.0938416422287
16,74,48.7781036168133
16,75,47.702834799609
16,76,48.7781036168133
16,77,51.4173998044966
16,78,51.1241446725318
16,79,52.1016617790811
16,80,52.0039100684262
16,81,50.2443792766373
16,82,42.1309872922776
16,83,45.9433040078201
16,84,50.2443792766373
16,85,49.3646138807429
16,86,49.266862170088
16,87,47.8983382209189
16,88,42.1309872922776
16,89,53.9589442815249
16,90,50.0488758553275
16,91,45.1612903225806
16,92,48.9736070381232
16,93,50.0488758553275
16,94,46.4320625610948
16,95,45.3567937438905
16,96,47.5073313782991
16,97,52.0039100684262
16,98,47.1163245356794
16,99,50.1466275659824
16,100,48.7781036168133
17,18,54.2521994134897
17,19,51.6129032258064
17,20,49.7556207233627
17,21,54.5454545454545
17,22,49.6578690127077
17,23,46.0410557184751
17,24,49.7556207233627
17,25,50.3421309872923
17,26,50.9286412512219
17,27,54.9364613880743
17,28,53.2746823069404
17,29,44.8680351906158
17,30,56.5982404692082
17,31,50.3421309872923
17,32,49.6578690127077
17,33,53.0791788856305
17,34,52.1016617790811
17,35,47.9960899315738
17,36,50.5376344086022
17,37,52.8836754643206
17,38,53.4701857282502
17,39,51.9061583577713
17,40,43.2062561094819
17,41,47.702834799609
17,42,52.1016617790811
17,43,47.702834799609
17,44,55.1319648093842
17,45,43.7927663734115
17,46,48.8758553274682
17,47,53.3724340175953
17,48,53.3724340175953
17,49,52.6881720430108
17,50,46.7253176930596
17,51,45.3567937438905
17,52,51.5151515151515
17,53,51.2218963831867
17,54,53.5679374389052
17,55,51.9061583577713
17,56,46.7253176930596
17,57,52.4926686217009
17,58,49.9511241446725
17,59,50.5376344086022
17,60,50.9286412512219
17,61,52.5904203323558
17,62,44.574780058651
17,63,47.1163245356794
17,64,45.7478005865103
17,65,50.830889540567
17,66,52.3949169110459
17,67,52.297165200391
17,68,42.8152492668622
17,69,48.5826001955034
17,70,48.4848484848485
17,71,46.2365591397849
17,72,47.6050830889541
17,73,45.7478005865103
17,74,44.8680351906158
17,75,50.4398826979472
17,76,51.7106549364614
17,77,47.8983382209189
17,78,52.6881720430108
17,79,48.7781036168133
17,80,52.0039100684262
17,81,50.2443792766373
17,82,43.6950146627566
17,83,52.0039100684262
17,84,53.1769305962854
17,85,50.3421309872923
17,86,48.6803519061584
17,87,56.891495601173
17,88,49.3646138807429
17,89,49.8533724340176
17,90,47.8983382209189
17,91,49.8533724340176
17,92,49.169110459433
17,93,50.830889540567
17,94,49.7556207233627
17,95,49.0713587487781
17,96,50.830889540567
17,97,43.9882697947214
17,98,54.3499511241447
17,99,44.2815249266862
17,100,52.6881720430108
18,19,51.9061583577713
18,20,51.8084066471163
18,21,47.8005865102639
18,22,47.8005865102639
18,23,49.266862170088
18,24,53.1769305962854
18,25,51.2218963831867
18,26,49.8533724340176
18,27,44.8680351906158
18,28,53.1769305962854
18,29,52.5904203323558
18,30,53.5679374389052
18,31,41.6422287390029
18,32,56.7937438905181
18,33,43.9882697947214
18,34,49.6578690127077
18,35,47.5073313782991
18,36,50.830889540567
18,37,53.9589442815249
18,38,46.9208211143695
18,39,44.3792766373411
18,40,52.1016617790811
18,41,61.0948191593353
18,42,52.5904203323558
18,43,45.0635386119257
18,44,41.1534701857283
18,45,55.0342130987292
18,46,48.1915933528837
18,47,55.8162267839687
18,48,49.9511241446725
18,49,46.3343108504399
18,50,50.5376344086022
18,51,51.5151515151515
18,52,46.13880742913
18,53,54.4477028347996
18,54,51.9061583577713
18,55,50.4398826979472
18,56,55.2297165200391
18,57,51.2218963831867
18,58,52.1994134897361
18,59,51.0263929618768
18,60,44.1837732160313
18,61,46.8230694037146
18,62,52.6881720430108
18,63,49.7556207233627
18,64,50.5376344086022
18,65,49.9511241446725
18,66,48.7781036168133
18,67,46.9208211143695
18,68,45.2590420332356
18,69,53.1769305962854
18,70,45.6500488758553
18,71,49.0713587487781
18,72,55.9139784946236
18,73,54.2521994134897
18,74,50.0488758553275
18,75,45.2590420332356
18,76,47.702834799609
18,77,45.0635386119257
18,78,46.5298142717497
18,79,50.4398826979472
18,80,45.6500488758553
18,81,49.3646138807429
18,82,50.2443792766373
18,83,54.8387096774194
18,84,46.0410557184751
18,85,49.4623655913978
18,86,50.9286412512219
18,87,47.9960899315738
18,88,52.1994134897361
18,89,45.6500488758553
18,90,51.5151515151515
18,91,62.2678396871945
18,92,49.0713587487781
18,93,45.8455522971652
18,94,48.6803519061584
18,95,47.6050830889541
18,96,52.297165200391
18,97,48.9736070381232
18,98,47.8005865102639
18,99,45.5522971652004
18,100,40.4692082111437
19,20,50.733137829912
19,21,51.2218963831867
19,22,50.0488758553275
19,23,46.2365591397849
19,24,48.3870967741936
19,25,48.7781036168133
19,26,49.169110459433
19,27,48.2893450635386
19,28,51.7106549364614
19,29,50.733137829912
19,30,52.297165200391
19,31,57.5757575757576
19,32,50.830889540567
19,33,58.1622678396872
19,34,47.8005865102639
19,35,44.0860215053763
19,36,49.3646138807429
19,37,45.0635386119257
19,38,54.8387096774194
19,39,50.3421309872923
19,40,55.327468230694
19,41,51.4173998044966
19,42,52.6881720430108
19,43,53.9589442815249
19,44,46.9208211143695
19,45,45.3567937438905
19,46,51.2218963831867
19,47,47.8983382209189
19,48,46.9208211143695
19,49,49.7556207233627
19,50,52.7859237536657
19,51,55.5229716520039
19,52,54.2521994134897
19,53,48.2893450635386
19,54,48.4848484848485
19,55,52.297165200391
19,56,56.891495601173
19,57,51.5151515151515
19,58,45.2590420332356
19,59,42.1309872922776
19,60,54.4477028347996
19,61,50.0488758553275
19,62,48.4848484848485
19,63,47.1163245356794
19,64,59.0420332355816
19,65,50.6353861192571
19,66,46.7253176930596
19,67,52.297165200391
19,68,53.9589442815249
19,69,55.0342130987292
19,70,54.9364613880743
19,71,53.0791788856305
19,72,52.297165200391
19,73,52.0039100684262
19,74,52.1016617790811
19,75,45.9433040078201
19,76,51.3196480938416
19,77,54.5454545454545
19,78,41.9354838709677
19,79,51.9061583577713
19,80,49.4623655913978
19,81,46.5298142717497
19,82,48.5826001955034
19,83,54.3499511241447
19,84,47.3118279569892
19,85,49.3646138807429
19,86,51.4173998044966
19,87,52.9814271749756
19,88,51.1241446725318
19,89,51.2218963831867
19,90,50.0488758553275
19,91,45.9433040078201
19,92,50.3421309872923
19,93,48.6803519061584
19,94,54.8387096774194
19,95,45.9433040078201
19,96,45.9433040078201
19,97,51.0263929618768
19,98,52.3949169110459
19,99,46.2365591397849
19,100,52.8836754643206
20,21,46.8230694037146
20,22,46.6275659824047
20,23,51.4173998044966
20,24,52.3949169110459
20,25,50.0488758553275
20,26,48.2893450635386
20,27,55.425219941349
20,28,50.6353861192571
20,29,53.3724340175953
20,30,53.3724340175953
20,31,54.5454545454545
20,32,43.8905180840665
20,33,51.4173998044966
20,34,55.7184750733138
20,35,52.7859237536657
20,36,45.9433040078201
20,37,50.2443792766373
20,38,52.1994134897361
20,39,47.702834799609
20,40,53.2746823069404
20,41,47.8005865102639
20,42,51.0263929618768
20,43,49.5601173020528
20,44,49.9511241446725
20,45,47.4095796676442
20,46,46.0410557184751
20,47,47.6050830889541
20,48,54.8387096774194
20,49,50.2443792766373
20,50,45.2590420332356
20,51,53.86119257087
20,52,43.4017595307918
20,53,52.4926686217009
20,54,51.1241446725318
20,55,53.3724340175953
20,56,52.4926686217009
20,57,46.13880742913
20,58,48.2893450635386
20,59,43.9882697947214
20,60,47.8983382209189
20,61,55.6207233626588
20,62,49.169110459433
20,63,46.6275659824047
20,64,50.9286412512219
20,65,45.2590420332356
20,66,55.425219941349
20,67,50.0488758553275
20,68,55.0342130987292
20,69,45.1612903225806
20,70,48.9736070381232
20,71,45.5522971652004
20,72,48.2893450635386
20,73,45.4545454545455
20,74,49.8533724340176
20,75,50.3421309872923
20,76,47.8983382209189
20,77,47.2140762463343
20,78,55.9139784946236
20,79,40.4692082111437
20,80,54.4477028347996
20,81,53.4701857282502
20,82,54.7409579667644
20,83,53.6656891495601
20,84,52.4926686217009
20,85,46.5298142717497
20,86,50.733137829912
20,87,52.1016617790811
20,88,52.7859237536657
20,89,49.169110459433
20,90,43.6950146627566
20,91,50.5376344086022
20,92,50.6353861192571
20,93,54.6432062561095
20,94,48.8758553274682
20,95,46.6275659824047
20,96,44.2815249266862
20,97,50.9286412512219
20,98,52.297165200391
20,99,51.6129032258064
20,100,50.830889540567
21,22,49.4623655913978
21,23,46.4320625610948
21,24,50.5376344086022
21,25,52.6881720430108
21,26,52.8836754643206
21,27,45.9433040078201
21,28,47.8005865102639
21,29,52.4926686217009
21,30,51.5151515151515
21,31,51.5151515151515
21,32,53.1769305962854
21,33,43.3040078201369
21,34,53.0791788856305
21,35,50.5376344086022
21,36,48.9736070381232
21,37,47.6050830889541
21,38,44.0860215053763
21,39,51.9061583577713
21,40,58.0645161290323
21,41,50.0488758553275
21,42,47.0185728250244
21,43,51.2218963831867
21,44,45.9433040078201
21,45,53.1769305962854
21,46,52.7859237536657
21,47,55.327468230694
21,48,52.5904203323558
21,49,51.5151515151515
21,50,52.0039100684262
21,51,48.8758553274682
21,52,50.3421309872923
21,53,47.8983382209189
21,54,56.1094819159335
21,55,49.169110459433
21,56,44.9657869012708
21,57,47.4095796676442
21,58,43.4995112414467
21,59,46.6275659824047
21,60,47.6050830889541
21,61,54.1544477028348
21,62,53.1769305962854
21,63,51.0263929618768
21,64,49.6578690127077
21,65,50.2443792766373
21,66,44.7702834799609
21,67,47.6050830889541
21,68,44.7702834799609
21,69,54.0566959921799
21,70,50.830889540567
21,71,46.8230694037146
21,72,50.5376344086022
21,73,45.3567937438905
21,74,50.1466275659824
21,75,49.4623655913978
21,76,48.3870967741936
21,77,51.4173998044966
21,78,54.0566959921799
21,79,45.4545454545455
21,80,51.6129032258064
21,81,47.702834799609
21,82,49.5601173020528
21,83,55.327468230694
21,84,56.1094819159335
21,85,45.8455522971652
21,86,43.5972629521017
21,87,44.7702834799609
21,88,50.5376344086022
21,89,50.830889540567
21,90,50.0488758553275
21,91,50.4398826979472
21,92,52.8836754643206
21,93,48.8758553274682
21,94,49.5601173020528
21,95,49.8533724340176
21,96,47.3118279569892
21,97,52.0039100684262
21,98,48.2893450635386
21,99,45.6500488758553
21,100,45.0635386119257
22,23,56.0117302052786
22,24,49.7556207233627
22,25,52.297165200391
22,26,47.9960899315738
22,27,51.2218963831867
22,28,47.0185728250244
22,29,50.1466275659824
22,30,45.8455522971652
22,31,54.4477028347996
22,32,49.6578690127077
22,33,46.0410557184751
22,34,48.5826001955034
22,35,47.2140762463343
22,36,44.0860215053763
22,37,50.1466275659824
22,38,45.2590420332356
22,39,44.2815249266862
22,40,47.5073313782991
22,41,53.3724340175953
22,42,49.3646138807429
22,43,59.2375366568915
22,44,46.13880742913
22,45,49.8533724340176
22,46,45.5522971652004
22,47,51.6129032258064
22,48,48.8758553274682
22,49,56.7937438905181
22,50,50.6353861192571
22,51,49.266862170088
22,52,52.1016617790811
22,53,51.8084066471163
22,54,52.0039100684262
22,55,52.4926686217009
22,56,54.7409579667644
22,57,50.9286412512219
22,58,53.2746823069404
22,59,45.6500488758553
22,60,47.9960899315738
22,61,47.702834799609
22,62,54.3499511241447
22,63,58.8465298142718
22,64,51.4173998044966
22,65,51.6129032258064
22,66,48.8758553274682
22,67,49.169110459433
22,68,47.702834799609
22,69,48.5826001955034
22,70,51.6129032258064
22,71,48.5826001955034
22,72,54.2521994134897
22,73,47.8983382209189
22,74,50.5376344086022
22,75,48.2893450635386
22,76,52.4926686217009
22,77,44.1837732160313
22,78,54.6432062561095
22,79,39.7849462365591
22,80,55.327468230694
22,81,56.1094819159335
22,82,55.6207233626588
22,83,52.5904203323558
22,84,50.830889540567
22,85,50.9286412512219
22,86,44.574780058651
22,87,53.5679374389052
22,88,49.7556207233627
22,89,48.4848484848485
22,90,45.9433040078201
22,91,54.3499511241447
22,92,51.3196480938416
22,93,53.9589442815249
22,94,44.672531769306
22,95,48.8758553274682
22,96,55.5229716520039
22,97,45.9433040078201
22,98,48.4848484848485
22,99,47.2140762463343
22,100,43.4995112414467
23,24,53.3724340175953
23,25,53.9589442815249
23,26,52.7859237536657
23,27,49.9511241446725
23,28,47.1163245356794
23,29,52.3949169110459
23,30,54.7409579667644
23,31,43.7927663734115
23,32,56.4027370478983
23,33,52.3949169110459
23,34,50.4398826979472
23,35,49.8533724340176
23,36,48.0938416422287
23,37,46.9208211143695
23,38,55.327468230694
23,39,49.4623655913978
23,40,49.169110459433
23,41,47.2140762463343
23,42,50.830889540567
23,43,43.8905180840665
23,44,47.9960899315738
23,45,50.1466275659824
23,46,53.6656891495601
23,47,51.1241446725318
23,48,54.0566959921799
23,49,47.702834799609
23,50,49.5601173020528
23,51,48.1915933528837
23,52,44.574780058651
23,53,49.9511241446725
23,54,53.4701857282502
23,55,52.7859237536657
23,56,48.7781036168133
23,57,48.4848484848485
23,58,46.9208211143695
23,59,52.1994134897361
23,60,52.7859237536657
23,61,48.1915933528837
23,62,48.5826001955034
23,63,44.8680351906158
23,64,53.86119257087
23,65,46.8230694037146
23,66,46.6275659824047
23,67,47.702834799609
23,68,51.1241446725318
23,69,55.9139784946236
23,70,49.3646138807429
23,71,52.3949169110459
23,72,55.7184750733138
23,73,45.0635386119257
23,74,48.0938416422287
23,75,54.4477028347996
23,76,48.4848484848485
23,77,51.5151515151515
23,78,47.1163245356794
23,79,55.5229716520039
23,80,49.5601173020528
23,81,49.7556207233627
23,82,46.13880742913
23,83,50.733137829912
23,84,53.4701857282502
23,85,49.266862170088
23,86,47.9960899315738
23,87,54.0566959921799
23,88,55.7184750733138
23,89,51.5151515151515
23,90,52.1016617790811
23,91,50.733137829912
23,92,49.8533724340176
23,93,46.2365591397849
23,94,51.0263929618768
23,95,51.5151515151515
23,96,50.5376344086022
23,97,47.8005865102639
23,98,52.297165200391
23,99,43.7927663734115
23,100,46.9208211143695
24,25,54.5454545454545
24,26,47.3118279569892
24,27,52.4926686217009
24,28,43.9882697947214
24,29,49.6578690127077
24,30,49.266862170088
24,31,51.8084066471163
24,32,51.7106549364614
24,33,53.9589442815249
24,34,46.13880742913
24,35,48.6803519061584
24,36,50.6353861192571
24,37,47.1163245356794
24,38,45.7478005865103
24,39,46.5298142717497
24,40,49.3646138807429
24,41,50.3421309872923
24,42,56.891495601173
24,43,48.1915933528837
24,44,52.4926686217009
24,45,51.9061583577713
24,46,46.6275659824047
24,47,47.9960899315738
24,48,58.1622678396872
24,49,53.3724340175953
24,50,45.4545454545455
24,51,54.4477028347996
24,52,44.1837732160313
24,53,48.5826001955034
24,54,47.9960899315738
24,55,51.6129032258064
24,56,52.297165200391
24,57,52.9814271749756
24,58,49.8533724340176
24,59,46.5298142717497
24,60,50.0488758553275
24,61,49.5601173020528
24,62,51.1241446725318
24,63,48.1915933528837
24,64,49.9511241446725
24,65,46.8230694037146
24,66,47.9960899315738
24,67,43.2062561094819
24,68,45.4545454545455
24,69,50.2443792766373
24,70,48.5826001955034
24,71,47.1163245356794
24,72,48.0938416422287
24,73,46.2365591397849
24,74,51.4173998044966
24,75,48.1915933528837
24,76,52.1994134897361
24,77,51.5151515151515
24,78,46.5298142717497
24,79,52.1994134897361
24,80,51.1241446725318
24,81,46.4320625610948
24,82,53.763440860215
24,83,54.0566959921799
24,84,47.9960899315738
24,85,51.6129032258064
24,86,46.0410557184751
24,87,46.8230694037146
24,88,51.4173998044966
24,89,46.2365591397849
24,90,47.9960899315738
24,91,47.0185728250244
24,92,57.0869990224829
24,93,48.9736070381232
24,94,47.3118279569892
24,95,45.8455522971652
24,96,52.297165200391
24,97,49.7556207233627
24,98,58.1622678396872
24,99,54.1544477028348
24,100,47.8983382209189
25,26,57.0869990224829
25,27,53.86119257087
25,28,47.8983382209189
25,29,44.7702834799609
25,30,49.266862170088
25,31,48.6803519061584
25,32,50.733137829912
25,33,53.763440860215
25,34,53.3724340175953
25,35,49.266862170088
25,36,46.9208211143695
25,37,51.2218963831867
25,38,52.1994134897361
25,39,49.266862170088
25,40,55.0342130987292
25,41,51.5151515151515
25,42,49.0713587487781
25,43,49.5601173020528
25,44,53.2746823069404
25,45,47.9960899315738
25,46,47.8005865102639
25,47,39.7849462365591
25,48,51.3196480938416
25,49,55.7184750733138
25,50,52.1016617790811
25,51,50.9286412512219
25,52,52.3949169110459
25,53,46.4320625610948
25,54,47.4095796676442
25,55,51.2218963831867
25,56,50.3421309872923
25,57,47.1163245356794
25,58,46.7253176930596
25,59,49.4623655913978
25,60,52.1994134897361
25,61,54.4477028347996
25,62,50.733137829912
25,63,53.6656891495601
25,64,49.7556207233627
25,65,51.5151515151515
25,66,51.5151515151515
25,67,50.2443792766373
25,68,51.7106549364614
25,69,49.0713587487781
25,70,52.6881720430108
25,71,53.3724340175953
25,72,53.3724340175953
25,73,50.9286412512219
25,74,54.5454545454545
25,75,55.8162267839687
25,76,54.3499511241447
25,77,52.8836754643206
25,78,52.3949169110459
25,79,52.3949169110459
25,80,45.2590420332356
25,81,47.0185728250244
25,82,52.1994134897361
25,83,49.169110459433
25,84,49.9511241446725
25,85,50.4398826979472
25,86,46.6275659824047
25,87,49.7556207233627
25,88,47.1163245356794
25,89,47.2140762463343
25,90,49.9511241446725
25,91,51.9061583577713
25,92,43.010752688172
25,93,52.6881720430108
25,94,55.5229716520039
25,95,53.6656891495601
25,96,44.672531769306
25,97,50.1466275659824
25,98,42.7174975562072
25,99,53.1769305962854
25,100,57.8690127077224
26,27,51.5151515151515
26,28,50.830889540567
26,29,54.5454545454545
26,30,54.5454545454545
26,31,52.5904203323558
26,32,50.9286412512219
26,33,50.830889540567
26,34,50.830889540567
26,35,50.6353861192571
26,36,51.0263929618768
26,37,45.1612903225806
26,38,51.6129032258064
26,39,48.6803519061584
26,40,45.0635386119257
26,41,48.7781036168133
26,42,52.9814271749756
26,43,53.6656891495601
26,44,50.9286412512219
26,45,56.5982404692082
26,46,49.169110459433
26,47,47.9960899315738
26,48,43.108504398827
26,49,45.9433040078201
26,50,50.1466275659824
26,51,51.3196480938416
26,52,51.8084066471163
26,53,50.3421309872923
26,54,49.3646138807429
26,55,48.8758553274682
26,56,58.7487781036168
26,57,54.7409579667644
26,58,56.891495601173
26,59,51.6129032258064
26,60,55.5229716520039
26,61,49.169110459433
26,62,49.7556207233627
26,63,48.5826001955034
26,64,47.9960899315738
26,65,50.5376344086022
26,66,49.5601173020528
26,67,45.3567937438905
26,68,53.6656891495601
26,69,49.266862170088
26,70,49.7556207233627
26,71,46.9208211143695
26,72,46.9208211143695
26,73,56.989247311828
26,74,42.2287390029325
26,75,48.5826001955034
26,76,50.4398826979472
26,77,46.4320625610948
26,78,46.7253176930596
26,79,48.2893450635386
26,80,51.1241446725318
26,81,53.6656891495601
26,82,51.0263929618768
26,83,42.1309872922776
26,84,47.6050830889541
26,85,44.1837732160313
26,86,54.0566959921799
26,87,50.5376344086022
26,88,45.7478005865103
26,89,52.4926686217009
26,90,51.3196480938416
26,91,48.7781036168133
26,92,47.702834799609
26,93,50.3421309872923
26,94,48.2893450635386
26,95,46.0410557184751
26,96,46.6275659824047
26,97,48.7781036168133
26,98,51.9061583577713
26,99,50.6353861192571
26,100,45.7478005865103
27,28,50.9286412512219
27,29,55.2297165200391
27,30,53.6656891495601
27,31,46.8230694037146
27,32,44.7702834799609
27,33,48.3870967741936
27,34,50.9286412512219
27,35,54.4477028347996
27,36,54.2521994134897
27,37,45.4545454545455
27,38,49.7556207233627
27,39,51.7106549364614
27,40,52.9814271749756
27,41,48.4848484848485
27,42,48.9736070381232
27,43,50.830889540567
27,44,51.6129032258064
27,45,55.9139784946236
27,46,48.8758553274682
27,47,51.8084066471163
27,48,47.8983382209189
27,49,50.1466275659824
27,50,51.4173998044966
27,51,49.6578690127077
27,52,57.5757575757576
27,53,54.5454545454545
27,54,49.6578690127077
27,55,51.9061583577713
27,56,45.7478005865103
27,57,50.1466275659824
27,58,53.2746823069404
27,59,52.6881720430108
27,60,52.4926686217009
27,61,45.3567937438905
27,62,45.3567937438905
27,63,49.6578690127077
27,64,49.8533724340176
27,65,54.3499511241447
27,66,50.6353861192571
27,67,52.6881720430108
27,68,52.9814271749756
27,69,50.5376344086022
27,70,45.3567937438905
27,71,52.1016617790811
27,72,49.7556207233627
27,73,50.0488758553275
27,74,48.1915933528837
27,75,49.8533724340176
27,76,45.4545454545455
27,77,52.9814271749756
27,78,45.4545454545455
27,79,51.3196480938416
27,80,44.7702834799609
27,81,48.6803519061584
27,82,41.7399804496579
27,83,49.8533724340176
27,84,49.0713587487781
27,85,48.5826001955034
27,86,55.1319648093842
27,87,47.1163245356794
27,88,47.2140762463343
27,89,49.4623655913978
27,90,49.266862170088
27,91,47.5073313782991
27,92,56.0117302052786
27,93,40.8602150537634
27,94,51.1241446725318
27,95,53.763440860215
27,96,54.7409579667644
27,97,51.2218963831867
27,98,46.3343108504399
27,99,47.2140762463343
27,100,55.2297165200391
28,29,46.13880742913
28,30,51.0263929618768
28,31,48.6803519061584
28,32,52.1016617790811
28,33,53.1769305962854
28,34,54.3499511241447
28,35,48.0938416422287
28,36,49.0713587487781
28,37,50.0488758553275
28,38,44.3792766373411
28,39,49.6578690127077
28,40,56.2072336265885
28,41,49.169110459433
28,42,46.5298142717497
28,43,46.4320625610948
28,44,50.1466275659824
28,45,53.2746823069404
28,46,50.3421309872923
28,47,51.1241446725318
28,48,45.4545454545455
28,49,49.0713587487781
28,50,44.8680351906158
28,51,45.4545454545455
28,52,46.7253176930596
28,53,42.9130009775171
28,54,46.2365591397849
28,55,53.1769305962854
28,56,53.6656891495601
28,57,49.266862170088
28,58,48.6803519061584
28,59,49.4623655913978
28,60,46.13880742913
28,61,50.3421309872923
28,62,53.4701857282502
28,63,52.297165200391
28,64,51.1241446725318
28,65,46.4320625610948
28,66,48.7781036168133
28,67,40.8602150537634
28,68,48.9736070381232
28,69,47.5073313782991
28,70,52.297165200391
28,71,50.4398826979472
28,72,49.4623655913978
28,73,48.9736070381232
28,74,49.8533724340176
28,75,51.1241446725318
28,76,53.3724340175953
28,77,54.2521994134897
28,78,52.9814271749756
28,79,46.9208211143695
28,80,47.4095796676442
28,81,47.8005865102639
28,82,55.1319648093842
28,83,47.6050830889541
28,84,50.9286412512219
28,85,55.327468230694
28,86,43.8905180840665
28,87,50.5376344086022
28,88,51.4173998044966
28,89,51.9061583577713
28,90,51.3196480938416
28,91,44.672531769306
28,92,51.8084066471163
28,93,48.7781036168133
28,94,51.4173998044966
28,95,49.5601173020528
28,96,51.5151515151515
28,97,52.297165200391
28,98,52.8836754643206
28,99,54.5454545454545
28,100,43.7927663734115
29,30,50.0488758553275
29,31,50.6353861192571
29,32,47.9960899315738
29,33,47.1163245356794
29,34,50.0488758553275
29,35,53.5679374389052
29,36,48.4848484848485
29,37,48.0938416422287
29,38,52.0039100684262
29,39,52.9814271749756
29,40,47.9960899315738
29,41,46.4320625610948
29,42,52.9814271749756
29,43,51.9061583577713
29,44,47.4095796676442
29,45,52.4926686217009
29,46,48.1915933528837
29,47,51.7106549364614
29,48,51.7106549364614
29,49,50.2443792766373
29,50,54.4477028347996
29,51,45.4545454545455
29,52,51.8084066471163
29,53,51.7106549364614
29,54,48.5826001955034
29,55,53.5679374389052
29,56,51.5151515151515
29,57,45.9433040078201
29,58,43.7927663734115
29,59,47.8983382209189
29,60,48.6803519061584
29,61,55.425219941349
29,62,50.733137829912
29,63,51.7106549364614
29,64,49.3646138807429
29,65,49.3646138807429
29,66,49.5601173020528
29,67,50.830889540567
29,68,47.2140762463343
29,69,49.4623655913978
29,70,52.8836754643206
29,71,52.0039100684262
29,72,48.8758553274682
29,73,50.1466275659824
29,74,54.9364613880743
29,75,52.6881720430108
29,76,52.9814271749756
29,77,48.3870967741936
29,78,50.2443792766373
29,79,46.9208211143695
29,80,52.8836754643206
29,81,47.4095796676442
29,82,54.1544477028348
29,83,48.3870967741936
29,84,52.1016617790811
29,85,53.5679374389052
29,86,52.1016617790811
29,87,52.1016617790811
29,88,50.4398826979472
29,89,50.1466275659824
29,90,55.425219941349
29,91,46.2365591397849
29,92,50.0488758553275
29,93,56.4027370478983
29,94,50.2443792766373
29,95,53.2746823069404
29,96,55.6207233626588
29,97,49.5601173020528
29,98,50.9286412512219
29,99,53.5679374389052
29,100,47.1163245356794
30,31,49.266862170088
30,32,51.3196480938416
30,33,53.3724340175953
30,34,43.2062561094819
30,35,50.0488758553275
30,36,47.8983382209189
30,37,58.455522971652
30,38,44.9657869012708
30,39,46.9208211143695
30,40,53.4701857282502
30,41,49.9511241446725
30,42,52.0039100684262
30,43,55.6207233626588
30,44,50.1466275659824
30,45,49.7556207233627
30,46,42.1309872922776
30,47,48.7781036168133
30,48,49.9511241446725
30,49,52.0039100684262
30,50,52.8836754643206
30,51,49.7556207233627
30,52,45.9433040078201
30,53,51.3196480938416
30,54,48.9736070381232
30,55,55.1319648093842
30,56,46.4320625610948
30,57,49.4623655913978
30,58,51.8084066471163
30,59,47.1163245356794
30,60,44.9657869012708
30,61,48.9736070381232
30,62,50.1466275659824
30,63,52.4926686217009
30,64,50.733137829912
30,65,49.3646138807429
30,66,53.4701857282502
30,67,52.9814271749756
30,68,54.2521994134897
30,69,45.3567937438905
30,70,49.5601173020528
30,71,56.3049853372434
30,72,50.6353861192571
30,73,45.2590420332356
30,74,49.4623655913978
30,75,48.1915933528837
30,76,48.0938416422287
30,77,43.3040078201369
30,78,47.1163245356794
30,79,52.5904203323558
30,80,57.9667644183773
30,81,48.3870967741936
30,82,51.8084066471163
30,83,42.1309872922776
30,84,53.6656891495601
30,85,52.1994134897361
30,86,47.0185728250244
30,87,48.7781036168133
30,88,50.4398826979472
30,89,56.4027370478983
30,90,44.2815249266862
30,91,50.1466275659824
30,92,52.9814271749756
30,93,51.7106549364614
30,94,48.6803519061584
30,95,51.1241446725318
30,96,58.9442815249267
30,97,47.2140762463343
30,98,51.3196480938416
30,99,53.763440860215
30,100,50.0488758553275
31,32,49.3646138807429
31,33,48.0938416422287
31,34,52.0039100684262
31,35,45.7478005865103
31,36,51.0263929618768
31,37,53.763440860215
31,38,52.0039100684262
31,39,49.266862170088
31,40,50.733137829912
31,41,49.7556207233627
31,42,53.1769305962854
31,43,46.6275659824047
31,44,41.7399804496579
31,45,56.989247311828
31,46,49.9511241446725
31,47,49.5601173020528
31,48,45.4545454545455
31,49,49.266862170088
31,50,52.1016617790811
31,51,49.169110459433
31,52,47.1163245356794
31,53,49.3646138807429
31,54,47.9960899315738
31,55,46.3343108504399
31,56,44.0860215053763
31,57,43.010752688172
31,58,50.6353861192571
31,59,55.5229716520039
31,60,50.6353861192571
31,61,49.5601173020528
31,62,48.7781036168133
31,63,47.0185728250244
31,64,50.5376344086022
31,65,50.1466275659824
31,66,51.3196480938416
31,67,52.0039100684262
31,68,50.1466275659824
31,69,53.5679374389052
31,70,44.2815249266862
31,71,54.9364613880743
31,72,44.1837732160313
31,73,52.297165200391
31,74,51.2218963831867
31,75,50.5376344086022
31,76,51.2218963831867
31,77,48.5826001955034
31,78,49.6578690127077
31,79,53.763440860215
31,80,46.4320625610948
31,81,46.4320625610948
31,82,49.8533724340176
31,83,54.0566959921799
31,84,55.2297165200391
31,85,54.1544477028348
31,86,48.7781036168133
31,87,52.4926686217009
31,88,54.7409579667644
31,89,51.5151515151515
31,90,47.8005865102639
31,91,51.7106549364614
31,92,55.5229716520039
31,93,45.0635386119257
31,94,43.7927663734115
31,95,50.5376344086022
31,96,52.6881720430108
31,97,59.3352883675464
31,98,49.3646138807429
31,99,56.5004887585533
31,100,44.574780058651
32,33,52.1016617790811
32,34,50.1466275659824
32,35,59.3352883675464
32,36,48.7781036168133
32,37,52.6881720430108
32,38,52.6881720430108
32,39,54.0566959921799
32,40,48.2893450635386
32,41,41.8377321603128
32,42,50.3421309872923
32,43,50.4398826979472
32,44,54.5454545454545
32,45,46.9208211143695
32,46,48.4848484848485
32,47,52.1994134897361
32,48,47.3118279569892
32,49,44.672531769306
32,50,46.3343108504399
32,51,51.0263929618768
32,52,57.7712609970675
32,53,51.2218963831867
32,54,49.8533724340176
32,55,47.9960899315738
32,56,49.0713587487781
32,57,46.0410557184751
32,58,47.0185728250244
32,59,47.4095796676442
32,60,50.5376344086022
32,61,52.1994134897361
32,62,40.8602150537634
32,63,50.6353861192571
32,64,52.7859237536657
32,65,49.6578690127077
32,66,50.0488758553275
32,67,48.9736070381232
32,68,54.7409579667644
32,69,53.6656891495601
32,70,45.9433040078201
32,71,47.8005865102639
32,72,45.8455522971652
32,73,52.3949169110459
32,74,47.6050830889541
32,75,48.2893450635386
32,76,51.1241446725318
32,77,50.4398826979472
32,78,47.6050830889541
32,79,45.6500488758553
32,80,51.0263929618768
32,81,45.3567937438905
32,82,52.4926686217009
32,83,49.0713587487781
32,84,51.2218963831867
32,85,49.3646138807429
32,86,54.1544477028348
32,87,46.9208211143695
32,88,47.6050830889541
32,89,45.7478005865103
32,90,48.4848484848485
32,91,51.0263929618768
32,92,56.4027370478983
32,93,57.4780058651026
32,94,48.7781036168133
32,95,49.6578690127077
32,96,46.5298142717497
32,97,51.8084066471163
32,98,48.8758553274682
32,99,55.2297165200391
32,100,55.425219941349
33,34,48.2893450635386
33,35,50.830889540567
33,36,47.8983382209189
33,37,48.4848484848485
33,38,52.9814271749756
33,39,51.2218963831867
33,40,42.7174975562072
33,41,54.0566959921799
33,42,48.6803519061584
33,43,51.7106549364614
33,44,43.3040078201369
33,45,50.9286412512219
33,46,47.2140762463343
33,47,51.9061583577713
33,48,48.5826001955034
33,49,50.830889540567
33,50,53.0791788856305
33,51,44.4770283479961
33,52,53.1769305962854
33,53,50.3421309872923
33,54,53.4701857282502
33,55,47.3118279569892
33,56,50.1466275659824
33,57,50.6353861192571
33,58,52.0039100684262
33,59,52.0039100684262
33,60,48.2893450635386
33,61,46.6275659824047
33,62,52.1016617790811
33,63,56.0117302052786
33,64,49.9511241446725
33,65,55.425219941349
33,66,45.0635386119257
33,67,50.4398826979472
33,68,47.2140762463343
33,69,49.4623655913978
33,70,46.8230694037146
33,71,48.4848484848485
33,72,50.4398826979472
33,73,46.2365591397849
33,74,51.6129032258064
33,75,50.9286412512219
33,76,47.1163245356794
33,77,45.2590420332356
33,78,50.4398826979472
33,79,53.3724340175953
33,80,51.3196480938416
33,81,51.7106549364614
33,82,52.3949169110459
33,83,55.0342130987292
33,84,51.3196480938416
33,85,47.8983382209189
33,86,49.169110459433
33,87,47.8005865102639
33,88,55.1319648093842
33,89,44.672531769306
33,90,56.4027370478983
33,91,48.7781036168133
33,92,49.8533724340176
33,93,53.4701857282502
33,94,51.6129032258064
33,95,57.5757575757576
33,96,53.4701857282502
33,97,52.4926686217009
33,98,50.9286412512219
33,99,55.7184750733138
33,100,45.5522971652004
34,35,50.4398826979472
34,36,51.4173998044966
34,37,51.0263929618768
34,38,47.8983382209189
34,39,46.5298142717497
34,40,44.4770283479961
34,41,54.0566959921799
34,42,53.1769305962854
34,43,47.6050830889541
34,44,50.1466275659824
34,45,48.1915933528837
34,46,50.5376344086022
34,47,49.9511241446725
34,48,50.3421309872923
34,49,53.1769305962854
34,50,50.9286412512219
34,51,50.3421309872923
34,52,55.1319648093842
34,53,47.8005865102639
34,54,50.733137829912
34,55,47.3118279569892
34,56,49.169110459433
34,57,52.0039100684262
34,58,53.763440860215
34,59,49.4623655913978
34,60,53.9589442815249
34,61,49.3646138807429
34,62,49.5601173020528
34,63,51.3196480938416
34,64,53.6656891495601
34,65,50.3421309872923
34,66,46.6275659824047
34,67,55.9139784946236
34,68,47.9960899315738
34,69,53.3724340175953
34,70,49.3646138807429
34,71,50.6353861192571
34,72,46.9208211143695
34,73,48.9736070381232
34,74,49.4623655913978
34,75,47.4095796676442
34,76,46.9208211143695
34,77,46.4320625610948
34,78,46.5298142717497
34,79,53.3724340175953
34,80,47.9960899315738
34,81,50.733137829912
34,82,52.9814271749756
34,83,54.0566959921799
34,84,46.4320625610948
34,85,53.3724340175953
34,86,51.1241446725318
34,87,48.9736070381232
34,88,51.0263929618768
34,89,47.0185728250244
34,90,47.8005865102639
34,91,54.2521994134897
34,92,52.5904203323558
34,93,46.4320625610948
34,94,50.2443792766373
34,95,50.5376344086022
34,96,56.7937438905181
34,97,46.8230694037146
34,98,48.9736070381232
34,99,56.1094819159335
34,100,45.5522971652004
35,36,51.8084066471163
35,37,54.9364613880743
35,38,52.5904203323558
35,39,42.6197458455523
35,40,52.1016617790811
35,41,51.5151515151515
35,42,53.1769305962854
35,43,53.2746823069404
35,44,48.5826001955034
35,45,46.6275659824047
35,46,48.7781036168133
35,47,49.9511241446725
35,48,47.6050830889541
35,49,45.9433040078201
35,50,53.2746823069404
35,51,49.7556207233627
35,52,49.266862170088
35,53,48.3870967741936
35,54,47.8005865102639
35,55,54.3499511241447
35,56,54.8387096774194
35,57,49.0713587487781
35,58,56.1094819159335
35,59,49.0713587487781
35,60,50.6353861192571
35,61,49.169110459433
35,62,51.9061583577713
35,63,46.8230694037146
35,64,46.6275659824047
35,65,54.4477028347996
35,66,44.672531769306
35,67,51.0263929618768
35,68,47.9960899315738
35,69,48.6803519061584
35,70,54.4477028347996
35,71,53.1769305962854
35,72,48.8758553274682
35,73,50.5376344086022
35,74,53.1769305962854
35,75,49.169110459433
35,76,48.4848484848485
35,77,44.4770283479961
35,78,48.0938416422287
35,79,51.4173998044966
35,80,51.5151515151515
35,81,54.4477028347996
35,82,45.9433040078201
35,83,47.8005865102639
35,84,54.6432062561095
35,85,50.830889540567
35,86,49.7556207233627
35,87,52.4926686217009
35,88,48.4848484848485
35,89,46.8230694037146
35,90,47.2140762463343
35,91,44.4770283479961
35,92,50.830889540567
35,93,44.672531769306
35,94,48.6803519061584
35,95,48.5826001955034
35,96,48.3870967741936
35,97,49.9511241446725
35,98,50.9286412512219
35,99,48.8758553274682
35,100,49.266862170088
36,37,48.0938416422287
36,38,57.6735092864125
36,39,48.4848484848485
36,40,51.9061583577713
36,41,47.6050830889541
36,42,51.6129032258064
36,43,49.7556207233627
36,44,50.5376344086022
36,45,50.9286412512219
36,46,54.2521994134897
36,47,50.3421309872923
36,48,44.8680351906158
36,49,51.0263929618768
36,50,49.5601173020528
36,51,44.672531769306
36,52,56.891495601173
36,53,53.4701857282502
36,54,51.1241446725318
36,55,58.455522971652
36,56,53.6656891495601
36,57,52.7859237536657
36,58,48.2893450635386
36,59,52.3949169110459
36,60,48.0938416422287
36,61,47.4095796676442
36,62,54.6432062561095
36,63,50.733137829912
36,64,54.4477028347996
36,65,54.0566959921799
36,66,42.7174975562072
36,67,48.8758553274682
36,68,54.2521994134897
36,69,52.5904203323558
36,70,54.4477028347996
36,71,43.7927663734115
36,72,51.2218963831867
36,73,48.9736070381232
36,74,49.266862170088
36,75,56.989247311828
36,76,53.5679374389052
36,77,50.733137829912
36,78,52.1994134897361
36,79,52.7859237536657
36,80,52.297165200391
36,81,46.6275659824047
36,82,48.4848484848485
36,83,50.3421309872923
36,84,52.6881720430108
36,85,49.266862170088
36,86,48.1915933528837
36,87,50.3421309872923
36,88,51.0263929618768
36,89,51.5151515151515
36,90,52.4926686217009
36,91,50.9286412512219
36,92,49.6578690127077
36,93,55.425219941349
36,94,48.8758553274682
36,95,45.8455522971652
36,96,51.9061583577713
36,97,50.3421309872923
36,98,49.7556207233627
36,99,53.9589442815249
36,100,45.1612903225806
37,38,53.3724340175953
37,39,59.8240469208211
37,40,49.169110459433
37,41,53.2746823069404
37,42,49.266862170088
37,43,53.0791788856305
37,44,52.8836754643206
37,45,56.0117302052786
37,46,53.6656891495601
37,47,54.2521994134897
37,48,47.4095796676442
37,49,49.266862170088
37,50,48.9736070381232
37,51,51.7106549364614
37,52,51.6129032258064
37,53,53.2746823069404
37,54,50.5376344086022
37,55,53.5679374389052
37,56,52.6881720430108
37,57,54.1544477028348
37,58,50.2443792766373
37,59,57.0869990224829
37,60,54.7409579667644
37,61,47.2140762463343
37,62,49.5601173020528
37,63,51.1241446725318
37,64,54.2521994134897
37,65,54.4477028347996
37,66,50.5376344086022
37,67,50.2443792766373
37,68,51.7106549364614
37,69,48.4848484848485
37,70,55.6207233626588
37,71,48.8758553274682
37,72,43.9882697947214
37,73,49.3646138807429
37,74,55.327468230694
37,75,56.0117302052786
37,76,49.6578690127077
37,77,54.4477028347996
37,78,50.2443792766373
37,79,49.0713587487781
37,80,48.5826001955034
37,81,50.1466275659824
37,82,48.8758553274682
37,83,56.5982404692082
37,84,46.8230694037146
37,85,48.2893450635386
37,86,52.1016617790811
37,87,54.4477028347996
37,88,45.7478005865103
37,89,54.4477028347996
37,90,49.7556207233627
37,91,46.2365591397849
37,92,53.1769305962854
37,93,50.733137829912
37,94,53.763440860215
37,95,47.4095796676442
37,96,49.3646138807429
37,97,46.8230694037146
37,98,53.2746823069404
37,99,46.9208211143695
37,100,45.1612903225806
38,39,44.9657869012708
38,40,55.6207233626588
38,41,53.0791788856305
38,42,50.6353861192571
38,43,51.5151515151515
38,44,47.6050830889541
38,45,49.9511241446725
38,46,50.1466275659824
38,47,57.3802541544477
38,48,56.7937438905181
38,49,54.7409579667644
38,50,44.0860215053763
38,51,52.297165200391
38,52,45.7478005865103
38,53,49.9511241446725
38,54,53.0791788856305
38,55,47.8983382209189
38,56,49.3646138807429
38,57,52.1994134897361
38,58,52.5904203323558
38,59,48.0938416422287
38,60,48.6803519061584
38,61,50.5376344086022
38,62,55.2297165200391
38,63,56.989247311828
38,64,47.9960899315738
38,65,44.8680351906158
38,66,52.1016617790811
38,67,47.8983382209189
38,68,47.0185728250244
38,69,47.5073313782991
38,70,46.4320625610948
38,71,51.0263929618768
38,72,47.8983382209189
38,73,47.2140762463343
38,74,49.8533724340176
38,75,45.2590420332356
38,76,46.7253176930596
38,77,47.9960899315738
38,78,51.0263929618768
38,79,44.9657869012708
38,80,50.5376344086022
38,81,53.86119257087
38,82,53.763440860215
38,83,52.6881720430108
38,84,49.169110459433
38,85,48.6803519061584
38,86,43.3040078201369
38,87,50.9286412512219
38,88,52.3949169110459
38,89,53.86119257087
38,90,46.8230694037146
38,91,49.7556207233627
38,92,48.4848484848485
38,93,52.8836754643206
38,94,50.0488758553275
38,95,55.6207233626588
38,96,51.5151515151515
38,97,48.1915933528837
38,98,55.2297165200391
38,99,48.2893450635386
38,100,49.8533724340176
39,40,52.6881720430108
39,41,54.0566959921799
39,42,50.4398826979472
39,43,49.5601173020528
39,44,47.9960899315738
39,45,50.733137829912
39,46,47.8005865102639
39,47,50.1466275659824
39,48,54.2521994134897
39,49,51.0263929618768
39,50,53.6656891495601
39,51,49.169110459433
39,52,47.8983382209189
39,53,51.3196480938416
39,54,51.1241446725318
39,55,50.6353861192571
39,56,53.86119257087
39,57,56.1094819159335
39,58,52.5904203323558
39,59,51.2218963831867
39,60,45.9433040078201
39,61,52.297165200391
39,62,52.297165200391
39,63,50.3421309872923
39,64,49.5601173020528
39,65,45.2590420332356
39,66,50.5376344086022
39,67,49.6578690127077
39,68,48.1915933528837
39,69,51.6129032258064
39,70,48.5826001955034
39,71,50.0488758553275
39,72,60.019550342131
39,73,47.6050830889541
39,74,44.574780058651
39,75,48.7781036168133
39,76,48.6803519061584
39,77,48.1915933528837
39,78,50.0488758553275
39,79,47.8983382209189
39,80,45.2590420332356
39,81,49.9511241446725
39,82,53.3724340175953
39,83,48.5826001955034
39,84,51.9061583577713
39,85,48.4848484848485
39,86,48.5826001955034
39,87,54.2521994134897
39,88,51.6129032258064
39,89,51.1241446725318
39,90,48.7781036168133
39,91,51.3196480938416
39,92,44.9657869012708
39,93,50.3421309872923
39,94,45.3567937438905
39,95,51.1241446725318
39,96,47.8005865102639
39,97,47.0185728250244
39,98,52.4926686217009
39,99,45.3567937438905
39,100,47.702834799609
40,41,46.3343108504399
40,42,44.0860215053763
40,43,48.4848484848485
40,44,52.1994134897361
40,45,49.8533724340176
40,46,47.3118279569892
40,47,48.8758553274682
40,48,48.4848484848485
40,49,53.6656891495601
40,50,51.6129032258064
40,51,50.2443792766373
40,52,52.8836754643206
40,53,48.8758553274682
40,54,56.6959921798632
40,55,50.5376344086022
40,56,53.1769305962854
40,57,52.4926686217009
40,58,48.9736070381232
40,59,53.86119257087
40,60,47.9960899315738
40,61,49.266862170088
40,62,53.763440860215
40,63,44.7702834799609
40,64,49.8533724340176
40,65,47.8983382209189
40,66,50.830889540567
40,67,52.4926686217009
40,68,45.3567937438905
40,69,52.6881720430108
40,70,46.13880742913
40,71,49.3646138807429
40,72,50.9286412512219
40,73,47.3118279569892
40,74,49.169110459433
40,75,53.9589442815249
40,76,46.6275659824047
40,77,45.3567937438905
40,78,53.86119257087
40,79,54.8387096774194
40,80,48.2893450635386
40,81,48.6803519061584
40,82,48.3870967741936
40,83,51.4173998044966
40,84,49.8533724340176
40,85,49.9511241446725
40,86,50.2443792766373
40,87,58.8465298142718
40,88,48.5826001955034
40,89,47.8983382209189
40,90,49.0713587487781
40,91,52.0039100684262
40,92,47.0185728250244
40,93,49.266862170088
40,94,52.6881720430108
40,95,52.3949169110459
40,96,49.6578690127077
40,97,49.6578690127077
40,98,48.8758553274682
40,99,50.733137829912
40,100,50.3421309872923
41,42,45.6500488758553
41,43,49.266862170088
41,44,56.891495601173
41,45,51.2218963831867
41,46,50.4398826979472
41,47,46.7253176930596
41,48,53.1769305962854
41,49,47.6050830889541
41,50,47.8983382209189
41,51,50.830889540567
41,52,49.9511241446725
41,53,45.1612903225806
41,54,43.7927663734115
41,55,51.5151515151515
41,56,49.6578690127077
41,57,47.8005865102639
41,58,48.3870967741936
41,59,49.3646138807429
41,60,54.8387096774194
41,61,50.0488758553275
41,62,44.3792766373411
41,63,44.3792766373411
41,64,43.5972629521017
41,65,48.6803519061584
41,66,48.0938416422287
41,67,43.3040078201369
41,68,53.1769305962854
41,69,47.0185728250244
41,70,44.7702834799609
41,71,47.8005865102639
41,72,50.3421309872923
41,73,47.8983382209189
41,74,47.6050830889541
41,75,54.3499511241447
41,76,44.8680351906158
41,77,53.5679374389052
41,78,50.1466275659824
41,79,53.4701857282502
41,80,50.6353861192571
41,81,51.2218963831867
41,82,53.0791788856305
41,83,46.3343108504399
41,84,52.5904203323558
41,85,46.6275659824047
41,86,51.8084066471163
41,87,52.0039100684262
41,88,50.1466275659824
41,89,49.0713587487781
41,90,54.7409579667644
41,91,49.8533724340176
41,92,51.9061583577713
41,93,48.8758553274682
41,94,54.0566959921799
41,95,47.702834799609
41,96,44.9657869012708
41,97,52.7859237536657
41,98,48.0938416422287
41,99,47.8005865102639
41,100,56.2072336265885
42,43,48.7781036168133
42,44,50.1466275659824
42,45,47.4095796676442
42,46,47.9960899315738
42,47,50.5376344086022
42,48,43.3040078201369
42,49,52.7859237536657
42,50,53.86119257087
42,51,50.9286412512219
42,52,54.7409579667644
42,53,47.6050830889541
42,54,50.3421309872923
42,55,42.0332355816227
42,56,52.4926686217009
42,57,56.6959921798632
42,58,48.0938416422287
42,59,53.1769305962854
42,60,53.1769305962854
42,61,43.4995112414467
42,62,48.9736070381232
42,63,52.6881720430108
42,64,48.1915933528837
42,65,47.9960899315738
42,66,48.7781036168133
42,67,55.7184750733138
42,68,48.1915933528837
42,69,49.0713587487781
42,70,50.733137829912
42,71,51.2218963831867
42,72,48.6803519061584
42,73,53.0791788856305
42,74,48.4848484848485
42,75,50.9286412512219
42,76,47.3118279569892
42,77,56.4027370478983
42,78,55.7184750733138
42,79,50.2443792766373
42,80,42.1309872922776
42,81,45.4545454545455
42,82,46.13880742913
42,83,50.3421309872923
42,84,49.9511241446725
42,85,48.6803519061584
42,86,49.5601173020528
42,87,47.4095796676442
42,88,51.4173998044966
42,89,57.3802541544477
42,90,50.5376344086022
42,91,49.169110459433
42,92,45.1612903225806
42,93,44.2815249266862
42,94,51.0263929618768
42,95,54.4477028347996
42,96,52.8836754643206
42,97,50.733137829912
42,98,45.0635386119257
42,99,50.6353861192571
42,100,50.2443792766373
43,44,49.8533724340176
43,45,48.2893450635386
43,46,52.0039100684262
43,47,49.266862170088
43,48,53.5679374389052
43,49,49.5601173020528
43,50,44.1837732160313
43,51,49.6578690127077
43,52,45.8455522971652
43,53,47.5073313782991
43,54,48.8758553274682
43,55,48.1915933528837
43,56,50.0488758553275
43,57,48.5826001955034
43,58,49.9511241446725
43,59,48.5826001955034
43,60,49.9511241446725
43,61,50.0488758553275
43,62,48.4848484848485
43,63,46.7253176930596
43,64,56.3049853372434
43,65,44.1837732160313
43,66,57.2825024437928
43,67,47.2140762463343
43,68,55.327468230694
43,69,56.2072336265885
43,70,50.2443792766373
43,71,50.733137829912
43,72,49.5601173020528
43,73,47.702834799609
43,74,50.3421309872923
43,75,45.5522971652004
43,76,48.7781036168133
43,77,52.5904203323558
43,78,52.6881720430108
43,79,52.4926686217009
43,80,44.574780058651
43,81,48.4848484848485
43,82,52.297165200391
43,83,49.4623655913978
43,84,50.4398826979472
43,85,54.2521994134897
43,86,49.4623655913978
43,87,50.0488758553275
43,88,51.1241446725318
43,89,45.5522971652004
43,90,51.6129032258064
43,91,53.3724340175953
43,92,49.7556207233627
43,93,47.1163245356794
43,94,51.1241446725318
43,95,48.2893450635386
43,96,53.5679374389052
43,97,52.3949169110459
43,98,46.7253176930596
43,99,52.297165200391
43,100,51.7106549364614
44,45,54.3499511241447
44,46,49.6578690127077
44,47,50.6353861192571
44,48,49.0713587487781
44,49,53.86119257087
44,50,54.5454545454545
44,51,50.2443792766373
44,52,46.2365591397849
44,53,56.3049853372434
44,54,55.327468230694
44,55,50.9286412512219
44,56,51.8084066471163
44,57,46.4320625610948
44,58,46.8230694037146
44,59,45.6500488758553
44,60,47.8005865102639
44,61,50.830889540567
44,62,51.4173998044966
44,63,54.3499511241447
44,64,51.4173998044966
44,65,43.010752688172
44,66,50.6353861192571
44,67,53.4701857282502
44,68,43.7927663734115
44,69,52.4926686217009
44,70,52.0039100684262
44,71,52.297165200391
44,72,54.8387096774194
44,73,51.4173998044966
44,74,52.297165200391
44,75,45.5522971652004
44,76,52.4926686217009
44,77,47.5073313782991
44,78,45.8455522971652
44,79,48.9736070381232
44,80,55.327468230694
44,81,49.266862170088
44,82,49.5601173020528
44,83,54.9364613880743
44,84,49.6578690127077
44,85,48.7781036168133
44,86,51.6129032258064
44,87,46.7253176930596
44,88,53.6656891495601
44,89,50.4398826979472
44,90,51.6129032258064
44,91,51.0263929618768
44,92,46.2365591397849
44,93,45.3567937438905
44,94,49.7556207233627
44,95,51.6129032258064
44,96,51.2218963831867
44,97,53.5679374389052
44,98,48.0938416422287
44,99,53.0791788856305
44,100,42.3264907135875
45,46,46.7253176930596
45,47,47.5073313782991
45,48,52.7859237536657
45,49,47.9960899315738
45,50,53.763440860215
45,51,44.3792766373411
45,52,46.8230694037146
45,53,47.5073313782991
45,54,51.0263929618768
45,55,46.2365591397849
45,56,49.266862170088
45,57,47.6050830889541
45,58,53.4701857282502
45,59,43.6950146627566
45,60,50.9286412512219
45,61,49.0713587487781
45,62,45.1612903225806
45,63,49.4623655913978
45,64,45.3567937438905
45,65,51.2218963831867
45,66,52.3949169110459
45,67,49.3646138807429
45,68,48.8758553274682
45,69,49.9511241446725
45,70,49.6578690127077
45,71,46.4320625610948
45,72,50.1466275659824
45,73,51.6129032258064
45,74,57.7712609970675
45,75,46.3343108504399
45,76,48.3870967741936
45,77,54.1544477028348
45,78,48.7781036168133
45,79,48.9736070381232
45,80,54.3499511241447
45,81,52.1994134897361
45,82,47.8005865102639
45,83,53.3724340175953
45,84,57.2825024437928
45,85,49.7556207233627
45,86,52.9814271749756
45,87,51.6129032258064
45,88,53.2746823069404
45,89,47.702834799609
45,90,46.13880742913
45,91,48.4848484848485
45,92,48.7781036168133
45,93,51.8084066471163
45,94,47.9960899315738
45,95,50.4398826979472
45,96,53.1769305962854
45,97,46.5298142717497
45,98,51.6129032258064
45,99,54.4477028347996
45,100,58.7487781036168
46,47,44.1837732160313
46,48,51.4173998044966
46,49,48.7781036168133
46,50,50.6353861192571
46,51,50.0488758553275
46,52,48.5826001955034
46,53,46.5298142717497
46,54,45.9433040078201
46,55,57.3802541544477
46,56,49.8533724340176
46,57,49.9511241446725
46,58,54.2521994134897
46,59,49.7556207233627
46,60,47.4095796676442
46,61,52.0039100684262
46,62,48.0938416422287
46,63,50.2443792766373
46,64,46.5298142717497
46,65,47.8983382209189
46,66,55.1319648093842
46,67,45.2590420332356
46,68,49.6578690127077
46,69,45.6500488758553
46,70,45.9433040078201
46,71,55.0342130987292
46,72,55.6207233626588
46,73,46.13880742913
46,74,54.4477028347996
46,75,53.9589442815249
46,76,47.2140762463343
46,77,46.5298142717497
46,78,48.5826001955034
46,79,48.7781036168133
46,80,51.2218963831867
46,81,50.6353861192571
46,82,53.86119257087
46,83,50.0488758553275
46,84,45.3567937438905
46,85,52.6881720430108
46,86,50.6353861192571
46,87,48.0938416422287
46,88,50.5376344086022
46,89,47.5073313782991
46,90,43.7927663734115
46,91,45.9433040078201
46,92,51.9061583577713
46,93,53.5679374389052
46,94,46.8230694037146
46,95,53.1769305962854
46,96,56.6959921798632
46,97,47.5073313782991
46,98,52.0039100684262
46,99,53.6656891495601
46,100,55.0342130987292
47,48,52.1994134897361
47,49,52.1016617790811
47,50,55.5229716520039
47,51,56.5004887585533
47,52,52.297165200391
47,53,46.5298142717497
47,54,52.0039100684262
47,55,54.2521994134897
47,56,52.0039100684262
47,57,47.9960899315738
47,58,46.8230694037146
47,59,47.8005865102639
47,60,49.3646138807429
47,61,52.3949169110459
47,62,52.9814271749756
47,63,44.574780058651
47,64,54.7409579667644
47,65,52.9814271749756
47,66,58.0645161290323
47,67,49.3646138807429
47,68,56.891495601173
47,69,49.3646138807429
47,70,49.4623655913978
47,71,49.3646138807429
47,72,51.3196480938416
47,73,45.5522971652004
47,74,50.5376344086022
47,75,53.3724340175953
47,76,52.4926686217009
47,77,48.2893450635386
47,78,48.7781036168133
47,79,51.1241446725318
47,80,48.2893450635386
47,81,53.5679374389052
47,82,51.1241446725318
47,83,46.3343108504399
47,84,50.830889540567
47,85,50.1466275659824
47,86,53.9589442815249
47,87,53.763440860215
47,88,49.3646138807429
47,89,44.3792766373411
47,90,55.7184750733138
47,91,50.6353861192571
47,92,48.3870967741936
47,93,53.5679374389052
47,94,50.733137829912
47,95,54.1544477028348
47,96,51.4173998044966
47,97,42.8152492668622
47,98,46.3343108504399
47,99,55.2297165200391
47,100,53.2746823069404
48,49,49.3646138807429
48,50,51.2218963831867
48,51,47.8983382209189
48,52,57.1847507331378
48,53,52.3949169110459
48,54,48.2893450635386
48,55,47.6050830889541
48,56,53.1769305962854
48,57,49.3646138807429
48,58,48.3870967741936
48,59,50.9286412512219
48,60,48.7781036168133
48,61,42.6197458455523
48,62,47.1163245356794
48,63,54.5454545454545
48,64,48.2893450635386
48,65,51.0263929618768
48,66,44.9657869012708
48,67,54.0566959921799
48,68,55.5229716520039
48,69,55.0342130987292
48,70,57.2825024437928
48,71,48.1915933528837
48,72,47.8005865102639
48,73,59.2375366568915
48,74,50.9286412512219
48,75,54.1544477028348
48,76,56.4027370478983
48,77,51.4173998044966
48,78,53.0791788856305
48,79,50.9286412512219
48,80,43.9882697947214
48,81,46.5298142717497
48,82,53.6656891495601
48,83,47.3118279569892
48,84,48.4848484848485
48,85,50.5376344086022
48,86,50.830889540567
48,87,49.8533724340176
48,88,45.2590420332356
48,89,53.1769305962854
48,90,54.3499511241447
48,91,48.2893450635386
48,92,41.544477028348
48,93,48.0938416422287
48,94,48.7781036168133
48,95,48.6803519061584
48,96,48.8758553274682
48,97,54.7409579667644
48,98,51.8084066471163
48,99,50.3421309872923
48,100,50.3421309872923
49,50,50.1466275659824
49,51,52.1016617790811
49,52,46.7253176930596
49,53,52.1016617790811
49,54,47.0185728250244
49,55,47.8983382209189
49,56,45.8455522971652
49,57,50.2443792766373
49,58,49.8533724340176
49,59,52.5904203323558
49,60,48.2893450635386
49,61,49.9511241446725
49,62,46.0410557184751
49,63,47.6050830889541
49,64,46.6275659824047
49,65,54.0566959921799
49,66,56.0117302052786
49,67,45.3567937438905
49,68,52.4926686217009
49,69,49.4623655913978
49,70,52.297165200391
49,71,44.9657869012708
49,72,51.2218963831867
49,73,54.2521994134897
49,74,50.830889540567
49,75,46.4320625610948
49,76,49.0713587487781
49,77,43.108504398827
49,78,47.5073313782991
49,79,50.2443792766373
49,80,48.5826001955034
49,81,49.9511241446725
49,82,46.13880742913
49,83,46.6275659824047
49,84,50.5376344086022
49,85,49.8533724340176
49,86,55.8162267839687
49,87,48.7781036168133
49,88,50.2443792766373
49,89,52.297165200391
49,90,53.2746823069404
49,91,46.0410557184751
49,92,53.3724340175953
49,93,49.3646138807429
49,94,57.0869990224829
49,95,49.7556207233627
49,96,53.0791788856305
49,97,50.733137829912
49,98,49.7556207233627
49,99,50.830889540567
49,100,52.7859237536657
50,51,47.702834799609
50,52,49.7556207233627
50,53,50.4398826979472
50,54,42.4242424242424
50,55,50.3421309872923
50,56,49.8533724340176
50,57,52.4926686217009
50,58,48.7781036168133
50,59,51.7106549364614
50,60,52.8836754643206
50,61,51.2218963831867
50,62,50.830889540567
50,63,49.6578690127077
50,64,52.0039100684262
50,65,46.9208211143695
50,66,50.4398826979472
50,67,47.0185728250244
50,68,54.1544477028348
50,69,49.7556207233627
50,70,52.5904203323558
50,71,51.3196480938416
50,72,50.5376344086022
50,73,43.2062561094819
50,74,49.169110459433
50,75,45.9433040078201
50,76,54.6432062561095
50,77,52.5904203323558
50,78,55.6207233626588
50,79,42.7174975562072
50,80,49.6578690127077
50,81,52.1994134897361
50,82,50.9286412512219
50,83,49.266862170088
50,84,43.7927663734115
50,85,48.3870967741936
50,86,51.0263929618768
50,87,49.0713587487781
50,88,51.9061583577713
50,89,47.702834799609
50,90,47.3118279569892
50,91,50.4398826979472
50,92,54.6432062561095
50,93,56.3049853372434
50,94,46.4320625610948
50,95,46.7253176930596
50,96,43.010752688172
50,97,52.9814271749756
50,98,51.2218963831867
50,99,54.6432062561095
50,100,51.1241446725318
51,52,47.6050830889541
51,53,46.3343108504399
51,54,55.5229716520039
51,55,54.4477028347996
51,56,49.6578690127077
51,57,55.0342130987292
51,58,58.3577712609971
51,59,55.0342130987292
51,60,50.9286412512219
51,61,54.7409579667644
51,62,53.5679374389052
51,63,51.2218963831867
51,64,46.7253176930596
51,65,52.9814271749756
51,66,50.4398826979472
51,67,47.6050830889541
51,68,44.1837732160313
51,69,45.0635386119257
51,70,51.8084066471163
51,71,49.169110459433
51,72,47.9960899315738
51,73,49.4623655913978
51,74,51.9061583577713
51,75,54.5454545454545
51,76,42.9130009775171
51,77,52.1994134897361
51,78,47.6050830889541
51,79,46.8230694037146
51,80,51.8084066471163
51,81,49.4623655913978
51,82,48.5826001955034
51,83,49.0713587487781
51,84,56.1094819159335
51,85,54.6432062561095
51,86,47.3118279569892
51,87,48.8758553274682
51,88,52.6881720430108
51,89,52.0039100684262
51,90,55.327468230694
51,91,49.4623655913978
51,92,48.9736070381232
51,93,49.266862170088
51,94,41.9354838709677
51,95,56.3049853372434
51,96,50.830889540567
51,97,50.2443792766373
51,98,54.1544477028348
51,99,49.5601173020528
51,100,45.2590420332356
52,53,50.1466275659824
52,54,50.9286412512219
52,55,53.3724340175953
52,56,49.3646138807429
52,57,50.2443792766373
52,58,50.2443792766373
52,59,47.5073313782991
52,60,47.1163245356794
52,61,54.6432062561095
52,62,49.5601173020528
52,63,50.9286412512219
52,64,50.733137829912
52,65,46.0410557184751
52,66,61.2903225806452
52,67,43.7927663734115
52,68,47.0185728250244
52,69,47.702834799609
52,70,46.0410557184751
52,71,47.8983382209189
52,72,49.266862170088
52,73,52.1016617790811
52,74,58.6510263929619
52,75,47.4095796676442
52,76,46.9208211143695
52,77,44.0860215053763
52,78,48.8758553274682
52,79,45.1612903225806
52,80,53.86119257087
52,81,54.4477028347996
52,82,52.9814271749756
52,83,47.8005865102639
52,84,48.3870967741936
52,85,54.1544477028348
52,86,47.4095796676442
52,87,50.3421309872923
52,88,58.6510263929619
52,89,49.9511241446725
52,90,46.2365591397849
52,91,49.3646138807429
52,92,50.6353861192571
52,93,48.7781036168133
52,94,48.0938416422287
52,95,50.5376344086022
52,96,49.3646138807429
52,97,52.1016617790811
52,98,51.3196480938416
52,99,49.6578690127077
52,100,51.2218963831867
53,54,52.1994134897361
53,55,49.9511241446725
53,56,48.4848484848485
53,57,47.4095796676442
53,58,52.4926686217009
53,59,49.9511241446725
53,60,55.8162267839687
53,61,56.5004887585533
53,62,50.6353861192571
53,63,48.8758553274682
53,64,50.2443792766373
53,65,50.830889540567
53,66,51.2218963831867
53,67,43.108504398827
53,68,48.0938416422287
53,69,46.8230694037146
53,70,47.5073313782991
53,71,52.6881720430108
53,72,52.6881720430108
53,73,48.0938416422287
53,74,47.8005865102639
53,75,50.6353861192571
53,76,48.3870967741936
53,77,55.7184750733138
53,78,53.2746823069404
53,79,47.6050830889541
53,80,51.0263929618768
53,81,45.7478005865103
53,82,51.7106549364614
53,83,50.0488758553275
53,84,53.9589442815249
53,85,57.9667644183773
53,86,49.8533724340176
53,87,47.1163245356794
53,88,51.1241446725318
53,89,49.6578690127077
53,90,54.5454545454545
53,91,52.5904203323558
53,92,49.169110459433
53,93,44.7702834799609
53,94,43.108504398827
53,95,49.0713587487781
53,96,45.7478005865103
53,97,55.5229716520039
53,98,49.266862170088
53,99,50.5376344086022
53,100,46.2365591397849
54,55,47.6050830889541
54,56,48.8758553274682
54,57,47.8005865102639
54,58,49.169110459433
54,59,50.9286412512219
54,60,57.3802541544477
54,61,45.1612903225806
54,62,50.830889540567
54,63,48.6803519061584
54,64,48.0938416422287
54,65,54.7409579667644
54,66,46.3343108504399
54,67,47.8005865102639
54,68,51.0263929618768
54,69,48.5826001955034
54,70,47.3118279569892
54,71,51.3196480938416
54,72,44.672531769306
54,73,50.6353861192571
54,74,51.3196480938416
54,75,54.3499511241447
54,76,50.1466275659824
54,77,52.1994134897361
54,78,50.3421309872923
54,79,52.8836754643206
54,80,45.5522971652004
54,81,47.3118279569892
54,82,54.8387096774194
54,83,48.6803519061584
54,84,46.9208211143695
54,85,46.2365591397849
54,86,52.1994134897361
54,87,46.3343108504399
54,88,47.8005865102639
54,89,47.702834799609
54,90,49.266862170088
54,91,49.266862170088
54,92,54.4477028347996
54,93,52.9814271749756
54,94,54.6432062561095
54,95,45.7478005865103
54,96,53.9589442815249
54,97,48.8758553274682
54,98,43.4017595307918
54,99,47.6050830889541
54,100,55.2297165200391
55,56,46.8230694037146
55,57,50.2443792766373
55,58,49.0713587487781
55,59,45.1612903225806
55,60,47.5073313782991
55,61,41.9354838709677
55,62,48.1915933528837
55,63,54.2521994134897
55,64,47.2140762463343
55,65,48.9736070381232
55,66,51.7106549364614
55,67,52.1994134897361
55,68,46.6275659824047
55,69,47.3118279569892
55,70,45.4545454545455
55,71,53.5679374389052
55,72,46.5298142717497
55,73,55.6207233626588
55,74,47.702834799609
55,75,42.3264907135875
55,76,52.9814271749756
55,77,53.6656891495601
55,78,49.4623655913978
55,79,52.5904203323558
55,80,41.544477028348
55,81,48.5826001955034
55,82,49.266862170088
55,83,51.9061583577713
55,84,50.1466275659824
55,85,43.2062561094819
55,86,48.1915933528837
55,87,47.4095796676442
55,88,56.5004887585533
55,89,54.8387096774194
55,90,49.9511241446725
55,91,48.3870967741936
55,92,47.5073313782991
55,93,46.2365591397849
55,94,51.2218963831867
55,95,52.1016617790811
55,96,50.1466275659824
55,97,54.4477028347996
55,98,44.4770283479961
55,99,54.3499511241447
55,100,48.4848484848485
56,57,45.2590420332356
56,58,50.3421309872923
56,59,50.9286412512219
56,60,49.7556207233627
56,61,52.1994134897361
56,62,45.3567937438905
56,63,47.3118279569892
56,64,45.9433040078201
56,65,51.4173998044966
56,66,54.7409579667644
56,67,52.6881720430108
56,68,45.5522971652004
56,69,47.8005865102639
56,70,53.3724340175953
56,71,49.169110459433
56,72,47.6050830889541
56,73,45.9433040078201
56,74,52.1016617790811
56,75,46.9208211143695
56,76,51.7106549364614
56,77,54.1544477028348
56,78,51.9061583577713
56,79,48.1915933528837
56,80,54.7409579667644
56,81,50.0488758553275
56,82,44.0860215053763
56,83,47.702834799609
56,84,55.327468230694
56,85,50.1466275659824
56,86,49.4623655913978
56,87,48.0938416422287
56,88,53.0791788856305
56,89,51.0263929618768
56,90,45.3567937438905
56,91,50.830889540567
56,92,55.425219941349
56,93,50.2443792766373
56,94,47.6050830889541
56,95,49.6578690127077
56,96,52.7859237536657
56,97,55.327468230694
56,98,53.1769305962854
56,99,50.5376344086022
56,100,51.7106549364614
57,58,53.5679374389052
57,59,47.3118279569892
57,60,45.1612903225806
57,61,57.1847507331378
57,62,43.4995112414467
57,63,54.6432062561095
57,64,46.2365591397849
57,65,47.0185728250244
57,66,53.86119257087
57,67,50.830889540567
57,68,51.9061583577713
57,69,47.3118279569892
57,70,53.86119257087
57,71,47.702834799609
57,72,47.5073313782991
57,73,44.8680351906158
57,74,50.6353861192571
57,75,43.3040078201369
57,76,54.1544477028348
57,77,50.5376344086022
57,78,49.4623655913978
57,79,48.0938416422287
57,80,53.4701857282502
57,81,50.5376344086022
57,82,50.2443792766373
57,83,48.1915933528837
57,84,49.9511241446725
57,85,51.8084066471163
57,86,50.5376344086022
57,87,51.7106549364614
57,88,52.0039100684262
57,89,48.9736070381232
57,90,48.3870967741936
57,91,53.6656891495601
57,92,46.3343108504399
57,93,49.9511241446725
57,94,47.702834799609
57,95,45.8455522971652
57,96,48.9736070381232
57,97,52.297165200391
57,98,50.3421309872923
57,99,52.5904203323558
57,100,51.4173998044966
58,59,44.7702834799609
58,60,50.6353861192571
58,61,52.4926686217009
58,62,53.4701857282502
58,63,51.3196480938416
58,64,59.5307917888563
58,65,46.8230694037146
58,66,49.7556207233627
58,67,51.0263929618768
58,68,51.3196480938416
58,69,53.763440860215
58,70,52.1016617790811
58,71,52.1994134897361
58,72,52.1994134897361
58,73,49.5601173020528
58,74,52.9814271749756
58,75,51.7106549364614
58,76,61.1925708699902
58,77,49.7556207233627
58,78,58.2600195503421
58,79,47.8983382209189
58,80,50.3421309872923
58,81,46.8230694037146
58,82,52.0039100684262
58,83,53.0791788856305
58,84,49.7556207233627
58,85,50.4398826979472
58,86,46.0410557184751
58,87,52.297165200391
58,88,55.9139784946236
58,89,49.169110459433
58,90,50.5376344086022
58,91,45.4545454545455
58,92,51.0263929618768
58,93,51.1241446725318
58,94,54.7409579667644
58,95,45.2590420332356
58,96,50.5376344086022
58,97,51.1241446725318
58,98,50.733137829912
58,99,49.4623655913978
58,100,49.4623655913978
59,60,49.8533724340176
59,61,48.9736070381232
59,62,51.7106549364614
59,63,52.297165200391
59,64,57.9667644183773
59,65,45.8455522971652
59,66,47.6050830889541
59,67,50.6353861192571
59,68,49.3646138807429
59,69,51.6129032258064
59,70,47.9960899315738
59,71,48.0938416422287
59,72,51.0263929618768
59,73,50.3421309872923
59,74,51.0263929618768
59,75,41.1534701857283
59,76,48.6803519061584
59,77,51.7106549364614
59,78,49.8533724340176
59,79,46.7253176930596
59,80,52.6881720430108
59,81,52.1016617790811
59,82,53.1769305962854
59,83,46.4320625610948
59,84,57.7712609970675
59,85,45.5522971652004
59,86,51.5151515151515
59,87,51.5151515151515
59,88,50.0488758553275
59,89,47.8005865102639
59,90,49.9511241446725
59,91,53.4701857282502
59,92,52.1994134897361
59,93,49.5601173020528
59,94,51.2218963831867
59,95,50.1466275659824
59,96,51.3196480938416
59,97,55.0342130987292
59,98,50.3421309872923
59,99,49.6578690127077
59,100,48.0938416422287
60,61,50.9286412512219
60,62,50.1466275659824
60,63,53.6656891495601
60,64,49.3646138807429
60,65,48.3870967741936
60,66,50.5376344086022
60,67,57.0869990224829
60,68,42.5219941348974
60,69,51.0263929618768
60,70,54.0566959921799
60,71,48.8758553274682
60,72,57.2825024437928
60,73,45.0635386119257
60,74,54.1544477028348
60,75,44.8680351906158
60,76,56.3049853372434
60,77,46.4320625610948
60,78,53.763440860215
60,79,49.0713587487781
60,80,48.7781036168133
60,81,49.7556207233627
60,82,49.4623655913978
60,83,49.169110459433
60,84,46.4320625610948
60,85,51.6129032258064
60,86,52.1016617790811
60,87,47.6050830889541
60,88,51.2218963831867
60,89,50.5376344086022
60,90,47.8005865102639
60,91,55.6207233626588
60,92,51.6129032258064
60,93,51.7106549364614
60,94,51.0263929618768
60,95,51.7106549364614
60,96,51.3196480938416
60,97,45.6500488758553
60,98,51.7106549364614
60,99,49.8533724340176
60,100,47.3118279569892
61,62,49.4623655913978
61,63,51.2218963831867
61,64,49.8533724340176
61,65,52.7859237536657
61,66,46.5298142717497
61,67,53.86119257087
61,68,56.3049853372434
61,69,53.4701857282502
61,70,49.6578690127077
61,71,46.6275659824047
61,72,45.4545454545455
61,73,50.4398826979472
61,74,48.1915933528837
61,75,54.3499511241447
61,76,54.0566959921799
61,77,54.7409579667644
61,78,47.8005865102639
61,79,53.6656891495601
61,80,47.8983382209189
61,81,49.4623655913978
61,82,56.5982404692082
61,83,52.1994134897361
61,84,48.8758553274682
61,85,49.9511241446725
61,86,50.0488758553275
61,87,52.9814271749756
61,88,50.3421309872923
61,89,52.3949169110459
61,90,52.3949169110459
61,91,52.1994134897361
61,92,49.169110459433
61,93,46.5298142717497
61,94,54.6432062561095
61,95,52.1994134897361
61,96,56.6959921798632
61,97,47.5073313782991
61,98,53.1769305962854
61,99,49.7556207233627
61,100,54.4477028347996
62,63,53.1769305962854
62,64,47.3118279569892
62,65,44.9657869012708
62,66,49.0713587487781
62,67,48.7781036168133
62,68,53.9589442815249
62,69,52.4926686217009
62,70,52.5904203323558
62,71,49.3646138807429
62,72,45.4545454545455
62,73,54.3499511241447
62,74,42.3264907135875
62,75,47.1163245356794
62,76,50.9286412512219
62,77,56.5004887585533
62,78,48.7781036168133
62,79,47.6050830889541
62,80,51.8084066471163
62,81,51.8084066471163
62,82,45.8455522971652
62,83,50.4398826979472
62,84,54.7409579667644
62,85,43.3040078201369
62,86,50.830889540567
62,87,47.5073313782991
62,88,46.4320625610948
62,89,51.6129032258064
62,90,49.0713587487781
62,91,49.8533724340176
62,92,48.1915933528837
62,93,46.7253176930596
62,94,53.0791788856305
62,95,48.4848484848485
62,96,45.9433040078201
62,97,47.8983382209189
62,98,47.8983382209189
62,99,46.8230694037146
62,100,54.6432062561095
63,64,49.6578690127077
63,65,52.9814271749756
63,66,50.0488758553275
63,67,51.9061583577713
63,68,51.2218963831867
63,69,51.9061583577713
63,70,49.6578690127077
63,71,51.5151515151515
63,72,51.1241446725318
63,73,48.8758553274682
63,74,52.4926686217009
63,75,50.4398826979472
63,76,45.2590420332356
63,77,48.2893450635386
63,78,45.8455522971652
63,79,55.0342130987292
63,80,48.6803519061584
63,81,49.4623655913978
63,82,49.3646138807429
63,83,52.7859237536657
63,84,50.4398826979472
63,85,49.9511241446725
63,86,52.9814271749756
63,87,52.5904203323558
63,88,51.5151515151515
63,89,49.0713587487781
63,90,47.702834799609
63,91,49.266862170088
63,92,56.2072336265885
63,93,44.7702834799609
63,94,54.6432062561095
63,95,49.6578690127077
63,96,47.5073313782991
63,97,47.3118279569892
63,98,52.7859237536657
63,99,49.169110459433
63,100,52.8836754643206
64,65,49.6578690127077
64,66,51.0263929618768
64,67,47.6050830889541
64,68,48.8758553274682
64,69,49.169110459433
64,70,49.266862170088
64,71,45.6500488758553
64,72,53.0791788856305
64,73,49.6578690127077
64,74,48.9736070381232
64,75,52.9814271749756
64,76,49.9511241446725
64,77,52.7859237536657
64,78,49.5601173020528
64,79,57.3802541544477
64,80,52.5904203323558
64,81,53.763440860215
64,82,45.8455522971652
64,83,44.1837732160313
64,84,49.266862170088
64,85,47.4095796676442
64,86,51.0263929618768
64,87,47.1163245356794
64,88,51.1241446725318
64,89,51.6129032258064
64,90,50.4398826979472
64,91,50.2443792766373
64,92,48.1915933528837
64,93,44.9657869012708
64,94,50.5376344086022
64,95,47.5073313782991
64,96,48.8758553274682
64,97,46.13880742913
64,98,53.1769305962854
64,99,50.9286412512219
64,100,53.86119257087
65,66,47.5073313782991
65,67,49.5601173020528
65,68,49.8533724340176
65,69,50.3421309872923
65,70,52.9814271749756
65,71,46.4320625610948
65,72,49.5601173020528
65,73,44.574780058651
65,74,48.5826001955034
65,75,50.0488758553275
65,76,50.733137829912
65,77,49.8533724340176
65,78,54.2521994134897
65,79,47.9960899315738
65,80,53.763440860215
65,81,46.13880742913
65,82,52.297165200391
65,83,46.3343108504399
65,84,46.9208211143695
65,85,48.1915933528837
65,86,49.266862170088
65,87,51.2218963831867
65,88,50.9286412512219
65,89,50.0488758553275
65,90,51.8084066471163
65,91,53.1769305962854
65,92,47.9960899315738
65,93,47.3118279569892
65,94,55.2297165200391
65,95,53.5679374389052
65,96,45.7478005865103
65,97,54.1544477028348
65,98,50.830889540567
65,99,53.6656891495601
65,100,52.1016617790811
66,67,51.7106549364614
66,68,49.266862170088
66,69,54.2521994134897
66,70,54.7409579667644
66,71,48.3870967741936
66,72,51.1241446725318
66,73,56.6959921798632
66,74,47.6050830889541
66,75,53.5679374389052
66,76,48.5826001955034
66,77,53.3724340175953
66,78,52.1016617790811
66,79,58.1622678396872
66,80,47.3118279569892
66,81,48.0938416422287
66,82,47.2140762463343
66,83,51.4173998044966
66,84,50.830889540567
66,85,44.2815249266862
66,86,49.8533724340176
66,87,42.4242424242424
66,88,46.8230694037146
66,89,50.6353861192571
66,90,51.0263929618768
66,91,51.2218963831867
66,92,46.8230694037146
66,93,49.266862170088
66,94,51.1241446725318
66,95,46.9208211143695
66,96,51.2218963831867
66,97,53.5679374389052
66,98,47.3118279569892
66,99,50.3421309872923
66,100,49.9511241446725
67,68,50.1466275659824
67,69,52.1994134897361
67,70,41.9354838709677
67,71,52.9814271749756
67,72,55.7184750733138
67,73,52.297165200391
67,74,47.8983382209189
67,75,52.4926686217009
67,76,48.8758553274682
67,77,53.2746823069404
67,78,47.1163245356794
67,79,50.830889540567
67,80,49.7556207233627
67,81,52.8836754643206
67,82,57.6735092864125
67,83,43.3040078201369
67,84,48.1915933528837
67,85,42.6197458455523
67,86,50.9286412512219
67,87,52.297165200391
67,88,50.4398826979472
67,89,46.6275659824047
67,90,54.4477028347996
67,91,48.7781036168133
67,92,51.4173998044966
67,93,53.0791788856305
67,94,50.830889540567
67,95,50.5376344086022
67,96,48.7781036168133
67,97,51.1241446725318
67,98,54.2521994134897
67,99,44.574780058651
67,100,43.7927663734115
68,69,47.0185728250244
68,70,50.0488758553275
68,71,47.6050830889541
68,72,48.1915933528837
68,73,51.4173998044966
68,74,53.0791788856305
68,75,47.5073313782991
68,76,50.1466275659824
68,77,49.0713587487781
68,78,48.3870967741936
68,79,49.7556207233627
68,80,53.3724340175953
68,81,44.1837732160313
68,82,44.8680351906158
68,83,59.6285434995112
68,84,52.3949169110459
68,85,51.3196480938416
68,86,48.0938416422287
68,87,47.3118279569892
68,88,52.8836754643206
68,89,49.0713587487781
68,90,50.830889540567
68,91,54.5454545454545
68,92,52.1016617790811
68,93,51.8084066471163
68,94,49.9511241446725
68,95,50.4398826979472
68,96,51.6129032258064
68,97,48.4848484848485
68,98,48.8758553274682
68,99,43.3040078201369
68,100,39.0029325513196
69,70,52.6881720430108
69,71,56.3049853372434
69,72,47.5073313782991
69,73,48.1915933528837
69,74,49.266862170088
69,75,47.9960899315738
69,76,45.7478005865103
69,77,47.2140762463343
69,78,50.830889540567
69,79,43.9882697947214
69,80,54.0566959921799
69,81,46.2365591397849
69,82,43.9882697947214
69,83,48.3870967741936
69,84,48.1915933528837
69,85,50.830889540567
69,86,48.7781036168133
69,87,51.3196480938416
69,88,46.3343108504399
69,89,57.9667644183773
69,90,47.8005865102639
69,91,39.5894428152493
69,92,49.4623655913978
69,93,50.733137829912
69,94,47.702834799609
69,95,45.2590420332356
69,96,51.1241446725318
69,97,51.3196480938416
69,98,46.4320625610948
69,99,48.4848484848485
69,100,48.0938416422287
70,71,47.6050830889541
70,72,50.9286412512219
70,73,47.702834799609
70,74,50.733137829912
70,75,48.4848484848485
70,76,42.1309872922776
70,77,45.3567937438905
70,78,48.7781036168133
70,79,54.0566959921799
70,80,47.1163245356794
70,81,48.6803519061584
70,82,52.297165200391
70,83,51.2218963831867
70,84,51.0263929618768
70,85,44.2815249266862
70,86,51.6129032258064
70,87,49.6578690127077
70,88,52.4926686217009
70,89,46.13880742913
70,90,47.5073313782991
70,91,52.9814271749756
70,92,52.8836754643206
70,93,50.0488758553275
70,94,44.8680351906158
70,95,55.7184750733138
70,96,49.6578690127077
70,97,50.4398826979472
70,98,50.830889540567
70,99,47.8005865102639
70,100,48.5826001955034
71,72,49.4623655913978
71,73,50.5376344086022
71,74,47.3118279569892
71,75,48.9736070381232
71,76,54.9364613880743
71,77,45.6500488758553
71,78,53.1769305962854
71,79,49.6578690127077
71,80,51.5151515151515
71,81,47.2140762463343
71,82,48.6803519061584
71,83,52.4926686217009
71,84,54.0566959921799
71,85,47.702834799609
71,86,46.8230694037146
71,87,48.9736070381232
71,88,52.0039100684262
71,89,43.3040078201369
71,90,51.1241446725318
71,91,58.7487781036168
71,92,48.2893450635386
71,93,56.0117302052786
71,94,49.266862170088
71,95,44.672531769306
71,96,47.9960899315738
71,97,47.0185728250244
71,98,57.1847507331378
71,99,50.2443792766373
71,100,51.0263929618768
72,73,50.1466275659824
72,74,50.2443792766373
72,75,53.86119257087
72,76,47.3118279569892
72,77,50.9286412512219
72,78,51.8084066471163
72,79,48.6803519061584
72,80,50.9286412512219
72,81,52.1016617790811
72,82,50.4398826979472
72,83,53.0791788856305
72,84,55.2297165200391
72,85,47.8983382209189
72,86,47.8005865102639
72,87,49.5601173020528
72,88,48.6803519061584
72,89,49.5601173020528
72,90,52.297165200391
72,91,47.9960899315738
72,92,55.327468230694
72,93,50.5376344086022
72,94,55.327468230694
72,95,50.3421309872923
72,96,46.8230694037146
72,97,51.5151515151515
72,98,47.9960899315738
72,99,55.7184750733138
72,100,46.13880742913
73,74,50.1466275659824
73,75,54.7409579667644
73,76,49.5601173020528
73,77,51.0263929618768
73,78,49.9511241446725
73,79,47.8005865102639
73,80,54.9364613880743
73,81,48.8758553274682
73,82,55.6207233626588
73,83,48.6803519061584
73,84,50.4398826979472
73,85,50.9286412512219
73,86,52.1994134897361
73,87,57.8690127077224
73,88,50.733137829912
73,89,51.2218963831867
73,90,51.0263929618768
73,91,50.6353861192571
73,92,50.9286412512219
73,93,52.9814271749756
73,94,51.9061583577713
73,95,54.3499511241447
73,96,49.8533724340176
73,97,46.5298142717497
73,98,56.6959921798632
73,99,49.169110459433
73,100,52.297165200391
74,75,49.169110459433
74,76,50.2443792766373
74,77,48.7781036168133
74,78,46.9208211143695
74,79,51.4173998044966
74,80,47.8005865102639
74,81,51.1241446725318
74,82,45.7478005865103
74,83,48.7781036168133
74,84,49.3646138807429
74,85,45.3567937438905
74,86,51.5151515151515
74,87,52.6881720430108
74,88,45.5522971652004
74,89,52.8836754643206
74,90,53.6656891495601
74,91,46.4320625610948
74,92,45.3567937438905
74,93,47.9960899315738
74,94,51.4173998044966
74,95,46.6275659824047
74,96,44.4770283479961
74,97,50.1466275659824
74,98,46.8230694037146
74,99,46.3343108504399
74,100,47.1163245356794
75,76,53.86119257087
75,77,49.6578690127077
75,78,51.1241446725318
75,79,47.2140762463343
75,80,51.8084066471163
75,81,52.5904203323558
75,82,48.7781036168133
75,83,50.2443792766373
75,84,52.3949169110459
75,85,48.7781036168133
75,86,54.3499511241447
75,87,46.3343108504399
75,88,54.6432062561095
75,89,49.0713587487781
75,90,45.3567937438905
75,91,51.4173998044966
75,92,54.4477028347996
75,93,51.0263929618768
75,94,46.8230694037146
75,95,41.0557184750733
75,96,51.6129032258064
75,97,51.4173998044966
75,98,47.5073313782991
75,99,50.9286412512219
75,100,46.8230694037146
76,77,45.0635386119257
76,78,44.574780058651
76,79,54.3499511241447
76,80,44.4770283479961
76,81,51.9061583577713
76,82,47.5073313782991
76,83,49.7556207233627
76,84,51.5151515151515
76,85,47.3118279569892
76,86,52.297165200391
76,87,50.9286412512219
76,88,45.7478005865103
76,89,47.6050830889541
76,90,48.5826001955034
76,91,47.4095796676442
76,92,48.0938416422287
76,93,49.9511241446725
76,94,46.7253176930596
76,95,52.1016617790811
76,96,52.6881720430108
76,97,50.3421309872923
76,98,48.9736070381232
76,99,44.1837732160313
76,100,50.6353861192571
77,78,51.5151515151515
77,79,48.3870967741936
77,80,49.0713587487781
77,81,54.7409579667644
77,82,50.5376344086022
77,83,51.2218963831867
77,84,49.0713587487781
77,85,49.9511241446725
77,86,45.3567937438905
77,87,50.0488758553275
77,88,52.297165200391
77,89,46.3343108504399
77,90,44.3792766373411
77,91,51.8084066471163
77,92,52.1016617790811
77,93,56.5004887585533
77,94,49.9511241446725
77,95,51.0263929618768
77,96,54.3499511241447
77,97,48.4848484848485
77,98,52.1994134897361
77,99,53.86119257087
77,100,52.6881720430108
78,79,54.9364613880743
78,80,50.1466275659824
78,81,48.1915933528837
78,82,52.3949169110459
78,83,46.4320625610948
78,84,46.8230694037146
78,85,47.8983382209189
78,86,52.8836754643206
78,87,51.7106549364614
78,88,51.4173998044966
78,89,50.1466275659824
78,90,50.9286412512219
78,91,47.6050830889541
78,92,50.6353861192571
78,93,44.8680351906158
78,94,46.5298142717497
78,95,54.4477028347996
78,96,51.7106549364614
78,97,51.3196480938416
78,98,54.4477028347996
78,99,48.8758553274682
78,100,48.0938416422287
79,80,54.0566959921799
79,81,49.3646138807429
79,82,54.7409579667644
79,83,55.0342130987292
79,84,51.3196480938416
79,85,52.5904203323558
79,86,50.3421309872923
79,87,52.6881720430108
79,88,49.266862170088
79,89,49.169110459433
79,90,47.2140762463343
79,91,50.5376344086022
79,92,48.6803519061584
79,93,54.2521994134897
79,94,44.9657869012708
79,95,49.169110459433
79,96,48.3870967741936
79,97,46.0410557184751
79,98,50.1466275659824
79,99,48.2893450635386
79,100,49.8533724340176
80,81,45.9433040078201
80,82,53.6656891495601
80,83,49.266862170088
80,84,43.010752688172
80,85,47.2140762463343
80,86,50.2443792766373
80,87,51.6129032258064
80,88,50.1466275659824
80,89,47.8983382209189
80,90,51.2218963831867
80,91,53.1769305962854
80,92,45.6500488758553
80,93,44.1837732160313
80,94,52.6881720430108
80,95,52.7859237536657
80,96,48.4848484848485
80,97,49.8533724340176
80,98,46.3343108504399
80,99,48.9736070381232
80,100,55.0342130987292
81,82,49.9511241446725
81,83,52.3949169110459
81,84,51.2218963831867
81,85,53.2746823069404
81,86,49.8533724340176
81,87,47.1163245356794
81,88,42.9130009775171
81,89,56.6959921798632
81,90,51.6129032258064
81,91,48.2893450635386
81,92,50.9286412512219
81,93,49.266862170088
81,94,48.7781036168133
81,95,48.8758553274682
81,96,52.0039100684262
81,97,54.3499511241447
81,98,47.1163245356794
81,99,51.7106549364614
81,100,49.9511241446725
82,83,51.5151515151515
82,84,52.297165200391
82,85,47.1163245356794
82,86,56.0117302052786
82,87,47.6050830889541
82,88,48.6803519061584
82,89,54.0566959921799
82,90,47.4095796676442
82,91,46.6275659824047
82,92,48.2893450635386
82,93,44.672531769306
82,94,50.4398826979472
82,95,47.9960899315738
82,96,52.6881720430108
82,97,48.5826001955034
82,98,39.7849462365591
82,99,49.0713587487781
82,100,48.4848484848485
83,84,49.6578690127077
83,85,48.3870967741936
83,86,55.5229716520039
83,87,49.4623655913978
83,88,46.6275659824047
83,89,50.830889540567
83,90,51.6129032258064
83,91,47.1163245356794
83,92,51.1241446725318
83,93,48.4848484848485
83,94,51.3196480938416
83,95,51.6129032258064
83,96,50.0488758553275
83,97,49.8533724340176
83,98,52.1994134897361
83,99,48.9736070381232
83,100,52.6881720430108
84,85,51.9061583577713
84,86,54.9364613880743
84,87,54.9364613880743
84,88,51.5151515151515
84,89,49.0713587487781
84,90,46.5298142717497
84,91,49.6578690127077
84,92,46.8230694037146
84,93,52.5904203323558
84,94,53.2746823069404
84,95,49.0713587487781
84,96,48.4848484848485
84,97,48.8758553274682
84,98,50.4398826979472
84,99,49.9511241446725
84,100,53.4701857282502
85,86,54.4477028347996
85,87,44.8680351906158
85,88,48.4848484848485
85,89,51.3196480938416
85,90,52.4926686217009
85,91,50.5376344086022
85,92,49.4623655913978
85,93,53.2746823069404
85,94,52.0039100684262
85,95,50.3421309872923
85,96,47.9960899315738
85,97,51.1241446725318
85,98,44.672531769306
85,99,48.2893450635386
85,100,47.8983382209189
86,87,52.1994134897361
86,88,52.4926686217009
86,89,53.763440860215
86,90,42.4242424242424
86,91,52.0039100684262
86,92,48.5826001955034
86,93,53.1769305962854
86,94,49.169110459433
86,95,48.8758553274682
86,96,46.3343108504399
86,97,51.8084066471163
86,98,54.7409579667644
86,99,53.86119257087
86,100,47.9960899315738
87,88,46.6275659824047
87,89,47.1163245356794
87,90,54.1544477028348
87,91,52.1994134897361
87,92,53.86119257087
87,93,49.4623655913978
87,94,50.1466275659824
87,95,49.266862170088
87,96,51.8084066471163
87,97,49.4623655913978
87,98,44.574780058651
87,99,50.733137829912
87,100,52.297165200391
88,89,51.5151515151515
88,90,51.3196480938416
88,91,46.0410557184751
88,92,47.8983382209189
88,93,47.8005865102639
88,94,51.6129032258064
88,95,49.5601173020528
88,96,49.3646138807429
88,97,47.0185728250244
88,98,40.7624633431085
88,99,44.9657869012708
88,100,56.1094819159335
89,90,57.8690127077224
89,91,52.5904203323558
89,92,58.9442815249267
89,93,55.5229716520039
89,94,49.9511241446725
89,95,47.1163245356794
89,96,52.0039100684262
89,97,45.5522971652004
89,98,48.2893450635386
89,99,49.3646138807429
89,100,49.5601173020528
90,91,49.4623655913978
90,92,50.733137829912
90,93,47.3118279569892
90,94,47.4095796676442
90,95,43.7927663734115
90,96,50.830889540567
90,97,47.8983382209189
90,98,51.8084066471163
90,99,54.6432062561095
90,100,50.5376344086022
91,92,52.1016617790811
91,93,48.8758553274682
91,94,49.9511241446725
91,95,51.6129032258064
91,96,52.3949169110459
91,97,52.5904203323558
91,98,51.8084066471163
91,99,52.4926686217009
91,100,52.8836754643206
92,93,45.8455522971652
92,94,48.2893450635386
92,95,51.5151515151515
92,96,44.4770283479961
92,97,50.3421309872923
92,98,47.0185728250244
92,99,44.574780058651
92,100,54.1544477028348
93,94,50.1466275659824
93,95,52.5904203323558
93,96,48.4848484848485
93,97,51.2218963831867
93,98,45.5522971652004
93,99,49.7556207233627
93,100,48.3870967741936
94,95,44.2815249266862
94,96,52.1016617790811
94,97,57.1847507331378
94,98,53.2746823069404
94,99,51.6129032258064
94,100,41.0557184750733
95,96,49.266862170088
95,97,48.8758553274682
95,98,52.9814271749756
95,99,53.0791788856305
95,100,44.0860215053763
96,97,58.8465298142718
96,98,49.6578690127077
96,99,49.5601173020528
96,100,47.4095796676442
97,98,51.4173998044966
97,99,44.2815249266862
97,100,55.0342130987292
98,99,51.9061583577713
98,100,50.733137829912
99,100,48.0938416422287
