LTspice 26.0.2 for Windows
Circuit: C:\Users\JUST\Documents\LTspice\RO_PUF_PVT_100\chip_075_PVT.net
Start Time: Mon Jul 20 07:23:56 2026
Options:plotwinsize=0 numdgt=10 reltol=1e-4 abstol=1e-12 vntol=1e-6 reltol=0.003 vntol=1m abstol=1e-10 gmin=1e-10 threads=1

.step vddval=0.9 temp=-20°
solver = Normal
Maximum thread count: 1
tnom = 27
temp = -20
method = trap
gmin = 1e-10
abstol = 1e-10
reltol = 0.003
volttol = 0.001
Per .tran options, skipping operating point for transient analysis.

.step vddval=1 temp=-20°

.step vddval=1.1 temp=-20°

.step vddval=0.9 temp=25°

.step vddval=1 temp=25°

.step vddval=1.1 temp=25°

.step vddval=0.9 temp=80°

.step vddval=1 temp=80°

.step vddval=1.1 temp=80°
Total elapsed time: 2089.332 seconds.

Files loaded:
C:\Users\JUST\Documents\LTspice\RO_PUF_PVT_100\chip_075_PVT.net
C:\Users\JUST\Documents\LTspice\RO_PUF_PVT_100\45nm_HP.pm
C:\Users\JUST\Documents\LTspice\RO_PUF_PVT_100\chip_075_mismatch.inc


Measurement: t_ro0
  step	t_ro0	FROM	TO
     1	5.88705540763e-09	1.41961838716e-09	7.30667379479e-09
     2	5.03039257082e-09	1.21170487245e-09	6.24209744326e-09
     3	4.47998622501e-09	1.0769412258e-09	5.55692745081e-09
     4	8.10155656647e-09	1.95664399535e-09	1.00582005618e-08
     5	6.8061422593e-09	1.64141682139e-09	8.44755908069e-09
     6	5.97413956036e-09	1.43964655452e-09	7.41378611489e-09
     7	1.15820478874e-08	2.80044290772e-09	1.43824907951e-08
     8	9.65886162625e-09	2.33188123742e-09	1.19907428637e-08
     9	8.42705213353e-09	2.03289566992e-09	1.04599478035e-08

Measurement: t_ro1
  step	t_ro1	FROM	TO
     1	5.92000057113e-09	1.42459170828e-09	7.34459227941e-09
     2	5.05647758956e-09	1.21490705559e-09	6.27138464515e-09
     3	4.4922039409e-09	1.0788945228e-09	5.5710984637e-09
     4	8.19555930447e-09	1.97274113674e-09	1.01683004412e-08
     5	6.8721319865e-09	1.65249837405e-09	8.52463036055e-09
     6	6.02194735153e-09	1.44700473386e-09	7.46895208539e-09
     7	1.17576341031e-08	2.83148135636e-09	1.45891154594e-08
     8	9.78376202346e-09	2.3539046708e-09	1.21376666943e-08
     9	8.52111168128e-09	2.04863890666e-09	1.05697505879e-08

Measurement: t_ro2
  step	t_ro2	FROM	TO
     1	5.97878590709e-09	1.43608845164e-09	7.41487435873e-09
     2	5.08771840434e-09	1.22024049463e-09	6.30795889897e-09
     3	4.51328574588e-09	1.08145065029e-09	5.59473639617e-09
     4	8.29419325954e-09	1.9931389233e-09	1.02873321828e-08
     5	6.93368892565e-09	1.66393934685e-09	8.59762827249e-09
     6	6.06501845912e-09	1.45410981107e-09	7.51912827019e-09
     7	1.19304976784e-08	2.8674278238e-09	1.47979255022e-08
     8	9.89550487766e-09	2.37544638602e-09	1.22709512637e-08
     9	8.59988739309e-09	2.06261685848e-09	1.06625042516e-08

Measurement: t_ro3
  step	t_ro3	FROM	TO
     1	6.20200848125e-09	1.4921052453e-09	7.69411372655e-09
     2	5.24168073787e-09	1.25955036623e-09	6.50123110409e-09
     3	4.6311076754e-09	1.11190513858e-09	5.74301281398e-09
     4	8.67278476206e-09	2.0874039228e-09	1.07601886849e-08
     5	7.19875687431e-09	1.73067618547e-09	8.92943305978e-09
     6	6.26257879695e-09	1.50454988753e-09	7.76712868449e-09
     7	1.25580571783e-08	3.02318276253e-09	1.55812399408e-08
     8	1.03390628692e-08	2.48597557015e-09	1.28250384394e-08
     9	8.93731162525e-09	2.14769852715e-09	1.10850101524e-08

Measurement: t_ro4
  step	t_ro4	FROM	TO
     1	5.8332842884e-09	1.39989552228e-09	7.23317981068e-09
     2	4.98977549149e-09	1.195907592e-09	6.1856830835e-09
     3	4.44572574431e-09	1.06408275517e-09	5.50980849949e-09
     4	8.00045539213e-09	1.92198105996e-09	9.92243645209e-09
     5	6.73249682377e-09	1.61475567155e-09	8.34725249532e-09
     6	5.91981822259e-09	1.41768235048e-09	7.33750057307e-09
     7	1.14167167176e-08	2.74207492173e-09	1.41587916393e-08
     8	9.53671976966e-09	2.28836372562e-09	1.18250834953e-08
     9	8.33071971884e-09	1.99699100314e-09	1.0327710722e-08

Measurement: t_ro5
  step	t_ro5	FROM	TO
     1	5.99048073114e-09	1.43940405755e-09	7.42988478869e-09
     2	5.0869555791e-09	1.21980620631e-09	6.30676178541e-09
     3	4.51059759802e-09	1.07984493013e-09	5.59044252815e-09
     4	8.32015984891e-09	2.0006019979e-09	1.03207618468e-08
     5	6.9366075338e-09	1.66479209524e-09	8.60139962904e-09
     6	6.06483032351e-09	1.45365967693e-09	7.51849000044e-09
     7	1.19557616772e-08	2.87515652041e-09	1.48309181976e-08
     8	9.88921010431e-09	2.37459624077e-09	1.22638063451e-08
     9	8.58840425539e-09	2.05976494813e-09	1.06481692035e-08

Measurement: t_ro6
  step	t_ro6	FROM	TO
     1	5.73082210626e-09	1.38653913501e-09	7.11736124127e-09
     2	4.9272284575e-09	1.18928986565e-09	6.11651832315e-09
     3	4.39995678568e-09	1.06001099115e-09	5.45996777683e-09
     4	7.82691054616e-09	1.89554866001e-09	9.72245920618e-09
     5	6.62229677822e-09	1.60011525187e-09	8.22241203009e-09
     6	5.83976659514e-09	1.40919188274e-09	7.24895847788e-09
     7	1.11279300601e-08	2.69640880647e-09	1.38243388666e-08
     8	9.34878148699e-09	2.26044378375e-09	1.16092252707e-08
     9	8.19599055507e-09	1.97930891849e-09	1.01752994736e-08

Measurement: t_ro7
  step	t_ro7	FROM	TO
     1	6.36679428591e-09	1.53522442035e-09	7.90201870626e-09
     2	5.33095870948e-09	1.28476007228e-09	6.61571878176e-09
     3	4.67584016681e-09	1.12677548746e-09	5.80261565428e-09
     4	9.00485985277e-09	2.17547854992e-09	1.11803384027e-08
     5	7.38123253189e-09	1.78141995149e-09	9.16265248337e-09
     6	6.37886193678e-09	1.53894485527e-09	7.91780679204e-09
     7	1.31257795262e-08	3.17544637049e-09	1.63012258967e-08
     8	1.06632467091e-08	2.57628799253e-09	1.32395347016e-08
     9	9.14788261344e-09	2.20867644716e-09	1.13565590606e-08

Measurement: t_ro8
  step	t_ro8	FROM	TO
     1	5.72532545864e-09	1.37131044992e-09	7.09663590857e-09
     2	4.93181909604e-09	1.1784297677e-09	6.11024886374e-09
     3	4.40005705785e-09	1.05125442835e-09	5.4513114862e-09
     4	7.80473994885e-09	1.8699403088e-09	9.67468025764e-09
     5	6.61085512133e-09	1.5805585404e-09	8.19141366173e-09
     6	5.83376728124e-09	1.3932588269e-09	7.22702610814e-09
     7	1.10848327448e-08	2.65544358906e-09	1.37402763338e-08
     8	9.32425723236e-09	2.22923115904e-09	1.15534883914e-08
     9	8.18094185851e-09	1.95357380838e-09	1.01345156669e-08

Measurement: t_ro9
  step	t_ro9	FROM	TO
     1	6.19912884771e-09	1.48815558234e-09	7.68728443004e-09
     2	5.24170772201e-09	1.25664393953e-09	6.49835166154e-09
     3	4.63999449826e-09	1.11161120131e-09	5.75160569957e-09
     4	8.63470115896e-09	2.07346816283e-09	1.07081693218e-08
     5	7.16934057046e-09	1.71949847599e-09	8.88883904644e-09
     6	6.24006251816e-09	1.49550486926e-09	7.73556738742e-09
     7	1.24687026975e-08	2.9940867612e-09	1.54627894587e-08
     8	1.02740323133e-08	2.46444321399e-09	1.27384755273e-08
     9	8.88799129994e-09	2.13007038432e-09	1.10180616843e-08

Measurement: t_ro10
  step	t_ro10	FROM	TO
     1	6.09549159212e-09	1.46693138878e-09	7.5624229809e-09
     2	5.1711270197e-09	1.24263021453e-09	6.41375723423e-09
     3	4.57624534356e-09	1.09779971039e-09	5.67404505395e-09
     4	8.46684119694e-09	2.03906418336e-09	1.05059053803e-08
     5	7.053948483e-09	1.69679802767e-09	8.75074651067e-09
     6	6.15566844594e-09	1.47870000557e-09	7.63436845151e-09
     7	1.2199907974e-08	2.93920541391e-09	1.51391133879e-08
     8	1.00862971109e-08	2.42739901263e-09	1.25136961236e-08
     9	8.74569882619e-09	2.10241790833e-09	1.08481167345e-08

Measurement: t_ro11
  step	t_ro11	FROM	TO
     1	6.14831678548e-09	1.4737956403e-09	7.62211242578e-09
     2	5.20945587406e-09	1.24668795002e-09	6.45614382407e-09
     3	4.6108655549e-09	1.10275598222e-09	5.71362153712e-09
     4	8.56903189109e-09	2.05423002271e-09	1.06232619138e-08
     5	7.13394760858e-09	1.7074245108e-09	8.84137211939e-09
     6	6.2190961379e-09	1.48716837221e-09	7.70626451011e-09
     7	1.23746935397e-08	2.96546276594e-09	1.53401563057e-08
     8	1.02236589537e-08	2.44635076617e-09	1.26700097199e-08
     9	8.85602004829e-09	2.11739167187e-09	1.09734117202e-08

Measurement: t_ro12
  step	t_ro12	FROM	TO
     1	6.38154471192e-09	1.53577881582e-09	7.91732352774e-09
     2	5.36263632583e-09	1.28728790617e-09	6.649924232e-09
     3	4.71540131751e-09	1.12999306394e-09	5.84539438145e-09
     4	8.96369236959e-09	2.15921989279e-09	1.11229122624e-08
     5	7.39380704778e-09	1.77643988492e-09	9.1702469327e-09
     6	6.40579668141e-09	1.53648371935e-09	7.94228040076e-09
     7	1.3027813704e-08	3.13873154093e-09	1.61665452449e-08
     8	1.06610627293e-08	2.56243600383e-09	1.32234987331e-08
     9	9.17559082077e-09	2.20171024269e-09	1.13773010635e-08

Measurement: t_ro13
  step	t_ro13	FROM	TO
     1	6.07165594429e-09	1.45783121371e-09	7.529487158e-09
     2	5.14236983263e-09	1.23300629379e-09	6.37537612642e-09
     3	4.5600162058e-09	1.09272333916e-09	5.65273954496e-09
     4	8.44818091151e-09	2.02905845891e-09	1.04772393704e-08
     5	7.03535032194e-09	1.68825352974e-09	8.72360385167e-09
     6	6.13811544196e-09	1.47156816287e-09	7.60968360483e-09
     7	1.21959841185e-08	2.92950489621e-09	1.51254890147e-08
     8	1.00764163976e-08	2.41825605288e-09	1.24946724504e-08
     9	8.73421177002e-09	2.09436488178e-09	1.08285766518e-08

Measurement: t_ro14
  step	t_ro14	FROM	TO
     1	5.76862948079e-09	1.38845947894e-09	7.15708895973e-09
     2	4.95999995869e-09	1.19091802564e-09	6.15091798433e-09
     3	4.42909017198e-09	1.06239006228e-09	5.49148023427e-09
     4	7.89087240668e-09	1.90081316743e-09	9.79168557411e-09
     5	6.67120996951e-09	1.60383589314e-09	8.27504586265e-09
     6	5.8792663324e-09	1.41160656352e-09	7.29087289592e-09
     7	1.12181208753e-08	2.70330028303e-09	1.39214211583e-08
     8	9.41847011585e-09	2.26551904929e-09	1.16839891651e-08
     9	8.25287179952e-09	1.98271378426e-09	1.02355855838e-08

Measurement: t_ro15
  step	t_ro15	FROM	TO
     1	5.6676851426e-09	1.36079301537e-09	7.02847815797e-09
     2	4.88821808256e-09	1.17231233521e-09	6.06053041776e-09
     3	4.37214590893e-09	1.04785406537e-09	5.4199999743e-09
     4	7.71044226519e-09	1.85194031129e-09	9.56238257648e-09
     5	6.54725267816e-09	1.57079102143e-09	8.11804369959e-09
     6	5.7868289438e-09	1.38753907844e-09	7.17436802223e-09
     7	1.09289443016e-08	2.62530643994e-09	1.35542507415e-08
     8	9.21648687283e-09	2.21176148672e-09	1.14282483596e-08
     9	8.10124671524e-09	1.94280219255e-09	1.00440489078e-08

Measurement: t_ro16
  step	t_ro16	FROM	TO
     1	5.96332081664e-09	1.42418389266e-09	7.3875047093e-09
     2	5.08939278501e-09	1.21401161876e-09	6.30340440377e-09
     3	4.51411062817e-09	1.07667022932e-09	5.59078085749e-09
     4	8.21933373244e-09	1.96191321784e-09	1.01812469503e-08
     5	6.88734843529e-09	1.64263026949e-09	8.52997870478e-09
     6	6.03391644915e-09	1.4385994516e-09	7.47251590075e-09
     7	1.17735379964e-08	2.80831583027e-09	1.45818538267e-08
     8	9.79202733121e-09	2.33416927894e-09	1.21261966101e-08
     9	8.52621338121e-09	2.03180957813e-09	1.05580229593e-08

Measurement: t_ro17
  step	t_ro17	FROM	TO
     1	6.08000361406e-09	1.45797313116e-09	7.53797674521e-09
     2	5.14753795332e-09	1.23377232688e-09	6.38131028021e-09
     3	4.564961746e-09	1.09272846386e-09	5.65769020986e-09
     4	8.42388026823e-09	2.02146608029e-09	1.04453463485e-08
     5	7.029770475e-09	1.68479501716e-09	8.71456549216e-09
     6	6.13995535582e-09	1.47010011154e-09	7.61005546736e-09
     7	1.21276192873e-08	2.9102345149e-09	1.50378538022e-08
     8	1.00444614602e-08	2.40736794571e-09	1.24518294059e-08
     9	8.71881478061e-09	2.08765907362e-09	1.08064738542e-08

Measurement: t_ro18
  step	t_ro18	FROM	TO
     1	5.72299814342e-09	1.3674245631e-09	7.09042270652e-09
     2	4.92437028643e-09	1.17558012974e-09	6.09995041617e-09
     3	4.39850266472e-09	1.04957693515e-09	5.44807959987e-09
     4	7.80807005969e-09	1.86501964245e-09	9.67308970213e-09
     5	6.61224202166e-09	1.5777823593e-09	8.19002438096e-09
     6	5.83425603972e-09	1.39148103929e-09	7.22573707901e-09
     7	1.10987624939e-08	2.64955544827e-09	1.37483179421e-08
     8	9.33348757931e-09	2.22603933928e-09	1.15595269186e-08
     9	8.18797041527e-09	1.95193999336e-09	1.01399104086e-08

Measurement: t_ro19
  step	t_ro19	FROM	TO
     1	6.14702749952e-09	1.48628919116e-09	7.63331669068e-09
     2	5.19843800608e-09	1.25351853268e-09	6.45195653876e-09
     3	4.5974680011e-09	1.10681734372e-09	5.70428534481e-09
     4	8.57911907173e-09	2.080706699e-09	1.06598257707e-08
     5	7.12534037933e-09	1.7227273068e-09	8.84806768613e-09
     6	6.20708486393e-09	1.49794608987e-09	7.70503095381e-09
     7	1.23934083398e-08	3.00993990911e-09	1.54033482489e-08
     8	1.02105756942e-08	2.4721507771e-09	1.26827264713e-08
     9	8.83609449348e-09	2.13557918788e-09	1.09716736814e-08

Measurement: t_ro20
  step	t_ro20	FROM	TO
     1	6.43932566894e-09	1.55081396598e-09	7.99013963492e-09
     2	5.40011263808e-09	1.29846534485e-09	6.69857798293e-09
     3	4.74412719886e-09	1.13931058347e-09	5.88343778232e-09
     4	9.07035334878e-09	2.18650159759e-09	1.12568549464e-08
     5	7.45934981179e-09	1.79527467675e-09	9.25462448853e-09
     6	6.45115800859e-09	1.55100406751e-09	8.0021620761e-09
     7	1.31991120407e-08	3.1833707325e-09	1.63824827732e-08
     8	1.07670392434e-08	2.59278041218e-09	1.33598196555e-08
     9	9.24975587392e-09	2.22543469121e-09	1.14751905651e-08

Measurement: t_ro21
  step	t_ro21	FROM	TO
     1	6.01234528632e-09	1.44198297289e-09	7.45432825922e-09
     2	5.11999673006e-09	1.2245817737e-09	6.34457850376e-09
     3	4.5415658848e-09	1.08561567079e-09	5.62718155559e-09
     4	8.31477573725e-09	1.99451859509e-09	1.03092943323e-08
     5	6.95955137362e-09	1.66571437777e-09	8.62526575138e-09
     6	6.09141481074e-09	1.45623064466e-09	7.5476454554e-09
     7	1.19352082017e-08	2.8622452339e-09	1.47974534356e-08
     8	9.91595759024e-09	2.37301881171e-09	1.22889764019e-08
     9	8.62587784718e-09	2.06188621384e-09	1.0687764061e-08

Measurement: t_ro22
  step	t_ro22	FROM	TO
     1	6.03303963114e-09	1.4500824115e-09	7.48312204264e-09
     2	5.11957845808e-09	1.22921991129e-09	6.34879836937e-09
     3	4.53869823201e-09	1.0890271097e-09	5.62772534171e-09
     4	8.39540785078e-09	2.018968125e-09	1.04143759758e-08
     5	7.0022801291e-09	1.68240251882e-09	8.68468264792e-09
     6	6.11672056727e-09	1.46859900675e-09	7.58531957402e-09
     7	1.21061026419e-08	2.9120482524e-09	1.50181508943e-08
     8	1.00169746984e-08	2.40763489818e-09	1.24246095965e-08
     9	8.69322136102e-09	2.08798575099e-09	1.0781207112e-08

Measurement: t_ro23
  step	t_ro23	FROM	TO
     1	5.80179791327e-09	1.39387746545e-09	7.19567537872e-09
     2	4.96054619447e-09	1.19066116778e-09	6.15120736225e-09
     3	4.42133935941e-09	1.05910593476e-09	5.48044529417e-09
     4	7.98561228185e-09	1.91952007386e-09	9.90513235571e-09
     5	6.71294528987e-09	1.61125347053e-09	8.3241987604e-09
     6	5.90080659554e-09	1.41447837217e-09	7.31528496772e-09
     7	1.13953300615e-08	2.74031900495e-09	1.41356490664e-08
     8	9.50716326778e-09	2.28300513433e-09	1.17901684021e-08
     9	8.30407496759e-09	1.99179096549e-09	1.02958659331e-08

Measurement: t_ro24
  step	t_ro24	FROM	TO
     1	6.22405198327e-09	1.49119237528e-09	7.71524435855e-09
     2	5.25992680212e-09	1.25657837019e-09	6.51650517231e-09
     3	4.64000002382e-09	1.10737795108e-09	5.7473779749e-09
     4	8.69210285401e-09	2.08283718782e-09	1.07749400418e-08
     5	7.20780134111e-09	1.72285811575e-09	8.93065945687e-09
     6	6.27041685183e-09	1.49655752262e-09	7.76697437446e-09
     7	1.25735761926e-08	3.01202092809e-09	1.55855971207e-08
     8	1.03448590872e-08	2.47237227607e-09	1.28172313632e-08
     9	8.93937439405e-09	2.13345258139e-09	1.10728269754e-08

Measurement: t_ro25
  step	t_ro25	FROM	TO
     1	5.79345036622e-09	1.38583205908e-09	7.17928242531e-09
     2	4.96000204862e-09	1.18634535284e-09	6.14634740145e-09
     3	4.43409380727e-09	1.05886953234e-09	5.49296333961e-09
     4	7.92650876163e-09	1.89580060373e-09	9.82230936536e-09
     5	6.69610976247e-09	1.59967436871e-09	8.29578413118e-09
     6	5.89665431692e-09	1.40789021749e-09	7.30454453441e-09
     7	1.12908625996e-08	2.69960831895e-09	1.39904709186e-08
     8	9.47209682738e-09	2.26225478824e-09	1.17343516156e-08
     9	8.29316532436e-09	1.97956073466e-09	1.0272726059e-08

Measurement: t_ro26
  step	t_ro26	FROM	TO
     1	5.94777431257e-09	1.41953757256e-09	7.36731188513e-09
     2	5.07206410476e-09	1.20989560658e-09	6.28195971134e-09
     3	4.50288466917e-09	1.07397833867e-09	5.57686300784e-09
     4	8.20851951814e-09	1.95840395439e-09	1.01669234725e-08
     5	6.87782012837e-09	1.63993814496e-09	8.51775827333e-09
     6	6.0248470565e-09	1.43632605491e-09	7.46117311142e-09
     7	1.17600495417e-08	2.80435759739e-09	1.45644071391e-08
     8	9.77821866128e-09	2.33088407031e-09	1.21091027316e-08
     9	8.51422554036e-09	2.02907079486e-09	1.05432963352e-08

Measurement: t_ro27
  step	t_ro27	FROM	TO
     1	6.08000220773e-09	1.45923468525e-09	7.53923689299e-09
     2	5.16131317258e-09	1.238133595e-09	6.39944676758e-09
     3	4.57506534674e-09	1.09651064468e-09	5.67157599142e-09
     4	8.43205133162e-09	2.02564763804e-09	1.04576989697e-08
     5	7.04004165759e-09	1.68962891165e-09	8.72967056924e-09
     6	6.15014572548e-09	1.47462213128e-09	7.62476785676e-09
     7	1.21406209674e-08	2.91676166668e-09	1.50573826341e-08
     8	1.00624325426e-08	2.41515955884e-09	1.24775921014e-08
     9	8.73606884447e-09	2.09532268599e-09	1.08313915305e-08

Measurement: t_ro28
  step	t_ro28	FROM	TO
     1	6.31211033357e-09	1.5245040056e-09	7.83661433917e-09
     2	5.30561022698e-09	1.27772638296e-09	6.58333660994e-09
     3	4.67737995742e-09	1.12515236504e-09	5.80253232246e-09
     4	8.84843600986e-09	2.14075318449e-09	1.09891891944e-08
     5	7.30842648975e-09	1.76278274684e-09	9.07120923659e-09
     6	6.34126568696e-09	1.52726640589e-09	7.86853209285e-09
     7	1.28290837936e-08	3.10595524219e-09	1.59350390358e-08
     8	1.05099822628e-08	2.5372156175e-09	1.30471978803e-08
     9	9.05796186774e-09	2.18358858777e-09	1.12415504555e-08

Measurement: t_ro29
  step	t_ro29	FROM	TO
     1	6.11092947737e-09	1.46877781187e-09	7.57970728925e-09
     2	5.17445367505e-09	1.24184026509e-09	6.41629394014e-09
     3	4.57604803263e-09	1.09771546258e-09	5.67376349521e-09
     4	8.52298250702e-09	2.04972184495e-09	1.0572704352e-08
     5	7.07866954497e-09	1.69960299128e-09	8.77827253624e-09
     6	6.168010699e-09	1.48019852723e-09	7.64820922623e-09
     7	1.23044230995e-08	2.95983960407e-09	1.52642627035e-08
     8	1.01357753405e-08	2.4344599896e-09	1.25702353301e-08
     9	8.77246463257e-09	2.10601947257e-09	1.08784841051e-08

Measurement: t_ro30
  step	t_ro30	FROM	TO
     1	6.38734100382e-09	1.53845788608e-09	7.9257988899e-09
     2	5.35228657074e-09	1.28760571038e-09	6.63989228112e-09
     3	4.70442508671e-09	1.13137859898e-09	5.83580368568e-09
     4	8.97984616324e-09	2.16507486289e-09	1.11449210261e-08
     5	7.38926013624e-09	1.77968300138e-09	9.16894313762e-09
     6	6.39796981802e-09	1.54036376721e-09	7.93833358523e-09
     7	1.3063177498e-08	3.15155303345e-09	1.62147305315e-08
     8	1.06598348251e-08	2.56915813929e-09	1.32289929644e-08
     9	9.16434627495e-09	2.20762411293e-09	1.13719703879e-08

Measurement: t_ro31
  step	t_ro31	FROM	TO
     1	6.5318745738e-09	1.56762219374e-09	8.09949676755e-09
     2	5.43999508781e-09	1.3037560522e-09	6.74375114e-09
     3	4.78436396168e-09	1.14593649671e-09	5.93030045839e-09
     4	9.24324883253e-09	2.21889757575e-09	1.14621464083e-08
     5	7.56681914736e-09	1.81402845567e-09	9.38084760303e-09
     6	6.52595470097e-09	1.56275187562e-09	8.0887065766e-09
     7	1.35018642007e-08	3.24088651642e-09	1.67427507171e-08
     8	1.09627694974e-08	2.62817660734e-09	1.35909461048e-08
     9	9.39017386021e-09	2.24872924766e-09	1.16389031079e-08

Measurement: t_ro32
  step	t_ro32	FROM	TO
     1	5.63611675233e-09	1.35442310286e-09	6.99053985519e-09
     2	4.85437586415e-09	1.16689640455e-09	6.0212722687e-09
     3	4.34149145325e-09	1.04341788906e-09	5.38490934231e-09
     4	7.6744296011e-09	1.84592799143e-09	9.52035759253e-09
     5	6.5025374052e-09	1.56420687067e-09	8.06674427587e-09
     6	5.74282423194e-09	1.38145396538e-09	7.12427819732e-09
     7	1.08855533466e-08	2.61966418729e-09	1.35052175339e-08
     8	9.15751279808e-09	2.2043728377e-09	1.13618856358e-08
     9	8.04028662839e-09	1.93559962385e-09	9.97588625225e-09

Measurement: t_ro33
  step	t_ro33	FROM	TO
     1	5.71831317586e-09	1.37254540231e-09	7.09085857818e-09
     2	4.90704188759e-09	1.17586113716e-09	6.08290302475e-09
     3	4.38371091866e-09	1.049381976e-09	5.43309289466e-09
     4	7.82601976204e-09	1.87901528359e-09	9.70503504563e-09
     5	6.60770307781e-09	1.58442773004e-09	8.19213080785e-09
     6	5.82355758996e-09	1.3947564669e-09	7.21831405686e-09
     7	1.11428553045e-08	2.67567821349e-09	1.3818533518e-08
     8	9.33917364575e-09	2.2400085737e-09	1.15791822194e-08
     9	8.18181250612e-09	1.96020102861e-09	1.01420135347e-08

Measurement: t_ro34
  step	t_ro34	FROM	TO
     1	6.34985451272e-09	1.53297168729e-09	7.8828262e-09
     2	5.33192870187e-09	1.28483745411e-09	6.61676615599e-09
     3	4.69091338949e-09	1.12884178397e-09	5.81975517346e-09
     4	8.94093804229e-09	2.16039959923e-09	1.11013376415e-08
     5	7.36000124106e-09	1.77536121647e-09	9.13536245753e-09
     6	6.37766148896e-09	1.5364254884e-09	7.91408697737e-09
     7	1.29958072398e-08	3.14118179253e-09	1.61369890323e-08
     8	1.0612487907e-08	2.56110708219e-09	1.31735949892e-08
     9	9.13031423185e-09	2.20097996809e-09	1.13312941999e-08

Measurement: t_ro35
  step	t_ro35	FROM	TO
     1	6.0800026462e-09	1.46990507806e-09	7.54990772427e-09
     2	5.15643384388e-09	1.23842866885e-09	6.39486251274e-09
     3	4.56704505335e-09	1.09400730015e-09	5.6610523535e-09
     4	8.41556290549e-09	2.04548539862e-09	1.04610483041e-08
     5	7.01751636607e-09	1.69202211915e-09	8.70953848522e-09
     6	6.12754788508e-09	1.47203444158e-09	7.59958232666e-09
     7	1.21016799738e-08	2.94576816045e-09	1.50474481343e-08
     8	1.00115696767e-08	2.42028567623e-09	1.2431855353e-08
     9	8.68607803246e-09	2.09212742674e-09	1.07782054592e-08

Measurement: t_ro36
  step	t_ro36	FROM	TO
     1	5.79197912006e-09	1.3915872576e-09	7.18356637766e-09
     2	4.96000050761e-09	1.19030380492e-09	6.15030431253e-09
     3	4.43130521702e-09	1.061568687e-09	5.49287390402e-09
     4	7.94295471866e-09	1.90987963858e-09	9.85283435724e-09
     5	6.70425697621e-09	1.60874644567e-09	8.31300342188e-09
     6	5.90221433274e-09	1.41475531526e-09	7.31696964801e-09
     7	1.132271766e-08	2.72324569925e-09	1.40459633592e-08
     8	9.48779605689e-09	2.27768227659e-09	1.17654783335e-08
     9	8.30297948504e-09	1.99118380097e-09	1.0294163286e-08

Measurement: t_ro37
  step	t_ro37	FROM	TO
     1	6.31052511343e-09	1.52288769158e-09	7.83341280501e-09
     2	5.31603195975e-09	1.27959382885e-09	6.5956257886e-09
     3	4.68229249769e-09	1.12521674145e-09	5.80750923915e-09
     4	8.86307758174e-09	2.14161717901e-09	1.10046947607e-08
     5	7.32734348296e-09	1.76638261481e-09	9.09372609776e-09
     6	6.35839224071e-09	1.53039684101e-09	7.88878908171e-09
     7	1.28741535849e-08	3.11221417186e-09	1.59863677568e-08
     8	1.05577482126e-08	2.54679741703e-09	1.31045456296e-08
     9	9.10077489487e-09	2.19242172772e-09	1.12931966226e-08

Measurement: t_ro38
  step	t_ro38	FROM	TO
     1	5.87519012429e-09	1.4100125161e-09	7.28520264038e-09
     2	5.01970702921e-09	1.20305119515e-09	6.22275822436e-09
     3	4.46815346747e-09	1.06999408838e-09	5.53814755585e-09
     4	8.08829694056e-09	1.94131960164e-09	1.00296165422e-08
     5	6.79834352791e-09	1.62979266577e-09	8.42813619368e-09
     6	5.96815253022e-09	1.42942697854e-09	7.39757950875e-09
     7	1.15695214155e-08	2.77678200181e-09	1.43463034173e-08
     8	9.65303970891e-09	2.31435846216e-09	1.19673981711e-08
     9	8.42266181047e-09	2.01760533144e-09	1.04402671419e-08

Measurement: t_ro39
  step	t_ro39	FROM	TO
     1	5.60001020722e-09	1.34074788282e-09	6.94075809003e-09
     2	4.84042599377e-09	1.15631068924e-09	5.99673668301e-09
     3	4.33710654151e-09	1.03547946612e-09	5.37258600764e-09
     4	7.58315990951e-09	1.81482295855e-09	9.39798286806e-09
     5	6.45782856227e-09	1.54295597634e-09	8.00078453861e-09
     6	5.72020830569e-09	1.36568497539e-09	7.08589328108e-09
     7	1.07124123256e-08	2.56327393149e-09	1.32756862571e-08
     8	9.06149090748e-09	2.16482563187e-09	1.12263165393e-08
     9	7.98237283219e-09	1.90542898191e-09	9.88780181409e-09

Measurement: t_ro40
  step	t_ro40	FROM	TO
     1	5.38075144267e-09	1.290656599e-09	6.67140804167e-09
     2	4.68575479997e-09	1.12207083054e-09	5.80782563051e-09
     3	4.22328657638e-09	1.01052386387e-09	5.23381044026e-09
     4	7.22477040968e-09	1.73418405326e-09	8.95895446295e-09
     5	6.20344382003e-09	1.4869096341e-09	7.69035345413e-09
     6	5.52822915914e-09	1.32380222088e-09	6.85203138002e-09
     7	1.01234514e-08	2.43083453488e-09	1.25542859348e-08
     8	8.63683894803e-09	2.071173968e-09	1.0708012916e-08
     9	7.65690593408e-09	1.83468545112e-09	9.4915913852e-09

Measurement: t_ro41
  step	t_ro41	FROM	TO
     1	5.86873690833e-09	1.37193162518e-09	7.24066853351e-09
     2	5.01167200789e-09	1.20167130857e-09	6.21334331646e-09
     3	4.46314836492e-09	1.06911480524e-09	5.53226317016e-09
     4	8.07295603726e-09	1.88914695477e-09	9.96210299203e-09
     5	6.7782255414e-09	1.55560772993e-09	8.33383327134e-09
     6	5.95051631824e-09	1.42918150485e-09	7.37969782308e-09
     7	1.15344451796e-08	2.69973564139e-09	1.4234180821e-08
     8	9.60835350055e-09	2.23842682834e-09	1.18467803289e-08
     9	8.38209770833e-09	2.02034695777e-09	1.04024446661e-08

Measurement: t_ro42
  step	t_ro42	FROM	TO
     1	5.82827452936e-09	1.40757444234e-09	7.2358489717e-09
     2	4.9833139736e-09	1.20256197836e-09	6.18587595195e-09
     3	4.43568168596e-09	1.06987552338e-09	5.50555720934e-09
     4	8.02598248677e-09	1.94009307078e-09	9.96607555755e-09
     5	6.7383577676e-09	1.62735089904e-09	8.36570866664e-09
     6	5.91960054801e-09	1.42841121368e-09	7.34801176169e-09
     7	1.14693540483e-08	2.77376550838e-09	1.42431195567e-08
     8	9.5532769035e-09	2.308223168e-09	1.18615000715e-08
     9	8.33598493861e-09	2.01308191645e-09	1.03490668551e-08

Measurement: t_ro43
  step	t_ro43	FROM	TO
     1	5.74935653191e-09	1.37298572269e-09	7.1223422546e-09
     2	4.92658627003e-09	1.17650979009e-09	6.10309606012e-09
     3	4.39296779798e-09	1.04922241485e-09	5.44219021283e-09
     4	7.8638530104e-09	1.87754303517e-09	9.74139604556e-09
     5	6.62268944976e-09	1.58084277002e-09	8.20353221979e-09
     6	5.8317992856e-09	1.39195526502e-09	7.22375455063e-09
     7	1.11776176451e-08	2.66700410506e-09	1.38446217502e-08
     8	9.34441392829e-09	2.22906524172e-09	1.157347917e-08
     9	8.17944447833e-09	1.95102929083e-09	1.01304737692e-08

Measurement: t_ro44
  step	t_ro44	FROM	TO
     1	6.00635645284e-09	1.44826285829e-09	7.45461931112e-09
     2	5.10416896461e-09	1.22928430964e-09	6.33345327425e-09
     3	4.52256590606e-09	1.08815934741e-09	5.61072525347e-09
     4	8.33407810849e-09	2.01223594118e-09	1.03463140497e-08
     5	6.95274426385e-09	1.67654471567e-09	8.62928897952e-09
     6	6.07601310595e-09	1.46390590171e-09	7.53991900767e-09
     7	1.19844090542e-08	2.89535599305e-09	1.48797650472e-08
     8	9.91960805832e-09	2.39355772368e-09	1.2313165782e-08
     9	8.61191023868e-09	2.07649297904e-09	1.06884032177e-08

Measurement: t_ro45
  step	t_ro45	FROM	TO
     1	6.03402361952e-09	1.44824271366e-09	7.48226633317e-09
     2	5.12000675592e-09	1.2270568349e-09	6.34706359082e-09
     3	4.54276868452e-09	1.08840971888e-09	5.6311784034e-09
     4	8.36524528816e-09	2.00772361938e-09	1.03729689075e-08
     5	6.9812100913e-09	1.67423607614e-09	8.65544616744e-09
     6	6.10105320069e-09	1.46225447627e-09	7.56330767696e-09
     7	1.20261185916e-08	2.88630131285e-09	1.49124199044e-08
     8	9.95913309999e-09	2.38851540653e-09	1.23476485065e-08
     9	8.64845726028e-09	2.07295635548e-09	1.07214136158e-08

Measurement: t_ro46
  step	t_ro46	FROM	TO
     1	5.73085326533e-09	1.37595413483e-09	7.10680740016e-09
     2	4.91199967828e-09	1.17798582873e-09	6.089985507e-09
     3	4.38363530715e-09	1.0502383515e-09	5.43387365865e-09
     4	7.83786354217e-09	1.88311060818e-09	9.72097415035e-09
     5	6.6113139511e-09	1.5863064103e-09	8.1976203614e-09
     6	5.82508480116e-09	1.39642268429e-09	7.22150748545e-09
     7	1.11545779234e-08	2.68079649364e-09	1.3835374417e-08
     8	9.33823022801e-09	2.24160360936e-09	1.15798338374e-08
     9	8.17768885823e-09	1.96149995232e-09	1.01391888106e-08

Measurement: t_ro47
  step	t_ro47	FROM	TO
     1	5.7164921107e-09	1.37947267577e-09	7.09596478646e-09
     2	4.91782997083e-09	1.18553571913e-09	6.10336568996e-09
     3	4.39112980986e-09	1.05796721878e-09	5.44909702864e-09
     4	7.78231013838e-09	1.87965279202e-09	9.6619629304e-09
     5	6.58471557014e-09	1.58850223724e-09	8.17321780738e-09
     6	5.80899752786e-09	1.40045529168e-09	7.20945281954e-09
     7	1.10414007472e-08	2.66804483382e-09	1.3709445581e-08
     8	9.27561531926e-09	2.23867718056e-09	1.15142924998e-08
     9	8.13481200811e-09	1.96206331548e-09	1.00968753236e-08

Measurement: t_ro48
  step	t_ro48	FROM	TO
     1	5.85528534474e-09	1.40386880688e-09	7.25915415162e-09
     2	5.00732440582e-09	1.19910263898e-09	6.2064270448e-09
     3	4.45940573785e-09	1.06706345854e-09	5.52646919639e-09
     4	8.03705796383e-09	1.92720470047e-09	9.9642626643e-09
     5	6.76604490727e-09	1.62046277157e-09	8.38650767884e-09
     6	5.94492727712e-09	1.4226740235e-09	7.36760130062e-09
     7	1.14797583052e-08	2.75241691013e-09	1.42321752153e-08
     8	9.59517817648e-09	2.29810783993e-09	1.18932860164e-08
     9	8.38087771437e-09	2.0056981629e-09	1.03865758773e-08

Measurement: t_ro49
  step	t_ro49	FROM	TO
     1	5.65029657192e-09	1.35756385899e-09	7.00786043091e-09
     2	4.86880614592e-09	1.16845122316e-09	6.03725736909e-09
     3	4.35647627973e-09	1.04461823356e-09	5.40109451329e-09
     4	7.70419725121e-09	1.85214712557e-09	9.55634437678e-09
     5	6.5326298048e-09	1.56851191534e-09	8.10114172013e-09
     6	5.77102738235e-09	1.38446220486e-09	7.15548958721e-09
     7	1.09305566037e-08	2.62880756844e-09	1.35593641721e-08
     8	9.20353586906e-09	2.21087965209e-09	1.14144155211e-08
     9	8.08415925498e-09	1.94040227526e-09	1.00245615302e-08

Measurement: t_ro50
  step	t_ro50	FROM	TO
     1	6.34610705076e-09	1.52341949349e-09	7.86952654425e-09
     2	5.32225382656e-09	1.27540465733e-09	6.59765848389e-09
     3	4.67800695538e-09	1.11993861521e-09	5.79794557059e-09
     4	8.97633451468e-09	2.15504859092e-09	1.11313831056e-08
     5	7.37015361464e-09	1.76667708796e-09	9.13683070261e-09
     6	6.37574672587e-09	1.52676009434e-09	7.90250682021e-09
     7	1.30789147876e-08	3.13972346973e-09	1.62186382573e-08
     8	1.06430190407e-08	2.55135279477e-09	1.31943718355e-08
     9	9.14043913812e-09	2.1890513177e-09	1.13294904558e-08

Measurement: t_ro51
  step	t_ro51	FROM	TO
     1	5.68701684642e-09	1.36170637419e-09	7.04872322062e-09
     2	4.89636953881e-09	1.17031570026e-09	6.06668523907e-09
     3	4.37635032451e-09	1.04527339996e-09	5.42162372447e-09
     4	7.7550379674e-09	1.85716434977e-09	9.61220231717e-09
     5	6.57270053016e-09	1.57168593008e-09	8.14438646023e-09
     6	5.8035578812e-09	1.3863813718e-09	7.189939253e-09
     7	1.10121114057e-08	2.63676429007e-09	1.36488756958e-08
     8	9.26917721493e-09	2.21607750116e-09	1.14852547161e-08
     9	8.13730364778e-09	1.94375842787e-09	1.00810620756e-08

Measurement: t_ro52
  step	t_ro52	FROM	TO
     1	5.59603714129e-09	1.34296706645e-09	6.93900420773e-09
     2	4.81655151174e-09	1.15386205287e-09	5.9704135646e-09
     3	4.32000073798e-09	1.03443584304e-09	5.35443658102e-09
     4	7.58701873828e-09	1.82149906892e-09	9.4085178072e-09
     5	6.44486227812e-09	1.54482548847e-09	7.98968776659e-09
     6	5.70315545044e-09	1.36550812396e-09	7.0686635744e-09
     7	1.07297442813e-08	2.57641357102e-09	1.33061578523e-08
     8	9.05067807398e-09	2.1699739988e-09	1.12206520728e-08
     9	7.96336103957e-09	1.90722090172e-09	9.87058194129e-09

Measurement: t_ro53
  step	t_ro53	FROM	TO
     1	5.79723691133e-09	1.39919174047e-09	7.1964286518e-09
     2	4.96710933792e-09	1.19720840699e-09	6.16431774491e-09
     3	4.43260767217e-09	1.06745186748e-09	5.50005953965e-09
     4	7.92571642648e-09	1.91562232571e-09	9.84133875219e-09
     5	6.69029482223e-09	1.61417588551e-09	8.30447070774e-09
     6	5.88922914778e-09	1.41983316152e-09	7.3090623093e-09
     7	1.12838800595e-08	2.72933686042e-09	1.40132169199e-08
     8	9.45721278614e-09	2.2836141154e-09	1.17408269015e-08
     9	8.27680048087e-09	1.99686039485e-09	1.02736608757e-08

Measurement: t_ro54
  step	t_ro54	FROM	TO
     1	6.55999953134e-09	1.57626295421e-09	8.13626248555e-09
     2	5.47863627772e-09	1.31272276411e-09	6.79135904182e-09
     3	4.80000111596e-09	1.14808343444e-09	5.9480845504e-09
     4	9.29408064978e-09	2.23482079215e-09	1.15289014419e-08
     5	7.60145371025e-09	1.82255491381e-09	9.42400862407e-09
     6	6.55262322806e-09	1.56847553697e-09	8.12109876503e-09
     7	1.35741649043e-08	3.26342629038e-09	1.68375911947e-08
     8	1.10064494559e-08	2.63933596286e-09	1.36457854187e-08
     9	9.42006381328e-09	2.25525634529e-09	1.16753201586e-08

Measurement: t_ro55
  step	t_ro55	FROM	TO
     1	5.86494681363e-09	1.40493056651e-09	7.26987738014e-09
     2	5.00021934745e-09	1.19729051324e-09	6.19750986069e-09
     3	4.4489979825e-09	1.06528386018e-09	5.51428184268e-09
     4	8.09449812481e-09	1.93886891725e-09	1.00333670421e-08
     5	6.78052235375e-09	1.62310382096e-09	8.40362617471e-09
     6	5.94610272899e-09	1.4231029032e-09	7.36920563219e-09
     7	1.1588186918e-08	2.77507422272e-09	1.43632611407e-08
     8	9.63077732817e-09	2.30478407863e-09	1.19355614068e-08
     9	8.39116405472e-09	2.00760863218e-09	1.03987726869e-08

Measurement: t_ro56
  step	t_ro56	FROM	TO
     1	5.94461151522e-09	1.4339843949e-09	7.37859591012e-09
     2	5.06983048593e-09	1.22189665474e-09	6.29172714067e-09
     3	4.49979858725e-09	1.08380458282e-09	5.58360317008e-09
     4	8.22931517011e-09	1.98753525982e-09	1.02168504299e-08
     5	6.89445009247e-09	1.66333226282e-09	8.55778235529e-09
     6	6.03925291116e-09	1.45597268446e-09	7.49522559561e-09
     7	1.18166944365e-08	2.85592990823e-09	1.46726243448e-08
     8	9.82504785868e-09	2.37190598361e-09	1.21969538423e-08
     9	8.55190524924e-09	2.06316165309e-09	1.06150669023e-08

Measurement: t_ro57
  step	t_ro57	FROM	TO
     1	6.14872834608e-09	1.48283698508e-09	7.63156533117e-09
     2	5.1973266723e-09	1.25191345615e-09	6.44924012845e-09
     3	4.59269168777e-09	1.10578638953e-09	5.6984780773e-09
     4	8.5619235345e-09	2.06702578196e-09	1.06289493165e-08
     5	7.10185053357e-09	1.71216652734e-09	8.81401706091e-09
     6	6.18491464069e-09	1.49017337535e-09	7.67508801604e-09
     7	1.23405545983e-08	2.98109724905e-09	1.53216518474e-08
     8	1.01539268182e-08	2.44942963569e-09	1.26033564539e-08
     9	8.78483505722e-09	2.11767720538e-09	1.09025122626e-08

Measurement: t_ro58
  step	t_ro58	FROM	TO
     1	5.72127391164e-09	1.37447074799e-09	7.09574465963e-09
     2	4.92848590993e-09	1.18251504563e-09	6.11100095556e-09
     3	4.39709908236e-09	1.05416203983e-09	5.45126112219e-09
     4	7.79737797454e-09	1.87395693633e-09	9.67133491087e-09
     5	6.60298571568e-09	1.58507960454e-09	8.18806532023e-09
     6	5.8267566562e-09	1.39775511302e-09	7.22451176921e-09
     7	1.10721983232e-08	2.66164778719e-09	1.37338461104e-08
     8	9.3118142222e-09	2.23602335492e-09	1.15478375771e-08
     9	8.17057297465e-09	1.96059210239e-09	1.0131165077e-08

Measurement: t_ro59
  step	t_ro59	FROM	TO
     1	5.95959531741e-09	1.43031220824e-09	7.38990752564e-09
     2	5.07827308672e-09	1.21659266961e-09	6.29486575633e-09
     3	4.50182174236e-09	1.07707571737e-09	5.57889745972e-09
     4	8.24721797036e-09	1.98011529271e-09	1.02273332631e-08
     5	6.9018212569e-09	1.6542887041e-09	8.556109961e-09
     6	6.04320898552e-09	1.4469675442e-09	7.49017652972e-09
     7	1.18348914502e-08	2.8415411062e-09	1.46764325564e-08
     8	9.82853929783e-09	2.35627736807e-09	1.21848166659e-08
     9	8.55155121648e-09	2.04809979892e-09	1.05996510154e-08

Measurement: t_ro60
  step	t_ro60	FROM	TO
     1	6.33006532875e-09	1.53156024624e-09	7.86162557499e-09
     2	5.31107155436e-09	1.28167884072e-09	6.59275039509e-09
     3	4.66943843101e-09	1.1244995167e-09	5.79393794772e-09
     4	8.93296685784e-09	2.16404979544e-09	1.10970166533e-08
     5	7.34671988159e-09	1.77511106906e-09	9.12183095065e-09
     6	6.36050557115e-09	1.53419852976e-09	7.8947041009e-09
     7	1.29923050783e-08	3.14906580128e-09	1.61413708796e-08
     8	1.05932921631e-08	2.5618118027e-09	1.31551039658e-08
     9	9.10737837675e-09	2.19915151284e-09	1.13065298896e-08

Measurement: t_ro61
  step	t_ro61	FROM	TO
     1	5.78182510734e-09	1.38629173333e-09	7.16811684067e-09
     2	4.95999905936e-09	1.18690888994e-09	6.1469079493e-09
     3	4.42833557525e-09	1.05930327337e-09	5.48763884862e-09
     4	7.90387781619e-09	1.89557481229e-09	9.79945262848e-09
     5	6.67914389679e-09	1.59948116029e-09	8.27862505708e-09
     6	5.88341141189e-09	1.40757277977e-09	7.29098419166e-09
     7	1.12559083155e-08	2.69941907763e-09	1.39553273931e-08
     8	9.44554477653e-09	2.2621163626e-09	1.17076611391e-08
     9	8.27236441273e-09	1.97917618059e-09	1.02515405933e-08

Measurement: t_ro62
  step	t_ro62	FROM	TO
     1	5.92002458545e-09	1.41723584444e-09	7.33726042989e-09
     2	5.04158188916e-09	1.20495767864e-09	6.2465395678e-09
     3	4.47999869481e-09	1.07029085092e-09	5.55028954573e-09
     4	8.20599001627e-09	1.9624042906e-09	1.01683943069e-08
     5	6.85316949393e-09	1.63774965641e-09	8.49091915034e-09
     6	5.99890261378e-09	1.4332660837e-09	7.43216869749e-09
     7	1.17786897367e-08	2.81580116844e-09	1.45944909051e-08
     8	9.7553850832e-09	2.33049943257e-09	1.20858845158e-08
     9	8.48230527258e-09	2.02593903287e-09	1.05082443054e-08

Measurement: t_ro63
  step	t_ro63	FROM	TO
     1	5.68155059661e-09	1.36449498072e-09	7.04604557733e-09
     2	4.90068910353e-09	1.17582896594e-09	6.07651806947e-09
     3	4.37947228866e-09	1.05028584298e-09	5.42975813164e-09
     4	7.73145309065e-09	1.85746385251e-09	9.58891694316e-09
     5	6.56001767044e-09	1.5745590788e-09	8.13457674924e-09
     6	5.79758096094e-09	1.39082241616e-09	7.1884033771e-09
     7	1.096364712e-08	2.63429319849e-09	1.35979403185e-08
     8	9.24168183206e-09	2.21847049396e-09	1.1460152326e-08
     9	8.12029853021e-09	1.94840942022e-09	1.00687079504e-08

Measurement: t_ro64
  step	t_ro64	FROM	TO
     1	6.07193613417e-09	1.46258682405e-09	7.53452295821e-09
     2	5.1485494243e-09	1.23852557438e-09	6.38707499868e-09
     3	4.5569247079e-09	1.09573448124e-09	5.65265918914e-09
     4	8.46320376931e-09	2.04038310911e-09	1.05035868784e-08
     5	7.04545066274e-09	1.69680355638e-09	8.74225421912e-09
     6	6.14692710888e-09	1.47935494474e-09	7.62628205361e-09
     7	1.22085510273e-08	2.94473950325e-09	1.51532905306e-08
     8	1.00825400612e-08	2.42957651468e-09	1.25121165758e-08
     9	8.73879389404e-09	2.10438719181e-09	1.08431810859e-08

Measurement: t_ro65
  step	t_ro65	FROM	TO
     1	6.03515125444e-09	1.45329267044e-09	7.48844392488e-09
     2	5.12000394795e-09	1.23203916482e-09	6.35204311276e-09
     3	4.53974379867e-09	1.09009125193e-09	5.6298350506e-09
     4	8.3890331335e-09	2.02213819201e-09	1.04111713255e-08
     5	6.99443987685e-09	1.683273293e-09	8.67771316985e-09
     6	6.1093543065e-09	1.46856023276e-09	7.57791453926e-09
     7	1.2076461142e-08	2.9127876394e-09	1.49892487814e-08
     8	9.98951425056e-09	2.40595752625e-09	1.23954717768e-08
     9	8.66890086799e-09	2.08593330339e-09	1.07548341714e-08

Measurement: t_ro66
  step	t_ro66	FROM	TO
     1	5.89107132606e-09	1.40938398031e-09	7.30045530637e-09
     2	5.03416951217e-09	1.20244411234e-09	6.23661362451e-09
     3	4.47998868681e-09	1.06969314819e-09	5.549681835e-09
     4	8.09840324921e-09	1.93631567674e-09	1.00347189259e-08
     5	6.80784030713e-09	1.62574836577e-09	8.4335886729e-09
     6	5.97718781445e-09	1.42653151585e-09	7.4037193303e-09
     7	1.15729842329e-08	2.76467108349e-09	1.43376553164e-08
     8	9.65631973645e-09	2.30485851028e-09	1.19611782467e-08
     9	8.42665320529e-09	2.01028006023e-09	1.04369332655e-08

Measurement: t_ro67
  step	t_ro67	FROM	TO
     1	5.58392883666e-09	1.33730381293e-09	6.92123264959e-09
     2	4.81117333476e-09	1.15069767312e-09	5.96187100789e-09
     3	4.32198244117e-09	1.033272052e-09	5.35525449316e-09
     4	7.58412771405e-09	1.81647711964e-09	9.40060483369e-09
     5	6.45366832738e-09	1.54409586561e-09	7.99776419299e-09
     6	5.71490187152e-09	1.36650040919e-09	7.08140228071e-09
     7	1.07337927013e-08	2.57052420413e-09	1.33043169054e-08
     8	9.07133814667e-09	2.17025746745e-09	1.12415956141e-08
     9	7.98754613723e-09	1.90975327017e-09	9.8972994074e-09

Measurement: t_ro68
  step	t_ro68	FROM	TO
     1	5.84669730797e-09	1.40063837196e-09	7.24733567993e-09
     2	4.98479074571e-09	1.19270512837e-09	6.17749587408e-09
     3	4.44661712095e-09	1.06293484345e-09	5.50955196439e-09
     4	8.07446569727e-09	1.93417686962e-09	1.00086425669e-08
     5	6.77649586626e-09	1.62136657036e-09	8.39786243662e-09
     6	5.94795818343e-09	1.42205162061e-09	7.37000980404e-09
     7	1.15617140115e-08	2.76908150704e-09	1.43307955185e-08
     8	9.62821089594e-09	2.30361241615e-09	1.19318233121e-08
     9	8.39785415258e-09	2.00773364566e-09	1.04055877982e-08

Measurement: t_ro69
  step	t_ro69	FROM	TO
     1	5.70068464716e-09	1.36590095184e-09	7.06658559901e-09
     2	4.90277835402e-09	1.17290552798e-09	6.075683882e-09
     3	4.38126447949e-09	1.04705849667e-09	5.42832297616e-09
     4	7.77438620522e-09	1.86293215172e-09	9.63731835694e-09
     5	6.57885929914e-09	1.57428395447e-09	8.15314325361e-09
     6	5.80451458534e-09	1.38752939352e-09	7.19204397885e-09
     7	1.10471908089e-08	2.64688811899e-09	1.36940789279e-08
     8	9.28151926368e-09	2.22118087594e-09	1.15027001396e-08
     9	8.14170107845e-09	1.94619627321e-09	1.00878973517e-08

Measurement: t_ro70
  step	t_ro70	FROM	TO
     1	6.03057720638e-09	1.44473978274e-09	7.47531698913e-09
     2	5.1200264849e-09	1.2263389791e-09	6.346365464e-09
     3	4.54373482589e-09	1.08656713536e-09	5.63030196125e-09
     4	8.36763853151e-09	2.00469049616e-09	1.03723290277e-08
     5	6.98416598137e-09	1.67117806616e-09	8.65534404754e-09
     6	6.10409915897e-09	1.45958988767e-09	7.56368904664e-09
     7	1.20352124952e-08	2.88268095563e-09	1.49178934509e-08
     8	9.96783737252e-09	2.38464399123e-09	1.23524813637e-08
     9	8.65653687953e-09	2.06952262377e-09	1.07260595033e-08

Measurement: t_ro71
  step	t_ro71	FROM	TO
     1	5.90344071016e-09	1.42040801593e-09	7.32384872609e-09
     2	5.03980911574e-09	1.21099444793e-09	6.25080356367e-09
     3	4.48000304927e-09	1.07512109363e-09	5.5551241429e-09
     4	8.11136094462e-09	1.95301554797e-09	1.00643764926e-08
     5	6.81496242082e-09	1.63918225964e-09	8.45414468046e-09
     6	5.9799836836e-09	1.43736275655e-09	7.41734644014e-09
     7	1.16013829888e-08	2.79452840612e-09	1.4395911395e-08
     8	9.67678173168e-09	2.32877862802e-09	1.20055603597e-08
     9	8.44036629819e-09	2.02996295031e-09	1.04703292485e-08

Measurement: t_ro72
  step	t_ro72	FROM	TO
     1	6.17230954043e-09	1.47770233182e-09	7.65001187224e-09
     2	5.23017737728e-09	1.25043772314e-09	6.48061510042e-09
     3	4.61924298547e-09	1.10363722245e-09	5.72288020792e-09
     4	8.57536141488e-09	2.05307732799e-09	1.06284387429e-08
     5	7.13625218081e-09	1.70629247909e-09	8.8425446599e-09
     6	6.21905071653e-09	1.48600722678e-09	7.70505794331e-09
     7	1.23656342126e-08	2.95984382793e-09	1.53254780405e-08
     8	1.0212395103e-08	2.44163861264e-09	1.26540337156e-08
     9	8.84412044588e-09	2.11307143694e-09	1.09571918828e-08

Measurement: t_ro73
  step	t_ro73	FROM	TO
     1	6.23999959473e-09	1.50256293503e-09	7.74256252976e-09
     2	5.25718066352e-09	1.26450581943e-09	6.52168648295e-09
     3	4.63999978218e-09	1.11441193532e-09	5.7544117175e-09
     4	8.79684367216e-09	2.12072646483e-09	1.0917570137e-08
     5	7.25490304502e-09	1.7466751683e-09	9.00157821332e-09
     6	6.29355188705e-09	1.51415941221e-09	7.80771129926e-09
     7	1.27778908997e-08	3.08148467842e-09	1.58593755782e-08
     8	1.04478749286e-08	2.51661950497e-09	1.29644944336e-08
     9	8.99961510286e-09	2.16625855796e-09	1.11658736608e-08

Measurement: t_ro74
  step	t_ro74	FROM	TO
     1	6.19827513874e-09	1.49828994947e-09	7.69656508822e-09
     2	5.23646579051e-09	1.262945653e-09	6.49941144351e-09
     3	4.62541987131e-09	1.11343695329e-09	5.7388568246e-09
     4	8.68331084651e-09	2.10229011386e-09	1.07856009604e-08
     5	7.19996150702e-09	1.73903607423e-09	8.93899758125e-09
     6	6.26232526963e-09	1.51031656611e-09	7.77264183574e-09
     7	1.2578506693e-08	3.04759408619e-09	1.56261007792e-08
     8	1.03441871592e-08	2.50071400909e-09	1.28449011683e-08
     9	8.93771622013e-09	2.1577325285e-09	1.10954487486e-08

Measurement: t_ro75
  step	t_ro75	FROM	TO
     1	5.8864678731e-09	1.4124603331e-09	7.2989282062e-09
     2	5.01626250569e-09	1.20230336601e-09	6.21856587171e-09
     3	4.46143023329e-09	1.06839916046e-09	5.52982939375e-09
     4	8.12593358397e-09	1.95017891319e-09	1.00761124972e-08
     5	6.80931561662e-09	1.63274412964e-09	8.44205974626e-09
     6	5.96970298135e-09	1.43030800557e-09	7.40001098691e-09
     7	1.16521410285e-08	2.79663239113e-09	1.44487734197e-08
     8	9.68792886564e-09	2.32332749675e-09	1.20112563624e-08
     9	8.43934154405e-09	2.0223794366e-09	1.04617209806e-08

Measurement: t_ro76
  step	t_ro76	FROM	TO
     1	5.86018943855e-09	1.40844189585e-09	7.2686313344e-09
     2	5.00617690401e-09	1.20172158631e-09	6.20789849032e-09
     3	4.45737485977e-09	1.06927153124e-09	5.52664639101e-09
     4	8.05750061155e-09	1.9377916274e-09	9.99529223895e-09
     5	6.76928161994e-09	1.62625574686e-09	8.3955373668e-09
     6	5.94443870411e-09	1.42729385708e-09	7.37173256119e-09
     7	1.15174913421e-08	2.77100400142e-09	1.42884953435e-08
     8	9.60347957953e-09	2.30845105523e-09	1.19119306348e-08
     9	8.38128398129e-09	2.01387144523e-09	1.03951554265e-08

Measurement: t_ro77
  step	t_ro77	FROM	TO
     1	5.93104085377e-09	1.42203513598e-09	7.35307598974e-09
     2	5.06776403654e-09	1.21254360613e-09	6.28030764267e-09
     3	4.50192557784e-09	1.07583045592e-09	5.57775603376e-09
     4	8.18387689319e-09	1.96221064415e-09	1.01460875373e-08
     5	6.87352079821e-09	1.64524870712e-09	8.51876950534e-09
     6	6.02789735251e-09	1.44127468887e-09	7.46917204138e-09
     7	1.17289375139e-08	2.81198559664e-09	1.45409231106e-08
     8	9.77940795657e-09	2.34078251752e-09	1.21201904741e-08
     9	8.52465970621e-09	2.03833504258e-09	1.05629947488e-08

Measurement: t_ro78
  step	t_ro78	FROM	TO
     1	5.92668529928e-09	1.42210863807e-09	7.34879393735e-09
     2	5.0496684933e-09	1.21094299316e-09	6.26061148645e-09
     3	4.48460673873e-09	1.07564459528e-09	5.56025133402e-09
     4	8.20973503141e-09	1.96976026585e-09	1.01794952973e-08
     5	6.86376994084e-09	1.64587307543e-09	8.50964301626e-09
     6	6.01091575624e-09	1.44130983065e-09	7.4522255869e-09
     7	1.17763848715e-08	2.82533962213e-09	1.46017244936e-08
     8	9.76918667415e-09	2.34228802152e-09	1.21114746957e-08
     9	8.50174934417e-09	2.03819695684e-09	1.0539946301e-08

Measurement: t_ro79
  step	t_ro79	FROM	TO
     1	6.16035691013e-09	1.47786190073e-09	7.63821881086e-09
     2	5.18245712127e-09	1.24150060334e-09	6.42395772461e-09
     3	4.57496420734e-09	1.09491942125e-09	5.66988362859e-09
     4	8.64005584727e-09	2.07360527686e-09	1.07136611241e-08
     5	7.12184954014e-09	1.70667589688e-09	8.82852543701e-09
     6	6.18674164169e-09	1.48117389138e-09	7.66791553306e-09
     7	1.25049058616e-08	3.0005678849e-09	1.55054737465e-08
     8	1.02166318085e-08	2.44856651438e-09	1.26651983228e-08
     9	8.81232825535e-09	2.11000081126e-09	1.09223290666e-08

Measurement: t_ro80
  step	t_ro80	FROM	TO
     1	6.16730128583e-09	1.47884671252e-09	7.64614799835e-09
     2	5.21435905358e-09	1.2474692343e-09	6.46182828788e-09
     3	4.61064321204e-09	1.10148430816e-09	5.7121275202e-09
     4	8.61564111407e-09	2.06622588617e-09	1.06818670002e-08
     5	7.15079708361e-09	1.71107924974e-09	8.86187633335e-09
     6	6.22658319227e-09	1.48776527675e-09	7.71434846902e-09
     7	1.24569148631e-08	2.98680149952e-09	1.54437163627e-08
     8	1.02540060259e-08	2.45340107218e-09	1.27074070981e-08
     9	8.86814225825e-09	2.11868046258e-09	1.09868227208e-08

Measurement: t_ro81
  step	t_ro81	FROM	TO
     1	5.62356218183e-09	1.35130673719e-09	6.97486891902e-09
     2	4.85085568606e-09	1.16335890187e-09	6.01421458793e-09
     3	4.34610579701e-09	1.04103848742e-09	5.38714428442e-09
     4	7.61957408983e-09	1.83245104901e-09	9.45202513885e-09
     5	6.47563364382e-09	1.55476823141e-09	8.03040187523e-09
     6	5.73053492018e-09	1.37412929899e-09	7.10466421917e-09
     7	1.07682979954e-08	2.59100109636e-09	1.33592990918e-08
     8	9.08921031534e-09	2.18379976674e-09	1.12730100821e-08
     9	7.99938964188e-09	1.9200631972e-09	9.91945283908e-09

Measurement: t_ro82
  step	t_ro82	FROM	TO
     1	5.80016491769e-09	1.38716792035e-09	7.18733283804e-09
     2	4.9657430907e-09	1.18650691082e-09	6.15225000152e-09
     3	4.43318925677e-09	1.05894892122e-09	5.49213817799e-09
     4	7.95808044739e-09	1.902897739e-09	9.8609781864e-09
     5	6.71121282459e-09	1.60349926986e-09	8.31471209445e-09
     6	5.90568343776e-09	1.41040509441e-09	7.31608853218e-09
     7	1.13512567681e-08	2.71354628125e-09	1.40648030493e-08
     8	9.50391923394e-09	2.2702872768e-09	1.17742065107e-08
     9	8.31280091742e-09	1.98492110721e-09	1.02977220246e-08

Measurement: t_ro83
  step	t_ro83	FROM	TO
     1	6.12432597839e-09	1.47735346189e-09	7.60167944028e-09
     2	5.19762223655e-09	1.25025065773e-09	6.44787289428e-09
     3	4.59831920494e-09	1.10446140384e-09	5.70278060879e-09
     4	8.49966394934e-09	2.05200228155e-09	1.05516662309e-08
     5	7.08715570657e-09	1.70651570377e-09	8.79367141034e-09
     6	6.18464839517e-09	1.48690293809e-09	7.67155133325e-09
     7	1.22414688289e-08	2.95583422154e-09	1.51973030505e-08
     8	1.01300765917e-08	2.44027337038e-09	1.25703499621e-08
     9	8.78503303594e-09	2.11324453213e-09	1.08982775681e-08

Measurement: t_ro84
  step	t_ro84	FROM	TO
     1	5.82579126538e-09	1.40004460568e-09	7.22583587107e-09
     2	4.97984426547e-09	1.1957710956e-09	6.17561536107e-09
     3	4.44326678789e-09	1.06547475898e-09	5.50874154687e-09
     4	7.97879627496e-09	1.91863929553e-09	9.89743557049e-09
     5	6.72000401459e-09	1.61402724128e-09	8.33403125586e-09
     6	5.91061448109e-09	1.41823517801e-09	7.32884965911e-09
     7	1.1381896971e-08	2.73788021376e-09	1.41197771848e-08
     8	9.52150067402e-09	2.28776228061e-09	1.18092629546e-08
     9	8.32213517333e-09	1.99800825367e-09	1.0320143427e-08

Measurement: t_ro85
  step	t_ro85	FROM	TO
     1	5.90451891176e-09	1.42034799355e-09	7.32486690531e-09
     2	5.04246691194e-09	1.21155908508e-09	6.25402599702e-09
     3	4.48504088165e-09	1.07649557787e-09	5.56153645953e-09
     4	8.11962559378e-09	1.95442728587e-09	1.00740528797e-08
     5	6.82167071008e-09	1.64014465119e-09	8.46181536127e-09
     6	5.98749389847e-09	1.43851305203e-09	7.4260069505e-09
     7	1.16042255829e-08	2.7943192559e-09	1.43985448388e-08
     8	9.67889157754e-09	2.32823203323e-09	1.20071236108e-08
     9	8.44453182949e-09	2.02999450423e-09	1.04745263337e-08

Measurement: t_ro86
  step	t_ro86	FROM	TO
     1	6.03344382393e-09	1.4476556863e-09	7.48109951023e-09
     2	5.11999798843e-09	1.22554100061e-09	6.34553898904e-09
     3	4.54153562026e-09	1.08575689673e-09	5.62729251699e-09
     4	8.38373760833e-09	2.01240759329e-09	1.03961452016e-08
     5	6.99069971525e-09	1.67454815874e-09	8.66524787399e-09
     6	6.1062336106e-09	1.46036603594e-09	7.56659964655e-09
     7	1.20754190347e-08	2.89835618534e-09	1.497377522e-08
     8	9.98626987889e-09	2.39218476643e-09	1.23784546453e-08
     9	8.66610854615e-09	2.0727902119e-09	1.0738898758e-08

Measurement: t_ro87
  step	t_ro87	FROM	TO
     1	6.08000288885e-09	1.46123747407e-09	7.54124036293e-09
     2	5.15968403808e-09	1.23819236207e-09	6.39787640016e-09
     3	4.56753758337e-09	1.09446407575e-09	5.66200165912e-09
     4	8.45307370135e-09	2.03206820722e-09	1.04851419086e-08
     5	7.04341481015e-09	1.69132078758e-09	8.73473559773e-09
     6	6.14813263958e-09	1.4743656026e-09	7.62249824218e-09
     7	1.21800278499e-08	2.92828603945e-09	1.51083138894e-08
     8	1.00700886446e-08	2.41829246608e-09	1.24883811107e-08
     9	8.73314130168e-09	2.09509347238e-09	1.08282347741e-08

Measurement: t_ro88
  step	t_ro88	FROM	TO
     1	5.92062185837e-09	1.41375365461e-09	7.33437551298e-09
     2	5.05153193012e-09	1.20501293516e-09	6.25654486527e-09
     3	4.48825911699e-09	1.07035452763e-09	5.55861364461e-09
     4	8.16104909726e-09	1.94840039004e-09	1.01094494873e-08
     5	6.8433882232e-09	1.63222931488e-09	8.47561753808e-09
     6	6.00001599912e-09	1.43058472177e-09	7.43060072089e-09
     7	1.16735191146e-08	2.785545554e-09	1.44590646686e-08
     8	9.71387271092e-09	2.31626060766e-09	1.20301333186e-08
     9	8.46465543579e-09	2.01771100414e-09	1.04823664399e-08

Measurement: t_ro89
  step	t_ro89	FROM	TO
     1	5.80712663733e-09	1.39523787007e-09	7.2023645074e-09
     2	4.97844343612e-09	1.1943581739e-09	6.17280161003e-09
     3	4.43828585272e-09	1.06329162e-09	5.50157747272e-09
     4	7.94909545049e-09	1.91085667664e-09	9.85995212713e-09
     5	6.70665400242e-09	1.60984631072e-09	8.31650031313e-09
     6	5.90088649357e-09	1.41477061471e-09	7.31565710828e-09
     7	1.13268336928e-08	2.72358395291e-09	1.40504176457e-08
     8	9.48728324643e-09	2.27848000844e-09	1.17657632549e-08
     9	8.30040709182e-09	1.9913866186e-09	1.02917937104e-08

Measurement: t_ro90
  step	t_ro90	FROM	TO
     1	6.44942003543e-09	1.55026440023e-09	7.99968443566e-09
     2	5.41228448108e-09	1.2982533111e-09	6.71053779218e-09
     3	4.75404342917e-09	1.13937301436e-09	5.89341644354e-09
     4	9.08561077735e-09	2.18466223404e-09	1.12702730114e-08
     5	7.4777179927e-09	1.79413092009e-09	9.27184891279e-09
     6	6.46881591281e-09	1.55063992294e-09	8.01945583575e-09
     7	1.32238588437e-08	3.17925782146e-09	1.64031166652e-08
     8	1.0795448953e-08	2.59023024064e-09	1.33856791936e-08
     9	9.27633351181e-09	2.22383038234e-09	1.15001638942e-08

Measurement: t_ro91
  step	t_ro91	FROM	TO
     1	6.45833762371e-09	1.55400300985e-09	8.01234063356e-09
     2	5.40579998757e-09	1.2981860631e-09	6.70398605067e-09
     3	4.73762805299e-09	1.1380374875e-09	5.87566554049e-09
     4	9.15459768887e-09	2.20597052191e-09	1.13605682108e-08
     5	7.49953557221e-09	1.80386509822e-09	9.30340067043e-09
     6	6.47442491776e-09	1.55721792592e-09	8.03164284369e-09
     7	1.33688042218e-08	3.22617787806e-09	1.65949820999e-08
     8	1.0854933486e-08	2.61457587867e-09	1.34695093647e-08
     9	9.30382428688e-09	2.24035610977e-09	1.15441803967e-08

Measurement: t_ro92
  step	t_ro92	FROM	TO
     1	6.21279276772e-09	1.49326597454e-09	7.70605874226e-09
     2	5.24520290939e-09	1.25860276912e-09	6.50380567852e-09
     3	4.62952251864e-09	1.10973053235e-09	5.73925305099e-09
     4	8.67698294042e-09	2.08695435784e-09	1.07639372983e-08
     5	7.19774723477e-09	1.727575216e-09	8.92532245077e-09
     6	6.25831697018e-09	1.50114641804e-09	7.75946338822e-09
     7	1.25598436479e-08	3.02149168058e-09	1.55813353285e-08
     8	1.03340880461e-08	2.48215085307e-09	1.28162388992e-08
     9	8.92973344066e-09	2.14259229113e-09	1.10723257318e-08

Measurement: t_ro93
  step	t_ro93	FROM	TO
     1	6.35968998624e-09	1.52977622667e-09	7.88946621291e-09
     2	5.34300043195e-09	1.28380346678e-09	6.62680389873e-09
     3	4.69997707027e-09	1.12837898161e-09	5.82835605188e-09
     4	8.940029575e-09	2.15169774577e-09	1.10917273208e-08
     5	7.36964188624e-09	1.77183893849e-09	9.14148082473e-09
     6	6.38477586374e-09	1.53410677394e-09	7.91888263768e-09
     7	1.29961925901e-08	3.12888622241e-09	1.61250788125e-08
     8	1.06283562694e-08	2.55642096879e-09	1.31847772382e-08
     9	9.14598459364e-09	2.19861206761e-09	1.13445966613e-08

Measurement: t_ro94
  step	t_ro94	FROM	TO
     1	6.00307493404e-09	1.43595975102e-09	7.43903468507e-09
     2	5.10796839148e-09	1.22008313857e-09	6.32805153006e-09
     3	4.52186628973e-09	1.07908463966e-09	5.60095092939e-09
     4	8.32113933853e-09	1.99045232586e-09	1.03115916644e-08
     5	6.94521121571e-09	1.65882001858e-09	8.60403123429e-09
     6	6.07333758696e-09	1.4497567827e-09	7.52309436965e-09
     7	1.19563344111e-08	2.8591376153e-09	1.48154720264e-08
     8	9.89887780522e-09	2.3640760384e-09	1.22629538436e-08
     9	8.59888607908e-09	2.05184761111e-09	1.06507336902e-08

Measurement: t_ro95
  step	t_ro95	FROM	TO
     1	6.09907950782e-09	1.46760725095e-09	7.56668675877e-09
     2	5.17275276123e-09	1.24297415109e-09	6.41572691232e-09
     3	4.57949667807e-09	1.09976193698e-09	5.67925861505e-09
     4	8.47689561881e-09	2.04113784856e-09	1.05180334674e-08
     5	7.06461199714e-09	1.69910501883e-09	8.76371701597e-09
     6	6.16556334138e-09	1.48183502279e-09	7.64739836417e-09
     7	1.22164843015e-08	2.94297710548e-09	1.51594614069e-08
     8	1.01055572227e-08	2.43187066829e-09	1.2537427891e-08
     9	8.76399311045e-09	2.10765969863e-09	1.08716528091e-08

Measurement: t_ro96
  step	t_ro96	FROM	TO
     1	5.82278742665e-09	1.39650725299e-09	7.21929467964e-09
     2	4.96001393826e-09	1.19015818918e-09	6.15017212745e-09
     3	4.43297506728e-09	1.06200749037e-09	5.49498255765e-09
     4	8.01142080356e-09	1.921782525e-09	9.93320332856e-09
     5	6.7310594558e-09	1.61335686368e-09	8.34441631948e-09
     6	5.91367213344e-09	1.41661993692e-09	7.33029207036e-09
     7	1.1449700468e-08	2.74662599358e-09	1.41963264615e-08
     8	9.5479792688e-09	2.28841403087e-09	1.18363932997e-08
     9	8.33647673153e-09	1.99701062866e-09	1.03334873602e-08

Measurement: t_ro97
  step	t_ro97	FROM	TO
     1	6.04171230335e-09	1.45083093524e-09	7.49254323859e-09
     2	5.12766531694e-09	1.23005434442e-09	6.35771966136e-09
     3	4.5451719506e-09	1.08904439257e-09	5.63421634317e-09
     4	8.39442999148e-09	2.01658820503e-09	1.04110181965e-08
     5	7.00222384908e-09	1.68051448399e-09	8.68273833308e-09
     6	6.11685360966e-09	1.46643830712e-09	7.58329191677e-09
     7	1.20945076248e-08	2.90569671213e-09	1.50002043369e-08
     8	1.00103366534e-08	2.40295767346e-09	1.24132943269e-08
     9	8.68835037056e-09	2.08374066957e-09	1.07720910401e-08

Measurement: t_ro98
  step	t_ro98	FROM	TO
     1	5.92003834e-09	1.43570242598e-09	7.35574076597e-09
     2	5.05478086982e-09	1.22218095908e-09	6.2769618289e-09
     3	4.48996245462e-09	1.08440457314e-09	5.57436702777e-09
     4	8.16905056588e-09	1.98312450614e-09	1.0152175072e-08
     5	6.8500476945e-09	1.65867424568e-09	8.50872194018e-09
     6	6.00447339404e-09	1.45202299709e-09	7.45649639114e-09
     7	1.17033936708e-08	2.84286825331e-09	1.45462619242e-08
     8	9.73751411725e-09	2.35979155729e-09	1.20973056745e-08
     9	8.48145492585e-09	2.05256029534e-09	1.05340152212e-08

Measurement: t_ro99
  step	t_ro99	FROM	TO
     1	5.60883680992e-09	1.34663161369e-09	6.95546842361e-09
     2	4.84756699072e-09	1.16283625485e-09	6.01040324557e-09
     3	4.33956255016e-09	1.04023245258e-09	5.37979500274e-09
     4	7.62851187772e-09	1.83211009137e-09	9.46062196909e-09
     5	6.48089162036e-09	1.55514177967e-09	8.03603340003e-09
     6	5.73244553944e-09	1.37472802128e-09	7.10717356073e-09
     7	1.08045129289e-08	2.59547692303e-09	1.33999898519e-08
     8	9.11620085916e-09	2.18809585802e-09	1.13042967172e-08
     9	8.01776723226e-09	1.92330984968e-09	9.94107708194e-09

Measurement: t_ro100
  step	t_ro100	FROM	TO
     1	5.83737882047e-09	1.39740067836e-09	7.23477949883e-09
     2	4.99117424679e-09	1.19340251307e-09	6.18457675986e-09
     3	4.44477137599e-09	1.06222923784e-09	5.50700061383e-09
     4	8.03678694271e-09	1.92377774801e-09	9.96056469073e-09
     5	6.75498463852e-09	1.61524728887e-09	8.37023192739e-09
     6	5.93293509578e-09	1.41776517523e-09	7.35070027101e-09
     7	1.1486221356e-08	2.74881616397e-09	1.42350375199e-08
     8	9.58145881235e-09	2.29078497505e-09	1.18722437874e-08
     9	8.36377370552e-09	1.99846417143e-09	1.0362237877e-08

Measurement: t_ro101
  step	t_ro101	FROM	TO
     1	5.70167094214e-09	1.37190932045e-09	7.0735802626e-09
     2	4.90477736312e-09	1.17973817061e-09	6.08451553373e-09
     3	4.38284104623e-09	1.05376599059e-09	5.43660703682e-09
     4	7.76280388832e-09	1.86937089591e-09	9.63217478424e-09
     5	6.57574192822e-09	1.58300618195e-09	8.15874811017e-09
     6	5.80374601747e-09	1.39652913505e-09	7.20027515252e-09
     7	1.1019899949e-08	2.6550965252e-09	1.36749964742e-08
     8	9.27169345984e-09	2.23334537902e-09	1.15050388389e-08
     9	8.13704381082e-09	1.95941293942e-09	1.00964567502e-08

Measurement: t_ro102
  step	t_ro102	FROM	TO
     1	6.13714547702e-09	1.47350561267e-09	7.61065108969e-09
     2	5.1934592075e-09	1.24527573716e-09	6.43873494466e-09
     3	4.59273963374e-09	1.10083527548e-09	5.69357490922e-09
     4	8.55481073166e-09	2.05465122639e-09	1.0609461958e-08
     5	7.10805495509e-09	1.70550409811e-09	8.8135590532e-09
     6	6.19333332001e-09	1.48542789606e-09	7.67876121607e-09
     7	1.23499260415e-08	2.96641163682e-09	1.53163376783e-08
     8	1.01784717203e-08	2.4428007199e-09	1.26212724402e-08
     9	8.8097287073e-09	2.11372254735e-09	1.09234512546e-08

Measurement: t_ro103
  step	t_ro103	FROM	TO
     1	5.88085809907e-09	1.41950065938e-09	7.30035875846e-09
     2	5.01327911615e-09	1.2085415303e-09	6.22182064645e-09
     3	4.45435615825e-09	1.07324000185e-09	5.5275961601e-09
     4	8.13681550959e-09	1.96763695678e-09	1.01044524664e-08
     5	6.80398552334e-09	1.64305953653e-09	8.44704505987e-09
     6	5.9626331493e-09	1.43864973385e-09	7.40128288314e-09
     7	1.16580283717e-08	2.82176489982e-09	1.44797932716e-08
     8	9.66876751043e-09	2.33690543318e-09	1.20056729436e-08
     9	8.41722380756e-09	2.03272367729e-09	1.04499474849e-08

Measurement: t_ro104
  step	t_ro104	FROM	TO
     1	6.12485998717e-09	1.47160894413e-09	7.5964689313e-09
     2	5.18396467403e-09	1.24401680501e-09	6.42798147904e-09
     3	4.58749627965e-09	1.09980233063e-09	5.68729861027e-09
     4	8.53451356749e-09	2.05112836447e-09	1.0585641932e-08
     5	7.09149347743e-09	1.70215636408e-09	8.7936498415e-09
     6	6.18013717494e-09	1.48209345057e-09	7.66223062551e-09
     7	1.2318089384e-08	2.96077342968e-09	1.52788628137e-08
     8	1.01536040606e-08	2.43749283803e-09	1.25910968986e-08
     9	8.79066119376e-09	2.10841448911e-09	1.08990756829e-08

Measurement: t_ro105
  step	t_ro105	FROM	TO
     1	6.12139473988e-09	1.46447743282e-09	7.5858721727e-09
     2	5.18259690221e-09	1.23748503988e-09	6.42008194209e-09
     3	4.59102621902e-09	1.09522666264e-09	5.68625288166e-09
     4	8.5164903746e-09	2.03690749918e-09	1.05533978738e-08
     5	7.08389506602e-09	1.69140035622e-09	8.77529542224e-09
     6	6.17779583983e-09	1.4736117336e-09	7.65140757343e-09
     7	1.22803210233e-08	2.93546146526e-09	1.52157824885e-08
     8	1.01335343153e-08	2.41859206385e-09	1.25521263792e-08
     9	8.78042928199e-09	2.09366842751e-09	1.08740977095e-08

Measurement: t_ro106
  step	t_ro106	FROM	TO
     1	6.5600092878e-09	1.57468839307e-09	8.13469768087e-09
     2	5.46060783252e-09	1.30877864243e-09	6.76938647495e-09
     3	4.79006737325e-09	1.14650694259e-09	5.93657431583e-09
     4	9.27433378765e-09	2.22698822525e-09	1.15013220129e-08
     5	7.58378192145e-09	1.81740349306e-09	9.40118541451e-09
     6	6.53621900835e-09	1.56474977537e-09	8.10096878372e-09
     7	1.35420894683e-08	3.25102125797e-09	1.67931107263e-08
     8	1.0979511156e-08	2.63132479729e-09	1.36108359533e-08
     9	9.39617318347e-09	2.2496529136e-09	1.16458260971e-08

Measurement: t_ro107
  step	t_ro107	FROM	TO
     1	5.89392821169e-09	1.41830377755e-09	7.31223198925e-09
     2	5.03195893806e-09	1.21006760969e-09	6.24202654775e-09
     3	4.47998600241e-09	1.07732710035e-09	5.55731310276e-09
     4	8.11481135105e-09	1.95470413786e-09	1.00695154889e-08
     5	6.81660720071e-09	1.64114036237e-09	8.45774756308e-09
     6	5.98311957431e-09	1.43974541808e-09	7.42286499239e-09
     7	1.16206869465e-08	2.80099255241e-09	1.44216794989e-08
     8	9.68848215602e-09	2.33415166909e-09	1.20226338251e-08
     9	8.45157016412e-09	2.03536945084e-09	1.0486939615e-08

Measurement: t_ro108
  step	t_ro108	FROM	TO
     1	6.18365180408e-09	1.48492016535e-09	7.66857196943e-09
     2	5.23141665482e-09	1.25413469669e-09	6.48555135151e-09
     3	4.62250324112e-09	1.10710429335e-09	5.72960753447e-09
     4	8.6047438269e-09	2.0668114612e-09	1.06715552881e-08
     5	7.14855054524e-09	1.71427960239e-09	8.86283014763e-09
     6	6.22608917425e-09	1.49192199409e-09	7.71801116834e-09
     7	1.24105745922e-08	2.98074572246e-09	1.53913203146e-08
     8	1.02307428976e-08	2.45356711084e-09	1.26843100084e-08
     9	8.85340457426e-09	2.12154410376e-09	1.0974948678e-08

Measurement: t_ro109
  step	t_ro109	FROM	TO
     1	6.2804133374e-09	1.51206225912e-09	7.79247559652e-09
     2	5.29630597283e-09	1.27216472644e-09	6.56847069927e-09
     3	4.66826478125e-09	1.11985875506e-09	5.78812353632e-09
     4	8.77240032954e-09	2.11362626622e-09	1.08860265958e-08
     5	7.26362407804e-09	1.74613707787e-09	9.00976115591e-09
     6	6.31057814738e-09	1.51496733518e-09	7.82554548257e-09
     7	1.2692680598e-08	3.05879741336e-09	1.57514780113e-08
     8	1.04270505097e-08	2.50755639441e-09	1.29346069041e-08
     9	9.00003459767e-09	2.16153878611e-09	1.11615733838e-08

Measurement: t_ro110
  step	t_ro110	FROM	TO
     1	6.37813541976e-09	1.54157907641e-09	7.91971449617e-09
     2	5.33082563307e-09	1.28599560704e-09	6.61682124011e-09
     3	4.68386712791e-09	1.12860938087e-09	5.81247650879e-09
     4	9.0375051391e-09	2.18639126501e-09	1.12238964041e-08
     5	7.39486600449e-09	1.78550096579e-09	9.18036697029e-09
     6	6.38846966488e-09	1.54084341664e-09	7.92931308153e-09
     7	1.31729834034e-08	3.18782181876e-09	1.63608052222e-08
     8	1.06788415134e-08	2.579588872e-09	1.32584303854e-08
     9	9.156099835e-09	2.20954868574e-09	1.13656485207e-08

Measurement: t_ro111
  step	t_ro111	FROM	TO
     1	5.66212917013e-09	1.36416455338e-09	7.02629372351e-09
     2	4.87906767349e-09	1.17411608973e-09	6.05318376322e-09
     3	4.36190162963e-09	1.04884854825e-09	5.41075017789e-09
     4	7.72347612181e-09	1.86407157584e-09	9.58754769765e-09
     5	6.54697771724e-09	1.57839143686e-09	8.1253691541e-09
     6	5.78261954778e-09	1.39295530226e-09	7.17557485005e-09
     7	1.09624945159e-08	2.64868873932e-09	1.36111832552e-08
     8	9.22658374633e-09	2.22676485676e-09	1.14533486031e-08
     9	8.10230680206e-09	1.95399605364e-09	1.00563028557e-08

Measurement: t_ro112
  step	t_ro112	FROM	TO
     1	6.44732376807e-09	1.55363823932e-09	8.00096200739e-09
     2	5.39941475365e-09	1.29731944385e-09	6.6967341975e-09
     3	4.7409411565e-09	1.13807620151e-09	5.879017358e-09
     4	9.13029067682e-09	2.20400908569e-09	1.13342997625e-08
     5	7.49447756106e-09	1.80285224801e-09	9.29732980906e-09
     6	6.47610003226e-09	1.5559334337e-09	8.03203346596e-09
     7	1.33197443714e-08	3.21914889798e-09	1.65388932694e-08
     8	1.0840670954e-08	2.60989279359e-09	1.34505637476e-08
     9	9.30253964077e-09	2.23647939363e-09	1.15390190344e-08

Measurement: t_ro113
  step	t_ro113	FROM	TO
     1	5.8977070719e-09	1.41142193234e-09	7.30912900424e-09
     2	5.04009602869e-09	1.20418318093e-09	6.24427920962e-09
     3	4.48426587368e-09	1.06989268779e-09	5.55415856146e-09
     4	8.08963643981e-09	1.9362126991e-09	1.00258491389e-08
     5	6.80362823253e-09	1.62547359255e-09	8.42910182509e-09
     6	5.97535853718e-09	1.42607268174e-09	7.40143121892e-09
     7	1.1548191875e-08	2.76334165148e-09	1.43115335265e-08
     8	9.64238475641e-09	2.30343530193e-09	1.19458200583e-08
     9	8.41861890795e-09	2.00891043502e-09	1.0427529343e-08

Measurement: t_ro114
  step	t_ro114	FROM	TO
     1	6.62510487933e-09	1.61224841151e-09	8.23735329085e-09
     2	5.48717915571e-09	1.32474706113e-09	6.81192621684e-09
     3	4.80000028222e-09	1.15250423617e-09	5.9525045184e-09
     4	9.46756570018e-09	2.30785669816e-09	1.17754223983e-08
     5	7.66963088559e-09	1.85820054369e-09	9.52783142929e-09
     6	6.58170488056e-09	1.5870886086e-09	8.16879348917e-09
     7	1.38782862394e-08	3.38382218514e-09	1.72621084245e-08
     8	1.11361053684e-08	2.70157031708e-09	1.38376756855e-08
     9	9.48360786864e-09	2.29201014885e-09	1.17756180175e-08

Measurement: t_ro115
  step	t_ro115	FROM	TO
     1	6.00530175927e-09	1.45056137069e-09	7.45586312996e-09
     2	5.11595742435e-09	1.23359644563e-09	6.34955386998e-09
     3	4.52866103919e-09	1.09124981923e-09	5.61991085843e-09
     4	8.34263589099e-09	2.01724395674e-09	1.03598798477e-08
     5	6.96957978429e-09	1.68276317672e-09	8.65234296101e-09
     6	6.09343931366e-09	1.46967762607e-09	7.56311693973e-09
     7	1.20070172668e-08	2.90482272816e-09	1.4911839995e-08
     8	9.95306353815e-09	2.40459707012e-09	1.23576606083e-08
     9	8.64654356289e-09	2.08707989792e-09	1.07336234608e-08

Measurement: t_ro116
  step	t_ro116	FROM	TO
     1	5.97602303276e-09	1.4252002791e-09	7.40122331185e-09
     2	5.08457400948e-09	1.21208215574e-09	6.29665616523e-09
     3	4.50489038071e-09	1.07357338153e-09	5.57846376224e-09
     4	8.2485737081e-09	1.96593276339e-09	1.02145064715e-08
     5	6.88777146149e-09	1.64124070813e-09	8.52901216963e-09
     6	6.02818762328e-09	1.4361471827e-09	7.46433480598e-09
     7	1.18156130546e-08	2.81446955118e-09	1.46300826058e-08
     8	9.79107880466e-09	2.33185262573e-09	1.21229314304e-08
     9	8.51338925694e-09	2.02724458852e-09	1.05406338455e-08

Measurement: t_ro117
  step	t_ro117	FROM	TO
     1	6.07258691338e-09	1.46392403204e-09	7.53651094542e-09
     2	5.12002374309e-09	1.23207732703e-09	6.35210107012e-09
     3	4.54511293514e-09	1.09250764547e-09	5.63762058061e-09
     4	8.44274355342e-09	2.03885755811e-09	1.04816011115e-08
     5	7.01681793922e-09	1.69168436478e-09	8.708502304e-09
     6	6.11910928189e-09	1.47341137088e-09	7.59252065277e-09
     7	1.21660533818e-08	2.94224663762e-09	1.51083000194e-08
     8	1.002918807e-08	2.42121800184e-09	1.24504060719e-08
     9	8.68800566361e-09	2.09492854868e-09	1.07829342123e-08

Measurement: t_ro118
  step	t_ro118	FROM	TO
     1	6.22017866022e-09	1.4999692455e-09	7.72014790572e-09
     2	5.26071376303e-09	1.26560519444e-09	6.52631895747e-09
     3	4.63999973474e-09	1.11591266662e-09	5.75591240136e-09
     4	8.69615455676e-09	2.09943749221e-09	1.0795592049e-08
     5	7.22284767866e-09	1.74039791456e-09	8.96324559321e-09
     6	6.28578759018e-09	1.51260431268e-09	7.79839190286e-09
     7	1.25915845835e-08	3.0421419608e-09	1.56337265443e-08
     8	1.03780021449e-08	2.50266770654e-09	1.28806698514e-08
     9	8.97363499457e-09	2.16139535423e-09	1.11350303488e-08

Measurement: t_ro119
  step	t_ro119	FROM	TO
     1	5.94629265143e-09	1.42875665958e-09	7.37504931101e-09
     2	5.07380984694e-09	1.2182031535e-09	6.29201300044e-09
     3	4.50552144321e-09	1.08105939598e-09	5.58658083919e-09
     4	8.24043506301e-09	1.98068923997e-09	1.0221124303e-08
     5	6.904007545e-09	1.65819591407e-09	8.56220345908e-09
     6	6.04751781405e-09	1.45176405785e-09	7.4992818719e-09
     7	1.18367840877e-08	2.84582365476e-09	1.46826077425e-08
     8	9.84268180711e-09	2.3646278566e-09	1.22073096637e-08
     9	8.56753593811e-09	2.05752525663e-09	1.06250611947e-08

Measurement: t_ro120
  step	t_ro120	FROM	TO
     1	6.42550747116e-09	1.55979933475e-09	7.9853068059e-09
     2	5.39773833339e-09	1.30433506762e-09	6.70207340101e-09
     3	4.73932329643e-09	1.1423141122e-09	5.88163740863e-09
     4	9.07496933418e-09	2.20544782351e-09	1.12804171577e-08
     5	7.46243746379e-09	1.80606217803e-09	9.26849964182e-09
     6	6.45456607416e-09	1.55849994824e-09	8.0130660224e-09
     7	1.32175708893e-08	3.21277123947e-09	1.64303421288e-08
     8	1.07781045069e-08	2.6105181608e-09	1.33886226677e-08
     9	9.25826770125e-09	2.23762387087e-09	1.14958915721e-08

Measurement: t_ro121
  step	t_ro121	FROM	TO
     1	5.85154323824e-09	1.40043646298e-09	7.25197970123e-09
     2	4.99899552548e-09	1.19481659357e-09	6.19381211905e-09
     3	4.45219828524e-09	1.06383072033e-09	5.51602900556e-09
     4	8.07021791676e-09	1.93114849914e-09	1.00013664159e-08
     5	6.78142703185e-09	1.62131043218e-09	8.40273746403e-09
     6	5.95372351167e-09	1.42251555815e-09	7.37623906982e-09
     7	1.15519737268e-08	2.76356334806e-09	1.43155370748e-08
     8	9.63345155022e-09	2.30283517298e-09	1.19362867232e-08
     9	8.40518986715e-09	2.00807613729e-09	1.04132660044e-08

Measurement: t_ro122
  step	t_ro122	FROM	TO
     1	6.03102065439e-09	1.45083446801e-09	7.4818551224e-09
     2	5.12568304299e-09	1.23032720933e-09	6.35601025232e-09
     3	4.54614014682e-09	1.08992856701e-09	5.63606871383e-09
     4	8.36175134729e-09	2.01296206306e-09	1.03747134104e-08
     5	6.98538082865e-09	1.67768757579e-09	8.66306840444e-09
     6	6.10652533331e-09	1.46470898495e-09	7.57123431826e-09
     7	1.20271209207e-08	2.89568613493e-09	1.49228070556e-08
     8	9.96880685659e-09	2.39480716423e-09	1.23636140208e-08
     9	8.65941291993e-09	2.07758722436e-09	1.07370001443e-08

Measurement: t_ro123
  step	t_ro123	FROM	TO
     1	6.18646193906e-09	1.48441242485e-09	7.67087436391e-09
     2	5.23046279777e-09	1.25258526566e-09	6.48304806343e-09
     3	4.6218116293e-09	1.10565100008e-09	5.72746262938e-09
     4	8.64712747546e-09	2.07536111067e-09	1.07224885861e-08
     5	7.17397997588e-09	1.71848129417e-09	8.89246127006e-09
     6	6.2400567318e-09	1.49342641643e-09	7.73348314823e-09
     7	1.25025694407e-08	3.00027925731e-09	1.55028486981e-08
     8	1.02897519154e-08	2.46487605317e-09	1.27546279686e-08
     9	8.89646658547e-09	2.12893908209e-09	1.10254056676e-08

Measurement: t_ro124
  step	t_ro124	FROM	TO
     1	5.75995211345e-09	1.38449350539e-09	7.14444561884e-09
     2	4.95084087642e-09	1.18846450479e-09	6.13930538121e-09
     3	4.41162969414e-09	1.05788802442e-09	5.46951771856e-09
     4	7.88669745465e-09	1.89709244547e-09	9.78378990011e-09
     5	6.65875497891e-09	1.59950034943e-09	8.25825532834e-09
     6	5.86407679041e-09	1.40707858447e-09	7.27115537488e-09
     7	1.12342803607e-08	2.70267743158e-09	1.39369577923e-08
     8	9.41644925236e-09	2.2627357326e-09	1.1679184985e-08
     9	8.24358681836e-09	1.97888145091e-09	1.02224682693e-08

Measurement: t_ro125
  step	t_ro125	FROM	TO
     1	6.07244957074e-09	1.45697277789e-09	7.52942234863e-09
     2	5.1356371638e-09	1.23089621713e-09	6.36653338094e-09
     3	4.55090406397e-09	1.09061370341e-09	5.64151776738e-09
     4	8.42980095211e-09	2.02307772257e-09	1.04528786747e-08
     5	7.00962665899e-09	1.68054078656e-09	8.69016744555e-09
     6	6.11419532433e-09	1.46537759361e-09	7.57957291794e-09
     7	1.21274282971e-08	2.91052848273e-09	1.50379567799e-08
     8	1.0004595629e-08	2.39889081914e-09	1.24034864481e-08
     9	8.67146205421e-09	2.07825611336e-09	1.07497181676e-08

Measurement: t_ro126
  step	t_ro126	FROM	TO
     1	6.29772874442e-09	1.51017700616e-09	7.80790575058e-09
     2	5.27999894903e-09	1.26379922296e-09	6.54379817199e-09
     3	4.65743552467e-09	1.11388472726e-09	5.77132025193e-09
     4	8.89702172651e-09	2.13355138341e-09	1.10305731099e-08
     5	7.32767676646e-09	1.75442347672e-09	9.08210024317e-09
     6	6.34905336401e-09	1.51853166777e-09	7.86758503178e-09
     7	1.29560640823e-08	3.10623207472e-09	1.60622961571e-08
     8	1.05802193535e-08	2.5329482669e-09	1.31131676204e-08
     9	9.10261087788e-09	2.1770237008e-09	1.12796345787e-08

Measurement: t_ro127
  step	t_ro127	FROM	TO
     1	6.11521617322e-09	1.47600573838e-09	7.5912219116e-09
     2	5.18080574391e-09	1.24892651149e-09	6.4297322554e-09
     3	4.58261341844e-09	1.10407358295e-09	5.68668700139e-09
     4	8.52048172558e-09	2.05976368778e-09	1.05802454134e-08
     5	7.08729071749e-09	1.7105897661e-09	8.79788048359e-09
     6	6.17844014062e-09	1.49017045611e-09	7.66861059672e-09
     7	1.22967458083e-08	2.97509271822e-09	1.52718385266e-08
     8	1.01468928447e-08	2.45093598092e-09	1.25978288256e-08
     9	8.78769428329e-09	2.12106070374e-09	1.0908754987e-08

Measurement: freq_ro0
  step	{80/t_ro0}
     1	13589136582
     2	15903331375
     3	17857197764
     4	9874645612.06
     5	11754088726.4
     6	13391049738.9
     7	6907241342.61
     8	8282549548.34
     9	9493236630.36

Measurement: freq_ro1
  step	{80/t_ro1}
     1	13513512209.8
     2	15821290331.7
     3	17808630474.6
     4	9761383821.16
     5	11641219952.9
     6	13284739193.2
     7	6804089946.89
     8	8176813766.34
     9	9388446366.19

Measurement: freq_ro2
  step	{80/t_ro2}
     1	13380643034.1
     2	15724140693.8
     3	17725445386
     4	9645302140.5
     5	11537869791.7
     6	13190396787.6
     7	6705504008.03
     8	8084478860.76
     9	9302447386.03

Measurement: freq_ro3
  step	{80/t_ro3}
     1	12899047178.3
     2	15262280173.2
     3	17274484984.4
     4	9224257512.99
     5	11113029846.2
     6	12774290367.2
     7	6370412147.71
     8	7737645182.33
     9	8951237615.35

Measurement: freq_ro4
  step	{80/t_ro4}
     1	13714401020.9
     2	16032785470.3
     3	17994812231.1
     4	9999430792.25
     5	11882664350.8
     6	13513928467.4
     7	7007268550.04
     8	8388628577.99
     9	9603011828.5

Measurement: freq_ro5
  step	{80/t_ro5}
     1	13354520879.1
     2	15726498640.7
     3	17736009090
     4	9615199882.3
     5	11533015182.2
     6	13190805963.7
     7	6691334451.13
     8	8089624869.54
     9	9314885236.07

Measurement: freq_ro6
  step	{80/t_ro6}
     1	13959602744
     2	16236308239
     3	18181996755.1
     4	10221146585
     5	12080400906.1
     6	13699177646.3
     7	7189117793.52
     8	8557264934.61
     9	9760870203.85

Measurement: freq_ro7
  step	{80/t_ro7}
     1	12565193158
     2	15006681604.5
     3	17109224683.9
     4	8884091624.74
     5	10838298299.7
     6	12541422089.5
     7	6094876105.46
     8	7502405428.93
     9	8745193109.77

Measurement: freq_ro8
  step	{80/t_ro8}
     1	13973004779.9
     2	16221195149.7
     3	18181582408.6
     4	10250181367.3
     5	12101308912.7
     6	13713265569.8
     7	7217068749.88
     8	8579771879.56
     9	9778825150.41

Measurement: freq_ro9
  step	{80/t_ro9}
     1	12905039073.3
     2	15262201603.5
     3	17241399753.8
     4	9264941371.71
     5	11158627381.9
     6	12820384373.9
     7	6416064440.77
     8	7786621412.16
     9	9000908900.59

Measurement: freq_ro10
  step	{80/t_ro10}
     1	13124454162.7
     2	15470515362.6
     3	17481580202.5
     4	9448624125.48
     5	11341165900.6
     6	12996151547.6
     7	6557426512.6
     8	7931552989.17
     9	9147353640.9

Measurement: freq_ro11
  step	{80/t_ro11}
     1	13011691295.6
     2	15356690206.1
     3	17350321549.7
     4	9335943781.84
     5	11213987597
     6	12863605615
     7	6464806562.14
     8	7824987155.98
     9	9033403217.67

Measurement: freq_ro12
  step	{80/t_ro12}
     1	12536149727.3
     2	14918035671.1
     3	16965682157.9
     4	8924893526.18
     5	10819865798.9
     6	12488688601.7
     7	6140708012.71
     8	7503942339.67
     9	8718784606.1

Measurement: freq_ro13
  step	{80/t_ro13}
     1	13175977152.5
     2	15557029658.3
     3	17543797300.2
     4	9469494183.18
     5	11371146615.2
     6	13033316293.3
     7	6559536255.75
     8	7939330496.45
     9	9159384052.79

Measurement: freq_ro14
  step	{80/t_ro14}
     1	13868112047.5
     2	16129032392.4
     3	18062400378.8
     4	10138295980.1
     5	11991827624.3
     6	13607139986
     7	7131319129.93
     8	8493948488.02
     9	9693595386.35

Measurement: freq_ro15
  step	{80/t_ro15}
     1	14115110135.3
     2	16365881932.6
     3	18297651008.5
     4	10375539722.4
     5	12218865520
     6	13824497108.3
     7	7320011685.69
     8	8680096993.99
     9	9875023291.11

Measurement: freq_ro16
  step	{80/t_ro16}
     1	13415343976.9
     2	15718967542.8
     3	17722206341.3
     4	9733149012.34
     5	11615500617.1
     6	13258387098
     7	6794898867.63
     8	8169911836.85
     9	9382828745.09

Measurement: freq_ro17
  step	{80/t_ro17}
     1	13157886915.6
     2	15541410422.9
     3	17524790885.7
     4	9496811143.16
     5	11380172408.8
     6	13029410698.3
     7	6596513141.17
     8	7964588277.57
     9	9175559065.42

Measurement: freq_ro18
  step	{80/t_ro18}
     1	13978687044
     2	16245732011.8
     3	18188007624
     4	10245809705.7
     5	12098770695
     6	13712116755.8
     7	7208010806.99
     8	8571286919.3
     9	9770431003.36

Measurement: freq_ro19
  step	{80/t_ro19}
     1	13014420385.5
     2	15389238057
     3	17400882394.6
     4	9324966739.72
     5	11227533807.7
     6	12888497862.3
     7	6455044311.2
     8	7835013656.03
     9	9053773707.27

Measurement: freq_ro20
  step	{80/t_ro20}
     1	12423661127.4
     2	14814505800.5
     3	16862954268.9
     4	8819943052.24
     5	10724795326.5
     6	12400874369.1
     7	6061013782.83
     8	7430083441.86
     9	8648876909.88

Measurement: freq_ro21
  step	{80/t_ro21}
     1	13305955694.5
     2	15625009979.1
     3	17615069786.3
     4	9621426064.64
     5	11494993815.7
     6	13133237923.5
     7	6702857516.04
     8	8067803767
     9	9274418374.26

Measurement: freq_ro22
  step	{80/t_ro22}
     1	13260314019.3
     2	15626286549.8
     3	17626199388.1
     4	9529018890.08
     5	11424849981
     6	13078903821.1
     7	6608237379.65
     8	7986443253.47
     9	9202572519.17

Measurement: freq_ro23
  step	{80/t_ro23}
     1	13788829117.4
     2	16127256327
     3	18094064602.8
     4	10018017050.7
     5	11917272753.7
     6	13557468577.3
     7	7020419730.57
     8	8414707704.78
     9	9633824394.92

Measurement: freq_ro24
  step	{80/t_ro24}
     1	12853363084.8
     2	15209337127.6
     3	17241379221.9
     4	9203756713.84
     5	11099085034.9
     6	12758322435.4
     7	6362549427.04
     8	7733309784.68
     9	8949172109.1

Measurement: freq_ro25
  step	{80/t_ro25}
     1	13808696880.6
     2	16129025596.3
     3	18042017935.8
     4	10092715772.6
     5	11947235460.3
     6	13567015412.5
     7	7085375390.43
     8	8445859608.27
     9	9646497672.61

Measurement: freq_ro26
  step	{80/t_ro26}
     1	13450409480.2
     2	15772671312.4
     3	17766388854.6
     4	9745971831.24
     5	11631592351.5
     6	13278345367.1
     7	6802692430.54
     8	8181449277.34
     9	9396039560

Measurement: freq_ro27
  step	{80/t_ro27}
     1	13157889959
     2	15499931378.9
     3	17486089036.3
     4	9487608276.29
     5	11363569122.3
     6	13007821858.4
     7	6589448778.19
     8	7950363857.02
     9	9157436991.88

Measurement: freq_ro28
  step	{80/t_ro28}
     1	12674049687.4
     2	15078378655.3
     3	17103592337.6
     4	9041145792.41
     5	10946268682.1
     6	12615777977
     7	6235831123.02
     8	7611811133.44
     9	8832008918.57

Measurement: freq_ro29
  step	{80/t_ro29}
     1	13091298189
     2	15460569371
     3	17482333976.7
     4	9386385567.98
     5	11301558787.5
     6	12970146114.2
     7	6501727009.33
     8	7892834767.22
     9	9119444004.71

Measurement: freq_ro30
  step	{80/t_ro30}
     1	12524773603.3
     2	14946882784.1
     3	17005266005
     4	8908838586.51
     5	10826523701.3
     6	12503966457.4
     7	6124084282.86
     8	7504806717.25
     9	8729482452.96

Measurement: freq_ro31
  step	{80/t_ro31}
     1	12247632604.7
     2	14705895632
     3	16721135900.3
     4	8654965526.67
     5	10572474172.1
     6	12258742768.8
     7	5925107734.07
     8	7297426076.39
     9	8519544067.12

Measurement: freq_ro32
  step	{80/t_ro32}
     1	14194170120.2
     2	16479976466.3
     3	18426847285.4
     4	10424227487.7
     5	12302889628.3
     6	13930428090.6
     7	7349190018.42
     8	8735996527
     9	9949894039.53

Measurement: freq_ro33
  step	{80/t_ro33}
     1	13990139668.8
     2	16303101101
     3	18249378548.1
     4	10222309990.6
     5	12107081546.8
     6	13737307266.9
     7	7179488363.95
     8	8566068373.34
     9	9777784560.6

Measurement: freq_ro34
  step	{80/t_ro34}
     1	12598713850.8
     2	15003951566.7
     3	17054247938
     4	8947607020.83
     5	10869563384.5
     6	12543782723.2
     7	6155831532.73
     8	7538288919.72
     9	8762020448.42

Measurement: freq_ro35
  step	{80/t_ro35}
     1	13157889010.1
     2	15514598348.8
     3	17516796761.5
     4	9506197137.19
     5	11400044663.5
     6	13055793524.7
     7	6610652419.58
     8	7990754954.83
     9	9210140606.73

Measurement: freq_ro36
  step	{80/t_ro36}
     1	13812204488.6
     2	16129030607.4
     3	18053371655.1
     4	10071818716.5
     5	11932716822.1
     6	13554234985.4
     7	7065441566.45
     8	8431884446.12
     9	9635095467.13

Measurement: freq_ro37
  step	{80/t_ro37}
     1	12677233441.3
     2	15048818480.7
     3	17085647690.6
     4	9026210056.52
     5	10918008714.4
     6	12581796934.1
     7	6214000747.48
     8	7577373355.49
     9	8790460254.66

Measurement: freq_ro38
  step	{80/t_ro38}
     1	13616580622.5
     2	15937185085.6
     3	17904487968.5
     4	9890833705.53
     5	11767572449.3
     6	13404483145.3
     7	6914719902.99
     8	8287544899.06
     9	9498184991.9

Measurement: freq_ro39
  step	{80/t_ro39}
     1	14285688246.9
     2	16527470950.5
     3	18445477240.2
     4	10549691811.1
     5	12388065001.8
     6	13985504674.8
     7	7467972438.73
     8	8828569251.67
     9	10022082616.5

Measurement: freq_ro40
  step	{80/t_ro40}
     1	14867811838.6
     2	17073023112.6
     3	18942593298.6
     4	11073016229.4
     5	12896062626
     6	14471180136.9
     7	7902443232
     8	9262648114.82
     9	10448084472.9

Measurement: freq_ro41
  step	{80/t_ro41}
     1	13631553305.2
     2	15962736562.6
     3	17924566574.8
     4	9909629091.35
     5	11802498974.3
     6	13444211514
     7	6935747559.09
     8	8326088335.05
     9	9544150257.33

Measurement: freq_ro42
  step	{80/t_ro42}
     1	13726189388.8
     2	16053574072.2
     3	18035559281.3
     4	9967627032.81
     5	11872328950
     6	13514425399.4
     7	6975109466.74
     8	8374089938.79
     9	9596946322.38

Measurement: freq_ro43
  step	{80/t_ro43}
     1	13914600626.3
     2	16238424664.7
     3	18210923384.6
     4	10173130130.3
     5	12079684636.7
     6	13717893240.5
     7	7157160187.42
     8	8561264581.59
     9	9780615323.2

Measurement: freq_ro44
  step	{80/t_ro44}
     1	13319222831.4
     2	15673462331.4
     3	17689073340.6
     4	9599142095.69
     5	11506248031.6
     6	13166528545.1
     7	6675339571.46
     8	8064834772.67
     9	9289460500.96

Measurement: freq_ro45
  step	{80/t_ro45}
     1	13258151615.7
     2	15624979382.6
     3	17610405802.2
     4	9563377670.85
     5	11459331398.7
     6	13112490150.2
     7	6652187851.88
     8	8032827676.55
     9	9250204700.37

Measurement: freq_ro46
  step	{80/t_ro46}
     1	13959526844.6
     2	16286646017.9
     3	18249693324.1
     4	10206863078.1
     5	12100469073.4
     6	13733705642.2
     7	7171943263.95
     8	8566933781.52
     9	9782715066.19

Measurement: freq_ro47
  step	{80/t_ro47}
     1	13994596415.2
     2	16267337519.7
     3	18218545901.4
     4	10279723960.8
     5	12149347856.8
     6	13771739377.8
     7	7245457513.21
     8	8624764745.67
     9	9834277660.05

Measurement: freq_ro48
  step	{80/t_ro48}
     1	13662869576.8
     2	15976596185.2
     3	17939610051.8
     4	9953891132.8
     5	11823746530.9
     6	13456850903.4
     7	6968787832.73
     8	8337521047.41
     9	9545539587.44

Measurement: freq_ro49
  step	{80/t_ro49}
     1	14158548844.6
     2	16431132725.8
     3	18363465072.1
     4	10383950123.7
     5	12246216667.8
     6	13862349751.6
     7	7318931953.84
     8	8692311426.63
     9	9895896094.66

Measurement: freq_ro50
  step	{80/t_ro50}
     1	12606153561.6
     2	15031225981.9
     3	17101299926
     4	8912323829.86
     5	10854590580.2
     6	12547549869.8
     7	6116715438.49
     8	7516664180.89
     9	8752314718.27

Measurement: freq_ro51
  step	{80/t_ro51}
     1	14067129069.7
     2	16338636078.4
     3	18280072221.8
     4	10315874704.5
     5	12171557129.8
     6	13784647562.4
     7	7264728538.67
     8	8630755259.61
     9	9831266407.5

Measurement: freq_ro52
  step	{80/t_ro52}
     1	14295830778.1
     2	16609393630.5
     3	18518515355
     4	10544326139.1
     5	12412988291.7
     6	14027322364.8
     7	7455909283.81
     8	8839116732.03
     9	10046009417.7

Measurement: freq_ro53
  step	{80/t_ro53}
     1	13799677540.1
     2	16105947052.4
     3	18048066943.1
     4	10093724743
     5	11957619525.8
     6	13584120772.4
     7	7089759867.92
     8	8459151951.96
     9	9665570673.7

Measurement: freq_ro54
  step	{80/t_ro54}
     1	12195122822.5
     2	14602173961.7
     3	16666662791.8
     4	8607629201.27
     5	10524302725.4
     6	12208850900.7
     7	5893548558.16
     8	7268465668.31
     9	8492511471.86

Measurement: freq_ro55
  step	{80/t_ro55}
     1	13640362400.9
     2	15999298119
     3	17981577046
     4	9883256350.98
     5	11798501033.7
     6	13454190693.7
     7	6903582119.1
     8	8306702281.03
     9	9533838151.46

Measurement: freq_ro56
  step	{80/t_ro56}
     1	13457565695.5
     2	15779620289.5
     3	17778573518.1
     4	9721343556.09
     5	11603536022
     6	13246671596.1
     7	6770082820.5
     8	8142453975.86
     9	9354640593.93

Measurement: freq_ro57
  step	{80/t_ro57}
     1	13010820367.6
     2	15392528706.4
     3	17418978986.3
     4	9343694752.43
     5	11264669626.9
     6	12934697509.6
     7	6482690819.33
     8	7878725288.49
     9	9106602398.22

Measurement: freq_ro58
  step	{80/t_ro58}
     1	13982899828.9
     2	16232165712.2
     3	18193813353.2
     4	10259859181
     5	12115731192.6
     6	13729765068.3
     7	7225304105.35
     8	8591236690.4
     9	9791234990.28

Measurement: freq_ro59
  step	{80/t_ro59}
     1	13423730260.1
     2	15753386758.4
     3	17770583683.3
     4	9700240770.59
     5	11591143413.1
     6	13237999908.9
     7	6759673321.6
     8	8139561492.89
     9	9355027874.45

Measurement: freq_ro60
  step	{80/t_ro60}
     1	12638100216.2
     2	15062873693.4
     3	17132681195.4
     4	8955591269.18
     5	10889213321
     6	12577616528.3
     7	6157490877.7
     8	7551948796.29
     9	8784086560.43

Measurement: freq_ro61
  step	{80/t_ro61}
     1	13836461414
     2	16129035316.9
     3	18065478245.8
     4	10121613954.6
     5	11977582941.2
     6	13597553256
     7	7107378432.51
     8	8469601478.02
     9	9670753850.85

Measurement: freq_ro62
  step	{80/t_ro62}
     1	13513457392.8
     2	15868035422
     3	17857148059.6
     4	9748976033.53
     5	11673430822.2
     6	13335772415.5
     7	6791926928.06
     8	8200598881.31
     9	9431398355.66

Measurement: freq_ro63
  step	{80/t_ro63}
     1	14080663128.8
     2	16324234880
     3	18267041033
     4	10347343385.8
     5	12195089101.7
     6	13798858616.9
     7	7296841929
     8	8656433044.74
     9	9851854547.26

Measurement: freq_ro64
  step	{80/t_ro64}
     1	13175369146.2
     2	15538357196.8
     3	17555699320.9
     4	9452685080.1
     5	11354844967.3
     6	13014632935
     7	6552784177.34
     8	7934508518.17
     9	9154581395.33

Measurement: freq_ro65
  step	{80/t_ro65}
     1	13255674402.7
     2	15624987951.8
     3	17622139827.2
     4	9536259867.72
     5	11437656396.9
     6	13094673509.9
     7	6624457203.07
     8	8008397404.86
     9	9228390221.35

Measurement: freq_ro66
  step	{80/t_ro66}
     1	13579872925
     2	15891399724.7
     3	17857187951.3
     4	9878490554.02
     5	11751156958.9
     6	13384220553.8
     7	6912650910.96
     8	8284729812.54
     9	9493686051.99

Measurement: freq_ro67
  step	{80/t_ro67}
     1	14326830147.8
     2	16627960464.8
     3	18510024297.6
     4	10548345573.3
     5	12396050733
     6	13998490577.5
     7	7453097169.51
     8	8818985546.18
     9	10015591600.4

Measurement: freq_ro68
  step	{80/t_ro68}
     1	13682938552.5
     2	16048818111.1
     3	17991204959.6
     4	9907776316.03
     5	11805511517.9
     6	13449993684
     7	6919389280.91
     8	8308916460.66
     9	9526243079.07

Measurement: freq_ro69
  step	{80/t_ro69}
     1	14033402117.7
     2	16317278535.4
     3	18259568755.7
     4	10290201424
     5	12160162782.4
     6	13782375567.1
     7	7241660018.7
     8	8619278560.68
     9	9825956422.27

Measurement: freq_ro70
  step	{80/t_ro70}
     1	13265728513.6
     2	15624919174.9
     3	17606661274.4
     4	9560642432
     5	11454481496.2
     6	13105946990.1
     7	6647161405.06
     8	8025813123.78
     9	9241570978.48

Measurement: freq_ro71
  step	{80/t_ro71}
     1	13551419236.3
     2	15873617068.2
     3	17857130702.9
     4	9862709913.44
     5	11738876175.7
     6	13377962923.1
     7	6895729593.36
     8	8267211374.43
     9	9478261626.77

Measurement: freq_ro72
  step	{80/t_ro72}
     1	12961112769.2
     2	15295848348.8
     3	17318855113.6
     4	9329052867.81
     5	11210366166
     6	12863699565.5
     7	6469542817.19
     8	7833617794.17
     9	9045557496.6

Measurement: freq_ro73
  step	{80/t_ro73}
     1	12820513653.2
     2	15217281870.3
     3	17241380119.7
     4	9094170930.1
     5	11027025379.1
     6	12711422966.8
     7	6260814138.09
     8	7657059502.19
     9	8889269050.47

Measurement: freq_ro74
  step	{80/t_ro74}
     1	12906816527.1
     2	15277479735.5
     3	17295727139.5
     4	9213075682.09
     5	11111170514.2
     6	12774807528.4
     7	6360055446.39
     8	7733812117.71
     9	8950832408.37

Measurement: freq_ro75
  step	{80/t_ro75}
     1	13590492928
     2	15948128693.3
     3	17931469465.3
     4	9845022627.04
     5	11748610947.7
     6	13401001733.3
     7	6865691018
     8	8257698947.78
     9	9479412532.65

Measurement: freq_ro76
  step	{80/t_ro76}
     1	13651435817.7
     2	15980258295.7
     3	17947783733
     4	9928637161.42
     5	11818093040.2
     6	13457956921.1
     7	6945957033.86
     8	8330313959.38
     9	9545076885.42

Measurement: freq_ro77
  step	{80/t_ro77}
     1	13488357604.1
     2	15786054643.3
     3	17770173810.5
     4	9775318109.51
     5	11638867815.9
     6	13271626127.9
     7	6820737164.38
     8	8180454313.32
     9	9384538827.01

Measurement: freq_ro78
  step	{80/t_ro78}
     1	13498270274.2
     2	15842624145.8
     3	17838799400
     4	9744528866.51
     5	11655402306.5
     6	13309120148.1
     7	6793256238.9
     8	8189013340.46
     9	9409828114.36

Measurement: freq_ro79
  step	{80/t_ro79}
     1	12986260563.6
     2	15436693083.6
     3	17486475603.8
     4	9259199409.61
     5	11233037085.3
     6	12930877775.9
     7	6397489184.27
     8	7830369293.9
     9	9078191107.04

Measurement: freq_ro80
  step	{80/t_ro80}
     1	12971638045.9
     2	15342249963.6
     3	17351158248.6
     4	9285437838.09
     5	11187563996.7
     6	12848137980.3
     7	6422135888.3
     8	7801828846
     9	9021055106.05

Measurement: freq_ro81
  step	{80/t_ro81}
     1	14225858524.1
     2	16491935686.7
     3	18407283148.8
     4	10499274507.6
     5	12354003391.8
     6	13960302330.3
     7	7429214907.86
     8	8801644722.09
     9	10000763005.9

Measurement: freq_ro82
  step	{80/t_ro82}
     1	13792711265.2
     2	16110378354
     3	18045699239.6
     4	10052675457.2
     5	11920349136.7
     6	13546272983.1
     7	7047677771.23
     8	8417579951.05
     9	9623711766.31

Measurement: freq_ro83
  step	{80/t_ro83}
     1	13062661961.9
     2	15391653405.9
     3	17397661283.3
     4	9412136818.21
     5	11288026298.9
     6	12935254340.8
     7	6535163477.36
     8	7897274939.22
     9	9106397172.63

Measurement: freq_ro84
  step	{80/t_ro84}
     1	13732040225.2
     2	16064759405.2
     3	18004770773.2
     4	10026575092.7
     5	11904754792.8
     6	13534971745.5
     7	7028705338.28
     8	8402036899.32
     9	9612917638.78

Measurement: freq_ro85
  step	{80/t_ro85}
     1	13548944663.5
     2	15865250362
     3	17837072640.1
     4	9852671046.96
     5	11727332408.7
     6	13361182717.9
     7	6894040401.76
     8	8265409252.61
     9	9473586175.68

Measurement: freq_ro86
  step	{80/t_ro86}
     1	13259425683.7
     2	15625006138.8
     3	17615187172.2
     4	9542283374.96
     5	11443775767.6
     6	13101365768.4
     7	6625028893.01
     8	8010999198.92
     9	9231363716.95

Measurement: freq_ro87
  step	{80/t_ro87}
     1	13157888485
     2	15504825374.9
     3	17514907877.6
     4	9464013071.04
     5	11358127010.3
     6	13012081015.4
     7	6568129480.97
     8	7944319342.51
     9	9160506768.01

Measurement: freq_ro88
  step	{80/t_ro88}
     1	13512094153.9
     2	15836780031.6
     3	17824282848.8
     4	9802661281.24
     5	11690115684
     6	13333297779.8
     7	6853117660.1
     8	8235644256.49
     9	9451063969.1

Measurement: freq_ro89
  step	{80/t_ro89}
     1	13776176239.3
     2	16069279690.8
     3	18024976906.6
     4	10064038166.1
     5	11928451948
     6	13557285009.1
     7	7062874071.4
     8	8432340209.73
     9	9638081495.89

Measurement: freq_ro90
  step	{80/t_ro90}
     1	12404216124.9
     2	14781189030.2
     3	16827780644.4
     4	8805131758.39
     5	10698451061.9
     6	12367023745.7
     7	6049671351.27
     8	7410530154.73
     9	8624096998.9

Measurement: freq_ro91
  step	{80/t_ro91}
     1	12387088545.2
     2	14798919712.9
     3	16886087110.5
     4	8738778340.56
     5	10667327227.1
     6	12356309790.6
     7	5984080451.21
     8	7369920792.54
     9	8598614669.97

Measurement: freq_ro92
  step	{80/t_ro92}
     1	12876656761.4
     2	15252031500.4
     3	17280399798.9
     4	9219794547.18
     5	11114588688.7
     6	12782989481.2
     7	6369506041.83
     8	7741370079.57
     9	8958834049.38

Measurement: freq_ro93
  step	{80/t_ro93}
     1	12579229518
     2	14972860477.7
     3	17021359637.3
     4	8948516258.12
     5	10855344294.2
     6	12529805541.7
     7	6155649006.07
     8	7527034093.69
     9	8747007955.34

Measurement: freq_ro94
  step	{80/t_ro94}
     1	13326503646.7
     2	15661804042
     3	17691810167.3
     4	9614068067.53
     5	11518728158.9
     6	13172328864.4
     7	6691013921.91
     8	8081724168.55
     9	9303530627.6

Measurement: freq_ro95
  step	{80/t_ro95}
     1	13116733418.1
     2	15465653143.1
     3	17469168693.4
     4	9437417139.18
     5	11324047241.7
     6	12975294481.7
     7	6548528858.7
     8	7916436297.07
     9	9128259115.66

Measurement: freq_ro96
  step	{80/t_ro96}
     1	13739124261
     2	16128986933.5
     3	18046571159.5
     4	9985744346.93
     5	11885201805.9
     6	13527973515.4
     7	6987082345.42
     8	8378736248.56
     9	9596380170.71

Measurement: freq_ro97
  step	{80/t_ro97}
     1	13241279290.3
     2	15601642278.7
     3	17601094275.3
     4	9530128916.58
     5	11424941807.7
     6	13078619353.2
     7	6614572703.74
     8	7991739216.14
     9	9207731800.4

Measurement: freq_ro98
  step	{80/t_ro98}
     1	13513425995.8
     2	15826601006.1
     3	17817520927.7
     4	9793059714.2
     5	11678750801.1
     6	13323399863.7
     7	6835624114.68
     8	8215649193.08
     9	9432343943.28

Measurement: freq_ro99
  step	{80/t_ro99}
     1	14263206919.9
     2	16503124176.1
     3	18435037881.2
     4	10486973250.1
     5	12343980533.3
     6	13955649373.3
     7	7404313413
     8	8775585491.81
     9	9977840174.52

Measurement: freq_ro100
  step	{80/t_ro100}
     1	13704781282.9
     2	16028292350.5
     3	17998676024.6
     4	9954226803.61
     5	11843106132.9
     6	13484051099.3
     7	6964866645.07
     8	8349459259.47
     9	9565060320.46

Measurement: freq_ro101
  step	{80/t_ro101}
     1	14030974570.8
     2	16310628205.4
     3	18253000543.7
     4	10305554687.6
     5	12165927567.3
     6	13784200714.4
     7	7259594040.79
     8	8628412958.92
     9	9831580345.39

Measurement: freq_ro102
  step	{80/t_ro102}
     1	13035376185.8
     2	15403991213.5
     3	17418797140.7
     4	9351463464.17
     5	11254837013.1
     6	12917115205.4
     7	6477771585.94
     8	7859726115.88
     9	9080869872.15

Measurement: freq_ro103
  step	{80/t_ro103}
     1	13603456953.4
     2	15957619383.8
     3	17959946883
     4	9831856198.01
     5	11757814552.3
     6	13416891161.5
     7	6862223821.13
     8	8274063877.71
     9	9504321356.9

Measurement: freq_ro104
  step	{80/t_ro104}
     1	13061523066.3
     2	15432203927
     3	17438706240.5
     4	9373703535.34
     5	11281121565.5
     6	12944696490.6
     7	6494513678.69
     8	7878975733.41
     9	9100566867.12

Measurement: freq_ro105
  step	{80/t_ro105}
     1	13068917036
     2	15436276737.2
     3	17425298001.7
     4	9393540822.71
     5	11293222055.7
     6	12949602426.8
     7	6514487678.97
     8	7894580262.96
     9	9111171838.05

Measurement: freq_ro106
  step	{80/t_ro106}
     1	12195104685.1
     2	14650383703.4
     3	16701226468.5
     4	8625956519.55
     5	10548826539.1
     6	12239491959.8
     7	5907507861.85
     8	7286298894.7
     9	8514104459.12

Measurement: freq_ro107
  step	{80/t_ro107}
     1	13573290533.3
     2	15898380925.7
     3	17857198651.3
     4	9858516302.99
     5	11736043701
     6	13370951224.8
     7	6884274601.68
     8	8257227366.65
     9	9465696722.21

Measurement: freq_ro108
  step	{80/t_ro108}
     1	12937339057
     2	15292224894
     3	17306640109.7
     4	9297197175.12
     5	11191079855.1
     6	12849157434.3
     7	6446115722.19
     8	7819568999.14
     9	9036071866.93

Measurement: freq_ro109
  step	{80/t_ro109}
     1	12738015111.8
     2	15104867507.7
     3	17136988527.6
     4	9119510851.62
     5	11013785837.5
     6	12677126902.1
     7	6302845122.64
     8	7672351824.29
     9	8888854718.48

Measurement: freq_ro110
  step	{80/t_ro110}
     1	12542850650.7
     2	15007056224.8
     3	17079903809.2
     4	8852000498.88
     5	10818316376.7
     6	12522560831.7
     7	6073035815.06
     8	7491449320.58
     9	8737344660.03

Measurement: freq_ro111
  step	{80/t_ro111}
     1	14128960607.6
     2	16396575197.1
     3	18340624524.1
     4	10358030340
     5	12219378689.7
     6	13834560503.1
     7	7297609123.93
     8	8670598154.15
     9	9873731266.22

Measurement: freq_ro112
  step	{80/t_ro112}
     1	12408249202
     2	14816420603
     3	16874286636.2
     4	8762043053.36
     5	10674526589.5
     6	12353113695.2
     7	6006121271.5
     8	7379617031.06
     9	8599802106.66

Measurement: freq_ro113
  step	{80/t_ro113}
     1	13564593667.5
     2	15872713445.3
     3	17840155390.8
     4	9889195960.2
     5	11758432010.9
     6	13388317956.5
     7	6927491408.68
     8	8296702737.03
     9	9502746338.17

Measurement: freq_ro114
  step	{80/t_ro114}
     1	12075280536.2
     2	14579440133.1
     3	16666665686.7
     4	8449901752.31
     5	10430749692.3
     6	12154905370.5
     7	5764400490.09
     8	7183840072.74
     9	8435608168.13

Measurement: freq_ro115
  step	{80/t_ro115}
     1	13321562047.5
     2	15637346710.3
     3	17665265584.6
     4	9589295403.19
     5	11478453863.2
     6	13128874496.3
     7	6662770463.5
     8	8037726243.12
     9	9252252003.15

Measurement: freq_ro116
  step	{80/t_ro116}
     1	13386829261.1
     2	15733864793.9
     3	17758478728.5
     4	9698646436.46
     5	11614787228
     6	13270987069.3
     7	6770702428.25
     8	8170703310.23
     9	9396962547.53

Measurement: freq_ro117
  step	{80/t_ro117}
     1	13173957185.1
     2	15624927542.2
     3	17601322814.6
     4	9475592796.8
     5	11401179379.7
     6	13073798213.9
     7	6575673925.6
     8	7976717501.08
     9	9208097128.1

Measurement: freq_ro118
  step	{80/t_ro118}
     1	12861366910.8
     2	15207061931.8
     3	17241380296
     4	9199468509.66
     5	11075963880.1
     6	12727124302.6
     7	6353449756.05
     8	7708612783.4
     9	8915004905.86

Measurement: freq_ro119
  step	{80/t_ro119}
     1	13453760971.7
     2	15767244420.5
     3	17755991400.4
     4	9708225280.38
     5	11587472852.3
     6	13228567895.1
     7	6758592486.52
     8	8127866121.02
     9	9337573904.32

Measurement: freq_ro120
  step	{80/t_ro120}
     1	12450378489
     2	14821022261.3
     3	16880047001.7
     4	8815456786.03
     5	10720357844
     6	12394326602.4
     7	6052549342.84
     8	7422455400.09
     9	8640925341.7

Measurement: freq_ro121
  step	{80/t_ro121}
     1	13671607086
     2	16003214964.3
     3	17968651635.6
     4	9912991300.26
     5	11796927051.5
     6	13436969292.1
     7	6925223506.58
     8	8304396361.26
     9	9517928953.96

Measurement: freq_ro122
  step	{80/t_ro122}
     1	13264753113
     2	15607675958.3
     3	17597345751.9
     4	9567373708.85
     5	11452489415
     6	13100739886.2
     7	6651633464.69
     8	8025032599.27
     9	9238501586.62

Measurement: freq_ro123
  step	{80/t_ro123}
     1	12931462407.4
     2	15295013671.5
     3	17309229890
     4	9251627228.47
     5	11151411109.2
     6	12820396262.2
     7	6398684716.7
     8	7774725829.88
     9	8992334117.31

Measurement: freq_ro124
  step	{80/t_ro124}
     1	13889004357
     2	16158871189.1
     3	18133888278.6
     4	10143662852.5
     5	12014257958.6
     6	13642386152.1
     7	7121061379.22
     8	8495771373.69
     9	9704513552.51

Measurement: freq_ro125
  step	{80/t_ro125}
     1	13174255145
     2	15577424465.2
     3	17578924731.3
     4	9490141043
     5	11412876019.2
     6	13084305580.1
     7	6596617027.12
     8	7996325185.61
     9	9225664541.9

Measurement: freq_ro126
  step	{80/t_ro126}
     1	12702992340
     2	15151518167.4
     3	17176834671.4
     4	8991773029.13
     5	10917512132.4
     6	12600303606.4
     7	6174714750.68
     8	7561279906.14
     9	8788687231.96

Measurement: freq_ro127
  step	{80/t_ro127}
     1	13082121340.3
     2	15441613516.2
     3	17457287511.5
     4	9389140494.24
     5	11287811265.1
     6	12948252015
     7	6505786266.3
     8	7884186935.32
     9	9103639409.95

Measurement: edge100_ro0
  step	V(ro0_out)={VTHRESH} 
     1	7.30667379479e-09
     2	6.24209744326e-09
     3	5.55692745081e-09
     4	1.00582005618e-08
     5	8.44755908069e-09
     6	7.41378611489e-09
     7	1.43824907951e-08
     8	1.19907428637e-08
     9	1.04599478035e-08

Measurement: edge100_ro1
  step	V(ro1_out)={VTHRESH} 
     1	7.34459227941e-09
     2	6.27138464515e-09
     3	5.5710984637e-09
     4	1.01683004412e-08
     5	8.52463036055e-09
     6	7.46895208539e-09
     7	1.45891154594e-08
     8	1.21376666943e-08
     9	1.05697505879e-08

Measurement: edge100_ro2
  step	V(ro2_out)={VTHRESH} 
     1	7.41487435873e-09
     2	6.30795889897e-09
     3	5.59473639617e-09
     4	1.02873321828e-08
     5	8.59762827249e-09
     6	7.51912827019e-09
     7	1.47979255022e-08
     8	1.22709512637e-08
     9	1.06625042516e-08

Measurement: edge100_ro3
  step	V(ro3_out)={VTHRESH} 
     1	7.69411372655e-09
     2	6.50123110409e-09
     3	5.74301281398e-09
     4	1.07601886849e-08
     5	8.92943305978e-09
     6	7.76712868449e-09
     7	1.55812399408e-08
     8	1.28250384394e-08
     9	1.10850101524e-08

Measurement: edge100_ro4
  step	V(ro4_out)={VTHRESH} 
     1	7.23317981068e-09
     2	6.1856830835e-09
     3	5.50980849949e-09
     4	9.92243645209e-09
     5	8.34725249532e-09
     6	7.33750057307e-09
     7	1.41587916393e-08
     8	1.18250834953e-08
     9	1.0327710722e-08

Measurement: edge100_ro5
  step	V(ro5_out)={VTHRESH} 
     1	7.42988478869e-09
     2	6.30676178541e-09
     3	5.59044252815e-09
     4	1.03207618468e-08
     5	8.60139962904e-09
     6	7.51849000044e-09
     7	1.48309181976e-08
     8	1.22638063451e-08
     9	1.06481692035e-08

Measurement: edge100_ro6
  step	V(ro6_out)={VTHRESH} 
     1	7.11736124127e-09
     2	6.11651832315e-09
     3	5.45996777683e-09
     4	9.72245920618e-09
     5	8.22241203009e-09
     6	7.24895847788e-09
     7	1.38243388666e-08
     8	1.16092252707e-08
     9	1.01752994736e-08

Measurement: edge100_ro7
  step	V(ro7_out)={VTHRESH} 
     1	7.90201870626e-09
     2	6.61571878176e-09
     3	5.80261565428e-09
     4	1.11803384027e-08
     5	9.16265248337e-09
     6	7.91780679204e-09
     7	1.63012258967e-08
     8	1.32395347016e-08
     9	1.13565590606e-08

Measurement: edge100_ro8
  step	V(ro8_out)={VTHRESH} 
     1	7.09663590857e-09
     2	6.11024886374e-09
     3	5.4513114862e-09
     4	9.67468025764e-09
     5	8.19141366173e-09
     6	7.22702610814e-09
     7	1.37402763338e-08
     8	1.15534883914e-08
     9	1.01345156669e-08

Measurement: edge100_ro9
  step	V(ro9_out)={VTHRESH} 
     1	7.68728443004e-09
     2	6.49835166154e-09
     3	5.75160569957e-09
     4	1.07081693218e-08
     5	8.88883904644e-09
     6	7.73556738742e-09
     7	1.54627894587e-08
     8	1.27384755273e-08
     9	1.10180616843e-08

Measurement: edge100_ro10
  step	V(ro10_out)={VTHRESH} 
     1	7.5624229809e-09
     2	6.41375723423e-09
     3	5.67404505395e-09
     4	1.05059053803e-08
     5	8.75074651067e-09
     6	7.63436845151e-09
     7	1.51391133879e-08
     8	1.25136961236e-08
     9	1.08481167345e-08

Measurement: edge100_ro11
  step	V(ro11_out)={VTHRESH} 
     1	7.62211242578e-09
     2	6.45614382407e-09
     3	5.71362153712e-09
     4	1.06232619138e-08
     5	8.84137211939e-09
     6	7.70626451011e-09
     7	1.53401563057e-08
     8	1.26700097199e-08
     9	1.09734117202e-08

Measurement: edge100_ro12
  step	V(ro12_out)={VTHRESH} 
     1	7.91732352774e-09
     2	6.649924232e-09
     3	5.84539438145e-09
     4	1.11229122624e-08
     5	9.1702469327e-09
     6	7.94228040076e-09
     7	1.61665452449e-08
     8	1.32234987331e-08
     9	1.13773010635e-08

Measurement: edge100_ro13
  step	V(ro13_out)={VTHRESH} 
     1	7.529487158e-09
     2	6.37537612642e-09
     3	5.65273954496e-09
     4	1.04772393704e-08
     5	8.72360385167e-09
     6	7.60968360483e-09
     7	1.51254890147e-08
     8	1.24946724504e-08
     9	1.08285766518e-08

Measurement: edge100_ro14
  step	V(ro14_out)={VTHRESH} 
     1	7.15708895973e-09
     2	6.15091798433e-09
     3	5.49148023427e-09
     4	9.79168557411e-09
     5	8.27504586265e-09
     6	7.29087289592e-09
     7	1.39214211583e-08
     8	1.16839891651e-08
     9	1.02355855838e-08

Measurement: edge100_ro15
  step	V(ro15_out)={VTHRESH} 
     1	7.02847815797e-09
     2	6.06053041776e-09
     3	5.4199999743e-09
     4	9.56238257648e-09
     5	8.11804369959e-09
     6	7.17436802223e-09
     7	1.35542507415e-08
     8	1.14282483596e-08
     9	1.00440489078e-08

Measurement: edge100_ro16
  step	V(ro16_out)={VTHRESH} 
     1	7.3875047093e-09
     2	6.30340440377e-09
     3	5.59078085749e-09
     4	1.01812469503e-08
     5	8.52997870478e-09
     6	7.47251590075e-09
     7	1.45818538267e-08
     8	1.21261966101e-08
     9	1.05580229593e-08

Measurement: edge100_ro17
  step	V(ro17_out)={VTHRESH} 
     1	7.53797674521e-09
     2	6.38131028021e-09
     3	5.65769020986e-09
     4	1.04453463485e-08
     5	8.71456549216e-09
     6	7.61005546736e-09
     7	1.50378538022e-08
     8	1.24518294059e-08
     9	1.08064738542e-08

Measurement: edge100_ro18
  step	V(ro18_out)={VTHRESH} 
     1	7.09042270652e-09
     2	6.09995041617e-09
     3	5.44807959987e-09
     4	9.67308970213e-09
     5	8.19002438096e-09
     6	7.22573707901e-09
     7	1.37483179421e-08
     8	1.15595269186e-08
     9	1.01399104086e-08

Measurement: edge100_ro19
  step	V(ro19_out)={VTHRESH} 
     1	7.63331669068e-09
     2	6.45195653876e-09
     3	5.70428534481e-09
     4	1.06598257707e-08
     5	8.84806768613e-09
     6	7.70503095381e-09
     7	1.54033482489e-08
     8	1.26827264713e-08
     9	1.09716736814e-08

Measurement: edge100_ro20
  step	V(ro20_out)={VTHRESH} 
     1	7.99013963492e-09
     2	6.69857798293e-09
     3	5.88343778232e-09
     4	1.12568549464e-08
     5	9.25462448853e-09
     6	8.0021620761e-09
     7	1.63824827732e-08
     8	1.33598196555e-08
     9	1.14751905651e-08

Measurement: edge100_ro21
  step	V(ro21_out)={VTHRESH} 
     1	7.45432825922e-09
     2	6.34457850376e-09
     3	5.62718155559e-09
     4	1.03092943323e-08
     5	8.62526575138e-09
     6	7.5476454554e-09
     7	1.47974534356e-08
     8	1.22889764019e-08
     9	1.0687764061e-08

Measurement: edge100_ro22
  step	V(ro22_out)={VTHRESH} 
     1	7.48312204264e-09
     2	6.34879836937e-09
     3	5.62772534171e-09
     4	1.04143759758e-08
     5	8.68468264792e-09
     6	7.58531957402e-09
     7	1.50181508943e-08
     8	1.24246095965e-08
     9	1.0781207112e-08

Measurement: edge100_ro23
  step	V(ro23_out)={VTHRESH} 
     1	7.19567537872e-09
     2	6.15120736225e-09
     3	5.48044529417e-09
     4	9.90513235571e-09
     5	8.3241987604e-09
     6	7.31528496772e-09
     7	1.41356490664e-08
     8	1.17901684021e-08
     9	1.02958659331e-08

Measurement: edge100_ro24
  step	V(ro24_out)={VTHRESH} 
     1	7.71524435855e-09
     2	6.51650517231e-09
     3	5.7473779749e-09
     4	1.07749400418e-08
     5	8.93065945687e-09
     6	7.76697437446e-09
     7	1.55855971207e-08
     8	1.28172313632e-08
     9	1.10728269754e-08

Measurement: edge100_ro25
  step	V(ro25_out)={VTHRESH} 
     1	7.17928242531e-09
     2	6.14634740145e-09
     3	5.49296333961e-09
     4	9.82230936536e-09
     5	8.29578413118e-09
     6	7.30454453441e-09
     7	1.39904709186e-08
     8	1.17343516156e-08
     9	1.0272726059e-08

Measurement: edge100_ro26
  step	V(ro26_out)={VTHRESH} 
     1	7.36731188513e-09
     2	6.28195971134e-09
     3	5.57686300784e-09
     4	1.01669234725e-08
     5	8.51775827333e-09
     6	7.46117311142e-09
     7	1.45644071391e-08
     8	1.21091027316e-08
     9	1.05432963352e-08

Measurement: edge100_ro27
  step	V(ro27_out)={VTHRESH} 
     1	7.53923689299e-09
     2	6.39944676758e-09
     3	5.67157599142e-09
     4	1.04576989697e-08
     5	8.72967056924e-09
     6	7.62476785676e-09
     7	1.50573826341e-08
     8	1.24775921014e-08
     9	1.08313915305e-08

Measurement: edge100_ro28
  step	V(ro28_out)={VTHRESH} 
     1	7.83661433917e-09
     2	6.58333660994e-09
     3	5.80253232246e-09
     4	1.09891891944e-08
     5	9.07120923659e-09
     6	7.86853209285e-09
     7	1.59350390358e-08
     8	1.30471978803e-08
     9	1.12415504555e-08

Measurement: edge100_ro29
  step	V(ro29_out)={VTHRESH} 
     1	7.57970728925e-09
     2	6.41629394014e-09
     3	5.67376349521e-09
     4	1.0572704352e-08
     5	8.77827253624e-09
     6	7.64820922623e-09
     7	1.52642627035e-08
     8	1.25702353301e-08
     9	1.08784841051e-08

Measurement: edge100_ro30
  step	V(ro30_out)={VTHRESH} 
     1	7.9257988899e-09
     2	6.63989228112e-09
     3	5.83580368568e-09
     4	1.11449210261e-08
     5	9.16894313762e-09
     6	7.93833358523e-09
     7	1.62147305315e-08
     8	1.32289929644e-08
     9	1.13719703879e-08

Measurement: edge100_ro31
  step	V(ro31_out)={VTHRESH} 
     1	8.09949676755e-09
     2	6.74375114e-09
     3	5.93030045839e-09
     4	1.14621464083e-08
     5	9.38084760303e-09
     6	8.0887065766e-09
     7	1.67427507171e-08
     8	1.35909461048e-08
     9	1.16389031079e-08

Measurement: edge100_ro32
  step	V(ro32_out)={VTHRESH} 
     1	6.99053985519e-09
     2	6.0212722687e-09
     3	5.38490934231e-09
     4	9.52035759253e-09
     5	8.06674427587e-09
     6	7.12427819732e-09
     7	1.35052175339e-08
     8	1.13618856358e-08
     9	9.97588625225e-09

Measurement: edge100_ro33
  step	V(ro33_out)={VTHRESH} 
     1	7.09085857818e-09
     2	6.08290302475e-09
     3	5.43309289466e-09
     4	9.70503504563e-09
     5	8.19213080785e-09
     6	7.21831405686e-09
     7	1.3818533518e-08
     8	1.15791822194e-08
     9	1.01420135347e-08

Measurement: edge100_ro34
  step	V(ro34_out)={VTHRESH} 
     1	7.8828262e-09
     2	6.61676615599e-09
     3	5.81975517346e-09
     4	1.11013376415e-08
     5	9.13536245753e-09
     6	7.91408697737e-09
     7	1.61369890323e-08
     8	1.31735949892e-08
     9	1.13312941999e-08

Measurement: edge100_ro35
  step	V(ro35_out)={VTHRESH} 
     1	7.54990772427e-09
     2	6.39486251274e-09
     3	5.6610523535e-09
     4	1.04610483041e-08
     5	8.70953848522e-09
     6	7.59958232666e-09
     7	1.50474481343e-08
     8	1.2431855353e-08
     9	1.07782054592e-08

Measurement: edge100_ro36
  step	V(ro36_out)={VTHRESH} 
     1	7.18356637766e-09
     2	6.15030431253e-09
     3	5.49287390402e-09
     4	9.85283435724e-09
     5	8.31300342188e-09
     6	7.31696964801e-09
     7	1.40459633592e-08
     8	1.17654783335e-08
     9	1.0294163286e-08

Measurement: edge100_ro37
  step	V(ro37_out)={VTHRESH} 
     1	7.83341280501e-09
     2	6.5956257886e-09
     3	5.80750923915e-09
     4	1.10046947607e-08
     5	9.09372609776e-09
     6	7.88878908171e-09
     7	1.59863677568e-08
     8	1.31045456296e-08
     9	1.12931966226e-08

Measurement: edge100_ro38
  step	V(ro38_out)={VTHRESH} 
     1	7.28520264038e-09
     2	6.22275822436e-09
     3	5.53814755585e-09
     4	1.00296165422e-08
     5	8.42813619368e-09
     6	7.39757950875e-09
     7	1.43463034173e-08
     8	1.19673981711e-08
     9	1.04402671419e-08

Measurement: edge100_ro39
  step	V(ro39_out)={VTHRESH} 
     1	6.94075809003e-09
     2	5.99673668301e-09
     3	5.37258600764e-09
     4	9.39798286806e-09
     5	8.00078453861e-09
     6	7.08589328108e-09
     7	1.32756862571e-08
     8	1.12263165393e-08
     9	9.88780181409e-09

Measurement: edge100_ro40
  step	V(ro40_out)={VTHRESH} 
     1	6.67140804167e-09
     2	5.80782563051e-09
     3	5.23381044026e-09
     4	8.95895446295e-09
     5	7.69035345413e-09
     6	6.85203138002e-09
     7	1.25542859348e-08
     8	1.0708012916e-08
     9	9.4915913852e-09

Measurement: edge100_ro41
  step	V(ro41_out)={VTHRESH} 
     1	7.24066853351e-09
     2	6.21334331646e-09
     3	5.53226317016e-09
     4	9.96210299203e-09
     5	8.33383327134e-09
     6	7.37969782308e-09
     7	1.4234180821e-08
     8	1.18467803289e-08
     9	1.04024446661e-08

Measurement: edge100_ro42
  step	V(ro42_out)={VTHRESH} 
     1	7.2358489717e-09
     2	6.18587595195e-09
     3	5.50555720934e-09
     4	9.96607555755e-09
     5	8.36570866664e-09
     6	7.34801176169e-09
     7	1.42431195567e-08
     8	1.18615000715e-08
     9	1.03490668551e-08

Measurement: edge100_ro43
  step	V(ro43_out)={VTHRESH} 
     1	7.1223422546e-09
     2	6.10309606012e-09
     3	5.44219021283e-09
     4	9.74139604556e-09
     5	8.20353221979e-09
     6	7.22375455063e-09
     7	1.38446217502e-08
     8	1.157347917e-08
     9	1.01304737692e-08

Measurement: edge100_ro44
  step	V(ro44_out)={VTHRESH} 
     1	7.45461931112e-09
     2	6.33345327425e-09
     3	5.61072525347e-09
     4	1.03463140497e-08
     5	8.62928897952e-09
     6	7.53991900767e-09
     7	1.48797650472e-08
     8	1.2313165782e-08
     9	1.06884032177e-08

Measurement: edge100_ro45
  step	V(ro45_out)={VTHRESH} 
     1	7.48226633317e-09
     2	6.34706359082e-09
     3	5.6311784034e-09
     4	1.03729689075e-08
     5	8.65544616744e-09
     6	7.56330767696e-09
     7	1.49124199044e-08
     8	1.23476485065e-08
     9	1.07214136158e-08

Measurement: edge100_ro46
  step	V(ro46_out)={VTHRESH} 
     1	7.10680740016e-09
     2	6.089985507e-09
     3	5.43387365865e-09
     4	9.72097415035e-09
     5	8.1976203614e-09
     6	7.22150748545e-09
     7	1.3835374417e-08
     8	1.15798338374e-08
     9	1.01391888106e-08

Measurement: edge100_ro47
  step	V(ro47_out)={VTHRESH} 
     1	7.09596478646e-09
     2	6.10336568996e-09
     3	5.44909702864e-09
     4	9.6619629304e-09
     5	8.17321780738e-09
     6	7.20945281954e-09
     7	1.3709445581e-08
     8	1.15142924998e-08
     9	1.00968753236e-08

Measurement: edge100_ro48
  step	V(ro48_out)={VTHRESH} 
     1	7.25915415162e-09
     2	6.2064270448e-09
     3	5.52646919639e-09
     4	9.9642626643e-09
     5	8.38650767884e-09
     6	7.36760130062e-09
     7	1.42321752153e-08
     8	1.18932860164e-08
     9	1.03865758773e-08

Measurement: edge100_ro49
  step	V(ro49_out)={VTHRESH} 
     1	7.00786043091e-09
     2	6.03725736909e-09
     3	5.40109451329e-09
     4	9.55634437678e-09
     5	8.10114172013e-09
     6	7.15548958721e-09
     7	1.35593641721e-08
     8	1.14144155211e-08
     9	1.00245615302e-08

Measurement: edge100_ro50
  step	V(ro50_out)={VTHRESH} 
     1	7.86952654425e-09
     2	6.59765848389e-09
     3	5.79794557059e-09
     4	1.11313831056e-08
     5	9.13683070261e-09
     6	7.90250682021e-09
     7	1.62186382573e-08
     8	1.31943718355e-08
     9	1.13294904558e-08

Measurement: edge100_ro51
  step	V(ro51_out)={VTHRESH} 
     1	7.04872322062e-09
     2	6.06668523907e-09
     3	5.42162372447e-09
     4	9.61220231717e-09
     5	8.14438646023e-09
     6	7.189939253e-09
     7	1.36488756958e-08
     8	1.14852547161e-08
     9	1.00810620756e-08

Measurement: edge100_ro52
  step	V(ro52_out)={VTHRESH} 
     1	6.93900420773e-09
     2	5.9704135646e-09
     3	5.35443658102e-09
     4	9.4085178072e-09
     5	7.98968776659e-09
     6	7.0686635744e-09
     7	1.33061578523e-08
     8	1.12206520728e-08
     9	9.87058194129e-09

Measurement: edge100_ro53
  step	V(ro53_out)={VTHRESH} 
     1	7.1964286518e-09
     2	6.16431774491e-09
     3	5.50005953965e-09
     4	9.84133875219e-09
     5	8.30447070774e-09
     6	7.3090623093e-09
     7	1.40132169199e-08
     8	1.17408269015e-08
     9	1.02736608757e-08

Measurement: edge100_ro54
  step	V(ro54_out)={VTHRESH} 
     1	8.13626248555e-09
     2	6.79135904182e-09
     3	5.9480845504e-09
     4	1.15289014419e-08
     5	9.42400862407e-09
     6	8.12109876503e-09
     7	1.68375911947e-08
     8	1.36457854187e-08
     9	1.16753201586e-08

Measurement: edge100_ro55
  step	V(ro55_out)={VTHRESH} 
     1	7.26987738014e-09
     2	6.19750986069e-09
     3	5.51428184268e-09
     4	1.00333670421e-08
     5	8.40362617471e-09
     6	7.36920563219e-09
     7	1.43632611407e-08
     8	1.19355614068e-08
     9	1.03987726869e-08

Measurement: edge100_ro56
  step	V(ro56_out)={VTHRESH} 
     1	7.37859591012e-09
     2	6.29172714067e-09
     3	5.58360317008e-09
     4	1.02168504299e-08
     5	8.55778235529e-09
     6	7.49522559561e-09
     7	1.46726243448e-08
     8	1.21969538423e-08
     9	1.06150669023e-08

Measurement: edge100_ro57
  step	V(ro57_out)={VTHRESH} 
     1	7.63156533117e-09
     2	6.44924012845e-09
     3	5.6984780773e-09
     4	1.06289493165e-08
     5	8.81401706091e-09
     6	7.67508801604e-09
     7	1.53216518474e-08
     8	1.26033564539e-08
     9	1.09025122626e-08

Measurement: edge100_ro58
  step	V(ro58_out)={VTHRESH} 
     1	7.09574465963e-09
     2	6.11100095556e-09
     3	5.45126112219e-09
     4	9.67133491087e-09
     5	8.18806532023e-09
     6	7.22451176921e-09
     7	1.37338461104e-08
     8	1.15478375771e-08
     9	1.0131165077e-08

Measurement: edge100_ro59
  step	V(ro59_out)={VTHRESH} 
     1	7.38990752564e-09
     2	6.29486575633e-09
     3	5.57889745972e-09
     4	1.02273332631e-08
     5	8.556109961e-09
     6	7.49017652972e-09
     7	1.46764325564e-08
     8	1.21848166659e-08
     9	1.05996510154e-08

Measurement: edge100_ro60
  step	V(ro60_out)={VTHRESH} 
     1	7.86162557499e-09
     2	6.59275039509e-09
     3	5.79393794772e-09
     4	1.10970166533e-08
     5	9.12183095065e-09
     6	7.8947041009e-09
     7	1.61413708796e-08
     8	1.31551039658e-08
     9	1.13065298896e-08

Measurement: edge100_ro61
  step	V(ro61_out)={VTHRESH} 
     1	7.16811684067e-09
     2	6.1469079493e-09
     3	5.48763884862e-09
     4	9.79945262848e-09
     5	8.27862505708e-09
     6	7.29098419166e-09
     7	1.39553273931e-08
     8	1.17076611391e-08
     9	1.02515405933e-08

Measurement: edge100_ro62
  step	V(ro62_out)={VTHRESH} 
     1	7.33726042989e-09
     2	6.2465395678e-09
     3	5.55028954573e-09
     4	1.01683943069e-08
     5	8.49091915034e-09
     6	7.43216869749e-09
     7	1.45944909051e-08
     8	1.20858845158e-08
     9	1.05082443054e-08

Measurement: edge100_ro63
  step	V(ro63_out)={VTHRESH} 
     1	7.04604557733e-09
     2	6.07651806947e-09
     3	5.42975813164e-09
     4	9.58891694316e-09
     5	8.13457674924e-09
     6	7.1884033771e-09
     7	1.35979403185e-08
     8	1.1460152326e-08
     9	1.00687079504e-08

Measurement: edge100_ro64
  step	V(ro64_out)={VTHRESH} 
     1	7.53452295821e-09
     2	6.38707499868e-09
     3	5.65265918914e-09
     4	1.05035868784e-08
     5	8.74225421912e-09
     6	7.62628205361e-09
     7	1.51532905306e-08
     8	1.25121165758e-08
     9	1.08431810859e-08

Measurement: edge100_ro65
  step	V(ro65_out)={VTHRESH} 
     1	7.48844392488e-09
     2	6.35204311276e-09
     3	5.6298350506e-09
     4	1.04111713255e-08
     5	8.67771316985e-09
     6	7.57791453926e-09
     7	1.49892487814e-08
     8	1.23954717768e-08
     9	1.07548341714e-08

Measurement: edge100_ro66
  step	V(ro66_out)={VTHRESH} 
     1	7.30045530637e-09
     2	6.23661362451e-09
     3	5.549681835e-09
     4	1.00347189259e-08
     5	8.4335886729e-09
     6	7.4037193303e-09
     7	1.43376553164e-08
     8	1.19611782467e-08
     9	1.04369332655e-08

Measurement: edge100_ro67
  step	V(ro67_out)={VTHRESH} 
     1	6.92123264959e-09
     2	5.96187100789e-09
     3	5.35525449316e-09
     4	9.40060483369e-09
     5	7.99776419299e-09
     6	7.08140228071e-09
     7	1.33043169054e-08
     8	1.12415956141e-08
     9	9.8972994074e-09

Measurement: edge100_ro68
  step	V(ro68_out)={VTHRESH} 
     1	7.24733567993e-09
     2	6.17749587408e-09
     3	5.50955196439e-09
     4	1.00086425669e-08
     5	8.39786243662e-09
     6	7.37000980404e-09
     7	1.43307955185e-08
     8	1.19318233121e-08
     9	1.04055877982e-08

Measurement: edge100_ro69
  step	V(ro69_out)={VTHRESH} 
     1	7.06658559901e-09
     2	6.075683882e-09
     3	5.42832297616e-09
     4	9.63731835694e-09
     5	8.15314325361e-09
     6	7.19204397885e-09
     7	1.36940789279e-08
     8	1.15027001396e-08
     9	1.00878973517e-08

Measurement: edge100_ro70
  step	V(ro70_out)={VTHRESH} 
     1	7.47531698913e-09
     2	6.346365464e-09
     3	5.63030196125e-09
     4	1.03723290277e-08
     5	8.65534404754e-09
     6	7.56368904664e-09
     7	1.49178934509e-08
     8	1.23524813637e-08
     9	1.07260595033e-08

Measurement: edge100_ro71
  step	V(ro71_out)={VTHRESH} 
     1	7.32384872609e-09
     2	6.25080356367e-09
     3	5.5551241429e-09
     4	1.00643764926e-08
     5	8.45414468046e-09
     6	7.41734644014e-09
     7	1.4395911395e-08
     8	1.20055603597e-08
     9	1.04703292485e-08

Measurement: edge100_ro72
  step	V(ro72_out)={VTHRESH} 
     1	7.65001187224e-09
     2	6.48061510042e-09
     3	5.72288020792e-09
     4	1.06284387429e-08
     5	8.8425446599e-09
     6	7.70505794331e-09
     7	1.53254780405e-08
     8	1.26540337156e-08
     9	1.09571918828e-08

Measurement: edge100_ro73
  step	V(ro73_out)={VTHRESH} 
     1	7.74256252976e-09
     2	6.52168648295e-09
     3	5.7544117175e-09
     4	1.0917570137e-08
     5	9.00157821332e-09
     6	7.80771129926e-09
     7	1.58593755782e-08
     8	1.29644944336e-08
     9	1.11658736608e-08

Measurement: edge100_ro74
  step	V(ro74_out)={VTHRESH} 
     1	7.69656508822e-09
     2	6.49941144351e-09
     3	5.7388568246e-09
     4	1.07856009604e-08
     5	8.93899758125e-09
     6	7.77264183574e-09
     7	1.56261007792e-08
     8	1.28449011683e-08
     9	1.10954487486e-08

Measurement: edge100_ro75
  step	V(ro75_out)={VTHRESH} 
     1	7.2989282062e-09
     2	6.21856587171e-09
     3	5.52982939375e-09
     4	1.00761124972e-08
     5	8.44205974626e-09
     6	7.40001098691e-09
     7	1.44487734197e-08
     8	1.20112563624e-08
     9	1.04617209806e-08

Measurement: edge100_ro76
  step	V(ro76_out)={VTHRESH} 
     1	7.2686313344e-09
     2	6.20789849032e-09
     3	5.52664639101e-09
     4	9.99529223895e-09
     5	8.3955373668e-09
     6	7.37173256119e-09
     7	1.42884953435e-08
     8	1.19119306348e-08
     9	1.03951554265e-08

Measurement: edge100_ro77
  step	V(ro77_out)={VTHRESH} 
     1	7.35307598974e-09
     2	6.28030764267e-09
     3	5.57775603376e-09
     4	1.01460875373e-08
     5	8.51876950534e-09
     6	7.46917204138e-09
     7	1.45409231106e-08
     8	1.21201904741e-08
     9	1.05629947488e-08

Measurement: edge100_ro78
  step	V(ro78_out)={VTHRESH} 
     1	7.34879393735e-09
     2	6.26061148645e-09
     3	5.56025133402e-09
     4	1.01794952973e-08
     5	8.50964301626e-09
     6	7.4522255869e-09
     7	1.46017244936e-08
     8	1.21114746957e-08
     9	1.0539946301e-08

Measurement: edge100_ro79
  step	V(ro79_out)={VTHRESH} 
     1	7.63821881086e-09
     2	6.42395772461e-09
     3	5.66988362859e-09
     4	1.07136611241e-08
     5	8.82852543701e-09
     6	7.66791553306e-09
     7	1.55054737465e-08
     8	1.26651983228e-08
     9	1.09223290666e-08

Measurement: edge100_ro80
  step	V(ro80_out)={VTHRESH} 
     1	7.64614799835e-09
     2	6.46182828788e-09
     3	5.7121275202e-09
     4	1.06818670002e-08
     5	8.86187633335e-09
     6	7.71434846902e-09
     7	1.54437163627e-08
     8	1.27074070981e-08
     9	1.09868227208e-08

Measurement: edge100_ro81
  step	V(ro81_out)={VTHRESH} 
     1	6.97486891902e-09
     2	6.01421458793e-09
     3	5.38714428442e-09
     4	9.45202513885e-09
     5	8.03040187523e-09
     6	7.10466421917e-09
     7	1.33592990918e-08
     8	1.12730100821e-08
     9	9.91945283908e-09

Measurement: edge100_ro82
  step	V(ro82_out)={VTHRESH} 
     1	7.18733283804e-09
     2	6.15225000152e-09
     3	5.49213817799e-09
     4	9.8609781864e-09
     5	8.31471209445e-09
     6	7.31608853218e-09
     7	1.40648030493e-08
     8	1.17742065107e-08
     9	1.02977220246e-08

Measurement: edge100_ro83
  step	V(ro83_out)={VTHRESH} 
     1	7.60167944028e-09
     2	6.44787289428e-09
     3	5.70278060879e-09
     4	1.05516662309e-08
     5	8.79367141034e-09
     6	7.67155133325e-09
     7	1.51973030505e-08
     8	1.25703499621e-08
     9	1.08982775681e-08

Measurement: edge100_ro84
  step	V(ro84_out)={VTHRESH} 
     1	7.22583587107e-09
     2	6.17561536107e-09
     3	5.50874154687e-09
     4	9.89743557049e-09
     5	8.33403125586e-09
     6	7.32884965911e-09
     7	1.41197771848e-08
     8	1.18092629546e-08
     9	1.0320143427e-08

Measurement: edge100_ro85
  step	V(ro85_out)={VTHRESH} 
     1	7.32486690531e-09
     2	6.25402599702e-09
     3	5.56153645953e-09
     4	1.00740528797e-08
     5	8.46181536127e-09
     6	7.4260069505e-09
     7	1.43985448388e-08
     8	1.20071236108e-08
     9	1.04745263337e-08

Measurement: edge100_ro86
  step	V(ro86_out)={VTHRESH} 
     1	7.48109951023e-09
     2	6.34553898904e-09
     3	5.62729251699e-09
     4	1.03961452016e-08
     5	8.66524787399e-09
     6	7.56659964655e-09
     7	1.497377522e-08
     8	1.23784546453e-08
     9	1.0738898758e-08

Measurement: edge100_ro87
  step	V(ro87_out)={VTHRESH} 
     1	7.54124036293e-09
     2	6.39787640016e-09
     3	5.66200165912e-09
     4	1.04851419086e-08
     5	8.73473559773e-09
     6	7.62249824218e-09
     7	1.51083138894e-08
     8	1.24883811107e-08
     9	1.08282347741e-08

Measurement: edge100_ro88
  step	V(ro88_out)={VTHRESH} 
     1	7.33437551298e-09
     2	6.25654486527e-09
     3	5.55861364461e-09
     4	1.01094494873e-08
     5	8.47561753808e-09
     6	7.43060072089e-09
     7	1.44590646686e-08
     8	1.20301333186e-08
     9	1.04823664399e-08

Measurement: edge100_ro89
  step	V(ro89_out)={VTHRESH} 
     1	7.2023645074e-09
     2	6.17280161003e-09
     3	5.50157747272e-09
     4	9.85995212713e-09
     5	8.31650031313e-09
     6	7.31565710828e-09
     7	1.40504176457e-08
     8	1.17657632549e-08
     9	1.02917937104e-08

Measurement: edge100_ro90
  step	V(ro90_out)={VTHRESH} 
     1	7.99968443566e-09
     2	6.71053779218e-09
     3	5.89341644354e-09
     4	1.12702730114e-08
     5	9.27184891279e-09
     6	8.01945583575e-09
     7	1.64031166652e-08
     8	1.33856791936e-08
     9	1.15001638942e-08

Measurement: edge100_ro91
  step	V(ro91_out)={VTHRESH} 
     1	8.01234063356e-09
     2	6.70398605067e-09
     3	5.87566554049e-09
     4	1.13605682108e-08
     5	9.30340067043e-09
     6	8.03164284369e-09
     7	1.65949820999e-08
     8	1.34695093647e-08
     9	1.15441803967e-08

Measurement: edge100_ro92
  step	V(ro92_out)={VTHRESH} 
     1	7.70605874226e-09
     2	6.50380567852e-09
     3	5.73925305099e-09
     4	1.07639372983e-08
     5	8.92532245077e-09
     6	7.75946338822e-09
     7	1.55813353285e-08
     8	1.28162388992e-08
     9	1.10723257318e-08

Measurement: edge100_ro93
  step	V(ro93_out)={VTHRESH} 
     1	7.88946621291e-09
     2	6.62680389873e-09
     3	5.82835605188e-09
     4	1.10917273208e-08
     5	9.14148082473e-09
     6	7.91888263768e-09
     7	1.61250788125e-08
     8	1.31847772382e-08
     9	1.13445966613e-08

Measurement: edge100_ro94
  step	V(ro94_out)={VTHRESH} 
     1	7.43903468507e-09
     2	6.32805153006e-09
     3	5.60095092939e-09
     4	1.03115916644e-08
     5	8.60403123429e-09
     6	7.52309436965e-09
     7	1.48154720264e-08
     8	1.22629538436e-08
     9	1.06507336902e-08

Measurement: edge100_ro95
  step	V(ro95_out)={VTHRESH} 
     1	7.56668675877e-09
     2	6.41572691232e-09
     3	5.67925861505e-09
     4	1.05180334674e-08
     5	8.76371701597e-09
     6	7.64739836417e-09
     7	1.51594614069e-08
     8	1.2537427891e-08
     9	1.08716528091e-08

Measurement: edge100_ro96
  step	V(ro96_out)={VTHRESH} 
     1	7.21929467964e-09
     2	6.15017212745e-09
     3	5.49498255765e-09
     4	9.93320332856e-09
     5	8.34441631948e-09
     6	7.33029207036e-09
     7	1.41963264615e-08
     8	1.18363932997e-08
     9	1.03334873602e-08

Measurement: edge100_ro97
  step	V(ro97_out)={VTHRESH} 
     1	7.49254323859e-09
     2	6.35771966136e-09
     3	5.63421634317e-09
     4	1.04110181965e-08
     5	8.68273833308e-09
     6	7.58329191677e-09
     7	1.50002043369e-08
     8	1.24132943269e-08
     9	1.07720910401e-08

Measurement: edge100_ro98
  step	V(ro98_out)={VTHRESH} 
     1	7.35574076597e-09
     2	6.2769618289e-09
     3	5.57436702777e-09
     4	1.0152175072e-08
     5	8.50872194018e-09
     6	7.45649639114e-09
     7	1.45462619242e-08
     8	1.20973056745e-08
     9	1.05340152212e-08

Measurement: edge100_ro99
  step	V(ro99_out)={VTHRESH} 
     1	6.95546842361e-09
     2	6.01040324557e-09
     3	5.37979500274e-09
     4	9.46062196909e-09
     5	8.03603340003e-09
     6	7.10717356073e-09
     7	1.33999898519e-08
     8	1.13042967172e-08
     9	9.94107708194e-09

Measurement: edge100_ro100
  step	V(ro100_out)={VTHRESH} 
     1	7.23477949883e-09
     2	6.18457675986e-09
     3	5.50700061383e-09
     4	9.96056469073e-09
     5	8.37023192739e-09
     6	7.35070027101e-09
     7	1.42350375199e-08
     8	1.18722437874e-08
     9	1.0362237877e-08

Measurement: edge100_ro101
  step	V(ro101_out)={VTHRESH} 
     1	7.0735802626e-09
     2	6.08451553373e-09
     3	5.43660703682e-09
     4	9.63217478424e-09
     5	8.15874811017e-09
     6	7.20027515252e-09
     7	1.36749964742e-08
     8	1.15050388389e-08
     9	1.00964567502e-08

Measurement: edge100_ro102
  step	V(ro102_out)={VTHRESH} 
     1	7.61065108969e-09
     2	6.43873494466e-09
     3	5.69357490922e-09
     4	1.0609461958e-08
     5	8.8135590532e-09
     6	7.67876121607e-09
     7	1.53163376783e-08
     8	1.26212724402e-08
     9	1.09234512546e-08

Measurement: edge100_ro103
  step	V(ro103_out)={VTHRESH} 
     1	7.30035875846e-09
     2	6.22182064645e-09
     3	5.5275961601e-09
     4	1.01044524664e-08
     5	8.44704505987e-09
     6	7.40128288314e-09
     7	1.44797932716e-08
     8	1.20056729436e-08
     9	1.04499474849e-08

Measurement: edge100_ro104
  step	V(ro104_out)={VTHRESH} 
     1	7.5964689313e-09
     2	6.42798147904e-09
     3	5.68729861027e-09
     4	1.0585641932e-08
     5	8.7936498415e-09
     6	7.66223062551e-09
     7	1.52788628137e-08
     8	1.25910968986e-08
     9	1.08990756829e-08

Measurement: edge100_ro105
  step	V(ro105_out)={VTHRESH} 
     1	7.5858721727e-09
     2	6.42008194209e-09
     3	5.68625288166e-09
     4	1.05533978738e-08
     5	8.77529542224e-09
     6	7.65140757343e-09
     7	1.52157824885e-08
     8	1.25521263792e-08
     9	1.08740977095e-08

Measurement: edge100_ro106
  step	V(ro106_out)={VTHRESH} 
     1	8.13469768087e-09
     2	6.76938647495e-09
     3	5.93657431583e-09
     4	1.15013220129e-08
     5	9.40118541451e-09
     6	8.10096878372e-09
     7	1.67931107263e-08
     8	1.36108359533e-08
     9	1.16458260971e-08

Measurement: edge100_ro107
  step	V(ro107_out)={VTHRESH} 
     1	7.31223198925e-09
     2	6.24202654775e-09
     3	5.55731310276e-09
     4	1.00695154889e-08
     5	8.45774756308e-09
     6	7.42286499239e-09
     7	1.44216794989e-08
     8	1.20226338251e-08
     9	1.0486939615e-08

Measurement: edge100_ro108
  step	V(ro108_out)={VTHRESH} 
     1	7.66857196943e-09
     2	6.48555135151e-09
     3	5.72960753447e-09
     4	1.06715552881e-08
     5	8.86283014763e-09
     6	7.71801116834e-09
     7	1.53913203146e-08
     8	1.26843100084e-08
     9	1.0974948678e-08

Measurement: edge100_ro109
  step	V(ro109_out)={VTHRESH} 
     1	7.79247559652e-09
     2	6.56847069927e-09
     3	5.78812353632e-09
     4	1.08860265958e-08
     5	9.00976115591e-09
     6	7.82554548257e-09
     7	1.57514780113e-08
     8	1.29346069041e-08
     9	1.11615733838e-08

Measurement: edge100_ro110
  step	V(ro110_out)={VTHRESH} 
     1	7.91971449617e-09
     2	6.61682124011e-09
     3	5.81247650879e-09
     4	1.12238964041e-08
     5	9.18036697029e-09
     6	7.92931308153e-09
     7	1.63608052222e-08
     8	1.32584303854e-08
     9	1.13656485207e-08

Measurement: edge100_ro111
  step	V(ro111_out)={VTHRESH} 
     1	7.02629372351e-09
     2	6.05318376322e-09
     3	5.41075017789e-09
     4	9.58754769765e-09
     5	8.1253691541e-09
     6	7.17557485005e-09
     7	1.36111832552e-08
     8	1.14533486031e-08
     9	1.00563028557e-08

Measurement: edge100_ro112
  step	V(ro112_out)={VTHRESH} 
     1	8.00096200739e-09
     2	6.6967341975e-09
     3	5.879017358e-09
     4	1.13342997625e-08
     5	9.29732980906e-09
     6	8.03203346596e-09
     7	1.65388932694e-08
     8	1.34505637476e-08
     9	1.15390190344e-08

Measurement: edge100_ro113
  step	V(ro113_out)={VTHRESH} 
     1	7.30912900424e-09
     2	6.24427920962e-09
     3	5.55415856146e-09
     4	1.00258491389e-08
     5	8.42910182509e-09
     6	7.40143121892e-09
     7	1.43115335265e-08
     8	1.19458200583e-08
     9	1.0427529343e-08

Measurement: edge100_ro114
  step	V(ro114_out)={VTHRESH} 
     1	8.23735329085e-09
     2	6.81192621684e-09
     3	5.9525045184e-09
     4	1.17754223983e-08
     5	9.52783142929e-09
     6	8.16879348917e-09
     7	1.72621084245e-08
     8	1.38376756855e-08
     9	1.17756180175e-08

Measurement: edge100_ro115
  step	V(ro115_out)={VTHRESH} 
     1	7.45586312996e-09
     2	6.34955386998e-09
     3	5.61991085843e-09
     4	1.03598798477e-08
     5	8.65234296101e-09
     6	7.56311693973e-09
     7	1.4911839995e-08
     8	1.23576606083e-08
     9	1.07336234608e-08

Measurement: edge100_ro116
  step	V(ro116_out)={VTHRESH} 
     1	7.40122331185e-09
     2	6.29665616523e-09
     3	5.57846376224e-09
     4	1.02145064715e-08
     5	8.52901216963e-09
     6	7.46433480598e-09
     7	1.46300826058e-08
     8	1.21229314304e-08
     9	1.05406338455e-08

Measurement: edge100_ro117
  step	V(ro117_out)={VTHRESH} 
     1	7.53651094542e-09
     2	6.35210107012e-09
     3	5.63762058061e-09
     4	1.04816011115e-08
     5	8.708502304e-09
     6	7.59252065277e-09
     7	1.51083000194e-08
     8	1.24504060719e-08
     9	1.07829342123e-08

Measurement: edge100_ro118
  step	V(ro118_out)={VTHRESH} 
     1	7.72014790572e-09
     2	6.52631895747e-09
     3	5.75591240136e-09
     4	1.0795592049e-08
     5	8.96324559321e-09
     6	7.79839190286e-09
     7	1.56337265443e-08
     8	1.28806698514e-08
     9	1.11350303488e-08

Measurement: edge100_ro119
  step	V(ro119_out)={VTHRESH} 
     1	7.37504931101e-09
     2	6.29201300044e-09
     3	5.58658083919e-09
     4	1.0221124303e-08
     5	8.56220345908e-09
     6	7.4992818719e-09
     7	1.46826077425e-08
     8	1.22073096637e-08
     9	1.06250611947e-08

Measurement: edge100_ro120
  step	V(ro120_out)={VTHRESH} 
     1	7.9853068059e-09
     2	6.70207340101e-09
     3	5.88163740863e-09
     4	1.12804171577e-08
     5	9.26849964182e-09
     6	8.0130660224e-09
     7	1.64303421288e-08
     8	1.33886226677e-08
     9	1.14958915721e-08

Measurement: edge100_ro121
  step	V(ro121_out)={VTHRESH} 
     1	7.25197970123e-09
     2	6.19381211905e-09
     3	5.51602900556e-09
     4	1.00013664159e-08
     5	8.40273746403e-09
     6	7.37623906982e-09
     7	1.43155370748e-08
     8	1.19362867232e-08
     9	1.04132660044e-08

Measurement: edge100_ro122
  step	V(ro122_out)={VTHRESH} 
     1	7.4818551224e-09
     2	6.35601025232e-09
     3	5.63606871383e-09
     4	1.03747134104e-08
     5	8.66306840444e-09
     6	7.57123431826e-09
     7	1.49228070556e-08
     8	1.23636140208e-08
     9	1.07370001443e-08

Measurement: edge100_ro123
  step	V(ro123_out)={VTHRESH} 
     1	7.67087436391e-09
     2	6.48304806343e-09
     3	5.72746262938e-09
     4	1.07224885861e-08
     5	8.89246127006e-09
     6	7.73348314823e-09
     7	1.55028486981e-08
     8	1.27546279686e-08
     9	1.10254056676e-08

Measurement: edge100_ro124
  step	V(ro124_out)={VTHRESH} 
     1	7.14444561884e-09
     2	6.13930538121e-09
     3	5.46951771856e-09
     4	9.78378990011e-09
     5	8.25825532834e-09
     6	7.27115537488e-09
     7	1.39369577923e-08
     8	1.1679184985e-08
     9	1.02224682693e-08

Measurement: edge100_ro125
  step	V(ro125_out)={VTHRESH} 
     1	7.52942234863e-09
     2	6.36653338094e-09
     3	5.64151776738e-09
     4	1.04528786747e-08
     5	8.69016744555e-09
     6	7.57957291794e-09
     7	1.50379567799e-08
     8	1.24034864481e-08
     9	1.07497181676e-08

Measurement: edge100_ro126
  step	V(ro126_out)={VTHRESH} 
     1	7.80790575058e-09
     2	6.54379817199e-09
     3	5.77132025193e-09
     4	1.10305731099e-08
     5	9.08210024317e-09
     6	7.86758503178e-09
     7	1.60622961571e-08
     8	1.31131676204e-08
     9	1.12796345787e-08

Measurement: edge100_ro127
  step	V(ro127_out)={VTHRESH} 
     1	7.5912219116e-09
     2	6.4297322554e-09
     3	5.68668700139e-09
     4	1.05802454134e-08
     5	8.79788048359e-09
     6	7.66861059672e-09
     7	1.52718385266e-08
     8	1.25978288256e-08
     9	1.0908754987e-08
