LTspice 26.0.2 for Windows
Circuit: C:\Users\JUST\Documents\LTspice\RO_PUF_PVT_100\chip_071_PVT.net
Start Time: Mon Jul 20 06:23:26 2026
Options:plotwinsize=0 numdgt=10 reltol=1e-4 abstol=1e-12 vntol=1e-6 reltol=0.003 vntol=1m abstol=1e-10 gmin=1e-10 threads=1

.step vddval=0.9 temp=-20°
solver = Normal
Maximum thread count: 1
tnom = 27
temp = -20
method = trap
gmin = 1e-10
abstol = 1e-10
reltol = 0.003
volttol = 0.001
Per .tran options, skipping operating point for transient analysis.

.step vddval=1 temp=-20°

.step vddval=1.1 temp=-20°

.step vddval=0.9 temp=25°

.step vddval=1 temp=25°

.step vddval=1.1 temp=25°

.step vddval=0.9 temp=80°

.step vddval=1 temp=80°

.step vddval=1.1 temp=80°
Total elapsed time: 1787.413 seconds.

Files loaded:
C:\Users\JUST\Documents\LTspice\RO_PUF_PVT_100\chip_071_PVT.net
C:\Users\JUST\Documents\LTspice\RO_PUF_PVT_100\45nm_HP.pm
C:\Users\JUST\Documents\LTspice\RO_PUF_PVT_100\chip_071_mismatch.inc


Measurement: t_ro0
  step	t_ro0	FROM	TO
     1	6.02854617103e-09	1.44655348713e-09	7.47509965816e-09
     2	5.12001222646e-09	1.22742070049e-09	6.34743292694e-09
     3	4.54525959121e-09	1.08779651225e-09	5.63305610346e-09
     4	8.35090861885e-09	2.00503339957e-09	1.03559420184e-08
     5	6.97828743425e-09	1.67246041599e-09	8.65074785023e-09
     6	6.10169589483e-09	1.46107629193e-09	7.56277218676e-09
     7	1.20084027286e-08	2.88338564506e-09	1.48917883737e-08
     8	9.95593881884e-09	2.38644438627e-09	1.23423832051e-08
     9	8.64990380725e-09	2.07183710784e-09	1.07217409151e-08

Measurement: t_ro1
  step	t_ro1	FROM	TO
     1	5.83498634468e-09	1.39917122993e-09	7.23415757461e-09
     2	4.99287740538e-09	1.19584046113e-09	6.18871786651e-09
     3	4.44782732434e-09	1.06505267788e-09	5.51288000222e-09
     4	8.02877483984e-09	1.92520747467e-09	9.95398231451e-09
     5	6.75682347737e-09	1.61857804736e-09	8.37540152473e-09
     6	5.93739587888e-09	1.42155576481e-09	7.35895164369e-09
     7	1.14729533733e-08	2.75056934485e-09	1.42235227181e-08
     8	9.58508046557e-09	2.29575427675e-09	1.18808347423e-08
     9	8.37314877212e-09	2.00436140191e-09	1.0377510174e-08

Measurement: t_ro2
  step	t_ro2	FROM	TO
     1	6.08000531532e-09	1.46537135359e-09	7.54537666891e-09
     2	5.15672315755e-09	1.24041904996e-09	6.39714220751e-09
     3	4.57022838538e-09	1.09787879607e-09	5.66810718145e-09
     4	8.44101728628e-09	2.03464413225e-09	1.04756614185e-08
     5	7.04053720092e-09	1.69458668134e-09	8.73512388226e-09
     6	6.14596224527e-09	1.47773171173e-09	7.623693957e-09
     7	1.21477840258e-08	2.92891018738e-09	1.50766942132e-08
     8	1.0051098589e-08	2.420209506e-09	1.2471308095e-08
     9	8.72094690534e-09	2.09808764773e-09	1.08190345531e-08

Measurement: t_ro3
  step	t_ro3	FROM	TO
     1	6.47275881335e-09	1.55471821767e-09	8.02747703102e-09
     2	5.41076130834e-09	1.29772990704e-09	6.70849121538e-09
     3	4.74471948513e-09	1.13714734591e-09	5.88186683104e-09
     4	9.15927563276e-09	2.20093963785e-09	1.13602152706e-08
     5	7.49979710128e-09	1.79956615615e-09	9.29936325743e-09
     6	6.47398443898e-09	1.55194591504e-09	8.02593035402e-09
     7	1.33607899707e-08	3.21058932348e-09	1.65713792942e-08
     8	1.08470806629e-08	2.60288913857e-09	1.34499698015e-08
     9	9.29804405138e-09	2.22897474343e-09	1.15270187948e-08

Measurement: t_ro4
  step	t_ro4	FROM	TO
     1	6.2169336869e-09	1.49241039472e-09	7.70934408162e-09
     2	5.25996310665e-09	1.26078342666e-09	6.52074653331e-09
     3	4.64000393302e-09	1.11063866757e-09	5.75064260059e-09
     4	8.66069030087e-09	2.07954264208e-09	1.0740232943e-08
     5	7.19081595897e-09	1.7240271123e-09	8.91484307127e-09
     6	6.25547690942e-09	1.49878662517e-09	7.75426353459e-09
     7	1.25049973652e-08	3.00235062755e-09	1.55073479927e-08
     8	1.030118894e-08	2.47010034176e-09	1.27712892818e-08
     9	8.90769766658e-09	2.13426830942e-09	1.1041965976e-08

Measurement: t_ro5
  step	t_ro5	FROM	TO
     1	5.76985784082e-09	1.39054366659e-09	7.16040150741e-09
     2	4.95996862299e-09	1.19244399002e-09	6.15241261302e-09
     3	4.41206120558e-09	1.06129075137e-09	5.47335195695e-09
     4	7.93014111981e-09	1.91375950239e-09	9.8439006222e-09
     5	6.67745663491e-09	1.60891797909e-09	8.28637461399e-09
     6	5.87518598408e-09	1.41456691934e-09	7.28975290342e-09
     7	1.12954630564e-08	2.72757090329e-09	1.40230339597e-08
     8	9.43918570735e-09	2.27579644684e-09	1.17149821542e-08
     9	8.25346263744e-09	1.98861342535e-09	1.02420760628e-08

Measurement: t_ro6
  step	t_ro6	FROM	TO
     1	6.17987222375e-09	1.47600689619e-09	7.65587911995e-09
     2	5.22657775622e-09	1.24701005807e-09	6.47358781429e-09
     3	4.61837775096e-09	1.10185637137e-09	5.72023412233e-09
     4	8.62295155197e-09	2.05879528973e-09	1.06817468417e-08
     5	7.16038971903e-09	1.70823339361e-09	8.86862311264e-09
     6	6.2340807229e-09	1.48687084556e-09	7.72095156846e-09
     7	1.2464281617e-08	2.97447235362e-09	1.54387539707e-08
     8	1.02695696893e-08	2.44901103226e-09	1.27185807215e-08
     9	8.88214525269e-09	2.11734377273e-09	1.09994890254e-08

Measurement: t_ro7
  step	t_ro7	FROM	TO
     1	6.06255399231e-09	1.45620307513e-09	7.51875706745e-09
     2	5.1200074163e-09	1.22875063526e-09	6.34875805156e-09
     3	4.53824705296e-09	1.08684895372e-09	5.62509600668e-09
     4	8.44048299833e-09	2.02812347519e-09	1.04686064735e-08
     5	7.01032835779e-09	1.68209662897e-09	8.69242498675e-09
     6	6.11158888113e-09	1.46454528378e-09	7.57613416491e-09
     7	1.21705748566e-08	2.92483032378e-09	1.50954051804e-08
     8	1.00251189838e-08	2.40614325924e-09	1.2431262243e-08
     9	8.68121991514e-09	2.08101024825e-09	1.07622301634e-08

Measurement: t_ro8
  step	t_ro8	FROM	TO
     1	6.01494464072e-09	1.4427597016e-09	7.45770434232e-09
     2	5.1199974373e-09	1.22490132346e-09	6.34489876076e-09
     3	4.53788259045e-09	1.08534468947e-09	5.62322727992e-09
     4	8.3286370729e-09	1.99814712426e-09	1.03267841972e-08
     5	6.96302175961e-09	1.66802465281e-09	8.63104641242e-09
     6	6.09109653488e-09	1.4575430331e-09	7.54863956798e-09
     7	1.19673891651e-08	2.87092227004e-09	1.48383114351e-08
     8	9.92966531114e-09	2.37887735359e-09	1.23085426647e-08
     9	8.63199236739e-09	2.06584681526e-09	1.06978391826e-08

Measurement: t_ro9
  step	t_ro9	FROM	TO
     1	5.73599157794e-09	1.37935851e-09	7.11535008794e-09
     2	4.92212059611e-09	1.18200682502e-09	6.10412742112e-09
     3	4.38986024867e-09	1.05376541692e-09	5.44362566559e-09
     4	7.86796972927e-09	1.89331861742e-09	9.76128834668e-09
     5	6.63493364185e-09	1.59478064317e-09	8.22971428503e-09
     6	5.8427364256e-09	1.40342747935e-09	7.24616390495e-09
     7	1.12064675634e-08	2.69766330249e-09	1.39041308659e-08
     8	9.37878821365e-09	2.25523344656e-09	1.16340216602e-08
     9	8.20829242567e-09	1.97233323112e-09	1.01806256568e-08

Measurement: t_ro10
  step	t_ro10	FROM	TO
     1	6.08000540389e-09	1.46239263542e-09	7.54239803931e-09
     2	5.15838625657e-09	1.2382886888e-09	6.39667494537e-09
     3	4.56912000364e-09	1.09570369765e-09	5.66482370129e-09
     4	8.45868972505e-09	2.03446173236e-09	1.04931514574e-08
     5	7.04264311932e-09	1.69182236611e-09	8.73446548544e-09
     6	6.1457844511e-09	1.47489640797e-09	7.62068085907e-09
     7	1.2181394064e-08	2.9307782384e-09	1.51121723024e-08
     8	1.00645008615e-08	2.41858623363e-09	1.24830870952e-08
     9	8.72609161549e-09	2.09544869241e-09	1.08215403079e-08

Measurement: t_ro11
  step	t_ro11	FROM	TO
     1	5.99171688572e-09	1.43257646199e-09	7.42429334772e-09
     2	5.09819014111e-09	1.21725208723e-09	6.31544222834e-09
     3	4.51720072159e-09	1.07759975493e-09	5.59480047653e-09
     4	8.26753071097e-09	1.97654807003e-09	1.0244078781e-08
     5	6.90580398806e-09	1.64841401258e-09	8.55421800065e-09
     6	6.0410698438e-09	1.4407660929e-09	7.4818359367e-09
     7	1.18437968077e-08	2.8303385412e-09	1.46741353489e-08
     8	9.81652749181e-09	2.34253490701e-09	1.21590623988e-08
     9	8.5328717237e-09	2.03449280548e-09	1.05673645292e-08

Measurement: t_ro12
  step	t_ro12	FROM	TO
     1	6.1472690466e-09	1.4703507009e-09	7.61761974749e-09
     2	5.19992612072e-09	1.24232607775e-09	6.44225219848e-09
     3	4.59446265203e-09	1.09703435805e-09	5.69149701008e-09
     4	8.5688053001e-09	2.04941281778e-09	1.06182181179e-08
     5	7.11190894037e-09	1.69902497969e-09	8.81093392006e-09
     6	6.19286484731e-09	1.47855225116e-09	7.67141709847e-09
     7	1.23664864395e-08	2.95654494171e-09	1.53230313813e-08
     8	1.0182456813e-08	2.43196319435e-09	1.26144200073e-08
     9	8.80830291065e-09	2.10251905178e-09	1.09108219624e-08

Measurement: t_ro13
  step	t_ro13	FROM	TO
     1	5.75999819512e-09	1.38888620412e-09	7.14888439924e-09
     2	4.93662044622e-09	1.18814422689e-09	6.1247646731e-09
     3	4.40191047137e-09	1.05793577034e-09	5.4598462417e-09
     4	7.86639301813e-09	1.90012329187e-09	9.76651631e-09
     5	6.64152708872e-09	1.60085808272e-09	8.24238517144e-09
     6	5.85061150437e-09	1.40835798882e-09	7.25896949318e-09
     7	1.11981712015e-08	2.70733894074e-09	1.39055101423e-08
     8	9.38484528913e-09	2.26454305456e-09	1.16493883437e-08
     9	8.21707062915e-09	1.98047619405e-09	1.01975468232e-08

Measurement: t_ro14
  step	t_ro14	FROM	TO
     1	6.05185583272e-09	1.45633677884e-09	7.50819261156e-09
     2	5.13705440368e-09	1.23162759551e-09	6.36868199919e-09
     3	4.55306191376e-09	1.08951509681e-09	5.64257701057e-09
     4	8.39836103994e-09	2.02375248714e-09	1.04221135271e-08
     5	7.0018114815e-09	1.68048164628e-09	8.68229312778e-09
     6	6.11559418382e-09	1.46484750101e-09	7.58044168484e-09
     7	1.20802904628e-08	2.91131209584e-09	1.49916025587e-08
     8	9.99044995727e-09	2.39866058204e-09	1.23891105393e-08
     9	8.66933942483e-09	2.07774857366e-09	1.07470879985e-08

Measurement: t_ro15
  step	t_ro15	FROM	TO
     1	6.09768206435e-09	1.46075900534e-09	7.5584410697e-09
     2	5.17164330212e-09	1.23650504218e-09	6.4081483443e-09
     3	4.57929982446e-09	1.09381519186e-09	5.67311501631e-09
     4	8.48657654309e-09	2.0335224948e-09	1.05200990379e-08
     5	7.07209543005e-09	1.69105770216e-09	8.76315313222e-09
     6	6.17174719058e-09	1.47420424312e-09	7.6459514337e-09
     7	1.22352102086e-08	2.93062124644e-09	1.5165831455e-08
     8	1.01166977767e-08	2.41880735212e-09	1.25355051288e-08
     9	8.77195850238e-09	2.09510085202e-09	1.08670593544e-08

Measurement: t_ro16
  step	t_ro16	FROM	TO
     1	6.17094958904e-09	1.48268815379e-09	7.65363774284e-09
     2	5.22011273668e-09	1.25150226554e-09	6.47161500221e-09
     3	4.61369886427e-09	1.10473687247e-09	5.71843573674e-09
     4	8.62922809682e-09	2.07442380653e-09	1.07036519034e-08
     5	7.166334136e-09	1.71926300957e-09	8.88559714558e-09
     6	6.23977328645e-09	1.49460718278e-09	7.73438046923e-09
     7	1.24826383128e-08	3.00109006598e-09	1.54837283788e-08
     8	1.02844209538e-08	2.46786454381e-09	1.27522854977e-08
     9	8.89561402169e-09	2.13215180632e-09	1.1027765828e-08

Measurement: t_ro17
  step	t_ro17	FROM	TO
     1	5.83882859198e-09	1.40282487937e-09	7.24165347134e-09
     2	4.99163909189e-09	1.19887227551e-09	6.1905113674e-09
     3	4.44456188251e-09	1.0674005471e-09	5.51196242962e-09
     4	8.01166562949e-09	1.92558112597e-09	9.93724675545e-09
     5	6.72889297124e-09	1.61672106526e-09	8.34561403651e-09
     6	5.91035273547e-09	1.41983403469e-09	7.33018677015e-09
     7	1.14228597683e-08	2.74644549958e-09	1.41693052679e-08
     8	9.518902908e-09	2.28778821944e-09	1.18066911274e-08
     9	8.30767574263e-09	1.99644640778e-09	1.03041221504e-08

Measurement: t_ro18
  step	t_ro18	FROM	TO
     1	6.20369327175e-09	1.49632795151e-09	7.70002122326e-09
     2	5.2322322884e-09	1.26029247248e-09	6.49252476088e-09
     3	4.61537426816e-09	1.11040886445e-09	5.72578313261e-09
     4	8.69950331643e-09	2.10007837957e-09	1.0799581696e-08
     5	7.18839567359e-09	1.73286279603e-09	8.92125846962e-09
     6	6.23999729315e-09	1.50285482216e-09	7.74285211531e-09
     7	1.25994341001e-08	3.04280660036e-09	1.56422407004e-08
     8	1.03185583293e-08	2.4889204242e-09	1.28074787535e-08
     9	8.90200209264e-09	2.14582076247e-09	1.10478228551e-08

Measurement: t_ro19
  step	t_ro19	FROM	TO
     1	5.81637111056e-09	1.39683026646e-09	7.21320137703e-09
     2	4.97588058522e-09	1.19152813426e-09	6.16740871947e-09
     3	4.43726867238e-09	1.06095723699e-09	5.49822590937e-09
     4	7.95302592845e-09	1.91207334743e-09	9.86509927588e-09
     5	6.69958909702e-09	1.60593771844e-09	8.30552681546e-09
     6	5.89325852317e-09	1.40998349908e-09	7.30324202225e-09
     7	1.13220360605e-08	2.72309555293e-09	1.40451316134e-08
     8	9.46898394295e-09	2.27093958087e-09	1.17399235238e-08
     9	8.28025065958e-09	1.9820450014e-09	1.0262295661e-08

Measurement: t_ro20
  step	t_ro20	FROM	TO
     1	6.30565921315e-09	1.51525975942e-09	7.82091897257e-09
     2	5.28394606387e-09	1.26923293982e-09	6.55317900369e-09
     3	4.66181492365e-09	1.11864867988e-09	5.78046360353e-09
     4	8.90225659518e-09	2.13988746189e-09	1.10421440571e-08
     5	7.32836787861e-09	1.76014858534e-09	9.08851646395e-09
     6	6.34810202884e-09	1.52402026166e-09	7.8721222905e-09
     7	1.29537394806e-08	3.11399943187e-09	1.60677389125e-08
     8	1.05713784611e-08	2.53953831749e-09	1.31109167786e-08
     9	9.09240049034e-09	2.18346320993e-09	1.12758637003e-08

Measurement: t_ro21
  step	t_ro21	FROM	TO
     1	6.58542676535e-09	1.57784087397e-09	8.16326763932e-09
     2	5.49038353623e-09	1.31241177633e-09	6.80279531255e-09
     3	4.79998002302e-09	1.14688473802e-09	5.94686476105e-09
     4	9.36731792545e-09	2.24257105553e-09	1.1609888981e-08
     5	7.65079474405e-09	1.82849474535e-09	9.4792894894e-09
     6	6.58761130145e-09	1.5730368956e-09	8.16064819706e-09
     7	1.37218999078e-08	3.28166250725e-09	1.70035624151e-08
     8	1.1111073284e-08	2.65420044238e-09	1.37652737264e-08
     9	9.49898048666e-09	2.26739357674e-09	1.17663740634e-08

Measurement: t_ro22
  step	t_ro22	FROM	TO
     1	5.76000511009e-09	1.38196576293e-09	7.14197087302e-09
     2	4.92810505139e-09	1.18227090829e-09	6.11037595967e-09
     3	4.39594032304e-09	1.05419497473e-09	5.45013529777e-09
     4	7.89479099642e-09	1.89502898178e-09	9.7898199782e-09
     5	6.64822480997e-09	1.59476730288e-09	8.24299211285e-09
     6	5.8513793849e-09	1.40329553083e-09	7.25467491573e-09
     7	1.12479340001e-08	2.69965740589e-09	1.3947591406e-08
     8	9.3996659466e-09	2.25467219954e-09	1.16543381461e-08
     9	8.22211010162e-09	1.97175870533e-09	1.01938688069e-08

Measurement: t_ro23
  step	t_ro23	FROM	TO
     1	5.76048408424e-09	1.3849945903e-09	7.14547867454e-09
     2	4.96022593011e-09	1.18945377346e-09	6.14967970357e-09
     3	4.42392996105e-09	1.05884955797e-09	5.48277951903e-09
     4	7.86755712365e-09	1.89111767969e-09	9.75867480334e-09
     5	6.65650652223e-09	1.59729553919e-09	8.25380206142e-09
     6	5.86729874334e-09	1.40588765722e-09	7.27318640056e-09
     7	1.1183991862e-08	2.68891053047e-09	1.38729023925e-08
     8	9.39766186312e-09	2.25600552656e-09	1.16536673897e-08
     9	8.23717474807e-09	1.97491352661e-09	1.02120882747e-08

Measurement: t_ro24
  step	t_ro24	FROM	TO
     1	6.15561634404e-09	1.48257811421e-09	7.63819445825e-09
     2	5.20876942369e-09	1.2513981815e-09	6.46016760519e-09
     3	4.60418089371e-09	1.10397782479e-09	5.70815871851e-09
     4	8.57440862442e-09	2.06749478562e-09	1.064190341e-08
     5	7.12176781946e-09	1.71267567449e-09	8.83444349395e-09
     6	6.20319000201e-09	1.48901913083e-09	7.69220913284e-09
     7	1.23701218788e-08	2.98442363519e-09	1.5354545514e-08
     8	1.01937531137e-08	2.45338494859e-09	1.26471380623e-08
     9	8.82176258279e-09	2.11936364818e-09	1.0941126231e-08

Measurement: t_ro25
  step	t_ro25	FROM	TO
     1	5.88632245314e-09	1.41474437413e-09	7.30106682727e-09
     2	5.02402731115e-09	1.20567988676e-09	6.22970719791e-09
     3	4.47187358016e-09	1.07169363717e-09	5.54356721733e-09
     4	8.10313821369e-09	1.9487095011e-09	1.00518477148e-08
     5	6.80680486955e-09	1.63452505583e-09	8.44132992538e-09
     6	5.97571909706e-09	1.43323306172e-09	7.40895215879e-09
     7	1.15919737926e-08	2.78864280919e-09	1.43806166018e-08
     8	9.66562986182e-09	2.32204048551e-09	1.19876703473e-08
     9	8.43414230174e-09	2.0239364595e-09	1.04580787612e-08

Measurement: t_ro26
  step	t_ro26	FROM	TO
     1	5.66400005184e-09	1.35416008099e-09	7.01816013283e-09
     2	4.88452016393e-09	1.16697297557e-09	6.0514931395e-09
     3	4.36809326208e-09	1.0434022109e-09	5.41149547298e-09
     4	7.69139636481e-09	1.83864688743e-09	9.53004325223e-09
     5	6.53224560945e-09	1.56023654661e-09	8.09248215606e-09
     6	5.77412581136e-09	1.37880122409e-09	7.15292703545e-09
     7	1.0894027778e-08	2.60322958782e-09	1.34972573658e-08
     8	9.18948864042e-09	2.19424716583e-09	1.13837358062e-08
     9	8.07809827713e-09	1.92829128415e-09	1.00063895613e-08

Measurement: t_ro27
  step	t_ro27	FROM	TO
     1	5.85967228456e-09	1.40353057853e-09	7.26320286309e-09
     2	5.01212092202e-09	1.19844348692e-09	6.21056440894e-09
     3	4.46201049402e-09	1.06612252218e-09	5.5281330162e-09
     4	8.03986624147e-09	1.92597490114e-09	9.96584114262e-09
     5	6.76426631957e-09	1.61783189865e-09	8.38209821822e-09
     6	5.9425595435e-09	1.4200044446e-09	7.3625639881e-09
     7	1.14779560147e-08	2.74898172866e-09	1.42269377434e-08
     8	9.58667254338e-09	2.29268474366e-09	1.1879357287e-08
     9	8.37213959722e-09	2.00036383664e-09	1.03725034339e-08

Measurement: t_ro28
  step	t_ro28	FROM	TO
     1	6.13923458168e-09	1.47486218082e-09	7.61409676249e-09
     2	5.19702220825e-09	1.24634590181e-09	6.44336811006e-09
     3	4.59616125767e-09	1.10085705258e-09	5.69701831025e-09
     4	8.55880409157e-09	2.05695331552e-09	1.06157574071e-08
     5	7.1145218109e-09	1.70710657587e-09	8.82162838678e-09
     6	6.19860646042e-09	1.48562665264e-09	7.68423311305e-09
     7	1.23656439588e-08	2.97198535858e-09	1.53376293174e-08
     8	1.01974468232e-08	2.44725505595e-09	1.26447018792e-08
     9	8.8264927213e-09	2.11586452886e-09	1.09423572502e-08

Measurement: t_ro29
  step	t_ro29	FROM	TO
     1	6.11242138416e-09	1.46329306208e-09	7.57571444625e-09
     2	5.18181544961e-09	1.23830849231e-09	6.42012394192e-09
     3	4.58333376098e-09	1.0945540507e-09	5.67788781168e-09
     4	8.49751649452e-09	2.03436793451e-09	1.0531884429e-08
     5	7.07133469666e-09	1.68999782993e-09	8.76133252659e-09
     6	6.16715969843e-09	1.47266037787e-09	7.6398200763e-09
     7	1.22373703407e-08	2.92883322456e-09	1.51662035653e-08
     8	1.01041945515e-08	2.41429738951e-09	1.2518491941e-08
     9	8.75526425639e-09	2.09006983538e-09	1.08453340918e-08

Measurement: t_ro30
  step	t_ro30	FROM	TO
     1	5.50975879223e-09	1.32202494252e-09	6.83178373476e-09
     2	4.77927514097e-09	1.144283783e-09	5.92355892397e-09
     3	4.28738677677e-09	1.02549098111e-09	5.31287775788e-09
     4	7.45716112163e-09	1.79064307297e-09	9.2478041946e-09
     5	6.36216675534e-09	1.52458062647e-09	7.88674738182e-09
     6	5.64641899276e-09	1.35120625356e-09	6.99762524632e-09
     7	1.05137980686e-08	2.52571951823e-09	1.30395175869e-08
     8	8.90984121478e-09	2.13623156185e-09	1.10460727766e-08
     9	7.86455911591e-09	1.88286778496e-09	9.74742690087e-09

Measurement: t_ro31
  step	t_ro31	FROM	TO
     1	5.72179324329e-09	1.36291240044e-09	7.08470564373e-09
     2	4.9183408e-09	1.17202788111e-09	6.09036868111e-09
     3	4.39478187818e-09	1.04747199364e-09	5.44225387182e-09
     4	7.804520924e-09	1.855861003e-09	9.66038192701e-09
     5	6.6047181253e-09	1.57243891603e-09	8.17715704133e-09
     6	5.82630384082e-09	1.38764087588e-09	7.2139447167e-09
     7	1.10883433636e-08	2.63139670838e-09	1.3719740072e-08
     8	9.31572998119e-09	2.21552391075e-09	1.15312538919e-08
     9	8.16925490789e-09	1.94383793643e-09	1.01130928443e-08

Measurement: t_ro32
  step	t_ro32	FROM	TO
     1	5.86882790338e-09	1.40359238677e-09	7.27242029015e-09
     2	5.01216219424e-09	1.19693797774e-09	6.20910017198e-09
     3	4.46298064113e-09	1.06507851664e-09	5.52805915777e-09
     4	8.08464989382e-09	1.9333833002e-09	1.0018033194e-08
     5	6.78609108847e-09	1.62049061017e-09	8.40658169864e-09
     6	5.95697316287e-09	1.42140203812e-09	7.37837520099e-09
     7	1.15501567565e-08	2.76121638832e-09	1.43113731448e-08
     8	9.61997759702e-09	2.2967143245e-09	1.19166919215e-08
     9	8.39147045553e-09	2.00176510537e-09	1.03932355609e-08

Measurement: t_ro33
  step	t_ro33	FROM	TO
     1	6.10668123669e-09	1.47633708105e-09	7.58301831774e-09
     2	5.17407332761e-09	1.2476463967e-09	6.42171972431e-09
     3	4.57425050609e-09	1.10179633248e-09	5.67604683857e-09
     4	8.5365812742e-09	2.0652347347e-09	1.06018160089e-08
     5	7.08465828086e-09	1.7103125899e-09	8.79497087076e-09
     6	6.17206453944e-09	1.48806130276e-09	7.6601258422e-09
     7	1.23132322499e-08	2.98030333274e-09	1.52935355826e-08
     8	1.01361727292e-08	2.44836921245e-09	1.25845419416e-08
     9	8.77148206798e-09	2.11625061714e-09	1.08877326851e-08

Measurement: t_ro34
  step	t_ro34	FROM	TO
     1	6.26097362073e-09	1.49820051729e-09	7.75917413802e-09
     2	5.27322118178e-09	1.26061634435e-09	6.53383752613e-09
     3	4.64035597729e-09	1.10926394722e-09	5.74961992451e-09
     4	8.79818174151e-09	2.10505357946e-09	1.0903235321e-08
     5	7.25386346271e-09	1.73375567681e-09	8.98761913952e-09
     6	6.29179277567e-09	1.50281949586e-09	7.79461227153e-09
     7	1.27649331535e-08	3.05358578508e-09	1.58185189386e-08
     8	1.04351090754e-08	2.4936779573e-09	1.29287870327e-08
     9	8.98827931023e-09	2.14644391453e-09	1.11347232248e-08

Measurement: t_ro35
  step	t_ro35	FROM	TO
     1	6.13383520901e-09	1.46808694249e-09	7.6019221515e-09
     2	5.19397036376e-09	1.24141463733e-09	6.43538500109e-09
     3	4.59431873263e-09	1.09710560173e-09	5.69142433435e-09
     4	8.54756412669e-09	2.04548198056e-09	1.05930461072e-08
     5	7.10922982959e-09	1.69916625073e-09	8.80839608032e-09
     6	6.19701349545e-09	1.47988450878e-09	7.67689800423e-09
     7	1.23353828639e-08	2.95083635081e-09	1.52862192147e-08
     8	1.01792789251e-08	2.43245085655e-09	1.26117297817e-08
     9	8.81562819413e-09	2.10487841704e-09	1.09205066112e-08

Measurement: t_ro36
  step	t_ro36	FROM	TO
     1	5.66858479148e-09	1.36184837995e-09	7.03043317143e-09
     2	4.8879490907e-09	1.17249294151e-09	6.06044203222e-09
     3	4.37415460352e-09	1.04840096813e-09	5.42255557165e-09
     4	7.7077577778e-09	1.85258416427e-09	9.56034194207e-09
     5	6.54468397315e-09	1.57059120244e-09	8.11527517559e-09
     6	5.78395099645e-09	1.38683051034e-09	7.17078150679e-09
     7	1.09242569159e-08	2.62611255486e-09	1.35503694708e-08
     8	9.21294546804e-09	2.21139694589e-09	1.14243424139e-08
     9	8.09701957636e-09	1.9418388523e-09	1.00388584287e-08

Measurement: t_ro37
  step	t_ro37	FROM	TO
     1	6.40805329686e-09	1.53899422757e-09	7.94704752442e-09
     2	5.37918310779e-09	1.29039254705e-09	6.66957565484e-09
     3	4.72492358514e-09	1.1327758005e-09	5.85769938564e-09
     4	9.03886144599e-09	2.17109673699e-09	1.1209958183e-08
     5	7.43263264098e-09	1.78323267564e-09	9.21586531662e-09
     6	6.42894140523e-09	1.54145198924e-09	7.97039339448e-09
     7	1.31559424636e-08	3.15979616698e-09	1.63157386306e-08
     8	1.07297208843e-08	2.57429725936e-09	1.33040181437e-08
     9	9.21773524457e-09	2.21016225495e-09	1.14278974995e-08

Measurement: t_ro38
  step	t_ro38	FROM	TO
     1	5.861786772e-09	1.40564403099e-09	7.26743080299e-09
     2	5.00157911731e-09	1.19726574889e-09	6.1988448662e-09
     3	4.45975046351e-09	1.06619563341e-09	5.52594609692e-09
     4	8.0438306954e-09	1.92951287148e-09	9.97334356687e-09
     5	6.76360102306e-09	1.6198290879e-09	8.38343011097e-09
     6	5.94194636298e-09	1.42130136293e-09	7.36324772591e-09
     7	1.14825793303e-08	2.75426517957e-09	1.42368445098e-08
     8	9.58626241877e-09	2.2960756974e-09	1.18823381162e-08
     9	8.37172379358e-09	2.00278686302e-09	1.03745106566e-08

Measurement: t_ro39
  step	t_ro39	FROM	TO
     1	5.92694678708e-09	1.42003391323e-09	7.34698070031e-09
     2	5.06087275455e-09	1.21091324383e-09	6.27178599837e-09
     3	4.49758907378e-09	1.07520637452e-09	5.5727954483e-09
     4	8.16700266093e-09	1.95800222828e-09	1.01250048892e-08
     5	6.85911735665e-09	1.64149167634e-09	8.50060903299e-09
     6	6.01576557815e-09	1.438023125e-09	7.45378870315e-09
     7	1.17003545431e-08	2.80453069834e-09	1.45048852414e-08
     8	9.75460757254e-09	2.33418059356e-09	1.20887881661e-08
     9	8.50377580077e-09	2.03256066818e-09	1.05363364689e-08

Measurement: t_ro40
  step	t_ro40	FROM	TO
     1	5.83990915027e-09	1.3944711118e-09	7.23438026207e-09
     2	4.98666779308e-09	1.19020257696e-09	6.17687037003e-09
     3	4.43900153526e-09	1.05920783744e-09	5.4982093727e-09
     4	7.99800356888e-09	1.90959143044e-09	9.90759499932e-09
     5	6.71639578449e-09	1.6030114947e-09	8.31940727919e-09
     6	5.89614783159e-09	1.40668737804e-09	7.30283520962e-09
     7	1.13967401474e-08	2.72047539492e-09	1.41172155423e-08
     8	9.49571297687e-09	2.26553842045e-09	1.17612513973e-08
     9	8.28839124367e-09	1.97689035553e-09	1.02652815992e-08

Measurement: t_ro41
  step	t_ro41	FROM	TO
     1	5.60000041653e-09	1.34835251164e-09	6.94835292818e-09
     2	4.82671592158e-09	1.16223976712e-09	5.9889556887e-09
     3	4.32002271587e-09	1.04125648263e-09	5.3612791985e-09
     4	7.62743705697e-09	1.83833023938e-09	9.46576729635e-09
     5	6.46995251717e-09	1.55920420263e-09	8.0291567198e-09
     6	5.72157685966e-09	1.3785562473e-09	7.10013310696e-09
     7	1.08100467701e-08	2.60729368633e-09	1.34173404564e-08
     8	9.10354285817e-09	2.19525866478e-09	1.12988015229e-08
     9	8.00353877219e-09	1.92961797884e-09	9.93315675103e-09

Measurement: t_ro42
  step	t_ro42	FROM	TO
     1	5.97490374476e-09	1.42907964117e-09	7.40398338593e-09
     2	5.09185895897e-09	1.21643195316e-09	6.30829091213e-09
     3	4.51584834496e-09	1.07796368322e-09	5.59381202818e-09
     4	8.27562958769e-09	1.97901488948e-09	1.02546444772e-08
     5	6.92636439228e-09	1.6545326152e-09	8.58089700748e-09
     6	6.06307069623e-09	1.44734771558e-09	7.51041841181e-09
     7	1.18894074448e-08	2.84244305456e-09	1.47318504994e-08
     8	9.87480641546e-09	2.35843914971e-09	1.22332455652e-08
     9	8.58946448191e-09	2.0500688878e-09	1.06395333697e-08

Measurement: t_ro43
  step	t_ro43	FROM	TO
     1	6.08000886885e-09	1.45916369955e-09	7.5391725684e-09
     2	5.15274858573e-09	1.234983322e-09	6.38773190774e-09
     3	4.56440891748e-09	1.09311792946e-09	5.65752684693e-09
     4	8.46803617182e-09	2.03243187941e-09	1.05004680512e-08
     5	7.04647857355e-09	1.6890699852e-09	8.73554855875e-09
     6	6.14835737671e-09	1.4726109561e-09	7.62096833281e-09
     7	1.22125826728e-08	2.93118731955e-09	1.51437699923e-08
     8	1.00813586579e-08	2.41653167792e-09	1.24978903359e-08
     9	8.73851253233e-09	2.09288033159e-09	1.08313928639e-08

Measurement: t_ro44
  step	t_ro44	FROM	TO
     1	6.04469431115e-09	1.44913417741e-09	7.49382848856e-09
     2	5.13430830977e-09	1.22872943648e-09	6.36303774625e-09
     3	4.55266466833e-09	1.08820311636e-09	5.64086778469e-09
     4	8.37438693197e-09	2.00781115718e-09	1.03821980892e-08
     5	6.99411140552e-09	1.67404159277e-09	8.6681529983e-09
     6	6.11305238368e-09	1.46131895147e-09	7.57437133515e-09
     7	1.20376659481e-08	2.88559692956e-09	1.49232628777e-08
     8	9.97726454821e-09	2.38789661928e-09	1.23651611675e-08
     9	8.66646061755e-09	2.0718091811e-09	1.07382697986e-08

Measurement: t_ro45
  step	t_ro45	FROM	TO
     1	6.08000643885e-09	1.4599071534e-09	7.53991359225e-09
     2	5.14865363907e-09	1.23407126702e-09	6.38272490608e-09
     3	4.55805037661e-09	1.09181942004e-09	5.64986979665e-09
     4	8.45617836376e-09	2.03020575259e-09	1.04863841164e-08
     5	7.03381068862e-09	1.6863696554e-09	8.72018034401e-09
     6	6.13490485644e-09	1.46977993001e-09	7.60468478646e-09
     7	1.21855696854e-08	2.9249964999e-09	1.51105661853e-08
     8	1.00524630034e-08	2.41005243347e-09	1.24625154369e-08
     9	8.70968203715e-09	2.08650030944e-09	1.07961823466e-08

Measurement: t_ro46
  step	t_ro46	FROM	TO
     1	6.07998591469e-09	1.45858520959e-09	7.53857112428e-09
     2	5.1421948144e-09	1.23340221248e-09	6.37559702688e-09
     3	4.55512275099e-09	1.09223062127e-09	5.64735337226e-09
     4	8.49908918096e-09	2.04050040136e-09	1.05395895823e-08
     5	7.05882273316e-09	1.69380446754e-09	8.7526272007e-09
     6	6.15090184655e-09	1.47529811652e-09	7.62619996306e-09
     7	1.22950410692e-08	2.95207583601e-09	1.52471169052e-08
     8	1.01275655548e-08	2.43029439975e-09	1.25578599546e-08
     9	8.76450672947e-09	2.10245974817e-09	1.08669664776e-08

Measurement: t_ro47
  step	t_ro47	FROM	TO
     1	5.91999986331e-09	1.41672643969e-09	7.336726303e-09
     2	5.04461224815e-09	1.20647035318e-09	6.25108260133e-09
     3	4.47999707926e-09	1.07012385791e-09	5.55012093717e-09
     4	8.15978116836e-09	1.95290892255e-09	1.01126900909e-08
     5	6.84104952125e-09	1.63604347373e-09	8.47709299499e-09
     6	5.99834338864e-09	1.43341980822e-09	7.43176319685e-09
     7	1.16815232855e-08	2.7961098348e-09	1.44776331203e-08
     8	9.72322424266e-09	2.32489951583e-09	1.20481237585e-08
     9	8.47391001297e-09	2.02464493265e-09	1.04985549456e-08

Measurement: t_ro48
  step	t_ro48	FROM	TO
     1	6.1712661963e-09	1.49546923735e-09	7.66673543365e-09
     2	5.2180805826e-09	1.25941265501e-09	6.47749323761e-09
     3	4.61390654005e-09	1.11065809731e-09	5.72456463736e-09
     4	8.61057845488e-09	2.08969396936e-09	1.07002724242e-08
     5	7.14690787457e-09	1.72785010409e-09	8.87475797866e-09
     6	6.22251811158e-09	1.50075035527e-09	7.72326846685e-09
     7	1.24382183926e-08	3.01970021512e-09	1.54579186077e-08
     8	1.0239961554e-08	2.47759829074e-09	1.27175598447e-08
     9	8.85665730711e-09	2.1381343132e-09	1.09947916203e-08

Measurement: t_ro49
  step	t_ro49	FROM	TO
     1	6.10725208733e-09	1.46979787302e-09	7.57704996035e-09
     2	5.17893348609e-09	1.24298899216e-09	6.42192247825e-09
     3	4.58424956878e-09	1.09896618463e-09	5.68321575341e-09
     4	8.51208579327e-09	2.04978763485e-09	1.05618734281e-08
     5	7.08441811952e-09	1.70169837885e-09	8.78611649838e-09
     6	6.17947214396e-09	1.48245431857e-09	7.66192646254e-09
     7	1.22745407061e-08	2.95613470841e-09	1.52306754146e-08
     8	1.01343595602e-08	2.43521048135e-09	1.25695700415e-08
     9	8.78220210345e-09	2.10782441615e-09	1.08900265196e-08

Measurement: t_ro50
  step	t_ro50	FROM	TO
     1	6.32822000108e-09	1.51317366722e-09	7.8413936683e-09
     2	5.2892512371e-09	1.26338030582e-09	6.55263154292e-09
     3	4.65892583012e-09	1.11240074024e-09	5.77132657036e-09
     4	8.95823351246e-09	2.14154390992e-09	1.10997774224e-08
     5	7.33942952242e-09	1.75302424431e-09	9.09245376673e-09
     6	6.34685796227e-09	1.51509623685e-09	7.86195419912e-09
     7	1.30409221433e-08	3.11625102059e-09	1.61571731639e-08
     8	1.05864641147e-08	2.52806186634e-09	1.3114525981e-08
     9	9.08607603874e-09	2.16859731824e-09	1.1254673357e-08

Measurement: t_ro51
  step	t_ro51	FROM	TO
     1	6.04939309277e-09	1.45585968434e-09	7.50525277711e-09
     2	5.13547958004e-09	1.23444815427e-09	6.36992773431e-09
     3	4.55998323319e-09	1.09529955728e-09	5.65528279047e-09
     4	8.36579987403e-09	2.01503727417e-09	1.03808371482e-08
     5	6.99396904219e-09	1.68240951818e-09	8.67637856036e-09
     6	6.11486312937e-09	1.46973022035e-09	7.58459334972e-09
     7	1.20215016194e-08	2.89666597154e-09	1.49181675909e-08
     8	9.97536782874e-09	2.40060652508e-09	1.23759743538e-08
     9	8.66778561203e-09	2.08432741363e-09	1.07521130257e-08

Measurement: t_ro52
  step	t_ro52	FROM	TO
     1	5.9839579665e-09	1.43366810149e-09	7.417626068e-09
     2	5.11043828532e-09	1.22245765847e-09	6.33289594379e-09
     3	4.52729206259e-09	1.08210679793e-09	5.60939886052e-09
     4	8.25390952655e-09	1.97770226984e-09	1.02316117964e-08
     5	6.91890247273e-09	1.65534103911e-09	8.57424351185e-09
     6	6.06014268934e-09	1.44856224975e-09	7.50870493909e-09
     7	1.1836506427e-08	2.83554902951e-09	1.46720554565e-08
     8	9.85111619549e-09	2.35652136461e-09	1.22076375601e-08
     9	8.57615674572e-09	2.04975013289e-09	1.06259068786e-08

Measurement: t_ro53
  step	t_ro53	FROM	TO
     1	5.79001924196e-09	1.38961214685e-09	7.17963138881e-09
     2	4.96000004171e-09	1.18906692729e-09	6.14906696901e-09
     3	4.42373328223e-09	1.05858377002e-09	5.48231705225e-09
     4	7.92897939264e-09	1.90337424685e-09	9.83235363949e-09
     5	6.68389684449e-09	1.60185009923e-09	8.28574694372e-09
     6	5.88123644171e-09	1.40797412833e-09	7.28921057003e-09
     7	1.12962922718e-08	2.71163255091e-09	1.40079248227e-08
     8	9.45212830268e-09	2.26551405077e-09	1.17176423534e-08
     9	8.26706539978e-09	1.97957857619e-09	1.0246643976e-08

Measurement: t_ro54
  step	t_ro54	FROM	TO
     1	6.4164686853e-09	1.53750097975e-09	7.95396966505e-09
     2	5.33375995825e-09	1.27672219735e-09	6.6104821556e-09
     3	4.67352860017e-09	1.1179613904e-09	5.79148999057e-09
     4	9.13335994689e-09	2.18837512328e-09	1.13217350702e-08
     5	7.41303369974e-09	1.77478635363e-09	9.18782005337e-09
     6	6.37862421188e-09	1.52598929226e-09	7.90461350414e-09
     7	1.33674976717e-08	3.2022761416e-09	1.65697738133e-08
     8	1.07386798727e-08	2.57087711717e-09	1.33095569899e-08
     9	9.16451569162e-09	2.19251712729e-09	1.13570328189e-08

Measurement: t_ro55
  step	t_ro55	FROM	TO
     1	6.13758085028e-09	1.47590011456e-09	7.61348096484e-09
     2	5.19637201746e-09	1.24732183391e-09	6.44369385137e-09
     3	4.59604275764e-09	1.10139085727e-09	5.69743361491e-09
     4	8.55956885099e-09	2.05936841709e-09	1.06189372681e-08
     5	7.11709184746e-09	1.70944278528e-09	8.82653463274e-09
     6	6.2029399597e-09	1.48774840617e-09	7.69068836588e-09
     7	1.23529289234e-08	2.97224021342e-09	1.53251691369e-08
     8	1.01917294111e-08	2.44858125986e-09	1.26403106709e-08
     9	8.82513495205e-09	2.11765641049e-09	1.09427913625e-08

Measurement: t_ro56
  step	t_ro56	FROM	TO
     1	5.76707038769e-09	1.38241814068e-09	7.14948852837e-09
     2	4.95999992764e-09	1.18634591482e-09	6.14634584246e-09
     3	4.41733990006e-09	1.05588651681e-09	5.47322641687e-09
     4	7.87005258077e-09	1.88726437073e-09	9.7573169515e-09
     5	6.64962021007e-09	1.59246621917e-09	8.24208642924e-09
     6	5.85975772958e-09	1.40175831612e-09	7.26151604569e-09
     7	1.11774488101e-08	2.68007206019e-09	1.38575208703e-08
     8	9.3783106718e-09	2.24627623282e-09	1.16245869046e-08
     9	8.21674941407e-09	1.96625411672e-09	1.01830035308e-08

Measurement: t_ro57
  step	t_ro57	FROM	TO
     1	5.81074544518e-09	1.39567128655e-09	7.20641673173e-09
     2	4.97430761869e-09	1.19244881798e-09	6.16675643667e-09
     3	4.43437876645e-09	1.06212950311e-09	5.49650826956e-09
     4	7.97986433918e-09	1.91781227394e-09	9.89767661312e-09
     5	6.72066495421e-09	1.61217034502e-09	8.33283529923e-09
     6	5.90955322028e-09	1.41603104301e-09	7.32558426329e-09
     7	1.13876783008e-08	2.73739885106e-09	1.41250771518e-08
     8	9.52025046753e-09	2.28434797268e-09	1.18045984402e-08
     9	8.32065205096e-09	1.99444340914e-09	1.03150954601e-08

Measurement: t_ro58
  step	t_ro58	FROM	TO
     1	6.24897232232e-09	1.50200875635e-09	7.75098107867e-09
     2	5.27999853294e-09	1.26572390369e-09	6.54572243663e-09
     3	4.63999977121e-09	1.11244231915e-09	5.75244209035e-09
     4	8.76062256531e-09	2.1066076808e-09	1.08672302461e-08
     5	7.24743238459e-09	1.74021696983e-09	8.98764935442e-09
     6	6.295211616e-09	1.50994281227e-09	7.80515442826e-09
     7	1.27023140186e-08	3.05475789306e-09	1.57570719117e-08
     8	1.0422974685e-08	2.50317609019e-09	1.29261507752e-08
     9	8.99266514249e-09	2.15750644599e-09	1.11501715885e-08

Measurement: t_ro59
  step	t_ro59	FROM	TO
     1	6.0075070308e-09	1.44042188373e-09	7.44792891452e-09
     2	5.10953180017e-09	1.22242138411e-09	6.33195318428e-09
     3	4.52621564599e-09	1.0819732116e-09	5.6081888576e-09
     4	8.34690311627e-09	2.00389762748e-09	1.03508007437e-08
     5	6.96770264134e-09	1.6685835592e-09	8.63628620055e-09
     6	6.09002342778e-09	1.45647664236e-09	7.54650007014e-09
     7	1.20111646904e-08	2.73555991462e-09	1.47467246051e-08
     8	9.94740909042e-09	2.38338289675e-09	1.23307919872e-08
     9	8.63828606629e-09	2.06698641353e-09	1.07052724798e-08

Measurement: t_ro60
  step	t_ro60	FROM	TO
     1	6.05359662273e-09	1.45723441277e-09	7.5108310355e-09
     2	5.13408756626e-09	1.23278734019e-09	6.36687490646e-09
     3	4.55135526795e-09	1.09112230563e-09	5.64247757358e-09
     4	8.42460206277e-09	2.02994123058e-09	1.04545432933e-08
     5	7.02180392786e-09	1.68771223182e-09	8.70951615968e-09
     6	6.13098298373e-09	1.47114602123e-09	7.60212900496e-09
     7	1.21388879529e-08	2.92600144817e-09	1.50648894011e-08
     8	1.00361223858e-08	2.41343622879e-09	1.24495586146e-08
     9	8.70619062685e-09	2.09047014463e-09	1.07966607715e-08

Measurement: t_ro61
  step	t_ro61	FROM	TO
     1	5.72126235086e-09	1.37043783379e-09	7.09170018465e-09
     2	4.92413479695e-09	1.17775223356e-09	6.10188703051e-09
     3	4.39628946924e-09	1.05071565407e-09	5.44700512331e-09
     4	7.81548943435e-09	1.87218652524e-09	9.68767595959e-09
     5	6.61671484022e-09	1.58265575346e-09	8.19937059369e-09
     6	5.83777651044e-09	1.39527283775e-09	7.23304934819e-09
     7	1.11078701999e-08	2.66059972947e-09	1.37684699294e-08
     8	9.33811982916e-09	2.23349749179e-09	1.1571617321e-08
     9	8.19091374634e-09	1.95763449024e-09	1.01485482366e-08

Measurement: t_ro62
  step	t_ro62	FROM	TO
     1	5.56422752351e-09	1.33555821445e-09	6.89978573796e-09
     2	4.79999305603e-09	1.15226340265e-09	5.95225645868e-09
     3	4.31073029506e-09	1.03319581245e-09	5.34392610751e-09
     4	7.56237667982e-09	1.81592629411e-09	9.37830297393e-09
     5	6.43195751499e-09	1.54294333817e-09	7.97490085316e-09
     6	5.69524540956e-09	1.36555427305e-09	7.06079968261e-09
     7	1.07029663456e-08	2.57032376078e-09	1.32732901063e-08
     8	9.03908633818e-09	2.16875983066e-09	1.12078461688e-08
     9	7.95769262704e-09	1.90837513254e-09	9.86606775959e-09

Measurement: t_ro63
  step	t_ro63	FROM	TO
     1	6.29244783268e-09	1.501709038e-09	7.79415687067e-09
     2	5.29878304535e-09	1.26351162725e-09	6.5622946726e-09
     3	4.66526595581e-09	1.11193781586e-09	5.77720377167e-09
     4	8.8363467467e-09	2.10778916555e-09	1.09441359122e-08
     5	7.29777005957e-09	1.73945303249e-09	9.03722309206e-09
     6	6.33160987802e-09	1.5086179203e-09	7.84022779832e-09
     7	1.2831991186e-08	3.05925602198e-09	1.58912472079e-08
     8	1.05075166686e-08	2.50361229481e-09	1.30111289634e-08
     9	9.05352848218e-09	2.1564186195e-09	1.12099471017e-08

Measurement: t_ro64
  step	t_ro64	FROM	TO
     1	6.14568510001e-09	1.47378613922e-09	7.61947123923e-09
     2	5.19655622676e-09	1.24447787555e-09	6.4410341023e-09
     3	4.59588733101e-09	1.09928870467e-09	5.69517603568e-09
     4	8.57592927493e-09	2.05656169623e-09	1.06324909712e-08
     5	7.11641243658e-09	1.70457061501e-09	8.82098305159e-09
     6	6.19714442603e-09	1.48277640788e-09	7.67992083391e-09
     7	1.23841559404e-08	2.96939328376e-09	1.53535492242e-08
     8	1.01934959521e-08	2.44157789618e-09	1.26350738483e-08
     9	8.81752464429e-09	2.10988095756e-09	1.09274056019e-08

Measurement: t_ro65
  step	t_ro65	FROM	TO
     1	5.92000004205e-09	1.41738250665e-09	7.3373825487e-09
     2	5.06033658921e-09	1.21076108536e-09	6.27109767457e-09
     3	4.495516554e-09	1.07486033653e-09	5.57037689053e-09
     4	8.14334570429e-09	1.95063982035e-09	1.00939855246e-08
     5	6.83887388218e-09	1.63634902211e-09	8.47522290428e-09
     6	5.99970709851e-09	1.43448503863e-09	7.43419213714e-09
     7	1.16409818432e-08	2.78815828593e-09	1.44291401291e-08
     8	9.70513688136e-09	2.3221081931e-09	1.20272450745e-08
     9	8.46287307352e-09	2.02360887015e-09	1.04864819437e-08

Measurement: t_ro66
  step	t_ro66	FROM	TO
     1	5.64399024353e-09	1.34740872573e-09	6.99139896926e-09
     2	4.87222050224e-09	1.16209083812e-09	6.03431134036e-09
     3	4.35949659825e-09	1.03937032036e-09	5.39886691861e-09
     4	7.65162196426e-09	1.82648561586e-09	9.47810758012e-09
     5	6.50023753089e-09	1.55025934169e-09	8.05049687259e-09
     6	5.74829919825e-09	1.37012848234e-09	7.11842768059e-09
     7	1.08203169742e-08	2.58223454028e-09	1.34025515145e-08
     8	9.13019830899e-09	2.17698679758e-09	1.13071851066e-08
     9	8.02892473264e-09	1.91338189182e-09	9.94230662446e-09

Measurement: t_ro67
  step	t_ro67	FROM	TO
     1	5.83338041113e-09	1.40090953572e-09	7.23428994685e-09
     2	4.99617077251e-09	1.19851918786e-09	6.19468996037e-09
     3	4.4526030489e-09	1.06668948192e-09	5.51929253082e-09
     4	7.99100354245e-09	1.91980509609e-09	9.91080863854e-09
     5	6.73751502367e-09	1.616761977e-09	8.35427700068e-09
     6	5.92714276476e-09	1.42075799454e-09	7.3479007593e-09
     7	1.13930062037e-08	2.73742860589e-09	1.41304348096e-08
     8	9.54032607333e-09	2.29004892392e-09	1.18303749973e-08
     9	8.34474431253e-09	2.0011066154e-09	1.03458509279e-08

Measurement: t_ro68
  step	t_ro68	FROM	TO
     1	5.78290070942e-09	1.38343128237e-09	7.16633199178e-09
     2	4.95999994936e-09	1.18598418575e-09	6.1459841351e-09
     3	4.42675404986e-09	1.05711503208e-09	5.48386908194e-09
     4	7.90916860137e-09	1.89212844333e-09	9.8012970447e-09
     5	6.67670558988e-09	1.59532992398e-09	8.27203551386e-09
     6	5.8799587956e-09	1.40420861542e-09	7.28416741102e-09
     7	1.12542433683e-08	2.69196927101e-09	1.39462126393e-08
     8	9.43239629537e-09	2.25352563171e-09	1.16859219271e-08
     9	8.25816774983e-09	1.97185645123e-09	1.02300242011e-08

Measurement: t_ro69
  step	t_ro69	FROM	TO
     1	5.88396249465e-09	1.41266215915e-09	7.2966246538e-09
     2	5.02632119784e-09	1.20454313551e-09	6.23086433336e-09
     3	4.47711281056e-09	1.07179495386e-09	5.54890776442e-09
     4	8.10087020266e-09	1.94574201223e-09	1.00466122149e-08
     5	6.81161812668e-09	1.63327667908e-09	8.44489480576e-09
     6	5.98190606291e-09	1.43293080217e-09	7.41483686508e-09
     7	1.15801134231e-08	2.7815200541e-09	1.43616334772e-08
     8	9.6654370872e-09	2.317935561e-09	1.19833726482e-08
     9	8.43660767011e-09	2.02141058665e-09	1.04580182568e-08

Measurement: t_ro70
  step	t_ro70	FROM	TO
     1	6.05865299481e-09	1.45371747356e-09	7.51237046837e-09
     2	5.14549870447e-09	1.23288112253e-09	6.378379827e-09
     3	4.5646257722e-09	1.09254583029e-09	5.65717160249e-09
     4	8.3953838555e-09	2.01466356877e-09	1.04100474243e-08
     5	7.01522952959e-09	1.68122977444e-09	8.69645930403e-09
     6	6.13125645083e-09	1.46796001138e-09	7.59921646221e-09
     7	1.20804548178e-08	2.89876944145e-09	1.49792242592e-08
     8	1.00200973335e-08	2.40135905788e-09	1.24214563914e-08
     9	8.7036741937e-09	2.08393132418e-09	1.07876055179e-08

Measurement: t_ro71
  step	t_ro71	FROM	TO
     1	5.79441010133e-09	1.39319392809e-09	7.18760402942e-09
     2	4.9599999199e-09	1.19094524787e-09	6.15094516777e-09
     3	4.43651974371e-09	1.06371060533e-09	5.50023034904e-09
     4	7.93715763098e-09	1.90986563895e-09	9.84702326993e-09
     5	6.70455154332e-09	1.61079575396e-09	8.31534729728e-09
     6	5.90465911051e-09	1.41703973342e-09	7.32169884393e-09
     7	1.13135440683e-08	2.72348657868e-09	1.4037030647e-08
     8	9.49022482598e-09	2.28125602353e-09	1.17714808495e-08
     9	8.30954500577e-09	1.99540337589e-09	1.03049483817e-08

Measurement: t_ro72
  step	t_ro72	FROM	TO
     1	6.299977712e-09	1.51089223492e-09	7.81086994692e-09
     2	5.28970780582e-09	1.26602647932e-09	6.55573428514e-09
     3	4.65913634472e-09	1.11384787559e-09	5.77298422032e-09
     4	8.88634007187e-09	2.13113641045e-09	1.10174764823e-08
     5	7.32070708502e-09	1.75248401453e-09	9.07319109955e-09
     6	6.34434155698e-09	1.5171809143e-09	7.86152247127e-09
     7	1.29258941578e-08	3.09895680896e-09	1.60248509668e-08
     8	1.05580082542e-08	2.52710860251e-09	1.30851168567e-08
     9	9.08584810477e-09	2.17257424798e-09	1.12584223527e-08

Measurement: t_ro73
  step	t_ro73	FROM	TO
     1	5.73320765134e-09	1.37192593969e-09	7.10513359103e-09
     2	4.92449778263e-09	1.1773463549e-09	6.10184413752e-09
     3	4.39716488921e-09	1.0503052102e-09	5.44747009941e-09
     4	7.83587978021e-09	1.87538760306e-09	9.71126738327e-09
     5	6.62120184441e-09	1.58285961948e-09	8.20406146389e-09
     6	5.83570269868e-09	1.39411974415e-09	7.22982244283e-09
     7	1.11439505082e-08	2.6665078998e-09	1.3810458408e-08
     8	9.34837327046e-09	2.23457257672e-09	1.15829458472e-08
     9	8.19023092604e-09	1.95645469731e-09	1.01466856234e-08

Measurement: t_ro74
  step	t_ro74	FROM	TO
     1	5.89259953228e-09	1.41369886753e-09	7.30629839981e-09
     2	5.02576881169e-09	1.204151508e-09	6.22992031969e-09
     3	4.47377026902e-09	1.07083307225e-09	5.54460334127e-09
     4	8.1387589535e-09	1.95300832977e-09	1.00917672833e-08
     5	6.82405061876e-09	1.63559806409e-09	8.45964868284e-09
     6	5.9857898473e-09	1.43353766921e-09	7.41932751652e-09
     7	1.16575637267e-08	2.79759425896e-09	1.44551579857e-08
     8	9.70092347016e-09	2.32529051881e-09	1.2026213989e-08
     9	8.45707324369e-09	2.02554870002e-09	1.04826219437e-08

Measurement: t_ro75
  step	t_ro75	FROM	TO
     1	6.00459202518e-09	1.43788277641e-09	7.44247480159e-09
     2	5.11998732445e-09	1.22498134646e-09	6.34496867091e-09
     3	4.52852388704e-09	1.08287764505e-09	5.61140153209e-09
     4	8.3078358482e-09	1.98920646546e-09	1.02970423137e-08
     5	6.94409413631e-09	1.66149958308e-09	8.60559371939e-09
     6	6.07724494744e-09	1.45305417686e-09	7.5302991243e-09
     7	1.19256325961e-08	2.85479998524e-09	1.47804325813e-08
     8	9.89529182681e-09	2.36730146387e-09	1.22625932907e-08
     9	8.60460618509e-09	2.05737914468e-09	1.06619853298e-08

Measurement: t_ro76
  step	t_ro76	FROM	TO
     1	5.8742833179e-09	1.41869096839e-09	7.29297428629e-09
     2	5.02062895586e-09	1.21035591084e-09	6.2309848667e-09
     3	4.46762387845e-09	1.07583626001e-09	5.54346013846e-09
     4	8.0493439407e-09	1.94657441983e-09	9.99591836053e-09
     5	6.7704622034e-09	1.63405845737e-09	8.40452066077e-09
     6	5.94632735719e-09	1.43334806325e-09	7.37967542044e-09
     7	1.14831475814e-08	2.77849456587e-09	1.42616421473e-08
     8	9.58952745641e-09	2.31606414254e-09	1.19055915989e-08
     9	8.37257386502e-09	2.01992378814e-09	1.03924976532e-08

Measurement: t_ro77
  step	t_ro77	FROM	TO
     1	5.59059950885e-09	1.32993151475e-09	6.92053102361e-09
     2	4.82320559526e-09	1.14856429777e-09	5.97176989303e-09
     3	4.31999975703e-09	1.02900519373e-09	5.34900495076e-09
     4	7.54855090756e-09	1.79343494735e-09	9.34198585491e-09
     5	6.42189549068e-09	1.52773720898e-09	7.94963269967e-09
     6	5.68627559791e-09	1.35354784984e-09	7.03982344774e-09
     7	1.06552134405e-08	2.52957363721e-09	1.31847870777e-08
     8	9.00282394676e-09	2.13991320126e-09	1.1142737148e-08
     9	7.92738128887e-09	1.88558354634e-09	9.81296483522e-09

Measurement: t_ro78
  step	t_ro78	FROM	TO
     1	5.88808711472e-09	1.41868248305e-09	7.30676959777e-09
     2	5.036265667e-09	1.21241711158e-09	6.24868277858e-09
     3	4.47999327253e-09	1.0777448777e-09	5.55773815023e-09
     4	8.09277872124e-09	1.95193710012e-09	1.00447158214e-08
     5	6.80725337496e-09	1.64060126591e-09	8.44785464087e-09
     6	5.97690502298e-09	1.43961692635e-09	7.41652194934e-09
     7	1.15742341085e-08	2.79363478614e-09	1.43678688946e-08
     8	9.66550042578e-09	2.33097443757e-09	1.19964748633e-08
     9	8.43601587315e-09	2.0334815797e-09	1.04694974529e-08

Measurement: t_ro79
  step	t_ro79	FROM	TO
     1	5.77559441362e-09	1.38564016331e-09	7.16123457694e-09
     2	4.96000009664e-09	1.18900465509e-09	6.14900475173e-09
     3	4.42016904646e-09	1.05872320792e-09	5.47889225438e-09
     4	7.89949300482e-09	1.89630451887e-09	9.79579752369e-09
     5	6.66509308759e-09	1.59802513746e-09	8.26311822505e-09
     6	5.87148695459e-09	1.40675401484e-09	7.27824096943e-09
     7	1.1238596377e-08	2.69821038539e-09	1.39368067623e-08
     8	9.41637350063e-09	2.25798727363e-09	1.16743607743e-08
     9	8.24848774881e-09	1.97656011132e-09	1.02250478601e-08

Measurement: t_ro80
  step	t_ro80	FROM	TO
     1	5.72593432281e-09	1.37251263662e-09	7.09844695944e-09
     2	4.91480984354e-09	1.1763494384e-09	6.09115928193e-09
     3	4.38533534623e-09	1.04860933443e-09	5.43394468066e-09
     4	7.82729080732e-09	1.87651497779e-09	9.70380578511e-09
     5	6.60041911983e-09	1.5801311844e-09	8.18055030424e-09
     6	5.81652085373e-09	1.39132714523e-09	7.20784799896e-09
     7	1.11043024117e-08	2.66239223057e-09	1.37666946422e-08
     8	9.29392971414e-09	2.22534712583e-09	1.151927684e-08
     9	8.1408279009e-09	1.94766838586e-09	1.00884962868e-08

Measurement: t_ro81
  step	t_ro81	FROM	TO
     1	6.4322354512e-09	1.54536605738e-09	7.97760150858e-09
     2	5.40201230866e-09	1.29398855122e-09	6.69600085988e-09
     3	4.74381497803e-09	1.1347023381e-09	5.87851731614e-09
     4	9.06220630904e-09	2.17834337149e-09	1.12405496805e-08
     5	7.46560880605e-09	1.7890848587e-09	9.25469366475e-09
     6	6.46041799055e-09	1.5457292785e-09	8.00614726905e-09
     7	1.31988533152e-08	3.17238089062e-09	1.63712342059e-08
     8	1.07870042109e-08	2.58533839823e-09	1.33723426091e-08
     9	9.27286398396e-09	2.21880891242e-09	1.14916728964e-08

Measurement: t_ro82
  step	t_ro82	FROM	TO
     1	5.93633311843e-09	1.43340807965e-09	7.36974119808e-09
     2	5.05501489546e-09	1.21832878105e-09	6.27334367651e-09
     3	4.48004673234e-09	1.07965365884e-09	5.55970039118e-09
     4	8.23673163807e-09	1.99103197184e-09	1.02277636099e-08
     5	6.88499629659e-09	1.6615733188e-09	8.54656961539e-09
     6	6.02738579739e-09	1.45284876979e-09	7.48023456718e-09
     7	1.18277104405e-08	2.86071571001e-09	1.46884261506e-08
     8	9.80892254127e-09	2.36853934595e-09	1.21774618872e-08
     9	8.53032720792e-09	2.0578216376e-09	1.05881488455e-08

Measurement: t_ro83
  step	t_ro83	FROM	TO
     1	6.07999445537e-09	1.46881809032e-09	7.5488125457e-09
     2	5.15173924929e-09	1.24353399294e-09	6.39527324222e-09
     3	4.56342581489e-09	1.10045830917e-09	5.66388412406e-09
     4	8.44574524057e-09	2.04494054943e-09	1.049068579e-08
     5	7.03800099667e-09	1.7009187267e-09	8.73891972338e-09
     6	6.14261515365e-09	1.48307967708e-09	7.62569483072e-09
     7	1.21722957953e-08	2.94954151228e-09	1.51218373076e-08
     8	1.00607469097e-08	2.43358777571e-09	1.24943346854e-08
     9	8.72491966041e-09	2.10832365361e-09	1.0833243314e-08

Measurement: t_ro84
  step	t_ro84	FROM	TO
     1	5.63388072919e-09	1.34894504909e-09	6.98282577828e-09
     2	4.85471834596e-09	1.16121504328e-09	6.01593338924e-09
     3	4.34698219283e-09	1.0391298714e-09	5.38611206423e-09
     4	7.64633368205e-09	1.83080594415e-09	9.4771396262e-09
     5	6.48582810106e-09	1.55146171753e-09	8.03728981859e-09
     6	5.73559586268e-09	1.37101213057e-09	7.10660799325e-09
     7	1.08107893813e-08	2.58822825111e-09	1.33990176324e-08
     8	9.10616543741e-09	2.17814573194e-09	1.12843111693e-08
     9	8.00709964968e-09	1.91400075372e-09	9.92110040341e-09

Measurement: t_ro85
  step	t_ro85	FROM	TO
     1	5.97064084497e-09	1.43227637822e-09	7.40291722319e-09
     2	5.08293634883e-09	1.21681847015e-09	6.29975481898e-09
     3	4.50752267535e-09	1.07752721507e-09	5.58504989042e-09
     4	8.24786968633e-09	1.97925026274e-09	1.02271199491e-08
     5	6.89481500105e-09	1.65057530359e-09	8.54539030464e-09
     6	6.03445962922e-09	1.44293320701e-09	7.47739283624e-09
     7	1.18229994884e-08	2.83671345644e-09	1.46597129448e-08
     8	9.80625367499e-09	2.34772930434e-09	1.21539829793e-08
     9	8.52756829276e-09	2.03902929333e-09	1.05665975861e-08

Measurement: t_ro86
  step	t_ro86	FROM	TO
     1	6.21571596495e-09	1.49056348696e-09	7.70627945191e-09
     2	5.25718333111e-09	1.25783212637e-09	6.51501545748e-09
     3	4.63999909981e-09	1.10913466367e-09	5.74913376348e-09
     4	8.6445033277e-09	2.07294997814e-09	1.07174533058e-08
     5	7.18662613133e-09	1.71959210399e-09	8.90621823532e-09
     6	6.25773230791e-09	1.49565012103e-09	7.75338242894e-09
     7	1.24807873854e-08	2.99224865077e-09	1.54730360362e-08
     8	1.02968660515e-08	2.46339206759e-09	1.2760258119e-08
     9	8.90982429132e-09	2.12926571193e-09	1.10390900032e-08

Measurement: t_ro87
  step	t_ro87	FROM	TO
     1	6.18648916218e-09	1.4797600808e-09	7.66624924298e-09
     2	5.22496253235e-09	1.24859909292e-09	6.47356162526e-09
     3	4.61964294761e-09	1.10236433095e-09	5.72200727856e-09
     4	8.65109467247e-09	2.06921469561e-09	1.07203093681e-08
     5	7.17155530359e-09	1.7131192004e-09	8.88467450399e-09
     6	6.24001868113e-09	1.48961255591e-09	7.72963123704e-09
     7	1.25141295641e-08	2.9920767028e-09	1.55062062669e-08
     8	1.02897588191e-08	2.45749763754e-09	1.27472564566e-08
     9	8.89267216676e-09	2.12237972939e-09	1.10150518962e-08

Measurement: t_ro88
  step	t_ro88	FROM	TO
     1	6.08001379673e-09	1.46170990574e-09	7.54172370247e-09
     2	5.15277044748e-09	1.23763716332e-09	6.3904076108e-09
     3	4.56236110711e-09	1.09553338269e-09	5.65789448981e-09
     4	8.42260472553e-09	2.02530298425e-09	1.04479077098e-08
     5	7.02084381121e-09	1.68707278035e-09	8.70791659156e-09
     6	6.12932654689e-09	1.47237869393e-09	7.60170524083e-09
     7	1.21197024657e-08	2.91491877841e-09	1.50346212441e-08
     8	1.00241824096e-08	2.40929906727e-09	1.24334814769e-08
     9	8.69590407353e-09	2.08956105834e-09	1.07854651319e-08

Measurement: t_ro89
  step	t_ro89	FROM	TO
     1	5.99159678563e-09	1.44062324014e-09	7.43222002577e-09
     2	5.09073843937e-09	1.22262077799e-09	6.31335921737e-09
     3	4.51210730526e-09	1.08276922979e-09	5.59487653505e-09
     4	8.33040097858e-09	2.00389990798e-09	1.03343008866e-08
     5	6.94554827567e-09	1.66899768891e-09	8.61454596458e-09
     6	6.0683322265e-09	1.45724802137e-09	7.52558024787e-09
     7	1.20021634134e-08	2.88747835186e-09	1.48896417653e-08
     8	9.92475614424e-09	2.38562827654e-09	1.23103844208e-08
     9	8.61342275279e-09	2.06889247e-09	1.06823152228e-08

Measurement: t_ro90
  step	t_ro90	FROM	TO
     1	6.12944402941e-09	1.47067637679e-09	7.6001204062e-09
     2	5.19038000426e-09	1.24314927446e-09	6.43352927872e-09
     3	4.58910591521e-09	1.0980882206e-09	5.6871941358e-09
     4	8.52888207507e-09	2.04715295905e-09	1.05760350341e-08
     5	7.09091674512e-09	1.69908701882e-09	8.79000376394e-09
     6	6.18111535228e-09	1.47950229111e-09	7.66061764339e-09
     7	1.22948942475e-08	2.95085698785e-09	1.52457512354e-08
     8	1.0142400475e-08	2.4303916053e-09	1.25727920803e-08
     9	8.78415471925e-09	2.10274126218e-09	1.08868959814e-08

Measurement: t_ro91
  step	t_ro91	FROM	TO
     1	6.0015668017e-09	1.44094119987e-09	7.44250800157e-09
     2	5.11999947363e-09	1.22560535957e-09	6.3456048332e-09
     3	4.52615938433e-09	1.08323387945e-09	5.60939326378e-09
     4	8.31487685082e-09	1.99740864369e-09	1.03122854945e-08
     5	6.94611275037e-09	1.66557779614e-09	8.61169054651e-09
     6	6.07642895409e-09	1.45485905021e-09	7.5312880043e-09
     7	1.19406950869e-08	2.86833290305e-09	1.48090279899e-08
     8	9.90001970806e-09	2.3744934604e-09	1.22745131685e-08
     9	8.60575999943e-09	2.06145721846e-09	1.06672172179e-08

Measurement: t_ro92
  step	t_ro92	FROM	TO
     1	6.3790818945e-09	1.53184543684e-09	7.91092733134e-09
     2	5.36128451019e-09	1.28602899987e-09	6.64731351006e-09
     3	4.71578609109e-09	1.1302593507e-09	5.8460454418e-09
     4	8.98281442897e-09	2.15804634485e-09	1.11408607738e-08
     5	7.40867338981e-09	1.77789667584e-09	9.18657006565e-09
     6	6.41847014289e-09	1.53905165986e-09	7.95752180275e-09
     7	1.30697562161e-08	3.13990814515e-09	1.62096643613e-08
     8	1.06929477475e-08	2.56626021708e-09	1.32592079646e-08
     9	9.20149527624e-09	2.20682081869e-09	1.14083160949e-08

Measurement: t_ro93
  step	t_ro93	FROM	TO
     1	5.73328729158e-09	1.38156208352e-09	7.1148493751e-09
     2	4.92838874022e-09	1.18697263207e-09	6.11536137228e-09
     3	4.40002866529e-09	1.05929875498e-09	5.45932742027e-09
     4	7.82859806335e-09	1.88901000898e-09	9.71760807232e-09
     5	6.62366980078e-09	1.59691854631e-09	8.22058834709e-09
     6	5.84089858525e-09	1.40746052234e-09	7.2483591076e-09
     7	1.11334348965e-08	2.68824810696e-09	1.38216830035e-08
     8	9.35494013057e-09	2.25701838329e-09	1.16119585139e-08
     9	8.20182100791e-09	1.97784955216e-09	1.01796705601e-08

Measurement: t_ro94
  step	t_ro94	FROM	TO
     1	6.00949772657e-09	1.43722481457e-09	7.44672254113e-09
     2	5.11226005044e-09	1.22126097831e-09	6.33352102874e-09
     3	4.5270131641e-09	1.08072775468e-09	5.60774091878e-09
     4	8.31593787042e-09	1.98817882652e-09	1.03041166969e-08
     5	6.93758117683e-09	1.65711972749e-09	8.59470090432e-09
     6	6.06589428762e-09	1.44790463137e-09	7.51379891899e-09
     7	1.19318482062e-08	2.85262247523e-09	1.47844706814e-08
     8	9.8786941721e-09	2.35929424012e-09	1.22379884122e-08
     9	8.58292939211e-09	2.04849399385e-09	1.0631423386e-08

Measurement: t_ro95
  step	t_ro95	FROM	TO
     1	6.04561991515e-09	1.45147506683e-09	7.49709498198e-09
     2	5.13641587574e-09	1.23094199984e-09	6.36735787558e-09
     3	4.55464181738e-09	1.09015361239e-09	5.64479542978e-09
     4	8.37424204834e-09	2.01112682956e-09	1.03853688779e-08
     5	6.99962679344e-09	1.67810190574e-09	8.67772869917e-09
     6	6.11915543575e-09	1.46537362224e-09	7.58452905799e-09
     7	1.20457419164e-08	2.89275524957e-09	1.4938497166e-08
     8	9.99214573301e-09	2.39593281349e-09	1.23880785465e-08
     9	8.68115737336e-09	2.07938617815e-09	1.07605435515e-08

Measurement: t_ro96
  step	t_ro96	FROM	TO
     1	6.08000687997e-09	1.45208900341e-09	7.53209588338e-09
     2	5.15800536317e-09	1.23081337086e-09	6.38881873403e-09
     3	4.56985067607e-09	1.09007060968e-09	5.65992128575e-09
     4	8.48280584201e-09	2.02364050587e-09	1.05064463479e-08
     5	7.04739242162e-09	1.68017323489e-09	8.72756565651e-09
     6	6.14815082488e-09	1.46562177702e-09	7.6137726019e-09
     7	1.2201839222e-08	2.9091499009e-09	1.51109891229e-08
     8	1.00581686882e-08	2.39693621086e-09	1.24551048991e-08
     9	8.71406469755e-09	2.07604508859e-09	1.07901097861e-08

Measurement: t_ro97
  step	t_ro97	FROM	TO
     1	5.876801895e-09	1.42123709637e-09	7.29803899138e-09
     2	5.01743571156e-09	1.21183290794e-09	6.2292686195e-09
     3	4.4624196566e-09	1.07698674311e-09	5.53940639971e-09
     4	8.11399659554e-09	1.96403134848e-09	1.0078027944e-08
     5	6.80570646193e-09	1.64510576699e-09	8.45081222892e-09
     6	5.96967472474e-09	1.44184323588e-09	7.41151796062e-09
     7	1.16140005078e-08	2.81271008121e-09	1.4426710589e-08
     8	9.6664482802e-09	2.33797738382e-09	1.2004425664e-08
     9	8.42565876265e-09	2.03630875414e-09	1.04619675168e-08

Measurement: t_ro98
  step	t_ro98	FROM	TO
     1	5.72051849612e-09	1.36804943793e-09	7.08856793404e-09
     2	4.91266612764e-09	1.17340024311e-09	6.08606637075e-09
     3	4.38374880053e-09	1.0461940963e-09	5.42994289683e-09
     4	7.84933126728e-09	1.87664251525e-09	9.72597378253e-09
     5	6.62391540691e-09	1.58171741411e-09	8.20563282103e-09
     6	5.83565525655e-09	1.39251260464e-09	7.22816786119e-09
     7	1.11885905357e-08	2.67418376782e-09	1.38627743035e-08
     8	9.37003504601e-09	2.2369783751e-09	1.16070134211e-08
     9	8.20369726483e-09	1.95715789918e-09	1.0160855164e-08

Measurement: t_ro99
  step	t_ro99	FROM	TO
     1	5.94684625689e-09	1.42362249434e-09	7.37046875124e-09
     2	5.07064169159e-09	1.21165579747e-09	6.28229748906e-09
     3	4.50213839127e-09	1.0746803525e-09	5.57681874377e-09
     4	8.21878434819e-09	1.96748190375e-09	1.01862662519e-08
     5	6.8798171261e-09	1.64384305209e-09	8.5236601782e-09
     6	6.0253750202e-09	1.43829292964e-09	7.46366794985e-09
     7	1.1790935328e-08	2.82179120416e-09	1.46127265321e-08
     8	9.79233783402e-09	2.33968812414e-09	1.21320259582e-08
     9	8.52092819438e-09	2.03377177987e-09	1.05546999742e-08

Measurement: t_ro100
  step	t_ro100	FROM	TO
     1	5.80731260069e-09	1.40276401124e-09	7.21007661193e-09
     2	4.97216159561e-09	1.19982147545e-09	6.17198307106e-09
     3	4.43241291252e-09	1.06878389077e-09	5.50119680329e-09
     4	7.98774424128e-09	1.93212813751e-09	9.91987237879e-09
     5	6.72000098228e-09	1.62328941057e-09	8.34329039286e-09
     6	5.91070421282e-09	1.42654133861e-09	7.33724555144e-09
     7	1.14086995151e-08	2.76192628217e-09	1.41706257973e-08
     8	9.52768556116e-09	2.30314126159e-09	1.18308268228e-08
     9	8.32488277834e-09	2.01073045333e-09	1.03356132317e-08

Measurement: t_ro101
  step	t_ro101	FROM	TO
     1	5.80733490418e-09	1.38597453097e-09	7.19330943515e-09
     2	4.97059632064e-09	1.1856374406e-09	6.15623376124e-09
     3	4.4305041976e-09	1.05608621312e-09	5.48659041072e-09
     4	7.97711368694e-09	1.90377539175e-09	9.88088907869e-09
     5	6.70971392954e-09	1.59977554193e-09	8.30948947147e-09
     6	5.89693943557e-09	1.40521703416e-09	7.30215646973e-09
     7	1.13885379443e-08	2.7167630761e-09	1.41053010204e-08
     8	9.50441085385e-09	2.26523881391e-09	1.17696496678e-08
     9	8.30077993172e-09	1.97740862053e-09	1.02781885522e-08

Measurement: t_ro102
  step	t_ro102	FROM	TO
     1	5.98128233558e-09	1.43461311361e-09	7.41589544919e-09
     2	5.08731858916e-09	1.21831176425e-09	6.30563035341e-09
     3	4.51523255114e-09	1.07982374828e-09	5.59505629942e-09
     4	8.2774701804e-09	1.98584482831e-09	1.02633150087e-08
     5	6.91861780147e-09	1.65725855019e-09	8.57587635166e-09
     6	6.05481401764e-09	1.44843113865e-09	7.50324515629e-09
     7	1.18864282384e-08	2.85142207258e-09	1.4737850311e-08
     8	9.85843246704e-09	2.36147788512e-09	1.22199103522e-08
     9	8.57281306986e-09	2.05097678398e-09	1.06237898538e-08

Measurement: t_ro103
  step	t_ro103	FROM	TO
     1	5.76000182656e-09	1.3861193671e-09	7.14612119365e-09
     2	4.93866738036e-09	1.18696566616e-09	6.12563304652e-09
     3	4.40215464927e-09	1.05738362659e-09	5.45953827585e-09
     4	7.88608901838e-09	1.89866049893e-09	9.78474951731e-09
     5	6.65104164998e-09	1.59948454599e-09	8.25052619598e-09
     6	5.85481652937e-09	1.40713237207e-09	7.26194890144e-09
     7	1.12393630536e-08	2.70680506685e-09	1.39461681204e-08
     8	9.40833797495e-09	2.26330417174e-09	1.16716421467e-08
     9	8.2313921415e-09	1.97888413095e-09	1.02102762724e-08

Measurement: t_ro104
  step	t_ro104	FROM	TO
     1	5.84673309573e-09	1.41240001126e-09	7.25913310699e-09
     2	4.9994559035e-09	1.20641637234e-09	6.20587227584e-09
     3	4.45364337911e-09	1.07421149438e-09	5.5278548735e-09
     4	8.03734641339e-09	1.94453822485e-09	9.98188463824e-09
     5	6.7605556538e-09	1.63378613045e-09	8.39434178425e-09
     6	5.93837360477e-09	1.43406445142e-09	7.37243805619e-09
     7	1.1490039314e-08	2.78253868091e-09	1.42725779949e-08
     8	9.59223643616e-09	2.32011447663e-09	1.19123509128e-08
     9	8.37424412805e-09	2.02406296063e-09	1.03983070887e-08

Measurement: t_ro105
  step	t_ro105	FROM	TO
     1	5.95000621442e-09	1.4279886858e-09	7.37799490023e-09
     2	5.07063736845e-09	1.21529112365e-09	6.2859284921e-09
     3	4.49803191898e-09	1.07680976696e-09	5.57484168594e-09
     4	8.24015788341e-09	1.97830452001e-09	1.02184624034e-08
     5	6.89103588427e-09	1.65231582676e-09	8.54335171104e-09
     6	6.03376737798e-09	1.44514789479e-09	7.47891527277e-09
     7	1.18238447303e-08	2.83890216481e-09	1.46627468951e-08
     8	9.81214167932e-09	2.35300010689e-09	1.21651417862e-08
     9	8.53693611835e-09	2.04522238609e-09	1.05821585044e-08

Measurement: t_ro106
  step	t_ro106	FROM	TO
     1	6.2983233034e-09	1.50985582244e-09	7.80817912584e-09
     2	5.28977762499e-09	1.26615694035e-09	6.55593456534e-09
     3	4.66681451616e-09	1.11579360278e-09	5.78260811894e-09
     4	8.85025238173e-09	2.12159885471e-09	1.09718512364e-08
     5	7.3045313327e-09	1.74837704912e-09	9.05290838182e-09
     6	6.3365588903e-09	1.51502638452e-09	7.85158527482e-09
     7	1.28471839231e-08	3.07906535601e-09	1.59262492791e-08
     8	1.05175944293e-08	2.51718786382e-09	1.30347822931e-08
     9	9.06294887535e-09	2.1666570382e-09	1.12296059136e-08

Measurement: t_ro107
  step	t_ro107	FROM	TO
     1	6.55999837995e-09	1.57210746242e-09	8.13210584237e-09
     2	5.46605250094e-09	1.30887514075e-09	6.7749276417e-09
     3	4.7833368308e-09	1.14424928915e-09	5.92758611995e-09
     4	9.35848400152e-09	2.2430992958e-09	1.16015832973e-08
     5	7.62559264886e-09	1.82596726257e-09	9.45155991143e-09
     6	6.55984282029e-09	1.56893312109e-09	8.12877594138e-09
     7	1.37193531437e-08	3.28745251866e-09	1.70068056623e-08
     8	1.10792921917e-08	2.65275312432e-09	1.3732045316e-08
     9	9.46063918746e-09	2.26324816887e-09	1.17238873563e-08

Measurement: t_ro108
  step	t_ro108	FROM	TO
     1	6.3245650796e-09	1.52281124885e-09	7.84737632846e-09
     2	5.31882594897e-09	1.27823758587e-09	6.59706353484e-09
     3	4.67927759605e-09	1.12306239392e-09	5.80233998997e-09
     4	8.88071791376e-09	2.14045079657e-09	1.10211687103e-08
     5	7.32640101696e-09	1.76299329668e-09	9.08939431365e-09
     6	6.35177074457e-09	1.52708043002e-09	7.87885117459e-09
     7	1.28995798559e-08	3.11103750233e-09	1.60106173582e-08
     8	1.05538734074e-08	2.54192637601e-09	1.30957997834e-08
     9	9.08773648131e-09	2.18751516172e-09	1.1275251643e-08

Measurement: t_ro109
  step	t_ro109	FROM	TO
     1	6.00278704788e-09	1.44704801599e-09	7.44983506387e-09
     2	5.12000118333e-09	1.23230187734e-09	6.35230306067e-09
     3	4.53102660503e-09	1.08977215322e-09	5.62079875825e-09
     4	8.29927507077e-09	2.0027692699e-09	1.03020443407e-08
     5	6.93967269049e-09	1.67279342131e-09	8.61246611181e-09
     6	6.07633602176e-09	1.46389886448e-09	7.54023488625e-09
     7	1.19168370219e-08	2.87711616193e-09	1.47939531838e-08
     8	9.88889567438e-09	2.38501380801e-09	1.22739094824e-08
     9	8.59914294706e-09	2.07235774693e-09	1.0671500694e-08

Measurement: t_ro110
  step	t_ro110	FROM	TO
     1	6.10934145623e-09	1.47121332672e-09	7.58055478295e-09
     2	5.17299228405e-09	1.2447693132e-09	6.41776159726e-09
     3	4.57356162996e-09	1.0998699842e-09	5.67343161416e-09
     4	8.51973743002e-09	2.05325777811e-09	1.05729952081e-08
     5	7.07800473767e-09	1.70404789808e-09	8.78205263575e-09
     6	6.16887213286e-09	1.48429902141e-09	7.65317115427e-09
     7	1.22888493076e-08	2.96297538275e-09	1.52518246903e-08
     8	1.0127418063e-08	2.43927084603e-09	1.25666889091e-08
     9	8.7685372742e-09	2.11073544495e-09	1.08792727192e-08

Measurement: t_ro111
  step	t_ro111	FROM	TO
     1	6.10203517897e-09	1.46359741427e-09	7.56563259324e-09
     2	5.17565717394e-09	1.23844870487e-09	6.41410587881e-09
     3	4.58350610758e-09	1.09484011292e-09	5.67834622049e-09
     4	8.47370622775e-09	2.03293271044e-09	1.05066389382e-08
     5	7.06005631024e-09	1.6900308547e-09	8.75008716494e-09
     6	6.16183060216e-09	1.47248274722e-09	7.63431334938e-09
     7	1.21983747902e-08	2.92601847977e-09	1.512439327e-08
     8	1.00872368505e-08	2.41475716676e-09	1.25019940173e-08
     9	8.74857897227e-09	2.0909738557e-09	1.0839552828e-08

Measurement: t_ro112
  step	t_ro112	FROM	TO
     1	5.83746017483e-09	1.39983547813e-09	7.23729565297e-09
     2	4.99587038391e-09	1.19588286834e-09	6.19175325225e-09
     3	4.45095234618e-09	1.06464523604e-09	5.51559758222e-09
     4	8.0186752113e-09	1.92367305593e-09	9.94234826722e-09
     5	6.75360002072e-09	1.61755621277e-09	8.37115623349e-09
     6	5.93677083961e-09	1.42068386163e-09	7.35745470124e-09
     7	1.14468877839e-08	2.74630235148e-09	1.41931901354e-08
     8	9.57091390201e-09	2.29272808193e-09	1.18636419839e-08
     9	8.36338810888e-09	2.00195334083e-09	1.03653414497e-08

Measurement: t_ro113
  step	t_ro113	FROM	TO
     1	5.74944202765e-09	1.37652565014e-09	7.12596767779e-09
     2	4.93087384441e-09	1.17865755956e-09	6.10953140398e-09
     3	4.39997894684e-09	1.05106180205e-09	5.45104074889e-09
     4	7.88042037616e-09	1.88634346332e-09	9.76676383948e-09
     5	6.6458459157e-09	1.5891085224e-09	8.2349544381e-09
     6	5.85078460348e-09	1.39792366393e-09	7.24870826742e-09
     7	1.12407375007e-08	2.69020744582e-09	1.39309449465e-08
     8	9.40817767598e-09	2.24941478458e-09	1.16575924606e-08
     9	8.2316176377e-09	1.96656174566e-09	1.01981793834e-08

Measurement: t_ro114
  step	t_ro114	FROM	TO
     1	6.51191883992e-09	1.56529501934e-09	8.07721385926e-09
     2	5.42105655532e-09	1.30172702094e-09	6.72278357626e-09
     3	4.74551371742e-09	1.13900832654e-09	5.88452204396e-09
     4	9.28543594301e-09	2.23282927101e-09	1.1518265214e-08
     5	7.56255178186e-09	1.81711971278e-09	9.37967149463e-09
     6	6.50749533471e-09	1.56268422527e-09	8.07017955997e-09
     7	1.36176021341e-08	3.27589460993e-09	1.6893496744e-08
     8	1.09889661137e-08	2.6410233731e-09	1.36299894868e-08
     9	9.38458670387e-09	2.25414517888e-09	1.16387318827e-08

Measurement: t_ro115
  step	t_ro115	FROM	TO
     1	6.19403851961e-09	1.47964730476e-09	7.67368582437e-09
     2	5.24281798212e-09	1.25037574941e-09	6.49319373154e-09
     3	4.61967266962e-09	1.10136145833e-09	5.72103412795e-09
     4	8.62982483202e-09	2.06080194527e-09	1.06906267773e-08
     5	7.15453787716e-09	1.70609986501e-09	8.86063774217e-09
     6	6.22647111759e-09	1.4835882259e-09	7.7100593435e-09
     7	1.24636569391e-08	2.97440258069e-09	1.54380595198e-08
     8	1.02484323471e-08	2.44269033001e-09	1.26911226771e-08
     9	8.85918353701e-09	2.1100740478e-09	1.09692575848e-08

Measurement: t_ro116
  step	t_ro116	FROM	TO
     1	5.91999972791e-09	1.4225947047e-09	7.34259443261e-09
     2	5.0563191387e-09	1.21375477427e-09	6.27007391296e-09
     3	4.49290028141e-09	1.07732865371e-09	5.57022893512e-09
     4	8.14763115944e-09	1.95882202034e-09	1.01064531798e-08
     5	6.84463213393e-09	1.64377668135e-09	8.48840881528e-09
     6	6.00483974982e-09	1.4408229203e-09	7.44566267012e-09
     7	1.16613137855e-08	2.80436894724e-09	1.44656827327e-08
     8	9.72681273725e-09	2.33670460305e-09	1.20635173403e-08
     9	8.48234447906e-09	2.03612069833e-09	1.05184651774e-08

Measurement: t_ro117
  step	t_ro117	FROM	TO
     1	6.25560460431e-09	1.50363499065e-09	7.75923959496e-09
     2	5.27999955113e-09	1.26697458309e-09	6.54697413423e-09
     3	4.64740983204e-09	1.11526299325e-09	5.76267282529e-09
     4	8.7638601344e-09	2.10732012624e-09	1.08711802606e-08
     5	7.24876030805e-09	1.74170050676e-09	8.99046081482e-09
     6	6.29640416957e-09	1.51200802376e-09	7.80841219333e-09
     7	1.27040145782e-08	3.05544978046e-09	1.57594643587e-08
     8	1.04232197589e-08	2.50509939874e-09	1.29283191577e-08
     9	8.99344142157e-09	2.16038460846e-09	1.115382603e-08

Measurement: t_ro118
  step	t_ro118	FROM	TO
     1	5.87178254369e-09	1.41019347907e-09	7.28197602276e-09
     2	5.01739334085e-09	1.20292734937e-09	6.22032069022e-09
     3	4.46808612852e-09	1.06997155877e-09	5.53805768729e-09
     4	8.09324649641e-09	1.9443801621e-09	1.00376266585e-08
     5	6.80347982442e-09	1.63181879812e-09	8.43529862254e-09
     6	5.97408303013e-09	1.43130164531e-09	7.40538467544e-09
     7	1.15766665894e-08	2.78157150892e-09	1.43582380983e-08
     8	9.66054725843e-09	2.31761484528e-09	1.19781621037e-08
     9	8.43131775167e-09	2.02055133072e-09	1.04518690824e-08

Measurement: t_ro119
  step	t_ro119	FROM	TO
     1	6.0551257184e-09	1.45184639763e-09	7.50697211603e-09
     2	5.14005408801e-09	1.23036080476e-09	6.37041489277e-09
     3	4.55432598588e-09	1.08915850338e-09	5.64348448926e-09
     4	8.35600348285e-09	2.00410898157e-09	1.03601124644e-08
     5	6.97760345127e-09	1.67067389303e-09	8.6482773443e-09
     6	6.0992575101e-09	1.45868800384e-09	7.55794551393e-09
     7	1.19928621017e-08	2.87595669456e-09	1.48688187963e-08
     8	9.94096036318e-09	2.37999038926e-09	1.23209507524e-08
     9	8.63704122303e-09	2.06558098495e-09	1.0702622208e-08

Measurement: t_ro120
  step	t_ro120	FROM	TO
     1	5.76253368702e-09	1.38536233032e-09	7.14789601735e-09
     2	4.95128224279e-09	1.18730945228e-09	6.13859169507e-09
     3	4.41276498281e-09	1.05690059997e-09	5.46966558278e-09
     4	7.89513872474e-09	1.89795506786e-09	9.7930937926e-09
     5	6.66456262721e-09	1.59956733485e-09	8.26412996206e-09
     6	5.86991300307e-09	1.40692481643e-09	7.2768378195e-09
     7	1.12415875857e-08	2.70296987776e-09	1.39445574634e-08
     8	9.42179437454e-09	2.26229864168e-09	1.16840930162e-08
     9	8.24945737598e-09	1.97830452917e-09	1.02277619052e-08

Measurement: t_ro121
  step	t_ro121	FROM	TO
     1	5.78449287608e-09	1.38852174012e-09	7.17301461621e-09
     2	4.96000018555e-09	1.18871536923e-09	6.14871555478e-09
     3	4.42619558475e-09	1.05810808461e-09	5.48430366935e-09
     4	7.91243740031e-09	1.90078682921e-09	9.81322422952e-09
     5	6.68083649194e-09	1.60116727865e-09	8.28200377059e-09
     6	5.88427662765e-09	1.40796801995e-09	7.29224464761e-09
     7	1.1262525361e-08	2.70627145065e-09	1.39687968116e-08
     8	9.44090538902e-09	2.26396833454e-09	1.17048737236e-08
     9	8.26656715446e-09	1.97927755516e-09	1.02458447096e-08

Measurement: t_ro122
  step	t_ro122	FROM	TO
     1	6.21453652017e-09	1.48316161221e-09	7.69769813237e-09
     2	5.23876206529e-09	1.25010516103e-09	6.48886722633e-09
     3	4.61894828144e-09	1.10218813816e-09	5.72113641959e-09
     4	8.70167564011e-09	2.07616821772e-09	1.07778438578e-08
     5	7.19792526993e-09	1.71716319243e-09	8.91508846236e-09
     6	6.2506178714e-09	1.49109447903e-09	7.74171235043e-09
     7	1.2607743027e-08	3.00713412972e-09	1.56148771567e-08
     8	1.03369608182e-08	2.46502885054e-09	1.28019896687e-08
     9	8.91791809021e-09	2.1265403249e-09	1.10444584151e-08

Measurement: t_ro123
  step	t_ro123	FROM	TO
     1	6.17076375351e-09	1.48647092941e-09	7.65723468292e-09
     2	5.19695005216e-09	1.25106427521e-09	6.44801432737e-09
     3	4.58352036947e-09	1.10294903606e-09	5.68646940554e-09
     4	8.67353391101e-09	2.09207045564e-09	1.07656043666e-08
     5	7.15225577534e-09	1.72340997805e-09	8.87566575339e-09
     6	6.21128718083e-09	1.49572966666e-09	7.70701684749e-09
     7	1.2570789869e-08	3.03438037139e-09	1.56051702404e-08
     8	1.02733792295e-08	2.47710248397e-09	1.27504817135e-08
     9	8.85748950556e-09	2.13444833759e-09	1.09919378432e-08

Measurement: t_ro124
  step	t_ro124	FROM	TO
     1	5.89739781191e-09	1.41404721949e-09	7.31144503141e-09
     2	5.02023271865e-09	1.20277669525e-09	6.2230094139e-09
     3	4.46136539398e-09	1.06802396477e-09	5.52938935875e-09
     4	8.17113580895e-09	1.95894483609e-09	1.0130080645e-08
     5	6.83030698356e-09	1.63641743996e-09	8.46672442352e-09
     6	5.98047315199e-09	1.43208567103e-09	7.41255882302e-09
     7	1.17357364005e-08	2.81319461504e-09	1.45489310155e-08
     8	9.72870648042e-09	2.33058120753e-09	1.2059287688e-08
     9	8.4619601025e-09	2.0260761557e-09	1.04880362582e-08

Measurement: t_ro125
  step	t_ro125	FROM	TO
     1	5.75999925706e-09	1.39464293344e-09	7.1546421905e-09
     2	4.95997869632e-09	1.19111115133e-09	6.15108984765e-09
     3	4.41836693506e-09	1.05864648124e-09	5.4770134163e-09
     4	7.871076639e-09	1.9085599165e-09	9.7796365555e-09
     5	6.65095819451e-09	1.60388834571e-09	8.25484654021e-09
     6	5.86003065801e-09	1.40774052198e-09	7.26777117999e-09
     7	1.1189128782e-08	2.7144803548e-09	1.39036091368e-08
     8	9.38677409217e-09	2.26652630597e-09	1.16533003981e-08
     9	8.22229134493e-09	1.97901001501e-09	1.02013013599e-08

Measurement: t_ro126
  step	t_ro126	FROM	TO
     1	5.94684764331e-09	1.43229547714e-09	7.37914312045e-09
     2	5.06788251787e-09	1.21791980823e-09	6.2858023261e-09
     3	4.5003153175e-09	1.07982772119e-09	5.58014303869e-09
     4	8.21245351768e-09	1.9795538502e-09	1.01920073679e-08
     5	6.8799794667e-09	1.65479663673e-09	8.53477610343e-09
     6	6.02538257148e-09	1.447327353e-09	7.47270992448e-09
     7	1.17634768788e-08	2.83727928345e-09	1.46007561622e-08
     8	9.77680383115e-09	2.35392398108e-09	1.21307278122e-08
     9	8.51418664101e-09	2.04696502685e-09	1.05611516679e-08

Measurement: t_ro127
  step	t_ro127	FROM	TO
     1	6.40005171383e-09	1.5410827558e-09	7.94113446963e-09
     2	5.36184858408e-09	1.28871503916e-09	6.65056362324e-09
     3	4.71056392161e-09	1.13154186158e-09	5.84210578318e-09
     4	9.01531129414e-09	2.17205192759e-09	1.11873632217e-08
     5	7.39951823411e-09	1.78050632496e-09	9.18002455907e-09
     6	6.39954514073e-09	1.53843259593e-09	7.93797773666e-09
     7	1.31153716973e-08	3.16282521313e-09	1.62781969105e-08
     8	1.06709841932e-08	2.5700401682e-09	1.32410243614e-08
     9	9.1625179648e-09	2.2055537622e-09	1.1368071727e-08

Measurement: freq_ro0
  step	{80/t_ro0}
     1	13270197777.4
     2	15624962687.9
     3	17600754895.2
     4	9579795882.26
     5	11464130813.4
     6	13111109006.2
     7	6662001750.6
     8	8035404943.29
     9	9248657763.44

Measurement: freq_ro1
  step	{80/t_ro1}
     1	13710400551.8
     2	16022824817.2
     3	17986309756.7
     4	9964160360.18
     5	11839883085.3
     6	13473920491.7
     7	6972921217.17
     8	8346304476.77
     9	9554350720.05

Measurement: freq_ro2
  step	{80/t_ro2}
     1	13157883233.8
     2	15513727915.2
     3	17504595668.8
     4	9477530644.32
     5	11362769305.4
     6	13016676121.2
     7	6585563245.95
     8	7959328952.11
     9	9173315795.67

Measurement: freq_ro3
  step	{80/t_ro3}
     1	12359490335.9
     2	14785350053.5
     3	16860849255.8
     4	8734315158.49
     5	10666955241.5
     6	12357150492.7
     7	5987669903.92
     8	7375256300.37
     9	8603960097.19

Measurement: freq_ro4
  step	{80/t_ro4}
     1	12868079993.9
     2	15209232152
     3	17241364696
     4	9237138983.25
     5	11125302115.4
     6	12788793110.2
     7	6397442371.56
     8	7766093842.73
     9	8980996324.13

Measurement: freq_ro5
  step	{80/t_ro5}
     1	13865159629.1
     2	16129134291.1
     3	18132114735.6
     4	10088092858.8
     5	11980609440.7
     6	13616590218
     7	7082489633.27
     8	8475307349.63
     9	9692901454.12

Measurement: freq_ro6
  step	{80/t_ro6}
     1	12945251471.8
     2	15306382824.7
     3	17322099731.5
     4	9277565752.03
     5	11172576233.9
     6	12832685933.3
     7	6418340218.71
     8	7790005075.25
     9	9006833115.66

Measurement: freq_ro7
  step	{80/t_ro7}
     1	13195758767.9
     2	15624977367.3
     3	17627951732.5
     4	9478130578.05
     5	11411733647.4
     6	13089885716.5
     7	6573231005.3
     8	7979955163.57
     9	9215294714.57

Measurement: freq_ro8
  step	{80/t_ro8}
     1	13300205534.5
     2	15625007820.8
     3	17629367531.1
     4	9605413142.61
     5	11489264684.5
     6	13133924169.8
     7	6684833165.89
     8	8056666311.83
     9	9267848787.99

Measurement: freq_ro9
  step	{80/t_ro9}
     1	13947021872.9
     2	16253157239.4
     3	18223814761.4
     4	10167807293.7
     5	12057392630.9
     6	13692214430.5
     7	7138734801.78
     8	8529886609.82
     9	9746241465.5

Measurement: freq_ro10
  step	{80/t_ro10}
     1	13157883042.1
     2	15508726183.1
     3	17508841951.2
     4	9457729577.56
     5	11359371566.1
     6	13017052686.5
     7	6567392827.08
     8	7948730006.65
     9	9167907412.07

Measurement: freq_ro11
  step	{80/t_ro11}
     1	13351765700.2
     2	15691843141.5
     3	17710083064.8
     4	9676407962.27
     5	11584458542.2
     6	13242687482.3
     7	6754590719.44
     8	8149521311.55
     9	9375507166.93

Measurement: freq_ro12
  step	{80/t_ro12}
     1	13013909004.7
     2	15384833965.5
     3	17412264732.3
     4	9336190658.82
     5	11248737950.8
     6	12918092348.6
     7	6469096973.59
     8	7856650066.81
     9	9082339789.12

Measurement: freq_ro13
  step	{80/t_ro13}
     1	13888893240.9
     2	16205418437.9
     3	18173927098.3
     4	10169845291.9
     5	12045422525.8
     6	13673784345.5
     7	7144023658.88
     8	8524381333.45
     9	9735829666.13

Measurement: freq_ro14
  step	{80/t_ro14}
     1	13219085551.8
     2	15573126876.5
     3	17570593485.3
     4	9525668117.81
     5	11425614672.9
     6	13081312722.1
     7	6622357322.13
     8	8007647337.42
     9	9227923383.75

Measurement: freq_ro15
  step	{80/t_ro15}
     1	13119739460.9
     2	15468970949.2
     3	17469919652.9
     4	9426651558.94
     5	11312064548.8
     6	12962293744.3
     7	6538506379.23
     8	7907718681.13
     9	9119970184.34

Measurement: freq_ro16
  step	{80/t_ro16}
     1	12963969134
     2	15325339515.7
     3	17339666578.5
     4	9270817633.1
     5	11163308671
     6	12820978636.1
     7	6408901547.53
     8	7778755883.2
     9	8993195950.83

Measurement: freq_ro17
  step	{80/t_ro17}
     1	13701378408.3
     2	16026799719.9
     3	17999524388.4
     4	9985439195.76
     5	11889028454.1
     6	13535571154.6
     7	7003500141.19
     8	8404329865.87
     9	9629648830.6

Measurement: freq_ro18
  step	{80/t_ro18}
     1	12895544072.8
     2	15289841045
     3	17333372193
     4	9195927294.94
     5	11129047931.2
     6	12820518381.9
     7	6349491521.96
     8	7753021056.49
     9	8986742439.23

Measurement: freq_ro19
  step	{80/t_ro19}
     1	13754280543.5
     2	16077556249.6
     3	18029108874.6
     4	10059064401.4
     5	11941030836.6
     6	13574832952.9
     7	7065866914.09
     8	8448636145.33
     9	9661543265.9

Measurement: freq_ro20
  step	{80/t_ro20}
     1	12687016106.6
     2	15140199962.9
     3	17160698421.1
     4	8986485521.36
     5	10916482540.9
     6	12602191905
     7	6175822828.6
     8	7567603439.27
     9	8798556562.16

Measurement: freq_ro21
  step	{80/t_ro21}
     1	12148035784.3
     2	14570931060.1
     3	16666736031.5
     4	8540331462.72
     5	10456430041.1
     6	12144007340.3
     7	5830096454.38
     8	7200024512.06
     9	8421956452.31

Measurement: freq_ro22
  step	{80/t_ro22}
     1	13888876567.1
     2	16233420182
     3	18198609198.8
     4	10133263823.7
     5	12033287424.3
     6	13671989925.4
     7	7112417266.94
     8	8510940756.24
     9	9729862408.96

Measurement: freq_ro23
  step	{80/t_ro23}
     1	13887721731.4
     2	16128297607.2
     3	18083468930.2
     4	10168340533.5
     5	12018316174.2
     6	13634894608.2
     7	7153081027.5
     8	8512755743.42
     9	9712067844.47

Measurement: freq_ro24
  step	{80/t_ro24}
     1	12996261548.6
     2	15358714024.9
     3	17375511919.9
     4	9330089514.53
     5	11233165981.8
     6	12896590298.5
     7	6467195778.95
     8	7847943648.21
     9	9068482545.21

Measurement: freq_ro25
  step	{80/t_ro25}
     1	13590828677.3
     2	15923480316.8
     3	17889593380.9
     4	9872718185.26
     5	11752944521.4
     6	13387510139
     7	6901326851.8
     8	8276749797.34
     9	9485256133.69

Measurement: freq_ro26
  step	{80/t_ro26}
     1	14124293656
     2	16378272033.9
     3	18314627275.6
     4	10401232260.8
     5	12246936931.5
     6	13854911135.2
     7	7343473105.67
     8	8705598660.64
     9	9903320961.88

Measurement: freq_ro27
  step	{80/t_ro27}
     1	13652640645.2
     2	15961306848.9
     3	17929137573.1
     4	9950414297.61
     5	11826855451.9
     6	13462212606.3
     7	6969882085.07
     8	8344918389.36
     9	9555502398.29

Measurement: freq_ro28
  step	{80/t_ro28}
     1	13030940410.5
     2	15393430467.4
     3	17405829672.9
     4	9347100265.88
     5	11244606753.1
     6	12906126644.9
     7	6469537718.09
     8	7845100973.47
     9	9063622723.77

Measurement: freq_ro29
  step	{80/t_ro29}
     1	13088102892.8
     2	15438604631.5
     3	17454543826
     4	9414515411.84
     5	11313281499.4
     6	12971935852.5
     7	6537352206.6
     8	7917503922.96
     9	9137359839.44

Measurement: freq_ro30
  step	{80/t_ro30}
     1	14519691880.7
     2	16738940036
     3	18659384880.6
     4	10727943073.1
     5	12574332468.2
     6	14168271979.6
     7	7609048554.83
     8	8978835657.28
     9	10172216753.8

Measurement: freq_ro31
  step	{80/t_ro31}
     1	13981630687.9
     2	16265647960
     3	18203406270.8
     4	10250469026.7
     5	12112553250.9
     6	13730832134
     7	7214783793.79
     8	8587625463.76
     9	9792814755.08

Measurement: freq_ro32
  step	{80/t_ro32}
     1	13631341950.6
     2	15961175416.9
     3	17925240199.9
     4	9895295535.45
     5	11788819064.9
     6	13429639149.4
     7	6926312922.55
     8	8316027682.3
     9	9533490038.95

Measurement: freq_ro33
  step	{80/t_ro33}
     1	13100405424.7
     2	15461705881.4
     3	17489203945.8
     4	9371433063.23
     5	11292005461.4
     6	12961627262.4
     7	6497075534.4
     8	7892525328.58
     9	9120465547.33

Measurement: freq_ro34
  step	{80/t_ro34}
     1	12777565414.9
     2	15170992689.7
     3	17240056666.3
     4	9092787845.3
     5	11028605709.4
     6	12714976931.4
     7	6267169521.2
     8	7666426811.81
     9	8900479973.84

Measurement: freq_ro35
  step	{80/t_ro35}
     1	13042411032.3
     2	15402475254.4
     3	17412810180.5
     4	9359391613.13
     5	11252977033.7
     6	12909444211.9
     7	6485408753.23
     8	7859102848.87
     9	9074792883.54

Measurement: freq_ro36
  step	{80/t_ro36}
     1	14112869956.6
     2	16366782573.9
     3	18289248380.9
     4	10379153355.1
     5	12223661268.9
     6	13831375827.5
     7	7323152560.01
     8	8683433574.8
     9	9880178656.54

Measurement: freq_ro37
  step	{80/t_ro37}
     1	12484290672.1
     2	14872146643.3
     3	16931490755
     4	8850672231.01
     5	10763346429.8
     6	12443728283.9
     7	6080902240.28
     8	7455925542.03
     9	8678921435.41

Measurement: freq_ro38
  step	{80/t_ro38}
     1	13647715809.5
     2	15994948420
     3	17938223372.5
     4	9945510171.64
     5	11828018791.6
     6	13463601842.4
     7	6967075750.06
     8	8345275406.13
     9	9555976997.39

Measurement: freq_ro39
  step	{80/t_ro39}
     1	13497674751.2
     2	15807550175.6
     3	17787307530.3
     4	9795515358.73
     5	11663308242.2
     6	13298390530.8
     7	6837399645.06
     8	8201252526.57
     9	9407585744.77

Measurement: freq_ro40
  step	{80/t_ro40}
     1	13698843242.5
     2	16042777124.9
     3	18022070811.3
     4	10002496161.8
     5	11911150350.1
     6	13568180833.5
     7	7019551114.22
     8	8424854478.52
     9	9652054017.25

Measurement: freq_ro41
  step	{80/t_ro41}
     1	14285713223.1
     2	16574416497.6
     3	18518421143.1
     4	10488451022.6
     5	12364851177.5
     6	13982159457.5
     7	7400523022.85
     8	8787787485.2
     9	9995578490.6

Measurement: freq_ro42
  step	{80/t_ro42}
     1	13389337036.6
     2	15711354270.5
     3	17715386764.3
     4	9666938225.34
     5	11550070927.4
     6	13194634205.7
     7	6728678478.84
     8	8101424639.04
     9	9313735468.43

Measurement: freq_ro43
  step	{80/t_ro43}
     1	13157875543.5
     2	15525694426.8
     3	17526913439.7
     4	9447290774.01
     5	11353188570
     6	13011605392.9
     7	6550620957.37
     8	7935438338.66
     9	9154876153.58

Measurement: freq_ro44
  step	{80/t_ro44}
     1	13234747016.5
     2	15581456191.1
     3	17572126617.7
     4	9552938101.61
     5	11438193554.8
     6	13086751916.9
     7	6645806616.05
     8	8018229807.72
     9	9230988696.59

Measurement: freq_ro45
  step	{80/t_ro45}
     1	13157880802.4
     2	15538042682.3
     3	17551363716.9
     4	9460538384.91
     5	11373635649.5
     6	13040137031
     7	6565142382.79
     8	7958248637.47
     9	9185180315.28

Measurement: freq_ro46
  step	{80/t_ro46}
     1	13157925219.3
     2	15557559152.7
     3	17562644164.2
     4	9412773333.31
     5	11333334611.8
     6	13006222826.5
     7	6506688310.32
     8	7899232996.03
     9	9127724179.96

Measurement: freq_ro47
  step	{80/t_ro47}
     1	13513513825.5
     2	15858503303.1
     3	17857154499.1
     4	9804184493.36
     5	11694112102.5
     6	13337015708.6
     7	6848421909.11
     8	8227723438.59
     9	9440742216.71

Measurement: freq_ro48
  step	{80/t_ro48}
     1	12963304037.7
     2	15331307888.7
     3	17338886105.6
     4	9290897286.31
     5	11193652052.6
     6	12856531482.2
     7	6431789302.53
     8	7812529332.11
     9	9032753241.54

Measurement: freq_ro49
  step	{80/t_ro49}
     1	13099180917.4
     2	15447195878.2
     3	17451056885.1
     4	9398401513.21
     5	11292388259.7
     6	12946089590.9
     7	6517555476.43
     8	7893937404.25
     9	9109332609.02

Measurement: freq_ro50
  step	{80/t_ro50}
     1	12641785523.6
     2	15125014187.1
     3	17171340115.1
     4	8930332067
     5	10900029730.6
     6	12604662098.3
     7	6134535512.2
     8	7556819645.69
     9	8804680883.02

Measurement: freq_ro51
  step	{80/t_ro51}
     1	13224467111.5
     2	15577902463.3
     3	17543924156.9
     4	9562743695.11
     5	11438426381
     6	13082876641.3
     7	6654742687.98
     8	8019754396.38
     9	9229577608.5

Measurement: freq_ro52
  step	{80/t_ro52}
     1	13369077865.8
     2	15654234633.8
     3	17670607262.3
     4	9692376654.08
     5	11562527484
     6	13201009299.8
     7	6758751029.59
     8	8120907155.34
     9	9328187715.31

Measurement: freq_ro53
  step	{80/t_ro53}
     1	13816879816.3
     2	16129032122.4
     3	18084272919.7
     4	10089570931.9
     5	11969065630.6
     6	13602581836.8
     7	7081969736.17
     8	8463702294.15
     9	9676952598.21

Measurement: freq_ro54
  step	{80/t_ro54}
     1	12467917155.6
     2	14998800213.4
     3	17117687050.7
     4	8759098564.51
     5	10791803091.7
     6	12541889495.7
     7	5984665340.14
     8	7449705266.21
     9	8729321078.38

Measurement: freq_ro55
  step	{80/t_ro55}
     1	13034451513
     2	15395356554.8
     3	17406278448.3
     4	9346265144.04
     5	11240546239.2
     6	12897110163.8
     7	6476196900.01
     8	7849501961.17
     9	9065017184.96

Measurement: freq_ro56
  step	{80/t_ro56}
     1	13871861208.9
     2	16129032493.4
     3	18110446968.1
     4	10165116329.1
     5	12030762280
     6	13652441567
     7	7157268296.14
     8	8530320950.07
     9	9736210266.19

Measurement: freq_ro57
  step	{80/t_ro57}
     1	13767596731.7
     2	16082640265.2
     3	18040858531.4
     4	10025233086.6
     5	11903584027
     6	13537402409
     7	7025136984.64
     8	8403140261.16
     9	9614631102.23

Measurement: freq_ro58
  step	{80/t_ro58}
     1	12802105030
     2	15151519361.4
     3	17241380160.5
     4	9131771104.58
     5	11038392047.7
     6	12708071607.4
     7	6298065051.97
     8	7675352038.94
     9	8896139101.41

Measurement: freq_ro59
  step	{80/t_ro59}
     1	13316671889
     2	15657011861.1
     3	17674809654.9
     4	9584393024.06
     5	11481546230.9
     6	13136238464.2
     7	6660469826.36
     8	8042295161.77
     9	9261096401.08

Measurement: freq_ro60
  step	{80/t_ro60}
     1	13215284232.8
     2	15582126126.1
     3	17577182023.9
     4	9495997484.98
     5	11393083717.8
     6	13048478557.6
     7	6590389524.16
     8	7971206101.77
     9	9188863812.98

Measurement: freq_ro61
  step	{80/t_ro61}
     1	13982928083.7
     2	16246508939.9
     3	18197163894.6
     4	10236083187.4
     5	12090592073.5
     6	13703847664.8
     7	7202100723.19
     8	8567035063.12
     9	9766920086.99

Measurement: freq_ro62
  step	{80/t_ro62}
     1	14377557291.1
     2	16666690777.7
     3	18558340356.3
     4	10578684901.2
     5	12437893100.7
     6	14046804702.3
     7	7474563351.6
     8	8850452026.56
     9	10053165377.1

Measurement: freq_ro63
  step	{80/t_ro63}
     1	12713653275.7
     2	15097806291.6
     3	17148004156.2
     4	9053515247.11
     5	10962252763.1
     6	12635017245.4
     7	6234418247.39
     8	7613597248.83
     9	8836333829.12

Measurement: freq_ro64
  step	{80/t_ro64}
     1	13017263120.1
     2	15394810814.9
     3	17406867104.9
     4	9328435139.25
     5	11241619385.2
     6	12909171466.8
     7	6459866977.19
     8	7848141636.18
     9	9072841100.79

Measurement: freq_ro65
  step	{80/t_ro65}
     1	13513513417.5
     2	15809225056.4
     3	17795507821.9
     4	9823971977.24
     5	11697832330
     6	13333984257.3
     7	6872272552.05
     8	8243057360.03
     9	9453054453.85

Measurement: freq_ro66
  step	{80/t_ro66}
     1	14174368939
     2	16419618111.1
     3	18350742613.8
     4	10455299591.9
     5	12307242561.5
     6	13917160057.4
     7	7393498747.85
     8	8762131696.66
     9	9963974338.28

Measurement: freq_ro67
  step	{80/t_ro67}
     1	13714175034.3
     2	16012262919.5
     3	17967018196.2
     4	10011258232.5
     5	11873813968.3
     6	13497228458.2
     7	7021851701.8
     8	8385457623.26
     9	9586872527.65

Measurement: freq_ro68
  step	{80/t_ro68}
     1	13833887873.9
     2	16129032422.8
     3	18071932413.4
     4	10114843169
     5	11981957107.9
     6	13605537518.4
     7	7108429894.58
     8	8481407851.71
     9	9687378898.5

Measurement: freq_ro69
  step	{80/t_ro69}
     1	13596279730.3
     2	15916213240.5
     3	17868658527.3
     4	9875482262.84
     5	11744639601.4
     6	13373663705
     7	6908395201.08
     8	8276914874.96
     9	9482484326.42

Measurement: freq_ro70
  step	{80/t_ro70}
     1	13204255148.6
     2	15547569748.8
     3	17526080776.9
     4	9529046125.46
     5	11403760869.5
     6	13047896567.6
     7	6622267224.77
     8	7983954380.64
     9	9191520525.65

Measurement: freq_ro71
  step	{80/t_ro71}
     1	13806409729.6
     2	16129032518.5
     3	18032152367.5
     4	10079174903.6
     5	11932192553.5
     6	13548622960.7
     7	7071170582.54
     8	8429726530.92
     9	9627482605.18

Measurement: freq_ro72
  step	{80/t_ro72}
     1	12698457622.7
     2	15123708706.9
     3	17170564259.3
     4	9002581417.43
     5	10927906153.2
     6	12609661582.9
     7	6189126958.88
     8	7577186726.3
     9	8804901763.43

Measurement: freq_ro73
  step	{80/t_ro73}
     1	13953794257.1
     2	16245311406.6
     3	18193541069.2
     4	10209447087.5
     5	12082398615.8
     6	13708717549.7
     7	7178782779.16
     8	8557638605.73
     9	9767734356.01

Measurement: freq_ro74
  step	{80/t_ro74}
     1	13576351075.9
     2	15917962603.8
     3	17882008952
     4	9829508461.56
     5	11723242465.4
     6	13364986416.3
     7	6862497334.38
     8	8246637574.87
     9	9459537323.95

Measurement: freq_ro75
  step	{80/t_ro75}
     1	13323136636.8
     2	15625038682.8
     3	17665800599.8
     4	9629463251.53
     5	11520581148.5
     6	13163859724.6
     7	6708239529.89
     8	8084652923.85
     9	9297345895.81

Measurement: freq_ro76
  step	{80/t_ro76}
     1	13618682598.5
     2	15934258576.6
     3	17906610354.1
     4	9938698183.28
     5	11816032288
     6	13453682448.8
     7	6966730979.69
     8	8342434010.82
     9	9555006774.47

Measurement: freq_ro77
  step	{80/t_ro77}
     1	14309735453.8
     2	16586479348.6
     3	18518519560.1
     4	10598060605.2
     5	12457381176
     6	14068962825.1
     7	7508061705.81
     8	8886100680.53
     9	10091604917.8

Measurement: freq_ro78
  step	{80/t_ro78}
     1	13586755501.6
     2	15884785531.5
     3	17857169672.7
     4	9885356162.04
     5	11752170162.2
     6	13384853815.2
     7	6911904429.3
     8	8276860635.86
     9	9483149534.44

Measurement: freq_ro79
  step	{80/t_ro79}
     1	13851388146.5
     2	16129031943.8
     3	18098855306
     4	10127232209.9
     5	12002833111.1
     6	13625168653
     7	7118326641.22
     8	8495839719.47
     9	9698747508.18

Measurement: freq_ro80
  step	{80/t_ro80}
     1	13971518967.9
     2	16277333721.3
     3	18242618564.8
     4	10220650026.8
     5	12120442436.7
     6	13753926447.1
     7	7204414742.52
     8	8607768991.22
     9	9827010345.12

Measurement: freq_ro81
  step	{80/t_ro81}
     1	12437355660.7
     2	14809296134.3
     3	16864064127.8
     4	8827872294.21
     5	10715803905.4
     6	12383099687.5
     7	6061132591.55
     8	7416331581.58
     9	8627323784.58

Measurement: freq_ro82
  step	{80/t_ro82}
     1	13476332679.4
     2	15825868302
     3	17856956585.4
     4	9712590322.87
     5	11619468849.9
     6	13272752514.8
     7	6763777351.69
     8	8155839712.61
     9	9378303791.88

Measurement: freq_ro83
  step	{80/t_ro83}
     1	13157906736.1
     2	15528736244
     3	17530689277.1
     4	9472225093.37
     5	11366863977.1
     6	13023768867
     7	6572301671.36
     8	7951695904.67
     9	9169138870.47

Measurement: freq_ro84
  step	{80/t_ro84}
     1	14199803624.8
     2	16478813867
     3	18403572053.2
     4	10462530583.5
     5	12334585307.1
     6	13947984118
     7	7400014668.51
     8	8785256598.94
     9	9991133306.7

Measurement: freq_ro85
  step	{80/t_ro85}
     1	13398896714.3
     2	15738934055
     3	17748108165.4
     4	9699474293.66
     5	11602921904
     6	13257193670.3
     7	6766472423.4
     8	8158059402.85
     9	9381337944.6

Measurement: freq_ro86
  step	{80/t_ro86}
     1	12870600981.6
     2	15217274148.8
     3	17241382655.3
     4	9254435676.33
     5	11131788204.7
     6	12784183800.7
     7	6409852001.28
     8	7769354248.19
     9	8978852711.83

Measurement: freq_ro87
  step	{80/t_ro87}
     1	12931405503.6
     2	15311114578.3
     3	17317355671.7
     4	9247384640.77
     5	11155181353.8
     6	12820474439
     7	6392773831.39
     8	7774720613.62
     9	8996171060.82

Measurement: freq_ro88
  step	{80/t_ro88}
     1	13157864879
     2	15525628555.6
     3	17534780374
     4	9498249366.67
     5	11394641748.4
     6	13052004879.8
     7	6600822109.81
     8	7980700742.56
     9	9199733497.93

Measurement: freq_ro89
  step	{80/t_ro89}
     1	13352033333.1
     2	15714812488
     3	17730074793.8
     4	9603379261.78
     5	11518169167.5
     6	13183193835.5
     7	6665464986.98
     8	8060651449.5
     9	9287829274.84

Measurement: freq_ro90
  step	{80/t_ro90}
     1	13051754713.2
     2	15413129661.9
     3	17432589588.9
     4	9379892850.65
     5	11282039103.8
     6	12942647959.2
     7	6506766011.12
     8	7887679075.27
     9	9107307709.95

Measurement: freq_ro91
  step	{80/t_ro91}
     1	13329852460.7
     2	15625001606.4
     3	17675029358.6
     4	9621309062.7
     5	11517233145.4
     6	13165627477
     7	6699777476.76
     8	8080791994.27
     9	9296099357.33

Measurement: freq_ro92
  step	{80/t_ro92}
     1	12540989647.6
     2	14921797164.1
     3	16964297882.6
     4	8905894765.23
     5	10798154513.1
     6	12464029312.1
     7	6121001698.66
     8	7481566532.35
     9	8694239099.01

Measurement: freq_ro93
  step	{80/t_ro93}
     1	13953600427
     2	16232485750.8
     3	18181699731
     4	10218943334.8
     5	12077896756.1
     6	13696522689.5
     7	7185563192.62
     8	8551631425.05
     9	9753931465.08

Measurement: freq_ro94
  step	{80/t_ro94}
     1	13312260631.4
     2	15648656212.9
     3	17671695906.3
     4	9620081492.5
     5	11531396600.8
     6	13188492282.7
     7	6704745033.43
     8	8098236326.21
     9	9320826998.01

Measurement: freq_ro95
  step	{80/t_ro95}
     1	13232720733.8
     2	15575062832.8
     3	17564498638.4
     4	9553103377.98
     5	11429180777.9
     6	13073699604.5
     7	6641350989.84
     8	8006288352.63
     9	9215361104.44

Measurement: freq_ro96
  step	{80/t_ro96}
     1	13157879847.7
     2	15509871426.5
     3	17506042466.3
     4	9430841809.88
     5	11351716381.6
     6	13012042527.7
     7	6556388634.88
     8	7953734171.67
     9	9180560711.52

Measurement: freq_ro97
  step	{80/t_ro97}
     1	13612846141.4
     2	15944399609.5
     3	17927493637.1
     4	9859506231.98
     5	11754841389
     6	13401065165
     7	6888238031.9
     8	8276049039.01
     9	9494806549.09

Measurement: freq_ro98
  step	{80/t_ro98}
     1	13984746322.3
     2	16284436581.2
     3	18249220847.3
     4	10191951043.5
     5	12077448923.4
     6	13708828997.4
     7	7150141006.99
     8	8537854939.41
     9	9751700656.11

Measurement: freq_ro99
  step	{80/t_ro99}
     1	13452508530.4
     2	15777095852.1
     3	17769333824.8
     4	9733799624.22
     5	11628216060.6
     6	13277181873.6
     7	6784873105.9
     8	8169652779.14
     9	9388648533.95

Measurement: freq_ro100
  step	{80/t_ro100}
     1	13775735094.8
     2	16089581656.1
     3	18048859972.9
     4	10015343203.7
     5	11904760164.6
     6	13534766268
     7	7012192747.64
     8	8396582725.83
     9	9609744921.35

Measurement: freq_ro101
  step	{80/t_ro101}
     1	13775682188.1
     2	16094648376
     3	18056635640.6
     4	10028689967.3
     5	11923012044.9
     6	13566359443.6
     7	7024606704.65
     8	8417144547.96
     9	9637648589.42

Measurement: freq_ro102
  step	{80/t_ro102}
     1	13375058308.8
     2	15725376462.7
     3	17717802813.9
     4	9664788668.09
     5	11563003232.1
     6	13212627137.2
     7	6730364950.3
     8	8114880359.28
     9	9331826011.84

Measurement: freq_ro103
  step	{80/t_ro103}
     1	13888884484.6
     2	16198701762.8
     3	18172919030.3
     4	10144445467.6
     5	12028191103
     6	13663963609.9
     7	7117841075.05
     8	8503095893.55
     9	9718890635.36

Measurement: freq_ro104
  step	{80/t_ro104}
     1	13682854799.5
     2	16001741298.3
     3	17962821265.7
     4	9953533901.03
     5	11833346857.4
     6	13471702072.7
     7	6962552330.25
     8	8340077992.49
     9	9553101005.51

Measurement: freq_ro105
  step	{80/t_ro105}
     1	13445364108.4
     2	15777109303.4
     3	17785556314.6
     4	9708551842.33
     5	11609285068.8
     6	13258714661.7
     7	6765988713.9
     8	8153163969.15
     9	9371043532.59

Measurement: freq_ro106
  step	{80/t_ro106}
     1	12701793183.1
     2	15123509090.8
     3	17142314039.5
     4	9039290242.75
     5	10952105803.4
     6	12625148978.3
     7	6227045590.6
     8	7606302043.47
     9	8827148988.73

Measurement: freq_ro107
  step	{80/t_ro107}
     1	12195124962.9
     2	14635790634.3
     3	16724726447.2
     4	8548393093.04
     5	10490987872.5
     6	12195414157.3
     7	5831178712.46
     8	7220677875.05
     9	8456088263.68

Measurement: freq_ro108
  step	{80/t_ro108}
     1	12649091122.2
     2	15040913308.2
     3	17096656130.7
     4	9008280724.24
     5	10919413203.7
     6	12594913012
     7	6201752374.39
     8	7580155352.61
     9	8803072158.24

Measurement: freq_ro109
  step	{80/t_ro109}
     1	13327142769.2
     2	15624996388.8
     3	17656042873.6
     4	9639396130.12
     5	11527921210.1
     6	13165828833.9
     7	6713190744.56
     8	8089882089.39
     9	9303252718.61

Measurement: freq_ro110
  step	{80/t_ro110}
     1	13094701053
     2	15464937043.6
     3	17491838193.7
     4	9389960742
     5	11302620295.6
     6	12968334936.6
     7	6509966718.42
     8	7899348037.37
     9	9123528531.42

Measurement: freq_ro111
  step	{80/t_ro111}
     1	13110380005
     2	15456974314.8
     3	17453887509.3
     4	9440969258.3
     5	11331354380.8
     6	12983154709.2
     7	6558250699.44
     8	7930814075.82
     9	9144342213.01

Measurement: freq_ro112
  step	{80/t_ro112}
     1	13704590284.8
     2	16013225694.9
     3	17973681535.5
     4	9976710353.26
     5	11845534197.3
     6	13475339062.5
     7	6988799183.71
     8	8358658412.26
     9	9565501320.58

Measurement: freq_ro113
  step	{80/t_ro113}
     1	13914393712.5
     2	16224304763.1
     3	18181905178.8
     4	10151742696.6
     5	12037594764.4
     6	13673379798
     7	7116970749.93
     8	8503240771.51
     9	9718624396.93

Measurement: freq_ro114
  step	{80/t_ro114}
     1	12285165397
     2	14757270872.1
     3	16858027342
     4	8615642872.46
     5	10578439964.1
     6	12293516304.7
     7	5874749402.46
     8	7280029729.14
     9	8524616216.4

Measurement: freq_ro115
  step	{80/t_ro115}
     1	12915644574.5
     2	15258969560.4
     3	17317244255.5
     4	9270176574.52
     5	11181714510.9
     6	12848369243
     7	6418661905.64
     8	7806071923.05
     9	9030177517.58

Measurement: freq_ro116
  step	{80/t_ro116}
     1	13513514134.6
     2	15821786126.5
     3	17805870370.9
     4	9818804807.74
     5	11687991178.3
     6	13322587002
     7	6860290484.57
     8	8224688000.17
     9	9431354762.53

Measurement: freq_ro117
  step	{80/t_ro117}
     1	12788532054.1
     2	15151516439.6
     3	17213889648.5
     4	9128397620.82
     5	11036369889.5
     6	12705664669.2
     7	6297221992.91
     8	7675171573.68
     9	8895371221.09

Measurement: freq_ro118
  step	{80/t_ro118}
     1	13624482753.7
     2	15944534256.2
     3	17904757808.8
     4	9884784806.13
     5	11758688504.2
     6	13391176452.8
     7	6910452104.86
     8	8281104357.75
     9	9488433760.45

Measurement: freq_ro119
  step	{80/t_ro119}
     1	13211946988.5
     2	15564038554.9
     3	17565716694
     4	9573954841.47
     5	11465254590.4
     6	13116350616
     7	6670634525.91
     8	8047512219.88
     9	9262431188.44

Measurement: freq_ro120
  step	{80/t_ro120}
     1	13882782183.1
     2	16157430757.7
     3	18129222904.8
     4	10132817520.9
     5	12003788466.7
     6	13628822089.6
     7	7116432567.05
     8	8490951597.94
     9	9697607533.92

Measurement: freq_ro121
  step	{80/t_ro121}
     1	13830080132.1
     2	16129031654.7
     3	18074212598.2
     4	10110664508.6
     5	11974548411.2
     6	13595553890.9
     7	7103202650.91
     8	8473763553.76
     9	9677535850.76

Measurement: freq_ro122
  step	{80/t_ro122}
     1	12873043667.9
     2	15270783250.5
     3	17319960113.3
     4	9193631584.16
     5	11114313777.9
     6	12798734724.5
     7	6345306993.38
     8	7739218655.02
     9	8970703609.38

Measurement: freq_ro123
  step	{80/t_ro123}
     1	12964359550.2
     2	15393644194.6
     3	17453833200.5
     4	9223460797.05
     5	11185282309.9
     6	12879778002.7
     7	6363959690.16
     8	7787116411.52
     9	9031904576.32

Measurement: freq_ro124
  step	{80/t_ro124}
     1	13565304995.8
     2	15935516236.7
     3	17931730072.6
     4	9790560562.26
     5	11712504312.4
     6	13376868011.4
     7	6816785693.73
     8	8223087022
     9	9454074355.23

Measurement: freq_ro125
  step	{80/t_ro125}
     1	13888890680.3
     2	16129101534.1
     3	18106237253.7
     4	10163793807.3
     5	12028342031.4
     6	13651805710.4
     7	7149797053.79
     8	8522629735.67
     9	9729647934.37

Measurement: freq_ro126
  step	{80/t_ro126}
     1	13452505394.2
     2	15785685583.3
     3	17776532166.3
     4	9741303232.68
     5	11627941680.2
     6	13277165234.1
     7	6800710438.29
     8	8182633239
     9	9396082488.34

Measurement: freq_ro127
  step	{80/t_ro127}
     1	12499898997.2
     2	14920227370.4
     3	16983104641.3
     4	8873792306.21
     5	10811514678.2
     6	12500888460.2
     7	6099712752.81
     8	7496965467.42
     9	8731224354.19

Measurement: edge100_ro0
  step	V(ro0_out)={VTHRESH} 
     1	7.47509965816e-09
     2	6.34743292694e-09
     3	5.63305610346e-09
     4	1.03559420184e-08
     5	8.65074785023e-09
     6	7.56277218676e-09
     7	1.48917883737e-08
     8	1.23423832051e-08
     9	1.07217409151e-08

Measurement: edge100_ro1
  step	V(ro1_out)={VTHRESH} 
     1	7.23415757461e-09
     2	6.18871786651e-09
     3	5.51288000222e-09
     4	9.95398231451e-09
     5	8.37540152473e-09
     6	7.35895164369e-09
     7	1.42235227181e-08
     8	1.18808347423e-08
     9	1.0377510174e-08

Measurement: edge100_ro2
  step	V(ro2_out)={VTHRESH} 
     1	7.54537666891e-09
     2	6.39714220751e-09
     3	5.66810718145e-09
     4	1.04756614185e-08
     5	8.73512388226e-09
     6	7.623693957e-09
     7	1.50766942132e-08
     8	1.2471308095e-08
     9	1.08190345531e-08

Measurement: edge100_ro3
  step	V(ro3_out)={VTHRESH} 
     1	8.02747703102e-09
     2	6.70849121538e-09
     3	5.88186683104e-09
     4	1.13602152706e-08
     5	9.29936325743e-09
     6	8.02593035402e-09
     7	1.65713792942e-08
     8	1.34499698015e-08
     9	1.15270187948e-08

Measurement: edge100_ro4
  step	V(ro4_out)={VTHRESH} 
     1	7.70934408162e-09
     2	6.52074653331e-09
     3	5.75064260059e-09
     4	1.0740232943e-08
     5	8.91484307127e-09
     6	7.75426353459e-09
     7	1.55073479927e-08
     8	1.27712892818e-08
     9	1.1041965976e-08

Measurement: edge100_ro5
  step	V(ro5_out)={VTHRESH} 
     1	7.16040150741e-09
     2	6.15241261302e-09
     3	5.47335195695e-09
     4	9.8439006222e-09
     5	8.28637461399e-09
     6	7.28975290342e-09
     7	1.40230339597e-08
     8	1.17149821542e-08
     9	1.02420760628e-08

Measurement: edge100_ro6
  step	V(ro6_out)={VTHRESH} 
     1	7.65587911995e-09
     2	6.47358781429e-09
     3	5.72023412233e-09
     4	1.06817468417e-08
     5	8.86862311264e-09
     6	7.72095156846e-09
     7	1.54387539707e-08
     8	1.27185807215e-08
     9	1.09994890254e-08

Measurement: edge100_ro7
  step	V(ro7_out)={VTHRESH} 
     1	7.51875706745e-09
     2	6.34875805156e-09
     3	5.62509600668e-09
     4	1.04686064735e-08
     5	8.69242498675e-09
     6	7.57613416491e-09
     7	1.50954051804e-08
     8	1.2431262243e-08
     9	1.07622301634e-08

Measurement: edge100_ro8
  step	V(ro8_out)={VTHRESH} 
     1	7.45770434232e-09
     2	6.34489876076e-09
     3	5.62322727992e-09
     4	1.03267841972e-08
     5	8.63104641242e-09
     6	7.54863956798e-09
     7	1.48383114351e-08
     8	1.23085426647e-08
     9	1.06978391826e-08

Measurement: edge100_ro9
  step	V(ro9_out)={VTHRESH} 
     1	7.11535008794e-09
     2	6.10412742112e-09
     3	5.44362566559e-09
     4	9.76128834668e-09
     5	8.22971428503e-09
     6	7.24616390495e-09
     7	1.39041308659e-08
     8	1.16340216602e-08
     9	1.01806256568e-08

Measurement: edge100_ro10
  step	V(ro10_out)={VTHRESH} 
     1	7.54239803931e-09
     2	6.39667494537e-09
     3	5.66482370129e-09
     4	1.04931514574e-08
     5	8.73446548544e-09
     6	7.62068085907e-09
     7	1.51121723024e-08
     8	1.24830870952e-08
     9	1.08215403079e-08

Measurement: edge100_ro11
  step	V(ro11_out)={VTHRESH} 
     1	7.42429334772e-09
     2	6.31544222834e-09
     3	5.59480047653e-09
     4	1.0244078781e-08
     5	8.55421800065e-09
     6	7.4818359367e-09
     7	1.46741353489e-08
     8	1.21590623988e-08
     9	1.05673645292e-08

Measurement: edge100_ro12
  step	V(ro12_out)={VTHRESH} 
     1	7.61761974749e-09
     2	6.44225219848e-09
     3	5.69149701008e-09
     4	1.06182181179e-08
     5	8.81093392006e-09
     6	7.67141709847e-09
     7	1.53230313813e-08
     8	1.26144200073e-08
     9	1.09108219624e-08

Measurement: edge100_ro13
  step	V(ro13_out)={VTHRESH} 
     1	7.14888439924e-09
     2	6.1247646731e-09
     3	5.4598462417e-09
     4	9.76651631e-09
     5	8.24238517144e-09
     6	7.25896949318e-09
     7	1.39055101423e-08
     8	1.16493883437e-08
     9	1.01975468232e-08

Measurement: edge100_ro14
  step	V(ro14_out)={VTHRESH} 
     1	7.50819261156e-09
     2	6.36868199919e-09
     3	5.64257701057e-09
     4	1.04221135271e-08
     5	8.68229312778e-09
     6	7.58044168484e-09
     7	1.49916025587e-08
     8	1.23891105393e-08
     9	1.07470879985e-08

Measurement: edge100_ro15
  step	V(ro15_out)={VTHRESH} 
     1	7.5584410697e-09
     2	6.4081483443e-09
     3	5.67311501631e-09
     4	1.05200990379e-08
     5	8.76315313222e-09
     6	7.6459514337e-09
     7	1.5165831455e-08
     8	1.25355051288e-08
     9	1.08670593544e-08

Measurement: edge100_ro16
  step	V(ro16_out)={VTHRESH} 
     1	7.65363774284e-09
     2	6.47161500221e-09
     3	5.71843573674e-09
     4	1.07036519034e-08
     5	8.88559714558e-09
     6	7.73438046923e-09
     7	1.54837283788e-08
     8	1.27522854977e-08
     9	1.1027765828e-08

Measurement: edge100_ro17
  step	V(ro17_out)={VTHRESH} 
     1	7.24165347134e-09
     2	6.1905113674e-09
     3	5.51196242962e-09
     4	9.93724675545e-09
     5	8.34561403651e-09
     6	7.33018677015e-09
     7	1.41693052679e-08
     8	1.18066911274e-08
     9	1.03041221504e-08

Measurement: edge100_ro18
  step	V(ro18_out)={VTHRESH} 
     1	7.70002122326e-09
     2	6.49252476088e-09
     3	5.72578313261e-09
     4	1.0799581696e-08
     5	8.92125846962e-09
     6	7.74285211531e-09
     7	1.56422407004e-08
     8	1.28074787535e-08
     9	1.10478228551e-08

Measurement: edge100_ro19
  step	V(ro19_out)={VTHRESH} 
     1	7.21320137703e-09
     2	6.16740871947e-09
     3	5.49822590937e-09
     4	9.86509927588e-09
     5	8.30552681546e-09
     6	7.30324202225e-09
     7	1.40451316134e-08
     8	1.17399235238e-08
     9	1.0262295661e-08

Measurement: edge100_ro20
  step	V(ro20_out)={VTHRESH} 
     1	7.82091897257e-09
     2	6.55317900369e-09
     3	5.78046360353e-09
     4	1.10421440571e-08
     5	9.08851646395e-09
     6	7.8721222905e-09
     7	1.60677389125e-08
     8	1.31109167786e-08
     9	1.12758637003e-08

Measurement: edge100_ro21
  step	V(ro21_out)={VTHRESH} 
     1	8.16326763932e-09
     2	6.80279531255e-09
     3	5.94686476105e-09
     4	1.1609888981e-08
     5	9.4792894894e-09
     6	8.16064819706e-09
     7	1.70035624151e-08
     8	1.37652737264e-08
     9	1.17663740634e-08

Measurement: edge100_ro22
  step	V(ro22_out)={VTHRESH} 
     1	7.14197087302e-09
     2	6.11037595967e-09
     3	5.45013529777e-09
     4	9.7898199782e-09
     5	8.24299211285e-09
     6	7.25467491573e-09
     7	1.3947591406e-08
     8	1.16543381461e-08
     9	1.01938688069e-08

Measurement: edge100_ro23
  step	V(ro23_out)={VTHRESH} 
     1	7.14547867454e-09
     2	6.14967970357e-09
     3	5.48277951903e-09
     4	9.75867480334e-09
     5	8.25380206142e-09
     6	7.27318640056e-09
     7	1.38729023925e-08
     8	1.16536673897e-08
     9	1.02120882747e-08

Measurement: edge100_ro24
  step	V(ro24_out)={VTHRESH} 
     1	7.63819445825e-09
     2	6.46016760519e-09
     3	5.70815871851e-09
     4	1.064190341e-08
     5	8.83444349395e-09
     6	7.69220913284e-09
     7	1.5354545514e-08
     8	1.26471380623e-08
     9	1.0941126231e-08

Measurement: edge100_ro25
  step	V(ro25_out)={VTHRESH} 
     1	7.30106682727e-09
     2	6.22970719791e-09
     3	5.54356721733e-09
     4	1.00518477148e-08
     5	8.44132992538e-09
     6	7.40895215879e-09
     7	1.43806166018e-08
     8	1.19876703473e-08
     9	1.04580787612e-08

Measurement: edge100_ro26
  step	V(ro26_out)={VTHRESH} 
     1	7.01816013283e-09
     2	6.0514931395e-09
     3	5.41149547298e-09
     4	9.53004325223e-09
     5	8.09248215606e-09
     6	7.15292703545e-09
     7	1.34972573658e-08
     8	1.13837358062e-08
     9	1.00063895613e-08

Measurement: edge100_ro27
  step	V(ro27_out)={VTHRESH} 
     1	7.26320286309e-09
     2	6.21056440894e-09
     3	5.5281330162e-09
     4	9.96584114262e-09
     5	8.38209821822e-09
     6	7.3625639881e-09
     7	1.42269377434e-08
     8	1.1879357287e-08
     9	1.03725034339e-08

Measurement: edge100_ro28
  step	V(ro28_out)={VTHRESH} 
     1	7.61409676249e-09
     2	6.44336811006e-09
     3	5.69701831025e-09
     4	1.06157574071e-08
     5	8.82162838678e-09
     6	7.68423311305e-09
     7	1.53376293174e-08
     8	1.26447018792e-08
     9	1.09423572502e-08

Measurement: edge100_ro29
  step	V(ro29_out)={VTHRESH} 
     1	7.57571444625e-09
     2	6.42012394192e-09
     3	5.67788781168e-09
     4	1.0531884429e-08
     5	8.76133252659e-09
     6	7.6398200763e-09
     7	1.51662035653e-08
     8	1.2518491941e-08
     9	1.08453340918e-08

Measurement: edge100_ro30
  step	V(ro30_out)={VTHRESH} 
     1	6.83178373476e-09
     2	5.92355892397e-09
     3	5.31287775788e-09
     4	9.2478041946e-09
     5	7.88674738182e-09
     6	6.99762524632e-09
     7	1.30395175869e-08
     8	1.10460727766e-08
     9	9.74742690087e-09

Measurement: edge100_ro31
  step	V(ro31_out)={VTHRESH} 
     1	7.08470564373e-09
     2	6.09036868111e-09
     3	5.44225387182e-09
     4	9.66038192701e-09
     5	8.17715704133e-09
     6	7.2139447167e-09
     7	1.3719740072e-08
     8	1.15312538919e-08
     9	1.01130928443e-08

Measurement: edge100_ro32
  step	V(ro32_out)={VTHRESH} 
     1	7.27242029015e-09
     2	6.20910017198e-09
     3	5.52805915777e-09
     4	1.0018033194e-08
     5	8.40658169864e-09
     6	7.37837520099e-09
     7	1.43113731448e-08
     8	1.19166919215e-08
     9	1.03932355609e-08

Measurement: edge100_ro33
  step	V(ro33_out)={VTHRESH} 
     1	7.58301831774e-09
     2	6.42171972431e-09
     3	5.67604683857e-09
     4	1.06018160089e-08
     5	8.79497087076e-09
     6	7.6601258422e-09
     7	1.52935355826e-08
     8	1.25845419416e-08
     9	1.08877326851e-08

Measurement: edge100_ro34
  step	V(ro34_out)={VTHRESH} 
     1	7.75917413802e-09
     2	6.53383752613e-09
     3	5.74961992451e-09
     4	1.0903235321e-08
     5	8.98761913952e-09
     6	7.79461227153e-09
     7	1.58185189386e-08
     8	1.29287870327e-08
     9	1.11347232248e-08

Measurement: edge100_ro35
  step	V(ro35_out)={VTHRESH} 
     1	7.6019221515e-09
     2	6.43538500109e-09
     3	5.69142433435e-09
     4	1.05930461072e-08
     5	8.80839608032e-09
     6	7.67689800423e-09
     7	1.52862192147e-08
     8	1.26117297817e-08
     9	1.09205066112e-08

Measurement: edge100_ro36
  step	V(ro36_out)={VTHRESH} 
     1	7.03043317143e-09
     2	6.06044203222e-09
     3	5.42255557165e-09
     4	9.56034194207e-09
     5	8.11527517559e-09
     6	7.17078150679e-09
     7	1.35503694708e-08
     8	1.14243424139e-08
     9	1.00388584287e-08

Measurement: edge100_ro37
  step	V(ro37_out)={VTHRESH} 
     1	7.94704752442e-09
     2	6.66957565484e-09
     3	5.85769938564e-09
     4	1.1209958183e-08
     5	9.21586531662e-09
     6	7.97039339448e-09
     7	1.63157386306e-08
     8	1.33040181437e-08
     9	1.14278974995e-08

Measurement: edge100_ro38
  step	V(ro38_out)={VTHRESH} 
     1	7.26743080299e-09
     2	6.1988448662e-09
     3	5.52594609692e-09
     4	9.97334356687e-09
     5	8.38343011097e-09
     6	7.36324772591e-09
     7	1.42368445098e-08
     8	1.18823381162e-08
     9	1.03745106566e-08

Measurement: edge100_ro39
  step	V(ro39_out)={VTHRESH} 
     1	7.34698070031e-09
     2	6.27178599837e-09
     3	5.5727954483e-09
     4	1.01250048892e-08
     5	8.50060903299e-09
     6	7.45378870315e-09
     7	1.45048852414e-08
     8	1.20887881661e-08
     9	1.05363364689e-08

Measurement: edge100_ro40
  step	V(ro40_out)={VTHRESH} 
     1	7.23438026207e-09
     2	6.17687037003e-09
     3	5.4982093727e-09
     4	9.90759499932e-09
     5	8.31940727919e-09
     6	7.30283520962e-09
     7	1.41172155423e-08
     8	1.17612513973e-08
     9	1.02652815992e-08

Measurement: edge100_ro41
  step	V(ro41_out)={VTHRESH} 
     1	6.94835292818e-09
     2	5.9889556887e-09
     3	5.3612791985e-09
     4	9.46576729635e-09
     5	8.0291567198e-09
     6	7.10013310696e-09
     7	1.34173404564e-08
     8	1.12988015229e-08
     9	9.93315675103e-09

Measurement: edge100_ro42
  step	V(ro42_out)={VTHRESH} 
     1	7.40398338593e-09
     2	6.30829091213e-09
     3	5.59381202818e-09
     4	1.02546444772e-08
     5	8.58089700748e-09
     6	7.51041841181e-09
     7	1.47318504994e-08
     8	1.22332455652e-08
     9	1.06395333697e-08

Measurement: edge100_ro43
  step	V(ro43_out)={VTHRESH} 
     1	7.5391725684e-09
     2	6.38773190774e-09
     3	5.65752684693e-09
     4	1.05004680512e-08
     5	8.73554855875e-09
     6	7.62096833281e-09
     7	1.51437699923e-08
     8	1.24978903359e-08
     9	1.08313928639e-08

Measurement: edge100_ro44
  step	V(ro44_out)={VTHRESH} 
     1	7.49382848856e-09
     2	6.36303774625e-09
     3	5.64086778469e-09
     4	1.03821980892e-08
     5	8.6681529983e-09
     6	7.57437133515e-09
     7	1.49232628777e-08
     8	1.23651611675e-08
     9	1.07382697986e-08

Measurement: edge100_ro45
  step	V(ro45_out)={VTHRESH} 
     1	7.53991359225e-09
     2	6.38272490608e-09
     3	5.64986979665e-09
     4	1.04863841164e-08
     5	8.72018034401e-09
     6	7.60468478646e-09
     7	1.51105661853e-08
     8	1.24625154369e-08
     9	1.07961823466e-08

Measurement: edge100_ro46
  step	V(ro46_out)={VTHRESH} 
     1	7.53857112428e-09
     2	6.37559702688e-09
     3	5.64735337226e-09
     4	1.05395895823e-08
     5	8.7526272007e-09
     6	7.62619996306e-09
     7	1.52471169052e-08
     8	1.25578599546e-08
     9	1.08669664776e-08

Measurement: edge100_ro47
  step	V(ro47_out)={VTHRESH} 
     1	7.336726303e-09
     2	6.25108260133e-09
     3	5.55012093717e-09
     4	1.01126900909e-08
     5	8.47709299499e-09
     6	7.43176319685e-09
     7	1.44776331203e-08
     8	1.20481237585e-08
     9	1.04985549456e-08

Measurement: edge100_ro48
  step	V(ro48_out)={VTHRESH} 
     1	7.66673543365e-09
     2	6.47749323761e-09
     3	5.72456463736e-09
     4	1.07002724242e-08
     5	8.87475797866e-09
     6	7.72326846685e-09
     7	1.54579186077e-08
     8	1.27175598447e-08
     9	1.09947916203e-08

Measurement: edge100_ro49
  step	V(ro49_out)={VTHRESH} 
     1	7.57704996035e-09
     2	6.42192247825e-09
     3	5.68321575341e-09
     4	1.05618734281e-08
     5	8.78611649838e-09
     6	7.66192646254e-09
     7	1.52306754146e-08
     8	1.25695700415e-08
     9	1.08900265196e-08

Measurement: edge100_ro50
  step	V(ro50_out)={VTHRESH} 
     1	7.8413936683e-09
     2	6.55263154292e-09
     3	5.77132657036e-09
     4	1.10997774224e-08
     5	9.09245376673e-09
     6	7.86195419912e-09
     7	1.61571731639e-08
     8	1.3114525981e-08
     9	1.1254673357e-08

Measurement: edge100_ro51
  step	V(ro51_out)={VTHRESH} 
     1	7.50525277711e-09
     2	6.36992773431e-09
     3	5.65528279047e-09
     4	1.03808371482e-08
     5	8.67637856036e-09
     6	7.58459334972e-09
     7	1.49181675909e-08
     8	1.23759743538e-08
     9	1.07521130257e-08

Measurement: edge100_ro52
  step	V(ro52_out)={VTHRESH} 
     1	7.417626068e-09
     2	6.33289594379e-09
     3	5.60939886052e-09
     4	1.02316117964e-08
     5	8.57424351185e-09
     6	7.50870493909e-09
     7	1.46720554565e-08
     8	1.22076375601e-08
     9	1.06259068786e-08

Measurement: edge100_ro53
  step	V(ro53_out)={VTHRESH} 
     1	7.17963138881e-09
     2	6.14906696901e-09
     3	5.48231705225e-09
     4	9.83235363949e-09
     5	8.28574694372e-09
     6	7.28921057003e-09
     7	1.40079248227e-08
     8	1.17176423534e-08
     9	1.0246643976e-08

Measurement: edge100_ro54
  step	V(ro54_out)={VTHRESH} 
     1	7.95396966505e-09
     2	6.6104821556e-09
     3	5.79148999057e-09
     4	1.13217350702e-08
     5	9.18782005337e-09
     6	7.90461350414e-09
     7	1.65697738133e-08
     8	1.33095569899e-08
     9	1.13570328189e-08

Measurement: edge100_ro55
  step	V(ro55_out)={VTHRESH} 
     1	7.61348096484e-09
     2	6.44369385137e-09
     3	5.69743361491e-09
     4	1.06189372681e-08
     5	8.82653463274e-09
     6	7.69068836588e-09
     7	1.53251691369e-08
     8	1.26403106709e-08
     9	1.09427913625e-08

Measurement: edge100_ro56
  step	V(ro56_out)={VTHRESH} 
     1	7.14948852837e-09
     2	6.14634584246e-09
     3	5.47322641687e-09
     4	9.7573169515e-09
     5	8.24208642924e-09
     6	7.26151604569e-09
     7	1.38575208703e-08
     8	1.16245869046e-08
     9	1.01830035308e-08

Measurement: edge100_ro57
  step	V(ro57_out)={VTHRESH} 
     1	7.20641673173e-09
     2	6.16675643667e-09
     3	5.49650826956e-09
     4	9.89767661312e-09
     5	8.33283529923e-09
     6	7.32558426329e-09
     7	1.41250771518e-08
     8	1.18045984402e-08
     9	1.03150954601e-08

Measurement: edge100_ro58
  step	V(ro58_out)={VTHRESH} 
     1	7.75098107867e-09
     2	6.54572243663e-09
     3	5.75244209035e-09
     4	1.08672302461e-08
     5	8.98764935442e-09
     6	7.80515442826e-09
     7	1.57570719117e-08
     8	1.29261507752e-08
     9	1.11501715885e-08

Measurement: edge100_ro59
  step	V(ro59_out)={VTHRESH} 
     1	7.44792891452e-09
     2	6.33195318428e-09
     3	5.6081888576e-09
     4	1.03508007437e-08
     5	8.63628620055e-09
     6	7.54650007014e-09
     7	1.47467246051e-08
     8	1.23307919872e-08
     9	1.07052724798e-08

Measurement: edge100_ro60
  step	V(ro60_out)={VTHRESH} 
     1	7.5108310355e-09
     2	6.36687490646e-09
     3	5.64247757358e-09
     4	1.04545432933e-08
     5	8.70951615968e-09
     6	7.60212900496e-09
     7	1.50648894011e-08
     8	1.24495586146e-08
     9	1.07966607715e-08

Measurement: edge100_ro61
  step	V(ro61_out)={VTHRESH} 
     1	7.09170018465e-09
     2	6.10188703051e-09
     3	5.44700512331e-09
     4	9.68767595959e-09
     5	8.19937059369e-09
     6	7.23304934819e-09
     7	1.37684699294e-08
     8	1.1571617321e-08
     9	1.01485482366e-08

Measurement: edge100_ro62
  step	V(ro62_out)={VTHRESH} 
     1	6.89978573796e-09
     2	5.95225645868e-09
     3	5.34392610751e-09
     4	9.37830297393e-09
     5	7.97490085316e-09
     6	7.06079968261e-09
     7	1.32732901063e-08
     8	1.12078461688e-08
     9	9.86606775959e-09

Measurement: edge100_ro63
  step	V(ro63_out)={VTHRESH} 
     1	7.79415687067e-09
     2	6.5622946726e-09
     3	5.77720377167e-09
     4	1.09441359122e-08
     5	9.03722309206e-09
     6	7.84022779832e-09
     7	1.58912472079e-08
     8	1.30111289634e-08
     9	1.12099471017e-08

Measurement: edge100_ro64
  step	V(ro64_out)={VTHRESH} 
     1	7.61947123923e-09
     2	6.4410341023e-09
     3	5.69517603568e-09
     4	1.06324909712e-08
     5	8.82098305159e-09
     6	7.67992083391e-09
     7	1.53535492242e-08
     8	1.26350738483e-08
     9	1.09274056019e-08

Measurement: edge100_ro65
  step	V(ro65_out)={VTHRESH} 
     1	7.3373825487e-09
     2	6.27109767457e-09
     3	5.57037689053e-09
     4	1.00939855246e-08
     5	8.47522290428e-09
     6	7.43419213714e-09
     7	1.44291401291e-08
     8	1.20272450745e-08
     9	1.04864819437e-08

Measurement: edge100_ro66
  step	V(ro66_out)={VTHRESH} 
     1	6.99139896926e-09
     2	6.03431134036e-09
     3	5.39886691861e-09
     4	9.47810758012e-09
     5	8.05049687259e-09
     6	7.11842768059e-09
     7	1.34025515145e-08
     8	1.13071851066e-08
     9	9.94230662446e-09

Measurement: edge100_ro67
  step	V(ro67_out)={VTHRESH} 
     1	7.23428994685e-09
     2	6.19468996037e-09
     3	5.51929253082e-09
     4	9.91080863854e-09
     5	8.35427700068e-09
     6	7.3479007593e-09
     7	1.41304348096e-08
     8	1.18303749973e-08
     9	1.03458509279e-08

Measurement: edge100_ro68
  step	V(ro68_out)={VTHRESH} 
     1	7.16633199178e-09
     2	6.1459841351e-09
     3	5.48386908194e-09
     4	9.8012970447e-09
     5	8.27203551386e-09
     6	7.28416741102e-09
     7	1.39462126393e-08
     8	1.16859219271e-08
     9	1.02300242011e-08

Measurement: edge100_ro69
  step	V(ro69_out)={VTHRESH} 
     1	7.2966246538e-09
     2	6.23086433336e-09
     3	5.54890776442e-09
     4	1.00466122149e-08
     5	8.44489480576e-09
     6	7.41483686508e-09
     7	1.43616334772e-08
     8	1.19833726482e-08
     9	1.04580182568e-08

Measurement: edge100_ro70
  step	V(ro70_out)={VTHRESH} 
     1	7.51237046837e-09
     2	6.378379827e-09
     3	5.65717160249e-09
     4	1.04100474243e-08
     5	8.69645930403e-09
     6	7.59921646221e-09
     7	1.49792242592e-08
     8	1.24214563914e-08
     9	1.07876055179e-08

Measurement: edge100_ro71
  step	V(ro71_out)={VTHRESH} 
     1	7.18760402942e-09
     2	6.15094516777e-09
     3	5.50023034904e-09
     4	9.84702326993e-09
     5	8.31534729728e-09
     6	7.32169884393e-09
     7	1.4037030647e-08
     8	1.17714808495e-08
     9	1.03049483817e-08

Measurement: edge100_ro72
  step	V(ro72_out)={VTHRESH} 
     1	7.81086994692e-09
     2	6.55573428514e-09
     3	5.77298422032e-09
     4	1.10174764823e-08
     5	9.07319109955e-09
     6	7.86152247127e-09
     7	1.60248509668e-08
     8	1.30851168567e-08
     9	1.12584223527e-08

Measurement: edge100_ro73
  step	V(ro73_out)={VTHRESH} 
     1	7.10513359103e-09
     2	6.10184413752e-09
     3	5.44747009941e-09
     4	9.71126738327e-09
     5	8.20406146389e-09
     6	7.22982244283e-09
     7	1.3810458408e-08
     8	1.15829458472e-08
     9	1.01466856234e-08

Measurement: edge100_ro74
  step	V(ro74_out)={VTHRESH} 
     1	7.30629839981e-09
     2	6.22992031969e-09
     3	5.54460334127e-09
     4	1.00917672833e-08
     5	8.45964868284e-09
     6	7.41932751652e-09
     7	1.44551579857e-08
     8	1.2026213989e-08
     9	1.04826219437e-08

Measurement: edge100_ro75
  step	V(ro75_out)={VTHRESH} 
     1	7.44247480159e-09
     2	6.34496867091e-09
     3	5.61140153209e-09
     4	1.02970423137e-08
     5	8.60559371939e-09
     6	7.5302991243e-09
     7	1.47804325813e-08
     8	1.22625932907e-08
     9	1.06619853298e-08

Measurement: edge100_ro76
  step	V(ro76_out)={VTHRESH} 
     1	7.29297428629e-09
     2	6.2309848667e-09
     3	5.54346013846e-09
     4	9.99591836053e-09
     5	8.40452066077e-09
     6	7.37967542044e-09
     7	1.42616421473e-08
     8	1.19055915989e-08
     9	1.03924976532e-08

Measurement: edge100_ro77
  step	V(ro77_out)={VTHRESH} 
     1	6.92053102361e-09
     2	5.97176989303e-09
     3	5.34900495076e-09
     4	9.34198585491e-09
     5	7.94963269967e-09
     6	7.03982344774e-09
     7	1.31847870777e-08
     8	1.1142737148e-08
     9	9.81296483522e-09

Measurement: edge100_ro78
  step	V(ro78_out)={VTHRESH} 
     1	7.30676959777e-09
     2	6.24868277858e-09
     3	5.55773815023e-09
     4	1.00447158214e-08
     5	8.44785464087e-09
     6	7.41652194934e-09
     7	1.43678688946e-08
     8	1.19964748633e-08
     9	1.04694974529e-08

Measurement: edge100_ro79
  step	V(ro79_out)={VTHRESH} 
     1	7.16123457694e-09
     2	6.14900475173e-09
     3	5.47889225438e-09
     4	9.79579752369e-09
     5	8.26311822505e-09
     6	7.27824096943e-09
     7	1.39368067623e-08
     8	1.16743607743e-08
     9	1.02250478601e-08

Measurement: edge100_ro80
  step	V(ro80_out)={VTHRESH} 
     1	7.09844695944e-09
     2	6.09115928193e-09
     3	5.43394468066e-09
     4	9.70380578511e-09
     5	8.18055030424e-09
     6	7.20784799896e-09
     7	1.37666946422e-08
     8	1.151927684e-08
     9	1.00884962868e-08

Measurement: edge100_ro81
  step	V(ro81_out)={VTHRESH} 
     1	7.97760150858e-09
     2	6.69600085988e-09
     3	5.87851731614e-09
     4	1.12405496805e-08
     5	9.25469366475e-09
     6	8.00614726905e-09
     7	1.63712342059e-08
     8	1.33723426091e-08
     9	1.14916728964e-08

Measurement: edge100_ro82
  step	V(ro82_out)={VTHRESH} 
     1	7.36974119808e-09
     2	6.27334367651e-09
     3	5.55970039118e-09
     4	1.02277636099e-08
     5	8.54656961539e-09
     6	7.48023456718e-09
     7	1.46884261506e-08
     8	1.21774618872e-08
     9	1.05881488455e-08

Measurement: edge100_ro83
  step	V(ro83_out)={VTHRESH} 
     1	7.5488125457e-09
     2	6.39527324222e-09
     3	5.66388412406e-09
     4	1.049068579e-08
     5	8.73891972338e-09
     6	7.62569483072e-09
     7	1.51218373076e-08
     8	1.24943346854e-08
     9	1.0833243314e-08

Measurement: edge100_ro84
  step	V(ro84_out)={VTHRESH} 
     1	6.98282577828e-09
     2	6.01593338924e-09
     3	5.38611206423e-09
     4	9.4771396262e-09
     5	8.03728981859e-09
     6	7.10660799325e-09
     7	1.33990176324e-08
     8	1.12843111693e-08
     9	9.92110040341e-09

Measurement: edge100_ro85
  step	V(ro85_out)={VTHRESH} 
     1	7.40291722319e-09
     2	6.29975481898e-09
     3	5.58504989042e-09
     4	1.02271199491e-08
     5	8.54539030464e-09
     6	7.47739283624e-09
     7	1.46597129448e-08
     8	1.21539829793e-08
     9	1.05665975861e-08

Measurement: edge100_ro86
  step	V(ro86_out)={VTHRESH} 
     1	7.70627945191e-09
     2	6.51501545748e-09
     3	5.74913376348e-09
     4	1.07174533058e-08
     5	8.90621823532e-09
     6	7.75338242894e-09
     7	1.54730360362e-08
     8	1.2760258119e-08
     9	1.10390900032e-08

Measurement: edge100_ro87
  step	V(ro87_out)={VTHRESH} 
     1	7.66624924298e-09
     2	6.47356162526e-09
     3	5.72200727856e-09
     4	1.07203093681e-08
     5	8.88467450399e-09
     6	7.72963123704e-09
     7	1.55062062669e-08
     8	1.27472564566e-08
     9	1.10150518962e-08

Measurement: edge100_ro88
  step	V(ro88_out)={VTHRESH} 
     1	7.54172370247e-09
     2	6.3904076108e-09
     3	5.65789448981e-09
     4	1.04479077098e-08
     5	8.70791659156e-09
     6	7.60170524083e-09
     7	1.50346212441e-08
     8	1.24334814769e-08
     9	1.07854651319e-08

Measurement: edge100_ro89
  step	V(ro89_out)={VTHRESH} 
     1	7.43222002577e-09
     2	6.31335921737e-09
     3	5.59487653505e-09
     4	1.03343008866e-08
     5	8.61454596458e-09
     6	7.52558024787e-09
     7	1.48896417653e-08
     8	1.23103844208e-08
     9	1.06823152228e-08

Measurement: edge100_ro90
  step	V(ro90_out)={VTHRESH} 
     1	7.6001204062e-09
     2	6.43352927872e-09
     3	5.6871941358e-09
     4	1.05760350341e-08
     5	8.79000376394e-09
     6	7.66061764339e-09
     7	1.52457512354e-08
     8	1.25727920803e-08
     9	1.08868959814e-08

Measurement: edge100_ro91
  step	V(ro91_out)={VTHRESH} 
     1	7.44250800157e-09
     2	6.3456048332e-09
     3	5.60939326378e-09
     4	1.03122854945e-08
     5	8.61169054651e-09
     6	7.5312880043e-09
     7	1.48090279899e-08
     8	1.22745131685e-08
     9	1.06672172179e-08

Measurement: edge100_ro92
  step	V(ro92_out)={VTHRESH} 
     1	7.91092733134e-09
     2	6.64731351006e-09
     3	5.8460454418e-09
     4	1.11408607738e-08
     5	9.18657006565e-09
     6	7.95752180275e-09
     7	1.62096643613e-08
     8	1.32592079646e-08
     9	1.14083160949e-08

Measurement: edge100_ro93
  step	V(ro93_out)={VTHRESH} 
     1	7.1148493751e-09
     2	6.11536137228e-09
     3	5.45932742027e-09
     4	9.71760807232e-09
     5	8.22058834709e-09
     6	7.2483591076e-09
     7	1.38216830035e-08
     8	1.16119585139e-08
     9	1.01796705601e-08

Measurement: edge100_ro94
  step	V(ro94_out)={VTHRESH} 
     1	7.44672254113e-09
     2	6.33352102874e-09
     3	5.60774091878e-09
     4	1.03041166969e-08
     5	8.59470090432e-09
     6	7.51379891899e-09
     7	1.47844706814e-08
     8	1.22379884122e-08
     9	1.0631423386e-08

Measurement: edge100_ro95
  step	V(ro95_out)={VTHRESH} 
     1	7.49709498198e-09
     2	6.36735787558e-09
     3	5.64479542978e-09
     4	1.03853688779e-08
     5	8.67772869917e-09
     6	7.58452905799e-09
     7	1.4938497166e-08
     8	1.23880785465e-08
     9	1.07605435515e-08

Measurement: edge100_ro96
  step	V(ro96_out)={VTHRESH} 
     1	7.53209588338e-09
     2	6.38881873403e-09
     3	5.65992128575e-09
     4	1.05064463479e-08
     5	8.72756565651e-09
     6	7.6137726019e-09
     7	1.51109891229e-08
     8	1.24551048991e-08
     9	1.07901097861e-08

Measurement: edge100_ro97
  step	V(ro97_out)={VTHRESH} 
     1	7.29803899138e-09
     2	6.2292686195e-09
     3	5.53940639971e-09
     4	1.0078027944e-08
     5	8.45081222892e-09
     6	7.41151796062e-09
     7	1.4426710589e-08
     8	1.2004425664e-08
     9	1.04619675168e-08

Measurement: edge100_ro98
  step	V(ro98_out)={VTHRESH} 
     1	7.08856793404e-09
     2	6.08606637075e-09
     3	5.42994289683e-09
     4	9.72597378253e-09
     5	8.20563282103e-09
     6	7.22816786119e-09
     7	1.38627743035e-08
     8	1.16070134211e-08
     9	1.0160855164e-08

Measurement: edge100_ro99
  step	V(ro99_out)={VTHRESH} 
     1	7.37046875124e-09
     2	6.28229748906e-09
     3	5.57681874377e-09
     4	1.01862662519e-08
     5	8.5236601782e-09
     6	7.46366794985e-09
     7	1.46127265321e-08
     8	1.21320259582e-08
     9	1.05546999742e-08

Measurement: edge100_ro100
  step	V(ro100_out)={VTHRESH} 
     1	7.21007661193e-09
     2	6.17198307106e-09
     3	5.50119680329e-09
     4	9.91987237879e-09
     5	8.34329039286e-09
     6	7.33724555144e-09
     7	1.41706257973e-08
     8	1.18308268228e-08
     9	1.03356132317e-08

Measurement: edge100_ro101
  step	V(ro101_out)={VTHRESH} 
     1	7.19330943515e-09
     2	6.15623376124e-09
     3	5.48659041072e-09
     4	9.88088907869e-09
     5	8.30948947147e-09
     6	7.30215646973e-09
     7	1.41053010204e-08
     8	1.17696496678e-08
     9	1.02781885522e-08

Measurement: edge100_ro102
  step	V(ro102_out)={VTHRESH} 
     1	7.41589544919e-09
     2	6.30563035341e-09
     3	5.59505629942e-09
     4	1.02633150087e-08
     5	8.57587635166e-09
     6	7.50324515629e-09
     7	1.4737850311e-08
     8	1.22199103522e-08
     9	1.06237898538e-08

Measurement: edge100_ro103
  step	V(ro103_out)={VTHRESH} 
     1	7.14612119365e-09
     2	6.12563304652e-09
     3	5.45953827585e-09
     4	9.78474951731e-09
     5	8.25052619598e-09
     6	7.26194890144e-09
     7	1.39461681204e-08
     8	1.16716421467e-08
     9	1.02102762724e-08

Measurement: edge100_ro104
  step	V(ro104_out)={VTHRESH} 
     1	7.25913310699e-09
     2	6.20587227584e-09
     3	5.5278548735e-09
     4	9.98188463824e-09
     5	8.39434178425e-09
     6	7.37243805619e-09
     7	1.42725779949e-08
     8	1.19123509128e-08
     9	1.03983070887e-08

Measurement: edge100_ro105
  step	V(ro105_out)={VTHRESH} 
     1	7.37799490023e-09
     2	6.2859284921e-09
     3	5.57484168594e-09
     4	1.02184624034e-08
     5	8.54335171104e-09
     6	7.47891527277e-09
     7	1.46627468951e-08
     8	1.21651417862e-08
     9	1.05821585044e-08

Measurement: edge100_ro106
  step	V(ro106_out)={VTHRESH} 
     1	7.80817912584e-09
     2	6.55593456534e-09
     3	5.78260811894e-09
     4	1.09718512364e-08
     5	9.05290838182e-09
     6	7.85158527482e-09
     7	1.59262492791e-08
     8	1.30347822931e-08
     9	1.12296059136e-08

Measurement: edge100_ro107
  step	V(ro107_out)={VTHRESH} 
     1	8.13210584237e-09
     2	6.7749276417e-09
     3	5.92758611995e-09
     4	1.16015832973e-08
     5	9.45155991143e-09
     6	8.12877594138e-09
     7	1.70068056623e-08
     8	1.3732045316e-08
     9	1.17238873563e-08

Measurement: edge100_ro108
  step	V(ro108_out)={VTHRESH} 
     1	7.84737632846e-09
     2	6.59706353484e-09
     3	5.80233998997e-09
     4	1.10211687103e-08
     5	9.08939431365e-09
     6	7.87885117459e-09
     7	1.60106173582e-08
     8	1.30957997834e-08
     9	1.1275251643e-08

Measurement: edge100_ro109
  step	V(ro109_out)={VTHRESH} 
     1	7.44983506387e-09
     2	6.35230306067e-09
     3	5.62079875825e-09
     4	1.03020443407e-08
     5	8.61246611181e-09
     6	7.54023488625e-09
     7	1.47939531838e-08
     8	1.22739094824e-08
     9	1.0671500694e-08

Measurement: edge100_ro110
  step	V(ro110_out)={VTHRESH} 
     1	7.58055478295e-09
     2	6.41776159726e-09
     3	5.67343161416e-09
     4	1.05729952081e-08
     5	8.78205263575e-09
     6	7.65317115427e-09
     7	1.52518246903e-08
     8	1.25666889091e-08
     9	1.08792727192e-08

Measurement: edge100_ro111
  step	V(ro111_out)={VTHRESH} 
     1	7.56563259324e-09
     2	6.41410587881e-09
     3	5.67834622049e-09
     4	1.05066389382e-08
     5	8.75008716494e-09
     6	7.63431334938e-09
     7	1.512439327e-08
     8	1.25019940173e-08
     9	1.0839552828e-08

Measurement: edge100_ro112
  step	V(ro112_out)={VTHRESH} 
     1	7.23729565297e-09
     2	6.19175325225e-09
     3	5.51559758222e-09
     4	9.94234826722e-09
     5	8.37115623349e-09
     6	7.35745470124e-09
     7	1.41931901354e-08
     8	1.18636419839e-08
     9	1.03653414497e-08

Measurement: edge100_ro113
  step	V(ro113_out)={VTHRESH} 
     1	7.12596767779e-09
     2	6.10953140398e-09
     3	5.45104074889e-09
     4	9.76676383948e-09
     5	8.2349544381e-09
     6	7.24870826742e-09
     7	1.39309449465e-08
     8	1.16575924606e-08
     9	1.01981793834e-08

Measurement: edge100_ro114
  step	V(ro114_out)={VTHRESH} 
     1	8.07721385926e-09
     2	6.72278357626e-09
     3	5.88452204396e-09
     4	1.1518265214e-08
     5	9.37967149463e-09
     6	8.07017955997e-09
     7	1.6893496744e-08
     8	1.36299894868e-08
     9	1.16387318827e-08

Measurement: edge100_ro115
  step	V(ro115_out)={VTHRESH} 
     1	7.67368582437e-09
     2	6.49319373154e-09
     3	5.72103412795e-09
     4	1.06906267773e-08
     5	8.86063774217e-09
     6	7.7100593435e-09
     7	1.54380595198e-08
     8	1.26911226771e-08
     9	1.09692575848e-08

Measurement: edge100_ro116
  step	V(ro116_out)={VTHRESH} 
     1	7.34259443261e-09
     2	6.27007391296e-09
     3	5.57022893512e-09
     4	1.01064531798e-08
     5	8.48840881528e-09
     6	7.44566267012e-09
     7	1.44656827327e-08
     8	1.20635173403e-08
     9	1.05184651774e-08

Measurement: edge100_ro117
  step	V(ro117_out)={VTHRESH} 
     1	7.75923959496e-09
     2	6.54697413423e-09
     3	5.76267282529e-09
     4	1.08711802606e-08
     5	8.99046081482e-09
     6	7.80841219333e-09
     7	1.57594643587e-08
     8	1.29283191577e-08
     9	1.115382603e-08

Measurement: edge100_ro118
  step	V(ro118_out)={VTHRESH} 
     1	7.28197602276e-09
     2	6.22032069022e-09
     3	5.53805768729e-09
     4	1.00376266585e-08
     5	8.43529862254e-09
     6	7.40538467544e-09
     7	1.43582380983e-08
     8	1.19781621037e-08
     9	1.04518690824e-08

Measurement: edge100_ro119
  step	V(ro119_out)={VTHRESH} 
     1	7.50697211603e-09
     2	6.37041489277e-09
     3	5.64348448926e-09
     4	1.03601124644e-08
     5	8.6482773443e-09
     6	7.55794551393e-09
     7	1.48688187963e-08
     8	1.23209507524e-08
     9	1.0702622208e-08

Measurement: edge100_ro120
  step	V(ro120_out)={VTHRESH} 
     1	7.14789601735e-09
     2	6.13859169507e-09
     3	5.46966558278e-09
     4	9.7930937926e-09
     5	8.26412996206e-09
     6	7.2768378195e-09
     7	1.39445574634e-08
     8	1.16840930162e-08
     9	1.02277619052e-08

Measurement: edge100_ro121
  step	V(ro121_out)={VTHRESH} 
     1	7.17301461621e-09
     2	6.14871555478e-09
     3	5.48430366935e-09
     4	9.81322422952e-09
     5	8.28200377059e-09
     6	7.29224464761e-09
     7	1.39687968116e-08
     8	1.17048737236e-08
     9	1.02458447096e-08

Measurement: edge100_ro122
  step	V(ro122_out)={VTHRESH} 
     1	7.69769813237e-09
     2	6.48886722633e-09
     3	5.72113641959e-09
     4	1.07778438578e-08
     5	8.91508846236e-09
     6	7.74171235043e-09
     7	1.56148771567e-08
     8	1.28019896687e-08
     9	1.10444584151e-08

Measurement: edge100_ro123
  step	V(ro123_out)={VTHRESH} 
     1	7.65723468292e-09
     2	6.44801432737e-09
     3	5.68646940554e-09
     4	1.07656043666e-08
     5	8.87566575339e-09
     6	7.70701684749e-09
     7	1.56051702404e-08
     8	1.27504817135e-08
     9	1.09919378432e-08

Measurement: edge100_ro124
  step	V(ro124_out)={VTHRESH} 
     1	7.31144503141e-09
     2	6.2230094139e-09
     3	5.52938935875e-09
     4	1.0130080645e-08
     5	8.46672442352e-09
     6	7.41255882302e-09
     7	1.45489310155e-08
     8	1.2059287688e-08
     9	1.04880362582e-08

Measurement: edge100_ro125
  step	V(ro125_out)={VTHRESH} 
     1	7.1546421905e-09
     2	6.15108984765e-09
     3	5.4770134163e-09
     4	9.7796365555e-09
     5	8.25484654021e-09
     6	7.26777117999e-09
     7	1.39036091368e-08
     8	1.16533003981e-08
     9	1.02013013599e-08

Measurement: edge100_ro126
  step	V(ro126_out)={VTHRESH} 
     1	7.37914312045e-09
     2	6.2858023261e-09
     3	5.58014303869e-09
     4	1.01920073679e-08
     5	8.53477610343e-09
     6	7.47270992448e-09
     7	1.46007561622e-08
     8	1.21307278122e-08
     9	1.05611516679e-08

Measurement: edge100_ro127
  step	V(ro127_out)={VTHRESH} 
     1	7.94113446963e-09
     2	6.65056362324e-09
     3	5.84210578318e-09
     4	1.11873632217e-08
     5	9.18002455907e-09
     6	7.93797773666e-09
     7	1.62781969105e-08
     8	1.32410243614e-08
     9	1.1368071727e-08
