LTspice 26.0.2 for Windows
Circuit: C:\Users\JUST\Documents\LTspice\RO_PUF_PVT_100\chip_013_PVT.net
Start Time: Sun Jul 19 18:08:04 2026
Options:plotwinsize=0 numdgt=10 reltol=1e-4 abstol=1e-12 vntol=1e-6 reltol=0.003 vntol=1m abstol=1e-10 gmin=1e-10 threads=1

.step vddval=0.9 temp=-20°
solver = Normal
Maximum thread count: 1
tnom = 27
temp = -20
method = trap
gmin = 1e-10
abstol = 1e-10
reltol = 0.003
volttol = 0.001
Per .tran options, skipping operating point for transient analysis.

.step vddval=1 temp=-20°

.step vddval=1.1 temp=-20°

.step vddval=0.9 temp=25°

.step vddval=1 temp=25°

.step vddval=1.1 temp=25°

.step vddval=0.9 temp=80°

.step vddval=1 temp=80°

.step vddval=1.1 temp=80°
Total elapsed time: 2043.491 seconds.

Files loaded:
C:\Users\JUST\Documents\LTspice\RO_PUF_PVT_100\chip_013_PVT.net
C:\Users\JUST\Documents\LTspice\RO_PUF_PVT_100\45nm_HP.pm
C:\Users\JUST\Documents\LTspice\RO_PUF_PVT_100\chip_013_mismatch.inc


Measurement: t_ro0
  step	t_ro0	FROM	TO
     1	6.24597249665e-09	1.51027785945e-09	7.75625035609e-09
     2	5.27996224929e-09	1.27370287725e-09	6.55366512655e-09
     3	4.64002377793e-09	1.11876345719e-09	5.75878723512e-09
     4	8.77167610114e-09	2.12415167539e-09	1.08958277765e-08
     5	7.25757090564e-09	1.7534639812e-09	9.01103488684e-09
     6	6.30424635785e-09	1.5209589352e-09	7.82520529305e-09
     7	1.27134756582e-08	3.08060656361e-09	1.57940822218e-08
     8	1.04342072973e-08	2.52296370014e-09	1.29571709975e-08
     9	9.00326629235e-09	2.17408079079e-09	1.11773470831e-08

Measurement: t_ro1
  step	t_ro1	FROM	TO
     1	6.16941521622e-09	1.48010514625e-09	7.64952036248e-09
     2	5.20358916625e-09	1.24633626125e-09	6.4499254275e-09
     3	4.59275850634e-09	1.09853958588e-09	5.69129809222e-09
     4	8.64826237159e-09	2.07500174485e-09	1.07232641164e-08
     5	7.14943642058e-09	1.71305214137e-09	8.86248856195e-09
     6	6.21339325772e-09	1.48705172677e-09	7.70044498449e-09
     7	1.25271588014e-08	3.00539604328e-09	1.55325548447e-08
     8	1.02672008575e-08	2.4603598878e-09	1.27275607453e-08
     9	8.86010741864e-09	2.12085555986e-09	1.09809629785e-08

Measurement: t_ro2
  step	t_ro2	FROM	TO
     1	5.92000022279e-09	1.4163965452e-09	7.33639676798e-09
     2	5.05045643108e-09	1.20666531378e-09	6.25712174487e-09
     3	4.48747661901e-09	1.07142091456e-09	5.55889753358e-09
     4	8.1154042224e-09	1.94095878837e-09	1.00563630108e-08
     5	6.8174225986e-09	1.62866299313e-09	8.44608559173e-09
     6	5.98138586215e-09	1.42806452474e-09	7.4094503869e-09
     7	1.15913249047e-08	2.77139319082e-09	1.43627180956e-08
     8	9.6679431749e-09	2.3091069312e-09	1.19770501061e-08
     9	8.43233022294e-09	2.01269604208e-09	1.0445026265e-08

Measurement: t_ro3
  step	t_ro3	FROM	TO
     1	5.92016405131e-09	1.41576895589e-09	7.3359330072e-09
     2	5.04944671424e-09	1.20638086046e-09	6.2558275747e-09
     3	4.48397045123e-09	1.07093657905e-09	5.55490703028e-09
     4	8.12012712162e-09	1.94064804391e-09	1.00607751655e-08
     5	6.81929008748e-09	1.62859856939e-09	8.44788865687e-09
     6	5.98241198446e-09	1.42826743597e-09	7.41067942043e-09
     7	1.16070576045e-08	2.77189134151e-09	1.4378948946e-08
     8	9.67650855159e-09	2.30952561312e-09	1.19860341647e-08
     9	8.43820473071e-09	2.01344134419e-09	1.04516460749e-08

Measurement: t_ro4
  step	t_ro4	FROM	TO
     1	6.00076769806e-09	1.4366265655e-09	7.43739426356e-09
     2	5.11403619948e-09	1.22222582772e-09	6.3362620272e-09
     3	4.52996824078e-09	1.08235286148e-09	5.61232110226e-09
     4	8.32885324687e-09	1.99349009255e-09	1.03223433394e-08
     5	6.96043777621e-09	1.66359278679e-09	8.624030563e-09
     6	6.08790112859e-09	1.45421099091e-09	7.54211211951e-09
     7	1.19768367361e-08	2.86471311619e-09	1.48415498522e-08
     8	9.9313673549e-09	2.37269564928e-09	1.23040630042e-08
     9	8.63167173499e-09	2.06098188774e-09	1.06926536227e-08

Measurement: t_ro5
  step	t_ro5	FROM	TO
     1	5.91998412123e-09	1.4175554855e-09	7.33753960673e-09
     2	5.04293515598e-09	1.2072599185e-09	6.25019507448e-09
     3	4.48000680022e-09	1.07264603649e-09	5.55265283671e-09
     4	8.14901131113e-09	1.95376225689e-09	1.0102773568e-08
     5	6.83888418252e-09	1.63765896292e-09	8.47654314543e-09
     6	5.9979557959e-09	1.43533869372e-09	7.43329448962e-09
     7	1.16731196494e-08	2.798550109e-09	1.44716697584e-08
     8	9.72411721881e-09	2.32848127335e-09	1.20525984922e-08
     9	8.47595550948e-09	2.02823659746e-09	1.05041921069e-08

Measurement: t_ro6
  step	t_ro6	FROM	TO
     1	5.98452437394e-09	1.43386259642e-09	7.41838697036e-09
     2	5.10098326369e-09	1.21999055716e-09	6.32097382085e-09
     3	4.5212948122e-09	1.0803704023e-09	5.6016652145e-09
     4	8.27684876526e-09	1.98327687045e-09	1.02601256357e-08
     5	6.92737704033e-09	1.65700867646e-09	8.58438571679e-09
     6	6.06419105073e-09	1.44907151167e-09	7.5132625624e-09
     7	1.18790286576e-08	2.84585087807e-09	1.47248795356e-08
     8	9.86820047898e-09	2.36021447466e-09	1.22284149536e-08
     9	8.58501667992e-09	2.05129540658e-09	1.06363120865e-08

Measurement: t_ro7
  step	t_ro7	FROM	TO
     1	5.82151407699e-09	1.3924413222e-09	7.2139553992e-09
     2	4.98711607619e-09	1.19114771097e-09	6.17826378716e-09
     3	4.44928661953e-09	1.06192861974e-09	5.51121523927e-09
     4	7.98167370372e-09	1.90928793444e-09	9.89096163817e-09
     5	6.7334331674e-09	1.6082462335e-09	8.3416794009e-09
     6	5.9240271767e-09	1.41368301202e-09	7.33771018871e-09
     7	1.13895031475e-08	2.72351050395e-09	1.41130136515e-08
     8	9.54035500405e-09	2.27814010008e-09	1.18184951041e-08
     9	8.34467984756e-09	1.99100085016e-09	1.03356806977e-08

Measurement: t_ro8
  step	t_ro8	FROM	TO
     1	6.25652524477e-09	1.51451042737e-09	7.77103567215e-09
     2	5.28000439992e-09	1.2758897621e-09	6.55589416203e-09
     3	4.65878264505e-09	1.12345471764e-09	5.78223736269e-09
     4	8.74162317145e-09	2.11910869676e-09	1.08607318682e-08
     5	7.2438443881e-09	1.75092309408e-09	8.99476748218e-09
     6	6.29558023408e-09	1.51954585479e-09	7.81512608887e-09
     7	1.2646029132e-08	3.06680764265e-09	1.57128367747e-08
     8	1.03972989612e-08	2.5147168528e-09	1.2912015814e-08
     9	8.97780496345e-09	2.16844073892e-09	1.11462457024e-08

Measurement: t_ro9
  step	t_ro9	FROM	TO
     1	5.83325708587e-09	1.4042331923e-09	7.23749027817e-09
     2	4.9936603571e-09	1.20027637944e-09	6.19393673655e-09
     3	4.44773621914e-09	1.06803328349e-09	5.51576950264e-09
     4	8.01475469808e-09	1.93160321791e-09	9.94635791599e-09
     5	6.74692521943e-09	1.6234751495e-09	8.37040036893e-09
     6	5.92846624238e-09	1.42505007858e-09	7.35351632095e-09
     7	1.1445165162e-08	2.7601860734e-09	1.42053512354e-08
     8	9.56500577783e-09	2.30329738368e-09	1.18683031615e-08
     9	8.3557215906e-09	2.01014048031e-09	1.03658620709e-08

Measurement: t_ro10
  step	t_ro10	FROM	TO
     1	6.4155515594e-09	1.54864103005e-09	7.96419258946e-09
     2	5.38601321913e-09	1.2957791754e-09	6.68179239454e-09
     3	4.73135574822e-09	1.1365135062e-09	5.86786925442e-09
     4	9.04338178973e-09	2.18582753066e-09	1.12292093204e-08
     5	7.43900916628e-09	1.79186951703e-09	9.23087868332e-09
     6	6.43692827395e-09	1.54792857954e-09	7.98485685349e-09
     7	1.31516003051e-08	3.17970818711e-09	1.63313084922e-08
     8	1.07289779363e-08	2.58588080113e-09	1.33148587374e-08
     9	9.22018649348e-09	2.21881414363e-09	1.14390006371e-08

Measurement: t_ro11
  step	t_ro11	FROM	TO
     1	5.81116312404e-09	1.39263232197e-09	7.20379544601e-09
     2	4.97565239226e-09	1.19110022333e-09	6.1667526156e-09
     3	4.43505984229e-09	1.06084955408e-09	5.49590939637e-09
     4	7.98448481029e-09	1.91374991609e-09	9.89823472638e-09
     5	6.72022182201e-09	1.60944577787e-09	8.32966759988e-09
     6	5.90985042163e-09	1.41377816274e-09	7.32362858438e-09
     7	1.14004653387e-08	2.73206581654e-09	1.41325311552e-08
     8	9.52545660484e-09	2.28000688257e-09	1.18054634874e-08
     9	8.3246186119e-09	1.99151407951e-09	1.03161326914e-08

Measurement: t_ro12
  step	t_ro12	FROM	TO
     1	6.08000340916e-09	1.45379337488e-09	7.53379678404e-09
     2	5.15285388189e-09	1.23104843889e-09	6.38390232078e-09
     3	4.56903846192e-09	1.09097212678e-09	5.66001058871e-09
     4	8.42751367412e-09	2.01654425909e-09	1.04440579332e-08
     5	7.02928445054e-09	1.67890277679e-09	8.70818722733e-09
     6	6.13953338383e-09	1.4653656354e-09	7.60489901923e-09
     7	1.2117160229e-08	2.89800136712e-09	1.50151615961e-08
     8	1.00286359679e-08	2.39453794855e-09	1.24231739164e-08
     9	8.704699561e-09	2.07691244966e-09	1.07816120107e-08

Measurement: t_ro13
  step	t_ro13	FROM	TO
     1	5.76000322353e-09	1.38306613325e-09	7.14306935678e-09
     2	4.96001061333e-09	1.1896158536e-09	6.14962646693e-09
     3	4.41779983409e-09	1.05807027321e-09	5.4758701073e-09
     4	7.8604219909e-09	1.88796300856e-09	9.74838499946e-09
     5	6.65044820666e-09	1.59535791806e-09	8.24580612473e-09
     6	5.86324244214e-09	1.40520251059e-09	7.26844495272e-09
     7	1.11751228852e-08	2.68469332066e-09	1.38598162059e-08
     8	9.38962504647e-09	2.25318367604e-09	1.16428087225e-08
     9	8.23085051532e-09	1.97354717352e-09	1.02043976888e-08

Measurement: t_ro14
  step	t_ro14	FROM	TO
     1	5.59785367378e-09	1.34322588966e-09	6.94107956344e-09
     2	4.836263999e-09	1.16001907648e-09	5.99628307549e-09
     3	4.33171345727e-09	1.03780730564e-09	5.36952076291e-09
     4	7.58591752295e-09	1.82141472917e-09	9.40733225211e-09
     5	6.45881712965e-09	1.54930545456e-09	8.00812258422e-09
     6	5.71925886608e-09	1.37105282345e-09	7.09031168953e-09
     7	1.07255816022e-08	2.57549567934e-09	1.33010772815e-08
     8	9.07160583614e-09	2.17633119759e-09	1.12479370337e-08
     9	7.98901418429e-09	1.91549890488e-09	9.90451308918e-09

Measurement: t_ro15
  step	t_ro15	FROM	TO
     1	5.96697888634e-09	1.42973622067e-09	7.396715107e-09
     2	5.0852530203e-09	1.21687194424e-09	6.30212496454e-09
     3	4.51326715748e-09	1.07914351339e-09	5.59241067087e-09
     4	8.23104226339e-09	1.97258019539e-09	1.02036224588e-08
     5	6.89224127408e-09	1.64949260212e-09	8.5417338762e-09
     6	6.03662634379e-09	1.44345568472e-09	7.48008202851e-09
     7	1.18022341879e-08	2.82808307377e-09	1.46303172616e-08
     8	9.80910795233e-09	2.34746438289e-09	1.21565723352e-08
     9	8.53828630662e-09	2.04152038808e-09	1.05798066947e-08

Measurement: t_ro16
  step	t_ro16	FROM	TO
     1	5.9199969197e-09	1.4218544101e-09	7.3418513298e-09
     2	5.05383558451e-09	1.21301757198e-09	6.26685315648e-09
     3	4.48579199851e-09	1.07452052345e-09	5.56031252196e-09
     4	8.14087363546e-09	1.95653987298e-09	1.00974135084e-08
     5	6.82851233947e-09	1.63979209295e-09	8.46830443242e-09
     6	5.98876844015e-09	1.43669416749e-09	7.42546260764e-09
     7	1.16364005793e-08	2.79703569235e-09	1.44334362716e-08
     8	9.68819211199e-09	2.32711089759e-09	1.20153030096e-08
     9	8.44554790832e-09	2.02679503619e-09	1.04723429445e-08

Measurement: t_ro17
  step	t_ro17	FROM	TO
     1	6.16000671861e-09	1.48425259898e-09	7.64425931759e-09
     2	5.21118448207e-09	1.25395004571e-09	6.46513452778e-09
     3	4.60224676245e-09	1.1064214775e-09	5.70866823995e-09
     4	8.60290585441e-09	2.07526681439e-09	1.06781726688e-08
     5	7.14143419536e-09	1.72039917299e-09	8.86183336835e-09
     6	6.21833454464e-09	1.49647197433e-09	7.71480651897e-09
     7	1.24344042572e-08	3.00143175355e-09	1.54358360108e-08
     8	1.0240589451e-08	2.46873261873e-09	1.27093220698e-08
     9	8.85831867161e-09	2.13331246266e-09	1.09916311343e-08

Measurement: t_ro18
  step	t_ro18	FROM	TO
     1	5.96642044575e-09	1.43259134984e-09	7.39901179559e-09
     2	5.08245268648e-09	1.21980403968e-09	6.30225672616e-09
     3	4.50872550049e-09	1.08188742057e-09	5.59061292106e-09
     4	8.26301320734e-09	1.98467883829e-09	1.02476920456e-08
     5	6.9140250171e-09	1.65975384219e-09	8.57377885929e-09
     6	6.05096231617e-09	1.4521090318e-09	7.50307134797e-09
     7	1.18769051043e-08	2.8529570285e-09	1.47298621328e-08
     8	9.86179587133e-09	2.36771474803e-09	1.22295106194e-08
     9	8.57595966497e-09	2.05838225291e-09	1.06343419179e-08

Measurement: t_ro19
  step	t_ro19	FROM	TO
     1	5.93610079905e-09	1.42146671399e-09	7.35756751303e-09
     2	5.06503544104e-09	1.21058379441e-09	6.27561923546e-09
     3	4.50242411173e-09	1.07531004279e-09	5.57773415452e-09
     4	8.18438285742e-09	1.95984767234e-09	1.01442305298e-08
     5	6.86795410321e-09	1.64195566889e-09	8.5099097721e-09
     6	6.0224112668e-09	1.43829894378e-09	7.46071021058e-09
     7	1.17194120948e-08	2.80579676295e-09	1.45252088578e-08
     8	9.76283065623e-09	2.33361002662e-09	1.20964406828e-08
     9	8.50951217884e-09	2.03202438096e-09	1.05415365598e-08

Measurement: t_ro20
  step	t_ro20	FROM	TO
     1	6.15587099492e-09	1.47774599955e-09	7.63361699447e-09
     2	5.21202899082e-09	1.24829311003e-09	6.46032210085e-09
     3	4.6149694565e-09	1.10412198434e-09	5.71909144084e-09
     4	8.59328280341e-09	2.06369456035e-09	1.06569773638e-08
     5	7.14122845453e-09	1.7111593257e-09	8.85238778024e-09
     6	6.22102659053e-09	1.48845977516e-09	7.70948636569e-09
     7	1.24227481433e-08	2.98312004714e-09	1.54058681904e-08
     8	1.02407794443e-08	2.45410216997e-09	1.26948816143e-08
     9	8.8621114273e-09	2.12080922305e-09	1.09829206503e-08

Measurement: t_ro21
  step	t_ro21	FROM	TO
     1	5.74549942273e-09	1.38115196341e-09	7.12665138615e-09
     2	4.93855867568e-09	1.1861057189e-09	6.12466439459e-09
     3	4.40472546308e-09	1.05755373378e-09	5.46227919686e-09
     4	7.8356116047e-09	1.88464226728e-09	9.72025387198e-09
     5	6.62084759427e-09	1.59114067694e-09	8.21198827121e-09
     6	5.83628789537e-09	1.40183204813e-09	7.23811994349e-09
     7	1.11221548091e-08	2.67604986828e-09	1.37982046773e-08
     8	9.33253435962e-09	2.24364665684e-09	1.15761810165e-08
     9	8.17839793617e-09	1.96532329687e-09	1.0143721233e-08

Measurement: t_ro22
  step	t_ro22	FROM	TO
     1	5.87109381264e-09	1.41040272265e-09	7.28149653529e-09
     2	5.01692018477e-09	1.20394327295e-09	6.22086345772e-09
     3	4.46483514066e-09	1.0710756864e-09	5.53591082706e-09
     4	8.09070636286e-09	1.94403643584e-09	1.00347427987e-08
     5	6.7975159456e-09	1.6320585797e-09	8.4295745253e-09
     6	5.96768703379e-09	1.43184707053e-09	7.39953410432e-09
     7	1.15694738083e-08	2.78019877052e-09	1.43496725788e-08
     8	9.64845223945e-09	2.31693994293e-09	1.19653921824e-08
     9	8.41922502872e-09	2.02061255897e-09	1.04398375877e-08

Measurement: t_ro23
  step	t_ro23	FROM	TO
     1	6.19889442136e-09	1.49264030672e-09	7.69153472808e-09
     2	5.24475460764e-09	1.26055390085e-09	6.50530850848e-09
     3	4.63408867414e-09	1.11302979689e-09	5.74711847103e-09
     4	8.64939034806e-09	2.08524745587e-09	1.07346378039e-08
     5	7.18700773641e-09	1.72897622116e-09	8.91598395757e-09
     6	6.25707639744e-09	1.50352586054e-09	7.76060225798e-09
     7	1.250341843e-08	3.01648156862e-09	1.55198999986e-08
     8	1.03090568009e-08	2.4818166662e-09	1.27908734671e-08
     9	8.91880896471e-09	2.14496327542e-09	1.10637722401e-08

Measurement: t_ro24
  step	t_ro24	FROM	TO
     1	5.80491368607e-09	1.38639196092e-09	7.19130564698e-09
     2	4.97241010832e-09	1.18597166825e-09	6.15838177657e-09
     3	4.43715002643e-09	1.05749163149e-09	5.49464165792e-09
     4	7.94502933064e-09	1.89784180888e-09	9.84287113952e-09
     5	6.69764817112e-09	1.59708458957e-09	8.29473276069e-09
     6	5.89409187189e-09	1.40450620882e-09	7.2985980807e-09
     7	1.13076653847e-08	2.70036252765e-09	1.40080279123e-08
     8	9.46136902326e-09	2.25588710417e-09	1.17172561274e-08
     9	8.27640567961e-09	1.97194077692e-09	1.02483464565e-08

Measurement: t_ro25
  step	t_ro25	FROM	TO
     1	6.25099751867e-09	1.49373198986e-09	7.74472950853e-09
     2	5.28000015498e-09	1.26043122672e-09	6.5404313817e-09
     3	4.63999920116e-09	1.10818701438e-09	5.74818621554e-09
     4	8.77790981966e-09	2.09770301067e-09	1.08756128303e-08
     5	7.25397004117e-09	1.73161969028e-09	8.98558973145e-09
     6	6.29738001013e-09	1.50235889849e-09	7.79973890862e-09
     7	1.27342058117e-08	3.04177538846e-09	1.57759812001e-08
     8	1.04369740658e-08	2.49084468694e-09	1.29278187527e-08
     9	8.99914737128e-09	2.14644453485e-09	1.11455919061e-08

Measurement: t_ro26
  step	t_ro26	FROM	TO
     1	5.78993204462e-09	1.38909039545e-09	7.17902244007e-09
     2	4.96403206902e-09	1.18993177594e-09	6.15396384495e-09
     3	4.42796990532e-09	1.06066615129e-09	5.48863605662e-09
     4	7.93261518251e-09	1.90387393608e-09	9.83648911859e-09
     5	6.69052210719e-09	1.6043235295e-09	8.29484563668e-09
     6	5.88879061942e-09	1.41105455271e-09	7.29984517213e-09
     7	1.13014427334e-08	2.7125827479e-09	1.40140254813e-08
     8	9.4644520689e-09	2.26975694478e-09	1.17342090137e-08
     9	8.28154937575e-09	1.9848324109e-09	1.02663817866e-08

Measurement: t_ro27
  step	t_ro27	FROM	TO
     1	6.08000124673e-09	1.45525960102e-09	7.53526084775e-09
     2	5.14434141248e-09	1.2298526792e-09	6.37419409168e-09
     3	4.55450043604e-09	1.08781899992e-09	5.64231943596e-09
     4	8.44992986131e-09	2.02353413239e-09	1.04734639937e-08
     5	7.02686478429e-09	1.68040940153e-09	8.70727418582e-09
     6	6.12947763628e-09	1.46427098804e-09	7.59374862432e-09
     7	1.21634601516e-08	2.91233591608e-09	1.50757960677e-08
     8	1.00317419886e-08	2.39877193594e-09	1.24305139245e-08
     9	8.69324558493e-09	2.07700163792e-09	1.07702472229e-08

Measurement: t_ro28
  step	t_ro28	FROM	TO
     1	5.90095924752e-09	1.41069024307e-09	7.31164949059e-09
     2	5.04343078585e-09	1.20463145526e-09	6.24806224111e-09
     3	4.47999508966e-09	1.07006528768e-09	5.55006037734e-09
     4	8.09094216058e-09	1.93356104918e-09	1.00245032098e-08
     5	6.80708833176e-09	1.62546805322e-09	8.43255638498e-09
     6	5.97804002381e-09	1.4270108802e-09	7.40505090401e-09
     7	1.15538291691e-08	2.75989344375e-09	1.43137226128e-08
     8	9.65214496445e-09	2.30402637089e-09	1.19561713353e-08
     9	8.42721934813e-09	2.01088752187e-09	1.043810687e-08

Measurement: t_ro29
  step	t_ro29	FROM	TO
     1	6.12580394569e-09	1.4694968354e-09	7.59530078109e-09
     2	5.18716402466e-09	1.2428108441e-09	6.42997486876e-09
     3	4.58764354835e-09	1.09845873321e-09	5.68610228156e-09
     4	8.5264136378e-09	2.04567536914e-09	1.05720890069e-08
     5	7.09098878015e-09	1.69931118561e-09	8.79029996576e-09
     6	6.18171706174e-09	1.4803926596e-09	7.66210972135e-09
     7	1.22930717265e-08	2.94913447695e-09	1.52422062034e-08
     8	1.01427222216e-08	2.43067685944e-09	1.2573399081e-08
     9	8.78485629939e-09	2.10393040831e-09	1.08887867077e-08

Measurement: t_ro30
  step	t_ro30	FROM	TO
     1	5.52197380192e-09	1.32686209297e-09	6.84883589489e-09
     2	4.8000026588e-09	1.15224215464e-09	5.95224481344e-09
     3	4.30005243601e-09	1.03175623208e-09	5.33180866809e-09
     4	7.43282933217e-09	1.78696898549e-09	9.21979831766e-09
     5	6.3524737558e-09	1.52571136994e-09	7.87818512574e-09
     6	5.64059502224e-09	1.35398171374e-09	6.99457673598e-09
     7	1.04573344835e-08	2.51476790203e-09	1.29721023856e-08
     8	8.88074588843e-09	2.13352119494e-09	1.10142670834e-08
     9	7.84429812956e-09	1.8836971659e-09	9.72799529546e-09

Measurement: t_ro31
  step	t_ro31	FROM	TO
     1	5.50250224268e-09	1.31816850084e-09	6.82067074352e-09
     2	4.77815323821e-09	1.14351255832e-09	5.92166579653e-09
     3	4.29111464997e-09	1.0261784108e-09	5.31729306078e-09
     4	7.42315461846e-09	1.77831853978e-09	9.20147315824e-09
     5	6.34785613369e-09	1.51895427164e-09	7.86681040533e-09
     6	5.63949935707e-09	1.34860032216e-09	6.98809967922e-09
     7	1.04491832564e-08	2.50297748727e-09	1.29521607437e-08
     8	8.87917314018e-09	2.1244937028e-09	1.1003666843e-08
     9	7.84691278087e-09	1.87635726376e-09	9.72327004463e-09

Measurement: t_ro32
  step	t_ro32	FROM	TO
     1	6.12072847222e-09	1.46928978861e-09	7.59001826084e-09
     2	5.18350080472e-09	1.24281239217e-09	6.42631319688e-09
     3	4.58378078309e-09	1.09813985626e-09	5.68192063935e-09
     4	8.52499624551e-09	2.04691783655e-09	1.05719140821e-08
     5	7.09029726535e-09	1.70036654861e-09	8.79066381396e-09
     6	6.18015586274e-09	1.48101291362e-09	7.66116877636e-09
     7	1.23029708174e-08	2.9538664746e-09	1.5256837292e-08
     8	1.01534912781e-08	2.43513833188e-09	1.258862961e-08
     9	8.79316374933e-09	2.10736287084e-09	1.09005266202e-08

Measurement: t_ro33
  step	t_ro33	FROM	TO
     1	6.05803394063e-09	1.45072123063e-09	7.50875517126e-09
     2	5.11999887325e-09	1.22541908245e-09	6.3454179557e-09
     3	4.5516217678e-09	1.08710903483e-09	5.63873080263e-09
     4	8.42319704974e-09	2.01711452861e-09	1.04403115783e-08
     5	7.01315935982e-09	1.67663248219e-09	8.68979184201e-09
     6	6.12307105416e-09	1.46235639723e-09	7.58542745139e-09
     7	1.21248717375e-08	2.90260583618e-09	1.50274775736e-08
     8	1.00155959927e-08	2.3941651987e-09	1.24097611914e-08
     9	8.68859015266e-09	2.07474262581e-09	1.07633327785e-08

Measurement: t_ro34
  step	t_ro34	FROM	TO
     1	5.95655096142e-09	1.42773592716e-09	7.38428688859e-09
     2	5.06933009268e-09	1.21295522234e-09	6.28228531502e-09
     3	4.50193838084e-09	1.07619488747e-09	5.5781332683e-09
     4	8.25476477405e-09	1.97846044486e-09	1.02332252189e-08
     5	6.89907471698e-09	1.65077892042e-09	8.5498536374e-09
     6	6.03867298289e-09	1.44366912705e-09	7.48234210993e-09
     7	1.1857361375e-08	2.8410394342e-09	1.46984008092e-08
     8	9.83142175572e-09	2.35213271207e-09	1.21835544678e-08
     9	8.54848621092e-09	2.04332228695e-09	1.05918084979e-08

Measurement: t_ro35
  step	t_ro35	FROM	TO
     1	5.92000019246e-09	1.42027156127e-09	7.34027175373e-09
     2	5.05059348007e-09	1.21027294095e-09	6.26086642102e-09
     3	4.48000226964e-09	1.07239834833e-09	5.55240061797e-09
     4	8.21931139413e-09	1.9726585153e-09	1.01919699094e-08
     5	6.87047662319e-09	1.64673999319e-09	8.51721661638e-09
     6	6.01283105127e-09	1.44000590629e-09	7.45283695757e-09
     7	1.18010000865e-08	2.83225350144e-09	1.46332535879e-08
     8	9.78069416298e-09	2.34501285395e-09	1.21257070169e-08
     9	8.50787030211e-09	2.03785137343e-09	1.05457216755e-08

Measurement: t_ro36
  step	t_ro36	FROM	TO
     1	6.20300997995e-09	1.49452909248e-09	7.69753907243e-09
     2	5.23222206644e-09	1.25839646523e-09	6.49061853166e-09
     3	4.6182539579e-09	1.10907699812e-09	5.72733095602e-09
     4	8.6693816866e-09	2.0913406049e-09	1.07607222915e-08
     5	7.18067580987e-09	1.72841453142e-09	8.90909034129e-09
     6	6.24050598762e-09	1.50112039652e-09	7.74162638414e-09
     7	1.25306812555e-08	3.02460690029e-09	1.55552881558e-08
     8	1.02943629938e-08	2.47958619103e-09	1.27739491848e-08
     9	8.89449179641e-09	2.13953390764e-09	1.10340257041e-08

Measurement: t_ro37
  step	t_ro37	FROM	TO
     1	6.05118697096e-09	1.44679551127e-09	7.49798248223e-09
     2	5.14153576698e-09	1.22747809158e-09	6.36901385857e-09
     3	4.5544035601e-09	1.0866957972e-09	5.6410993573e-09
     4	8.40423027158e-09	2.00940030724e-09	1.04136305788e-08
     5	7.01483639037e-09	1.67481201187e-09	8.68964840224e-09
     6	6.12838133322e-09	1.4620802095e-09	7.59046154272e-09
     7	1.21051885353e-08	2.89324769391e-09	1.49984362292e-08
     8	1.00249509151e-08	2.39297823385e-09	1.2417929149e-08
     9	8.70198601359e-09	2.07570299863e-09	1.07776890122e-08

Measurement: t_ro38
  step	t_ro38	FROM	TO
     1	6.00890612533e-09	1.44615672238e-09	7.45506284771e-09
     2	5.12000335652e-09	1.23090959191e-09	6.35091294843e-09
     3	4.53544467345e-09	1.09019755374e-09	5.62564222719e-09
     4	8.29158082431e-09	1.9973889383e-09	1.02889697626e-08
     5	6.93285244689e-09	1.66931203282e-09	8.60216447971e-09
     6	6.06741739246e-09	1.46036761071e-09	7.52778500317e-09
     7	1.18880233677e-08	2.86570567871e-09	1.47537290464e-08
     8	9.86689484116e-09	2.3775657367e-09	1.22444605779e-08
     9	8.58262194322e-09	2.06763176963e-09	1.06502537128e-08

Measurement: t_ro39
  step	t_ro39	FROM	TO
     1	6.13235331077e-09	1.47688461865e-09	7.60923792942e-09
     2	5.19991629476e-09	1.24794901239e-09	6.44786530716e-09
     3	4.59962865188e-09	1.10202358885e-09	5.70165224073e-09
     4	8.4910491005e-09	2.04725566646e-09	1.0538304767e-08
     5	7.07566910229e-09	1.70025902989e-09	8.77592813217e-09
     6	6.17255408069e-09	1.48041385607e-09	7.65296793676e-09
     7	1.22142125174e-08	2.9454752407e-09	1.51596877581e-08
     8	1.01018690794e-08	2.42860148958e-09	1.2530470569e-08
     9	8.75808441447e-09	2.10169672016e-09	1.08597811346e-08

Measurement: t_ro40
  step	t_ro40	FROM	TO
     1	6.39388502163e-09	1.53562350781e-09	7.92950852944e-09
     2	5.35981527476e-09	1.28534216665e-09	6.64515744141e-09
     3	4.71411832579e-09	1.12947189982e-09	5.84359022561e-09
     4	8.99287506514e-09	2.16102881356e-09	1.11539038787e-08
     5	7.41143805073e-09	1.77828401682e-09	9.18972206755e-09
     6	6.41771597629e-09	1.53814608014e-09	7.95586205643e-09
     7	1.30953641165e-08	3.14680746987e-09	1.62421715864e-08
     8	1.07051654786e-08	2.56888983307e-09	1.32740553117e-08
     9	9.20711820689e-09	2.20700692508e-09	1.1414125132e-08

Measurement: t_ro41
  step	t_ro41	FROM	TO
     1	5.87019930973e-09	1.40641291581e-09	7.27661222554e-09
     2	5.01405239174e-09	1.20035506019e-09	6.21440745193e-09
     3	4.4642038581e-09	1.06822116053e-09	5.53242501863e-09
     4	8.10013945932e-09	1.94068846463e-09	1.00408279239e-08
     5	6.80100960544e-09	1.62797902743e-09	8.42898863286e-09
     6	5.96918960509e-09	1.4282848344e-09	7.39747443949e-09
     7	1.15911096395e-08	2.77655409178e-09	1.43676637313e-08
     8	9.65802898467e-09	2.31153277423e-09	1.19695617589e-08
     9	8.42378055741e-09	2.01550558432e-09	1.04392861417e-08

Measurement: t_ro42
  step	t_ro42	FROM	TO
     1	6.31891680836e-09	1.52003864651e-09	7.83895545487e-09
     2	5.3157258861e-09	1.27544966109e-09	6.59117554719e-09
     3	4.68377425141e-09	1.12293274546e-09	5.80670699688e-09
     4	8.84529466914e-09	2.12908492396e-09	1.09743795931e-08
     5	7.30760173422e-09	1.75482263195e-09	9.06242436617e-09
     6	6.3414799081e-09	1.52113499328e-09	7.86261490138e-09
     7	1.28142672217e-08	3.08518852665e-09	1.58994557483e-08
     8	1.05027759966e-08	2.52287412596e-09	1.30256501226e-08
     9	9.05435124377e-09	2.1730062903e-09	1.12273575341e-08

Measurement: t_ro43
  step	t_ro43	FROM	TO
     1	6.03860804948e-09	1.45161814324e-09	7.49022619272e-09
     2	5.11997037529e-09	1.22940422513e-09	6.34937460042e-09
     3	4.53892933678e-09	1.09005564527e-09	5.62898498205e-09
     4	8.39741315003e-09	2.01945357659e-09	1.04168667266e-08
     5	6.99392853982e-09	1.68074957131e-09	8.67467811114e-09
     6	6.10604789062e-09	1.46681535368e-09	7.57286324429e-09
     7	1.21006842404e-08	2.91066144157e-09	1.5011345682e-08
     8	9.99617321638e-09	2.40265825359e-09	1.239883147e-08
     9	8.66914044736e-09	2.08304054991e-09	1.07521809973e-08

Measurement: t_ro44
  step	t_ro44	FROM	TO
     1	6.1121597722e-09	1.47446845117e-09	7.58662822338e-09
     2	5.17836468928e-09	1.24559326953e-09	6.42395795881e-09
     3	4.57983280215e-09	1.10006025907e-09	5.67989306123e-09
     4	8.50349424289e-09	2.0540527405e-09	1.05575469834e-08
     5	7.06945623934e-09	1.7029280355e-09	8.77238427484e-09
     6	6.16319682625e-09	1.48217252646e-09	7.64536935272e-09
     7	1.22478288754e-08	2.96042298679e-09	1.52082518622e-08
     8	1.01026851528e-08	2.43601456233e-09	1.25386997152e-08
     9	8.75077771044e-09	2.10662031886e-09	1.08573980293e-08

Measurement: t_ro45
  step	t_ro45	FROM	TO
     1	5.90306521483e-09	1.4351599372e-09	7.33822515203e-09
     2	5.03424759625e-09	1.21772061439e-09	6.25196821064e-09
     3	4.47617318803e-09	1.07788437568e-09	5.55405756371e-09
     4	8.14168923887e-09	1.98205844664e-09	1.01237476855e-08
     5	6.81710403714e-09	1.65235660878e-09	8.46946064592e-09
     6	5.97490529867e-09	1.44381549653e-09	7.41872079521e-09
     7	1.16533644368e-08	2.83773423732e-09	1.44910986741e-08
     8	9.67742668344e-09	2.34779657296e-09	1.20252232564e-08
     9	8.42622572613e-09	2.03874666411e-09	1.04649723902e-08

Measurement: t_ro46
  step	t_ro46	FROM	TO
     1	6.03563541075e-09	1.44900345276e-09	7.48463886351e-09
     2	5.13498018993e-09	1.22937760202e-09	6.36435779195e-09
     3	4.55293393561e-09	1.08822175599e-09	5.6411556916e-09
     4	8.34971460675e-09	2.00569803952e-09	1.03554126463e-08
     5	6.98252192285e-09	1.67307360262e-09	8.65559552546e-09
     6	6.10728797022e-09	1.46079780801e-09	7.56808577823e-09
     7	1.19928051775e-08	2.8809493768e-09	1.48737545543e-08
     8	9.95359485039e-09	2.38556667773e-09	1.23391615281e-08
     9	8.65201211231e-09	2.0702602283e-09	1.07222723406e-08

Measurement: t_ro47
  step	t_ro47	FROM	TO
     1	5.96748631848e-09	1.43431207955e-09	7.40179839802e-09
     2	5.08123891322e-09	1.21956542793e-09	6.30080434114e-09
     3	4.5118439783e-09	1.08156532026e-09	5.59340929856e-09
     4	8.27027343004e-09	1.98898099156e-09	1.02592544216e-08
     5	6.923597581e-09	1.66272514005e-09	8.58632272104e-09
     6	6.06122884678e-09	1.4540329693e-09	7.51526181608e-09
     7	1.1884880386e-08	2.8589585137e-09	1.47438388997e-08
     8	9.87430458055e-09	2.3722817979e-09	1.22465863784e-08
     9	8.58986719062e-09	2.06153259369e-09	1.06513997843e-08

Measurement: t_ro48
  step	t_ro48	FROM	TO
     1	5.88871041593e-09	1.40966048595e-09	7.29837090188e-09
     2	5.02060328476e-09	1.19969642714e-09	6.22029971191e-09
     3	4.46718999487e-09	1.06627289769e-09	5.53346289256e-09
     4	8.10116188558e-09	1.93902900343e-09	1.0040190889e-08
     5	6.79092883205e-09	1.62291272581e-09	8.41384155786e-09
     6	5.95595005432e-09	1.4219926529e-09	7.37794270722e-09
     7	1.15900610412e-08	2.77346882305e-09	1.43635298642e-08
     8	9.63915565134e-09	2.3034327435e-09	1.19425883948e-08
     9	8.40003690508e-09	2.00536745298e-09	1.04054043581e-08

Measurement: t_ro49
  step	t_ro49	FROM	TO
     1	6.15435647537e-09	1.47585526811e-09	7.63021174348e-09
     2	5.20491880351e-09	1.2452272387e-09	6.45014604221e-09
     3	4.59803114109e-09	1.09893857065e-09	5.69696971174e-09
     4	8.57847611156e-09	2.05720324864e-09	1.06356793602e-08
     5	7.1206944441e-09	1.70375140889e-09	8.82444585299e-09
     6	6.2008095279e-09	1.48203861597e-09	7.68284814387e-09
     7	1.23812905263e-08	2.96742545042e-09	1.53487159767e-08
     8	1.01958093313e-08	2.43885726809e-09	1.26346665994e-08
     9	8.82089550536e-09	2.10763233139e-09	1.09285278368e-08

Measurement: t_ro50
  step	t_ro50	FROM	TO
     1	5.86603573423e-09	1.41356836724e-09	7.27960410147e-09
     2	5.01864517471e-09	1.20777263444e-09	6.22641780915e-09
     3	4.46913423375e-09	1.07428750692e-09	5.54342174067e-09
     4	8.05224677592e-09	1.94209186902e-09	9.99433864493e-09
     5	6.77394032606e-09	1.63158939603e-09	8.4055297221e-09
     6	5.95019813088e-09	1.43192968106e-09	7.38212781194e-09
     7	1.14961305674e-08	2.7739928495e-09	1.42701234169e-08
     8	9.59957148169e-09	2.31329546523e-09	1.19128669469e-08
     9	8.38250923639e-09	2.01848205409e-09	1.04009912905e-08

Measurement: t_ro51
  step	t_ro51	FROM	TO
     1	6.36171970897e-09	1.53324509693e-09	7.8949648059e-09
     2	5.34172843655e-09	1.2852053304e-09	6.62693376696e-09
     3	4.69635982974e-09	1.12836121397e-09	5.82472104371e-09
     4	8.96011939498e-09	2.16275498577e-09	1.11228743807e-08
     5	7.37796996279e-09	1.77696951963e-09	9.15493948242e-09
     6	6.38960831062e-09	1.5373103827e-09	7.92691869331e-09
     7	1.30413226452e-08	3.14907652583e-09	1.61903991711e-08
     8	1.06468331505e-08	2.56643587392e-09	1.32132690244e-08
     9	9.15556370928e-09	2.20475258594e-09	1.13603162952e-08

Measurement: t_ro52
  step	t_ro52	FROM	TO
     1	6.19532956536e-09	1.48670019177e-09	7.68202975712e-09
     2	5.24560865226e-09	1.2562426677e-09	6.50185131996e-09
     3	4.64000055044e-09	1.10960231416e-09	5.74960286459e-09
     4	8.64495974066e-09	2.0752692858e-09	1.07202290265e-08
     5	7.18558115695e-09	1.72157093645e-09	8.9071520934e-09
     6	6.25722314665e-09	1.49745721936e-09	7.75468036602e-09
     7	1.24986230856e-08	3.00000511061e-09	1.54986281962e-08
     8	1.03075222412e-08	2.46968831315e-09	1.27772105543e-08
     9	8.9185532459e-09	2.13457740525e-09	1.10531306511e-08

Measurement: t_ro53
  step	t_ro53	FROM	TO
     1	6.21023221906e-09	1.49595052721e-09	7.70618274628e-09
     2	5.24608077533e-09	1.26188392695e-09	6.50796470228e-09
     3	4.63045307519e-09	1.11264178796e-09	5.74309486315e-09
     4	8.69796471544e-09	2.09660863001e-09	1.07945733454e-08
     5	7.20820121984e-09	1.73533501012e-09	8.94353622996e-09
     6	6.26878459411e-09	1.50774769819e-09	7.7765322923e-09
     7	1.25973390812e-08	3.03781481406e-09	1.56351538953e-08
     8	1.03570619886e-08	2.49433534683e-09	1.28513973354e-08
     9	8.94638611649e-09	2.15289441836e-09	1.10992805348e-08

Measurement: t_ro54
  step	t_ro54	FROM	TO
     1	6.29274038616e-09	1.51776021992e-09	7.81050060608e-09
     2	5.28001247302e-09	1.27001331843e-09	6.55002579144e-09
     3	4.66047570113e-09	1.11790505463e-09	5.77838075576e-09
     4	8.85066101438e-09	2.13750800638e-09	1.09881690208e-08
     5	7.30157942208e-09	1.75681069215e-09	9.05839011423e-09
     6	6.33403037479e-09	1.52056290816e-09	7.85459328295e-09
     7	1.28400843346e-08	3.10253852005e-09	1.59426228547e-08
     8	1.05040122551e-08	2.52942181875e-09	1.30334340739e-08
     9	9.04978776819e-09	2.17440946615e-09	1.12241972343e-08

Measurement: t_ro55
  step	t_ro55	FROM	TO
     1	5.43406512891e-09	1.31007602621e-09	6.74414115512e-09
     2	4.71873400296e-09	1.13559964028e-09	5.85433364324e-09
     3	4.24555741828e-09	1.02096466409e-09	5.26652208238e-09
     4	7.30127369916e-09	1.76179834131e-09	9.06307204047e-09
     5	6.25529003754e-09	1.50727673438e-09	7.76256677192e-09
     6	5.56509436229e-09	1.33969524534e-09	6.90478960763e-09
     7	1.02547387216e-08	2.47632577725e-09	1.27310644989e-08
     8	8.729279277e-09	2.10502934349e-09	1.08343086205e-08
     9	7.72491518822e-09	1.86112663563e-09	9.58604182385e-09

Measurement: t_ro56
  step	t_ro56	FROM	TO
     1	6.09267478777e-09	1.46530563868e-09	7.55798042644e-09
     2	5.16284060622e-09	1.23996394331e-09	6.40280454953e-09
     3	4.5727942073e-09	1.09744830096e-09	5.67024250826e-09
     4	8.48184873454e-09	2.04067222364e-09	1.05225209582e-08
     5	7.06472650691e-09	1.69741933701e-09	8.76214584392e-09
     6	6.16356654722e-09	1.4798152193e-09	7.64338176653e-09
     7	1.22354220806e-08	2.9445031359e-09	1.51799252164e-08
     8	1.01110495848e-08	2.42993357401e-09	1.25409831588e-08
     9	8.76411045706e-09	2.10469606197e-09	1.0868806519e-08

Measurement: t_ro57
  step	t_ro57	FROM	TO
     1	5.59999998701e-09	1.34313381296e-09	6.94313379997e-09
     2	4.83337659489e-09	1.1579326624e-09	5.99130925729e-09
     3	4.3290661206e-09	1.03662453653e-09	5.36569065713e-09
     4	7.61903397425e-09	1.82705692153e-09	9.44609089578e-09
     5	6.4690416714e-09	1.54995222077e-09	8.01899389217e-09
     6	5.72203792341e-09	1.37032885144e-09	7.09236677485e-09
     7	1.07852021047e-08	2.5861219112e-09	1.33713240159e-08
     8	9.09404445581e-09	2.17883557781e-09	1.12728800336e-08
     9	7.99786726101e-09	1.91541137168e-09	9.91327863268e-09

Measurement: t_ro58
  step	t_ro58	FROM	TO
     1	5.55339002425e-09	1.33572602677e-09	6.88911605101e-09
     2	4.79998937663e-09	1.15398729518e-09	5.95397667181e-09
     3	4.31353149457e-09	1.03617293814e-09	5.34970443272e-09
     4	7.48150494916e-09	1.80059314771e-09	9.28209809686e-09
     5	6.38522836441e-09	1.53515541095e-09	7.92038377536e-09
     6	5.66306938243e-09	1.36072773556e-09	7.02379711799e-09
     7	1.05401464362e-08	2.53773218529e-09	1.30778786214e-08
     8	8.93823790941e-09	2.14975208971e-09	1.10879899991e-08
     9	7.88560672262e-09	1.89555898525e-09	9.78116570786e-09

Measurement: t_ro59
  step	t_ro59	FROM	TO
     1	5.83014510058e-09	1.40073392625e-09	7.23087902683e-09
     2	4.98838272154e-09	1.19748204228e-09	6.18586476381e-09
     3	4.44327746915e-09	1.06542434871e-09	5.50870181786e-09
     4	8.00423067349e-09	1.92393473141e-09	9.9281654049e-09
     5	6.7366459033e-09	1.61783588214e-09	8.35448178544e-09
     6	5.9200307506e-09	1.42052769255e-09	7.34055844315e-09
     7	1.14255555643e-08	2.74746195293e-09	1.41730175173e-08
     8	9.54573804317e-09	2.29352649608e-09	1.18392645393e-08
     9	8.33896521287e-09	2.00194665054e-09	1.03409118634e-08

Measurement: t_ro60
  step	t_ro60	FROM	TO
     1	5.8271876497e-09	1.39376065988e-09	7.22094830959e-09
     2	4.98592492914e-09	1.19051819418e-09	6.17644312333e-09
     3	4.44053880722e-09	1.05948568148e-09	5.5000244887e-09
     4	8.01162189408e-09	1.91550539616e-09	9.92712729024e-09
     5	6.7409846482e-09	1.60930762501e-09	8.35029227321e-09
     6	5.92378316563e-09	1.41311649675e-09	7.33689966237e-09
     7	1.14468282724e-08	2.73510689144e-09	1.41819351638e-08
     8	9.55813115955e-09	2.28105913147e-09	1.1839190291e-08
     9	8.34764402789e-09	1.99075250638e-09	1.03383965343e-08

Measurement: t_ro61
  step	t_ro61	FROM	TO
     1	6.29586420054e-09	1.52209881208e-09	7.81796301262e-09
     2	5.30003697783e-09	1.27819274205e-09	6.57822971988e-09
     3	4.66623871973e-09	1.12368898626e-09	5.78992770599e-09
     4	8.85048123453e-09	2.14252426064e-09	1.09930054952e-08
     5	7.30538070932e-09	1.76430350313e-09	9.06968421245e-09
     6	6.33762567524e-09	1.52822557969e-09	7.86585125493e-09
     7	1.28468093101e-08	3.11192572215e-09	1.59587350323e-08
     8	1.05168273447e-08	2.5419854007e-09	1.30588127454e-08
     9	9.06193435228e-09	2.1871032277e-09	1.124903758e-08

Measurement: t_ro62
  step	t_ro62	FROM	TO
     1	5.91996420164e-09	1.4322569335e-09	7.35222113513e-09
     2	5.04488006716e-09	1.21331012483e-09	6.25819019199e-09
     3	4.48000650655e-09	1.07554318431e-09	5.55554969087e-09
     4	8.15997764746e-09	1.97797039389e-09	1.01379480414e-08
     5	6.82623491558e-09	1.64445385987e-09	8.47068877545e-09
     6	5.98261775259e-09	1.43755491761e-09	7.4201726702e-09
     7	1.16733477063e-08	2.82977034424e-09	1.45031180505e-08
     8	9.6852650318e-09	2.33479645493e-09	1.20200614867e-08
     9	8.43315175037e-09	2.02754615836e-09	1.04606979087e-08

Measurement: t_ro63
  step	t_ro63	FROM	TO
     1	5.67724937417e-09	1.3632038625e-09	7.04045323667e-09
     2	4.89330070111e-09	1.17373744321e-09	6.06703814432e-09
     3	4.37520276321e-09	1.04888542052e-09	5.42408818372e-09
     4	7.73183864446e-09	1.85718363033e-09	9.58902227479e-09
     5	6.56023965242e-09	1.57458770397e-09	8.13482735639e-09
     6	5.7961956483e-09	1.39008072635e-09	7.18627637465e-09
     7	1.09704176306e-08	2.6355480253e-09	1.36059656559e-08
     8	9.24507740725e-09	2.21900767931e-09	1.14640850866e-08
     9	8.12241098041e-09	1.94867531665e-09	1.00710862971e-08

Measurement: t_ro64
  step	t_ro64	FROM	TO
     1	5.63689105247e-09	1.35572838519e-09	6.99261943766e-09
     2	4.85792131605e-09	1.16628963118e-09	6.02421094723e-09
     3	4.34584085693e-09	1.04243015153e-09	5.38827100846e-09
     4	7.67980734934e-09	1.84814697126e-09	9.5279543206e-09
     5	6.51028013787e-09	1.56404082099e-09	8.07432095887e-09
     6	5.75571468256e-09	1.38101025882e-09	7.13672494138e-09
     7	1.08695728137e-08	2.6169133744e-09	1.34864861881e-08
     8	9.15069266099e-09	2.19930311251e-09	1.13499957735e-08
     9	8.04130969425e-09	1.93076828877e-09	9.97207798302e-09

Measurement: t_ro65
  step	t_ro65	FROM	TO
     1	6.26037638274e-09	1.49803895717e-09	7.75841533992e-09
     2	5.25831366625e-09	1.2562158572e-09	6.51452952345e-09
     3	4.62804244037e-09	1.10506386701e-09	5.73310630738e-09
     4	8.83347696386e-09	2.11311115476e-09	1.09465881186e-08
     5	7.25247334494e-09	1.73282007231e-09	8.98529341725e-09
     6	6.28101928124e-09	1.49942583605e-09	7.7804451173e-09
     7	1.28519726905e-08	3.07329915912e-09	1.59252718496e-08
     8	1.04526364433e-08	2.49695429232e-09	1.29495907356e-08
     9	8.9839466822e-09	2.14435250065e-09	1.11282991828e-08

Measurement: t_ro66
  step	t_ro66	FROM	TO
     1	5.85669229763e-09	1.40750647629e-09	7.26419877392e-09
     2	5.01395214802e-09	1.20272557748e-09	6.21667772551e-09
     3	4.46446704451e-09	1.0693745436e-09	5.53384158811e-09
     4	8.03807963661e-09	1.93298704513e-09	9.97106668174e-09
     5	6.76965490192e-09	1.62530526577e-09	8.39496016769e-09
     6	5.94939149203e-09	1.42631076326e-09	7.37570225529e-09
     7	1.14811404609e-08	2.76173954829e-09	1.42428800092e-08
     8	9.60057223066e-09	2.30617137608e-09	1.19067436067e-08
     9	8.38737346843e-09	2.01229053075e-09	1.03996639992e-08

Measurement: t_ro67
  step	t_ro67	FROM	TO
     1	5.9200068764e-09	1.42164914696e-09	7.34165602337e-09
     2	5.05786640779e-09	1.21132962829e-09	6.26919603608e-09
     3	4.49362995919e-09	1.07510169257e-09	5.56873165176e-09
     4	8.16950343855e-09	1.96032838235e-09	1.01298318209e-08
     5	6.85493432461e-09	1.64239287364e-09	8.49732719825e-09
     6	6.00983202129e-09	1.43809132737e-09	7.44792334866e-09
     7	1.1701785128e-08	2.80776192563e-09	1.45095470537e-08
     8	9.74669437595e-09	2.3356322099e-09	1.20823265859e-08
     9	8.49356861434e-09	2.03268200803e-09	1.05262506224e-08

Measurement: t_ro68
  step	t_ro68	FROM	TO
     1	6.51841112029e-09	1.58095281428e-09	8.09936393457e-09
     2	5.44000627236e-09	1.31319342763e-09	6.75319969999e-09
     3	4.76263458095e-09	1.14791128242e-09	5.91054586337e-09
     4	9.2414144826e-09	2.24314100688e-09	1.14845554895e-08
     5	7.5403046043e-09	1.82332167298e-09	9.36362627728e-09
     6	6.49686337262e-09	1.56750416836e-09	8.06436754097e-09
     7	1.34967571936e-08	3.2755712899e-09	1.67723284835e-08
     8	1.09102858194e-08	2.63896847049e-09	1.35492542899e-08
     9	9.33007675093e-09	2.25210263527e-09	1.15821793862e-08

Measurement: t_ro69
  step	t_ro69	FROM	TO
     1	6.30887161602e-09	1.51948794986e-09	7.82835956588e-09
     2	5.29743444148e-09	1.27212181878e-09	6.56955626026e-09
     3	4.67214051449e-09	1.12023442866e-09	5.79237494314e-09
     4	8.86734996687e-09	2.13887529794e-09	1.10062252648e-08
     5	7.31498382398e-09	1.75861213796e-09	9.07359596194e-09
     6	6.34394478409e-09	1.52255232622e-09	7.86649711031e-09
     7	1.28641248188e-08	3.10661192091e-09	1.59707367398e-08
     8	1.05252982882e-08	2.53263851361e-09	1.30579368018e-08
     9	9.06672204058e-09	2.17798229023e-09	1.12447043308e-08

Measurement: t_ro70
  step	t_ro70	FROM	TO
     1	6.34978333864e-09	1.51974935268e-09	7.86953269132e-09
     2	5.33023798617e-09	1.27454940986e-09	6.60478739603e-09
     3	4.68732015602e-09	1.12039222561e-09	5.80771238163e-09
     4	8.96048645623e-09	2.14432823557e-09	1.11048146918e-08
     5	7.3740875248e-09	1.76288976537e-09	9.13697729017e-09
     6	6.38461852485e-09	1.5258182885e-09	7.91043681335e-09
     7	1.30494970538e-08	3.12153694328e-09	1.6171033997e-08
     8	1.06477290213e-08	2.54495004758e-09	1.31926790688e-08
     9	9.15322701646e-09	2.18669139242e-09	1.13399184089e-08

Measurement: t_ro71
  step	t_ro71	FROM	TO
     1	6.24000060057e-09	1.49789016246e-09	7.73789076303e-09
     2	5.26811699382e-09	1.26258954229e-09	6.53070653611e-09
     3	4.64000121504e-09	1.11188604097e-09	5.75188725601e-09
     4	8.81054915537e-09	2.11441525557e-09	1.09249644109e-08
     5	7.2747921003e-09	1.74380520507e-09	9.01859730537e-09
     6	6.31162897281e-09	1.51151364878e-09	7.82314262159e-09
     7	1.28112062218e-08	3.07420881805e-09	1.58854150398e-08
     8	1.0489743161e-08	2.51450190844e-09	1.30042450694e-08
     9	9.03781623794e-09	2.16445578336e-09	1.12022720213e-08

Measurement: t_ro72
  step	t_ro72	FROM	TO
     1	6.34943783763e-09	1.51818496384e-09	7.86762280146e-09
     2	5.3436095228e-09	1.2764249967e-09	6.62003451949e-09
     3	4.70314560596e-09	1.12277109817e-09	5.82591670412e-09
     4	8.924204187e-09	2.13312721247e-09	1.10573313995e-08
     5	7.37330855955e-09	1.76089799183e-09	9.13420655138e-09
     6	6.39390090003e-09	1.52622444705e-09	7.92012534708e-09
     7	1.29734701157e-08	3.09947573808e-09	1.60729458538e-08
     8	1.06340675997e-08	2.53874794122e-09	1.31728155409e-08
     9	9.16033030576e-09	2.18590238174e-09	1.13462326875e-08

Measurement: t_ro73
  step	t_ro73	FROM	TO
     1	5.92000032421e-09	1.41762079617e-09	7.33762112039e-09
     2	5.05437329713e-09	1.20883427599e-09	6.26320757312e-09
     3	4.4800329606e-09	1.07243037038e-09	5.55246333098e-09
     4	8.19572961895e-09	1.96176783557e-09	1.01574974545e-08
     5	6.86279579541e-09	1.64123364244e-09	8.50402943785e-09
     6	6.01206392713e-09	1.43728674405e-09	7.44935067117e-09
     7	1.17515519978e-08	2.81153418893e-09	1.45630861867e-08
     8	9.76379188892e-09	2.33431669196e-09	1.20981085809e-08
     9	8.49885556196e-09	2.03110809906e-09	1.0529963661e-08

Measurement: t_ro74
  step	t_ro74	FROM	TO
     1	5.8199879107e-09	1.39638076118e-09	7.21636867188e-09
     2	4.97781724413e-09	1.19218611506e-09	6.17000335918e-09
     3	4.43807748192e-09	1.0618337492e-09	5.49991123112e-09
     4	7.9943927885e-09	1.9194728159e-09	9.91386560441e-09
     5	6.72882489502e-09	1.6125547144e-09	8.34137960943e-09
     6	5.91511681719e-09	1.41595813898e-09	7.33107495617e-09
     7	1.14128404705e-08	2.74090308524e-09	1.41537435557e-08
     8	9.53575456173e-09	2.28616249038e-09	1.18219170521e-08
     9	8.33160008787e-09	1.99519129176e-09	1.03267913796e-08

Measurement: t_ro75
  step	t_ro75	FROM	TO
     1	5.74685521947e-09	1.37430550338e-09	7.12116072284e-09
     2	4.93797011843e-09	1.17954811412e-09	6.11751823255e-09
     3	4.40497383931e-09	1.05133355945e-09	5.45630739875e-09
     4	7.8607504349e-09	1.88023470121e-09	9.74098513611e-09
     5	6.64403889599e-09	1.58705702793e-09	8.23109592392e-09
     6	5.85538726816e-09	1.39757962516e-09	7.25296689332e-09
     7	1.11930865342e-08	2.67677501367e-09	1.38698615478e-08
     8	9.39254749967e-09	2.24334539058e-09	1.16358928902e-08
     9	8.2288105445e-09	1.96379664032e-09	1.01926071848e-08

Measurement: t_ro76
  step	t_ro76	FROM	TO
     1	5.8747370133e-09	1.40712423646e-09	7.28186124976e-09
     2	5.01947925968e-09	1.20072651027e-09	6.22020576995e-09
     3	4.47021172001e-09	1.06838291282e-09	5.53859463283e-09
     4	8.06725458029e-09	1.93270637157e-09	9.99996095187e-09
     5	6.78563290542e-09	1.62348440517e-09	8.40911731059e-09
     6	5.96007243654e-09	1.42468691915e-09	7.38475935569e-09
     7	1.15252566458e-08	2.76068361382e-09	1.42859402596e-08
     8	9.62485986464e-09	2.30260315319e-09	1.19274630178e-08
     9	8.40357645973e-09	2.00865072408e-09	1.04122271838e-08

Measurement: t_ro77
  step	t_ro77	FROM	TO
     1	6.0799938788e-09	1.45753029603e-09	7.53752417483e-09
     2	5.1552711269e-09	1.2350256434e-09	6.39029677029e-09
     3	4.5671992017e-09	1.09332650221e-09	5.66052570391e-09
     4	8.43227741018e-09	2.02214594754e-09	1.04544233577e-08
     5	7.03233993829e-09	1.6844224237e-09	8.71676236198e-09
     6	6.13974718348e-09	1.46971821757e-09	7.60946540105e-09
     7	1.2139756008e-08	2.91081032738e-09	1.50505663354e-08
     8	1.0046285604e-08	2.4061138614e-09	1.24523994654e-08
     9	8.71645402881e-09	2.08620376497e-09	1.08026577938e-08

Measurement: t_ro78
  step	t_ro78	FROM	TO
     1	5.9476272007e-09	1.42407495116e-09	7.37170215186e-09
     2	5.07547513531e-09	1.21359468353e-09	6.28906981884e-09
     3	4.50809406573e-09	1.07747693511e-09	5.58557100084e-09
     4	8.19391220597e-09	1.96228038622e-09	1.01561925922e-08
     5	6.8727420537e-09	1.64354440294e-09	8.51628645664e-09
     6	6.02485982011e-09	1.43976327412e-09	7.46462309422e-09
     7	1.17243733822e-08	2.80700652735e-09	1.45313799095e-08
     8	9.76184124174e-09	2.33410106677e-09	1.20959423085e-08
     9	8.50675512889e-09	2.03246578512e-09	1.0539220914e-08

Measurement: t_ro79
  step	t_ro79	FROM	TO
     1	6.13538402038e-09	1.47436439357e-09	7.60974841395e-09
     2	5.19816837982e-09	1.24798111986e-09	6.44614949968e-09
     3	4.59442985481e-09	1.10195026058e-09	5.69638011538e-09
     4	8.53913764549e-09	2.05272559861e-09	1.05918632441e-08
     5	7.10244904872e-09	1.7059810392e-09	8.80843008792e-09
     6	6.19129577513e-09	1.48583400915e-09	7.67712978428e-09
     7	1.23205407611e-08	2.96213506855e-09	1.52826758297e-08
     8	1.01688547448e-08	2.44308606126e-09	1.2611940806e-08
     9	8.80757678307e-09	2.11432783821e-09	1.09219046213e-08

Measurement: t_ro80
  step	t_ro80	FROM	TO
     1	5.85585452442e-09	1.41163698151e-09	7.26749150593e-09
     2	5.00700231048e-09	1.20606937736e-09	6.21307168784e-09
     3	4.45843849793e-09	1.07359904974e-09	5.53203754767e-09
     4	8.04126981527e-09	1.94043106086e-09	9.98170087613e-09
     5	6.76485287502e-09	1.63101088704e-09	8.39586376205e-09
     6	5.94181523456e-09	1.43192641219e-09	7.37374164675e-09
     7	1.14857492675e-08	2.77331454274e-09	1.42590638102e-08
     8	9.59279895144e-09	2.31423329031e-09	1.19070322418e-08
     9	8.3756151751e-09	2.01962807532e-09	1.03952432504e-08

Measurement: t_ro81
  step	t_ro81	FROM	TO
     1	5.97558197871e-09	1.43599986967e-09	7.41158184839e-09
     2	5.08774266815e-09	1.2213021582e-09	6.30904482635e-09
     3	4.51217101588e-09	1.08217228754e-09	5.59434330341e-09
     4	8.28054468875e-09	1.99084443753e-09	1.02713891263e-08
     5	6.92186509622e-09	1.66250989283e-09	8.58437498905e-09
     6	6.05703374545e-09	1.4536861015e-09	7.51071984695e-09
     7	1.18895626304e-08	2.8591506481e-09	1.47487132785e-08
     8	9.86224535241e-09	2.36945907668e-09	1.22317044291e-08
     9	8.57478407131e-09	2.05885659334e-09	1.06336406646e-08

Measurement: t_ro82
  step	t_ro82	FROM	TO
     1	5.86962782996e-09	1.40807702413e-09	7.27770485409e-09
     2	5.0209955875e-09	1.20333325569e-09	6.22432884319e-09
     3	4.47328791164e-09	1.07094848453e-09	5.54423639617e-09
     4	8.04038447847e-09	1.82893408101e-09	9.86931855949e-09
     5	6.76896066335e-09	1.62333944196e-09	8.3923001053e-09
     6	5.94854496372e-09	1.42565754594e-09	7.37420250966e-09
     7	1.14680426858e-08	2.60889043104e-09	1.40769331169e-08
     8	9.58543714928e-09	2.29935735785e-09	1.18847945071e-08
     9	8.374088999e-09	2.00834106885e-09	1.03824300678e-08

Measurement: t_ro83
  step	t_ro83	FROM	TO
     1	6.14047418892e-09	1.47092098252e-09	7.61139517144e-09
     2	5.18357056274e-09	1.24041580883e-09	6.42398637157e-09
     3	4.58277568477e-09	1.0963157544e-09	5.67909143917e-09
     4	8.55910628521e-09	2.05028183708e-09	1.06093881223e-08
     5	7.0937494859e-09	1.69779304383e-09	8.79154252973e-09
     6	6.17559706197e-09	1.4771692829e-09	7.65276634487e-09
     7	1.23468334692e-08	2.95685896871e-09	1.53036924379e-08
     8	1.01506231553e-08	2.4289102645e-09	1.25795334198e-08
     9	8.77816481832e-09	2.09944629938e-09	1.08776111177e-08

Measurement: t_ro84
  step	t_ro84	FROM	TO
     1	6.26591290976e-09	1.50353020548e-09	7.76944311524e-09
     2	5.2799999362e-09	1.26509713877e-09	6.54509707497e-09
     3	4.66030278884e-09	1.11535503203e-09	5.77565782088e-09
     4	8.78925523523e-09	2.10960927655e-09	1.08988645118e-08
     5	7.27819072685e-09	1.74411497109e-09	9.02230569793e-09
     6	6.32247577876e-09	1.51338135107e-09	7.83585712983e-09
     7	1.27478944138e-08	3.0595487419e-09	1.58074431557e-08
     8	1.0473898734e-08	2.50998980101e-09	1.2983888535e-08
     9	9.03915208869e-09	2.1639863829e-09	1.12031384716e-08

Measurement: t_ro85
  step	t_ro85	FROM	TO
     1	6.2400001668e-09	1.49760544057e-09	7.73760560736e-09
     2	5.27636056988e-09	1.26225349589e-09	6.53861406577e-09
     3	4.64000567794e-09	1.10966745773e-09	5.74967313567e-09
     4	8.76752183543e-09	2.10324789352e-09	1.08707697289e-08
     5	7.253478215e-09	1.73636738079e-09	8.98984559579e-09
     6	6.30159938539e-09	1.50664515826e-09	7.80824454365e-09
     7	1.27169478657e-08	3.04992736964e-09	1.57668752353e-08
     8	1.04356704366e-08	2.49795762526e-09	1.29336280619e-08
     9	9.00569309805e-09	2.15297839142e-09	1.11586714895e-08

Measurement: t_ro86
  step	t_ro86	FROM	TO
     1	5.90624166899e-09	1.42131656013e-09	7.32755822912e-09
     2	5.04426764757e-09	1.2118421727e-09	6.25610982027e-09
     3	4.4860007391e-09	1.07657185941e-09	5.5625725985e-09
     4	8.08740438168e-09	1.94798848303e-09	1.00353928647e-08
     5	6.79663821644e-09	1.63405162236e-09	8.4306898388e-09
     6	5.96712331564e-09	1.43319974072e-09	7.40032305636e-09
     7	1.15297533499e-08	2.77834540801e-09	1.43080987579e-08
     8	9.62001789861e-09	2.31396435496e-09	1.19339822536e-08
     9	8.3964357792e-09	2.01761887341e-09	1.04140546526e-08

Measurement: t_ro87
  step	t_ro87	FROM	TO
     1	5.86149447591e-09	1.4109226739e-09	7.27241714981e-09
     2	5.01606339923e-09	1.20567055487e-09	6.22173395409e-09
     3	4.46723906313e-09	1.07290689009e-09	5.54014595323e-09
     4	8.05549851286e-09	1.9407626621e-09	9.99626117496e-09
     5	6.78246603284e-09	1.6320336036e-09	8.41449963644e-09
     6	5.95960823924e-09	1.43297607837e-09	7.39258431761e-09
     7	1.1510681964e-08	2.77479222713e-09	1.42854741911e-08
     8	9.62198689789e-09	2.31667766016e-09	1.19386645581e-08
     9	8.40441222253e-09	2.02240325204e-09	1.04268154746e-08

Measurement: t_ro88
  step	t_ro88	FROM	TO
     1	5.92000091892e-09	1.42474431955e-09	7.34474523847e-09
     2	5.04933237293e-09	1.21362901932e-09	6.26296139225e-09
     3	4.48004633432e-09	1.07597037446e-09	5.55601670878e-09
     4	8.16130011766e-09	1.96449203315e-09	1.01257921508e-08
     5	6.85276082886e-09	1.6482965635e-09	8.50105739236e-09
     6	6.00955235061e-09	1.44440395473e-09	7.45395630534e-09
     7	1.17013812785e-08	2.81830004449e-09	1.4519681323e-08
     8	9.75306415543e-09	2.3471715001e-09	1.21002356555e-08
     9	8.50094198648e-09	2.04464505314e-09	1.05455870396e-08

Measurement: t_ro89
  step	t_ro89	FROM	TO
     1	5.59999997301e-09	1.34342819325e-09	6.94342816626e-09
     2	4.83011593365e-09	1.15753586831e-09	5.98765180196e-09
     3	4.32848874056e-09	1.03674520513e-09	5.36523394569e-09
     4	7.60168474314e-09	1.82467752629e-09	9.42636226943e-09
     5	6.46224741993e-09	1.54966044013e-09	8.01190786006e-09
     6	5.72054313336e-09	1.37098669765e-09	7.091529831e-09
     7	1.07589587327e-08	2.5833922883e-09	1.3342351021e-08
     8	9.08407608469e-09	2.17925027228e-09	1.1263326357e-08
     9	7.99731322899e-09	1.91716185487e-09	9.91447508386e-09

Measurement: t_ro90
  step	t_ro90	FROM	TO
     1	6.72010014285e-09	1.61195299327e-09	8.33205313612e-09
     2	5.59405920932e-09	1.33909900219e-09	6.9331582115e-09
     3	4.86989262341e-09	1.16388521439e-09	6.0337778378e-09
     4	9.64602820449e-09	2.31268603662e-09	1.19587142411e-08
     5	7.83349888361e-09	1.87479121976e-09	9.70829010336e-09
     6	6.71971132286e-09	1.60592649418e-09	8.32563781704e-09
     7	1.42077275355e-08	3.40485514022e-09	1.76125826758e-08
     8	1.14367255141e-08	2.7361846643e-09	1.41729101784e-08
     9	9.7385158703e-09	2.32728755849e-09	1.20658034288e-08

Measurement: t_ro91
  step	t_ro91	FROM	TO
     1	5.65927727357e-09	1.35439028286e-09	7.01366755644e-09
     2	4.86928451404e-09	1.16390722068e-09	6.03319173472e-09
     3	4.35489047851e-09	1.04058845668e-09	5.39547893519e-09
     4	7.72553878265e-09	1.84910050179e-09	9.57463928445e-09
     5	6.53864473006e-09	1.56320596413e-09	8.10185069419e-09
     6	5.77204844993e-09	1.37912974391e-09	7.15117819384e-09
     7	1.09720659222e-08	2.6256440593e-09	1.35977099815e-08
     8	9.21695929425e-09	2.20317837163e-09	1.14201376659e-08
     9	8.08768971897e-09	1.93208278194e-09	1.00197725009e-08

Measurement: t_ro92
  step	t_ro92	FROM	TO
     1	5.74793235153e-09	1.37198504321e-09	7.11991739474e-09
     2	4.92482260367e-09	1.17462704972e-09	6.09944965339e-09
     3	4.3909849348e-09	1.04698711035e-09	5.43797204515e-09
     4	7.88284786432e-09	1.88146426803e-09	9.76431213235e-09
     5	6.63474977924e-09	1.58231668396e-09	8.2170664632e-09
     6	5.83786020975e-09	1.39171540106e-09	7.22957561081e-09
     7	1.12344315121e-08	2.68052422402e-09	1.39149557361e-08
     8	9.38035406755e-09	2.23661593488e-09	1.16169700024e-08
     9	8.20168922448e-09	1.95474776858e-09	1.01564369931e-08

Measurement: t_ro93
  step	t_ro93	FROM	TO
     1	5.82241579025e-09	1.40138223379e-09	7.22379802405e-09
     2	4.98662655741e-09	1.1990220641e-09	6.18564862151e-09
     3	4.45040716379e-09	1.06889980366e-09	5.51930696746e-09
     4	7.97433180937e-09	1.9210598787e-09	9.89539168808e-09
     5	6.73048389411e-09	1.61899190176e-09	8.34947579588e-09
     6	5.92340358752e-09	1.42359934484e-09	7.34700293236e-09
     7	1.13688929378e-08	2.74010976552e-09	1.41090027033e-08
     8	9.52843758161e-09	2.29315248685e-09	1.18215900685e-08
     9	8.33709881783e-09	2.00491930797e-09	1.03420181258e-08

Measurement: t_ro94
  step	t_ro94	FROM	TO
     1	6.42977837465e-09	1.5381298347e-09	7.96790820936e-09
     2	5.38343516902e-09	1.28656682021e-09	6.67000198923e-09
     3	4.72622812048e-09	1.12858404267e-09	5.85481216316e-09
     4	9.09897989341e-09	2.17631710138e-09	1.12752969948e-08
     5	7.46753777533e-09	1.78400393695e-09	9.25154171228e-09
     6	6.45199315993e-09	1.54030835219e-09	7.99230151212e-09
     7	1.32782497763e-08	3.17458415209e-09	1.64528339284e-08
     8	1.08056658184e-08	2.58082502385e-09	1.33864908422e-08
     9	9.27083840524e-09	2.21270015081e-09	1.14835385561e-08

Measurement: t_ro95
  step	t_ro95	FROM	TO
     1	5.76000418186e-09	1.38154137863e-09	7.14154556049e-09
     2	4.95999977569e-09	1.18811119637e-09	6.14811097206e-09
     3	4.42060038067e-09	1.05767348341e-09	5.47827386407e-09
     4	7.86830733568e-09	1.88790696044e-09	9.75621429611e-09
     5	6.65876355044e-09	1.59535698795e-09	8.25412053839e-09
     6	5.87070820476e-09	1.40515268121e-09	7.27586088597e-09
     7	1.11943507297e-08	2.68612627969e-09	1.38804770094e-08
     8	9.40847719315e-09	2.2545081114e-09	1.16629853046e-08
     9	8.24757523476e-09	1.97444979396e-09	1.02220250287e-08

Measurement: t_ro96
  step	t_ro96	FROM	TO
     1	5.83701143508e-09	1.39832092935e-09	7.23533236443e-09
     2	4.98701894389e-09	1.19350255435e-09	6.18052149824e-09
     3	4.44108922071e-09	1.06206867927e-09	5.50315789998e-09
     4	8.0343607751e-09	1.92469415109e-09	9.95905492619e-09
     5	6.74730705434e-09	1.61480283679e-09	8.36210989113e-09
     6	5.92475873255e-09	1.41689126343e-09	7.34164999598e-09
     7	1.14836574774e-08	2.75063126537e-09	1.42342887428e-08
     8	9.56882568086e-09	2.29014461323e-09	1.18589702941e-08
     9	8.34920962691e-09	1.99695791085e-09	1.03461675378e-08

Measurement: t_ro97
  step	t_ro97	FROM	TO
     1	5.92005843093e-09	1.41944581878e-09	7.33950424972e-09
     2	5.03270575127e-09	1.20521004829e-09	6.23791579956e-09
     3	4.46976576073e-09	1.06987337751e-09	5.53963913825e-09
     4	8.19434798138e-09	1.96465259698e-09	1.01590005784e-08
     5	6.83968568838e-09	1.63795557954e-09	8.47764126792e-09
     6	5.9879157501e-09	1.43325324352e-09	7.42116899363e-09
     7	1.17550070344e-08	2.81819171034e-09	1.45731987448e-08
     8	9.72886691802e-09	2.3297575614e-09	1.20586244794e-08
     9	8.45995170628e-09	2.02485880568e-09	1.0484810512e-08

Measurement: t_ro98
  step	t_ro98	FROM	TO
     1	5.72755005339e-09	1.3794792844e-09	7.10702933779e-09
     2	4.93097933853e-09	1.18588053091e-09	6.11685986944e-09
     3	4.40315067659e-09	1.05794294699e-09	5.46109362358e-09
     4	7.80469324219e-09	1.8815773383e-09	9.68627058049e-09
     5	6.61547573062e-09	1.59258717226e-09	8.20806290287e-09
     6	5.83877651471e-09	1.4041481444e-09	7.24292465911e-09
     7	1.10839198836e-08	2.67343744354e-09	1.37573573272e-08
     8	9.33212777896e-09	2.24791698002e-09	1.1580044759e-08
     9	8.1902606602e-09	1.97119547399e-09	1.01614561342e-08

Measurement: t_ro99
  step	t_ro99	FROM	TO
     1	5.76000540944e-09	1.37585691159e-09	7.13586232103e-09
     2	4.96000001219e-09	1.18399671162e-09	6.14399672381e-09
     3	4.41227546274e-09	1.05311411967e-09	5.46538958241e-09
     4	7.89655896465e-09	1.88523475049e-09	9.78179371514e-09
     5	6.66731867003e-09	1.59091688254e-09	8.25823555256e-09
     6	5.87261304613e-09	1.4009669888e-09	7.27358003492e-09
     7	1.12461676315e-08	2.68260004757e-09	1.3928767679e-08
     8	9.42676946447e-09	2.24813737617e-09	1.16749068406e-08
     9	8.25369220344e-09	1.96807522661e-09	1.022176743e-08

Measurement: t_ro100
  step	t_ro100	FROM	TO
     1	5.811345777e-09	1.3942541654e-09	7.20559994241e-09
     2	4.97218161876e-09	1.19130722156e-09	6.16348884032e-09
     3	4.4330160033e-09	1.06056146957e-09	5.49357747287e-09
     4	7.97245985434e-09	1.91320668607e-09	9.8856665404e-09
     5	6.71444459331e-09	1.60908337024e-09	8.32352796355e-09
     6	5.902910029e-09	1.41267834233e-09	7.31558837134e-09
     7	1.1373945805e-08	2.72960937263e-09	1.41035551776e-08
     8	9.50781192582e-09	2.27831315543e-09	1.17861250812e-08
     9	8.30978758582e-09	1.98893366964e-09	1.02987212555e-08

Measurement: t_ro101
  step	t_ro101	FROM	TO
     1	6.16561679545e-09	1.48549827661e-09	7.65111507206e-09
     2	5.20901479224e-09	1.2536478795e-09	6.46266267174e-09
     3	4.60686972463e-09	1.10732918932e-09	5.71419891395e-09
     4	8.61645098274e-09	2.07785503624e-09	1.0694306019e-08
     5	7.14810814743e-09	1.72185332348e-09	8.8699614709e-09
     6	6.22065537722e-09	1.49681704805e-09	7.71747242527e-09
     7	1.24699167917e-08	3.00856545053e-09	1.54784822422e-08
     8	1.02608166715e-08	2.47304254761e-09	1.27338592191e-08
     9	8.86986012914e-09	2.13580580689e-09	1.1005665936e-08

Measurement: t_ro102
  step	t_ro102	FROM	TO
     1	5.93198285725e-09	1.42591065463e-09	7.35789351189e-09
     2	5.05290220399e-09	1.21389635493e-09	6.26679855892e-09
     3	4.48807720087e-09	1.07766137639e-09	5.56573857726e-09
     4	8.19922077169e-09	1.97196828028e-09	1.0171189052e-08
     5	6.86185998531e-09	1.64950876216e-09	8.51136874747e-09
     6	6.01072216552e-09	1.44418727756e-09	7.45490944308e-09
     7	1.17573150951e-08	2.82866014937e-09	1.45859752445e-08
     8	9.76444792458e-09	2.34824344395e-09	1.21126913685e-08
     9	8.50000283455e-09	2.04349813747e-09	1.0543500972e-08

Measurement: t_ro103
  step	t_ro103	FROM	TO
     1	6.48824855962e-09	1.55791599242e-09	8.04616455204e-09
     2	5.4262730616e-09	1.30095727787e-09	6.72723033947e-09
     3	4.7623009698e-09	1.14032096268e-09	5.90262193248e-09
     4	9.20002435461e-09	2.20936429018e-09	1.14093886448e-08
     5	7.5377387397e-09	1.80756029642e-09	9.34529903612e-09
     6	6.50572778157e-09	1.55846444643e-09	8.064192228e-09
     7	1.34461033578e-08	3.2287032084e-09	1.66748065662e-08
     8	1.09223755806e-08	2.61931418029e-09	1.35416897609e-08
     9	9.35948365401e-09	2.24236807764e-09	1.16018517317e-08

Measurement: t_ro104
  step	t_ro104	FROM	TO
     1	5.77028806026e-09	1.38610776724e-09	7.15639582749e-09
     2	4.96000014601e-09	1.19028711397e-09	6.15028725998e-09
     3	4.42229692418e-09	1.06049283318e-09	5.48278975736e-09
     4	7.863893479e-09	1.89001461006e-09	9.75390808906e-09
     5	6.65113526228e-09	1.59666432326e-09	8.24779958554e-09
     6	5.86191259615e-09	1.40622733924e-09	7.26813993539e-09
     7	1.11742736308e-08	2.68627829423e-09	1.3860551925e-08
     8	9.38694471952e-09	2.25409505031e-09	1.16410397698e-08
     9	8.22659621319e-09	1.97414886895e-09	1.02007450821e-08

Measurement: t_ro105
  step	t_ro105	FROM	TO
     1	5.92631345157e-09	1.42478449264e-09	7.35109794421e-09
     2	5.06401219882e-09	1.21497353227e-09	6.27898573109e-09
     3	4.50327761954e-09	1.07846428613e-09	5.58174190567e-09
     4	8.17704565554e-09	1.96793507798e-09	1.01449807335e-08
     5	6.86901969458e-09	1.64986986595e-09	8.51888956054e-09
     6	6.02467085648e-09	1.44469773876e-09	7.46936859524e-09
     7	1.17174743338e-08	2.82111229647e-09	1.45385866302e-08
     8	9.77086446593e-09	2.34839895952e-09	1.21192634255e-08
     9	8.51862400841e-09	2.0446141614e-09	1.05632381698e-08

Measurement: t_ro106
  step	t_ro106	FROM	TO
     1	5.6484362872e-09	1.34995592274e-09	6.99839220994e-09
     2	4.87060990042e-09	1.16357654887e-09	6.03418644929e-09
     3	4.35871459246e-09	1.04123613171e-09	5.39995072417e-09
     4	7.6728820016e-09	1.83314797913e-09	9.50602998073e-09
     5	6.51545796208e-09	1.55569658689e-09	8.07115454897e-09
     6	5.75987157529e-09	1.37494616983e-09	7.13481774512e-09
     7	1.0864132333e-08	2.59398250597e-09	1.34581148389e-08
     8	9.16250076327e-09	2.18651368599e-09	1.13490144493e-08
     9	8.05608353343e-09	1.92243379033e-09	9.97851732376e-09

Measurement: t_ro107
  step	t_ro107	FROM	TO
     1	5.86903796978e-09	1.41028077066e-09	7.27931874044e-09
     2	5.01642498194e-09	1.20369584398e-09	6.22012082592e-09
     3	4.47104633246e-09	1.07194276153e-09	5.54298909398e-09
     4	8.05605020274e-09	1.93666077074e-09	9.99271097349e-09
     5	6.77515191579e-09	1.62662297751e-09	8.40177489329e-09
     6	5.95188889019e-09	1.42769079525e-09	7.37957968544e-09
     7	1.15042483114e-08	2.76626125394e-09	1.42705095653e-08
     8	9.60620101429e-09	2.30720175746e-09	1.19134027717e-08
     9	8.38961950662e-09	2.01302114699e-09	1.04026406536e-08

Measurement: t_ro108
  step	t_ro108	FROM	TO
     1	5.84240189391e-09	1.40655793814e-09	7.24895983205e-09
     2	5.00113103603e-09	1.20190146505e-09	6.20303250107e-09
     3	4.45499437022e-09	1.06969880636e-09	5.52469317657e-09
     4	8.006283564e-09	1.93006306515e-09	9.93634662915e-09
     5	6.74374336609e-09	1.62263186818e-09	8.36637523427e-09
     6	5.92766778072e-09	1.42474562198e-09	7.35241340271e-09
     7	1.14199185338e-08	2.75530917187e-09	1.41752277056e-08
     8	9.54973810804e-09	2.29972802297e-09	1.1849466131e-08
     9	8.34487483794e-09	2.0074392878e-09	1.03523141257e-08

Measurement: t_ro109
  step	t_ro109	FROM	TO
     1	6.04551402854e-09	1.4459834665e-09	7.49149749504e-09
     2	5.1306757676e-09	1.22588534892e-09	6.35656111652e-09
     3	4.55344124494e-09	1.0866748947e-09	5.64011613965e-09
     4	8.38140444747e-09	2.00458814175e-09	1.03859925892e-08
     5	6.99953855335e-09	1.67166573258e-09	8.67120428593e-09
     6	6.11692095249e-09	1.45981884358e-09	7.57673979606e-09
     7	1.20588646017e-08	2.88309886067e-09	1.49419634624e-08
     8	9.99419856658e-09	2.38636679212e-09	1.23805653587e-08
     9	8.67918979407e-09	2.07080524268e-09	1.07499950367e-08

Measurement: t_ro110
  step	t_ro110	FROM	TO
     1	6.23405453149e-09	1.49637332867e-09	7.73042786016e-09
     2	5.2510761881e-09	1.25945887347e-09	6.51053506156e-09
     3	4.62942451373e-09	1.10938811557e-09	5.7388126293e-09
     4	8.74040731169e-09	2.09892983434e-09	1.0839337146e-08
     5	7.2217360152e-09	1.73244577908e-09	8.95418179428e-09
     6	6.27261900482e-09	1.5036176817e-09	7.77623668653e-09
     7	1.26716784868e-08	3.04306523635e-09	1.57147437232e-08
     8	1.03822616583e-08	2.49089529908e-09	1.28731569574e-08
     9	8.95578824835e-09	2.14713937701e-09	1.11029276254e-08

Measurement: t_ro111
  step	t_ro111	FROM	TO
     1	6.07991110388e-09	1.460057381e-09	7.53996848488e-09
     2	5.15463745791e-09	1.23703953201e-09	6.39167698992e-09
     3	4.56626927186e-09	1.09441996626e-09	5.66068923813e-09
     4	8.40246118401e-09	2.02107307559e-09	1.04235342596e-08
     5	7.01237909473e-09	1.68417260983e-09	8.69655170456e-09
     6	6.12432724908e-09	1.46907594423e-09	7.59340319331e-09
     7	1.2075485028e-08	2.90547450895e-09	1.49809595369e-08
     8	1.00032436205e-08	2.40363737041e-09	1.2406880991e-08
     9	8.68326070441e-09	2.08413424594e-09	1.07673949503e-08

Measurement: t_ro112
  step	t_ro112	FROM	TO
     1	6.00906572108e-09	1.44175807455e-09	7.45082379563e-09
     2	5.12000099346e-09	1.2272444431e-09	6.34724543656e-09
     3	4.53172741494e-09	1.08591010596e-09	5.6176375209e-09
     4	8.31402584557e-09	1.99525725842e-09	1.0309283104e-08
     5	6.95366303469e-09	1.66718565246e-09	8.62084868714e-09
     6	6.08022017206e-09	1.45796925499e-09	7.53818942706e-09
     7	1.19439016232e-08	2.86605733824e-09	1.48099589615e-08
     8	9.91584822529e-09	2.37711661426e-09	1.22929648395e-08
     9	8.62106959019e-09	2.06590924891e-09	1.06869788391e-08

Measurement: t_ro113
  step	t_ro113	FROM	TO
     1	5.9199657502e-09	1.42496011002e-09	7.34492586022e-09
     2	5.04127884377e-09	1.21366503834e-09	6.25494388211e-09
     3	4.4799899657e-09	1.07888999557e-09	5.55887996127e-09
     4	8.15992333327e-09	1.96772628743e-09	1.01276496207e-08
     5	6.83705131621e-09	1.64815564292e-09	8.48520695912e-09
     6	5.99219141945e-09	1.44389244292e-09	7.43608386237e-09
     7	1.16845126631e-08	2.82182610358e-09	1.45063387667e-08
     8	9.71786230688e-09	2.34435547988e-09	1.20622177868e-08
     9	8.46424730782e-09	2.04100094912e-09	1.05052482569e-08

Measurement: t_ro114
  step	t_ro114	FROM	TO
     1	6.08000627556e-09	1.47029684704e-09	7.5503031226e-09
     2	5.16234192987e-09	1.24570714987e-09	6.40804907974e-09
     3	4.56865029508e-09	1.10133925978e-09	5.66998955486e-09
     4	8.48560746419e-09	2.05493726919e-09	1.05405447334e-08
     5	7.0616663972e-09	1.70642973518e-09	8.76809613238e-09
     6	6.15876877569e-09	1.48632037753e-09	7.64508915323e-09
     7	1.22434443856e-08	2.96654810925e-09	1.52099924948e-08
     8	1.01070514369e-08	2.44430941673e-09	1.25513608536e-08
     9	8.75680399099e-09	2.1154556172e-09	1.08722596082e-08

Measurement: t_ro115
  step	t_ro115	FROM	TO
     1	5.68560806178e-09	1.36433751925e-09	7.04994558102e-09
     2	4.88835090141e-09	1.17174875337e-09	6.06009965477e-09
     3	4.36478240762e-09	1.04566008004e-09	5.41044248766e-09
     4	7.77191309651e-09	1.86578858291e-09	9.63770167942e-09
     5	6.57068536123e-09	1.57568271027e-09	8.1463680715e-09
     6	5.79526910199e-09	1.38905985115e-09	7.18432895314e-09
     7	1.1047533596e-08	2.65228185516e-09	1.36998154511e-08
     8	9.2728543686e-09	2.22404982787e-09	1.14969041965e-08
     9	8.12969000692e-09	1.94901385987e-09	1.00787038668e-08

Measurement: t_ro116
  step	t_ro116	FROM	TO
     1	5.78518405936e-09	1.38702249752e-09	7.17220655689e-09
     2	4.95999998097e-09	1.18715081737e-09	6.14715079834e-09
     3	4.42242179481e-09	1.05759284297e-09	5.48001463778e-09
     4	7.91939675811e-09	1.89913115364e-09	9.81852791175e-09
     5	6.67745374652e-09	1.59884695901e-09	8.27630070553e-09
     6	5.87847844561e-09	1.40614164511e-09	7.28462009072e-09
     7	1.1276467077e-08	2.70401300193e-09	1.39804800789e-08
     8	9.43887385108e-09	2.26004252086e-09	1.16989163719e-08
     9	8.26041595913e-09	1.97612263736e-09	1.02365385965e-08

Measurement: t_ro117
  step	t_ro117	FROM	TO
     1	5.78302344617e-09	1.38483944955e-09	7.16786289572e-09
     2	4.95049256019e-09	1.18508040547e-09	6.13557296565e-09
     3	4.40964647968e-09	1.0558191147e-09	5.46546559438e-09
     4	7.95882732937e-09	1.90580107138e-09	9.86462840075e-09
     5	6.68928913547e-09	1.60077086659e-09	8.29006000207e-09
     6	5.88054226215e-09	1.40747667667e-09	7.28801893883e-09
     7	1.1358438015e-08	2.71887024592e-09	1.40773082609e-08
     8	9.47209853988e-09	2.26579453776e-09	1.17378930776e-08
     9	8.27409162929e-09	1.97960559481e-09	1.02536972241e-08

Measurement: t_ro118
  step	t_ro118	FROM	TO
     1	6.07998384952e-09	1.45066675818e-09	7.5306506077e-09
     2	5.13803742077e-09	1.22598213199e-09	6.36401955275e-09
     3	4.54683916351e-09	1.0846059546e-09	5.63144511811e-09
     4	8.48045967905e-09	2.02461500446e-09	1.05050746835e-08
     5	7.03495835553e-09	1.67811830234e-09	8.71307665786e-09
     6	6.13038688759e-09	1.46195492191e-09	7.59234180949e-09
     7	1.22429187648e-08	2.92115163109e-09	1.51640703959e-08
     8	1.00657138489e-08	2.40039204339e-09	1.24661058923e-08
     9	8.71019869921e-09	2.076560669e-09	1.07867593682e-08

Measurement: t_ro119
  step	t_ro119	FROM	TO
     1	5.8583389496e-09	1.42641415293e-09	7.28475310253e-09
     2	4.9991438382e-09	1.20242988063e-09	6.20157371883e-09
     3	4.45275778918e-09	1.06632100123e-09	5.51907879041e-09
     4	8.07662606164e-09	1.97373978067e-09	1.00503658423e-08
     5	6.77225696274e-09	1.63719552985e-09	8.40945249259e-09
     6	5.94374227916e-09	1.42849045924e-09	7.3722327384e-09
     7	1.15456804596e-08	2.82568681593e-09	1.43713672755e-08
     8	9.60098382649e-09	2.33087604158e-09	1.19318598681e-08
     9	8.3711575615e-09	2.01763750798e-09	1.03887950695e-08

Measurement: t_ro120
  step	t_ro120	FROM	TO
     1	6.01148820353e-09	1.43823028347e-09	7.449718487e-09
     2	5.11999596677e-09	1.2226496419e-09	6.34264560867e-09
     3	4.54057327745e-09	1.08426658454e-09	5.62483986199e-09
     4	8.32924429824e-09	1.99259680832e-09	1.03218411066e-08
     5	6.97056688352e-09	1.66552104452e-09	8.63608792805e-09
     6	6.09950836548e-09	1.45643669409e-09	7.55594505957e-09
     7	1.19691441969e-08	2.86249726918e-09	1.48316414661e-08
     8	9.94202291358e-09	2.37504787628e-09	1.23170707899e-08
     9	8.64592749791e-09	2.06411604402e-09	1.07100435419e-08

Measurement: t_ro121
  step	t_ro121	FROM	TO
     1	6.18649399552e-09	1.48944698248e-09	7.675940978e-09
     2	5.22740840303e-09	1.256831857e-09	6.48424026003e-09
     3	4.61752129745e-09	1.10912681188e-09	5.72664810933e-09
     4	8.64502317266e-09	2.08200017026e-09	1.07270233429e-08
     5	7.17145636659e-09	1.72539556632e-09	8.89685193291e-09
     6	6.23999496057e-09	1.49976705992e-09	7.73976202049e-09
     7	1.25114041392e-08	3.0140104264e-09	1.55254145656e-08
     8	1.02943093695e-08	2.47744305008e-09	1.27717524196e-08
     9	8.89778315507e-09	2.13947169783e-09	1.10372548529e-08

Measurement: t_ro122
  step	t_ro122	FROM	TO
     1	5.89883941155e-09	1.42920710587e-09	7.32804651741e-09
     2	5.0422889818e-09	1.21635055035e-09	6.25863953216e-09
     3	4.48245264999e-09	1.07880537024e-09	5.56125802023e-09
     4	8.10922761531e-09	1.96796829756e-09	1.00771959129e-08
     5	6.81642995188e-09	1.64780094239e-09	8.46423089427e-09
     6	5.98451510305e-09	1.44327514541e-09	7.42779024846e-09
     7	1.15924194078e-08	2.81529940331e-09	1.44077188111e-08
     8	9.67198419548e-09	2.34050285781e-09	1.20124870533e-08
     9	8.43973022194e-09	2.03808914101e-09	1.0477819363e-08

Measurement: t_ro123
  step	t_ro123	FROM	TO
     1	5.88672299849e-09	1.42223338871e-09	7.3089563872e-09
     2	5.02893013629e-09	1.21322499464e-09	6.24215513093e-09
     3	4.47997113158e-09	1.07904384232e-09	5.5590149739e-09
     4	8.127962937e-09	1.96607447664e-09	1.00940374136e-08
     5	6.82080307994e-09	1.64739171712e-09	8.46819479706e-09
     6	5.98374044811e-09	1.44376183715e-09	7.42750228525e-09
     7	1.16404442491e-08	2.81777796143e-09	1.44582222105e-08
     8	9.69476913919e-09	2.34321705534e-09	1.20379861945e-08
     9	8.45181151856e-09	2.0409126268e-09	1.04927241454e-08

Measurement: t_ro124
  step	t_ro124	FROM	TO
     1	6.11794165078e-09	1.46610414617e-09	7.58404579695e-09
     2	5.1776911388e-09	1.23911470953e-09	6.41680584833e-09
     3	4.58063867434e-09	1.09529952528e-09	5.67593819962e-09
     4	8.55053346746e-09	2.04881804908e-09	1.05993515165e-08
     5	7.10010955744e-09	1.69913450934e-09	8.79924406678e-09
     6	6.1863567204e-09	1.47920422501e-09	7.66556094541e-09
     7	1.23580313957e-08	2.96054769342e-09	1.53185790891e-08
     8	1.0178789481e-08	2.43554635351e-09	1.26143358345e-08
     9	8.81013483079e-09	2.10632496719e-09	1.0916459798e-08

Measurement: t_ro125
  step	t_ro125	FROM	TO
     1	5.81499783764e-09	1.39687860189e-09	7.21187643953e-09
     2	4.97215129683e-09	1.19134795223e-09	6.16349924905e-09
     3	4.44581231892e-09	1.06400042844e-09	5.50981274736e-09
     4	7.96049931314e-09	1.91331882451e-09	9.87381813765e-09
     5	6.71988345123e-09	1.61134362153e-09	8.33122707276e-09
     6	5.91786503548e-09	1.4163609923e-09	7.33422602779e-09
     7	1.13433431696e-08	2.72702812639e-09	1.4070371296e-08
     8	9.50802980576e-09	2.28137956189e-09	1.17894093677e-08
     9	8.32166236535e-09	1.99386479263e-09	1.0315527158e-08

Measurement: t_ro126
  step	t_ro126	FROM	TO
     1	5.83936909409e-09	1.39421387666e-09	7.23358297075e-09
     2	4.99474114708e-09	1.19148593921e-09	6.18622708629e-09
     3	4.44902766786e-09	1.06054057169e-09	5.50956823955e-09
     4	8.0000343023e-09	1.91070363328e-09	9.91073793558e-09
     5	6.72792882467e-09	1.60451388183e-09	8.3324427065e-09
     6	5.91411930052e-09	1.40983755347e-09	7.32395685399e-09
     7	1.14045504891e-08	2.72218166178e-09	1.41267321509e-08
     8	9.51867843224e-09	2.269652221e-09	1.17883306532e-08
     9	8.31413180154e-09	1.98098469266e-09	1.02951164942e-08

Measurement: t_ro127
  step	t_ro127	FROM	TO
     1	6.15791123592e-09	1.48205761368e-09	7.6399688496e-09
     2	5.19860273179e-09	1.24967320889e-09	6.44827594068e-09
     3	4.59298247118e-09	1.10391567574e-09	5.69689814692e-09
     4	8.62994238622e-09	2.07817234419e-09	1.07081147304e-08
     5	7.14108017771e-09	1.71801254229e-09	8.85909272e-09
     6	6.21104337592e-09	1.49351144222e-09	7.70455481814e-09
     7	1.24964738228e-08	3.01048587867e-09	1.55069597015e-08
     8	1.02497142021e-08	2.46691032996e-09	1.27166245321e-08
     9	8.85212001013e-09	2.12958000661e-09	1.09817000167e-08

Measurement: freq_ro0
  step	{80/t_ro0}
     1	12808253645.5
     2	15151623481.9
     3	17241290956.4
     4	9120263798.8
     5	11022971878.6
     6	12689859415.2
     7	6292535743.25
     8	7667089384.02
     9	8885664091.48

Measurement: freq_ro1
  step	{80/t_ro1}
     1	12967193355.6
     2	15374003873.9
     3	17418725563.2
     4	9250413153.84
     5	11189693186.1
     6	12875412304
     7	6386124840.32
     8	7791802372.43
     9	9029235902.01

Measurement: freq_ro2
  step	{80/t_ro2}
     1	13513513005
     2	15840152487.5
     3	17827390935.3
     4	9857796088.48
     5	11734640011.4
     6	13374826811.7
     7	6901713191.33
     8	8274769364.35
     9	9487294482.65

Measurement: freq_ro3
  step	{80/t_ro3}
     1	13513139045.9
     2	15843319976.9
     3	17841330773.7
     4	9852062511.06
     5	11731426435
     6	13372532718.9
     7	6892358315.61
     8	8267444768.27
     9	9480689619.78

Measurement: freq_ro4
  step	{80/t_ro4}
     1	13331627555.9
     2	15643221299.1
     3	17660167963.2
     4	9605163835.73
     5	11493529943.4
     6	13140817879.6
     7	6679560034.34
     8	8055285555.47
     9	9268193051.84

Measurement: freq_ro5
  step	{80/t_ro5}
     1	13513549759.9
     2	15863777249.9
     3	17857115751.7
     4	9817141852.62
     5	11697814711.4
     6	13337877557.3
     7	6853352180.29
     8	8226967877.89
     9	9438463888.89

Measurement: freq_ro6
  step	{80/t_ro6}
     1	13367812544.7
     2	15683250829.2
     3	17694046356.8
     4	9665514287.97
     5	11548382531.3
     6	13192196507.5
     7	6734557370.49
     8	8106847866.58
     9	9318560811.55

Measurement: freq_ro7
  step	{80/t_ro7}
     1	13742129442.9
     2	16041335067.8
     3	17980410533.4
     4	10022960467.9
     5	11881011960.9
     6	13504326974.5
     7	7024011404.53
     8	8385432194.72
     9	9586946588.9

Measurement: freq_ro8
  step	{80/t_ro8}
     1	12786650236.4
     2	15151502525.5
     3	17171867866.6
     4	9151618461.58
     5	11043859546.6
     6	12707327525.9
     7	6326096450.09
     8	7694306021.04
     9	8910864106.06

Measurement: freq_ro9
  step	{80/t_ro9}
     1	13714464976
     2	16020312612.2
     3	17986678179.3
     4	9981590580.58
     5	11857253103.9
     6	13494215321.4
     7	6989851074.02
     8	8363821398.35
     9	9574277832.56

Measurement: freq_ro10
  step	{80/t_ro10}
     1	12469699488.7
     2	14853286975.9
     3	16908472805.1
     4	8846248213.35
     5	10754120369
     6	12428288244.8
     7	6082909923.05
     8	7456441841.42
     9	8676614085.47

Measurement: freq_ro11
  step	{80/t_ro11}
     1	13766607182.1
     2	16078293597.1
     3	18038088063
     4	10019431672.9
     5	11904368950.7
     6	13536721624.5
     7	7017257420.93
     8	8398547525.72
     9	9610049868.9

Measurement: freq_ro12
  step	{80/t_ro12}
     1	13157887359
     2	15525377166.5
     3	17509154424.2
     4	9492716724.46
     5	11380959265.9
     6	13030306213.6
     7	6602206993.05
     8	7977156639.88
     9	9190437813.44

Measurement: freq_ro13
  step	{80/t_ro13}
     1	13888881116.1
     2	16128997745.5
     3	18108561502.2
     4	10177570630.8
     5	12029264421.6
     6	13644327484.2
     7	7158757968.18
     8	8520042025.55
     9	9719530181.13

Measurement: freq_ro14
  step	{80/t_ro14}
     1	14291191707
     2	16541694170.6
     3	18468442289.5
     4	10545856814
     5	12386168921.3
     6	13987826372.8
     7	7458802978.47
     8	8818725311.15
     9	10013751153.1

Measurement: freq_ro15
  step	{80/t_ro15}
     1	13407119670.4
     2	15731763922.2
     3	17725518390.3
     4	9719303757.66
     5	11607254711.3
     6	13252435291.5
     7	6778377612.8
     8	8155685551.51
     9	9369561657.59

Measurement: freq_ro16
  step	{80/t_ro16}
     1	13513520544.9
     2	15829561263.4
     3	17834085937.7
     4	9826955138.02
     5	11715582549
     6	13358339164.3
     7	6874978173.45
     8	8257474570.62
     9	9472446414.18

Measurement: freq_ro17
  step	{80/t_ro17}
     1	12986998822.3
     2	15351596220.6
     3	17382814118.7
     4	9299183479.85
     5	11202231626.2
     6	12865181090.8
     7	6433762192.79
     8	7812050310.43
     9	9031059162.09

Measurement: freq_ro18
  step	{80/t_ro18}
     1	13408374540
     2	15740431822
     3	17743373374.9
     4	9681698188.37
     5	11570684196.6
     6	13221037550.7
     7	6735761488.16
     8	8112112747.39
     9	9328402082.72

Measurement: freq_ro19
  step	{80/t_ro19}
     1	13476860098.6
     2	15794558780.7
     3	17768206196.2
     4	9774713792.56
     5	11648301488
     6	13283715850
     7	6826280990.25
     8	8194344736.38
     9	9401243963.07

Measurement: freq_ro20
  step	{80/t_ro20}
     1	12995723930.2
     2	15349108790.6
     3	17334892625.8
     4	9309597022.48
     5	11202554365.7
     6	12859613897.5
     7	6439798913.85
     8	7811905376.46
     9	9027194101.12

Measurement: freq_ro21
  step	{80/t_ro21}
     1	13923941874.1
     2	16199058319.2
     3	18162312423.5
     4	10209796508
     5	12083045087.6
     6	13707342995.1
     7	7192850789.56
     8	8572162385.62
     9	9781866891.83

Measurement: freq_ro22
  step	{80/t_ro22}
     1	13626081025.6
     2	15946038018.1
     3	17917794830
     4	9887888203.09
     5	11769005124.8
     6	13405528732.8
     7	6914748356.37
     8	8291485309.21
     9	9502062212.03

Measurement: freq_ro23
  step	{80/t_ro23}
     1	12905527108.9
     2	15253335186.3
     3	17263372720.2
     4	9249206797.32
     5	11131197145.5
     6	12785523928.2
     7	6398250242.35
     8	7760166768.39
     9	8969807551.27

Measurement: freq_ro24
  step	{80/t_ro24}
     1	13781427998.2
     2	16088777525.8
     3	18029590958.9
     4	10069188755.7
     5	11944491253.7
     6	13572913646.2
     7	7074846776.8
     8	8455435973.73
     9	9666031740.94

Measurement: freq_ro25
  step	{80/t_ro25}
     1	12797957407.8
     2	15151514706.8
     3	17241382278.7
     4	9113786954.25
     5	11028443672.3
     6	12703695802.3
     7	6282292055.2
     8	7665056892.52
     9	8889731071.11

Measurement: freq_ro26
  step	{80/t_ro26}
     1	13817087900.8
     2	16115931341.2
     3	18066970126.4
     4	10084946535.2
     5	11957213311.4
     6	13585132359.1
     7	7078742235.62
     8	8452681615.12
     9	9660028138.49

Measurement: freq_ro27
  step	{80/t_ro27}
     1	13157892038.8
     2	15551067393.4
     3	17565043877.7
     4	9467534205.96
     5	11384878243.1
     6	13051683152.6
     7	6577075848.72
     8	7974686758.4
     9	9202546876.01

Measurement: freq_ro28
  step	{80/t_ro28}
     1	13557117859
     2	15862218279
     3	17857162429.6
     4	9887600036.22
     5	11752455102.8
     6	13382312544.1
     7	6924111377.21
     8	8288313146.42
     9	9493048263.63

Measurement: freq_ro29
  step	{80/t_ro29}
     1	13059510345
     2	15422685617.8
     3	17438146437.7
     4	9382608374.21
     5	11281924493.2
     6	12941388161.4
     7	6507730677.9
     8	7887428863.01
     9	9106580378.05

Measurement: freq_ro30
  step	{80/t_ro30}
     1	14487573260.9
     2	16666657434.7
     3	18604424292.6
     4	10763061604.8
     5	12593519166.8
     6	14182900861.5
     7	7650133035.9
     8	9008252347.84
     9	10198490505.9

Measurement: freq_ro31
  step	{80/t_ro31}
     1	14538840053.4
     2	16742870312.4
     3	18643174682
     4	10777089271.6
     5	12602680072.6
     6	14185656373.9
     7	7656100772.37
     8	9009847959.6
     9	10195092291

Measurement: freq_ro32
  step	{80/t_ro32}
     1	13070339643.9
     2	15433584948.5
     3	17452841613.9
     4	9384168355.75
     5	11283024816.3
     6	12944657347.9
     7	6502494494.02
     8	7879063251.13
     9	9097976823.88

Measurement: freq_ro33
  step	{80/t_ro33}
     1	13205604455.8
     2	15625003438.6
     3	17576152870.6
     4	9497581444.14
     5	11407127072.9
     6	13065339156.2
     7	6598007940.4
     8	7987542634.37
     9	9207477691.36

Measurement: freq_ro34
  step	{80/t_ro34}
     1	13430591044.7
     2	15781177894.8
     3	17770123274.1
     4	9691372460.61
     5	11595757878
     6	13247943749.7
     7	6746863612.38
     8	8137175068.65
     9	9358382060.41

Measurement: freq_ro35
  step	{80/t_ro35}
     1	13513513074.2
     2	15839722661.4
     3	17857133810.4
     4	9733175464.93
     5	11644024772.6
     6	13304880732.2
     7	6779086468.4
     8	8179378545.83
     9	9403058245.98

Measurement: freq_ro36
  step	{80/t_ro36}
     1	12896964579.9
     2	15289870916.1
     3	17322564053.3
     4	9227878399.18
     5	11141012645.4
     6	12819473318.1
     7	6384329660.05
     8	7771243354.09
     9	8994330629.69

Measurement: freq_ro37
  step	{80/t_ro37}
     1	13220546709.9
     2	15559553336.9
     3	17565417500.7
     4	9519015711.71
     5	11404399981.4
     6	13054017961.7
     7	6608736391.57
     8	7980088947.81
     9	9193303675.17

Measurement: freq_ro38
  step	{80/t_ro38}
     1	13313571277.6
     2	15624989756.7
     3	17638843765.1
     4	9648341093.83
     5	11539261885.8
     6	13185181573.2
     7	6729461873.17
     8	8107920606.02
     9	9321160891.08

Measurement: freq_ro39
  step	{80/t_ro39}
     1	13045562762.9
     2	15384863037.2
     3	17392708423.8
     4	9421686184.25
     5	11306351221.8
     6	12960599284.2
     7	6549746853.16
     8	7919326549.5
     9	9134417552.29

Measurement: freq_ro40
  step	{80/t_ro40}
     1	12511954739.5
     2	14925887535.1
     3	16970299528.2
     4	8895931436.89
     5	10794126518
     6	12465494000.6
     7	6109032119.17
     8	7473027872.39
     9	8688929391.63

Measurement: freq_ro41
  step	{80/t_ro41}
     1	13628157372.3
     2	15955158372.9
     3	17920328583.3
     4	9876373166.39
     5	11762959419.4
     6	13402154277.7
     7	6901841367.06
     8	8283263606.58
     9	9496923555.26

Measurement: freq_ro42
  step	{80/t_ro42}
     1	12660397727.4
     2	15049684975.1
     3	17080242493.7
     4	9044356688.21
     5	10947504107.3
     6	12615351804.2
     7	6243041339.47
     8	7617033822.85
     9	8835530878.6

Measurement: freq_ro43
  step	{80/t_ro43}
     1	13248086205.4
     2	15625090408
     3	17625301930.1
     4	9526743363.79
     5	11438492621.8
     6	13101764256.2
     7	6611196392.76
     8	8003062598.89
     9	9228135186.62

Measurement: freq_ro44
  step	{80/t_ro44}
     1	13088663088.3
     2	15448892613.8
     3	17467886592.4
     4	9407897237.88
     5	11316287602.8
     6	12980276673.8
     7	6531769900.9
     8	7918686843.12
     9	9142044587.03

Measurement: freq_ro45
  step	{80/t_ro45}
     1	13552281245.2
     2	15891153240
     3	17872409453.2
     4	9825970711.1
     5	11735188368
     6	13389333554.4
     7	6864970235.33
     8	8266660406.42
     9	9494167685.53

Measurement: freq_ro46
  step	{80/t_ro46}
     1	13254611081.6
     2	15579417454.6
     3	17571087376
     4	9581165796.41
     5	11457178492.8
     6	13099103954.2
     7	6670666188.24
     8	8037297197.89
     9	9246404068.97

Measurement: freq_ro47
  step	{80/t_ro47}
     1	13405979625.3
     2	15744191793.8
     3	17731109582.9
     4	9673198918.6
     5	11554686572.1
     6	13198643711.1
     7	6731241493.52
     8	8101836372.11
     9	9313298823.46

Measurement: freq_ro48
  step	{80/t_ro48}
     1	13585317386.9
     2	15934340050.9
     3	17908349564.7
     4	9875126695.4
     5	11780420908.3
     6	13431946082.6
     7	6902465803.75
     8	8299482122.05
     9	9523767681.5

Measurement: freq_ro49
  step	{80/t_ro49}
     1	12998922035.2
     2	15370076464.2
     3	17398751236.2
     4	9325665649.66
     5	11234859272.2
     6	12901541264.9
     7	6461361990.49
     8	7846360931.3
     9	9069373959.97

Measurement: freq_ro50
  step	{80/t_ro50}
     1	13637830320.9
     2	15940557105.6
     3	17900558769.5
     4	9935115282.27
     5	11809965271.2
     6	13444930444.4
     7	6958863204.56
     8	8333705327.64
     9	9543681700.07

Measurement: freq_ro51
  step	{80/t_ro51}
     1	12575216083
     2	14976425879.8
     3	17034469866.1
     4	8928452453.97
     5	10843091040.4
     6	12520329277
     7	6134347119.24
     8	7513971419.42
     9	8737856295.94

Measurement: freq_ro52
  step	{80/t_ro52}
     1	12912953081.2
     2	15250851770.2
     3	17241377265
     4	9253947085.92
     5	11133407062.4
     6	12785224072.2
     7	6400705057.86
     8	7761322083.83
     9	8970064739.68

Measurement: freq_ro53
  step	{80/t_ro53}
     1	12881965952
     2	15249479263.9
     3	17276927052.5
     4	9197553981.57
     5	11098469307.4
     6	12761644430.3
     7	6350547483.4
     8	7724198241.59
     9	8942158203.14

Measurement: freq_ro54
  step	{80/t_ro54}
     1	12713062209.9
     2	15151479359
     3	17165629676.1
     4	9038872901.13
     5	10956533562.9
     6	12630188879.2
     7	6230488672.44
     8	7616137344.16
     9	8839986312.29

Measurement: freq_ro55
  step	{80/t_ro55}
     1	14721943536.2
     2	16953699858.9
     3	18843226487.9
     4	10956992340.8
     5	12789175165.3
     6	14375317791.9
     7	7801271409.39
     8	9164559577.19
     9	10356100753.3

Measurement: freq_ro56
  step	{80/t_ro56}
     1	13130521944.3
     2	15495345702.4
     3	17494773736.4
     4	9431906003.49
     5	11323863694.1
     6	12979498053.1
     7	6538393156.63
     8	7912136057.58
     9	9128136893.29

Measurement: freq_ro57
  step	{80/t_ro57}
     1	14285714318.8
     2	16551575990.3
     3	18479736222.9
     4	10500018804.3
     5	12366592157.5
     6	13981032819.2
     7	7417570781.1
     8	8796966013.17
     9	10002666634.6

Measurement: freq_ro58
  step	{80/t_ro58}
     1	14405615246
     2	16666703553.4
     3	18546288603.8
     4	10693035765.4
     5	12528917594.5
     6	14126614843.9
     7	7590027376.24
     8	8950309984.01
     9	10145065917.4

Measurement: freq_ro59
  step	{80/t_ro59}
     1	13721785413.5
     2	16037261867.4
     3	18004727491.3
     4	9994714453.32
     5	11875345854.4
     6	13513443319.9
     7	7001847704.43
     8	8380703476.06
     9	9593516456.52

Measurement: freq_ro60
  step	{80/t_ro60}
     1	13728749580.3
     2	16045167373.5
     3	18015831743.2
     4	9985493706.23
     5	11867702446.3
     6	13504883241.5
     7	6988835518.13
     8	8369837017.78
     9	9583542342.34

Measurement: freq_ro61
  step	{80/t_ro61}
     1	12706754379
     2	15094234310.9
     3	17144429337
     4	9039056507.78
     5	10950832432
     6	12623023842
     7	6227227171.26
     8	7606856837.88
     9	8828137226.56

Measurement: freq_ro62
  step	{80/t_ro62}
     1	13513595230.5
     2	15857661418.1
     3	17857116922.3
     4	9803948424.4
     5	11719491196.7
     6	13372072779.6
     7	6853218289.46
     8	8259970144.06
     9	9486370264.41

Measurement: freq_ro63
  step	{80/t_ro63}
     1	14091330982.2
     2	16348882867.9
     3	18284866857.5
     4	10346827407.9
     5	12194676450.6
     6	13802156596.2
     7	7292338604.95
     8	8653253669.6
     9	9849292309.01

Measurement: freq_ro64
  step	{80/t_ro64}
     1	14192220366.8
     2	16467948901.5
     3	18408405331.4
     4	10416927972.4
     5	12288257694.9
     6	13899229620
     7	7359994856.42
     8	8742507585.36
     9	9948628151.61

Measurement: freq_ro65
  step	{80/t_ro65}
     1	12778784390.7
     2	15214003020.3
     3	17285926183.9
     4	9056456515.06
     5	11030719617.3
     6	12736786247.2
     7	6224725334.14
     8	7653571463.41
     9	8904772348.94

Measurement: freq_ro66
  step	{80/t_ro66}
     1	13659587346.3
     2	15955477363.6
     3	17919272155.5
     4	9952625952.55
     5	11817441385
     6	13446753354.1
     7	6967948896.04
     8	8332836634.94
     9	9538146870.54

Measurement: freq_ro67
  step	{80/t_ro67}
     1	13513497816.8
     2	15816946030.2
     3	17802979045.1
     4	9792516840.43
     5	11670425450
     6	13311520141.8
     7	6836563748.58
     8	8207911001.84
     9	9418891355.62

Measurement: freq_ro68
  step	{80/t_ro68}
     1	12272929479.9
     2	14705865397
     3	16797425593
     4	8656683470.98
     5	10609650962.2
     6	12313634351.2
     7	5927349722.06
     8	7332530176.04
     9	8574420354.26

Measurement: freq_ro69
  step	{80/t_ro69}
     1	12680556027.9
     2	15101649842.7
     3	17122772688.9
     4	9021861130.88
     5	10936456173.4
     6	12610450236
     7	6218845131.45
     8	7600734706.97
     9	8823475523.12

Measurement: freq_ro70
  step	{80/t_ro70}
     1	12598855068.5
     2	15008710719.4
     3	17067321483.7
     4	8928086704.98
     5	10848799899.8
     6	12530114319.1
     7	6130504468.52
     8	7513339214.43
     9	8740086950.33

Measurement: freq_ro71
  step	{80/t_ro71}
     1	12820511586.6
     2	15185691603.6
     3	17241374795.5
     4	9080024251.52
     5	10996877834.7
     6	12675016282.6
     7	6244532998.3
     8	7626497500.67
     9	8851695796.18

Measurement: freq_ro72
  step	{80/t_ro72}
     1	12599540628
     2	14971153797.6
     3	17009892251.4
     4	8964384758.98
     5	10849946039
     6	12511923667.7
     7	6166430360.29
     8	7522991484.66
     9	8733309534.66

Measurement: freq_ro73
  step	{80/t_ro73}
     1	13513512773.4
     2	15827877225.7
     3	17857011478.2
     4	9761180971.01
     5	11657056742.6
     6	13306578401.3
     7	6807611455.51
     8	8193538013.73
     9	9413032074.34

Measurement: freq_ro74
  step	{80/t_ro74}
     1	13745733020
     2	16071301150
     3	18025823191.6
     4	10007013930.4
     5	11889148736.7
     6	13524669498.9
     7	7009648492.57
     8	8389477673.96
     9	9601997114.15

Measurement: freq_ro75
  step	{80/t_ro75}
     1	13920656941
     2	16200989086.9
     3	18161288334.1
     4	10177145383.6
     5	12040868702.4
     6	13662631750.3
     7	7147268964.28
     8	8517391048.9
     9	9721939710.17

Measurement: freq_ro76
  step	{80/t_ro76}
     1	13617630852.1
     2	15937908269.2
     3	17896244073.2
     4	9916632629.32
     5	11789615075.7
     6	13422655655.9
     7	6941277097.66
     8	8311809327.62
     9	9519756306.54

Measurement: freq_ro77
  step	{80/t_ro77}
     1	13157907983.9
     2	15518097502.7
     3	17516205548.9
     4	9487353903.16
     5	11376014342.6
     6	13029852469.4
     7	6589918277.36
     8	7963142115.74
     9	9178044160.57

Measurement: freq_ro78
  step	{80/t_ro78}
     1	13450742170
     2	15762071110.1
     3	17745858634.2
     4	9763346004.82
     5	11640186606
     6	13278317237
     7	6823392380.33
     8	8195175276.76
     9	9404290917.97

Measurement: freq_ro79
  step	{80/t_ro79}
     1	13039118616.6
     2	15390036288.7
     3	17412389029.4
     4	9368627526.72
     5	11263720366.2
     6	12921366206
     7	6493221486.86
     8	7867159282.71
     9	9083088569.12

Measurement: freq_ro80
  step	{80/t_ro80}
     1	13661541567.7
     2	15977623943.3
     3	17943501976.6
     4	9948677489.73
     5	11825829988.9
     6	13463898967.2
     7	6965152915.74
     8	8339588935.92
     9	9551537209.8

Measurement: freq_ro81
  step	{80/t_ro81}
     1	13387817334.8
     2	15724065704.2
     3	17729824450
     4	9661200199.63
     5	11557578613.3
     6	13207785091.2
     7	6728590654.4
     8	8111743030.25
     9	9329680996.6

Measurement: freq_ro82
  step	{80/t_ro82}
     1	13629484239.5
     2	15933095061.7
     3	17883937180.1
     4	9949772951.06
     5	11818653406.2
     6	13448666940.9
     7	6975907065.53
     8	8345993902.43
     9	9553277975.62

Measurement: freq_ro83
  step	{80/t_ro83}
     1	13028309791.5
     2	15433377250.6
     3	17456669386.2
     4	9346770250.79
     5	11277533857
     6	12954213041.6
     7	6479394105.35
     8	7881289530.33
     9	9113522206.04

Measurement: freq_ro84
  step	{80/t_ro84}
     1	12767493125.5
     2	15151515334.6
     3	17166266576.4
     4	9102022624.1
     5	10991742728.7
     6	12653271091.8
     7	6275546172.84
     8	7638034511.5
     9	8850387648.64

Measurement: freq_ro85
  step	{80/t_ro85}
     1	12820512477.8
     2	15161966082.6
     3	17241358212.2
     4	9124585202.25
     5	11029191462.2
     6	12695189761.7
     7	6290817643.11
     8	7666014415.24
     9	8883269630.56

Measurement: freq_ro86
  step	{80/t_ro86}
     1	13544992650.7
     2	15859586681.2
     3	17833256089.9
     4	9891925298.21
     5	11770524993.7
     6	13406795162.1
     7	6938569939.21
     8	8315992843.58
     9	9527852305.88

Measurement: freq_ro87
  step	{80/t_ro87}
     1	13648396382.3
     2	15948761734.6
     3	17908152858.9
     4	9931104806.52
     5	11795119888.9
     6	13423701154.3
     7	6950066056.05
     8	8314291096.94
     9	9518809630.21

Measurement: freq_ro88
  step	{80/t_ro88}
     1	13513511415.9
     2	15843678746.3
     3	17856958171.9
     4	9802359776.83
     5	11674126968.4
     6	13312139629.2
     7	6836799698.74
     8	8202550370.33
     9	9410721791.44

Measurement: freq_ro89
  step	{80/t_ro89}
     1	14285714354.6
     2	16562749445.1
     3	18482201247.4
     4	10523982867.4
     5	12379594095
     6	13984686092.7
     7	7435663802.37
     8	8806619325.3
     9	10003359592.1

Measurement: freq_ro90
  step	{80/t_ro90}
     1	11904584500.2
     2	14300885458.4
     3	16427466925.1
     4	8293568949.21
     5	10212550124.6
     6	11905273330.4
     7	5630738610.37
     8	6995009183.49
     9	8214804089.81

Measurement: freq_ro91
  step	{80/t_ro91}
     1	14136080657.1
     2	16429518498.9
     3	18370151992.3
     4	10355264823.7
     5	12234951324.4
     6	13859897520.6
     7	7291243104.75
     8	8679652089.81
     9	9891576306.69

Measurement: freq_ro92
  step	{80/t_ro92}
     1	13918048283.7
     2	16244239932.7
     3	18219146999.6
     4	10148616512.3
     5	12057726766.2
     6	13703651188.2
     7	7120965570.34
     8	8528462723.68
     9	9754088189.69

Measurement: freq_ro93
  step	{80/t_ro93}
     1	13740001209.4
     2	16042909786.6
     3	17975883341.8
     4	10032188515.9
     5	11886218176.7
     6	13505748649.1
     7	7036744952.87
     8	8395920035.66
     9	9595664121.06

Measurement: freq_ro94
  step	{80/t_ro94}
     1	12442108473.8
     2	14860400002.7
     3	16926817318.3
     4	8792194392.91
     5	10713035863.6
     6	12399269189.7
     7	6024890429.69
     8	7403523424.17
     9	8629208762.26

Measurement: freq_ro95
  step	{80/t_ro95}
     1	13888878805.3
     2	16129032987.5
     3	18097089334.3
     4	10167371022.4
     5	12014242493.2
     6	13626976032.5
     7	7146461812.01
     8	8502970072.38
     9	9699820580.33

Measurement: freq_ro96
  step	{80/t_ro96}
     1	13705643871
     2	16041647505.3
     3	18013598922.3
     4	9957232720.73
     5	11856582093.5
     6	13502659536.2
     7	6966421643.74
     8	8360482536.54
     9	9581745287.87

Measurement: freq_ro97
  step	{80/t_ro97}
     1	13513380135.2
     2	15896021733.4
     3	17898029624.5
     4	9762826790.09
     5	11696443907.6
     6	13360241416
     7	6805610559.45
     8	8222951416.04
     9	9456318756.59

Measurement: freq_ro98
  step	{80/t_ro98}
     1	13967577629.9
     2	16223957657.8
     3	18168808173
     4	10250242708.8
     5	12092856698.1
     6	13701500613.8
     7	7217663140.82
     8	8572535856.22
     9	9767698894.96

Measurement: freq_ro99
  step	{80/t_ro99}
     1	13888875845.3
     2	16129032218.4
     3	18131234252.2
     4	10130995077.5
     5	11998826508.7
     6	13622555985.2
     7	7113534372.02
     8	8486470397.04
     9	9692631858.34

Measurement: freq_ro100
  step	{80/t_ro100}
     1	13766174492.1
     2	16089516862.8
     3	18046404511.2
     4	10034544100.8
     5	11914611683.5
     6	13552637530.8
     7	7033618884.04
     8	8414133622.34
     9	9627201558.86

Measurement: freq_ro101
  step	{80/t_ro101}
     1	12975181989.7
     2	15357990558.8
     3	17365370583.9
     4	9284565090.69
     5	11191772473.2
     6	12860381286
     7	6415439760.85
     8	7796650360.4
     9	9019307952.46

Measurement: freq_ro102
  step	{80/t_ro102}
     1	13486215642.4
     2	15832485326.3
     3	17825005324
     4	9757024749.99
     5	11658646514.4
     6	13309548802.5
     7	6804274560.38
     8	8192987521.45
     9	9411761567.28

Measurement: freq_ro103
  step	{80/t_ro103}
     1	12329983857
     2	14743084082.2
     3	16798602294.8
     4	8695629154.5
     5	10613262513.2
     6	12296856352.7
     7	5949679090.75
     8	7324413943.62
     9	8547480070.2

Measurement: freq_ro104
  step	{80/t_ro104}
     1	13864125874.6
     2	16129031783.3
     3	18090146675.3
     4	10173077778
     5	12028021810.6
     6	13647422865.5
     7	7159302039.96
     8	8522474819.06
     9	9724556539.15

Measurement: freq_ro105
  step	{80/t_ro105}
     1	13499117225.9
     2	15797750254
     3	17764838581.8
     4	9783484570.11
     5	11646494486.4
     6	13278733711.1
     7	6827409877.02
     8	8187607174.26
     9	9391188051.15

Measurement: freq_ro106
  step	{80/t_ro106}
     1	14163211893.1
     2	16425047711.8
     3	18354034957.6
     4	10426330026.1
     5	12278492235.8
     6	13889198561.9
     7	7363680554.35
     8	8731240746.06
     9	9930383624.75

Measurement: freq_ro107
  step	{80/t_ro107}
     1	13630854053.4
     2	15947612151.7
     3	17892903372.3
     4	9930424710.21
     5	11807853313.8
     6	13441111128.9
     7	6953952821.13
     8	8327953983.16
     9	9535593352.82

Measurement: freq_ro108
  step	{80/t_ro108}
     1	13692998436.7
     2	15996381503.2
     3	17957373983.4
     4	9992151709.4
     5	11862847628.8
     6	13496033003.1
     7	7005303913.82
     8	8377193080.58
     9	9586722575.66

Measurement: freq_ro109
  step	{80/t_ro109}
     1	13232952503.7
     2	15592487934.1
     3	17569129740.9
     4	9544939693.74
     5	11429324860.5
     6	13078475367.2
     7	6634123745.68
     8	8004643840.83
     9	9217450234.2

Measurement: freq_ro110
  step	{80/t_ro110}
     1	12832739847.9
     2	15234972248.4
     3	17280765624.9
     4	9152891524.06
     5	11077668836.4
     6	12753843321
     7	6313291493.55
     8	7705450183.5
     9	8932770380.63

Measurement: freq_ro111
  step	{80/t_ro111}
     1	13158087122.2
     2	15520005170.7
     3	17519772759.1
     4	9521019883.1
     5	11408396340.1
     6	13062659251.6
     7	6624992686.8
     8	7997405944.97
     9	9213128883.64

Measurement: freq_ro112
  step	{80/t_ro112}
     1	13313217680.3
     2	15624996968.2
     3	17653312451.3
     4	9622293878.56
     5	11504727738.6
     6	13157418273.7
     7	6697978811.58
     8	8067892749.31
     9	9279591025.57

Measurement: freq_ro113
  step	{80/t_ro113}
     1	13513591695.6
     2	15868989294
     3	17857182853.6
     4	9804013681.57
     5	11700950643.8
     6	13350708346.9
     7	6846669801.87
     8	8232263174.11
     9	9451519679.26

Measurement: freq_ro114
  step	{80/t_ro114}
     1	13157881155.7
     2	15496842535.2
     3	17510642056.8
     4	9427728107.58
     5	11328770788.7
     6	12989609273.2
     7	6534108987.68
     8	7915265940.79
     9	9135753190.58

Measurement: freq_ro115
  step	{80/t_ro115}
     1	14070614634.5
     2	16365437263.7
     3	18328519621.1
     4	10293475879.9
     5	12175290034.7
     6	13804363281.9
     7	7241435321.74
     8	8627332730.57
     9	9840473613.62

Measurement: freq_ro116
  step	{80/t_ro116}
     1	13828427787.1
     2	16129032319.9
     3	18089635885.5
     4	10101779522.3
     5	11980614623
     6	13608963737.8
     7	7094420571.09
     8	8475587370.08
     9	9684742317.55

Measurement: freq_ro117
  step	{80/t_ro117}
     1	13833594268.6
     2	16160008125.9
     3	18142043895.9
     4	10051732081.8
     5	11959417268.4
     6	13604187578.9
     7	7043221954.84
     8	8445858081.31
     9	9668735081.05

Measurement: freq_ro118
  step	{80/t_ro118}
     1	13157929688.6
     2	15570147402.3
     3	17594640391.5
     4	9433450900.97
     5	11371780180.8
     6	13049747343.3
     7	6534389514.18
     8	7947772130.33
     9	9184635478.78

Measurement: freq_ro119
  step	{80/t_ro119}
     1	13655747932.7
     2	16002740187
     3	17966393814.3
     4	9905126149.14
     5	11812900845.3
     6	13459533782.4
     7	6928998276.02
     8	8332479404.8
     9	9556623371.66

Measurement: freq_ro120
  step	{80/t_ro120}
     1	13307852779.8
     2	15625012308.5
     3	17618920588.1
     4	9604712880.97
     5	11476828403.9
     6	13115811178
     7	6683852970.93
     8	8046652144.68
     9	9252911271.74

Measurement: freq_ro121
  step	{80/t_ro121}
     1	12931395400.7
     2	15303950606.5
     3	17325312618.3
     4	9253879186
     5	11155335250
     6	12820523174.4
     7	6394166402.92
     8	7771283835.4
     9	8991003557.37

Measurement: freq_ro122
  step	{80/t_ro122}
     1	13561989811.7
     2	15865810208.2
     3	17847372018.6
     4	9865304538.86
     5	11736348875.4
     6	13367833253.4
     7	6901061563.21
     8	8271312109.61
     9	9478975973.9

Measurement: freq_ro123
  step	{80/t_ro123}
     1	13589903928
     2	15907956132.2
     3	17857257926.5
     4	9842564566.32
     5	11728824166.7
     6	13369563852.9
     7	6872589936.28
     8	8251872618.26
     9	9465426414.71

Measurement: freq_ro124
  step	{80/t_ro124}
     1	13076293395.1
     2	15450902314.4
     3	17464813465.4
     4	9356141380.47
     5	11267431770.3
     6	12931682348.1
     7	6473522961.6
     8	7859480751.55
     9	9080451268.51

Measurement: freq_ro125
  step	{80/t_ro125}
     1	13757528761.6
     2	16089614982.4
     3	17994461812.9
     4	10049620865.9
     5	11904968379.4
     6	13518388729.8
     7	7052594530.89
     8	8413940809.44
     9	9613463811.41

Measurement: freq_ro126
  step	{80/t_ro126}
     1	13700110185
     2	16016846047.5
     3	17981457067.1
     4	9999957122.31
     5	11890732212.7
     6	13526950664.1
     7	7014743814.44
     8	8404528062.33
     9	9622171251.26

Measurement: freq_ro127
  step	{80/t_ro127}
     1	12991418183.1
     2	15388750425.4
     3	17417876184.4
     4	9270050299.27
     5	11202786974.7
     6	12880283578.5
     7	6401805912.14
     8	7805095676.09
     9	9037383125

Measurement: edge100_ro0
  step	V(ro0_out)={VTHRESH} 
     1	7.75625035609e-09
     2	6.55366512655e-09
     3	5.75878723512e-09
     4	1.08958277765e-08
     5	9.01103488684e-09
     6	7.82520529305e-09
     7	1.57940822218e-08
     8	1.29571709975e-08
     9	1.11773470831e-08

Measurement: edge100_ro1
  step	V(ro1_out)={VTHRESH} 
     1	7.64952036248e-09
     2	6.4499254275e-09
     3	5.69129809222e-09
     4	1.07232641164e-08
     5	8.86248856195e-09
     6	7.70044498449e-09
     7	1.55325548447e-08
     8	1.27275607453e-08
     9	1.09809629785e-08

Measurement: edge100_ro2
  step	V(ro2_out)={VTHRESH} 
     1	7.33639676798e-09
     2	6.25712174487e-09
     3	5.55889753358e-09
     4	1.00563630108e-08
     5	8.44608559173e-09
     6	7.4094503869e-09
     7	1.43627180956e-08
     8	1.19770501061e-08
     9	1.0445026265e-08

Measurement: edge100_ro3
  step	V(ro3_out)={VTHRESH} 
     1	7.3359330072e-09
     2	6.2558275747e-09
     3	5.55490703028e-09
     4	1.00607751655e-08
     5	8.44788865687e-09
     6	7.41067942043e-09
     7	1.4378948946e-08
     8	1.19860341647e-08
     9	1.04516460749e-08

Measurement: edge100_ro4
  step	V(ro4_out)={VTHRESH} 
     1	7.43739426356e-09
     2	6.3362620272e-09
     3	5.61232110226e-09
     4	1.03223433394e-08
     5	8.624030563e-09
     6	7.54211211951e-09
     7	1.48415498522e-08
     8	1.23040630042e-08
     9	1.06926536227e-08

Measurement: edge100_ro5
  step	V(ro5_out)={VTHRESH} 
     1	7.33753960673e-09
     2	6.25019507448e-09
     3	5.55265283671e-09
     4	1.0102773568e-08
     5	8.47654314543e-09
     6	7.43329448962e-09
     7	1.44716697584e-08
     8	1.20525984922e-08
     9	1.05041921069e-08

Measurement: edge100_ro6
  step	V(ro6_out)={VTHRESH} 
     1	7.41838697036e-09
     2	6.32097382085e-09
     3	5.6016652145e-09
     4	1.02601256357e-08
     5	8.58438571679e-09
     6	7.5132625624e-09
     7	1.47248795356e-08
     8	1.22284149536e-08
     9	1.06363120865e-08

Measurement: edge100_ro7
  step	V(ro7_out)={VTHRESH} 
     1	7.2139553992e-09
     2	6.17826378716e-09
     3	5.51121523927e-09
     4	9.89096163817e-09
     5	8.3416794009e-09
     6	7.33771018871e-09
     7	1.41130136515e-08
     8	1.18184951041e-08
     9	1.03356806977e-08

Measurement: edge100_ro8
  step	V(ro8_out)={VTHRESH} 
     1	7.77103567215e-09
     2	6.55589416203e-09
     3	5.78223736269e-09
     4	1.08607318682e-08
     5	8.99476748218e-09
     6	7.81512608887e-09
     7	1.57128367747e-08
     8	1.2912015814e-08
     9	1.11462457024e-08

Measurement: edge100_ro9
  step	V(ro9_out)={VTHRESH} 
     1	7.23749027817e-09
     2	6.19393673655e-09
     3	5.51576950264e-09
     4	9.94635791599e-09
     5	8.37040036893e-09
     6	7.35351632095e-09
     7	1.42053512354e-08
     8	1.18683031615e-08
     9	1.03658620709e-08

Measurement: edge100_ro10
  step	V(ro10_out)={VTHRESH} 
     1	7.96419258946e-09
     2	6.68179239454e-09
     3	5.86786925442e-09
     4	1.12292093204e-08
     5	9.23087868332e-09
     6	7.98485685349e-09
     7	1.63313084922e-08
     8	1.33148587374e-08
     9	1.14390006371e-08

Measurement: edge100_ro11
  step	V(ro11_out)={VTHRESH} 
     1	7.20379544601e-09
     2	6.1667526156e-09
     3	5.49590939637e-09
     4	9.89823472638e-09
     5	8.32966759988e-09
     6	7.32362858438e-09
     7	1.41325311552e-08
     8	1.18054634874e-08
     9	1.03161326914e-08

Measurement: edge100_ro12
  step	V(ro12_out)={VTHRESH} 
     1	7.53379678404e-09
     2	6.38390232078e-09
     3	5.66001058871e-09
     4	1.04440579332e-08
     5	8.70818722733e-09
     6	7.60489901923e-09
     7	1.50151615961e-08
     8	1.24231739164e-08
     9	1.07816120107e-08

Measurement: edge100_ro13
  step	V(ro13_out)={VTHRESH} 
     1	7.14306935678e-09
     2	6.14962646693e-09
     3	5.4758701073e-09
     4	9.74838499946e-09
     5	8.24580612473e-09
     6	7.26844495272e-09
     7	1.38598162059e-08
     8	1.16428087225e-08
     9	1.02043976888e-08

Measurement: edge100_ro14
  step	V(ro14_out)={VTHRESH} 
     1	6.94107956344e-09
     2	5.99628307549e-09
     3	5.36952076291e-09
     4	9.40733225211e-09
     5	8.00812258422e-09
     6	7.09031168953e-09
     7	1.33010772815e-08
     8	1.12479370337e-08
     9	9.90451308918e-09

Measurement: edge100_ro15
  step	V(ro15_out)={VTHRESH} 
     1	7.396715107e-09
     2	6.30212496454e-09
     3	5.59241067087e-09
     4	1.02036224588e-08
     5	8.5417338762e-09
     6	7.48008202851e-09
     7	1.46303172616e-08
     8	1.21565723352e-08
     9	1.05798066947e-08

Measurement: edge100_ro16
  step	V(ro16_out)={VTHRESH} 
     1	7.3418513298e-09
     2	6.26685315648e-09
     3	5.56031252196e-09
     4	1.00974135084e-08
     5	8.46830443242e-09
     6	7.42546260764e-09
     7	1.44334362716e-08
     8	1.20153030096e-08
     9	1.04723429445e-08

Measurement: edge100_ro17
  step	V(ro17_out)={VTHRESH} 
     1	7.64425931759e-09
     2	6.46513452778e-09
     3	5.70866823995e-09
     4	1.06781726688e-08
     5	8.86183336835e-09
     6	7.71480651897e-09
     7	1.54358360108e-08
     8	1.27093220698e-08
     9	1.09916311343e-08

Measurement: edge100_ro18
  step	V(ro18_out)={VTHRESH} 
     1	7.39901179559e-09
     2	6.30225672616e-09
     3	5.59061292106e-09
     4	1.02476920456e-08
     5	8.57377885929e-09
     6	7.50307134797e-09
     7	1.47298621328e-08
     8	1.22295106194e-08
     9	1.06343419179e-08

Measurement: edge100_ro19
  step	V(ro19_out)={VTHRESH} 
     1	7.35756751303e-09
     2	6.27561923546e-09
     3	5.57773415452e-09
     4	1.01442305298e-08
     5	8.5099097721e-09
     6	7.46071021058e-09
     7	1.45252088578e-08
     8	1.20964406828e-08
     9	1.05415365598e-08

Measurement: edge100_ro20
  step	V(ro20_out)={VTHRESH} 
     1	7.63361699447e-09
     2	6.46032210085e-09
     3	5.71909144084e-09
     4	1.06569773638e-08
     5	8.85238778024e-09
     6	7.70948636569e-09
     7	1.54058681904e-08
     8	1.26948816143e-08
     9	1.09829206503e-08

Measurement: edge100_ro21
  step	V(ro21_out)={VTHRESH} 
     1	7.12665138615e-09
     2	6.12466439459e-09
     3	5.46227919686e-09
     4	9.72025387198e-09
     5	8.21198827121e-09
     6	7.23811994349e-09
     7	1.37982046773e-08
     8	1.15761810165e-08
     9	1.0143721233e-08

Measurement: edge100_ro22
  step	V(ro22_out)={VTHRESH} 
     1	7.28149653529e-09
     2	6.22086345772e-09
     3	5.53591082706e-09
     4	1.00347427987e-08
     5	8.4295745253e-09
     6	7.39953410432e-09
     7	1.43496725788e-08
     8	1.19653921824e-08
     9	1.04398375877e-08

Measurement: edge100_ro23
  step	V(ro23_out)={VTHRESH} 
     1	7.69153472808e-09
     2	6.50530850848e-09
     3	5.74711847103e-09
     4	1.07346378039e-08
     5	8.91598395757e-09
     6	7.76060225798e-09
     7	1.55198999986e-08
     8	1.27908734671e-08
     9	1.10637722401e-08

Measurement: edge100_ro24
  step	V(ro24_out)={VTHRESH} 
     1	7.19130564698e-09
     2	6.15838177657e-09
     3	5.49464165792e-09
     4	9.84287113952e-09
     5	8.29473276069e-09
     6	7.2985980807e-09
     7	1.40080279123e-08
     8	1.17172561274e-08
     9	1.02483464565e-08

Measurement: edge100_ro25
  step	V(ro25_out)={VTHRESH} 
     1	7.74472950853e-09
     2	6.5404313817e-09
     3	5.74818621554e-09
     4	1.08756128303e-08
     5	8.98558973145e-09
     6	7.79973890862e-09
     7	1.57759812001e-08
     8	1.29278187527e-08
     9	1.11455919061e-08

Measurement: edge100_ro26
  step	V(ro26_out)={VTHRESH} 
     1	7.17902244007e-09
     2	6.15396384495e-09
     3	5.48863605662e-09
     4	9.83648911859e-09
     5	8.29484563668e-09
     6	7.29984517213e-09
     7	1.40140254813e-08
     8	1.17342090137e-08
     9	1.02663817866e-08

Measurement: edge100_ro27
  step	V(ro27_out)={VTHRESH} 
     1	7.53526084775e-09
     2	6.37419409168e-09
     3	5.64231943596e-09
     4	1.04734639937e-08
     5	8.70727418582e-09
     6	7.59374862432e-09
     7	1.50757960677e-08
     8	1.24305139245e-08
     9	1.07702472229e-08

Measurement: edge100_ro28
  step	V(ro28_out)={VTHRESH} 
     1	7.31164949059e-09
     2	6.24806224111e-09
     3	5.55006037734e-09
     4	1.00245032098e-08
     5	8.43255638498e-09
     6	7.40505090401e-09
     7	1.43137226128e-08
     8	1.19561713353e-08
     9	1.043810687e-08

Measurement: edge100_ro29
  step	V(ro29_out)={VTHRESH} 
     1	7.59530078109e-09
     2	6.42997486876e-09
     3	5.68610228156e-09
     4	1.05720890069e-08
     5	8.79029996576e-09
     6	7.66210972135e-09
     7	1.52422062034e-08
     8	1.2573399081e-08
     9	1.08887867077e-08

Measurement: edge100_ro30
  step	V(ro30_out)={VTHRESH} 
     1	6.84883589489e-09
     2	5.95224481344e-09
     3	5.33180866809e-09
     4	9.21979831766e-09
     5	7.87818512574e-09
     6	6.99457673598e-09
     7	1.29721023856e-08
     8	1.10142670834e-08
     9	9.72799529546e-09

Measurement: edge100_ro31
  step	V(ro31_out)={VTHRESH} 
     1	6.82067074352e-09
     2	5.92166579653e-09
     3	5.31729306078e-09
     4	9.20147315824e-09
     5	7.86681040533e-09
     6	6.98809967922e-09
     7	1.29521607437e-08
     8	1.1003666843e-08
     9	9.72327004463e-09

Measurement: edge100_ro32
  step	V(ro32_out)={VTHRESH} 
     1	7.59001826084e-09
     2	6.42631319688e-09
     3	5.68192063935e-09
     4	1.05719140821e-08
     5	8.79066381396e-09
     6	7.66116877636e-09
     7	1.5256837292e-08
     8	1.258862961e-08
     9	1.09005266202e-08

Measurement: edge100_ro33
  step	V(ro33_out)={VTHRESH} 
     1	7.50875517126e-09
     2	6.3454179557e-09
     3	5.63873080263e-09
     4	1.04403115783e-08
     5	8.68979184201e-09
     6	7.58542745139e-09
     7	1.50274775736e-08
     8	1.24097611914e-08
     9	1.07633327785e-08

Measurement: edge100_ro34
  step	V(ro34_out)={VTHRESH} 
     1	7.38428688859e-09
     2	6.28228531502e-09
     3	5.5781332683e-09
     4	1.02332252189e-08
     5	8.5498536374e-09
     6	7.48234210993e-09
     7	1.46984008092e-08
     8	1.21835544678e-08
     9	1.05918084979e-08

Measurement: edge100_ro35
  step	V(ro35_out)={VTHRESH} 
     1	7.34027175373e-09
     2	6.26086642102e-09
     3	5.55240061797e-09
     4	1.01919699094e-08
     5	8.51721661638e-09
     6	7.45283695757e-09
     7	1.46332535879e-08
     8	1.21257070169e-08
     9	1.05457216755e-08

Measurement: edge100_ro36
  step	V(ro36_out)={VTHRESH} 
     1	7.69753907243e-09
     2	6.49061853166e-09
     3	5.72733095602e-09
     4	1.07607222915e-08
     5	8.90909034129e-09
     6	7.74162638414e-09
     7	1.55552881558e-08
     8	1.27739491848e-08
     9	1.10340257041e-08

Measurement: edge100_ro37
  step	V(ro37_out)={VTHRESH} 
     1	7.49798248223e-09
     2	6.36901385857e-09
     3	5.6410993573e-09
     4	1.04136305788e-08
     5	8.68964840224e-09
     6	7.59046154272e-09
     7	1.49984362292e-08
     8	1.2417929149e-08
     9	1.07776890122e-08

Measurement: edge100_ro38
  step	V(ro38_out)={VTHRESH} 
     1	7.45506284771e-09
     2	6.35091294843e-09
     3	5.62564222719e-09
     4	1.02889697626e-08
     5	8.60216447971e-09
     6	7.52778500317e-09
     7	1.47537290464e-08
     8	1.22444605779e-08
     9	1.06502537128e-08

Measurement: edge100_ro39
  step	V(ro39_out)={VTHRESH} 
     1	7.60923792942e-09
     2	6.44786530716e-09
     3	5.70165224073e-09
     4	1.0538304767e-08
     5	8.77592813217e-09
     6	7.65296793676e-09
     7	1.51596877581e-08
     8	1.2530470569e-08
     9	1.08597811346e-08

Measurement: edge100_ro40
  step	V(ro40_out)={VTHRESH} 
     1	7.92950852944e-09
     2	6.64515744141e-09
     3	5.84359022561e-09
     4	1.11539038787e-08
     5	9.18972206755e-09
     6	7.95586205643e-09
     7	1.62421715864e-08
     8	1.32740553117e-08
     9	1.1414125132e-08

Measurement: edge100_ro41
  step	V(ro41_out)={VTHRESH} 
     1	7.27661222554e-09
     2	6.21440745193e-09
     3	5.53242501863e-09
     4	1.00408279239e-08
     5	8.42898863286e-09
     6	7.39747443949e-09
     7	1.43676637313e-08
     8	1.19695617589e-08
     9	1.04392861417e-08

Measurement: edge100_ro42
  step	V(ro42_out)={VTHRESH} 
     1	7.83895545487e-09
     2	6.59117554719e-09
     3	5.80670699688e-09
     4	1.09743795931e-08
     5	9.06242436617e-09
     6	7.86261490138e-09
     7	1.58994557483e-08
     8	1.30256501226e-08
     9	1.12273575341e-08

Measurement: edge100_ro43
  step	V(ro43_out)={VTHRESH} 
     1	7.49022619272e-09
     2	6.34937460042e-09
     3	5.62898498205e-09
     4	1.04168667266e-08
     5	8.67467811114e-09
     6	7.57286324429e-09
     7	1.5011345682e-08
     8	1.239883147e-08
     9	1.07521809973e-08

Measurement: edge100_ro44
  step	V(ro44_out)={VTHRESH} 
     1	7.58662822338e-09
     2	6.42395795881e-09
     3	5.67989306123e-09
     4	1.05575469834e-08
     5	8.77238427484e-09
     6	7.64536935272e-09
     7	1.52082518622e-08
     8	1.25386997152e-08
     9	1.08573980293e-08

Measurement: edge100_ro45
  step	V(ro45_out)={VTHRESH} 
     1	7.33822515203e-09
     2	6.25196821064e-09
     3	5.55405756371e-09
     4	1.01237476855e-08
     5	8.46946064592e-09
     6	7.41872079521e-09
     7	1.44910986741e-08
     8	1.20252232564e-08
     9	1.04649723902e-08

Measurement: edge100_ro46
  step	V(ro46_out)={VTHRESH} 
     1	7.48463886351e-09
     2	6.36435779195e-09
     3	5.6411556916e-09
     4	1.03554126463e-08
     5	8.65559552546e-09
     6	7.56808577823e-09
     7	1.48737545543e-08
     8	1.23391615281e-08
     9	1.07222723406e-08

Measurement: edge100_ro47
  step	V(ro47_out)={VTHRESH} 
     1	7.40179839802e-09
     2	6.30080434114e-09
     3	5.59340929856e-09
     4	1.02592544216e-08
     5	8.58632272104e-09
     6	7.51526181608e-09
     7	1.47438388997e-08
     8	1.22465863784e-08
     9	1.06513997843e-08

Measurement: edge100_ro48
  step	V(ro48_out)={VTHRESH} 
     1	7.29837090188e-09
     2	6.22029971191e-09
     3	5.53346289256e-09
     4	1.0040190889e-08
     5	8.41384155786e-09
     6	7.37794270722e-09
     7	1.43635298642e-08
     8	1.19425883948e-08
     9	1.04054043581e-08

Measurement: edge100_ro49
  step	V(ro49_out)={VTHRESH} 
     1	7.63021174348e-09
     2	6.45014604221e-09
     3	5.69696971174e-09
     4	1.06356793602e-08
     5	8.82444585299e-09
     6	7.68284814387e-09
     7	1.53487159767e-08
     8	1.26346665994e-08
     9	1.09285278368e-08

Measurement: edge100_ro50
  step	V(ro50_out)={VTHRESH} 
     1	7.27960410147e-09
     2	6.22641780915e-09
     3	5.54342174067e-09
     4	9.99433864493e-09
     5	8.4055297221e-09
     6	7.38212781194e-09
     7	1.42701234169e-08
     8	1.19128669469e-08
     9	1.04009912905e-08

Measurement: edge100_ro51
  step	V(ro51_out)={VTHRESH} 
     1	7.8949648059e-09
     2	6.62693376696e-09
     3	5.82472104371e-09
     4	1.11228743807e-08
     5	9.15493948242e-09
     6	7.92691869331e-09
     7	1.61903991711e-08
     8	1.32132690244e-08
     9	1.13603162952e-08

Measurement: edge100_ro52
  step	V(ro52_out)={VTHRESH} 
     1	7.68202975712e-09
     2	6.50185131996e-09
     3	5.74960286459e-09
     4	1.07202290265e-08
     5	8.9071520934e-09
     6	7.75468036602e-09
     7	1.54986281962e-08
     8	1.27772105543e-08
     9	1.10531306511e-08

Measurement: edge100_ro53
  step	V(ro53_out)={VTHRESH} 
     1	7.70618274628e-09
     2	6.50796470228e-09
     3	5.74309486315e-09
     4	1.07945733454e-08
     5	8.94353622996e-09
     6	7.7765322923e-09
     7	1.56351538953e-08
     8	1.28513973354e-08
     9	1.10992805348e-08

Measurement: edge100_ro54
  step	V(ro54_out)={VTHRESH} 
     1	7.81050060608e-09
     2	6.55002579144e-09
     3	5.77838075576e-09
     4	1.09881690208e-08
     5	9.05839011423e-09
     6	7.85459328295e-09
     7	1.59426228547e-08
     8	1.30334340739e-08
     9	1.12241972343e-08

Measurement: edge100_ro55
  step	V(ro55_out)={VTHRESH} 
     1	6.74414115512e-09
     2	5.85433364324e-09
     3	5.26652208238e-09
     4	9.06307204047e-09
     5	7.76256677192e-09
     6	6.90478960763e-09
     7	1.27310644989e-08
     8	1.08343086205e-08
     9	9.58604182385e-09

Measurement: edge100_ro56
  step	V(ro56_out)={VTHRESH} 
     1	7.55798042644e-09
     2	6.40280454953e-09
     3	5.67024250826e-09
     4	1.05225209582e-08
     5	8.76214584392e-09
     6	7.64338176653e-09
     7	1.51799252164e-08
     8	1.25409831588e-08
     9	1.0868806519e-08

Measurement: edge100_ro57
  step	V(ro57_out)={VTHRESH} 
     1	6.94313379997e-09
     2	5.99130925729e-09
     3	5.36569065713e-09
     4	9.44609089578e-09
     5	8.01899389217e-09
     6	7.09236677485e-09
     7	1.33713240159e-08
     8	1.12728800336e-08
     9	9.91327863268e-09

Measurement: edge100_ro58
  step	V(ro58_out)={VTHRESH} 
     1	6.88911605101e-09
     2	5.95397667181e-09
     3	5.34970443272e-09
     4	9.28209809686e-09
     5	7.92038377536e-09
     6	7.02379711799e-09
     7	1.30778786214e-08
     8	1.10879899991e-08
     9	9.78116570786e-09

Measurement: edge100_ro59
  step	V(ro59_out)={VTHRESH} 
     1	7.23087902683e-09
     2	6.18586476381e-09
     3	5.50870181786e-09
     4	9.9281654049e-09
     5	8.35448178544e-09
     6	7.34055844315e-09
     7	1.41730175173e-08
     8	1.18392645393e-08
     9	1.03409118634e-08

Measurement: edge100_ro60
  step	V(ro60_out)={VTHRESH} 
     1	7.22094830959e-09
     2	6.17644312333e-09
     3	5.5000244887e-09
     4	9.92712729024e-09
     5	8.35029227321e-09
     6	7.33689966237e-09
     7	1.41819351638e-08
     8	1.1839190291e-08
     9	1.03383965343e-08

Measurement: edge100_ro61
  step	V(ro61_out)={VTHRESH} 
     1	7.81796301262e-09
     2	6.57822971988e-09
     3	5.78992770599e-09
     4	1.09930054952e-08
     5	9.06968421245e-09
     6	7.86585125493e-09
     7	1.59587350323e-08
     8	1.30588127454e-08
     9	1.124903758e-08

Measurement: edge100_ro62
  step	V(ro62_out)={VTHRESH} 
     1	7.35222113513e-09
     2	6.25819019199e-09
     3	5.55554969087e-09
     4	1.01379480414e-08
     5	8.47068877545e-09
     6	7.4201726702e-09
     7	1.45031180505e-08
     8	1.20200614867e-08
     9	1.04606979087e-08

Measurement: edge100_ro63
  step	V(ro63_out)={VTHRESH} 
     1	7.04045323667e-09
     2	6.06703814432e-09
     3	5.42408818372e-09
     4	9.58902227479e-09
     5	8.13482735639e-09
     6	7.18627637465e-09
     7	1.36059656559e-08
     8	1.14640850866e-08
     9	1.00710862971e-08

Measurement: edge100_ro64
  step	V(ro64_out)={VTHRESH} 
     1	6.99261943766e-09
     2	6.02421094723e-09
     3	5.38827100846e-09
     4	9.5279543206e-09
     5	8.07432095887e-09
     6	7.13672494138e-09
     7	1.34864861881e-08
     8	1.13499957735e-08
     9	9.97207798302e-09

Measurement: edge100_ro65
  step	V(ro65_out)={VTHRESH} 
     1	7.75841533992e-09
     2	6.51452952345e-09
     3	5.73310630738e-09
     4	1.09465881186e-08
     5	8.98529341725e-09
     6	7.7804451173e-09
     7	1.59252718496e-08
     8	1.29495907356e-08
     9	1.11282991828e-08

Measurement: edge100_ro66
  step	V(ro66_out)={VTHRESH} 
     1	7.26419877392e-09
     2	6.21667772551e-09
     3	5.53384158811e-09
     4	9.97106668174e-09
     5	8.39496016769e-09
     6	7.37570225529e-09
     7	1.42428800092e-08
     8	1.19067436067e-08
     9	1.03996639992e-08

Measurement: edge100_ro67
  step	V(ro67_out)={VTHRESH} 
     1	7.34165602337e-09
     2	6.26919603608e-09
     3	5.56873165176e-09
     4	1.01298318209e-08
     5	8.49732719825e-09
     6	7.44792334866e-09
     7	1.45095470537e-08
     8	1.20823265859e-08
     9	1.05262506224e-08

Measurement: edge100_ro68
  step	V(ro68_out)={VTHRESH} 
     1	8.09936393457e-09
     2	6.75319969999e-09
     3	5.91054586337e-09
     4	1.14845554895e-08
     5	9.36362627728e-09
     6	8.06436754097e-09
     7	1.67723284835e-08
     8	1.35492542899e-08
     9	1.15821793862e-08

Measurement: edge100_ro69
  step	V(ro69_out)={VTHRESH} 
     1	7.82835956588e-09
     2	6.56955626026e-09
     3	5.79237494314e-09
     4	1.10062252648e-08
     5	9.07359596194e-09
     6	7.86649711031e-09
     7	1.59707367398e-08
     8	1.30579368018e-08
     9	1.12447043308e-08

Measurement: edge100_ro70
  step	V(ro70_out)={VTHRESH} 
     1	7.86953269132e-09
     2	6.60478739603e-09
     3	5.80771238163e-09
     4	1.11048146918e-08
     5	9.13697729017e-09
     6	7.91043681335e-09
     7	1.6171033997e-08
     8	1.31926790688e-08
     9	1.13399184089e-08

Measurement: edge100_ro71
  step	V(ro71_out)={VTHRESH} 
     1	7.73789076303e-09
     2	6.53070653611e-09
     3	5.75188725601e-09
     4	1.09249644109e-08
     5	9.01859730537e-09
     6	7.82314262159e-09
     7	1.58854150398e-08
     8	1.30042450694e-08
     9	1.12022720213e-08

Measurement: edge100_ro72
  step	V(ro72_out)={VTHRESH} 
     1	7.86762280146e-09
     2	6.62003451949e-09
     3	5.82591670412e-09
     4	1.10573313995e-08
     5	9.13420655138e-09
     6	7.92012534708e-09
     7	1.60729458538e-08
     8	1.31728155409e-08
     9	1.13462326875e-08

Measurement: edge100_ro73
  step	V(ro73_out)={VTHRESH} 
     1	7.33762112039e-09
     2	6.26320757312e-09
     3	5.55246333098e-09
     4	1.01574974545e-08
     5	8.50402943785e-09
     6	7.44935067117e-09
     7	1.45630861867e-08
     8	1.20981085809e-08
     9	1.0529963661e-08

Measurement: edge100_ro74
  step	V(ro74_out)={VTHRESH} 
     1	7.21636867188e-09
     2	6.17000335918e-09
     3	5.49991123112e-09
     4	9.91386560441e-09
     5	8.34137960943e-09
     6	7.33107495617e-09
     7	1.41537435557e-08
     8	1.18219170521e-08
     9	1.03267913796e-08

Measurement: edge100_ro75
  step	V(ro75_out)={VTHRESH} 
     1	7.12116072284e-09
     2	6.11751823255e-09
     3	5.45630739875e-09
     4	9.74098513611e-09
     5	8.23109592392e-09
     6	7.25296689332e-09
     7	1.38698615478e-08
     8	1.16358928902e-08
     9	1.01926071848e-08

Measurement: edge100_ro76
  step	V(ro76_out)={VTHRESH} 
     1	7.28186124976e-09
     2	6.22020576995e-09
     3	5.53859463283e-09
     4	9.99996095187e-09
     5	8.40911731059e-09
     6	7.38475935569e-09
     7	1.42859402596e-08
     8	1.19274630178e-08
     9	1.04122271838e-08

Measurement: edge100_ro77
  step	V(ro77_out)={VTHRESH} 
     1	7.53752417483e-09
     2	6.39029677029e-09
     3	5.66052570391e-09
     4	1.04544233577e-08
     5	8.71676236198e-09
     6	7.60946540105e-09
     7	1.50505663354e-08
     8	1.24523994654e-08
     9	1.08026577938e-08

Measurement: edge100_ro78
  step	V(ro78_out)={VTHRESH} 
     1	7.37170215186e-09
     2	6.28906981884e-09
     3	5.58557100084e-09
     4	1.01561925922e-08
     5	8.51628645664e-09
     6	7.46462309422e-09
     7	1.45313799095e-08
     8	1.20959423085e-08
     9	1.0539220914e-08

Measurement: edge100_ro79
  step	V(ro79_out)={VTHRESH} 
     1	7.60974841395e-09
     2	6.44614949968e-09
     3	5.69638011538e-09
     4	1.05918632441e-08
     5	8.80843008792e-09
     6	7.67712978428e-09
     7	1.52826758297e-08
     8	1.2611940806e-08
     9	1.09219046213e-08

Measurement: edge100_ro80
  step	V(ro80_out)={VTHRESH} 
     1	7.26749150593e-09
     2	6.21307168784e-09
     3	5.53203754767e-09
     4	9.98170087613e-09
     5	8.39586376205e-09
     6	7.37374164675e-09
     7	1.42590638102e-08
     8	1.19070322418e-08
     9	1.03952432504e-08

Measurement: edge100_ro81
  step	V(ro81_out)={VTHRESH} 
     1	7.41158184839e-09
     2	6.30904482635e-09
     3	5.59434330341e-09
     4	1.02713891263e-08
     5	8.58437498905e-09
     6	7.51071984695e-09
     7	1.47487132785e-08
     8	1.22317044291e-08
     9	1.06336406646e-08

Measurement: edge100_ro82
  step	V(ro82_out)={VTHRESH} 
     1	7.27770485409e-09
     2	6.22432884319e-09
     3	5.54423639617e-09
     4	9.86931855949e-09
     5	8.3923001053e-09
     6	7.37420250966e-09
     7	1.40769331169e-08
     8	1.18847945071e-08
     9	1.03824300678e-08

Measurement: edge100_ro83
  step	V(ro83_out)={VTHRESH} 
     1	7.61139517144e-09
     2	6.42398637157e-09
     3	5.67909143917e-09
     4	1.06093881223e-08
     5	8.79154252973e-09
     6	7.65276634487e-09
     7	1.53036924379e-08
     8	1.25795334198e-08
     9	1.08776111177e-08

Measurement: edge100_ro84
  step	V(ro84_out)={VTHRESH} 
     1	7.76944311524e-09
     2	6.54509707497e-09
     3	5.77565782088e-09
     4	1.08988645118e-08
     5	9.02230569793e-09
     6	7.83585712983e-09
     7	1.58074431557e-08
     8	1.2983888535e-08
     9	1.12031384716e-08

Measurement: edge100_ro85
  step	V(ro85_out)={VTHRESH} 
     1	7.73760560736e-09
     2	6.53861406577e-09
     3	5.74967313567e-09
     4	1.08707697289e-08
     5	8.98984559579e-09
     6	7.80824454365e-09
     7	1.57668752353e-08
     8	1.29336280619e-08
     9	1.11586714895e-08

Measurement: edge100_ro86
  step	V(ro86_out)={VTHRESH} 
     1	7.32755822912e-09
     2	6.25610982027e-09
     3	5.5625725985e-09
     4	1.00353928647e-08
     5	8.4306898388e-09
     6	7.40032305636e-09
     7	1.43080987579e-08
     8	1.19339822536e-08
     9	1.04140546526e-08

Measurement: edge100_ro87
  step	V(ro87_out)={VTHRESH} 
     1	7.27241714981e-09
     2	6.22173395409e-09
     3	5.54014595323e-09
     4	9.99626117496e-09
     5	8.41449963644e-09
     6	7.39258431761e-09
     7	1.42854741911e-08
     8	1.19386645581e-08
     9	1.04268154746e-08

Measurement: edge100_ro88
  step	V(ro88_out)={VTHRESH} 
     1	7.34474523847e-09
     2	6.26296139225e-09
     3	5.55601670878e-09
     4	1.01257921508e-08
     5	8.50105739236e-09
     6	7.45395630534e-09
     7	1.4519681323e-08
     8	1.21002356555e-08
     9	1.05455870396e-08

Measurement: edge100_ro89
  step	V(ro89_out)={VTHRESH} 
     1	6.94342816626e-09
     2	5.98765180196e-09
     3	5.36523394569e-09
     4	9.42636226943e-09
     5	8.01190786006e-09
     6	7.091529831e-09
     7	1.3342351021e-08
     8	1.1263326357e-08
     9	9.91447508386e-09

Measurement: edge100_ro90
  step	V(ro90_out)={VTHRESH} 
     1	8.33205313612e-09
     2	6.9331582115e-09
     3	6.0337778378e-09
     4	1.19587142411e-08
     5	9.70829010336e-09
     6	8.32563781704e-09
     7	1.76125826758e-08
     8	1.41729101784e-08
     9	1.20658034288e-08

Measurement: edge100_ro91
  step	V(ro91_out)={VTHRESH} 
     1	7.01366755644e-09
     2	6.03319173472e-09
     3	5.39547893519e-09
     4	9.57463928445e-09
     5	8.10185069419e-09
     6	7.15117819384e-09
     7	1.35977099815e-08
     8	1.14201376659e-08
     9	1.00197725009e-08

Measurement: edge100_ro92
  step	V(ro92_out)={VTHRESH} 
     1	7.11991739474e-09
     2	6.09944965339e-09
     3	5.43797204515e-09
     4	9.76431213235e-09
     5	8.2170664632e-09
     6	7.22957561081e-09
     7	1.39149557361e-08
     8	1.16169700024e-08
     9	1.01564369931e-08

Measurement: edge100_ro93
  step	V(ro93_out)={VTHRESH} 
     1	7.22379802405e-09
     2	6.18564862151e-09
     3	5.51930696746e-09
     4	9.89539168808e-09
     5	8.34947579588e-09
     6	7.34700293236e-09
     7	1.41090027033e-08
     8	1.18215900685e-08
     9	1.03420181258e-08

Measurement: edge100_ro94
  step	V(ro94_out)={VTHRESH} 
     1	7.96790820936e-09
     2	6.67000198923e-09
     3	5.85481216316e-09
     4	1.12752969948e-08
     5	9.25154171228e-09
     6	7.99230151212e-09
     7	1.64528339284e-08
     8	1.33864908422e-08
     9	1.14835385561e-08

Measurement: edge100_ro95
  step	V(ro95_out)={VTHRESH} 
     1	7.14154556049e-09
     2	6.14811097206e-09
     3	5.47827386407e-09
     4	9.75621429611e-09
     5	8.25412053839e-09
     6	7.27586088597e-09
     7	1.38804770094e-08
     8	1.16629853046e-08
     9	1.02220250287e-08

Measurement: edge100_ro96
  step	V(ro96_out)={VTHRESH} 
     1	7.23533236443e-09
     2	6.18052149824e-09
     3	5.50315789998e-09
     4	9.95905492619e-09
     5	8.36210989113e-09
     6	7.34164999598e-09
     7	1.42342887428e-08
     8	1.18589702941e-08
     9	1.03461675378e-08

Measurement: edge100_ro97
  step	V(ro97_out)={VTHRESH} 
     1	7.33950424972e-09
     2	6.23791579956e-09
     3	5.53963913825e-09
     4	1.01590005784e-08
     5	8.47764126792e-09
     6	7.42116899363e-09
     7	1.45731987448e-08
     8	1.20586244794e-08
     9	1.0484810512e-08

Measurement: edge100_ro98
  step	V(ro98_out)={VTHRESH} 
     1	7.10702933779e-09
     2	6.11685986944e-09
     3	5.46109362358e-09
     4	9.68627058049e-09
     5	8.20806290287e-09
     6	7.24292465911e-09
     7	1.37573573272e-08
     8	1.1580044759e-08
     9	1.01614561342e-08

Measurement: edge100_ro99
  step	V(ro99_out)={VTHRESH} 
     1	7.13586232103e-09
     2	6.14399672381e-09
     3	5.46538958241e-09
     4	9.78179371514e-09
     5	8.25823555256e-09
     6	7.27358003492e-09
     7	1.3928767679e-08
     8	1.16749068406e-08
     9	1.022176743e-08

Measurement: edge100_ro100
  step	V(ro100_out)={VTHRESH} 
     1	7.20559994241e-09
     2	6.16348884032e-09
     3	5.49357747287e-09
     4	9.8856665404e-09
     5	8.32352796355e-09
     6	7.31558837134e-09
     7	1.41035551776e-08
     8	1.17861250812e-08
     9	1.02987212555e-08

Measurement: edge100_ro101
  step	V(ro101_out)={VTHRESH} 
     1	7.65111507206e-09
     2	6.46266267174e-09
     3	5.71419891395e-09
     4	1.0694306019e-08
     5	8.8699614709e-09
     6	7.71747242527e-09
     7	1.54784822422e-08
     8	1.27338592191e-08
     9	1.1005665936e-08

Measurement: edge100_ro102
  step	V(ro102_out)={VTHRESH} 
     1	7.35789351189e-09
     2	6.26679855892e-09
     3	5.56573857726e-09
     4	1.0171189052e-08
     5	8.51136874747e-09
     6	7.45490944308e-09
     7	1.45859752445e-08
     8	1.21126913685e-08
     9	1.0543500972e-08

Measurement: edge100_ro103
  step	V(ro103_out)={VTHRESH} 
     1	8.04616455204e-09
     2	6.72723033947e-09
     3	5.90262193248e-09
     4	1.14093886448e-08
     5	9.34529903612e-09
     6	8.064192228e-09
     7	1.66748065662e-08
     8	1.35416897609e-08
     9	1.16018517317e-08

Measurement: edge100_ro104
  step	V(ro104_out)={VTHRESH} 
     1	7.15639582749e-09
     2	6.15028725998e-09
     3	5.48278975736e-09
     4	9.75390808906e-09
     5	8.24779958554e-09
     6	7.26813993539e-09
     7	1.3860551925e-08
     8	1.16410397698e-08
     9	1.02007450821e-08

Measurement: edge100_ro105
  step	V(ro105_out)={VTHRESH} 
     1	7.35109794421e-09
     2	6.27898573109e-09
     3	5.58174190567e-09
     4	1.01449807335e-08
     5	8.51888956054e-09
     6	7.46936859524e-09
     7	1.45385866302e-08
     8	1.21192634255e-08
     9	1.05632381698e-08

Measurement: edge100_ro106
  step	V(ro106_out)={VTHRESH} 
     1	6.99839220994e-09
     2	6.03418644929e-09
     3	5.39995072417e-09
     4	9.50602998073e-09
     5	8.07115454897e-09
     6	7.13481774512e-09
     7	1.34581148389e-08
     8	1.13490144493e-08
     9	9.97851732376e-09

Measurement: edge100_ro107
  step	V(ro107_out)={VTHRESH} 
     1	7.27931874044e-09
     2	6.22012082592e-09
     3	5.54298909398e-09
     4	9.99271097349e-09
     5	8.40177489329e-09
     6	7.37957968544e-09
     7	1.42705095653e-08
     8	1.19134027717e-08
     9	1.04026406536e-08

Measurement: edge100_ro108
  step	V(ro108_out)={VTHRESH} 
     1	7.24895983205e-09
     2	6.20303250107e-09
     3	5.52469317657e-09
     4	9.93634662915e-09
     5	8.36637523427e-09
     6	7.35241340271e-09
     7	1.41752277056e-08
     8	1.1849466131e-08
     9	1.03523141257e-08

Measurement: edge100_ro109
  step	V(ro109_out)={VTHRESH} 
     1	7.49149749504e-09
     2	6.35656111652e-09
     3	5.64011613965e-09
     4	1.03859925892e-08
     5	8.67120428593e-09
     6	7.57673979606e-09
     7	1.49419634624e-08
     8	1.23805653587e-08
     9	1.07499950367e-08

Measurement: edge100_ro110
  step	V(ro110_out)={VTHRESH} 
     1	7.73042786016e-09
     2	6.51053506156e-09
     3	5.7388126293e-09
     4	1.0839337146e-08
     5	8.95418179428e-09
     6	7.77623668653e-09
     7	1.57147437232e-08
     8	1.28731569574e-08
     9	1.11029276254e-08

Measurement: edge100_ro111
  step	V(ro111_out)={VTHRESH} 
     1	7.53996848488e-09
     2	6.39167698992e-09
     3	5.66068923813e-09
     4	1.04235342596e-08
     5	8.69655170456e-09
     6	7.59340319331e-09
     7	1.49809595369e-08
     8	1.2406880991e-08
     9	1.07673949503e-08

Measurement: edge100_ro112
  step	V(ro112_out)={VTHRESH} 
     1	7.45082379563e-09
     2	6.34724543656e-09
     3	5.6176375209e-09
     4	1.0309283104e-08
     5	8.62084868714e-09
     6	7.53818942706e-09
     7	1.48099589615e-08
     8	1.22929648395e-08
     9	1.06869788391e-08

Measurement: edge100_ro113
  step	V(ro113_out)={VTHRESH} 
     1	7.34492586022e-09
     2	6.25494388211e-09
     3	5.55887996127e-09
     4	1.01276496207e-08
     5	8.48520695912e-09
     6	7.43608386237e-09
     7	1.45063387667e-08
     8	1.20622177868e-08
     9	1.05052482569e-08

Measurement: edge100_ro114
  step	V(ro114_out)={VTHRESH} 
     1	7.5503031226e-09
     2	6.40804907974e-09
     3	5.66998955486e-09
     4	1.05405447334e-08
     5	8.76809613238e-09
     6	7.64508915323e-09
     7	1.52099924948e-08
     8	1.25513608536e-08
     9	1.08722596082e-08

Measurement: edge100_ro115
  step	V(ro115_out)={VTHRESH} 
     1	7.04994558102e-09
     2	6.06009965477e-09
     3	5.41044248766e-09
     4	9.63770167942e-09
     5	8.1463680715e-09
     6	7.18432895314e-09
     7	1.36998154511e-08
     8	1.14969041965e-08
     9	1.00787038668e-08

Measurement: edge100_ro116
  step	V(ro116_out)={VTHRESH} 
     1	7.17220655689e-09
     2	6.14715079834e-09
     3	5.48001463778e-09
     4	9.81852791175e-09
     5	8.27630070553e-09
     6	7.28462009072e-09
     7	1.39804800789e-08
     8	1.16989163719e-08
     9	1.02365385965e-08

Measurement: edge100_ro117
  step	V(ro117_out)={VTHRESH} 
     1	7.16786289572e-09
     2	6.13557296565e-09
     3	5.46546559438e-09
     4	9.86462840075e-09
     5	8.29006000207e-09
     6	7.28801893883e-09
     7	1.40773082609e-08
     8	1.17378930776e-08
     9	1.02536972241e-08

Measurement: edge100_ro118
  step	V(ro118_out)={VTHRESH} 
     1	7.5306506077e-09
     2	6.36401955275e-09
     3	5.63144511811e-09
     4	1.05050746835e-08
     5	8.71307665786e-09
     6	7.59234180949e-09
     7	1.51640703959e-08
     8	1.24661058923e-08
     9	1.07867593682e-08

Measurement: edge100_ro119
  step	V(ro119_out)={VTHRESH} 
     1	7.28475310253e-09
     2	6.20157371883e-09
     3	5.51907879041e-09
     4	1.00503658423e-08
     5	8.40945249259e-09
     6	7.3722327384e-09
     7	1.43713672755e-08
     8	1.19318598681e-08
     9	1.03887950695e-08

Measurement: edge100_ro120
  step	V(ro120_out)={VTHRESH} 
     1	7.449718487e-09
     2	6.34264560867e-09
     3	5.62483986199e-09
     4	1.03218411066e-08
     5	8.63608792805e-09
     6	7.55594505957e-09
     7	1.48316414661e-08
     8	1.23170707899e-08
     9	1.07100435419e-08

Measurement: edge100_ro121
  step	V(ro121_out)={VTHRESH} 
     1	7.675940978e-09
     2	6.48424026003e-09
     3	5.72664810933e-09
     4	1.07270233429e-08
     5	8.89685193291e-09
     6	7.73976202049e-09
     7	1.55254145656e-08
     8	1.27717524196e-08
     9	1.10372548529e-08

Measurement: edge100_ro122
  step	V(ro122_out)={VTHRESH} 
     1	7.32804651741e-09
     2	6.25863953216e-09
     3	5.56125802023e-09
     4	1.00771959129e-08
     5	8.46423089427e-09
     6	7.42779024846e-09
     7	1.44077188111e-08
     8	1.20124870533e-08
     9	1.0477819363e-08

Measurement: edge100_ro123
  step	V(ro123_out)={VTHRESH} 
     1	7.3089563872e-09
     2	6.24215513093e-09
     3	5.5590149739e-09
     4	1.00940374136e-08
     5	8.46819479706e-09
     6	7.42750228525e-09
     7	1.44582222105e-08
     8	1.20379861945e-08
     9	1.04927241454e-08

Measurement: edge100_ro124
  step	V(ro124_out)={VTHRESH} 
     1	7.58404579695e-09
     2	6.41680584833e-09
     3	5.67593819962e-09
     4	1.05993515165e-08
     5	8.79924406678e-09
     6	7.66556094541e-09
     7	1.53185790891e-08
     8	1.26143358345e-08
     9	1.0916459798e-08

Measurement: edge100_ro125
  step	V(ro125_out)={VTHRESH} 
     1	7.21187643953e-09
     2	6.16349924905e-09
     3	5.50981274736e-09
     4	9.87381813765e-09
     5	8.33122707276e-09
     6	7.33422602779e-09
     7	1.4070371296e-08
     8	1.17894093677e-08
     9	1.0315527158e-08

Measurement: edge100_ro126
  step	V(ro126_out)={VTHRESH} 
     1	7.23358297075e-09
     2	6.18622708629e-09
     3	5.50956823955e-09
     4	9.91073793558e-09
     5	8.3324427065e-09
     6	7.32395685399e-09
     7	1.41267321509e-08
     8	1.17883306532e-08
     9	1.02951164942e-08

Measurement: edge100_ro127
  step	V(ro127_out)={VTHRESH} 
     1	7.6399688496e-09
     2	6.44827594068e-09
     3	5.69689814692e-09
     4	1.07081147304e-08
     5	8.85909272e-09
     6	7.70455481814e-09
     7	1.55069597015e-08
     8	1.27166245321e-08
     9	1.09817000167e-08
