LTspice 26.0.2 for Windows
Circuit: C:\Users\JUST\Documents\LTspice\RO_PUF_PVT_100\chip_046_PVT.net
Start Time: Mon Jul 20 01:44:25 2026
Options:plotwinsize=0 numdgt=10 reltol=1e-4 abstol=1e-12 vntol=1e-6 reltol=0.003 vntol=1m abstol=1e-10 gmin=1e-10 threads=1

.step vddval=0.9 temp=-20°
solver = Normal
Maximum thread count: 1
tnom = 27
temp = -20
method = trap
gmin = 1e-10
abstol = 1e-10
reltol = 0.003
volttol = 0.001
Per .tran options, skipping operating point for transient analysis.

.step vddval=1 temp=-20°

.step vddval=1.1 temp=-20°

.step vddval=0.9 temp=25°

.step vddval=1 temp=25°

.step vddval=1.1 temp=25°

.step vddval=0.9 temp=80°

.step vddval=1 temp=80°

.step vddval=1.1 temp=80°
Total elapsed time: 2022.833 seconds.

Files loaded:
C:\Users\JUST\Documents\LTspice\RO_PUF_PVT_100\chip_046_PVT.net
C:\Users\JUST\Documents\LTspice\RO_PUF_PVT_100\45nm_HP.pm
C:\Users\JUST\Documents\LTspice\RO_PUF_PVT_100\chip_046_mismatch.inc


Measurement: t_ro0
  step	t_ro0	FROM	TO
     1	5.98860376501e-09	1.43868308139e-09	7.4272868464e-09
     2	5.11237632824e-09	1.22686496878e-09	6.33924129702e-09
     3	4.52294141864e-09	1.0831045238e-09	5.60604594243e-09
     4	8.29722574596e-09	1.99398053253e-09	1.02912062785e-08
     5	6.9405079483e-09	1.66532081234e-09	8.60582876064e-09
     6	6.07371742275e-09	1.45535634688e-09	7.52907376963e-09
     7	1.19208001493e-08	2.86486211795e-09	1.47856622673e-08
     8	9.89635559144e-09	2.37501784172e-09	1.22713734332e-08
     9	8.60549949312e-09	2.0628264397e-09	1.06683259328e-08

Measurement: t_ro1
  step	t_ro1	FROM	TO
     1	5.82834542777e-09	1.40469589974e-09	7.23304132751e-09
     2	4.98765150107e-09	1.20150116491e-09	6.18915266598e-09
     3	4.44320990452e-09	1.0693110468e-09	5.51252095132e-09
     4	7.99777683622e-09	1.92942954294e-09	9.92720637917e-09
     5	6.73023414305e-09	1.62301229662e-09	8.35324643967e-09
     6	5.91849267557e-09	1.42590112677e-09	7.34439380234e-09
     7	1.1408643454e-08	2.7547246466e-09	1.41633681006e-08
     8	9.53555882687e-09	2.30082940387e-09	1.18363882307e-08
     9	8.33216935857e-09	2.00943839444e-09	1.0341607753e-08

Measurement: t_ro2
  step	t_ro2	FROM	TO
     1	6.25969370043e-09	1.50084702889e-09	7.76054072933e-09
     2	5.28000030443e-09	1.26408646201e-09	6.54408676644e-09
     3	4.63999832378e-09	1.1093692921e-09	5.74936761588e-09
     4	8.78010614325e-09	2.1050689613e-09	1.08851751045e-08
     5	7.26131912526e-09	1.73779009661e-09	8.99910922187e-09
     6	6.30628706225e-09	1.50791433883e-09	7.81420140108e-09
     7	1.27331576838e-08	3.05224428398e-09	1.57854019677e-08
     8	1.04443562405e-08	2.49930638071e-09	1.29436626212e-08
     9	9.00958848407e-09	2.15399155866e-09	1.11635800427e-08

Measurement: t_ro3
  step	t_ro3	FROM	TO
     1	6.16451855166e-09	1.48071269487e-09	7.64523124654e-09
     2	5.21802474394e-09	1.25111338726e-09	6.4691381312e-09
     3	4.61233672123e-09	1.10431289586e-09	5.71664961709e-09
     4	8.61807000958e-09	2.0706988725e-09	1.06887688821e-08
     5	7.16191954119e-09	1.71781790205e-09	8.87973744324e-09
     6	6.23784290216e-09	1.49426347556e-09	7.73210637772e-09
     7	1.24709319536e-08	2.99653004377e-09	1.54674619974e-08
     8	1.02825667841e-08	2.46658748625e-09	1.27491542703e-08
     9	8.89741653477e-09	2.13166640797e-09	1.10290829427e-08

Measurement: t_ro4
  step	t_ro4	FROM	TO
     1	5.38368325187e-09	1.28663621543e-09	6.6703194673e-09
     2	4.6822906346e-09	1.118039178e-09	5.8003298126e-09
     3	4.2198322248e-09	1.00731422355e-09	5.22714644835e-09
     4	7.24178334775e-09	1.73042924621e-09	8.97221259395e-09
     5	6.20877320189e-09	1.482267852e-09	7.69104105389e-09
     6	5.52985862872e-09	1.31967401721e-09	6.84953264593e-09
     7	1.0159166139e-08	2.42672752564e-09	1.25858936647e-08
     8	8.65184988245e-09	2.06505020845e-09	1.07169000909e-08
     9	7.66540058114e-09	1.82888417355e-09	9.49428475469e-09

Measurement: t_ro5
  step	t_ro5	FROM	TO
     1	5.71097889627e-09	1.36786225904e-09	7.07884115531e-09
     2	4.91316917614e-09	1.17487885425e-09	6.08804803038e-09
     3	4.38915580773e-09	1.0486476641e-09	5.43780347183e-09
     4	7.79318632344e-09	1.86668618959e-09	9.65987251302e-09
     5	6.60012013188e-09	1.57858253194e-09	8.17870266382e-09
     6	5.82447609615e-09	1.39172734814e-09	7.21620344429e-09
     7	1.10787189148e-08	2.65343986351e-09	1.37321587783e-08
     8	9.31774185774e-09	2.22851409333e-09	1.15462559511e-08
     9	8.17497019612e-09	1.95332545699e-09	1.01282956531e-08

Measurement: t_ro6
  step	t_ro6	FROM	TO
     1	5.98667340712e-09	1.43683289665e-09	7.42350630377e-09
     2	5.11595604558e-09	1.22696440918e-09	6.34292045476e-09
     3	4.52396464295e-09	1.08360684629e-09	5.60757148925e-09
     4	8.25534084625e-09	1.98183075758e-09	1.02371716038e-08
     5	6.91347792814e-09	1.65780949118e-09	8.57128741932e-09
     6	6.0531448565e-09	1.45030065115e-09	7.50344550764e-09
     7	1.18336335718e-08	2.84080626787e-09	1.46744398396e-08
     8	9.83748652346e-09	2.35917645314e-09	1.21966629766e-08
     9	8.56077549271e-09	2.05145048649e-09	1.06122259792e-08

Measurement: t_ro7
  step	t_ro7	FROM	TO
     1	5.83934766258e-09	1.41292006977e-09	7.25226773235e-09
     2	4.99791753632e-09	1.20722533957e-09	6.20514287588e-09
     3	4.45329056872e-09	1.07506833693e-09	5.52835890565e-09
     4	8.02995858757e-09	1.94538536784e-09	9.97534395541e-09
     5	6.75466112094e-09	1.63338206944e-09	8.38804319037e-09
     6	5.93555624627e-09	1.43389069936e-09	7.36944694563e-09
     7	1.14712786887e-08	2.7810113732e-09	1.42522900619e-08
     8	9.57700732933e-09	2.31758907382e-09	1.18945964032e-08
     9	8.36389419906e-09	2.022029423e-09	1.03859236221e-08

Measurement: t_ro8
  step	t_ro8	FROM	TO
     1	5.58968111564e-09	1.33769223317e-09	6.92737334881e-09
     2	4.82481509996e-09	1.1534959357e-09	5.97831103565e-09
     3	4.32528442158e-09	1.03390455712e-09	5.3591889787e-09
     4	7.57399502911e-09	1.81271493692e-09	9.38670996604e-09
     5	6.44818509505e-09	1.54145768547e-09	7.98964278052e-09
     6	5.71154110635e-09	1.3645743903e-09	7.07611549665e-09
     7	1.07088191744e-08	2.56223944042e-09	1.32710586148e-08
     8	9.05488044985e-09	2.16414248229e-09	1.12190229321e-08
     9	7.97561943765e-09	1.9051666879e-09	9.88078612555e-09

Measurement: t_ro9
  step	t_ro9	FROM	TO
     1	5.71364205473e-09	1.36769524229e-09	7.08133729702e-09
     2	4.90725728267e-09	1.17378510575e-09	6.08104238842e-09
     3	4.37851699066e-09	1.04694875224e-09	5.4254657429e-09
     4	7.78627196073e-09	1.86414871125e-09	9.65042067198e-09
     5	6.57711773738e-09	1.57363469267e-09	8.15075243005e-09
     6	5.79861899493e-09	1.38660161122e-09	7.18522060615e-09
     7	1.1055860783e-08	2.64658174361e-09	1.37024425266e-08
     8	9.27136059806e-09	2.21811116493e-09	1.1489471763e-08
     9	8.12546560333e-09	1.94293442795e-09	1.00684000313e-08

Measurement: t_ro10
  step	t_ro10	FROM	TO
     1	5.9921991602e-09	1.43510990188e-09	7.42730906208e-09
     2	5.10560810242e-09	1.22134696237e-09	6.32695506479e-09
     3	4.51663339979e-09	1.08033209472e-09	5.59696549451e-09
     4	8.29823201495e-09	1.98744044602e-09	1.0285672461e-08
     5	6.92698367879e-09	1.65780143769e-09	8.58478511647e-09
     6	6.05716097113e-09	1.44881650366e-09	7.50597747479e-09
     7	1.19142364115e-08	2.85308776939e-09	1.47673241809e-08
     8	9.86482208557e-09	2.36077903406e-09	1.22256011196e-08
     9	8.56996867282e-09	2.04987070182e-09	1.06198393746e-08

Measurement: t_ro11
  step	t_ro11	FROM	TO
     1	5.7599991448e-09	1.38563672009e-09	7.14563586488e-09
     2	4.95626671301e-09	1.1897790782e-09	6.14604579121e-09
     3	4.41758352592e-09	1.060570846e-09	5.47815437191e-09
     4	7.88571566952e-09	1.89676906195e-09	9.78248473147e-09
     5	6.65851161811e-09	1.60024275584e-09	8.25875437396e-09
     6	5.86544949997e-09	1.40890163284e-09	7.27435113281e-09
     7	1.12210412453e-08	2.70006712904e-09	1.39211083744e-08
     8	9.40754836036e-09	2.26175672646e-09	1.16693050868e-08
     9	8.23813956184e-09	1.97972428222e-09	1.02178638441e-08

Measurement: t_ro12
  step	t_ro12	FROM	TO
     1	5.60585888097e-09	1.34259734655e-09	6.94845622752e-09
     2	4.85010005305e-09	1.16064028087e-09	6.01074033392e-09
     3	4.34218708749e-09	1.03852316917e-09	5.38071025667e-09
     4	7.61832972706e-09	1.82595843929e-09	9.44428816636e-09
     5	6.48060252144e-09	1.55109876766e-09	8.0317012891e-09
     6	5.73801169718e-09	1.37245269496e-09	7.11046439214e-09
     7	1.07709695347e-08	2.58126991741e-09	1.33522394521e-08
     8	9.10160873695e-09	2.17830519981e-09	1.12799139368e-08
     9	8.01452608976e-09	1.91676575527e-09	9.93129184503e-09

Measurement: t_ro13
  step	t_ro13	FROM	TO
     1	6.28018900837e-09	1.50674489125e-09	7.78693389962e-09
     2	5.2925541546e-09	1.2674760256e-09	6.5600301802e-09
     3	4.666232958e-09	1.1166587241e-09	5.7828916821e-09
     4	8.80648401043e-09	2.11318766638e-09	1.09196716768e-08
     5	7.28255457856e-09	1.74465045049e-09	9.02720502905e-09
     6	6.32285173936e-09	1.51328693289e-09	7.83613867225e-09
     7	1.27673095846e-08	3.06318451049e-09	1.58304940951e-08
     8	1.04750762593e-08	2.50942483264e-09	1.29845010919e-08
     9	9.03545394687e-09	2.16239975017e-09	1.1197853697e-08

Measurement: t_ro14
  step	t_ro14	FROM	TO
     1	6.09575341204e-09	1.46384413167e-09	7.55959754371e-09
     2	5.17630128369e-09	1.24152531742e-09	6.4178266011e-09
     3	4.58127969302e-09	1.09759575366e-09	5.67887544668e-09
     4	8.51821298889e-09	2.046695687e-09	1.05649086759e-08
     5	7.09190574478e-09	1.70183321867e-09	8.79373896345e-09
     6	6.18469723111e-09	1.48252110762e-09	7.66721833873e-09
     7	1.23041567607e-08	2.95660420383e-09	1.52607609646e-08
     8	1.01645606835e-08	2.43966567652e-09	1.260422636e-08
     9	8.80702229754e-09	2.11167964237e-09	1.09187019399e-08

Measurement: t_ro15
  step	t_ro15	FROM	TO
     1	5.82765151016e-09	1.39926839644e-09	7.22691990661e-09
     2	4.98798956312e-09	1.19634044904e-09	6.18433001216e-09
     3	4.44305721163e-09	1.06487234652e-09	5.50792955815e-09
     4	8.01542527854e-09	1.92530178623e-09	9.94072706476e-09
     5	6.74307320737e-09	1.61815002369e-09	8.36122323106e-09
     6	5.92462088605e-09	1.42121495053e-09	7.34583583658e-09
     7	1.1457877556e-08	2.752348441e-09	1.4210225997e-08
     8	9.56653870599e-09	2.29630269881e-09	1.18628414048e-08
     9	8.35544614668e-09	2.00459857535e-09	1.0360044722e-08

Measurement: t_ro16
  step	t_ro16	FROM	TO
     1	5.9574715184e-09	1.42540333325e-09	7.38287485165e-09
     2	5.07682129809e-09	1.21311674457e-09	6.28993804267e-09
     3	4.50897542718e-09	1.07676359637e-09	5.58573902356e-09
     4	8.24189990097e-09	1.97158374174e-09	1.02134836427e-08
     5	6.90256811476e-09	1.64925662426e-09	8.55182473902e-09
     6	6.04591006558e-09	1.44367187318e-09	7.48958193876e-09
     7	1.1826276583e-08	2.82805655446e-09	1.46543331375e-08
     8	9.82992999964e-09	2.34798196842e-09	1.21779119681e-08
     9	8.55587983044e-09	2.04233365706e-09	1.05982134875e-08

Measurement: t_ro17
  step	t_ro17	FROM	TO
     1	5.89541101617e-09	1.41741493982e-09	7.31282595599e-09
     2	5.03561655907e-09	1.20904963429e-09	6.24466619336e-09
     3	4.47999343208e-09	1.0740830698e-09	5.55407650187e-09
     4	8.13604041363e-09	1.95733161772e-09	1.00933720313e-08
     5	6.82555082292e-09	1.64005134492e-09	8.46560216784e-09
     6	5.98703275548e-09	1.43717409423e-09	7.42420684971e-09
     7	1.1646233599e-08	2.80266393235e-09	1.44488975313e-08
     8	9.69667328683e-09	2.3314897293e-09	1.20281630161e-08
     9	8.45264009714e-09	2.03073695012e-09	1.04833770473e-08

Measurement: t_ro18
  step	t_ro18	FROM	TO
     1	6.0149758886e-09	1.44601633178e-09	7.46099222038e-09
     2	5.11475187558e-09	1.22794899662e-09	6.3427008722e-09
     3	4.53539244229e-09	1.08769633116e-09	5.62308877345e-09
     4	8.34859760902e-09	2.0088572805e-09	1.03574548895e-08
     5	6.97068376051e-09	1.67514630262e-09	8.64583006313e-09
     6	6.09482787017e-09	1.46318395201e-09	7.55801182219e-09
     7	1.20080914592e-08	2.89138673768e-09	1.48994781969e-08
     8	9.94762473066e-09	2.3921552334e-09	1.23397799641e-08
     9	8.64207205694e-09	2.07645067365e-09	1.07185227306e-08

Measurement: t_ro19
  step	t_ro19	FROM	TO
     1	6.11211914985e-09	1.46525730642e-09	7.57737645627e-09
     2	5.17027855436e-09	1.23768803106e-09	6.40796658542e-09
     3	4.57054965296e-09	1.09299718277e-09	5.66354683574e-09
     4	8.52752382761e-09	2.04427651149e-09	1.05718003391e-08
     5	7.07699140442e-09	1.69445208567e-09	8.77144349008e-09
     6	6.16354278002e-09	1.47430095182e-09	7.63784373184e-09
     7	1.23179617896e-08	2.95248428107e-09	1.52704460707e-08
     8	1.01389204399e-08	2.42767405846e-09	1.25665944983e-08
     9	8.77080503376e-09	2.09805721149e-09	1.08688622452e-08

Measurement: t_ro20
  step	t_ro20	FROM	TO
     1	5.76939673765e-09	1.38662741641e-09	7.15602415405e-09
     2	4.95999737636e-09	1.18992927489e-09	6.14992665125e-09
     3	4.41811143786e-09	1.06009954259e-09	5.47821098045e-09
     4	7.92214638778e-09	1.90543900416e-09	9.82758539194e-09
     5	6.68361841278e-09	1.6062480791e-09	8.28986649188e-09
     6	5.88421746528e-09	1.413149087e-09	7.29736655227e-09
     7	1.13056518205e-08	2.72025101998e-09	1.40259028405e-08
     8	9.46746126484e-09	2.27643764859e-09	1.17438989134e-08
     9	8.28445153404e-09	1.99083876999e-09	1.0275290304e-08

Measurement: t_ro21
  step	t_ro21	FROM	TO
     1	5.69456154603e-09	1.36322053898e-09	7.05778208501e-09
     2	4.90683802948e-09	1.17318903191e-09	6.08002706139e-09
     3	4.38545225663e-09	1.04809705318e-09	5.43354930981e-09
     4	7.74655033876e-09	1.85470469079e-09	9.60125502955e-09
     5	6.57171515199e-09	1.57135026213e-09	8.14306541412e-09
     6	5.80408568213e-09	1.38701199955e-09	7.19109768168e-09
     7	1.09854917637e-08	2.62964001201e-09	1.36151317757e-08
     8	9.25636297229e-09	2.21281748874e-09	1.1469180461e-08
     9	8.12970720362e-09	1.9423954554e-09	1.0072102659e-08

Measurement: t_ro22
  step	t_ro22	FROM	TO
     1	5.83864448773e-09	1.40216697149e-09	7.24081145923e-09
     2	4.9961890156e-09	1.19856369684e-09	6.19475271244e-09
     3	4.45272413648e-09	1.0672691035e-09	5.51999323998e-09
     4	7.99907020647e-09	1.92150560553e-09	9.92057581199e-09
     5	6.74131204948e-09	1.61798244996e-09	8.35929449945e-09
     6	5.92796978633e-09	1.42158901184e-09	7.34955879817e-09
     7	1.14128124318e-08	2.74246530671e-09	1.41552777385e-08
     8	9.5529504304e-09	2.29342685359e-09	1.1846377284e-08
     9	8.35203374812e-09	2.00362661341e-09	1.03556603615e-08

Measurement: t_ro23
  step	t_ro23	FROM	TO
     1	6.23999987901e-09	1.4979098627e-09	7.7379097417e-09
     2	5.25610822616e-09	1.26004751533e-09	6.51615574149e-09
     3	4.63999814818e-09	1.11024180984e-09	5.75023995801e-09
     4	8.74841422728e-09	2.10058095988e-09	1.08489951872e-08
     5	7.23317422782e-09	1.73466929756e-09	8.96784352538e-09
     6	6.2819072073e-09	1.5049952573e-09	7.78690246459e-09
     7	1.26885580849e-08	3.0465179001e-09	1.5735075985e-08
     8	1.04051117972e-08	2.49557844092e-09	1.29006902381e-08
     9	8.97573879593e-09	2.15076574818e-09	1.11265045441e-08

Measurement: t_ro24
  step	t_ro24	FROM	TO
     1	6.12481075752e-09	1.47058120296e-09	7.59539196048e-09
     2	5.19342579301e-09	1.24525420723e-09	6.43868000024e-09
     3	4.59523202261e-09	1.10017775028e-09	5.69540977288e-09
     4	8.50959978365e-09	2.04344692728e-09	1.05530467109e-08
     5	7.09126651765e-09	1.70063234785e-09	8.79189886549e-09
     6	6.18689829069e-09	1.48210554762e-09	7.66900383831e-09
     7	1.22608327402e-08	2.94397856793e-09	1.52048113081e-08
     8	1.0140162466e-08	2.43215786457e-09	1.25723203306e-08
     9	8.79163716946e-09	2.10665213884e-09	1.08982893083e-08

Measurement: t_ro25
  step	t_ro25	FROM	TO
     1	6.28663219281e-09	1.5127039201e-09	7.79933611292e-09
     2	5.29939051974e-09	1.27385945473e-09	6.57324997447e-09
     3	4.67091915984e-09	1.12218377943e-09	5.79310293927e-09
     4	8.82248794193e-09	2.12427668864e-09	1.09467646306e-08
     5	7.30067613619e-09	1.75650142216e-09	9.05717755836e-09
     6	6.33815087172e-09	1.52379381835e-09	7.86194469007e-09
     7	1.28124707895e-08	3.08617670022e-09	1.58986474897e-08
     8	1.05185588942e-08	2.53189130411e-09	1.30504501984e-08
     9	9.07192550726e-09	2.18225617601e-09	1.12541816833e-08

Measurement: t_ro26
  step	t_ro26	FROM	TO
     1	6.14637197685e-09	1.47384914763e-09	7.62022112447e-09
     2	5.21141324628e-09	1.24742409942e-09	6.4588373457e-09
     3	4.60724607758e-09	1.10168773656e-09	5.70893381414e-09
     4	8.52227322088e-09	2.04416468163e-09	1.05664379025e-08
     5	7.09852516413e-09	1.69971323436e-09	8.7982383985e-09
     6	6.19135207976e-09	1.4809290341e-09	7.67228111386e-09
     7	1.22686001048e-08	2.94231409877e-09	1.52109142036e-08
     8	1.01412363472e-08	2.42833316079e-09	1.25695695079e-08
     9	8.78986849263e-09	2.10271850296e-09	1.08925869956e-08

Measurement: t_ro27
  step	t_ro27	FROM	TO
     1	6.00319146948e-09	1.44638431352e-09	7.449575783e-09
     2	5.12000404614e-09	1.23187476406e-09	6.3518788102e-09
     3	4.53464598375e-09	1.09097024121e-09	5.62561622496e-09
     4	8.27175183736e-09	1.99504151382e-09	1.02667933512e-08
     5	6.92857906669e-09	1.6694876373e-09	8.59806670399e-09
     6	6.06626874635e-09	1.46065670222e-09	7.52692544857e-09
     7	1.18568099981e-08	2.86136387916e-09	1.47181738773e-08
     8	9.85988679948e-09	2.37708858851e-09	1.2236975388e-08
     9	8.5808457648e-09	2.06737353165e-09	1.06482192965e-08

Measurement: t_ro28
  step	t_ro28	FROM	TO
     1	6.03647532561e-09	1.44821962067e-09	7.48469494628e-09
     2	5.11999327616e-09	1.22582493207e-09	6.34581820822e-09
     3	4.52305427086e-09	1.08361253068e-09	5.60666680154e-09
     4	8.41756150364e-09	2.01978376874e-09	1.04373452724e-08
     5	6.98372857689e-09	1.67431442291e-09	8.6580429998e-09
     6	6.0899876135e-09	1.45931807883e-09	7.54930569233e-09
     7	1.21383423049e-08	2.9127012019e-09	1.50510435068e-08
     8	9.98296906203e-09	2.39367384048e-09	1.23766429025e-08
     9	8.64588233184e-09	2.0719569347e-09	1.07178392665e-08

Measurement: t_ro29
  step	t_ro29	FROM	TO
     1	6.0340570464e-09	1.44831007374e-09	7.48236712013e-09
     2	5.12000482761e-09	1.22722917125e-09	6.34723399886e-09
     3	4.52509141128e-09	1.08242367694e-09	5.60751508822e-09
     4	8.40747563117e-09	2.01827317847e-09	1.04257488096e-08
     5	6.98285796046e-09	1.67399610131e-09	8.65685406177e-09
     6	6.09138663961e-09	1.45821135308e-09	7.54959799269e-09
     7	1.21071951173e-08	2.90637493957e-09	1.50135700569e-08
     8	9.96906401321e-09	2.39045443866e-09	1.23595184519e-08
     9	8.63800861724e-09	2.06880374572e-09	1.0706812363e-08

Measurement: t_ro30
  step	t_ro30	FROM	TO
     1	5.98772345858e-09	1.43720396521e-09	7.42492742378e-09
     2	5.11066982447e-09	1.22404882079e-09	6.33471864526e-09
     3	4.5283751685e-09	1.0838222835e-09	5.61219745199e-09
     4	8.27588219362e-09	1.98714883822e-09	1.02630310318e-08
     5	6.93454637775e-09	1.66201328783e-09	8.59655966557e-09
     6	6.07205682454e-09	1.45362971719e-09	7.52568654173e-09
     7	1.18819871746e-08	2.85298172115e-09	1.47349688958e-08
     8	9.88388908776e-09	2.36917578071e-09	1.22530648685e-08
     9	8.60155465854e-09	2.05945782618e-09	1.06610124847e-08

Measurement: t_ro31
  step	t_ro31	FROM	TO
     1	6.01238724633e-09	1.44316939273e-09	7.45555663905e-09
     2	5.108556179e-09	1.22488211988e-09	6.33343829888e-09
     3	4.52456245918e-09	1.0838770135e-09	5.60843947269e-09
     4	8.34468446011e-09	2.00367461416e-09	1.03483590743e-08
     5	6.96030324069e-09	1.66918783385e-09	8.62949107454e-09
     6	6.08001781484e-09	1.45729000601e-09	7.53730782085e-09
     7	1.20012741329e-08	2.8818027059e-09	1.48830768388e-08
     8	9.93050608056e-09	2.38186236291e-09	1.23123684435e-08
     9	8.62134661147e-09	2.06640212953e-09	1.0687748741e-08

Measurement: t_ro32
  step	t_ro32	FROM	TO
     1	5.4698835325e-09	1.32486041228e-09	6.79474394478e-09
     2	4.74642221849e-09	1.14667737909e-09	5.89309959757e-09
     3	4.26529344732e-09	1.02840291764e-09	5.29369636497e-09
     4	7.38319499558e-09	1.79074965055e-09	9.17394464613e-09
     5	6.30873443676e-09	1.52670092191e-09	7.83543535867e-09
     6	5.60006424636e-09	1.35309483558e-09	6.95315908194e-09
     7	1.03903875879e-08	2.52160204152e-09	1.29119896294e-08
     8	8.81798924973e-09	2.13573576039e-09	1.09537250101e-08
     9	7.78995945463e-09	1.88427079865e-09	9.67423025328e-09

Measurement: t_ro33
  step	t_ro33	FROM	TO
     1	5.99863449398e-09	1.44126421057e-09	7.43989870455e-09
     2	5.11996384735e-09	1.22435707005e-09	6.3443209174e-09
     3	4.52644890347e-09	1.08209789498e-09	5.60854679844e-09
     4	8.31219604024e-09	1.99832387683e-09	1.03105199171e-08
     5	6.94681068503e-09	1.66512743261e-09	8.61193811764e-09
     6	6.07638321788e-09	1.45380613827e-09	7.53018935615e-09
     7	1.19477809768e-08	2.87245854042e-09	1.48202395173e-08
     8	9.90817865631e-09	2.37576953602e-09	1.22839481923e-08
     9	8.61163330757e-09	2.06070123998e-09	1.06723345475e-08

Measurement: t_ro34
  step	t_ro34	FROM	TO
     1	5.56728346941e-09	1.33492370652e-09	6.90220717594e-09
     2	4.81122428514e-09	1.15331361117e-09	5.96453789631e-09
     3	4.31350095865e-09	1.03406711229e-09	5.34756807094e-09
     4	7.51249154217e-09	1.80156209155e-09	9.31405363372e-09
     5	6.40014294044e-09	1.53443235695e-09	7.93457529739e-09
     6	5.66851475333e-09	1.3585466744e-09	7.02706142773e-09
     7	1.05828977292e-08	2.53759525321e-09	1.31204929824e-08
     8	8.95250371273e-09	2.1455985024e-09	1.10981022151e-08
     9	7.89048814696e-09	1.89072312073e-09	9.78121126769e-09

Measurement: t_ro35
  step	t_ro35	FROM	TO
     1	5.91999627508e-09	1.41937881894e-09	7.33937509401e-09
     2	5.06245963836e-09	1.21219814933e-09	6.27465778769e-09
     3	4.49652568271e-09	1.07540896593e-09	5.57193464864e-09
     4	8.15401764699e-09	1.95654186349e-09	1.01105595105e-08
     5	6.84989392327e-09	1.64063595306e-09	8.49052987633e-09
     6	6.00970544083e-09	1.43783117302e-09	7.44753661384e-09
     7	1.16679294619e-08	2.79933515459e-09	1.44672646165e-08
     8	9.73264441497e-09	2.33134004915e-09	1.20639844641e-08
     9	8.48814321165e-09	2.03110344405e-09	1.05192466557e-08

Measurement: t_ro36
  step	t_ro36	FROM	TO
     1	6.10016066107e-09	1.46047018448e-09	7.56063084555e-09
     2	5.16669123377e-09	1.23542640559e-09	6.40211763937e-09
     3	4.57291041336e-09	1.09290108472e-09	5.66581149807e-09
     4	8.51332311765e-09	2.03776034292e-09	1.05510834606e-08
     5	7.07187151183e-09	1.69032891088e-09	8.76220042271e-09
     6	6.16532985034e-09	1.47279033956e-09	7.63812018991e-09
     7	1.227851695e-08	2.93749489368e-09	1.52160118437e-08
     8	1.01184931691e-08	2.41765742339e-09	1.25361505925e-08
     9	8.76321043518e-09	2.09238205087e-09	1.08555924861e-08

Measurement: t_ro37
  step	t_ro37	FROM	TO
     1	5.65223058548e-09	1.35535398114e-09	7.00758456662e-09
     2	4.86781228981e-09	1.16577887551e-09	6.03359116532e-09
     3	4.35613401256e-09	1.04228109352e-09	5.39841510608e-09
     4	7.69913070822e-09	1.8464249306e-09	9.54555563882e-09
     5	6.52583238476e-09	1.56341872287e-09	8.08925110763e-09
     6	5.76621925736e-09	1.37985989376e-09	7.14607915112e-09
     7	1.09140302192e-08	2.61750692226e-09	1.35315371415e-08
     8	9.18678312123e-09	2.20118792011e-09	1.13879710413e-08
     9	8.07352415501e-09	1.93295782149e-09	1.00064819765e-08

Measurement: t_ro38
  step	t_ro38	FROM	TO
     1	5.86002105343e-09	1.40523165384e-09	7.26525270726e-09
     2	5.01269391877e-09	1.20043675352e-09	6.21313067229e-09
     3	4.46395658774e-09	1.06808169191e-09	5.53203827965e-09
     4	8.04360903051e-09	1.92921098978e-09	9.97282002029e-09
     5	6.7716018561e-09	1.62170830156e-09	8.39331015767e-09
     6	5.95051897162e-09	1.42401522551e-09	7.37453419713e-09
     7	1.1482041079e-08	2.75365370808e-09	1.42356947871e-08
     8	9.59743496449e-09	2.29842480844e-09	1.18958597729e-08
     9	8.38381587403e-09	2.00616237857e-09	1.03899782526e-08

Measurement: t_ro39
  step	t_ro39	FROM	TO
     1	6.54269809213e-09	1.57057033538e-09	8.11326842751e-09
     2	5.45030866211e-09	1.30759753691e-09	6.75790619902e-09
     3	4.77990160855e-09	1.14576016286e-09	5.92566177141e-09
     4	9.2728978949e-09	2.22653388086e-09	1.14994317758e-08
     5	7.58023848348e-09	1.81837201842e-09	9.3986105019e-09
     6	6.53155018485e-09	1.56586957192e-09	8.09741975677e-09
     7	1.3564859319e-08	3.25694616064e-09	1.68218054796e-08
     8	1.09954433019e-08	2.6376726992e-09	1.36331160011e-08
     9	9.406933824e-09	2.25531009231e-09	1.16622439163e-08

Measurement: t_ro40
  step	t_ro40	FROM	TO
     1	6.08000271738e-09	1.46965943376e-09	7.54966215113e-09
     2	5.15505538901e-09	1.24423234288e-09	6.3992877319e-09
     3	4.56249432754e-09	1.10036308156e-09	5.6628574091e-09
     4	8.43635442462e-09	2.04218398359e-09	1.04785384082e-08
     5	7.03037305489e-09	1.69923539497e-09	8.72960844987e-09
     6	6.13644031945e-09	1.48176345214e-09	7.61820377159e-09
     7	1.21482539051e-08	2.94339707569e-09	1.50916509808e-08
     8	1.00447485639e-08	2.43001574245e-09	1.24747643063e-08
     9	8.71152513384e-09	2.10549933775e-09	1.08170244716e-08

Measurement: t_ro41
  step	t_ro41	FROM	TO
     1	5.64052769193e-09	1.3577721651e-09	6.99829985703e-09
     2	4.86099253099e-09	1.17007800425e-09	6.03107053524e-09
     3	4.34891940572e-09	1.04702549407e-09	5.39594489979e-09
     4	7.65683946083e-09	1.84469008466e-09	9.50152954549e-09
     5	6.49493919044e-09	1.56438786755e-09	8.05932705798e-09
     6	5.7414482871e-09	1.38292597246e-09	7.12437425956e-09
     7	1.08404279607e-08	2.6133350887e-09	1.34537630494e-08
     8	9.13100641118e-09	2.20068830326e-09	1.13316947144e-08
     9	8.02562692875e-09	1.93413316719e-09	9.95976009594e-09

Measurement: t_ro42
  step	t_ro42	FROM	TO
     1	6.07779410398e-09	1.46009610844e-09	7.53789021242e-09
     2	5.14852968721e-09	1.23098450077e-09	6.37951418798e-09
     3	4.55994693841e-09	1.08809220081e-09	5.64803913922e-09
     4	8.44698655858e-09	2.07673194747e-09	1.05237185061e-08
     5	7.03419766008e-09	1.68294572637e-09	8.71714338645e-09
     6	6.13759681204e-09	1.46504157518e-09	7.60263838722e-09
     7	1.21733551495e-08	2.9977365005e-09	1.517109165e-08
     8	1.0051569569e-08	2.40018809935e-09	1.24517576684e-08
     9	8.7135248142e-09	2.07855635756e-09	1.07920811718e-08

Measurement: t_ro43
  step	t_ro43	FROM	TO
     1	6.13336685449e-09	1.4724940376e-09	7.60586089209e-09
     2	5.19818088e-09	1.24748329062e-09	6.44566417062e-09
     3	4.59575341781e-09	1.1025520129e-09	5.6983054307e-09
     4	8.52729349161e-09	2.047671971e-09	1.05749654626e-08
     5	7.09448402674e-09	1.70294058286e-09	8.7974246096e-09
     6	6.18438330569e-09	1.48419099246e-09	7.66857429815e-09
     7	1.22896978592e-08	2.9512650696e-09	1.52409629288e-08
     8	1.01456876179e-08	2.43571058231e-09	1.25813982002e-08
     9	8.78804584525e-09	2.10950706318e-09	1.08975529084e-08

Measurement: t_ro44
  step	t_ro44	FROM	TO
     1	6.05635739106e-09	1.45548511187e-09	7.51184250292e-09
     2	5.1258910616e-09	1.22987118366e-09	6.35576224525e-09
     3	4.55213074762e-09	1.09160434834e-09	5.64373509596e-09
     4	8.42879970682e-09	2.02679533817e-09	1.0455595045e-08
     5	7.02547496688e-09	1.68722890473e-09	8.71270387161e-09
     6	6.13366648289e-09	1.47175471653e-09	7.60542119943e-09
     7	1.21488829257e-08	2.92196536305e-09	1.50708482887e-08
     8	1.00479068585e-08	2.41391205743e-09	1.24618189159e-08
     9	8.71590990885e-09	2.09224901361e-09	1.08081589225e-08

Measurement: t_ro45
  step	t_ro45	FROM	TO
     1	5.69011859184e-09	1.36586908067e-09	7.05598767251e-09
     2	4.90357976875e-09	1.17570625103e-09	6.07928601978e-09
     3	4.38193719749e-09	1.04952668214e-09	5.43146387963e-09
     4	7.73578316828e-09	1.85770707177e-09	9.59349024006e-09
     5	6.56353529754e-09	1.57485729553e-09	8.13839259307e-09
     6	5.79898293532e-09	1.38979109762e-09	7.18877403295e-09
     7	1.09671505984e-08	2.63390569395e-09	1.36010562923e-08
     8	9.24458099171e-09	2.21819139273e-09	1.14627723844e-08
     9	8.12182230742e-09	1.94729182376e-09	1.00691141312e-08

Measurement: t_ro46
  step	t_ro46	FROM	TO
     1	5.95371501217e-09	1.42937323613e-09	7.3830882483e-09
     2	5.07841152727e-09	1.21715766621e-09	6.29556919348e-09
     3	4.50400881042e-09	1.0785751309e-09	5.58258394133e-09
     4	8.21609638658e-09	1.97331550275e-09	1.01894118893e-08
     5	6.88708811848e-09	1.65130764258e-09	8.53839576106e-09
     6	6.03476179237e-09	1.44571496319e-09	7.48047675556e-09
     7	1.17776179783e-08	2.82881959385e-09	1.46064375722e-08
     8	9.80097257776e-09	2.35031784074e-09	1.21512904185e-08
     9	8.5344834724e-09	2.04480291033e-09	1.05792863827e-08

Measurement: t_ro47
  step	t_ro47	FROM	TO
     1	6.22256392417e-09	1.49390089779e-09	7.71646482196e-09
     2	5.22786102134e-09	1.25331357581e-09	6.48117459714e-09
     3	4.60629817966e-09	1.10314452743e-09	5.70944270709e-09
     4	8.76399355514e-09	2.1049375273e-09	1.08689310824e-08
     5	7.21073137023e-09	1.72952601073e-09	8.94025738096e-09
     6	6.25333042212e-09	1.49821230815e-09	7.75154273027e-09
     7	1.27110697525e-08	3.0533387755e-09	1.5764408528e-08
     8	1.03676365245e-08	2.48749570629e-09	1.28551322308e-08
     9	8.92724683888e-09	2.13981110734e-09	1.10670579462e-08

Measurement: t_ro48
  step	t_ro48	FROM	TO
     1	6.35940247611e-09	1.5271121577e-09	7.88651463381e-09
     2	5.345234385e-09	1.2811751159e-09	6.6264095009e-09
     3	4.70078381256e-09	1.12519193066e-09	5.82597574322e-09
     4	8.95165733195e-09	2.15040288613e-09	1.11020602181e-08
     5	7.37950009498e-09	1.76940637288e-09	9.14890646786e-09
     6	6.39283805956e-09	1.53084244484e-09	7.9236805044e-09
     7	1.30209214844e-08	3.12773443114e-09	1.61486559155e-08
     8	1.06475725139e-08	2.5533205126e-09	1.32008930265e-08
     9	9.16130901901e-09	2.19409328981e-09	1.13554023088e-08

Measurement: t_ro49
  step	t_ro49	FROM	TO
     1	5.83168960228e-09	1.41316877743e-09	7.24485837971e-09
     2	4.98504318802e-09	1.20581393858e-09	6.1908571266e-09
     3	4.43906908505e-09	1.07264674722e-09	5.51171583227e-09
     4	8.03438455932e-09	1.94997532815e-09	9.98435988747e-09
     5	6.74743441227e-09	1.63447870163e-09	8.3819131139e-09
     6	5.92569930451e-09	1.4335773943e-09	7.35927669881e-09
     7	1.14871504009e-08	2.79050406361e-09	1.42776544645e-08
     8	9.57081624974e-09	2.32067375436e-09	1.18914900041e-08
     9	8.35174225649e-09	2.02278015681e-09	1.03745224133e-08

Measurement: t_ro50
  step	t_ro50	FROM	TO
     1	5.91999994683e-09	1.41624547192e-09	7.33624541875e-09
     2	5.0561147453e-09	1.20848315225e-09	6.26459789755e-09
     3	4.48448213986e-09	1.07166371745e-09	5.55614585731e-09
     4	8.19238983211e-09	1.95957568812e-09	1.01519655202e-08
     5	6.86214373788e-09	1.63987155992e-09	8.5020152978e-09
     6	6.01158138185e-09	1.43574071004e-09	7.44732209189e-09
     7	1.17488416999e-08	2.80948879466e-09	1.45583304946e-08
     8	9.76592035595e-09	2.33341374821e-09	1.20993341042e-08
     9	8.50202146718e-09	2.03012025747e-09	1.05321417247e-08

Measurement: t_ro51
  step	t_ro51	FROM	TO
     1	5.920034571e-09	1.41600822186e-09	7.33604279286e-09
     2	5.06812008117e-09	1.2095512706e-09	6.27767135177e-09
     3	4.50309174627e-09	1.07414160095e-09	5.57723334722e-09
     4	8.16176507671e-09	1.94948278778e-09	1.01112478645e-08
     5	6.85809884281e-09	1.63617174499e-09	8.4942705878e-09
     6	6.01712549363e-09	1.43481828606e-09	7.45194377969e-09
     7	1.16807339356e-08	2.78756148127e-09	1.44682954168e-08
     8	9.74313819449e-09	2.32322541756e-09	1.20663636121e-08
     9	8.49690020128e-09	2.02511586248e-09	1.05220160638e-08

Measurement: t_ro52
  step	t_ro52	FROM	TO
     1	6.40000337372e-09	1.53816099715e-09	7.93816437087e-09
     2	5.37497469812e-09	1.28958445423e-09	6.66455915235e-09
     3	4.71999915856e-09	1.13083941252e-09	5.85083857108e-09
     4	9.01831379678e-09	2.16853718548e-09	1.11868509823e-08
     5	7.41991918174e-09	1.7805988348e-09	9.20051801654e-09
     6	6.42196011752e-09	1.53925347646e-09	7.96121359399e-09
     7	1.31140426011e-08	3.15353908118e-09	1.62675816823e-08
     8	1.07009823013e-08	2.56823785705e-09	1.32692201583e-08
     9	9.19894166966e-09	2.20511078338e-09	1.1404052453e-08

Measurement: t_ro53
  step	t_ro53	FROM	TO
     1	6.10156731333e-09	1.47408954703e-09	7.57565686036e-09
     2	5.18310862308e-09	1.24918208833e-09	6.43229071141e-09
     3	4.58594751285e-09	1.10367221843e-09	5.68961973127e-09
     4	8.47998414947e-09	2.05072526834e-09	1.05307094178e-08
     5	7.0649596263e-09	1.70451711467e-09	8.76947674097e-09
     6	6.16662213371e-09	1.48592361008e-09	7.65254574378e-09
     7	1.21996502834e-08	2.95166578211e-09	1.51513160655e-08
     8	1.0090843932e-08	2.43614961318e-09	1.25269935452e-08
     9	8.75208058388e-09	2.1105078781e-09	1.0862588462e-08

Measurement: t_ro54
  step	t_ro54	FROM	TO
     1	5.98627672218e-09	1.44122727538e-09	7.42750399756e-09
     2	5.10190861442e-09	1.22592643926e-09	6.32783505368e-09
     3	4.52528595234e-09	1.08577646206e-09	5.6110624144e-09
     4	8.28917279932e-09	1.99753432233e-09	1.02867071217e-08
     5	6.9410140126e-09	1.66957271692e-09	8.61058672951e-09
     6	6.07712402698e-09	1.45966687107e-09	7.53679089805e-09
     7	1.19056794985e-08	2.87037290356e-09	1.47760524021e-08
     8	9.89549506981e-09	2.3816708368e-09	1.22771659066e-08
     9	8.61028753979e-09	2.06962171868e-09	1.06799092585e-08

Measurement: t_ro55
  step	t_ro55	FROM	TO
     1	6.11878133687e-09	1.46960483388e-09	7.58838617075e-09
     2	5.18431269628e-09	1.24344012565e-09	6.42775282192e-09
     3	4.58623222617e-09	1.09900925811e-09	5.68524148428e-09
     4	8.47642459939e-09	2.03567608291e-09	1.05121006823e-08
     5	7.05762204684e-09	1.69321700133e-09	8.75083904816e-09
     6	6.1568852338e-09	1.47575408884e-09	7.63263932264e-09
     7	1.21864874156e-08	2.92675953824e-09	1.51132469538e-08
     8	1.00724005755e-08	2.41668911356e-09	1.2489089689e-08
     9	8.7320987208e-09	2.09322009905e-09	1.08253188198e-08

Measurement: t_ro56
  step	t_ro56	FROM	TO
     1	6.40353319773e-09	1.53925245336e-09	7.94278565109e-09
     2	5.3716861048e-09	1.28959477588e-09	6.66128088068e-09
     3	4.71775125294e-09	1.13159896643e-09	5.84935021937e-09
     4	9.06812944533e-09	2.18127605819e-09	1.12494055035e-08
     5	7.44881994409e-09	1.78942367695e-09	9.23824362104e-09
     6	6.4387982609e-09	1.54547075592e-09	7.98426901682e-09
     7	1.32317443425e-08	3.18319926171e-09	1.64149436042e-08
     8	1.07768281246e-08	2.58961081658e-09	1.33664389412e-08
     9	9.25002025767e-09	2.22120642745e-09	1.14712266851e-08

Measurement: t_ro57
  step	t_ro57	FROM	TO
     1	6.20561277317e-09	1.48934835075e-09	7.69496112392e-09
     2	5.23835915427e-09	1.2546544121e-09	6.49301356637e-09
     3	4.62402865214e-09	1.1064692099e-09	5.73049786204e-09
     4	8.65461799675e-09	2.07738901345e-09	1.07320070102e-08
     5	7.16815871827e-09	1.71727727369e-09	8.88543599197e-09
     6	6.23367160336e-09	1.49171991739e-09	7.72539152075e-09
     7	1.25012223753e-08	3.00052917335e-09	1.55017515487e-08
     8	1.02709017949e-08	2.46043527779e-09	1.27313370727e-08
     9	8.87332064353e-09	2.12288661604e-09	1.09962072596e-08

Measurement: t_ro58
  step	t_ro58	FROM	TO
     1	5.81772507071e-09	1.39146277444e-09	7.20918784515e-09
     2	4.97854244346e-09	1.18995982355e-09	6.16850226701e-09
     3	4.43823311634e-09	1.06018643158e-09	5.49841954791e-09
     4	7.97868825672e-09	1.9079301524e-09	9.88661840912e-09
     5	6.71990751251e-09	1.60462170593e-09	8.32452921844e-09
     6	5.90699563241e-09	1.41060108985e-09	7.31759672226e-09
     7	1.13866633431e-08	2.72200165753e-09	1.41086650006e-08
     8	9.51867298045e-09	2.27353700505e-09	1.17922099855e-08
     9	8.3183637239e-09	1.98590282674e-09	1.03042665506e-08

Measurement: t_ro59
  step	t_ro59	FROM	TO
     1	6.05409562383e-09	1.46432711715e-09	7.51842274098e-09
     2	5.13600710365e-09	1.23801147073e-09	6.37401857437e-09
     3	4.55239250721e-09	1.09499818392e-09	5.64739069113e-09
     4	8.41709194992e-09	2.03879137069e-09	1.04558833206e-08
     5	7.01966154151e-09	1.69507186374e-09	8.71473340525e-09
     6	6.13084223097e-09	1.47747274578e-09	7.60831497675e-09
     7	1.21214793575e-08	2.93755112363e-09	1.50590304812e-08
     8	1.0029583024e-08	2.42416601412e-09	1.24537490381e-08
     9	8.70291388746e-09	2.09985215909e-09	1.08027660465e-08

Measurement: t_ro60
  step	t_ro60	FROM	TO
     1	6.38231900343e-09	1.54498323179e-09	7.92730223522e-09
     2	5.34916528434e-09	1.29322050162e-09	6.64238578596e-09
     3	4.69485342001e-09	1.13377647346e-09	5.82862989347e-09
     4	9.00970661316e-09	2.18393488206e-09	1.11936414952e-08
     5	7.39658866821e-09	1.79021745427e-09	9.18680612248e-09
     6	6.3945043633e-09	1.54637322659e-09	7.94087758989e-09
     7	1.31283458166e-08	3.18467317309e-09	1.63130189897e-08
     8	1.0684595064e-08	2.58810127843e-09	1.32726963424e-08
     9	9.17096694061e-09	2.21943146506e-09	1.13903984057e-08

Measurement: t_ro61
  step	t_ro61	FROM	TO
     1	6.40000366291e-09	1.53479316776e-09	7.93479683067e-09
     2	5.3675563811e-09	1.28451673552e-09	6.65207311662e-09
     3	4.72001893307e-09	1.12807519652e-09	5.84809412959e-09
     4	8.97692359715e-09	2.15255583355e-09	1.11294794307e-08
     5	7.39810718994e-09	1.77083043242e-09	9.16893762236e-09
     6	6.40731064806e-09	1.53153690011e-09	7.93884754817e-09
     7	1.30372290646e-08	3.12529486219e-09	1.61625239268e-08
     8	1.06573186894e-08	2.55083031841e-09	1.32081490078e-08
     9	9.16893842787e-09	2.19195293141e-09	1.13608913593e-08

Measurement: t_ro62
  step	t_ro62	FROM	TO
     1	6.39391697611e-09	1.53436006706e-09	7.92827704317e-09
     2	5.34818159924e-09	1.28164632483e-09	6.62982792407e-09
     3	4.69893377799e-09	1.12458714659e-09	5.82352092458e-09
     4	8.99428085016e-09	2.15951098292e-09	1.11537918331e-08
     5	7.38528712796e-09	1.77053294076e-09	9.15582006872e-09
     6	6.38998838011e-09	1.53020765306e-09	7.92019603317e-09
     7	1.30758488742e-08	3.13913386745e-09	1.62149827417e-08
     8	1.06456981974e-08	2.55246560637e-09	1.31981638038e-08
     9	9.14502989396e-09	2.19034823131e-09	1.13353781253e-08

Measurement: t_ro63
  step	t_ro63	FROM	TO
     1	5.56038567991e-09	1.33464786121e-09	6.89503354111e-09
     2	4.79999021206e-09	1.15017104352e-09	5.95016125557e-09
     3	4.31457694531e-09	1.03255335901e-09	5.34713030432e-09
     4	7.53117317322e-09	1.80847232422e-09	9.33964549745e-09
     5	6.41042860867e-09	1.53628196454e-09	7.9467105732e-09
     6	5.67995508029e-09	1.35968681982e-09	7.03964190011e-09
     7	1.06339943333e-08	2.55393316955e-09	1.31879275029e-08
     8	8.98882197053e-09	2.15498879245e-09	1.1143810763e-08
     9	7.91954024622e-09	1.89639257379e-09	9.81593282001e-09

Measurement: t_ro64
  step	t_ro64	FROM	TO
     1	6.33001720207e-09	1.51642697776e-09	7.84644417983e-09
     2	5.30489856123e-09	1.26893568269e-09	6.57383424391e-09
     3	4.66205388739e-09	1.11377688427e-09	5.77583077166e-09
     4	8.92771122082e-09	2.13843623751e-09	1.10661474583e-08
     5	7.32771799711e-09	1.75330788123e-09	9.08102587834e-09
     6	6.3420583411e-09	1.51574650182e-09	7.85780484292e-09
     7	1.2968319276e-08	3.10556215452e-09	1.60738814305e-08
     8	1.05497439988e-08	2.52411647397e-09	1.30738604727e-08
     9	9.06567791095e-09	2.16677670331e-09	1.12324546143e-08

Measurement: t_ro65
  step	t_ro65	FROM	TO
     1	5.83680884284e-09	1.40681506772e-09	7.24362391056e-09
     2	4.9940532335e-09	1.20244799981e-09	6.19650123331e-09
     3	4.45098384895e-09	1.07069634697e-09	5.52168019592e-09
     4	8.00292976991e-09	1.93044013216e-09	9.93336990207e-09
     5	6.73951089758e-09	1.62417522453e-09	8.36368612211e-09
     6	5.9240460414e-09	1.42679772541e-09	7.35084376681e-09
     7	1.14232849985e-08	2.75732832446e-09	1.41806133229e-08
     8	9.54769108286e-09	2.30226519641e-09	1.18499562793e-08
     9	8.34349234152e-09	2.0103559754e-09	1.03538483169e-08

Measurement: t_ro66
  step	t_ro66	FROM	TO
     1	6.13725191695e-09	1.47588931805e-09	7.61314123499e-09
     2	5.19363441201e-09	1.24747653456e-09	6.44111094656e-09
     3	4.59450014267e-09	1.10225959925e-09	5.69675974192e-09
     4	8.49401908681e-09	2.04407845568e-09	1.05380975425e-08
     5	7.06372962594e-09	1.69777899499e-09	8.76150862094e-09
     6	6.15901321736e-09	1.47904714424e-09	7.6380603616e-09
     7	1.22092453089e-08	2.93875841768e-09	1.51480037266e-08
     8	1.00746980621e-08	2.42233631354e-09	1.24970343757e-08
     9	8.72877756207e-09	2.09732594844e-09	1.08261035105e-08

Measurement: t_ro67
  step	t_ro67	FROM	TO
     1	6.1735599269e-09	1.47797843547e-09	7.65153836236e-09
     2	5.2238341721e-09	1.24927117544e-09	6.47310534755e-09
     3	4.62003636881e-09	1.10464308369e-09	5.72467945249e-09
     4	8.61204036984e-09	2.06139119318e-09	1.0673431563e-08
     5	7.15602311425e-09	1.7111875446e-09	8.86721065885e-09
     6	6.23291462922e-09	1.48950314029e-09	7.72241776951e-09
     7	1.24440585058e-08	2.97740969349e-09	1.54214681992e-08
     8	1.02614858e-08	2.45286438339e-09	1.27143501834e-08
     9	8.87943466918e-09	2.12135017067e-09	1.10007848398e-08

Measurement: t_ro68
  step	t_ro68	FROM	TO
     1	5.88024773868e-09	1.41090546011e-09	7.29115319879e-09
     2	5.01101690249e-09	1.20092780031e-09	6.2119447028e-09
     3	4.45675098486e-09	1.06754964883e-09	5.52430063369e-09
     4	8.12082124849e-09	1.94879113727e-09	1.00696123858e-08
     5	6.80038064803e-09	1.63010920394e-09	8.43048985197e-09
     6	5.96012267947e-09	1.42780291536e-09	7.38792559483e-09
     7	1.1642155582e-08	2.79384472604e-09	1.4436000308e-08
     8	9.6710202587e-09	2.31840266639e-09	1.19894229251e-08
     9	8.42055950958e-09	2.01743803765e-09	1.04379975472e-08

Measurement: t_ro69
  step	t_ro69	FROM	TO
     1	5.89003838516e-09	1.40785268621e-09	7.29789107137e-09
     2	5.03893470961e-09	1.20329768424e-09	6.24223239385e-09
     3	4.47995008062e-09	1.06958540858e-09	5.5495354892e-09
     4	8.10351106774e-09	1.93686164595e-09	1.00403727137e-08
     5	6.81984855203e-09	1.62800288424e-09	8.44785143627e-09
     6	5.98955500221e-09	1.428954567e-09	7.41850956922e-09
     7	1.1589354844e-08	2.76916410362e-09	1.43585189476e-08
     8	9.68388336158e-09	2.31116899848e-09	1.19950523601e-08
     9	8.4544526885e-09	2.01647631653e-09	1.0470929005e-08

Measurement: t_ro70
  step	t_ro70	FROM	TO
     1	5.60000013459e-09	1.34499210485e-09	6.94499223944e-09
     2	4.82604501368e-09	1.15699374681e-09	5.98303876049e-09
     3	4.3274487124e-09	1.03653414498e-09	5.36398285738e-09
     4	7.60126905002e-09	1.82610595364e-09	9.42737500366e-09
     5	6.46241342964e-09	1.55018315524e-09	8.01259658488e-09
     6	5.71980650516e-09	1.37093753052e-09	7.09074403569e-09
     7	1.07521695912e-08	2.58383768965e-09	1.33360072809e-08
     8	9.07843995062e-09	2.178406965e-09	1.12568469156e-08
     9	7.9897555107e-09	1.91569794172e-09	9.90545345242e-09

Measurement: t_ro71
  step	t_ro71	FROM	TO
     1	5.91999967902e-09	1.42252541935e-09	7.34252509837e-09
     2	5.05484531473e-09	1.21276489352e-09	6.26761020825e-09
     3	4.49272969739e-09	1.07780450974e-09	5.57053420713e-09
     4	8.15766002094e-09	1.9604523034e-09	1.01181123243e-08
     5	6.84529662891e-09	1.64289558091e-09	8.48819220982e-09
     6	6.00428309511e-09	1.44046579937e-09	7.44474889448e-09
     7	1.16646692093e-08	2.80361640571e-09	1.4468285615e-08
     8	9.71601294037e-09	2.33216339741e-09	1.20481763378e-08
     9	8.47102746002e-09	2.0324084468e-09	1.05034359068e-08

Measurement: t_ro72
  step	t_ro72	FROM	TO
     1	6.03431006165e-09	1.45362223106e-09	7.4879322927e-09
     2	5.12001604598e-09	1.23331062934e-09	6.35332667532e-09
     3	4.54223961906e-09	1.09301086228e-09	5.63525048134e-09
     4	8.38065996641e-09	2.02089449637e-09	1.04015544628e-08
     5	6.99152229376e-09	1.68412596296e-09	8.67564825672e-09
     6	6.10874654638e-09	1.47106414942e-09	7.5798106958e-09
     7	1.20632302096e-08	2.91084820449e-09	1.49740784141e-08
     8	9.9830957538e-09	2.40642254466e-09	1.23895182985e-08
     9	8.66592722642e-09	2.08816878216e-09	1.07540960086e-08

Measurement: t_ro73
  step	t_ro73	FROM	TO
     1	6.16248387723e-09	1.48458333843e-09	7.64706721566e-09
     2	5.20698236266e-09	1.25373780646e-09	6.46072016912e-09
     3	4.59866474381e-09	1.10669185967e-09	5.70535660347e-09
     4	8.59522001011e-09	2.07334430997e-09	1.06685643201e-08
     5	7.12728410106e-09	1.71810011546e-09	8.84538421653e-09
     6	6.20318537778e-09	1.49458070879e-09	7.69776608657e-09
     7	1.2416185118e-08	2.99793692562e-09	1.54141220436e-08
     8	1.02115855445e-08	2.46350639225e-09	1.26750919368e-08
     9	8.82808763847e-09	2.12875955376e-09	1.09568471922e-08

Measurement: t_ro74
  step	t_ro74	FROM	TO
     1	5.90177943196e-09	1.41636172021e-09	7.31814115218e-09
     2	5.03514011679e-09	1.20725680456e-09	6.24239692134e-09
     3	4.47999274002e-09	1.07288648868e-09	5.5528792287e-09
     4	8.13636274612e-09	1.95315499069e-09	1.00895177368e-08
     5	6.83056762116e-09	1.63820496343e-09	8.46877258458e-09
     6	5.99265301323e-09	1.43603329485e-09	7.42868630808e-09
     7	1.16503884351e-08	2.79650041229e-09	1.44468888473e-08
     8	9.70833802426e-09	2.3285545644e-09	1.20368925887e-08
     9	8.46517377928e-09	2.02875431356e-09	1.04939280928e-08

Measurement: t_ro75
  step	t_ro75	FROM	TO
     1	5.76000079856e-09	1.38920098078e-09	7.14920177933e-09
     2	4.94400970284e-09	1.19077771374e-09	6.13478741658e-09
     3	4.41168059887e-09	1.06145473415e-09	5.47313533302e-09
     4	7.85223189526e-09	1.89483909407e-09	9.74707098932e-09
     5	6.63516959736e-09	1.5991739564e-09	8.23434355375e-09
     6	5.84660496767e-09	1.40792464128e-09	7.25452960895e-09
     7	1.11600319044e-08	2.6940947274e-09	1.38541266318e-08
     8	9.36322582864e-09	2.25761928587e-09	1.16208451145e-08
     9	8.2020680264e-09	1.97610550174e-09	1.01781735281e-08

Measurement: t_ro76
  step	t_ro76	FROM	TO
     1	5.73192039814e-09	1.37715875229e-09	7.10907915043e-09
     2	4.93138770278e-09	1.18280577809e-09	6.11419348087e-09
     3	4.40443822926e-09	1.05523241241e-09	5.45967064167e-09
     4	7.80965722102e-09	1.87742717962e-09	9.68708440064e-09
     5	6.61678093362e-09	1.58815116883e-09	8.20493210245e-09
     6	5.83896622572e-09	1.39973678844e-09	7.23870301416e-09
     7	1.10934674511e-08	2.66735329393e-09	1.3760820745e-08
     8	9.33547565608e-09	2.24142394649e-09	1.15768996026e-08
     9	8.19156717098e-09	1.96443372641e-09	1.01560008974e-08

Measurement: t_ro77
  step	t_ro77	FROM	TO
     1	6.19508147789e-09	1.48311450001e-09	7.6781959779e-09
     2	5.2279698723e-09	1.25003479794e-09	6.47800467024e-09
     3	4.61628747399e-09	1.10332008765e-09	5.71960756165e-09
     4	8.69151344432e-09	2.08031637334e-09	1.07718298177e-08
     5	7.19278457309e-09	1.71988325579e-09	8.91266782888e-09
     6	6.25074009284e-09	1.49375041006e-09	7.7444905029e-09
     7	1.2601558951e-08	3.01549539754e-09	1.56170543485e-08
     8	1.03413850816e-08	2.47237814805e-09	1.28137632296e-08
     9	8.9252402967e-09	2.1324705838e-09	1.10577108805e-08

Measurement: t_ro78
  step	t_ro78	FROM	TO
     1	5.68515967638e-09	1.36538449162e-09	7.050544168e-09
     2	4.90158687569e-09	1.17425407967e-09	6.07584095536e-09
     3	4.38068228382e-09	1.04815028438e-09	5.4288325682e-09
     4	7.73387999109e-09	1.85937100343e-09	9.59325099452e-09
     5	6.56292226628e-09	1.57395996369e-09	8.13688222997e-09
     6	5.7989998463e-09	1.38850323197e-09	7.18750307827e-09
     7	1.09650158172e-08	2.63767121991e-09	1.36026870371e-08
     8	9.24239694162e-09	2.21815774414e-09	1.14605546858e-08
     9	8.12114371771e-09	1.94589824501e-09	1.00670419627e-08

Measurement: t_ro79
  step	t_ro79	FROM	TO
     1	5.94287743879e-09	1.42252648187e-09	7.36540392065e-09
     2	5.06402156205e-09	1.21101349727e-09	6.27503505932e-09
     3	4.48682418351e-09	1.07223550814e-09	5.55905969165e-09
     4	8.19089202554e-09	1.96114434642e-09	1.0152036372e-08
     5	6.84767143392e-09	1.63771727004e-09	8.48538870396e-09
     6	5.99724104846e-09	1.43353642721e-09	7.43077747567e-09
     7	1.17159926534e-08	2.80464734891e-09	1.45206400023e-08
     8	9.72047924598e-09	2.32449548372e-09	1.20449747297e-08
     9	8.46284456607e-09	2.02246519506e-09	1.04853097611e-08

Measurement: t_ro80
  step	t_ro80	FROM	TO
     1	6.14769009339e-09	1.47859722107e-09	7.62628731445e-09
     2	5.19794554315e-09	1.24742699259e-09	6.44537253575e-09
     3	4.58954506597e-09	1.09957762136e-09	5.68912268733e-09
     4	8.5840513469e-09	2.0664989902e-09	1.06505503371e-08
     5	7.12314884326e-09	1.71104785101e-09	8.83419669426e-09
     6	6.20267277841e-09	1.48757156783e-09	7.69024434624e-09
     7	1.23987987755e-08	2.9861984316e-09	1.53849972071e-08
     8	1.02070342791e-08	2.45346684559e-09	1.26605011247e-08
     9	8.83033885682e-09	2.11951209499e-09	1.09498509518e-08

Measurement: t_ro81
  step	t_ro81	FROM	TO
     1	6.04076670025e-09	1.45128493349e-09	7.49205163373e-09
     2	5.12000705659e-09	1.22966616838e-09	6.34967322497e-09
     3	4.5422924338e-09	1.08920178469e-09	5.63149421848e-09
     4	8.40778827082e-09	2.02109171939e-09	1.04288799902e-08
     5	7.00546257724e-09	1.68172895884e-09	8.68719153607e-09
     6	6.11683288198e-09	1.46742509392e-09	7.5842579759e-09
     7	1.21065956547e-08	2.91097384921e-09	1.50175695039e-08
     8	1.00062211193e-08	2.40281837043e-09	1.24090394897e-08
     9	8.67992252222e-09	2.08287425745e-09	1.07627967797e-08

Measurement: t_ro82
  step	t_ro82	FROM	TO
     1	6.19810534075e-09	1.48132056602e-09	7.67942590678e-09
     2	5.24317787085e-09	1.25160658294e-09	6.49478445379e-09
     3	4.62948950935e-09	1.10428829121e-09	5.73377780056e-09
     4	8.62298763304e-09	2.06044128012e-09	1.06834289132e-08
     5	7.16174845495e-09	1.70908207424e-09	8.87083052919e-09
     6	6.23519539693e-09	1.48686158218e-09	7.72205697911e-09
     7	1.24462501892e-08	2.97288747818e-09	1.54191376674e-08
     8	1.02576063732e-08	2.44721974955e-09	1.27048261227e-08
     9	8.87315112603e-09	2.11541397639e-09	1.09885651024e-08

Measurement: t_ro83
  step	t_ro83	FROM	TO
     1	5.86515006669e-09	1.40451113254e-09	7.26966119923e-09
     2	5.01800873285e-09	1.19981952946e-09	6.21782826231e-09
     3	4.46648548036e-09	1.06731778065e-09	5.53380326102e-09
     4	8.05510428992e-09	1.92863948419e-09	9.98374377411e-09
     5	6.77943406482e-09	1.62104351239e-09	8.4004775772e-09
     6	5.95540258514e-09	1.42299261586e-09	7.378395201e-09
     7	1.15087709116e-08	2.75471159261e-09	1.42634825042e-08
     8	9.61639301199e-09	2.29895224883e-09	1.19153452608e-08
     9	8.39745582233e-09	2.0061233119e-09	1.04035791342e-08

Measurement: t_ro84
  step	t_ro84	FROM	TO
     1	6.08000342008e-09	1.457813834e-09	7.53781725409e-09
     2	5.14240517171e-09	1.2313375834e-09	6.37374275512e-09
     3	4.55298446709e-09	1.089001446e-09	5.6419859131e-09
     4	8.49399102393e-09	2.036648997e-09	1.05306400209e-08
     5	7.03972005091e-09	1.68606766519e-09	8.72578771609e-09
     6	6.13493927523e-09	1.46802605024e-09	7.60296532546e-09
     7	1.22694726609e-08	2.94160878468e-09	1.52110814456e-08
     8	1.00837444907e-08	2.41530861879e-09	1.24990531095e-08
     9	8.7233008133e-09	2.08746360654e-09	1.08107644198e-08

Measurement: t_ro85
  step	t_ro85	FROM	TO
     1	5.93622631319e-09	1.42249428101e-09	7.35872059421e-09
     2	5.05508726419e-09	1.20957750405e-09	6.26466476824e-09
     3	4.48644539959e-09	1.07246495714e-09	5.55891035673e-09
     4	8.22598580677e-09	1.97149559446e-09	1.01974814012e-08
     5	6.87614668911e-09	1.64580225571e-09	8.52194894483e-09
     6	6.01754806499e-09	1.43905353219e-09	7.45660159718e-09
     7	1.18200765247e-08	2.83263123402e-09	1.46527077587e-08
     8	9.80119272585e-09	2.34603802357e-09	1.21472307494e-08
     9	8.52217236889e-09	2.03806394431e-09	1.05602363132e-08

Measurement: t_ro86
  step	t_ro86	FROM	TO
     1	5.801329658e-09	1.3902793533e-09	7.1916090113e-09
     2	4.95999951157e-09	1.18690627908e-09	6.14690579065e-09
     3	4.43046156371e-09	1.05921683183e-09	5.48967839554e-09
     4	7.97583207295e-09	1.91159594208e-09	9.88742801503e-09
     5	6.71993545793e-09	1.608251989e-09	8.32818744693e-09
     6	5.90906230787e-09	1.4128453705e-09	7.32190767837e-09
     7	1.13980798493e-08	2.73152028577e-09	1.41296001351e-08
     8	9.53258504616e-09	2.28153674985e-09	1.1814121796e-08
     9	8.33187672052e-09	1.99217304401e-09	1.03240497645e-08

Measurement: t_ro87
  step	t_ro87	FROM	TO
     1	6.14370900684e-09	1.48010299472e-09	7.62381200156e-09
     2	5.17935016973e-09	1.24535353506e-09	6.42470370479e-09
     3	4.56900404804e-09	1.09711749327e-09	5.6661215413e-09
     4	8.6172004826e-09	2.07870006142e-09	1.0695900544e-08
     5	7.10854971758e-09	1.71144127408e-09	8.81999099166e-09
     6	6.17676923747e-09	1.48503425463e-09	7.6618034921e-09
     7	1.24630149616e-08	3.00870131039e-09	1.5471716272e-08
     8	1.01888823984e-08	2.45532183447e-09	1.26442042329e-08
     9	8.78920104259e-09	2.11549023394e-09	1.09046912765e-08

Measurement: t_ro88
  step	t_ro88	FROM	TO
     1	6.08000219646e-09	1.45667676285e-09	7.53667895931e-09
     2	5.16128375909e-09	1.23467613945e-09	6.39595989854e-09
     3	4.56986764127e-09	1.09232433997e-09	5.66219198125e-09
     4	8.45200704529e-09	2.02559639813e-09	1.04776034434e-08
     5	7.04419759058e-09	1.68530702162e-09	8.7295046122e-09
     6	6.14987240102e-09	1.46994278689e-09	7.61981518791e-09
     7	1.21672415211e-08	2.91517597669e-09	1.50824174978e-08
     8	1.00621642207e-08	2.40688423662e-09	1.24690484573e-08
     9	8.72857154235e-09	2.08598889676e-09	1.08145604391e-08

Measurement: t_ro89
  step	t_ro89	FROM	TO
     1	6.03420862472e-09	1.44963819488e-09	7.4838468196e-09
     2	5.12010191976e-09	1.23052775894e-09	6.3506296787e-09
     3	4.5462422011e-09	1.09123129192e-09	5.63747349302e-09
     4	8.37711245643e-09	2.01375911211e-09	1.03908715685e-08
     5	6.99496945298e-09	1.68012672154e-09	8.67509617452e-09
     6	6.11316966748e-09	1.46788784382e-09	7.5810575113e-09
     7	1.20566784669e-08	2.89896123286e-09	1.49556396997e-08
     8	9.99010918326e-09	2.40018016786e-09	1.23902893511e-08
     9	8.67552970812e-09	2.08394514699e-09	1.07594748551e-08

Measurement: t_ro90
  step	t_ro90	FROM	TO
     1	5.91973356145e-09	1.41970759376e-09	7.33944115521e-09
     2	5.04036737708e-09	1.2081589314e-09	6.24852630847e-09
     3	4.48016782342e-09	1.07373052136e-09	5.55389834478e-09
     4	8.18276960979e-09	1.96324298307e-09	1.01460125929e-08
     5	6.84276131864e-09	1.64018370109e-09	8.48294501974e-09
     6	5.99257596612e-09	1.43549844114e-09	7.42807440726e-09
     7	1.17387240524e-08	2.81639006321e-09	1.45551141156e-08
     8	9.73581192892e-09	2.33365430506e-09	1.2069466234e-08
     9	8.46983353861e-09	2.02895852859e-09	1.04987920672e-08

Measurement: t_ro91
  step	t_ro91	FROM	TO
     1	5.91995197689e-09	1.42740518784e-09	7.34735716472e-09
     2	5.03129363337e-09	1.21145529887e-09	6.24274893224e-09
     3	4.46989817445e-09	1.07457012794e-09	5.54446830239e-09
     4	8.15177563797e-09	1.96962409915e-09	1.01213997371e-08
     5	6.81186681539e-09	1.64348690318e-09	8.45535371856e-09
     6	5.96573903361e-09	1.43720246204e-09	7.40294149565e-09
     7	1.16733387392e-08	2.82293673723e-09	1.44962754764e-08
     8	9.6754208242e-09	2.33668493946e-09	1.20121057637e-08
     9	8.41882474838e-09	2.03090653297e-09	1.04497312814e-08

Measurement: t_ro92
  step	t_ro92	FROM	TO
     1	6.2400003183e-09	1.50851619134e-09	7.74851650963e-09
     2	5.28000002634e-09	1.26896224771e-09	6.54896227405e-09
     3	4.64890321055e-09	1.11483151626e-09	5.76373472681e-09
     4	8.69237955548e-09	2.10553870864e-09	1.07979182641e-08
     5	7.2179707514e-09	1.74018667714e-09	8.95815742854e-09
     6	6.2810591572e-09	1.50985522605e-09	7.79091438326e-09
     7	1.25666646521e-08	3.04542207368e-09	1.56120867258e-08
     8	1.03553382532e-08	2.49996183979e-09	1.2855300093e-08
     9	8.95447034097e-09	2.15633474386e-09	1.11108050848e-08

Measurement: t_ro93
  step	t_ro93	FROM	TO
     1	5.59378156203e-09	1.34081689176e-09	6.93459845379e-09
     2	4.82513453411e-09	1.15451247449e-09	5.9796470086e-09
     3	4.32414739911e-09	1.03379846461e-09	5.35794586372e-09
     4	7.56666530746e-09	1.81435189799e-09	9.38101720545e-09
     5	6.44101056413e-09	1.54185764879e-09	7.98286821292e-09
     6	5.70429282948e-09	1.36420244338e-09	7.06849527286e-09
     7	1.06880570709e-08	2.56303119805e-09	1.3251088269e-08
     8	9.0369346051e-09	2.16368116427e-09	1.12006157694e-08
     9	7.95927544023e-09	1.90398019483e-09	9.86325563506e-09

Measurement: t_ro94
  step	t_ro94	FROM	TO
     1	5.68442700699e-09	1.36514687855e-09	7.04957388554e-09
     2	4.89747615832e-09	1.17478010666e-09	6.07225626498e-09
     3	4.37886932432e-09	1.04942637528e-09	5.42829569959e-09
     4	7.73501814506e-09	1.85833683443e-09	9.59335497949e-09
     5	6.5604993117e-09	1.57508950968e-09	8.13558882138e-09
     6	5.79566606251e-09	1.38970883529e-09	7.18537489781e-09
     7	1.09732118654e-08	2.63678561075e-09	1.36099974761e-08
     8	9.24623010787e-09	2.21960461308e-09	1.1465834721e-08
     9	8.12099139505e-09	1.94808493075e-09	1.00690763258e-08

Measurement: t_ro95
  step	t_ro95	FROM	TO
     1	6.13067596626e-09	1.47852819833e-09	7.6092041646e-09
     2	5.18198819411e-09	1.2482508395e-09	6.43023903361e-09
     3	4.57927886935e-09	1.10189770009e-09	5.68117656944e-09
     4	8.55961523962e-09	2.06688957759e-09	1.06265048172e-08
     5	7.09770406663e-09	1.71190235563e-09	8.80960642226e-09
     6	6.17832440144e-09	1.48882109416e-09	7.6671454956e-09
     7	1.23634221951e-08	2.98690688789e-09	1.5350329083e-08
     8	1.01682723414e-08	2.45423229459e-09	1.2622504636e-08
     9	8.79167630677e-09	2.12049813797e-09	1.09121744447e-08

Measurement: t_ro96
  step	t_ro96	FROM	TO
     1	5.80612300993e-09	1.39159263337e-09	7.1977156433e-09
     2	4.95999983264e-09	1.18676455111e-09	6.14676438375e-09
     3	4.43118101507e-09	1.0584475029e-09	5.48962851797e-09
     4	7.98542946902e-09	1.91456354286e-09	9.89999301188e-09
     5	6.72070163004e-09	1.60790848871e-09	8.32861011875e-09
     6	5.91300146484e-09	1.41260066648e-09	7.32560213132e-09
     7	1.140037601e-08	2.73295272741e-09	1.41333287374e-08
     8	9.52573338836e-09	2.27884709113e-09	1.18045804795e-08
     9	8.32522465971e-09	1.98907276112e-09	1.03142974208e-08

Measurement: t_ro97
  step	t_ro97	FROM	TO
     1	6.16401134975e-09	1.48208715679e-09	7.64609850654e-09
     2	5.21761040959e-09	1.25266486289e-09	6.47027527248e-09
     3	4.61211706062e-09	1.10608018538e-09	5.718197246e-09
     4	8.5744789412e-09	2.06293980657e-09	1.06374187478e-08
     5	7.12390523062e-09	1.71133842588e-09	8.8352436565e-09
     6	6.20783746686e-09	1.48969833561e-09	7.69753580247e-09
     7	1.23578478728e-08	2.97405784501e-09	1.53319057178e-08
     8	1.01888292853e-08	2.448306788e-09	1.26371360733e-08
     9	8.82287747732e-09	2.11775675978e-09	1.09406342371e-08

Measurement: t_ro98
  step	t_ro98	FROM	TO
     1	5.67739444133e-09	1.36314666835e-09	7.04054110969e-09
     2	4.891362216e-09	1.17318909129e-09	6.06455130729e-09
     3	4.37718989615e-09	1.04929114204e-09	5.42648103819e-09
     4	7.71822741052e-09	1.85382101785e-09	9.57204842838e-09
     5	6.55472702386e-09	1.57269317739e-09	8.12742020126e-09
     6	5.79302283422e-09	1.38910139324e-09	7.18212422745e-09
     7	1.09456210642e-08	2.62939654333e-09	1.35750176075e-08
     8	9.23456876581e-09	2.21610583142e-09	1.14506745972e-08
     9	8.11661219504e-09	1.94663612904e-09	1.00632483241e-08

Measurement: t_ro99
  step	t_ro99	FROM	TO
     1	6.08000287753e-09	1.46272046412e-09	7.54272334165e-09
     2	5.14603924421e-09	1.23608181271e-09	6.38212105692e-09
     3	4.55238163501e-09	1.09292918164e-09	5.64531081665e-09
     4	8.4969368022e-09	2.04376842754e-09	1.05407052297e-08
     5	7.05332767863e-09	1.69560417506e-09	8.74893185368e-09
     6	6.14612739842e-09	1.47680749272e-09	7.62293489113e-09
     7	1.22750651756e-08	2.95370822124e-09	1.52287733968e-08
     8	1.01054575468e-08	2.4304523063e-09	1.25359098531e-08
     9	8.74559906083e-09	2.10300814283e-09	1.08486072037e-08

Measurement: t_ro100
  step	t_ro100	FROM	TO
     1	6.77141886817e-09	1.62268521805e-09	8.39410408623e-09
     2	5.59999912844e-09	1.33841975985e-09	6.93841888829e-09
     3	4.86607173447e-09	1.16279240141e-09	6.02886413588e-09
     4	9.72321122141e-09	2.32996704198e-09	1.20531782634e-08
     5	7.8399963515e-09	1.87574524556e-09	9.71574159706e-09
     6	6.70312994274e-09	1.60187176283e-09	8.30500170557e-09
     7	1.43326142608e-08	3.43372146503e-09	1.77663357258e-08
     8	1.14413046884e-08	2.7372046767e-09	1.41785093651e-08
     9	9.70615894917e-09	2.31939500162e-09	1.20255539508e-08

Measurement: t_ro101
  step	t_ro101	FROM	TO
     1	6.13956825981e-09	1.47552149077e-09	7.61508975057e-09
     2	5.20534927734e-09	1.24883759291e-09	6.45418687025e-09
     3	4.6065290148e-09	1.10366228389e-09	5.71019129869e-09
     4	8.54568405824e-09	2.05464057408e-09	1.06003246323e-08
     5	7.12373131539e-09	1.70987717275e-09	8.83360848814e-09
     6	6.21393127421e-09	1.48961093795e-09	7.70354221216e-09
     7	1.23354252694e-08	2.96599116883e-09	1.53014164382e-08
     8	1.02058582038e-08	2.450176505e-09	1.26560347088e-08
     9	8.84689112621e-09	2.12143318828e-09	1.09683243145e-08

Measurement: t_ro102
  step	t_ro102	FROM	TO
     1	6.19857108861e-09	1.49287780027e-09	7.69144888888e-09
     2	5.23350781762e-09	1.25923182135e-09	6.49273963897e-09
     3	4.62188464629e-09	1.11176859197e-09	5.73365323826e-09
     4	8.65759107417e-09	2.08663417827e-09	1.07442252524e-08
     5	7.17871563895e-09	1.72854085233e-09	8.90725649128e-09
     6	6.24348933195e-09	1.50293011291e-09	7.74641944486e-09
     7	1.25204657818e-08	3.01902543527e-09	1.55394912171e-08
     8	1.02983844023e-08	2.48109965804e-09	1.27794840603e-08
     9	8.89892513114e-09	2.14293437991e-09	1.1041859511e-08

Measurement: t_ro103
  step	t_ro103	FROM	TO
     1	6.17492949008e-09	1.48033014437e-09	7.65525963445e-09
     2	5.22606669623e-09	1.25086638941e-09	6.47693308564e-09
     3	4.61699739165e-09	1.10392432277e-09	5.72092171442e-09
     4	8.61422374215e-09	2.06514938154e-09	1.06793731237e-08
     5	7.15764858613e-09	1.71344934674e-09	8.87109793287e-09
     6	6.23388259929e-09	1.49094113569e-09	7.72482373497e-09
     7	1.24495921914e-08	2.98400552874e-09	1.54335977202e-08
     8	1.02648039821e-08	2.45710242853e-09	1.27219064106e-08
     9	8.88177568075e-09	2.12377953123e-09	1.1005555212e-08

Measurement: t_ro104
  step	t_ro104	FROM	TO
     1	6.29443488568e-09	1.5184453685e-09	7.81288025417e-09
     2	5.30721913482e-09	1.27426776902e-09	6.58148690384e-09
     3	4.67449371063e-09	1.11970167978e-09	5.79419539041e-09
     4	8.84005142459e-09	2.13619212259e-09	1.09762435472e-08
     5	7.31532598035e-09	1.75888755791e-09	9.07421353827e-09
     6	6.35188290531e-09	1.52333743386e-09	7.87522033918e-09
     7	1.28330988844e-08	3.10229295758e-09	1.59353918419e-08
     8	1.05338734071e-08	2.53450624437e-09	1.30683796515e-08
     9	9.08579145903e-09	2.18074680164e-09	1.12665382607e-08

Measurement: t_ro105
  step	t_ro105	FROM	TO
     1	6.31179719774e-09	1.51446052896e-09	7.8262577267e-09
     2	5.30751133759e-09	1.271055993e-09	6.5785673306e-09
     3	4.67047421523e-09	1.11734114406e-09	5.78781535929e-09
     4	8.89253633479e-09	2.13414630246e-09	1.10266826373e-08
     5	7.33358833817e-09	1.75674853632e-09	9.09033687448e-09
     6	6.35580929512e-09	1.52051850464e-09	7.87632779975e-09
     7	1.29357409236e-08	3.10390567835e-09	1.60396466019e-08
     8	1.05794792255e-08	2.53415888719e-09	1.31136381127e-08
     9	9.10683375561e-09	2.17859187737e-09	1.1285425633e-08

Measurement: t_ro106
  step	t_ro106	FROM	TO
     1	6.0998055403e-09	1.46606826796e-09	7.56587380826e-09
     2	5.16972314189e-09	1.2413645793e-09	6.4110877212e-09
     3	4.57435711864e-09	1.09761969876e-09	5.6719768174e-09
     4	8.49215578273e-09	2.04199840206e-09	1.05341541848e-08
     5	7.06647116479e-09	1.69755904359e-09	8.76403020838e-09
     6	6.16171780103e-09	1.47915177858e-09	7.64086957961e-09
     7	1.22535778025e-08	2.94717668993e-09	1.52007544924e-08
     8	1.01171649631e-08	2.43114606343e-09	1.25483110265e-08
     9	8.76473638084e-09	2.1046590145e-09	1.08693953953e-08

Measurement: t_ro107
  step	t_ro107	FROM	TO
     1	5.84868508926e-09	1.40486631302e-09	7.25355140228e-09
     2	5.00082007657e-09	1.19984813477e-09	6.20066821134e-09
     3	4.45544839342e-09	1.06792851135e-09	5.52337690478e-09
     4	8.03612107114e-09	1.93090667206e-09	9.96702774321e-09
     5	6.76049684771e-09	1.623019126e-09	8.38351597371e-09
     6	5.9389547594e-09	1.42458826381e-09	7.36354302321e-09
     7	1.14835585751e-08	2.75991632829e-09	1.42434749034e-08
     8	9.59109119384e-09	2.30332579698e-09	1.18944169908e-08
     9	8.37484444069e-09	2.00973442234e-09	1.0384578863e-08

Measurement: t_ro108
  step	t_ro108	FROM	TO
     1	6.28273659898e-09	1.50181043108e-09	7.78454703007e-09
     2	5.28000021996e-09	1.26043442836e-09	6.54043464832e-09
     3	4.66949560496e-09	1.11345584549e-09	5.78295145045e-09
     4	8.79116367358e-09	2.10004338708e-09	1.08912070607e-08
     5	7.27546626629e-09	1.7352721535e-09	9.01073841979e-09
     6	6.31936730823e-09	1.50612144509e-09	7.82548875332e-09
     7	1.27353600746e-08	3.03922755995e-09	1.57745876346e-08
     8	1.04559077138e-08	2.49227913406e-09	1.29481868478e-08
     9	9.02229160021e-09	2.14907213907e-09	1.11713637393e-08

Measurement: t_ro109
  step	t_ro109	FROM	TO
     1	5.89161099655e-09	1.40783098934e-09	7.29944198588e-09
     2	5.0310987376e-09	1.20039924452e-09	6.23149798212e-09
     3	4.47691025617e-09	1.06704120212e-09	5.54395145829e-09
     4	8.12085731037e-09	1.94044735142e-09	1.00613046618e-08
     5	6.81487547856e-09	1.62600860471e-09	8.44088408327e-09
     6	5.97865739802e-09	1.4255139063e-09	7.40417130431e-09
     7	1.16138745869e-08	2.77412499458e-09	1.43879995815e-08
     8	9.67285759143e-09	2.30744237995e-09	1.19802999714e-08
     9	8.43354130231e-09	2.01033552384e-09	1.04438768262e-08

Measurement: t_ro110
  step	t_ro110	FROM	TO
     1	5.70294264114e-09	1.36372180111e-09	7.06666444225e-09
     2	4.89939724656e-09	1.17019586851e-09	6.06959311507e-09
     3	4.37673971619e-09	1.04479523787e-09	5.42153495406e-09
     4	7.80962302575e-09	1.8670785599e-09	9.67670158565e-09
     5	6.59775576296e-09	1.57581861264e-09	8.1735743756e-09
     6	5.81707099337e-09	1.38849520063e-09	7.205566194e-09
     7	1.11065064777e-08	2.65458069044e-09	1.37610871681e-08
     8	9.31290121134e-09	2.22396067344e-09	1.15368618848e-08
     9	8.16100551125e-09	1.94788185579e-09	1.0108887367e-08

Measurement: t_ro111
  step	t_ro111	FROM	TO
     1	6.21950829692e-09	1.48714440464e-09	7.70665270157e-09
     2	5.24838679796e-09	1.25452966589e-09	6.50291646385e-09
     3	4.62174765112e-09	1.10431134451e-09	5.72605899564e-09
     4	8.7159903273e-09	2.08391628235e-09	1.07999066096e-08
     5	7.19997754985e-09	1.72022854451e-09	8.92020609436e-09
     6	6.25068050492e-09	1.49314057707e-09	7.74382108198e-09
     7	1.26225554359e-08	3.01720168692e-09	1.56397571229e-08
     8	1.03365570418e-08	2.46938404663e-09	1.28059410884e-08
     9	8.91497540828e-09	2.12908318971e-09	1.1044058598e-08

Measurement: t_ro112
  step	t_ro112	FROM	TO
     1	6.09224405485e-09	1.47537637101e-09	7.56762042586e-09
     2	5.1761486617e-09	1.2507744011e-09	6.42692306281e-09
     3	4.58047344422e-09	1.10553948216e-09	5.68601292638e-09
     4	8.46644564895e-09	2.05319419084e-09	1.05196398398e-08
     5	7.06138478422e-09	1.70837921015e-09	8.76976399437e-09
     6	6.16419332135e-09	1.48926138526e-09	7.65345470661e-09
     7	1.22012151797e-08	2.96103372604e-09	1.51622489058e-08
     8	1.00984015421e-08	2.44510710585e-09	1.2543508648e-08
     9	8.75947661159e-09	2.11808130567e-09	1.08775579173e-08

Measurement: t_ro113
  step	t_ro113	FROM	TO
     1	6.22530570724e-09	1.48697861364e-09	7.71228432088e-09
     2	5.25812519128e-09	1.25447670479e-09	6.51260189608e-09
     3	4.63608329401e-09	1.10580418995e-09	5.74188748395e-09
     4	8.70994796499e-09	2.07950790743e-09	1.07894558724e-08
     5	7.20931633291e-09	1.72022238849e-09	8.9295387214e-09
     6	6.26834075541e-09	1.49475756472e-09	7.76309832013e-09
     7	1.26094644842e-08	3.00875103974e-09	1.5618215524e-08
     8	1.03539207314e-08	2.46944305707e-09	1.28233637884e-08
     9	8.94001292361e-09	2.13112016281e-09	1.10711330864e-08

Measurement: t_ro114
  step	t_ro114	FROM	TO
     1	6.32319618181e-09	1.52104133656e-09	7.84423751837e-09
     2	5.30790771908e-09	1.27613396902e-09	6.5840416881e-09
     3	4.67191843918e-09	1.1221500105e-09	5.79406844969e-09
     4	8.87583066121e-09	2.136674522e-09	1.10125051832e-08
     5	7.3120223666e-09	1.75867836613e-09	9.07070073273e-09
     6	6.33662656994e-09	1.52312097072e-09	7.85974754066e-09
     7	1.28815736209e-08	3.10223980002e-09	1.59838134209e-08
     8	1.05228163827e-08	2.53222600198e-09	1.30550423847e-08
     9	9.05614740067e-09	2.17812794197e-09	1.12342753426e-08

Measurement: t_ro115
  step	t_ro115	FROM	TO
     1	6.59125542148e-09	1.57930881044e-09	8.17056423192e-09
     2	5.4990722242e-09	1.3151315381e-09	6.81420376229e-09
     3	4.80584485442e-09	1.14794214938e-09	5.9537870038e-09
     4	9.36115128429e-09	2.24304455447e-09	1.16041958388e-08
     5	7.64991459366e-09	1.829424873e-09	9.47933946666e-09
     6	6.58841049478e-09	1.57392300218e-09	8.16233349695e-09
     7	1.36970644285e-08	3.28015424253e-09	1.69772186711e-08
     8	1.11000605189e-08	2.65344890183e-09	1.37535094208e-08
     9	9.49410822508e-09	2.26719002713e-09	1.17612982522e-08

Measurement: t_ro116
  step	t_ro116	FROM	TO
     1	5.77300702885e-09	1.38375364162e-09	7.15676067047e-09
     2	4.96000106363e-09	1.18828538353e-09	6.14828644716e-09
     3	4.42390945237e-09	1.05854219701e-09	5.48245164938e-09
     4	7.86641279054e-09	1.8857728424e-09	9.75218563294e-09
     5	6.65314822761e-09	1.59331514084e-09	8.24646336845e-09
     6	5.86365837685e-09	1.40336161375e-09	7.2670199906e-09
     7	1.11771677697e-08	2.67917526181e-09	1.38563430315e-08
     8	9.38902483558e-09	2.24846099066e-09	1.16374858262e-08
     9	8.22829843847e-09	1.96940850988e-09	1.01977069484e-08

Measurement: t_ro117
  step	t_ro117	FROM	TO
     1	6.26358373978e-09	1.50497261004e-09	7.76855634982e-09
     2	5.28000013281e-09	1.26552748226e-09	6.54552761507e-09
     3	4.64600409177e-09	1.11208389869e-09	5.75808799047e-09
     4	8.81187490799e-09	2.11830961587e-09	1.09301845239e-08
     5	7.27398897902e-09	1.74485463476e-09	9.01884361377e-09
     6	6.31180992965e-09	1.51171203208e-09	7.82352196173e-09
     7	1.27919677023e-08	3.07554332279e-09	1.58675110251e-08
     8	1.04717900109e-08	2.512597339e-09	1.29843873499e-08
     9	9.02456775389e-09	2.1621183547e-09	1.11866861086e-08

Measurement: t_ro118
  step	t_ro118	FROM	TO
     1	6.34202099391e-09	1.51380209037e-09	7.85582308428e-09
     2	5.32883884879e-09	1.27109188255e-09	6.59993073134e-09
     3	4.68761859501e-09	1.11788309816e-09	5.80550169316e-09
     4	8.95028257703e-09	2.13517735638e-09	1.10854599334e-08
     5	7.36891096028e-09	1.7575210357e-09	9.12643199599e-09
     6	6.38274862027e-09	1.52177423186e-09	7.90452285213e-09
     7	1.30206901303e-08	3.10519550032e-09	1.61258856306e-08
     8	1.06292649673e-08	2.53439156439e-09	1.31636565317e-08
     9	9.14194907246e-09	2.1790192122e-09	1.13209682847e-08

Measurement: t_ro119
  step	t_ro119	FROM	TO
     1	6.13178662309e-09	1.47277659203e-09	7.60456321511e-09
     2	5.19742724722e-09	1.24674953751e-09	6.44417678473e-09
     3	4.59926300628e-09	1.10217305332e-09	5.7014360596e-09
     4	8.53815774234e-09	2.05153792237e-09	1.05896956647e-08
     5	7.10946355786e-09	1.70632457409e-09	8.81578813195e-09
     6	6.20000477118e-09	1.4865319867e-09	7.68653675788e-09
     7	1.23239588266e-08	2.96154943004e-09	1.52855082566e-08
     8	1.0182866297e-08	2.44446550372e-09	1.26273318007e-08
     9	8.8233753313e-09	2.1162630153e-09	1.09396383466e-08

Measurement: t_ro120
  step	t_ro120	FROM	TO
     1	5.65646887272e-09	1.35455931348e-09	7.0110281862e-09
     2	4.879364361e-09	1.16632011473e-09	6.04568447572e-09
     3	4.36490591349e-09	1.04297668715e-09	5.40788260064e-09
     4	7.6904681501e-09	1.84208182897e-09	9.53254997907e-09
     5	6.5322790921e-09	1.56195734241e-09	8.0942364345e-09
     6	5.77569206104e-09	1.37981215193e-09	7.15550421297e-09
     7	1.08975358269e-08	2.60981690385e-09	1.35073527308e-08
     8	9.19326811117e-09	2.1979549018e-09	1.1391223013e-08
     9	8.08338440402e-09	1.93082216737e-09	1.00142065714e-08

Measurement: t_ro121
  step	t_ro121	FROM	TO
     1	6.09283734486e-09	1.46252538994e-09	7.5553627348e-09
     2	5.16730143152e-09	1.2382399967e-09	6.40554142822e-09
     3	4.57309976873e-09	1.09523551603e-09	5.66833528476e-09
     4	8.50717932874e-09	2.04174034468e-09	1.05489196734e-08
     5	7.0785907041e-09	1.69675701241e-09	8.77534771651e-09
     6	6.17184460463e-09	1.47836743378e-09	7.65021203841e-09
     7	1.22916301567e-08	2.94973619548e-09	1.52413663522e-08
     8	1.0145226977e-08	2.43191872491e-09	1.25771457019e-08
     9	8.78716792139e-09	2.10487064105e-09	1.08920385624e-08

Measurement: t_ro122
  step	t_ro122	FROM	TO
     1	6.01533530093e-09	1.44505538747e-09	7.4603906884e-09
     2	5.11999584146e-09	1.22675731833e-09	6.34675315979e-09
     3	4.53477855637e-09	1.08648721043e-09	5.6212657668e-09
     4	8.3283307749e-09	2.00193531754e-09	1.03302660924e-08
     5	6.96124529747e-09	1.67064135197e-09	8.63188664944e-09
     6	6.08754380857e-09	1.45936973909e-09	7.54691354765e-09
     7	1.1969655287e-08	2.87786513229e-09	1.48475204193e-08
     8	9.92924754712e-09	2.3838371286e-09	1.23130846757e-08
     9	8.62938773834e-09	2.06959933038e-09	1.06989870687e-08

Measurement: t_ro123
  step	t_ro123	FROM	TO
     1	5.74724577157e-09	1.38420538063e-09	7.1314511522e-09
     2	4.9311521703e-09	1.18699668162e-09	6.11814885192e-09
     3	4.39997258001e-09	1.05925243901e-09	5.45922501903e-09
     4	7.87841394596e-09	1.89936426969e-09	9.77777821565e-09
     5	6.64434012115e-09	1.60100535481e-09	8.24534547596e-09
     6	5.85055879898e-09	1.40934674691e-09	7.25990554588e-09
     7	1.12247896497e-08	2.70865145289e-09	1.39334411026e-08
     8	9.39541477918e-09	2.26577131432e-09	1.16611860935e-08
     9	8.22234682105e-09	1.98220932262e-09	1.02045561437e-08

Measurement: t_ro124
  step	t_ro124	FROM	TO
     1	6.22617827945e-09	1.50296012707e-09	7.72913840653e-09
     2	5.25773786153e-09	1.2671163255e-09	6.52485418703e-09
     3	4.63278072468e-09	1.11511596679e-09	5.74789669147e-09
     4	8.71868804621e-09	2.10729635172e-09	1.08259843979e-08
     5	7.21706094106e-09	1.74149741614e-09	8.9585583572e-09
     6	6.27204676223e-09	1.51148509454e-09	7.78353185677e-09
     7	1.26342264358e-08	3.05521399877e-09	1.56894404346e-08
     8	1.03732530531e-08	2.50479977793e-09	1.2878052831e-08
     9	8.95454733901e-09	2.15988597793e-09	1.11144333169e-08

Measurement: t_ro125
  step	t_ro125	FROM	TO
     1	6.02169289468e-09	1.43995545223e-09	7.46164834691e-09
     2	5.12000025263e-09	1.22231883769e-09	6.34231909033e-09
     3	4.5409185339e-09	1.08384113104e-09	5.62475966494e-09
     4	8.3668667653e-09	2.00030958757e-09	1.03671763529e-08
     5	6.99007104862e-09	1.66920903078e-09	8.6592800794e-09
     6	6.11077704284e-09	1.4583244877e-09	7.56910153054e-09
     7	1.20451195607e-08	2.87865204036e-09	1.49237716011e-08
     8	9.98532501832e-09	2.3838570735e-09	1.23691820918e-08
     9	8.67382841528e-09	2.06949419434e-09	1.07433226096e-08

Measurement: t_ro126
  step	t_ro126	FROM	TO
     1	5.67153403265e-09	1.36165895461e-09	7.03319298727e-09
     2	4.88120035536e-09	1.169739069e-09	6.05093942436e-09
     3	4.36085471448e-09	1.043330352e-09	5.40418506648e-09
     4	7.74094859942e-09	1.85984267e-09	9.60079126942e-09
     5	6.55086857398e-09	1.57085109041e-09	8.12171966438e-09
     6	5.7818095011e-09	1.38440086153e-09	7.16621036263e-09
     7	1.09852620987e-08	2.64027802134e-09	1.362554012e-08
     8	9.2278303024e-09	2.21423742996e-09	1.14420677324e-08
     9	8.09738139235e-09	1.94020386031e-09	1.00375852527e-08

Measurement: t_ro127
  step	t_ro127	FROM	TO
     1	5.79805966271e-09	1.39711639947e-09	7.19517606218e-09
     2	4.96585348304e-09	1.19479993698e-09	6.16065342002e-09
     3	4.43076731329e-09	1.06568224529e-09	5.49644955858e-09
     4	7.95399539545e-09	1.91788482185e-09	9.87188021729e-09
     5	6.70439567526e-09	1.61507698516e-09	8.31947266042e-09
     6	5.89840161994e-09	1.41994264302e-09	7.31834426296e-09
     7	1.13415600346e-08	2.73560295748e-09	1.40771629921e-08
     8	9.48940196483e-09	2.28678987178e-09	1.17761918366e-08
     9	8.29858828161e-09	1.99876968858e-09	1.02973579702e-08

Measurement: freq_ro0
  step	{80/t_ro0}
     1	13358706493.1
     2	15648300294
     3	17687604723.4
     4	9641776956.47
     5	11526533878.5
     6	13171505098.4
     7	6710958911.98
     8	8083783900.13
     9	9296380769.52

Measurement: freq_ro1
  step	{80/t_ro1}
     1	13726022417.8
     2	16039613028.9
     3	18005001275.9
     4	10002779727.2
     5	11886659260.2
     6	13516955141.3
     7	7012227204.95
     8	8389649883.4
     9	9601341086.24

Measurement: freq_ro2
  step	{80/t_ro2}
     1	12780178045.2
     2	15151514277.9
     3	17241385538.9
     4	9111507161.17
     5	11017281931.8
     6	12685752997
     7	6282809181.11
     8	7659639154.21
     9	8879428859.76

Measurement: freq_ro3
  step	{80/t_ro3}
     1	12977493591.7
     2	15331471950.7
     3	17344787433.2
     4	9282820853.28
     5	11170189715.2
     6	12824946260.2
     7	6414917529.64
     8	7780158561.57
     9	8991374033.95

Measurement: freq_ro4
  step	{80/t_ro4}
     1	14859715227.9
     2	17085654489
     3	18958099691.7
     4	11047002673
     5	12884993121.6
     6	14466915950.5
     7	7874662044.61
     8	9246577447.24
     9	10436506109.9

Measurement: freq_ro5
  step	{80/t_ro5}
     1	14008106395.2
     2	16282769253.8
     3	18226739606.6
     4	10265377559.3
     5	12120991497.3
     6	13735140925.9
     7	7221051514.67
     8	8585771233.14
     9	9785968398.76

Measurement: freq_ro6
  step	{80/t_ro6}
     1	13363013907.7
     2	15637350924.7
     3	17683604164.5
     4	9690696179.6
     5	11571599827.4
     6	13216270533.2
     7	6760391853.85
     8	8132158535.54
     9	9344947787.51

Measurement: freq_ro7
  step	{80/t_ro7}
     1	13700160467
     2	16006666660.4
     3	17964244363.9
     4	9962691479.36
     5	11843673363.9
     6	13478096522.2
     7	6973939189.44
     8	8353340166.61
     9	9564922522.45

Measurement: freq_ro8
  step	{80/t_ro8}
     1	14312086565.4
     2	16580946283.5
     3	18495893495.7
     4	10562457420.8
     5	12406591749.6
     6	14006727520.7
     7	7470478182.25
     8	8835014492.25
     9	10030568863.7

Measurement: freq_ro9
  step	{80/t_ro9}
     1	14001577143.6
     2	16302385506.2
     3	18271026507.5
     4	10274493416.5
     5	12163382684.4
     6	13796388428
     7	7235981129.86
     8	8628722737.49
     9	9845589644.39

Measurement: freq_ro10
  step	{80/t_ro10}
     1	13350691100.4
     2	15669044391
     3	17712307579.3
     4	9640607765.11
     5	11549038327.5
     6	13207507672.5
     7	6714656083.43
     8	8109624208.74
     9	9334923271.51

Measurement: freq_ro11
  step	{80/t_ro11}
     1	13888890951
     2	16141181383.5
     3	18109448192.8
     4	10144925756
     5	12014697065.7
     6	13639193381.6
     7	7129463144.38
     8	8503809593.7
     9	9710930410.86

Measurement: freq_ro12
  step	{80/t_ro12}
     1	14270783781.5
     2	16494505087.5
     3	18423895237.1
     4	10500989438.1
     5	12344531196.8
     6	13942111696.9
     7	7427372228.86
     8	8789654918.39
     9	9981875297.94

Measurement: freq_ro13
  step	{80/t_ro13}
     1	12738470115.1
     2	15115575138.8
     3	17144450506.5
     4	9084215664.88
     5	10985156257.6
     6	12652518720.6
     7	6266002987.56
     8	7637175903.99
     9	8854010044.26

Measurement: freq_ro14
  step	{80/t_ro14}
     1	13123890451.7
     2	15455050936.1
     3	17462369765.8
     4	9391641193.32
     5	11280465770.3
     6	12935152200.8
     7	6501867747.28
     8	7870482797.17
     9	9083660435.65

Measurement: freq_ro15
  step	{80/t_ro15}
     1	13727656820.3
     2	16038525940.7
     3	18005620047.1
     4	9980755508.29
     5	11864026615.1
     6	13502973698.8
     7	6982095908.15
     8	8362481191.85
     9	9574593456.25

Measurement: freq_ro16
  step	{80/t_ro16}
     1	13428515730.7
     2	15757891661.5
     3	17742389882.6
     4	9706499831.5
     5	11589889251.4
     6	13232085679.8
     7	6764597414.8
     8	8138409938.11
     9	9350294953.35

Measurement: freq_ro17
  step	{80/t_ro17}
     1	13569876600.7
     2	15886833133.9
     3	17857169036.7
     4	9832792849.21
     5	11720665785.9
     6	13362211844.7
     7	6869173567.6
     8	8250252187.9
     9	9464498556.74

Measurement: freq_ro18
  step	{80/t_ro18}
     1	13300136439.7
     2	15641032438.3
     3	17639046900.1
     4	9582447705.18
     5	11476635972.7
     6	13125883405.4
     7	6662174440.59
     8	8042120824.42
     9	9257039223.1

Measurement: freq_ro19
  step	{80/t_ro19}
     1	13088750078.1
     2	15473054141.8
     3	17503365256.8
     4	9381386861.8
     5	11304238684
     6	12979548103.3
     7	6494580951.5
     8	7890386404.99
     9	9121169572.47

Measurement: freq_ro20
  step	{80/t_ro20}
     1	13866267763.8
     2	16129040789.7
     3	18107284328.4
     4	10098273382.5
     5	11969564247.9
     6	13595690586.2
     7	7076106824.29
     8	8449994962.97
     9	9656644096.63

Measurement: freq_ro21
  step	{80/t_ro21}
     1	14048491592.1
     2	16303778425
     3	18242132240.5
     4	10327177453.4
     5	12173382161.3
     6	13783394040.2
     7	7282332163.25
     8	8642703428.92
     9	9840452798.15

Measurement: freq_ro22
  step	{80/t_ro22}
     1	13701810440.4
     2	16012204452.3
     3	17966529600.3
     4	10001162377
     5	11867126074.7
     6	13495345435.9
     7	7009665713.68
     8	8374376124.2
     9	9578505357.21

Measurement: freq_ro23
  step	{80/t_ro23}
     1	12820513069.1
     2	15220386749.6
     3	17241386191.4
     4	9144514413.88
     5	11060151114.9
     6	12734985946.2
     7	6304892917.27
     8	7688528634.72
     9	8912915339.77

Measurement: freq_ro24
  step	{80/t_ro24}
     1	13061628051.4
     2	15404090322.7
     3	17409349431.4
     4	9401147178.94
     5	11281482623.9
     6	12930550372.9
     7	6524842292.14
     8	7889419944.54
     9	9099556596.56

Measurement: freq_ro25
  step	{80/t_ro25}
     1	12725414426.4
     2	15096075615.1
     3	17127249961.4
     4	9067736961.11
     5	10957889174.6
     6	12621977863.7
     7	6243916674.17
     8	7605604608.42
     9	8818414562.16

Measurement: freq_ro26
  step	{80/t_ro26}
     1	13015808399.1
     2	15350922335.1
     3	17363952055.7
     4	9387166771.89
     5	11269946665
     6	12921248698.1
     7	6520711353.92
     8	7888584513.91
     9	9101387588.12

Measurement: freq_ro27
  step	{80/t_ro27}
     1	13326244949.3
     2	15624987652.2
     3	17641950504.3
     4	9671470031.13
     5	11546379023.7
     6	13187678183.3
     7	6747177361.59
     8	8113683415.13
     9	9323090309.84

Measurement: freq_ro28
  step	{80/t_ro28}
     1	13252766835.7
     2	15625020519.6
     3	17687163409.8
     4	9503940062.14
     5	11455198912.6
     6	13136315716.4
     7	6590685778.22
     8	8013647994.19
     9	9252959608.92

Measurement: freq_ro29
  step	{80/t_ro29}
     1	13258078169.4
     2	15624985267.3
     3	17679200866.6
     4	9515341287.86
     5	11456627136.5
     6	13133298661.4
     7	6607641094.79
     8	8024825589.85
     9	9261393863.44

Measurement: freq_ro30
  step	{80/t_ro30}
     1	13360670470.7
     2	15653525417.9
     3	17666380770.9
     4	9666643160.01
     5	11536443141.7
     6	13175107267.9
     7	6732880521.1
     8	8093979939.44
     9	9300644264.41

Measurement: freq_ro31
  step	{80/t_ro31}
     1	13305862833.3
     2	15660002003.9
     3	17681267685.4
     4	9586941289.68
     5	11493752101.5
     6	13157856183.4
     7	6665958890.21
     8	8055984191.65
     9	9279292853.58

Measurement: freq_ro32
  step	{80/t_ro32}
     1	14625539926.9
     2	16854800588.2
     3	18756036598.2
     4	10835417464.6
     5	12680831758.3
     6	14285550393.8
     7	7699424041.99
     8	9072363067.63
     9	10269629831.3

Measurement: freq_ro33
  step	{80/t_ro33}
     1	13336368481.9
     2	15625110329.9
     3	17673898834.6
     4	9624412082.29
     5	11516076027.9
     6	13165726573.1
     7	6695804028.8
     8	8074137818.36
     9	9289759229.49

Measurement: freq_ro34
  step	{80/t_ro34}
     1	14369665284.6
     2	16627784376.4
     3	18546419895.8
     4	10648930458.2
     5	12499720825.7
     6	14113044330.2
     7	7559366257.45
     8	8936047676.39
     9	10138789706

Measurement: freq_ro35
  step	{80/t_ro35}
     1	13513522016.4
     2	15802595124.7
     3	17791514081.1
     4	9811114405.61
     5	11679012973.9
     6	13311800518
     7	6856400723.14
     8	8219759870.91
     9	9424911668.57

Measurement: freq_ro36
  step	{80/t_ro36}
     1	13114408692.6
     2	15483797343.5
     3	17494329162.1
     4	9397035551.74
     5	11312422725.2
     6	12975785877.1
     7	6515444847.73
     8	7906315561.34
     9	9129074394.79

Measurement: freq_ro37
  step	{80/t_ro37}
     1	14153704239.5
     2	16434487452.9
     3	18364907913.6
     4	10390783457.5
     5	12258972539.2
     6	13873908783.1
     7	7330014521.95
     8	8708162470.4
     9	9908931770.57

Measurement: freq_ro38
  step	{80/t_ro38}
     1	13651828085.7
     2	15959482325.5
     3	17921321237.7
     4	9945784248.91
     5	11814043663.5
     6	13444205519.1
     7	6967402350.28
     8	8335560521.74
     9	9542194294.58

Measurement: freq_ro39
  step	{80/t_ro39}
     1	12227371471.7
     2	14678067786.5
     3	16736746182.6
     4	8627292234.5
     5	10553757665.3
     6	12248240882.5
     7	5897591572.36
     8	7275741214.21
     9	8504365130.74

Measurement: freq_ro40
  step	{80/t_ro40}
     1	13157888856.1
     2	15518746931.5
     3	17534268375.3
     4	9482768975.02
     5	11379197003.5
     6	13036874121.7
     7	6585308524.55
     8	7964360629.98
     9	9183237007.4

Measurement: freq_ro41
  step	{80/t_ro41}
     1	14183070161
     2	16457544316.3
     3	18395374238.2
     4	10448175178.5
     5	12317282372.4
     6	13933766534.1
     7	7379782448.65
     8	8761356240.22
     9	9968068626.94

Measurement: freq_ro42
  step	{80/t_ro42}
     1	13162670309.6
     2	15538416763.7
     3	17544063797.4
     4	9470833112.51
     5	11373009953.1
     6	13034417614.9
     7	6571729734.13
     8	7958956006.87
     9	9181129532.06

Measurement: freq_ro43
  step	{80/t_ro43}
     1	13043406973.3
     2	15389999279.9
     3	17407374314.3
     4	9381640268.24
     5	11276366216.1
     6	12935808801.9
     7	6509517232.76
     8	7885123513.85
     9	9103275222.81

Measurement: freq_ro44
  step	{80/t_ro44}
     1	13209260093.9
     2	15607042568.5
     3	17574187657.5
     4	9491268363.54
     5	11387130461.2
     6	13042769805.5
     7	6584967563.65
     8	7961857243.15
     9	9178617130.81

Measurement: freq_ro45
  step	{80/t_ro45}
     1	14059460924.9
     2	16314611727.1
     3	18256765534.2
     4	10341551496.4
     5	12188553328.9
     6	13795522575.6
     7	7294510938.12
     8	8653718332.04
     9	9850006189.73

Measurement: freq_ro46
  step	{80/t_ro46}
     1	13436988474.7
     2	15752957311.6
     3	17761954598.1
     4	9736984114.58
     5	11615939657.5
     6	13256529876.8
     7	6792544990.62
     8	8162455242.61
     9	9373736589.76

Measurement: freq_ro47
  step	{80/t_ro47}
     1	12856436828.1
     2	15302625619.4
     3	17367525262.1
     4	9128258652.48
     5	11094575001.1
     6	12793182928.1
     7	6293726771.83
     8	7716319897.1
     9	8961329449.48

Measurement: freq_ro48
  step	{80/t_ro48}
     1	12579798228
     2	14966602816.2
     3	17018438454.1
     4	8936892581.27
     5	10840842736
     6	12514003836
     7	6143958405.39
     8	7513449652.09
     9	8732376545.1

Measurement: freq_ro49
  step	{80/t_ro49}
     1	13718151248.8
     2	16048005399.9
     3	18021796567.5
     4	9957203244.3
     5	11856358300.3
     6	13500516291.7
     7	6964303348.36
     8	8358743696.72
     9	9578839665.2

Measurement: freq_ro50
  step	{80/t_ro50}
     1	13513513634.9
     2	15822425722.1
     3	17839295041.2
     4	9765160306.02
     5	11658164424.4
     6	13307646510.7
     7	6809181878.81
     8	8191752244.97
     9	9409526935.3

Measurement: freq_ro51
  step	{80/t_ro51}
     1	13513434599.2
     2	15784945644.3
     3	17765571857.7
     4	9801801356.46
     5	11665040390
     6	13295384994.8
     7	6848884705.47
     8	8210906835.46
     9	9415198261.12

Measurement: freq_ro52
  step	{80/t_ro52}
     1	12499993410.7
     2	14883790993.1
     3	16949155563.9
     4	8870837919.67
     5	10781788593.7
     6	12457255812.2
     7	6100330953.12
     8	7475949193.03
     9	8696652601.23

Measurement: freq_ro53
  step	{80/t_ro53}
     1	13111385303.4
     2	15434752735.8
     3	17444595642.6
     4	9433979897.83
     5	11323490045.5
     6	12973066658.8
     7	6557565023.74
     8	7927979120.39
     9	9140683661.82

Measurement: freq_ro54
  step	{80/t_ro54}
     1	13363899417.4
     2	15680406304
     3	17678440841.7
     4	9651143960.53
     5	11525693487.3
     6	13164121654.4
     7	6719482076.61
     8	8084486873.63
     9	9291211197.1

Measurement: freq_ro55
  step	{80/t_ro55}
     1	13074498923.2
     2	15431167965.1
     3	17443512682
     4	9437941559.2
     5	11335262708.8
     6	12993583112.6
     7	6564647980.33
     8	7942495872.8
     9	9161600499.25

Measurement: freq_ro56
  step	{80/t_ro56}
     1	12493103030.7
     2	14892902980.4
     3	16957231467
     4	8822106089.5
     5	10739956207.9
     6	12424678761.2
     7	6046066030.99
     8	7423334498.32
     9	8648629707.99

Measurement: freq_ro57
  step	{80/t_ro57}
     1	12891555262
     2	15271957810.4
     3	17300930858.9
     4	9243619999.17
     5	11160467163.8
     6	12833528150.1
     7	6399374205.04
     8	7788994734.61
     9	9015790504.36

Measurement: freq_ro58
  step	{80/t_ro58}
     1	13751079507.5
     2	16068960124.1
     3	18025191084.6
     4	10026710835.9
     5	11904925752.5
     6	13543263780.5
     7	7025763174.84
     8	8404532875.99
     9	9617276023.9

Measurement: freq_ro59
  step	{80/t_ro59}
     1	13214194979.9
     2	15576302443.8
     3	17573177153.2
     4	9504470246.5
     5	11396560863.6
     6	13048778126.4
     7	6599854493.04
     8	7976403386.72
     9	9192323517.68

Measurement: freq_ro60
  step	{80/t_ro60}
     1	12534628864.1
     2	14955604425.6
     3	17039935615.2
     4	8879312438.78
     5	10815796793.4
     6	12510742890.3
     7	6093684697.02
     8	7487415247.91
     9	8723180501.91

Measurement: freq_ro61
  step	{80/t_ro61}
     1	12499992845.9
     2	14904361374.1
     3	16949084555.5
     4	8911738986.55
     5	10813576763.1
     6	12485737682.2
     7	6136273252.83
     8	7506578561.82
     9	8725110396.3

Measurement: freq_ro62
  step	{80/t_ro62}
     1	12511892209.3
     2	14958355193.4
     3	17025138846.3
     4	8894541023.65
     5	10832347966.1
     6	12519584581.6
     7	6118149633.69
     8	7514772494.63
     9	8747921103.34

Measurement: freq_ro63
  step	{80/t_ro63}
     1	14387491193.1
     2	16666700652.7
     3	18541794714.5
     4	10622515000
     5	12479664759.4
     6	14084618429
     7	7523043316.79
     8	8899942646.79
     9	10101596495.9

Measurement: freq_ro64
  step	{80/t_ro64}
     1	12638196302.8
     2	15080401458.5
     3	17159818812.1
     4	8960863318.85
     5	10917450703.1
     6	12614201210
     7	6168879582.44
     8	7583122397.04
     9	8824491757.35

Measurement: freq_ro65
  step	{80/t_ro65}
     1	13706119585.9
     2	16019052312.7
     3	17973554323
     4	9996339128.3
     5	11870297595.1
     6	13504283970.9
     7	7003239436.87
     8	8378989150.96
     9	9588311072.32

Measurement: freq_ro66
  step	{80/t_ro66}
     1	13035150110
     2	15403471568
     3	17412122650.1
     4	9418391833.41
     5	11325461793.7
     6	12989093735.7
     7	6552411551.72
     8	7940684624.65
     9	9165086340.11

Measurement: freq_ro67
  step	{80/t_ro67}
     1	12958487638.8
     2	15314421814.4
     3	17315881004.8
     4	9289320133.72
     5	11179393739.1
     6	12835086754.6
     7	6428770803.59
     8	7796141958.29
     9	9009582589.5

Measurement: freq_ro68
  step	{80/t_ro68}
     1	13604868970.7
     2	15964823419.4
     3	17950296139.9
     4	9851220406.42
     5	11764047358.6
     6	13422542505
     7	6871579703.32
     8	8272136533.68
     9	9500556335.83

Measurement: freq_ro69
  step	{80/t_ro69}
     1	13582254438.5
     2	15876371616.3
     3	17857341836.5
     4	9872263927.48
     5	11730465770.6
     6	13356584916.6
     7	6902886405.4
     8	8261148654.21
     9	9462469416.72

Measurement: freq_ro70
  step	{80/t_ro70}
     1	14285713942.4
     2	16576720642.5
     3	18486643127.8
     4	10524558395.9
     5	12379276081.8
     6	13986487117.7
     7	7440358833.73
     8	8812086706
     9	10012822031

Measurement: freq_ro71
  step	{80/t_ro71}
     1	13513514246.2
     2	15826399230.6
     3	17806546440.2
     4	9806733768.58
     5	11686856587.4
     6	13323822133.8
     7	6858317073.94
     8	8233830120.54
     9	9443954747.83

Measurement: freq_ro72
  step	{80/t_ro72}
     1	13257522265.6
     2	15624951031.7
     3	17612457005.6
     4	9545787601.53
     5	11442429365
     6	13095976301
     7	6631722897.57
     8	8013546295.95
     9	9231556867.46

Measurement: freq_ro73
  step	{80/t_ro73}
     1	12981778385.8
     2	15363985208.3
     3	17396354041.2
     4	9307498808.16
     5	11224471883.8
     6	12896599912.4
     7	6443202903.31
     8	7834238831.09
     9	9061985253.91

Measurement: freq_ro74
  step	{80/t_ro74}
     1	13555233793.8
     2	15888336400.7
     3	17857171795.2
     4	9832403310.46
     5	11712057392.2
     6	13349679987
     7	6866723838.95
     8	8240339366.03
     9	9450485257.11

Measurement: freq_ro75
  step	{80/t_ro75}
     1	13888886963.4
     2	16181198017.1
     3	18133679038.5
     4	10188186119.2
     5	12056963853.9
     6	13683154658.5
     7	7168438288.08
     8	8544063922.42
     9	9753637709.73

Measurement: freq_ro76
  step	{80/t_ro76}
     1	13956927947.9
     2	16222614165
     3	18163496872
     4	10243727443.6
     5	12090471303.6
     6	13701055445
     7	7211451275.5
     8	8569461583.66
     9	9766140999.66

Measurement: freq_ro77
  step	{80/t_ro77}
     1	12913470191.7
     2	15302307005.2
     3	17329943260.8
     4	9204380861
     5	11122257199.2
     6	12798484469.3
     7	6348420882.79
     8	7735907653.45
     9	8963344105.09

Measurement: freq_ro78
  step	{80/t_ro78}
     1	14071724376.1
     2	16321244941.5
     3	18261995464.8
     4	10344096377.5
     5	12189691840.6
     6	13795482345.3
     7	7295931107.98
     8	8655763272.81
     9	9850829240.42

Measurement: freq_ro79
  step	{80/t_ro79}
     1	13461492488.1
     2	15797721044.4
     3	17829983241.6
     4	9766945987.15
     5	11682803529.9
     6	13339467157.2
     7	6828273315.51
     8	8230046891.27
     9	9453086296.87

Measurement: freq_ro80
  step	{80/t_ro80}
     1	13013017700.1
     2	15390696061.7
     3	17430921551.1
     4	9319608744.98
     5	11230988115
     6	12897665709.3
     7	6452237950.52
     8	7837732078.93
     9	9059674979.31

Measurement: freq_ro81
  step	{80/t_ro81}
     1	13243352039.5
     2	15624978465
     3	17612252219.8
     4	9514987464.37
     5	11419659889.4
     6	13078663671.8
     7	6607968274.63
     8	7995026198.82
     9	9216672129.87

Measurement: freq_ro82
  step	{80/t_ro82}
     1	12907170111.2
     2	15257922193.5
     3	17280523012
     4	9277526932.02
     5	11170456558.7
     6	12830391817.3
     7	6427638749.34
     8	7799090459.25
     9	9015962746.91

Measurement: freq_ro83
  step	{80/t_ro83}
     1	13639889702.8
     2	15942578871.2
     3	17911174311.8
     4	9931590842.36
     5	11800395023.4
     6	13433180856.6
     7	6951220127.17
     8	8319127546.08
     9	9526694952.93

Measurement: freq_ro84
  step	{80/t_ro84}
     1	13157887335.3
     2	15556922748.9
     3	17570892362.6
     4	9418422950.37
     5	11364088262.2
     6	13040063872
     7	6520247626.83
     8	7933560799.15
     9	9170840455.03

Measurement: freq_ro85
  step	{80/t_ro85}
     1	13476575147.1
     2	15825641738.5
     3	17831488600.6
     4	9725278146.5
     5	11634423117.6
     6	13294451350.6
     7	6768145691.17
     8	8162271902.79
     9	9387277860.28

Measurement: freq_ro86
  step	{80/t_ro86}
     1	13789942085
     2	16129033846.3
     3	18056809397.7
     4	10030301449.2
     5	11904876244.8
     6	13538527067.7
     7	7018726053.66
     8	8392267114.6
     9	9601678311.32

Measurement: freq_ro87
  step	{80/t_ro87}
     1	13021450057.4
     2	15445953136.7
     3	17509286303.7
     4	9283757545.34
     5	11254053664.7
     6	12951754699.6
     7	6418992534.81
     8	7851695296.1
     9	9102078745.53

Measurement: freq_ro88
  step	{80/t_ro88}
     1	13157889983.4
     2	15500019711
     3	17505977476.8
     4	9465207443.78
     5	11356864848.2
     6	13008399977
     7	6575031806.6
     8	7950575864.76
     9	9165302662.85

Measurement: freq_ro89
  step	{80/t_ro89}
     1	13257745128.7
     2	15624688971.8
     3	17596950725.7
     4	9549830017.93
     5	11436790473.2
     6	13086500841.9
     7	6635326654.83
     8	8007920487.4
     9	9221338948.93

Measurement: freq_ro90
  step	{80/t_ro90}
     1	13514121737
     2	15871858937.1
     3	17856473943.2
     4	9776640894.83
     5	11691186682.5
     6	13349851625.1
     7	6815050736.58
     8	8217085599.45
     9	9445285982.93

Measurement: freq_ro91
  step	{80/t_ro91}
     1	13513623136.2
     2	15900483221.5
     3	17897499423.4
     4	9813812787.9
     5	11744210826.2
     6	13409906056.8
     7	6853223553.88
     8	8268374208.59
     9	9502513995.83

Measurement: freq_ro92
  step	{80/t_ro92}
     1	12820512166.6
     2	15151515075.9
     3	17208359988.7
     4	9203463733.88
     5	11083447516.7
     6	12736705386.4
     7	6366048765.91
     8	7725484001.01
     9	8934085094.23

Measurement: freq_ro93
  step	{80/t_ro93}
     1	14301595282.7
     2	16579848589.6
     3	18500756939.2
     4	10572689123.9
     5	12420411238.8
     6	14024525456.8
     7	7484989972.36
     8	8852559357.34
     9	10051166164.7

Measurement: freq_ro94
  step	{80/t_ro94}
     1	14073538089.5
     2	16334944247.6
     3	18269556379.7
     4	10342574315.9
     5	12194193795.2
     6	13803417784.4
     7	7290481673.14
     8	8652174893.63
     9	9851014009.05

Measurement: freq_ro95
  step	{80/t_ro95}
     1	13049132010.9
     2	15438089976.9
     3	17469999596.5
     4	9346214492.18
     5	11271250428.2
     6	12948494575.9
     7	6470700323.72
     8	7867609886.35
     9	9099516088.68

Measurement: freq_ro96
  step	{80/t_ro96}
     1	13778557544
     2	16129032802.3
     3	18053877674.6
     4	10018246396.2
     5	11903519067.5
     6	13529507894.7
     7	7017312405.29
     8	8398303494.17
     9	9609350290.23

Measurement: freq_ro97
  step	{80/t_ro97}
     1	12978561436.8
     2	15332689434.4
     3	17345613510.8
     4	9330013001.22
     5	11229795654.2
     6	12886935334.1
     7	6473619098.06
     8	7851736226.04
     9	9067336615.02

Measurement: freq_ro98
  step	{80/t_ro98}
     1	14090970924.5
     2	16355362058.1
     3	18276565992.8
     4	10365074225.6
     5	12204932365.4
     6	13809715978.9
     7	7308858906.31
     8	8663100793.21
     9	9856328980.32

Measurement: freq_ro99
  step	{80/t_ro99}
     1	13157888509.5
     2	15545936632.7
     3	17573219122.2
     4	9415157704.75
     5	11342164102.5
     6	13016326348.9
     7	6517277004.69
     8	7916514381.42
     9	9147457989.28

Measurement: freq_ro100
  step	{80/t_ro100}
     1	11814362921.2
     2	14285716509.1
     3	16440365939
     4	8227734457.1
     5	10204086381.3
     6	11934723134.3
     7	5581675369.51
     8	6992209558.13
     9	8242189358.21

Measurement: freq_ro101
  step	{80/t_ro101}
     1	13030232194.6
     2	15368805384.2
     3	17366654968
     4	9361450698.95
     5	11230069812.9
     6	12874297521.1
     7	6485386458.36
     8	7838635262.47
     9	9042724597.68

Measurement: freq_ro102
  step	{80/t_ro102}
     1	12906200293
     2	15286114550.3
     3	17308956437.1
     4	9240445675.32
     5	11144054734
     6	12813347752.6
     7	6389538647.7
     8	7768208767
     9	8989849765.12

Measurement: freq_ro103
  step	{80/t_ro103}
     1	12955613522.2
     2	15307879644.5
     3	17327278578.2
     4	9286965650.61
     5	11176854945.8
     6	12833093778.4
     7	6425913296.59
     8	7793621791.49
     9	9007207891.26

Measurement: freq_ro104
  step	{80/t_ro104}
     1	12709639777.5
     2	15073807575.6
     3	17114152879.9
     4	9049721111.06
     5	10935944647.6
     6	12594690612.6
     7	6233880118.97
     8	7594547314.96
     9	8804956657.96

Measurement: freq_ro105
  step	{80/t_ro105}
     1	12674678462.2
     2	15072977693.6
     3	17128881632.4
     4	8996308475.79
     5	10908711576.2
     6	12586910066.9
     7	6184415757.28
     8	7561808884.42
     9	8784611880.14

Measurement: freq_ro106
  step	{80/t_ro106}
     1	13115172192.2
     2	15474716499.2
     3	17488796332.5
     4	9420458367.32
     5	11321067918.4
     6	12983392388.8
     7	6528705435.22
     8	7907353521.64
     9	9127485017.67

Measurement: freq_ro107
  step	{80/t_ro107}
     1	13678288158.6
     2	15997376185.3
     3	17955544074.6
     4	9955051609.07
     5	11833449789.6
     6	13470383803.4
     7	6966481642.16
     8	8341073855.22
     9	9552416234.89

Measurement: freq_ro108
  step	{80/t_ro108}
     1	12733304785.2
     2	15151514520.3
     3	17132471420.5
     4	9100046702.62
     5	10995858831.8
     6	12659495183.3
     7	6281722662.83
     8	7651176941.32
     9	8866926890.07

Measurement: freq_ro109
  step	{80/t_ro109}
     1	13578629011.1
     2	15901099177.8
     3	17869466981.1
     4	9851176660.6
     5	11739025937
     6	13380930646.2
     7	6888312716.09
     8	8270565264.07
     9	9485932081.47

Measurement: freq_ro110
  step	{80/t_ro110}
     1	14027845804.2
     2	16328539200.7
     3	18278445872.4
     4	10243772296.8
     5	12125335170.7
     6	13752625692.8
     7	7202985039.53
     8	8590233932.97
     9	9802713634.94

Measurement: freq_ro111
  step	{80/t_ro111}
     1	12862753160
     2	15242778987.1
     3	17309469499.2
     4	9178532443.92
     5	11111145756.5
     6	12798606477.7
     7	6337860855.99
     8	7739520971.71
     9	8973664686.24

Measurement: freq_ro112
  step	{80/t_ro112}
     1	13131450296.4
     2	15455506638
     3	17465443468.7
     4	9449065560.34
     5	11329222588
     6	12978178300
     7	6556723967.37
     8	7922045847.2
     9	9132965763.52

Measurement: freq_ro113
  step	{80/t_ro113}
     1	12850774526.1
     2	15214548358.9
     3	17255945358.8
     4	9184899877.88
     5	11096752633.1
     6	12762548036.5
     7	6344440725.45
     8	7726541672.04
     9	8948532925.36

Measurement: freq_ro114
  step	{80/t_ro114}
     1	12651829502
     2	15071852080.7
     3	17123586604
     4	9013240907.08
     5	10940885570.2
     6	12625014132.8
     7	6210421362.68
     8	7602527411.9
     9	8833778477.82

Measurement: freq_ro115
  step	{80/t_ro115}
     1	12137293259.7
     2	14547908581.4
     3	16646396715.5
     4	8545957390.33
     5	10457633091.3
     6	12142534237
     7	5840667569.13
     8	7207167912.61
     9	8426278498.56

Measurement: freq_ro116
  step	{80/t_ro116}
     1	13857596154
     2	16129028799.3
     3	18083552762.9
     4	10169819729.8
     5	12024382632.6
     6	13643359632.9
     7	7157448259.55
     8	8520586685.09
     9	9722544776.21

Measurement: freq_ro117
  step	{80/t_ro117}
     1	12772240832.7
     2	15151514770.4
     3	17219098050.7
     4	9078658155.65
     5	10998092000.2
     6	12674652895.4
     7	6253924483.05
     8	7639572596.16
     9	8864690496.17

Measurement: freq_ro118
  step	{80/t_ro118}
     1	12614275493.1
     2	15012651399.3
     3	17066234886.3
     4	8938265279.5
     5	10856421041.2
     6	12533785169.9
     7	6144067572.41
     8	7526390606.11
     9	8750869138.07

Measurement: freq_ro119
  step	{80/t_ro119}
     1	13046768408.2
     2	15392230847.1
     3	17394091160
     4	9369702740.83
     5	11252607084.8
     6	12903215876.9
     7	6491420583.75
     8	7856334127.02
     9	9066824995.67

Measurement: freq_ro120
  step	{80/t_ro120}
     1	14143099131.3
     2	16395578210.9
     3	18328001012.1
     4	10402487656
     5	12246874157.1
     6	13851153966.4
     7	7341109152.62
     8	8702019677.07
     9	9896844688

Measurement: freq_ro121
  step	{80/t_ro121}
     1	13130171621.5
     2	15481968888.4
     3	17493604785.7
     4	9403821984.77
     5	11301684663.5
     6	12962089152.4
     7	6508493908.46
     8	7885481535.48
     9	9104184728.87

Measurement: freq_ro122
  step	{80/t_ro122}
     1	13299341765.3
     2	15625012690.9
     3	17641434748.3
     4	9605766408.93
     5	11492196666.2
     6	13141589205.1
     7	6683567578.33
     8	8057005288.7
     9	9270646125.29

Measurement: freq_ro123
  step	{80/t_ro123}
     1	13919710967.6
     2	16223389024.9
     3	18181931488.3
     4	10154328085.4
     5	12040322822.3
     6	13673907527.3
     7	7127082332.65
     8	8514791723.44
     9	9729582288.5

Measurement: freq_ro124
  step	{80/t_ro124}
     1	12848973545.1
     2	15215669192.1
     3	17268246600.5
     4	9175692440.88
     5	11084844738.5
     6	12755006943.1
     7	6332006190.19
     8	7712141947.22
     9	8934008272.15

Measurement: freq_ro125
  step	{80/t_ro125}
     1	13285300562.3
     2	15624999229
     3	17617580981.2
     4	9561524312.99
     5	11444804987.5
     6	13091624754
     7	6641694139.84
     8	8011757239.07
     9	9223147630.99

Measurement: freq_ro126
  step	{80/t_ro126}
     1	14105531156
     2	16389411246.4
     3	18345027577.8
     4	10334650717.9
     5	12212121048.8
     6	13836498761.3
     7	7282484412.41
     8	8669426872.66
     9	9879737179.67

Measurement: freq_ro127
  step	{80/t_ro127}
     1	13797719349.9
     2	16110020215.7
     3	18055563369.4
     4	10057838359.6
     5	11932469960.7
     6	13562996410.7
     7	7053703349.1
     8	8430457503.69
     9	9640193884.21

Measurement: edge100_ro0
  step	V(ro0_out)={VTHRESH} 
     1	7.4272868464e-09
     2	6.33924129702e-09
     3	5.60604594243e-09
     4	1.02912062785e-08
     5	8.60582876064e-09
     6	7.52907376963e-09
     7	1.47856622673e-08
     8	1.22713734332e-08
     9	1.06683259328e-08

Measurement: edge100_ro1
  step	V(ro1_out)={VTHRESH} 
     1	7.23304132751e-09
     2	6.18915266598e-09
     3	5.51252095132e-09
     4	9.92720637917e-09
     5	8.35324643967e-09
     6	7.34439380234e-09
     7	1.41633681006e-08
     8	1.18363882307e-08
     9	1.0341607753e-08

Measurement: edge100_ro2
  step	V(ro2_out)={VTHRESH} 
     1	7.76054072933e-09
     2	6.54408676644e-09
     3	5.74936761588e-09
     4	1.08851751045e-08
     5	8.99910922187e-09
     6	7.81420140108e-09
     7	1.57854019677e-08
     8	1.29436626212e-08
     9	1.11635800427e-08

Measurement: edge100_ro3
  step	V(ro3_out)={VTHRESH} 
     1	7.64523124654e-09
     2	6.4691381312e-09
     3	5.71664961709e-09
     4	1.06887688821e-08
     5	8.87973744324e-09
     6	7.73210637772e-09
     7	1.54674619974e-08
     8	1.27491542703e-08
     9	1.10290829427e-08

Measurement: edge100_ro4
  step	V(ro4_out)={VTHRESH} 
     1	6.6703194673e-09
     2	5.8003298126e-09
     3	5.22714644835e-09
     4	8.97221259395e-09
     5	7.69104105389e-09
     6	6.84953264593e-09
     7	1.25858936647e-08
     8	1.07169000909e-08
     9	9.49428475469e-09

Measurement: edge100_ro5
  step	V(ro5_out)={VTHRESH} 
     1	7.07884115531e-09
     2	6.08804803038e-09
     3	5.43780347183e-09
     4	9.65987251302e-09
     5	8.17870266382e-09
     6	7.21620344429e-09
     7	1.37321587783e-08
     8	1.15462559511e-08
     9	1.01282956531e-08

Measurement: edge100_ro6
  step	V(ro6_out)={VTHRESH} 
     1	7.42350630377e-09
     2	6.34292045476e-09
     3	5.60757148925e-09
     4	1.02371716038e-08
     5	8.57128741932e-09
     6	7.50344550764e-09
     7	1.46744398396e-08
     8	1.21966629766e-08
     9	1.06122259792e-08

Measurement: edge100_ro7
  step	V(ro7_out)={VTHRESH} 
     1	7.25226773235e-09
     2	6.20514287588e-09
     3	5.52835890565e-09
     4	9.97534395541e-09
     5	8.38804319037e-09
     6	7.36944694563e-09
     7	1.42522900619e-08
     8	1.18945964032e-08
     9	1.03859236221e-08

Measurement: edge100_ro8
  step	V(ro8_out)={VTHRESH} 
     1	6.92737334881e-09
     2	5.97831103565e-09
     3	5.3591889787e-09
     4	9.38670996604e-09
     5	7.98964278052e-09
     6	7.07611549665e-09
     7	1.32710586148e-08
     8	1.12190229321e-08
     9	9.88078612555e-09

Measurement: edge100_ro9
  step	V(ro9_out)={VTHRESH} 
     1	7.08133729702e-09
     2	6.08104238842e-09
     3	5.4254657429e-09
     4	9.65042067198e-09
     5	8.15075243005e-09
     6	7.18522060615e-09
     7	1.37024425266e-08
     8	1.1489471763e-08
     9	1.00684000313e-08

Measurement: edge100_ro10
  step	V(ro10_out)={VTHRESH} 
     1	7.42730906208e-09
     2	6.32695506479e-09
     3	5.59696549451e-09
     4	1.0285672461e-08
     5	8.58478511647e-09
     6	7.50597747479e-09
     7	1.47673241809e-08
     8	1.22256011196e-08
     9	1.06198393746e-08

Measurement: edge100_ro11
  step	V(ro11_out)={VTHRESH} 
     1	7.14563586488e-09
     2	6.14604579121e-09
     3	5.47815437191e-09
     4	9.78248473147e-09
     5	8.25875437396e-09
     6	7.27435113281e-09
     7	1.39211083744e-08
     8	1.16693050868e-08
     9	1.02178638441e-08

Measurement: edge100_ro12
  step	V(ro12_out)={VTHRESH} 
     1	6.94845622752e-09
     2	6.01074033392e-09
     3	5.38071025667e-09
     4	9.44428816636e-09
     5	8.0317012891e-09
     6	7.11046439214e-09
     7	1.33522394521e-08
     8	1.12799139368e-08
     9	9.93129184503e-09

Measurement: edge100_ro13
  step	V(ro13_out)={VTHRESH} 
     1	7.78693389962e-09
     2	6.5600301802e-09
     3	5.7828916821e-09
     4	1.09196716768e-08
     5	9.02720502905e-09
     6	7.83613867225e-09
     7	1.58304940951e-08
     8	1.29845010919e-08
     9	1.1197853697e-08

Measurement: edge100_ro14
  step	V(ro14_out)={VTHRESH} 
     1	7.55959754371e-09
     2	6.4178266011e-09
     3	5.67887544668e-09
     4	1.05649086759e-08
     5	8.79373896345e-09
     6	7.66721833873e-09
     7	1.52607609646e-08
     8	1.260422636e-08
     9	1.09187019399e-08

Measurement: edge100_ro15
  step	V(ro15_out)={VTHRESH} 
     1	7.22691990661e-09
     2	6.18433001216e-09
     3	5.50792955815e-09
     4	9.94072706476e-09
     5	8.36122323106e-09
     6	7.34583583658e-09
     7	1.4210225997e-08
     8	1.18628414048e-08
     9	1.0360044722e-08

Measurement: edge100_ro16
  step	V(ro16_out)={VTHRESH} 
     1	7.38287485165e-09
     2	6.28993804267e-09
     3	5.58573902356e-09
     4	1.02134836427e-08
     5	8.55182473902e-09
     6	7.48958193876e-09
     7	1.46543331375e-08
     8	1.21779119681e-08
     9	1.05982134875e-08

Measurement: edge100_ro17
  step	V(ro17_out)={VTHRESH} 
     1	7.31282595599e-09
     2	6.24466619336e-09
     3	5.55407650187e-09
     4	1.00933720313e-08
     5	8.46560216784e-09
     6	7.42420684971e-09
     7	1.44488975313e-08
     8	1.20281630161e-08
     9	1.04833770473e-08

Measurement: edge100_ro18
  step	V(ro18_out)={VTHRESH} 
     1	7.46099222038e-09
     2	6.3427008722e-09
     3	5.62308877345e-09
     4	1.03574548895e-08
     5	8.64583006313e-09
     6	7.55801182219e-09
     7	1.48994781969e-08
     8	1.23397799641e-08
     9	1.07185227306e-08

Measurement: edge100_ro19
  step	V(ro19_out)={VTHRESH} 
     1	7.57737645627e-09
     2	6.40796658542e-09
     3	5.66354683574e-09
     4	1.05718003391e-08
     5	8.77144349008e-09
     6	7.63784373184e-09
     7	1.52704460707e-08
     8	1.25665944983e-08
     9	1.08688622452e-08

Measurement: edge100_ro20
  step	V(ro20_out)={VTHRESH} 
     1	7.15602415405e-09
     2	6.14992665125e-09
     3	5.47821098045e-09
     4	9.82758539194e-09
     5	8.28986649188e-09
     6	7.29736655227e-09
     7	1.40259028405e-08
     8	1.17438989134e-08
     9	1.0275290304e-08

Measurement: edge100_ro21
  step	V(ro21_out)={VTHRESH} 
     1	7.05778208501e-09
     2	6.08002706139e-09
     3	5.43354930981e-09
     4	9.60125502955e-09
     5	8.14306541412e-09
     6	7.19109768168e-09
     7	1.36151317757e-08
     8	1.1469180461e-08
     9	1.0072102659e-08

Measurement: edge100_ro22
  step	V(ro22_out)={VTHRESH} 
     1	7.24081145923e-09
     2	6.19475271244e-09
     3	5.51999323998e-09
     4	9.92057581199e-09
     5	8.35929449945e-09
     6	7.34955879817e-09
     7	1.41552777385e-08
     8	1.1846377284e-08
     9	1.03556603615e-08

Measurement: edge100_ro23
  step	V(ro23_out)={VTHRESH} 
     1	7.7379097417e-09
     2	6.51615574149e-09
     3	5.75023995801e-09
     4	1.08489951872e-08
     5	8.96784352538e-09
     6	7.78690246459e-09
     7	1.5735075985e-08
     8	1.29006902381e-08
     9	1.11265045441e-08

Measurement: edge100_ro24
  step	V(ro24_out)={VTHRESH} 
     1	7.59539196048e-09
     2	6.43868000024e-09
     3	5.69540977288e-09
     4	1.05530467109e-08
     5	8.79189886549e-09
     6	7.66900383831e-09
     7	1.52048113081e-08
     8	1.25723203306e-08
     9	1.08982893083e-08

Measurement: edge100_ro25
  step	V(ro25_out)={VTHRESH} 
     1	7.79933611292e-09
     2	6.57324997447e-09
     3	5.79310293927e-09
     4	1.09467646306e-08
     5	9.05717755836e-09
     6	7.86194469007e-09
     7	1.58986474897e-08
     8	1.30504501984e-08
     9	1.12541816833e-08

Measurement: edge100_ro26
  step	V(ro26_out)={VTHRESH} 
     1	7.62022112447e-09
     2	6.4588373457e-09
     3	5.70893381414e-09
     4	1.05664379025e-08
     5	8.7982383985e-09
     6	7.67228111386e-09
     7	1.52109142036e-08
     8	1.25695695079e-08
     9	1.08925869956e-08

Measurement: edge100_ro27
  step	V(ro27_out)={VTHRESH} 
     1	7.449575783e-09
     2	6.3518788102e-09
     3	5.62561622496e-09
     4	1.02667933512e-08
     5	8.59806670399e-09
     6	7.52692544857e-09
     7	1.47181738773e-08
     8	1.2236975388e-08
     9	1.06482192965e-08

Measurement: edge100_ro28
  step	V(ro28_out)={VTHRESH} 
     1	7.48469494628e-09
     2	6.34581820822e-09
     3	5.60666680154e-09
     4	1.04373452724e-08
     5	8.6580429998e-09
     6	7.54930569233e-09
     7	1.50510435068e-08
     8	1.23766429025e-08
     9	1.07178392665e-08

Measurement: edge100_ro29
  step	V(ro29_out)={VTHRESH} 
     1	7.48236712013e-09
     2	6.34723399886e-09
     3	5.60751508822e-09
     4	1.04257488096e-08
     5	8.65685406177e-09
     6	7.54959799269e-09
     7	1.50135700569e-08
     8	1.23595184519e-08
     9	1.0706812363e-08

Measurement: edge100_ro30
  step	V(ro30_out)={VTHRESH} 
     1	7.42492742378e-09
     2	6.33471864526e-09
     3	5.61219745199e-09
     4	1.02630310318e-08
     5	8.59655966557e-09
     6	7.52568654173e-09
     7	1.47349688958e-08
     8	1.22530648685e-08
     9	1.06610124847e-08

Measurement: edge100_ro31
  step	V(ro31_out)={VTHRESH} 
     1	7.45555663905e-09
     2	6.33343829888e-09
     3	5.60843947269e-09
     4	1.03483590743e-08
     5	8.62949107454e-09
     6	7.53730782085e-09
     7	1.48830768388e-08
     8	1.23123684435e-08
     9	1.0687748741e-08

Measurement: edge100_ro32
  step	V(ro32_out)={VTHRESH} 
     1	6.79474394478e-09
     2	5.89309959757e-09
     3	5.29369636497e-09
     4	9.17394464613e-09
     5	7.83543535867e-09
     6	6.95315908194e-09
     7	1.29119896294e-08
     8	1.09537250101e-08
     9	9.67423025328e-09

Measurement: edge100_ro33
  step	V(ro33_out)={VTHRESH} 
     1	7.43989870455e-09
     2	6.3443209174e-09
     3	5.60854679844e-09
     4	1.03105199171e-08
     5	8.61193811764e-09
     6	7.53018935615e-09
     7	1.48202395173e-08
     8	1.22839481923e-08
     9	1.06723345475e-08

Measurement: edge100_ro34
  step	V(ro34_out)={VTHRESH} 
     1	6.90220717594e-09
     2	5.96453789631e-09
     3	5.34756807094e-09
     4	9.31405363372e-09
     5	7.93457529739e-09
     6	7.02706142773e-09
     7	1.31204929824e-08
     8	1.10981022151e-08
     9	9.78121126769e-09

Measurement: edge100_ro35
  step	V(ro35_out)={VTHRESH} 
     1	7.33937509401e-09
     2	6.27465778769e-09
     3	5.57193464864e-09
     4	1.01105595105e-08
     5	8.49052987633e-09
     6	7.44753661384e-09
     7	1.44672646165e-08
     8	1.20639844641e-08
     9	1.05192466557e-08

Measurement: edge100_ro36
  step	V(ro36_out)={VTHRESH} 
     1	7.56063084555e-09
     2	6.40211763937e-09
     3	5.66581149807e-09
     4	1.05510834606e-08
     5	8.76220042271e-09
     6	7.63812018991e-09
     7	1.52160118437e-08
     8	1.25361505925e-08
     9	1.08555924861e-08

Measurement: edge100_ro37
  step	V(ro37_out)={VTHRESH} 
     1	7.00758456662e-09
     2	6.03359116532e-09
     3	5.39841510608e-09
     4	9.54555563882e-09
     5	8.08925110763e-09
     6	7.14607915112e-09
     7	1.35315371415e-08
     8	1.13879710413e-08
     9	1.00064819765e-08

Measurement: edge100_ro38
  step	V(ro38_out)={VTHRESH} 
     1	7.26525270726e-09
     2	6.21313067229e-09
     3	5.53203827965e-09
     4	9.97282002029e-09
     5	8.39331015767e-09
     6	7.37453419713e-09
     7	1.42356947871e-08
     8	1.18958597729e-08
     9	1.03899782526e-08

Measurement: edge100_ro39
  step	V(ro39_out)={VTHRESH} 
     1	8.11326842751e-09
     2	6.75790619902e-09
     3	5.92566177141e-09
     4	1.14994317758e-08
     5	9.3986105019e-09
     6	8.09741975677e-09
     7	1.68218054796e-08
     8	1.36331160011e-08
     9	1.16622439163e-08

Measurement: edge100_ro40
  step	V(ro40_out)={VTHRESH} 
     1	7.54966215113e-09
     2	6.3992877319e-09
     3	5.6628574091e-09
     4	1.04785384082e-08
     5	8.72960844987e-09
     6	7.61820377159e-09
     7	1.50916509808e-08
     8	1.24747643063e-08
     9	1.08170244716e-08

Measurement: edge100_ro41
  step	V(ro41_out)={VTHRESH} 
     1	6.99829985703e-09
     2	6.03107053524e-09
     3	5.39594489979e-09
     4	9.50152954549e-09
     5	8.05932705798e-09
     6	7.12437425956e-09
     7	1.34537630494e-08
     8	1.13316947144e-08
     9	9.95976009594e-09

Measurement: edge100_ro42
  step	V(ro42_out)={VTHRESH} 
     1	7.53789021242e-09
     2	6.37951418798e-09
     3	5.64803913922e-09
     4	1.05237185061e-08
     5	8.71714338645e-09
     6	7.60263838722e-09
     7	1.517109165e-08
     8	1.24517576684e-08
     9	1.07920811718e-08

Measurement: edge100_ro43
  step	V(ro43_out)={VTHRESH} 
     1	7.60586089209e-09
     2	6.44566417062e-09
     3	5.6983054307e-09
     4	1.05749654626e-08
     5	8.7974246096e-09
     6	7.66857429815e-09
     7	1.52409629288e-08
     8	1.25813982002e-08
     9	1.08975529084e-08

Measurement: edge100_ro44
  step	V(ro44_out)={VTHRESH} 
     1	7.51184250292e-09
     2	6.35576224525e-09
     3	5.64373509596e-09
     4	1.0455595045e-08
     5	8.71270387161e-09
     6	7.60542119943e-09
     7	1.50708482887e-08
     8	1.24618189159e-08
     9	1.08081589225e-08

Measurement: edge100_ro45
  step	V(ro45_out)={VTHRESH} 
     1	7.05598767251e-09
     2	6.07928601978e-09
     3	5.43146387963e-09
     4	9.59349024006e-09
     5	8.13839259307e-09
     6	7.18877403295e-09
     7	1.36010562923e-08
     8	1.14627723844e-08
     9	1.00691141312e-08

Measurement: edge100_ro46
  step	V(ro46_out)={VTHRESH} 
     1	7.3830882483e-09
     2	6.29556919348e-09
     3	5.58258394133e-09
     4	1.01894118893e-08
     5	8.53839576106e-09
     6	7.48047675556e-09
     7	1.46064375722e-08
     8	1.21512904185e-08
     9	1.05792863827e-08

Measurement: edge100_ro47
  step	V(ro47_out)={VTHRESH} 
     1	7.71646482196e-09
     2	6.48117459714e-09
     3	5.70944270709e-09
     4	1.08689310824e-08
     5	8.94025738096e-09
     6	7.75154273027e-09
     7	1.5764408528e-08
     8	1.28551322308e-08
     9	1.10670579462e-08

Measurement: edge100_ro48
  step	V(ro48_out)={VTHRESH} 
     1	7.88651463381e-09
     2	6.6264095009e-09
     3	5.82597574322e-09
     4	1.11020602181e-08
     5	9.14890646786e-09
     6	7.9236805044e-09
     7	1.61486559155e-08
     8	1.32008930265e-08
     9	1.13554023088e-08

Measurement: edge100_ro49
  step	V(ro49_out)={VTHRESH} 
     1	7.24485837971e-09
     2	6.1908571266e-09
     3	5.51171583227e-09
     4	9.98435988747e-09
     5	8.3819131139e-09
     6	7.35927669881e-09
     7	1.42776544645e-08
     8	1.18914900041e-08
     9	1.03745224133e-08

Measurement: edge100_ro50
  step	V(ro50_out)={VTHRESH} 
     1	7.33624541875e-09
     2	6.26459789755e-09
     3	5.55614585731e-09
     4	1.01519655202e-08
     5	8.5020152978e-09
     6	7.44732209189e-09
     7	1.45583304946e-08
     8	1.20993341042e-08
     9	1.05321417247e-08

Measurement: edge100_ro51
  step	V(ro51_out)={VTHRESH} 
     1	7.33604279286e-09
     2	6.27767135177e-09
     3	5.57723334722e-09
     4	1.01112478645e-08
     5	8.4942705878e-09
     6	7.45194377969e-09
     7	1.44682954168e-08
     8	1.20663636121e-08
     9	1.05220160638e-08

Measurement: edge100_ro52
  step	V(ro52_out)={VTHRESH} 
     1	7.93816437087e-09
     2	6.66455915235e-09
     3	5.85083857108e-09
     4	1.11868509823e-08
     5	9.20051801654e-09
     6	7.96121359399e-09
     7	1.62675816823e-08
     8	1.32692201583e-08
     9	1.1404052453e-08

Measurement: edge100_ro53
  step	V(ro53_out)={VTHRESH} 
     1	7.57565686036e-09
     2	6.43229071141e-09
     3	5.68961973127e-09
     4	1.05307094178e-08
     5	8.76947674097e-09
     6	7.65254574378e-09
     7	1.51513160655e-08
     8	1.25269935452e-08
     9	1.0862588462e-08

Measurement: edge100_ro54
  step	V(ro54_out)={VTHRESH} 
     1	7.42750399756e-09
     2	6.32783505368e-09
     3	5.6110624144e-09
     4	1.02867071217e-08
     5	8.61058672951e-09
     6	7.53679089805e-09
     7	1.47760524021e-08
     8	1.22771659066e-08
     9	1.06799092585e-08

Measurement: edge100_ro55
  step	V(ro55_out)={VTHRESH} 
     1	7.58838617075e-09
     2	6.42775282192e-09
     3	5.68524148428e-09
     4	1.05121006823e-08
     5	8.75083904816e-09
     6	7.63263932264e-09
     7	1.51132469538e-08
     8	1.2489089689e-08
     9	1.08253188198e-08

Measurement: edge100_ro56
  step	V(ro56_out)={VTHRESH} 
     1	7.94278565109e-09
     2	6.66128088068e-09
     3	5.84935021937e-09
     4	1.12494055035e-08
     5	9.23824362104e-09
     6	7.98426901682e-09
     7	1.64149436042e-08
     8	1.33664389412e-08
     9	1.14712266851e-08

Measurement: edge100_ro57
  step	V(ro57_out)={VTHRESH} 
     1	7.69496112392e-09
     2	6.49301356637e-09
     3	5.73049786204e-09
     4	1.07320070102e-08
     5	8.88543599197e-09
     6	7.72539152075e-09
     7	1.55017515487e-08
     8	1.27313370727e-08
     9	1.09962072596e-08

Measurement: edge100_ro58
  step	V(ro58_out)={VTHRESH} 
     1	7.20918784515e-09
     2	6.16850226701e-09
     3	5.49841954791e-09
     4	9.88661840912e-09
     5	8.32452921844e-09
     6	7.31759672226e-09
     7	1.41086650006e-08
     8	1.17922099855e-08
     9	1.03042665506e-08

Measurement: edge100_ro59
  step	V(ro59_out)={VTHRESH} 
     1	7.51842274098e-09
     2	6.37401857437e-09
     3	5.64739069113e-09
     4	1.04558833206e-08
     5	8.71473340525e-09
     6	7.60831497675e-09
     7	1.50590304812e-08
     8	1.24537490381e-08
     9	1.08027660465e-08

Measurement: edge100_ro60
  step	V(ro60_out)={VTHRESH} 
     1	7.92730223522e-09
     2	6.64238578596e-09
     3	5.82862989347e-09
     4	1.11936414952e-08
     5	9.18680612248e-09
     6	7.94087758989e-09
     7	1.63130189897e-08
     8	1.32726963424e-08
     9	1.13903984057e-08

Measurement: edge100_ro61
  step	V(ro61_out)={VTHRESH} 
     1	7.93479683067e-09
     2	6.65207311662e-09
     3	5.84809412959e-09
     4	1.11294794307e-08
     5	9.16893762236e-09
     6	7.93884754817e-09
     7	1.61625239268e-08
     8	1.32081490078e-08
     9	1.13608913593e-08

Measurement: edge100_ro62
  step	V(ro62_out)={VTHRESH} 
     1	7.92827704317e-09
     2	6.62982792407e-09
     3	5.82352092458e-09
     4	1.11537918331e-08
     5	9.15582006872e-09
     6	7.92019603317e-09
     7	1.62149827417e-08
     8	1.31981638038e-08
     9	1.13353781253e-08

Measurement: edge100_ro63
  step	V(ro63_out)={VTHRESH} 
     1	6.89503354111e-09
     2	5.95016125557e-09
     3	5.34713030432e-09
     4	9.33964549745e-09
     5	7.9467105732e-09
     6	7.03964190011e-09
     7	1.31879275029e-08
     8	1.1143810763e-08
     9	9.81593282001e-09

Measurement: edge100_ro64
  step	V(ro64_out)={VTHRESH} 
     1	7.84644417983e-09
     2	6.57383424391e-09
     3	5.77583077166e-09
     4	1.10661474583e-08
     5	9.08102587834e-09
     6	7.85780484292e-09
     7	1.60738814305e-08
     8	1.30738604727e-08
     9	1.12324546143e-08

Measurement: edge100_ro65
  step	V(ro65_out)={VTHRESH} 
     1	7.24362391056e-09
     2	6.19650123331e-09
     3	5.52168019592e-09
     4	9.93336990207e-09
     5	8.36368612211e-09
     6	7.35084376681e-09
     7	1.41806133229e-08
     8	1.18499562793e-08
     9	1.03538483169e-08

Measurement: edge100_ro66
  step	V(ro66_out)={VTHRESH} 
     1	7.61314123499e-09
     2	6.44111094656e-09
     3	5.69675974192e-09
     4	1.05380975425e-08
     5	8.76150862094e-09
     6	7.6380603616e-09
     7	1.51480037266e-08
     8	1.24970343757e-08
     9	1.08261035105e-08

Measurement: edge100_ro67
  step	V(ro67_out)={VTHRESH} 
     1	7.65153836236e-09
     2	6.47310534755e-09
     3	5.72467945249e-09
     4	1.0673431563e-08
     5	8.86721065885e-09
     6	7.72241776951e-09
     7	1.54214681992e-08
     8	1.27143501834e-08
     9	1.10007848398e-08

Measurement: edge100_ro68
  step	V(ro68_out)={VTHRESH} 
     1	7.29115319879e-09
     2	6.2119447028e-09
     3	5.52430063369e-09
     4	1.00696123858e-08
     5	8.43048985197e-09
     6	7.38792559483e-09
     7	1.4436000308e-08
     8	1.19894229251e-08
     9	1.04379975472e-08

Measurement: edge100_ro69
  step	V(ro69_out)={VTHRESH} 
     1	7.29789107137e-09
     2	6.24223239385e-09
     3	5.5495354892e-09
     4	1.00403727137e-08
     5	8.44785143627e-09
     6	7.41850956922e-09
     7	1.43585189476e-08
     8	1.19950523601e-08
     9	1.0470929005e-08

Measurement: edge100_ro70
  step	V(ro70_out)={VTHRESH} 
     1	6.94499223944e-09
     2	5.98303876049e-09
     3	5.36398285738e-09
     4	9.42737500366e-09
     5	8.01259658488e-09
     6	7.09074403569e-09
     7	1.33360072809e-08
     8	1.12568469156e-08
     9	9.90545345242e-09

Measurement: edge100_ro71
  step	V(ro71_out)={VTHRESH} 
     1	7.34252509837e-09
     2	6.26761020825e-09
     3	5.57053420713e-09
     4	1.01181123243e-08
     5	8.48819220982e-09
     6	7.44474889448e-09
     7	1.4468285615e-08
     8	1.20481763378e-08
     9	1.05034359068e-08

Measurement: edge100_ro72
  step	V(ro72_out)={VTHRESH} 
     1	7.4879322927e-09
     2	6.35332667532e-09
     3	5.63525048134e-09
     4	1.04015544628e-08
     5	8.67564825672e-09
     6	7.5798106958e-09
     7	1.49740784141e-08
     8	1.23895182985e-08
     9	1.07540960086e-08

Measurement: edge100_ro73
  step	V(ro73_out)={VTHRESH} 
     1	7.64706721566e-09
     2	6.46072016912e-09
     3	5.70535660347e-09
     4	1.06685643201e-08
     5	8.84538421653e-09
     6	7.69776608657e-09
     7	1.54141220436e-08
     8	1.26750919368e-08
     9	1.09568471922e-08

Measurement: edge100_ro74
  step	V(ro74_out)={VTHRESH} 
     1	7.31814115218e-09
     2	6.24239692134e-09
     3	5.5528792287e-09
     4	1.00895177368e-08
     5	8.46877258458e-09
     6	7.42868630808e-09
     7	1.44468888473e-08
     8	1.20368925887e-08
     9	1.04939280928e-08

Measurement: edge100_ro75
  step	V(ro75_out)={VTHRESH} 
     1	7.14920177933e-09
     2	6.13478741658e-09
     3	5.47313533302e-09
     4	9.74707098932e-09
     5	8.23434355375e-09
     6	7.25452960895e-09
     7	1.38541266318e-08
     8	1.16208451145e-08
     9	1.01781735281e-08

Measurement: edge100_ro76
  step	V(ro76_out)={VTHRESH} 
     1	7.10907915043e-09
     2	6.11419348087e-09
     3	5.45967064167e-09
     4	9.68708440064e-09
     5	8.20493210245e-09
     6	7.23870301416e-09
     7	1.3760820745e-08
     8	1.15768996026e-08
     9	1.01560008974e-08

Measurement: edge100_ro77
  step	V(ro77_out)={VTHRESH} 
     1	7.6781959779e-09
     2	6.47800467024e-09
     3	5.71960756165e-09
     4	1.07718298177e-08
     5	8.91266782888e-09
     6	7.7444905029e-09
     7	1.56170543485e-08
     8	1.28137632296e-08
     9	1.10577108805e-08

Measurement: edge100_ro78
  step	V(ro78_out)={VTHRESH} 
     1	7.050544168e-09
     2	6.07584095536e-09
     3	5.4288325682e-09
     4	9.59325099452e-09
     5	8.13688222997e-09
     6	7.18750307827e-09
     7	1.36026870371e-08
     8	1.14605546858e-08
     9	1.00670419627e-08

Measurement: edge100_ro79
  step	V(ro79_out)={VTHRESH} 
     1	7.36540392065e-09
     2	6.27503505932e-09
     3	5.55905969165e-09
     4	1.0152036372e-08
     5	8.48538870396e-09
     6	7.43077747567e-09
     7	1.45206400023e-08
     8	1.20449747297e-08
     9	1.04853097611e-08

Measurement: edge100_ro80
  step	V(ro80_out)={VTHRESH} 
     1	7.62628731445e-09
     2	6.44537253575e-09
     3	5.68912268733e-09
     4	1.06505503371e-08
     5	8.83419669426e-09
     6	7.69024434624e-09
     7	1.53849972071e-08
     8	1.26605011247e-08
     9	1.09498509518e-08

Measurement: edge100_ro81
  step	V(ro81_out)={VTHRESH} 
     1	7.49205163373e-09
     2	6.34967322497e-09
     3	5.63149421848e-09
     4	1.04288799902e-08
     5	8.68719153607e-09
     6	7.5842579759e-09
     7	1.50175695039e-08
     8	1.24090394897e-08
     9	1.07627967797e-08

Measurement: edge100_ro82
  step	V(ro82_out)={VTHRESH} 
     1	7.67942590678e-09
     2	6.49478445379e-09
     3	5.73377780056e-09
     4	1.06834289132e-08
     5	8.87083052919e-09
     6	7.72205697911e-09
     7	1.54191376674e-08
     8	1.27048261227e-08
     9	1.09885651024e-08

Measurement: edge100_ro83
  step	V(ro83_out)={VTHRESH} 
     1	7.26966119923e-09
     2	6.21782826231e-09
     3	5.53380326102e-09
     4	9.98374377411e-09
     5	8.4004775772e-09
     6	7.378395201e-09
     7	1.42634825042e-08
     8	1.19153452608e-08
     9	1.04035791342e-08

Measurement: edge100_ro84
  step	V(ro84_out)={VTHRESH} 
     1	7.53781725409e-09
     2	6.37374275512e-09
     3	5.6419859131e-09
     4	1.05306400209e-08
     5	8.72578771609e-09
     6	7.60296532546e-09
     7	1.52110814456e-08
     8	1.24990531095e-08
     9	1.08107644198e-08

Measurement: edge100_ro85
  step	V(ro85_out)={VTHRESH} 
     1	7.35872059421e-09
     2	6.26466476824e-09
     3	5.55891035673e-09
     4	1.01974814012e-08
     5	8.52194894483e-09
     6	7.45660159718e-09
     7	1.46527077587e-08
     8	1.21472307494e-08
     9	1.05602363132e-08

Measurement: edge100_ro86
  step	V(ro86_out)={VTHRESH} 
     1	7.1916090113e-09
     2	6.14690579065e-09
     3	5.48967839554e-09
     4	9.88742801503e-09
     5	8.32818744693e-09
     6	7.32190767837e-09
     7	1.41296001351e-08
     8	1.1814121796e-08
     9	1.03240497645e-08

Measurement: edge100_ro87
  step	V(ro87_out)={VTHRESH} 
     1	7.62381200156e-09
     2	6.42470370479e-09
     3	5.6661215413e-09
     4	1.0695900544e-08
     5	8.81999099166e-09
     6	7.6618034921e-09
     7	1.5471716272e-08
     8	1.26442042329e-08
     9	1.09046912765e-08

Measurement: edge100_ro88
  step	V(ro88_out)={VTHRESH} 
     1	7.53667895931e-09
     2	6.39595989854e-09
     3	5.66219198125e-09
     4	1.04776034434e-08
     5	8.7295046122e-09
     6	7.61981518791e-09
     7	1.50824174978e-08
     8	1.24690484573e-08
     9	1.08145604391e-08

Measurement: edge100_ro89
  step	V(ro89_out)={VTHRESH} 
     1	7.4838468196e-09
     2	6.3506296787e-09
     3	5.63747349302e-09
     4	1.03908715685e-08
     5	8.67509617452e-09
     6	7.5810575113e-09
     7	1.49556396997e-08
     8	1.23902893511e-08
     9	1.07594748551e-08

Measurement: edge100_ro90
  step	V(ro90_out)={VTHRESH} 
     1	7.33944115521e-09
     2	6.24852630847e-09
     3	5.55389834478e-09
     4	1.01460125929e-08
     5	8.48294501974e-09
     6	7.42807440726e-09
     7	1.45551141156e-08
     8	1.2069466234e-08
     9	1.04987920672e-08

Measurement: edge100_ro91
  step	V(ro91_out)={VTHRESH} 
     1	7.34735716472e-09
     2	6.24274893224e-09
     3	5.54446830239e-09
     4	1.01213997371e-08
     5	8.45535371856e-09
     6	7.40294149565e-09
     7	1.44962754764e-08
     8	1.20121057637e-08
     9	1.04497312814e-08

Measurement: edge100_ro92
  step	V(ro92_out)={VTHRESH} 
     1	7.74851650963e-09
     2	6.54896227405e-09
     3	5.76373472681e-09
     4	1.07979182641e-08
     5	8.95815742854e-09
     6	7.79091438326e-09
     7	1.56120867258e-08
     8	1.2855300093e-08
     9	1.11108050848e-08

Measurement: edge100_ro93
  step	V(ro93_out)={VTHRESH} 
     1	6.93459845379e-09
     2	5.9796470086e-09
     3	5.35794586372e-09
     4	9.38101720545e-09
     5	7.98286821292e-09
     6	7.06849527286e-09
     7	1.3251088269e-08
     8	1.12006157694e-08
     9	9.86325563506e-09

Measurement: edge100_ro94
  step	V(ro94_out)={VTHRESH} 
     1	7.04957388554e-09
     2	6.07225626498e-09
     3	5.42829569959e-09
     4	9.59335497949e-09
     5	8.13558882138e-09
     6	7.18537489781e-09
     7	1.36099974761e-08
     8	1.1465834721e-08
     9	1.00690763258e-08

Measurement: edge100_ro95
  step	V(ro95_out)={VTHRESH} 
     1	7.6092041646e-09
     2	6.43023903361e-09
     3	5.68117656944e-09
     4	1.06265048172e-08
     5	8.80960642226e-09
     6	7.6671454956e-09
     7	1.5350329083e-08
     8	1.2622504636e-08
     9	1.09121744447e-08

Measurement: edge100_ro96
  step	V(ro96_out)={VTHRESH} 
     1	7.1977156433e-09
     2	6.14676438375e-09
     3	5.48962851797e-09
     4	9.89999301188e-09
     5	8.32861011875e-09
     6	7.32560213132e-09
     7	1.41333287374e-08
     8	1.18045804795e-08
     9	1.03142974208e-08

Measurement: edge100_ro97
  step	V(ro97_out)={VTHRESH} 
     1	7.64609850654e-09
     2	6.47027527248e-09
     3	5.718197246e-09
     4	1.06374187478e-08
     5	8.8352436565e-09
     6	7.69753580247e-09
     7	1.53319057178e-08
     8	1.26371360733e-08
     9	1.09406342371e-08

Measurement: edge100_ro98
  step	V(ro98_out)={VTHRESH} 
     1	7.04054110969e-09
     2	6.06455130729e-09
     3	5.42648103819e-09
     4	9.57204842838e-09
     5	8.12742020126e-09
     6	7.18212422745e-09
     7	1.35750176075e-08
     8	1.14506745972e-08
     9	1.00632483241e-08

Measurement: edge100_ro99
  step	V(ro99_out)={VTHRESH} 
     1	7.54272334165e-09
     2	6.38212105692e-09
     3	5.64531081665e-09
     4	1.05407052297e-08
     5	8.74893185368e-09
     6	7.62293489113e-09
     7	1.52287733968e-08
     8	1.25359098531e-08
     9	1.08486072037e-08

Measurement: edge100_ro100
  step	V(ro100_out)={VTHRESH} 
     1	8.39410408623e-09
     2	6.93841888829e-09
     3	6.02886413588e-09
     4	1.20531782634e-08
     5	9.71574159706e-09
     6	8.30500170557e-09
     7	1.77663357258e-08
     8	1.41785093651e-08
     9	1.20255539508e-08

Measurement: edge100_ro101
  step	V(ro101_out)={VTHRESH} 
     1	7.61508975057e-09
     2	6.45418687025e-09
     3	5.71019129869e-09
     4	1.06003246323e-08
     5	8.83360848814e-09
     6	7.70354221216e-09
     7	1.53014164382e-08
     8	1.26560347088e-08
     9	1.09683243145e-08

Measurement: edge100_ro102
  step	V(ro102_out)={VTHRESH} 
     1	7.69144888888e-09
     2	6.49273963897e-09
     3	5.73365323826e-09
     4	1.07442252524e-08
     5	8.90725649128e-09
     6	7.74641944486e-09
     7	1.55394912171e-08
     8	1.27794840603e-08
     9	1.1041859511e-08

Measurement: edge100_ro103
  step	V(ro103_out)={VTHRESH} 
     1	7.65525963445e-09
     2	6.47693308564e-09
     3	5.72092171442e-09
     4	1.06793731237e-08
     5	8.87109793287e-09
     6	7.72482373497e-09
     7	1.54335977202e-08
     8	1.27219064106e-08
     9	1.1005555212e-08

Measurement: edge100_ro104
  step	V(ro104_out)={VTHRESH} 
     1	7.81288025417e-09
     2	6.58148690384e-09
     3	5.79419539041e-09
     4	1.09762435472e-08
     5	9.07421353827e-09
     6	7.87522033918e-09
     7	1.59353918419e-08
     8	1.30683796515e-08
     9	1.12665382607e-08

Measurement: edge100_ro105
  step	V(ro105_out)={VTHRESH} 
     1	7.8262577267e-09
     2	6.5785673306e-09
     3	5.78781535929e-09
     4	1.10266826373e-08
     5	9.09033687448e-09
     6	7.87632779975e-09
     7	1.60396466019e-08
     8	1.31136381127e-08
     9	1.1285425633e-08

Measurement: edge100_ro106
  step	V(ro106_out)={VTHRESH} 
     1	7.56587380826e-09
     2	6.4110877212e-09
     3	5.6719768174e-09
     4	1.05341541848e-08
     5	8.76403020838e-09
     6	7.64086957961e-09
     7	1.52007544924e-08
     8	1.25483110265e-08
     9	1.08693953953e-08

Measurement: edge100_ro107
  step	V(ro107_out)={VTHRESH} 
     1	7.25355140228e-09
     2	6.20066821134e-09
     3	5.52337690478e-09
     4	9.96702774321e-09
     5	8.38351597371e-09
     6	7.36354302321e-09
     7	1.42434749034e-08
     8	1.18944169908e-08
     9	1.0384578863e-08

Measurement: edge100_ro108
  step	V(ro108_out)={VTHRESH} 
     1	7.78454703007e-09
     2	6.54043464832e-09
     3	5.78295145045e-09
     4	1.08912070607e-08
     5	9.01073841979e-09
     6	7.82548875332e-09
     7	1.57745876346e-08
     8	1.29481868478e-08
     9	1.11713637393e-08

Measurement: edge100_ro109
  step	V(ro109_out)={VTHRESH} 
     1	7.29944198588e-09
     2	6.23149798212e-09
     3	5.54395145829e-09
     4	1.00613046618e-08
     5	8.44088408327e-09
     6	7.40417130431e-09
     7	1.43879995815e-08
     8	1.19802999714e-08
     9	1.04438768262e-08

Measurement: edge100_ro110
  step	V(ro110_out)={VTHRESH} 
     1	7.06666444225e-09
     2	6.06959311507e-09
     3	5.42153495406e-09
     4	9.67670158565e-09
     5	8.1735743756e-09
     6	7.205566194e-09
     7	1.37610871681e-08
     8	1.15368618848e-08
     9	1.0108887367e-08

Measurement: edge100_ro111
  step	V(ro111_out)={VTHRESH} 
     1	7.70665270157e-09
     2	6.50291646385e-09
     3	5.72605899564e-09
     4	1.07999066096e-08
     5	8.92020609436e-09
     6	7.74382108198e-09
     7	1.56397571229e-08
     8	1.28059410884e-08
     9	1.1044058598e-08

Measurement: edge100_ro112
  step	V(ro112_out)={VTHRESH} 
     1	7.56762042586e-09
     2	6.42692306281e-09
     3	5.68601292638e-09
     4	1.05196398398e-08
     5	8.76976399437e-09
     6	7.65345470661e-09
     7	1.51622489058e-08
     8	1.2543508648e-08
     9	1.08775579173e-08

Measurement: edge100_ro113
  step	V(ro113_out)={VTHRESH} 
     1	7.71228432088e-09
     2	6.51260189608e-09
     3	5.74188748395e-09
     4	1.07894558724e-08
     5	8.9295387214e-09
     6	7.76309832013e-09
     7	1.5618215524e-08
     8	1.28233637884e-08
     9	1.10711330864e-08

Measurement: edge100_ro114
  step	V(ro114_out)={VTHRESH} 
     1	7.84423751837e-09
     2	6.5840416881e-09
     3	5.79406844969e-09
     4	1.10125051832e-08
     5	9.07070073273e-09
     6	7.85974754066e-09
     7	1.59838134209e-08
     8	1.30550423847e-08
     9	1.12342753426e-08

Measurement: edge100_ro115
  step	V(ro115_out)={VTHRESH} 
     1	8.17056423192e-09
     2	6.81420376229e-09
     3	5.9537870038e-09
     4	1.16041958388e-08
     5	9.47933946666e-09
     6	8.16233349695e-09
     7	1.69772186711e-08
     8	1.37535094208e-08
     9	1.17612982522e-08

Measurement: edge100_ro116
  step	V(ro116_out)={VTHRESH} 
     1	7.15676067047e-09
     2	6.14828644716e-09
     3	5.48245164938e-09
     4	9.75218563294e-09
     5	8.24646336845e-09
     6	7.2670199906e-09
     7	1.38563430315e-08
     8	1.16374858262e-08
     9	1.01977069484e-08

Measurement: edge100_ro117
  step	V(ro117_out)={VTHRESH} 
     1	7.76855634982e-09
     2	6.54552761507e-09
     3	5.75808799047e-09
     4	1.09301845239e-08
     5	9.01884361377e-09
     6	7.82352196173e-09
     7	1.58675110251e-08
     8	1.29843873499e-08
     9	1.11866861086e-08

Measurement: edge100_ro118
  step	V(ro118_out)={VTHRESH} 
     1	7.85582308428e-09
     2	6.59993073134e-09
     3	5.80550169316e-09
     4	1.10854599334e-08
     5	9.12643199599e-09
     6	7.90452285213e-09
     7	1.61258856306e-08
     8	1.31636565317e-08
     9	1.13209682847e-08

Measurement: edge100_ro119
  step	V(ro119_out)={VTHRESH} 
     1	7.60456321511e-09
     2	6.44417678473e-09
     3	5.7014360596e-09
     4	1.05896956647e-08
     5	8.81578813195e-09
     6	7.68653675788e-09
     7	1.52855082566e-08
     8	1.26273318007e-08
     9	1.09396383466e-08

Measurement: edge100_ro120
  step	V(ro120_out)={VTHRESH} 
     1	7.0110281862e-09
     2	6.04568447572e-09
     3	5.40788260064e-09
     4	9.53254997907e-09
     5	8.0942364345e-09
     6	7.15550421297e-09
     7	1.35073527308e-08
     8	1.1391223013e-08
     9	1.00142065714e-08

Measurement: edge100_ro121
  step	V(ro121_out)={VTHRESH} 
     1	7.5553627348e-09
     2	6.40554142822e-09
     3	5.66833528476e-09
     4	1.05489196734e-08
     5	8.77534771651e-09
     6	7.65021203841e-09
     7	1.52413663522e-08
     8	1.25771457019e-08
     9	1.08920385624e-08

Measurement: edge100_ro122
  step	V(ro122_out)={VTHRESH} 
     1	7.4603906884e-09
     2	6.34675315979e-09
     3	5.6212657668e-09
     4	1.03302660924e-08
     5	8.63188664944e-09
     6	7.54691354765e-09
     7	1.48475204193e-08
     8	1.23130846757e-08
     9	1.06989870687e-08

Measurement: edge100_ro123
  step	V(ro123_out)={VTHRESH} 
     1	7.1314511522e-09
     2	6.11814885192e-09
     3	5.45922501903e-09
     4	9.77777821565e-09
     5	8.24534547596e-09
     6	7.25990554588e-09
     7	1.39334411026e-08
     8	1.16611860935e-08
     9	1.02045561437e-08

Measurement: edge100_ro124
  step	V(ro124_out)={VTHRESH} 
     1	7.72913840653e-09
     2	6.52485418703e-09
     3	5.74789669147e-09
     4	1.08259843979e-08
     5	8.9585583572e-09
     6	7.78353185677e-09
     7	1.56894404346e-08
     8	1.2878052831e-08
     9	1.11144333169e-08

Measurement: edge100_ro125
  step	V(ro125_out)={VTHRESH} 
     1	7.46164834691e-09
     2	6.34231909033e-09
     3	5.62475966494e-09
     4	1.03671763529e-08
     5	8.6592800794e-09
     6	7.56910153054e-09
     7	1.49237716011e-08
     8	1.23691820918e-08
     9	1.07433226096e-08

Measurement: edge100_ro126
  step	V(ro126_out)={VTHRESH} 
     1	7.03319298727e-09
     2	6.05093942436e-09
     3	5.40418506648e-09
     4	9.60079126942e-09
     5	8.12171966438e-09
     6	7.16621036263e-09
     7	1.362554012e-08
     8	1.14420677324e-08
     9	1.00375852527e-08

Measurement: edge100_ro127
  step	V(ro127_out)={VTHRESH} 
     1	7.19517606218e-09
     2	6.16065342002e-09
     3	5.49644955858e-09
     4	9.87188021729e-09
     5	8.31947266042e-09
     6	7.31834426296e-09
     7	1.40771629921e-08
     8	1.17761918366e-08
     9	1.02973579702e-08
