LTspice 26.0.2 for Windows
Circuit: C:\Users\JUST\Documents\LTspice\RO_PUF_PVT_100\chip_017_PVT.net
Start Time: Sun Jul 19 19:22:49 2026
Options:plotwinsize=0 numdgt=10 reltol=1e-4 abstol=1e-12 vntol=1e-6 reltol=0.003 vntol=1m abstol=1e-10 gmin=1e-10 threads=1

.step vddval=0.9 temp=-20°
solver = Normal
Maximum thread count: 1
tnom = 27
temp = -20
method = trap
gmin = 1e-10
abstol = 1e-10
reltol = 0.003
volttol = 0.001
Per .tran options, skipping operating point for transient analysis.

.step vddval=1 temp=-20°

.step vddval=1.1 temp=-20°

.step vddval=0.9 temp=25°

.step vddval=1 temp=25°

.step vddval=1.1 temp=25°

.step vddval=0.9 temp=80°

.step vddval=1 temp=80°

.step vddval=1.1 temp=80°
Total elapsed time: 2384.840 seconds.

Files loaded:
C:\Users\JUST\Documents\LTspice\RO_PUF_PVT_100\chip_017_PVT.net
C:\Users\JUST\Documents\LTspice\RO_PUF_PVT_100\45nm_HP.pm
C:\Users\JUST\Documents\LTspice\RO_PUF_PVT_100\chip_017_mismatch.inc


Measurement: t_ro0
  step	t_ro0	FROM	TO
     1	6.0294169704e-09	1.44563521332e-09	7.47505218373e-09
     2	5.12000665908e-09	1.22692288057e-09	6.34692953965e-09
     3	4.54181281563e-09	1.08601361679e-09	5.62782643241e-09
     4	8.36623833228e-09	2.00587458984e-09	1.03721129221e-08
     5	6.98551355452e-09	1.6727977657e-09	8.65831132023e-09
     6	6.10456521775e-09	1.46026658906e-09	7.56483180681e-09
     7	1.20398603403e-08	2.88621328949e-09	1.49260736298e-08
     8	9.97620055232e-09	2.38906953529e-09	1.23652700876e-08
     9	8.66344439893e-09	2.07252293472e-09	1.07359673337e-08

Measurement: t_ro1
  step	t_ro1	FROM	TO
     1	6.30798179775e-09	1.52031854028e-09	7.82830033803e-09
     2	5.30192257225e-09	1.27661144317e-09	6.57853401542e-09
     3	4.67157317508e-09	1.12342737846e-09	5.79500055354e-09
     4	8.85766583372e-09	2.13745450789e-09	1.09951203416e-08
     5	7.31167644526e-09	1.76255616656e-09	9.07423261182e-09
     6	6.34135502833e-09	1.52726169153e-09	7.86861671986e-09
     7	1.28617513318e-08	3.10629019364e-09	1.59680415255e-08
     8	1.05310103199e-08	2.54080092566e-09	1.30718112455e-08
     9	9.07240662622e-09	2.18708152008e-09	1.12594881463e-08

Measurement: t_ro2
  step	t_ro2	FROM	TO
     1	5.69615512904e-09	1.36987544473e-09	7.06603057377e-09
     2	4.90427702459e-09	1.17816838618e-09	6.08244541078e-09
     3	4.38204139607e-09	1.05162490687e-09	5.43366630294e-09
     4	7.75547691703e-09	1.86652124588e-09	9.62199816291e-09
     5	6.57326530482e-09	1.58024494577e-09	8.15351025059e-09
     6	5.80315516685e-09	1.39401763133e-09	7.19717279818e-09
     7	1.10030287846e-08	2.64930197427e-09	1.36523307588e-08
     8	9.26254271459e-09	2.2282448126e-09	1.14907875272e-08
     9	8.13152346165e-09	1.9547467895e-09	1.00862702511e-08

Measurement: t_ro3
  step	t_ro3	FROM	TO
     1	6.3142051489e-09	1.51816065437e-09	7.83236580327e-09
     2	5.31800244073e-09	1.27516464752e-09	6.59316708825e-09
     3	4.68501402378e-09	1.12168981531e-09	5.80670383909e-09
     4	8.84952049782e-09	2.12897954151e-09	1.09785000393e-08
     5	7.31873642297e-09	1.75556339567e-09	9.07429981864e-09
     6	6.35325944934e-09	1.52177813469e-09	7.87503758403e-09
     7	1.28325268559e-08	3.08681241194e-09	1.59193392678e-08
     8	1.0528024329e-08	2.52558933139e-09	1.30536136604e-08
     9	9.07879067367e-09	2.17489230427e-09	1.12536829779e-08

Measurement: t_ro4
  step	t_ro4	FROM	TO
     1	6.0204589067e-09	1.45463269784e-09	7.47509160454e-09
     2	5.12000356846e-09	1.23451385984e-09	6.3545174283e-09
     3	4.53938705638e-09	1.09331650042e-09	5.63270355681e-09
     4	8.35547959036e-09	2.0218580061e-09	1.03773375965e-08
     5	6.98072189484e-09	1.68614850078e-09	8.66687039563e-09
     6	6.10338480269e-09	1.47232984252e-09	7.57571464521e-09
     7	1.20183140898e-08	2.91064475185e-09	1.49289588416e-08
     8	9.96455073595e-09	2.40924865685e-09	1.23737993928e-08
     9	8.65753482611e-09	2.09088565095e-09	1.07484204771e-08

Measurement: t_ro5
  step	t_ro5	FROM	TO
     1	5.62415154039e-09	1.35095446269e-09	6.97510600308e-09
     2	4.84207657707e-09	1.16153351876e-09	6.00361009582e-09
     3	4.33552511916e-09	1.03903660607e-09	5.37456172523e-09
     4	7.68410629204e-09	1.84692009312e-09	9.53102638516e-09
     5	6.50697466991e-09	1.56177409228e-09	8.06874876219e-09
     6	5.74955350567e-09	1.37835091042e-09	7.12790441609e-09
     7	1.09038648008e-08	2.62130127487e-09	1.35251660756e-08
     8	9.16498589898e-09	2.20043839404e-09	1.1365424293e-08
     9	8.04868748759e-09	1.93054953892e-09	9.97923702652e-09

Measurement: t_ro6
  step	t_ro6	FROM	TO
     1	6.45986563883e-09	1.54153974609e-09	8.00140538492e-09
     2	5.40398001824e-09	1.28995416234e-09	6.69393418059e-09
     3	4.7371015339e-09	1.13017648404e-09	5.86727801794e-09
     4	9.14446060108e-09	2.17636520934e-09	1.13208258104e-08
     5	7.48730164153e-09	1.78579292132e-09	9.27309456285e-09
     6	6.46170448372e-09	1.54131919363e-09	8.00302367735e-09
     7	1.33450765264e-08	3.15338230418e-09	1.64984588306e-08
     8	1.08303859338e-08	2.57968423272e-09	1.34100701666e-08
     9	9.28041190645e-09	2.21190800302e-09	1.14923199095e-08

Measurement: t_ro7
  step	t_ro7	FROM	TO
     1	5.96403796973e-09	1.43426658393e-09	7.39830455366e-09
     2	5.09035106698e-09	1.22290515468e-09	6.31325622166e-09
     3	4.51593573828e-09	1.08357497721e-09	5.5995107155e-09
     4	8.22956982183e-09	1.98054540152e-09	1.02101152233e-08
     5	6.90157695306e-09	1.65854306347e-09	8.56012001653e-09
     6	6.04815104811e-09	1.45219656792e-09	7.50034761604e-09
     7	1.17962273113e-08	2.8399877883e-09	1.46362150996e-08
     8	9.8207435114e-09	2.3611818526e-09	1.2181925364e-08
     9	8.55356377194e-09	2.05491509117e-09	1.06084788631e-08

Measurement: t_ro8
  step	t_ro8	FROM	TO
     1	5.91038598417e-09	1.4223570098e-09	7.33274299397e-09
     2	5.03151055775e-09	1.21003182524e-09	6.24154238299e-09
     3	4.4706767699e-09	1.07497671061e-09	5.5456534805e-09
     4	8.15785537952e-09	1.96542438044e-09	1.012327976e-08
     5	6.82525295017e-09	1.64299477843e-09	8.46824772861e-09
     6	5.98054954073e-09	1.43914920598e-09	7.41969874671e-09
     7	1.16898793666e-08	2.81835174374e-09	1.45082311104e-08
     8	9.70198665416e-09	2.33709451626e-09	1.20390811704e-08
     9	8.4463697547e-09	2.03388332805e-09	1.04802530827e-08

Measurement: t_ro9
  step	t_ro9	FROM	TO
     1	6.14186708331e-09	1.48330140136e-09	7.62516848467e-09
     2	5.20468636563e-09	1.255406619e-09	6.46009298463e-09
     3	4.59896576632e-09	1.10857655833e-09	5.70754232465e-09
     4	8.52855117443e-09	2.06153896101e-09	1.05900901354e-08
     5	7.09558824152e-09	1.71272693405e-09	8.80831517557e-09
     6	6.1848247451e-09	1.49174972882e-09	7.67657447392e-09
     7	1.22904306243e-08	2.97214044835e-09	1.52625710727e-08
     8	1.01471338749e-08	2.45052392676e-09	1.25976578016e-08
     9	8.78854453068e-09	2.12068642553e-09	1.09092309562e-08

Measurement: t_ro10
  step	t_ro10	FROM	TO
     1	6.07989580686e-09	1.45139911628e-09	7.53129492314e-09
     2	5.15019734548e-09	1.22796299158e-09	6.37816033705e-09
     3	4.55985815921e-09	1.08658288703e-09	5.64644104624e-09
     4	8.40191647948e-09	2.00442758829e-09	1.04063440678e-08
     5	6.99187087398e-09	1.66599219968e-09	8.65786307366e-09
     6	6.10123759562e-09	1.4528514794e-09	7.55408907502e-09
     7	1.20631616928e-08	2.87300824325e-09	1.4936169936e-08
     8	9.95888762729e-09	2.37041027511e-09	1.23292979024e-08
     9	8.63525138786e-09	2.05428394404e-09	1.06895353319e-08

Measurement: t_ro11
  step	t_ro11	FROM	TO
     1	5.99993335351e-09	1.44224720691e-09	7.44218056043e-09
     2	5.12000861372e-09	1.22952146434e-09	6.34953007806e-09
     3	4.53810337281e-09	1.08829664637e-09	5.62640001919e-09
     4	8.27754946359e-09	1.99095110044e-09	1.0268500564e-08
     5	6.93867828925e-09	1.66696999521e-09	8.60564828446e-09
     6	6.07700232561e-09	1.45855865367e-09	7.53556097928e-09
     7	1.18712420056e-08	2.85621468918e-09	1.47274566948e-08
     8	9.87875745121e-09	2.37422717457e-09	1.22529846258e-08
     9	8.59957316908e-09	2.06531967285e-09	1.06648928419e-08

Measurement: t_ro12
  step	t_ro12	FROM	TO
     1	5.90797555599e-09	1.41647479101e-09	7.324450347e-09
     2	5.02883644723e-09	1.20471324043e-09	6.23354968765e-09
     3	4.47021480239e-09	1.07025639886e-09	5.54047120124e-09
     4	8.16463499867e-09	1.95895014395e-09	1.01235851426e-08
     5	6.83267359109e-09	1.63717636519e-09	8.46984995628e-09
     6	5.98691073178e-09	1.4334959641e-09	7.42040669588e-09
     7	1.17000889914e-08	2.80672595784e-09	1.45068149493e-08
     8	9.7138669377e-09	2.32760081252e-09	1.20414677502e-08
     9	8.45726224979e-09	2.02508461411e-09	1.04823468639e-08

Measurement: t_ro13
  step	t_ro13	FROM	TO
     1	6.51799919308e-09	1.56360375762e-09	8.0816029507e-09
     2	5.43999108779e-09	1.30412550998e-09	6.74411659777e-09
     3	4.77589822659e-09	1.14420818825e-09	5.92010641484e-09
     4	9.20661893289e-09	2.20858476053e-09	1.14152036934e-08
     5	7.53800895185e-09	1.80658034773e-09	9.34458929958e-09
     6	6.50345751024e-09	1.55815386828e-09	8.06161137852e-09
     7	1.34249354174e-08	3.21983907081e-09	1.66447744882e-08
     8	1.08976549544e-08	2.61161326363e-09	1.35092682181e-08
     9	9.33530843555e-09	2.23650576151e-09	1.15718141971e-08

Measurement: t_ro14
  step	t_ro14	FROM	TO
     1	6.12406649995e-09	1.4683623057e-09	7.59242880565e-09
     2	5.16847624147e-09	1.23789610972e-09	6.40637235119e-09
     3	4.56774347421e-09	1.09350277146e-09	5.66124624567e-09
     4	8.58746263403e-09	2.05943600263e-09	1.06468986367e-08
     5	7.10431923282e-09	1.70178199239e-09	8.80610122521e-09
     6	6.1791829206e-09	1.47907722159e-09	7.65826014219e-09
     7	1.24329603544e-08	2.98132660098e-09	1.54142869554e-08
     8	1.01984589166e-08	2.4428686838e-09	1.26413276004e-08
     9	8.80912155372e-09	2.10849387277e-09	1.09176154265e-08

Measurement: t_ro15
  step	t_ro15	FROM	TO
     1	6.25911159733e-09	1.50760588921e-09	7.76671748654e-09
     2	5.27999905044e-09	1.26945375951e-09	6.54945280995e-09
     3	4.64685417966e-09	1.11680686842e-09	5.76366104809e-09
     4	8.7804310719e-09	2.11687274421e-09	1.08973038161e-08
     5	7.25963828998e-09	1.74800765905e-09	9.00764594903e-09
     6	6.30416919664e-09	1.51689503661e-09	7.82106423324e-09
     7	1.27227048053e-08	3.06872502511e-09	1.57914298304e-08
     8	1.04336907383e-08	2.51348285933e-09	1.29471735976e-08
     9	8.99952594666e-09	2.1665356559e-09	1.11660616026e-08

Measurement: t_ro16
  step	t_ro16	FROM	TO
     1	5.59999997482e-09	1.33509908968e-09	6.9350990645e-09
     2	4.82876982001e-09	1.15166981265e-09	5.98043963266e-09
     3	4.32382181431e-09	1.03043377851e-09	5.35425559282e-09
     4	7.58973481952e-09	1.81043581467e-09	9.4001706342e-09
     5	6.44763620526e-09	1.5370947443e-09	7.98473094955e-09
     6	5.705224712e-09	1.35962258646e-09	7.06484729846e-09
     7	1.07316137062e-08	2.55903607944e-09	1.32906497856e-08
     8	9.05234269184e-09	2.1574825823e-09	1.12098252741e-08
     9	7.96359487397e-09	1.8973893967e-09	9.86098427066e-09

Measurement: t_ro17
  step	t_ro17	FROM	TO
     1	6.13608145503e-09	1.47583192975e-09	7.61191338478e-09
     2	5.19286510791e-09	1.24804348939e-09	6.4409085973e-09
     3	4.5904950898e-09	1.10251172859e-09	5.6930068184e-09
     4	8.5654356041e-09	2.06145479921e-09	1.06268904033e-08
     5	7.11393322625e-09	1.71056203229e-09	8.82449525854e-09
     6	6.19651906275e-09	1.48896214514e-09	7.68548120789e-09
     7	1.23785597576e-08	2.98018780349e-09	1.53587475611e-08
     8	1.0197986302e-08	2.45298823784e-09	1.26509745398e-08
     9	8.82367241509e-09	2.12098238927e-09	1.09446548044e-08

Measurement: t_ro18
  step	t_ro18	FROM	TO
     1	6.60966186136e-09	1.5874637698e-09	8.19712563116e-09
     2	5.49295499181e-09	1.31749290139e-09	6.8104478932e-09
     3	4.79998577116e-09	1.15073208385e-09	5.950717855e-09
     4	9.4583426364e-09	2.27224859137e-09	1.17305912278e-08
     5	7.69133650744e-09	1.84513037138e-09	9.53646687883e-09
     6	6.60830146428e-09	1.58361918793e-09	8.19192065221e-09
     7	1.39006158541e-08	3.33958114335e-09	1.72401969974e-08
     8	1.12031553615e-08	2.68810865127e-09	1.38912640128e-08
     9	9.5538659278e-09	2.28988125703e-09	1.18437471848e-08

Measurement: t_ro19
  step	t_ro19	FROM	TO
     1	5.94567822464e-09	1.43034533558e-09	7.37602356022e-09
     2	5.07080884872e-09	1.21801386413e-09	6.28882271285e-09
     3	4.50168314564e-09	1.08006498436e-09	5.58174813e-09
     4	8.21513333445e-09	1.97768762318e-09	1.01928209576e-08
     5	6.88454170523e-09	1.6545349071e-09	8.53907661233e-09
     6	6.03187381776e-09	1.44816098427e-09	7.48003480203e-09
     7	1.17836316743e-08	2.83791631076e-09	1.4621547985e-08
     8	9.80328433557e-09	2.35789885809e-09	1.21611831937e-08
     9	8.53519956559e-09	2.05042103664e-09	1.05856206022e-08

Measurement: t_ro20
  step	t_ro20	FROM	TO
     1	6.28692548718e-09	1.51048883808e-09	7.79741432526e-09
     2	5.29027993779e-09	1.26870327593e-09	6.55898321371e-09
     3	4.65840613265e-09	1.11598511368e-09	5.77439124633e-09
     4	8.85056851582e-09	2.12768034584e-09	1.09782488617e-08
     5	7.30324683376e-09	1.75264223564e-09	9.0558890694e-09
     6	6.33513804523e-09	1.5180644888e-09	7.85320253403e-09
     7	1.28609335822e-08	3.09177168679e-09	1.5952705269e-08
     8	1.05231522208e-08	2.52569091645e-09	1.30488431372e-08
     9	9.06537037703e-09	2.17293668429e-09	1.12383070613e-08

Measurement: t_ro21
  step	t_ro21	FROM	TO
     1	5.81621426427e-09	1.41011062767e-09	7.22632489193e-09
     2	4.97831234472e-09	1.20045050934e-09	6.17876285406e-09
     3	4.43623246186e-09	1.06507488363e-09	5.50130734549e-09
     4	7.98849170511e-09	1.93912862063e-09	9.92762032575e-09
     5	6.71925707508e-09	1.62340684444e-09	8.34266391951e-09
     6	5.90766974257e-09	1.42305996208e-09	7.33072970465e-09
     7	1.13943131755e-08	2.76629560343e-09	1.41606087789e-08
     8	9.50874990722e-09	2.29948057978e-09	1.1808230487e-08
     9	8.30741932912e-09	2.004161773e-09	1.03115811021e-08

Measurement: t_ro22
  step	t_ro22	FROM	TO
     1	6.13563346261e-09	1.46992314666e-09	7.60555660927e-09
     2	5.20157037812e-09	1.24383490104e-09	6.44540527916e-09
     3	4.60066020027e-09	1.09876203296e-09	5.69942223323e-09
     4	8.53972869565e-09	2.04609618537e-09	1.0585824881e-08
     5	7.11269121248e-09	1.70084454081e-09	8.81353575329e-09
     6	6.20267187903e-09	1.48165024082e-09	7.68432211985e-09
     7	1.23248357075e-08	2.95201403717e-09	1.52768497446e-08
     8	1.01874601701e-08	2.43567877446e-09	1.26231389445e-08
     9	8.82778168467e-09	2.10827931682e-09	1.09360610015e-08

Measurement: t_ro23
  step	t_ro23	FROM	TO
     1	5.8814360146e-09	1.40417768415e-09	7.28561369875e-09
     2	5.01803227431e-09	1.19787051628e-09	6.2159027906e-09
     3	4.48000233612e-09	1.0675570543e-09	5.54755939042e-09
     4	8.05717602486e-09	1.92133399784e-09	9.9785100227e-09
     5	6.76137309279e-09	1.6124805119e-09	8.37385360469e-09
     6	5.93418145931e-09	1.41527539832e-09	7.34945685763e-09
     7	1.1485301563e-08	2.7352558026e-09	1.42205573656e-08
     8	9.56320698099e-09	2.27855485541e-09	1.18417618364e-08
     9	8.34129255978e-09	1.98748715262e-09	1.03287797124e-08

Measurement: t_ro24
  step	t_ro24	FROM	TO
     1	6.15522204684e-09	1.47997765474e-09	7.63519970158e-09
     2	5.20350193818e-09	1.24912746147e-09	6.45262939965e-09
     3	4.60001596423e-09	1.10270106e-09	5.70271702423e-09
     4	8.61914218221e-09	2.07353675222e-09	1.06926789344e-08
     5	7.14933348911e-09	1.71742216883e-09	8.86675565793e-09
     6	6.22389594678e-09	1.49331758855e-09	7.71721353533e-09
     7	1.24679485835e-08	2.99977344693e-09	1.54677220304e-08
     8	1.02584647088e-08	2.46510736368e-09	1.27235720725e-08
     9	8.87030168135e-09	2.12938098138e-09	1.09996826627e-08

Measurement: t_ro25
  step	t_ro25	FROM	TO
     1	5.92000003993e-09	1.42563636794e-09	7.34563640787e-09
     2	5.05430326369e-09	1.21533361901e-09	6.2696368827e-09
     3	4.48993086221e-09	1.07833657039e-09	5.5682674326e-09
     4	8.16753419066e-09	1.9684850507e-09	1.01360192414e-08
     5	6.8523399924e-09	1.64912196361e-09	8.50146195601e-09
     6	6.00857627502e-09	1.44455795144e-09	7.45313422646e-09
     7	1.16928654952e-08	2.8196272494e-09	1.45124927446e-08
     8	9.7370516748e-09	2.34476376931e-09	1.20818154441e-08
     9	8.4859788562e-09	2.04165752966e-09	1.05276363859e-08

Measurement: t_ro26
  step	t_ro26	FROM	TO
     1	6.42773623952e-09	1.53581599273e-09	7.96355223225e-09
     2	5.39242722154e-09	1.28668839854e-09	6.67911562008e-09
     3	4.73639451649e-09	1.12944433692e-09	5.86583885342e-09
     4	9.0507849194e-09	2.16139951272e-09	1.12121844321e-08
     5	7.44672377979e-09	1.77630565773e-09	9.22302943752e-09
     6	6.44115953504e-09	1.53547113762e-09	7.97663067267e-09
     7	1.31796302724e-08	3.1452872759e-09	1.63249175483e-08
     8	1.07543490241e-08	2.56406494345e-09	1.33184139676e-08
     9	9.23950674074e-09	2.20165455938e-09	1.14411613001e-08

Measurement: t_ro27
  step	t_ro27	FROM	TO
     1	5.86263792391e-09	1.40104929085e-09	7.26368721475e-09
     2	5.01017198313e-09	1.19619504533e-09	6.20636702846e-09
     3	4.45938579865e-09	1.06436966688e-09	5.52375546552e-09
     4	8.04881611477e-09	1.92306124297e-09	9.97187735774e-09
     5	6.766106817e-09	1.61509106322e-09	8.38119788021e-09
     6	5.94222440417e-09	1.41785018704e-09	7.36007459121e-09
     7	1.14959181628e-08	2.745540135e-09	1.42414582978e-08
     8	9.59311372735e-09	2.28905759724e-09	1.18821713246e-08
     9	8.37378638431e-09	1.99715967854e-09	1.03709460628e-08

Measurement: t_ro28
  step	t_ro28	FROM	TO
     1	6.19188432737e-09	1.48917851917e-09	7.68106284655e-09
     2	5.2402778129e-09	1.25898140839e-09	6.49925922129e-09
     3	4.6400001872e-09	1.11313027075e-09	5.75313045794e-09
     4	8.63568464887e-09	2.07889651046e-09	1.07145811593e-08
     5	7.17714154216e-09	1.72623609297e-09	8.90337763513e-09
     6	6.24960037161e-09	1.50222127981e-09	7.75182165142e-09
     7	1.24807760074e-08	3.00649432504e-09	1.54872703325e-08
     8	1.02932353993e-08	2.47739959187e-09	1.27706349912e-08
     9	8.90604229361e-09	2.14245873307e-09	1.10485010267e-08

Measurement: t_ro29
  step	t_ro29	FROM	TO
     1	5.84582615278e-09	1.40748396587e-09	7.25331011865e-09
     2	5.00213961063e-09	1.20372524372e-09	6.20586485435e-09
     3	4.45438824447e-09	1.07172483237e-09	5.52611307684e-09
     4	8.03278411855e-09	1.93556058558e-09	9.96834470413e-09
     5	6.75927756567e-09	1.62793195099e-09	8.38720951666e-09
     6	5.93942367193e-09	1.43010306017e-09	7.36952673209e-09
     7	1.14780884493e-08	2.76763342749e-09	1.42457218768e-08
     8	9.58765824065e-09	2.31060729326e-09	1.18982655339e-08
     9	8.37342098014e-09	2.01758590116e-09	1.03910068813e-08

Measurement: t_ro30
  step	t_ro30	FROM	TO
     1	5.84816309723e-09	1.40251610769e-09	7.25067920492e-09
     2	4.99891798417e-09	1.19747483265e-09	6.19639281683e-09
     3	4.45872884933e-09	1.06754456051e-09	5.52627340985e-09
     4	8.00800911009e-09	1.92091997582e-09	9.9289290859e-09
     5	6.74517309625e-09	1.61619144725e-09	8.3613645435e-09
     6	5.93082700939e-09	1.42000277331e-09	7.3508297827e-09
     7	1.14136614702e-08	2.73775616362e-09	1.41514176339e-08
     8	9.54583678584e-09	2.28730673932e-09	1.18331435252e-08
     9	8.34523128334e-09	1.99831169417e-09	1.03435429775e-08

Measurement: t_ro31
  step	t_ro31	FROM	TO
     1	6.08000178502e-09	1.46009891275e-09	7.54010069777e-09
     2	5.16812615507e-09	1.23969874174e-09	6.40782489681e-09
     3	4.57781365294e-09	1.09709016006e-09	5.674903813e-09
     4	8.43350560163e-09	2.02744660487e-09	1.04609522065e-08
     5	7.04661113063e-09	1.69140231877e-09	8.7380134494e-09
     6	6.15676682746e-09	1.47648491753e-09	7.63325174499e-09
     7	1.214205757e-08	2.9197762782e-09	1.50618338482e-08
     8	1.00705783408e-08	2.41819426301e-09	1.24887726038e-08
     9	8.74474646592e-09	2.09817701174e-09	1.08429234777e-08

Measurement: t_ro32
  step	t_ro32	FROM	TO
     1	6.31606398824e-09	1.51673251899e-09	7.83279650723e-09
     2	5.27999978745e-09	1.26685996336e-09	6.5468597508e-09
     3	4.64725799177e-09	1.11407186499e-09	5.76132985677e-09
     4	8.94460870549e-09	2.14846907652e-09	1.1093077782e-08
     5	7.32258712882e-09	1.75706872824e-09	9.07965585706e-09
     6	6.3308288058e-09	1.51814217925e-09	7.84897098505e-09
     7	1.30239343745e-08	3.12838575771e-09	1.61523201322e-08
     8	1.05629126914e-08	2.53484979147e-09	1.30977624828e-08
     9	9.06343236e-09	2.17377051135e-09	1.12372028713e-08

Measurement: t_ro33
  step	t_ro33	FROM	TO
     1	5.8383434097e-09	1.40005384507e-09	7.23839725477e-09
     2	4.98612498676e-09	1.19320603981e-09	6.17933102658e-09
     3	4.44814611892e-09	1.06347287864e-09	5.51161899756e-09
     4	8.03694361288e-09	1.92748873549e-09	9.96443234837e-09
     5	6.75883248638e-09	1.61798109761e-09	8.37681358399e-09
     6	5.93909574426e-09	1.42018389894e-09	7.3592796432e-09
     7	1.14767260036e-08	2.75235714894e-09	1.42290831526e-08
     8	9.58025223222e-09	2.29356816264e-09	1.18738203949e-08
     9	8.36707577943e-09	2.00085540998e-09	1.03679311894e-08

Measurement: t_ro34
  step	t_ro34	FROM	TO
     1	5.94956316942e-09	1.42897204426e-09	7.37853521368e-09
     2	5.06551608962e-09	1.21394191084e-09	6.27945800046e-09
     3	4.4997956441e-09	1.07666204136e-09	5.57645768547e-09
     4	8.24242320698e-09	1.98089909174e-09	1.02233222987e-08
     5	6.89396117604e-09	1.65355208746e-09	8.5475132635e-09
     6	6.03700432138e-09	1.44547956658e-09	7.48248388796e-09
     7	1.18295496246e-08	2.84346726319e-09	1.46730168878e-08
     8	9.81697510429e-09	2.35544348998e-09	1.21724185943e-08
     9	8.54128562078e-09	2.0461699393e-09	1.05874555601e-08

Measurement: t_ro35
  step	t_ro35	FROM	TO
     1	6.17515284191e-09	1.48463287959e-09	7.65978572149e-09
     2	5.21759500336e-09	1.25325096476e-09	6.47084596812e-09
     3	4.60942658771e-09	1.10634602286e-09	5.71577261057e-09
     4	8.61987021551e-09	2.07357868434e-09	1.06934488998e-08
     5	7.1470853212e-09	1.71769482276e-09	8.86478014396e-09
     6	6.2201118156e-09	1.49393644663e-09	7.71404826223e-09
     7	1.24598037977e-08	2.99841359936e-09	1.5458217397e-08
     8	1.02474772034e-08	2.46379223139e-09	1.27112694348e-08
     9	8.8583159932e-09	2.12858722754e-09	1.09869032207e-08

Measurement: t_ro36
  step	t_ro36	FROM	TO
     1	5.49251042005e-09	1.32605167286e-09	6.81856209291e-09
     2	4.75329375839e-09	1.14670758993e-09	5.90000134832e-09
     3	4.26667988897e-09	1.02849285467e-09	5.29517274364e-09
     4	7.46396497626e-09	1.80353664528e-09	9.26750162154e-09
     5	6.35052163381e-09	1.53341184884e-09	7.88393348265e-09
     6	5.62862919319e-09	1.35840170866e-09	6.98703090185e-09
     7	1.05506671376e-08	2.55085713773e-09	1.31015242753e-08
     8	8.91047782623e-09	2.15295200597e-09	1.10634298322e-08
     9	7.85134473247e-09	1.89607508146e-09	9.74741981393e-09

Measurement: t_ro37
  step	t_ro37	FROM	TO
     1	6.2049687455e-09	1.49192231825e-09	7.69689106375e-09
     2	5.22837437522e-09	1.25478522109e-09	6.48315959632e-09
     3	4.61520219735e-09	1.1062175943e-09	5.72141979164e-09
     4	8.7189320771e-09	2.09772695166e-09	1.08166590288e-08
     5	7.20000804539e-09	1.73001655118e-09	8.93002459657e-09
     6	6.25655069052e-09	1.50071625231e-09	7.75726694283e-09
     7	1.26382454128e-08	3.04131181448e-09	1.56795572273e-08
     8	1.03510842511e-08	2.48694531351e-09	1.28380295646e-08
     9	8.92873235462e-09	2.14263023259e-09	1.10713625872e-08

Measurement: t_ro38
  step	t_ro38	FROM	TO
     1	5.59999988665e-09	1.34346081138e-09	6.94346069802e-09
     2	4.83225206294e-09	1.15764595556e-09	5.9898980185e-09
     3	4.32001225517e-09	1.03568591201e-09	5.35569816718e-09
     4	7.58395654506e-09	1.81885365814e-09	9.4028102032e-09
     5	6.45046604067e-09	1.54564955685e-09	7.99611559752e-09
     6	5.71099328796e-09	1.36822696816e-09	7.07922025612e-09
     7	1.07163028744e-08	2.57022560857e-09	1.32865284829e-08
     8	9.051536762e-09	2.16884313679e-09	1.12203798988e-08
     9	7.96911175632e-09	1.90908177447e-09	9.87819353079e-09

Measurement: t_ro39
  step	t_ro39	FROM	TO
     1	6.096195567e-09	1.45874084577e-09	7.55493641277e-09
     2	5.1743151707e-09	1.23576936714e-09	6.41008453785e-09
     3	4.58314178263e-09	1.09364860317e-09	5.6767903858e-09
     4	8.4664823119e-09	2.02630158157e-09	1.04927838935e-08
     5	7.05531926242e-09	1.68487231966e-09	8.74019158208e-09
     6	6.15766193627e-09	1.46901593186e-09	7.62667786812e-09
     7	1.21843455585e-08	2.9149220768e-09	1.50992676353e-08
     8	1.00750058937e-08	2.40544298308e-09	1.24804488768e-08
     9	8.73704799068e-09	2.08392767073e-09	1.08209756614e-08

Measurement: t_ro40
  step	t_ro40	FROM	TO
     1	6.14654837603e-09	1.47809880864e-09	7.62464718466e-09
     2	5.19996956022e-09	1.24893311526e-09	6.44890267548e-09
     3	4.59391699087e-09	1.10207031924e-09	5.69598731012e-09
     4	8.59672931003e-09	2.06845661739e-09	1.06651859274e-08
     5	7.13233054558e-09	1.71418848453e-09	8.84651903012e-09
     6	6.21014357478e-09	1.4911681148e-09	7.70131168957e-09
     7	1.24249655744e-08	2.99043961492e-09	1.54154051893e-08
     8	1.02260119231e-08	2.45874436673e-09	1.26847562899e-08
     9	8.84457168104e-09	2.12464761141e-09	1.09692192925e-08

Measurement: t_ro41
  step	t_ro41	FROM	TO
     1	5.932726518e-09	1.42410985769e-09	7.35683637569e-09
     2	5.0644025799e-09	1.21249864708e-09	6.27690122698e-09
     3	4.49910021029e-09	1.07580837778e-09	5.57490858807e-09
     4	8.18973139659e-09	1.96664140818e-09	1.01563728048e-08
     5	6.86981970518e-09	1.64609932853e-09	8.51591903371e-09
     6	6.02308402715e-09	1.4411058977e-09	7.46418992485e-09
     7	1.17288705376e-08	2.81667353481e-09	1.45455440724e-08
     8	9.76472779413e-09	2.34062490439e-09	1.21053526985e-08
     9	8.50885522958e-09	2.03701572822e-09	1.05458709578e-08

Measurement: t_ro42
  step	t_ro42	FROM	TO
     1	5.94013323145e-09	1.42457289859e-09	7.36470613004e-09
     2	5.07200827683e-09	1.21484263022e-09	6.28685090705e-09
     3	4.49862966389e-09	1.07671318743e-09	5.57534285131e-09
     4	8.19607122538e-09	1.96587926667e-09	1.0161950492e-08
     5	6.8718658375e-09	1.64668777582e-09	8.51855361332e-09
     6	6.0229825632e-09	1.44222823654e-09	7.46521079974e-09
     7	1.17406976849e-08	2.81581509707e-09	1.4556512782e-08
     8	9.77077424314e-09	2.34152874249e-09	1.21123029856e-08
     9	8.51103163091e-09	2.03837400411e-09	1.0549405635e-08

Measurement: t_ro43
  step	t_ro43	FROM	TO
     1	6.09685936548e-09	1.45690673932e-09	7.5537661048e-09
     2	5.16941888055e-09	1.23408984583e-09	6.40350872638e-09
     3	4.57760820553e-09	1.0922248386e-09	5.66983304413e-09
     4	8.49839599051e-09	2.02964533351e-09	1.0528041324e-08
     5	7.07609115847e-09	1.68857121747e-09	8.76466237594e-09
     6	6.17293388718e-09	1.47248300929e-09	7.64541689646e-09
     7	1.22662529691e-08	2.92758522249e-09	1.51938381916e-08
     8	1.01319883761e-08	2.41669051836e-09	1.25486788945e-08
     9	8.7807781474e-09	2.09369996034e-09	1.08744781077e-08

Measurement: t_ro44
  step	t_ro44	FROM	TO
     1	6.09002133092e-09	1.46780997814e-09	7.55783130906e-09
     2	5.16523032401e-09	1.24386250987e-09	6.40909283387e-09
     3	4.57632445556e-09	1.10187679595e-09	5.67820125151e-09
     4	8.46434096616e-09	2.04262645809e-09	1.05069674242e-08
     5	7.04841065322e-09	1.69958070198e-09	8.7479913552e-09
     6	6.15031417564e-09	1.48219558954e-09	7.63250976518e-09
     7	1.21896255585e-08	2.94358395779e-09	1.51332095163e-08
     8	1.00717393921e-08	2.43023227265e-09	1.25019716648e-08
     9	8.73173710752e-09	2.10578662309e-09	1.08375237306e-08

Measurement: t_ro45
  step	t_ro45	FROM	TO
     1	5.94132220448e-09	1.43049377792e-09	7.3718159824e-09
     2	5.05802581257e-09	1.21541588644e-09	6.27344169901e-09
     3	4.49099937176e-09	1.07787860835e-09	5.5688779801e-09
     4	8.23354572412e-09	1.9845912677e-09	1.02181369918e-08
     5	6.88304519971e-09	1.65588292644e-09	8.53892812615e-09
     6	6.02665439663e-09	1.44769589281e-09	7.47435028944e-09
     7	1.18123841024e-08	2.84893060682e-09	1.46613147092e-08
     8	9.79775630404e-09	2.35824316497e-09	1.2155999469e-08
     9	8.52192168694e-09	2.04873286227e-09	1.05706545492e-08

Measurement: t_ro46
  step	t_ro46	FROM	TO
     1	6.44394658044e-09	1.5478246972e-09	7.99177127763e-09
     2	5.38053797572e-09	1.29105952578e-09	6.6715975015e-09
     3	4.71985181404e-09	1.13096065297e-09	5.85081246701e-09
     4	9.14944074417e-09	2.19865777292e-09	1.13480985171e-08
     5	7.47206936541e-09	1.79372982462e-09	9.26579919003e-09
     6	6.44595492619e-09	1.54598597239e-09	7.99194089857e-09
     7	1.33628057908e-08	3.21165122697e-09	1.65744570178e-08
     8	1.08169242438e-08	2.59743355421e-09	1.3414357798e-08
     9	9.26505407687e-09	2.22281080321e-09	1.14878648801e-08

Measurement: t_ro47
  step	t_ro47	FROM	TO
     1	6.08074950237e-09	1.45722069403e-09	7.5379701964e-09
     2	5.15905421376e-09	1.23361315608e-09	6.39266736984e-09
     3	4.57028436909e-09	1.09203400222e-09	5.6623183713e-09
     4	8.46178292841e-09	2.02687547307e-09	1.04886584015e-08
     5	7.05576849931e-09	1.68761438516e-09	8.74338288447e-09
     6	6.15969758695e-09	1.47200741218e-09	7.63170499914e-09
     7	1.2200603158e-08	2.92176688053e-09	1.51223700386e-08
     8	1.00955005837e-08	2.41435558563e-09	1.25098561693e-08
     9	8.75671528525e-09	2.092348722e-09	1.08490640073e-08

Measurement: t_ro48
  step	t_ro48	FROM	TO
     1	6.05582103732e-09	1.45503700873e-09	7.51085804606e-09
     2	5.14741985181e-09	1.23528815927e-09	6.38270801109e-09
     3	4.56000010973e-09	1.09316240265e-09	5.65316251238e-09
     4	8.39675815533e-09	2.01842703127e-09	1.04151851866e-08
     5	7.01216914226e-09	1.68343560849e-09	8.69560475075e-09
     6	6.12761208063e-09	1.47001514961e-09	7.59762723024e-09
     7	1.20759367703e-08	2.90329133589e-09	1.49792281062e-08
     8	1.00093173016e-08	2.40360511806e-09	1.24129224196e-08
     9	8.69228561069e-09	2.08592437729e-09	1.0778209988e-08

Measurement: t_ro49
  step	t_ro49	FROM	TO
     1	6.45693369734e-09	1.5459315468e-09	8.00286524414e-09
     2	5.40664602103e-09	1.29210362478e-09	6.69874964581e-09
     3	4.74350597198e-09	1.13267991663e-09	5.87618588861e-09
     4	9.17106650754e-09	2.19510991549e-09	1.1366176423e-08
     5	7.51780164293e-09	1.79622285058e-09	9.31402449351e-09
     6	6.48975413953e-09	1.54935540423e-09	8.03910954376e-09
     7	1.34127737295e-08	3.20820144161e-09	1.66209751711e-08
     8	1.08993908414e-08	2.60340736777e-09	1.35027982092e-08
     9	9.3420245422e-09	2.22965112421e-09	1.15716756664e-08

Measurement: t_ro50
  step	t_ro50	FROM	TO
     1	6.10577161123e-09	1.46715430097e-09	7.57292591221e-09
     2	5.18592092115e-09	1.24389794838e-09	6.42981886953e-09
     3	4.58883085433e-09	1.0991139798e-09	5.68794483412e-09
     4	8.48003458776e-09	2.03914720668e-09	1.05191817944e-08
     5	7.07088869066e-09	1.69713380961e-09	8.76802250028e-09
     6	6.17099080941e-09	1.47912956679e-09	7.6501203762e-09
     7	1.22151129809e-08	2.93727284524e-09	1.51523858261e-08
     8	1.0107181171e-08	2.42679678264e-09	1.25339779536e-08
     9	8.76673983948e-09	2.10229745307e-09	1.08690372925e-08

Measurement: t_ro51
  step	t_ro51	FROM	TO
     1	5.67122683555e-09	1.36018564612e-09	7.03141248166e-09
     2	4.88545200061e-09	1.17011140205e-09	6.05556340267e-09
     3	4.36622455479e-09	1.04530694401e-09	5.4115314988e-09
     4	7.73525681545e-09	1.85600912734e-09	9.59126594279e-09
     5	6.55998142968e-09	1.5715172445e-09	8.13149867418e-09
     6	5.79077867259e-09	1.38645341161e-09	7.1772320842e-09
     7	1.09784010302e-08	2.63443175514e-09	1.36128327853e-08
     8	9.23887551111e-09	2.2138474221e-09	1.14527229332e-08
     9	8.11301674113e-09	1.94274519494e-09	1.00557619361e-08

Measurement: t_ro52
  step	t_ro52	FROM	TO
     1	6.03845341638e-09	1.44352146657e-09	7.48197488295e-09
     2	5.11999417577e-09	1.22318787212e-09	6.34318204789e-09
     3	4.5453473645e-09	1.08472053769e-09	5.63006790219e-09
     4	8.37774872871e-09	2.00232669665e-09	1.03800754254e-08
     5	6.98953206706e-09	1.66841455219e-09	8.65794661925e-09
     6	6.10750588736e-09	1.45700229883e-09	7.56450818619e-09
     7	1.20437157548e-08	2.87747863704e-09	1.49211943919e-08
     8	9.96885811055e-09	2.37882679983e-09	1.23476849104e-08
     9	8.65569418836e-09	2.06414853508e-09	1.07198427234e-08

Measurement: t_ro53
  step	t_ro53	FROM	TO
     1	5.81873559182e-09	1.40113441968e-09	7.2198700115e-09
     2	4.97814658387e-09	1.19852071817e-09	6.17666730204e-09
     3	4.44000274524e-09	1.06861532186e-09	5.5086180671e-09
     4	7.98550309687e-09	1.92467278984e-09	9.91017588671e-09
     5	6.72247862119e-09	1.6200188325e-09	8.34249745368e-09
     6	5.91191793345e-09	1.42408490567e-09	7.33600283912e-09
     7	1.14008568429e-08	2.74971698126e-09	1.41505738242e-08
     8	9.52787434103e-09	2.2972148661e-09	1.18250892071e-08
     9	8.32711041879e-09	2.00723846989e-09	1.03343488887e-08

Measurement: t_ro54
  step	t_ro54	FROM	TO
     1	5.97865064605e-09	1.43959109304e-09	7.41824173909e-09
     2	5.10117757973e-09	1.2251822651e-09	6.32635984483e-09
     3	4.52592752264e-09	1.08565744311e-09	5.61158496575e-09
     4	8.24962091796e-09	1.98898890515e-09	1.02386098231e-08
     5	6.91652906543e-09	1.66403997041e-09	8.58056903584e-09
     6	6.05939003818e-09	1.45563841238e-09	7.51502845056e-09
     7	1.18255161753e-08	2.85315992058e-09	1.46786760959e-08
     8	9.84258129039e-09	2.37005621962e-09	1.221263751e-08
     9	8.57050632144e-09	2.06120363005e-09	1.06317099515e-08

Measurement: t_ro55
  step	t_ro55	FROM	TO
     1	6.61988588392e-09	1.58757235115e-09	8.20745823507e-09
     2	5.49177356584e-09	1.31461147395e-09	6.80638503979e-09
     3	4.79994333145e-09	1.14801697809e-09	5.94796030954e-09
     4	9.50015964989e-09	2.27747877996e-09	1.17776384298e-08
     5	7.69906406753e-09	1.84279613641e-09	9.54186020394e-09
     6	6.60529868172e-09	1.57964076209e-09	8.1849394438e-09
     7	1.39821468252e-08	3.34979272253e-09	1.73319395477e-08
     8	1.12227494399e-08	2.68518791648e-09	1.39079373564e-08
     9	9.55247597587e-09	2.28393992591e-09	1.18364159018e-08

Measurement: t_ro56
  step	t_ro56	FROM	TO
     1	6.36384123758e-09	1.52943720983e-09	7.89327844742e-09
     2	5.3495595301e-09	1.28351345807e-09	6.63307298817e-09
     3	4.70713837176e-09	1.12822165636e-09	5.83536002811e-09
     4	8.92845454566e-09	2.14670750356e-09	1.10751620492e-08
     5	7.36569659535e-09	1.7684355933e-09	9.13413218865e-09
     6	6.38446834299e-09	1.53106112215e-09	7.91552946514e-09
     7	1.29629050172e-08	3.11691367815e-09	1.60798186954e-08
     8	1.06114001366e-08	2.54776108561e-09	1.31591612222e-08
     9	9.13593451571e-09	2.19128222846e-09	1.13272167442e-08

Measurement: t_ro57
  step	t_ro57	FROM	TO
     1	6.27123637996e-09	1.51493241553e-09	7.78616879548e-09
     2	5.28000005889e-09	1.2729740347e-09	6.55297409358e-09
     3	4.65448064952e-09	1.1213130624e-09	5.77579371193e-09
     4	8.80241129803e-09	2.12857247691e-09	1.09309837749e-08
     5	7.28142928884e-09	1.75766119689e-09	9.03909048572e-09
     6	6.3224540124e-09	1.5247030078e-09	7.8471570202e-09
     7	1.27712067107e-08	3.08874700648e-09	1.58599537172e-08
     8	1.04777145866e-08	2.53022194611e-09	1.30079365327e-08
     9	9.03683043998e-09	2.18040119323e-09	1.12172316332e-08

Measurement: t_ro58
  step	t_ro58	FROM	TO
     1	6.0094171175e-09	1.44317633521e-09	7.45259345271e-09
     2	5.10361458714e-09	1.22429099988e-09	6.32790558702e-09
     3	4.51956517754e-09	1.08234771292e-09	5.60191289046e-09
     4	8.36060180257e-09	2.0082108199e-09	1.03688126225e-08
     5	6.96316294003e-09	1.67090417102e-09	8.63406711105e-09
     6	6.08013433209e-09	1.45805771375e-09	7.53819204584e-09
     7	1.2040711757e-08	2.89225835241e-09	1.49329701094e-08
     8	9.94519280398e-09	2.38703176088e-09	1.23322245649e-08
     9	8.62836770864e-09	2.06904125888e-09	1.06974089675e-08

Measurement: t_ro59
  step	t_ro59	FROM	TO
     1	5.92003050577e-09	1.43216566062e-09	7.35219616639e-09
     2	5.05830780612e-09	1.21987042037e-09	6.27817822648e-09
     3	4.49412775387e-09	1.08167214947e-09	5.57579990334e-09
     4	8.14711522225e-09	1.97376793351e-09	1.01208831558e-08
     5	6.84210346613e-09	1.65291409607e-09	8.4950175622e-09
     6	6.00181523958e-09	1.44729856288e-09	7.44911380245e-09
     7	1.16580064865e-08	2.82668099454e-09	1.4484687481e-08
     8	9.71789945889e-09	2.35008725194e-09	1.20679867108e-08
     9	8.47291583923e-09	2.04565428751e-09	1.05185701267e-08

Measurement: t_ro60
  step	t_ro60	FROM	TO
     1	6.07158212882e-09	1.45663528309e-09	7.52821741192e-09
     2	5.13023669117e-09	1.22978457743e-09	6.3600212686e-09
     3	4.54602446193e-09	1.08857293895e-09	5.63459740087e-09
     4	8.47001417691e-09	2.03233828383e-09	1.05023524607e-08
     5	7.03160552309e-09	1.68532544496e-09	8.71693096805e-09
     6	6.12880457951e-09	1.46789440429e-09	7.5966989838e-09
     7	1.22122199047e-08	2.93004380269e-09	1.51422637073e-08
     8	1.00541790637e-08	2.40991805492e-09	1.24640971186e-08
     9	8.70453331268e-09	2.08495959447e-09	1.07894929071e-08

Measurement: t_ro61
  step	t_ro61	FROM	TO
     1	6.10858103421e-09	1.46020980477e-09	7.56879083897e-09
     2	5.17991991055e-09	1.23698185451e-09	6.41690176506e-09
     3	4.58347918259e-09	1.09402214258e-09	5.67750132517e-09
     4	8.50444365053e-09	2.03252423559e-09	1.05369678861e-08
     5	7.08160827197e-09	1.69099211723e-09	8.7726003892e-09
     6	6.17689309947e-09	1.47415837643e-09	7.6510514759e-09
     7	1.22645263686e-08	2.9302357304e-09	1.5194762099e-08
     8	1.01327473487e-08	2.41898003269e-09	1.25517273814e-08
     9	8.7812177741e-09	2.09527849126e-09	1.08764962654e-08

Measurement: t_ro62
  step	t_ro62	FROM	TO
     1	5.68400324734e-09	1.36444595069e-09	7.04844919803e-09
     2	4.90100613938e-09	1.1755506439e-09	6.07655678328e-09
     3	4.38146083188e-09	1.05060623142e-09	5.4320670633e-09
     4	7.73024892271e-09	1.85649989008e-09	9.5867488128e-09
     5	6.56046167488e-09	1.57466156481e-09	8.13512323969e-09
     6	5.7984029716e-09	1.39075397389e-09	7.1891569455e-09
     7	1.09569196065e-08	2.63169236134e-09	1.35886119678e-08
     8	9.2386502494e-09	2.21670650046e-09	1.14553567499e-08
     9	8.11809428719e-09	1.94729174631e-09	1.00653860335e-08

Measurement: t_ro63
  step	t_ro63	FROM	TO
     1	6.24000262399e-09	1.49808891633e-09	7.73809154032e-09
     2	5.27205020363e-09	1.26042177821e-09	6.53247198184e-09
     3	4.64004294367e-09	1.10859235e-09	5.74863529368e-09
     4	8.72410482175e-09	2.09528857891e-09	1.08193934007e-08
     5	7.2281487805e-09	1.72904004093e-09	8.95718882143e-09
     6	6.28499701519e-09	1.50046086134e-09	7.78545787653e-09
     7	1.26259502999e-08	3.03062316854e-09	1.56565734684e-08
     8	1.03766376397e-08	2.48191974275e-09	1.28585573825e-08
     9	8.96220622022e-09	2.13943839112e-09	1.11016446113e-08

Measurement: t_ro64
  step	t_ro64	FROM	TO
     1	5.87426453599e-09	1.4026811143e-09	7.27694565029e-09
     2	5.01824687357e-09	1.19744347727e-09	6.21569035084e-09
     3	4.46835355484e-09	1.0658121334e-09	5.53416568825e-09
     4	8.09495132096e-09	1.93209256928e-09	1.00270438902e-08
     5	6.80419836274e-09	1.62311169818e-09	8.42731006093e-09
     6	5.97305585197e-09	1.42441954733e-09	7.3974753993e-09
     7	1.15867502084e-08	2.76404954595e-09	1.43507997543e-08
     8	9.66719789982e-09	2.30508537141e-09	1.19722832712e-08
     9	8.43458153608e-09	2.01061507223e-09	1.04451966083e-08

Measurement: t_ro65
  step	t_ro65	FROM	TO
     1	5.69691273043e-09	1.36608456034e-09	7.06299729077e-09
     2	4.90133803367e-09	1.17400951586e-09	6.07534754953e-09
     3	4.38338340058e-09	1.04928360167e-09	5.43266700225e-09
     4	7.76530148885e-09	1.86199974256e-09	9.62730123141e-09
     5	6.58107504946e-09	1.57653088763e-09	8.15760593709e-09
     6	5.8104411236e-09	1.39102938481e-09	7.20147050841e-09
     7	1.10271970162e-08	2.64408235297e-09	1.36712793692e-08
     8	9.28027577029e-09	2.22333195009e-09	1.15036077204e-08
     9	8.1475887363e-09	1.95056479284e-09	1.00981535291e-08

Measurement: t_ro66
  step	t_ro66	FROM	TO
     1	6.21489297777e-09	1.4915573914e-09	7.70645036916e-09
     2	5.23614388737e-09	1.25544649112e-09	6.49159037849e-09
     3	4.61618210456e-09	1.10630509108e-09	5.72248719564e-09
     4	8.7317276674e-09	2.09598115785e-09	1.08277088252e-08
     5	7.21170388775e-09	1.72944872695e-09	8.9411526147e-09
     6	6.26016981971e-09	1.50036009739e-09	7.76052991709e-09
     7	1.2673585478e-08	3.04204193114e-09	1.57156274091e-08
     8	1.03780504873e-08	2.48874147566e-09	1.2866791963e-08
     9	8.94594036837e-09	2.14423045524e-09	1.10901708236e-08

Measurement: t_ro67
  step	t_ro67	FROM	TO
     1	5.6951252232e-09	1.36453319256e-09	7.05965841576e-09
     2	4.89525638126e-09	1.16992903165e-09	6.06518541292e-09
     3	4.37191493033e-09	1.04392546681e-09	5.41584039714e-09
     4	7.77708540149e-09	1.86472094083e-09	9.64180634232e-09
     5	6.57213014313e-09	1.57155249437e-09	8.1436826375e-09
     6	5.79767195518e-09	1.38467079574e-09	7.18234275092e-09
     7	1.1043450635e-08	2.64856348809e-09	1.36920141231e-08
     8	9.26417135255e-09	2.21588417503e-09	1.14800555276e-08
     9	8.12367370904e-09	1.94036812203e-09	1.00640418311e-08

Measurement: t_ro68
  step	t_ro68	FROM	TO
     1	6.07239221432e-09	1.4603888827e-09	7.53278109702e-09
     2	5.14683784658e-09	1.23650127231e-09	6.38333911889e-09
     3	4.5611959768e-09	1.09564500119e-09	5.65684097799e-09
     4	8.42267517919e-09	2.02708954165e-09	1.04497647208e-08
     5	7.02308595144e-09	1.68801280265e-09	8.71109875409e-09
     6	6.13270481326e-09	1.47325960786e-09	7.60596442112e-09
     7	1.21177651758e-08	2.91716972965e-09	1.50349349054e-08
     8	1.00266195228e-08	2.4106375903e-09	1.24372571131e-08
     9	8.7001779941e-09	2.09055910793e-09	1.0790737102e-08

Measurement: t_ro69
  step	t_ro69	FROM	TO
     1	5.88612832386e-09	1.41578229548e-09	7.30191061934e-09
     2	5.0244374842e-09	1.20625977566e-09	6.23069725986e-09
     3	4.47047901861e-09	1.07150444322e-09	5.54198346183e-09
     4	8.09516150853e-09	1.94871857442e-09	1.00438800829e-08
     5	6.80317186124e-09	1.63497593202e-09	8.43814779325e-09
     6	5.97109657678e-09	1.43284254043e-09	7.4039391172e-09
     7	1.15808511744e-08	2.78898665596e-09	1.43698378303e-08
     8	9.66198383761e-09	2.3234548068e-09	1.19854386444e-08
     9	8.42935727088e-09	2.02437807856e-09	1.04537353494e-08

Measurement: t_ro70
  step	t_ro70	FROM	TO
     1	6.2335602084e-09	1.50492972856e-09	7.73848993696e-09
     2	5.25600698774e-09	1.26703575483e-09	6.52304274257e-09
     3	4.6341926706e-09	1.11602123578e-09	5.75021390638e-09
     4	8.74072794191e-09	2.11417476728e-09	1.08549027092e-08
     5	7.22566039005e-09	1.74461371187e-09	8.97027410192e-09
     6	6.27622266912e-09	1.51348059921e-09	7.78970326833e-09
     7	1.26712456948e-08	3.06784664005e-09	1.57390923349e-08
     8	1.03891330114e-08	2.51098452765e-09	1.2900117539e-08
     9	8.96238715146e-09	2.1640160026e-09	1.11264031541e-08

Measurement: t_ro71
  step	t_ro71	FROM	TO
     1	6.08000538401e-09	1.45966019919e-09	7.53966558321e-09
     2	5.15090543188e-09	1.23558888266e-09	6.38649431454e-09
     3	4.55998949168e-09	1.09209430938e-09	5.65208380106e-09
     4	8.50838211903e-09	2.04324545185e-09	1.05516275709e-08
     5	7.06463453522e-09	1.69509865347e-09	8.75973318869e-09
     6	6.15564466978e-09	1.47548648078e-09	7.63113115056e-09
     7	1.22950851428e-08	2.95264002318e-09	1.52477251659e-08
     8	1.01253150624e-08	2.42993562456e-09	1.25552506869e-08
     9	8.76273550987e-09	2.10108737054e-09	1.08638228804e-08

Measurement: t_ro72
  step	t_ro72	FROM	TO
     1	5.93937362318e-09	1.43021665033e-09	7.36959027352e-09
     2	5.07823701937e-09	1.22007377105e-09	6.29831079042e-09
     3	4.5082013697e-09	1.08130941245e-09	5.58951078215e-09
     4	8.189113185e-09	1.97386390189e-09	1.01629770869e-08
     5	6.88064628266e-09	1.65478998458e-09	8.53543626724e-09
     6	6.03501735748e-09	1.44918393316e-09	7.48420129065e-09
     7	1.17313081208e-08	2.82856909185e-09	1.45598772126e-08
     8	9.78548594964e-09	2.35488132444e-09	1.21403672741e-08
     9	8.53201409336e-09	2.05042623868e-09	1.0582440332e-08

Measurement: t_ro73
  step	t_ro73	FROM	TO
     1	5.85268932655e-09	1.40623793283e-09	7.25892725939e-09
     2	5.00949355102e-09	1.20127836676e-09	6.21077191777e-09
     3	4.46314106781e-09	1.06852544119e-09	5.531666509e-09
     4	8.03658242054e-09	1.93226044525e-09	9.96884286578e-09
     5	6.76615705582e-09	1.62394259379e-09	8.39009964961e-09
     6	5.94593885087e-09	1.42504907622e-09	7.3709879271e-09
     7	1.14810415907e-08	2.7613916428e-09	1.42424332335e-08
     8	9.5961537425e-09	2.30449194863e-09	1.19006456911e-08
     9	8.38238331887e-09	2.01047056931e-09	1.03928538882e-08

Measurement: t_ro74
  step	t_ro74	FROM	TO
     1	6.01063824073e-09	1.43855902342e-09	7.44919726415e-09
     2	5.11999980087e-09	1.22424049522e-09	6.34424029609e-09
     3	4.54014918357e-09	1.08420909892e-09	5.62435828249e-09
     4	8.31996547605e-09	1.98716060481e-09	1.03071260809e-08
     5	6.96164386776e-09	1.66409492001e-09	8.62573878777e-09
     6	6.09080033767e-09	1.45464658786e-09	7.54544692553e-09
     7	1.19541336038e-08	2.83833240142e-09	1.47924660053e-08
     8	9.9273220223e-09	2.37139276749e-09	1.22987147898e-08
     9	8.63200818739e-09	2.06126055977e-09	1.06932687472e-08

Measurement: t_ro75
  step	t_ro75	FROM	TO
     1	5.85585386787e-09	1.41619512943e-09	7.2720489973e-09
     2	5.01062681563e-09	1.2054916182e-09	6.21611843382e-09
     3	4.4606563762e-09	1.06944184741e-09	5.53009822361e-09
     4	8.04966222186e-09	1.9494512429e-09	9.99911346476e-09
     5	6.7710390167e-09	1.63352095103e-09	8.40455996773e-09
     6	5.94861629078e-09	1.43066057889e-09	7.37927686967e-09
     7	1.14947717123e-08	2.78444774044e-09	1.42792194527e-08
     8	9.59653655301e-09	2.31755333967e-09	1.19140898927e-08
     9	8.37962184568e-09	2.01918486531e-09	1.0398806711e-08

Measurement: t_ro76
  step	t_ro76	FROM	TO
     1	5.67762275422e-09	1.36071669257e-09	7.0383394468e-09
     2	4.89108613559e-09	1.17028012524e-09	6.06136626083e-09
     3	4.3746310965e-09	1.04592449429e-09	5.42055559079e-09
     4	7.72243380084e-09	1.8515898377e-09	9.57402363854e-09
     5	6.55061454556e-09	1.56784864397e-09	8.11846318953e-09
     6	5.78752062646e-09	1.38387135138e-09	7.17139197784e-09
     7	1.09464284317e-08	2.62458490719e-09	1.35710133389e-08
     8	9.22189997828e-09	2.20742828356e-09	1.14293282618e-08
     9	8.1019542882e-09	1.93740187226e-09	1.00393561605e-08

Measurement: t_ro77
  step	t_ro77	FROM	TO
     1	5.89582065277e-09	1.41332775773e-09	7.30914841049e-09
     2	5.02771657191e-09	1.2033575302e-09	6.23107410211e-09
     3	4.47402866797e-09	1.06984748474e-09	5.5438761527e-09
     4	8.14312635258e-09	1.95252562653e-09	1.00956519791e-08
     5	6.82673371156e-09	1.63438521501e-09	8.46111892657e-09
     6	5.9873435797e-09	1.4322013685e-09	7.4195449482e-09
     7	1.16564611128e-08	2.79469398275e-09	1.44511550955e-08
     8	9.69720939621e-09	2.32172404421e-09	1.20189334404e-08
     9	8.4514544403e-09	2.02182559044e-09	1.04732800307e-08

Measurement: t_ro78
  step	t_ro78	FROM	TO
     1	5.62148229274e-09	1.34877362266e-09	6.9702559154e-09
     2	4.8398469672e-09	1.15950249734e-09	5.99934946455e-09
     3	4.33934751838e-09	1.03863994154e-09	5.37798745991e-09
     4	7.64099602963e-09	1.83419673814e-09	9.47519276777e-09
     5	6.48819714629e-09	1.55550317312e-09	8.04370031941e-09
     6	5.73813956509e-09	1.3742098005e-09	7.11234936559e-09
     7	1.0827561243e-08	2.59942753976e-09	1.34269887828e-08
     8	9.13148076421e-09	2.18980173926e-09	1.13212825035e-08
     9	8.0302586229e-09	1.92392225738e-09	9.95418088029e-09

Measurement: t_ro79
  step	t_ro79	FROM	TO
     1	5.80501531514e-09	1.39328274068e-09	7.19829805582e-09
     2	4.96000010391e-09	1.18898621289e-09	6.14898631681e-09
     3	4.4414976975e-09	1.06276098585e-09	5.50425868335e-09
     4	7.93788673991e-09	1.90611654392e-09	9.84400328383e-09
     5	6.7045661623e-09	1.60699785322e-09	8.31156401552e-09
     6	5.9037221784e-09	1.41347386437e-09	7.31719604278e-09
     7	1.1301343716e-08	2.71427900147e-09	1.40156227174e-08
     8	9.47946416009e-09	2.27262785608e-09	1.17520920162e-08
     9	8.2996856738e-09	1.98769895758e-09	1.02873846314e-08

Measurement: t_ro80
  step	t_ro80	FROM	TO
     1	6.02085236336e-09	1.44420632378e-09	7.46505868714e-09
     2	5.12553361565e-09	1.22617635641e-09	6.35170997206e-09
     3	4.54746373466e-09	1.08751177896e-09	5.63497551363e-09
     4	8.33362215006e-09	1.99986406844e-09	1.03334862185e-08
     5	6.97785659148e-09	1.67075588641e-09	8.64861247789e-09
     6	6.10639998555e-09	1.46050383967e-09	7.56690382522e-09
     7	1.19745593836e-08	2.87304074213e-09	1.48476001258e-08
     8	9.95253599089e-09	2.3830058786e-09	1.23355418695e-08
     9	8.65625223117e-09	2.07041609276e-09	1.07266683239e-08

Measurement: t_ro81
  step	t_ro81	FROM	TO
     1	6.38008689611e-09	1.52590731962e-09	7.90599421572e-09
     2	5.34017143578e-09	1.27446178469e-09	6.61463322047e-09
     3	4.68909887359e-09	1.11808083564e-09	5.80717970923e-09
     4	9.02718369749e-09	2.15779049235e-09	1.11849741898e-08
     5	7.39525665904e-09	1.76458061634e-09	9.15983727538e-09
     6	6.39226358839e-09	1.52405034509e-09	7.91631393348e-09
     7	1.31476397544e-08	3.14038187699e-09	1.62880216314e-08
     8	1.06728254801e-08	2.54585349737e-09	1.32186789775e-08
     9	9.15639622689e-09	2.18252691073e-09	1.13389231376e-08

Measurement: t_ro82
  step	t_ro82	FROM	TO
     1	6.23999997882e-09	1.49568849711e-09	7.73568847593e-09
     2	5.258874434e-09	1.25885439499e-09	6.51772882898e-09
     3	4.63300959526e-09	1.10895790812e-09	5.74196750337e-09
     4	8.72271405535e-09	2.09209775331e-09	1.08148118087e-08
     5	7.21651604199e-09	1.72790183459e-09	8.94441787658e-09
     6	6.27021058315e-09	1.50034289239e-09	7.77055347554e-09
     7	1.26292515752e-08	3.02756981203e-09	1.56568213872e-08
     8	1.0364640903e-08	2.48079432981e-09	1.28454352328e-08
     9	8.94608729599e-09	2.13957328277e-09	1.10856605788e-08

Measurement: t_ro83
  step	t_ro83	FROM	TO
     1	6.33470337675e-09	1.51468995787e-09	7.84939333463e-09
     2	5.32815836609e-09	1.27206875122e-09	6.60022711731e-09
     3	4.68567592048e-09	1.11780844521e-09	5.80348436569e-09
     4	8.88480745549e-09	2.12397217246e-09	1.10087796279e-08
     5	7.33108748315e-09	1.75012391802e-09	9.08121140117e-09
     6	6.35625722129e-09	1.51615111273e-09	7.87240833402e-09
     7	1.28901723887e-08	3.08018281218e-09	1.59703552009e-08
     8	1.05476212341e-08	2.51743611961e-09	1.30650573538e-08
     9	9.08405691888e-09	2.16633039769e-09	1.12503873166e-08

Measurement: t_ro84
  step	t_ro84	FROM	TO
     1	6.17625218116e-09	1.48920688664e-09	7.66545906779e-09
     2	5.22962663246e-09	1.25809325514e-09	6.48771988759e-09
     3	4.62189974988e-09	1.11052498453e-09	5.73242473441e-09
     4	8.60425520689e-09	2.0769679845e-09	1.06812231914e-08
     5	7.15105022937e-09	1.72188189688e-09	8.87293212625e-09
     6	6.22945687136e-09	1.49808099528e-09	7.72753786664e-09
     7	1.24152696145e-08	2.997956061e-09	1.54132256755e-08
     8	1.02380825259e-08	2.46655166304e-09	1.2704634189e-08
     9	8.86085496825e-09	2.13236553209e-09	1.09932205003e-08

Measurement: t_ro85
  step	t_ro85	FROM	TO
     1	5.760000033e-09	1.37887633368e-09	7.13887636668e-09
     2	4.95035918545e-09	1.1827133519e-09	6.13307253735e-09
     3	4.41876940306e-09	1.05534138138e-09	5.47411078444e-09
     4	7.8519923143e-09	1.88026773921e-09	9.73226005351e-09
     5	6.64382121694e-09	1.58771895223e-09	8.23154016917e-09
     6	5.85775432794e-09	1.39875796198e-09	7.25651228992e-09
     7	1.11546954225e-08	2.67015443683e-09	1.38248498593e-08
     8	9.37308580027e-09	2.23940438336e-09	1.16124901836e-08
     9	8.21695560943e-09	1.96153590224e-09	1.01784915117e-08

Measurement: t_ro86
  step	t_ro86	FROM	TO
     1	5.6577877865e-09	1.35051772391e-09	7.00830551041e-09
     2	4.87162723145e-09	1.16119852296e-09	6.03282575441e-09
     3	4.35743234222e-09	1.03826495557e-09	5.39569729779e-09
     4	7.68747222039e-09	1.83446863661e-09	9.521940857e-09
     5	6.51555609959e-09	1.55260322404e-09	8.06815932363e-09
     6	5.75795087367e-09	1.3714496801e-09	7.12940055377e-09
     7	1.08846919572e-08	2.59574862042e-09	1.34804405776e-08
     8	9.15802221565e-09	2.18117793075e-09	1.13392001464e-08
     9	8.04346628232e-09	1.91485732038e-09	9.9583236027e-09

Measurement: t_ro87
  step	t_ro87	FROM	TO
     1	6.02986153714e-09	1.44868065929e-09	7.47854219643e-09
     2	5.12001132456e-09	1.22768299349e-09	6.34769431805e-09
     3	4.53253261465e-09	1.08557843237e-09	5.61811104702e-09
     4	8.38124283268e-09	2.01451594608e-09	1.03957587788e-08
     5	6.98168367614e-09	1.67599469005e-09	8.65767836618e-09
     6	6.0968597668e-09	1.46180411789e-09	7.55866388469e-09
     7	1.20680777133e-08	2.90107909106e-09	1.49691568043e-08
     8	9.97209036887e-09	2.39465818841e-09	1.23667485573e-08
     9	8.65116064792e-09	2.07561993718e-09	1.07267805851e-08

Measurement: t_ro88
  step	t_ro88	FROM	TO
     1	6.1796087211e-09	1.48834946064e-09	7.66795818174e-09
     2	5.21898027678e-09	1.25546594592e-09	6.4744462227e-09
     3	4.60867894317e-09	1.1077942997e-09	5.71647324286e-09
     4	8.61086029057e-09	2.07566820023e-09	1.06865284908e-08
     5	7.13944208036e-09	1.7196575845e-09	8.85909966486e-09
     6	6.21390792997e-09	1.49529947198e-09	7.70920740195e-09
     7	1.24284478319e-08	2.99782230694e-09	1.54262701388e-08
     8	1.0225068946e-08	2.46455699897e-09	1.2689625945e-08
     9	8.84220357931e-09	2.12962461056e-09	1.09718281899e-08

Measurement: t_ro89
  step	t_ro89	FROM	TO
     1	5.83913603388e-09	1.39872928434e-09	7.23786531822e-09
     2	4.9961671438e-09	1.194843182e-09	6.1910103258e-09
     3	4.45019800023e-09	1.06334455073e-09	5.51354255096e-09
     4	8.02543532225e-09	1.92226860986e-09	9.94770393211e-09
     5	6.75113044366e-09	1.61482423971e-09	8.36595468336e-09
     6	5.93291255039e-09	1.4176085997e-09	7.35052115009e-09
     7	1.14591111491e-08	2.74446877848e-09	1.42035799275e-08
     8	9.56849221004e-09	2.28865108306e-09	1.18571432931e-08
     9	8.3575287393e-09	1.99700151842e-09	1.03545302577e-08

Measurement: t_ro90
  step	t_ro90	FROM	TO
     1	5.80250168249e-09	1.39230417164e-09	7.19480585413e-09
     2	4.97431668083e-09	1.19257174973e-09	6.16688843056e-09
     3	4.43670467566e-09	1.06301117112e-09	5.49971584678e-09
     4	7.95672300061e-09	1.90944823474e-09	9.86617123536e-09
     5	6.71323568278e-09	1.60955417915e-09	8.32278986193e-09
     6	5.90804713643e-09	1.41568577119e-09	7.32373290762e-09
     7	1.13475225697e-08	2.72275253666e-09	1.40702751064e-08
     8	9.50572138789e-09	2.27853104079e-09	1.17842524287e-08
     9	8.31565352668e-09	1.99221876436e-09	1.0307872291e-08

Measurement: t_ro91
  step	t_ro91	FROM	TO
     1	6.1898959632e-09	1.48468338549e-09	7.67457934868e-09
     2	5.22749104842e-09	1.25073754948e-09	6.4782285979e-09
     3	4.61755470835e-09	1.10329618175e-09	5.72085089009e-09
     4	8.65065047894e-09	2.07587826978e-09	1.07265287487e-08
     5	7.17071770601e-09	1.71635138311e-09	8.88706908912e-09
     6	6.23984360026e-09	1.49073907493e-09	7.73058267519e-09
     7	1.25120344995e-08	3.00182837349e-09	1.5513862873e-08
     8	1.02857753604e-08	2.46201603631e-09	1.27477913967e-08
     9	8.88838189421e-09	2.12405031874e-09	1.1012432213e-08

Measurement: t_ro92
  step	t_ro92	FROM	TO
     1	5.64811567141e-09	1.34778154658e-09	6.99589721799e-09
     2	4.86839480718e-09	1.16107637463e-09	6.02947118181e-09
     3	4.35356618249e-09	1.03804004962e-09	5.39160623211e-09
     4	7.66579294463e-09	1.82845327003e-09	9.49424621465e-09
     5	6.50446708733e-09	1.55057005533e-09	8.05503714266e-09
     6	5.74974613425e-09	1.37036052247e-09	7.12010665672e-09
     7	1.08479853061e-08	2.58635967781e-09	1.34343449839e-08
     8	9.14036188089e-09	2.17812781733e-09	1.13184896982e-08
     9	8.03422110294e-09	1.91411220516e-09	9.9483333081e-09

Measurement: t_ro93
  step	t_ro93	FROM	TO
     1	5.87370675723e-09	1.40977096801e-09	7.28347772524e-09
     2	5.02210318204e-09	1.20351817647e-09	6.22562135851e-09
     3	4.47445348699e-09	1.07215531056e-09	5.54660879754e-09
     4	8.06715480076e-09	1.93693379506e-09	1.00040885958e-08
     5	6.78825513579e-09	1.62779388764e-09	8.41604902344e-09
     6	5.9644157804e-09	1.42887474878e-09	7.39329052918e-09
     7	1.15242237678e-08	2.7671226669e-09	1.42913464347e-08
     8	9.62908443471e-09	2.30935295024e-09	1.1938437385e-08
     9	8.41092811915e-09	2.01542520983e-09	1.0426353329e-08

Measurement: t_ro94
  step	t_ro94	FROM	TO
     1	6.10737757313e-09	1.46437172819e-09	7.57174930132e-09
     2	5.15939336333e-09	1.2357673284e-09	6.39516069174e-09
     3	4.56132706168e-09	1.0914223619e-09	5.65274942357e-09
     4	8.5115463397e-09	2.04102551552e-09	1.05525718552e-08
     5	7.05589968565e-09	1.69006912014e-09	8.74596880579e-09
     6	6.14454102465e-09	1.47070783807e-09	7.61524886272e-09
     7	1.22745868653e-08	2.94320293344e-09	1.52177897987e-08
     8	1.00905265177e-08	2.41709694099e-09	1.25076234587e-08
     9	8.72786892165e-09	2.08932370182e-09	1.08171926235e-08

Measurement: t_ro95
  step	t_ro95	FROM	TO
     1	5.72772523658e-09	1.37345027363e-09	7.10117551021e-09
     2	4.93619999595e-09	1.18174044969e-09	6.11794044564e-09
     3	4.40238818279e-09	1.05254045516e-09	5.45492863795e-09
     4	7.80510814498e-09	1.87239390256e-09	9.67750204754e-09
     5	6.61393159502e-09	1.58364285503e-09	8.19757445005e-09
     6	5.83736421371e-09	1.39614857708e-09	7.23351279079e-09
     7	1.1083123686e-08	2.65888680181e-09	1.37420104879e-08
     8	9.32855572039e-09	2.23389663278e-09	1.15624523532e-08
     9	8.1870727709e-09	1.95839261494e-09	1.01454653858e-08

Measurement: t_ro96
  step	t_ro96	FROM	TO
     1	6.06435073149e-09	1.45620262638e-09	7.52055335786e-09
     2	5.15042113497e-09	1.23451021899e-09	6.38493135396e-09
     3	4.56410846279e-09	1.09313947363e-09	5.65724793642e-09
     4	8.39577138472e-09	2.01666208001e-09	1.04124334647e-08
     5	7.01441292909e-09	1.68189746101e-09	8.6963103901e-09
     6	6.12983895844e-09	1.46841338894e-09	7.59825234738e-09
     7	1.2077877431e-08	2.90124410965e-09	1.49791215407e-08
     8	1.0015298596e-08	2.40155204659e-09	1.24168506425e-08
     9	8.69813618578e-09	2.08372766401e-09	1.07818638498e-08

Measurement: t_ro97
  step	t_ro97	FROM	TO
     1	6.29389511542e-09	1.50847870999e-09	7.80237382541e-09
     2	5.29615785107e-09	1.26734815447e-09	6.56350600554e-09
     3	4.67132384944e-09	1.11680165285e-09	5.78812550229e-09
     4	8.84590339809e-09	2.1203564499e-09	1.0966259848e-08
     5	7.31226125968e-09	1.74983912068e-09	9.06210038036e-09
     6	6.34490765423e-09	1.51686048449e-09	7.86176813871e-09
     7	1.28492147992e-08	3.07916793272e-09	1.5928382732e-08
     8	1.0536680351e-08	2.52102593755e-09	1.30577062885e-08
     9	9.0822830259e-09	2.17098154713e-09	1.1253264573e-08

Measurement: t_ro98
  step	t_ro98	FROM	TO
     1	5.96218393253e-09	1.43549091304e-09	7.39767484557e-09
     2	5.07852148602e-09	1.22014215892e-09	6.29866364494e-09
     3	4.50823960631e-09	1.08177280561e-09	5.59001241192e-09
     4	8.22996010718e-09	1.98558040362e-09	1.02155405108e-08
     5	6.88949705483e-09	1.65756376842e-09	8.54706082324e-09
     6	6.03287056225e-09	1.44955099338e-09	7.48242155563e-09
     7	1.17956160285e-08	2.84896838355e-09	1.46445844121e-08
     8	9.7989488919e-09	2.36003687679e-09	1.21589857687e-08
     9	8.52690568745e-09	2.05091760322e-09	1.05778232907e-08

Measurement: t_ro99
  step	t_ro99	FROM	TO
     1	5.73556771602e-09	1.37767779843e-09	7.11324551445e-09
     2	4.92680605082e-09	1.18247237747e-09	6.10927842829e-09
     3	4.39792009911e-09	1.05489401814e-09	5.45281411725e-09
     4	7.85354814987e-09	1.88720819956e-09	9.74075634942e-09
     5	6.63446827156e-09	1.59271673083e-09	8.22718500239e-09
     6	5.84625503288e-09	1.40258988297e-09	7.24884491585e-09
     7	1.11833786504e-08	2.68769749441e-09	1.38710761448e-08
     8	9.37839098752e-09	2.25198720568e-09	1.16303781932e-08
     9	8.21501445381e-09	1.9713775854e-09	1.01863920392e-08

Measurement: t_ro100
  step	t_ro100	FROM	TO
     1	5.74372103965e-09	1.37475106958e-09	7.11847210924e-09
     2	4.9274345552e-09	1.17810136213e-09	6.10553591733e-09
     3	4.39625846957e-09	1.05061462151e-09	5.44687309108e-09
     4	7.85334849656e-09	1.87949645975e-09	9.73284495631e-09
     5	6.62916060166e-09	1.58488878326e-09	8.21404938492e-09
     6	5.84066147594e-09	1.39569654753e-09	7.23635802346e-09
     7	1.11789958735e-08	2.6747332206e-09	1.38537290941e-08
     8	9.36679647031e-09	2.23887745235e-09	1.16056739227e-08
     9	8.20294039012e-09	1.95954759099e-09	1.01624879811e-08

Measurement: t_ro101
  step	t_ro101	FROM	TO
     1	5.87093168119e-09	1.42094047697e-09	7.29187215816e-09
     2	5.01127501338e-09	1.2103589842e-09	6.22163399757e-09
     3	4.46224235779e-09	1.07647255578e-09	5.53871491358e-09
     4	8.08090116069e-09	1.95905624884e-09	1.00399574095e-08
     5	6.7840372537e-09	1.64106012116e-09	8.42509737486e-09
     6	5.95418855058e-09	1.43831494279e-09	7.39250349336e-09
     7	1.15582242436e-08	2.80453511037e-09	1.4362759354e-08
     8	9.62789582157e-09	2.33120252251e-09	1.19590983441e-08
     9	8.39712477907e-09	2.03039215161e-09	1.04275169307e-08

Measurement: t_ro102
  step	t_ro102	FROM	TO
     1	5.99379459225e-09	1.44401265013e-09	7.43780724237e-09
     2	5.10155256236e-09	1.22731414763e-09	6.32886670998e-09
     3	4.51984928534e-09	1.08562434542e-09	5.60547363076e-09
     4	8.2847106497e-09	1.99755006379e-09	1.02822607135e-08
     5	6.92059783678e-09	1.66638239078e-09	8.58698022755e-09
     6	6.05366412564e-09	1.45580002966e-09	7.5094641553e-09
     7	1.18908576075e-08	2.8681499369e-09	1.47590075444e-08
     8	9.85593768004e-09	2.3745796897e-09	1.22305173697e-08
     9	8.5665992476e-09	2.06160451591e-09	1.06282037635e-08

Measurement: t_ro103
  step	t_ro103	FROM	TO
     1	6.16334319034e-09	1.47627083482e-09	7.63961402515e-09
     2	5.21593069938e-09	1.24718871298e-09	6.46311941236e-09
     3	4.61333346725e-09	1.10226278431e-09	5.71559625156e-09
     4	8.58438829909e-09	2.05617817618e-09	1.06405664753e-08
     5	7.1364635084e-09	1.70666768443e-09	8.84313119283e-09
     6	6.21911077101e-09	1.48606071935e-09	7.70517149037e-09
     7	1.23861442009e-08	2.96599358328e-09	1.53521377841e-08
     8	1.02173129392e-08	2.44298151626e-09	1.26602944555e-08
     9	8.84617667607e-09	2.11326760198e-09	1.09594442781e-08

Measurement: t_ro104
  step	t_ro104	FROM	TO
     1	5.69518699066e-09	1.36296721523e-09	7.05815420588e-09
     2	4.90070012473e-09	1.17169359513e-09	6.07239371986e-09
     3	4.38024899301e-09	1.04673091534e-09	5.42697990835e-09
     4	7.75798872811e-09	1.85653365497e-09	9.61452238308e-09
     5	6.57197580896e-09	1.57089900221e-09	8.14287481118e-09
     6	5.8018652321e-09	1.38619229322e-09	7.18805752532e-09
     7	1.10185391356e-08	2.63620087165e-09	1.36547400073e-08
     8	9.27059669716e-09	2.21583558815e-09	1.14864322853e-08
     9	8.13666509651e-09	1.9436242773e-09	1.00802893738e-08

Measurement: t_ro105
  step	t_ro105	FROM	TO
     1	6.06270501114e-09	1.45818433131e-09	7.52088934244e-09
     2	5.13992753417e-09	1.23474136647e-09	6.37466890064e-09
     3	4.54922393938e-09	1.09189686024e-09	5.64112079962e-09
     4	8.4294130029e-09	2.02894238907e-09	1.0458355392e-08
     5	7.01926475569e-09	1.687647573e-09	8.7069123287e-09
     6	6.12443321493e-09	1.47148066882e-09	7.59591388375e-09
     7	1.21552930671e-08	2.92692206326e-09	1.50822151303e-08
     8	1.00400109358e-08	2.41539812803e-09	1.24554090638e-08
     9	8.70302596415e-09	2.09245635317e-09	1.07954823173e-08

Measurement: t_ro106
  step	t_ro106	FROM	TO
     1	6.00826786817e-09	1.44053601651e-09	7.44880388468e-09
     2	5.12000267269e-09	1.22670809161e-09	6.3467107643e-09
     3	4.53941895242e-09	1.08650868518e-09	5.6259276376e-09
     4	8.29977489352e-09	1.99045346022e-09	1.02902283537e-08
     5	6.95410542709e-09	1.66607156962e-09	8.6201769967e-09
     6	6.08810172878e-09	1.45755018133e-09	7.54565191012e-09
     7	1.19152548364e-08	2.85731786715e-09	1.47725727036e-08
     8	9.91140523302e-09	2.3746293534e-09	1.22860345864e-08
     9	8.62516735696e-09	2.06502539457e-09	1.06901927515e-08

Measurement: t_ro107
  step	t_ro107	FROM	TO
     1	5.96394065607e-09	1.43225688174e-09	7.39619753781e-09
     2	5.08160154572e-09	1.21898535383e-09	6.30058689955e-09
     3	4.51165673473e-09	1.08109457372e-09	5.59275130845e-09
     4	8.23951025206e-09	1.97932308829e-09	1.02188333403e-08
     5	6.90111299189e-09	1.65593549878e-09	8.55704849067e-09
     6	6.04432719391e-09	1.44922856811e-09	7.49355576203e-09
     7	1.1817997779e-08	2.83930255355e-09	1.46573003325e-08
     8	9.82523173757e-09	2.35827510827e-09	1.21835068458e-08
     9	8.55190617874e-09	2.05133943295e-09	1.06032456117e-08

Measurement: t_ro108
  step	t_ro108	FROM	TO
     1	6.45190346275e-09	1.55137075357e-09	8.00327421632e-09
     2	5.41119991964e-09	1.29734893862e-09	6.70854885827e-09
     3	4.74775015999e-09	1.13647323588e-09	5.88422339586e-09
     4	9.13755030518e-09	2.19827704215e-09	1.13358273473e-08
     5	7.50962232633e-09	1.80158652315e-09	9.31120884948e-09
     6	6.49020113934e-09	1.55460082909e-09	8.04480196843e-09
     7	1.3344631192e-08	3.21010855565e-09	1.65547397477e-08
     8	1.08750056938e-08	2.60938174423e-09	1.3484387438e-08
     9	9.33447514977e-09	2.23614418004e-09	1.15706193298e-08

Measurement: t_ro109
  step	t_ro109	FROM	TO
     1	6.22615099814e-09	1.4908372119e-09	7.71698821005e-09
     2	5.26332525072e-09	1.25810919896e-09	6.52143444968e-09
     3	4.64000010951e-09	1.10848443783e-09	5.74848454733e-09
     4	8.72129297326e-09	2.08817586952e-09	1.08094688428e-08
     5	7.23038535248e-09	1.72808279273e-09	8.95846814521e-09
     6	6.28708625329e-09	1.50137956678e-09	7.78846582008e-09
     7	1.26355516073e-08	3.02425096009e-09	1.56598025674e-08
     8	1.03924058797e-08	2.48346368121e-09	1.28758695609e-08
     9	8.97682860547e-09	2.14339601902e-09	1.11202246245e-08

Measurement: t_ro110
  step	t_ro110	FROM	TO
     1	5.64808652134e-09	1.35299697089e-09	7.00108349223e-09
     2	4.86740759615e-09	1.16543775325e-09	6.0328453494e-09
     3	4.35349162608e-09	1.0427736453e-09	5.39626527138e-09
     4	7.67365331204e-09	1.83808846985e-09	9.51174178189e-09
     5	6.50951071809e-09	1.55846399552e-09	8.0679747136e-09
     6	5.75244552263e-09	1.37742144318e-09	7.12986696581e-09
     7	1.08688275063e-08	2.60311743027e-09	1.34719449366e-08
     8	9.15649176802e-09	2.19182780472e-09	1.13483195727e-08
     9	8.04551043989e-09	1.92619536983e-09	9.97170580972e-09

Measurement: t_ro111
  step	t_ro111	FROM	TO
     1	6.02934742472e-09	1.44094172507e-09	7.47028914978e-09
     2	5.1237431479e-09	1.22282270319e-09	6.34656585109e-09
     3	4.5415481671e-09	1.08371600617e-09	5.62526417327e-09
     4	8.34172513889e-09	1.99226253153e-09	1.03339876704e-08
     5	6.96480971036e-09	1.66159745746e-09	8.62640716782e-09
     6	6.08761718536e-09	1.45164037679e-09	7.53925756215e-09
     7	1.19774132157e-08	2.85812218988e-09	1.48355354056e-08
     8	9.92171420976e-09	2.36533137535e-09	1.22870455851e-08
     9	8.61820391511e-09	2.05380682618e-09	1.06720107413e-08

Measurement: t_ro112
  step	t_ro112	FROM	TO
     1	5.79080932577e-09	1.38356666584e-09	7.17437599161e-09
     2	4.960000203e-09	1.18426067359e-09	6.14426087659e-09
     3	4.42842635528e-09	1.05634787591e-09	5.48477423118e-09
     4	7.9315181514e-09	1.89449591283e-09	9.82601406422e-09
     5	6.69118480459e-09	1.59652295519e-09	8.28770775977e-09
     6	5.8890851768e-09	1.40442423319e-09	7.29350941e-09
     7	1.13073967269e-08	2.70002632781e-09	1.40074230548e-08
     8	9.46907512871e-09	2.25882900219e-09	1.17279041309e-08
     9	8.28448562245e-09	1.97513482353e-09	1.0259620446e-08

Measurement: t_ro113
  step	t_ro113	FROM	TO
     1	6.25393622149e-09	1.5023263044e-09	7.75626252589e-09
     2	5.27999986396e-09	1.26603192812e-09	6.54603179208e-09
     3	4.65617018622e-09	1.11500170256e-09	5.77117188879e-09
     4	8.78179095992e-09	2.10972431917e-09	1.08915152791e-08
     5	7.27077933578e-09	1.74400799842e-09	9.0147873342e-09
     6	6.31559468862e-09	1.51308953646e-09	7.82868422508e-09
     7	1.27433295465e-08	3.06140904124e-09	1.58047385878e-08
     8	1.04678336376e-08	2.51110725328e-09	1.29789408909e-08
     9	9.03277555451e-09	2.16436632955e-09	1.11971418841e-08

Measurement: t_ro114
  step	t_ro114	FROM	TO
     1	5.92000015895e-09	1.41993880614e-09	7.3399389651e-09
     2	5.05620033265e-09	1.20879260649e-09	6.26499293914e-09
     3	4.48849800608e-09	1.07186915643e-09	5.56036716251e-09
     4	8.18428832993e-09	1.96200117171e-09	1.01462895016e-08
     5	6.85772994903e-09	1.64027899237e-09	8.4980089414e-09
     6	6.00972862879e-09	1.43518889862e-09	7.4449175274e-09
     7	1.17336333408e-08	2.81222894145e-09	1.45458622822e-08
     8	9.75531185889e-09	2.33311247379e-09	1.20884243327e-08
     9	8.49524753067e-09	2.02873062638e-09	1.0523978157e-08

Measurement: t_ro115
  step	t_ro115	FROM	TO
     1	6.10992594933e-09	1.46090534138e-09	7.57083129072e-09
     2	5.16474646247e-09	1.233687818e-09	6.39843428047e-09
     3	4.56460385124e-09	1.09008511187e-09	5.65468896312e-09
     4	8.53686136734e-09	2.0405114779e-09	1.05773728452e-08
     5	7.07651825243e-09	1.69020397813e-09	8.76672223056e-09
     6	6.16239542357e-09	1.4713447449e-09	7.63374016847e-09
     7	1.23223987151e-08	2.94442752512e-09	1.52668262402e-08
     8	1.01308417783e-08	2.41908055745e-09	1.25499223358e-08
     9	8.76268647589e-09	2.09153308515e-09	1.0854219561e-08

Measurement: t_ro116
  step	t_ro116	FROM	TO
     1	6.05982497745e-09	1.4487029637e-09	7.50852794115e-09
     2	5.11998611508e-09	1.22465867895e-09	6.34464479403e-09
     3	4.55298146867e-09	1.08729719333e-09	5.64027866199e-09
     4	8.36806045013e-09	2.00058421453e-09	1.03686446647e-08
     5	6.97888289058e-09	1.66677578138e-09	8.64565867195e-09
     6	6.09821137664e-09	1.4556372833e-09	7.55384865994e-09
     7	1.2006203835e-08	2.86926298693e-09	1.4875466822e-08
     8	9.93716576471e-09	2.37246890538e-09	1.23096346701e-08
     9	8.62912015975e-09	2.05903183084e-09	1.06881519906e-08

Measurement: t_ro117
  step	t_ro117	FROM	TO
     1	6.20953224143e-09	1.49399125442e-09	7.70352349586e-09
     2	5.24251873563e-09	1.26017868106e-09	6.50269741669e-09
     3	4.63999620736e-09	1.11383570333e-09	5.75383191069e-09
     4	8.69390942364e-09	2.09313787082e-09	1.07870472945e-08
     5	7.2010191877e-09	1.73269369688e-09	8.93371288458e-09
     6	6.26143441819e-09	1.50538862696e-09	7.76682304515e-09
     7	1.25992643227e-08	3.03462500256e-09	1.56338893252e-08
     8	1.03553088587e-08	2.49226479692e-09	1.28475736556e-08
     9	8.94186468986e-09	2.15087578242e-09	1.10927404723e-08

Measurement: t_ro118
  step	t_ro118	FROM	TO
     1	6.68071267718e-09	1.60087757658e-09	8.28159025375e-09
     2	5.47665848667e-09	1.31062706289e-09	6.78728554955e-09
     3	4.7717691681e-09	1.14210309441e-09	5.91387226251e-09
     4	9.64438188212e-09	2.31051583155e-09	1.19548977137e-08
     5	7.68963294144e-09	1.8403005466e-09	9.52993348804e-09
     6	6.56559685331e-09	1.57043382274e-09	8.13603067606e-09
     7	1.41899348644e-08	3.39801832549e-09	1.75879531898e-08
     8	1.11929279082e-08	2.67776109298e-09	1.38706890012e-08
     9	9.47515605462e-09	2.26562696501e-09	1.17407830196e-08

Measurement: t_ro119
  step	t_ro119	FROM	TO
     1	6.03031035167e-09	1.44699474322e-09	7.47730509488e-09
     2	5.12000115197e-09	1.22776414853e-09	6.34776530049e-09
     3	4.53142520683e-09	1.08563100003e-09	5.61705620685e-09
     4	8.35006400997e-09	2.00410955138e-09	1.03541735614e-08
     5	6.96033523789e-09	1.66870840935e-09	8.62904364724e-09
     6	6.08000257387e-09	1.45706884805e-09	7.53707142193e-09
     7	1.19932901667e-08	2.87858064728e-09	1.4871870814e-08
     8	9.92045672241e-09	2.37853966477e-09	1.22989963872e-08
     9	8.61124371364e-09	2.06330771209e-09	1.06745514257e-08

Measurement: t_ro120
  step	t_ro120	FROM	TO
     1	6.31191720733e-09	1.5173807238e-09	7.82929793113e-09
     2	5.3154838107e-09	1.27590417669e-09	6.59138798739e-09
     3	4.68421045183e-09	1.12316149444e-09	5.80737194626e-09
     4	8.87055340714e-09	2.13302773807e-09	1.10035811452e-08
     5	7.33085129363e-09	1.76065410195e-09	9.09150539558e-09
     6	6.35947464012e-09	1.52583039175e-09	7.88530503187e-09
     7	1.28892482643e-08	3.09960381908e-09	1.59888520833e-08
     8	1.05658354785e-08	2.53807982729e-09	1.31039153058e-08
     9	9.10548724676e-09	2.18546419547e-09	1.12909514422e-08

Measurement: t_ro121
  step	t_ro121	FROM	TO
     1	5.73372865508e-09	1.37555230326e-09	7.10928095834e-09
     2	4.92607583427e-09	1.1802616452e-09	6.10633747946e-09
     3	4.400436156e-09	1.05390911564e-09	5.45434527165e-09
     4	7.83988659973e-09	1.88106285406e-09	9.7209494538e-09
     5	6.63312549935e-09	1.58981293807e-09	8.22293843741e-09
     6	5.84896130632e-09	1.40088437703e-09	7.24984568335e-09
     7	1.11614281184e-08	2.67860549226e-09	1.38400336107e-08
     8	9.37742123577e-09	2.24785831786e-09	1.16252795536e-08
     9	8.22086641302e-09	1.96917212795e-09	1.0190038541e-08

Measurement: t_ro122
  step	t_ro122	FROM	TO
     1	5.83185655074e-09	1.39360340793e-09	7.22545995866e-09
     2	4.99637808979e-09	1.19340937015e-09	6.18978745994e-09
     3	4.44935560566e-09	1.06238572264e-09	5.5117413283e-09
     4	7.98288873826e-09	1.9072694357e-09	9.89015817396e-09
     5	6.72750267054e-09	1.6062539942e-09	8.33375666474e-09
     6	5.9196101731e-09	1.41207975942e-09	7.33168993252e-09
     7	1.13759469178e-08	2.7168921947e-09	1.40928391125e-08
     8	9.52009677886e-09	2.27236059929e-09	1.17924573781e-08
     9	8.32342093846e-09	1.98617843657e-09	1.0309599375e-08

Measurement: t_ro123
  step	t_ro123	FROM	TO
     1	6.31227916501e-09	1.51595912961e-09	7.82823829463e-09
     2	5.31007043968e-09	1.27422600679e-09	6.58429644647e-09
     3	4.6804196486e-09	1.12270838947e-09	5.80312803806e-09
     4	8.83470829339e-09	2.12250290895e-09	1.09572112023e-08
     5	7.30097359666e-09	1.75240993089e-09	9.05338352756e-09
     6	6.33656500868e-09	1.52058912489e-09	7.85715413357e-09
     7	1.27937528763e-08	3.07379521506e-09	1.58675480913e-08
     8	1.0488044442e-08	2.51773340051e-09	1.30057778425e-08
     9	9.04313070685e-09	2.17029433603e-09	1.12134250429e-08

Measurement: t_ro124
  step	t_ro124	FROM	TO
     1	5.91825304145e-09	1.41911455641e-09	7.33736759787e-09
     2	5.04551967681e-09	1.20715769476e-09	6.25267737157e-09
     3	4.48000177837e-09	1.07157030043e-09	5.5515720788e-09
     4	8.1603581116e-09	1.95755810449e-09	1.01179162161e-08
     5	6.84178292417e-09	1.63722660861e-09	8.47900953278e-09
     6	5.99738239789e-09	1.43369682283e-09	7.43107922072e-09
     7	1.16926624519e-08	2.80317198506e-09	1.4495834437e-08
     8	9.7262612629e-09	2.32721801084e-09	1.20534792737e-08
     9	8.47239833803e-09	2.025084558e-09	1.0497482896e-08

Measurement: t_ro125
  step	t_ro125	FROM	TO
     1	5.91167497206e-09	1.41804828236e-09	7.32972325442e-09
     2	5.04626800499e-09	1.20852933875e-09	6.25479734374e-09
     3	4.48868767284e-09	1.07410577561e-09	5.56279344845e-09
     4	8.11611006886e-09	1.94716100786e-09	1.00632710767e-08
     5	6.82523634109e-09	1.63491063911e-09	8.4601469802e-09
     6	5.99212402589e-09	1.43414270233e-09	7.42626672822e-09
     7	1.16017337763e-08	2.78330854182e-09	1.43850423181e-08
     8	9.68842903607e-09	2.32079757842e-09	1.20092266145e-08
     9	8.45664282715e-09	2.02392137361e-09	1.04805642008e-08

Measurement: t_ro126
  step	t_ro126	FROM	TO
     1	5.89661618545e-09	1.41258457077e-09	7.30920075622e-09
     2	5.03032851992e-09	1.20407648131e-09	6.23440500123e-09
     3	4.47210899488e-09	1.06973825664e-09	5.54184725151e-09
     4	8.12429678316e-09	1.94634655176e-09	1.00706433349e-08
     5	6.80822399274e-09	1.62987344387e-09	8.43809743661e-09
     6	5.97177443597e-09	1.42894566832e-09	7.40072010429e-09
     7	1.16125222528e-08	2.78173576278e-09	1.43942580155e-08
     8	9.65387733204e-09	2.31135611359e-09	1.19652334456e-08
     9	8.41451550159e-09	2.01397221031e-09	1.04284877119e-08

Measurement: t_ro127
  step	t_ro127	FROM	TO
     1	5.82726477475e-09	1.39282725695e-09	7.22009203171e-09
     2	4.99097361601e-09	1.19170139515e-09	6.18267501117e-09
     3	4.45072649637e-09	1.06201493453e-09	5.51274143091e-09
     4	7.97163559646e-09	1.90524844271e-09	9.87688403917e-09
     5	6.72234304023e-09	1.60516517675e-09	8.32750821698e-09
     6	5.91823253931e-09	1.41160384609e-09	7.3298363854e-09
     7	1.13541101863e-08	2.71280660741e-09	1.40669167937e-08
     8	9.510117106e-09	2.26997923777e-09	1.17800963438e-08
     9	8.31956590114e-09	1.98417051212e-09	1.03037364133e-08

Measurement: freq_ro0
  step	{80/t_ro0}
     1	13268281227.3
     2	15624979678.1
     3	17614112084.2
     4	9562242530.36
     5	11452271815.9
     6	13104946404.3
     7	6644595347.36
     8	8019084979.34
     9	9234202508.4

Measurement: freq_ro1
  step	{80/t_ro1}
     1	12682344776
     2	15088866144.3
     3	17124852164.7
     4	9031724779.62
     5	10941403192.4
     6	12615600237.3
     7	6219992747.19
     8	7596612060.02
     9	8817946912.65

Measurement: freq_ro2
  step	{80/t_ro2}
     1	14044561320.3
     2	16312292229.6
     3	18256331414.8
     4	10315290839.7
     5	12170511350.2
     6	13785604158.4
     7	7270725321.77
     8	8636937228.26
     9	9838254833.47

Measurement: freq_ro3
  step	{80/t_ro3}
     1	12669844915.3
     2	15043242437.7
     3	17075722632.6
     4	9040037821.23
     5	10930848629.7
     6	12591961754.1
     7	6234158003.21
     8	7598766634.64
     9	8811746286

Measurement: freq_ro4
  step	{80/t_ro4}
     1	13288023594.2
     2	15624989109.9
     3	17623524719.6
     4	9574555132.93
     5	11460132806.5
     6	13107480944.8
     7	6656507676.73
     8	8028460300.91
     9	9240505710.56

Measurement: freq_ro5
  step	{80/t_ro5}
     1	14224367786.9
     2	16521837010.8
     3	18452205396.4
     4	10411100127.9
     5	12294499987.8
     6	13914123926.5
     7	7336848123.28
     8	8728873222.69
     9	9939508786.16

Measurement: freq_ro6
  step	{80/t_ro6}
     1	12384158506.2
     2	14803903739.5
     3	16887963964.3
     4	8748465709.45
     5	10684757183.6
     6	12380634274.1
     7	5994720213.22
     8	7386625046.31
     9	8620307030.16

Measurement: freq_ro7
  step	{80/t_ro7}
     1	13413730832.4
     2	15716008374.9
     3	17715043932.5
     4	9721042743.67
     5	11591553719.4
     6	13227182880.1
     7	6781829299.2
     8	8146022743.3
     9	9352826743.68

Measurement: freq_ro8
  step	{80/t_ro8}
     1	13535495010.7
     2	15899797701.3
     3	17894382465.5
     4	9806498923.83
     5	11721177307.9
     6	13376697150.5
     7	6843526566.1
     8	8245733874.07
     9	9471524728.77

Measurement: freq_ro9
  step	{80/t_ro9}
     1	13025355142.8
     2	15370762881.7
     3	17395215373.4
     4	9380256782.63
     5	11274611389.1
     6	12934885513.7
     7	6509129130.24
     8	7883999658.08
     9	9102758678.73

Measurement: freq_ro10
  step	{80/t_ro10}
     1	13158120227.9
     2	15533385350.8
     3	17544405375.5
     4	9521637140.21
     5	11441858901.8
     6	13112093857.4
     7	6631760564.71
     8	8033025674.56
     9	9264351019.65

Measurement: freq_ro11
  step	{80/t_ro11}
     1	13333481438.3
     2	15624973713.1
     3	17628509848.2
     4	9664696097.79
     5	11529573308.5
     6	13164385286.3
     7	6738974739.31
     8	8098184452.36
     9	9302787292.7

Measurement: freq_ro12
  step	{80/t_ro12}
     1	13541017433.4
     2	15908252503.2
     3	17896231733
     4	9798355959.95
     5	11708447496.2
     6	13362484189.9
     7	6837554830.44
     8	8235649151.17
     9	9459325918.62

Measurement: freq_ro13
  step	{80/t_ro13}
     1	12273705109.5
     2	14705906445.2
     3	16750775708.4
     4	8689400591.38
     5	10612882063.5
     6	12301149023.3
     7	5959060324.16
     8	7341028903.42
     9	8569615085.81

Measurement: freq_ro14
  step	{80/t_ro14}
     1	13063215430.6
     2	15478449791.1
     3	17514118393.8
     4	9315906619.84
     5	11260755236.1
     6	12946695546.6
     7	6434509378.28
     8	7844322427
     9	9081495755.53

Measurement: freq_ro15
  step	{80/t_ro15}
     1	12781366613.5
     2	15151517876.4
     3	17215948017.1
     4	9111169980.71
     5	11019832780.2
     6	12690014735.4
     7	6287971089.83
     8	7667468972.05
     9	8889357114.38

Measurement: freq_ro16
  step	{80/t_ro16}
     1	14285714349.9
     2	16567366634.2
     3	18502150050.5
     4	10540552720.5
     5	12407647927.6
     6	14022234712.6
     7	7454610479.85
     8	8837491323.89
     9	10045714437.5

Measurement: freq_ro17
  step	{80/t_ro17}
     1	13037636574.1
     2	15405753536.4
     3	17427314142.6
     4	9339863574.68
     5	11245537096.8
     6	12910474282.4
     7	6462787397.43
     8	7844685963.6
     9	9066519725.19

Measurement: freq_ro18
  step	{80/t_ro18}
     1	12103493594.4
     2	14564109867.9
     3	16666716072.5
     4	8458141460.44
     5	10401313207.7
     6	12105985241.8
     7	5755140695.92
     8	7140845361.74
     9	8373573651.19

Measurement: freq_ro19
  step	{80/t_ro19}
     1	13455151284.3
     2	15776575766.6
     3	17771130799.7
     4	9738125571.8
     5	11620236092
     6	13262876913
     7	6789078461.67
     8	8160530416.3
     9	9372950144.31

Measurement: freq_ro20
  step	{80/t_ro20}
     1	12724820767
     2	15122073111.6
     3	17173255770.8
     4	9038967367.69
     5	10954032065.6
     6	12627980547.4
     7	6220388239.21
     8	7602284783.25
     9	8824791119.69

Measurement: freq_ro21
  step	{80/t_ro21}
     1	13754651456.3
     2	16069702835.1
     3	18033320094.9
     4	10014406092.3
     5	11906078172.9
     6	13541718390.9
     7	7021046268.23
     8	8413303618.31
     9	9629946055.52

Measurement: freq_ro22
  step	{80/t_ro22}
     1	13038588515.4
     2	15379970698.2
     3	17388808674.8
     4	9367979106.96
     5	11247500785.6
     6	12897667579.4
     7	6490958735.59
     8	7852791438.15
     9	9062299324.74

Measurement: freq_ro23
  step	{80/t_ro23}
     1	13602120264.7
     2	15942504078.6
     3	17857133545.5
     4	9929037140.7
     5	11831916225
     6	13481219027.2
     7	6965424421.9
     8	8365394596.09
     9	9590839720.18

Measurement: freq_ro24
  step	{80/t_ro24}
     1	12997094075.8
     2	15374261593.5
     3	17391243991.8
     4	9281666122.78
     5	11189854288.1
     6	12853685325.7
     7	6416452511.35
     8	7798437901.85
     9	9018858982.91

Measurement: freq_ro25
  step	{80/t_ro25}
     1	13513513422.4
     2	15828096540
     3	17817646296.8
     4	9794877882.67
     5	11674843934.9
     6	13314302147.2
     7	6841778863.6
     8	8216039379.46
     9	9427315499.56

Measurement: freq_ro26
  step	{80/t_ro26}
     1	12446061415.5
     2	14835619789.3
     3	16890484887.1
     4	8839012385.38
     5	10742979378
     6	12420123980
     7	6069973007.31
     8	7438851000.71
     9	8658470873.47

Measurement: freq_ro27
  step	{80/t_ro27}
     1	13645734401.2
     2	15967515739.9
     3	17939690265
     4	9939349944.05
     5	11823638343.8
     6	13462971870.3
     7	6958991780.15
     8	8339315291.55
     9	9553623215.17

Measurement: freq_ro28
  step	{80/t_ro28}
     1	12920138001.7
     2	15266366184.5
     3	17241378614.8
     4	9263886217.81
     5	11146498857.5
     6	12800818491.3
     7	6409857844.77
     8	7772094671.53
     9	8982665628.86

Measurement: freq_ro29
  step	{80/t_ro29}
     1	13684977607.8
     2	15993156174.6
     3	17959817512.4
     4	9959187103.67
     5	11835584383.5
     6	13469320327.9
     7	6969801666.29
     8	8344060456.89
     9	9554040121.68

Measurement: freq_ro30
  step	{80/t_ro30}
     1	13679509047.5
     2	16003463200.1
     3	17942333499.8
     4	9989998625.15
     5	11860333138.7
     6	13488843945.9
     7	7009144279.3
     8	8380616785.6
     9	9586313103.11

Measurement: freq_ro31
  step	{80/t_ro31}
     1	13157890873.8
     2	15479498293.9
     3	17475591202.5
     4	9485972237.28
     5	11352974999.9
     6	12993833003.9
     7	6588669139.38
     8	7943933038.66
     9	9148349847.74

Measurement: freq_ro32
  step	{80/t_ro32}
     1	12666116136.4
     2	15151515761.5
     3	17214452079.4
     4	8943935127.19
     5	10925100458.7
     6	12636576103.1
     7	6142537093.62
     8	7573668583.42
     9	8826678108.51

Measurement: freq_ro33
  step	{80/t_ro33}
     1	13702517030.3
     2	16044523595.4
     3	17985020694.3
     4	9954032758.4
     5	11836363774.5
     6	13470064037.5
     7	6970629077.9
     8	8350510827.99
     9	9561285460.89

Measurement: freq_ro34
  step	{80/t_ro34}
     1	13446365341.8
     2	15793060091.9
     3	17778585146.4
     4	9705883572.23
     5	11604358939.3
     6	13251605554.9
     7	6762725762.08
     8	8149149727.9
     9	9366271490.25

Measurement: freq_ro35
  step	{80/t_ro35}
     1	12955144924.9
     2	15332734707.9
     3	17355737959.5
     4	9280882194.27
     5	11193374138.5
     6	12861505125.9
     7	6420646849.6
     8	7806799509
     9	9031061892.73

Measurement: freq_ro36
  step	{80/t_ro36}
     1	14565288708
     2	16830434655.7
     3	18749941894.3
     4	10718163905.4
     5	12597390358.3
     6	14213052104.5
     7	7582458905.83
     8	8978194161.99
     9	10189337333.4

Measurement: freq_ro37
  step	{80/t_ro37}
     1	12892893305.6
     2	15301123113.7
     3	17334018441.5
     4	9175435625.9
     5	11111098695.4
     6	12786598232.3
     7	6329992604.73
     8	7728658955.88
     9	8959838510.41

Measurement: freq_ro38
  step	{80/t_ro38}
     1	14285714574.9
     2	16555427771.1
     3	18518465984.5
     4	10548583648.2
     5	12402204661.7
     6	14008071094.9
     7	7465261194.82
     8	8838278195.57
     9	10038759958

Measurement: freq_ro39
  step	{80/t_ro39}
     1	13122938580.4
     2	15460983214.4
     3	17455274960.8
     4	9449024642.44
     5	11338962423.2
     6	12991944154.8
     7	6565801964.17
     8	7940442005.09
     9	9156410733.38

Measurement: freq_ro40
  step	{80/t_ro40}
     1	13015434859.7
     2	15384705443.7
     3	17414332944.8
     4	9305864720.75
     5	11216530065.3
     6	12882149830.6
     7	6438649630.13
     8	7823186653.93
     9	9045096007.47

Measurement: freq_ro41
  step	{80/t_ro41}
     1	13484525160.1
     2	15796532510.6
     3	17781333213.5
     4	9768330135.13
     5	11645138218.1
     6	13282232098.9
     7	6820776113.4
     8	8192752699.99
     9	9401969811.63

Measurement: freq_ro42
  step	{80/t_ro42}
     1	13467711393.5
     2	15772844923.3
     3	17783193100.4
     4	9760774131.92
     5	11641670820.1
     6	13282455853.2
     7	6813905114.24
     8	8187682778.17
     9	9399565583.74

Measurement: freq_ro43
  step	{80/t_ro43}
     1	13121509814.2
     2	15475627309.1
     3	17476375523.7
     4	9413541106.97
     5	11305676850.2
     6	12959801848.2
     7	6521959085.76
     8	7895784818.38
     9	9110809845.9

Measurement: freq_ro44
  step	{80/t_ro44}
     1	13136242987.2
     2	15488176708.8
     3	17481277994.3
     4	9451415097.75
     5	11350076483.3
     6	13007465588.8
     7	6562957952.73
     8	7943017276.9
     9	9161979914.75

Measurement: freq_ro45
  step	{80/t_ro45}
     1	13465016245
     2	15816447555.7
     3	17813407078.9
     4	9716348542.96
     5	11622762553.3
     6	13274363309.2
     7	6772553220.99
     8	8165134702.01
     9	9387553997.66

Measurement: freq_ro46
  step	{80/t_ro46}
     1	12414752202.1
     2	14868401702.8
     3	16949684683.3
     4	8743703821.57
     5	10706538722.8
     6	12410884177.1
     7	5986766645.6
     8	7395817720.15
     9	8634596121.76

Measurement: freq_ro47
  step	{80/t_ro47}
     1	13156272918.1
     2	15506718224.9
     3	17504381246.2
     4	9454272306.06
     5	11338240477.7
     6	12987650590.1
     7	6557052873.84
     8	7924322259.87
     9	9135845735.98

Measurement: freq_ro48
  step	{80/t_ro48}
     1	13210430015.5
     2	15541767002.3
     3	17543859227
     4	9527486503.73
     5	11408737920.7
     6	13055656746.4
     7	6624744855.98
     8	7992553097.25
     9	9203563203.41

Measurement: freq_ro49
  step	{80/t_ro49}
     1	12389781860.8
     2	14796603973.8
     3	16865162703
     4	8723085797.51
     5	10641408725.5
     6	12327123382.5
     7	5964463548.97
     8	7339859737.5
     9	8563454274.67

Measurement: freq_ro50
  step	{80/t_ro50}
     1	13102357096.5
     2	15426382549.3
     3	17433634522.5
     4	9433923785.58
     5	11313995100.2
     6	12963882538.6
     7	6549264024.44
     8	7915164341.74
     9	9125399118.13

Measurement: freq_ro51
  step	{80/t_ro51}
     1	14106295219.7
     2	16375148090.7
     3	18322465781.6
     4	10342255197
     5	12195156473.8
     6	13815067804
     7	7287035678.5
     8	8659062448
     9	9860697019.7

Measurement: freq_ro52
  step	{80/t_ro52}
     1	13248425463.2
     2	15625017774.2
     3	17600415014.4
     4	9549104728.55
     5	11445687527.1
     6	13098636575.3
     7	6642468290.4
     8	8024991339.32
     9	9242470708.78

Measurement: freq_ro53
  step	{80/t_ro53}
     1	13748691401.7
     2	16070237919.3
     3	18018006877.5
     4	10018154026.1
     5	11900372542.3
     6	13531987571.6
     7	7017016449.04
     8	8396416360.73
     9	9607174154.85

Measurement: freq_ro54
  step	{80/t_ro54}
     1	13380945757.9
     2	15682653416.7
     3	17675934844.3
     4	9697415286.78
     5	11566495165.9
     6	13202649028.4
     7	6765032393.87
     8	8127949126.33
     9	9334337669.17

Measurement: freq_ro55
  step	{80/t_ro55}
     1	12084800463.8
     2	14567242993.7
     3	16666863434.8
     4	8420911116.05
     5	10390873396.9
     6	12111488648
     7	5721582028.88
     8	7128377981.55
     9	8374792064.6

Measurement: freq_ro56
  step	{80/t_ro56}
     1	12571023853.9
     2	14954502244.5
     3	16995463842.8
     4	8960117295.87
     5	10861158746.4
     6	12530409065
     7	6171456158.45
     8	7539061666.71
     9	8756630190.64

Measurement: freq_ro57
  step	{80/t_ro57}
     1	12756655171.8
     2	15151514982.5
     3	17187739304.1
     4	9088418762.92
     5	10986853930.3
     6	12653314653.3
     7	6264090920.47
     8	7635252834.86
     9	8852661398.41

Measurement: freq_ro58
  step	{80/t_ro58}
     1	13312439199.3
     2	15675164853.1
     3	17700817856.9
     4	9568689179.22
     5	11489031735.9
     6	13157604031.5
     7	6644125498.08
     8	8044087387.42
     9	9271742083.96

Measurement: freq_ro59
  step	{80/t_ro59}
     1	13513443878.7
     2	15815565811
     3	17801007087.8
     4	9819426609.01
     5	11692310763.2
     6	13329300687.6
     7	6862236703.39
     8	8232231701.76
     9	9441849950.83

Measurement: freq_ro60
  step	{80/t_ro60}
     1	13176137339.9
     2	15593822432.7
     3	17597793560.1
     4	9445084545.2
     5	11377202509
     6	13053116470.3
     7	6550815545.79
     8	7956890313.27
     9	9190613342.07

Measurement: freq_ro61
  step	{80/t_ro61}
     1	13096331136.8
     2	15444254232
     3	17453990039.7
     4	9406846971.7
     5	11296868864.8
     6	12951494984.9
     7	6522877247.4
     8	7895193400.85
     9	9110353718.36

Measurement: freq_ro62
  step	{80/t_ro62}
     1	14074587314.4
     2	16323178899.4
     3	18258750464.7
     4	10348955227.7
     5	12194263752.2
     6	13796902421.5
     7	7301322166.57
     8	8659273577.89
     9	9854529544.73

Measurement: freq_ro63
  step	{80/t_ro63}
     1	12820507429.4
     2	15174362327.8
     3	17241219741.1
     4	9169995275.68
     5	11067840802.6
     6	12728725217.6
     7	6336156732.76
     8	7709626449.09
     9	8926373488.21

Measurement: freq_ro64
  step	{80/t_ro64}
     1	13618726141.8
     2	15941822316.7
     3	17903686227.6
     4	9882703036.51
     5	11757446760.8
     6	13393479314.9
     7	6904438135.04
     8	8275407292.68
     9	9484762185.04

Measurement: freq_ro65
  step	{80/t_ro65}
     1	14042693610.6
     2	16322073574.7
     3	18250742107
     4	10302240050.2
     5	12156068636
     6	13768317809
     7	7254790123.23
     8	8620433484.97
     9	9818855932.62

Measurement: freq_ro66
  step	{80/t_ro66}
     1	12872305329.5
     2	15278418951.2
     3	17330338835.9
     4	9161989820.03
     5	11093078868.1
     6	12779206044.6
     7	6312341534.22
     8	7708576875.57
     9	8942603762.8

Measurement: freq_ro67
  step	{80/t_ro67}
     1	14047101137.3
     2	16342351405
     3	18298617716.7
     4	10286629999.5
     5	12172613484.2
     6	13798642044.3
     7	7244112609.74
     8	8635418857.83
     9	9847761353.46

Measurement: freq_ro68
  step	{80/t_ro68}
     1	13174379581.6
     2	15543524467.8
     3	17539259529.1
     4	9498169916.09
     5	11391003976.5
     6	13044815042.6
     7	6601877395.68
     8	7978760919.15
     9	9195214173.11

Measurement: freq_ro69
  step	{80/t_ro69}
     1	13591276913.8
     2	15922180393.6
     3	17895174022.1
     4	9882446436.15
     5	11759220791.7
     6	13397874070.8
     7	6907955105.83
     8	8279873092.79
     9	9490640558.85

Measurement: freq_ro70
  step	{80/t_ro70}
     1	12833757487.8
     2	15220679916.6
     3	17262985310.8
     4	9152555774.73
     5	11071652372.5
     6	12746520354.3
     7	6313507126.83
     8	7700353813.21
     9	8926193284

Measurement: freq_ro71
  step	{80/t_ro71}
     1	13157883085.2
     2	15531250002.2
     3	17543900078.3
     4	9402492610.33
     5	11324011115
     6	12996201745.2
     7	6506664986.13
     8	7900988710.71
     9	9129569175.04

Measurement: freq_ro72
  step	{80/t_ro72}
     1	13469433828.5
     2	15753498644.3
     3	17745436248.2
     4	9769067564.8
     5	11626814795.2
     6	13255968502
     7	6819358862.3
     8	8175373242.75
     9	9376449584.42

Measurement: freq_ro73
  step	{80/t_ro73}
     1	13668929877.6
     2	15969678209
     3	17924595880.9
     4	9954480127.72
     5	11823550553.1
     6	13454561509.4
     7	6968008901.27
     8	8336673436.74
     9	9543825062.25

Measurement: freq_ro74
  step	{80/t_ro74}
     1	13309734639.8
     2	15625000607.7
     3	17620566365.9
     4	9615424514.72
     5	11491538711.2
     6	13134562876
     7	6692245766.3
     8	8058568042.85
     9	9267831802.67

Measurement: freq_ro75
  step	{80/t_ro75}
     1	13661543099.5
     2	15966066311.4
     3	17934580306.8
     4	9938305210.22
     5	11815025700.3
     6	13448505684.3
     7	6959685846.95
     8	8336340882.79
     9	9546970194.27

Measurement: freq_ro76
  step	{80/t_ro76}
     1	14090404287.7
     2	16356285246.7
     3	18287256281.8
     4	10359428395.7
     5	12212594626.6
     6	13822844904.3
     7	7308319832.25
     8	8675001918.08
     9	9874160869.62

Measurement: freq_ro77
  step	{80/t_ro77}
     1	13568933777.3
     2	15911795912.9
     3	17880976170.9
     4	9824236605.96
     5	11718634910.9
     6	13361518165
     7	6863146475.24
     8	8249796073.42
     9	9465826333.82

Measurement: freq_ro78
  step	{80/t_ro78}
     1	14231121941.5
     2	16529448253.7
     3	18435951410
     4	10469839231.7
     5	12330081561.4
     6	13941801012.8
     7	7388552066.74
     8	8760901114.04
     9	9962319242.35

Measurement: freq_ro79
  step	{80/t_ro79}
     1	13781186725.1
     2	16129031920.2
     3	18011942243
     4	10078249113.6
     5	11932166536
     6	13550773153.4
     7	7078804256.43
     8	8439295581.37
     9	9638919248.78

Measurement: freq_ro80
  step	{80/t_ro80}
     1	13287155235.2
     2	15608130977
     3	17592223856.6
     4	9599667294.66
     5	11464838658
     6	13101008808.7
     7	6680830370.21
     8	8038152293.36
     9	9241874874.2

Measurement: freq_ro81
  step	{80/t_ro81}
     1	12539014170.6
     2	14980792463.7
     3	17060847330.5
     4	8862121640.69
     5	10817744899
     6	12515128466.4
     7	6084742318.35
     8	7495672083.17
     9	8737061832.8

Measurement: freq_ro82
  step	{80/t_ro82}
     1	12820512864
     2	15212380710.8
     3	17267393549.5
     4	9171457357.46
     5	11085681724.3
     6	12758742141
     7	6334500466.92
     8	7718550092.44
     9	8942456892.4

Measurement: freq_ro83
  step	{80/t_ro83}
     1	12628847041.8
     2	15014568731.5
     3	17073310522.9
     4	9004134349.65
     5	10912432866.7
     6	12586023065.9
     7	6206278518.81
     8	7584648540.56
     9	8806637905.77

Measurement: freq_ro84
  step	{80/t_ro84}
     1	12952838979.6
     2	15297459192.1
     3	17308899874.4
     4	9297725146.03
     5	11187167959.1
     6	12842211071.1
     7	6443678025.86
     8	7813963190.6
     9	9028474146.87

Measurement: freq_ro85
  step	{80/t_ro85}
     1	13888888809.3
     2	16160443515.9
     3	18104588111
     4	10188496982.4
     5	12041263211
     6	13657110817.8
     7	7171867717.58
     8	8535076036.3
     9	9735965946.83

Measurement: freq_ro86
  step	{80/t_ro86}
     1	14139802166.3
     2	16421617705.8
     3	18359435951.5
     4	10406541670.2
     5	12278307296.8
     6	13893831634.8
     7	7349771616.4
     8	8735510584.73
     9	9945960757.71

Measurement: freq_ro87
  step	{80/t_ro87}
     1	13267302989.8
     2	15624965440.3
     3	17650176358.7
     4	9545123748.01
     5	11458554083.9
     6	13121508950.5
     7	6629059068.12
     8	8022390195.11
     9	9247314118.39

Measurement: freq_ro88
  step	{80/t_ro88}
     1	12945803466
     2	15328664941.7
     3	17358553500.2
     4	9290593192.83
     5	11205357379.4
     6	12874345886.9
     7	6436845620.81
     8	7823908124.46
     9	9047518447.46

Measurement: freq_ro89
  step	{80/t_ro89}
     1	13700657004
     2	16012274549.2
     3	17976728225.5
     4	9968306613.63
     5	11849867317.4
     6	13484102339.4
     7	6981344273.51
     8	8360773907.1
     9	9572207586.18

Measurement: freq_ro90
  step	{80/t_ro90}
     1	13787156708.9
     2	16082610966.1
     3	18031400746.3
     4	10054390481.3
     5	11916757250.9
     6	13540853373.8
     7	7049996993.5
     8	8415984093.74
     9	9620410439.58

Measurement: freq_ro91
  step	{80/t_ro91}
     1	12924288304
     2	15303708654.7
     3	17325187258.8
     4	9247859475.39
     5	11156484368.8
     6	12820834162.7
     7	6393844262.76
     8	7777731595.04
     9	9000513361.39

Measurement: freq_ro92
  step	{80/t_ro92}
     1	14164015869
     2	16432521019.4
     3	18375739944.4
     4	10435971931.1
     5	12299239726.5
     6	13913657774.1
     7	7374641257.57
     8	8752388695.6
     9	9957405823.79

Measurement: freq_ro93
  step	{80/t_ro93}
     1	13620019402.8
     2	15929581113.8
     3	17879278493.5
     4	9916755284.33
     5	11785060873.5
     6	13412881151.4
     7	6941899221.3
     8	8308162685.92
     9	9511435464.28

Measurement: freq_ro94
  step	{80/t_ro94}
     1	13098911773.8
     2	15505698900.3
     3	17538755480.2
     4	9398997174.8
     5	11338029672.2
     6	13019686853.6
     7	6517530966.86
     8	7928228508.18
     9	9166040498.33

Measurement: freq_ro95
  step	{80/t_ro95}
     1	13967150429.8
     2	16206798765.4
     3	18171955011.3
     4	10249697827.9
     5	12095679982.6
     6	13704815576.2
     7	7218181648.62
     8	8575818422.26
     9	9771502249.78

Measurement: freq_ro96
  step	{80/t_ro96}
     1	13191849143
     2	15532710414.1
     3	17528067234.2
     4	9528606286.92
     5	11405088467
     6	13050913823.7
     7	6623680398.87
     8	7987779818.39
     9	9197372665.97

Measurement: freq_ro97
  step	{80/t_ro97}
     1	12710729768
     2	15105289957.3
     3	17125766180.7
     4	9043734302.73
     5	10940528129.3
     6	12608536539.8
     7	6226061378.06
     8	7592524147.55
     9	8808357961.53

Measurement: freq_ro98
  step	{80/t_ro98}
     1	13417902048.2
     2	15752616232.9
     3	17745285740.4
     4	9720581747.44
     5	11611878104.2
     6	13260685634.6
     7	6782180753.14
     8	8164140958.64
     9	9382066945.78

Measurement: freq_ro99
  step	{80/t_ro99}
     1	13948052566.2
     2	16237700281.8
     3	18190416878.2
     4	10186478579.3
     5	12058238388.6
     6	13683973680.6
     7	7153473248.19
     8	8530247897.15
     9	9738266493.61

Measurement: freq_ro100
  step	{80/t_ro100}
     1	13928253034.5
     2	16235629129.9
     3	18197292209.7
     4	10186737547.1
     5	12067892876.2
     6	13697078717.8
     7	7156277800.38
     8	8540806908.05
     9	9752600432.93

Measurement: freq_ro101
  step	{80/t_ro101}
     1	13626457323
     2	15964001134.7
     3	17928205952.4
     4	9899885966.83
     5	11792388073.4
     6	13435919826.9
     7	6921478448.05
     8	8309188371.23
     9	9527070527.68

Measurement: freq_ro102
  step	{80/t_ro102}
     1	13347137405
     2	15681500684.8
     3	17699705222.4
     4	9656342071.88
     5	11559694969.5
     6	13215136872.4
     7	6727857875.39
     8	8116934440.65
     9	9338594894.86

Measurement: freq_ro103
  step	{80/t_ro103}
     1	12979968424.5
     2	15337627091.1
     3	17341039959
     4	9319242934.11
     5	11210034200.5
     6	12863575347.9
     7	6458830020.28
     8	7829847287.25
     9	9043454921.76

Measurement: freq_ro104
  step	{80/t_ro104}
     1	14046948788.7
     2	16324198168.4
     3	18263801927.2
     4	10311951048.6
     5	12172899341.9
     6	13788669126.2
     7	7260490616.34
     8	8629433747.73
     9	9832037948.11

Measurement: freq_ro105
  step	{80/t_ro105}
     1	13195430068.4
     2	15564421768.2
     3	17585416999.9
     4	9490577810.4
     5	11397205089.8
     6	13062433239.5
     7	6581494955.21
     8	7968118811
     9	9192205139.86

Measurement: freq_ro106
  step	{80/t_ro106}
     1	13314985575.8
     2	15624991843.6
     3	17623400888.6
     4	9638815633.72
     5	11503995853.8
     6	13140384895.6
     7	6714082165.94
     8	8071509348.99
     9	9275182345.93

Measurement: freq_ro107
  step	{80/t_ro107}
     1	13413949704.3
     2	15743068259.1
     3	17731845462.5
     4	9709314941.38
     5	11592333018.5
     6	13235550861.7
     7	6769336185.04
     8	8142301590.11
     9	9354639577.19

Measurement: freq_ro108
  step	{80/t_ro108}
     1	12399441569.7
     2	14784151609.3
     3	16850086315.5
     4	8755081759.13
     5	10652999115.5
     6	12326274376.2
     7	5994920267.84
     8	7356317987.57
     9	8570380092.76

Measurement: freq_ro109
  step	{80/t_ro109}
     1	12849029845.9
     2	15199516691.3
     3	17241378903.4
     4	9172951791.13
     5	11064417192.2
     6	12724495382.6
     7	6331342112.01
     8	7697928749.73
     9	8911833289.46

Measurement: freq_ro110
  step	{80/t_ro110}
     1	14164088970.3
     2	16435853874.9
     3	18376054641
     4	10425282032.8
     5	12289710158.7
     6	13907128661.3
     7	7360499552.85
     8	8736970668.11
     9	9943433744.54

Measurement: freq_ro111
  step	{80/t_ro111}
     1	13268434270.7
     2	15613585164.4
     3	17615138507.1
     4	9590342365.4
     5	11486315251.5
     6	13141430803.6
     7	6679238543.35
     8	8063122793.97
     9	9282676621.26

Measurement: freq_ro112
  step	{80/t_ro112}
     1	13814994675.1
     2	16129031597.9
     3	18065107914.6
     4	10086341413.2
     5	11956029064.6
     6	13584452864.6
     7	7075014871.41
     8	8448554786.25
     9	9656604362.16

Measurement: freq_ro113
  step	{80/t_ro113}
     1	12791943692.2
     2	15151515541.9
     3	17181502565.5
     4	9109759087.31
     5	11002947044
     6	12667057331
     7	6277794175.21
     8	7642460013.19
     9	8856635429.2

Measurement: freq_ro114
  step	{80/t_ro114}
     1	13513513150.7
     2	15822157892.6
     3	17823334195.9
     4	9774826689.27
     5	11665667880.6
     6	13311749155.7
     7	6818007489.81
     8	8200660435.79
     9	9417029899.51

Measurement: freq_ro115
  step	{80/t_ro115}
     1	13093448376.2
     2	15489627725.4
     3	17526164943.8
     4	9371125587.92
     5	11304994510.9
     6	12981964723.3
     7	6492242448.05
     8	7896678454.81
     9	9129620262.02

Measurement: freq_ro116
  step	{80/t_ro116}
     1	13201701418.4
     2	15625042373.5
     3	17570903934.2
     4	9560160383.25
     5	11463152664.2
     6	13118600694.4
     7	6663221872.56
     8	8050585236.69
     9	9270933596.81

Measurement: freq_ro117
  step	{80/t_ro117}
     1	12883418088.4
     2	15259840552.6
     3	17241393403.1
     4	9201844199.39
     5	11109538513.2
     6	12776625076.1
     7	6349577082.52
     8	7725505930.52
     9	8946679778.18

Measurement: freq_ro118
  step	{80/t_ro118}
     1	11974770337.5
     2	14607447259.1
     3	16765270318.4
     4	8294984684.12
     5	10403617521.1
     6	12184726200.4
     7	5637798958.54
     8	7147370255.2
     9	8443132708.2

Measurement: freq_ro119
  step	{80/t_ro119}
     1	13266315551.7
     2	15624996484.5
     3	17654489779.4
     4	9580764878.5
     5	11493699263.9
     6	13157889166.7
     7	6670396437.35
     8	8064144851.24
     9	9290179521.14

Measurement: freq_ro120
  step	{80/t_ro120}
     1	12674437476.3
     2	15050370361.2
     3	17078651957
     4	9018603048.55
     5	10912784449.7
     6	12579655479
     7	6206723492.31
     8	7571573508.08
     9	8785910938.32

Measurement: freq_ro121
  step	{80/t_ro121}
     1	13952526324.9
     2	16240107276.4
     3	18180016062.9
     4	10204229229.9
     5	12060679389.8
     6	13677642201.8
     7	7167541568.28
     8	8531130039.76
     9	9731334385.06

Measurement: freq_ro122
  step	{80/t_ro122}
     1	13717758539.5
     2	16011598514.4
     3	17980131751.7
     4	10021434924.5
     5	11891485431.9
     6	13514403425.3
     7	7032381618.68
     8	8403275918.12
     9	9611432677.93

Measurement: freq_ro123
  step	{80/t_ro123}
     1	12673710700.8
     2	15065713517.1
     3	17092484436.5
     4	9055194279.57
     5	10957442722
     6	12625136787.9
     7	6253051842.86
     8	7627732742.99
     9	8846493829.78

Measurement: freq_ro124
  step	{80/t_ro124}
     1	13517502452.1
     2	15855651176.6
     3	17857135768.6
     4	9803491330.4
     5	11692858555.5
     6	13339152765.7
     7	6841897671.21
     8	8225154336.04
     9	9442426666.95

Measurement: freq_ro125
  step	{80/t_ro125}
     1	13532543717
     2	15853299888.3
     3	17822581081.8
     4	9856938770.09
     5	11721205831.1
     6	13350858502.6
     7	6895521095.61
     8	8257272639.58
     9	9460018784.66

Measurement: freq_ro126
  step	{80/t_ro126}
     1	13567103145.9
     2	15903533871.2
     3	17888651661.1
     4	9847006102.22
     5	11750494708.4
     6	13396353271.2
     7	6889114893.27
     8	8286825826.39
     9	9507380429.08

Measurement: freq_ro127
  step	{80/t_ro127}
     1	13728567877.4
     2	16028936667.4
     3	17974593600.7
     4	10035581661
     5	11900612557.4
     6	13517549279.9
     7	7045906608.93
     8	8412094100.24
     9	9615886327.56

Measurement: edge100_ro0
  step	V(ro0_out)={VTHRESH} 
     1	7.47505218373e-09
     2	6.34692953965e-09
     3	5.62782643241e-09
     4	1.03721129221e-08
     5	8.65831132023e-09
     6	7.56483180681e-09
     7	1.49260736298e-08
     8	1.23652700876e-08
     9	1.07359673337e-08

Measurement: edge100_ro1
  step	V(ro1_out)={VTHRESH} 
     1	7.82830033803e-09
     2	6.57853401542e-09
     3	5.79500055354e-09
     4	1.09951203416e-08
     5	9.07423261182e-09
     6	7.86861671986e-09
     7	1.59680415255e-08
     8	1.30718112455e-08
     9	1.12594881463e-08

Measurement: edge100_ro2
  step	V(ro2_out)={VTHRESH} 
     1	7.06603057377e-09
     2	6.08244541078e-09
     3	5.43366630294e-09
     4	9.62199816291e-09
     5	8.15351025059e-09
     6	7.19717279818e-09
     7	1.36523307588e-08
     8	1.14907875272e-08
     9	1.00862702511e-08

Measurement: edge100_ro3
  step	V(ro3_out)={VTHRESH} 
     1	7.83236580327e-09
     2	6.59316708825e-09
     3	5.80670383909e-09
     4	1.09785000393e-08
     5	9.07429981864e-09
     6	7.87503758403e-09
     7	1.59193392678e-08
     8	1.30536136604e-08
     9	1.12536829779e-08

Measurement: edge100_ro4
  step	V(ro4_out)={VTHRESH} 
     1	7.47509160454e-09
     2	6.3545174283e-09
     3	5.63270355681e-09
     4	1.03773375965e-08
     5	8.66687039563e-09
     6	7.57571464521e-09
     7	1.49289588416e-08
     8	1.23737993928e-08
     9	1.07484204771e-08

Measurement: edge100_ro5
  step	V(ro5_out)={VTHRESH} 
     1	6.97510600308e-09
     2	6.00361009582e-09
     3	5.37456172523e-09
     4	9.53102638516e-09
     5	8.06874876219e-09
     6	7.12790441609e-09
     7	1.35251660756e-08
     8	1.1365424293e-08
     9	9.97923702652e-09

Measurement: edge100_ro6
  step	V(ro6_out)={VTHRESH} 
     1	8.00140538492e-09
     2	6.69393418059e-09
     3	5.86727801794e-09
     4	1.13208258104e-08
     5	9.27309456285e-09
     6	8.00302367735e-09
     7	1.64984588306e-08
     8	1.34100701666e-08
     9	1.14923199095e-08

Measurement: edge100_ro7
  step	V(ro7_out)={VTHRESH} 
     1	7.39830455366e-09
     2	6.31325622166e-09
     3	5.5995107155e-09
     4	1.02101152233e-08
     5	8.56012001653e-09
     6	7.50034761604e-09
     7	1.46362150996e-08
     8	1.2181925364e-08
     9	1.06084788631e-08

Measurement: edge100_ro8
  step	V(ro8_out)={VTHRESH} 
     1	7.33274299397e-09
     2	6.24154238299e-09
     3	5.5456534805e-09
     4	1.012327976e-08
     5	8.46824772861e-09
     6	7.41969874671e-09
     7	1.45082311104e-08
     8	1.20390811704e-08
     9	1.04802530827e-08

Measurement: edge100_ro9
  step	V(ro9_out)={VTHRESH} 
     1	7.62516848467e-09
     2	6.46009298463e-09
     3	5.70754232465e-09
     4	1.05900901354e-08
     5	8.80831517557e-09
     6	7.67657447392e-09
     7	1.52625710727e-08
     8	1.25976578016e-08
     9	1.09092309562e-08

Measurement: edge100_ro10
  step	V(ro10_out)={VTHRESH} 
     1	7.53129492314e-09
     2	6.37816033705e-09
     3	5.64644104624e-09
     4	1.04063440678e-08
     5	8.65786307366e-09
     6	7.55408907502e-09
     7	1.4936169936e-08
     8	1.23292979024e-08
     9	1.06895353319e-08

Measurement: edge100_ro11
  step	V(ro11_out)={VTHRESH} 
     1	7.44218056043e-09
     2	6.34953007806e-09
     3	5.62640001919e-09
     4	1.0268500564e-08
     5	8.60564828446e-09
     6	7.53556097928e-09
     7	1.47274566948e-08
     8	1.22529846258e-08
     9	1.06648928419e-08

Measurement: edge100_ro12
  step	V(ro12_out)={VTHRESH} 
     1	7.324450347e-09
     2	6.23354968765e-09
     3	5.54047120124e-09
     4	1.01235851426e-08
     5	8.46984995628e-09
     6	7.42040669588e-09
     7	1.45068149493e-08
     8	1.20414677502e-08
     9	1.04823468639e-08

Measurement: edge100_ro13
  step	V(ro13_out)={VTHRESH} 
     1	8.0816029507e-09
     2	6.74411659777e-09
     3	5.92010641484e-09
     4	1.14152036934e-08
     5	9.34458929958e-09
     6	8.06161137852e-09
     7	1.66447744882e-08
     8	1.35092682181e-08
     9	1.15718141971e-08

Measurement: edge100_ro14
  step	V(ro14_out)={VTHRESH} 
     1	7.59242880565e-09
     2	6.40637235119e-09
     3	5.66124624567e-09
     4	1.06468986367e-08
     5	8.80610122521e-09
     6	7.65826014219e-09
     7	1.54142869554e-08
     8	1.26413276004e-08
     9	1.09176154265e-08

Measurement: edge100_ro15
  step	V(ro15_out)={VTHRESH} 
     1	7.76671748654e-09
     2	6.54945280995e-09
     3	5.76366104809e-09
     4	1.08973038161e-08
     5	9.00764594903e-09
     6	7.82106423324e-09
     7	1.57914298304e-08
     8	1.29471735976e-08
     9	1.11660616026e-08

Measurement: edge100_ro16
  step	V(ro16_out)={VTHRESH} 
     1	6.9350990645e-09
     2	5.98043963266e-09
     3	5.35425559282e-09
     4	9.4001706342e-09
     5	7.98473094955e-09
     6	7.06484729846e-09
     7	1.32906497856e-08
     8	1.12098252741e-08
     9	9.86098427066e-09

Measurement: edge100_ro17
  step	V(ro17_out)={VTHRESH} 
     1	7.61191338478e-09
     2	6.4409085973e-09
     3	5.6930068184e-09
     4	1.06268904033e-08
     5	8.82449525854e-09
     6	7.68548120789e-09
     7	1.53587475611e-08
     8	1.26509745398e-08
     9	1.09446548044e-08

Measurement: edge100_ro18
  step	V(ro18_out)={VTHRESH} 
     1	8.19712563116e-09
     2	6.8104478932e-09
     3	5.950717855e-09
     4	1.17305912278e-08
     5	9.53646687883e-09
     6	8.19192065221e-09
     7	1.72401969974e-08
     8	1.38912640128e-08
     9	1.18437471848e-08

Measurement: edge100_ro19
  step	V(ro19_out)={VTHRESH} 
     1	7.37602356022e-09
     2	6.28882271285e-09
     3	5.58174813e-09
     4	1.01928209576e-08
     5	8.53907661233e-09
     6	7.48003480203e-09
     7	1.4621547985e-08
     8	1.21611831937e-08
     9	1.05856206022e-08

Measurement: edge100_ro20
  step	V(ro20_out)={VTHRESH} 
     1	7.79741432526e-09
     2	6.55898321371e-09
     3	5.77439124633e-09
     4	1.09782488617e-08
     5	9.0558890694e-09
     6	7.85320253403e-09
     7	1.5952705269e-08
     8	1.30488431372e-08
     9	1.12383070613e-08

Measurement: edge100_ro21
  step	V(ro21_out)={VTHRESH} 
     1	7.22632489193e-09
     2	6.17876285406e-09
     3	5.50130734549e-09
     4	9.92762032575e-09
     5	8.34266391951e-09
     6	7.33072970465e-09
     7	1.41606087789e-08
     8	1.1808230487e-08
     9	1.03115811021e-08

Measurement: edge100_ro22
  step	V(ro22_out)={VTHRESH} 
     1	7.60555660927e-09
     2	6.44540527916e-09
     3	5.69942223323e-09
     4	1.0585824881e-08
     5	8.81353575329e-09
     6	7.68432211985e-09
     7	1.52768497446e-08
     8	1.26231389445e-08
     9	1.09360610015e-08

Measurement: edge100_ro23
  step	V(ro23_out)={VTHRESH} 
     1	7.28561369875e-09
     2	6.2159027906e-09
     3	5.54755939042e-09
     4	9.9785100227e-09
     5	8.37385360469e-09
     6	7.34945685763e-09
     7	1.42205573656e-08
     8	1.18417618364e-08
     9	1.03287797124e-08

Measurement: edge100_ro24
  step	V(ro24_out)={VTHRESH} 
     1	7.63519970158e-09
     2	6.45262939965e-09
     3	5.70271702423e-09
     4	1.06926789344e-08
     5	8.86675565793e-09
     6	7.71721353533e-09
     7	1.54677220304e-08
     8	1.27235720725e-08
     9	1.09996826627e-08

Measurement: edge100_ro25
  step	V(ro25_out)={VTHRESH} 
     1	7.34563640787e-09
     2	6.2696368827e-09
     3	5.5682674326e-09
     4	1.01360192414e-08
     5	8.50146195601e-09
     6	7.45313422646e-09
     7	1.45124927446e-08
     8	1.20818154441e-08
     9	1.05276363859e-08

Measurement: edge100_ro26
  step	V(ro26_out)={VTHRESH} 
     1	7.96355223225e-09
     2	6.67911562008e-09
     3	5.86583885342e-09
     4	1.12121844321e-08
     5	9.22302943752e-09
     6	7.97663067267e-09
     7	1.63249175483e-08
     8	1.33184139676e-08
     9	1.14411613001e-08

Measurement: edge100_ro27
  step	V(ro27_out)={VTHRESH} 
     1	7.26368721475e-09
     2	6.20636702846e-09
     3	5.52375546552e-09
     4	9.97187735774e-09
     5	8.38119788021e-09
     6	7.36007459121e-09
     7	1.42414582978e-08
     8	1.18821713246e-08
     9	1.03709460628e-08

Measurement: edge100_ro28
  step	V(ro28_out)={VTHRESH} 
     1	7.68106284655e-09
     2	6.49925922129e-09
     3	5.75313045794e-09
     4	1.07145811593e-08
     5	8.90337763513e-09
     6	7.75182165142e-09
     7	1.54872703325e-08
     8	1.27706349912e-08
     9	1.10485010267e-08

Measurement: edge100_ro29
  step	V(ro29_out)={VTHRESH} 
     1	7.25331011865e-09
     2	6.20586485435e-09
     3	5.52611307684e-09
     4	9.96834470413e-09
     5	8.38720951666e-09
     6	7.36952673209e-09
     7	1.42457218768e-08
     8	1.18982655339e-08
     9	1.03910068813e-08

Measurement: edge100_ro30
  step	V(ro30_out)={VTHRESH} 
     1	7.25067920492e-09
     2	6.19639281683e-09
     3	5.52627340985e-09
     4	9.9289290859e-09
     5	8.3613645435e-09
     6	7.3508297827e-09
     7	1.41514176339e-08
     8	1.18331435252e-08
     9	1.03435429775e-08

Measurement: edge100_ro31
  step	V(ro31_out)={VTHRESH} 
     1	7.54010069777e-09
     2	6.40782489681e-09
     3	5.674903813e-09
     4	1.04609522065e-08
     5	8.7380134494e-09
     6	7.63325174499e-09
     7	1.50618338482e-08
     8	1.24887726038e-08
     9	1.08429234777e-08

Measurement: edge100_ro32
  step	V(ro32_out)={VTHRESH} 
     1	7.83279650723e-09
     2	6.5468597508e-09
     3	5.76132985677e-09
     4	1.1093077782e-08
     5	9.07965585706e-09
     6	7.84897098505e-09
     7	1.61523201322e-08
     8	1.30977624828e-08
     9	1.12372028713e-08

Measurement: edge100_ro33
  step	V(ro33_out)={VTHRESH} 
     1	7.23839725477e-09
     2	6.17933102658e-09
     3	5.51161899756e-09
     4	9.96443234837e-09
     5	8.37681358399e-09
     6	7.3592796432e-09
     7	1.42290831526e-08
     8	1.18738203949e-08
     9	1.03679311894e-08

Measurement: edge100_ro34
  step	V(ro34_out)={VTHRESH} 
     1	7.37853521368e-09
     2	6.27945800046e-09
     3	5.57645768547e-09
     4	1.02233222987e-08
     5	8.5475132635e-09
     6	7.48248388796e-09
     7	1.46730168878e-08
     8	1.21724185943e-08
     9	1.05874555601e-08

Measurement: edge100_ro35
  step	V(ro35_out)={VTHRESH} 
     1	7.65978572149e-09
     2	6.47084596812e-09
     3	5.71577261057e-09
     4	1.06934488998e-08
     5	8.86478014396e-09
     6	7.71404826223e-09
     7	1.5458217397e-08
     8	1.27112694348e-08
     9	1.09869032207e-08

Measurement: edge100_ro36
  step	V(ro36_out)={VTHRESH} 
     1	6.81856209291e-09
     2	5.90000134832e-09
     3	5.29517274364e-09
     4	9.26750162154e-09
     5	7.88393348265e-09
     6	6.98703090185e-09
     7	1.31015242753e-08
     8	1.10634298322e-08
     9	9.74741981393e-09

Measurement: edge100_ro37
  step	V(ro37_out)={VTHRESH} 
     1	7.69689106375e-09
     2	6.48315959632e-09
     3	5.72141979164e-09
     4	1.08166590288e-08
     5	8.93002459657e-09
     6	7.75726694283e-09
     7	1.56795572273e-08
     8	1.28380295646e-08
     9	1.10713625872e-08

Measurement: edge100_ro38
  step	V(ro38_out)={VTHRESH} 
     1	6.94346069802e-09
     2	5.9898980185e-09
     3	5.35569816718e-09
     4	9.4028102032e-09
     5	7.99611559752e-09
     6	7.07922025612e-09
     7	1.32865284829e-08
     8	1.12203798988e-08
     9	9.87819353079e-09

Measurement: edge100_ro39
  step	V(ro39_out)={VTHRESH} 
     1	7.55493641277e-09
     2	6.41008453785e-09
     3	5.6767903858e-09
     4	1.04927838935e-08
     5	8.74019158208e-09
     6	7.62667786812e-09
     7	1.50992676353e-08
     8	1.24804488768e-08
     9	1.08209756614e-08

Measurement: edge100_ro40
  step	V(ro40_out)={VTHRESH} 
     1	7.62464718466e-09
     2	6.44890267548e-09
     3	5.69598731012e-09
     4	1.06651859274e-08
     5	8.84651903012e-09
     6	7.70131168957e-09
     7	1.54154051893e-08
     8	1.26847562899e-08
     9	1.09692192925e-08

Measurement: edge100_ro41
  step	V(ro41_out)={VTHRESH} 
     1	7.35683637569e-09
     2	6.27690122698e-09
     3	5.57490858807e-09
     4	1.01563728048e-08
     5	8.51591903371e-09
     6	7.46418992485e-09
     7	1.45455440724e-08
     8	1.21053526985e-08
     9	1.05458709578e-08

Measurement: edge100_ro42
  step	V(ro42_out)={VTHRESH} 
     1	7.36470613004e-09
     2	6.28685090705e-09
     3	5.57534285131e-09
     4	1.0161950492e-08
     5	8.51855361332e-09
     6	7.46521079974e-09
     7	1.4556512782e-08
     8	1.21123029856e-08
     9	1.0549405635e-08

Measurement: edge100_ro43
  step	V(ro43_out)={VTHRESH} 
     1	7.5537661048e-09
     2	6.40350872638e-09
     3	5.66983304413e-09
     4	1.0528041324e-08
     5	8.76466237594e-09
     6	7.64541689646e-09
     7	1.51938381916e-08
     8	1.25486788945e-08
     9	1.08744781077e-08

Measurement: edge100_ro44
  step	V(ro44_out)={VTHRESH} 
     1	7.55783130906e-09
     2	6.40909283387e-09
     3	5.67820125151e-09
     4	1.05069674242e-08
     5	8.7479913552e-09
     6	7.63250976518e-09
     7	1.51332095163e-08
     8	1.25019716648e-08
     9	1.08375237306e-08

Measurement: edge100_ro45
  step	V(ro45_out)={VTHRESH} 
     1	7.3718159824e-09
     2	6.27344169901e-09
     3	5.5688779801e-09
     4	1.02181369918e-08
     5	8.53892812615e-09
     6	7.47435028944e-09
     7	1.46613147092e-08
     8	1.2155999469e-08
     9	1.05706545492e-08

Measurement: edge100_ro46
  step	V(ro46_out)={VTHRESH} 
     1	7.99177127763e-09
     2	6.6715975015e-09
     3	5.85081246701e-09
     4	1.13480985171e-08
     5	9.26579919003e-09
     6	7.99194089857e-09
     7	1.65744570178e-08
     8	1.3414357798e-08
     9	1.14878648801e-08

Measurement: edge100_ro47
  step	V(ro47_out)={VTHRESH} 
     1	7.5379701964e-09
     2	6.39266736984e-09
     3	5.6623183713e-09
     4	1.04886584015e-08
     5	8.74338288447e-09
     6	7.63170499914e-09
     7	1.51223700386e-08
     8	1.25098561693e-08
     9	1.08490640073e-08

Measurement: edge100_ro48
  step	V(ro48_out)={VTHRESH} 
     1	7.51085804606e-09
     2	6.38270801109e-09
     3	5.65316251238e-09
     4	1.04151851866e-08
     5	8.69560475075e-09
     6	7.59762723024e-09
     7	1.49792281062e-08
     8	1.24129224196e-08
     9	1.0778209988e-08

Measurement: edge100_ro49
  step	V(ro49_out)={VTHRESH} 
     1	8.00286524414e-09
     2	6.69874964581e-09
     3	5.87618588861e-09
     4	1.1366176423e-08
     5	9.31402449351e-09
     6	8.03910954376e-09
     7	1.66209751711e-08
     8	1.35027982092e-08
     9	1.15716756664e-08

Measurement: edge100_ro50
  step	V(ro50_out)={VTHRESH} 
     1	7.57292591221e-09
     2	6.42981886953e-09
     3	5.68794483412e-09
     4	1.05191817944e-08
     5	8.76802250028e-09
     6	7.6501203762e-09
     7	1.51523858261e-08
     8	1.25339779536e-08
     9	1.08690372925e-08

Measurement: edge100_ro51
  step	V(ro51_out)={VTHRESH} 
     1	7.03141248166e-09
     2	6.05556340267e-09
     3	5.4115314988e-09
     4	9.59126594279e-09
     5	8.13149867418e-09
     6	7.1772320842e-09
     7	1.36128327853e-08
     8	1.14527229332e-08
     9	1.00557619361e-08

Measurement: edge100_ro52
  step	V(ro52_out)={VTHRESH} 
     1	7.48197488295e-09
     2	6.34318204789e-09
     3	5.63006790219e-09
     4	1.03800754254e-08
     5	8.65794661925e-09
     6	7.56450818619e-09
     7	1.49211943919e-08
     8	1.23476849104e-08
     9	1.07198427234e-08

Measurement: edge100_ro53
  step	V(ro53_out)={VTHRESH} 
     1	7.2198700115e-09
     2	6.17666730204e-09
     3	5.5086180671e-09
     4	9.91017588671e-09
     5	8.34249745368e-09
     6	7.33600283912e-09
     7	1.41505738242e-08
     8	1.18250892071e-08
     9	1.03343488887e-08

Measurement: edge100_ro54
  step	V(ro54_out)={VTHRESH} 
     1	7.41824173909e-09
     2	6.32635984483e-09
     3	5.61158496575e-09
     4	1.02386098231e-08
     5	8.58056903584e-09
     6	7.51502845056e-09
     7	1.46786760959e-08
     8	1.221263751e-08
     9	1.06317099515e-08

Measurement: edge100_ro55
  step	V(ro55_out)={VTHRESH} 
     1	8.20745823507e-09
     2	6.80638503979e-09
     3	5.94796030954e-09
     4	1.17776384298e-08
     5	9.54186020394e-09
     6	8.1849394438e-09
     7	1.73319395477e-08
     8	1.39079373564e-08
     9	1.18364159018e-08

Measurement: edge100_ro56
  step	V(ro56_out)={VTHRESH} 
     1	7.89327844742e-09
     2	6.63307298817e-09
     3	5.83536002811e-09
     4	1.10751620492e-08
     5	9.13413218865e-09
     6	7.91552946514e-09
     7	1.60798186954e-08
     8	1.31591612222e-08
     9	1.13272167442e-08

Measurement: edge100_ro57
  step	V(ro57_out)={VTHRESH} 
     1	7.78616879548e-09
     2	6.55297409358e-09
     3	5.77579371193e-09
     4	1.09309837749e-08
     5	9.03909048572e-09
     6	7.8471570202e-09
     7	1.58599537172e-08
     8	1.30079365327e-08
     9	1.12172316332e-08

Measurement: edge100_ro58
  step	V(ro58_out)={VTHRESH} 
     1	7.45259345271e-09
     2	6.32790558702e-09
     3	5.60191289046e-09
     4	1.03688126225e-08
     5	8.63406711105e-09
     6	7.53819204584e-09
     7	1.49329701094e-08
     8	1.23322245649e-08
     9	1.06974089675e-08

Measurement: edge100_ro59
  step	V(ro59_out)={VTHRESH} 
     1	7.35219616639e-09
     2	6.27817822648e-09
     3	5.57579990334e-09
     4	1.01208831558e-08
     5	8.4950175622e-09
     6	7.44911380245e-09
     7	1.4484687481e-08
     8	1.20679867108e-08
     9	1.05185701267e-08

Measurement: edge100_ro60
  step	V(ro60_out)={VTHRESH} 
     1	7.52821741192e-09
     2	6.3600212686e-09
     3	5.63459740087e-09
     4	1.05023524607e-08
     5	8.71693096805e-09
     6	7.5966989838e-09
     7	1.51422637073e-08
     8	1.24640971186e-08
     9	1.07894929071e-08

Measurement: edge100_ro61
  step	V(ro61_out)={VTHRESH} 
     1	7.56879083897e-09
     2	6.41690176506e-09
     3	5.67750132517e-09
     4	1.05369678861e-08
     5	8.7726003892e-09
     6	7.6510514759e-09
     7	1.5194762099e-08
     8	1.25517273814e-08
     9	1.08764962654e-08

Measurement: edge100_ro62
  step	V(ro62_out)={VTHRESH} 
     1	7.04844919803e-09
     2	6.07655678328e-09
     3	5.4320670633e-09
     4	9.5867488128e-09
     5	8.13512323969e-09
     6	7.1891569455e-09
     7	1.35886119678e-08
     8	1.14553567499e-08
     9	1.00653860335e-08

Measurement: edge100_ro63
  step	V(ro63_out)={VTHRESH} 
     1	7.73809154032e-09
     2	6.53247198184e-09
     3	5.74863529368e-09
     4	1.08193934007e-08
     5	8.95718882143e-09
     6	7.78545787653e-09
     7	1.56565734684e-08
     8	1.28585573825e-08
     9	1.11016446113e-08

Measurement: edge100_ro64
  step	V(ro64_out)={VTHRESH} 
     1	7.27694565029e-09
     2	6.21569035084e-09
     3	5.53416568825e-09
     4	1.00270438902e-08
     5	8.42731006093e-09
     6	7.3974753993e-09
     7	1.43507997543e-08
     8	1.19722832712e-08
     9	1.04451966083e-08

Measurement: edge100_ro65
  step	V(ro65_out)={VTHRESH} 
     1	7.06299729077e-09
     2	6.07534754953e-09
     3	5.43266700225e-09
     4	9.62730123141e-09
     5	8.15760593709e-09
     6	7.20147050841e-09
     7	1.36712793692e-08
     8	1.15036077204e-08
     9	1.00981535291e-08

Measurement: edge100_ro66
  step	V(ro66_out)={VTHRESH} 
     1	7.70645036916e-09
     2	6.49159037849e-09
     3	5.72248719564e-09
     4	1.08277088252e-08
     5	8.9411526147e-09
     6	7.76052991709e-09
     7	1.57156274091e-08
     8	1.2866791963e-08
     9	1.10901708236e-08

Measurement: edge100_ro67
  step	V(ro67_out)={VTHRESH} 
     1	7.05965841576e-09
     2	6.06518541292e-09
     3	5.41584039714e-09
     4	9.64180634232e-09
     5	8.1436826375e-09
     6	7.18234275092e-09
     7	1.36920141231e-08
     8	1.14800555276e-08
     9	1.00640418311e-08

Measurement: edge100_ro68
  step	V(ro68_out)={VTHRESH} 
     1	7.53278109702e-09
     2	6.38333911889e-09
     3	5.65684097799e-09
     4	1.04497647208e-08
     5	8.71109875409e-09
     6	7.60596442112e-09
     7	1.50349349054e-08
     8	1.24372571131e-08
     9	1.0790737102e-08

Measurement: edge100_ro69
  step	V(ro69_out)={VTHRESH} 
     1	7.30191061934e-09
     2	6.23069725986e-09
     3	5.54198346183e-09
     4	1.00438800829e-08
     5	8.43814779325e-09
     6	7.4039391172e-09
     7	1.43698378303e-08
     8	1.19854386444e-08
     9	1.04537353494e-08

Measurement: edge100_ro70
  step	V(ro70_out)={VTHRESH} 
     1	7.73848993696e-09
     2	6.52304274257e-09
     3	5.75021390638e-09
     4	1.08549027092e-08
     5	8.97027410192e-09
     6	7.78970326833e-09
     7	1.57390923349e-08
     8	1.2900117539e-08
     9	1.11264031541e-08

Measurement: edge100_ro71
  step	V(ro71_out)={VTHRESH} 
     1	7.53966558321e-09
     2	6.38649431454e-09
     3	5.65208380106e-09
     4	1.05516275709e-08
     5	8.75973318869e-09
     6	7.63113115056e-09
     7	1.52477251659e-08
     8	1.25552506869e-08
     9	1.08638228804e-08

Measurement: edge100_ro72
  step	V(ro72_out)={VTHRESH} 
     1	7.36959027352e-09
     2	6.29831079042e-09
     3	5.58951078215e-09
     4	1.01629770869e-08
     5	8.53543626724e-09
     6	7.48420129065e-09
     7	1.45598772126e-08
     8	1.21403672741e-08
     9	1.0582440332e-08

Measurement: edge100_ro73
  step	V(ro73_out)={VTHRESH} 
     1	7.25892725939e-09
     2	6.21077191777e-09
     3	5.531666509e-09
     4	9.96884286578e-09
     5	8.39009964961e-09
     6	7.3709879271e-09
     7	1.42424332335e-08
     8	1.19006456911e-08
     9	1.03928538882e-08

Measurement: edge100_ro74
  step	V(ro74_out)={VTHRESH} 
     1	7.44919726415e-09
     2	6.34424029609e-09
     3	5.62435828249e-09
     4	1.03071260809e-08
     5	8.62573878777e-09
     6	7.54544692553e-09
     7	1.47924660053e-08
     8	1.22987147898e-08
     9	1.06932687472e-08

Measurement: edge100_ro75
  step	V(ro75_out)={VTHRESH} 
     1	7.2720489973e-09
     2	6.21611843382e-09
     3	5.53009822361e-09
     4	9.99911346476e-09
     5	8.40455996773e-09
     6	7.37927686967e-09
     7	1.42792194527e-08
     8	1.19140898927e-08
     9	1.0398806711e-08

Measurement: edge100_ro76
  step	V(ro76_out)={VTHRESH} 
     1	7.0383394468e-09
     2	6.06136626083e-09
     3	5.42055559079e-09
     4	9.57402363854e-09
     5	8.11846318953e-09
     6	7.17139197784e-09
     7	1.35710133389e-08
     8	1.14293282618e-08
     9	1.00393561605e-08

Measurement: edge100_ro77
  step	V(ro77_out)={VTHRESH} 
     1	7.30914841049e-09
     2	6.23107410211e-09
     3	5.5438761527e-09
     4	1.00956519791e-08
     5	8.46111892657e-09
     6	7.4195449482e-09
     7	1.44511550955e-08
     8	1.20189334404e-08
     9	1.04732800307e-08

Measurement: edge100_ro78
  step	V(ro78_out)={VTHRESH} 
     1	6.9702559154e-09
     2	5.99934946455e-09
     3	5.37798745991e-09
     4	9.47519276777e-09
     5	8.04370031941e-09
     6	7.11234936559e-09
     7	1.34269887828e-08
     8	1.13212825035e-08
     9	9.95418088029e-09

Measurement: edge100_ro79
  step	V(ro79_out)={VTHRESH} 
     1	7.19829805582e-09
     2	6.14898631681e-09
     3	5.50425868335e-09
     4	9.84400328383e-09
     5	8.31156401552e-09
     6	7.31719604278e-09
     7	1.40156227174e-08
     8	1.17520920162e-08
     9	1.02873846314e-08

Measurement: edge100_ro80
  step	V(ro80_out)={VTHRESH} 
     1	7.46505868714e-09
     2	6.35170997206e-09
     3	5.63497551363e-09
     4	1.03334862185e-08
     5	8.64861247789e-09
     6	7.56690382522e-09
     7	1.48476001258e-08
     8	1.23355418695e-08
     9	1.07266683239e-08

Measurement: edge100_ro81
  step	V(ro81_out)={VTHRESH} 
     1	7.90599421572e-09
     2	6.61463322047e-09
     3	5.80717970923e-09
     4	1.11849741898e-08
     5	9.15983727538e-09
     6	7.91631393348e-09
     7	1.62880216314e-08
     8	1.32186789775e-08
     9	1.13389231376e-08

Measurement: edge100_ro82
  step	V(ro82_out)={VTHRESH} 
     1	7.73568847593e-09
     2	6.51772882898e-09
     3	5.74196750337e-09
     4	1.08148118087e-08
     5	8.94441787658e-09
     6	7.77055347554e-09
     7	1.56568213872e-08
     8	1.28454352328e-08
     9	1.10856605788e-08

Measurement: edge100_ro83
  step	V(ro83_out)={VTHRESH} 
     1	7.84939333463e-09
     2	6.60022711731e-09
     3	5.80348436569e-09
     4	1.10087796279e-08
     5	9.08121140117e-09
     6	7.87240833402e-09
     7	1.59703552009e-08
     8	1.30650573538e-08
     9	1.12503873166e-08

Measurement: edge100_ro84
  step	V(ro84_out)={VTHRESH} 
     1	7.66545906779e-09
     2	6.48771988759e-09
     3	5.73242473441e-09
     4	1.06812231914e-08
     5	8.87293212625e-09
     6	7.72753786664e-09
     7	1.54132256755e-08
     8	1.2704634189e-08
     9	1.09932205003e-08

Measurement: edge100_ro85
  step	V(ro85_out)={VTHRESH} 
     1	7.13887636668e-09
     2	6.13307253735e-09
     3	5.47411078444e-09
     4	9.73226005351e-09
     5	8.23154016917e-09
     6	7.25651228992e-09
     7	1.38248498593e-08
     8	1.16124901836e-08
     9	1.01784915117e-08

Measurement: edge100_ro86
  step	V(ro86_out)={VTHRESH} 
     1	7.00830551041e-09
     2	6.03282575441e-09
     3	5.39569729779e-09
     4	9.521940857e-09
     5	8.06815932363e-09
     6	7.12940055377e-09
     7	1.34804405776e-08
     8	1.13392001464e-08
     9	9.9583236027e-09

Measurement: edge100_ro87
  step	V(ro87_out)={VTHRESH} 
     1	7.47854219643e-09
     2	6.34769431805e-09
     3	5.61811104702e-09
     4	1.03957587788e-08
     5	8.65767836618e-09
     6	7.55866388469e-09
     7	1.49691568043e-08
     8	1.23667485573e-08
     9	1.07267805851e-08

Measurement: edge100_ro88
  step	V(ro88_out)={VTHRESH} 
     1	7.66795818174e-09
     2	6.4744462227e-09
     3	5.71647324286e-09
     4	1.06865284908e-08
     5	8.85909966486e-09
     6	7.70920740195e-09
     7	1.54262701388e-08
     8	1.2689625945e-08
     9	1.09718281899e-08

Measurement: edge100_ro89
  step	V(ro89_out)={VTHRESH} 
     1	7.23786531822e-09
     2	6.1910103258e-09
     3	5.51354255096e-09
     4	9.94770393211e-09
     5	8.36595468336e-09
     6	7.35052115009e-09
     7	1.42035799275e-08
     8	1.18571432931e-08
     9	1.03545302577e-08

Measurement: edge100_ro90
  step	V(ro90_out)={VTHRESH} 
     1	7.19480585413e-09
     2	6.16688843056e-09
     3	5.49971584678e-09
     4	9.86617123536e-09
     5	8.32278986193e-09
     6	7.32373290762e-09
     7	1.40702751064e-08
     8	1.17842524287e-08
     9	1.0307872291e-08

Measurement: edge100_ro91
  step	V(ro91_out)={VTHRESH} 
     1	7.67457934868e-09
     2	6.4782285979e-09
     3	5.72085089009e-09
     4	1.07265287487e-08
     5	8.88706908912e-09
     6	7.73058267519e-09
     7	1.5513862873e-08
     8	1.27477913967e-08
     9	1.1012432213e-08

Measurement: edge100_ro92
  step	V(ro92_out)={VTHRESH} 
     1	6.99589721799e-09
     2	6.02947118181e-09
     3	5.39160623211e-09
     4	9.49424621465e-09
     5	8.05503714266e-09
     6	7.12010665672e-09
     7	1.34343449839e-08
     8	1.13184896982e-08
     9	9.9483333081e-09

Measurement: edge100_ro93
  step	V(ro93_out)={VTHRESH} 
     1	7.28347772524e-09
     2	6.22562135851e-09
     3	5.54660879754e-09
     4	1.00040885958e-08
     5	8.41604902344e-09
     6	7.39329052918e-09
     7	1.42913464347e-08
     8	1.1938437385e-08
     9	1.0426353329e-08

Measurement: edge100_ro94
  step	V(ro94_out)={VTHRESH} 
     1	7.57174930132e-09
     2	6.39516069174e-09
     3	5.65274942357e-09
     4	1.05525718552e-08
     5	8.74596880579e-09
     6	7.61524886272e-09
     7	1.52177897987e-08
     8	1.25076234587e-08
     9	1.08171926235e-08

Measurement: edge100_ro95
  step	V(ro95_out)={VTHRESH} 
     1	7.10117551021e-09
     2	6.11794044564e-09
     3	5.45492863795e-09
     4	9.67750204754e-09
     5	8.19757445005e-09
     6	7.23351279079e-09
     7	1.37420104879e-08
     8	1.15624523532e-08
     9	1.01454653858e-08

Measurement: edge100_ro96
  step	V(ro96_out)={VTHRESH} 
     1	7.52055335786e-09
     2	6.38493135396e-09
     3	5.65724793642e-09
     4	1.04124334647e-08
     5	8.6963103901e-09
     6	7.59825234738e-09
     7	1.49791215407e-08
     8	1.24168506425e-08
     9	1.07818638498e-08

Measurement: edge100_ro97
  step	V(ro97_out)={VTHRESH} 
     1	7.80237382541e-09
     2	6.56350600554e-09
     3	5.78812550229e-09
     4	1.0966259848e-08
     5	9.06210038036e-09
     6	7.86176813871e-09
     7	1.5928382732e-08
     8	1.30577062885e-08
     9	1.1253264573e-08

Measurement: edge100_ro98
  step	V(ro98_out)={VTHRESH} 
     1	7.39767484557e-09
     2	6.29866364494e-09
     3	5.59001241192e-09
     4	1.02155405108e-08
     5	8.54706082324e-09
     6	7.48242155563e-09
     7	1.46445844121e-08
     8	1.21589857687e-08
     9	1.05778232907e-08

Measurement: edge100_ro99
  step	V(ro99_out)={VTHRESH} 
     1	7.11324551445e-09
     2	6.10927842829e-09
     3	5.45281411725e-09
     4	9.74075634942e-09
     5	8.22718500239e-09
     6	7.24884491585e-09
     7	1.38710761448e-08
     8	1.16303781932e-08
     9	1.01863920392e-08

Measurement: edge100_ro100
  step	V(ro100_out)={VTHRESH} 
     1	7.11847210924e-09
     2	6.10553591733e-09
     3	5.44687309108e-09
     4	9.73284495631e-09
     5	8.21404938492e-09
     6	7.23635802346e-09
     7	1.38537290941e-08
     8	1.16056739227e-08
     9	1.01624879811e-08

Measurement: edge100_ro101
  step	V(ro101_out)={VTHRESH} 
     1	7.29187215816e-09
     2	6.22163399757e-09
     3	5.53871491358e-09
     4	1.00399574095e-08
     5	8.42509737486e-09
     6	7.39250349336e-09
     7	1.4362759354e-08
     8	1.19590983441e-08
     9	1.04275169307e-08

Measurement: edge100_ro102
  step	V(ro102_out)={VTHRESH} 
     1	7.43780724237e-09
     2	6.32886670998e-09
     3	5.60547363076e-09
     4	1.02822607135e-08
     5	8.58698022755e-09
     6	7.5094641553e-09
     7	1.47590075444e-08
     8	1.22305173697e-08
     9	1.06282037635e-08

Measurement: edge100_ro103
  step	V(ro103_out)={VTHRESH} 
     1	7.63961402515e-09
     2	6.46311941236e-09
     3	5.71559625156e-09
     4	1.06405664753e-08
     5	8.84313119283e-09
     6	7.70517149037e-09
     7	1.53521377841e-08
     8	1.26602944555e-08
     9	1.09594442781e-08

Measurement: edge100_ro104
  step	V(ro104_out)={VTHRESH} 
     1	7.05815420588e-09
     2	6.07239371986e-09
     3	5.42697990835e-09
     4	9.61452238308e-09
     5	8.14287481118e-09
     6	7.18805752532e-09
     7	1.36547400073e-08
     8	1.14864322853e-08
     9	1.00802893738e-08

Measurement: edge100_ro105
  step	V(ro105_out)={VTHRESH} 
     1	7.52088934244e-09
     2	6.37466890064e-09
     3	5.64112079962e-09
     4	1.0458355392e-08
     5	8.7069123287e-09
     6	7.59591388375e-09
     7	1.50822151303e-08
     8	1.24554090638e-08
     9	1.07954823173e-08

Measurement: edge100_ro106
  step	V(ro106_out)={VTHRESH} 
     1	7.44880388468e-09
     2	6.3467107643e-09
     3	5.6259276376e-09
     4	1.02902283537e-08
     5	8.6201769967e-09
     6	7.54565191012e-09
     7	1.47725727036e-08
     8	1.22860345864e-08
     9	1.06901927515e-08

Measurement: edge100_ro107
  step	V(ro107_out)={VTHRESH} 
     1	7.39619753781e-09
     2	6.30058689955e-09
     3	5.59275130845e-09
     4	1.02188333403e-08
     5	8.55704849067e-09
     6	7.49355576203e-09
     7	1.46573003325e-08
     8	1.21835068458e-08
     9	1.06032456117e-08

Measurement: edge100_ro108
  step	V(ro108_out)={VTHRESH} 
     1	8.00327421632e-09
     2	6.70854885827e-09
     3	5.88422339586e-09
     4	1.13358273473e-08
     5	9.31120884948e-09
     6	8.04480196843e-09
     7	1.65547397477e-08
     8	1.3484387438e-08
     9	1.15706193298e-08

Measurement: edge100_ro109
  step	V(ro109_out)={VTHRESH} 
     1	7.71698821005e-09
     2	6.52143444968e-09
     3	5.74848454733e-09
     4	1.08094688428e-08
     5	8.95846814521e-09
     6	7.78846582008e-09
     7	1.56598025674e-08
     8	1.28758695609e-08
     9	1.11202246245e-08

Measurement: edge100_ro110
  step	V(ro110_out)={VTHRESH} 
     1	7.00108349223e-09
     2	6.0328453494e-09
     3	5.39626527138e-09
     4	9.51174178189e-09
     5	8.0679747136e-09
     6	7.12986696581e-09
     7	1.34719449366e-08
     8	1.13483195727e-08
     9	9.97170580972e-09

Measurement: edge100_ro111
  step	V(ro111_out)={VTHRESH} 
     1	7.47028914978e-09
     2	6.34656585109e-09
     3	5.62526417327e-09
     4	1.03339876704e-08
     5	8.62640716782e-09
     6	7.53925756215e-09
     7	1.48355354056e-08
     8	1.22870455851e-08
     9	1.06720107413e-08

Measurement: edge100_ro112
  step	V(ro112_out)={VTHRESH} 
     1	7.17437599161e-09
     2	6.14426087659e-09
     3	5.48477423118e-09
     4	9.82601406422e-09
     5	8.28770775977e-09
     6	7.29350941e-09
     7	1.40074230548e-08
     8	1.17279041309e-08
     9	1.0259620446e-08

Measurement: edge100_ro113
  step	V(ro113_out)={VTHRESH} 
     1	7.75626252589e-09
     2	6.54603179208e-09
     3	5.77117188879e-09
     4	1.08915152791e-08
     5	9.0147873342e-09
     6	7.82868422508e-09
     7	1.58047385878e-08
     8	1.29789408909e-08
     9	1.11971418841e-08

Measurement: edge100_ro114
  step	V(ro114_out)={VTHRESH} 
     1	7.3399389651e-09
     2	6.26499293914e-09
     3	5.56036716251e-09
     4	1.01462895016e-08
     5	8.4980089414e-09
     6	7.4449175274e-09
     7	1.45458622822e-08
     8	1.20884243327e-08
     9	1.0523978157e-08

Measurement: edge100_ro115
  step	V(ro115_out)={VTHRESH} 
     1	7.57083129072e-09
     2	6.39843428047e-09
     3	5.65468896312e-09
     4	1.05773728452e-08
     5	8.76672223056e-09
     6	7.63374016847e-09
     7	1.52668262402e-08
     8	1.25499223358e-08
     9	1.0854219561e-08

Measurement: edge100_ro116
  step	V(ro116_out)={VTHRESH} 
     1	7.50852794115e-09
     2	6.34464479403e-09
     3	5.64027866199e-09
     4	1.03686446647e-08
     5	8.64565867195e-09
     6	7.55384865994e-09
     7	1.4875466822e-08
     8	1.23096346701e-08
     9	1.06881519906e-08

Measurement: edge100_ro117
  step	V(ro117_out)={VTHRESH} 
     1	7.70352349586e-09
     2	6.50269741669e-09
     3	5.75383191069e-09
     4	1.07870472945e-08
     5	8.93371288458e-09
     6	7.76682304515e-09
     7	1.56338893252e-08
     8	1.28475736556e-08
     9	1.10927404723e-08

Measurement: edge100_ro118
  step	V(ro118_out)={VTHRESH} 
     1	8.28159025375e-09
     2	6.78728554955e-09
     3	5.91387226251e-09
     4	1.19548977137e-08
     5	9.52993348804e-09
     6	8.13603067606e-09
     7	1.75879531898e-08
     8	1.38706890012e-08
     9	1.17407830196e-08

Measurement: edge100_ro119
  step	V(ro119_out)={VTHRESH} 
     1	7.47730509488e-09
     2	6.34776530049e-09
     3	5.61705620685e-09
     4	1.03541735614e-08
     5	8.62904364724e-09
     6	7.53707142193e-09
     7	1.4871870814e-08
     8	1.22989963872e-08
     9	1.06745514257e-08

Measurement: edge100_ro120
  step	V(ro120_out)={VTHRESH} 
     1	7.82929793113e-09
     2	6.59138798739e-09
     3	5.80737194626e-09
     4	1.10035811452e-08
     5	9.09150539558e-09
     6	7.88530503187e-09
     7	1.59888520833e-08
     8	1.31039153058e-08
     9	1.12909514422e-08

Measurement: edge100_ro121
  step	V(ro121_out)={VTHRESH} 
     1	7.10928095834e-09
     2	6.10633747946e-09
     3	5.45434527165e-09
     4	9.7209494538e-09
     5	8.22293843741e-09
     6	7.24984568335e-09
     7	1.38400336107e-08
     8	1.16252795536e-08
     9	1.0190038541e-08

Measurement: edge100_ro122
  step	V(ro122_out)={VTHRESH} 
     1	7.22545995866e-09
     2	6.18978745994e-09
     3	5.5117413283e-09
     4	9.89015817396e-09
     5	8.33375666474e-09
     6	7.33168993252e-09
     7	1.40928391125e-08
     8	1.17924573781e-08
     9	1.0309599375e-08

Measurement: edge100_ro123
  step	V(ro123_out)={VTHRESH} 
     1	7.82823829463e-09
     2	6.58429644647e-09
     3	5.80312803806e-09
     4	1.09572112023e-08
     5	9.05338352756e-09
     6	7.85715413357e-09
     7	1.58675480913e-08
     8	1.30057778425e-08
     9	1.12134250429e-08

Measurement: edge100_ro124
  step	V(ro124_out)={VTHRESH} 
     1	7.33736759787e-09
     2	6.25267737157e-09
     3	5.5515720788e-09
     4	1.01179162161e-08
     5	8.47900953278e-09
     6	7.43107922072e-09
     7	1.4495834437e-08
     8	1.20534792737e-08
     9	1.0497482896e-08

Measurement: edge100_ro125
  step	V(ro125_out)={VTHRESH} 
     1	7.32972325442e-09
     2	6.25479734374e-09
     3	5.56279344845e-09
     4	1.00632710767e-08
     5	8.4601469802e-09
     6	7.42626672822e-09
     7	1.43850423181e-08
     8	1.20092266145e-08
     9	1.04805642008e-08

Measurement: edge100_ro126
  step	V(ro126_out)={VTHRESH} 
     1	7.30920075622e-09
     2	6.23440500123e-09
     3	5.54184725151e-09
     4	1.00706433349e-08
     5	8.43809743661e-09
     6	7.40072010429e-09
     7	1.43942580155e-08
     8	1.19652334456e-08
     9	1.04284877119e-08

Measurement: edge100_ro127
  step	V(ro127_out)={VTHRESH} 
     1	7.22009203171e-09
     2	6.18267501117e-09
     3	5.51274143091e-09
     4	9.87688403917e-09
     5	8.32750821698e-09
     6	7.3298363854e-09
     7	1.40669167937e-08
     8	1.17800963438e-08
     9	1.03037364133e-08
