LTspice 26.0.2 for Windows
Circuit: C:\Users\JUST\Documents\LTspice\RO_PUF_PVT_100\chip_040_PVT.net
Start Time: Mon Jul 20 00:37:00 2026
Options:plotwinsize=0 numdgt=10 reltol=1e-4 abstol=1e-12 vntol=1e-6 reltol=0.003 vntol=1m abstol=1e-10 gmin=1e-10 threads=1

.step vddval=0.9 temp=-20°
solver = Normal
Maximum thread count: 1
tnom = 27
temp = -20
method = trap
gmin = 1e-10
abstol = 1e-10
reltol = 0.003
volttol = 0.001
Per .tran options, skipping operating point for transient analysis.

.step vddval=1 temp=-20°

.step vddval=1.1 temp=-20°

.step vddval=0.9 temp=25°

.step vddval=1 temp=25°

.step vddval=1.1 temp=25°

.step vddval=0.9 temp=80°

.step vddval=1 temp=80°

.step vddval=1.1 temp=80°
Total elapsed time: 2149.975 seconds.

Files loaded:
C:\Users\JUST\Documents\LTspice\RO_PUF_PVT_100\chip_040_PVT.net
C:\Users\JUST\Documents\LTspice\RO_PUF_PVT_100\45nm_HP.pm
C:\Users\JUST\Documents\LTspice\RO_PUF_PVT_100\chip_040_mismatch.inc


Measurement: t_ro0
  step	t_ro0	FROM	TO
     1	6.25619120842e-09	1.50402681849e-09	7.76021802691e-09
     2	5.27999341615e-09	1.2666181005e-09	6.54661151665e-09
     3	4.64706516198e-09	1.11433023355e-09	5.76139539553e-09
     4	8.7622920468e-09	2.10767927666e-09	1.08699713235e-08
     5	7.24808120008e-09	1.74109312954e-09	8.98917432962e-09
     6	6.2952074653e-09	1.51105164386e-09	7.80625910916e-09
     7	1.26972828732e-08	3.05461944853e-09	1.57519023217e-08
     8	1.04172310711e-08	2.50266617205e-09	1.29198972432e-08
     9	8.98695078035e-09	2.15753200188e-09	1.11444827822e-08

Measurement: t_ro1
  step	t_ro1	FROM	TO
     1	5.98103554204e-09	1.43157839512e-09	7.41261393716e-09
     2	5.09776320392e-09	1.21816719383e-09	6.31593039775e-09
     3	4.51859752281e-09	1.07913251952e-09	5.59773004233e-09
     4	8.28239219691e-09	1.98226944728e-09	1.02646616442e-08
     5	6.93134553057e-09	1.65634532575e-09	8.58769085632e-09
     6	6.06778755888e-09	1.44882937172e-09	7.51661693059e-09
     7	1.18989997609e-08	2.8471134251e-09	1.4746113186e-08
     8	9.88141961912e-09	2.36091494371e-09	1.22423345628e-08
     9	8.59541413468e-09	2.05188052442e-09	1.06472946591e-08

Measurement: t_ro2
  step	t_ro2	FROM	TO
     1	6.28679295858e-09	1.50133100131e-09	7.78812395989e-09
     2	5.29071318233e-09	1.2623647263e-09	6.55307790863e-09
     3	4.66768176808e-09	1.11229230027e-09	5.77997406835e-09
     4	8.81258816597e-09	2.10187952768e-09	1.09144676937e-08
     5	7.28409611577e-09	1.73599724473e-09	9.0200933605e-09
     6	6.32366192315e-09	1.50632376498e-09	7.82998568813e-09
     7	1.27800080473e-08	3.04419311312e-09	1.58242011605e-08
     8	1.047349349e-08	2.49431977204e-09	1.2967813262e-08
     9	9.03017228943e-09	2.14972604403e-09	1.11798983335e-08

Measurement: t_ro3
  step	t_ro3	FROM	TO
     1	6.40000235079e-09	1.53426548397e-09	7.93426783476e-09
     2	5.37678280311e-09	1.28586870678e-09	6.6626515099e-09
     3	4.72465815741e-09	1.12799722002e-09	5.85265537743e-09
     4	9.01186022369e-09	2.16120167103e-09	1.11730618947e-08
     5	7.42310395757e-09	1.77583417314e-09	9.19893813072e-09
     6	6.42685056582e-09	1.53499326218e-09	7.961843828e-09
     7	1.31132271208e-08	3.14367030506e-09	1.62568974258e-08
     8	1.0711823214e-08	2.56236855516e-09	1.32741917691e-08
     9	9.21119610702e-09	2.20010211436e-09	1.14112982214e-08

Measurement: t_ro4
  step	t_ro4	FROM	TO
     1	6.14578835341e-09	1.47593051447e-09	7.62171886788e-09
     2	5.19643091292e-09	1.24610167746e-09	6.44253259038e-09
     3	4.59592591508e-09	1.10050775843e-09	5.69643367351e-09
     4	8.57395293561e-09	2.05972080474e-09	1.06336737403e-08
     5	7.11856797858e-09	1.70791678213e-09	8.82648476071e-09
     6	6.20018441368e-09	1.4857999781e-09	7.68598439178e-09
     7	1.23847080304e-08	2.97526541935e-09	1.53599734498e-08
     8	1.0200734811e-08	2.44789126037e-09	1.26486260714e-08
     9	8.82672193548e-09	2.11610839576e-09	1.09428303312e-08

Measurement: t_ro5
  step	t_ro5	FROM	TO
     1	5.97746641996e-09	1.43784852155e-09	7.41531494152e-09
     2	5.09462467456e-09	1.22345726084e-09	6.3180819354e-09
     3	4.52178369833e-09	1.08399381499e-09	5.60577751332e-09
     4	8.24940245021e-09	1.9862847674e-09	1.02356872176e-08
     5	6.90971066325e-09	1.66125811221e-09	8.57096877546e-09
     6	6.05130880011e-09	1.45303487036e-09	7.50434367047e-09
     7	1.18307454419e-08	2.8498739233e-09	1.46806193652e-08
     8	9.8350567983e-09	2.36577880453e-09	1.22008356028e-08
     9	8.55996988042e-09	2.05692694946e-09	1.06168968299e-08

Measurement: t_ro6
  step	t_ro6	FROM	TO
     1	6.16776784503e-09	1.48639775113e-09	7.65416559616e-09
     2	5.1914230092e-09	1.24790477896e-09	6.43932778817e-09
     3	4.58120534221e-09	1.10001191321e-09	5.68121725542e-09
     4	8.66432119967e-09	2.08903856124e-09	1.07533597609e-08
     5	7.13819094325e-09	1.71724337852e-09	8.85543432177e-09
     6	6.19875651782e-09	1.48952005092e-09	7.68827656874e-09
     7	1.25338137501e-08	3.02237531744e-09	1.55561890675e-08
     8	1.02311865994e-08	2.46216569617e-09	1.26933522955e-08
     9	8.81912810842e-09	2.12005301561e-09	1.0939181124e-08

Measurement: t_ro7
  step	t_ro7	FROM	TO
     1	6.08000119956e-09	1.46373334652e-09	7.54373454608e-09
     2	5.16561924755e-09	1.24100114079e-09	6.40662038834e-09
     3	4.57465697649e-09	1.09751269005e-09	5.67216966654e-09
     4	8.43703071947e-09	2.03299609356e-09	1.0470026813e-08
     5	7.03999696782e-09	1.69321146432e-09	8.73320843214e-09
     6	6.14917921426e-09	1.47685904173e-09	7.62603825599e-09
     7	1.21420831611e-08	2.92732724848e-09	1.50694104096e-08
     8	1.00565845187e-08	2.42032984401e-09	1.24769143627e-08
     9	8.72950385088e-09	2.09828231328e-09	1.08277861642e-08

Measurement: t_ro8
  step	t_ro8	FROM	TO
     1	6.00667909785e-09	1.4424195656e-09	7.44909866345e-09
     2	5.12000061207e-09	1.22693556531e-09	6.34693617739e-09
     3	4.53518502311e-09	1.08589422687e-09	5.62107924998e-09
     4	8.31018000936e-09	1.99628653776e-09	1.03064665471e-08
     5	6.95536922287e-09	1.66843619589e-09	8.62380541876e-09
     6	6.0854563236e-09	1.45741511413e-09	7.54287143773e-09
     7	1.19381721935e-08	2.86810076666e-09	1.48062729601e-08
     8	9.91887464299e-09	2.37990278763e-09	1.22987774306e-08
     9	8.62680533131e-09	2.06769976637e-09	1.06945050977e-08

Measurement: t_ro9
  step	t_ro9	FROM	TO
     1	6.22629070102e-09	1.48401500957e-09	7.71030571059e-09
     2	5.25505541587e-09	1.2523526964e-09	6.50740811226e-09
     3	4.64000007398e-09	1.10521796965e-09	5.74521804363e-09
     4	8.66507773206e-09	2.06418034718e-09	1.07292580792e-08
     5	7.17920988934e-09	1.70958186634e-09	8.88879175568e-09
     6	6.24425618454e-09	1.48685037638e-09	7.73110656092e-09
     7	1.25096474473e-08	2.97799210906e-09	1.54876395563e-08
     8	1.02780096226e-08	2.44585466539e-09	1.2723864288e-08
     9	8.88023543448e-09	2.11294993411e-09	1.09931853686e-08

Measurement: t_ro10
  step	t_ro10	FROM	TO
     1	6.0963031567e-09	1.45707053772e-09	7.55337369443e-09
     2	5.16659781412e-09	1.23262224769e-09	6.39922006181e-09
     3	4.57170954263e-09	1.09013392224e-09	5.66184346487e-09
     4	8.49419039816e-09	2.02765416006e-09	1.05218445582e-08
     5	7.06360771195e-09	1.68445190531e-09	8.74805961727e-09
     6	6.16032317466e-09	1.46823526159e-09	7.62855843624e-09
     7	1.22556030344e-08	2.92098800192e-09	1.51765910363e-08
     8	1.01072824842e-08	2.40802318929e-09	1.25153056735e-08
     9	8.75544286365e-09	2.08518218894e-09	1.08406250526e-08

Measurement: t_ro11
  step	t_ro11	FROM	TO
     1	5.92000070773e-09	1.42765535138e-09	7.34765605911e-09
     2	5.05542696173e-09	1.2157944191e-09	6.27122138083e-09
     3	4.48000612174e-09	1.07575463665e-09	5.55576075839e-09
     4	8.19962446255e-09	1.97767380086e-09	1.01772982634e-08
     5	6.86948653583e-09	1.65403369575e-09	8.52352023159e-09
     6	6.01890908257e-09	1.44708415166e-09	7.46599323423e-09
     7	1.176226289e-08	2.83855277697e-09	1.4600815667e-08
     8	9.77889742222e-09	2.35622991831e-09	1.21351273405e-08
     9	8.51447325493e-09	2.04883767766e-09	1.05633109326e-08

Measurement: t_ro12
  step	t_ro12	FROM	TO
     1	6.05105945937e-09	1.45686904148e-09	7.50792850085e-09
     2	5.13692986252e-09	1.23436860234e-09	6.37129846486e-09
     3	4.55350630482e-09	1.0925231941e-09	5.64602949892e-09
     4	8.3886096816e-09	2.02156501592e-09	1.04101746975e-08
     5	7.00198851563e-09	1.68410936386e-09	8.68609787949e-09
     6	6.11804759822e-09	1.46932999032e-09	7.58737758854e-09
     7	1.20650715786e-08	2.90910991318e-09	1.49741814918e-08
     8	9.99456187821e-09	2.40545588943e-09	1.24000177676e-08
     9	8.67810533921e-09	2.08568950343e-09	1.07637948426e-08

Measurement: t_ro13
  step	t_ro13	FROM	TO
     1	5.94520611991e-09	1.43259452376e-09	7.37780064367e-09
     2	5.0734679774e-09	1.22030995992e-09	6.29377793731e-09
     3	4.49851604613e-09	1.08161670076e-09	5.58013274689e-09
     4	8.21602557114e-09	1.98204288352e-09	1.01980684547e-08
     5	6.87980996569e-09	1.65661347294e-09	8.53642343863e-09
     6	6.02795202359e-09	1.45069274016e-09	7.47864476375e-09
     7	1.17760073697e-08	2.8425769495e-09	1.46185843193e-08
     8	9.78609802151e-09	2.35877907846e-09	1.21448771e-08
     9	8.51987597156e-09	2.05190897598e-09	1.05717849475e-08

Measurement: t_ro14
  step	t_ro14	FROM	TO
     1	6.29285095701e-09	1.50982953743e-09	7.80268049444e-09
     2	5.30363312745e-09	1.2702271468e-09	6.57386027425e-09
     3	4.67429977259e-09	1.11864152534e-09	5.79294129793e-09
     4	8.80892376537e-09	2.11391380859e-09	1.0922837574e-08
     5	7.28799015412e-09	1.7457007681e-09	9.03369092222e-09
     6	6.32835231006e-09	1.51445503444e-09	7.8428073445e-09
     7	1.27572201171e-08	3.06045144493e-09	1.5817671562e-08
     8	1.04715481761e-08	2.50789351962e-09	1.29794416957e-08
     9	9.03382102814e-09	2.16155847895e-09	1.11953795071e-08

Measurement: t_ro15
  step	t_ro15	FROM	TO
     1	5.95772933795e-09	1.43211530041e-09	7.38984463836e-09
     2	5.0814127676e-09	1.2182832306e-09	6.2996959982e-09
     3	4.51365427e-09	1.08039556734e-09	5.59404983734e-09
     4	8.22953260637e-09	1.97944267569e-09	1.02089752821e-08
     5	6.90115245831e-09	1.65592350073e-09	8.55707595904e-09
     6	6.04847841122e-09	1.44901075009e-09	7.49748916131e-09
     7	1.18015743876e-08	2.83940570695e-09	1.46409800946e-08
     8	9.82369007081e-09	2.35832016053e-09	1.21820102313e-08
     9	8.55700932582e-09	2.05112985803e-09	1.06081391838e-08

Measurement: t_ro16
  step	t_ro16	FROM	TO
     1	5.790327164e-09	1.39052327787e-09	7.18085044187e-09
     2	4.95999996455e-09	1.19059119593e-09	6.15059116048e-09
     3	4.43146548261e-09	1.06257847042e-09	5.49404395302e-09
     4	7.93232582221e-09	1.90585453941e-09	9.83818036161e-09
     5	6.69809439076e-09	1.60734513662e-09	8.30543952737e-09
     6	5.89734129631e-09	1.41449493687e-09	7.31183623319e-09
     7	1.13061704079e-08	2.71667738896e-09	1.40228477968e-08
     8	9.47979589672e-09	2.27525921674e-09	1.17550551135e-08
     9	8.29806066181e-09	1.99058717316e-09	1.0288647835e-08

Measurement: t_ro17
  step	t_ro17	FROM	TO
     1	5.91135474303e-09	1.41520512329e-09	7.32655986632e-09
     2	5.03437822532e-09	1.20259735953e-09	6.23697558484e-09
     3	4.48012179316e-09	1.06973052036e-09	5.54985231351e-09
     4	8.18708305301e-09	1.96012706093e-09	1.01472101139e-08
     5	6.84562547537e-09	1.63544861842e-09	8.48107409379e-09
     6	5.99544949825e-09	1.43098953325e-09	7.4264390315e-09
     7	1.17381715076e-08	2.80901197344e-09	1.4547183481e-08
     8	9.73455120834e-09	2.32513933872e-09	1.20596905471e-08
     9	8.4695785028e-09	2.02105342412e-09	1.04906319269e-08

Measurement: t_ro18
  step	t_ro18	FROM	TO
     1	6.46995598079e-09	1.55709316411e-09	8.02704914489e-09
     2	5.41307207897e-09	1.30210159742e-09	6.71517367639e-09
     3	4.74281744857e-09	1.14059441485e-09	5.88341186343e-09
     4	9.17053645802e-09	2.20882191433e-09	1.13793583723e-08
     5	7.50908642289e-09	1.80705141571e-09	9.3161378386e-09
     6	6.4784458775e-09	1.55894360643e-09	8.03738948393e-09
     7	1.33931021572e-08	3.2274565791e-09	1.66205587363e-08
     8	1.08700238872e-08	2.61773410501e-09	1.34877579922e-08
     9	9.31342341231e-09	2.24233517894e-09	1.15557585912e-08

Measurement: t_ro19
  step	t_ro19	FROM	TO
     1	6.20448280501e-09	1.48294266844e-09	7.68742547345e-09
     2	5.247374374e-09	1.25262323525e-09	6.49999760925e-09
     3	4.63186565607e-09	1.10548216063e-09	5.7373478167e-09
     4	8.66958108011e-09	2.07137673313e-09	1.07409578132e-08
     5	7.19452043651e-09	1.71723888681e-09	8.91175932332e-09
     6	6.26026806106e-09	1.49357859992e-09	7.75384666098e-09
     7	1.25402440371e-08	2.99487553013e-09	1.55351195672e-08
     8	1.0325338872e-08	2.46380625045e-09	1.27891451224e-08
     9	8.9262468052e-09	2.12884378885e-09	1.1055090594e-08

Measurement: t_ro20
  step	t_ro20	FROM	TO
     1	6.12418329e-09	1.47204545514e-09	7.59622874514e-09
     2	5.18521534989e-09	1.24499191403e-09	6.43020726391e-09
     3	4.58217839759e-09	1.09905928074e-09	5.68123767833e-09
     4	8.5301683572e-09	2.05180034477e-09	1.0581968702e-08
     5	7.09009209385e-09	1.7038973095e-09	8.79398940336e-09
     6	6.17768269735e-09	1.48331617672e-09	7.66099887407e-09
     7	1.23173355426e-08	2.96388083489e-09	1.52812163775e-08
     8	1.01559568542e-08	2.44187452379e-09	1.2597831378e-08
     9	8.79079176438e-09	2.11211644671e-09	1.09029082111e-08

Measurement: t_ro21
  step	t_ro21	FROM	TO
     1	5.70453763019e-09	1.36490706404e-09	7.06944469422e-09
     2	4.90241742781e-09	1.17195400828e-09	6.07437143609e-09
     3	4.37967858285e-09	1.04642585679e-09	5.42610443964e-09
     4	7.80242686364e-09	1.86662638669e-09	9.66905325033e-09
     5	6.59245690504e-09	1.57576137236e-09	8.1682182774e-09
     6	5.81421219005e-09	1.38903043298e-09	7.20324262303e-09
     7	1.10953211735e-08	2.65392162945e-09	1.37492428029e-08
     8	9.30612333839e-09	2.22405934328e-09	1.15301826817e-08
     9	8.15892064032e-09	1.94861124271e-09	1.0107531883e-08

Measurement: t_ro22
  step	t_ro22	FROM	TO
     1	6.05775969964e-09	1.45818943521e-09	7.51594913486e-09
     2	5.12000972757e-09	1.23381791204e-09	6.35382763961e-09
     3	4.54441815809e-09	1.0937008657e-09	5.63811902379e-09
     4	8.41208847985e-09	2.02729282214e-09	1.0439381302e-08
     5	7.00272913023e-09	1.68747776118e-09	8.69020689141e-09
     6	6.1099102823e-09	1.47189280798e-09	7.58180309028e-09
     7	1.21149497862e-08	2.92228542086e-09	1.50372352071e-08
     8	1.00060236352e-08	2.41334103651e-09	1.24193646717e-08
     9	8.67382972726e-09	2.09143601293e-09	1.07652657402e-08

Measurement: t_ro23
  step	t_ro23	FROM	TO
     1	6.44015399525e-09	1.55090873377e-09	7.99106272901e-09
     2	5.39205026916e-09	1.29667115356e-09	6.68872142271e-09
     3	4.73100715159e-09	1.13681792438e-09	5.86782507597e-09
     4	9.12557420997e-09	2.20018082581e-09	1.13257550358e-08
     5	7.47714756199e-09	1.80024084094e-09	9.27738840293e-09
     6	6.45694219402e-09	1.55331526171e-09	8.01025745573e-09
     7	1.33113132958e-08	3.21238590405e-09	1.65236991999e-08
     8	1.08127660808e-08	2.60533446879e-09	1.34181005496e-08
     9	9.27119172744e-09	2.23214145904e-09	1.15033331865e-08

Measurement: t_ro24
  step	t_ro24	FROM	TO
     1	6.03018000094e-09	1.44636114354e-09	7.47654114448e-09
     2	5.13258021466e-09	1.22934404155e-09	6.36192425621e-09
     3	4.55183203738e-09	1.08943695509e-09	5.64126899247e-09
     4	8.34362787367e-09	2.00189255155e-09	1.03455204252e-08
     5	6.98372876035e-09	1.67306950648e-09	8.65679826683e-09
     6	6.10962709962e-09	1.46247471826e-09	7.57210181788e-09
     7	1.19925725572e-08	2.8772663919e-09	1.48698389491e-08
     8	9.96468658883e-09	2.38726532471e-09	1.23519519135e-08
     9	8.66442716116e-09	2.07402778021e-09	1.07384549414e-08

Measurement: t_ro25
  step	t_ro25	FROM	TO
     1	5.94556788579e-09	1.42749090182e-09	7.37305878761e-09
     2	5.07900658643e-09	1.21812283345e-09	6.29712941988e-09
     3	4.50563203204e-09	1.07950062782e-09	5.58513265986e-09
     4	8.1934608256e-09	1.96776418727e-09	1.01612250129e-08
     5	6.87486253528e-09	1.64937287625e-09	8.52423541153e-09
     6	6.02533266314e-09	1.44410444832e-09	7.46943711146e-09
     7	1.17346324119e-08	2.81839558403e-09	1.45530279959e-08
     8	9.77320908743e-09	2.34465825574e-09	1.21178673432e-08
     9	8.51514392403e-09	2.04124180685e-09	1.05563857309e-08

Measurement: t_ro26
  step	t_ro26	FROM	TO
     1	6.21287123269e-09	1.49779363484e-09	7.71066486753e-09
     2	5.24692991422e-09	1.26287239088e-09	6.5098023051e-09
     3	4.63413186281e-09	1.11480238456e-09	5.74893424737e-09
     4	8.67055408318e-09	2.09347873625e-09	1.07640328194e-08
     5	7.18650045606e-09	1.73263531821e-09	8.91913577427e-09
     6	6.24854381559e-09	1.50468323007e-09	7.75322704566e-09
     7	1.25403910084e-08	3.02992687827e-09	1.55703178866e-08
     8	1.03107123114e-08	2.48782811473e-09	1.27985404261e-08
     9	8.90749420751e-09	2.14719325829e-09	1.10546874658e-08

Measurement: t_ro27
  step	t_ro27	FROM	TO
     1	5.96527008039e-09	1.43601392415e-09	7.40128400454e-09
     2	5.08461116417e-09	1.2218890883e-09	6.30650025247e-09
     3	4.51042210949e-09	1.08291856377e-09	5.59334067325e-09
     4	8.23933594529e-09	1.98582357424e-09	1.02251595195e-08
     5	6.89927761507e-09	1.66007330372e-09	8.55935091879e-09
     6	6.04277472175e-09	1.4523718721e-09	7.49514659385e-09
     7	1.18142698407e-08	2.84952130193e-09	1.46637911426e-08
     8	9.81947152805e-09	2.36466021478e-09	1.21841317428e-08
     9	8.54691728063e-09	2.05621622826e-09	1.06031335089e-08

Measurement: t_ro28
  step	t_ro28	FROM	TO
     1	5.98616830247e-09	1.44113509824e-09	7.42730340071e-09
     2	5.08789998882e-09	1.22387752785e-09	6.31177751667e-09
     3	4.50615298993e-09	1.0836906702e-09	5.58984366013e-09
     4	8.32018381433e-09	2.00543548284e-09	1.03256192972e-08
     5	6.93188791272e-09	1.6688533552e-09	8.60074126792e-09
     6	6.05750549586e-09	1.45775446941e-09	7.51525996527e-09
     7	1.1975590601e-08	2.88746294664e-09	1.48630535476e-08
     8	9.89013523043e-09	2.38231347941e-09	1.22724487098e-08
     9	8.58321746855e-09	2.06657502229e-09	1.06497924908e-08

Measurement: t_ro29
  step	t_ro29	FROM	TO
     1	5.93877106691e-09	1.43121958987e-09	7.36999065677e-09
     2	5.03301154691e-09	1.21169104002e-09	6.24470258694e-09
     3	4.46381222741e-09	1.07371081288e-09	5.53752304029e-09
     4	8.23515024722e-09	1.98704378099e-09	1.02221940282e-08
     5	6.83162169152e-09	1.64680229675e-09	8.47842398827e-09
     6	5.96392836818e-09	1.43647999238e-09	7.40040836056e-09
     7	1.18212780955e-08	2.85518793009e-09	1.46764660256e-08
     8	9.71600907036e-09	2.34470317071e-09	1.20607122411e-08
     9	8.42128123575e-09	2.03081986818e-09	1.04521011039e-08

Measurement: t_ro30
  step	t_ro30	FROM	TO
     1	5.75999872316e-09	1.37859405863e-09	7.13859278179e-09
     2	4.94555810352e-09	1.18226890947e-09	6.12782701299e-09
     3	4.41116938741e-09	1.05429586178e-09	5.4654652492e-09
     4	7.87582060931e-09	1.88539470102e-09	9.76121531033e-09
     5	6.65460987085e-09	1.59114072816e-09	8.24575059901e-09
     6	5.86422030811e-09	1.40136616286e-09	7.26558647096e-09
     7	1.12144404328e-08	2.68403868641e-09	1.38984791192e-08
     8	9.4073448165e-09	2.24892035545e-09	1.1656265172e-08
     9	8.24097508179e-09	1.96894954335e-09	1.02099246251e-08

Measurement: t_ro31
  step	t_ro31	FROM	TO
     1	6.37099813976e-09	1.52672566706e-09	7.89772380682e-09
     2	5.34116025578e-09	1.27801113866e-09	6.61917139444e-09
     3	4.69168220028e-09	1.12143382831e-09	5.81311602858e-09
     4	8.97832402483e-09	2.15165686587e-09	1.11299808907e-08
     5	7.37764440882e-09	1.76546471195e-09	9.14310912077e-09
     6	6.38275611971e-09	1.52569002987e-09	7.90844614958e-09
     7	1.30710675904e-08	3.13150894935e-09	1.62025765398e-08
     8	1.06489958797e-08	2.5480524592e-09	1.31970483389e-08
     9	9.14839470071e-09	2.18667070677e-09	1.13350654075e-08

Measurement: t_ro32
  step	t_ro32	FROM	TO
     1	5.82634929704e-09	1.39741104066e-09	7.22376033769e-09
     2	4.97188622774e-09	1.19142302335e-09	6.1633092511e-09
     3	4.43882969844e-09	1.06265873353e-09	5.50148843197e-09
     4	8.02272979174e-09	1.92441168713e-09	9.94714147886e-09
     5	6.74218880964e-09	1.61547065004e-09	8.35765945968e-09
     6	5.92015650782e-09	1.41835949078e-09	7.33851599859e-09
     7	1.14750876979e-08	2.75236278066e-09	1.42274504786e-08
     8	9.56854423734e-09	2.29259899715e-09	1.18611432345e-08
     9	8.35142355483e-09	1.99955125496e-09	1.03509748098e-08

Measurement: t_ro33
  step	t_ro33	FROM	TO
     1	5.92000007682e-09	1.42930402278e-09	7.3493040996e-09
     2	5.0462695154e-09	1.21728256315e-09	6.26355207855e-09
     3	4.47976573281e-09	1.07972661378e-09	5.55949234659e-09
     4	8.21967752722e-09	1.98600193372e-09	1.02056794609e-08
     5	6.86229272549e-09	1.6568992076e-09	8.5191919331e-09
     6	6.00366188556e-09	1.44912160582e-09	7.45278349138e-09
     7	1.18049703029e-08	2.85481188717e-09	1.46597821901e-08
     8	9.77271585292e-09	2.3615005524e-09	1.21342164053e-08
     9	8.49370629053e-09	2.05158627969e-09	1.05452925702e-08

Measurement: t_ro34
  step	t_ro34	FROM	TO
     1	5.95655696631e-09	1.43145410301e-09	7.38801106932e-09
     2	5.08156464219e-09	1.21979346219e-09	6.30135810438e-09
     3	4.51314787847e-09	1.08261985272e-09	5.59576773119e-09
     4	8.20883168988e-09	1.97394525239e-09	1.01827769423e-08
     5	6.88421941561e-09	1.65382700803e-09	8.53804642364e-09
     6	6.03607643401e-09	1.44892431922e-09	7.48500075323e-09
     7	1.17629154156e-08	2.82936818353e-09	1.45922835991e-08
     8	9.79561283979e-09	2.35387087355e-09	1.21494837133e-08
     9	8.53540453173e-09	2.04980591873e-09	1.05852104505e-08

Measurement: t_ro35
  step	t_ro35	FROM	TO
     1	6.3199436992e-09	1.52435802297e-09	7.84430172217e-09
     2	5.31970086928e-09	1.28104499579e-09	6.60074586507e-09
     3	4.68820893435e-09	1.12750798265e-09	5.815716917e-09
     4	8.85270460043e-09	2.13765712243e-09	1.09903617229e-08
     5	7.31943292223e-09	1.76440730883e-09	9.08384023106e-09
     6	6.35198561254e-09	1.52950044985e-09	7.88148606239e-09
     7	1.2838880126e-08	3.10148051752e-09	1.59403606435e-08
     8	1.05311953813e-08	2.53999794858e-09	1.30711933299e-08
     9	9.07991207103e-09	2.18775787743e-09	1.12676699485e-08

Measurement: t_ro36
  step	t_ro36	FROM	TO
     1	6.00428136693e-09	1.44091793003e-09	7.44519929696e-09
     2	5.12000888163e-09	1.22722898521e-09	6.34723786684e-09
     3	4.5388180764e-09	1.08626349764e-09	5.62508157404e-09
     4	8.31212811084e-09	1.99542330865e-09	1.03075514195e-08
     5	6.96183951112e-09	1.66884765442e-09	8.63068716554e-09
     6	6.09345959917e-09	1.45917572682e-09	7.55263532599e-09
     7	1.19453586611e-08	2.86762765191e-09	1.4812986313e-08
     8	9.93208532351e-09	2.38116031698e-09	1.23132456405e-08
     9	8.64025119924e-09	2.06975369059e-09	1.07100048898e-08

Measurement: t_ro37
  step	t_ro37	FROM	TO
     1	6.05394853428e-09	1.45169152461e-09	7.50564005889e-09
     2	5.12005787498e-09	1.22759245706e-09	6.34765033204e-09
     3	4.54308934409e-09	1.08668599176e-09	5.62977533585e-09
     4	8.42987001273e-09	2.02168745255e-09	1.04515574653e-08
     5	7.01567109804e-09	1.6801384352e-09	8.69580953324e-09
     6	6.12115861567e-09	1.46454199807e-09	7.58570061373e-09
     7	1.2154067588e-08	2.91442404789e-09	1.50684916359e-08
     8	1.00337459839e-08	2.40285281057e-09	1.24365987944e-08
     9	8.69636228726e-09	2.08070836702e-09	1.07770706543e-08

Measurement: t_ro38
  step	t_ro38	FROM	TO
     1	6.00368361542e-09	1.44572213487e-09	7.4494057503e-09
     2	5.12000744249e-09	1.23177053328e-09	6.35177797578e-09
     3	4.53043084028e-09	1.08865026102e-09	5.6190811013e-09
     4	8.31310821788e-09	2.00381231283e-09	1.03169205307e-08
     5	6.94827496546e-09	1.67235469184e-09	8.62062965729e-09
     6	6.07923508917e-09	1.46188489626e-09	7.54111998544e-09
     7	1.19306238478e-08	2.87685193424e-09	1.48074757821e-08
     8	9.8971071167e-09	2.38319927085e-09	1.22803063876e-08
     9	8.60427277659e-09	2.07037735218e-09	1.06746501288e-08

Measurement: t_ro39
  step	t_ro39	FROM	TO
     1	5.94408570549e-09	1.43340072863e-09	7.37748643412e-09
     2	5.07226139761e-09	1.22212431772e-09	6.29438571533e-09
     3	4.5005953989e-09	1.08369185921e-09	5.58428725811e-09
     4	8.19010690752e-09	1.9773579922e-09	1.01674648997e-08
     5	6.86576764709e-09	1.65579483223e-09	8.52156247931e-09
     6	6.01603890536e-09	1.44999049888e-09	7.46602940424e-09
     7	1.17282187719e-08	2.8336006551e-09	1.4561819427e-08
     8	9.75864523345e-09	2.35523612647e-09	1.21138813599e-08
     9	8.49873324895e-09	2.04978873532e-09	1.05485219843e-08

Measurement: t_ro40
  step	t_ro40	FROM	TO
     1	6.155052556e-09	1.47284920632e-09	7.62790176232e-09
     2	5.20923316872e-09	1.24483070887e-09	6.4540638776e-09
     3	4.60628778208e-09	1.09956109519e-09	5.70584887728e-09
     4	8.56485422958e-09	2.04972452151e-09	1.06145787511e-08
     5	7.11895000429e-09	1.70086930838e-09	8.81981931267e-09
     6	6.20331423393e-09	1.48054362201e-09	7.68385785593e-09
     7	1.23594418088e-08	2.95701160271e-09	1.53164534115e-08
     8	1.01915778635e-08	2.43457198422e-09	1.26261498477e-08
     9	8.82206931491e-09	2.10534378803e-09	1.09274131029e-08

Measurement: t_ro41
  step	t_ro41	FROM	TO
     1	5.92002327173e-09	1.42931029029e-09	7.34933356202e-09
     2	5.05719849695e-09	1.21642995685e-09	6.2736284538e-09
     3	4.49438375193e-09	1.07882909995e-09	5.57321285188e-09
     4	8.15168488643e-09	1.97018154235e-09	1.01218664288e-08
     5	6.84503293179e-09	1.64924790162e-09	8.4942808334e-09
     6	6.00484816741e-09	1.44408589139e-09	7.4489340588e-09
     7	1.16593023921e-08	2.81932916885e-09	1.44786315609e-08
     8	9.7191104115e-09	2.34386440102e-09	1.20629748125e-08
     9	8.47506490701e-09	2.04065296264e-09	1.05157178696e-08

Measurement: t_ro42
  step	t_ro42	FROM	TO
     1	6.09584279419e-09	1.48230535913e-09	7.57814815332e-09
     2	5.17168571872e-09	1.25254730582e-09	6.42423302455e-09
     3	4.57920982266e-09	1.10645352151e-09	5.68566334418e-09
     4	8.46852359601e-09	2.06195818426e-09	1.05304817803e-08
     5	7.05416132046e-09	1.7108187691e-09	8.76498008955e-09
     6	6.15775772443e-09	1.49018687644e-09	7.64794460087e-09
     7	1.21967785517e-08	2.97102847511e-09	1.51678070268e-08
     8	1.00803930232e-08	2.44707988173e-09	1.25274729049e-08
     9	8.74094076722e-09	2.11723790077e-09	1.0858178668e-08

Measurement: t_ro43
  step	t_ro43	FROM	TO
     1	6.3013837147e-09	1.50914144086e-09	7.81052515556e-09
     2	5.30683587682e-09	1.26886854029e-09	6.57570441711e-09
     3	4.67427400969e-09	1.11645893492e-09	5.79073294462e-09
     4	8.80368537729e-09	2.1083997138e-09	1.09120850911e-08
     5	7.28120088035e-09	1.74085506137e-09	9.02205594172e-09
     6	6.32254705955e-09	1.51012582254e-09	7.83267288209e-09
     7	1.27418452342e-08	3.05122230565e-09	1.57930675398e-08
     8	1.04561060695e-08	2.49960606433e-09	1.29557121338e-08
     9	9.02103362894e-09	2.15427847798e-09	1.11753121069e-08

Measurement: t_ro44
  step	t_ro44	FROM	TO
     1	5.69932988397e-09	1.37266798845e-09	7.07199787242e-09
     2	4.90153445806e-09	1.17863135891e-09	6.08016581697e-09
     3	4.38134544878e-09	1.05237747655e-09	5.43372292533e-09
     4	7.77082736456e-09	1.8729593362e-09	9.64378670076e-09
     5	6.57828051269e-09	1.58307875105e-09	8.16135926374e-09
     6	5.80518338028e-09	1.39547481917e-09	7.20065819946e-09
     7	1.10273586674e-08	2.65861898426e-09	1.36859776517e-08
     8	9.26856477513e-09	2.23137667741e-09	1.14999414525e-08
     9	8.13154056083e-09	1.955679672e-09	1.00872202328e-08

Measurement: t_ro45
  step	t_ro45	FROM	TO
     1	5.73445001006e-09	1.37510690307e-09	7.10955691313e-09
     2	4.92416806413e-09	1.17957743284e-09	6.10374549697e-09
     3	4.39305906854e-09	1.05153248975e-09	5.44459155829e-09
     4	7.85564210197e-09	1.88392230327e-09	9.73956440524e-09
     5	6.63233346467e-09	1.58919445593e-09	8.2215279206e-09
     6	5.8430892272e-09	1.39903473441e-09	7.24212396161e-09
     7	1.11944342774e-08	2.68461600782e-09	1.38790502852e-08
     8	9.38163627892e-09	2.24816583426e-09	1.16298021132e-08
     9	8.21524669067e-09	1.96734025684e-09	1.01825869475e-08

Measurement: t_ro46
  step	t_ro46	FROM	TO
     1	6.50600119069e-09	1.57166787999e-09	8.07766907069e-09
     2	5.43969203705e-09	1.30988158143e-09	6.74957361849e-09
     3	4.76668089878e-09	1.14651899361e-09	5.91319989239e-09
     4	9.20711236607e-09	2.23088241965e-09	1.14379947857e-08
     5	7.5395686296e-09	1.8216866074e-09	9.361255237e-09
     6	6.50493841658e-09	1.56868040924e-09	8.07361882582e-09
     7	1.34470914505e-08	3.26210156195e-09	1.67091930124e-08
     8	1.09184739531e-08	2.64195189545e-09	1.35604258485e-08
     9	9.35365385459e-09	2.25964481644e-09	1.1613298671e-08

Measurement: t_ro47
  step	t_ro47	FROM	TO
     1	5.69039013326e-09	1.36057945751e-09	7.05096959076e-09
     2	4.89588242846e-09	1.16953903525e-09	6.06542146371e-09
     3	4.37617100218e-09	1.04480132566e-09	5.42097232784e-09
     4	7.76935295233e-09	1.8576019876e-09	9.62695493993e-09
     5	6.57965392969e-09	1.57159715404e-09	8.15125108374e-09
     6	5.80682496984e-09	1.38627338083e-09	7.19309835067e-09
     7	1.10420539568e-08	2.63936894363e-09	1.36814229005e-08
     8	9.28558174281e-09	2.21745954409e-09	1.15030412869e-08
     9	8.1474971426e-09	1.94451158031e-09	1.00920087229e-08

Measurement: t_ro48
  step	t_ro48	FROM	TO
     1	6.2023363147e-09	1.4871783678e-09	7.68951468249e-09
     2	5.24665465777e-09	1.2561227252e-09	6.50277738297e-09
     3	4.62804330947e-09	1.10649091626e-09	5.73453422573e-09
     4	8.66274883466e-09	2.07719455164e-09	1.07399433863e-08
     5	7.18446081553e-09	1.72027300598e-09	8.9047338215e-09
     6	6.24947734269e-09	1.49462677108e-09	7.74410411377e-09
     7	1.25332374908e-08	3.00476371286e-09	1.55380012036e-08
     8	1.03126779069e-08	2.46912381197e-09	1.27818017188e-08
     9	8.91215173475e-09	2.13137809528e-09	1.104352983e-08

Measurement: t_ro49
  step	t_ro49	FROM	TO
     1	6.05870706266e-09	1.4562030816e-09	7.51491014427e-09
     2	5.13065135796e-09	1.23216960201e-09	6.36282095997e-09
     3	4.55901284781e-09	1.0933625832e-09	5.65237543101e-09
     4	8.40655382153e-09	2.02162250649e-09	1.0428176328e-08
     5	7.01747075716e-09	1.68552074164e-09	8.7029914988e-09
     6	6.13058589118e-09	1.47136474028e-09	7.60195063145e-09
     7	1.20985883418e-08	2.9102539586e-09	1.50088423004e-08
     8	1.00220800221e-08	2.40820084803e-09	1.24302808701e-08
     9	8.70099517732e-09	2.08915193013e-09	1.07901471074e-08

Measurement: t_ro50
  step	t_ro50	FROM	TO
     1	6.33139593341e-09	1.51309830414e-09	7.84449423755e-09
     2	5.32375764656e-09	1.27074310178e-09	6.59450074834e-09
     3	4.68694207612e-09	1.11814501514e-09	5.80508709127e-09
     4	8.9043272226e-09	2.12700633625e-09	1.10313335588e-08
     5	7.34628173669e-09	1.75337542555e-09	9.09965716224e-09
     6	6.36841831074e-09	1.51903516735e-09	7.88745347809e-09
     7	1.29401067321e-08	3.08958827497e-09	1.60296950071e-08
     8	1.05881315987e-08	2.52611917711e-09	1.31142507758e-08
     9	9.11714088826e-09	2.17385506563e-09	1.12909959539e-08

Measurement: t_ro51
  step	t_ro51	FROM	TO
     1	6.31062416095e-09	1.5174031864e-09	7.82802734734e-09
     2	5.3128780448e-09	1.27649946254e-09	6.58937750733e-09
     3	4.67546683301e-09	1.12296863981e-09	5.79843547282e-09
     4	8.86297760656e-09	2.13216561872e-09	1.09951432253e-08
     5	7.32108222223e-09	1.7601995458e-09	9.08128176802e-09
     6	6.34988864844e-09	1.5262806661e-09	7.87616931453e-09
     7	1.28780998781e-08	3.09909202258e-09	1.59771919007e-08
     8	1.05532434889e-08	2.53836091684e-09	1.30916044057e-08
     9	9.09249096104e-09	2.18669927807e-09	1.12791902391e-08

Measurement: t_ro52
  step	t_ro52	FROM	TO
     1	6.19554120527e-09	1.47947014542e-09	7.67501135069e-09
     2	5.24713273212e-09	1.25167716297e-09	6.49880989509e-09
     3	4.63336744868e-09	1.10460650016e-09	5.73797394885e-09
     4	8.63095571501e-09	2.06013776666e-09	1.06910934817e-08
     5	7.17135279025e-09	1.71028710771e-09	8.88163989796e-09
     6	6.24380177426e-09	1.48797648439e-09	7.73177825865e-09
     7	1.24625631988e-08	2.97334201941e-09	1.54359052182e-08
     8	1.02753729871e-08	2.44971438762e-09	1.27250873748e-08
     9	8.89103269811e-09	2.11866793525e-09	1.10097006334e-08

Measurement: t_ro53
  step	t_ro53	FROM	TO
     1	6.16754830991e-09	1.49841304974e-09	7.66596135965e-09
     2	5.21100277932e-09	1.26171218178e-09	6.4727149611e-09
     3	4.6015843161e-09	1.11215102747e-09	5.71373534357e-09
     4	8.62628591958e-09	2.09952154899e-09	1.07258074686e-08
     5	7.14570008684e-09	1.73281652621e-09	8.87851661305e-09
     6	6.21705044648e-09	1.50458059702e-09	7.72163104351e-09
     7	1.2475457154e-08	3.03844534014e-09	1.55139024942e-08
     8	1.0246637075e-08	2.48709485982e-09	1.27337319348e-08
     9	8.85344929052e-09	2.1447944583e-09	1.09982437488e-08

Measurement: t_ro54
  step	t_ro54	FROM	TO
     1	5.85707510551e-09	1.4110053089e-09	7.26808041441e-09
     2	5.01032577748e-09	1.20501733641e-09	6.2153431139e-09
     3	4.45956313788e-09	1.0715151031e-09	5.53107824098e-09
     4	8.05308288565e-09	1.94198309707e-09	9.99506598272e-09
     5	6.77277827778e-09	1.63049167165e-09	8.40326994943e-09
     6	5.94940471106e-09	1.43090538204e-09	7.38031009311e-09
     7	1.14998452158e-08	2.77470331013e-09	1.42745485259e-08
     8	9.60045788904e-09	2.31273350247e-09	1.19131913915e-08
     9	8.38260999015e-09	2.01751685595e-09	1.04001268461e-08

Measurement: t_ro55
  step	t_ro55	FROM	TO
     1	6.64198314743e-09	1.5932142256e-09	8.23519737303e-09
     2	5.51378339654e-09	1.32011213978e-09	6.83389553632e-09
     3	4.81021272287e-09	1.15078711297e-09	5.96099983584e-09
     4	9.51014788545e-09	2.28155610382e-09	1.17917039893e-08
     5	7.71877271966e-09	1.84834541118e-09	9.56711813084e-09
     6	6.62583022848e-09	1.58470425918e-09	8.21053448766e-09
     7	1.39677929682e-08	3.35021491332e-09	1.73180078815e-08
     8	1.12344210326e-08	2.69012124158e-09	1.39245422741e-08
     9	9.57132445686e-09	2.28920265858e-09	1.18605271154e-08

Measurement: t_ro56
  step	t_ro56	FROM	TO
     1	6.13399322413e-09	1.46980067279e-09	7.60379389692e-09
     2	5.19027167255e-09	1.24138555099e-09	6.43165722353e-09
     3	4.58976011946e-09	1.09668727995e-09	5.68644739941e-09
     4	8.58061137025e-09	2.05615866266e-09	1.06367700329e-08
     5	7.12279522446e-09	1.70389994835e-09	8.82669517281e-09
     6	6.20319522888e-09	1.48234376769e-09	7.68553899658e-09
     7	1.24095971581e-08	2.97266017186e-09	1.53822573299e-08
     8	1.02172966847e-08	2.44379385901e-09	1.26610905437e-08
     9	8.83862536884e-09	2.11200766504e-09	1.09506330339e-08

Measurement: t_ro57
  step	t_ro57	FROM	TO
     1	5.55530097951e-09	1.33175211416e-09	6.88705309367e-09
     2	4.80043256222e-09	1.14990090191e-09	5.95033346413e-09
     3	4.30940800703e-09	1.03113509254e-09	5.34054309957e-09
     4	7.51521282152e-09	1.80194147753e-09	9.31715429906e-09
     5	6.3982000954e-09	1.5322557811e-09	7.93045587649e-09
     6	5.66890559207e-09	1.35684713445e-09	7.02575272652e-09
     7	1.05995040575e-08	2.5420118301e-09	1.31415158876e-08
     8	8.96090167544e-09	2.14621502242e-09	1.11071166979e-08
     9	7.89822362796e-09	1.89032527812e-09	9.78854890608e-09

Measurement: t_ro58
  step	t_ro58	FROM	TO
     1	6.00231417269e-09	1.43967113907e-09	7.44198531176e-09
     2	5.12000014994e-09	1.22508561296e-09	6.34508576291e-09
     3	4.53526636662e-09	1.08451729345e-09	5.61978366007e-09
     4	8.31997000142e-09	1.9959084875e-09	1.03158784889e-08
     5	6.96217509354e-09	1.6674033947e-09	8.62957848824e-09
     6	6.09286963595e-09	1.45755699548e-09	7.55042663143e-09
     7	1.19534862197e-08	2.86751113644e-09	1.48209973562e-08
     8	9.93199226224e-09	2.37876705995e-09	1.23107593222e-08
     9	8.63859306168e-09	2.06655617769e-09	1.07051492394e-08

Measurement: t_ro59
  step	t_ro59	FROM	TO
     1	5.89250494432e-09	1.41087857786e-09	7.30338352218e-09
     2	5.02557418334e-09	1.20178244158e-09	6.22735662492e-09
     3	4.47401808683e-09	1.06946062288e-09	5.54347870971e-09
     4	8.13642485439e-09	1.94747370913e-09	1.00838985635e-08
     5	6.82623129776e-09	1.63229704787e-09	8.45852834563e-09
     6	5.98722339326e-09	1.43085594069e-09	7.41807933396e-09
     7	1.16586489215e-08	2.78983257192e-09	1.44484814934e-08
     8	9.70674561229e-09	2.32077317757e-09	1.20275187899e-08
     9	8.46030935288e-09	2.02162267758e-09	1.04819320305e-08

Measurement: t_ro60
  step	t_ro60	FROM	TO
     1	5.79730050039e-09	1.39049000812e-09	7.18779050851e-09
     2	4.97276444673e-09	1.1910181099e-09	6.16378255663e-09
     3	4.43566299849e-09	1.06187176261e-09	5.49753476109e-09
     4	7.9484273585e-09	1.90671296302e-09	9.85514032151e-09
     5	6.7119207879e-09	1.60823958797e-09	8.32016037586e-09
     6	5.90985635214e-09	1.41504932703e-09	7.32490567917e-09
     7	1.13322261991e-08	2.71833468298e-09	1.40505608821e-08
     8	9.50230769719e-09	2.27685500537e-09	1.17791627026e-08
     9	8.31775636918e-09	1.99153732748e-09	1.03092936967e-08

Measurement: t_ro61
  step	t_ro61	FROM	TO
     1	5.70344893867e-09	1.3691046557e-09	7.07255359437e-09
     2	4.9041863674e-09	1.17600944625e-09	6.08019581365e-09
     3	4.37618928186e-09	1.04855006209e-09	5.42473934395e-09
     4	7.78301684369e-09	1.86946652312e-09	9.65248336681e-09
     5	6.57882291484e-09	1.57814322039e-09	8.15696613524e-09
     6	5.80335624042e-09	1.39103590651e-09	7.19439214693e-09
     7	1.10462024401e-08	2.65401411388e-09	1.3700216554e-08
     8	9.2709349214e-09	2.2247609393e-09	1.14956958607e-08
     9	8.13069695073e-09	1.94966906478e-09	1.00803660155e-08

Measurement: t_ro62
  step	t_ro62	FROM	TO
     1	6.16479257008e-09	1.49298022522e-09	7.6577727953e-09
     2	5.20850120151e-09	1.25839001565e-09	6.46689121715e-09
     3	4.59781553019e-09	1.10950985338e-09	5.70732538356e-09
     4	8.58722677521e-09	2.08292662831e-09	1.06701534035e-08
     5	7.11940284351e-09	1.72233955368e-09	8.84174239719e-09
     6	6.19569027139e-09	1.49680075029e-09	7.69249102168e-09
     7	1.23953916219e-08	3.00853053126e-09	1.54039221531e-08
     8	1.01930037703e-08	2.46814486811e-09	1.26611486384e-08
     9	8.81153261525e-09	2.13059221486e-09	1.09421248301e-08

Measurement: t_ro63
  step	t_ro63	FROM	TO
     1	6.09942762147e-09	1.46416197927e-09	7.56358960074e-09
     2	5.17177450919e-09	1.23963726318e-09	6.41141177237e-09
     3	4.57988730669e-09	1.09714881659e-09	5.67703612327e-09
     4	8.47235267165e-09	2.03440656966e-09	1.05067592413e-08
     5	7.05864334192e-09	1.69238662697e-09	8.75102996889e-09
     6	6.16101008525e-09	1.4761479063e-09	7.63715799156e-09
     7	1.21952245311e-08	2.92825877839e-09	1.51234833095e-08
     8	1.00841866197e-08	2.41790402053e-09	1.25020906402e-08
     9	8.7460664751e-09	2.09555282136e-09	1.08416192965e-08

Measurement: t_ro64
  step	t_ro64	FROM	TO
     1	5.76000257905e-09	1.37832150092e-09	7.13832407997e-09
     2	4.93845591372e-09	1.18007112381e-09	6.11852703754e-09
     3	4.40377386223e-09	1.05143989895e-09	5.45521376118e-09
     4	7.90499196769e-09	1.89137883541e-09	9.7963708031e-09
     5	6.65846318312e-09	1.59086143266e-09	8.24932461578e-09
     6	5.86088125163e-09	1.39925929439e-09	7.26014054602e-09
     7	1.12761944561e-08	2.6970534555e-09	1.39732479116e-08
     8	9.42579577006e-09	2.25145545257e-09	1.16772512226e-08
     9	8.24636306552e-09	1.96820780588e-09	1.02145708714e-08

Measurement: t_ro65
  step	t_ro65	FROM	TO
     1	5.73380888369e-09	1.37069706526e-09	7.10450594895e-09
     2	4.92398988157e-09	1.17610304145e-09	6.10009292302e-09
     3	4.39382773362e-09	1.04920950728e-09	5.44303724089e-09
     4	7.85479707144e-09	1.87727296705e-09	9.73207003848e-09
     5	6.63229393341e-09	1.58390687086e-09	8.21620080427e-09
     6	5.84313790113e-09	1.39483736446e-09	7.23797526559e-09
     7	1.11902019569e-08	2.67351521423e-09	1.38637171711e-08
     8	9.37930221258e-09	2.23935254017e-09	1.16186547527e-08
     9	8.21326588153e-09	1.96010622922e-09	1.01733721107e-08

Measurement: t_ro66
  step	t_ro66	FROM	TO
     1	6.24000034165e-09	1.49275930756e-09	7.73275964921e-09
     2	5.25437360183e-09	1.25604386899e-09	6.51041747082e-09
     3	4.6281416438e-09	1.10620518482e-09	5.73434682861e-09
     4	8.77090027915e-09	2.09859709156e-09	1.08694973707e-08
     5	7.22653700293e-09	1.72760599265e-09	8.95414299558e-09
     6	6.26894753308e-09	1.49787091539e-09	7.76681844847e-09
     7	1.27238790753e-08	3.04388840239e-09	1.57677674777e-08
     8	1.0393514614e-08	2.48442137178e-09	1.28779359858e-08
     9	8.95219375883e-09	2.138698437e-09	1.10908921958e-08

Measurement: t_ro67
  step	t_ro67	FROM	TO
     1	6.23209249315e-09	1.49189138688e-09	7.72398388004e-09
     2	5.25766655161e-09	1.25583391615e-09	6.51350046776e-09
     3	4.64000742269e-09	1.1070851805e-09	5.74709260318e-09
     4	8.72962694983e-09	2.08967346696e-09	1.08193004168e-08
     5	7.22640937729e-09	1.72580636739e-09	8.95221574468e-09
     6	6.27995766543e-09	1.49826609349e-09	7.77822375891e-09
     7	1.26483151151e-08	3.02402175268e-09	1.56723368678e-08
     8	1.03844409085e-08	2.4789658991e-09	1.28634068076e-08
     9	8.96305242623e-09	2.13753501827e-09	1.11005874445e-08

Measurement: t_ro68
  step	t_ro68	FROM	TO
     1	5.66817355881e-09	1.3674507141e-09	7.03562427291e-09
     2	4.88867456321e-09	1.17767694452e-09	6.06635150773e-09
     3	4.37266598708e-09	1.05212467301e-09	5.4247906601e-09
     4	7.71352324119e-09	1.86317723125e-09	9.57670047244e-09
     5	6.54888004903e-09	1.57943155758e-09	8.12831160661e-09
     6	5.78776496777e-09	1.39435453167e-09	7.18211949944e-09
     7	1.09399123918e-08	2.6441470326e-09	1.35840594244e-08
     8	9.22476853013e-09	2.22624518797e-09	1.14510137181e-08
     9	8.10677368384e-09	1.95461386241e-09	1.00613875463e-08

Measurement: t_ro69
  step	t_ro69	FROM	TO
     1	6.12696339238e-09	1.46732623664e-09	7.59428962902e-09
     2	5.18188132162e-09	1.23801472549e-09	6.41989604711e-09
     3	4.58405625798e-09	1.09399702933e-09	5.67805328732e-09
     4	8.56690501999e-09	2.05142646752e-09	1.06183314875e-08
     5	7.11010531285e-09	1.69855076148e-09	8.80865607433e-09
     6	6.19387126344e-09	1.47795499554e-09	7.67182625897e-09
     7	1.23699878994e-08	2.95967551008e-09	1.53296634095e-08
     8	1.01823975059e-08	2.43146860492e-09	1.26138661108e-08
     9	8.8105700297e-09	2.10163795687e-09	1.09122079866e-08

Measurement: t_ro70
  step	t_ro70	FROM	TO
     1	5.78974987745e-09	1.38761845476e-09	7.17736833222e-09
     2	4.95999958482e-09	1.18665989781e-09	6.14665948263e-09
     3	4.42897375064e-09	1.0596141059e-09	5.48858785654e-09
     4	7.92518018384e-09	1.89915224604e-09	9.82433242988e-09
     5	6.69103345943e-09	1.60136887533e-09	8.29240233476e-09
     6	5.89085979032e-09	1.40920718856e-09	7.30006697888e-09
     7	1.12912304584e-08	2.70523532315e-09	1.39964657816e-08
     8	9.4659958342e-09	2.26522085711e-09	1.17312166913e-08
     9	8.28565899568e-09	1.9816819656e-09	1.02673409613e-08

Measurement: t_ro71
  step	t_ro71	FROM	TO
     1	6.36842953735e-09	1.53585638483e-09	7.90428592218e-09
     2	5.34987554439e-09	1.28531183314e-09	6.63518737753e-09
     3	4.70869044722e-09	1.12827686391e-09	5.83696731113e-09
     4	8.97771202695e-09	2.17036317333e-09	1.11480752003e-08
     5	7.40158173264e-09	1.78218421284e-09	9.18376594548e-09
     6	6.41145991899e-09	1.53953906354e-09	7.95099898253e-09
     7	1.30696850379e-08	3.16387694907e-09	1.6233561987e-08
     8	1.06871843227e-08	2.57691103323e-09	1.32640953559e-08
     9	9.19515181253e-09	2.21174295025e-09	1.14068947628e-08

Measurement: t_ro72
  step	t_ro72	FROM	TO
     1	5.80928173263e-09	1.392043761e-09	7.20132549363e-09
     2	4.97183023893e-09	1.19021369577e-09	6.16204393469e-09
     3	4.43530835484e-09	1.06056418992e-09	5.49587254475e-09
     4	7.9640133948e-09	1.90883046222e-09	9.87284385702e-09
     5	6.7106633763e-09	1.60630058428e-09	8.31696396058e-09
     6	5.90330498413e-09	1.41178529999e-09	7.31509028412e-09
     7	1.13566997177e-08	2.72188943977e-09	1.40785891575e-08
     8	9.49924905827e-09	2.27378113237e-09	1.17730301906e-08
     9	8.3060181772e-09	1.98643742351e-09	1.02924556007e-08

Measurement: t_ro73
  step	t_ro73	FROM	TO
     1	5.89032378815e-09	1.408857549e-09	7.29918133715e-09
     2	5.03466421416e-09	1.2024656444e-09	6.23712985855e-09
     3	4.4799925944e-09	1.07005373695e-09	5.55004633135e-09
     4	8.09866785573e-09	1.93610551959e-09	1.00347733753e-08
     5	6.80896284737e-09	1.62592877149e-09	8.43489161885e-09
     6	5.97774154938e-09	1.42668287746e-09	7.40442442683e-09
     7	1.15844816595e-08	2.7677961115e-09	1.4352277771e-08
     8	9.66874170338e-09	2.30773641388e-09	1.19764781173e-08
     9	8.43745842886e-09	2.01277027692e-09	1.04502287058e-08

Measurement: t_ro74
  step	t_ro74	FROM	TO
     1	6.42332640749e-09	1.54065035276e-09	7.96397676025e-09
     2	5.37640761397e-09	1.28782394096e-09	6.66423155493e-09
     3	4.71840990067e-09	1.12961220705e-09	5.84802210772e-09
     4	9.07908197121e-09	2.17794934696e-09	1.12570313182e-08
     5	7.44130829985e-09	1.78244937313e-09	9.22375767298e-09
     6	6.42703431738e-09	1.53828921917e-09	7.96532353654e-09
     7	1.32221418111e-08	3.17060349555e-09	1.63927453066e-08
     8	1.07466275723e-08	2.573421272e-09	1.33200488443e-08
     9	9.21742244322e-09	2.20544396997e-09	1.14228664132e-08

Measurement: t_ro75
  step	t_ro75	FROM	TO
     1	5.8368413117e-09	1.40056236511e-09	7.23740367681e-09
     2	4.99454165585e-09	1.19649393896e-09	6.19103559481e-09
     3	4.45228475975e-09	1.06536924718e-09	5.51765400693e-09
     4	8.03048718115e-09	1.92758066891e-09	9.95806785006e-09
     5	6.76429908896e-09	1.62100729002e-09	8.38530637898e-09
     6	5.94657692245e-09	1.42335987372e-09	7.36993679617e-09
     7	1.14770556383e-08	2.75489883308e-09	1.42319544714e-08
     8	9.59745312934e-09	2.3004312482e-09	1.18978843775e-08
     9	8.38656695324e-09	2.00784704038e-09	1.03944139936e-08

Measurement: t_ro76
  step	t_ro76	FROM	TO
     1	5.9352656248e-09	1.41963382652e-09	7.35489945131e-09
     2	5.06770150327e-09	1.21044144888e-09	6.27814295216e-09
     3	4.49948587191e-09	1.07422264052e-09	5.57370851243e-09
     4	8.18286250389e-09	1.95684368427e-09	1.01397061882e-08
     5	6.86453673474e-09	1.63951970367e-09	8.50405643841e-09
     6	6.01846124064e-09	1.43638729096e-09	7.4548485316e-09
     7	1.17199011667e-08	2.80167189163e-09	1.45215730583e-08
     8	9.75919536117e-09	2.32995348595e-09	1.20891488471e-08
     9	8.50359571833e-09	2.02885868283e-09	1.05324544012e-08

Measurement: t_ro77
  step	t_ro77	FROM	TO
     1	6.58434758133e-09	1.58252418151e-09	8.16687176284e-09
     2	5.49188419143e-09	1.31723749385e-09	6.80912168528e-09
     3	4.80000721494e-09	1.15062183341e-09	5.95062904835e-09
     4	9.31266353312e-09	2.23939492979e-09	1.15520584629e-08
     5	7.61332971895e-09	1.82677394702e-09	9.44010366598e-09
     6	6.55995564119e-09	1.57184050323e-09	8.13179614442e-09
     7	1.35929431066e-08	3.26870665826e-09	1.68616497648e-08
     8	1.10216022607e-08	2.64484224555e-09	1.36664445062e-08
     9	9.4309753014e-09	2.26043686393e-09	1.16914121653e-08

Measurement: t_ro78
  step	t_ro78	FROM	TO
     1	5.7764529738e-09	1.38978195035e-09	7.16623492415e-09
     2	4.96000015171e-09	1.19111535634e-09	6.15111550805e-09
     3	4.42304875781e-09	1.0618173798e-09	5.48486613761e-09
     4	7.90775482753e-09	1.90462285559e-09	9.81237768312e-09
     5	6.67871007166e-09	1.60620697434e-09	8.284917046e-09
     6	5.88271767255e-09	1.41360381025e-09	7.29632148279e-09
     7	1.12630526266e-08	2.71472600898e-09	1.39777786356e-08
     8	9.44494052369e-09	2.27309638191e-09	1.17180369056e-08
     9	8.27039204565e-09	1.98887911644e-09	1.02592711621e-08

Measurement: t_ro79
  step	t_ro79	FROM	TO
     1	6.02358924328e-09	1.44498232065e-09	7.46857156393e-09
     2	5.12000394312e-09	1.22732463247e-09	6.34732857559e-09
     3	4.53711704387e-09	1.08746098241e-09	5.62457802629e-09
     4	8.34714561815e-09	2.00252398152e-09	1.03496695997e-08
     5	6.9708335152e-09	1.67086075671e-09	8.64169427191e-09
     6	6.09303927868e-09	1.46016731811e-09	7.55320659679e-09
     7	1.20003146076e-08	2.87840994657e-09	1.48787245542e-08
     8	9.9453393049e-09	2.38339588509e-09	1.232873519e-08
     9	8.63960933789e-09	2.06947514332e-09	1.07090844812e-08

Measurement: t_ro80
  step	t_ro80	FROM	TO
     1	5.98997089258e-09	1.43572656793e-09	7.42569746052e-09
     2	5.10620694234e-09	1.22237732607e-09	6.32858426841e-09
     3	4.52740684413e-09	1.08313880324e-09	5.61054564737e-09
     4	8.30604408996e-09	1.99092076445e-09	1.02969648544e-08
     5	6.95233037445e-09	1.66428568379e-09	8.61661605824e-09
     6	6.08482217418e-09	1.45557099334e-09	7.54039316753e-09
     7	1.19378936232e-08	2.86083718279e-09	1.4798730806e-08
     8	9.91726801794e-09	2.37365112453e-09	1.22909191425e-08
     9	8.62571403474e-09	2.06306552116e-09	1.06887795559e-08

Measurement: t_ro81
  step	t_ro81	FROM	TO
     1	5.84521676247e-09	1.40416760144e-09	7.24938436391e-09
     2	4.99914189473e-09	1.1998186917e-09	6.19896058643e-09
     3	4.45324309172e-09	1.06859808438e-09	5.5218411761e-09
     4	8.03049686479e-09	1.92976405885e-09	9.96026092363e-09
     5	6.75538216281e-09	1.6221568561e-09	8.3775390189e-09
     6	5.93528465982e-09	1.42485381026e-09	7.36013847008e-09
     7	1.14681994457e-08	2.75615330117e-09	1.42243527469e-08
     8	9.57527169743e-09	2.29961984849e-09	1.18748915459e-08
     9	8.36149860396e-09	2.00759156801e-09	1.0369090172e-08

Measurement: t_ro82
  step	t_ro82	FROM	TO
     1	6.19980817359e-09	1.48218465842e-09	7.68199283201e-09
     2	5.24293013813e-09	1.25201853403e-09	6.49494867215e-09
     3	4.63993738016e-09	1.10660278637e-09	5.74654016653e-09
     4	8.66930897086e-09	2.0720424065e-09	1.07413513774e-08
     5	7.19726188742e-09	1.71798136328e-09	8.91524325071e-09
     6	6.26342055082e-09	1.49426847707e-09	7.75768902788e-09
     7	1.25433315486e-08	2.99670312451e-09	1.55400346731e-08
     8	1.03295092142e-08	2.46524345237e-09	1.27947526665e-08
     9	8.93133644166e-09	2.13024107324e-09	1.10615775149e-08

Measurement: t_ro83
  step	t_ro83	FROM	TO
     1	5.83439918099e-09	1.40358494446e-09	7.23798412545e-09
     2	5.00206154823e-09	1.20096948652e-09	6.20303103475e-09
     3	4.45715491298e-09	1.06843222525e-09	5.52558713823e-09
     4	7.99997184963e-09	1.92574892859e-09	9.92572077822e-09
     5	6.74807659581e-09	1.62187515462e-09	8.36995175043e-09
     6	5.93609700585e-09	1.42476599977e-09	7.36086300562e-09
     7	1.14116416276e-08	2.74966730262e-09	1.41613089302e-08
     8	9.56022127818e-09	2.29951712521e-09	1.18597384034e-08
     9	8.36158049645e-09	2.00857706894e-09	1.03701575654e-08

Measurement: t_ro84
  step	t_ro84	FROM	TO
     1	5.96097114279e-09	1.43764796747e-09	7.39861911026e-09
     2	5.07860341182e-09	1.22343479874e-09	6.30203821056e-09
     3	4.50582579074e-09	1.08433659249e-09	5.59016238323e-09
     4	8.22987090725e-09	1.98842550468e-09	1.02182964119e-08
     5	6.88000864496e-09	1.65997639976e-09	8.53998504471e-09
     6	6.02551733065e-09	1.45221640234e-09	7.47773373298e-09
     7	1.17813843069e-08	2.84975912635e-09	1.46311434332e-08
     8	9.77523086926e-09	2.36093949748e-09	1.21361703667e-08
     9	8.50706935957e-09	2.05251531943e-09	1.0559584679e-08

Measurement: t_ro85
  step	t_ro85	FROM	TO
     1	5.9796058505e-09	1.43216112899e-09	7.41176697949e-09
     2	5.09842247323e-09	1.21911939036e-09	6.31754186359e-09
     3	4.52852673251e-09	1.08218032232e-09	5.61070705483e-09
     4	8.25363691731e-09	1.97729040062e-09	1.02309273179e-08
     5	6.92256708927e-09	1.65567423045e-09	8.57824131972e-09
     6	6.06570506655e-09	1.44958293998e-09	7.51528800653e-09
     7	1.18347854024e-08	2.83464552213e-09	1.46694309246e-08
     8	9.85402252021e-09	2.35656856972e-09	1.22105910899e-08
     9	8.58222779251e-09	2.05081048056e-09	1.06330382731e-08

Measurement: t_ro86
  step	t_ro86	FROM	TO
     1	6.13351444043e-09	1.47152908081e-09	7.60504352124e-09
     2	5.19705828917e-09	1.24539084752e-09	6.44244913669e-09
     3	4.59018690323e-09	1.09872599145e-09	5.68891289467e-09
     4	8.54161609408e-09	2.04934576814e-09	1.05909618622e-08
     5	7.09501101304e-09	1.70060014368e-09	8.79561115672e-09
     6	6.1826026391e-09	1.48031025519e-09	7.66291289429e-09
     7	1.23221617074e-08	2.95609129836e-09	1.52782530057e-08
     8	1.01542703158e-08	2.43380805665e-09	1.25880783725e-08
     9	8.79036431915e-09	2.1048947852e-09	1.08952591043e-08

Measurement: t_ro87
  step	t_ro87	FROM	TO
     1	5.97119816938e-09	1.43153692835e-09	7.40273509773e-09
     2	5.0892619454e-09	1.21843442997e-09	6.30769637537e-09
     3	4.51763484529e-09	1.08089962374e-09	5.59853446903e-09
     4	8.24776617347e-09	1.97747955355e-09	1.0225245727e-08
     5	6.90874411127e-09	1.654079115e-09	8.56282322627e-09
     6	6.05159336986e-09	1.44798039586e-09	7.49957376572e-09
     7	1.18243049724e-08	2.83453898805e-09	1.46588439605e-08
     8	9.82974893838e-09	2.3533720953e-09	1.21831210337e-08
     9	8.55671107136e-09	2.04734931986e-09	1.06040603912e-08

Measurement: t_ro88
  step	t_ro88	FROM	TO
     1	5.97479031008e-09	1.445312214e-09	7.42010252408e-09
     2	5.09433207976e-09	1.22965097716e-09	6.32398305692e-09
     3	4.52016898573e-09	1.08956777571e-09	5.60973676144e-09
     4	8.26874331935e-09	2.00256757666e-09	1.0271310896e-08
     5	6.92596627442e-09	1.67364912529e-09	8.59961539971e-09
     6	6.06513773587e-09	1.46375384612e-09	7.52889158199e-09
     7	1.1867370574e-08	2.8757422744e-09	1.47431128484e-08
     8	9.86590590642e-09	2.38567249713e-09	1.22515784035e-08
     9	8.58597574509e-09	2.07371335361e-09	1.06596890987e-08

Measurement: t_ro89
  step	t_ro89	FROM	TO
     1	5.59989681407e-09	1.34207485252e-09	6.94197166659e-09
     2	4.83748369351e-09	1.15874843854e-09	5.99623213205e-09
     3	4.3367599142e-09	1.03831371858e-09	5.37507363278e-09
     4	7.57343238922e-09	1.81767842943e-09	9.39111081865e-09
     5	6.45388500381e-09	1.5467244505e-09	8.00060945431e-09
     6	5.7174000135e-09	1.36924112119e-09	7.08664113469e-09
     7	1.06984715134e-08	2.56788425131e-09	1.32663557647e-08
     8	9.0578824145e-09	2.17109216614e-09	1.12289745806e-08
     9	7.98116919184e-09	1.91159654841e-09	9.89276574025e-09

Measurement: t_ro90
  step	t_ro90	FROM	TO
     1	6.11577623336e-09	1.46369446799e-09	7.57947070135e-09
     2	5.18181653769e-09	1.23842429042e-09	6.42024082811e-09
     3	4.58328752076e-09	1.09455146283e-09	5.67783898359e-09
     4	8.49560043728e-09	2.03330555225e-09	1.05289059895e-08
     5	7.06810504955e-09	1.68949081388e-09	8.75759586343e-09
     6	6.16147367213e-09	1.47149414495e-09	7.63296781708e-09
     7	1.22423044166e-08	2.92897930777e-09	1.51712837243e-08
     8	1.01079962609e-08	2.41549845552e-09	1.25234947164e-08
     9	8.75582037304e-09	2.09055954988e-09	1.08463799229e-08

Measurement: t_ro91
  step	t_ro91	FROM	TO
     1	6.36241067094e-09	1.52938602995e-09	7.89179670089e-09
     2	5.33876619276e-09	1.28191869267e-09	6.62068488543e-09
     3	4.69371605284e-09	1.1260560211e-09	5.81977207394e-09
     4	8.98085819199e-09	2.15977813473e-09	1.11406363267e-08
     5	7.38756147771e-09	1.77501575664e-09	9.16257723435e-09
     6	6.39561760778e-09	1.53522480199e-09	7.93084240977e-09
     7	1.30769695461e-08	3.14558848058e-09	1.62225580267e-08
     8	1.0667818707e-08	2.56384491064e-09	1.32316636176e-08
     9	9.17118967595e-09	2.20266266135e-09	1.13738523373e-08

Measurement: t_ro92
  step	t_ro92	FROM	TO
     1	5.82444868534e-09	1.40746130997e-09	7.23190999531e-09
     2	4.98618471559e-09	1.20278962042e-09	6.18897433601e-09
     3	4.44175494343e-09	1.07013164578e-09	5.51188658921e-09
     4	8.00003690488e-09	1.93683244114e-09	9.93686934602e-09
     5	6.73491932957e-09	1.62714410821e-09	8.36206343778e-09
     6	5.92054491673e-09	1.42874210642e-09	7.34928702314e-09
     7	1.14158553141e-08	2.76622238789e-09	1.4182077702e-08
     8	9.54126154979e-09	2.30769089187e-09	1.18489524417e-08
     9	8.33753953842e-09	2.01412599969e-09	1.03516655381e-08

Measurement: t_ro93
  step	t_ro93	FROM	TO
     1	5.83453111229e-09	1.40349748223e-09	7.23802859452e-09
     2	4.99460876401e-09	1.199959054e-09	6.19456781801e-09
     3	4.45078410197e-09	1.06842606896e-09	5.51921017093e-09
     4	8.01046783721e-09	1.92834884939e-09	9.9388166866e-09
     5	6.74608855754e-09	1.62185838589e-09	8.36794694343e-09
     6	5.93071546915e-09	1.42466766949e-09	7.35538313864e-09
     7	1.14383277818e-08	2.7543365087e-09	1.41926642905e-08
     8	9.56192328066e-09	2.29975466231e-09	1.1861677943e-08
     9	8.35574306347e-09	2.00794077985e-09	1.03636838433e-08

Measurement: t_ro94
  step	t_ro94	FROM	TO
     1	6.19595492473e-09	1.48569293894e-09	7.68164786366e-09
     2	5.2217133671e-09	1.25096693479e-09	6.47268030189e-09
     3	4.60320254225e-09	1.10244679829e-09	5.70564934054e-09
     4	8.68730317841e-09	2.08287087202e-09	1.07701740504e-08
     5	7.17570086473e-09	1.71891162801e-09	8.89461249274e-09
     6	6.23403125143e-09	1.49316174511e-09	7.72719299654e-09
     7	1.25853544329e-08	3.01663189249e-09	1.56019863254e-08
     8	1.03079014535e-08	2.46848826544e-09	1.27763897189e-08
     9	8.89162515858e-09	2.12840303663e-09	1.10200281952e-08

Measurement: t_ro95
  step	t_ro95	FROM	TO
     1	6.52616060489e-09	1.58190633812e-09	8.10806694301e-09
     2	5.44000020505e-09	1.30347527609e-09	6.74347548114e-09
     3	4.77787270095e-09	1.14139210037e-09	5.91926480132e-09
     4	9.25181932908e-09	2.2629503665e-09	1.15147696956e-08
     5	7.55921515423e-09	1.81527164488e-09	9.3744867991e-09
     6	6.51571906851e-09	1.55810844929e-09	8.0738275178e-09
     7	1.35226343634e-08	3.31172850008e-09	1.68343628635e-08
     8	1.09477221205e-08	2.63232768227e-09	1.35800498027e-08
     9	9.36677854639e-09	2.2406663088e-09	1.16074448552e-08

Measurement: t_ro96
  step	t_ro96	FROM	TO
     1	6.12054830897e-09	1.46854487744e-09	7.58909318642e-09
     2	5.17898360894e-09	1.24150587172e-09	6.42048948066e-09
     3	4.58315438907e-09	1.09784402691e-09	5.68099841598e-09
     4	8.53398940759e-09	2.047988495e-09	1.05819779026e-08
     5	7.0939553545e-09	1.70072154329e-09	8.79467689779e-09
     6	6.18386422401e-09	1.48160490911e-09	7.66546913312e-09
     7	1.23157712282e-08	2.95541315125e-09	1.52711843794e-08
     8	1.01575073757e-08	2.43517188686e-09	1.25926792626e-08
     9	8.79757062236e-09	2.10767199904e-09	1.09052426214e-08

Measurement: t_ro97
  step	t_ro97	FROM	TO
     1	5.9962625454e-09	1.43874651769e-09	7.43500906309e-09
     2	5.0981195916e-09	1.22121531306e-09	6.31933490466e-09
     3	4.51872631502e-09	1.08176877269e-09	5.60049508771e-09
     4	8.32368437451e-09	1.9974656054e-09	1.03211499799e-08
     5	6.95003303737e-09	1.66550367463e-09	8.615536712e-09
     6	6.07987475265e-09	1.45449775327e-09	7.53437250592e-09
     7	1.19807767615e-08	2.87559074034e-09	1.48563675018e-08
     8	9.92530994979e-09	2.37869889052e-09	1.23040088403e-08
     9	8.62005882611e-09	2.06402629491e-09	1.0684085121e-08

Measurement: t_ro98
  step	t_ro98	FROM	TO
     1	5.86810812014e-09	1.41033071909e-09	7.27843883923e-09
     2	5.01531372335e-09	1.20446101768e-09	6.21977474103e-09
     3	4.46601789642e-09	1.07173689342e-09	5.53775478985e-09
     4	8.07848612716e-09	1.94270523168e-09	1.00211913588e-08
     5	6.79162850806e-09	1.6316993596e-09	8.42332786765e-09
     6	5.96464116562e-09	1.43199938569e-09	7.39664055131e-09
     7	1.15478578896e-08	2.77789817105e-09	1.43257560607e-08
     8	9.63710034874e-09	2.31613890426e-09	1.1953239253e-08
     9	8.41235697655e-09	2.02070234147e-09	1.0433059318e-08

Measurement: t_ro99
  step	t_ro99	FROM	TO
     1	6.26196828756e-09	1.51033965308e-09	7.77230794064e-09
     2	5.27999993886e-09	1.27251532472e-09	6.55251526358e-09
     3	4.63999894207e-09	1.11831903699e-09	5.75831797906e-09
     4	8.80337868566e-09	2.12977014466e-09	1.09331488303e-08
     5	7.27274308752e-09	1.7563379569e-09	9.02908104441e-09
     6	6.3114513053e-09	1.52260526964e-09	7.83405657494e-09
     7	1.27815316118e-08	3.09835112354e-09	1.58798827354e-08
     8	1.04709773479e-08	2.53275946595e-09	1.30037368139e-08
     9	9.02507621195e-09	2.18053028854e-09	1.12056065005e-08

Measurement: t_ro100
  step	t_ro100	FROM	TO
     1	6.00973591654e-09	1.44397814845e-09	7.45371406498e-09
     2	5.10842039247e-09	1.22620147534e-09	6.33462186781e-09
     3	4.52736247825e-09	1.08623473604e-09	5.61359721429e-09
     4	8.34430405788e-09	2.00554240841e-09	1.03498464663e-08
     5	6.96404523763e-09	1.67276109235e-09	8.63680632998e-09
     6	6.08594530139e-09	1.46064242291e-09	7.54658772431e-09
     7	1.20142068733e-08	2.88801364107e-09	1.49022205144e-08
     8	9.94824964235e-09	2.39009147559e-09	1.23383411179e-08
     9	8.64025511151e-09	2.07517232219e-09	1.07154274337e-08

Measurement: t_ro101
  step	t_ro101	FROM	TO
     1	5.83060651659e-09	1.40122167655e-09	7.23182819313e-09
     2	4.99737130007e-09	1.19833430957e-09	6.19570560964e-09
     3	4.45378053962e-09	1.06720157115e-09	5.52098211077e-09
     4	7.97173491522e-09	1.91723747916e-09	9.88897239438e-09
     5	6.71999301135e-09	1.61291568244e-09	8.33290869379e-09
     6	5.9143623707e-09	1.41799271578e-09	7.33235508647e-09
     7	1.13500670734e-08	2.73037114819e-09	1.40804382216e-08
     8	9.50367284597e-09	2.28195671308e-09	1.17856295591e-08
     9	8.31285603454e-09	1.9939592626e-09	1.03068152971e-08

Measurement: t_ro102
  step	t_ro102	FROM	TO
     1	5.87402577358e-09	1.4150804115e-09	7.28910618508e-09
     2	5.02111832079e-09	1.205953343e-09	6.22707166379e-09
     3	4.46646416861e-09	1.0718977247e-09	5.53836189331e-09
     4	8.07225250174e-09	1.9484181825e-09	1.00206706842e-08
     5	6.7824454232e-09	1.63086683277e-09	8.41331225597e-09
     6	5.95540110392e-09	1.43014385948e-09	7.3855449634e-09
     7	1.15253960667e-08	2.78508526849e-09	1.43104813352e-08
     8	9.61101287978e-09	2.31270406569e-09	1.19237169455e-08
     9	8.38733811056e-09	2.01523268404e-09	1.04025707946e-08

Measurement: t_ro103
  step	t_ro103	FROM	TO
     1	6.05090216707e-09	1.4525073232e-09	7.50340949027e-09
     2	5.1357973404e-09	1.23155630151e-09	6.36735364192e-09
     3	4.55997010559e-09	1.09256401291e-09	5.6525341185e-09
     4	8.34980901029e-09	2.00485146483e-09	1.03546604751e-08
     5	6.98404743918e-09	1.67520097767e-09	8.65924841685e-09
     6	6.10778598359e-09	1.46406620414e-09	7.57185218773e-09
     7	1.19802871893e-08	2.87651006145e-09	1.48567972507e-08
     8	9.94789940169e-09	2.38630605015e-09	1.23342054518e-08
     9	8.64721010303e-09	2.07307450062e-09	1.07202846036e-08

Measurement: t_ro104
  step	t_ro104	FROM	TO
     1	5.5467477576e-09	1.33504912364e-09	6.88179688124e-09
     2	4.79997994846e-09	1.15312217088e-09	5.95310211935e-09
     3	4.30591034525e-09	1.03363573999e-09	5.33954608525e-09
     4	7.47877349004e-09	1.801475994e-09	9.28024948405e-09
     5	6.37647591731e-09	1.53411792577e-09	7.91059384308e-09
     6	5.65481832904e-09	1.35890576494e-09	7.01372409399e-09
     7	1.05288463335e-08	2.53705327499e-09	1.30658996084e-08
     8	8.91680458079e-09	2.14633506211e-09	1.10631396429e-08
     9	7.8659456508e-09	1.89163692252e-09	9.75758257332e-09

Measurement: t_ro105
  step	t_ro105	FROM	TO
     1	5.81591898717e-09	1.39595925362e-09	7.2118782408e-09
     2	4.97864608021e-09	1.19396044096e-09	6.17260652117e-09
     3	4.43955222631e-09	1.06364577654e-09	5.50319800285e-09
     4	7.98478450669e-09	1.91714263789e-09	9.90192714458e-09
     5	6.72561851506e-09	1.61336137037e-09	8.33897988543e-09
     6	5.9145011284e-09	1.41779003219e-09	7.33229116059e-09
     7	1.13936043405e-08	2.73593044922e-09	1.41295347898e-08
     8	9.52707957672e-09	2.2857840549e-09	1.18128636316e-08
     9	8.32714422578e-09	1.99670531666e-09	1.03238495424e-08

Measurement: t_ro106
  step	t_ro106	FROM	TO
     1	6.32033993369e-09	1.51485439748e-09	7.83519433118e-09
     2	5.31576269367e-09	1.27154335383e-09	6.5873060475e-09
     3	4.67368940798e-09	1.11691041044e-09	5.79059981841e-09
     4	8.87314420047e-09	2.12642715461e-09	1.09995713551e-08
     5	7.31426362079e-09	1.74985418834e-09	9.06411780913e-09
     6	6.34044950093e-09	1.51530590116e-09	7.85575540208e-09
     7	1.28816175557e-08	3.08627513109e-09	1.59678926868e-08
     8	1.05308463742e-08	2.5190796294e-09	1.30499260036e-08
     9	9.0670884304e-09	2.16676089437e-09	1.12338493248e-08

Measurement: t_ro107
  step	t_ro107	FROM	TO
     1	5.91999998844e-09	1.41917526407e-09	7.33917525251e-09
     2	5.05756780264e-09	1.21053400504e-09	6.26810180768e-09
     3	4.49045440641e-09	1.07406167132e-09	5.56451607773e-09
     4	8.18451135961e-09	1.96166497814e-09	1.01461763377e-08
     5	6.86622952222e-09	1.64341332611e-09	8.50964284833e-09
     6	6.02022659351e-09	1.4395818421e-09	7.45980843561e-09
     7	1.17291440464e-08	2.81071627691e-09	1.45398603233e-08
     8	9.76602481755e-09	2.33722224572e-09	1.21032470633e-08
     9	8.51024995354e-09	2.03482637234e-09	1.05450763259e-08

Measurement: t_ro108
  step	t_ro108	FROM	TO
     1	5.56337121373e-09	1.33345903951e-09	6.89683025324e-09
     2	4.79999225893e-09	1.14986984709e-09	5.94986210602e-09
     3	4.31996934241e-09	1.03249909114e-09	5.35246843355e-09
     4	7.53480112757e-09	1.80645447171e-09	9.34125559929e-09
     5	6.4199673782e-09	1.53736607407e-09	7.95733345227e-09
     6	5.68978465377e-09	1.36112125329e-09	7.05090590706e-09
     7	1.06423542428e-08	2.55162274828e-09	1.31939769911e-08
     8	9.0072146778e-09	2.15731132381e-09	1.11645260016e-08
     9	7.93872713886e-09	1.89965176508e-09	9.83837890394e-09

Measurement: t_ro109
  step	t_ro109	FROM	TO
     1	5.9199999332e-09	1.42712251735e-09	7.34712245055e-09
     2	5.04492404687e-09	1.21323621754e-09	6.25816026441e-09
     3	4.48304087839e-09	1.07621229947e-09	5.55925317786e-09
     4	8.14767210565e-09	1.96630618702e-09	1.01139782927e-08
     5	6.83020116171e-09	1.64436379277e-09	8.47456495448e-09
     6	5.98879835173e-09	1.43971753148e-09	7.42851588321e-09
     7	1.16545219287e-08	2.81418264004e-09	1.44687045687e-08
     8	9.69476591252e-09	2.33557429677e-09	1.20303402093e-08
     9	8.44738358415e-09	2.03229340588e-09	1.047967699e-08

Measurement: t_ro110
  step	t_ro110	FROM	TO
     1	5.7600129568e-09	1.38099418839e-09	7.14100714519e-09
     2	4.94265048386e-09	1.18404526837e-09	6.12669575223e-09
     3	4.40738388996e-09	1.0556358482e-09	5.46301973816e-09
     4	7.89572970242e-09	1.89322085814e-09	9.78895056056e-09
     5	6.65490030676e-09	1.5945048149e-09	8.24940512166e-09
     6	5.85775661091e-09	1.40309410068e-09	7.2608507116e-09
     7	1.12450871742e-08	2.69616289449e-09	1.39412500687e-08
     8	9.40657490225e-09	2.25372568266e-09	1.16603005849e-08
     9	8.22933271776e-09	1.97111079402e-09	1.02004435118e-08

Measurement: t_ro111
  step	t_ro111	FROM	TO
     1	6.36790261044e-09	1.52812222666e-09	7.89602483711e-09
     2	5.33457860294e-09	1.27798016777e-09	6.61255877072e-09
     3	4.68971571991e-09	1.122035024e-09	5.8117507439e-09
     4	9.00989457322e-09	2.16260316752e-09	1.11724977407e-08
     5	7.39663066058e-09	1.77240870118e-09	9.16903936176e-09
     6	6.39575966156e-09	1.53072316727e-09	7.92648282883e-09
     7	1.31376272919e-08	3.15308049273e-09	1.62907077846e-08
     8	1.06926232577e-08	2.56229349489e-09	1.32549167526e-08
     9	9.17974653114e-09	2.19719495749e-09	1.13769414886e-08

Measurement: t_ro112
  step	t_ro112	FROM	TO
     1	6.08682999389e-09	1.46626299325e-09	7.55309298713e-09
     2	5.16511573246e-09	1.24238730554e-09	6.407503038e-09
     3	4.57135462815e-09	1.09831974458e-09	5.66967437272e-09
     4	8.45827220857e-09	2.03974938928e-09	1.04980215979e-08
     5	7.04522219358e-09	1.69576375535e-09	8.74098594893e-09
     6	6.1497572556e-09	1.47921611497e-09	7.62897337058e-09
     7	1.21820323167e-08	2.93974410797e-09	1.51217764246e-08
     8	1.00691599076e-08	2.42621133503e-09	1.24953712427e-08
     9	8.73207585128e-09	2.10201475753e-09	1.08340906088e-08

Measurement: t_ro113
  step	t_ro113	FROM	TO
     1	6.20662278854e-09	1.49290719704e-09	7.69952998558e-09
     2	5.22382756644e-09	1.25563365328e-09	6.47946121971e-09
     3	4.60904732831e-09	1.1080419354e-09	5.71708926372e-09
     4	8.71914468381e-09	2.09834804358e-09	1.08174927274e-08
     5	7.19255104511e-09	1.72999252584e-09	8.92254357096e-09
     6	6.24230263605e-09	1.50182225578e-09	7.74412489183e-09
     7	1.26361007596e-08	3.04191738341e-09	1.56780181431e-08
     8	1.03329918514e-08	2.48608133903e-09	1.28190731904e-08
     9	8.90811031581e-09	2.14316721094e-09	1.10512775267e-08

Measurement: t_ro114
  step	t_ro114	FROM	TO
     1	5.84132504279e-09	1.40125065038e-09	7.24257569317e-09
     2	4.99871454272e-09	1.19717283831e-09	6.19588738103e-09
     3	4.45381938864e-09	1.06556998404e-09	5.51938937268e-09
     4	8.03005158047e-09	1.92651833513e-09	9.9565699156e-09
     5	6.76151131487e-09	1.6198052142e-09	8.38131652908e-09
     6	5.94212133369e-09	1.422078438e-09	7.36419977168e-09
     7	1.14783968561e-08	2.75385736899e-09	1.42322542251e-08
     8	9.59586856009e-09	2.29913126044e-09	1.18949998205e-08
     9	8.38278943199e-09	2.0063217523e-09	1.03891111843e-08

Measurement: t_ro115
  step	t_ro115	FROM	TO
     1	6.23600795616e-09	1.48719024326e-09	7.72319819942e-09
     2	5.23532654329e-09	1.24811774658e-09	6.48344428987e-09
     3	4.61231355255e-09	1.09963727264e-09	5.71195082519e-09
     4	8.70923472298e-09	2.07590589246e-09	1.07851406154e-08
     5	7.16592752929e-09	1.70785000224e-09	8.87377753153e-09
     6	6.21393769264e-09	1.48079847103e-09	7.69473616366e-09
     7	1.25883845758e-08	2.99939395682e-09	1.55877785326e-08
     8	1.02664611668e-08	2.44592732848e-09	1.27123884953e-08
     9	8.83899716501e-09	2.10567108617e-09	1.09446682512e-08

Measurement: t_ro116
  step	t_ro116	FROM	TO
     1	5.9757412077e-09	1.43994105278e-09	7.41568226048e-09
     2	5.12000119757e-09	1.23207145753e-09	6.3520726551e-09
     3	4.51658607233e-09	1.08598910934e-09	5.60257518167e-09
     4	8.24734099284e-09	1.99150200827e-09	1.02388430011e-08
     5	6.90392744226e-09	1.66437772387e-09	8.56830516612e-09
     6	6.0462544993e-09	1.45607413799e-09	7.50232863729e-09
     7	1.18229975669e-08	2.85874685257e-09	1.46817444195e-08
     8	9.82397827611e-09	2.37123633329e-09	1.21952146094e-08
     9	8.55012500839e-09	2.06152484398e-09	1.06116498524e-08

Measurement: t_ro117
  step	t_ro117	FROM	TO
     1	6.04613496122e-09	1.44640296908e-09	7.4925379303e-09
     2	5.13372773971e-09	1.2262812437e-09	6.36000898341e-09
     3	4.55143117534e-09	1.08677579942e-09	5.63820697476e-09
     4	8.3667411888e-09	2.00030485105e-09	1.03670460398e-08
     5	6.98149113898e-09	1.66687870762e-09	8.64836984661e-09
     6	6.10343912943e-09	1.45645526931e-09	7.55989439874e-09
     7	1.20131619101e-08	2.8685229932e-09	1.48816849033e-08
     8	9.94786787656e-09	2.37292461232e-09	1.23207924889e-08
     9	8.64319051459e-09	2.06083268856e-09	1.07040232031e-08

Measurement: t_ro118
  step	t_ro118	FROM	TO
     1	6.01077992804e-09	1.43712175764e-09	7.44790168568e-09
     2	5.12000040823e-09	1.22235534373e-09	6.34235575196e-09
     3	4.52829771952e-09	1.08122607153e-09	5.60952379105e-09
     4	8.35777065739e-09	1.99769625939e-09	1.03554669168e-08
     5	6.97526328429e-09	1.6657413835e-09	8.64100466779e-09
     6	6.0958724809e-09	1.45515385273e-09	7.55102633363e-09
     7	1.20277543656e-08	2.87372640006e-09	1.49014807656e-08
     8	9.95959347551e-09	2.37766823554e-09	1.23372617111e-08
     9	8.64753709146e-09	2.0635385437e-09	1.07110756352e-08

Measurement: t_ro119
  step	t_ro119	FROM	TO
     1	5.71965817689e-09	1.36781716977e-09	7.08747534666e-09
     2	4.92503259018e-09	1.17664012987e-09	6.10167272006e-09
     3	4.39384640878e-09	1.04987149419e-09	5.44371790297e-09
     4	7.7841016183e-09	1.86048593535e-09	9.64458755366e-09
     5	6.59385228742e-09	1.57497195224e-09	8.16882423967e-09
     6	5.81970798955e-09	1.38977957313e-09	7.20948756268e-09
     7	1.10434326772e-08	2.63814431236e-09	1.36815769896e-08
     8	9.29179355161e-09	2.21825795966e-09	1.15100515113e-08
     9	8.1553772248e-09	1.94649521886e-09	1.01018724437e-08

Measurement: t_ro120
  step	t_ro120	FROM	TO
     1	6.24000032005e-09	1.50389078218e-09	7.74389110223e-09
     2	5.2736986658e-09	1.26840238211e-09	6.5421010479e-09
     3	4.64000022558e-09	1.11445805278e-09	5.75445827836e-09
     4	8.75426072995e-09	2.11069914231e-09	1.08649598723e-08
     5	7.25028654922e-09	1.74584190548e-09	8.9961284547e-09
     6	6.30024714543e-09	1.5153691127e-09	7.81561625813e-09
     7	1.26925078097e-08	3.06252225901e-09	1.57550300687e-08
     8	1.04291412876e-08	2.51337973036e-09	1.29425210179e-08
     9	9.00291613042e-09	2.16757140004e-09	1.11704875305e-08

Measurement: t_ro121
  step	t_ro121	FROM	TO
     1	5.46424583404e-09	1.3085666286e-09	6.77281246265e-09
     2	4.75013678775e-09	1.13648336202e-09	5.88662014977e-09
     3	4.27068967777e-09	1.02142476058e-09	5.29211443835e-09
     4	7.36816543932e-09	1.76434901607e-09	9.13251445539e-09
     5	6.30494165728e-09	1.50851444993e-09	7.81345610721e-09
     6	5.60533712866e-09	1.34044959641e-09	6.94578672507e-09
     7	1.03549261815e-08	2.47919794038e-09	1.28341241219e-08
     8	8.80398634448e-09	2.10621837663e-09	1.09102047211e-08
     9	7.78701210496e-09	1.86212601632e-09	9.64913812128e-09

Measurement: t_ro122
  step	t_ro122	FROM	TO
     1	5.88270161101e-09	1.41905923929e-09	7.3017608503e-09
     2	5.02310669605e-09	1.21035510579e-09	6.23346180183e-09
     3	4.4799906666e-09	1.07929123447e-09	5.55928190108e-09
     4	8.11981276929e-09	1.96122760145e-09	1.00810403707e-08
     5	6.81413165981e-09	1.64398276222e-09	8.45811442203e-09
     6	5.97901306047e-09	1.4415314199e-09	7.42054448037e-09
     7	1.16293485843e-08	2.81114362077e-09	1.44404922051e-08
     8	9.68469108481e-09	2.33821064336e-09	1.20229017282e-08
     9	8.4445248361e-09	2.03741872014e-09	1.04819435562e-08

Measurement: t_ro123
  step	t_ro123	FROM	TO
     1	6.06607338832e-09	1.45779539886e-09	7.52386878718e-09
     2	5.1442968156e-09	1.23381405839e-09	6.37811087399e-09
     3	4.5567508102e-09	1.09121724215e-09	5.64796805235e-09
     4	8.39665123685e-09	2.01825995227e-09	1.04149111891e-08
     5	7.00632582816e-09	1.68180595144e-09	8.6881317796e-09
     6	6.1203959486e-09	1.46733786693e-09	7.58773381553e-09
     7	1.20782945586e-08	2.90390065553e-09	1.49821952142e-08
     8	1.00023702101e-08	2.40210289697e-09	1.24044731071e-08
     9	8.68298414735e-09	2.08322995317e-09	1.07662141005e-08

Measurement: t_ro124
  step	t_ro124	FROM	TO
     1	5.68255601852e-09	1.3564117596e-09	7.03896777811e-09
     2	4.8889940582e-09	1.1665630443e-09	6.0555571025e-09
     3	4.36870157642e-09	1.04222396543e-09	5.41092554185e-09
     4	7.74499239426e-09	1.84832128071e-09	9.59331367497e-09
     5	6.55519395957e-09	1.56387906397e-09	8.11907302354e-09
     6	5.78588320016e-09	1.37985014275e-09	7.16573334291e-09
     7	1.09919862354e-08	2.62228407291e-09	1.36142703083e-08
     8	9.23738150543e-09	2.20279238554e-09	1.1440173891e-08
     9	8.10669626131e-09	1.93264689e-09	1.00393431513e-08

Measurement: t_ro125
  step	t_ro125	FROM	TO
     1	6.13871672547e-09	1.47145518996e-09	7.61017191542e-09
     2	5.1944568139e-09	1.24285617076e-09	6.43731298466e-09
     3	4.5911595134e-09	1.09755256431e-09	5.68871207771e-09
     4	8.57059928017e-09	2.05461558407e-09	1.06252148642e-08
     5	7.1182521391e-09	1.70343394077e-09	8.82168607987e-09
     6	6.19954735883e-09	1.481971652e-09	7.68151901082e-09
     7	1.23883417472e-08	2.96919574899e-09	1.53575374962e-08
     8	1.02077194724e-08	2.44253823978e-09	1.26502577122e-08
     9	8.83145350736e-09	2.11109197951e-09	1.09425454869e-08

Measurement: t_ro126
  step	t_ro126	FROM	TO
     1	6.47212562987e-09	1.55562609507e-09	8.02775172494e-09
     2	5.40145576924e-09	1.29539390039e-09	6.69684966963e-09
     3	4.73320957951e-09	1.13316279191e-09	5.86637237142e-09
     4	9.20399713204e-09	2.21337386477e-09	1.14173709968e-08
     5	7.51597390896e-09	1.80380687977e-09	9.31978078873e-09
     6	6.47948237032e-09	1.55204547626e-09	8.03152784658e-09
     7	1.34702880286e-08	3.23914340621e-09	1.67094314348e-08
     8	1.08956888477e-08	2.61459273897e-09	1.35102815867e-08
     9	9.32250708803e-09	2.23340387943e-09	1.15559109675e-08

Measurement: t_ro127
  step	t_ro127	FROM	TO
     1	6.16894233486e-09	1.477970051e-09	7.64691238587e-09
     2	5.19899472444e-09	1.24357674759e-09	6.44257147203e-09
     3	4.59565148519e-09	1.0984152159e-09	5.69406670109e-09
     4	8.59273762667e-09	2.05857818179e-09	1.06513158085e-08
     5	7.10502616044e-09	1.70003117852e-09	8.80505733895e-09
     6	6.1814780185e-09	1.4776953571e-09	7.6591733756e-09
     7	1.23818647631e-08	2.96572472573e-09	1.53475894888e-08
     8	1.01544255098e-08	2.42933768283e-09	1.25837631926e-08
     9	8.77538809614e-09	2.09757835497e-09	1.08729664511e-08

Measurement: freq_ro0
  step	{80/t_ro0}
     1	12787332953.1
     2	15151534044.6
     3	17215166392.5
     4	9130031226.16
     5	11037403940.7
     6	12708079986.4
     7	6300560584.42
     8	7679583898.41
     9	8901795720.85

Measurement: freq_ro1
  step	{80/t_ro1}
     1	13375610199.6
     2	15693157331.9
     3	17704608475.5
     4	9659045128.27
     5	11541770590.9
     6	13184377208.9
     7	6723254190.06
     8	8096002708.47
     9	9307288601.39

Measurement: freq_ro2
  step	{80/t_ro2}
     1	12725089012.3
     2	15120834799.2
     3	17139129009.8
     4	9077923362.96
     5	10982831463
     6	12650897687.5
     7	6259776966
     8	7638330044.93
     9	8859188666.16

Measurement: freq_ro3
  step	{80/t_ro3}
     1	12499995408.6
     2	14878785870.6
     3	16932441953.4
     4	8877190503.87
     5	10777162822.6
     6	12447776586.8
     7	6100710318.16
     8	7468383150.29
     9	8685082704.84

Measurement: freq_ro4
  step	{80/t_ro4}
     1	13017044421.3
     2	15395182066.4
     3	17406720969.4
     4	9330585390.52
     5	11238215360.3
     6	12902842022.5
     7	6459579006.91
     8	7842572273.7
     9	9063387357.71

Measurement: freq_ro5
  step	{80/t_ro5}
     1	13383596724.7
     2	15702825057.8
     3	17692133312.2
     4	9697672102.05
     5	11577908815.4
     6	13220280544.7
     7	6762042205.44
     8	8134167564.12
     9	9345827277.14

Measurement: freq_ro6
  step	{80/t_ro6}
     1	12970656809.7
     2	15410033021.4
     3	17462653171.8
     4	9233268037.56
     5	11207321383.8
     6	12905814217.7
     7	6382734066.03
     8	7819229883.36
     9	9071191507.43

Measurement: freq_ro7
  step	{80/t_ro7}
     1	13157892140.8
     2	15487010591.8
     3	17487649983.6
     4	9482008855.96
     5	11363641258
     6	13009866392.3
     7	6588655252.86
     8	7954987088.45
     9	9164323811.13

Measurement: freq_ro8
  step	{80/t_ro8}
     1	13318507397.6
     2	15624998132.1
     3	17639853631.6
     4	9626746942.89
     5	11501905569.2
     6	13146097144.7
     7	6701193340.44
     8	8065431097.72
     9	9273421264.03

Measurement: freq_ro9
  step	{80/t_ro9}
     1	12848741544.8
     2	15223436038.1
     3	17241379035.5
     4	9232461897.48
     5	11143287525.1
     6	12811774154.6
     7	6395064316.34
     8	7783608202.11
     9	9008770160.46

Measurement: freq_ro10
  step	{80/t_ro10}
     1	13122706982.2
     2	15484077313.2
     3	17498924473.2
     4	9418201882.71
     5	11325657265
     6	12986331679.7
     7	6527626570.13
     8	7915085001.84
     9	9137173441.23

Measurement: freq_ro11
  step	{80/t_ro11}
     1	13513511898
     2	15824578340.4
     3	17857118456.1
     4	9756544383.87
     5	11645703006
     6	13291445161
     7	6801412342.85
     8	8180881396.53
     9	9395766197.71

Measurement: freq_ro12
  step	{80/t_ro12}
     1	13220825301.3
     2	15573504435.7
     3	17568878715.6
     4	9536741252.31
     5	11425325794.4
     6	13076066950.4
     7	6630710765.25
     8	8004352864.58
     9	9218602088.01

Measurement: freq_ro13
  step	{80/t_ro13}
     1	13456219748.6
     2	15768306877.4
     3	17783642245.5
     4	9737068039.45
     5	11628228163.1
     6	13271505759.7
     7	6793474009.33
     8	8174861913.72
     9	9389808052.02

Measurement: freq_ro14
  step	{80/t_ro14}
     1	12712838830.4
     2	15083999605.1
     3	17114862951
     4	9081699663.99
     5	10976963237.9
     6	12641521217.6
     7	6270958662.29
     8	7639749028.03
     9	8855610461.04

Measurement: freq_ro15
  step	{80/t_ro15}
     1	13427934614.3
     2	15743653125.4
     3	17723998165.2
     4	9721086704.01
     5	11592266724
     6	13226466982.4
     7	6778756577.08
     8	8143579390.57
     9	9349060747.04

Measurement: freq_ro16
  step	{80/t_ro16}
     1	13816145052.6
     2	16129032373.3
     3	18052718748.2
     4	10085314420.1
     5	11943695524.9
     6	13565434995.3
     7	7075782259.95
     8	8439000256.08
     9	9640806841.56

Measurement: freq_ro17
  step	{80/t_ro17}
     1	13533276799.9
     2	15890740905.7
     3	17856657406.5
     4	9771489977.81
     5	11686295180.5
     6	13343453234.5
     7	6815371537.91
     8	8218149793.23
     9	9445570399.23

Measurement: freq_ro18
  step	{80/t_ro18}
     1	12364844558.1
     2	14779038378.4
     3	16867611049.2
     4	8723589984.76
     5	10653759391.6
     6	12348640632.8
     7	5973224056.74
     8	7359689438.58
     9	8589752281.02

Measurement: freq_ro19
  step	{80/t_ro19}
     1	12893903088.2
     2	15245719915.9
     3	17271658105
     4	9227666165.27
     5	11119573668
     6	12779005502.6
     7	6379461178.23
     8	7747929728.21
     9	8962333413.57

Measurement: freq_ro20
  step	{80/t_ro20}
     1	13062966311.1
     2	15428481673.7
     3	17458944863.9
     4	9378478436.77
     5	11283351322
     6	12949839595.1
     7	6494911153.72
     8	7877150439.75
     9	9100431695.38

Measurement: freq_ro21
  step	{80/t_ro21}
     1	14023923617.7
     2	16318479847.6
     3	18266180608.2
     4	10253220106.8
     5	12135081222.7
     6	13759387752.8
     7	7210246440.73
     8	8596490406.48
     9	9805218548.72

Measurement: freq_ro22
  step	{80/t_ro22}
     1	13206202287.1
     2	15624970313.9
     3	17604013807
     4	9510123460.02
     5	11424117442.2
     6	13093481950.4
     7	6603411603.99
     8	7995183992.86
     9	9223146235.92

Measurement: freq_ro23
  step	{80/t_ro23}
     1	12422063208.3
     2	14836656931.3
     3	16909718678.6
     4	8766571632.56
     5	10699267245.5
     6	12389765557.1
     7	6009925408.72
     8	7398661859.69
     9	8628879905.83

Measurement: freq_ro24
  step	{80/t_ro24}
     1	13266602321.6
     2	15586702331.8
     3	17575340949.1
     4	9588155321.79
     5	11455198611.7
     6	13094088836.4
     7	6670795579.38
     8	8028350845.44
     9	9233155119.43

Measurement: freq_ro25
  step	{80/t_ro25}
     1	13455400987.2
     2	15751111686.6
     3	17755555587.1
     4	9763883870.67
     5	11636596308.6
     6	13277275209.9
     7	6817427013.65
     8	8185642943.31
     9	9395026169.11

Measurement: freq_ro26
  step	{80/t_ro26}
     1	12876494136.7
     2	15247011358.6
     3	17263211830.9
     4	9226630643.5
     5	11131982873.9
     6	12802982960.7
     7	6379386412.01
     8	7758920779.09
     9	8981201462.09

Measurement: freq_ro27
  step	{80/t_ro27}
     1	13410960262
     2	15733749822.2
     3	17736699151
     4	9709520346.21
     5	11595416863
     6	13238951257.3
     7	6771472217.81
     8	8147077953.38
     9	9360099948.7

Measurement: freq_ro28
  step	{80/t_ro28}
     1	13364141460.4
     2	15723579507.4
     3	17753502861.3
     4	9615172186.73
     5	11540867510.7
     6	13206756486.6
     7	6680255084.32
     8	8088868163.69
     9	9320514165.36

Measurement: freq_ro29
  step	{80/t_ro29}
     1	13470800456.6
     2	15895055923.1
     3	17921900815.8
     4	9714455425.63
     5	11710250305.5
     6	13413977342
     7	6767457744.74
     8	8233833400.18
     9	9499742112.92

Measurement: freq_ro30
  step	{80/t_ro30}
     1	13888891967.7
     2	16176131859.2
     3	18135780554.8
     4	10157671685.1
     5	12021741552.5
     6	13642052275.8
     7	7133659541.86
     8	8503993588.04
     9	9707589114.88

Measurement: freq_ro31
  step	{80/t_ro31}
     1	12556902112.5
     2	14978019038.7
     3	17051453313.5
     4	8910348944.72
     5	10843569514.5
     6	12533770443.3
     7	6120387600.06
     8	7512445389.56
     9	8744703591.96

Measurement: freq_ro32
  step	{80/t_ro32}
     1	13730725008.3
     2	16090472777.4
     3	18022768485.1
     4	9971668257.16
     5	11865582863.2
     6	13513156264.4
     7	6971624279.12
     8	8360728446.84
     9	9579205206.72

Measurement: freq_ro33
  step	{80/t_ro33}
     1	13513513338.1
     2	15853295143.2
     3	17858076687.8
     4	9732741915.37
     5	11657911313.3
     6	13325200773.3
     7	6776806543.94
     8	8186056077.35
     9	9418738682.92

Measurement: freq_ro34
  step	{80/t_ro34}
     1	13430577505.2
     2	15743182589
     3	17725986862
     4	9745601203.96
     5	11620780101.6
     6	13253642639.3
     7	6801035047.33
     8	8166921387
     9	9372725065.64

Measurement: freq_ro35
  step	{80/t_ro35}
     1	12658340613.1
     2	15038439560
     3	17064085905.8
     4	9036786339.41
     5	10929808477
     6	12594486965.2
     7	6231073054.27
     8	7596478567.12
     9	8810658007.94

Measurement: freq_ro36
  step	{80/t_ro36}
     1	13323825968.7
     2	15624972895.5
     3	17625733980.4
     4	9624490736.1
     5	11491215773.1
     6	13128830789.5
     7	6697161824.08
     8	8054703256.59
     9	9258990063.51

Measurement: freq_ro37
  step	{80/t_ro37}
     1	13214516038.1
     2	15624823381.6
     3	17609162827.5
     4	9490063296.25
     5	11403043113.3
     6	13069421170.6
     7	6582158558.89
     8	7973094009.82
     9	9199248761.43

Measurement: freq_ro38
  step	{80/t_ro38}
     1	13325152543.8
     2	15624977287.3
     3	17658364694.3
     4	9623356018.39
     5	11513649128.4
     6	13159550309.6
     7	6705433095.56
     8	8083170067.44
     9	9297706160.32

Measurement: freq_ro39
  step	{80/t_ro39}
     1	13458756142.4
     2	15772057811.9
     3	17775425895.8
     4	9767882263.73
     5	11652010978.5
     6	13297786343.9
     7	6821155160.56
     8	8197859240.31
     9	9413167545.87

Measurement: freq_ro40
  step	{80/t_ro40}
     1	12997451975
     2	15357346735.9
     3	17367564465.1
     4	9340497556.13
     5	11237612281.6
     6	12896332022.4
     7	6472784227.45
     8	7849618682.38
     9	9068167245.61

Measurement: freq_ro41
  step	{80/t_ro41}
     1	13513460391.6
     2	15819034995
     3	17799993150.5
     4	9813922043.67
     5	11687306810.2
     6	13322568326.4
     7	6861473981.02
     8	8231206006.81
     9	9439455730.17

Measurement: freq_ro42
  step	{80/t_ro42}
     1	13123698018.6
     2	15468844077.3
     3	17470263014.4
     4	9446747014.76
     5	11340823716.1
     6	12991742056.1
     7	6559109002.51
     8	7936198501.01
     9	9152332927.37

Measurement: freq_ro43
  step	{80/t_ro43}
     1	12695624266.4
     2	15074896201.2
     3	17114957281.9
     4	9087103476.73
     5	10987198583.7
     6	12653128438
     7	6278525482.75
     8	7651031795.99
     9	8868163371.37

Measurement: freq_ro44
  step	{80/t_ro44}
     1	14036737937.4
     2	16321419482.9
     3	18259231310.4
     4	10294914073.7
     5	12161232687.7
     6	13780787747.7
     7	7254683774.49
     8	8631325554.81
     9	9838234145.37

Measurement: freq_ro45
  step	{80/t_ro45}
     1	13950771191.6
     2	16246399180.1
     3	18210545032.9
     4	10183763333.6
     5	12062119678.7
     6	13691387704.2
     7	7146408475.66
     8	8527297117.64
     9	9737991202.49

Measurement: freq_ro46
  step	{80/t_ro46}
     1	12296339587.9
     2	14706714912.4
     3	16783166672.7
     4	8688934903.72
     5	10610686622.8
     6	12298348558.7
     7	5949241908.16
     8	7327031263.13
     9	8552807410.2

Measurement: freq_ro47
  step	{80/t_ro47}
     1	14058790017.3
     2	16340261672.7
     3	18280821284.2
     4	10296867768.9
     5	12158694188.9
     6	13776891918.7
     7	7245028897.04
     8	8615507591.86
     9	9818966315.64

Measurement: freq_ro48
  step	{80/t_ro48}
     1	12898365380.5
     2	15247811266.1
     3	17285922937.7
     4	9234943956.81
     5	11135143200.6
     6	12801070491.7
     7	6383027534.5
     8	7757441929.49
     9	8976507849.18

Measurement: freq_ro49
  step	{80/t_ro49}
     1	13204137313.9
     2	15592562117.1
     3	17547658379.3
     4	9516384680.15
     5	11400118756.2
     6	13049323738.4
     7	6612341683.17
     8	7982374898.59
     9	9194350573.66

Measurement: freq_ro50
  step	{80/t_ro50}
     1	12635444196.1
     2	15026980060.2
     3	17068698247.3
     4	8984395788.71
     5	10889862772.4
     6	12561988879.6
     7	6182329223.11
     8	7555629551.26
     9	8774680679.01

Measurement: freq_ro51
  step	{80/t_ro51}
     1	12677034467.5
     2	15057751999.1
     3	17110590847.4
     4	9026311872.98
     5	10927346199.9
     6	12598646122.7
     7	6212096563.72
     8	7580607808.8
     9	8798469016.11

Measurement: freq_ro52
  step	{80/t_ro52}
     1	12912511974.2
     2	15246422014.5
     3	17266059919.9
     4	9268961936.73
     5	11155496367.3
     6	12812706567.6
     7	6419225220.68
     8	7785605456.87
     9	8997829916.54

Measurement: freq_ro53
  step	{80/t_ro53}
     1	12971118502.9
     2	15352131516.3
     3	17385316557.2
     4	9273979641.5
     5	11195544037.4
     6	12867838324.4
     7	6412590657.98
     8	7807439593.54
     9	9036026228.29

Measurement: freq_ro54
  step	{80/t_ro54}
     1	13658694580.3
     2	15967025609.3
     3	17938976874.3
     4	9934083770.89
     5	11811991581.4
     6	13446723476.6
     7	6956615371.69
     8	8332935879.16
     9	9543566990.95

Measurement: freq_ro55
  step	{80/t_ro55}
     1	12044595450.5
     2	14509093710.5
     3	16631281111.5
     4	8412066874.63
     5	10364341962.8
     6	12073958619.7
     7	5727461753.08
     8	7120972212.82
     9	8358299873.81

Measurement: freq_ro56
  step	{80/t_ro56}
     1	13042075052.4
     2	15413451365.8
     3	17430104824.2
     4	9323344986.51
     5	11231545689.4
     6	12896579431.8
     7	6446623446.44
     8	7829859743.6
     9	9051181225.77

Measurement: freq_ro57
  step	{80/t_ro57}
     1	14400659891.4
     2	16665164849.9
     3	18564034751.3
     4	10645074451
     5	12503516427.6
     6	14112071316.2
     7	7547522937.48
     8	8927673006.3
     9	10128859825.7

Measurement: freq_ro58
  step	{80/t_ro58}
     1	13328192710.1
     2	15624999542.4
     3	17639537247.2
     4	9615419284.72
     5	11490661887.3
     6	13130102034
     7	6692608208.96
     8	8054778727.94
     9	9260767283.37

Measurement: freq_ro59
  step	{80/t_ro59}
     1	13576569006.9
     2	15918579068.1
     3	17881018459.8
     4	9832328256.17
     5	11719497407.9
     6	13361786381.6
     7	6861858568.6
     8	8241691210.97
     9	9455919005.23

Measurement: freq_ro60
  step	{80/t_ro60}
     1	13799526175.1
     2	16087631106.8
     3	18035635265.2
     4	10064884082.3
     5	11919091796.2
     6	13536708040.5
     7	7059513161.34
     8	8419007524.21
     9	9617978268.32

Measurement: freq_ro61
  step	{80/t_ro61}
     1	14026600546.5
     2	16312593773.3
     3	18280744923.8
     4	10278790552.1
     5	12160230034.4
     6	13785126517.4
     7	7242307972.69
     8	8629118926.86
     9	9839254923.01

Measurement: freq_ro62
  step	{80/t_ro62}
     1	12976916756
     2	15359504952.6
     3	17399567136.8
     4	9316162492.76
     5	11236897498.1
     6	12912201303.8
     7	6454011493.97
     8	7848520593.39
     9	9079010825.15

Measurement: freq_ro63
  step	{80/t_ro63}
     1	13115984804.6
     2	15468578503.9
     3	17467678709.7
     4	9442477562.07
     5	11333622641.8
     6	12984883792.3
     7	6559944820.7
     8	7933212961.78
     9	9146969123.52

Measurement: freq_ro64
  step	{80/t_ro64}
     1	13888882670.1
     2	16199395397.6
     3	18166237073.6
     4	10120187386.3
     5	12014784463
     6	13649824414.7
     7	7094592090.55
     8	8487347058.18
     9	9701246399.7

Measurement: freq_ro65
  step	{80/t_ro65}
     1	13952331098.4
     2	16246987082.5
     3	18207359243.5
     4	10184858917.7
     5	12062191574
     6	13691273653.6
     7	7149111366.19
     8	8529419160.06
     9	9740339732.57

Measurement: freq_ro66
  step	{80/t_ro66}
     1	12820512118.6
     2	15225411450
     3	17285555663
     4	9121070523.42
     5	11070309329
     6	12761312736.8
     7	6287390781.28
     8	7697107568.62
     9	8936357071.26

Measurement: freq_ro67
  step	{80/t_ro67}
     1	12836779956
     2	15215875562.8
     3	17241351729.1
     4	9164194582.4
     5	11070504841.8
     6	12738939378.6
     7	6324953108.12
     8	7703833138.9
     9	8925530745.07

Measurement: freq_ro68
  step	{80/t_ro68}
     1	14113893861.9
     2	16364353766.1
     3	18295474714.1
     4	10371395469.8
     5	12215829180.1
     6	13822261347.1
     7	7312672819.95
     8	8672304322.72
     9	9868290780.02

Measurement: freq_ro69
  step	{80/t_ro69}
     1	13057039005.6
     2	15438408376.2
     3	17451792800.5
     4	9338261579.1
     5	11251591429.4
     6	12915993342
     7	6467265825.19
     8	7856695827.63
     9	9080002738.79

Measurement: freq_ro70
  step	{80/t_ro70}
     1	13817522638
     2	16129033608.2
     3	18062875172.5
     4	10094407716.2
     5	11956299499.2
     6	13580360566.6
     7	7085144554.83
     8	8451303106.53
     9	9655236842.56

Measurement: freq_ro71
  step	{80/t_ro71}
     1	12561966734.6
     2	14953618890
     3	16989861809.1
     4	8910956350.55
     5	10808500519.2
     6	12477657352.7
     7	6121035033.96
     8	7485601219.62
     9	8700236997.83

Measurement: freq_ro72
  step	{80/t_ro72}
     1	13771065629.5
     2	16090653975.6
     3	18037077379.9
     4	10045186520.2
     5	11921325137.9
     6	13551730804.2
     7	7044300015.74
     8	8421718338.92
     9	9631570542.38

Measurement: freq_ro73
  step	{80/t_ro73}
     1	13581596339.6
     2	15889838248.8
     3	17857172375.7
     4	9878167795.64
     5	11749219637.9
     6	13382980736
     7	6905790207.21
     8	8274085962.19
     9	9481528196.49

Measurement: freq_ro74
  step	{80/t_ro74}
     1	12454606060
     2	14879824177.1
     3	16954864389.5
     4	8811463565.78
     5	10750797679.2
     6	12447420699.7
     7	6050456964.02
     8	7444195815.09
     9	8679215962.25

Measurement: freq_ro75
  step	{80/t_ro75}
     1	13706043342.2
     2	16017485790
     3	17968302639.4
     4	9962035701.62
     5	11826798157.2
     6	13453117826.1
     7	6970428873.15
     8	8335544745.25
     9	9539064130.3

Measurement: freq_ro76
  step	{80/t_ro76}
     1	13478756479.9
     2	15786249436.4
     3	17779809133.2
     4	9776529907.71
     5	11654100355.4
     6	13292434195.6
     7	6825996129.34
     8	8197397125.41
     9	9407784971.19

Measurement: freq_ro77
  step	{80/t_ro77}
     1	12150026864.8
     2	14566949558.9
     3	16666641614.8
     4	8590453173.3
     5	10507885899.2
     6	12195204415.4
     7	5885406815.34
     8	7258472779.89
     9	8482685771.44

Measurement: freq_ro78
  step	{80/t_ro78}
     1	13849329400.4
     2	16129031764.7
     3	18087071696.6
     4	10116651533.2
     5	11978360962.2
     6	13599156793.4
     7	7102870123.44
     8	8470143332.23
     9	9673060183.65

Measurement: freq_ro79
  step	{80/t_ro79}
     1	13281118079.1
     2	15624987966.6
     3	17632342129.7
     4	9584114577.57
     5	11476389419.7
     6	13129736465
     7	6666491889.23
     8	8043968893.1
     9	9259677940.43

Measurement: freq_ro80
  step	{80/t_ro80}
     1	13355657554
     2	15667206774.7
     3	17670159266.5
     4	9631540494.32
     5	11506933026.9
     6	13147467207.7
     7	6701349712.51
     8	8066737720.03
     9	9274594506.36

Measurement: freq_ro81
  step	{80/t_ro81}
     1	13686404328.7
     2	16002746408.2
     3	17964435884.7
     4	9962023688.82
     5	11842409218.6
     6	13478713252.2
     7	6975811711.23
     8	8354854308.88
     9	9567662902.21

Measurement: freq_ro82
  step	{80/t_ro82}
     1	12903625041.3
     2	15258643142.7
     3	17241611997.2
     4	9227955800.04
     5	11115338201
     6	12772573604.3
     7	6377890888.87
     8	7744801649.45
     9	8957226113.09

Measurement: freq_ro83
  step	{80/t_ro83}
     1	13711780342.5
     2	15993405764.5
     3	17948669400.5
     4	10000035188.1
     5	11855229985
     6	13476868710.4
     7	7010384886.82
     8	8368007148.8
     9	9567569197.47

Measurement: freq_ro84
  step	{80/t_ro84}
     1	13420631988.3
     2	15752362118.7
     3	17754792066
     4	9720687104.52
     5	11627892365.9
     6	13276868293.6
     7	6790373517.78
     8	8183949931.21
     9	9403943546.08

Measurement: freq_ro85
  step	{80/t_ro85}
     1	13378808235.9
     2	15691128073.4
     3	17665789499.6
     4	9692696783.42
     5	11556406600.1
     6	13188903700.8
     7	6759733892.89
     8	8118511992.02
     9	9321588978.31

Measurement: freq_ro86
  step	{80/t_ro86}
     1	13043093120.1
     2	15393323597.4
     3	17428484217.9
     4	9365909111.21
     5	11275528657.1
     6	12939534476
     7	6492367321.57
     8	7878458767.77
     9	9100874218.12

Measurement: freq_ro87
  step	{80/t_ro87}
     1	13397646122.4
     2	15719371661
     3	17708381208.2
     4	9699596026.05
     5	11579528596.2
     6	13219658875
     7	6765725358.61
     8	8138559845.38
     9	9349386619.79

Measurement: freq_ro88
  step	{80/t_ro88}
     1	13389591240.6
     2	15703726955.3
     3	17698453365.9
     4	9674988920.36
     5	11550734847.7
     6	13190137385.8
     7	6741173160.54
     8	8108733324.52
     9	9317519915.64

Measurement: freq_ro89
  step	{80/t_ro89}
     1	14285977520
     2	16537523445.8
     3	18446951545.1
     4	10563242119.1
     5	12395634560.1
     6	13992374123
     7	7477703698.13
     8	8832086390.52
     9	10023594047.1

Measurement: freq_ro90
  step	{80/t_ro90}
     1	13080923328
     2	15438601389.7
     3	17454719922.7
     4	9416638716.78
     5	11318450905.7
     6	12983906814.7
     7	6534717425.56
     8	7914526077.71
     9	9136779489.71

Measurement: freq_ro91
  step	{80/t_ro91}
     1	12573850406.3
     2	14984735632.1
     3	17044064681.3
     4	8907834673.46
     5	10829013097.4
     6	12508565224.8
     7	6117625319.7
     8	7499190059.15
     9	8722968647.11

Measurement: freq_ro92
  step	{80/t_ro92}
     1	13735205565.7
     2	16044331400.3
     3	18010899074.5
     4	9999953869.11
     5	11878390235.3
     6	13512269753.1
     7	7007797295.87
     8	8384635468.02
     9	9595156896.27

Measurement: freq_ro93
  step	{80/t_ro93}
     1	13711470289.6
     2	16017270577.1
     3	17974360959.1
     4	9986932302.3
     5	11858723661.5
     6	13489097633.5
     7	6994029330.67
     8	8366517660.92
     9	9574253228.26

Measurement: freq_ro94
  step	{80/t_ro94}
     1	12911649773.4
     2	15320641784.8
     3	17379204861.3
     4	9208841726.49
     5	11148736758.7
     6	12832787769.8
     7	6356594915.67
     8	7761036556.38
     9	8997230379.51

Measurement: freq_ro95
  step	{80/t_ro95}
     1	12258355998.8
     2	14705881798.6
     3	16743853385.6
     4	8646947930.4
     5	10583109273.6
     6	12278000196
     7	5916007033.12
     8	7307456210.49
     9	8540823251.43

Measurement: freq_ro96
  step	{80/t_ro96}
     1	13070724379.8
     2	15447046378.4
     3	17455226948.2
     4	9374279270.71
     5	11277206579.7
     6	12936894650.7
     7	6495736118.98
     8	7875948009.78
     9	9093419471.59

Measurement: freq_ro97
  step	{80/t_ro97}
     1	13341643964.8
     2	15692060290.6
     3	17704103860.9
     4	9611128485.96
     5	11510736649.7
     6	13158165793.7
     7	6677363379.08
     8	8060201686.87
     9	9280679124.56

Measurement: freq_ro98
  step	{80/t_ro98}
     1	13633013973.5
     2	15951145713.5
     3	17913049579.1
     4	9902845501.1
     5	11779207285.1
     6	13412374320.4
     7	6927691764.54
     8	8301252151.06
     9	9509819925.98

Measurement: freq_ro99
  step	{80/t_ro99}
     1	12775535794.2
     2	15151515327
     3	17241383241.4
     4	9087420052.75
     5	10999976080.2
     6	12675373084.6
     7	6259030797.68
     8	7640165511
     9	8864191073.99

Measurement: freq_ro100
  step	{80/t_ro100}
     1	13311733013.1
     2	15660418261.2
     3	17670332425.2
     4	9587378341.58
     5	11487576153
     6	13145040916.1
     7	6658783292.44
     8	8041615648.59
     9	9258985871.08

Measurement: freq_ro101
  step	{80/t_ro101}
     1	13720699514.3
     2	16008416264.5
     3	17962268075
     4	10035456629.1
     5	11904774285.5
     6	13526394729.6
     7	7048416496.8
     8	8417798181.46
     9	9623647957.76

Measurement: freq_ro102
  step	{80/t_ro102}
     1	13619279704.2
     2	15932705602.4
     3	17911259775.1
     4	9910492763.05
     5	11795155730.5
     6	13433184197.7
     7	6941193130.13
     8	8323784496.04
     9	9538187079.8

Measurement: freq_ro103
  step	{80/t_ro103}
     1	13221168974.7
     2	15576938632.4
     3	17543974663.8
     4	9581057471.07
     5	11454675916.3
     6	13098035886.5
     7	6677636248.3
     8	8041898773.77
     9	9251538825.45

Measurement: freq_ro104
  step	{80/t_ro104}
     1	14422866064.2
     2	16666736290.3
     3	18579114190.8
     4	10696941163.7
     5	12546114976
     6	14147227257.3
     7	7598173386.37
     8	8971823849.59
     9	10170423691.1

Measurement: freq_ro105
  step	{80/t_ro105}
     1	13755349786.8
     2	16068625628.6
     3	18019835317.1
     4	10019055609.2
     5	11894816784.6
     6	13526077392.4
     7	7021483071.46
     8	8397116803.29
     9	9607135151.13

Measurement: freq_ro106
  step	{80/t_ro106}
     1	12657547036.9
     2	15049580767.7
     3	17117098081.8
     4	9015969783.94
     5	10937533037.9
     6	12617401966.3
     7	6210400181.05
     8	7596730325.1
     9	8823118977.4

Measurement: freq_ro107
  step	{80/t_ro107}
     1	13513513539.9
     2	15817879882.5
     3	17815568929
     4	9774560323.15
     5	11651227175.1
     6	13288536362.8
     7	6820617061.53
     8	8191664622.46
     9	9400428945.89

Measurement: freq_ro108
  step	{80/t_ro108}
     1	14379770273.6
     2	16666693545.4
     3	18518649939.1
     4	10617400332.9
     5	12461122508.4
     6	14060286086.1
     7	7517133725.72
     8	8881768988.71
     9	10077182223.4

Measurement: freq_ro109
  step	{80/t_ro109}
     1	13513513666
     2	15857523177.1
     3	17845030230.6
     4	9818755463.23
     5	11712685776.9
     6	13358272444.9
     7	6864288427.22
     8	8251875364.69
     9	9470387985

Measurement: freq_ro110
  step	{80/t_ro110}
     1	13888857646.7
     2	16185647814.1
     3	18151357357.9
     4	10132059102.2
     5	12021216894.7
     6	13657105495.1
     7	7114217858.96
     8	8504689627.35
     9	9721322826.98

Measurement: freq_ro111
  step	{80/t_ro111}
     1	12563006203.8
     2	14996498496.8
     3	17058603288.1
     4	8879127202.86
     5	10815735389.7
     6	12508287401.9
     7	6089379628.66
     8	7481793575.96
     9	8714837575.16

Measurement: freq_ro112
  step	{80/t_ro112}
     1	13143130345.4
     2	15488520324.4
     3	17500283068.7
     4	9458196429.16
     5	11355213193
     6	13008643540.7
     7	6567048741.99
     8	7945052093.12
     9	9161624493.71

Measurement: freq_ro113
  step	{80/t_ro113}
     1	12889457395
     2	15314441179.9
     3	17357166091.3
     4	9175211893.03
     5	11122618317
     6	12815783640.2
     7	6331066958.21
     8	7742191337.26
     9	8980580298.61

Measurement: freq_ro114
  step	{80/t_ro114}
     1	13695522747.7
     2	16004114521.1
     3	17962111396.8
     4	9962576105.31
     5	11831674351.3
     6	13463205395.4
     7	6969614398.52
     8	8336921196.77
     9	9543362701.53

Measurement: freq_ro115
  step	{80/t_ro115}
     1	12828720002
     2	15280804232.3
     3	17344874559.9
     4	9185652074.45
     5	11163942095.8
     6	12874284223.2
     7	6355064823.32
     8	7792363765.85
     9	9050800504.46

Measurement: freq_ro116
  step	{80/t_ro116}
     1	13387460604.4
     2	15624996345.3
     3	17712493179.3
     4	9700096075.75
     5	11587607295.9
     6	13231331894.7
     7	6766473523.09
     8	8143340483
     9	9356588344.79

Measurement: freq_ro117
  step	{80/t_ro117}
     1	13231593491.2
     2	15583218288.2
     3	17576888877
     4	9561667822.01
     5	11458870090.6
     6	13107364275
     7	6659362505.79
     8	8041924258.81
     9	9255841331.39

Measurement: freq_ro118
  step	{80/t_ro118}
     1	13309420900.1
     2	15624998754.2
     3	17666682924.8
     4	9571930515.85
     5	11469101127.7
     6	13123634106.6
     7	6651283154.64
     8	8032456364.48
     9	9251188997.97

Measurement: freq_ro119
  step	{80/t_ro119}
     1	13986849830.1
     2	16243547334
     3	18207281856.8
     4	10277358123.4
     5	12132513212.7
     6	13746394173.7
     7	7244124389.41
     8	8609747898.04
     9	9809478800.9

Measurement: freq_ro120
  step	{80/t_ro120}
     1	12820512162.9
     2	15169619098.4
     3	17241378472.1
     4	9138407281.65
     5	11034046648.6
     6	12697914566.4
     7	6302930925.83
     8	7670813712.66
     9	8886009692.98

Measurement: freq_ro121
  step	{80/t_ro121}
     1	14640629728.2
     2	16841620267.9
     3	18732337405.9
     4	10857519508.6
     5	12688459996.7
     6	14272112125.2
     7	7725791434.68
     8	9086792831.09
     9	10273516840.8

Measurement: freq_ro122
  step	{80/t_ro122}
     1	13599193923.1
     2	15926398709.2
     3	17857180059.9
     4	9852443926.12
     5	11740307348.6
     6	13380134679.6
     7	6879147135.38
     8	8260459657.35
     9	9473594021.31

Measurement: freq_ro123
  step	{80/t_ro123}
     1	13188102892.7
     2	15551202208.5
     3	17556369293
     4	9527607821.66
     5	11418252870.6
     6	13071049760.8
     7	6623451648.05
     8	7998104281.24
     9	9213422326.06

Measurement: freq_ro124
  step	{80/t_ro124}
     1	14078171819
     2	16363284358.2
     3	18312077078.4
     4	10329254817.5
     5	12204062990.9
     6	13826756820.4
     7	7278029492.28
     8	8660462919.39
     9	9868385026.56

Measurement: freq_ro125
  step	{80/t_ro125}
     1	13032039688.1
     2	15401032844.5
     3	17424792095.9
     4	9334236426.74
     5	11238714004
     6	12904167896.4
     7	6457684299.68
     8	7837205971.07
     9	9058531524.09

Measurement: freq_ro126
  step	{80/t_ro126}
     1	12360699494.3
     2	14810822011.3
     3	16901850352.5
     4	8691875807.04
     5	10643996502.5
     6	12346665277.8
     7	5938996985.82
     8	7342353578.4
     9	8581382587.82

Measurement: freq_ro127
  step	{80/t_ro127}
     1	12968187358.1
     2	15387590147.8
     3	17407760413.9
     4	9310187681.24
     5	11259634826.6
     6	12941888616.4
     7	6461062330.33
     8	7878338358.29
     9	9116405921.15

Measurement: edge100_ro0
  step	V(ro0_out)={VTHRESH} 
     1	7.76021802691e-09
     2	6.54661151665e-09
     3	5.76139539553e-09
     4	1.08699713235e-08
     5	8.98917432962e-09
     6	7.80625910916e-09
     7	1.57519023217e-08
     8	1.29198972432e-08
     9	1.11444827822e-08

Measurement: edge100_ro1
  step	V(ro1_out)={VTHRESH} 
     1	7.41261393716e-09
     2	6.31593039775e-09
     3	5.59773004233e-09
     4	1.02646616442e-08
     5	8.58769085632e-09
     6	7.51661693059e-09
     7	1.4746113186e-08
     8	1.22423345628e-08
     9	1.06472946591e-08

Measurement: edge100_ro2
  step	V(ro2_out)={VTHRESH} 
     1	7.78812395989e-09
     2	6.55307790863e-09
     3	5.77997406835e-09
     4	1.09144676937e-08
     5	9.0200933605e-09
     6	7.82998568813e-09
     7	1.58242011605e-08
     8	1.2967813262e-08
     9	1.11798983335e-08

Measurement: edge100_ro3
  step	V(ro3_out)={VTHRESH} 
     1	7.93426783476e-09
     2	6.6626515099e-09
     3	5.85265537743e-09
     4	1.11730618947e-08
     5	9.19893813072e-09
     6	7.961843828e-09
     7	1.62568974258e-08
     8	1.32741917691e-08
     9	1.14112982214e-08

Measurement: edge100_ro4
  step	V(ro4_out)={VTHRESH} 
     1	7.62171886788e-09
     2	6.44253259038e-09
     3	5.69643367351e-09
     4	1.06336737403e-08
     5	8.82648476071e-09
     6	7.68598439178e-09
     7	1.53599734498e-08
     8	1.26486260714e-08
     9	1.09428303312e-08

Measurement: edge100_ro5
  step	V(ro5_out)={VTHRESH} 
     1	7.41531494152e-09
     2	6.3180819354e-09
     3	5.60577751332e-09
     4	1.02356872176e-08
     5	8.57096877546e-09
     6	7.50434367047e-09
     7	1.46806193652e-08
     8	1.22008356028e-08
     9	1.06168968299e-08

Measurement: edge100_ro6
  step	V(ro6_out)={VTHRESH} 
     1	7.65416559616e-09
     2	6.43932778817e-09
     3	5.68121725542e-09
     4	1.07533597609e-08
     5	8.85543432177e-09
     6	7.68827656874e-09
     7	1.55561890675e-08
     8	1.26933522955e-08
     9	1.0939181124e-08

Measurement: edge100_ro7
  step	V(ro7_out)={VTHRESH} 
     1	7.54373454608e-09
     2	6.40662038834e-09
     3	5.67216966654e-09
     4	1.0470026813e-08
     5	8.73320843214e-09
     6	7.62603825599e-09
     7	1.50694104096e-08
     8	1.24769143627e-08
     9	1.08277861642e-08

Measurement: edge100_ro8
  step	V(ro8_out)={VTHRESH} 
     1	7.44909866345e-09
     2	6.34693617739e-09
     3	5.62107924998e-09
     4	1.03064665471e-08
     5	8.62380541876e-09
     6	7.54287143773e-09
     7	1.48062729601e-08
     8	1.22987774306e-08
     9	1.06945050977e-08

Measurement: edge100_ro9
  step	V(ro9_out)={VTHRESH} 
     1	7.71030571059e-09
     2	6.50740811226e-09
     3	5.74521804363e-09
     4	1.07292580792e-08
     5	8.88879175568e-09
     6	7.73110656092e-09
     7	1.54876395563e-08
     8	1.2723864288e-08
     9	1.09931853686e-08

Measurement: edge100_ro10
  step	V(ro10_out)={VTHRESH} 
     1	7.55337369443e-09
     2	6.39922006181e-09
     3	5.66184346487e-09
     4	1.05218445582e-08
     5	8.74805961727e-09
     6	7.62855843624e-09
     7	1.51765910363e-08
     8	1.25153056735e-08
     9	1.08406250526e-08

Measurement: edge100_ro11
  step	V(ro11_out)={VTHRESH} 
     1	7.34765605911e-09
     2	6.27122138083e-09
     3	5.55576075839e-09
     4	1.01772982634e-08
     5	8.52352023159e-09
     6	7.46599323423e-09
     7	1.4600815667e-08
     8	1.21351273405e-08
     9	1.05633109326e-08

Measurement: edge100_ro12
  step	V(ro12_out)={VTHRESH} 
     1	7.50792850085e-09
     2	6.37129846486e-09
     3	5.64602949892e-09
     4	1.04101746975e-08
     5	8.68609787949e-09
     6	7.58737758854e-09
     7	1.49741814918e-08
     8	1.24000177676e-08
     9	1.07637948426e-08

Measurement: edge100_ro13
  step	V(ro13_out)={VTHRESH} 
     1	7.37780064367e-09
     2	6.29377793731e-09
     3	5.58013274689e-09
     4	1.01980684547e-08
     5	8.53642343863e-09
     6	7.47864476375e-09
     7	1.46185843193e-08
     8	1.21448771e-08
     9	1.05717849475e-08

Measurement: edge100_ro14
  step	V(ro14_out)={VTHRESH} 
     1	7.80268049444e-09
     2	6.57386027425e-09
     3	5.79294129793e-09
     4	1.0922837574e-08
     5	9.03369092222e-09
     6	7.8428073445e-09
     7	1.5817671562e-08
     8	1.29794416957e-08
     9	1.11953795071e-08

Measurement: edge100_ro15
  step	V(ro15_out)={VTHRESH} 
     1	7.38984463836e-09
     2	6.2996959982e-09
     3	5.59404983734e-09
     4	1.02089752821e-08
     5	8.55707595904e-09
     6	7.49748916131e-09
     7	1.46409800946e-08
     8	1.21820102313e-08
     9	1.06081391838e-08

Measurement: edge100_ro16
  step	V(ro16_out)={VTHRESH} 
     1	7.18085044187e-09
     2	6.15059116048e-09
     3	5.49404395302e-09
     4	9.83818036161e-09
     5	8.30543952737e-09
     6	7.31183623319e-09
     7	1.40228477968e-08
     8	1.17550551135e-08
     9	1.0288647835e-08

Measurement: edge100_ro17
  step	V(ro17_out)={VTHRESH} 
     1	7.32655986632e-09
     2	6.23697558484e-09
     3	5.54985231351e-09
     4	1.01472101139e-08
     5	8.48107409379e-09
     6	7.4264390315e-09
     7	1.4547183481e-08
     8	1.20596905471e-08
     9	1.04906319269e-08

Measurement: edge100_ro18
  step	V(ro18_out)={VTHRESH} 
     1	8.02704914489e-09
     2	6.71517367639e-09
     3	5.88341186343e-09
     4	1.13793583723e-08
     5	9.3161378386e-09
     6	8.03738948393e-09
     7	1.66205587363e-08
     8	1.34877579922e-08
     9	1.15557585912e-08

Measurement: edge100_ro19
  step	V(ro19_out)={VTHRESH} 
     1	7.68742547345e-09
     2	6.49999760925e-09
     3	5.7373478167e-09
     4	1.07409578132e-08
     5	8.91175932332e-09
     6	7.75384666098e-09
     7	1.55351195672e-08
     8	1.27891451224e-08
     9	1.1055090594e-08

Measurement: edge100_ro20
  step	V(ro20_out)={VTHRESH} 
     1	7.59622874514e-09
     2	6.43020726391e-09
     3	5.68123767833e-09
     4	1.0581968702e-08
     5	8.79398940336e-09
     6	7.66099887407e-09
     7	1.52812163775e-08
     8	1.2597831378e-08
     9	1.09029082111e-08

Measurement: edge100_ro21
  step	V(ro21_out)={VTHRESH} 
     1	7.06944469422e-09
     2	6.07437143609e-09
     3	5.42610443964e-09
     4	9.66905325033e-09
     5	8.1682182774e-09
     6	7.20324262303e-09
     7	1.37492428029e-08
     8	1.15301826817e-08
     9	1.0107531883e-08

Measurement: edge100_ro22
  step	V(ro22_out)={VTHRESH} 
     1	7.51594913486e-09
     2	6.35382763961e-09
     3	5.63811902379e-09
     4	1.0439381302e-08
     5	8.69020689141e-09
     6	7.58180309028e-09
     7	1.50372352071e-08
     8	1.24193646717e-08
     9	1.07652657402e-08

Measurement: edge100_ro23
  step	V(ro23_out)={VTHRESH} 
     1	7.99106272901e-09
     2	6.68872142271e-09
     3	5.86782507597e-09
     4	1.13257550358e-08
     5	9.27738840293e-09
     6	8.01025745573e-09
     7	1.65236991999e-08
     8	1.34181005496e-08
     9	1.15033331865e-08

Measurement: edge100_ro24
  step	V(ro24_out)={VTHRESH} 
     1	7.47654114448e-09
     2	6.36192425621e-09
     3	5.64126899247e-09
     4	1.03455204252e-08
     5	8.65679826683e-09
     6	7.57210181788e-09
     7	1.48698389491e-08
     8	1.23519519135e-08
     9	1.07384549414e-08

Measurement: edge100_ro25
  step	V(ro25_out)={VTHRESH} 
     1	7.37305878761e-09
     2	6.29712941988e-09
     3	5.58513265986e-09
     4	1.01612250129e-08
     5	8.52423541153e-09
     6	7.46943711146e-09
     7	1.45530279959e-08
     8	1.21178673432e-08
     9	1.05563857309e-08

Measurement: edge100_ro26
  step	V(ro26_out)={VTHRESH} 
     1	7.71066486753e-09
     2	6.5098023051e-09
     3	5.74893424737e-09
     4	1.07640328194e-08
     5	8.91913577427e-09
     6	7.75322704566e-09
     7	1.55703178866e-08
     8	1.27985404261e-08
     9	1.10546874658e-08

Measurement: edge100_ro27
  step	V(ro27_out)={VTHRESH} 
     1	7.40128400454e-09
     2	6.30650025247e-09
     3	5.59334067325e-09
     4	1.02251595195e-08
     5	8.55935091879e-09
     6	7.49514659385e-09
     7	1.46637911426e-08
     8	1.21841317428e-08
     9	1.06031335089e-08

Measurement: edge100_ro28
  step	V(ro28_out)={VTHRESH} 
     1	7.42730340071e-09
     2	6.31177751667e-09
     3	5.58984366013e-09
     4	1.03256192972e-08
     5	8.60074126792e-09
     6	7.51525996527e-09
     7	1.48630535476e-08
     8	1.22724487098e-08
     9	1.06497924908e-08

Measurement: edge100_ro29
  step	V(ro29_out)={VTHRESH} 
     1	7.36999065677e-09
     2	6.24470258694e-09
     3	5.53752304029e-09
     4	1.02221940282e-08
     5	8.47842398827e-09
     6	7.40040836056e-09
     7	1.46764660256e-08
     8	1.20607122411e-08
     9	1.04521011039e-08

Measurement: edge100_ro30
  step	V(ro30_out)={VTHRESH} 
     1	7.13859278179e-09
     2	6.12782701299e-09
     3	5.4654652492e-09
     4	9.76121531033e-09
     5	8.24575059901e-09
     6	7.26558647096e-09
     7	1.38984791192e-08
     8	1.1656265172e-08
     9	1.02099246251e-08

Measurement: edge100_ro31
  step	V(ro31_out)={VTHRESH} 
     1	7.89772380682e-09
     2	6.61917139444e-09
     3	5.81311602858e-09
     4	1.11299808907e-08
     5	9.14310912077e-09
     6	7.90844614958e-09
     7	1.62025765398e-08
     8	1.31970483389e-08
     9	1.13350654075e-08

Measurement: edge100_ro32
  step	V(ro32_out)={VTHRESH} 
     1	7.22376033769e-09
     2	6.1633092511e-09
     3	5.50148843197e-09
     4	9.94714147886e-09
     5	8.35765945968e-09
     6	7.33851599859e-09
     7	1.42274504786e-08
     8	1.18611432345e-08
     9	1.03509748098e-08

Measurement: edge100_ro33
  step	V(ro33_out)={VTHRESH} 
     1	7.3493040996e-09
     2	6.26355207855e-09
     3	5.55949234659e-09
     4	1.02056794609e-08
     5	8.5191919331e-09
     6	7.45278349138e-09
     7	1.46597821901e-08
     8	1.21342164053e-08
     9	1.05452925702e-08

Measurement: edge100_ro34
  step	V(ro34_out)={VTHRESH} 
     1	7.38801106932e-09
     2	6.30135810438e-09
     3	5.59576773119e-09
     4	1.01827769423e-08
     5	8.53804642364e-09
     6	7.48500075323e-09
     7	1.45922835991e-08
     8	1.21494837133e-08
     9	1.05852104505e-08

Measurement: edge100_ro35
  step	V(ro35_out)={VTHRESH} 
     1	7.84430172217e-09
     2	6.60074586507e-09
     3	5.815716917e-09
     4	1.09903617229e-08
     5	9.08384023106e-09
     6	7.88148606239e-09
     7	1.59403606435e-08
     8	1.30711933299e-08
     9	1.12676699485e-08

Measurement: edge100_ro36
  step	V(ro36_out)={VTHRESH} 
     1	7.44519929696e-09
     2	6.34723786684e-09
     3	5.62508157404e-09
     4	1.03075514195e-08
     5	8.63068716554e-09
     6	7.55263532599e-09
     7	1.4812986313e-08
     8	1.23132456405e-08
     9	1.07100048898e-08

Measurement: edge100_ro37
  step	V(ro37_out)={VTHRESH} 
     1	7.50564005889e-09
     2	6.34765033204e-09
     3	5.62977533585e-09
     4	1.04515574653e-08
     5	8.69580953324e-09
     6	7.58570061373e-09
     7	1.50684916359e-08
     8	1.24365987944e-08
     9	1.07770706543e-08

Measurement: edge100_ro38
  step	V(ro38_out)={VTHRESH} 
     1	7.4494057503e-09
     2	6.35177797578e-09
     3	5.6190811013e-09
     4	1.03169205307e-08
     5	8.62062965729e-09
     6	7.54111998544e-09
     7	1.48074757821e-08
     8	1.22803063876e-08
     9	1.06746501288e-08

Measurement: edge100_ro39
  step	V(ro39_out)={VTHRESH} 
     1	7.37748643412e-09
     2	6.29438571533e-09
     3	5.58428725811e-09
     4	1.01674648997e-08
     5	8.52156247931e-09
     6	7.46602940424e-09
     7	1.4561819427e-08
     8	1.21138813599e-08
     9	1.05485219843e-08

Measurement: edge100_ro40
  step	V(ro40_out)={VTHRESH} 
     1	7.62790176232e-09
     2	6.4540638776e-09
     3	5.70584887728e-09
     4	1.06145787511e-08
     5	8.81981931267e-09
     6	7.68385785593e-09
     7	1.53164534115e-08
     8	1.26261498477e-08
     9	1.09274131029e-08

Measurement: edge100_ro41
  step	V(ro41_out)={VTHRESH} 
     1	7.34933356202e-09
     2	6.2736284538e-09
     3	5.57321285188e-09
     4	1.01218664288e-08
     5	8.4942808334e-09
     6	7.4489340588e-09
     7	1.44786315609e-08
     8	1.20629748125e-08
     9	1.05157178696e-08

Measurement: edge100_ro42
  step	V(ro42_out)={VTHRESH} 
     1	7.57814815332e-09
     2	6.42423302455e-09
     3	5.68566334418e-09
     4	1.05304817803e-08
     5	8.76498008955e-09
     6	7.64794460087e-09
     7	1.51678070268e-08
     8	1.25274729049e-08
     9	1.0858178668e-08

Measurement: edge100_ro43
  step	V(ro43_out)={VTHRESH} 
     1	7.81052515556e-09
     2	6.57570441711e-09
     3	5.79073294462e-09
     4	1.09120850911e-08
     5	9.02205594172e-09
     6	7.83267288209e-09
     7	1.57930675398e-08
     8	1.29557121338e-08
     9	1.11753121069e-08

Measurement: edge100_ro44
  step	V(ro44_out)={VTHRESH} 
     1	7.07199787242e-09
     2	6.08016581697e-09
     3	5.43372292533e-09
     4	9.64378670076e-09
     5	8.16135926374e-09
     6	7.20065819946e-09
     7	1.36859776517e-08
     8	1.14999414525e-08
     9	1.00872202328e-08

Measurement: edge100_ro45
  step	V(ro45_out)={VTHRESH} 
     1	7.10955691313e-09
     2	6.10374549697e-09
     3	5.44459155829e-09
     4	9.73956440524e-09
     5	8.2215279206e-09
     6	7.24212396161e-09
     7	1.38790502852e-08
     8	1.16298021132e-08
     9	1.01825869475e-08

Measurement: edge100_ro46
  step	V(ro46_out)={VTHRESH} 
     1	8.07766907069e-09
     2	6.74957361849e-09
     3	5.91319989239e-09
     4	1.14379947857e-08
     5	9.361255237e-09
     6	8.07361882582e-09
     7	1.67091930124e-08
     8	1.35604258485e-08
     9	1.1613298671e-08

Measurement: edge100_ro47
  step	V(ro47_out)={VTHRESH} 
     1	7.05096959076e-09
     2	6.06542146371e-09
     3	5.42097232784e-09
     4	9.62695493993e-09
     5	8.15125108374e-09
     6	7.19309835067e-09
     7	1.36814229005e-08
     8	1.15030412869e-08
     9	1.00920087229e-08

Measurement: edge100_ro48
  step	V(ro48_out)={VTHRESH} 
     1	7.68951468249e-09
     2	6.50277738297e-09
     3	5.73453422573e-09
     4	1.07399433863e-08
     5	8.9047338215e-09
     6	7.74410411377e-09
     7	1.55380012036e-08
     8	1.27818017188e-08
     9	1.104352983e-08

Measurement: edge100_ro49
  step	V(ro49_out)={VTHRESH} 
     1	7.51491014427e-09
     2	6.36282095997e-09
     3	5.65237543101e-09
     4	1.0428176328e-08
     5	8.7029914988e-09
     6	7.60195063145e-09
     7	1.50088423004e-08
     8	1.24302808701e-08
     9	1.07901471074e-08

Measurement: edge100_ro50
  step	V(ro50_out)={VTHRESH} 
     1	7.84449423755e-09
     2	6.59450074834e-09
     3	5.80508709127e-09
     4	1.10313335588e-08
     5	9.09965716224e-09
     6	7.88745347809e-09
     7	1.60296950071e-08
     8	1.31142507758e-08
     9	1.12909959539e-08

Measurement: edge100_ro51
  step	V(ro51_out)={VTHRESH} 
     1	7.82802734734e-09
     2	6.58937750733e-09
     3	5.79843547282e-09
     4	1.09951432253e-08
     5	9.08128176802e-09
     6	7.87616931453e-09
     7	1.59771919007e-08
     8	1.30916044057e-08
     9	1.12791902391e-08

Measurement: edge100_ro52
  step	V(ro52_out)={VTHRESH} 
     1	7.67501135069e-09
     2	6.49880989509e-09
     3	5.73797394885e-09
     4	1.06910934817e-08
     5	8.88163989796e-09
     6	7.73177825865e-09
     7	1.54359052182e-08
     8	1.27250873748e-08
     9	1.10097006334e-08

Measurement: edge100_ro53
  step	V(ro53_out)={VTHRESH} 
     1	7.66596135965e-09
     2	6.4727149611e-09
     3	5.71373534357e-09
     4	1.07258074686e-08
     5	8.87851661305e-09
     6	7.72163104351e-09
     7	1.55139024942e-08
     8	1.27337319348e-08
     9	1.09982437488e-08

Measurement: edge100_ro54
  step	V(ro54_out)={VTHRESH} 
     1	7.26808041441e-09
     2	6.2153431139e-09
     3	5.53107824098e-09
     4	9.99506598272e-09
     5	8.40326994943e-09
     6	7.38031009311e-09
     7	1.42745485259e-08
     8	1.19131913915e-08
     9	1.04001268461e-08

Measurement: edge100_ro55
  step	V(ro55_out)={VTHRESH} 
     1	8.23519737303e-09
     2	6.83389553632e-09
     3	5.96099983584e-09
     4	1.17917039893e-08
     5	9.56711813084e-09
     6	8.21053448766e-09
     7	1.73180078815e-08
     8	1.39245422741e-08
     9	1.18605271154e-08

Measurement: edge100_ro56
  step	V(ro56_out)={VTHRESH} 
     1	7.60379389692e-09
     2	6.43165722353e-09
     3	5.68644739941e-09
     4	1.06367700329e-08
     5	8.82669517281e-09
     6	7.68553899658e-09
     7	1.53822573299e-08
     8	1.26610905437e-08
     9	1.09506330339e-08

Measurement: edge100_ro57
  step	V(ro57_out)={VTHRESH} 
     1	6.88705309367e-09
     2	5.95033346413e-09
     3	5.34054309957e-09
     4	9.31715429906e-09
     5	7.93045587649e-09
     6	7.02575272652e-09
     7	1.31415158876e-08
     8	1.11071166979e-08
     9	9.78854890608e-09

Measurement: edge100_ro58
  step	V(ro58_out)={VTHRESH} 
     1	7.44198531176e-09
     2	6.34508576291e-09
     3	5.61978366007e-09
     4	1.03158784889e-08
     5	8.62957848824e-09
     6	7.55042663143e-09
     7	1.48209973562e-08
     8	1.23107593222e-08
     9	1.07051492394e-08

Measurement: edge100_ro59
  step	V(ro59_out)={VTHRESH} 
     1	7.30338352218e-09
     2	6.22735662492e-09
     3	5.54347870971e-09
     4	1.00838985635e-08
     5	8.45852834563e-09
     6	7.41807933396e-09
     7	1.44484814934e-08
     8	1.20275187899e-08
     9	1.04819320305e-08

Measurement: edge100_ro60
  step	V(ro60_out)={VTHRESH} 
     1	7.18779050851e-09
     2	6.16378255663e-09
     3	5.49753476109e-09
     4	9.85514032151e-09
     5	8.32016037586e-09
     6	7.32490567917e-09
     7	1.40505608821e-08
     8	1.17791627026e-08
     9	1.03092936967e-08

Measurement: edge100_ro61
  step	V(ro61_out)={VTHRESH} 
     1	7.07255359437e-09
     2	6.08019581365e-09
     3	5.42473934395e-09
     4	9.65248336681e-09
     5	8.15696613524e-09
     6	7.19439214693e-09
     7	1.3700216554e-08
     8	1.14956958607e-08
     9	1.00803660155e-08

Measurement: edge100_ro62
  step	V(ro62_out)={VTHRESH} 
     1	7.6577727953e-09
     2	6.46689121715e-09
     3	5.70732538356e-09
     4	1.06701534035e-08
     5	8.84174239719e-09
     6	7.69249102168e-09
     7	1.54039221531e-08
     8	1.26611486384e-08
     9	1.09421248301e-08

Measurement: edge100_ro63
  step	V(ro63_out)={VTHRESH} 
     1	7.56358960074e-09
     2	6.41141177237e-09
     3	5.67703612327e-09
     4	1.05067592413e-08
     5	8.75102996889e-09
     6	7.63715799156e-09
     7	1.51234833095e-08
     8	1.25020906402e-08
     9	1.08416192965e-08

Measurement: edge100_ro64
  step	V(ro64_out)={VTHRESH} 
     1	7.13832407997e-09
     2	6.11852703754e-09
     3	5.45521376118e-09
     4	9.7963708031e-09
     5	8.24932461578e-09
     6	7.26014054602e-09
     7	1.39732479116e-08
     8	1.16772512226e-08
     9	1.02145708714e-08

Measurement: edge100_ro65
  step	V(ro65_out)={VTHRESH} 
     1	7.10450594895e-09
     2	6.10009292302e-09
     3	5.44303724089e-09
     4	9.73207003848e-09
     5	8.21620080427e-09
     6	7.23797526559e-09
     7	1.38637171711e-08
     8	1.16186547527e-08
     9	1.01733721107e-08

Measurement: edge100_ro66
  step	V(ro66_out)={VTHRESH} 
     1	7.73275964921e-09
     2	6.51041747082e-09
     3	5.73434682861e-09
     4	1.08694973707e-08
     5	8.95414299558e-09
     6	7.76681844847e-09
     7	1.57677674777e-08
     8	1.28779359858e-08
     9	1.10908921958e-08

Measurement: edge100_ro67
  step	V(ro67_out)={VTHRESH} 
     1	7.72398388004e-09
     2	6.51350046776e-09
     3	5.74709260318e-09
     4	1.08193004168e-08
     5	8.95221574468e-09
     6	7.77822375891e-09
     7	1.56723368678e-08
     8	1.28634068076e-08
     9	1.11005874445e-08

Measurement: edge100_ro68
  step	V(ro68_out)={VTHRESH} 
     1	7.03562427291e-09
     2	6.06635150773e-09
     3	5.4247906601e-09
     4	9.57670047244e-09
     5	8.12831160661e-09
     6	7.18211949944e-09
     7	1.35840594244e-08
     8	1.14510137181e-08
     9	1.00613875463e-08

Measurement: edge100_ro69
  step	V(ro69_out)={VTHRESH} 
     1	7.59428962902e-09
     2	6.41989604711e-09
     3	5.67805328732e-09
     4	1.06183314875e-08
     5	8.80865607433e-09
     6	7.67182625897e-09
     7	1.53296634095e-08
     8	1.26138661108e-08
     9	1.09122079866e-08

Measurement: edge100_ro70
  step	V(ro70_out)={VTHRESH} 
     1	7.17736833222e-09
     2	6.14665948263e-09
     3	5.48858785654e-09
     4	9.82433242988e-09
     5	8.29240233476e-09
     6	7.30006697888e-09
     7	1.39964657816e-08
     8	1.17312166913e-08
     9	1.02673409613e-08

Measurement: edge100_ro71
  step	V(ro71_out)={VTHRESH} 
     1	7.90428592218e-09
     2	6.63518737753e-09
     3	5.83696731113e-09
     4	1.11480752003e-08
     5	9.18376594548e-09
     6	7.95099898253e-09
     7	1.6233561987e-08
     8	1.32640953559e-08
     9	1.14068947628e-08

Measurement: edge100_ro72
  step	V(ro72_out)={VTHRESH} 
     1	7.20132549363e-09
     2	6.16204393469e-09
     3	5.49587254475e-09
     4	9.87284385702e-09
     5	8.31696396058e-09
     6	7.31509028412e-09
     7	1.40785891575e-08
     8	1.17730301906e-08
     9	1.02924556007e-08

Measurement: edge100_ro73
  step	V(ro73_out)={VTHRESH} 
     1	7.29918133715e-09
     2	6.23712985855e-09
     3	5.55004633135e-09
     4	1.00347733753e-08
     5	8.43489161885e-09
     6	7.40442442683e-09
     7	1.4352277771e-08
     8	1.19764781173e-08
     9	1.04502287058e-08

Measurement: edge100_ro74
  step	V(ro74_out)={VTHRESH} 
     1	7.96397676025e-09
     2	6.66423155493e-09
     3	5.84802210772e-09
     4	1.12570313182e-08
     5	9.22375767298e-09
     6	7.96532353654e-09
     7	1.63927453066e-08
     8	1.33200488443e-08
     9	1.14228664132e-08

Measurement: edge100_ro75
  step	V(ro75_out)={VTHRESH} 
     1	7.23740367681e-09
     2	6.19103559481e-09
     3	5.51765400693e-09
     4	9.95806785006e-09
     5	8.38530637898e-09
     6	7.36993679617e-09
     7	1.42319544714e-08
     8	1.18978843775e-08
     9	1.03944139936e-08

Measurement: edge100_ro76
  step	V(ro76_out)={VTHRESH} 
     1	7.35489945131e-09
     2	6.27814295216e-09
     3	5.57370851243e-09
     4	1.01397061882e-08
     5	8.50405643841e-09
     6	7.4548485316e-09
     7	1.45215730583e-08
     8	1.20891488471e-08
     9	1.05324544012e-08

Measurement: edge100_ro77
  step	V(ro77_out)={VTHRESH} 
     1	8.16687176284e-09
     2	6.80912168528e-09
     3	5.95062904835e-09
     4	1.15520584629e-08
     5	9.44010366598e-09
     6	8.13179614442e-09
     7	1.68616497648e-08
     8	1.36664445062e-08
     9	1.16914121653e-08

Measurement: edge100_ro78
  step	V(ro78_out)={VTHRESH} 
     1	7.16623492415e-09
     2	6.15111550805e-09
     3	5.48486613761e-09
     4	9.81237768312e-09
     5	8.284917046e-09
     6	7.29632148279e-09
     7	1.39777786356e-08
     8	1.17180369056e-08
     9	1.02592711621e-08

Measurement: edge100_ro79
  step	V(ro79_out)={VTHRESH} 
     1	7.46857156393e-09
     2	6.34732857559e-09
     3	5.62457802629e-09
     4	1.03496695997e-08
     5	8.64169427191e-09
     6	7.55320659679e-09
     7	1.48787245542e-08
     8	1.232873519e-08
     9	1.07090844812e-08

Measurement: edge100_ro80
  step	V(ro80_out)={VTHRESH} 
     1	7.42569746052e-09
     2	6.32858426841e-09
     3	5.61054564737e-09
     4	1.02969648544e-08
     5	8.61661605824e-09
     6	7.54039316753e-09
     7	1.4798730806e-08
     8	1.22909191425e-08
     9	1.06887795559e-08

Measurement: edge100_ro81
  step	V(ro81_out)={VTHRESH} 
     1	7.24938436391e-09
     2	6.19896058643e-09
     3	5.5218411761e-09
     4	9.96026092363e-09
     5	8.3775390189e-09
     6	7.36013847008e-09
     7	1.42243527469e-08
     8	1.18748915459e-08
     9	1.0369090172e-08

Measurement: edge100_ro82
  step	V(ro82_out)={VTHRESH} 
     1	7.68199283201e-09
     2	6.49494867215e-09
     3	5.74654016653e-09
     4	1.07413513774e-08
     5	8.91524325071e-09
     6	7.75768902788e-09
     7	1.55400346731e-08
     8	1.27947526665e-08
     9	1.10615775149e-08

Measurement: edge100_ro83
  step	V(ro83_out)={VTHRESH} 
     1	7.23798412545e-09
     2	6.20303103475e-09
     3	5.52558713823e-09
     4	9.92572077822e-09
     5	8.36995175043e-09
     6	7.36086300562e-09
     7	1.41613089302e-08
     8	1.18597384034e-08
     9	1.03701575654e-08

Measurement: edge100_ro84
  step	V(ro84_out)={VTHRESH} 
     1	7.39861911026e-09
     2	6.30203821056e-09
     3	5.59016238323e-09
     4	1.02182964119e-08
     5	8.53998504471e-09
     6	7.47773373298e-09
     7	1.46311434332e-08
     8	1.21361703667e-08
     9	1.0559584679e-08

Measurement: edge100_ro85
  step	V(ro85_out)={VTHRESH} 
     1	7.41176697949e-09
     2	6.31754186359e-09
     3	5.61070705483e-09
     4	1.02309273179e-08
     5	8.57824131972e-09
     6	7.51528800653e-09
     7	1.46694309246e-08
     8	1.22105910899e-08
     9	1.06330382731e-08

Measurement: edge100_ro86
  step	V(ro86_out)={VTHRESH} 
     1	7.60504352124e-09
     2	6.44244913669e-09
     3	5.68891289467e-09
     4	1.05909618622e-08
     5	8.79561115672e-09
     6	7.66291289429e-09
     7	1.52782530057e-08
     8	1.25880783725e-08
     9	1.08952591043e-08

Measurement: edge100_ro87
  step	V(ro87_out)={VTHRESH} 
     1	7.40273509773e-09
     2	6.30769637537e-09
     3	5.59853446903e-09
     4	1.0225245727e-08
     5	8.56282322627e-09
     6	7.49957376572e-09
     7	1.46588439605e-08
     8	1.21831210337e-08
     9	1.06040603912e-08

Measurement: edge100_ro88
  step	V(ro88_out)={VTHRESH} 
     1	7.42010252408e-09
     2	6.32398305692e-09
     3	5.60973676144e-09
     4	1.0271310896e-08
     5	8.59961539971e-09
     6	7.52889158199e-09
     7	1.47431128484e-08
     8	1.22515784035e-08
     9	1.06596890987e-08

Measurement: edge100_ro89
  step	V(ro89_out)={VTHRESH} 
     1	6.94197166659e-09
     2	5.99623213205e-09
     3	5.37507363278e-09
     4	9.39111081865e-09
     5	8.00060945431e-09
     6	7.08664113469e-09
     7	1.32663557647e-08
     8	1.12289745806e-08
     9	9.89276574025e-09

Measurement: edge100_ro90
  step	V(ro90_out)={VTHRESH} 
     1	7.57947070135e-09
     2	6.42024082811e-09
     3	5.67783898359e-09
     4	1.05289059895e-08
     5	8.75759586343e-09
     6	7.63296781708e-09
     7	1.51712837243e-08
     8	1.25234947164e-08
     9	1.08463799229e-08

Measurement: edge100_ro91
  step	V(ro91_out)={VTHRESH} 
     1	7.89179670089e-09
     2	6.62068488543e-09
     3	5.81977207394e-09
     4	1.11406363267e-08
     5	9.16257723435e-09
     6	7.93084240977e-09
     7	1.62225580267e-08
     8	1.32316636176e-08
     9	1.13738523373e-08

Measurement: edge100_ro92
  step	V(ro92_out)={VTHRESH} 
     1	7.23190999531e-09
     2	6.18897433601e-09
     3	5.51188658921e-09
     4	9.93686934602e-09
     5	8.36206343778e-09
     6	7.34928702314e-09
     7	1.4182077702e-08
     8	1.18489524417e-08
     9	1.03516655381e-08

Measurement: edge100_ro93
  step	V(ro93_out)={VTHRESH} 
     1	7.23802859452e-09
     2	6.19456781801e-09
     3	5.51921017093e-09
     4	9.9388166866e-09
     5	8.36794694343e-09
     6	7.35538313864e-09
     7	1.41926642905e-08
     8	1.1861677943e-08
     9	1.03636838433e-08

Measurement: edge100_ro94
  step	V(ro94_out)={VTHRESH} 
     1	7.68164786366e-09
     2	6.47268030189e-09
     3	5.70564934054e-09
     4	1.07701740504e-08
     5	8.89461249274e-09
     6	7.72719299654e-09
     7	1.56019863254e-08
     8	1.27763897189e-08
     9	1.10200281952e-08

Measurement: edge100_ro95
  step	V(ro95_out)={VTHRESH} 
     1	8.10806694301e-09
     2	6.74347548114e-09
     3	5.91926480132e-09
     4	1.15147696956e-08
     5	9.3744867991e-09
     6	8.0738275178e-09
     7	1.68343628635e-08
     8	1.35800498027e-08
     9	1.16074448552e-08

Measurement: edge100_ro96
  step	V(ro96_out)={VTHRESH} 
     1	7.58909318642e-09
     2	6.42048948066e-09
     3	5.68099841598e-09
     4	1.05819779026e-08
     5	8.79467689779e-09
     6	7.66546913312e-09
     7	1.52711843794e-08
     8	1.25926792626e-08
     9	1.09052426214e-08

Measurement: edge100_ro97
  step	V(ro97_out)={VTHRESH} 
     1	7.43500906309e-09
     2	6.31933490466e-09
     3	5.60049508771e-09
     4	1.03211499799e-08
     5	8.615536712e-09
     6	7.53437250592e-09
     7	1.48563675018e-08
     8	1.23040088403e-08
     9	1.0684085121e-08

Measurement: edge100_ro98
  step	V(ro98_out)={VTHRESH} 
     1	7.27843883923e-09
     2	6.21977474103e-09
     3	5.53775478985e-09
     4	1.00211913588e-08
     5	8.42332786765e-09
     6	7.39664055131e-09
     7	1.43257560607e-08
     8	1.1953239253e-08
     9	1.0433059318e-08

Measurement: edge100_ro99
  step	V(ro99_out)={VTHRESH} 
     1	7.77230794064e-09
     2	6.55251526358e-09
     3	5.75831797906e-09
     4	1.09331488303e-08
     5	9.02908104441e-09
     6	7.83405657494e-09
     7	1.58798827354e-08
     8	1.30037368139e-08
     9	1.12056065005e-08

Measurement: edge100_ro100
  step	V(ro100_out)={VTHRESH} 
     1	7.45371406498e-09
     2	6.33462186781e-09
     3	5.61359721429e-09
     4	1.03498464663e-08
     5	8.63680632998e-09
     6	7.54658772431e-09
     7	1.49022205144e-08
     8	1.23383411179e-08
     9	1.07154274337e-08

Measurement: edge100_ro101
  step	V(ro101_out)={VTHRESH} 
     1	7.23182819313e-09
     2	6.19570560964e-09
     3	5.52098211077e-09
     4	9.88897239438e-09
     5	8.33290869379e-09
     6	7.33235508647e-09
     7	1.40804382216e-08
     8	1.17856295591e-08
     9	1.03068152971e-08

Measurement: edge100_ro102
  step	V(ro102_out)={VTHRESH} 
     1	7.28910618508e-09
     2	6.22707166379e-09
     3	5.53836189331e-09
     4	1.00206706842e-08
     5	8.41331225597e-09
     6	7.3855449634e-09
     7	1.43104813352e-08
     8	1.19237169455e-08
     9	1.04025707946e-08

Measurement: edge100_ro103
  step	V(ro103_out)={VTHRESH} 
     1	7.50340949027e-09
     2	6.36735364192e-09
     3	5.6525341185e-09
     4	1.03546604751e-08
     5	8.65924841685e-09
     6	7.57185218773e-09
     7	1.48567972507e-08
     8	1.23342054518e-08
     9	1.07202846036e-08

Measurement: edge100_ro104
  step	V(ro104_out)={VTHRESH} 
     1	6.88179688124e-09
     2	5.95310211935e-09
     3	5.33954608525e-09
     4	9.28024948405e-09
     5	7.91059384308e-09
     6	7.01372409399e-09
     7	1.30658996084e-08
     8	1.10631396429e-08
     9	9.75758257332e-09

Measurement: edge100_ro105
  step	V(ro105_out)={VTHRESH} 
     1	7.2118782408e-09
     2	6.17260652117e-09
     3	5.50319800285e-09
     4	9.90192714458e-09
     5	8.33897988543e-09
     6	7.33229116059e-09
     7	1.41295347898e-08
     8	1.18128636316e-08
     9	1.03238495424e-08

Measurement: edge100_ro106
  step	V(ro106_out)={VTHRESH} 
     1	7.83519433118e-09
     2	6.5873060475e-09
     3	5.79059981841e-09
     4	1.09995713551e-08
     5	9.06411780913e-09
     6	7.85575540208e-09
     7	1.59678926868e-08
     8	1.30499260036e-08
     9	1.12338493248e-08

Measurement: edge100_ro107
  step	V(ro107_out)={VTHRESH} 
     1	7.33917525251e-09
     2	6.26810180768e-09
     3	5.56451607773e-09
     4	1.01461763377e-08
     5	8.50964284833e-09
     6	7.45980843561e-09
     7	1.45398603233e-08
     8	1.21032470633e-08
     9	1.05450763259e-08

Measurement: edge100_ro108
  step	V(ro108_out)={VTHRESH} 
     1	6.89683025324e-09
     2	5.94986210602e-09
     3	5.35246843355e-09
     4	9.34125559929e-09
     5	7.95733345227e-09
     6	7.05090590706e-09
     7	1.31939769911e-08
     8	1.11645260016e-08
     9	9.83837890394e-09

Measurement: edge100_ro109
  step	V(ro109_out)={VTHRESH} 
     1	7.34712245055e-09
     2	6.25816026441e-09
     3	5.55925317786e-09
     4	1.01139782927e-08
     5	8.47456495448e-09
     6	7.42851588321e-09
     7	1.44687045687e-08
     8	1.20303402093e-08
     9	1.047967699e-08

Measurement: edge100_ro110
  step	V(ro110_out)={VTHRESH} 
     1	7.14100714519e-09
     2	6.12669575223e-09
     3	5.46301973816e-09
     4	9.78895056056e-09
     5	8.24940512166e-09
     6	7.2608507116e-09
     7	1.39412500687e-08
     8	1.16603005849e-08
     9	1.02004435118e-08

Measurement: edge100_ro111
  step	V(ro111_out)={VTHRESH} 
     1	7.89602483711e-09
     2	6.61255877072e-09
     3	5.8117507439e-09
     4	1.11724977407e-08
     5	9.16903936176e-09
     6	7.92648282883e-09
     7	1.62907077846e-08
     8	1.32549167526e-08
     9	1.13769414886e-08

Measurement: edge100_ro112
  step	V(ro112_out)={VTHRESH} 
     1	7.55309298713e-09
     2	6.407503038e-09
     3	5.66967437272e-09
     4	1.04980215979e-08
     5	8.74098594893e-09
     6	7.62897337058e-09
     7	1.51217764246e-08
     8	1.24953712427e-08
     9	1.08340906088e-08

Measurement: edge100_ro113
  step	V(ro113_out)={VTHRESH} 
     1	7.69952998558e-09
     2	6.47946121971e-09
     3	5.71708926372e-09
     4	1.08174927274e-08
     5	8.92254357096e-09
     6	7.74412489183e-09
     7	1.56780181431e-08
     8	1.28190731904e-08
     9	1.10512775267e-08

Measurement: edge100_ro114
  step	V(ro114_out)={VTHRESH} 
     1	7.24257569317e-09
     2	6.19588738103e-09
     3	5.51938937268e-09
     4	9.9565699156e-09
     5	8.38131652908e-09
     6	7.36419977168e-09
     7	1.42322542251e-08
     8	1.18949998205e-08
     9	1.03891111843e-08

Measurement: edge100_ro115
  step	V(ro115_out)={VTHRESH} 
     1	7.72319819942e-09
     2	6.48344428987e-09
     3	5.71195082519e-09
     4	1.07851406154e-08
     5	8.87377753153e-09
     6	7.69473616366e-09
     7	1.55877785326e-08
     8	1.27123884953e-08
     9	1.09446682512e-08

Measurement: edge100_ro116
  step	V(ro116_out)={VTHRESH} 
     1	7.41568226048e-09
     2	6.3520726551e-09
     3	5.60257518167e-09
     4	1.02388430011e-08
     5	8.56830516612e-09
     6	7.50232863729e-09
     7	1.46817444195e-08
     8	1.21952146094e-08
     9	1.06116498524e-08

Measurement: edge100_ro117
  step	V(ro117_out)={VTHRESH} 
     1	7.4925379303e-09
     2	6.36000898341e-09
     3	5.63820697476e-09
     4	1.03670460398e-08
     5	8.64836984661e-09
     6	7.55989439874e-09
     7	1.48816849033e-08
     8	1.23207924889e-08
     9	1.07040232031e-08

Measurement: edge100_ro118
  step	V(ro118_out)={VTHRESH} 
     1	7.44790168568e-09
     2	6.34235575196e-09
     3	5.60952379105e-09
     4	1.03554669168e-08
     5	8.64100466779e-09
     6	7.55102633363e-09
     7	1.49014807656e-08
     8	1.23372617111e-08
     9	1.07110756352e-08

Measurement: edge100_ro119
  step	V(ro119_out)={VTHRESH} 
     1	7.08747534666e-09
     2	6.10167272006e-09
     3	5.44371790297e-09
     4	9.64458755366e-09
     5	8.16882423967e-09
     6	7.20948756268e-09
     7	1.36815769896e-08
     8	1.15100515113e-08
     9	1.01018724437e-08

Measurement: edge100_ro120
  step	V(ro120_out)={VTHRESH} 
     1	7.74389110223e-09
     2	6.5421010479e-09
     3	5.75445827836e-09
     4	1.08649598723e-08
     5	8.9961284547e-09
     6	7.81561625813e-09
     7	1.57550300687e-08
     8	1.29425210179e-08
     9	1.11704875305e-08

Measurement: edge100_ro121
  step	V(ro121_out)={VTHRESH} 
     1	6.77281246265e-09
     2	5.88662014977e-09
     3	5.29211443835e-09
     4	9.13251445539e-09
     5	7.81345610721e-09
     6	6.94578672507e-09
     7	1.28341241219e-08
     8	1.09102047211e-08
     9	9.64913812128e-09

Measurement: edge100_ro122
  step	V(ro122_out)={VTHRESH} 
     1	7.3017608503e-09
     2	6.23346180183e-09
     3	5.55928190108e-09
     4	1.00810403707e-08
     5	8.45811442203e-09
     6	7.42054448037e-09
     7	1.44404922051e-08
     8	1.20229017282e-08
     9	1.04819435562e-08

Measurement: edge100_ro123
  step	V(ro123_out)={VTHRESH} 
     1	7.52386878718e-09
     2	6.37811087399e-09
     3	5.64796805235e-09
     4	1.04149111891e-08
     5	8.6881317796e-09
     6	7.58773381553e-09
     7	1.49821952142e-08
     8	1.24044731071e-08
     9	1.07662141005e-08

Measurement: edge100_ro124
  step	V(ro124_out)={VTHRESH} 
     1	7.03896777811e-09
     2	6.0555571025e-09
     3	5.41092554185e-09
     4	9.59331367497e-09
     5	8.11907302354e-09
     6	7.16573334291e-09
     7	1.36142703083e-08
     8	1.1440173891e-08
     9	1.00393431513e-08

Measurement: edge100_ro125
  step	V(ro125_out)={VTHRESH} 
     1	7.61017191542e-09
     2	6.43731298466e-09
     3	5.68871207771e-09
     4	1.06252148642e-08
     5	8.82168607987e-09
     6	7.68151901082e-09
     7	1.53575374962e-08
     8	1.26502577122e-08
     9	1.09425454869e-08

Measurement: edge100_ro126
  step	V(ro126_out)={VTHRESH} 
     1	8.02775172494e-09
     2	6.69684966963e-09
     3	5.86637237142e-09
     4	1.14173709968e-08
     5	9.31978078873e-09
     6	8.03152784658e-09
     7	1.67094314348e-08
     8	1.35102815867e-08
     9	1.15559109675e-08

Measurement: edge100_ro127
  step	V(ro127_out)={VTHRESH} 
     1	7.64691238587e-09
     2	6.44257147203e-09
     3	5.69406670109e-09
     4	1.06513158085e-08
     5	8.80505733895e-09
     6	7.6591733756e-09
     7	1.53475894888e-08
     8	1.25837631926e-08
     9	1.08729664511e-08
