LTspice 26.0.2 for Windows
Circuit: C:\Users\JUST\Documents\LTspice\RO_PUF_PVT_100\chip_057_PVT.net
Start Time: Mon Jul 20 03:58:26 2026
Options:plotwinsize=0 numdgt=10 reltol=1e-4 abstol=1e-12 vntol=1e-6 reltol=0.003 vntol=1m abstol=1e-10 gmin=1e-10 threads=1

.step vddval=0.9 temp=-20°
solver = Normal
Maximum thread count: 1
tnom = 27
temp = -20
method = trap
gmin = 1e-10
abstol = 1e-10
reltol = 0.003
volttol = 0.001
Per .tran options, skipping operating point for transient analysis.

.step vddval=1 temp=-20°

.step vddval=1.1 temp=-20°

.step vddval=0.9 temp=25°

.step vddval=1 temp=25°

.step vddval=1.1 temp=25°

.step vddval=0.9 temp=80°

.step vddval=1 temp=80°

.step vddval=1.1 temp=80°
Total elapsed time: 2056.594 seconds.

Files loaded:
C:\Users\JUST\Documents\LTspice\RO_PUF_PVT_100\chip_057_PVT.net
C:\Users\JUST\Documents\LTspice\RO_PUF_PVT_100\45nm_HP.pm
C:\Users\JUST\Documents\LTspice\RO_PUF_PVT_100\chip_057_mismatch.inc


Measurement: t_ro0
  step	t_ro0	FROM	TO
     1	6.01763144151e-09	1.45222250051e-09	7.46985394202e-09
     2	5.11999540856e-09	1.23309965675e-09	6.35309506531e-09
     3	4.54257031044e-09	1.09296877498e-09	5.63553908542e-09
     4	8.32374387971e-09	2.01476390132e-09	1.0338507781e-08
     5	6.96406867929e-09	1.67980301872e-09	8.64387169801e-09
     6	6.09267829452e-09	1.46774330219e-09	7.56042159671e-09
     7	1.19569704292e-08	2.89735883173e-09	1.48543292609e-08
     8	9.92609023345e-09	2.39716761143e-09	1.23232578449e-08
     9	8.63032394442e-09	2.08159421767e-09	1.07119181621e-08

Measurement: t_ro1
  step	t_ro1	FROM	TO
     1	5.83067995629e-09	1.40026124611e-09	7.23094120241e-09
     2	4.99178815479e-09	1.19749172871e-09	6.1892798835e-09
     3	4.4533546685e-09	1.06780634757e-09	5.52116101607e-09
     4	7.98872304395e-09	1.91919070963e-09	9.90791375358e-09
     5	6.73886027306e-09	1.61766362736e-09	8.35652390042e-09
     6	5.92945361442e-09	1.42260127646e-09	7.35205489088e-09
     7	1.13833134863e-08	2.73493118441e-09	1.41182446707e-08
     8	9.53621376452e-09	2.28962565649e-09	1.1825839421e-08
     9	8.34224706771e-09	2.00216997618e-09	1.03444170439e-08

Measurement: t_ro2
  step	t_ro2	FROM	TO
     1	5.73772505952e-09	1.37539083622e-09	7.11311589574e-09
     2	4.93511121688e-09	1.18286156929e-09	6.11797278617e-09
     3	4.40425977455e-09	1.05537776917e-09	5.45963754371e-09
     4	7.82418777213e-09	1.8764130029e-09	9.70060077503e-09
     5	6.62466244139e-09	1.58800214428e-09	8.21266458567e-09
     6	5.8438186527e-09	1.40071890531e-09	7.24453755801e-09
     7	1.11232899105e-08	2.66782181683e-09	1.37911117273e-08
     8	9.35387680614e-09	2.24242263735e-09	1.15962994435e-08
     9	8.20449781351e-09	1.96710922557e-09	1.01716070391e-08

Measurement: t_ro3
  step	t_ro3	FROM	TO
     1	6.24771073724e-09	1.50276285037e-09	7.75047358761e-09
     2	5.27999998666e-09	1.26716558016e-09	6.54716556682e-09
     3	4.64001479718e-09	1.11302631763e-09	5.75304111482e-09
     4	8.77156371142e-09	2.11142979728e-09	1.08829935087e-08
     5	7.24806033514e-09	1.74195994549e-09	8.99002028063e-09
     6	6.29238051568e-09	1.51058314936e-09	7.80296366504e-09
     7	1.27172600653e-08	3.06254902648e-09	1.57798090918e-08
     8	1.04221136922e-08	2.50611798153e-09	1.29282316738e-08
     9	8.9861893871e-09	2.15886976032e-09	1.11450591474e-08

Measurement: t_ro4
  step	t_ro4	FROM	TO
     1	5.92000073387e-09	1.42096376175e-09	7.34096449562e-09
     2	5.04453915499e-09	1.2091225058e-09	6.25366166079e-09
     3	4.48001150343e-09	1.07351160523e-09	5.55352310866e-09
     4	8.16021375417e-09	1.95967088476e-09	1.01198846389e-08
     5	6.83747929283e-09	1.63935116248e-09	8.47683045531e-09
     6	5.99250593011e-09	1.43553141878e-09	7.42803734889e-09
     7	1.16861753104e-08	2.80589741901e-09	1.44920727294e-08
     8	9.71349326013e-09	2.32927404785e-09	1.2042767308e-08
     9	8.45988060901e-09	2.02696346847e-09	1.04868440775e-08

Measurement: t_ro5
  step	t_ro5	FROM	TO
     1	5.91216087947e-09	1.41429429861e-09	7.32645517808e-09
     2	5.04001179251e-09	1.20406181392e-09	6.24407360643e-09
     3	4.47992609627e-09	1.06945743761e-09	5.54938353388e-09
     4	8.18275981085e-09	1.95680063197e-09	1.01395604428e-08
     5	6.85787583419e-09	1.63795591319e-09	8.49583174738e-09
     6	6.01098594182e-09	1.43477256755e-09	7.44575850937e-09
     7	1.17356999985e-08	2.80530305987e-09	1.45410030584e-08
     8	9.75950504749e-09	2.33016549446e-09	1.20896705419e-08
     9	8.49979610461e-09	2.02828084142e-09	1.0528076946e-08

Measurement: t_ro6
  step	t_ro6	FROM	TO
     1	6.0059893974e-09	1.43992574446e-09	7.44591514185e-09
     2	5.1107375793e-09	1.22321540494e-09	6.33395298423e-09
     3	4.52692742284e-09	1.08308123772e-09	5.61000866056e-09
     4	8.31236802066e-09	1.99356413093e-09	1.03059321516e-08
     5	6.94096388143e-09	1.66222216039e-09	8.60318604182e-09
     6	6.07076155116e-09	1.4524980481e-09	7.52325959925e-09
     7	1.19345664536e-08	2.86236535181e-09	1.47969318054e-08
     8	9.89028343467e-09	2.36879294667e-09	1.22590763813e-08
     9	8.59344416393e-09	2.05663491435e-09	1.06500790783e-08

Measurement: t_ro7
  step	t_ro7	FROM	TO
     1	6.25721811238e-09	1.51041708251e-09	7.7676351949e-09
     2	5.28000007355e-09	1.26910869182e-09	6.54910876537e-09
     3	4.65267859104e-09	1.11700692588e-09	5.76968551692e-09
     4	8.77354491129e-09	2.12153076648e-09	1.08950756778e-08
     5	7.26114224233e-09	1.74921634577e-09	9.0103585881e-09
     6	6.30773270168e-09	1.51637894591e-09	7.8241116476e-09
     7	1.27193343297e-08	3.07725176506e-09	1.57965860948e-08
     8	1.04411904417e-08	2.51765379151e-09	1.29588442333e-08
     9	9.0091739073e-09	2.16822722253e-09	1.11774011298e-08

Measurement: t_ro8
  step	t_ro8	FROM	TO
     1	5.74416560267e-09	1.3796553475e-09	7.12382095017e-09
     2	4.92937818838e-09	1.18290088672e-09	6.1122790751e-09
     3	4.40083430752e-09	1.05549131683e-09	5.45632562436e-09
     4	7.86705437939e-09	1.8900843803e-09	9.75713875969e-09
     5	6.64562803506e-09	1.59537241849e-09	8.24100045355e-09
     6	5.85535365582e-09	1.40486196611e-09	7.26021562194e-09
     7	1.12133802746e-08	2.69449094545e-09	1.39078712201e-08
     8	9.40347031231e-09	2.25805019013e-09	1.16615205024e-08
     9	8.23563910126e-09	1.97672881195e-09	1.02123679132e-08

Measurement: t_ro9
  step	t_ro9	FROM	TO
     1	5.71501639331e-09	1.37795399229e-09	7.0929703856e-09
     2	4.90448433602e-09	1.18173282699e-09	6.08621716301e-09
     3	4.37638178917e-09	1.05361466121e-09	5.42999645038e-09
     4	7.83078796211e-09	1.8901030057e-09	9.72089096781e-09
     5	6.60178121087e-09	1.59192684228e-09	8.19370805314e-09
     6	5.8153609024e-09	1.40151994181e-09	7.21688084421e-09
     7	1.11425918592e-08	2.69053076675e-09	1.38331226259e-08
     8	9.32089102574e-09	2.24850320906e-09	1.15693942348e-08
     9	8.15979943866e-09	1.96694676429e-09	1.0126746203e-08

Measurement: t_ro10
  step	t_ro10	FROM	TO
     1	5.89344978137e-09	1.41455073141e-09	7.30800051278e-09
     2	5.04495954622e-09	1.20946604653e-09	6.25442559275e-09
     3	4.48001377514e-09	1.07398088155e-09	5.55399465669e-09
     4	8.08505033928e-09	1.94126252365e-09	1.00263128629e-08
     5	6.80682013224e-09	1.63228853558e-09	8.43910866782e-09
     6	5.97852720316e-09	1.43252801201e-09	7.41105521516e-09
     7	1.15506641477e-08	2.77344421402e-09	1.43241083617e-08
     8	9.65644334988e-09	2.31591119058e-09	1.19723545405e-08
     9	8.43218313792e-09	2.02078728155e-09	1.04529704195e-08

Measurement: t_ro11
  step	t_ro11	FROM	TO
     1	6.02162351065e-09	1.44512711199e-09	7.46675062264e-09
     2	5.12005509298e-09	1.22729041628e-09	6.34734550927e-09
     3	4.54722939341e-09	1.08789360395e-09	5.63512299736e-09
     4	8.30842111109e-09	1.99446234992e-09	1.0302883461e-08
     5	6.95798416528e-09	1.66710440166e-09	8.62508856693e-09
     6	6.09044395201e-09	1.45753461988e-09	7.54797857189e-09
     7	1.19183184908e-08	2.86076922627e-09	1.47790877171e-08
     8	9.90938471717e-09	2.37443046413e-09	1.22838151813e-08
     9	8.62169290756e-09	2.06342873644e-09	1.0685121644e-08

Measurement: t_ro12
  step	t_ro12	FROM	TO
     1	5.93751555627e-09	1.42197762941e-09	7.35949318567e-09
     2	5.05783613593e-09	1.2101355536e-09	6.26797168952e-09
     3	4.485796506e-09	1.07285951569e-09	5.55865602169e-09
     4	8.23400312146e-09	1.97193749527e-09	1.02059406167e-08
     5	6.88499373792e-09	1.64682952474e-09	8.53182326266e-09
     6	6.02652699999e-09	1.44101002836e-09	7.46753702835e-09
     7	1.1829386091e-08	2.83235081816e-09	1.46617369091e-08
     8	9.81356846501e-09	2.34751032166e-09	1.21610787867e-08
     9	8.53356303296e-09	2.04024199099e-09	1.0573805024e-08

Measurement: t_ro13
  step	t_ro13	FROM	TO
     1	5.78897910932e-09	1.38615684405e-09	7.17513595338e-09
     2	4.95999932708e-09	1.18669945136e-09	6.14669877845e-09
     3	4.42129895385e-09	1.05693698076e-09	5.47823593461e-09
     4	7.9446301601e-09	1.90200185158e-09	9.84663201167e-09
     5	6.696342742e-09	1.60153634881e-09	8.29787909081e-09
     6	5.89055706583e-09	1.40796324793e-09	7.29852031376e-09
     7	1.13401316715e-08	2.71427221404e-09	1.40544038855e-08
     8	9.4885587173e-09	2.2688605738e-09	1.17574192911e-08
     9	8.29642311775e-09	1.98262568645e-09	1.02790488042e-08

Measurement: t_ro14
  step	t_ro14	FROM	TO
     1	5.80338629974e-09	1.40049249887e-09	7.20387879861e-09
     2	4.97555932108e-09	1.19856937794e-09	6.17412869902e-09
     3	4.43299014062e-09	1.06697942692e-09	5.49996956753e-09
     4	7.95755320687e-09	1.92212252344e-09	9.87967573031e-09
     5	6.70717303643e-09	1.61749729783e-09	8.32467033426e-09
     6	5.90111695778e-09	1.42169974779e-09	7.32281670557e-09
     7	1.13375610682e-08	2.73966853591e-09	1.40772296041e-08
     8	9.48632187221e-09	2.28889183523e-09	1.17752137074e-08
     9	8.29718427755e-09	2.00012692283e-09	1.02973112004e-08

Measurement: t_ro15
  step	t_ro15	FROM	TO
     1	5.84782184616e-09	1.4057106823e-09	7.25353252845e-09
     2	4.97713477335e-09	1.19618011956e-09	6.17331489291e-09
     3	4.42826955078e-09	1.06375541057e-09	5.49202496135e-09
     4	8.09884374161e-09	1.94742469961e-09	1.00462684412e-08
     5	6.7685574784e-09	1.62719034905e-09	8.39574782745e-09
     6	5.93033434269e-09	1.42507108788e-09	7.35540543058e-09
     7	1.15967895011e-08	2.7893305248e-09	1.43861200259e-08
     8	9.6137677851e-09	2.31187162918e-09	1.19256394143e-08
     9	8.37035094596e-09	2.01266863681e-09	1.03830195828e-08

Measurement: t_ro16
  step	t_ro16	FROM	TO
     1	6.1119048059e-09	1.46899806869e-09	7.58090287458e-09
     2	5.17866924411e-09	1.24151934076e-09	6.42018858487e-09
     3	4.58504383741e-09	1.09718985307e-09	5.68223369048e-09
     4	8.50571852932e-09	2.04564697014e-09	1.05513654995e-08
     5	7.08203733339e-09	1.69944057496e-09	8.78147790835e-09
     6	6.17816667331e-09	1.47971217186e-09	7.65787884517e-09
     7	1.22633580588e-08	2.95014946824e-09	1.5213507527e-08
     8	1.01314753517e-08	2.43233250538e-09	1.2563807857e-08
     9	8.78163892191e-09	2.1048431919e-09	1.08864821138e-08

Measurement: t_ro17
  step	t_ro17	FROM	TO
     1	6.1541136174e-09	1.47954055569e-09	7.63365417309e-09
     2	5.20573564685e-09	1.24961524541e-09	6.45535089227e-09
     3	4.60215121965e-09	1.10321933538e-09	5.70537055503e-09
     4	8.57302795018e-09	2.06190542713e-09	1.06349333773e-08
     5	7.12275391757e-09	1.71074351502e-09	8.83349743259e-09
     6	6.20457369654e-09	1.48863712691e-09	7.69321082345e-09
     7	1.23788749536e-08	2.97771871243e-09	1.5356593666e-08
     8	1.02040885929e-08	2.45166609352e-09	1.26557546864e-08
     9	8.8313701839e-09	2.11986218812e-09	1.0951232372e-08

Measurement: t_ro18
  step	t_ro18	FROM	TO
     1	5.6847695067e-09	1.36038838545e-09	7.04515789215e-09
     2	4.89351380671e-09	1.16985416128e-09	6.06336796799e-09
     3	4.37257007577e-09	1.04482680863e-09	5.4173968844e-09
     4	7.76576133265e-09	1.85824096696e-09	9.62400229961e-09
     5	6.57669115905e-09	1.57227900678e-09	8.14897016583e-09
     6	5.80461670315e-09	1.38696081897e-09	7.19157752213e-09
     7	1.10381873562e-08	2.64082957126e-09	1.36790169275e-08
     8	9.28160038511e-09	2.21856624827e-09	1.15001666334e-08
     9	8.14375404561e-09	1.94558272591e-09	1.00893367715e-08

Measurement: t_ro19
  step	t_ro19	FROM	TO
     1	6.20241384099e-09	1.50054438856e-09	7.70295822955e-09
     2	5.24533803872e-09	1.26549079172e-09	6.51082883045e-09
     3	4.63999339104e-09	1.11605308971e-09	5.75604648075e-09
     4	8.66808304116e-09	2.09907738479e-09	1.07671604259e-08
     5	7.19489930842e-09	1.73798810248e-09	8.9328874109e-09
     6	6.2613872375e-09	1.50982096897e-09	7.77120820648e-09
     7	1.2537795625e-08	3.03719940922e-09	1.55749950342e-08
     8	1.03248741989e-08	2.49565981003e-09	1.28205340089e-08
     9	8.92737384283e-09	2.15461074686e-09	1.10819845897e-08

Measurement: t_ro20
  step	t_ro20	FROM	TO
     1	6.00592313419e-09	1.436275397e-09	7.44219853119e-09
     2	5.11999686637e-09	1.22233504594e-09	6.34233191231e-09
     3	4.52859526888e-09	1.08082743838e-09	5.60942270726e-09
     4	8.3028159077e-09	1.98526991699e-09	1.02880858247e-08
     5	6.93353640092e-09	1.65573712399e-09	8.58927352491e-09
     6	6.06454575005e-09	1.44717843036e-09	7.51172418041e-09
     7	1.19147545827e-08	2.84790358104e-09	1.47626581638e-08
     8	9.87389908514e-09	2.35729561874e-09	1.22311947039e-08
     9	8.58120863277e-09	2.04702802022e-09	1.0628236653e-08

Measurement: t_ro21
  step	t_ro21	FROM	TO
     1	6.40000321738e-09	1.53627698945e-09	7.93628020683e-09
     2	5.36628501696e-09	1.28510873566e-09	6.65139375262e-09
     3	4.71420783761e-09	1.1274809787e-09	5.84168881632e-09
     4	9.02905876082e-09	2.16852193597e-09	1.11975806968e-08
     5	7.42977855678e-09	1.78014965992e-09	9.20992821669e-09
     6	6.42916950251e-09	1.53795241689e-09	7.96712191941e-09
     7	1.3160932518e-08	3.16027613563e-09	1.63212086537e-08
     8	1.07403016718e-08	2.57327981418e-09	1.3313581486e-08
     9	9.23020111633e-09	2.20803686157e-09	1.14382379779e-08

Measurement: t_ro22
  step	t_ro22	FROM	TO
     1	6.31858398673e-09	1.50847034978e-09	7.82705433651e-09
     2	5.30606747833e-09	1.26572463839e-09	6.57179211672e-09
     3	4.66680970187e-09	1.11293172849e-09	5.77974143036e-09
     4	8.89750546861e-09	2.12340301555e-09	1.10209084842e-08
     5	7.31667887032e-09	1.74468666001e-09	9.06136553033e-09
     6	6.33643396976e-09	1.51043865744e-09	7.84687262719e-09
     7	1.29331227132e-08	3.08481779973e-09	1.6017940513e-08
     8	1.05409866792e-08	2.51252459431e-09	1.30535112735e-08
     9	9.06384430533e-09	2.15975251346e-09	1.12235968188e-08

Measurement: t_ro23
  step	t_ro23	FROM	TO
     1	6.06306001022e-09	1.4584579338e-09	7.52151794402e-09
     2	5.1471386978e-09	1.23640446485e-09	6.38354316265e-09
     3	4.55989513425e-09	1.09459195878e-09	5.65448709303e-09
     4	8.41460552052e-09	2.02555027402e-09	1.04401557945e-08
     5	7.01840733799e-09	1.68744096761e-09	8.7058483056e-09
     6	6.12944093852e-09	1.47292007625e-09	7.60236101478e-09
     7	1.21115360685e-08	2.91654140159e-09	1.50280774701e-08
     8	1.00219411124e-08	2.41056048643e-09	1.24325015989e-08
     9	8.69703515673e-09	2.09118227259e-09	1.07882174293e-08

Measurement: t_ro24
  step	t_ro24	FROM	TO
     1	5.90507998869e-09	1.41619867098e-09	7.32127865967e-09
     2	5.02304356125e-09	1.20331244028e-09	6.22635600153e-09
     3	4.46286952393e-09	1.06842799405e-09	5.53129751797e-09
     4	8.18782980254e-09	1.96407160765e-09	1.01519014102e-08
     5	6.83745724909e-09	1.63855227662e-09	8.47600952571e-09
     6	5.9861425751e-09	1.43354010163e-09	7.41968267673e-09
     7	1.17619902406e-08	2.82143515631e-09	1.45834253969e-08
     8	9.74126883223e-09	2.33468115277e-09	1.2075949985e-08
     9	8.47214536577e-09	2.02916512468e-09	1.05013104905e-08

Measurement: t_ro25
  step	t_ro25	FROM	TO
     1	5.95705542146e-09	1.43579022458e-09	7.39284564604e-09
     2	5.07869941014e-09	1.22330316258e-09	6.30200257272e-09
     3	4.50835071116e-09	1.08500820375e-09	5.59335891491e-09
     4	8.23987196292e-09	1.988428314e-09	1.02283002769e-08
     5	6.90046460305e-09	1.66365955936e-09	8.56412416241e-09
     6	6.04330527735e-09	1.45586880181e-09	7.49917407917e-09
     7	1.18259088721e-08	2.85536325582e-09	1.46812721279e-08
     8	9.82945855245e-09	2.37115615871e-09	1.22006147112e-08
     9	8.55487095323e-09	2.06235995723e-09	1.06172309105e-08

Measurement: t_ro26
  step	t_ro26	FROM	TO
     1	6.16001210876e-09	1.47584007236e-09	7.63585218112e-09
     2	5.20266569583e-09	1.24421021193e-09	6.44687590777e-09
     3	4.59841584558e-09	1.09827776534e-09	5.69669361092e-09
     4	8.60401275268e-09	2.06187320246e-09	1.06658859551e-08
     5	7.13071393761e-09	1.70590788792e-09	8.83662182552e-09
     6	6.20566537631e-09	1.4825735127e-09	7.688238889e-09
     7	1.24255466015e-08	2.97721098475e-09	1.54027575862e-08
     8	1.02142638858e-08	2.44366121444e-09	1.26579251002e-08
     9	8.82974321992e-09	2.10974032886e-09	1.09394835488e-08

Measurement: t_ro27
  step	t_ro27	FROM	TO
     1	5.78744123035e-09	1.38937026022e-09	7.17681149056e-09
     2	4.96000007396e-09	1.188845885e-09	6.14884595896e-09
     3	4.42910665907e-09	1.05921531859e-09	5.48832197765e-09
     4	7.92804835075e-09	1.90422497662e-09	9.83227332737e-09
     5	6.69313480887e-09	1.60429379748e-09	8.29742860635e-09
     6	5.89405707553e-09	1.41049773358e-09	7.30455480911e-09
     7	1.12932100462e-08	2.71289838796e-09	1.40061084341e-08
     8	9.46636912114e-09	2.26988428163e-09	1.17362534028e-08
     9	8.28789007001e-09	1.98433736467e-09	1.02722274347e-08

Measurement: t_ro28
  step	t_ro28	FROM	TO
     1	6.24000048802e-09	1.49713243572e-09	7.73713292374e-09
     2	5.27999960238e-09	1.263049851e-09	6.54304945337e-09
     3	4.64000114527e-09	1.11042259397e-09	5.75042373924e-09
     4	8.79104681229e-09	2.1083056169e-09	1.08993524292e-08
     5	7.25794140759e-09	1.73794261979e-09	8.99588402738e-09
     6	6.29933473385e-09	1.50668798355e-09	7.80602271739e-09
     7	1.27653701117e-08	3.06083607875e-09	1.58262061905e-08
     8	1.04504197111e-08	2.50224287023e-09	1.29526625813e-08
     9	9.00747889072e-09	2.15441995943e-09	1.11618988501e-08

Measurement: t_ro29
  step	t_ro29	FROM	TO
     1	6.47963945128e-09	1.56911334271e-09	8.04875279399e-09
     2	5.41855546087e-09	1.30607718512e-09	6.72463264599e-09
     3	4.75291141461e-09	1.14322597249e-09	5.8961373871e-09
     4	9.12570228295e-09	2.21723392284e-09	1.13429362058e-08
     5	7.47938782837e-09	1.80766125755e-09	9.28704908593e-09
     6	6.45853282967e-09	1.55704873995e-09	8.01558156962e-09
     7	1.32815332985e-08	3.23090511584e-09	1.65124384144e-08
     8	1.07918705011e-08	2.61233560891e-09	1.340420611e-08
     9	9.25367275189e-09	2.23478308934e-09	1.14884558412e-08

Measurement: t_ro30
  step	t_ro30	FROM	TO
     1	6.31994215535e-09	1.51619123281e-09	7.83613338816e-09
     2	5.31967308405e-09	1.27462308138e-09	6.59429616543e-09
     3	4.68343050389e-09	1.12135991491e-09	5.8047904188e-09
     4	8.8908641472e-09	2.13384013312e-09	1.10247042803e-08
     5	7.33995284899e-09	1.75907046059e-09	9.09902330958e-09
     6	6.36523054458e-09	1.52411950207e-09	7.88935004665e-09
     7	1.2914107429e-08	3.09891979736e-09	1.60130272263e-08
     8	1.05754253497e-08	2.5342396898e-09	1.31096650395e-08
     9	9.10986090158e-09	2.18126113238e-09	1.1291122034e-08

Measurement: t_ro31
  step	t_ro31	FROM	TO
     1	6.02867512545e-09	1.44513929507e-09	7.47381442052e-09
     2	5.11422144408e-09	1.22369990767e-09	6.33792135175e-09
     3	4.52678833083e-09	1.08165162759e-09	5.60843995842e-09
     4	8.39626064121e-09	2.01307057041e-09	1.04093312116e-08
     5	6.98926786543e-09	1.67269697489e-09	8.66196484032e-09
     6	6.10041750197e-09	1.4581963686e-09	7.55861387057e-09
     7	1.21106623738e-08	2.90310827069e-09	1.50137706445e-08
     8	9.99801513857e-09	2.39269059666e-09	1.23907057352e-08
     9	8.66813046603e-09	2.07197243254e-09	1.07401028986e-08

Measurement: t_ro32
  step	t_ro32	FROM	TO
     1	5.79666064353e-09	1.38578933276e-09	7.18244997629e-09
     2	4.95999913386e-09	1.18418276474e-09	6.14418189861e-09
     3	4.42504997488e-09	1.05638586136e-09	5.48143583624e-09
     4	7.96256485976e-09	1.90200837539e-09	9.86457323515e-09
     5	6.70129735272e-09	1.59940495505e-09	8.30070230777e-09
     6	5.8934541408e-09	1.40627061512e-09	7.29972475592e-09
     7	1.13557070889e-08	2.70988682483e-09	1.40655939138e-08
     8	9.4822549334e-09	2.26174864224e-09	1.17440035756e-08
     9	8.28711434843e-09	1.97637256263e-09	1.02634869111e-08

Measurement: t_ro33
  step	t_ro33	FROM	TO
     1	5.91998082516e-09	1.42087483283e-09	7.34085565798e-09
     2	5.05523666362e-09	1.21273944901e-09	6.26797611263e-09
     3	4.49745195055e-09	1.07760929055e-09	5.57506124109e-09
     4	8.12744680663e-09	1.9527146606e-09	1.00801614672e-08
     5	6.83590265465e-09	1.64033676646e-09	8.47623942111e-09
     6	6.00084371743e-09	1.43853440916e-09	7.43937812658e-09
     7	1.16212646733e-08	2.7925490757e-09	1.4413813749e-08
     8	9.70651096075e-09	2.32971289507e-09	1.20362238558e-08
     9	8.47139883982e-09	2.03147609216e-09	1.0502874932e-08

Measurement: t_ro34
  step	t_ro34	FROM	TO
     1	6.22862315759e-09	1.50494194596e-09	7.73356510355e-09
     2	5.25447636939e-09	1.26600712085e-09	6.52048349023e-09
     3	4.63999925125e-09	1.1158122351e-09	5.75581148635e-09
     4	8.71122241576e-09	2.10668460855e-09	1.08179070243e-08
     5	7.21570126014e-09	1.74045851301e-09	8.95615977316e-09
     6	6.27375089044e-09	1.51132895143e-09	7.78507984187e-09
     7	1.26111221755e-08	3.05145265445e-09	1.566257483e-08
     8	1.03610574526e-08	2.5005892116e-09	1.28616466642e-08
     9	8.94805234908e-09	2.15682685226e-09	1.11048792013e-08

Measurement: t_ro35
  step	t_ro35	FROM	TO
     1	6.0695891145e-09	1.46507189792e-09	7.53466101242e-09
     2	5.15356974939e-09	1.24212882643e-09	6.39569857582e-09
     3	4.56269108552e-09	1.09833403685e-09	5.66102512237e-09
     4	8.4092022439e-09	2.03108635921e-09	1.04402886031e-08
     5	7.01343096399e-09	1.691502173e-09	8.70493313698e-09
     6	6.12472027477e-09	1.47581372405e-09	7.60053399882e-09
     7	1.20890239734e-08	2.92052217464e-09	1.50095461481e-08
     8	1.00051472425e-08	2.41386665057e-09	1.24190138931e-08
     9	8.6825357189e-09	2.09297979135e-09	1.07755155103e-08

Measurement: t_ro36
  step	t_ro36	FROM	TO
     1	5.92000003922e-09	1.41997047056e-09	7.33997050979e-09
     2	5.03745978805e-09	1.20785931248e-09	6.24531910053e-09
     3	4.48000267186e-09	1.07435229286e-09	5.55435496472e-09
     4	8.15990558763e-09	1.95898664092e-09	1.01188922286e-08
     5	6.83382030178e-09	1.63935293476e-09	8.47317323653e-09
     6	5.99181215869e-09	1.43636192333e-09	7.42817408201e-09
     7	1.16917128936e-08	2.80771965673e-09	1.44994325503e-08
     8	9.71928940667e-09	2.33181419112e-09	1.20511035978e-08
     9	8.46920553492e-09	2.03053439974e-09	1.04997399347e-08

Measurement: t_ro37
  step	t_ro37	FROM	TO
     1	6.35403527032e-09	1.52637671473e-09	7.88041198505e-09
     2	5.34635338628e-09	1.28197105623e-09	6.62832444251e-09
     3	4.70363695662e-09	1.1263684637e-09	5.83000542031e-09
     4	8.92922178556e-09	2.14587160082e-09	1.10750933864e-08
     5	7.37244992269e-09	1.76866773432e-09	9.14111765702e-09
     6	6.39234771229e-09	1.53175941335e-09	7.92410712564e-09
     7	1.29719079206e-08	3.11730274437e-09	1.60892106649e-08
     8	1.06254003979e-08	2.54927902867e-09	1.31746794265e-08
     9	9.15125707243e-09	2.19333811965e-09	1.13445951921e-08

Measurement: t_ro38
  step	t_ro38	FROM	TO
     1	6.23999997307e-09	1.49366236571e-09	7.73366233877e-09
     2	5.2570835042e-09	1.25674111159e-09	6.51382461579e-09
     3	4.6400007518e-09	1.10821343545e-09	5.74821418725e-09
     4	8.7683800519e-09	2.09853958627e-09	1.08669196382e-08
     5	7.23501210091e-09	1.72960338167e-09	8.96461548258e-09
     6	6.27860111742e-09	1.49988396518e-09	7.7784850826e-09
     7	1.27233825866e-08	3.04415164376e-09	1.57675342303e-08
     8	1.04094389792e-08	2.48796029141e-09	1.28973992706e-08
     9	8.97032564645e-09	2.14247754866e-09	1.11128031951e-08

Measurement: t_ro39
  step	t_ro39	FROM	TO
     1	6.03814362846e-09	1.45616337953e-09	7.49430700798e-09
     2	5.12000867883e-09	1.23218807798e-09	6.35219675681e-09
     3	4.53433021484e-09	1.08936831794e-09	5.62369853278e-09
     4	8.39644603849e-09	2.02650081224e-09	1.04229468507e-08
     5	6.99148511068e-09	1.68456803342e-09	8.67605314411e-09
     6	6.10302546944e-09	1.46803923452e-09	7.57106470395e-09
     7	1.20951993766e-08	2.91997302166e-09	1.50151723982e-08
     8	9.9891351511e-09	2.40812812293e-09	1.2397263274e-08
     9	8.66247570767e-09	2.08566121564e-09	1.07481369233e-08

Measurement: t_ro40
  step	t_ro40	FROM	TO
     1	6.35035435551e-09	1.52270940297e-09	7.87306375848e-09
     2	5.34340538728e-09	1.27876736066e-09	6.62217274795e-09
     3	4.70103542419e-09	1.12368388883e-09	5.82471931302e-09
     4	8.92301774551e-09	2.13973276724e-09	1.10627505127e-08
     5	7.36947944166e-09	1.76369836629e-09	9.13317780795e-09
     6	6.38998364369e-09	1.52762041568e-09	7.91760405937e-09
     7	1.2971161764e-08	3.10951755306e-09	1.60806793171e-08
     8	1.06297127839e-08	2.54361494861e-09	1.31733277325e-08
     9	9.15564862849e-09	2.18829022439e-09	1.13439388529e-08

Measurement: t_ro41
  step	t_ro41	FROM	TO
     1	5.66989146294e-09	1.36100884517e-09	7.03090030812e-09
     2	4.88161166881e-09	1.17001736653e-09	6.05162903534e-09
     3	4.36361747009e-09	1.04463300432e-09	5.40825047441e-09
     4	7.72985987513e-09	1.85613297992e-09	9.58599285505e-09
     5	6.55011483373e-09	1.57075747104e-09	8.12087230476e-09
     6	5.78315143085e-09	1.38517171781e-09	7.16832314866e-09
     7	1.09668748242e-08	2.63371668109e-09	1.36005915052e-08
     8	9.22716164668e-09	2.2132658013e-09	1.1440427448e-08
     9	8.10047669859e-09	1.94094387997e-09	1.00414205786e-08

Measurement: t_ro42
  step	t_ro42	FROM	TO
     1	6.14420774869e-09	1.47111429134e-09	7.61532204003e-09
     2	5.20597314214e-09	1.24434992174e-09	6.45032306388e-09
     3	4.60198713282e-09	1.09913717985e-09	5.70112431267e-09
     4	8.52679481696e-09	2.04197290077e-09	1.05687677177e-08
     5	7.09060443386e-09	1.6951876415e-09	8.78579207535e-09
     6	6.18151803404e-09	1.47644037448e-09	7.65795840852e-09
     7	1.22731547242e-08	2.9383414299e-09	1.52114961541e-08
     8	1.01252251552e-08	2.42031242822e-09	1.25455375834e-08
     9	8.77042552448e-09	2.09459147545e-09	1.08650169999e-08

Measurement: t_ro43
  step	t_ro43	FROM	TO
     1	6.60036812267e-09	1.58773018343e-09	8.1880983061e-09
     2	5.50241796212e-09	1.31973114488e-09	6.82214910701e-09
     3	4.80000232701e-09	1.15137606988e-09	5.95137839689e-09
     4	9.36099957591e-09	2.25101570587e-09	1.16120152818e-08
     5	7.63919170803e-09	1.83215699935e-09	9.47134870739e-09
     6	6.57715366236e-09	1.57640401314e-09	8.1535576755e-09
     7	1.36861258902e-08	3.28878702269e-09	1.69749129129e-08
     8	1.10698984338e-08	2.65407815645e-09	1.37239765903e-08
     9	9.46256291377e-09	2.26714754729e-09	1.17297104611e-08

Measurement: t_ro44
  step	t_ro44	FROM	TO
     1	6.00623739008e-09	1.44644576921e-09	7.45268315929e-09
     2	5.10411093916e-09	1.22703017182e-09	6.33114111098e-09
     3	4.52244743716e-09	1.08576810964e-09	5.6082155468e-09
     4	8.34664177941e-09	2.01223543497e-09	1.03588772144e-08
     5	6.96349665653e-09	1.6756670507e-09	8.63916370723e-09
     6	6.08473752728e-09	1.46248198324e-09	7.54721951052e-09
     7	1.20049553989e-08	2.89599233141e-09	1.49009477303e-08
     8	9.93716468792e-09	2.39272378514e-09	1.23298884731e-08
     9	8.62910123108e-09	2.07507581146e-09	1.07041770425e-08

Measurement: t_ro45
  step	t_ro45	FROM	TO
     1	6.07999585553e-09	1.45929553529e-09	7.53929139081e-09
     2	5.16690362928e-09	1.23882692157e-09	6.40573055085e-09
     3	4.57496023117e-09	1.09561113683e-09	5.670571368e-09
     4	8.44543591726e-09	2.02844341799e-09	1.04738793353e-08
     5	7.04675451169e-09	1.6898869392e-09	8.73664145088e-09
     6	6.15411218557e-09	1.47431530048e-09	7.62842748605e-09
     7	1.21610874112e-08	2.92098850568e-09	1.50820759169e-08
     8	1.00707320783e-08	2.4157677502e-09	1.24864998285e-08
     9	8.73985726506e-09	2.09430217489e-09	1.08341594399e-08

Measurement: t_ro46
  step	t_ro46	FROM	TO
     1	5.76985098169e-09	1.38319294726e-09	7.15304392895e-09
     2	4.952757878e-09	1.1858625374e-09	6.1386204154e-09
     3	4.40403973408e-09	1.05384003941e-09	5.45787977349e-09
     4	7.93594743501e-09	1.90220144364e-09	9.83814887865e-09
     5	6.67543016381e-09	1.5987263053e-09	8.27415646911e-09
     6	5.87021100432e-09	1.40500564563e-09	7.27521664995e-09
     7	1.1327782704e-08	2.71493689675e-09	1.40427196007e-08
     8	9.45378943325e-09	2.26413665314e-09	1.17179260864e-08
     9	8.26047926375e-09	1.97722388573e-09	1.02377031495e-08

Measurement: t_ro47
  step	t_ro47	FROM	TO
     1	6.53172918899e-09	1.56983406137e-09	8.10156325036e-09
     2	5.43999816679e-09	1.30549606586e-09	6.74549423265e-09
     3	4.7575101897e-09	1.13984935207e-09	5.89735954178e-09
     4	9.2711168455e-09	2.22916335207e-09	1.15002801976e-08
     5	7.54684095577e-09	1.81207786944e-09	9.3589188252e-09
     6	6.49818109014e-09	1.55805597621e-09	8.05623706635e-09
     7	1.3541261748e-08	3.25627691968e-09	1.67975386676e-08
     8	1.09263108549e-08	2.62423626673e-09	1.35505471216e-08
     9	9.33999438174e-09	2.24041687725e-09	1.1580411259e-08

Measurement: t_ro48
  step	t_ro48	FROM	TO
     1	5.9429056786e-09	1.427342563e-09	7.3702482416e-09
     2	5.07093717456e-09	1.21676394247e-09	6.28770111703e-09
     3	4.50584392528e-09	1.08017195769e-09	5.58601588297e-09
     4	8.16371094461e-09	1.96146464657e-09	1.01251755912e-08
     5	6.84894134547e-09	1.64388131496e-09	8.49282266043e-09
     6	6.00560590156e-09	1.44046749491e-09	7.44607339647e-09
     7	1.16636840658e-08	2.80254468817e-09	1.44662287539e-08
     8	9.71599838953e-09	2.33257130541e-09	1.20485696949e-08
     9	8.46983164314e-09	2.03218508367e-09	1.05020167268e-08

Measurement: t_ro49
  step	t_ro49	FROM	TO
     1	6.05152016167e-09	1.46002565534e-09	7.51154581701e-09
     2	5.1398278544e-09	1.23680740363e-09	6.37663525803e-09
     3	4.55989114506e-09	1.09510752938e-09	5.65499867444e-09
     4	8.36458377204e-09	2.02200279903e-09	1.03865865711e-08
     5	6.99114232684e-09	1.68464504924e-09	8.67578737608e-09
     6	6.11345798361e-09	1.47055994176e-09	7.58401792536e-09
     7	1.20159906107e-08	2.90798466357e-09	1.49239752743e-08
     8	9.96666561663e-09	2.40420101705e-09	1.23708666337e-08
     9	8.66154079411e-09	2.08579421896e-09	1.07473350131e-08

Measurement: t_ro50
  step	t_ro50	FROM	TO
     1	6.08000055427e-09	1.45939216044e-09	7.53939271471e-09
     2	5.14152488193e-09	1.23166611669e-09	6.37319099862e-09
     3	4.5480420271e-09	1.08837977652e-09	5.63642180362e-09
     4	8.50528624457e-09	2.04056244136e-09	1.05458486859e-08
     5	7.05690782127e-09	1.69077353753e-09	8.7476813588e-09
     6	6.14811752889e-09	1.47169953231e-09	7.6198170612e-09
     7	1.22903314834e-08	2.94829194371e-09	1.52386234271e-08
     8	1.01129069364e-08	2.42297878315e-09	1.25358857196e-08
     9	8.74990196063e-09	2.09444775652e-09	1.08443497171e-08

Measurement: t_ro51
  step	t_ro51	FROM	TO
     1	6.00411765219e-09	1.44670743786e-09	7.45082509005e-09
     2	5.11250886466e-09	1.23142811896e-09	6.34393698362e-09
     3	4.53164267891e-09	1.09045912273e-09	5.62210180164e-09
     4	8.31987784351e-09	2.00586345435e-09	1.03257412979e-08
     5	6.95414703206e-09	1.67566882307e-09	8.62981585513e-09
     6	6.08332271121e-09	1.46501961853e-09	7.54834232974e-09
     7	1.1943597089e-08	2.88168327231e-09	1.48252803613e-08
     8	9.91079143121e-09	2.38917296852e-09	1.22999643997e-08
     9	8.61627781973e-09	2.07635027052e-09	1.06926280903e-08

Measurement: t_ro52
  step	t_ro52	FROM	TO
     1	5.63030034657e-09	1.34883060531e-09	6.97913095188e-09
     2	4.85794368332e-09	1.16252535405e-09	6.02046903736e-09
     3	4.34591676454e-09	1.03941913667e-09	5.38533590121e-09
     4	7.67038870586e-09	1.83735208112e-09	9.50774078698e-09
     5	6.51028884645e-09	1.55804216756e-09	8.06833101401e-09
     6	5.75479177779e-09	1.37655354846e-09	7.13134532625e-09
     7	1.08814840764e-08	2.60615988687e-09	1.34876439633e-08
     8	9.17221866285e-09	2.19500989627e-09	1.13672285591e-08
     9	8.06124168257e-09	1.92802739522e-09	9.98926907779e-09

Measurement: t_ro53
  step	t_ro53	FROM	TO
     1	5.69626564473e-09	1.366346994e-09	7.06261263873e-09
     2	4.89768064948e-09	1.17380491675e-09	6.07148556624e-09
     3	4.37830543077e-09	1.04886135786e-09	5.42716678862e-09
     4	7.77479554477e-09	1.86531628967e-09	9.64011183444e-09
     5	6.58057820704e-09	1.5776315902e-09	8.15820979724e-09
     6	5.80724048513e-09	1.39147564963e-09	7.19871613475e-09
     7	1.10459677737e-08	2.65009185697e-09	1.36960596307e-08
     8	9.2844663141e-09	2.22586676883e-09	1.15103330829e-08
     9	8.14604399551e-09	1.95200967975e-09	1.00980536753e-08

Measurement: t_ro54
  step	t_ro54	FROM	TO
     1	6.35169531928e-09	1.52603602166e-09	7.87773134095e-09
     2	5.3053568763e-09	1.27367056984e-09	6.57902744614e-09
     3	4.66641224791e-09	1.12022329297e-09	5.78663554087e-09
     4	8.98104696181e-09	2.15833807918e-09	1.1139385041e-08
     5	7.35432947509e-09	1.76612894908e-09	9.12045842417e-09
     6	6.35633823246e-09	1.5262752202e-09	7.88261345266e-09
     7	1.30857774676e-08	3.14470128172e-09	1.62304787493e-08
     8	1.06170637968e-08	2.54971824768e-09	1.31667820445e-08
     9	9.10947405128e-09	2.18755556778e-09	1.12970296191e-08

Measurement: t_ro55
  step	t_ro55	FROM	TO
     1	6.04735728064e-09	1.45199409723e-09	7.49935137787e-09
     2	5.12847309874e-09	1.22984375133e-09	6.35831685007e-09
     3	4.54242483672e-09	1.08838271997e-09	5.63080755669e-09
     4	8.4142723355e-09	2.02102648238e-09	1.04352988179e-08
     5	7.00970658792e-09	1.68170106083e-09	8.69140764875e-09
     6	6.1188555626e-09	1.46658189625e-09	7.58543745885e-09
     7	1.213153928e-08	2.91410420673e-09	1.50456434867e-08
     8	1.00254494452e-08	2.40546702296e-09	1.24309164681e-08
     9	8.69457302537e-09	2.08438069004e-09	1.07789537154e-08

Measurement: t_ro56
  step	t_ro56	FROM	TO
     1	5.95499467081e-09	1.43081123702e-09	7.38580590782e-09
     2	5.08180624902e-09	1.2195772727e-09	6.30138352171e-09
     3	4.50703309678e-09	1.08089635525e-09	5.58792945202e-09
     4	8.23813813522e-09	1.98015919747e-09	1.02182973327e-08
     5	6.90018493925e-09	1.65704123873e-09	8.55722617798e-09
     6	6.04435004245e-09	1.45041642996e-09	7.49476647241e-09
     7	1.18191922091e-08	2.84132671458e-09	1.46605189237e-08
     8	9.82403044525e-09	2.35970843533e-09	1.21837388806e-08
     9	8.55151171074e-09	2.05266396424e-09	1.0604175675e-08

Measurement: t_ro57
  step	t_ro57	FROM	TO
     1	5.87948685805e-09	1.4078062011e-09	7.28729305915e-09
     2	5.02126727415e-09	1.20111702619e-09	6.22238430034e-09
     3	4.47347761559e-09	1.0692784067e-09	5.5427560223e-09
     4	8.08369128838e-09	1.93523420002e-09	1.00189254884e-08
     5	6.78904366707e-09	1.62392881656e-09	8.41297248363e-09
     6	5.9593605051e-09	1.42461980401e-09	7.3839803091e-09
     7	1.15568455903e-08	2.76605934696e-09	1.43229049372e-08
     8	9.63448400794e-09	2.30402484631e-09	1.19385088542e-08
     9	8.40565446684e-09	2.00899542555e-09	1.04146498924e-08

Measurement: t_ro58
  step	t_ro58	FROM	TO
     1	6.09572099695e-09	1.46813002162e-09	7.56385101858e-09
     2	5.16009948321e-09	1.24004412829e-09	6.40014361151e-09
     3	4.56778655253e-09	1.09623613049e-09	5.66402268303e-09
     4	8.43374567121e-09	2.03388919695e-09	1.04676348682e-08
     5	7.0125141438e-09	1.68726816104e-09	8.69978230483e-09
     6	6.11711815837e-09	1.46974911143e-09	7.5868672698e-09
     7	1.2105213895e-08	2.92191840642e-09	1.50271323014e-08
     8	9.98588373442e-09	2.4050388471e-09	1.23909225815e-08
     9	8.65619142087e-09	2.08191187788e-09	1.07381032987e-08

Measurement: t_ro59
  step	t_ro59	FROM	TO
     1	6.06652907243e-09	1.4552163923e-09	7.52174546473e-09
     2	5.14719442006e-09	1.23303574614e-09	6.3802301662e-09
     3	4.55511838349e-09	1.09048289992e-09	5.64560128341e-09
     4	8.39387728864e-09	2.01321832603e-09	1.04070956147e-08
     5	6.99758279401e-09	1.67652708908e-09	8.67410988309e-09
     6	6.11027636193e-09	1.4628347947e-09	7.57311115663e-09
     7	1.20663795605e-08	2.89366736376e-09	1.49600469243e-08
     8	9.98201806222e-09	2.39139518761e-09	1.23734132498e-08
     9	8.66211256659e-09	2.0733653426e-09	1.07354779092e-08

Measurement: t_ro60
  step	t_ro60	FROM	TO
     1	5.73410080744e-09	1.37400314103e-09	7.10810394847e-09
     2	4.9254598667e-09	1.17913708886e-09	6.10459695556e-09
     3	4.39918481558e-09	1.0522206098e-09	5.45140542538e-09
     4	7.8462373009e-09	1.88031764965e-09	9.72655495055e-09
     5	6.63109171274e-09	1.58754559646e-09	8.21863730921e-09
     6	5.84563453037e-09	1.3987973747e-09	7.24443190507e-09
     7	1.11601415332e-08	2.67416684449e-09	1.38343083777e-08
     8	9.36405749202e-09	2.24172222492e-09	1.16057797169e-08
     9	8.20621615441e-09	1.96355668947e-09	1.01697728439e-08

Measurement: t_ro61
  step	t_ro61	FROM	TO
     1	5.89787310113e-09	1.41430325691e-09	7.31217635804e-09
     2	5.02295558722e-09	1.20436974337e-09	6.22732533059e-09
     3	4.47415813711e-09	1.07223535007e-09	5.54639348718e-09
     4	8.13062587463e-09	1.95046172206e-09	1.00810875967e-08
     5	6.81501320626e-09	1.63374654369e-09	8.44875974995e-09
     6	5.97723823242e-09	1.43254134569e-09	7.40977957811e-09
     7	1.16372152776e-08	2.79137117632e-09	1.4428586454e-08
     8	9.68047473896e-09	2.32054246214e-09	1.20010172011e-08
     9	8.43754677371e-09	2.02218501942e-09	1.04597317931e-08

Measurement: t_ro62
  step	t_ro62	FROM	TO
     1	6.0426743061e-09	1.44707374553e-09	7.48974805164e-09
     2	5.13602826457e-09	1.22825386345e-09	6.36428212802e-09
     3	4.55201574352e-09	1.08820182821e-09	5.64021757174e-09
     4	8.33871608608e-09	1.99713900654e-09	1.03358550926e-08
     5	6.96776675231e-09	1.66653191064e-09	8.63429866295e-09
     6	6.09292879472e-09	1.45633122766e-09	7.54926002238e-09
     7	1.19559433875e-08	2.86318418362e-09	1.48191275711e-08
     8	9.91637204296e-09	2.37162917741e-09	1.22880012204e-08
     9	8.61835930351e-09	2.05971623848e-09	1.0678075542e-08

Measurement: t_ro63
  step	t_ro63	FROM	TO
     1	5.6879023399e-09	1.35814265882e-09	7.04604499872e-09
     2	4.89847707875e-09	1.16911286241e-09	6.06758994116e-09
     3	4.37866770131e-09	1.04460943207e-09	5.42327713339e-09
     4	7.72761379559e-09	1.84419613745e-09	9.57180993304e-09
     5	6.55216649232e-09	1.56273242117e-09	8.11489891349e-09
     6	5.78628242329e-09	1.37983039461e-09	7.1661128179e-09
     7	1.09493755707e-08	2.61097225336e-09	1.35603478241e-08
     8	9.21954821778e-09	2.19759569775e-09	1.14171439155e-08
     9	8.09715875688e-09	1.92967552775e-09	1.00268342846e-08

Measurement: t_ro64
  step	t_ro64	FROM	TO
     1	5.91999990592e-09	1.42315746288e-09	7.34315736881e-09
     2	5.05777586118e-09	1.21352905349e-09	6.27130491467e-09
     3	4.48935425183e-09	1.07607179946e-09	5.56542605128e-09
     4	8.20378536092e-09	1.97254032506e-09	1.0176325686e-08
     5	6.87964145441e-09	1.65100280741e-09	8.53064426182e-09
     6	6.02757373248e-09	1.44568996547e-09	7.47326369796e-09
     7	1.17732233298e-08	2.83108382316e-09	1.46043071529e-08
     8	9.7961304551e-09	2.35225162257e-09	1.21483820777e-08
     9	8.53139632193e-09	2.04664606287e-09	1.05780423848e-08

Measurement: t_ro65
  step	t_ro65	FROM	TO
     1	6.17773885371e-09	1.48108481838e-09	7.65882367209e-09
     2	5.22919442698e-09	1.25141158062e-09	6.4806060076e-09
     3	4.62332187401e-09	1.10567677054e-09	5.72899864455e-09
     4	8.6110969144e-09	2.06461968645e-09	1.06757166009e-08
     5	7.15980048654e-09	1.71364491929e-09	8.87344540583e-09
     6	6.23754570726e-09	1.49155637875e-09	7.72910208602e-09
     7	1.24451646838e-08	2.98304720437e-09	1.54282118881e-08
     8	1.02689383161e-08	2.45737233338e-09	1.27263106495e-08
     9	8.8876427065e-09	2.12479810363e-09	1.10124408101e-08

Measurement: t_ro66
  step	t_ro66	FROM	TO
     1	5.99992134163e-09	1.44392650969e-09	7.44384785131e-09
     2	5.10601012484e-09	1.22743365148e-09	6.33344377632e-09
     3	4.52564527123e-09	1.08748364177e-09	5.613128913e-09
     4	8.31263314345e-09	2.0017690046e-09	1.03144021481e-08
     5	6.94646031573e-09	1.67055206509e-09	8.61701238082e-09
     6	6.07990884711e-09	1.46042135967e-09	7.54033020678e-09
     7	1.19434223686e-08	2.87711169022e-09	1.48205340588e-08
     8	9.90380287286e-09	2.38263985498e-09	1.22864427278e-08
     9	8.60789527319e-09	2.06996984211e-09	1.06778651153e-08

Measurement: t_ro67
  step	t_ro67	FROM	TO
     1	6.42680820708e-09	1.54460313075e-09	7.97141133783e-09
     2	5.36580162759e-09	1.28755698523e-09	6.65335861282e-09
     3	4.70604755076e-09	1.12802542858e-09	5.83407297934e-09
     4	9.11996982598e-09	2.1922261066e-09	1.13121959326e-08
     5	7.4468582491e-09	1.78788738504e-09	9.23474563415e-09
     6	6.42592023267e-09	1.5410892362e-09	7.96700946887e-09
     7	1.33033797477e-08	3.19926390673e-09	1.65026436544e-08
     8	1.07636524337e-08	2.58474737983e-09	1.33483998135e-08
     9	9.218405672e-09	2.21154108558e-09	1.14299467576e-08

Measurement: t_ro68
  step	t_ro68	FROM	TO
     1	6.08000340548e-09	1.45115308102e-09	7.53115648649e-09
     2	5.1402874009e-09	1.22655104313e-09	6.36683844403e-09
     3	4.55361792142e-09	1.08571422356e-09	5.63933214498e-09
     4	8.43245241714e-09	2.0132454761e-09	1.04456978932e-08
     5	7.01350122824e-09	1.67264622339e-09	8.68614745163e-09
     6	6.11905352009e-09	1.45847257436e-09	7.57752609445e-09
     7	1.21325509668e-08	2.8951307579e-09	1.50276817247e-08
     8	1.00092747929e-08	2.3861876997e-09	1.23954624926e-08
     9	8.67561592942e-09	2.06706625455e-09	1.0742682184e-08

Measurement: t_ro69
  step	t_ro69	FROM	TO
     1	5.81831205582e-09	1.38878952285e-09	7.20710157867e-09
     2	4.97811400518e-09	1.18708029566e-09	6.16519430084e-09
     3	4.43892056893e-09	1.05813327076e-09	5.49705383969e-09
     4	7.98155799322e-09	1.90423267384e-09	9.88579066706e-09
     5	6.72000096526e-09	1.60187636111e-09	8.32187732638e-09
     6	5.90625054209e-09	1.4073498824e-09	7.31360042449e-09
     7	1.13768222714e-08	2.71247469573e-09	1.40892969671e-08
     8	9.50215959781e-09	2.26388099281e-09	1.17660405906e-08
     9	8.30403544492e-09	1.97762768303e-09	1.0281663128e-08

Measurement: t_ro70
  step	t_ro70	FROM	TO
     1	6.02516117271e-09	1.44889099318e-09	7.47405216589e-09
     2	5.12005169858e-09	1.23189306029e-09	6.35194475887e-09
     3	4.5439515125e-09	1.09153242298e-09	5.63548393548e-09
     4	8.31977844647e-09	2.00086782781e-09	1.03206462743e-08
     5	6.95927996356e-09	1.67348999216e-09	8.63276995571e-09
     6	6.0874416066e-09	1.46321521851e-09	7.55065682512e-09
     7	1.19411742285e-08	2.87340267894e-09	1.48145769075e-08
     8	9.91636623494e-09	2.38533554519e-09	1.23017017801e-08
     9	8.62155214231e-09	2.07346000911e-09	1.06950121514e-08

Measurement: t_ro71
  step	t_ro71	FROM	TO
     1	6.3738007765e-09	1.52555492383e-09	7.89935570033e-09
     2	5.35487671291e-09	1.27962578418e-09	6.6345024971e-09
     3	4.70913324362e-09	1.12444350321e-09	5.83357674683e-09
     4	8.97406159409e-09	2.14756452964e-09	1.11216261237e-08
     5	7.39854908548e-09	1.76795378507e-09	9.16650287055e-09
     6	6.40798437389e-09	1.52992887852e-09	7.93791325241e-09
     7	1.3062153637e-08	3.12493440827e-09	1.61870880452e-08
     8	1.0681255068e-08	2.55194390084e-09	1.32331989688e-08
     9	9.18889265416e-09	2.19352093275e-09	1.13824135869e-08

Measurement: t_ro72
  step	t_ro72	FROM	TO
     1	5.76409173145e-09	1.37910925514e-09	7.14320098659e-09
     2	4.96000011894e-09	1.18548033605e-09	6.14548045499e-09
     3	4.41766516349e-09	1.05499949294e-09	5.47266465643e-09
     4	7.86976564996e-09	1.88179527647e-09	9.75156092643e-09
     5	6.65068301853e-09	1.58874139545e-09	8.23942441398e-09
     6	5.86009279789e-09	1.39918674245e-09	7.25927954034e-09
     7	1.11863840927e-08	2.67418393719e-09	1.38605680299e-08
     8	9.3886017061e-09	2.24229714226e-09	1.16308988484e-08
     9	8.22506167279e-09	1.96339384515e-09	1.01884555179e-08

Measurement: t_ro73
  step	t_ro73	FROM	TO
     1	5.91999979446e-09	1.42206879215e-09	7.34206858661e-09
     2	5.05427073096e-09	1.21278345122e-09	6.26705418218e-09
     3	4.49043464241e-09	1.07681246267e-09	5.56724710508e-09
     4	8.16924611858e-09	1.9629938738e-09	1.01322399924e-08
     5	6.85434833805e-09	1.64524558418e-09	8.49959392222e-09
     6	6.00950207601e-09	1.44163561289e-09	7.4511376889e-09
     7	1.17088035627e-08	2.81358840898e-09	1.45223919717e-08
     8	9.74947271364e-09	2.34038764036e-09	1.2089860354e-08
     9	8.49448174481e-09	2.03808293867e-09	1.05325646835e-08

Measurement: t_ro74
  step	t_ro74	FROM	TO
     1	6.19795073725e-09	1.4820664913e-09	7.68001722855e-09
     2	5.22281375622e-09	1.24749230806e-09	6.47030606428e-09
     3	4.60301960542e-09	1.0986437604e-09	5.70166336583e-09
     4	8.69702570614e-09	2.07929640438e-09	1.07763221105e-08
     5	7.17291874399e-09	1.71300161839e-09	8.88592036238e-09
     6	6.22836289197e-09	1.48644915807e-09	7.71481205005e-09
     7	1.25975980996e-08	3.01091819034e-09	1.56085162899e-08
     8	1.02964815636e-08	2.45833221773e-09	1.27548137813e-08
     9	8.87674445123e-09	2.11791645617e-09	1.09946609074e-08

Measurement: t_ro75
  step	t_ro75	FROM	TO
     1	6.24000048375e-09	1.50048013069e-09	7.74048061444e-09
     2	5.2742943821e-09	1.2670594942e-09	6.5413538763e-09
     3	4.63999988678e-09	1.11431732511e-09	5.75431721189e-09
     4	8.73422713683e-09	2.10111594191e-09	1.08353430787e-08
     5	7.2361421904e-09	1.7384971941e-09	8.9746393845e-09
     6	6.28990776657e-09	1.51048209167e-09	7.80038985823e-09
     7	1.26518624079e-08	3.04378327553e-09	1.56956456834e-08
     8	1.03996284131e-08	2.4989119899e-09	1.2898540403e-08
     9	8.98015008454e-09	2.1568247366e-09	1.11369748211e-08

Measurement: t_ro76
  step	t_ro76	FROM	TO
     1	5.92000057998e-09	1.42491898461e-09	7.34491956459e-09
     2	5.05973236342e-09	1.2157019634e-09	6.27543432683e-09
     3	4.49493604631e-09	1.07926385788e-09	5.57419990419e-09
     4	8.13804484706e-09	1.95934122044e-09	1.00973860675e-08
     5	6.84220055502e-09	1.64514469871e-09	8.48734525373e-09
     6	6.00478974641e-09	1.44274896552e-09	7.44753871192e-09
     7	1.16387697725e-08	2.80313674456e-09	1.4441906517e-08
     8	9.71615350981e-09	2.33711114091e-09	1.20532646507e-08
     9	8.47752068391e-09	2.03741192162e-09	1.05149326055e-08

Measurement: t_ro77
  step	t_ro77	FROM	TO
     1	5.42111085236e-09	1.29751074712e-09	6.71862159948e-09
     2	4.70825253504e-09	1.1261772299e-09	5.83442976494e-09
     3	4.2385904793e-09	1.01336404494e-09	5.25195452424e-09
     4	7.29232581165e-09	1.74583671546e-09	9.03816252711e-09
     5	6.24097463925e-09	1.49336633728e-09	7.73434097654e-09
     6	5.55510526653e-09	1.32816419968e-09	6.88326946622e-09
     7	1.02461569884e-08	2.45286706378e-09	1.26990240522e-08
     8	8.7147283341e-09	2.08446399448e-09	1.07991923286e-08
     9	7.71182152851e-09	1.84371271157e-09	9.55553424008e-09

Measurement: t_ro78
  step	t_ro78	FROM	TO
     1	5.46607438895e-09	1.31602371361e-09	6.78209810256e-09
     2	4.74846607595e-09	1.1418656442e-09	5.89033172014e-09
     3	4.26551356928e-09	1.02402102637e-09	5.28953459565e-09
     4	7.34705109882e-09	1.77038109177e-09	9.11743219059e-09
     5	6.28416221912e-09	1.51265671313e-09	7.79681893225e-09
     6	5.5861687893e-09	1.34306223278e-09	6.92923102207e-09
     7	1.03202189861e-08	2.48790536105e-09	1.28081243472e-08
     8	8.77077640499e-09	2.11243507611e-09	1.08832114811e-08
     9	7.75537930185e-09	1.86631504503e-09	9.62169434688e-09

Measurement: t_ro79
  step	t_ro79	FROM	TO
     1	6.25555816238e-09	1.50994924223e-09	7.76550740461e-09
     2	5.27999991994e-09	1.27193630132e-09	6.55193622127e-09
     3	4.64000076394e-09	1.11849965676e-09	5.75850042071e-09
     4	8.79632705758e-09	2.12634123159e-09	1.09226682892e-08
     5	7.26279268566e-09	1.75329790691e-09	9.01609059257e-09
     6	6.30351460425e-09	1.52056392466e-09	7.82407852891e-09
     7	1.27700837945e-08	3.08942979217e-09	1.58595135867e-08
     8	1.04550187937e-08	2.52576223778e-09	1.29807810315e-08
     9	9.01152844196e-09	2.17535928123e-09	1.11868877232e-08

Measurement: t_ro80
  step	t_ro80	FROM	TO
     1	5.91999986543e-09	1.42583785461e-09	7.34583772004e-09
     2	5.05415047171e-09	1.21629574877e-09	6.27044622049e-09
     3	4.48000778066e-09	1.07842021303e-09	5.55842799368e-09
     4	8.15995875915e-09	1.96716059185e-09	1.0127119351e-08
     5	6.83194689035e-09	1.64579703578e-09	8.47774392613e-09
     6	5.98944251351e-09	1.44154431738e-09	7.43098683089e-09
     7	1.16584678079e-08	2.81236424724e-09	1.44708320551e-08
     8	9.68992148772e-09	2.33544435342e-09	1.20253658411e-08
     9	8.44371369568e-09	2.03349672487e-09	1.04772104206e-08

Measurement: t_ro81
  step	t_ro81	FROM	TO
     1	5.91999995509e-09	1.41698865829e-09	7.33698861338e-09
     2	5.05276316343e-09	1.20815093516e-09	6.26091409859e-09
     3	4.48641965611e-09	1.07209402392e-09	5.55851368002e-09
     4	8.20331655791e-09	1.96398372576e-09	1.01673002837e-08
     5	6.8689254841e-09	1.64243012105e-09	8.51135560515e-09
     6	6.01736257684e-09	1.43778762473e-09	7.45515020156e-09
     7	1.17715022647e-08	2.81773142966e-09	1.45892336943e-08
     8	9.77953017398e-09	2.33829020275e-09	1.21178203767e-08
     9	8.51254945427e-09	2.03389668575e-09	1.054644614e-08

Measurement: t_ro82
  step	t_ro82	FROM	TO
     1	5.6621081922e-09	1.36231401465e-09	7.02442220685e-09
     2	4.87176285745e-09	1.1678035647e-09	6.03956642214e-09
     3	4.35547030995e-09	1.04227895727e-09	5.39774926723e-09
     4	7.70204584185e-09	1.85792704758e-09	9.55997288943e-09
     5	6.51708756954e-09	1.56489993775e-09	8.08198750729e-09
     6	5.75475080458e-09	1.37860175846e-09	7.13335256304e-09
     7	1.08996580152e-08	2.63390110052e-09	1.35335591157e-08
     8	9.15490530854e-09	2.20156410639e-09	1.13564694149e-08
     9	8.03595526912e-09	1.92766318986e-09	9.96361845897e-09

Measurement: t_ro83
  step	t_ro83	FROM	TO
     1	5.88163999755e-09	1.4149284628e-09	7.29656846035e-09
     2	5.02836733432e-09	1.20871506796e-09	6.23708240228e-09
     3	4.47177526749e-09	1.07379312569e-09	5.54556839318e-09
     4	8.07672783985e-09	1.94477279576e-09	1.00215006356e-08
     5	6.79080405879e-09	1.63366234328e-09	8.42446640207e-09
     6	5.96421809238e-09	1.4336270682e-09	7.39784516058e-09
     7	1.15314735582e-08	2.77792193243e-09	1.43093954906e-08
     8	9.62654959357e-09	2.31716416487e-09	1.19437137584e-08
     9	8.40490763851e-09	2.02200264724e-09	1.04269102857e-08

Measurement: t_ro84
  step	t_ro84	FROM	TO
     1	6.00245260267e-09	1.43774718376e-09	7.44019978642e-09
     2	5.10633242812e-09	1.22205093094e-09	6.32838335906e-09
     3	4.51362128035e-09	1.07941833482e-09	5.59303961517e-09
     4	8.3281898424e-09	1.99487860813e-09	1.03230684505e-08
     5	6.93479801137e-09	1.65918283431e-09	8.59398084568e-09
     6	6.05901248161e-09	1.44890602802e-09	7.50791850963e-09
     7	1.19763427288e-08	2.86766426177e-09	1.48440069905e-08
     8	9.88818598352e-09	2.36518932017e-09	1.22533753037e-08
     9	8.58104339615e-09	2.05151216958e-09	1.06325555657e-08

Measurement: t_ro85
  step	t_ro85	FROM	TO
     1	5.97661965946e-09	1.43746733502e-09	7.41408699448e-09
     2	5.10474051853e-09	1.22650902644e-09	6.33124954497e-09
     3	4.52619784319e-09	1.08596407893e-09	5.61216192212e-09
     4	8.24800310541e-09	1.98529335082e-09	1.02332964562e-08
     5	6.91890574325e-09	1.66338043429e-09	8.58228617754e-09
     6	6.06219871356e-09	1.45598805285e-09	7.51818676641e-09
     7	1.18309187784e-08	2.84868958567e-09	1.46796083641e-08
     8	9.8530062288e-09	2.36984338732e-09	1.22228496161e-08
     9	8.5810626331e-09	2.06222620736e-09	1.06432888405e-08

Measurement: t_ro86
  step	t_ro86	FROM	TO
     1	5.85611756475e-09	1.40805269074e-09	7.26417025549e-09
     2	4.99713632647e-09	1.20087619491e-09	6.19801252138e-09
     3	4.44899914741e-09	1.06826063785e-09	5.51725978526e-09
     4	8.07567936775e-09	1.94260658612e-09	1.00182859539e-08
     5	6.77270884775e-09	1.62832258438e-09	8.40103143213e-09
     6	5.94369124141e-09	1.42815881742e-09	7.37185005882e-09
     7	1.15529685723e-08	2.78018980751e-09	1.43331583798e-08
     8	9.61394940277e-09	2.31247039688e-09	1.19264197997e-08
     9	8.38417394415e-09	2.0156263853e-09	1.03998003294e-08

Measurement: t_ro87
  step	t_ro87	FROM	TO
     1	6.41408849984e-09	1.55753011668e-09	7.97161861651e-09
     2	5.35572971777e-09	1.29739595461e-09	6.65312567238e-09
     3	4.69303502925e-09	1.13518614212e-09	5.82822117137e-09
     4	9.13289212903e-09	2.22112446524e-09	1.13540165943e-08
     5	7.44724135541e-09	1.80720633639e-09	9.2544476918e-09
     6	6.41789418551e-09	1.55513269655e-09	7.97302688206e-09
     7	1.33566160586e-08	3.25132018453e-09	1.66079362431e-08
     8	1.07869015022e-08	2.62045456195e-09	1.34073560642e-08
     9	9.22370019048e-09	2.23766983999e-09	1.14613700305e-08

Measurement: t_ro88
  step	t_ro88	FROM	TO
     1	5.76580462479e-09	1.38494109369e-09	7.15074571848e-09
     2	4.95430715261e-09	1.18931557747e-09	6.14362273008e-09
     3	4.41820246834e-09	1.05935269458e-09	5.47755516292e-09
     4	7.9003177267e-09	1.90011640557e-09	9.80043413227e-09
     5	6.67382546897e-09	1.60257254997e-09	8.27639801895e-09
     6	5.87877455366e-09	1.41032562776e-09	7.28910018142e-09
     7	1.12542034106e-08	2.70769762129e-09	1.39619010318e-08
     8	9.43985218778e-09	2.26784418551e-09	1.17076963733e-08
     9	8.26692406853e-09	1.98408484528e-09	1.02510089138e-08

Measurement: t_ro89
  step	t_ro89	FROM	TO
     1	5.85187227368e-09	1.4017466478e-09	7.25361892148e-09
     2	4.99166229557e-09	1.19400859585e-09	6.18567089142e-09
     3	4.4447243972e-09	1.06235523701e-09	5.50707963422e-09
     4	8.05581311609e-09	1.92996124336e-09	9.98577435945e-09
     5	6.75657283912e-09	1.61653226204e-09	8.37310510116e-09
     6	5.92747240228e-09	1.41705000218e-09	7.34452240446e-09
     7	1.15264112557e-08	2.7609867949e-09	1.42873980506e-08
     8	9.59288885155e-09	2.29516531348e-09	1.1888054165e-08
     9	8.36416169989e-09	1.99969086582e-09	1.03638525657e-08

Measurement: t_ro90
  step	t_ro90	FROM	TO
     1	5.59998841954e-09	1.35174327941e-09	6.95173169895e-09
     2	4.84020060994e-09	1.16676543549e-09	6.00696604543e-09
     3	4.33579799817e-09	1.04393173926e-09	5.37972973743e-09
     4	7.59469703687e-09	1.83746268696e-09	9.43215972383e-09
     5	6.46337718142e-09	1.56056685667e-09	8.02394403809e-09
     6	5.72323873953e-09	1.38015693945e-09	7.10339567898e-09
     7	1.07399851551e-08	2.60130250678e-09	1.33412876618e-08
     8	9.07847400208e-09	2.1946501104e-09	1.12731241125e-08
     9	7.9942897893e-09	1.93044950499e-09	9.92473929429e-09

Measurement: t_ro91
  step	t_ro91	FROM	TO
     1	6.0381227038e-09	1.45343220435e-09	7.49155490815e-09
     2	5.11999610011e-09	1.23057304934e-09	6.35056914946e-09
     3	4.54705712002e-09	1.09286455295e-09	5.63992167297e-09
     4	8.34832925317e-09	2.01401381154e-09	1.03623430647e-08
     5	6.97041533179e-09	1.67791232321e-09	8.648327655e-09
     6	6.09383335743e-09	1.46583016083e-09	7.55966351826e-09
     7	1.19826780128e-08	2.89495008137e-09	1.48776280941e-08
     8	9.92867221302e-09	2.39215810341e-09	1.23208303164e-08
     9	8.62607376474e-09	2.07640405084e-09	1.07024778156e-08

Measurement: t_ro92
  step	t_ro92	FROM	TO
     1	6.14121861098e-09	1.46721217985e-09	7.60843079083e-09
     2	5.20077185464e-09	1.2412114101e-09	6.44198326474e-09
     3	4.60145104636e-09	1.09799820034e-09	5.6994492467e-09
     4	8.56359958942e-09	2.04473762042e-09	1.06083372098e-08
     5	7.12195039363e-09	1.69940705025e-09	8.82135744388e-09
     6	6.20641328661e-09	1.48052205591e-09	7.68693534252e-09
     7	1.23683247498e-08	2.95160361812e-09	1.53199283679e-08
     8	1.02061439541e-08	2.43430989561e-09	1.26404538497e-08
     9	8.83666447973e-09	2.10708052496e-09	1.09437450047e-08

Measurement: t_ro93
  step	t_ro93	FROM	TO
     1	6.05543289231e-09	1.45473245744e-09	7.51016534975e-09
     2	5.13163906242e-09	1.23189028881e-09	6.36352935123e-09
     3	4.54266795969e-09	1.08999642713e-09	5.63266438682e-09
     4	8.43695782015e-09	2.02756910102e-09	1.04645269212e-08
     5	7.01539982985e-09	1.68443096641e-09	8.69983079626e-09
     6	6.11962055668e-09	1.46868679871e-09	7.58830735539e-09
     7	1.21699243304e-08	2.92518308198e-09	1.50951074124e-08
     8	1.0034158182e-08	2.4097945239e-09	1.24439527059e-08
     9	8.694443228e-09	2.08707056967e-09	1.07815137977e-08

Measurement: t_ro94
  step	t_ro94	FROM	TO
     1	5.94316189132e-09	1.42911629358e-09	7.3722781849e-09
     2	5.06658530988e-09	1.21784653718e-09	6.28443184706e-09
     3	4.49738640058e-09	1.08158787915e-09	5.57897427973e-09
     4	8.21461204784e-09	1.97616959831e-09	1.01907816462e-08
     5	6.87550393026e-09	1.65370156634e-09	8.5292054966e-09
     6	6.02134160082e-09	1.44862967615e-09	7.46997127698e-09
     7	1.17844981863e-08	2.83567601099e-09	1.46201741973e-08
     8	9.78755938402e-09	2.35489235969e-09	1.21424517437e-08
     9	8.51943744116e-09	2.05032125052e-09	1.05697586917e-08

Measurement: t_ro95
  step	t_ro95	FROM	TO
     1	6.76200206276e-09	1.6236536257e-09	8.38565568847e-09
     2	5.60002513052e-09	1.34260643634e-09	6.94263156687e-09
     3	4.87049967098e-09	1.16639421578e-09	6.03689388676e-09
     4	9.75278929104e-09	2.34210039279e-09	1.20948896838e-08
     5	7.87997110188e-09	1.88944821147e-09	9.76941931335e-09
     6	6.7421480896e-09	1.61490888528e-09	8.35705697488e-09
     7	1.44126255793e-08	3.46053459301e-09	1.78731601723e-08
     8	1.15344867142e-08	2.76574951409e-09	1.43002362283e-08
     9	9.79190383173e-09	2.34548810048e-09	1.21373919322e-08

Measurement: t_ro96
  step	t_ro96	FROM	TO
     1	6.17939415658e-09	1.47885795922e-09	7.6582521158e-09
     2	5.229523852e-09	1.24984879884e-09	6.47937265083e-09
     3	4.6218996631e-09	1.10381258598e-09	5.72571224908e-09
     4	8.60119549563e-09	2.05806242226e-09	1.06592579179e-08
     5	7.15119116795e-09	1.7091059118e-09	8.86029707975e-09
     6	6.2305467531e-09	1.48778269331e-09	7.71832944641e-09
     7	1.24157782909e-08	2.96985276171e-09	1.53856310526e-08
     8	1.02434899563e-08	2.44782850948e-09	1.26913184658e-08
     9	8.86719522506e-09	2.11721677313e-09	1.09844119982e-08

Measurement: t_ro97
  step	t_ro97	FROM	TO
     1	6.13505669678e-09	1.46741396184e-09	7.60247065862e-09
     2	5.20623933845e-09	1.24316741432e-09	6.44940675277e-09
     3	4.60636789125e-09	1.09917666918e-09	5.70554456042e-09
     4	8.51007211854e-09	2.03518848967e-09	1.05452606082e-08
     5	7.09941483311e-09	1.69502346978e-09	8.7944383029e-09
     6	6.19553013645e-09	1.47809900187e-09	7.67362913833e-09
     7	1.22601186537e-08	2.93038609514e-09	1.51905047488e-08
     8	1.01524038982e-08	2.4231056141e-09	1.25755095123e-08
     9	8.8052427932e-09	2.10011101464e-09	1.09053538078e-08

Measurement: t_ro98
  step	t_ro98	FROM	TO
     1	6.02118687992e-09	1.44766257513e-09	7.46884945505e-09
     2	5.11999492265e-09	1.22875019238e-09	6.34874511503e-09
     3	4.55018267474e-09	1.08925539582e-09	5.63943807056e-09
     4	8.30572049018e-09	1.99828405426e-09	1.03040045444e-08
     5	6.95721341974e-09	1.67045935692e-09	8.62767277666e-09
     6	6.08937586234e-09	1.45964588916e-09	7.5490217515e-09
     7	1.19109839087e-08	2.8666222592e-09	1.47776061679e-08
     8	9.90559113563e-09	2.37958286361e-09	1.22851739992e-08
     9	8.61947110594e-09	2.06767283887e-09	1.06871439448e-08

Measurement: t_ro99
  step	t_ro99	FROM	TO
     1	5.73429491023e-09	1.36878292683e-09	7.10307783706e-09
     2	4.92932570003e-09	1.17581746903e-09	6.10514316906e-09
     3	4.40180528376e-09	1.04993525496e-09	5.45174053872e-09
     4	7.81704659531e-09	1.86461816786e-09	9.68166476317e-09
     5	6.61587345328e-09	1.5774991535e-09	8.19337260678e-09
     6	5.83583104827e-09	1.3913433029e-09	7.22717435116e-09
     7	1.11036346742e-08	2.64664578988e-09	1.37502804641e-08
     8	9.33190454115e-09	2.22376984702e-09	1.15556743882e-08
     9	8.18427719226e-09	1.94999675795e-09	1.01342739502e-08

Measurement: t_ro100
  step	t_ro100	FROM	TO
     1	6.00775302948e-09	1.43871626167e-09	7.44646929114e-09
     2	5.11331709049e-09	1.22209227261e-09	6.33540936309e-09
     3	4.53337984122e-09	1.08270938226e-09	5.61608922348e-09
     4	8.31575620764e-09	1.99138666335e-09	1.0307142871e-08
     5	6.94930300873e-09	1.66192641177e-09	8.61122942049e-09
     6	6.08008784021e-09	1.45285128896e-09	7.53293912917e-09
     7	1.19274086828e-08	2.85595088397e-09	1.47833595668e-08
     8	9.89189646253e-09	2.36592559618e-09	1.22578220587e-08
     9	8.60056081482e-09	2.05515281656e-09	1.06557136314e-08

Measurement: t_ro101
  step	t_ro101	FROM	TO
     1	5.97709127966e-09	1.43384975384e-09	7.4109410335e-09
     2	5.08764584871e-09	1.21975397995e-09	6.30739982866e-09
     3	4.50988903348e-09	1.0802962645e-09	5.59018529798e-09
     4	8.26053294406e-09	1.98197880077e-09	1.02425117448e-08
     5	6.90103900228e-09	1.65470565463e-09	8.55574465692e-09
     6	6.03690241477e-09	1.44666852319e-09	7.48357093796e-09
     7	1.18555088687e-08	2.84447128677e-09	1.46999801555e-08
     8	9.82608050851e-09	2.35613339233e-09	1.21822139008e-08
     9	8.54037866733e-09	2.04697900206e-09	1.05873576694e-08

Measurement: t_ro102
  step	t_ro102	FROM	TO
     1	6.27151638997e-09	1.51111022875e-09	7.78262661872e-09
     2	5.26523616386e-09	1.26656765305e-09	6.53180381691e-09
     3	4.6399975235e-09	1.11446768171e-09	5.75446520521e-09
     4	8.85294179737e-09	2.13530388734e-09	1.09882456847e-08
     5	7.27972212104e-09	1.75317079316e-09	9.03289291419e-09
     6	6.30569918148e-09	1.5160567844e-09	7.82175596587e-09
     7	1.28725379933e-08	3.10641312636e-09	1.59789511197e-08
     8	1.0492105329e-08	2.52844975957e-09	1.30205550885e-08
     9	9.02351953265e-09	2.17148063153e-09	1.11950001642e-08

Measurement: t_ro103
  step	t_ro103	FROM	TO
     1	6.051409892e-09	1.44758017978e-09	7.49899007178e-09
     2	5.13211595639e-09	1.22613869391e-09	6.3582546503e-09
     3	4.54902324719e-09	1.08630109841e-09	5.6353243456e-09
     4	8.40359158178e-09	2.01012502469e-09	1.04137166065e-08
     5	7.00632824695e-09	1.67418732421e-09	8.68051557116e-09
     6	6.11867257261e-09	1.46119038754e-09	7.57986296015e-09
     7	1.20965352624e-08	2.89275113906e-09	1.49892864015e-08
     8	1.00058771913e-08	2.39059718086e-09	1.23964743721e-08
     9	8.68237969408e-09	2.07312688257e-09	1.07555065766e-08

Measurement: t_ro104
  step	t_ro104	FROM	TO
     1	5.94736350704e-09	1.43142478102e-09	7.37878828806e-09
     2	5.06711088852e-09	1.216914079e-09	6.28402496751e-09
     3	4.49909298653e-09	1.07870321476e-09	5.57779620129e-09
     4	8.23640475806e-09	1.98570555524e-09	1.02221103133e-08
     5	6.88948372224e-09	1.65708850629e-09	8.54657222853e-09
     6	6.03336071425e-09	1.44864902409e-09	7.48200973835e-09
     7	1.18154584429e-08	2.85210480315e-09	1.46675632461e-08
     8	9.80846175853e-09	2.36197185511e-09	1.21704336136e-08
     9	8.53348453647e-09	2.0519175296e-09	1.05854020661e-08

Measurement: t_ro105
  step	t_ro105	FROM	TO
     1	6.14147274006e-09	1.47364312169e-09	7.61511586175e-09
     2	5.17746137019e-09	1.24157746506e-09	6.41903883526e-09
     3	4.57367913118e-09	1.09631296477e-09	5.66999209596e-09
     4	8.61835079421e-09	2.06837896238e-09	1.06867297566e-08
     5	7.12119963559e-09	1.70801721068e-09	8.82921684627e-09
     6	6.18892649328e-09	1.48379745138e-09	7.67272394466e-09
     7	1.2492066138e-08	2.99823303657e-09	1.54902991746e-08
     8	1.02330865719e-08	2.45445833912e-09	1.2687544911e-08
     9	8.83086906628e-09	2.11730008848e-09	1.09481691548e-08

Measurement: t_ro106
  step	t_ro106	FROM	TO
     1	5.98285980429e-09	1.42739958641e-09	7.4102593907e-09
     2	5.09901752358e-09	1.21533311995e-09	6.31435064354e-09
     3	4.51935143876e-09	1.07730319421e-09	5.59665463297e-09
     4	8.25021964548e-09	1.96780559168e-09	1.02180252372e-08
     5	6.90347206017e-09	1.64535475472e-09	8.54882681489e-09
     6	6.04386496504e-09	1.43995002802e-09	7.48381499306e-09
     7	1.18179796757e-08	2.81785505073e-09	1.46358347264e-08
     8	9.81339604128e-09	2.33812998862e-09	1.21515260299e-08
     9	8.53737818588e-09	2.03337406426e-09	1.05707522501e-08

Measurement: t_ro107
  step	t_ro107	FROM	TO
     1	5.92000032111e-09	1.42127876895e-09	7.34127909006e-09
     2	5.06044875248e-09	1.21296791591e-09	6.2734166684e-09
     3	4.49836322649e-09	1.07756472931e-09	5.57592795581e-09
     4	8.16343115823e-09	1.96043485873e-09	1.0123866017e-08
     5	6.85424719928e-09	1.64360516758e-09	8.49785236686e-09
     6	6.01321262639e-09	1.44077491321e-09	7.4539875396e-09
     7	1.16803684532e-08	2.80542727001e-09	1.44857957232e-08
     8	9.73555118243e-09	2.33481083741e-09	1.20703620198e-08
     9	8.48959598348e-09	2.03442643466e-09	1.05240224181e-08

Measurement: t_ro108
  step	t_ro108	FROM	TO
     1	5.92000015321e-09	1.42531493398e-09	7.3453150872e-09
     2	5.03901413648e-09	1.21284123943e-09	6.2518553759e-09
     3	4.47986486671e-09	1.07763606571e-09	5.55750093242e-09
     4	8.13057391727e-09	1.96111796851e-09	1.00916918858e-08
     5	6.81630968314e-09	1.64179212555e-09	8.4581018087e-09
     6	5.9769317499e-09	1.43886114556e-09	7.41579289546e-09
     7	1.16291134353e-08	2.8059112506e-09	1.44350246859e-08
     8	9.67468710828e-09	2.3311394226e-09	1.20058265309e-08
     9	8.43066439077e-09	2.03025945543e-09	1.04609238462e-08

Measurement: t_ro109
  step	t_ro109	FROM	TO
     1	6.22142434352e-09	1.49464542577e-09	7.71606976929e-09
     2	5.24695491724e-09	1.25899510727e-09	6.50595002451e-09
     3	4.62705531991e-09	1.1096648397e-09	5.73672015961e-09
     4	8.67977603771e-09	2.08635528785e-09	1.07661313256e-08
     5	7.18222073681e-09	1.72429226433e-09	8.90651300114e-09
     6	6.23963033935e-09	1.49655195117e-09	7.73618229052e-09
     7	1.25460924285e-08	3.01652229984e-09	1.55626147284e-08
     8	1.02983149383e-08	2.47323908253e-09	1.27715540209e-08
     9	8.89135349999e-09	2.13365377856e-09	1.10250072786e-08

Measurement: t_ro110
  step	t_ro110	FROM	TO
     1	6.21597214493e-09	1.51056977364e-09	7.72654191857e-09
     2	5.24085993719e-09	1.26825376602e-09	6.50911370321e-09
     3	4.62283792273e-09	1.11572231216e-09	5.73856023489e-09
     4	8.69431834684e-09	2.11539561603e-09	1.08097139629e-08
     5	7.19053089581e-09	1.74289697413e-09	8.93342786994e-09
     6	6.24833131748e-09	1.51058275962e-09	7.7589140771e-09
     7	1.25823222634e-08	3.0619717445e-09	1.56442940079e-08
     8	1.03170436453e-08	2.50244738537e-09	1.28194910306e-08
     9	8.90403943774e-09	2.15473004217e-09	1.10587694799e-08

Measurement: t_ro111
  step	t_ro111	FROM	TO
     1	5.67335316738e-09	1.35768584222e-09	7.0310390096e-09
     2	4.8837376824e-09	1.16775033659e-09	6.05148801899e-09
     3	4.36723591103e-09	1.04392253878e-09	5.41115844981e-09
     4	7.74490090022e-09	1.8534896785e-09	9.59839057872e-09
     5	6.56117877942e-09	1.56876426919e-09	8.1299430486e-09
     6	5.7927956535e-09	1.38441173989e-09	7.17720739339e-09
     7	1.10004412021e-08	2.63185742761e-09	1.36322986297e-08
     8	9.25486219078e-09	2.21220370393e-09	1.14670658947e-08
     9	8.12302997891e-09	1.94075798272e-09	1.00637879616e-08

Measurement: t_ro112
  step	t_ro112	FROM	TO
     1	6.14085015064e-09	1.47515068821e-09	7.61600083885e-09
     2	5.17796002693e-09	1.24261239246e-09	6.42057241938e-09
     3	4.57601665796e-09	1.09749780956e-09	5.67351446752e-09
     4	8.60910176349e-09	2.06870915481e-09	1.06778109183e-08
     5	7.11756711771e-09	1.70855616282e-09	8.82612328053e-09
     6	6.18848810473e-09	1.48482149166e-09	7.67330959638e-09
     7	1.245396085e-08	2.99254244164e-09	1.54465032916e-08
     8	1.02073182531e-08	2.45046207985e-09	1.26577803329e-08
     9	8.81228862577e-09	2.11455468896e-09	1.09268433147e-08

Measurement: t_ro113
  step	t_ro113	FROM	TO
     1	6.08000111839e-09	1.46391692605e-09	7.54391804444e-09
     2	5.13682046462e-09	1.23508053765e-09	6.37190100227e-09
     3	4.56093990348e-09	1.09577735354e-09	5.65671725702e-09
     4	8.40358773556e-09	2.02486327374e-09	1.04284510093e-08
     5	7.00869640956e-09	1.68684892117e-09	8.69554533073e-09
     6	6.12306074351e-09	1.4722465422e-09	7.5953072857e-09
     7	1.20698105505e-08	2.91095960399e-09	1.49807701545e-08
     8	9.99138038066e-09	2.40666678892e-09	1.23980471696e-08
     9	8.6770130305e-09	2.0884363736e-09	1.07654494041e-08

Measurement: t_ro114
  step	t_ro114	FROM	TO
     1	6.04974300644e-09	1.45738366528e-09	7.50712667172e-09
     2	5.12837548162e-09	1.23356495967e-09	6.36194044128e-09
     3	4.5525939086e-09	1.09326879483e-09	5.64586270344e-09
     4	8.39945114687e-09	2.02636222112e-09	1.0425813368e-08
     5	7.0123581887e-09	1.6883913416e-09	8.7007495303e-09
     6	6.12625476732e-09	1.47301238181e-09	7.59926714913e-09
     7	1.20966610695e-08	2.92074076868e-09	1.50174018382e-08
     8	1.00212759186e-08	2.41518905366e-09	1.24364649723e-08
     9	8.69931799782e-09	2.09389230424e-09	1.07932103021e-08

Measurement: t_ro115
  step	t_ro115	FROM	TO
     1	6.35402625449e-09	1.52705852145e-09	7.88108477594e-09
     2	5.31862998891e-09	1.2754996295e-09	6.59412961841e-09
     3	4.68357274599e-09	1.12198403198e-09	5.80555677798e-09
     4	8.96248536761e-09	2.15545090925e-09	1.11179362769e-08
     5	7.36611573791e-09	1.76827084743e-09	9.13438658534e-09
     6	6.37492736862e-09	1.52788358944e-09	7.90281095805e-09
     7	1.30487901691e-08	3.1379576041e-09	1.61867477732e-08
     8	1.06312314641e-08	2.55232602578e-09	1.31835574898e-08
     9	9.1341957005e-09	2.18969774441e-09	1.13238934449e-08

Measurement: t_ro116
  step	t_ro116	FROM	TO
     1	5.45281011947e-09	1.31277634465e-09	6.76558646412e-09
     2	4.73740466341e-09	1.13937866274e-09	5.87678332616e-09
     3	4.26021722217e-09	1.02341561123e-09	5.2836328334e-09
     4	7.34489907016e-09	1.77044014042e-09	9.11533921057e-09
     5	6.28740961947e-09	1.51365070455e-09	7.80106032401e-09
     6	5.59116243265e-09	1.34458216595e-09	6.9357445986e-09
     7	1.03293828972e-08	2.49115644645e-09	1.28205393437e-08
     8	8.78532125632e-09	2.11647510998e-09	1.09017963663e-08
     9	7.76995846209e-09	1.87023194762e-09	9.64019040971e-09

Measurement: t_ro117
  step	t_ro117	FROM	TO
     1	6.11099713185e-09	1.47610904432e-09	7.58710617618e-09
     2	5.18532560444e-09	1.24913502509e-09	6.43446062953e-09
     3	4.5865928819e-09	1.10285793346e-09	5.68945081535e-09
     4	8.50427497727e-09	2.05844868912e-09	1.05627236664e-08
     5	7.08458998049e-09	1.70953446211e-09	8.7941244426e-09
     6	6.1814743924e-09	1.48895036676e-09	7.67042475916e-09
     7	1.22602413643e-08	2.97060368172e-09	1.5230845046e-08
     8	1.01349486974e-08	2.448333113e-09	1.25832818104e-08
     9	8.78666395786e-09	2.11899307158e-09	1.09056570294e-08

Measurement: t_ro118
  step	t_ro118	FROM	TO
     1	6.15511201969e-09	1.48213043161e-09	7.6372424513e-09
     2	5.20362951887e-09	1.25060343446e-09	6.45423295333e-09
     3	4.59778605162e-09	1.10387940964e-09	5.70166546126e-09
     4	8.60884237372e-09	2.07405444228e-09	1.0682896816e-08
     5	7.14174199807e-09	1.7174869287e-09	8.85922892678e-09
     6	6.2164744076e-09	1.49339097425e-09	7.70986538185e-09
     7	1.24458731469e-08	2.99878508156e-09	1.54446582284e-08
     8	1.02403497284e-08	2.46342013654e-09	1.2703769865e-08
     9	8.85416747655e-09	2.12775293009e-09	1.09819204066e-08

Measurement: t_ro119
  step	t_ro119	FROM	TO
     1	5.85772748398e-09	1.40257127067e-09	7.26029875466e-09
     2	5.0070688694e-09	1.19663861077e-09	6.20370748017e-09
     3	4.45821273915e-09	1.06436448841e-09	5.52257722756e-09
     4	8.04665581571e-09	1.92731867349e-09	9.97397448921e-09
     5	6.76289130763e-09	1.61708465516e-09	8.37997596279e-09
     6	5.93983909406e-09	1.41845797519e-09	7.35829706924e-09
     7	1.14932400226e-08	2.75254144721e-09	1.42457814699e-08
     8	9.58499964174e-09	2.29210459063e-09	1.18771042324e-08
     9	8.36574520857e-09	1.99830609397e-09	1.03640513025e-08

Measurement: t_ro120
  step	t_ro120	FROM	TO
     1	5.62456821804e-09	1.34708987328e-09	6.97165809132e-09
     2	4.85099509387e-09	1.16097777115e-09	6.01197286502e-09
     3	4.34487735894e-09	1.03981683931e-09	5.38469419826e-09
     4	7.64797984283e-09	1.83156154062e-09	9.47954138346e-09
     5	6.49640358062e-09	1.55445946915e-09	8.05086304977e-09
     6	5.7472757172e-09	1.37491792051e-09	7.12219363771e-09
     7	1.08310650047e-08	2.59330510878e-09	1.34243701135e-08
     8	9.1379711992e-09	2.18600711953e-09	1.13239783187e-08
     9	8.03864910699e-09	1.92239063369e-09	9.96103974068e-09

Measurement: t_ro121
  step	t_ro121	FROM	TO
     1	6.11652159449e-09	1.45861939714e-09	7.57514099163e-09
     2	5.18199238947e-09	1.23412026189e-09	6.41611265136e-09
     3	4.58575953414e-09	1.09193799258e-09	5.67769752671e-09
     4	8.48238459138e-09	2.0220409102e-09	1.05044255016e-08
     5	7.05932848919e-09	1.68104140774e-09	8.74036989693e-09
     6	6.15620644719e-09	1.46531342443e-09	7.62151987163e-09
     7	1.2212195739e-08	2.91034976627e-09	1.51225455053e-08
     8	1.00800150317e-08	2.39965972628e-09	1.2479674758e-08
     9	8.73300796574e-09	2.07790661695e-09	1.08109145827e-08

Measurement: t_ro122
  step	t_ro122	FROM	TO
     1	6.08763298512e-09	1.45990532522e-09	7.54753831035e-09
     2	5.16684086806e-09	1.23702747444e-09	6.4038683425e-09
     3	4.57005239655e-09	1.09344585711e-09	5.66349825366e-09
     4	8.49351114809e-09	2.03758660355e-09	1.05310977516e-08
     5	7.06728360196e-09	1.69239495692e-09	8.75967855888e-09
     6	6.16277621479e-09	1.47451012562e-09	7.63728634041e-09
     7	1.22549439216e-08	2.93876202612e-09	1.51937059477e-08
     8	1.01160384961e-08	2.42208188757e-09	1.25381203837e-08
     9	8.76374798521e-09	2.09647106019e-09	1.08602190454e-08

Measurement: t_ro123
  step	t_ro123	FROM	TO
     1	6.08195538311e-09	1.46142782391e-09	7.54338320702e-09
     2	5.15756267159e-09	1.23819010162e-09	6.39575277321e-09
     3	4.56830428617e-09	1.09682649091e-09	5.66513077707e-09
     4	8.47198198442e-09	2.03655413767e-09	1.05085361221e-08
     5	7.05368678239e-09	1.69436580148e-09	8.74805258387e-09
     6	6.15429128672e-09	1.47785577643e-09	7.63214706315e-09
     7	1.22141415445e-08	2.93627649619e-09	1.51504180407e-08
     8	1.00908164022e-08	2.4241311696e-09	1.25149475718e-08
     9	8.74687540306e-09	2.10069214178e-09	1.08475675448e-08

Measurement: t_ro124
  step	t_ro124	FROM	TO
     1	6.4000044124e-09	1.53487598536e-09	7.93488039776e-09
     2	5.3462160402e-09	1.2798934685e-09	6.6261095087e-09
     3	4.69197847921e-09	1.12255098509e-09	5.8145294643e-09
     4	9.09079002441e-09	2.1791021888e-09	1.12698922132e-08
     5	7.43424530652e-09	1.7797107894e-09	9.21395609591e-09
     6	6.41480909248e-09	1.53442953786e-09	7.94923863034e-09
     7	1.32825854495e-08	3.18303127889e-09	1.64656167284e-08
     8	1.07636297563e-08	2.5763117822e-09	1.33399415385e-08
     9	9.21931818428e-09	2.20515343411e-09	1.14244716184e-08

Measurement: t_ro125
  step	t_ro125	FROM	TO
     1	6.56000026173e-09	1.5727088553e-09	8.13270911703e-09
     2	5.47159408871e-09	1.30986090157e-09	6.78145499028e-09
     3	4.78926276614e-09	1.14551216952e-09	5.93477493566e-09
     4	9.2705034526e-09	2.22281188953e-09	1.14933153421e-08
     5	7.57162298616e-09	1.81280482973e-09	9.38442781589e-09
     6	6.52335444328e-09	1.56032356405e-09	8.08367800733e-09
     7	1.3523099563e-08	3.24197709025e-09	1.67650766532e-08
     8	1.09517995839e-08	2.62184710484e-09	1.35736466887e-08
     9	9.3695432072e-09	2.24089146943e-09	1.16104346766e-08

Measurement: t_ro126
  step	t_ro126	FROM	TO
     1	5.7254075464e-09	1.37253193293e-09	7.09793947933e-09
     2	4.92816523835e-09	1.17914831581e-09	6.10731355416e-09
     3	4.40007687538e-09	1.0520724581e-09	5.45214933348e-09
     4	7.79653246564e-09	1.87009235974e-09	9.66662482538e-09
     5	6.60854433852e-09	1.58195164816e-09	8.19049598668e-09
     6	5.83235316625e-09	1.39444230829e-09	7.22679547453e-09
     7	1.10713244075e-08	2.65579412567e-09	1.37271185331e-08
     8	9.32177669175e-09	2.23180494781e-09	1.15535816396e-08
     9	8.180944444e-09	1.95625787449e-09	1.01372023185e-08

Measurement: t_ro127
  step	t_ro127	FROM	TO
     1	6.08001857512e-09	1.46067393853e-09	7.54069251365e-09
     2	5.14247683705e-09	1.23099122935e-09	6.37346806641e-09
     3	4.55393526394e-09	1.08918620912e-09	5.64312147306e-09
     4	8.47910292099e-09	2.03620504744e-09	1.05153079684e-08
     5	7.0320650597e-09	1.68493482995e-09	8.71699988964e-09
     6	6.12801166038e-09	1.46604334853e-09	7.59405500891e-09
     7	1.22250178954e-08	2.93615384936e-09	1.51611717447e-08
     8	1.00495367387e-08	2.40832974614e-09	1.24578664849e-08
     9	8.69854087947e-09	2.08147461975e-09	1.07800154992e-08

Measurement: freq_ro0
  step	{80/t_ro0}
     1	13294267151
     2	15625014012
     3	17611174848.8
     4	9611059777.44
     5	11487537484.8
     6	13130514386.7
     7	6690658011.91
     8	8059568079.53
     9	9269640457.9

Measurement: freq_ro1
  step	{80/t_ro1}
     1	13720526696.7
     2	16026321133.7
     3	17963985793.9
     4	10014116093.4
     5	11871443650.5
     6	13491968265.9
     7	7027830701.18
     8	8389073690.61
     9	9589742350.07

Measurement: freq_ro2
  step	{80/t_ro2}
     1	13942808198.4
     2	16210374292.4
     3	18164232832.6
     4	10224703487.4
     5	12076087001.8
     6	13689678745.1
     7	7192116778.72
     8	8552603552.31
     9	9750749140.1

Measurement: freq_ro3
  step	{80/t_ro3}
     1	12804690128
     2	15151515189.8
     3	17241324326.9
     4	9120380656.39
     5	11037435714
     6	12713789288.6
     7	6290663208.04
     8	7675986115.9
     9	8902549963.48

Measurement: freq_ro4
  step	{80/t_ro4}
     1	13513511838.3
     2	15858733085.8
     3	17857097004.9
     4	9803664758.06
     5	11700218249.1
     6	13350007648.4
     7	6845695693.84
     8	8235965976.15
     9	9456398227.98

Measurement: freq_ro5
  step	{80/t_ro5}
     1	13531431507.2
     2	15872978733.7
     3	17857437440
     4	9776652602.45
     5	11665419721
     6	13308964747.9
     7	6816806838.11
     8	8197137007.54
     9	9411990477.82

Measurement: freq_ro6
  step	{80/t_ro6}
     1	13320036834.3
     2	15653317893.7
     3	17672030613.2
     4	9624212956.07
     5	11525776731.7
     6	13177918342.8
     7	6703217943.51
     8	8088746953.35
     9	9309422214.65

Measurement: freq_ro7
  step	{80/t_ro7}
     1	12785234358.6
     2	15151514940.5
     3	17194396396.5
     4	9118321135.74
     5	11017550315.1
     6	12682845609.3
     7	6289637328.97
     8	7661961578.65
     9	8879837466.03

Measurement: freq_ro8
  step	{80/t_ro8}
     1	13927175073.6
     2	16229227489.3
     3	18178371283.7
     4	10168990341.5
     5	12037989423.7
     6	13662710179.8
     7	7134333986.8
     8	8507497481.57
     9	9713878791.48

Measurement: freq_ro9
  step	{80/t_ro9}
     1	13998210065.3
     2	16311602712.7
     3	18279940794.4
     4	10216085582.6
     5	12117941725.8
     6	13756669851.2
     7	7179658109.28
     8	8582870433.64
     9	9804162541.17

Measurement: freq_ro10
  step	{80/t_ro10}
     1	13574392413.2
     2	15857411594.1
     3	17857087950
     4	9894805430.14
     5	11752918168.2
     6	13381222043.7
     7	6926008667.31
     8	8284623758.61
     9	9487459972.29

Measurement: freq_ro11
  step	{80/t_ro11}
     1	13285453641.9
     2	15624831871.4
     3	17593130471.1
     4	9628784931.62
     5	11497582934.9
     6	13135331452.1
     7	6712356282.6
     8	8073155123.48
     9	9278920144.54

Measurement: freq_ro12
  step	{80/t_ro12}
     1	13473648909.5
     2	15817040696.9
     3	17834068017.4
     4	9715808801.61
     5	11619473168.1
     6	13274643920.1
     7	6762819252.39
     8	8151978588.14
     9	9374747651.24

Measurement: freq_ro13
  step	{80/t_ro13}
     1	13819362358.9
     2	16129034446.3
     3	18094229961.6
     4	10069694672.7
     5	11946819791.4
     6	13581058481.6
     7	7054591808.75
     8	8431206717.85
     9	9642709739.43

Measurement: freq_ro14
  step	{80/t_ro14}
     1	13785055115.8
     2	16078594352.4
     3	18046509796.4
     4	10053341513.4
     5	11927528865.8
     6	13556755538.4
     7	7056191320.06
     8	8433194770.08
     9	9641825145

Measurement: freq_ro15
  step	{80/t_ro15}
     1	13680307318.6
     2	16073504866.4
     3	18065747597.9
     4	9877953267.45
     5	11819357411.9
     6	13489964541.1
     7	6898460991.48
     8	8321399246.2
     9	9557544303.27

Measurement: freq_ro16
  step	{80/t_ro16}
     1	13089209099.4
     2	15447984072.5
     3	17448033832.8
     4	9405437027.37
     5	11296184450
     6	12948825150
     7	6523498671.14
     8	7896184634.84
     9	9109916806.12

Measurement: freq_ro17
  step	{80/t_ro17}
     1	12999435007.8
     2	15367664712
     3	17383174994
     4	9331592112.48
     5	11231610824.4
     6	12893714203.9
     7	6462622839.3
     8	7839994652.3
     9	9058616990.8

Measurement: freq_ro18
  step	{80/t_ro18}
     1	14072690177.8
     2	16348170897.2
     3	18295876021.1
     4	10301630010.6
     5	12164171627.5
     6	13782133100.5
     7	7247566780.52
     8	8619203227.96
     9	9823479387.02

Measurement: freq_ro19
  step	{80/t_ro19}
     1	12898204159
     2	15251638580.7
     3	17241403868
     4	9229260912.72
     5	11118988129
     6	12776721350.3
     7	6380706975.37
     8	7748278425.39
     9	8961201962.47

Measurement: freq_ro20
  step	{80/t_ro20}
     1	13320183794
     2	15625009563.1
     3	17665522143.2
     4	9635285292.28
     5	11538123603
     6	13191424930.6
     7	6714364063.86
     8	8102169093.5
     9	9322696070.4

Measurement: freq_ro21
  step	{80/t_ro21}
     1	12499993716.1
     2	14907892470.7
     3	16969977301.7
     4	8860281245.17
     5	10767481074.8
     6	12443286799.1
     7	6078596626.06
     8	7448580351.31
     9	8667200095.83

Measurement: freq_ro22
  step	{80/t_ro22}
     1	12661064594.2
     2	15077079273.3
     3	17142331723.5
     4	8991284161.86
     5	10933922537.5
     6	12625397878.6
     7	6185667744.27
     8	7589422360.06
     9	8826276942.22

Measurement: freq_ro23
  step	{80/t_ro23}
     1	13194657461
     2	15542615945.9
     3	17544263112.3
     4	9507278719.71
     5	11398597452
     6	13051761294.8
     7	6605272819.83
     8	7982485538.74
     9	9198537036.86

Measurement: freq_ro24
  step	{80/t_ro24}
     1	13547657297.3
     2	15926598888.6
     3	17925686505.3
     4	9770598794.72
     5	11700255970.2
     6	13364198897.1
     7	6801570003.34
     8	8212482519.25
     9	9442708611.12

Measurement: freq_ro25
  step	{80/t_ro25}
     1	13429453704.9
     2	15752064365.2
     3	17744848421.4
     4	9708888725.46
     5	11593422269.7
     6	13237788979.4
     7	6764807750.94
     8	8138800278.08
     9	9351397635.03

Measurement: freq_ro26
  step	{80/t_ro26}
     1	12986987458.4
     2	15376732751.5
     3	17397295652.8
     4	9297987148.5
     5	11219072970.8
     6	12891445985.1
     7	6438348554.47
     8	7832184570.01
     9	9060286126.95

Measurement: freq_ro27
  step	{80/t_ro27}
     1	13823034535.6
     2	16129032017.6
     3	18062333142.6
     4	10090755815.4
     5	11952545747.9
     6	13572993775.7
     7	7083902599.26
     8	8450969846.65
     9	9652637682.72

Measurement: freq_ro28
  step	{80/t_ro28}
     1	12820511817.8
     2	15151516292.5
     3	17241375054.7
     4	9100167671.51
     5	11022409180.1
     6	12699753764.5
     7	6266954996.2
     8	7655194931.11
     9	8881508463.2

Measurement: freq_ro29
  step	{80/t_ro29}
     1	12346365967
     2	14764082526.7
     3	16831788565.3
     4	8766448599.74
     5	10696062543.6
     6	12386714151.6
     7	6023400928.32
     8	7412987395.64
     9	8645216028.81

Measurement: freq_ro30
  step	{80/t_ro30}
     1	12658343705.3
     2	15038518107.4
     3	17081496124.2
     4	8998000495.29
     5	10899252576.4
     6	12568280039.5
     7	6194775786.1
     8	7564707551.18
     9	8781692812.25

Measurement: freq_ro31
  step	{80/t_ro31}
     1	13269913925.6
     2	15642654678.7
     3	17672573611.4
     4	9528051047.79
     5	11446120186
     6	13113856547.4
     7	6605749341.44
     8	8001588204.38
     9	9229210417.8

Measurement: freq_ro32
  step	{80/t_ro32}
     1	13801049417.9
     2	16129035074.6
     3	18078891866.6
     4	10047013921.9
     5	11937986898.5
     6	13574382372.2
     7	7044915774.38
     8	8436811767.02
     9	9653541225.14

Measurement: freq_ro33
  step	{80/t_ro33}
     1	13513557283.8
     2	15825174037
     3	17787849849.1
     4	9843189614.58
     5	11702916797
     6	13331458669.3
     7	6883932364.42
     8	8241890451.01
     9	9443540731.9

Measurement: freq_ro34
  step	{80/t_ro34}
     1	12843930026.9
     2	15225113670
     3	17241382092.5
     4	9183556128.16
     5	11086933496.2
     6	12751542322.5
     7	6343606769.2
     8	7721219611.63
     9	8940493068.11

Measurement: freq_ro35
  step	{80/t_ro35}
     1	13180463865.2
     2	15523220581.1
     3	17533512241
     4	9513387558.02
     5	11406685317.2
     6	13061821015.7
     7	6617573112.25
     8	7995884324.42
     9	9213898173.3

Measurement: freq_ro36
  step	{80/t_ro36}
     1	13513513424
     2	15881020070.8
     3	17857132207.2
     4	9804035002.71
     5	11706482826.2
     6	13351553400.1
     7	6842453345.19
     8	8231054416.91
     9	9445986364.38

Measurement: freq_ro37
  step	{80/t_ro37}
     1	12590424288.9
     2	14963470279.6
     3	17008115366.4
     4	8959347401.29
     5	10851209684.6
     6	12514963766.2
     7	6167172977.93
     8	7529128033.25
     9	8741968383.89

Measurement: freq_ro38
  step	{80/t_ro38}
     1	12820512875.8
     2	15217563110.1
     3	17241376516.8
     4	9123692121.74
     5	11057341561.3
     6	12741691740.5
     7	6287636126.29
     8	7685332529.43
     9	8918293844.96

Measurement: freq_ro39
  step	{80/t_ro39}
     1	13249105175.8
     2	15624973514.4
     3	17643179082.6
     4	9527840664.16
     5	11442490219.7
     6	13108252685.6
     7	6614194401.37
     8	8008701332.99
     9	9235235133.67

Measurement: freq_ro40
  step	{80/t_ro40}
     1	12597722193.3
     2	14971725744.5
     3	17017527583
     4	8965576700.8
     5	10855583577.3
     6	12519593861.4
     7	6167527740.03
     8	7526073528.63
     9	8737775251.78

Measurement: freq_ro41
  step	{80/t_ro41}
     1	14109617533.8
     2	16388030312
     3	18333412712.8
     4	10349476095.6
     5	12213526332.1
     6	13833288122.7
     7	7294694366.69
     8	8670055111.56
     9	9875961992.94

Measurement: freq_ro42
  step	{80/t_ro42}
     1	13020393071.4
     2	15366963642.7
     3	17383794802.3
     4	9382188937.03
     5	11282536030.1
     6	12941804838.1
     7	6518291490.49
     8	7901058867.71
     9	9121564258.97

Measurement: freq_ro43
  step	{80/t_ro43}
     1	12120536084.2
     2	14539062744.9
     3	16666658586.8
     4	8546095889.79
     5	10472312131.6
     6	12163316246.9
     7	5845335680.95
     8	7226805239.3
     9	8454369152.31

Measurement: freq_ro44
  step	{80/t_ro44}
     1	13319486860.8
     2	15673640513.2
     3	17689536719.2
     4	9584693115.42
     5	11488481139
     6	13147650106.7
     7	6663914803.67
     8	8050586109.06
     9	9270953933.4

Measurement: freq_ro45
  step	{80/t_ro45}
     1	13157903706
     2	15483160852.2
     3	17486490801.6
     4	9472572023.96
     5	11352743999.7
     6	12999438032.3
     7	6578359096.92
     8	7943811768.39
     9	9153467565.18

Measurement: freq_ro46
  step	{80/t_ro46}
     1	13865176111.8
     2	16152616778.5
     3	18165140378
     4	10080711932
     5	11984246413.6
     6	13628130222.4
     7	7062282362.82
     8	8462215132.34
     9	9684668098.02

Measurement: freq_ro47
  step	{80/t_ro47}
     1	12247905215.5
     2	14705887308.6
     3	16815518372
     4	8628949600.48
     5	10600461897.7
     6	12311137361.4
     7	5907868962.96
     8	7321775946.39
     9	8565315644.77

Measurement: freq_ro48
  step	{80/t_ro48}
     1	13461428521.1
     2	15776176522.4
     3	17754720608.8
     4	9799465040.2
     5	11680637337.2
     6	13320887402.7
     7	6858896344.32
     8	8233842451.66
     9	9445288096.7

Measurement: freq_ro49
  step	{80/t_ro49}
     1	13219818799.7
     2	15564723618.4
     3	17544278460.8
     4	9564133994.02
     5	11443051258.3
     6	13085883670.8
     7	6657794816.26
     8	8026756698.5
     9	9236231970.92

Measurement: freq_ro50
  step	{80/t_ro50}
     1	13157893537.3
     2	15559586277.8
     3	17589986970.9
     4	9405915062.65
     5	11336409944.1
     6	13012112996.2
     7	6509181636.64
     8	7910682902.84
     9	9142959585.14

Measurement: freq_ro51
  step	{80/t_ro51}
     1	13324189270.5
     2	15647894628.2
     3	17653642546.1
     4	9615525793.14
     5	11503927028.2
     6	13150707894
     7	6698149594.62
     8	8072009239.15
     9	9284751684.4

Measurement: freq_ro52
  step	{80/t_ro52}
     1	14208833468.1
     2	16467873078.6
     3	18408083802.4
     4	10429719153.5
     5	12288241257.3
     6	13901458660.7
     7	7351938342.09
     8	8721990059.39
     9	9924029467.2

Measurement: freq_ro53
  step	{80/t_ro53}
     1	14044288835.8
     2	16334262220.3
     3	18271909364.3
     4	10289659649.5
     5	12156986435.4
     6	13775906164.9
     7	7242461832.14
     8	8616542652.37
     9	9820717890.08

Measurement: freq_ro54
  step	{80/t_ro54}
     1	12595062574.4
     2	15079098704.4
     3	17143791793.3
     4	8907647442.47
     5	10877946150.1
     6	12585862657.8
     7	6113507600
     8	7535039963.12
     9	8782065742.73

Measurement: freq_ro55
  step	{80/t_ro55}
     1	13228919061.2
     2	15599184876.2
     3	17611738856.6
     4	9507655185.17
     5	11412745882.7
     6	13074340320.9
     7	6594381648.84
     8	7979692126.28
     9	9201141880.87

Measurement: freq_ro56
  step	{80/t_ro56}
     1	13434101023.2
     2	15742434103.1
     3	17750036061.9
     4	9710932092.53
     5	11593892149.9
     6	13235500829.4
     7	6768652085.91
     8	8143297238.93
     9	9355071092.23

Measurement: freq_ro57
  step	{80/t_ro57}
     1	13606629614.4
     2	15932232966.7
     3	17883178787.2
     4	9896468970.18
     5	11783692066.7
     6	13424259185.5
     7	6922304133.53
     8	8303506439.38
     9	9517402876.32

Measurement: freq_ro58
  step	{80/t_ro58}
     1	13123960240.3
     2	15503577064.8
     3	17513953220
     4	9485702215.7
     5	11408176633.9
     6	13078053738.5
     7	6608722546.66
     8	8011308976.52
     9	9241939798.96

Measurement: freq_ro59
  step	{80/t_ro59}
     1	13187112275.4
     2	15542447685.3
     3	17562661003.5
     4	9530756436.99
     5	11432519250.6
     6	13092697492.1
     7	6629992003.7
     8	8014411464.83
     9	9235622301.72

Measurement: freq_ro60
  step	{80/t_ro60}
     1	13951620783.5
     2	16242138229.7
     3	18185187336.7
     4	10195969983.1
     5	12064378456.2
     6	13685426207.3
     7	7168367870.75
     8	8543305086.3
     9	9748707381.66

Measurement: freq_ro61
  step	{80/t_ro61}
     1	13564211814.7
     2	15926877833.3
     3	17880458747.4
     4	9839340935.56
     5	11738788697.6
     6	13384107658
     7	6874496869.86
     8	8264057513.42
     9	9481428920.7

Measurement: freq_ro62
  step	{80/t_ro62}
     1	13239171258.9
     2	15576238268
     3	17574631659.4
     4	9593803071.62
     5	11481440588.3
     6	13129974548.4
     7	6691232754.05
     8	8067466574.81
     9	9282509255.26

Measurement: freq_ro63
  step	{80/t_ro63}
     1	14064939096.9
     2	16331606479.7
     3	18270397631.7
     4	10352484235.9
     5	12209701950.3
     6	13825802846.8
     7	7306352721.52
     8	8677214773.47
     9	9880008828.04

Measurement: freq_ro64
  step	{80/t_ro64}
     1	13513513728.3
     2	15817229192.4
     3	17819934786.3
     4	9751595937.78
     5	11628512987.2
     6	13272338680.6
     7	6795080477.04
     8	8166489857.06
     9	9377128547.45

Measurement: freq_ro65
  step	{80/t_ro65}
     1	12949721879.5
     2	15298723563.9
     3	17303575693
     4	9290337897.16
     5	11173495707.1
     6	12825557319.3
     7	6428199387.7
     8	7790484034.24
     9	9001261936.59

Measurement: freq_ro66
  step	{80/t_ro66}
     1	13333508132
     2	15667810686.6
     3	17677037241.2
     4	9623906001.79
     5	11516656881.9
     6	13158092006.3
     7	6698247581.9
     8	8077705203.44
     9	9293793367.72

Measurement: freq_ro67
  step	{80/t_ro67}
     1	12447858629.4
     2	14909235479.1
     3	16999403243.8
     4	8771958847.07
     5	10742785390
     6	12449578753.5
     7	6013509462.81
     8	7432421335.89
     9	8678290243.08

Measurement: freq_ro68
  step	{80/t_ro68}
     1	13157887367
     2	15563332117.6
     3	17568448073.7
     4	9487157002.79
     5	11406571040.1
     6	13073917353
     7	6593831768.68
     8	7992587041.03
     9	9221247304.04

Measurement: freq_ro69
  step	{80/t_ro69}
     1	13749692218.7
     2	16070343089.1
     3	18022399535.6
     4	10023105773.1
     5	11904760194.8
     6	13544972301.8
     7	7031840534.35
     8	8419138741.73
     9	9633870246.65

Measurement: freq_ro70
  step	{80/t_ro70}
     1	13277653112.8
     2	15624842230.1
     3	17605821668.7
     4	9615640670.57
     5	11495442117.4
     6	13141809839
     7	6699508647.06
     8	8067471299.94
     9	9279071642.73

Measurement: freq_ro71
  step	{80/t_ro71}
     1	12551380691.9
     2	14939653009.6
     3	16988264264.7
     4	8914581113.72
     5	10812930897.1
     6	12484424950.5
     7	6124564311.78
     8	7489756539.92
     9	8706163300.73

Measurement: freq_ro72
  step	{80/t_ro72}
     1	13879029642
     2	16129031871.3
     3	18109113533.8
     4	10165486948.2
     5	12028839711.2
     6	13651660947.9
     7	7151551326.79
     8	8520970694.5
     9	9726370838.61

Measurement: freq_ro73
  step	{80/t_ro73}
     1	13513513982.7
     2	15828198420.4
     3	17815647341.7
     4	9792825291.2
     5	11671423168.8
     6	13312250996.5
     7	6832465808.46
     8	8205571967.82
     9	9417878853.98

Measurement: freq_ro74
  step	{80/t_ro74}
     1	12907492071.4
     2	15317413894.9
     3	17379895559.4
     4	9198547032.41
     5	11153060958.2
     6	12844466738.3
     7	6350416910.26
     8	7769644368.91
     9	9012313065.85

Measurement: freq_ro75
  step	{80/t_ro75}
     1	12820511826.6
     2	15167905733.8
     3	17241379731.1
     4	9159367937.97
     5	11055614703.9
     6	12718787455.9
     7	6323179735.99
     8	7692582544.52
     9	8908537078.65

Measurement: freq_ro76
  step	{80/t_ro76}
     1	13513512189.6
     2	15811112970.8
     3	17797806059
     4	9830370992.47
     5	11692144852.6
     6	13322697942.6
     7	6873578699.81
     8	8233710996.77
     9	9436721298.93

Measurement: freq_ro77
  step	{80/t_ro77}
     1	14757123065.5
     2	16991442027.5
     3	18874198956.1
     4	10970436876.6
     5	12818510669.3
     6	14401167243.8
     7	7807805413.34
     8	9179861601.3
     9	10373684051.7

Measurement: freq_ro78
  step	{80/t_ro78}
     1	14635732027.7
     2	16847545864.4
     3	18755068692.3
     4	10888722417.2
     5	12730416117.6
     6	14321085348
     7	7751773495.08
     8	9121199344.96
     9	10315420675.9

Measurement: freq_ro79
  step	{80/t_ro79}
     1	12788626997.5
     2	15151515381.2
     3	17241376471.7
     4	9094705037.27
     5	11015046616.7
     6	12691332537.9
     7	6264641742.93
     8	7651827469.51
     9	8877517339.62

Measurement: freq_ro80
  step	{80/t_ro80}
     1	13513513820.7
     2	15828575039
     3	17857111843.7
     4	9803971118.14
     5	11709692900.7
     6	13356835768.9
     7	6861965167.17
     8	8256000845.97
     9	9474504096.58

Measurement: freq_ro81
  step	{80/t_ro81}
     1	13513513616
     2	15832921000.3
     3	17831590919.3
     4	9752153221.84
     5	11646654223.5
     6	13294861158.6
     7	6796073959.06
     8	8180352079.99
     9	9397889601.67

Measurement: freq_ro82
  step	{80/t_ro82}
     1	14129012955
     2	16421160541
     3	18367706425.9
     4	10386850668.3
     5	12275421980.5
     6	13901557637.6
     7	7339679821.91
     8	8738484703.43
     9	9955257006.9

Measurement: freq_ro83
  step	{80/t_ro83}
     1	13601648525.5
     2	15909736636.4
     3	17889986686.4
     4	9905001330.52
     5	11780637360.1
     6	13413325730.4
     7	6937534877.6
     8	8310350372.42
     9	9518248556.77

Measurement: freq_ro84
  step	{80/t_ro84}
     1	13327885332.2
     2	15666821760.3
     3	17724127708.4
     4	9605928961.02
     5	11536024534.4
     6	13203471727.9
     7	6679835556.79
     8	8090462713.11
     9	9322875588.29

Measurement: freq_ro85
  step	{80/t_ro85}
     1	13385492897
     2	15671707447.1
     3	17674879174.9
     4	9699317395.69
     5	11562522018.5
     6	13196532113.2
     7	6761943133.79
     8	8119349378.49
     9	9322854688.35

Measurement: freq_ro86
  step	{80/t_ro86}
     1	13660927929.7
     2	16009169006.7
     3	17981572337.8
     4	9906287305
     5	11812112671.4
     6	13459649357.7
     7	6924627163.96
     8	8321242046.16
     9	9541786767.89

Measurement: freq_ro87
  step	{80/t_ro87}
     1	12472543838.8
     2	14937273577.2
     3	17046538008.2
     4	8759547235.39
     5	10742232752
     6	12465147864.3
     7	5989541037.13
     8	7416402197
     9	8673308796.68

Measurement: freq_ro88
  step	{80/t_ro88}
     1	13874906488.5
     2	16147565650.6
     3	18106911254.8
     4	10126175018.2
     5	11987127978.1
     6	13608278267.8
     7	7108455132.86
     8	8474708968.81
     9	9677118035.29

Measurement: freq_ro89
  step	{80/t_ro89}
     1	13670838367.4
     2	16026725219.6
     3	17998866262.7
     4	9930716967.63
     5	11840322291.3
     6	13496477852.7
     7	6940581784.33
     8	8339510781.16
     9	9564616619.15

Measurement: freq_ro90
  step	{80/t_ro90}
     1	14285743827.8
     2	16528240551.8
     3	18451044083.2
     4	10533665742.2
     5	12377430212.5
     6	13978099401.5
     7	7448799867.5
     8	8812053653.69
     9	10007142861.8

Measurement: freq_ro91
  step	{80/t_ro91}
     1	13249151089.6
     2	15625011901.5
     3	17593797018.2
     4	9582755731.59
     5	11477077934.7
     6	13128025547.7
     7	6676303904.25
     8	8057472165.82
     9	9274207731.33

Measurement: freq_ro92
  step	{80/t_ro92}
     1	13026730534.7
     2	15382332129.9
     3	17385820080.2
     4	9341866018.45
     5	11232878014.9
     6	12889892487.9
     7	6468135468.5
     8	7838415797.36
     9	9053189716.94

Measurement: freq_ro93
  step	{80/t_ro93}
     1	13211276786.1
     2	15589560962.3
     3	17610796278.7
     4	9482090785.02
     5	11403484040.9
     6	13072705939.7
     7	6573582368.13
     8	7972766479.15
     9	9201279242.62

Measurement: freq_ro94
  step	{80/t_ro94}
     1	13460848192.1
     2	15789727224
     3	17788109109.2
     4	9738743538.23
     5	11635510765.7
     6	13286075646.2
     7	6788579261.96
     8	8173641340.11
     9	9390291383.97

Measurement: freq_ro95
  step	{80/t_ro95}
     1	11830815675.2
     2	14285650177.5
     3	16425419444.5
     4	8202781544.1
     5	10152321495.3
     6	11865654526.8
     7	5550688842.91
     8	6935722584.13
     9	8170014879.11

Measurement: freq_ro96
  step	{80/t_ro96}
     1	12946252977.7
     2	15297759846.6
     3	17308900199.3
     4	9301032634.43
     5	11186947477.9
     6	12839964640.4
     7	6443414027.34
     8	7809838281.8
     9	9022018571.77

Measurement: freq_ro97
  step	{80/t_ro97}
     1	13039814292.5
     2	15366177926
     3	17367262426.4
     4	9400625386.68
     5	11268534362.4
     6	12912535043.5
     7	6525222329.38
     8	7879907143.39
     9	9085496207.07

Measurement: freq_ro98
  step	{80/t_ro98}
     1	13286417046.3
     2	15625015494.8
     3	17581711706.7
     4	9631915749.46
     5	11498856679.2
     6	13137635417.6
     7	6716489637.89
     8	8076246930.11
     9	9281311929.32

Measurement: freq_ro99
  step	{80/t_ro99}
     1	13951148528.7
     2	16229400301
     3	18174361391
     4	10234044152.7
     5	12092129718.8
     6	13708416048.8
     7	7204847993.22
     8	8572740928.42
     9	9774839991.45

Measurement: freq_ro100
  step	{80/t_ro100}
     1	13316126613
     2	15645421276.3
     3	17646877782.6
     4	9620291649.06
     5	11511945859.8
     6	13157704642.2
     7	6707240619.26
     8	8087427957.12
     9	9301719006.76

Measurement: freq_ro101
  step	{80/t_ro101}
     1	13384436719.6
     2	15724364937.9
     3	17738795656.9
     4	9684605163.1
     5	11592457305.9
     6	13251829250.1
     7	6747917857.08
     8	8141598262.98
     9	9367266150.16

Measurement: freq_ro102
  step	{80/t_ro102}
     1	12756085614
     2	15194000327.9
     3	17241388512.5
     4	9036544216.72
     5	10989430457.6
     6	12686935690.7
     7	6214780647.1
     8	7624780488.92
     9	8865720266.97

Measurement: freq_ro103
  step	{80/t_ro103}
     1	13220059693.2
     2	15588112326.3
     3	17586192827.1
     4	9519739175.98
     5	11418248928.7
     6	13074731332.8
     7	6613463960.09
     8	7995301008.68
     9	9214063749.66

Measurement: freq_ro104
  step	{80/t_ro104}
     1	13451338547.8
     2	15788089457.7
     3	17781361763.2
     4	9712975788.58
     5	11611900575.6
     6	13259608332.5
     7	6770791026.54
     8	8156222858.33
     9	9374833886.22

Measurement: freq_ro105
  step	{80/t_ro105}
     1	13026191499.3
     2	15451588004.2
     3	17491388815.3
     4	9282518420.32
     5	11234062249.9
     6	12926312840.7
     7	6404064717.23
     8	7817778090.48
     9	9059131032.24

Measurement: freq_ro106
  step	{80/t_ro106}
     1	13371531778.6
     2	15689296934.2
     3	17701655001.6
     4	9696711534.68
     5	11588371663.2
     6	13236563103.7
     7	6769346554.6
     8	8152121820.36
     9	9370558297.67

Measurement: freq_ro107
  step	{80/t_ro107}
     1	13513512780.5
     2	15808874649.9
     3	17784246396.3
     4	9799800898.59
     5	11671595388.1
     6	13304036456.1
     7	6849099009.23
     8	8217305676.99
     9	9423298841.98

Measurement: freq_ro108
  step	{80/t_ro108}
     1	13513513163.8
     2	15876121366.9
     3	17857681510.6
     4	9839403812.57
     5	11736555954.6
     6	13384793962.5
     7	6879286236.69
     8	8269001271.53
     9	9489169096.52

Measurement: freq_ro109
  step	{80/t_ro109}
     1	12858791746.5
     2	15246938702.9
     3	17289613905.4
     4	9216827675.32
     5	11138616165.1
     6	12821272359
     7	6376487376.91
     8	7768261164.97
     9	8997505272.97

Measurement: freq_ro110
  step	{80/t_ro110}
     1	12870070543.2
     2	15264670485.1
     3	17305387153.4
     4	9201411405.54
     5	11125743169.6
     6	12803418374.5
     7	6358126769.08
     8	7754159306.74
     9	8984686170.74

Measurement: freq_ro111
  step	{80/t_ro111}
     1	14101008282
     2	16380896191.1
     3	18318222699.6
     4	10329376841.7
     5	12192930979.3
     6	13810257565.7
     7	7272435580.55
     8	8644104941.91
     9	9848541764.3

Measurement: freq_ro112
  step	{80/t_ro112}
     1	13027512158.3
     2	15450099959.1
     3	17482453841.3
     4	9292490923.88
     5	11239795660.1
     6	12927228532.4
     7	6423659184.7
     8	7837514028.33
     9	9078231932.41

Measurement: freq_ro113
  step	{80/t_ro113}
     1	13157892316.5
     2	15573836101.7
     3	17540244268.3
     4	9519743533.05
     5	11414390826.1
     6	13065361157
     7	6628107348.09
     8	8006901644.42
     9	9219762574.84

Measurement: freq_ro114
  step	{80/t_ro114}
     1	13223702215.9
     2	15599481802.1
     3	17572399736.5
     4	9524431846.93
     5	11408430352.1
     6	13058549315.8
     7	6613395179.08
     8	7983015401.41
     9	9196123192.66

Measurement: freq_ro115
  step	{80/t_ro115}
     1	12590442153.7
     2	15041467476.9
     3	17080977351.8
     4	8926095465.57
     5	10860540730.9
     6	12549162582.4
     7	6130836572.82
     8	7524998422.85
     9	8758297131.25

Measurement: freq_ro116
  step	{80/t_ro116}
     1	14671334274.8
     2	16886883364.2
     3	18778385192.1
     4	10891912773.2
     5	12723840952.3
     6	14308294735.4
     7	7744896359.82
     8	9106098418.7
     9	10296065338.1

Measurement: freq_ro117
  step	{80/t_ro117}
     1	13091153256
     2	15428153621
     3	17442141053.3
     4	9407033546.52
     5	11292114324.2
     6	12941896208.2
     7	6525157019.59
     8	7893478535.35
     9	9104706903.97

Measurement: freq_ro118
  step	{80/t_ro118}
     1	12997326408.4
     2	15373884653
     3	17399678693.6
     4	9292770912.41
     5	11201748820
     6	12869030700.5
     7	6427833471.87
     8	7812233187.51
     9	9035293291.2

Measurement: freq_ro119
  step	{80/t_ro119}
     1	13657173403.6
     2	15977411552.9
     3	17944410614.9
     4	9942018377.84
     5	11829260054.8
     6	13468378306.8
     7	6960613355.54
     8	8346374855.52
     9	9562806182.29

Measurement: freq_ro120
  step	{80/t_ro120}
     1	14223314021.4
     2	16491461741.8
     3	18412487486.1
     4	10460278615.3
     5	12314505865.8
     6	13919638440.3
     7	7386161930.08
     8	8754678500.96
     9	9951920893.08

Measurement: freq_ro121
  step	{80/t_ro121}
     1	13079329282.9
     2	15438077478.2
     3	17445310728.7
     4	9431310162.63
     5	11332522650.4
     6	12995015792
     7	6550828508.64
     8	7936496101.3
     9	9160646631.02

Measurement: freq_ro122
  step	{80/t_ro122}
     1	13141396696.5
     2	15483348925
     3	17505269755.9
     4	9418955082.9
     5	11319766476.9
     6	12981162581.9
     7	6527977648.2
     8	7908234041.51
     9	9128514436.41

Measurement: freq_ro123
  step	{80/t_ro123}
     1	13153664399.1
     2	15511202692.8
     3	17511968334.1
     4	9442890712.83
     5	11341586672
     6	12999059724.8
     7	6549784911.88
     8	7928000749.55
     9	9146123194.12

Measurement: freq_ro124
  step	{80/t_ro124}
     1	12499991382
     2	14963854696.2
     3	17050376585.2
     4	8800115257.88
     5	10761011602.6
     6	12471142764.6
     7	6022923797.8
     8	7432436994.91
     9	8677431280.8

Measurement: freq_ro125
  step	{80/t_ro125}
     1	12195121464.7
     2	14620967619.8
     3	16704032312.8
     4	8629520544.28
     5	10565766434.3
     6	12263629195
     7	5915803520.31
     8	7304735572.2
     9	8538303120.11

Measurement: freq_ro126
  step	{80/t_ro126}
     1	13972804442.6
     2	16233221925.6
     3	18181500520.5
     4	10260971829.8
     5	12105540328.1
     6	13716590494.4
     7	7225874435.23
     8	8582054971.43
     9	9778822059.92

Measurement: freq_ro127
  step	{80/t_ro127}
     1	13157854538
     2	15556705948.3
     3	17567223810.5
     4	9434960366.15
     5	11376459023.2
     6	13054805446.5
     7	6543957700.9
     8	7960565952.42
     9	9196944764.47

Measurement: edge100_ro0
  step	V(ro0_out)={VTHRESH} 
     1	7.46985394202e-09
     2	6.35309506531e-09
     3	5.63553908542e-09
     4	1.0338507781e-08
     5	8.64387169801e-09
     6	7.56042159671e-09
     7	1.48543292609e-08
     8	1.23232578449e-08
     9	1.07119181621e-08

Measurement: edge100_ro1
  step	V(ro1_out)={VTHRESH} 
     1	7.23094120241e-09
     2	6.1892798835e-09
     3	5.52116101607e-09
     4	9.90791375358e-09
     5	8.35652390042e-09
     6	7.35205489088e-09
     7	1.41182446707e-08
     8	1.1825839421e-08
     9	1.03444170439e-08

Measurement: edge100_ro2
  step	V(ro2_out)={VTHRESH} 
     1	7.11311589574e-09
     2	6.11797278617e-09
     3	5.45963754371e-09
     4	9.70060077503e-09
     5	8.21266458567e-09
     6	7.24453755801e-09
     7	1.37911117273e-08
     8	1.15962994435e-08
     9	1.01716070391e-08

Measurement: edge100_ro3
  step	V(ro3_out)={VTHRESH} 
     1	7.75047358761e-09
     2	6.54716556682e-09
     3	5.75304111482e-09
     4	1.08829935087e-08
     5	8.99002028063e-09
     6	7.80296366504e-09
     7	1.57798090918e-08
     8	1.29282316738e-08
     9	1.11450591474e-08

Measurement: edge100_ro4
  step	V(ro4_out)={VTHRESH} 
     1	7.34096449562e-09
     2	6.25366166079e-09
     3	5.55352310866e-09
     4	1.01198846389e-08
     5	8.47683045531e-09
     6	7.42803734889e-09
     7	1.44920727294e-08
     8	1.2042767308e-08
     9	1.04868440775e-08

Measurement: edge100_ro5
  step	V(ro5_out)={VTHRESH} 
     1	7.32645517808e-09
     2	6.24407360643e-09
     3	5.54938353388e-09
     4	1.01395604428e-08
     5	8.49583174738e-09
     6	7.44575850937e-09
     7	1.45410030584e-08
     8	1.20896705419e-08
     9	1.0528076946e-08

Measurement: edge100_ro6
  step	V(ro6_out)={VTHRESH} 
     1	7.44591514185e-09
     2	6.33395298423e-09
     3	5.61000866056e-09
     4	1.03059321516e-08
     5	8.60318604182e-09
     6	7.52325959925e-09
     7	1.47969318054e-08
     8	1.22590763813e-08
     9	1.06500790783e-08

Measurement: edge100_ro7
  step	V(ro7_out)={VTHRESH} 
     1	7.7676351949e-09
     2	6.54910876537e-09
     3	5.76968551692e-09
     4	1.08950756778e-08
     5	9.0103585881e-09
     6	7.8241116476e-09
     7	1.57965860948e-08
     8	1.29588442333e-08
     9	1.11774011298e-08

Measurement: edge100_ro8
  step	V(ro8_out)={VTHRESH} 
     1	7.12382095017e-09
     2	6.1122790751e-09
     3	5.45632562436e-09
     4	9.75713875969e-09
     5	8.24100045355e-09
     6	7.26021562194e-09
     7	1.39078712201e-08
     8	1.16615205024e-08
     9	1.02123679132e-08

Measurement: edge100_ro9
  step	V(ro9_out)={VTHRESH} 
     1	7.0929703856e-09
     2	6.08621716301e-09
     3	5.42999645038e-09
     4	9.72089096781e-09
     5	8.19370805314e-09
     6	7.21688084421e-09
     7	1.38331226259e-08
     8	1.15693942348e-08
     9	1.0126746203e-08

Measurement: edge100_ro10
  step	V(ro10_out)={VTHRESH} 
     1	7.30800051278e-09
     2	6.25442559275e-09
     3	5.55399465669e-09
     4	1.00263128629e-08
     5	8.43910866782e-09
     6	7.41105521516e-09
     7	1.43241083617e-08
     8	1.19723545405e-08
     9	1.04529704195e-08

Measurement: edge100_ro11
  step	V(ro11_out)={VTHRESH} 
     1	7.46675062264e-09
     2	6.34734550927e-09
     3	5.63512299736e-09
     4	1.0302883461e-08
     5	8.62508856693e-09
     6	7.54797857189e-09
     7	1.47790877171e-08
     8	1.22838151813e-08
     9	1.0685121644e-08

Measurement: edge100_ro12
  step	V(ro12_out)={VTHRESH} 
     1	7.35949318567e-09
     2	6.26797168952e-09
     3	5.55865602169e-09
     4	1.02059406167e-08
     5	8.53182326266e-09
     6	7.46753702835e-09
     7	1.46617369091e-08
     8	1.21610787867e-08
     9	1.0573805024e-08

Measurement: edge100_ro13
  step	V(ro13_out)={VTHRESH} 
     1	7.17513595338e-09
     2	6.14669877845e-09
     3	5.47823593461e-09
     4	9.84663201167e-09
     5	8.29787909081e-09
     6	7.29852031376e-09
     7	1.40544038855e-08
     8	1.17574192911e-08
     9	1.02790488042e-08

Measurement: edge100_ro14
  step	V(ro14_out)={VTHRESH} 
     1	7.20387879861e-09
     2	6.17412869902e-09
     3	5.49996956753e-09
     4	9.87967573031e-09
     5	8.32467033426e-09
     6	7.32281670557e-09
     7	1.40772296041e-08
     8	1.17752137074e-08
     9	1.02973112004e-08

Measurement: edge100_ro15
  step	V(ro15_out)={VTHRESH} 
     1	7.25353252845e-09
     2	6.17331489291e-09
     3	5.49202496135e-09
     4	1.00462684412e-08
     5	8.39574782745e-09
     6	7.35540543058e-09
     7	1.43861200259e-08
     8	1.19256394143e-08
     9	1.03830195828e-08

Measurement: edge100_ro16
  step	V(ro16_out)={VTHRESH} 
     1	7.58090287458e-09
     2	6.42018858487e-09
     3	5.68223369048e-09
     4	1.05513654995e-08
     5	8.78147790835e-09
     6	7.65787884517e-09
     7	1.5213507527e-08
     8	1.2563807857e-08
     9	1.08864821138e-08

Measurement: edge100_ro17
  step	V(ro17_out)={VTHRESH} 
     1	7.63365417309e-09
     2	6.45535089227e-09
     3	5.70537055503e-09
     4	1.06349333773e-08
     5	8.83349743259e-09
     6	7.69321082345e-09
     7	1.5356593666e-08
     8	1.26557546864e-08
     9	1.0951232372e-08

Measurement: edge100_ro18
  step	V(ro18_out)={VTHRESH} 
     1	7.04515789215e-09
     2	6.06336796799e-09
     3	5.4173968844e-09
     4	9.62400229961e-09
     5	8.14897016583e-09
     6	7.19157752213e-09
     7	1.36790169275e-08
     8	1.15001666334e-08
     9	1.00893367715e-08

Measurement: edge100_ro19
  step	V(ro19_out)={VTHRESH} 
     1	7.70295822955e-09
     2	6.51082883045e-09
     3	5.75604648075e-09
     4	1.07671604259e-08
     5	8.9328874109e-09
     6	7.77120820648e-09
     7	1.55749950342e-08
     8	1.28205340089e-08
     9	1.10819845897e-08

Measurement: edge100_ro20
  step	V(ro20_out)={VTHRESH} 
     1	7.44219853119e-09
     2	6.34233191231e-09
     3	5.60942270726e-09
     4	1.02880858247e-08
     5	8.58927352491e-09
     6	7.51172418041e-09
     7	1.47626581638e-08
     8	1.22311947039e-08
     9	1.0628236653e-08

Measurement: edge100_ro21
  step	V(ro21_out)={VTHRESH} 
     1	7.93628020683e-09
     2	6.65139375262e-09
     3	5.84168881632e-09
     4	1.11975806968e-08
     5	9.20992821669e-09
     6	7.96712191941e-09
     7	1.63212086537e-08
     8	1.3313581486e-08
     9	1.14382379779e-08

Measurement: edge100_ro22
  step	V(ro22_out)={VTHRESH} 
     1	7.82705433651e-09
     2	6.57179211672e-09
     3	5.77974143036e-09
     4	1.10209084842e-08
     5	9.06136553033e-09
     6	7.84687262719e-09
     7	1.6017940513e-08
     8	1.30535112735e-08
     9	1.12235968188e-08

Measurement: edge100_ro23
  step	V(ro23_out)={VTHRESH} 
     1	7.52151794402e-09
     2	6.38354316265e-09
     3	5.65448709303e-09
     4	1.04401557945e-08
     5	8.7058483056e-09
     6	7.60236101478e-09
     7	1.50280774701e-08
     8	1.24325015989e-08
     9	1.07882174293e-08

Measurement: edge100_ro24
  step	V(ro24_out)={VTHRESH} 
     1	7.32127865967e-09
     2	6.22635600153e-09
     3	5.53129751797e-09
     4	1.01519014102e-08
     5	8.47600952571e-09
     6	7.41968267673e-09
     7	1.45834253969e-08
     8	1.2075949985e-08
     9	1.05013104905e-08

Measurement: edge100_ro25
  step	V(ro25_out)={VTHRESH} 
     1	7.39284564604e-09
     2	6.30200257272e-09
     3	5.59335891491e-09
     4	1.02283002769e-08
     5	8.56412416241e-09
     6	7.49917407917e-09
     7	1.46812721279e-08
     8	1.22006147112e-08
     9	1.06172309105e-08

Measurement: edge100_ro26
  step	V(ro26_out)={VTHRESH} 
     1	7.63585218112e-09
     2	6.44687590777e-09
     3	5.69669361092e-09
     4	1.06658859551e-08
     5	8.83662182552e-09
     6	7.688238889e-09
     7	1.54027575862e-08
     8	1.26579251002e-08
     9	1.09394835488e-08

Measurement: edge100_ro27
  step	V(ro27_out)={VTHRESH} 
     1	7.17681149056e-09
     2	6.14884595896e-09
     3	5.48832197765e-09
     4	9.83227332737e-09
     5	8.29742860635e-09
     6	7.30455480911e-09
     7	1.40061084341e-08
     8	1.17362534028e-08
     9	1.02722274347e-08

Measurement: edge100_ro28
  step	V(ro28_out)={VTHRESH} 
     1	7.73713292374e-09
     2	6.54304945337e-09
     3	5.75042373924e-09
     4	1.08993524292e-08
     5	8.99588402738e-09
     6	7.80602271739e-09
     7	1.58262061905e-08
     8	1.29526625813e-08
     9	1.11618988501e-08

Measurement: edge100_ro29
  step	V(ro29_out)={VTHRESH} 
     1	8.04875279399e-09
     2	6.72463264599e-09
     3	5.8961373871e-09
     4	1.13429362058e-08
     5	9.28704908593e-09
     6	8.01558156962e-09
     7	1.65124384144e-08
     8	1.340420611e-08
     9	1.14884558412e-08

Measurement: edge100_ro30
  step	V(ro30_out)={VTHRESH} 
     1	7.83613338816e-09
     2	6.59429616543e-09
     3	5.8047904188e-09
     4	1.10247042803e-08
     5	9.09902330958e-09
     6	7.88935004665e-09
     7	1.60130272263e-08
     8	1.31096650395e-08
     9	1.1291122034e-08

Measurement: edge100_ro31
  step	V(ro31_out)={VTHRESH} 
     1	7.47381442052e-09
     2	6.33792135175e-09
     3	5.60843995842e-09
     4	1.04093312116e-08
     5	8.66196484032e-09
     6	7.55861387057e-09
     7	1.50137706445e-08
     8	1.23907057352e-08
     9	1.07401028986e-08

Measurement: edge100_ro32
  step	V(ro32_out)={VTHRESH} 
     1	7.18244997629e-09
     2	6.14418189861e-09
     3	5.48143583624e-09
     4	9.86457323515e-09
     5	8.30070230777e-09
     6	7.29972475592e-09
     7	1.40655939138e-08
     8	1.17440035756e-08
     9	1.02634869111e-08

Measurement: edge100_ro33
  step	V(ro33_out)={VTHRESH} 
     1	7.34085565798e-09
     2	6.26797611263e-09
     3	5.57506124109e-09
     4	1.00801614672e-08
     5	8.47623942111e-09
     6	7.43937812658e-09
     7	1.4413813749e-08
     8	1.20362238558e-08
     9	1.0502874932e-08

Measurement: edge100_ro34
  step	V(ro34_out)={VTHRESH} 
     1	7.73356510355e-09
     2	6.52048349023e-09
     3	5.75581148635e-09
     4	1.08179070243e-08
     5	8.95615977316e-09
     6	7.78507984187e-09
     7	1.566257483e-08
     8	1.28616466642e-08
     9	1.11048792013e-08

Measurement: edge100_ro35
  step	V(ro35_out)={VTHRESH} 
     1	7.53466101242e-09
     2	6.39569857582e-09
     3	5.66102512237e-09
     4	1.04402886031e-08
     5	8.70493313698e-09
     6	7.60053399882e-09
     7	1.50095461481e-08
     8	1.24190138931e-08
     9	1.07755155103e-08

Measurement: edge100_ro36
  step	V(ro36_out)={VTHRESH} 
     1	7.33997050979e-09
     2	6.24531910053e-09
     3	5.55435496472e-09
     4	1.01188922286e-08
     5	8.47317323653e-09
     6	7.42817408201e-09
     7	1.44994325503e-08
     8	1.20511035978e-08
     9	1.04997399347e-08

Measurement: edge100_ro37
  step	V(ro37_out)={VTHRESH} 
     1	7.88041198505e-09
     2	6.62832444251e-09
     3	5.83000542031e-09
     4	1.10750933864e-08
     5	9.14111765702e-09
     6	7.92410712564e-09
     7	1.60892106649e-08
     8	1.31746794265e-08
     9	1.13445951921e-08

Measurement: edge100_ro38
  step	V(ro38_out)={VTHRESH} 
     1	7.73366233877e-09
     2	6.51382461579e-09
     3	5.74821418725e-09
     4	1.08669196382e-08
     5	8.96461548258e-09
     6	7.7784850826e-09
     7	1.57675342303e-08
     8	1.28973992706e-08
     9	1.11128031951e-08

Measurement: edge100_ro39
  step	V(ro39_out)={VTHRESH} 
     1	7.49430700798e-09
     2	6.35219675681e-09
     3	5.62369853278e-09
     4	1.04229468507e-08
     5	8.67605314411e-09
     6	7.57106470395e-09
     7	1.50151723982e-08
     8	1.2397263274e-08
     9	1.07481369233e-08

Measurement: edge100_ro40
  step	V(ro40_out)={VTHRESH} 
     1	7.87306375848e-09
     2	6.62217274795e-09
     3	5.82471931302e-09
     4	1.10627505127e-08
     5	9.13317780795e-09
     6	7.91760405937e-09
     7	1.60806793171e-08
     8	1.31733277325e-08
     9	1.13439388529e-08

Measurement: edge100_ro41
  step	V(ro41_out)={VTHRESH} 
     1	7.03090030812e-09
     2	6.05162903534e-09
     3	5.40825047441e-09
     4	9.58599285505e-09
     5	8.12087230476e-09
     6	7.16832314866e-09
     7	1.36005915052e-08
     8	1.1440427448e-08
     9	1.00414205786e-08

Measurement: edge100_ro42
  step	V(ro42_out)={VTHRESH} 
     1	7.61532204003e-09
     2	6.45032306388e-09
     3	5.70112431267e-09
     4	1.05687677177e-08
     5	8.78579207535e-09
     6	7.65795840852e-09
     7	1.52114961541e-08
     8	1.25455375834e-08
     9	1.08650169999e-08

Measurement: edge100_ro43
  step	V(ro43_out)={VTHRESH} 
     1	8.1880983061e-09
     2	6.82214910701e-09
     3	5.95137839689e-09
     4	1.16120152818e-08
     5	9.47134870739e-09
     6	8.1535576755e-09
     7	1.69749129129e-08
     8	1.37239765903e-08
     9	1.17297104611e-08

Measurement: edge100_ro44
  step	V(ro44_out)={VTHRESH} 
     1	7.45268315929e-09
     2	6.33114111098e-09
     3	5.6082155468e-09
     4	1.03588772144e-08
     5	8.63916370723e-09
     6	7.54721951052e-09
     7	1.49009477303e-08
     8	1.23298884731e-08
     9	1.07041770425e-08

Measurement: edge100_ro45
  step	V(ro45_out)={VTHRESH} 
     1	7.53929139081e-09
     2	6.40573055085e-09
     3	5.670571368e-09
     4	1.04738793353e-08
     5	8.73664145088e-09
     6	7.62842748605e-09
     7	1.50820759169e-08
     8	1.24864998285e-08
     9	1.08341594399e-08

Measurement: edge100_ro46
  step	V(ro46_out)={VTHRESH} 
     1	7.15304392895e-09
     2	6.1386204154e-09
     3	5.45787977349e-09
     4	9.83814887865e-09
     5	8.27415646911e-09
     6	7.27521664995e-09
     7	1.40427196007e-08
     8	1.17179260864e-08
     9	1.02377031495e-08

Measurement: edge100_ro47
  step	V(ro47_out)={VTHRESH} 
     1	8.10156325036e-09
     2	6.74549423265e-09
     3	5.89735954178e-09
     4	1.15002801976e-08
     5	9.3589188252e-09
     6	8.05623706635e-09
     7	1.67975386676e-08
     8	1.35505471216e-08
     9	1.1580411259e-08

Measurement: edge100_ro48
  step	V(ro48_out)={VTHRESH} 
     1	7.3702482416e-09
     2	6.28770111703e-09
     3	5.58601588297e-09
     4	1.01251755912e-08
     5	8.49282266043e-09
     6	7.44607339647e-09
     7	1.44662287539e-08
     8	1.20485696949e-08
     9	1.05020167268e-08

Measurement: edge100_ro49
  step	V(ro49_out)={VTHRESH} 
     1	7.51154581701e-09
     2	6.37663525803e-09
     3	5.65499867444e-09
     4	1.03865865711e-08
     5	8.67578737608e-09
     6	7.58401792536e-09
     7	1.49239752743e-08
     8	1.23708666337e-08
     9	1.07473350131e-08

Measurement: edge100_ro50
  step	V(ro50_out)={VTHRESH} 
     1	7.53939271471e-09
     2	6.37319099862e-09
     3	5.63642180362e-09
     4	1.05458486859e-08
     5	8.7476813588e-09
     6	7.6198170612e-09
     7	1.52386234271e-08
     8	1.25358857196e-08
     9	1.08443497171e-08

Measurement: edge100_ro51
  step	V(ro51_out)={VTHRESH} 
     1	7.45082509005e-09
     2	6.34393698362e-09
     3	5.62210180164e-09
     4	1.03257412979e-08
     5	8.62981585513e-09
     6	7.54834232974e-09
     7	1.48252803613e-08
     8	1.22999643997e-08
     9	1.06926280903e-08

Measurement: edge100_ro52
  step	V(ro52_out)={VTHRESH} 
     1	6.97913095188e-09
     2	6.02046903736e-09
     3	5.38533590121e-09
     4	9.50774078698e-09
     5	8.06833101401e-09
     6	7.13134532625e-09
     7	1.34876439633e-08
     8	1.13672285591e-08
     9	9.98926907779e-09

Measurement: edge100_ro53
  step	V(ro53_out)={VTHRESH} 
     1	7.06261263873e-09
     2	6.07148556624e-09
     3	5.42716678862e-09
     4	9.64011183444e-09
     5	8.15820979724e-09
     6	7.19871613475e-09
     7	1.36960596307e-08
     8	1.15103330829e-08
     9	1.00980536753e-08

Measurement: edge100_ro54
  step	V(ro54_out)={VTHRESH} 
     1	7.87773134095e-09
     2	6.57902744614e-09
     3	5.78663554087e-09
     4	1.1139385041e-08
     5	9.12045842417e-09
     6	7.88261345266e-09
     7	1.62304787493e-08
     8	1.31667820445e-08
     9	1.12970296191e-08

Measurement: edge100_ro55
  step	V(ro55_out)={VTHRESH} 
     1	7.49935137787e-09
     2	6.35831685007e-09
     3	5.63080755669e-09
     4	1.04352988179e-08
     5	8.69140764875e-09
     6	7.58543745885e-09
     7	1.50456434867e-08
     8	1.24309164681e-08
     9	1.07789537154e-08

Measurement: edge100_ro56
  step	V(ro56_out)={VTHRESH} 
     1	7.38580590782e-09
     2	6.30138352171e-09
     3	5.58792945202e-09
     4	1.02182973327e-08
     5	8.55722617798e-09
     6	7.49476647241e-09
     7	1.46605189237e-08
     8	1.21837388806e-08
     9	1.0604175675e-08

Measurement: edge100_ro57
  step	V(ro57_out)={VTHRESH} 
     1	7.28729305915e-09
     2	6.22238430034e-09
     3	5.5427560223e-09
     4	1.00189254884e-08
     5	8.41297248363e-09
     6	7.3839803091e-09
     7	1.43229049372e-08
     8	1.19385088542e-08
     9	1.04146498924e-08

Measurement: edge100_ro58
  step	V(ro58_out)={VTHRESH} 
     1	7.56385101858e-09
     2	6.40014361151e-09
     3	5.66402268303e-09
     4	1.04676348682e-08
     5	8.69978230483e-09
     6	7.5868672698e-09
     7	1.50271323014e-08
     8	1.23909225815e-08
     9	1.07381032987e-08

Measurement: edge100_ro59
  step	V(ro59_out)={VTHRESH} 
     1	7.52174546473e-09
     2	6.3802301662e-09
     3	5.64560128341e-09
     4	1.04070956147e-08
     5	8.67410988309e-09
     6	7.57311115663e-09
     7	1.49600469243e-08
     8	1.23734132498e-08
     9	1.07354779092e-08

Measurement: edge100_ro60
  step	V(ro60_out)={VTHRESH} 
     1	7.10810394847e-09
     2	6.10459695556e-09
     3	5.45140542538e-09
     4	9.72655495055e-09
     5	8.21863730921e-09
     6	7.24443190507e-09
     7	1.38343083777e-08
     8	1.16057797169e-08
     9	1.01697728439e-08

Measurement: edge100_ro61
  step	V(ro61_out)={VTHRESH} 
     1	7.31217635804e-09
     2	6.22732533059e-09
     3	5.54639348718e-09
     4	1.00810875967e-08
     5	8.44875974995e-09
     6	7.40977957811e-09
     7	1.4428586454e-08
     8	1.20010172011e-08
     9	1.04597317931e-08

Measurement: edge100_ro62
  step	V(ro62_out)={VTHRESH} 
     1	7.48974805164e-09
     2	6.36428212802e-09
     3	5.64021757174e-09
     4	1.03358550926e-08
     5	8.63429866295e-09
     6	7.54926002238e-09
     7	1.48191275711e-08
     8	1.22880012204e-08
     9	1.0678075542e-08

Measurement: edge100_ro63
  step	V(ro63_out)={VTHRESH} 
     1	7.04604499872e-09
     2	6.06758994116e-09
     3	5.42327713339e-09
     4	9.57180993304e-09
     5	8.11489891349e-09
     6	7.1661128179e-09
     7	1.35603478241e-08
     8	1.14171439155e-08
     9	1.00268342846e-08

Measurement: edge100_ro64
  step	V(ro64_out)={VTHRESH} 
     1	7.34315736881e-09
     2	6.27130491467e-09
     3	5.56542605128e-09
     4	1.0176325686e-08
     5	8.53064426182e-09
     6	7.47326369796e-09
     7	1.46043071529e-08
     8	1.21483820777e-08
     9	1.05780423848e-08

Measurement: edge100_ro65
  step	V(ro65_out)={VTHRESH} 
     1	7.65882367209e-09
     2	6.4806060076e-09
     3	5.72899864455e-09
     4	1.06757166009e-08
     5	8.87344540583e-09
     6	7.72910208602e-09
     7	1.54282118881e-08
     8	1.27263106495e-08
     9	1.10124408101e-08

Measurement: edge100_ro66
  step	V(ro66_out)={VTHRESH} 
     1	7.44384785131e-09
     2	6.33344377632e-09
     3	5.613128913e-09
     4	1.03144021481e-08
     5	8.61701238082e-09
     6	7.54033020678e-09
     7	1.48205340588e-08
     8	1.22864427278e-08
     9	1.06778651153e-08

Measurement: edge100_ro67
  step	V(ro67_out)={VTHRESH} 
     1	7.97141133783e-09
     2	6.65335861282e-09
     3	5.83407297934e-09
     4	1.13121959326e-08
     5	9.23474563415e-09
     6	7.96700946887e-09
     7	1.65026436544e-08
     8	1.33483998135e-08
     9	1.14299467576e-08

Measurement: edge100_ro68
  step	V(ro68_out)={VTHRESH} 
     1	7.53115648649e-09
     2	6.36683844403e-09
     3	5.63933214498e-09
     4	1.04456978932e-08
     5	8.68614745163e-09
     6	7.57752609445e-09
     7	1.50276817247e-08
     8	1.23954624926e-08
     9	1.0742682184e-08

Measurement: edge100_ro69
  step	V(ro69_out)={VTHRESH} 
     1	7.20710157867e-09
     2	6.16519430084e-09
     3	5.49705383969e-09
     4	9.88579066706e-09
     5	8.32187732638e-09
     6	7.31360042449e-09
     7	1.40892969671e-08
     8	1.17660405906e-08
     9	1.0281663128e-08

Measurement: edge100_ro70
  step	V(ro70_out)={VTHRESH} 
     1	7.47405216589e-09
     2	6.35194475887e-09
     3	5.63548393548e-09
     4	1.03206462743e-08
     5	8.63276995571e-09
     6	7.55065682512e-09
     7	1.48145769075e-08
     8	1.23017017801e-08
     9	1.06950121514e-08

Measurement: edge100_ro71
  step	V(ro71_out)={VTHRESH} 
     1	7.89935570033e-09
     2	6.6345024971e-09
     3	5.83357674683e-09
     4	1.11216261237e-08
     5	9.16650287055e-09
     6	7.93791325241e-09
     7	1.61870880452e-08
     8	1.32331989688e-08
     9	1.13824135869e-08

Measurement: edge100_ro72
  step	V(ro72_out)={VTHRESH} 
     1	7.14320098659e-09
     2	6.14548045499e-09
     3	5.47266465643e-09
     4	9.75156092643e-09
     5	8.23942441398e-09
     6	7.25927954034e-09
     7	1.38605680299e-08
     8	1.16308988484e-08
     9	1.01884555179e-08

Measurement: edge100_ro73
  step	V(ro73_out)={VTHRESH} 
     1	7.34206858661e-09
     2	6.26705418218e-09
     3	5.56724710508e-09
     4	1.01322399924e-08
     5	8.49959392222e-09
     6	7.4511376889e-09
     7	1.45223919717e-08
     8	1.2089860354e-08
     9	1.05325646835e-08

Measurement: edge100_ro74
  step	V(ro74_out)={VTHRESH} 
     1	7.68001722855e-09
     2	6.47030606428e-09
     3	5.70166336583e-09
     4	1.07763221105e-08
     5	8.88592036238e-09
     6	7.71481205005e-09
     7	1.56085162899e-08
     8	1.27548137813e-08
     9	1.09946609074e-08

Measurement: edge100_ro75
  step	V(ro75_out)={VTHRESH} 
     1	7.74048061444e-09
     2	6.5413538763e-09
     3	5.75431721189e-09
     4	1.08353430787e-08
     5	8.9746393845e-09
     6	7.80038985823e-09
     7	1.56956456834e-08
     8	1.2898540403e-08
     9	1.11369748211e-08

Measurement: edge100_ro76
  step	V(ro76_out)={VTHRESH} 
     1	7.34491956459e-09
     2	6.27543432683e-09
     3	5.57419990419e-09
     4	1.00973860675e-08
     5	8.48734525373e-09
     6	7.44753871192e-09
     7	1.4441906517e-08
     8	1.20532646507e-08
     9	1.05149326055e-08

Measurement: edge100_ro77
  step	V(ro77_out)={VTHRESH} 
     1	6.71862159948e-09
     2	5.83442976494e-09
     3	5.25195452424e-09
     4	9.03816252711e-09
     5	7.73434097654e-09
     6	6.88326946622e-09
     7	1.26990240522e-08
     8	1.07991923286e-08
     9	9.55553424008e-09

Measurement: edge100_ro78
  step	V(ro78_out)={VTHRESH} 
     1	6.78209810256e-09
     2	5.89033172014e-09
     3	5.28953459565e-09
     4	9.11743219059e-09
     5	7.79681893225e-09
     6	6.92923102207e-09
     7	1.28081243472e-08
     8	1.08832114811e-08
     9	9.62169434688e-09

Measurement: edge100_ro79
  step	V(ro79_out)={VTHRESH} 
     1	7.76550740461e-09
     2	6.55193622127e-09
     3	5.75850042071e-09
     4	1.09226682892e-08
     5	9.01609059257e-09
     6	7.82407852891e-09
     7	1.58595135867e-08
     8	1.29807810315e-08
     9	1.11868877232e-08

Measurement: edge100_ro80
  step	V(ro80_out)={VTHRESH} 
     1	7.34583772004e-09
     2	6.27044622049e-09
     3	5.55842799368e-09
     4	1.0127119351e-08
     5	8.47774392613e-09
     6	7.43098683089e-09
     7	1.44708320551e-08
     8	1.20253658411e-08
     9	1.04772104206e-08

Measurement: edge100_ro81
  step	V(ro81_out)={VTHRESH} 
     1	7.33698861338e-09
     2	6.26091409859e-09
     3	5.55851368002e-09
     4	1.01673002837e-08
     5	8.51135560515e-09
     6	7.45515020156e-09
     7	1.45892336943e-08
     8	1.21178203767e-08
     9	1.054644614e-08

Measurement: edge100_ro82
  step	V(ro82_out)={VTHRESH} 
     1	7.02442220685e-09
     2	6.03956642214e-09
     3	5.39774926723e-09
     4	9.55997288943e-09
     5	8.08198750729e-09
     6	7.13335256304e-09
     7	1.35335591157e-08
     8	1.13564694149e-08
     9	9.96361845897e-09

Measurement: edge100_ro83
  step	V(ro83_out)={VTHRESH} 
     1	7.29656846035e-09
     2	6.23708240228e-09
     3	5.54556839318e-09
     4	1.00215006356e-08
     5	8.42446640207e-09
     6	7.39784516058e-09
     7	1.43093954906e-08
     8	1.19437137584e-08
     9	1.04269102857e-08

Measurement: edge100_ro84
  step	V(ro84_out)={VTHRESH} 
     1	7.44019978642e-09
     2	6.32838335906e-09
     3	5.59303961517e-09
     4	1.03230684505e-08
     5	8.59398084568e-09
     6	7.50791850963e-09
     7	1.48440069905e-08
     8	1.22533753037e-08
     9	1.06325555657e-08

Measurement: edge100_ro85
  step	V(ro85_out)={VTHRESH} 
     1	7.41408699448e-09
     2	6.33124954497e-09
     3	5.61216192212e-09
     4	1.02332964562e-08
     5	8.58228617754e-09
     6	7.51818676641e-09
     7	1.46796083641e-08
     8	1.22228496161e-08
     9	1.06432888405e-08

Measurement: edge100_ro86
  step	V(ro86_out)={VTHRESH} 
     1	7.26417025549e-09
     2	6.19801252138e-09
     3	5.51725978526e-09
     4	1.00182859539e-08
     5	8.40103143213e-09
     6	7.37185005882e-09
     7	1.43331583798e-08
     8	1.19264197997e-08
     9	1.03998003294e-08

Measurement: edge100_ro87
  step	V(ro87_out)={VTHRESH} 
     1	7.97161861651e-09
     2	6.65312567238e-09
     3	5.82822117137e-09
     4	1.13540165943e-08
     5	9.2544476918e-09
     6	7.97302688206e-09
     7	1.66079362431e-08
     8	1.34073560642e-08
     9	1.14613700305e-08

Measurement: edge100_ro88
  step	V(ro88_out)={VTHRESH} 
     1	7.15074571848e-09
     2	6.14362273008e-09
     3	5.47755516292e-09
     4	9.80043413227e-09
     5	8.27639801895e-09
     6	7.28910018142e-09
     7	1.39619010318e-08
     8	1.17076963733e-08
     9	1.02510089138e-08

Measurement: edge100_ro89
  step	V(ro89_out)={VTHRESH} 
     1	7.25361892148e-09
     2	6.18567089142e-09
     3	5.50707963422e-09
     4	9.98577435945e-09
     5	8.37310510116e-09
     6	7.34452240446e-09
     7	1.42873980506e-08
     8	1.1888054165e-08
     9	1.03638525657e-08

Measurement: edge100_ro90
  step	V(ro90_out)={VTHRESH} 
     1	6.95173169895e-09
     2	6.00696604543e-09
     3	5.37972973743e-09
     4	9.43215972383e-09
     5	8.02394403809e-09
     6	7.10339567898e-09
     7	1.33412876618e-08
     8	1.12731241125e-08
     9	9.92473929429e-09

Measurement: edge100_ro91
  step	V(ro91_out)={VTHRESH} 
     1	7.49155490815e-09
     2	6.35056914946e-09
     3	5.63992167297e-09
     4	1.03623430647e-08
     5	8.648327655e-09
     6	7.55966351826e-09
     7	1.48776280941e-08
     8	1.23208303164e-08
     9	1.07024778156e-08

Measurement: edge100_ro92
  step	V(ro92_out)={VTHRESH} 
     1	7.60843079083e-09
     2	6.44198326474e-09
     3	5.6994492467e-09
     4	1.06083372098e-08
     5	8.82135744388e-09
     6	7.68693534252e-09
     7	1.53199283679e-08
     8	1.26404538497e-08
     9	1.09437450047e-08

Measurement: edge100_ro93
  step	V(ro93_out)={VTHRESH} 
     1	7.51016534975e-09
     2	6.36352935123e-09
     3	5.63266438682e-09
     4	1.04645269212e-08
     5	8.69983079626e-09
     6	7.58830735539e-09
     7	1.50951074124e-08
     8	1.24439527059e-08
     9	1.07815137977e-08

Measurement: edge100_ro94
  step	V(ro94_out)={VTHRESH} 
     1	7.3722781849e-09
     2	6.28443184706e-09
     3	5.57897427973e-09
     4	1.01907816462e-08
     5	8.5292054966e-09
     6	7.46997127698e-09
     7	1.46201741973e-08
     8	1.21424517437e-08
     9	1.05697586917e-08

Measurement: edge100_ro95
  step	V(ro95_out)={VTHRESH} 
     1	8.38565568847e-09
     2	6.94263156687e-09
     3	6.03689388676e-09
     4	1.20948896838e-08
     5	9.76941931335e-09
     6	8.35705697488e-09
     7	1.78731601723e-08
     8	1.43002362283e-08
     9	1.21373919322e-08

Measurement: edge100_ro96
  step	V(ro96_out)={VTHRESH} 
     1	7.6582521158e-09
     2	6.47937265083e-09
     3	5.72571224908e-09
     4	1.06592579179e-08
     5	8.86029707975e-09
     6	7.71832944641e-09
     7	1.53856310526e-08
     8	1.26913184658e-08
     9	1.09844119982e-08

Measurement: edge100_ro97
  step	V(ro97_out)={VTHRESH} 
     1	7.60247065862e-09
     2	6.44940675277e-09
     3	5.70554456042e-09
     4	1.05452606082e-08
     5	8.7944383029e-09
     6	7.67362913833e-09
     7	1.51905047488e-08
     8	1.25755095123e-08
     9	1.09053538078e-08

Measurement: edge100_ro98
  step	V(ro98_out)={VTHRESH} 
     1	7.46884945505e-09
     2	6.34874511503e-09
     3	5.63943807056e-09
     4	1.03040045444e-08
     5	8.62767277666e-09
     6	7.5490217515e-09
     7	1.47776061679e-08
     8	1.22851739992e-08
     9	1.06871439448e-08

Measurement: edge100_ro99
  step	V(ro99_out)={VTHRESH} 
     1	7.10307783706e-09
     2	6.10514316906e-09
     3	5.45174053872e-09
     4	9.68166476317e-09
     5	8.19337260678e-09
     6	7.22717435116e-09
     7	1.37502804641e-08
     8	1.15556743882e-08
     9	1.01342739502e-08

Measurement: edge100_ro100
  step	V(ro100_out)={VTHRESH} 
     1	7.44646929114e-09
     2	6.33540936309e-09
     3	5.61608922348e-09
     4	1.0307142871e-08
     5	8.61122942049e-09
     6	7.53293912917e-09
     7	1.47833595668e-08
     8	1.22578220587e-08
     9	1.06557136314e-08

Measurement: edge100_ro101
  step	V(ro101_out)={VTHRESH} 
     1	7.4109410335e-09
     2	6.30739982866e-09
     3	5.59018529798e-09
     4	1.02425117448e-08
     5	8.55574465692e-09
     6	7.48357093796e-09
     7	1.46999801555e-08
     8	1.21822139008e-08
     9	1.05873576694e-08

Measurement: edge100_ro102
  step	V(ro102_out)={VTHRESH} 
     1	7.78262661872e-09
     2	6.53180381691e-09
     3	5.75446520521e-09
     4	1.09882456847e-08
     5	9.03289291419e-09
     6	7.82175596587e-09
     7	1.59789511197e-08
     8	1.30205550885e-08
     9	1.11950001642e-08

Measurement: edge100_ro103
  step	V(ro103_out)={VTHRESH} 
     1	7.49899007178e-09
     2	6.3582546503e-09
     3	5.6353243456e-09
     4	1.04137166065e-08
     5	8.68051557116e-09
     6	7.57986296015e-09
     7	1.49892864015e-08
     8	1.23964743721e-08
     9	1.07555065766e-08

Measurement: edge100_ro104
  step	V(ro104_out)={VTHRESH} 
     1	7.37878828806e-09
     2	6.28402496751e-09
     3	5.57779620129e-09
     4	1.02221103133e-08
     5	8.54657222853e-09
     6	7.48200973835e-09
     7	1.46675632461e-08
     8	1.21704336136e-08
     9	1.05854020661e-08

Measurement: edge100_ro105
  step	V(ro105_out)={VTHRESH} 
     1	7.61511586175e-09
     2	6.41903883526e-09
     3	5.66999209596e-09
     4	1.06867297566e-08
     5	8.82921684627e-09
     6	7.67272394466e-09
     7	1.54902991746e-08
     8	1.2687544911e-08
     9	1.09481691548e-08

Measurement: edge100_ro106
  step	V(ro106_out)={VTHRESH} 
     1	7.4102593907e-09
     2	6.31435064354e-09
     3	5.59665463297e-09
     4	1.02180252372e-08
     5	8.54882681489e-09
     6	7.48381499306e-09
     7	1.46358347264e-08
     8	1.21515260299e-08
     9	1.05707522501e-08

Measurement: edge100_ro107
  step	V(ro107_out)={VTHRESH} 
     1	7.34127909006e-09
     2	6.2734166684e-09
     3	5.57592795581e-09
     4	1.0123866017e-08
     5	8.49785236686e-09
     6	7.4539875396e-09
     7	1.44857957232e-08
     8	1.20703620198e-08
     9	1.05240224181e-08

Measurement: edge100_ro108
  step	V(ro108_out)={VTHRESH} 
     1	7.3453150872e-09
     2	6.2518553759e-09
     3	5.55750093242e-09
     4	1.00916918858e-08
     5	8.4581018087e-09
     6	7.41579289546e-09
     7	1.44350246859e-08
     8	1.20058265309e-08
     9	1.04609238462e-08

Measurement: edge100_ro109
  step	V(ro109_out)={VTHRESH} 
     1	7.71606976929e-09
     2	6.50595002451e-09
     3	5.73672015961e-09
     4	1.07661313256e-08
     5	8.90651300114e-09
     6	7.73618229052e-09
     7	1.55626147284e-08
     8	1.27715540209e-08
     9	1.10250072786e-08

Measurement: edge100_ro110
  step	V(ro110_out)={VTHRESH} 
     1	7.72654191857e-09
     2	6.50911370321e-09
     3	5.73856023489e-09
     4	1.08097139629e-08
     5	8.93342786994e-09
     6	7.7589140771e-09
     7	1.56442940079e-08
     8	1.28194910306e-08
     9	1.10587694799e-08

Measurement: edge100_ro111
  step	V(ro111_out)={VTHRESH} 
     1	7.0310390096e-09
     2	6.05148801899e-09
     3	5.41115844981e-09
     4	9.59839057872e-09
     5	8.1299430486e-09
     6	7.17720739339e-09
     7	1.36322986297e-08
     8	1.14670658947e-08
     9	1.00637879616e-08

Measurement: edge100_ro112
  step	V(ro112_out)={VTHRESH} 
     1	7.61600083885e-09
     2	6.42057241938e-09
     3	5.67351446752e-09
     4	1.06778109183e-08
     5	8.82612328053e-09
     6	7.67330959638e-09
     7	1.54465032916e-08
     8	1.26577803329e-08
     9	1.09268433147e-08

Measurement: edge100_ro113
  step	V(ro113_out)={VTHRESH} 
     1	7.54391804444e-09
     2	6.37190100227e-09
     3	5.65671725702e-09
     4	1.04284510093e-08
     5	8.69554533073e-09
     6	7.5953072857e-09
     7	1.49807701545e-08
     8	1.23980471696e-08
     9	1.07654494041e-08

Measurement: edge100_ro114
  step	V(ro114_out)={VTHRESH} 
     1	7.50712667172e-09
     2	6.36194044128e-09
     3	5.64586270344e-09
     4	1.0425813368e-08
     5	8.7007495303e-09
     6	7.59926714913e-09
     7	1.50174018382e-08
     8	1.24364649723e-08
     9	1.07932103021e-08

Measurement: edge100_ro115
  step	V(ro115_out)={VTHRESH} 
     1	7.88108477594e-09
     2	6.59412961841e-09
     3	5.80555677798e-09
     4	1.11179362769e-08
     5	9.13438658534e-09
     6	7.90281095805e-09
     7	1.61867477732e-08
     8	1.31835574898e-08
     9	1.13238934449e-08

Measurement: edge100_ro116
  step	V(ro116_out)={VTHRESH} 
     1	6.76558646412e-09
     2	5.87678332616e-09
     3	5.2836328334e-09
     4	9.11533921057e-09
     5	7.80106032401e-09
     6	6.9357445986e-09
     7	1.28205393437e-08
     8	1.09017963663e-08
     9	9.64019040971e-09

Measurement: edge100_ro117
  step	V(ro117_out)={VTHRESH} 
     1	7.58710617618e-09
     2	6.43446062953e-09
     3	5.68945081535e-09
     4	1.05627236664e-08
     5	8.7941244426e-09
     6	7.67042475916e-09
     7	1.5230845046e-08
     8	1.25832818104e-08
     9	1.09056570294e-08

Measurement: edge100_ro118
  step	V(ro118_out)={VTHRESH} 
     1	7.6372424513e-09
     2	6.45423295333e-09
     3	5.70166546126e-09
     4	1.0682896816e-08
     5	8.85922892678e-09
     6	7.70986538185e-09
     7	1.54446582284e-08
     8	1.2703769865e-08
     9	1.09819204066e-08

Measurement: edge100_ro119
  step	V(ro119_out)={VTHRESH} 
     1	7.26029875466e-09
     2	6.20370748017e-09
     3	5.52257722756e-09
     4	9.97397448921e-09
     5	8.37997596279e-09
     6	7.35829706924e-09
     7	1.42457814699e-08
     8	1.18771042324e-08
     9	1.03640513025e-08

Measurement: edge100_ro120
  step	V(ro120_out)={VTHRESH} 
     1	6.97165809132e-09
     2	6.01197286502e-09
     3	5.38469419826e-09
     4	9.47954138346e-09
     5	8.05086304977e-09
     6	7.12219363771e-09
     7	1.34243701135e-08
     8	1.13239783187e-08
     9	9.96103974068e-09

Measurement: edge100_ro121
  step	V(ro121_out)={VTHRESH} 
     1	7.57514099163e-09
     2	6.41611265136e-09
     3	5.67769752671e-09
     4	1.05044255016e-08
     5	8.74036989693e-09
     6	7.62151987163e-09
     7	1.51225455053e-08
     8	1.2479674758e-08
     9	1.08109145827e-08

Measurement: edge100_ro122
  step	V(ro122_out)={VTHRESH} 
     1	7.54753831035e-09
     2	6.4038683425e-09
     3	5.66349825366e-09
     4	1.05310977516e-08
     5	8.75967855888e-09
     6	7.63728634041e-09
     7	1.51937059477e-08
     8	1.25381203837e-08
     9	1.08602190454e-08

Measurement: edge100_ro123
  step	V(ro123_out)={VTHRESH} 
     1	7.54338320702e-09
     2	6.39575277321e-09
     3	5.66513077707e-09
     4	1.05085361221e-08
     5	8.74805258387e-09
     6	7.63214706315e-09
     7	1.51504180407e-08
     8	1.25149475718e-08
     9	1.08475675448e-08

Measurement: edge100_ro124
  step	V(ro124_out)={VTHRESH} 
     1	7.93488039776e-09
     2	6.6261095087e-09
     3	5.8145294643e-09
     4	1.12698922132e-08
     5	9.21395609591e-09
     6	7.94923863034e-09
     7	1.64656167284e-08
     8	1.33399415385e-08
     9	1.14244716184e-08

Measurement: edge100_ro125
  step	V(ro125_out)={VTHRESH} 
     1	8.13270911703e-09
     2	6.78145499028e-09
     3	5.93477493566e-09
     4	1.14933153421e-08
     5	9.38442781589e-09
     6	8.08367800733e-09
     7	1.67650766532e-08
     8	1.35736466887e-08
     9	1.16104346766e-08

Measurement: edge100_ro126
  step	V(ro126_out)={VTHRESH} 
     1	7.09793947933e-09
     2	6.10731355416e-09
     3	5.45214933348e-09
     4	9.66662482538e-09
     5	8.19049598668e-09
     6	7.22679547453e-09
     7	1.37271185331e-08
     8	1.15535816396e-08
     9	1.01372023185e-08

Measurement: edge100_ro127
  step	V(ro127_out)={VTHRESH} 
     1	7.54069251365e-09
     2	6.37346806641e-09
     3	5.64312147306e-09
     4	1.05153079684e-08
     5	8.71699988964e-09
     6	7.59405500891e-09
     7	1.51611717447e-08
     8	1.24578664849e-08
     9	1.07800154992e-08
