LTspice 26.0.2 for Windows
Circuit: C:\Users\JUST\Documents\LTspice\RO_PUF_PVT_100\chip_042_PVT.net
Start Time: Mon Jul 20 01:13:10 2026
Options:plotwinsize=0 numdgt=10 reltol=1e-4 abstol=1e-12 vntol=1e-6 reltol=0.003 vntol=1m abstol=1e-10 gmin=1e-10 threads=1

.step vddval=0.9 temp=-20°
solver = Normal
Maximum thread count: 1
tnom = 27
temp = -20
method = trap
gmin = 1e-10
abstol = 1e-10
reltol = 0.003
volttol = 0.001
Per .tran options, skipping operating point for transient analysis.

.step vddval=1 temp=-20°

.step vddval=1.1 temp=-20°

.step vddval=0.9 temp=25°

.step vddval=1 temp=25°

.step vddval=1.1 temp=25°

.step vddval=0.9 temp=80°

.step vddval=1 temp=80°

.step vddval=1.1 temp=80°
Total elapsed time: 1855.874 seconds.

Files loaded:
C:\Users\JUST\Documents\LTspice\RO_PUF_PVT_100\chip_042_PVT.net
C:\Users\JUST\Documents\LTspice\RO_PUF_PVT_100\45nm_HP.pm
C:\Users\JUST\Documents\LTspice\RO_PUF_PVT_100\chip_042_mismatch.inc


Measurement: t_ro0
  step	t_ro0	FROM	TO
     1	5.82995572355e-09	1.39659866849e-09	7.22655439204e-09
     2	4.99029333484e-09	1.19462012472e-09	6.18491345956e-09
     3	4.44602324575e-09	1.06376483944e-09	5.50978808519e-09
     4	8.00111967088e-09	1.91663117847e-09	9.91775084935e-09
     5	6.7369966817e-09	1.61241290957e-09	8.34940959127e-09
     6	5.9227615082e-09	1.41721252327e-09	7.33997403148e-09
     7	1.14217645135e-08	2.7351761576e-09	1.41569406711e-08
     8	9.54697651214e-09	2.28443983227e-09	1.18314163444e-08
     9	8.34278931836e-09	1.99549544635e-09	1.03382847647e-08

Measurement: t_ro1
  step	t_ro1	FROM	TO
     1	5.6667597135e-09	1.36020322283e-09	7.02696293633e-09
     2	4.87943100968e-09	1.16971427093e-09	6.04914528062e-09
     3	4.36820307055e-09	1.04632343216e-09	5.41452650271e-09
     4	7.7276051736e-09	1.85548477281e-09	9.58308994641e-09
     5	6.55366089628e-09	1.57190324378e-09	8.12556414006e-09
     6	5.79011788649e-09	1.38759936069e-09	7.17771724718e-09
     7	1.09703958325e-08	2.63443666734e-09	1.36048324998e-08
     8	9.23852389603e-09	2.2161913735e-09	1.14547152695e-08
     9	8.11576071269e-09	1.9453802858e-09	1.00611409985e-08

Measurement: t_ro2
  step	t_ro2	FROM	TO
     1	6.20901936996e-09	1.48841140093e-09	7.69743077089e-09
     2	5.24339710956e-09	1.25550105311e-09	6.49889816267e-09
     3	4.62976999647e-09	1.10782406959e-09	5.73759406606e-09
     4	8.68086960212e-09	2.08142350962e-09	1.07622931117e-08
     5	7.19742818066e-09	1.72344799863e-09	8.92087617929e-09
     6	6.25945433049e-09	1.49764793956e-09	7.75710227005e-09
     7	1.25609014689e-08	3.01131141274e-09	1.55722128816e-08
     8	1.0330805646e-08	2.47384961435e-09	1.28046552604e-08
     9	8.92617934908e-09	2.13576961566e-09	1.10619489647e-08

Measurement: t_ro3
  step	t_ro3	FROM	TO
     1	5.96032214798e-09	1.42998617355e-09	7.39030832154e-09
     2	5.08034427275e-09	1.21726162942e-09	6.29760590217e-09
     3	4.50665237223e-09	1.07901523283e-09	5.58566760506e-09
     4	8.24704633425e-09	1.97924120122e-09	1.02262875355e-08
     5	6.90369793817e-09	1.65486554257e-09	8.55856348074e-09
     6	6.04397039262e-09	1.44746249979e-09	7.49143289241e-09
     7	1.18451268498e-08	2.84261581599e-09	1.46877426658e-08
     8	9.84051624892e-09	2.3589109616e-09	1.21994272105e-08
     9	8.56100080508e-09	2.05047958543e-09	1.06114803905e-08

Measurement: t_ro4
  step	t_ro4	FROM	TO
     1	5.78934758819e-09	1.3898547833e-09	7.17920237149e-09
     2	4.96000013166e-09	1.18937266658e-09	6.14937279824e-09
     3	4.42668267269e-09	1.05987324459e-09	5.48655591727e-09
     4	7.93977546617e-09	1.90687415348e-09	9.84664961965e-09
     5	6.69577063126e-09	1.60582468252e-09	8.30159531377e-09
     6	5.89345382571e-09	1.41173911711e-09	7.30519294282e-09
     7	1.13241837251e-08	2.71991827263e-09	1.40441019977e-08
     8	9.47993321642e-09	2.27390983151e-09	1.17538430479e-08
     9	8.29396095668e-09	1.98727894529e-09	1.0281239902e-08

Measurement: t_ro5
  step	t_ro5	FROM	TO
     1	6.46408040666e-09	1.55682951016e-09	8.02090991682e-09
     2	5.40612430573e-09	1.30013144061e-09	6.70625574633e-09
     3	4.74086412604e-09	1.1390416714e-09	5.87990579744e-09
     4	9.15201392089e-09	2.20618796721e-09	1.13582018881e-08
     5	7.49792196047e-09	1.80486027163e-09	9.30278223211e-09
     6	6.47351872029e-09	1.55668189661e-09	8.0302006169e-09
     7	1.33539862301e-08	3.22092873876e-09	1.65749149689e-08
     8	1.0846768611e-08	2.61250312847e-09	1.34592717395e-08
     9	9.29943628081e-09	2.23762549022e-09	1.1537061771e-08

Measurement: t_ro6
  step	t_ro6	FROM	TO
     1	5.74180379031e-09	1.37458226272e-09	7.11638605303e-09
     2	4.92400343343e-09	1.17706375179e-09	6.10106718522e-09
     3	4.39391990876e-09	1.04944606716e-09	5.44336597592e-09
     4	7.88648441814e-09	1.88797946962e-09	9.77446388776e-09
     5	6.64788822268e-09	1.58944758904e-09	8.23733581171e-09
     6	5.85306202011e-09	1.39814058239e-09	7.2512026025e-09
     7	1.12421742143e-08	2.69084203098e-09	1.39330162453e-08
     8	9.4034170923e-09	2.2481322222e-09	1.16515493145e-08
     9	8.22731065654e-09	1.96532694463e-09	1.01926376012e-08

Measurement: t_ro7
  step	t_ro7	FROM	TO
     1	5.75999094083e-09	1.38084706369e-09	7.14083800452e-09
     2	4.95039016667e-09	1.18532191964e-09	6.13571208631e-09
     3	4.41825946412e-09	1.05691429252e-09	5.47517375664e-09
     4	7.86879947704e-09	1.88759810784e-09	9.75639758487e-09
     5	6.65643964163e-09	1.5941285772e-09	8.25056821882e-09
     6	5.8673677268e-09	1.40388599556e-09	7.27125372236e-09
     7	1.11939205307e-08	2.68519908378e-09	1.38791196145e-08
     8	9.40353847856e-09	2.2521636803e-09	1.16557021589e-08
     9	8.24119447568e-09	1.97191638284e-09	1.02131108585e-08

Measurement: t_ro8
  step	t_ro8	FROM	TO
     1	5.89689296732e-09	1.41469598538e-09	7.31158895269e-09
     2	5.03781662332e-09	1.20717775888e-09	6.2449943822e-09
     3	4.48001024044e-09	1.07217495032e-09	5.55218519076e-09
     4	8.1069927756e-09	1.94529030449e-09	1.00522830801e-08
     5	6.80830475775e-09	1.63189416335e-09	8.44019892111e-09
     6	5.9743014721e-09	1.43092498368e-09	7.40522645579e-09
     7	1.15902704747e-08	2.7812508632e-09	1.43715213379e-08
     8	9.66259022338e-09	2.3163430377e-09	1.19789332611e-08
     9	8.42840385903e-09	2.01902314156e-09	1.04474270006e-08

Measurement: t_ro9
  step	t_ro9	FROM	TO
     1	6.13379512083e-09	1.46975730327e-09	7.6035524241e-09
     2	5.19176464316e-09	1.24291618918e-09	6.43468083234e-09
     3	4.58837470534e-09	1.09753686284e-09	5.68591156818e-09
     4	8.54053839981e-09	2.04647629182e-09	1.05870146916e-08
     5	7.09519365936e-09	1.69847987013e-09	8.79367352949e-09
     6	6.18136420403e-09	1.4786341797e-09	7.65999838373e-09
     7	1.23206662651e-08	2.95166675856e-09	1.52723330237e-08
     8	1.01552722104e-08	2.43087610145e-09	1.25861483118e-08
     9	8.78988519753e-09	2.10247682062e-09	1.08923620181e-08

Measurement: t_ro10
  step	t_ro10	FROM	TO
     1	6.38373652233e-09	1.53261749839e-09	7.91635402072e-09
     2	5.34896805036e-09	1.28157915492e-09	6.63054720528e-09
     3	4.70224874028e-09	1.12534369673e-09	5.82759243701e-09
     4	9.03244183964e-09	2.1696750549e-09	1.12021168945e-08
     5	7.41871221821e-09	1.77862087153e-09	9.19733308974e-09
     6	6.41548322911e-09	1.53598782192e-09	7.95147105103e-09
     7	1.31714351481e-08	3.16418304712e-09	1.63356181953e-08
     8	1.0726077614e-08	2.5723356629e-09	1.32984132769e-08
     9	9.21039128077e-09	2.20618699599e-09	1.14165782768e-08

Measurement: t_ro11
  step	t_ro11	FROM	TO
     1	6.08470704087e-09	1.45718507704e-09	7.54189211791e-09
     2	5.1684713487e-09	1.23535273721e-09	6.40382408592e-09
     3	4.57726389169e-09	1.09316794761e-09	5.6704318393e-09
     4	8.44985718909e-09	2.02416574955e-09	1.04740229386e-08
     5	7.05161566589e-09	1.68620342199e-09	8.73781908788e-09
     6	6.15856375227e-09	1.47093680803e-09	7.6295005603e-09
     7	1.21667276764e-08	2.91385282863e-09	1.50805805051e-08
     8	1.00773699069e-08	2.40942354309e-09	1.248679345e-08
     9	8.74574643969e-09	2.08871147395e-09	1.08344579136e-08

Measurement: t_ro12
  step	t_ro12	FROM	TO
     1	6.08000736135e-09	1.46179178005e-09	7.5417991414e-09
     2	5.15643731418e-09	1.23598315134e-09	6.39242046552e-09
     3	4.56199690737e-09	1.09188248163e-09	5.653879389e-09
     4	8.49031211667e-09	2.0403200042e-09	1.05306321209e-08
     5	7.04471940878e-09	1.68965237456e-09	8.73437178333e-09
     6	6.14003256112e-09	1.47036699311e-09	7.61039955423e-09
     7	1.22260038563e-08	2.93888624056e-09	1.51648900969e-08
     8	1.00622493045e-08	2.41379276422e-09	1.24760420687e-08
     9	8.71166898518e-09	2.08701658117e-09	1.07986855663e-08

Measurement: t_ro13
  step	t_ro13	FROM	TO
     1	5.89912574366e-09	1.41427424223e-09	7.31339998589e-09
     2	5.01997414948e-09	1.20234538405e-09	6.22231953353e-09
     3	4.46505994159e-09	1.06837829556e-09	5.53343823714e-09
     4	8.15981841021e-09	1.95608333055e-09	1.01159017408e-08
     5	6.82548440794e-09	1.63526008805e-09	8.460744496e-09
     6	5.98112861387e-09	1.43173408329e-09	7.41286269716e-09
     7	1.17077513462e-08	2.80796055038e-09	1.45157118966e-08
     8	9.72040631371e-09	2.32902040488e-09	1.20494267186e-08
     9	8.46426048214e-09	2.02637199447e-09	1.04906324766e-08

Measurement: t_ro14
  step	t_ro14	FROM	TO
     1	6.13848819057e-09	1.47000273857e-09	7.60849092915e-09
     2	5.19544598614e-09	1.24208973206e-09	6.4375357182e-09
     3	4.59625888787e-09	1.09820817174e-09	5.69446705961e-09
     4	8.57319270605e-09	2.05252915566e-09	1.06257218617e-08
     5	7.12180642574e-09	1.70237763103e-09	8.82418405676e-09
     6	6.20572169759e-09	1.48240362359e-09	7.68812532118e-09
     7	1.23708323258e-08	2.96039276613e-09	1.5331225092e-08
     8	1.01948716657e-08	2.43624874743e-09	1.26311204132e-08
     9	8.82490904355e-09	2.10757305196e-09	1.09324820955e-08

Measurement: t_ro15
  step	t_ro15	FROM	TO
     1	5.93221091813e-09	1.425536724e-09	7.35774764213e-09
     2	5.06281290765e-09	1.21228181687e-09	6.27509472452e-09
     3	4.49582068881e-09	1.07418984454e-09	5.57001053335e-09
     4	8.20239308058e-09	1.97278298844e-09	1.0175176069e-08
     5	6.87140150347e-09	1.64815058261e-09	8.51955208608e-09
     6	6.02071570964e-09	1.44063915171e-09	7.46135486135e-09
     7	1.1757844856e-08	2.82949723467e-09	1.45873420907e-08
     8	9.77377367823e-09	2.34638747895e-09	1.21201611572e-08
     9	8.51011524612e-09	2.03883891693e-09	1.05489541631e-08

Measurement: t_ro16
  step	t_ro16	FROM	TO
     1	5.8951131462e-09	1.41401562907e-09	7.30912877527e-09
     2	5.02512190401e-09	1.20349020832e-09	6.22861211233e-09
     3	4.46919711195e-09	1.06898245979e-09	5.53817957174e-09
     4	8.12434364895e-09	1.94929754738e-09	1.00736411963e-08
     5	6.80857461055e-09	1.63127203444e-09	8.43984664499e-09
     6	5.96956661256e-09	1.42853151807e-09	7.39809813064e-09
     7	1.16325256695e-08	2.79109234291e-09	1.44236180124e-08
     8	9.67442127752e-09	2.31819251632e-09	1.19926137938e-08
     9	8.42959291074e-09	2.01767730604e-09	1.04472702168e-08

Measurement: t_ro17
  step	t_ro17	FROM	TO
     1	5.67802881868e-09	1.35765352459e-09	7.03568234327e-09
     2	4.89113508675e-09	1.16799702032e-09	6.05913210707e-09
     3	4.37432402833e-09	1.04400734553e-09	5.41833137386e-09
     4	7.70369018724e-09	1.84151196612e-09	9.54520215336e-09
     5	6.5373011009e-09	1.56115681572e-09	8.09845791662e-09
     6	5.77587706611e-09	1.37858217169e-09	7.1544592378e-09
     7	1.09017680045e-08	2.60506770047e-09	1.35068357049e-08
     8	9.18766704768e-09	2.19373628149e-09	1.13814033292e-08
     9	8.07329021962e-09	1.92656935346e-09	9.99985957308e-09

Measurement: t_ro18
  step	t_ro18	FROM	TO
     1	6.03504138921e-09	1.44787861387e-09	7.48292000308e-09
     2	5.1200058818e-09	1.22679592774e-09	6.34680180954e-09
     3	4.54230345919e-09	1.08575572815e-09	5.62805918734e-09
     4	8.38679043423e-09	2.01274878388e-09	1.03995392181e-08
     5	6.99181612463e-09	1.67421855491e-09	8.66603467954e-09
     6	6.10772553292e-09	1.46030903262e-09	7.56803456554e-09
     7	1.20759704093e-08	2.89792232446e-09	1.49738927337e-08
     8	9.98641834178e-09	2.39151543518e-09	1.2377933777e-08
     9	8.66673279125e-09	2.07225859327e-09	1.07389913845e-08

Measurement: t_ro19
  step	t_ro19	FROM	TO
     1	5.55368648221e-09	1.32680278242e-09	6.88048926463e-09
     2	4.79999233291e-09	1.14623228894e-09	5.94622462186e-09
     3	4.30657994738e-09	1.02947269716e-09	5.33605264454e-09
     4	7.53097843018e-09	1.79771937547e-09	9.32869780565e-09
     5	6.41298535487e-09	1.53112162509e-09	7.94410697996e-09
     6	5.68258924872e-09	1.35716839346e-09	7.03975764218e-09
     7	1.0640765257e-08	2.53792712696e-09	1.3178692384e-08
     8	8.99893562872e-09	2.14710282598e-09	1.11460384547e-08
     9	7.92952025019e-09	1.89253667006e-09	9.82205692024e-09

Measurement: t_ro20
  step	t_ro20	FROM	TO
     1	5.87406734206e-09	1.4182971974e-09	7.29236453946e-09
     2	5.02178283769e-09	1.21043310159e-09	6.23221593929e-09
     3	4.47999617074e-09	1.07681638445e-09	5.55681255519e-09
     4	8.08663828591e-09	1.95445512543e-09	1.00410934113e-08
     5	6.79589494737e-09	1.63992707732e-09	8.43582202469e-09
     6	5.96571124082e-09	1.43800222864e-09	7.40371346946e-09
     7	1.15706297565e-08	2.79788324863e-09	1.43685130051e-08
     8	9.65069958957e-09	2.33014262826e-09	1.19808422178e-08
     9	8.41968596032e-09	2.03100192988e-09	1.04506878902e-08

Measurement: t_ro21
  step	t_ro21	FROM	TO
     1	6.12596165215e-09	1.47562490012e-09	7.60158655227e-09
     2	5.18864781839e-09	1.24863150411e-09	6.4372793225e-09
     3	4.58927692183e-09	1.1034421174e-09	5.69271903923e-09
     4	8.53968104955e-09	2.05890574218e-09	1.05985867917e-08
     5	7.10117357586e-09	1.7104258166e-09	8.81159939246e-09
     6	6.18956623824e-09	1.48965685604e-09	7.67922309429e-09
     7	1.23312723738e-08	2.97474529302e-09	1.53060176668e-08
     8	1.01738948949e-08	2.4520746003e-09	1.26259694952e-08
     9	8.81028574937e-09	2.12188254882e-09	1.09321682982e-08

Measurement: t_ro22
  step	t_ro22	FROM	TO
     1	6.08000148744e-09	1.4608418486e-09	7.54084333604e-09
     2	5.16468565584e-09	1.23932064924e-09	6.40400630508e-09
     3	4.57524386905e-09	1.09677302026e-09	5.67201688932e-09
     4	8.44087401899e-09	2.030083725e-09	1.0470957744e-08
     5	7.04870404648e-09	1.69230299814e-09	8.74100704462e-09
     6	6.1575812899e-09	1.47683746037e-09	7.63441875027e-09
     7	1.21602731255e-08	2.92503702422e-09	1.50853101497e-08
     8	1.00790989788e-08	2.42042667948e-09	1.24995256582e-08
     9	8.75019268419e-09	2.09929287153e-09	1.08494855557e-08

Measurement: t_ro23
  step	t_ro23	FROM	TO
     1	5.86059071168e-09	1.41193472396e-09	7.27252543564e-09
     2	5.0117129036e-09	1.20640599714e-09	6.21811890073e-09
     3	4.46433172005e-09	1.07349407857e-09	5.53782579862e-09
     4	8.03765715727e-09	1.93881441958e-09	9.97647157685e-09
     5	6.76416299174e-09	1.63020310724e-09	8.39436609898e-09
     6	5.94358910374e-09	1.4313545903e-09	7.37494369404e-09
     7	1.14744819302e-08	2.7698844706e-09	1.42443664007e-08
     8	9.58701210844e-09	2.31232157013e-09	1.18993336786e-08
     9	8.37412989933e-09	2.01867631387e-09	1.03928062132e-08

Measurement: t_ro24
  step	t_ro24	FROM	TO
     1	6.0998083382e-09	1.46811321395e-09	7.56792155216e-09
     2	5.17169779982e-09	1.24325412391e-09	6.41495192373e-09
     3	4.57742434392e-09	1.09949726694e-09	5.67692161086e-09
     4	8.48203944756e-09	2.0439805516e-09	1.05260199992e-08
     5	7.06687192353e-09	1.70042131177e-09	8.7672932353e-09
     6	6.16585145503e-09	1.48231373611e-09	7.64816519114e-09
     7	1.22268686539e-08	2.94785298899e-09	1.51747216429e-08
     8	1.01076063443e-08	2.43387655263e-09	1.2541482897e-08
     9	8.76277813864e-09	2.10854073246e-09	1.08713188711e-08

Measurement: t_ro25
  step	t_ro25	FROM	TO
     1	6.62428087223e-09	1.58634948374e-09	8.21063035597e-09
     2	5.51714303531e-09	1.31955585106e-09	6.83669888637e-09
     3	4.80774318281e-09	1.14860282183e-09	5.95634600463e-09
     4	9.42544941137e-09	2.25723318573e-09	1.16826825971e-08
     5	7.67997149259e-09	1.83644467684e-09	9.51641616942e-09
     6	6.6043734723e-09	1.57807927794e-09	8.18245275024e-09
     7	1.38165724155e-08	3.30790453171e-09	1.71244769472e-08
     8	1.11615883257e-08	2.66869442255e-09	1.38302827483e-08
     9	9.52899356788e-09	2.27650760637e-09	1.18055011742e-08

Measurement: t_ro26
  step	t_ro26	FROM	TO
     1	6.10579514976e-09	1.46482908606e-09	7.57062423581e-09
     2	5.16427110529e-09	1.23822391019e-09	6.40249501548e-09
     3	4.56977803381e-09	1.09521497481e-09	5.66499300863e-09
     4	8.50823494099e-09	2.04146481846e-09	1.05496997595e-08
     5	7.06296460969e-09	1.69336671951e-09	8.7563313292e-09
     6	6.15556849745e-09	1.47532806974e-09	7.63089656718e-09
     7	1.22547637213e-08	2.94023141534e-09	1.51949951366e-08
     8	1.00917559183e-08	2.41942095775e-09	1.2511176876e-08
     9	8.73695320577e-09	2.09400010818e-09	1.0830953314e-08

Measurement: t_ro27
  step	t_ro27	FROM	TO
     1	6.47737541949e-09	1.5589838979e-09	8.03635931739e-09
     2	5.42927605726e-09	1.30506102156e-09	6.73433707881e-09
     3	4.76936893878e-09	1.14551124361e-09	5.91488018238e-09
     4	9.18004922118e-09	2.21078598064e-09	1.13908352018e-08
     5	7.53726605797e-09	1.81272996556e-09	9.34999602353e-09
     6	6.51089453267e-09	1.56436216847e-09	8.07525670114e-09
     7	1.34171571412e-08	3.23219148346e-09	1.66493486246e-08
     8	1.09262946859e-08	2.62878393239e-09	1.35550786183e-08
     9	9.37258433129e-09	2.25303818906e-09	1.16256225203e-08

Measurement: t_ro28
  step	t_ro28	FROM	TO
     1	6.17082115223e-09	1.47906630732e-09	7.64988745955e-09
     2	5.21010116185e-09	1.24687474642e-09	6.45697590827e-09
     3	4.60220380974e-09	1.1000417411e-09	5.70224555084e-09
     4	8.64626834376e-09	2.07257442961e-09	1.07188427734e-08
     5	7.16123222762e-09	1.71410947351e-09	8.87534170112e-09
     6	6.22757734523e-09	1.48894054563e-09	7.71651789086e-09
     7	1.25229218699e-08	3.00117336772e-09	1.55240952377e-08
     8	1.02854310706e-08	2.46152028453e-09	1.27469513551e-08
     9	8.88362468414e-09	2.12379356917e-09	1.10074182533e-08

Measurement: t_ro29
  step	t_ro29	FROM	TO
     1	5.92685178967e-09	1.4232044019e-09	7.35005619156e-09
     2	5.06275891964e-09	1.21434471834e-09	6.27710363798e-09
     3	4.49011551795e-09	1.07633967646e-09	5.56645519442e-09
     4	8.18150535586e-09	1.96515067794e-09	1.01466560338e-08
     5	6.86134468135e-09	1.64605018442e-09	8.50739486577e-09
     6	6.01526855754e-09	1.44196923776e-09	7.45723779531e-09
     7	1.17218207449e-08	2.81572836742e-09	1.45375491124e-08
     8	9.75743652021e-09	2.34117960149e-09	1.20986161217e-08
     9	8.50149669602e-09	2.03829880384e-09	1.05397954999e-08

Measurement: t_ro30
  step	t_ro30	FROM	TO
     1	5.98568976034e-09	1.44111418325e-09	7.42680394358e-09
     2	5.08643095998e-09	1.22393190403e-09	6.31036286401e-09
     3	4.5077722991e-09	1.08439076476e-09	5.59216306387e-09
     4	8.31574660416e-09	2.00328203713e-09	1.03190286413e-08
     5	6.93055733692e-09	1.66896966882e-09	8.59952700575e-09
     6	6.05639608354e-09	1.45804646164e-09	7.51444254519e-09
     7	1.19580263764e-08	2.88301886311e-09	1.48410452395e-08
     8	9.88649391703e-09	2.38226690383e-09	1.22687608209e-08
     9	8.58165852155e-09	2.06749428676e-09	1.06491528083e-08

Measurement: t_ro31
  step	t_ro31	FROM	TO
     1	6.40000458914e-09	1.53394047374e-09	7.93394506288e-09
     2	5.38206079347e-09	1.28735622984e-09	6.66941702331e-09
     3	4.72702768166e-09	1.129809504e-09	5.85683718566e-09
     4	9.02628398978e-09	2.16273220751e-09	1.11890161973e-08
     5	7.433464409e-09	1.77808978112e-09	9.21155419011e-09
     6	6.43391375307e-09	1.53774917511e-09	7.97166292818e-09
     7	1.31386395113e-08	3.14681761134e-09	1.62854571227e-08
     8	1.07325073856e-08	2.56678430616e-09	1.32992916918e-08
     9	9.22688998859e-09	2.20489604712e-09	1.14317860357e-08

Measurement: t_ro32
  step	t_ro32	FROM	TO
     1	5.93513836752e-09	1.43028546106e-09	7.36542382858e-09
     2	5.06726639183e-09	1.22024204415e-09	6.28750843598e-09
     3	4.49737924323e-09	1.0821407959e-09	5.57952003913e-09
     4	8.20414473395e-09	1.97995768339e-09	1.01841024173e-08
     5	6.87235668434e-09	1.6564367793e-09	8.52879346364e-09
     6	6.02031846886e-09	1.44979453129e-09	7.47011300015e-09
     7	1.1760390399e-08	2.83979816153e-09	1.46001885605e-08
     8	9.77439246509e-09	2.35729468715e-09	1.21316871522e-08
     9	8.50922289587e-09	2.05042726592e-09	1.05596501618e-08

Measurement: t_ro33
  step	t_ro33	FROM	TO
     1	5.82425699371e-09	1.39960149224e-09	7.22385848594e-09
     2	4.99098390153e-09	1.1950310996e-09	6.18601500113e-09
     3	4.45037464954e-09	1.06374778988e-09	5.51412243943e-09
     4	7.98263105047e-09	1.92797272176e-09	9.91060377222e-09
     5	6.73010373539e-09	1.61425533487e-09	8.34435907026e-09
     6	5.92005670982e-09	1.41713094343e-09	7.33718765325e-09
     7	1.13785797087e-08	2.75695024298e-09	1.41355299517e-08
     8	9.52384618455e-09	2.2897727953e-09	1.18136189799e-08
     9	8.32950163047e-09	1.99659777874e-09	1.03260994092e-08

Measurement: t_ro34
  step	t_ro34	FROM	TO
     1	5.60000040364e-09	1.35514930757e-09	6.95514971122e-09
     2	4.8366252843e-09	1.16788467893e-09	6.00450996322e-09
     3	4.33497806246e-09	1.04576217144e-09	5.3807402339e-09
     4	7.56608866893e-09	1.83188452655e-09	9.39797319548e-09
     5	6.44447655885e-09	1.55752073942e-09	8.00199729826e-09
     6	5.7084799777e-09	1.37827779894e-09	7.08675777664e-09
     7	1.06831523466e-08	2.58815777994e-09	1.32713101265e-08
     8	9.03886768064e-09	2.18597176805e-09	1.12248394487e-08
     9	7.96276339271e-09	1.92384807878e-09	9.88661147149e-09

Measurement: t_ro35
  step	t_ro35	FROM	TO
     1	6.15994036092e-09	1.476797815e-09	7.63673817593e-09
     2	5.21211495367e-09	1.24716452499e-09	6.45927947865e-09
     3	4.60662154574e-09	1.10122414162e-09	5.70784568736e-09
     4	8.59769233967e-09	2.06193954248e-09	1.06596318821e-08
     5	7.14298293053e-09	1.70953164414e-09	8.85251457467e-09
     6	6.22175218832e-09	1.48748431081e-09	7.70923649914e-09
     7	1.24218188885e-08	2.97842461981e-09	1.54002435083e-08
     8	1.02383288139e-08	2.45043312035e-09	1.26887619343e-08
     9	8.85936299876e-09	2.1179191078e-09	1.09772821066e-08

Measurement: t_ro36
  step	t_ro36	FROM	TO
     1	5.95031119445e-09	1.42766862002e-09	7.37797981447e-09
     2	5.07463605513e-09	1.21534466535e-09	6.28998072048e-09
     3	4.50833983174e-09	1.07867256103e-09	5.58701239277e-09
     4	8.21640008062e-09	1.97220479467e-09	1.01886048753e-08
     5	6.88614224186e-09	1.649859468e-09	8.53600170986e-09
     6	6.03524860142e-09	1.44414818103e-09	7.47939678245e-09
     7	1.17788766724e-08	2.82740799116e-09	1.46062846635e-08
     8	9.79832208999e-09	2.34773245125e-09	1.21460545412e-08
     9	8.53352932036e-09	2.04206738253e-09	1.05755967029e-08

Measurement: t_ro37
  step	t_ro37	FROM	TO
     1	6.3231427843e-09	1.52242550326e-09	7.84556828755e-09
     2	5.31411803578e-09	1.27785735756e-09	6.59197539334e-09
     3	4.67690016711e-09	1.12336900729e-09	5.8002691744e-09
     4	8.91211829166e-09	2.14760601642e-09	1.10597243081e-08
     5	7.34450898037e-09	1.76767449818e-09	9.11218347854e-09
     6	6.36404429638e-09	1.53006371448e-09	7.89410801086e-09
     7	1.29613192177e-08	3.1247326921e-09	1.60860519098e-08
     8	1.05919494462e-08	2.55054836995e-09	1.31424978162e-08
     9	9.11503171827e-09	2.1928137534e-09	1.13078454717e-08

Measurement: t_ro38
  step	t_ro38	FROM	TO
     1	5.81320885019e-09	1.39446621618e-09	7.20767506637e-09
     2	4.96414144907e-09	1.18951964324e-09	6.15366109231e-09
     3	4.43389935441e-09	1.06100062272e-09	5.49489997712e-09
     4	8.00143426031e-09	1.9193175142e-09	9.92075177451e-09
     5	6.73440707166e-09	1.61336898259e-09	8.34777605425e-09
     6	5.91993633401e-09	1.41640983728e-09	7.33634617129e-09
     7	1.14461794667e-08	2.74582242656e-09	1.41920018933e-08
     8	9.56117211081e-09	2.29098211786e-09	1.18521542287e-08
     9	8.35141439908e-09	1.9991832878e-09	1.03505976869e-08

Measurement: t_ro39
  step	t_ro39	FROM	TO
     1	5.97888134268e-09	1.43522069304e-09	7.41410203572e-09
     2	5.046264286e-09	1.20960162925e-09	6.25586591525e-09
     3	4.47058373814e-09	1.07038822344e-09	5.54097196157e-09
     4	8.32899744437e-09	2.00002527868e-09	1.0329022723e-08
     5	6.88266859416e-09	1.65090390892e-09	8.53357250308e-09
     6	6.0000428708e-09	1.4374003055e-09	7.4374431763e-09
     7	1.19883295645e-08	2.87891194859e-09	1.48672415131e-08
     8	9.8166326821e-09	2.35503448748e-09	1.21716671696e-08
     9	8.49620271095e-09	2.03605987202e-09	1.0532262583e-08

Measurement: t_ro40
  step	t_ro40	FROM	TO
     1	6.43359100181e-09	1.54190814422e-09	7.97549914603e-09
     2	5.379638156e-09	1.28738440509e-09	6.66702256109e-09
     3	4.72005124813e-09	1.12919769524e-09	5.84924894337e-09
     4	9.11255406127e-09	2.18402796803e-09	1.12965820293e-08
     5	7.4565862834e-09	1.78430107899e-09	9.24088736239e-09
     6	6.43695441321e-09	1.53919190949e-09	7.9761463227e-09
     7	1.32979732094e-08	3.18589470428e-09	1.64838679137e-08
     8	1.07862571755e-08	2.58045811433e-09	1.33667152898e-08
     9	9.24474604971e-09	2.21018149298e-09	1.14549275427e-08

Measurement: t_ro41
  step	t_ro41	FROM	TO
     1	6.08000263072e-09	1.46120564024e-09	7.54120827096e-09
     2	5.15031917207e-09	1.23455411987e-09	6.38487329195e-09
     3	4.56146781818e-09	1.09206796666e-09	5.65353578485e-09
     4	8.46002532254e-09	2.03404803818e-09	1.04940733607e-08
     5	7.04519695433e-09	1.68922630859e-09	8.73442326292e-09
     6	6.14887848842e-09	1.47259652715e-09	7.62147501557e-09
     7	1.21917439672e-08	2.93061821155e-09	1.51223621787e-08
     8	1.00714035322e-08	2.41487980881e-09	1.2486283341e-08
     9	8.73243779887e-09	2.09150261901e-09	1.08239404179e-08

Measurement: t_ro42
  step	t_ro42	FROM	TO
     1	5.98753139432e-09	1.45014607458e-09	7.4376774689e-09
     2	5.09640000665e-09	1.231897956e-09	6.32829796264e-09
     3	4.51832179087e-09	1.09114598974e-09	5.60946778061e-09
     4	8.28396266378e-09	2.00946052525e-09	1.0293423189e-08
     5	6.92353241772e-09	1.67580670571e-09	8.59933912343e-09
     6	6.0576622364e-09	1.46468328221e-09	7.5223455186e-09
     7	1.18924120129e-08	2.88765113171e-09	1.47800631446e-08
     8	9.86127404447e-09	2.38924724983e-09	1.22505212943e-08
     9	8.57219503998e-09	2.07460342572e-09	1.06467984657e-08

Measurement: t_ro43
  step	t_ro43	FROM	TO
     1	5.97702311762e-09	1.43303081527e-09	7.41005393289e-09
     2	5.09496125997e-09	1.22007852653e-09	6.3150397865e-09
     3	4.521629412e-09	1.08231828567e-09	5.60394769766e-09
     4	8.27150725573e-09	1.98337735158e-09	1.02548846073e-08
     5	6.92888380479e-09	1.65958521661e-09	8.5884690214e-09
     6	6.06770280997e-09	1.45248445105e-09	7.52018726102e-09
     7	1.18753910259e-08	2.84700308335e-09	1.47223941092e-08
     8	9.8738842106e-09	2.36460525939e-09	1.223848947e-08
     9	8.59288530268e-09	2.05714471752e-09	1.06500300202e-08

Measurement: t_ro44
  step	t_ro44	FROM	TO
     1	5.82216652002e-09	1.39845010332e-09	7.22061662334e-09
     2	4.98549006401e-09	1.19624206929e-09	6.1817321333e-09
     3	4.45041501303e-09	1.06699050197e-09	5.51740551501e-09
     4	7.96868380886e-09	1.91507231448e-09	9.88375612334e-09
     5	6.72677188065e-09	1.61445946278e-09	8.34123134343e-09
     6	5.92027868805e-09	1.4201428111e-09	7.34042149915e-09
     7	1.13584559594e-08	2.73009569771e-09	1.40885516571e-08
     8	9.52377590207e-09	2.28617175168e-09	1.18099476538e-08
     9	8.33489525878e-09	1.99960946439e-09	1.03345047232e-08

Measurement: t_ro45
  step	t_ro45	FROM	TO
     1	5.54688690588e-09	1.32840655366e-09	6.87529345954e-09
     2	4.79997335798e-09	1.1479827689e-09	5.94795612688e-09
     3	4.29698442117e-09	1.02815195173e-09	5.3251363729e-09
     4	7.51065863186e-09	1.79838295733e-09	9.30904158919e-09
     5	6.38855065875e-09	1.52859719258e-09	7.91714785133e-09
     6	5.66032181478e-09	1.35399144275e-09	7.01431325753e-09
     7	1.05916605994e-08	2.53539757394e-09	1.31270581734e-08
     8	8.94728117084e-09	2.14054122993e-09	1.10878224008e-08
     9	7.8839070217e-09	1.88535567771e-09	9.76926269941e-09

Measurement: t_ro46
  step	t_ro46	FROM	TO
     1	6.08001489771e-09	1.45662454771e-09	7.53663944542e-09
     2	5.14581618201e-09	1.23107616103e-09	6.37689234304e-09
     3	4.560000828e-09	1.09048293246e-09	5.65048376045e-09
     4	8.43930399893e-09	2.02126159384e-09	1.04605655928e-08
     5	7.02921658407e-09	1.68151926307e-09	8.71073584713e-09
     6	6.13419642166e-09	1.4665800343e-09	7.60077645596e-09
     7	1.21562407454e-08	2.91089638727e-09	1.50671371326e-08
     8	1.0045299308e-08	2.40277622145e-09	1.24480755295e-08
     9	8.71057551133e-09	2.08224766258e-09	1.07928231739e-08

Measurement: t_ro47
  step	t_ro47	FROM	TO
     1	5.7600066826e-09	1.37970489429e-09	7.13971157689e-09
     2	4.9493627628e-09	1.18340903025e-09	6.13277179305e-09
     3	4.41146181601e-09	1.05462193177e-09	5.46608374778e-09
     4	7.88414013341e-09	1.88835202408e-09	9.77249215748e-09
     5	6.65439350037e-09	1.59195128649e-09	8.24634478686e-09
     6	5.85970609168e-09	1.40096043711e-09	7.26066652879e-09
     7	1.12211890386e-08	2.68749146951e-09	1.39086805081e-08
     8	9.40274514243e-09	2.24945797495e-09	1.16522031174e-08
     9	8.23065448514e-09	1.9678483747e-09	1.01985028598e-08

Measurement: t_ro48
  step	t_ro48	FROM	TO
     1	5.77290922485e-09	1.39181595506e-09	7.16472517991e-09
     2	4.95998830396e-09	1.19427503111e-09	6.15426333506e-09
     3	4.41889617381e-09	1.0638916359e-09	5.48278780971e-09
     4	7.89330661813e-09	1.90546904984e-09	9.79877566797e-09
     5	6.66433371031e-09	1.60756306738e-09	8.27189677769e-09
     6	5.86939312459e-09	1.41495313907e-09	7.28434626366e-09
     7	1.12350659926e-08	2.71414608517e-09	1.39492120778e-08
     8	9.41914704416e-09	2.27366985857e-09	1.16928169027e-08
     9	8.24731875522e-09	1.98975655192e-09	1.02370753071e-08

Measurement: t_ro49
  step	t_ro49	FROM	TO
     1	6.04216717861e-09	1.45515946311e-09	7.49732664172e-09
     2	5.11998818772e-09	1.23083231386e-09	6.35082050158e-09
     3	4.52276368182e-09	1.0878144275e-09	5.61057810932e-09
     4	8.44157465989e-09	2.03449918626e-09	1.04760738462e-08
     5	7.00157656023e-09	1.68616443904e-09	8.68774099927e-09
     6	6.10208848629e-09	1.46861088416e-09	7.57069937045e-09
     7	1.21762715877e-08	2.93576465979e-09	1.51120362475e-08
     8	1.00115024874e-08	2.41212252497e-09	1.24236250123e-08
     9	8.66423255918e-09	2.08639135512e-09	1.07506239143e-08

Measurement: t_ro50
  step	t_ro50	FROM	TO
     1	6.06436210631e-09	1.45814461237e-09	7.52250671868e-09
     2	5.14992530044e-09	1.23555707285e-09	6.38548237329e-09
     3	4.56381109661e-09	1.0935679348e-09	5.6573790314e-09
     4	8.39334856155e-09	2.01892525782e-09	1.04122738194e-08
     5	7.0175442266e-09	1.68484958562e-09	8.70239381222e-09
     6	6.13384177106e-09	1.4707147394e-09	7.60455651047e-09
     7	1.20782490476e-08	2.90568139847e-09	1.4983930446e-08
     8	1.00243422061e-08	2.40749806674e-09	1.24318402728e-08
     9	8.70837882639e-09	2.08872401414e-09	1.07971028405e-08

Measurement: t_ro51
  step	t_ro51	FROM	TO
     1	5.76000485709e-09	1.37861369903e-09	7.13861855612e-09
     2	4.96000373215e-09	1.18609452685e-09	6.146098259e-09
     3	4.41633055288e-09	1.05478436308e-09	5.47111491597e-09
     4	7.84337480388e-09	1.87809013478e-09	9.72146493866e-09
     5	6.63291022856e-09	1.585830429e-09	8.21874065756e-09
     6	5.84687654538e-09	1.39664468501e-09	7.24352123039e-09
     7	1.11321122361e-08	2.66561352562e-09	1.37977257617e-08
     8	9.34945124103e-09	2.23532336723e-09	1.15847746083e-08
     9	8.19513124307e-09	1.95766515003e-09	1.01527963931e-08

Measurement: t_ro52
  step	t_ro52	FROM	TO
     1	6.02348564748e-09	1.4573034049e-09	7.48078905238e-09
     2	5.1200030267e-09	1.23635942828e-09	6.35636245497e-09
     3	4.54162673206e-09	1.09597432972e-09	5.63760106178e-09
     4	8.31010130421e-09	2.01240773808e-09	1.03225090423e-08
     5	6.94642549251e-09	1.67936410131e-09	8.62578959382e-09
     6	6.07629086143e-09	1.46774894898e-09	7.54403981041e-09
     7	1.19174699841e-08	2.88737377552e-09	1.48048437596e-08
     8	9.88720702121e-09	2.39159074537e-09	1.22787977666e-08
     9	8.59435830695e-09	2.07701758446e-09	1.06713758914e-08

Measurement: t_ro53
  step	t_ro53	FROM	TO
     1	5.98481854983e-09	1.44593841419e-09	7.43075696402e-09
     2	5.09101771658e-09	1.22748939601e-09	6.31850711259e-09
     3	4.50769799636e-09	1.08509107521e-09	5.59278907158e-09
     4	8.31148774169e-09	2.01142229627e-09	1.0322910038e-08
     5	6.93057824733e-09	1.6739253375e-09	8.60450358482e-09
     6	6.05751617787e-09	1.46077689486e-09	7.51829307273e-09
     7	1.19494476336e-08	2.89434403118e-09	1.48437916648e-08
     8	9.88402951753e-09	2.38998008456e-09	1.22740096021e-08
     9	8.58145909662e-09	2.07215980992e-09	1.06536189065e-08

Measurement: t_ro54
  step	t_ro54	FROM	TO
     1	6.17118929402e-09	1.48578932006e-09	7.65697861407e-09
     2	5.2257658213e-09	1.25490885128e-09	6.48067467257e-09
     3	4.61786788137e-09	1.10764379064e-09	5.725511672e-09
     4	8.58608114973e-09	2.0686935261e-09	1.06547746758e-08
     5	7.14131259764e-09	1.71612227236e-09	8.85743487001e-09
     6	6.22285307173e-09	1.49345057818e-09	7.71630364991e-09
     7	1.23867607753e-08	2.9846871877e-09	1.5371447963e-08
     8	1.02226266685e-08	2.45731510755e-09	1.26799417761e-08
     9	8.85105484444e-09	2.12493258595e-09	1.09759874304e-08

Measurement: t_ro55
  step	t_ro55	FROM	TO
     1	5.4863992281e-09	1.3183521412e-09	6.8047513693e-09
     2	4.75876231051e-09	1.14211601764e-09	5.90087832816e-09
     3	4.27552999739e-09	1.02510551494e-09	5.30063551233e-09
     4	7.391460125e-09	1.7770834206e-09	9.1685435456e-09
     5	6.31754952158e-09	1.51727612498e-09	7.83482564656e-09
     6	5.61250080149e-09	1.34674283674e-09	6.95924363823e-09
     7	1.03976855737e-08	2.50070566909e-09	1.28983912428e-08
     8	8.82926698603e-09	2.12160631436e-09	1.09508733004e-08
     9	7.80290995878e-09	1.8734111173e-09	9.67632107608e-09

Measurement: t_ro56
  step	t_ro56	FROM	TO
     1	5.85620671434e-09	1.4026704483e-09	7.25887716264e-09
     2	4.99060275307e-09	1.1940077756e-09	6.18461052867e-09
     3	4.44218778821e-09	1.0622683031e-09	5.50445609131e-09
     4	8.08517718828e-09	1.9367819624e-09	1.00219591507e-08
     5	6.77037023977e-09	1.61996380104e-09	8.39033404081e-09
     6	5.9389572689e-09	1.42006630741e-09	7.3590235763e-09
     7	1.15716664308e-08	2.77157895837e-09	1.43432453891e-08
     8	9.61452279313e-09	2.30030028385e-09	1.1914823077e-08
     9	8.38109358597e-09	2.00385835257e-09	1.03849519385e-08

Measurement: t_ro57
  step	t_ro57	FROM	TO
     1	6.45492306163e-09	1.54965291053e-09	8.00457597216e-09
     2	5.40526920332e-09	1.29516124293e-09	6.70043044625e-09
     3	4.74157429059e-09	1.13539732511e-09	5.8769716157e-09
     4	9.12006631046e-09	2.19032471273e-09	1.13103910232e-08
     5	7.47664359147e-09	1.79205446725e-09	9.26869805871e-09
     6	6.45839004576e-09	1.54669764383e-09	8.00508768959e-09
     7	1.3293965252e-08	3.1923864971e-09	1.64863517491e-08
     8	1.08030841362e-08	2.58943909363e-09	1.33925232299e-08
     9	9.26594881037e-09	2.21906672462e-09	1.1485015535e-08

Measurement: t_ro58
  step	t_ro58	FROM	TO
     1	5.76000412377e-09	1.38377286492e-09	7.14377698869e-09
     2	4.94354930141e-09	1.18635900562e-09	6.12990830703e-09
     3	4.41086811207e-09	1.05727399349e-09	5.46814210556e-09
     4	7.86647869129e-09	1.89232778473e-09	9.75880647602e-09
     5	6.65176422329e-09	1.59778583507e-09	8.24955005836e-09
     6	5.86354896292e-09	1.40682585801e-09	7.27037482092e-09
     7	1.12002692218e-08	2.6952822063e-09	1.38955514281e-08
     8	9.40407726822e-09	2.26004408561e-09	1.16641213538e-08
     9	8.2413022023e-09	1.97859357971e-09	1.0219895782e-08

Measurement: t_ro59
  step	t_ro59	FROM	TO
     1	5.99710876943e-09	1.43957342827e-09	7.43668219769e-09
     2	5.10299053788e-09	1.22331894969e-09	6.32630948757e-09
     3	4.51891533031e-09	1.08217035808e-09	5.6010856884e-09
     4	8.31984872984e-09	1.99752665839e-09	1.03173753882e-08
     5	6.94273361348e-09	1.6648561012e-09	8.60758971467e-09
     6	6.07000533938e-09	1.45407942213e-09	7.52408476152e-09
     7	1.19487970563e-08	2.86927733413e-09	1.48180743904e-08
     8	9.89072452088e-09	2.37223317283e-09	1.22629576937e-08
     9	8.59157368096e-09	2.05861491022e-09	1.06501885912e-08

Measurement: t_ro60
  step	t_ro60	FROM	TO
     1	5.81694248561e-09	1.39553208618e-09	7.21247457179e-09
     2	4.97615912121e-09	1.19096592015e-09	6.16712504135e-09
     3	4.44427172153e-09	1.06221433808e-09	5.50648605961e-09
     4	7.97770619379e-09	1.91489691266e-09	9.89260310645e-09
     5	6.7261819451e-09	1.61088555839e-09	8.33706750349e-09
     6	5.91996604128e-09	1.41552729439e-09	7.33549333566e-09
     7	1.1380566677e-08	2.73194532879e-09	1.41125120058e-08
     8	9.52709356725e-09	2.28194583746e-09	1.18090394047e-08
     9	8.33264941559e-09	1.99301357218e-09	1.03256629878e-08

Measurement: t_ro61
  step	t_ro61	FROM	TO
     1	6.11793044167e-09	1.46927566413e-09	7.5872061058e-09
     2	5.18128880007e-09	1.24311486045e-09	6.42440366052e-09
     3	4.58460550282e-09	1.09897007588e-09	5.6835755787e-09
     4	8.52216519578e-09	2.04690707439e-09	1.05690722702e-08
     5	7.08669068003e-09	1.70059438282e-09	8.78728506285e-09
     6	6.17821174725e-09	1.48143204003e-09	7.65964378728e-09
     7	1.22847506482e-08	2.95074622741e-09	1.52354968757e-08
     8	1.01351826447e-08	2.43242167301e-09	1.25676043177e-08
     9	8.77867909494e-09	2.10541610235e-09	1.08840951973e-08

Measurement: t_ro62
  step	t_ro62	FROM	TO
     1	6.19721457667e-09	1.48528382279e-09	7.68249839946e-09
     2	5.23951207803e-09	1.25425802963e-09	6.49377010766e-09
     3	4.62959820165e-09	1.10620240622e-09	5.73580060787e-09
     4	8.65871858438e-09	2.07511342766e-09	1.0733832012e-08
     5	7.18082598732e-09	1.71894257826e-09	8.89976856558e-09
     6	6.2461117517e-09	1.49372634278e-09	7.73983809448e-09
     7	1.25274361824e-08	3.00170619636e-09	1.55291423787e-08
     8	1.03078294392e-08	2.46717937433e-09	1.27750088136e-08
     9	8.90860018306e-09	2.13048093323e-09	1.10390811163e-08

Measurement: t_ro63
  step	t_ro63	FROM	TO
     1	5.91988365271e-09	1.41658076948e-09	7.33646442219e-09
     2	5.05464528768e-09	1.20816819053e-09	6.26281347821e-09
     3	4.48888490288e-09	1.07202854916e-09	5.56091345204e-09
     4	8.1474619925e-09	1.95069313283e-09	1.00981551253e-08
     5	6.83605024602e-09	1.63445865651e-09	8.47050890253e-09
     6	5.99551071607e-09	1.43217200255e-09	7.42768271862e-09
     7	1.16563855153e-08	2.79019175668e-09	1.4446577272e-08
     8	9.70802280456e-09	2.32110273037e-09	1.20291255349e-08
     9	8.46230549528e-09	2.02149373069e-09	1.0483799226e-08

Measurement: t_ro64
  step	t_ro64	FROM	TO
     1	6.0371347604e-09	1.4492921332e-09	7.4864268936e-09
     2	5.12000722362e-09	1.22777131171e-09	6.34777853532e-09
     3	4.54660298511e-09	1.08837284133e-09	5.63497582644e-09
     4	8.3633706448e-09	2.00808674088e-09	1.03714573857e-08
     5	6.98671031471e-09	1.6753376565e-09	8.66204797121e-09
     6	6.10770257105e-09	1.46283381232e-09	7.57053638337e-09
     7	1.20265936904e-08	2.88750348634e-09	1.49140971768e-08
     8	9.9702581354e-09	2.39095036186e-09	1.23612084973e-08
     9	8.66119099047e-09	2.07494815672e-09	1.07361391472e-08

Measurement: t_ro65
  step	t_ro65	FROM	TO
     1	5.69390388671e-09	1.36656261418e-09	7.06046650088e-09
     2	4.90302523349e-09	1.17509238134e-09	6.07811761482e-09
     3	4.38086612891e-09	1.04885412783e-09	5.42972025674e-09
     4	7.73649639102e-09	1.8576534794e-09	9.59414987042e-09
     5	6.55996769331e-09	1.57286147945e-09	8.13282917276e-09
     6	5.79002452264e-09	1.38726164442e-09	7.17728616706e-09
     7	1.09630377201e-08	2.6327585403e-09	1.35957962604e-08
     8	9.22945585332e-09	2.21416138329e-09	1.14436172366e-08
     9	8.10366630591e-09	1.94289525339e-09	1.00465615593e-08

Measurement: t_ro66
  step	t_ro66	FROM	TO
     1	5.58404568682e-09	1.33918143057e-09	6.92322711739e-09
     2	4.81253696749e-09	1.15347172753e-09	5.96600869502e-09
     3	4.3149207375e-09	1.03368401014e-09	5.34860474764e-09
     4	7.58195020177e-09	1.8190907021e-09	9.40104090388e-09
     5	6.4373925463e-09	1.54284603809e-09	7.98023858439e-09
     6	5.69699413879e-09	1.36441941937e-09	7.06141355815e-09
     7	1.07206371461e-08	2.57242861555e-09	1.32930657616e-08
     8	9.03871822723e-09	2.16669333699e-09	1.12054115642e-08
     9	7.95394450824e-09	1.9054340278e-09	9.85937853603e-09

Measurement: t_ro67
  step	t_ro67	FROM	TO
     1	6.32563376817e-09	1.5173901845e-09	7.84302395267e-09
     2	5.32720432211e-09	1.27557054378e-09	6.6027748659e-09
     3	4.6942419652e-09	1.1226019091e-09	5.81684387431e-09
     4	8.87342151941e-09	2.12886018728e-09	1.10022817067e-08
     5	7.34164055709e-09	1.75824649221e-09	9.09988704931e-09
     6	6.37142834494e-09	1.52413396607e-09	7.89556231101e-09
     7	1.28853707274e-08	3.09071196691e-09	1.59760826943e-08
     8	1.0577431844e-08	2.53299176766e-09	1.31104236117e-08
     9	9.12055822779e-09	2.18186603066e-09	1.13024242585e-08

Measurement: t_ro68
  step	t_ro68	FROM	TO
     1	5.60000013297e-09	1.33756546111e-09	6.93756559408e-09
     2	4.83188729953e-09	1.15389033791e-09	5.98577763744e-09
     3	4.3274362575e-09	1.03303463307e-09	5.36047089058e-09
     4	7.62160799882e-09	1.82090060913e-09	9.44250860795e-09
     5	6.47127376927e-09	1.54509882763e-09	8.01637259691e-09
     6	5.72397566461e-09	1.36612465947e-09	7.09010032408e-09
     7	1.07936171268e-08	2.5779158377e-09	1.33715329645e-08
     8	9.09970362427e-09	2.17208307587e-09	1.12717867001e-08
     9	8.00140006227e-09	1.90945957986e-09	9.91085964213e-09

Measurement: t_ro69
  step	t_ro69	FROM	TO
     1	5.84117648038e-09	1.40302497258e-09	7.24420145296e-09
     2	4.99414393754e-09	1.19778629305e-09	6.19193023059e-09
     3	4.44729347976e-09	1.06536492227e-09	5.51265840203e-09
     4	8.0477504715e-09	1.93312311016e-09	9.98087358166e-09
     5	6.76335640147e-09	1.62295995255e-09	8.38631635402e-09
     6	5.93947600731e-09	1.42362195268e-09	7.36309795999e-09
     7	1.15144836783e-08	2.76619008857e-09	1.42806737668e-08
     8	9.60387042044e-09	2.30525823644e-09	1.19091286569e-08
     9	8.38229809052e-09	2.01009408466e-09	1.03923921752e-08

Measurement: t_ro70
  step	t_ro70	FROM	TO
     1	5.79625801777e-09	1.39896683264e-09	7.19522485041e-09
     2	4.95999990131e-09	1.19335616189e-09	6.1533560632e-09
     3	4.42436333075e-09	1.06292714833e-09	5.48729047908e-09
     4	7.97297408635e-09	1.92723627218e-09	9.90021035853e-09
     5	6.70636937943e-09	1.61673953059e-09	8.32310891001e-09
     6	5.89625645566e-09	1.41931264723e-09	7.31556910289e-09
     7	1.13736050393e-08	2.75203478237e-09	1.41256398217e-08
     8	9.49138857281e-09	2.29092466292e-09	1.17823132357e-08
     9	8.29319210929e-09	1.99890908446e-09	1.02921011938e-08

Measurement: t_ro71
  step	t_ro71	FROM	TO
     1	5.77036282249e-09	1.39002850806e-09	7.16039133055e-09
     2	4.95780428032e-09	1.19193501116e-09	6.14973929148e-09
     3	4.41839556618e-09	1.06100796876e-09	5.47940353494e-09
     4	7.86546625131e-09	1.89662100851e-09	9.76208725981e-09
     5	6.64124892315e-09	1.59828741925e-09	8.2395363424e-09
     6	5.85175917091e-09	1.40657858161e-09	7.25833775252e-09
     7	1.11636482846e-08	2.69302144421e-09	1.38566697288e-08
     8	9.35921347167e-09	2.253871934e-09	1.16130854057e-08
     9	8.19852937419e-09	1.97241372508e-09	1.01709430993e-08

Measurement: t_ro72
  step	t_ro72	FROM	TO
     1	5.89232238672e-09	1.41471456204e-09	7.30703694876e-09
     2	5.03594210718e-09	1.20606223672e-09	6.2420043439e-09
     3	4.47987292938e-09	1.07124471114e-09	5.55111764052e-09
     4	8.09516660102e-09	1.94454183298e-09	1.0039708434e-08
     5	6.81349354722e-09	1.63312337522e-09	8.44661692244e-09
     6	5.98494672049e-09	1.43211259454e-09	7.41705931503e-09
     7	1.15715586369e-08	2.77999810402e-09	1.43515567409e-08
     8	9.67066374025e-09	2.31880520925e-09	1.19894689495e-08
     9	8.44469257626e-09	2.0216417897e-09	1.0466334366e-08

Measurement: t_ro73
  step	t_ro73	FROM	TO
     1	6.16430742251e-09	1.49153386869e-09	7.6558412912e-09
     2	5.21199393071e-09	1.25695813169e-09	6.4689520624e-09
     3	4.60335409899e-09	1.10789288396e-09	5.71124698295e-09
     4	8.62598537615e-09	2.09041876113e-09	1.07164041373e-08
     5	7.15662931382e-09	1.72891087538e-09	8.8855401892e-09
     6	6.23015161835e-09	1.50208419172e-09	7.73223581007e-09
     7	1.24792116098e-08	3.02552887948e-09	1.55047404892e-08
     8	1.02690510379e-08	2.48280301607e-09	1.2751854054e-08
     9	8.87810110415e-09	2.14303854735e-09	1.10211396515e-08

Measurement: t_ro74
  step	t_ro74	FROM	TO
     1	5.89544631336e-09	1.41903252295e-09	7.31447883631e-09
     2	5.038461954e-09	1.21103620867e-09	6.24949816267e-09
     3	4.48183541551e-09	1.07588877046e-09	5.55772418597e-09
     4	8.09007363452e-09	1.94943985226e-09	1.00395134868e-08
     5	6.80672635477e-09	1.63756063983e-09	8.4442869946e-09
     6	5.97776115848e-09	1.43668601543e-09	7.41444717391e-09
     7	1.15549300979e-08	2.78641785573e-09	1.43413479536e-08
     8	9.65345376652e-09	2.32420258413e-09	1.19776563507e-08
     9	8.42808365599e-09	2.02746167628e-09	1.04555453323e-08

Measurement: t_ro75
  step	t_ro75	FROM	TO
     1	6.12776541029e-09	1.46763790143e-09	7.59540331172e-09
     2	5.18847585261e-09	1.24091714218e-09	6.42939299479e-09
     3	4.5894398401e-09	1.09676520346e-09	5.68620504356e-09
     4	8.54024191629e-09	2.04563359816e-09	1.05858755145e-08
     5	7.10055035385e-09	1.69823411795e-09	8.7987844718e-09
     6	6.18876418908e-09	1.47899803846e-09	7.66776222754e-09
     7	1.23288354032e-08	2.95238096383e-09	1.5281216367e-08
     8	1.01692708506e-08	2.43193706883e-09	1.26012079195e-08
     9	8.80538212453e-09	2.10408938894e-09	1.09094715135e-08

Measurement: t_ro76
  step	t_ro76	FROM	TO
     1	5.70443155884e-09	1.37534912448e-09	7.07978068332e-09
     2	4.90755098975e-09	1.18233819521e-09	6.08988918496e-09
     3	4.38122634691e-09	1.05475990605e-09	5.43598625295e-09
     4	7.77881473781e-09	1.8775732937e-09	9.65638803151e-09
     5	6.58279791568e-09	1.58755397286e-09	8.17035188854e-09
     6	5.80807287617e-09	1.39988709803e-09	7.2079599742e-09
     7	1.10543576408e-08	2.6697111096e-09	1.37240687504e-08
     8	9.28941687568e-09	2.24179824559e-09	1.15312151213e-08
     9	8.14895602477e-09	1.96552953025e-09	1.0114485555e-08

Measurement: t_ro77
  step	t_ro77	FROM	TO
     1	6.21394321823e-09	1.48946404039e-09	7.70340725862e-09
     2	5.25046856894e-09	1.25701599975e-09	6.50748456869e-09
     3	4.63999600256e-09	1.10805277941e-09	5.74804878197e-09
     4	8.67066449273e-09	2.07842294923e-09	1.0749087442e-08
     5	7.18732813291e-09	1.72084264526e-09	8.90817077817e-09
     6	6.25008798955e-09	1.4947277467e-09	7.74481573624e-09
     7	1.25441915003e-08	3.00646792811e-09	1.55506594285e-08
     8	1.03163750182e-08	2.46973251707e-09	1.27861075353e-08
     9	8.91316212186e-09	2.13171480604e-09	1.10448769279e-08

Measurement: t_ro78
  step	t_ro78	FROM	TO
     1	6.03502063821e-09	1.45011102842e-09	7.48513166664e-09
     2	5.12765095359e-09	1.22951539112e-09	6.35716634472e-09
     3	4.54199337537e-09	1.08771855324e-09	5.62971192861e-09
     4	8.36036866063e-09	2.00973427279e-09	1.03701029334e-08
     5	6.98211218579e-09	1.6753197507e-09	8.65743193649e-09
     6	6.10113188837e-09	1.46181987522e-09	7.56295176359e-09
     7	1.20292204777e-08	2.89200627174e-09	1.49212267495e-08
     8	9.96905430177e-09	2.39258856409e-09	1.23616428659e-08
     9	8.65664141359e-09	2.0748579359e-09	1.07314993495e-08

Measurement: t_ro79
  step	t_ro79	FROM	TO
     1	5.65905851752e-09	1.35542006952e-09	7.01447858704e-09
     2	4.86991089286e-09	1.16442604141e-09	6.03433693427e-09
     3	4.35624761016e-09	1.04085434379e-09	5.39710195396e-09
     4	7.71263245994e-09	1.84746892001e-09	9.56010137995e-09
     5	6.53212155859e-09	1.56216141425e-09	8.09428297284e-09
     6	5.76876465655e-09	1.37840820616e-09	7.14717286271e-09
     7	1.09397669277e-08	2.62002461007e-09	1.35597915378e-08
     8	9.19887683377e-09	2.19972973752e-09	1.13986065713e-08
     9	8.0767002222e-09	1.92954500635e-09	1.00062452286e-08

Measurement: t_ro80
  step	t_ro80	FROM	TO
     1	6.13302116418e-09	1.47615445971e-09	7.60917562389e-09
     2	5.18603074239e-09	1.24649420271e-09	6.43252494511e-09
     3	4.58748150736e-09	1.10189302925e-09	5.68937453662e-09
     4	8.58250693904e-09	2.06717714284e-09	1.06496840819e-08
     5	7.1220819918e-09	1.71355618988e-09	8.83563818168e-09
     6	6.20195987872e-09	1.49111520073e-09	7.69307507945e-09
     7	1.24165844342e-08	2.9920931402e-09	1.54086775744e-08
     8	1.0219075243e-08	2.4601191568e-09	1.26791943998e-08
     9	8.83851688357e-09	2.12673704488e-09	1.09652539285e-08

Measurement: t_ro81
  step	t_ro81	FROM	TO
     1	6.00163575539e-09	1.42805859855e-09	7.42969435394e-09
     2	5.11238499575e-09	1.21650491429e-09	6.32888991004e-09
     3	4.52806758461e-09	1.07765949374e-09	5.60572707836e-09
     4	8.28604219924e-09	1.96929175349e-09	1.02553339527e-08
     5	6.92650495145e-09	1.64671272432e-09	8.57321767577e-09
     6	6.06001681528e-09	1.44091213148e-09	7.50092894676e-09
     7	1.18824467503e-08	2.82142996337e-09	1.47038767136e-08
     8	9.85553634063e-09	2.34111653515e-09	1.21966528758e-08
     9	8.56742169685e-09	2.03555592355e-09	1.06029776204e-08

Measurement: t_ro82
  step	t_ro82	FROM	TO
     1	6.08005098153e-09	1.46248056433e-09	7.54253154586e-09
     2	5.1537624137e-09	1.23796345882e-09	6.39172587253e-09
     3	4.55782946037e-09	1.09390332125e-09	5.65173278162e-09
     4	8.50430694447e-09	2.04599676363e-09	1.05503037081e-08
     5	7.05698546019e-09	1.69612419969e-09	8.75310965988e-09
     6	6.14874654718e-09	1.4769241519e-09	7.62567069908e-09
     7	1.22801839792e-08	2.95548912464e-09	1.52356731038e-08
     8	1.01054685315e-08	2.42977002154e-09	1.25352385531e-08
     9	8.7440033424e-09	2.10124218309e-09	1.08452455255e-08

Measurement: t_ro83
  step	t_ro83	FROM	TO
     1	5.66909804058e-09	1.35827023923e-09	7.02736827981e-09
     2	4.87628463174e-09	1.1674717553e-09	6.04375638705e-09
     3	4.35695059017e-09	1.04298123009e-09	5.39993182026e-09
     4	7.74125519423e-09	1.85470589656e-09	9.59596109079e-09
     5	6.5497271279e-09	1.56815885106e-09	8.11788597897e-09
     6	5.77761458131e-09	1.38275329972e-09	7.16036788103e-09
     7	1.10003753475e-08	2.63535447248e-09	1.363572982e-08
     8	9.23865728015e-09	2.21173545198e-09	1.14503927321e-08
     9	8.10351365652e-09	1.93935885227e-09	1.00428725088e-08

Measurement: t_ro84
  step	t_ro84	FROM	TO
     1	5.92000245227e-09	1.42435056531e-09	7.34435301758e-09
     2	5.04873055841e-09	1.21389819046e-09	6.26262874886e-09
     3	4.48003371335e-09	1.07627393961e-09	5.55630765295e-09
     4	8.16516857657e-09	1.96529003946e-09	1.0130458616e-08
     5	6.84053010654e-09	1.64589577301e-09	8.48642587955e-09
     6	5.99467129717e-09	1.44184546929e-09	7.43651676646e-09
     7	1.17012409135e-08	2.81778937403e-09	1.45190302875e-08
     8	9.72576772975e-09	2.34133818646e-09	1.20671059162e-08
     9	8.46974252377e-09	2.03850995998e-09	1.05082524838e-08

Measurement: t_ro85
  step	t_ro85	FROM	TO
     1	5.52038690142e-09	1.32194496569e-09	6.84233186711e-09
     2	4.77592388474e-09	1.14146356736e-09	5.9173874521e-09
     3	4.28828271544e-09	1.02398984195e-09	5.31227255739e-09
     4	7.48303177508e-09	1.7921620019e-09	9.27519377698e-09
     5	6.37016838732e-09	1.52301747025e-09	7.89318585757e-09
     6	5.64759459294e-09	1.34881813968e-09	6.99641273262e-09
     7	1.05631459857e-08	2.52980806795e-09	1.30929540536e-08
     8	8.92661198399e-09	2.13456281669e-09	1.10611748007e-08
     9	7.86808488738e-09	1.87961121166e-09	9.74769609904e-09

Measurement: t_ro86
  step	t_ro86	FROM	TO
     1	6.17341721746e-09	1.48127526801e-09	7.65469248547e-09
     2	5.2277290853e-09	1.25225035215e-09	6.47997943745e-09
     3	4.61686515014e-09	1.10456823649e-09	5.72143338664e-09
     4	8.60880378256e-09	2.06677183266e-09	1.06755756152e-08
     5	7.15601954157e-09	1.71543884659e-09	8.87145838816e-09
     6	6.23280306849e-09	1.49258363973e-09	7.72538670822e-09
     7	1.24371401272e-08	2.83064676427e-09	1.52677868915e-08
     8	1.02585298888e-08	2.33158468397e-09	1.25901145727e-08
     9	8.87742444551e-09	2.12718326769e-09	1.10046077132e-08

Measurement: t_ro87
  step	t_ro87	FROM	TO
     1	5.71875145551e-09	1.37532541562e-09	7.09407687113e-09
     2	4.91629106194e-09	1.17990440234e-09	6.09619546427e-09
     3	4.39108171264e-09	1.05233592569e-09	5.44341763834e-09
     4	7.77117833928e-09	1.87046258341e-09	9.64164092269e-09
     5	6.57521074957e-09	1.57907670451e-09	8.15428745408e-09
     6	5.80210401943e-09	1.39146213093e-09	7.19356615036e-09
     7	1.10044093277e-08	2.64971942314e-09	1.36541287509e-08
     8	9.24545297349e-09	2.22163122515e-09	1.14670841986e-08
     9	8.11253972588e-09	1.94657508989e-09	1.00591148158e-08

Measurement: t_ro88
  step	t_ro88	FROM	TO
     1	6.01249474683e-09	1.45408414902e-09	7.46657889585e-09
     2	5.11999313144e-09	1.23482167326e-09	6.3548148047e-09
     3	4.53173995484e-09	1.09081574644e-09	5.62255570128e-09
     4	8.35315246563e-09	2.02332412614e-09	1.03764765918e-08
     5	6.96854432253e-09	1.68327861572e-09	8.65182293825e-09
     6	6.09045837238e-09	1.46860189545e-09	7.55906026783e-09
     7	1.20145521487e-08	2.91221987726e-09	1.49267720259e-08
     8	9.94209165741e-09	2.4038589609e-09	1.23459506183e-08
     9	8.63343702263e-09	2.08446115176e-09	1.07178981744e-08

Measurement: t_ro89
  step	t_ro89	FROM	TO
     1	6.12614268056e-09	1.48360225279e-09	7.60974493334e-09
     2	5.18338875571e-09	1.25174361837e-09	6.43513237408e-09
     3	4.58091143707e-09	1.10444985905e-09	5.68536129612e-09
     4	8.56446837852e-09	2.07729898533e-09	1.06417673639e-08
     5	7.10743221234e-09	1.71915938026e-09	8.8265915926e-09
     6	6.18886327734e-09	1.49443302472e-09	7.68329630206e-09
     7	1.23806429894e-08	3.00499295259e-09	1.5385635942e-08
     8	1.01886372967e-08	2.46671882797e-09	1.26553561247e-08
     9	8.8113111896e-09	2.12983737284e-09	1.09411485624e-08

Measurement: t_ro90
  step	t_ro90	FROM	TO
     1	6.00292970211e-09	1.44347283945e-09	7.44640254156e-09
     2	5.10350669396e-09	1.22613006645e-09	6.32963676041e-09
     3	4.52412290622e-09	1.08621035412e-09	5.61033326034e-09
     4	8.33285530169e-09	2.00493354886e-09	1.03377888505e-08
     5	6.95563462002e-09	1.67212651235e-09	8.62776113237e-09
     6	6.08006466404e-09	1.46086668411e-09	7.54093134815e-09
     7	1.19907031081e-08	2.88602224601e-09	1.48767253541e-08
     8	9.928833487e-09	2.38763078619e-09	1.23164642732e-08
     9	8.6245494334e-09	2.07295558401e-09	1.06975050174e-08

Measurement: t_ro91
  step	t_ro91	FROM	TO
     1	6.20502775932e-09	1.49836708316e-09	7.70339484247e-09
     2	5.24360286811e-09	1.26328038287e-09	6.50688325097e-09
     3	4.63788096011e-09	1.11520718275e-09	5.75308814286e-09
     4	8.64845635331e-09	2.09025484437e-09	1.07387111977e-08
     5	7.18037883409e-09	1.73169950822e-09	8.9120783423e-09
     6	6.24956000565e-09	1.50517447608e-09	7.75473448173e-09
     7	1.24926144349e-08	3.0205333431e-09	1.5513147778e-08
     8	1.02905248281e-08	2.48313447519e-09	1.27736593033e-08
     9	8.8997017991e-09	2.14478080667e-09	1.10444826058e-08

Measurement: t_ro92
  step	t_ro92	FROM	TO
     1	5.88354586733e-09	1.41542050048e-09	7.29896636781e-09
     2	5.02612764368e-09	1.20743386744e-09	6.23356151112e-09
     3	4.47997168964e-09	1.07351573201e-09	5.55348742165e-09
     4	8.09637239184e-09	1.94880068631e-09	1.00451730781e-08
     5	6.80424477474e-09	1.63571659907e-09	8.43996137382e-09
     6	5.97397793013e-09	1.43467945955e-09	7.40865738969e-09
     7	1.15786690942e-08	2.78794834901e-09	1.43666174432e-08
     8	9.6592671002e-09	2.3231044557e-09	1.19823715559e-08
     9	8.42918577284e-09	2.02528421348e-09	1.04544699863e-08

Measurement: t_ro93
  step	t_ro93	FROM	TO
     1	5.52112771354e-09	1.32310195082e-09	6.84422966435e-09
     2	4.79999579458e-09	1.14815022148e-09	5.94814601605e-09
     3	4.29302872029e-09	1.0266584539e-09	5.3196871742e-09
     4	7.45925238844e-09	1.78819562655e-09	9.24744801499e-09
     5	6.36506362256e-09	1.52378720854e-09	7.8888508311e-09
     6	5.64816365498e-09	1.35101632283e-09	6.99917997781e-09
     7	1.05160274041e-08	2.52103796099e-09	1.30370653651e-08
     8	8.915317311e-09	2.13446016074e-09	1.10497774717e-08
     9	7.869009279e-09	1.88240164942e-09	9.75141092841e-09

Measurement: t_ro94
  step	t_ro94	FROM	TO
     1	6.08000169145e-09	1.46085896486e-09	7.54086065631e-09
     2	5.15962340236e-09	1.23918702435e-09	6.39881042671e-09
     3	4.57012930847e-09	1.09756775826e-09	5.66769706674e-09
     4	8.40514039798e-09	2.02074522965e-09	1.04258856276e-08
     5	7.02040271053e-09	1.68684341756e-09	8.70724612808e-09
     6	6.13456252884e-09	1.47363707889e-09	7.60819960773e-09
     7	1.2078426406e-08	2.90429265788e-09	1.49827190639e-08
     8	1.00130644097e-08	2.40615096474e-09	1.24192153744e-08
     9	8.69575038838e-09	2.08937017662e-09	1.0785120565e-08

Measurement: t_ro95
  step	t_ro95	FROM	TO
     1	6.27065740099e-09	1.50017159449e-09	7.77082899547e-09
     2	5.27090609288e-09	1.2592609697e-09	6.53016706258e-09
     3	4.64000326655e-09	1.108066884e-09	5.74807015055e-09
     4	8.85348993596e-09	2.11747946426e-09	1.09709694002e-08
     5	7.28438175445e-09	1.73999800251e-09	9.02437975696e-09
     6	6.31230986886e-09	1.5066809018e-09	7.81899077067e-09
     7	1.28836700831e-08	3.07987186905e-09	1.59635419522e-08
     8	1.05049429259e-08	2.50850053352e-09	1.30134434595e-08
     9	9.03656421025e-09	2.1563615858e-09	1.11929257961e-08

Measurement: t_ro96
  step	t_ro96	FROM	TO
     1	5.85603711101e-09	1.40722329124e-09	7.26326040225e-09
     2	5.01313937811e-09	1.20316954991e-09	6.21630892802e-09
     3	4.46415337731e-09	1.07066676803e-09	5.53482014534e-09
     4	8.03505586937e-09	1.93166851321e-09	9.96672438258e-09
     5	6.76514348103e-09	1.62454543701e-09	8.38968891804e-09
     6	5.94575649354e-09	1.42667139298e-09	7.37242788652e-09
     7	1.14635349255e-08	2.75624511487e-09	1.42197800403e-08
     8	9.58245693718e-09	2.30178214832e-09	1.18842390855e-08
     9	8.37237783721e-09	2.00963682146e-09	1.03820146587e-08

Measurement: t_ro97
  step	t_ro97	FROM	TO
     1	6.0800086851e-09	1.45923708281e-09	7.53924576791e-09
     2	5.16144173803e-09	1.23550756767e-09	6.39694930571e-09
     3	4.56697508286e-09	1.09199975854e-09	5.6589748414e-09
     4	8.48275456406e-09	2.03483865021e-09	1.05175932143e-08
     5	7.05250201648e-09	1.6884620253e-09	8.74096404178e-09
     6	6.15083518106e-09	1.47095095935e-09	7.6217861404e-09
     7	1.22251495264e-08	2.93102163133e-09	1.51561711577e-08
     8	1.00799585512e-08	2.41288268371e-09	1.2492841235e-08
     9	8.73253638691e-09	2.08825785876e-09	1.08207942457e-08

Measurement: t_ro98
  step	t_ro98	FROM	TO
     1	5.8731214492e-09	1.40838074789e-09	7.28150219709e-09
     2	5.00493725369e-09	1.19844957998e-09	6.20338683367e-09
     3	4.45138720573e-09	1.06439135142e-09	5.51577855715e-09
     4	8.12242449639e-09	1.94822399086e-09	1.00706484872e-08
     5	6.79891249616e-09	1.62887456785e-09	8.427787064e-09
     6	5.95854706825e-09	1.42595619437e-09	7.38450326262e-09
     7	1.16505317073e-08	2.79433196396e-09	1.44448636712e-08
     8	9.67362655179e-09	2.31790256173e-09	1.19915291135e-08
     9	8.42281767347e-09	2.01636315854e-09	1.0439180832e-08

Measurement: t_ro99
  step	t_ro99	FROM	TO
     1	6.26591766088e-09	1.50333615856e-09	7.76925381944e-09
     2	5.28759692981e-09	1.26648728921e-09	6.55408421902e-09
     3	4.66314486575e-09	1.11586519957e-09	5.77901006532e-09
     4	8.76171615665e-09	2.10255554954e-09	1.08642717062e-08
     5	7.26651007595e-09	1.74080530996e-09	9.0073153859e-09
     6	6.31724417589e-09	1.51169348041e-09	7.8289376563e-09
     7	1.26893096431e-08	3.04469508642e-09	1.57340047295e-08
     8	1.04440958519e-08	2.50198592319e-09	1.29460817751e-08
     9	9.02185077856e-09	2.15891833419e-09	1.11807691128e-08

Measurement: t_ro100
  step	t_ro100	FROM	TO
     1	5.66713412492e-09	1.36640142747e-09	7.0335355524e-09
     2	4.88170551819e-09	1.17534334718e-09	6.05704886537e-09
     3	4.36226742397e-09	1.04875300125e-09	5.41102042522e-09
     4	7.72820616852e-09	1.86493425125e-09	9.59314041977e-09
     5	6.54749912928e-09	1.57794114508e-09	8.12544027436e-09
     6	5.78170049283e-09	1.39159674404e-09	7.17329723687e-09
     7	1.09659546662e-08	2.64761664845e-09	1.36135713146e-08
     8	9.22443993571e-09	2.22430662336e-09	1.14487465591e-08
     9	8.09895654146e-09	1.95074124999e-09	1.00496977915e-08

Measurement: t_ro101
  step	t_ro101	FROM	TO
     1	5.72127704031e-09	1.37096374612e-09	7.09224078643e-09
     2	4.92225625042e-09	1.17775172351e-09	6.10000797393e-09
     3	4.39655788241e-09	1.05123849483e-09	5.44779637723e-09
     4	7.79309130062e-09	1.86786410583e-09	9.66095540645e-09
     5	6.60219279691e-09	1.58021520256e-09	8.18240799947e-09
     6	5.82543016529e-09	1.39298655573e-09	7.21841672102e-09
     7	1.10666005002e-08	2.65236816579e-09	1.3718968666e-08
     8	9.31205547855e-09	2.22898415598e-09	1.15410396345e-08
     9	8.170353933e-09	1.95402004199e-09	1.0124373975e-08

Measurement: t_ro102
  step	t_ro102	FROM	TO
     1	6.07999892422e-09	1.47309440176e-09	7.55309332599e-09
     2	5.15888065539e-09	1.24803000194e-09	6.40691065733e-09
     3	4.56480804458e-09	1.10317727623e-09	5.66798532081e-09
     4	8.44383513822e-09	2.04919841327e-09	1.04930335515e-08
     5	7.02501028274e-09	1.70142800956e-09	8.7264382923e-09
     6	6.1285259381e-09	1.48259242052e-09	7.61111835862e-09
     7	1.21459675798e-08	2.94971160072e-09	1.50956791806e-08
     8	1.00238380235e-08	2.42944382825e-09	1.24532818518e-08
     9	8.68737252044e-09	2.10329561891e-09	1.07906681393e-08

Measurement: t_ro103
  step	t_ro103	FROM	TO
     1	6.11853562224e-09	1.46001101823e-09	7.57854664047e-09
     2	5.18254085071e-09	1.23576661483e-09	6.41830746553e-09
     3	4.5820302739e-09	1.09209832909e-09	5.67412860299e-09
     4	8.52236551171e-09	2.0324693627e-09	1.05548348744e-08
     5	7.08531472999e-09	1.68888910259e-09	8.77420383259e-09
     6	6.17614555148e-09	1.47178037861e-09	7.64792593008e-09
     7	1.22984895541e-08	2.93182278137e-09	1.52303123355e-08
     8	1.01411786402e-08	2.41665579711e-09	1.25578344373e-08
     9	8.78076406293e-09	2.09192948912e-09	1.08726935521e-08

Measurement: t_ro104
  step	t_ro104	FROM	TO
     1	5.68859338182e-09	1.36787163947e-09	7.0564650213e-09
     2	4.89516976786e-09	1.17532192081e-09	6.07049168867e-09
     3	4.37695452158e-09	1.04989719007e-09	5.42685171165e-09
     4	7.76198502678e-09	1.86756248575e-09	9.62954751254e-09
     5	6.57303411137e-09	1.57920093597e-09	8.15223504735e-09
     6	5.8013246918e-09	1.39235362767e-09	7.19367831947e-09
     7	1.10209870345e-08	2.65213272353e-09	1.36731197581e-08
     8	9.26594987521e-09	2.22689014807e-09	1.14928400233e-08
     9	8.13034609176e-09	1.95220159966e-09	1.00825476914e-08

Measurement: t_ro105
  step	t_ro105	FROM	TO
     1	5.78791104311e-09	1.38893055999e-09	7.17684160309e-09
     2	4.95962965597e-09	1.18758293109e-09	6.14721258706e-09
     3	4.42056522365e-09	1.05815691429e-09	5.47872213794e-09
     4	7.95126891621e-09	1.90880572779e-09	9.86007464401e-09
     5	6.69607993251e-09	1.60552902018e-09	8.30160895268e-09
     6	5.8892375003e-09	1.41056154693e-09	7.29979904723e-09
     7	1.1346252858e-08	2.7239374297e-09	1.40701902877e-08
     8	9.48369056775e-09	2.27441220334e-09	1.17581027711e-08
     9	8.289974972e-09	1.98613119698e-09	1.0276106169e-08

Measurement: t_ro106
  step	t_ro106	FROM	TO
     1	6.10968021687e-09	1.46919927931e-09	7.57887949618e-09
     2	5.17741260092e-09	1.24298295282e-09	6.42039555374e-09
     3	4.57989619228e-09	1.09823429079e-09	5.67813048307e-09
     4	8.49990470914e-09	2.04524080178e-09	1.05451455109e-08
     5	7.07272485492e-09	1.69904894593e-09	8.77177380084e-09
     6	6.16792421667e-09	1.48001494228e-09	7.64793915895e-09
     7	1.22483686261e-08	2.94771061445e-09	1.51960792405e-08
     8	1.01125615026e-08	2.43008811311e-09	1.25426496157e-08
     9	8.76233752736e-09	2.1033552117e-09	1.08656927391e-08

Measurement: t_ro107
  step	t_ro107	FROM	TO
     1	6.08004973415e-09	1.45853184771e-09	7.53858158186e-09
     2	5.15708104609e-09	1.23514578956e-09	6.39222683565e-09
     3	4.56763036214e-09	1.09253420378e-09	5.66016456593e-09
     4	8.45132562096e-09	2.02685723762e-09	1.04781828586e-08
     5	7.04592779072e-09	1.68758900704e-09	8.73351679776e-09
     6	6.15243229059e-09	1.47203054344e-09	7.62446283404e-09
     7	1.21820085804e-08	2.92111884819e-09	1.51031274286e-08
     8	1.0079718618e-08	2.41379217714e-09	1.24935107951e-08
     9	8.74373559152e-09	2.09197799385e-09	1.08357135854e-08

Measurement: t_ro108
  step	t_ro108	FROM	TO
     1	5.67867122225e-09	1.36153704939e-09	7.04020827164e-09
     2	4.89505439225e-09	1.17059352941e-09	6.06564792166e-09
     3	4.37421405364e-09	1.04443285564e-09	5.41864690928e-09
     4	7.71863434861e-09	1.85247235312e-09	9.57110670173e-09
     5	6.54875245899e-09	1.56732136703e-09	8.11607382602e-09
     6	5.78586821422e-09	1.38230794096e-09	7.16817615518e-09
     7	1.09412814386e-08	2.62672878414e-09	1.35680102227e-08
     8	9.21867029331e-09	2.2073194627e-09	1.1425989756e-08
     9	8.09874800175e-09	1.93565905644e-09	1.00344070582e-08

Measurement: t_ro109
  step	t_ro109	FROM	TO
     1	5.93290367616e-09	1.41960624176e-09	7.35250991792e-09
     2	5.06845101778e-09	1.21228037229e-09	6.28073139007e-09
     3	4.49972709004e-09	1.07595242362e-09	5.57567951366e-09
     4	8.18807169962e-09	1.95964849416e-09	1.01477201938e-08
     5	6.86695297496e-09	1.64223060278e-09	8.50918357774e-09
     6	6.01854597067e-09	1.43888342295e-09	7.45742939362e-09
     7	1.17307751232e-08	2.8071147335e-09	1.45378898567e-08
     8	9.7649596901e-09	2.33501834922e-09	1.20999780393e-08
     9	8.50630529533e-09	2.0333897655e-09	1.05396950608e-08

Measurement: t_ro110
  step	t_ro110	FROM	TO
     1	6.15400018586e-09	1.49101775135e-09	7.6450179372e-09
     2	5.21741204118e-09	1.2588599615e-09	6.47627200268e-09
     3	4.61162476499e-09	1.11040768263e-09	5.72203244763e-09
     4	8.55641732162e-09	2.07622655387e-09	1.06326438755e-08
     5	7.12402384913e-09	1.72162001125e-09	8.84564386038e-09
     6	6.21140037779e-09	1.49787982866e-09	7.70928020644e-09
     7	1.23386348352e-08	2.99523904811e-09	1.53338738834e-08
     8	1.01942311785e-08	2.46541070239e-09	1.26596418809e-08
     9	8.83179217657e-09	2.13177859592e-09	1.09635707725e-08

Measurement: t_ro111
  step	t_ro111	FROM	TO
     1	6.00992559713e-09	1.45079669302e-09	7.46072229016e-09
     2	5.11999841155e-09	1.23148431422e-09	6.35148272577e-09
     3	4.53236132049e-09	1.08918517223e-09	5.62154649272e-09
     4	8.3322325466e-09	2.01512439172e-09	1.03473569383e-08
     5	6.96361676945e-09	1.67994599658e-09	8.64356276603e-09
     6	6.08994206632e-09	1.46652958873e-09	7.55647165504e-09
     7	1.19779236491e-08	2.89908694542e-09	1.48770105945e-08
     8	9.93404960285e-09	2.39911401757e-09	1.23331636204e-08
     9	8.6329333118e-09	2.08183362223e-09	1.0714766934e-08

Measurement: t_ro112
  step	t_ro112	FROM	TO
     1	5.75228414527e-09	1.3806449275e-09	7.13292907277e-09
     2	4.93440050792e-09	1.18325329303e-09	6.11765380095e-09
     3	4.40086813308e-09	1.05510469936e-09	5.45597283244e-09
     4	7.86931380488e-09	1.8892795118e-09	9.75859331668e-09
     5	6.6399689517e-09	1.59244501286e-09	8.23241396456e-09
     6	5.85007112653e-09	1.40257417077e-09	7.2526452973e-09
     7	1.11920912077e-08	2.68688176459e-09	1.38789729723e-08
     8	9.37613593515e-09	2.24863462897e-09	1.16247705641e-08
     9	8.21212625811e-09	1.96883923709e-09	1.01809654952e-08

Measurement: t_ro113
  step	t_ro113	FROM	TO
     1	5.89514470079e-09	1.41752102222e-09	7.31266572301e-09
     2	5.02857422468e-09	1.20771767996e-09	6.23629190464e-09
     3	4.47513729438e-09	1.07302258889e-09	5.54815988327e-09
     4	8.16022933428e-09	1.96312155793e-09	1.01233508922e-08
     5	6.83687798999e-09	1.64317626942e-09	8.48005425941e-09
     6	5.99343911138e-09	1.43889382833e-09	7.4323329397e-09
     7	1.17078711544e-08	2.8174672963e-09	1.45253384507e-08
     8	9.73471411639e-09	2.34069614373e-09	1.20754102601e-08
     9	8.47943844062e-09	2.03679136006e-09	1.05162298007e-08

Measurement: t_ro114
  step	t_ro114	FROM	TO
     1	5.92434229195e-09	1.42790371178e-09	7.35224600374e-09
     2	5.05507894817e-09	1.21705857697e-09	6.27213752514e-09
     3	4.4838167159e-09	1.07849766565e-09	5.56231438155e-09
     4	8.17022377757e-09	1.97114479504e-09	1.01413685726e-08
     5	6.85615559842e-09	1.65258400376e-09	8.50873960218e-09
     6	6.01127256495e-09	1.44787609399e-09	7.45914865894e-09
     7	1.17108749552e-08	2.82763088569e-09	1.45385058409e-08
     8	9.75382216442e-09	2.35290228688e-09	1.21067244513e-08
     9	8.49955072354e-09	2.04909376885e-09	1.05486444924e-08

Measurement: t_ro115
  step	t_ro115	FROM	TO
     1	5.81357455631e-09	1.39385068281e-09	7.20742523912e-09
     2	4.9860481625e-09	1.19403296529e-09	6.1800811278e-09
     3	4.44243787133e-09	1.06306011872e-09	5.50549799006e-09
     4	7.96682908894e-09	1.91048789519e-09	9.87731698413e-09
     5	6.71998583749e-09	1.60958762235e-09	8.32957345984e-09
     6	5.91394360983e-09	1.41534689103e-09	7.32929050086e-09
     7	1.13571014659e-08	2.72343904008e-09	1.4080540506e-08
     8	9.51335793246e-09	2.27880333364e-09	1.17921612661e-08
     9	8.32111582857e-09	1.99211973579e-09	1.03132355644e-08

Measurement: t_ro116
  step	t_ro116	FROM	TO
     1	6.21354595549e-09	1.49161204092e-09	7.70515799641e-09
     2	5.24703375404e-09	1.25835109528e-09	6.50538484932e-09
     3	4.63792193254e-09	1.11143390778e-09	5.74935584032e-09
     4	8.6819203258e-09	2.08497265233e-09	1.07668929781e-08
     5	7.20005931633e-09	1.72762433972e-09	8.92768365605e-09
     6	6.26302926663e-09	1.50130464857e-09	7.7643339152e-09
     7	1.25751142516e-08	3.02001200016e-09	1.55951262517e-08
     8	1.03483669855e-08	2.48323062628e-09	1.28315976118e-08
     9	8.94110055875e-09	2.14378855652e-09	1.10848891153e-08

Measurement: t_ro117
  step	t_ro117	FROM	TO
     1	6.06449810454e-09	1.45009841544e-09	7.51459651998e-09
     2	5.14799454432e-09	1.22898707282e-09	6.37698161713e-09
     3	4.55763248343e-09	1.08749739121e-09	5.64512987464e-09
     4	8.39449222647e-09	2.00698131431e-09	1.04014735408e-08
     5	7.00333604612e-09	1.67212156287e-09	8.67545760899e-09
     6	6.11737838474e-09	1.4593166485e-09	7.57669503325e-09
     7	1.20704225316e-08	2.88481652902e-09	1.49552390606e-08
     8	9.99109259869e-09	2.38497735323e-09	1.23760699519e-08
     9	8.67215280106e-09	2.06853913492e-09	1.0740691936e-08

Measurement: t_ro118
  step	t_ro118	FROM	TO
     1	5.87148991308e-09	1.39884821334e-09	7.27033812642e-09
     2	5.01384496174e-09	1.19434375079e-09	6.20818871253e-09
     3	4.46797820924e-09	1.06451872054e-09	5.53249692977e-09
     4	8.04579056735e-09	1.91482675635e-09	9.9606173237e-09
     5	6.76114021697e-09	1.60951540316e-09	8.37065562013e-09
     6	5.93695110366e-09	1.4134632625e-09	7.35041436616e-09
     7	1.14779599484e-08	2.72957816601e-09	1.42075381144e-08
     8	9.57315989756e-09	2.27705681471e-09	1.18502167123e-08
     9	8.3567655528e-09	1.9881534665e-09	1.03449190193e-08

Measurement: t_ro119
  step	t_ro119	FROM	TO
     1	5.55876643857e-09	1.33242187543e-09	6.891188314e-09
     2	4.79999478724e-09	1.14803727822e-09	5.94803206546e-09
     3	4.30976741917e-09	1.03009352201e-09	5.33986094118e-09
     4	7.54030794956e-09	1.80783979836e-09	9.34814774793e-09
     5	6.41874092155e-09	1.53673783022e-09	7.95547875176e-09
     6	5.68685571369e-09	1.35992672163e-09	7.04678243532e-09
     7	1.06577223854e-08	2.55544358151e-09	1.32131659669e-08
     8	9.01002898654e-09	2.1576172041e-09	1.11676461906e-08
     9	7.93767014371e-09	1.89871258754e-09	9.83638273125e-09

Measurement: t_ro120
  step	t_ro120	FROM	TO
     1	5.80177744951e-09	1.39354887189e-09	7.1953263214e-09
     2	4.98019311607e-09	1.19481620436e-09	6.17500932043e-09
     3	4.44071050925e-09	1.06448284023e-09	5.50519334948e-09
     4	7.93647847721e-09	1.90696219193e-09	9.84344066914e-09
     5	6.70415981001e-09	1.60917265823e-09	8.31333246824e-09
     6	5.90328555002e-09	1.41580315979e-09	7.31908870981e-09
     7	1.13042543063e-08	2.71664196609e-09	1.40208962724e-08
     8	9.48362592945e-09	2.27685023011e-09	1.17604761596e-08
     9	8.30289008287e-09	1.99190382202e-09	1.02947939049e-08

Measurement: t_ro121
  step	t_ro121	FROM	TO
     1	5.78383401416e-09	1.39115322956e-09	7.17498724372e-09
     2	4.95998521795e-09	1.19038394325e-09	6.15036916121e-09
     3	4.42758708322e-09	1.06164189516e-09	5.48922897838e-09
     4	7.92559987888e-09	1.90749734997e-09	9.83309722885e-09
     5	6.68985292297e-09	1.60768713019e-09	8.29754005317e-09
     6	5.88897061232e-09	1.41338446523e-09	7.30235507755e-09
     7	1.12923711735e-08	2.71891888055e-09	1.40112900541e-08
     8	9.46354314431e-09	2.27545773989e-09	1.17390008842e-08
     9	8.28245901964e-09	1.98906732792e-09	1.02715263476e-08

Measurement: t_ro122
  step	t_ro122	FROM	TO
     1	6.02969674961e-09	1.45114483158e-09	7.48084158119e-09
     2	5.12000360427e-09	1.23091365484e-09	6.35091725911e-09
     3	4.54549988943e-09	1.09261960192e-09	5.63811949134e-09
     4	8.3608723668e-09	2.01376681923e-09	1.0374639186e-08
     5	6.98194465304e-09	1.68079437917e-09	8.6627390322e-09
     6	6.10454653226e-09	1.46905530874e-09	7.573601841e-09
     7	1.20225446955e-08	2.89757534289e-09	1.49201200384e-08
     8	9.96366666957e-09	2.40037359781e-09	1.23640402674e-08
     9	8.65739075783e-09	2.08537056291e-09	1.07427613207e-08

Measurement: t_ro123
  step	t_ro123	FROM	TO
     1	5.84766343329e-09	1.40259346204e-09	7.25025689532e-09
     2	4.99736428539e-09	1.197018432e-09	6.19438271739e-09
     3	4.45350258565e-09	1.06621727319e-09	5.51971985884e-09
     4	8.02722255734e-09	1.92626050627e-09	9.95348306361e-09
     5	6.75000787515e-09	1.61727207634e-09	8.36727995149e-09
     6	5.93124881669e-09	1.42029663781e-09	7.35154545449e-09
     7	1.14588484694e-08	2.74993757119e-09	1.42087860406e-08
     8	9.56373917332e-09	2.2915991344e-09	1.18553383077e-08
     9	8.35356994955e-09	2.00067448882e-09	1.03542444384e-08

Measurement: t_ro124
  step	t_ro124	FROM	TO
     1	6.51176763411e-09	1.56334489524e-09	8.07511252935e-09
     2	5.43784384171e-09	1.30307737424e-09	6.74092121595e-09
     3	4.76361861711e-09	1.14172258738e-09	5.9053412045e-09
     4	9.27944413916e-09	2.22756832078e-09	1.15070124599e-08
     5	7.57512068177e-09	1.81692906117e-09	9.39204974294e-09
     6	6.52656862288e-09	1.56446151685e-09	8.09103013973e-09
     7	1.35860465959e-08	3.26154630633e-09	1.68475929022e-08
     8	1.09916399115e-08	2.63648368285e-09	1.36281235943e-08
     9	9.40032369699e-09	2.2535418575e-09	1.16538655545e-08

Measurement: t_ro125
  step	t_ro125	FROM	TO
     1	5.49945633155e-09	1.32080170102e-09	6.82025803257e-09
     2	4.77561395459e-09	1.14573927406e-09	5.92135322865e-09
     3	4.28743165336e-09	1.02801004281e-09	5.31544169616e-09
     4	7.3817971162e-09	1.77390697185e-09	9.15570408805e-09
     5	6.31499442199e-09	1.51616837618e-09	7.83116279818e-09
     6	5.61162153608e-09	1.34646853211e-09	6.95809006819e-09
     7	1.03645574325e-08	2.49140614611e-09	1.28559635786e-08
     8	8.81147275788e-09	2.11645630001e-09	1.09279290579e-08
     9	7.79069730554e-09	1.87032453703e-09	9.66102184258e-09

Measurement: t_ro126
  step	t_ro126	FROM	TO
     1	6.2132386356e-09	1.48562686683e-09	7.69886550243e-09
     2	5.25674862761e-09	1.25584415891e-09	6.51259278652e-09
     3	4.64000321233e-09	1.10735055672e-09	5.74735376905e-09
     4	8.66845473956e-09	2.07185716413e-09	1.07403119037e-08
     5	7.19404163136e-09	1.71775400333e-09	8.91179563469e-09
     6	6.26050027782e-09	1.4937295773e-09	7.75422985512e-09
     7	1.25290940199e-08	2.99306505523e-09	1.55221590751e-08
     8	1.03164118566e-08	2.46237391576e-09	1.27787857723e-08
     9	8.92037314318e-09	2.12778478029e-09	1.10481579235e-08

Measurement: t_ro127
  step	t_ro127	FROM	TO
     1	5.97756311755e-09	1.43653558382e-09	7.41409870136e-09
     2	5.08693144146e-09	1.2219015119e-09	6.30883295337e-09
     3	4.50823866932e-09	1.08293529765e-09	5.59117396697e-09
     4	8.28788208978e-09	1.99249215597e-09	1.02803742457e-08
     5	6.91887599671e-09	1.66256137922e-09	8.58143737593e-09
     6	6.05110485135e-09	1.45399870778e-09	7.50510355912e-09
     7	1.1909814656e-08	2.86410993612e-09	1.47739245922e-08
     8	9.86551415409e-09	2.37152009617e-09	1.22370342503e-08
     9	8.57308377787e-09	2.06098436918e-09	1.06340681471e-08

Measurement: freq_ro0
  step	{80/t_ro0}
     1	13722231144.4
     2	16031121746.2
     3	17993608125.3
     4	9998600607.26
     5	11874727535.1
     6	13507212790.7
     7	7004171720.15
     8	8379616300.33
     9	9589119052.06

Measurement: freq_ro1
  step	{80/t_ro1}
     1	14117415250.4
     2	16395354261.8
     3	18314166880.1
     4	10352495786.6
     5	12206917822.9
     6	13816644422.2
     7	7292353094.79
     8	8659392008.98
     9	9857363078.1

Measurement: freq_ro2
  step	{80/t_ro2}
     1	12884482272.2
     2	15257284224
     3	17279476099.5
     4	9215666594.1
     5	11115081386.3
     6	12780666776.4
     7	6368969631.52
     8	7743829740.03
     9	8962401142.9

Measurement: freq_ro3
  step	{80/t_ro3}
     1	13422093305.3
     2	15746964320.7
     3	17751535595
     4	9700442650.33
     5	11587992510.2
     6	13236332212.6
     7	6753832273.34
     8	8129654783.99
     9	9344701842.86

Measurement: freq_ro4
  step	{80/t_ro4}
     1	13818482787.8
     2	16129031829.9
     3	18072223810.8
     4	10075851683.8
     5	11947840570.7
     6	13574383097.9
     7	7064526851.75
     8	8438878014.61
     9	9645572292.64

Measurement: freq_ro5
  step	{80/t_ro5}
     1	12376083675.8
     2	14798031912.7
     3	16874560812.8
     4	8741245445.16
     5	10669622919.8
     6	12358039492.4
     7	5990720569.98
     8	7375468479.95
     9	8602671988.31

Measurement: freq_ro6
  step	{80/t_ro6}
     1	13932903826.3
     2	16246942367.4
     3	18206977291.6
     4	10143936861.9
     5	12033896678.2
     6	13668059508.9
     7	7116061224.01
     8	8507545630.99
     9	9723712077.94

Measurement: freq_ro7
  step	{80/t_ro7}
     1	13888910733
     2	16160342378.4
     3	18106677674.7
     4	10166735120.6
     5	12018436928.3
     6	13634734300.8
     7	7146736461.12
     8	8507435810.72
     9	9707330683.2

Measurement: freq_ro8
  step	{80/t_ro8}
     1	13566466348.2
     2	15879895197
     3	17857102039.2
     4	9868024089.13
     5	11750355315.5
     6	13390686823.2
     7	6902341077.75
     8	8279353480.85
     9	9491714129.75

Measurement: freq_ro9
  step	{80/t_ro9}
     1	13042496272.5
     2	15409018994.2
     3	17435367671
     4	9367090955.51
     5	11275238399.5
     6	12942126909.1
     7	6493155343.92
     8	7877681498.11
     9	9101370291.22

Measurement: freq_ro10
  step	{80/t_ro10}
     1	12531845529.7
     2	14956155887.8
     3	17013136569
     4	8856962648.68
     5	10783542702.1
     6	12469832301.5
     7	6073749678.77
     8	7458458056.96
     9	8685841628.36

Measurement: freq_ro11
  step	{80/t_ro11}
     1	13147715980.8
     2	15478464443.9
     3	17477690142.6
     4	9467615630.63
     5	11344917787.7
     6	12990041707.5
     7	6575309493.86
     8	7938579285.96
     9	9147303840.98

Measurement: freq_ro12
  step	{80/t_ro12}
     1	13157878806
     2	15514587907.4
     3	17536180235.2
     4	9422504014.07
     5	11356023619.7
     6	13029246865.3
     7	6543429966.16
     8	7950508636.68
     9	9183085369.3

Measurement: freq_ro13
  step	{80/t_ro13}
     1	13561331539
     2	15936337044.4
     3	17916892728.6
     4	9804139746.53
     5	11720779833.1
     6	13375402062.8
     7	6833079866.02
     8	8230108641.36
     9	9451504968.3

Measurement: freq_ro14
  step	{80/t_ro14}
     1	13032524868.7
     2	15398100608.4
     3	17405459951.6
     4	9331412782.03
     5	11233105088.5
     6	12891328986.1
     7	6466824373.08
     8	7847082594.37
     9	9065249239.99

Measurement: freq_ro15
  step	{80/t_ro15}
     1	13485697171.6
     2	15801492462.6
     3	17794303985.3
     4	9753251180.97
     5	11642457504.4
     6	13287456817.1
     7	6803967987.3
     8	8185170092.31
     9	9400577746.16

Measurement: freq_ro16
  step	{80/t_ro16}
     1	13570562263.3
     2	15920011798.4
     3	17900306922.3
     4	9846949299.14
     5	11749889598.9
     6	13401307865.7
     7	6877268296.91
     8	8269228484.59
     9	9490375258.58

Measurement: freq_ro17
  step	{80/t_ro17}
     1	14089396611.9
     2	16356121550.8
     3	18288540008
     4	10384633604.9
     5	12237466007
     6	13850710305
     7	7338259259.17
     8	8707324676.1
     9	9909218896.35

Measurement: freq_ro18
  step	{80/t_ro18}
     1	13255915716.3
     2	15624982050.2
     3	17612209470.1
     4	9538809944.93
     5	11441948497.2
     6	13098165523.1
     7	6624726402
     8	8010880103.56
     9	9230698802.76

Measurement: freq_ro19
  step	{80/t_ro19}
     1	14404846268.6
     2	16666693288.5
     3	18576225445.1
     4	10622789686.8
     5	12474689333.1
     6	14078089493.8
     7	7518256259.57
     8	8889940244.12
     9	10088882741.4

Measurement: freq_ro20
  step	{80/t_ro20}
     1	13619183325.9
     2	15930597277
     3	17857158120.5
     4	9892862419.65
     5	11771812339.6
     6	13409968530.3
     7	6914057547.74
     8	8289554478.15
     9	9501542026.27

Measurement: freq_ro21
  step	{80/t_ro21}
     1	13059174141.6
     2	15418275203.9
     3	17431940012.1
     4	9368031374.45
     5	11265743492.3
     6	12924976794.9
     7	6487570590.84
     8	7863261890.01
     9	9080295722.05

Measurement: freq_ro22
  step	{80/t_ro22}
     1	13157891517.8
     2	15489810093.2
     3	17485406743.3
     4	9477691506.83
     5	11349604051
     6	12992114311.4
     7	6578799602.15
     8	7937217420.78
     9	9142655811.98

Measurement: freq_ro23
  step	{80/t_ro23}
     1	13650501107.4
     2	15962606306.2
     3	17919815331.1
     4	9953149087.44
     5	11827036116.3
     6	13459880655.2
     7	6971992329.32
     8	8344622818.36
     9	9553231316.18

Measurement: freq_ro24
  step	{80/t_ro24}
     1	13115166176.4
     2	15468807942.1
     3	17477077498
     4	9431693933.35
     5	11320425906.4
     6	12974688181.1
     7	6542967154.09
     8	7914831392.77
     9	9129524761.93

Measurement: freq_ro25
  step	{80/t_ro25}
     1	12076782603.7
     2	14500258464.9
     3	16639823917
     4	8487658944.25
     5	10416705332.5
     6	12113185351.4
     7	5790148062.36
     8	7167438689.31
     9	8395430160.61

Measurement: freq_ro26
  step	{80/t_ro26}
     1	13102306585.4
     2	15491053503.8
     3	17506320746.5
     4	9402655257.5
     5	11326688497.1
     6	12996362567.2
     7	6528073638.9
     8	7927262673.4
     9	9156510068.88

Measurement: freq_ro27
  step	{80/t_ro27}
     1	12350681382.3
     2	14734929511.1
     3	16773707596.7
     4	8714550224.35
     5	10613928098.7
     6	12287098124.3
     7	5962514946.97
     8	7321786781.31
     9	8535532695.39

Measurement: freq_ro28
  step	{80/t_ro28}
     1	12964238960.5
     2	15354788230.6
     3	17382976353.8
     4	9252546511.32
     5	11171261796.5
     6	12846086939.6
     7	6388285484.08
     8	7777991943.28
     9	9005333165.73

Measurement: freq_ro29
  step	{80/t_ro29}
     1	13497891096.2
     2	15801660965.9
     3	17816913547.1
     4	9778151638.4
     5	11659522107.6
     6	13299489330.3
     7	6824878296.71
     8	8198874759.2
     9	9410107756.37

Measurement: freq_ro30
  step	{80/t_ro30}
     1	13365209892.8
     2	15728120686.1
     3	17747125340.8
     4	9620302759.1
     5	11543083205.4
     6	13209175703.9
     7	6690067196.88
     8	8091847390.13
     9	9322207333.13

Measurement: freq_ro31
  step	{80/t_ro31}
     1	12499991036.8
     2	14864194788.9
     3	16923954202.8
     4	8863004985.28
     5	10762142064.4
     6	12434111346.6
     7	6088910494.2
     8	7453989745.87
     9	8670310375.32

Measurement: freq_ro32
  step	{80/t_ro32}
     1	13479045482.4
     2	15787604955.8
     3	17788137418.1
     4	9751168780.45
     5	11640839332.8
     6	13288333568
     7	6802495264.7
     8	8184651914.25
     9	9401563571.55

Measurement: freq_ro33
  step	{80/t_ro33}
     1	13735657627.5
     2	16028903634.7
     3	17976014672.9
     4	10021758427
     5	11886889585.3
     6	13513384063.9
     7	7030754456.88
     8	8399967665.35
     9	9604416152.27

Measurement: freq_ro34
  step	{80/t_ro34}
     1	14285713256
     2	16540458542.4
     3	18454533990.1
     4	10573494906.1
     5	12413731242.5
     6	14014238521
     7	7488426393.7
     8	8850666126.17
     9	10046763423

Measurement: freq_ro35
  step	{80/t_ro35}
     1	12987138724.2
     2	15348855639.4
     3	17366306132.5
     4	9304822368.54
     5	11199802768.4
     6	12858114174
     7	6440280664.06
     8	7813775221.91
     9	9029994595.69

Measurement: freq_ro36
  step	{80/t_ro36}
     1	13444674973.4
     2	15764677334.7
     3	17744891242.9
     4	9736624216.82
     5	11617535216.4
     6	13255460592.2
     7	6791819137.36
     8	8164663221.44
     9	9374784687.17

Measurement: freq_ro37
  step	{80/t_ro37}
     1	12651936343.9
     2	15054238438.3
     3	17105346948.1
     4	8976541533.89
     5	10892491276.7
     6	12570622747.8
     7	6172211227.61
     8	7552906139.35
     9	8776711093.57

Measurement: freq_ro38
  step	{80/t_ro38}
     1	13761762575.8
     2	16115576242.3
     3	18042809185.7
     4	9998207495.98
     5	11879293774.3
     6	13513658844.7
     7	6989231667.45
     8	8367174973.19
     9	9579215708.52

Measurement: freq_ro39
  step	{80/t_ro39}
     1	13380429450.7
     2	15853311571.9
     3	17894754843.2
     4	9604997544.34
     5	11623398527.1
     6	13333238065.6
     7	6673156553.58
     8	8149433985.23
     9	9415971195.8

Measurement: freq_ro40
  step	{80/t_ro40}
     1	12434735123.4
     2	14870888650.9
     3	16948968516.3
     4	8779097436.58
     5	10728770104.6
     6	12428237775.9
     7	6015954366.9
     8	7416845222.43
     9	8653563826.39

Measurement: freq_ro41
  step	{80/t_ro41}
     1	13157889043.6
     2	15533017921.3
     3	17538214274.2
     4	9456236470.93
     5	11355253872.8
     6	13010502671.5
     7	6561817588.64
     8	7943282159.66
     9	9161244756.91

Measurement: freq_ro42
  step	{80/t_ro42}
     1	13361099045.9
     2	15697354975.2
     3	17705688904.6
     4	9657213974.39
     5	11554795323.2
     6	13206414765
     7	6726978506.39
     8	8112542014.27
     9	9332498808.86

Measurement: freq_ro43
  step	{80/t_ro43}
     1	13384589355.9
     2	15701787691.4
     3	17692737000.5
     4	9671756008.51
     5	11545871204.4
     6	13184561358
     7	6736620278.51
     8	8102181299.04
     9	9310027677.79

Measurement: freq_ro44
  step	{80/t_ro44}
     1	13740589473.9
     2	16046566931.8
     3	17975851637.6
     4	10039299076.1
     5	11892777311.2
     6	13512877385.6
     7	7043210827.77
     8	8400029654.47
     9	9598200999.08

Measurement: freq_ro45
  step	{80/t_ro45}
     1	14422504254.6
     2	16666759174.2
     3	18617707712.8
     4	10651529236.2
     5	12522402071
     6	14133472021.2
     7	7553112115.8
     8	8941263661.27
     9	10147253104.3

Measurement: freq_ro46
  step	{80/t_ro46}
     1	13157862496.4
     2	15546610522.1
     3	17543856463.5
     4	9479454705.05
     5	11381069148.1
     6	13041643028.8
     7	6580981873.9
     8	7963923975.46
     9	9184238159.23

Measurement: freq_ro47
  step	{80/t_ro47}
     1	13888872775.4
     2	16163696991.7
     3	18134578363.5
     4	10146953078.8
     5	12022132444.6
     6	13652561877.4
     7	7129369242.86
     8	8508153607.08
     9	9719761671.98

Measurement: freq_ro48
  step	{80/t_ro48}
     1	13857830927.9
     2	16129070291.6
     3	18104068720.6
     4	10135169437.9
     5	12004200791.5
     6	13630029255.5
     7	7120563426.38
     8	8493338051.2
     9	9700122230.56

Measurement: freq_ro49
  step	{80/t_ro49}
     1	13240282440.9
     2	15625036048.3
     3	17688299815.8
     4	9476904869.43
     5	11425998032.3
     6	13110265473.8
     7	6570155685.48
     8	7990808582.53
     9	9233362499.63

Measurement: freq_ro50
  step	{80/t_ro50}
     1	13191824399.3
     2	15534205902.6
     3	17529209317.9
     4	9531356813.48
     5	11399999403.9
     6	13042397079.3
     7	6623476605.34
     8	7980573523.48
     9	9186554879.48

Measurement: freq_ro51
  step	{80/t_ro51}
     1	13888877177.2
     2	16129020121.8
     3	18114586089.5
     4	10199691076.9
     5	12061070818.6
     6	13682519098.7
     7	7186416944.38
     8	8556651929.36
     9	9761893693.6

Measurement: freq_ro52
  step	{80/t_ro52}
     1	13281346496.4
     2	15624990763.3
     3	17614833785.3
     4	9626838118.02
     5	11516714616.2
     6	13165926685.3
     7	6712834192.74
     8	8091263774.32
     9	9308432013.51

Measurement: freq_ro53
  step	{80/t_ro53}
     1	13367155467.4
     2	15713950422.8
     3	17747417875.9
     4	9625232267.23
     5	11543048378.5
     6	13206733197.4
     7	6694870127.3
     8	8093864942.24
     9	9322423972.34

Measurement: freq_ro54
  step	{80/t_ro54}
     1	12963465579.9
     2	15308761000
     3	17324012305.1
     4	9317405531.68
     5	11202422370.7
     6	12855839448.2
     7	6458508519.8
     8	7825777326.5
     9	9038470714.06

Measurement: freq_ro55
  step	{80/t_ro55}
     1	14581512696
     2	16811093889.5
     3	18711130561.3
     4	10823301302.7
     5	12663137776.2
     6	14253895514.6
     7	7694019927.13
     8	9060774821.58
     9	10252585307.6

Measurement: freq_ro56
  step	{80/t_ro56}
     1	13660719968.1
     2	16030127813.9
     3	18009144100.6
     4	9894650189.73
     5	11816192788.1
     6	13470378111.5
     7	6913438136.04
     8	8320745784.41
     9	9545293723.23

Measurement: freq_ro57
  step	{80/t_ro57}
     1	12393641138.1
     2	14800372930.7
     3	16872033442.3
     4	8771866045.34
     5	10699988440.2
     6	12386988000.6
     7	6017768098.8
     8	7405292691.53
     9	8633762352.59

Measurement: freq_ro58
  step	{80/t_ro58}
     1	13888878945.4
     2	16182705000.5
     3	18137019282.2
     4	10169734533
     5	12026884494.8
     6	13643614218.3
     7	7142685449.4
     8	8506948392.52
     9	9707203793.31

Measurement: freq_ro59
  step	{80/t_ro59}
     1	13339761387.7
     2	15677081783
     3	17703363341.1
     4	9615559440.78
     5	11522838762.6
     6	13179560070.7
     7	6695234643.54
     8	8088386228.04
     9	9311448981.38

Measurement: freq_ro60
  step	{80/t_ro60}
     1	13752929515.4
     2	16076656323
     3	18000699555
     4	10027945133.2
     5	11893820395.1
     6	13513591031.1
     7	7029526935.76
     8	8397104472.14
     9	9600787937.91

Measurement: freq_ro61
  step	{80/t_ro61}
     1	13076317353.2
     2	15440173880.8
     3	17449702041.1
     4	9387285761.56
     5	11288767015.8
     6	12948730680.1
     7	6512138690.53
     8	7893296332.66
     9	9112988313.48

Measurement: freq_ro62
  step	{80/t_ro62}
     1	12909025338.8
     2	15268597306.1
     3	17280117305.1
     4	9239242414.5
     5	11140779645.9
     6	12807968089.6
     7	6385983439.5
     8	7761090777.81
     9	8980086473.3

Measurement: freq_ro63
  step	{80/t_ro63}
     1	13513779103.3
     2	15827025527.4
     3	17821798003.5
     4	9819008677.02
     5	11702664129.3
     6	13343316989.8
     7	6863190986.15
     8	8240606930.01
     9	9453688482.96

Measurement: freq_ro64
  step	{80/t_ro64}
     1	13251319239.2
     2	15624977955.3
     3	17595554364.9
     4	9565521294.9
     5	11450310145.5
     6	13098214765.6
     7	6651925063.66
     8	8023864469.06
     9	9236604999.02

Measurement: freq_ro65
  step	{80/t_ro65}
     1	14050114226
     2	16316456920
     3	18261229091.7
     4	10340598115.3
     5	12195182010.1
     6	13816867214.8
     7	7297247536.9
     8	8667899957.63
     9	9872074809.1

Measurement: freq_ro66
  step	{80/t_ro66}
     1	14326530348.6
     2	16623248931
     3	18540317393.3
     4	10551375025
     5	12427391902
     6	14042492944.7
     7	7462243046.74
     8	8850812470.18
     9	10057902706.9

Measurement: freq_ro67
  step	{80/t_ro67}
     1	12646954112.7
     2	15017257676.4
     3	17042155175
     4	9015688009.98
     5	10896747038.7
     6	12556054258
     7	6208591253.8
     8	7563272557.99
     9	8771392934.73

Measurement: freq_ro68
  step	{80/t_ro68}
     1	14285713946.5
     2	16556677554.9
     3	18486696334.6
     4	10496472662
     5	12362326622.6
     6	13976299811.1
     7	7411787824.22
     8	8791495119.31
     9	9998250228.39

Measurement: freq_ro69
  step	{80/t_ro69}
     1	13695871074.7
     2	16018761373.4
     3	17988468798.8
     4	9940666063.55
     5	11828446595.3
     6	13469201643.6
     7	6947771366.52
     8	8329974947.36
     9	9543922100.61

Measurement: freq_ro70
  step	{80/t_ro70}
     1	13802008080.9
     2	16129032579
     3	18081697640.9
     4	10033896903.9
     5	11928958199.9
     6	13567930873
     7	7033829618.98
     8	8428692955.34
     9	9646466516.84

Measurement: freq_ro71
  step	{80/t_ro71}
     1	13863946247.6
     2	16136175507.7
     3	18106119925.6
     4	10171043577.6
     5	12045927042.6
     6	13671102597.3
     7	7166116126.26
     8	8547726819.37
     9	9757847578.36

Measurement: freq_ro72
  step	{80/t_ro72}
     1	13576989640
     2	15885806130.7
     3	17857649371.1
     4	9882440219.32
     5	11741406878.2
     6	13366869203
     7	6913502537.61
     8	8272441494.07
     9	9473405843.68

Measurement: freq_ro73
  step	{80/t_ro73}
     1	12977938074.3
     2	15349212041.2
     3	17378632683.9
     4	9274302762.11
     5	11178446792.8
     6	12840778989.1
     7	6410661386.45
     8	7790398519.28
     9	9010935904.15

Measurement: freq_ro74
  step	{80/t_ro74}
     1	13569795355.2
     2	15877861285.9
     3	17849829943.1
     4	9888661539.33
     5	11753080090.2
     6	13382936835.2
     7	6923451662.81
     8	8287189428.25
     9	9492074742.65

Measurement: freq_ro75
  step	{80/t_ro75}
     1	13055330066.3
     2	15418786224.1
     3	17431321204.2
     4	9367416143.96
     5	11266732297.2
     6	12926651841.3
     7	6488852951.96
     8	7866837374.58
     9	9085352443.38

Measurement: freq_ro76
  step	{80/t_ro76}
     1	14024184386.3
     2	16301409841.1
     3	18259727680.2
     4	10284343141.8
     5	12152887119.5
     6	13773931854.1
     7	7236965059.37
     8	8611950682.23
     9	9817208456.74

Measurement: freq_ro77
  step	{80/t_ro77}
     1	12874272775
     2	15236735340.8
     3	17241394164.1
     4	9226513154.45
     5	11130700939.3
     6	12799819799.9
     7	6377453660.35
     8	7754661870.91
     9	8975490281.25

Measurement: freq_ro78
  step	{80/t_ro78}
     1	13255961295.9
     2	15601685981.4
     3	17613411863.1
     4	9568956017.07
     5	11457850843.9
     6	13112321035.5
     7	6650472501.37
     8	8024833407.3
     9	9241459381.05

Measurement: freq_ro79
  step	{80/t_ro79}
     1	14136627100.1
     2	16427405297.5
     3	18364429013
     4	10372593328.6
     5	12247169511.8
     6	13867787084.9
     7	7312770055.22
     8	8696713897.33
     9	9905035199.9

Measurement: freq_ro80
  step	{80/t_ro80}
     1	13044142170.5
     2	15426055874.7
     3	17438762395.4
     4	9321285793.09
     5	11232670459.6
     6	12899148263.5
     7	6442995690.48
     8	7828497011.52
     9	9051292321.3

Measurement: freq_ro81
  step	{80/t_ro81}
     1	13329699312.1
     2	15648273763.9
     3	17667580817.9
     4	9654790318.03
     5	11549836542.5
     6	13201283501.1
     7	6732620114.47
     8	8117264980.32
     9	9337698415.08

Measurement: freq_ro82
  step	{80/t_ro82}
     1	13157784407.2
     2	15522640272.9
     3	17552214424.8
     4	9406998186.02
     5	11336285224.2
     6	13010781853.8
     7	6514560379.21
     8	7916505776.11
     9	9149127335.31

Measurement: freq_ro83
  step	{80/t_ro83}
     1	14111592254.6
     2	16405933213.8
     3	18361465971.3
     4	10334241410.8
     5	12214249302
     6	13846544949.3
     7	7272479117.56
     8	8659266988.06
     9	9872260773.66

Measurement: freq_ro84
  step	{80/t_ro84}
     1	13513507915.7
     2	15845567331.1
     3	17857008477.8
     4	9797715656.42
     5	11695000059.1
     6	13345185421.2
     7	6836881711.24
     8	8225571720.7
     9	9445387480.84

Measurement: freq_ro85
  step	{80/t_ro85}
     1	14491737885.1
     2	16750685716.7
     3	18655486428.6
     4	10690853975.3
     5	12558537723.9
     6	14165322719.9
     7	7573501313.77
     8	8961966773.45
     9	10167658476.6

Measurement: freq_ro86
  step	{80/t_ro86}
     1	12958787197.1
     2	15303011823
     3	17327774885.8
     4	9292812569.62
     5	11179399320.4
     6	12835316489.4
     7	6432346920.72
     8	7798388352.66
     9	9011622739.35

Measurement: freq_ro87
  step	{80/t_ro87}
     1	13989067477.8
     2	16272429559.6
     3	18218745456.2
     4	10294449117.9
     5	12166910392.2
     6	13788101649.3
     7	7269813182.82
     8	8652902159.52
     9	9861276826.15

Measurement: freq_ro88
  step	{80/t_ro88}
     1	13305624930.8
     2	15625020961.2
     3	17653263602.3
     4	9577222531.15
     5	11480159456.2
     6	13135300351.6
     7	6658591931.69
     8	8046596506.72
     9	9266297974.99

Measurement: freq_ro89
  step	{80/t_ro89}
     1	13058788241.1
     2	15433918575.3
     3	17463773552.3
     4	9340918369.27
     5	11255823145.4
     6	12926444876.1
     7	6461699935.01
     8	7851884179.4
     9	9079238978.02

Measurement: freq_ro90
  step	{80/t_ro90}
     1	13326826061.6
     2	15675496241.6
     3	17682985555
     4	9600550724.05
     5	11501466705.8
     6	13157754797.1
     7	6671835611.2
     8	8057341288.36
     9	9275846885.42

Measurement: freq_ro91
  step	{80/t_ro91}
     1	12892770685.8
     2	15256685529.4
     3	17249256867.1
     4	9250205670.45
     5	11141473430.4
     6	12800901171.9
     7	6403783644.9
     8	7774141876.75
     9	8989065230.04

Measurement: freq_ro92
  step	{80/t_ro92}
     1	13597242514
     2	15916826167.5
     3	17857255702.1
     4	9880968429.84
     5	11757366562.9
     6	13391412043.3
     7	6909256957.69
     8	8282201865.85
     9	9490833652.97

Measurement: freq_ro93
  step	{80/t_ro93}
     1	14489793417.4
     2	16666681268.8
     3	18634862520.7
     4	10724935400.2
     5	12568609639.1
     6	14163895539.7
     7	7607435481.64
     8	8973320545.9
     9	10166464057.1

Measurement: freq_ro94
  step	{80/t_ro94}
     1	13157891076.3
     2	15505007587.1
     3	17504975155
     4	9517984972.53
     5	11395357688
     6	13040864711
     7	6623379346.83
     8	7989562108.74
     9	9199896090.26

Measurement: freq_ro95
  step	{80/t_ro95}
     1	12757833012.4
     2	15177656097.5
     3	17241367172.5
     4	9035984744.85
     5	10982400799
     6	12673649054.3
     7	6209410787.74
     8	7615462603.08
     9	8852922210.11

Measurement: freq_ro96
  step	{80/t_ro96}
     1	13661115611.7
     2	15958064192.1
     3	17920531226.9
     4	9956371343.34
     5	11825321994.2
     6	13454974163
     7	6978650173.8
     8	8348589565.75
     9	9555230491.92

Measurement: freq_ro97
  step	{80/t_ro97}
     1	13157875941.2
     2	15499545293.8
     3	17517065135.8
     4	9430898819
     5	11343491971.1
     6	13006363793.7
     7	6543887240.6
     8	7936540571.41
     9	9161141328.87

Measurement: freq_ro98
  step	{80/t_ro98}
     1	13621376757.2
     2	15984216373.7
     3	17971925672.3
     4	9849275919.47
     5	11766587677.8
     6	13426091811.3
     7	6866639395.52
     8	8269907833.61
     9	9498009229.38

Measurement: freq_ro99
  step	{80/t_ro99}
     1	12767483444.5
     2	15129746284
     3	17155804141.5
     4	9130631324.93
     5	11009411555.7
     6	12663749852.4
     7	6304519493.2
     8	7659830121.68
     9	8867360141.91

Measurement: freq_ro100
  step	{80/t_ro100}
     1	14116482553
     2	16387715256.9
     3	18339086586.1
     4	10351690710
     5	12218405595.8
     6	13836759634.9
     7	7295306467.64
     8	8672613248.89
     9	9877815690.26

Measurement: freq_ro101
  step	{80/t_ro101}
     1	13982892182.3
     2	16252709312.6
     3	18196052944.1
     4	10265502727.2
     5	12117186283.5
     6	13732891431.2
     7	7228958883.85
     8	8591014109
     9	9791497486.65

Measurement: freq_ro102
  step	{80/t_ro102}
     1	13157897065
     2	15507239911.9
     3	17525380962.1
     4	9474367830.55
     5	11387883687
     6	13053709947.2
     7	6586548125.88
     8	7980974933.16
     9	9208768222.13

Measurement: freq_ro103
  step	{80/t_ro103}
     1	13075023982.7
     2	15436443687.5
     3	17459509260.7
     4	9387065115.9
     5	11290959265.6
     6	12953062607.3
     7	6504863841.03
     8	7888629402.82
     9	9110824459.76

Measurement: freq_ro104
  step	{80/t_ro104}
     1	14063230508.9
     2	16342640560.7
     3	18277548831.2
     4	10306641886.6
     5	12170939423.8
     6	13789953889.9
     7	7258877970.66
     8	8633761360.4
     9	9839679528.66

Measurement: freq_ro105
  step	{80/t_ro105}
     1	13821912500.8
     2	16130236640.5
     3	18097233261.5
     4	10061287178.6
     5	11947288683.3
     6	13584101506.5
     7	7050785929.14
     8	8435534608.45
     9	9650210075.45

Measurement: freq_ro106
  step	{80/t_ro106}
     1	13093974997.1
     2	15451733552.3
     3	17467644820.2
     4	9411870219.44
     5	11311057851.3
     6	12970327972.5
     7	6531482064.45
     8	7910953122.95
     9	9129983837.09

Measurement: freq_ro107
  step	{80/t_ro107}
     1	13157787106.7
     2	15512651301.2
     3	17514552110.7
     4	9465970616.68
     5	11354076053
     6	13002987472.5
     7	6567061537.68
     8	7936729489.4
     9	9149407500.11

Measurement: freq_ro108
  step	{80/t_ro108}
     1	14087802739.2
     2	16343025754.1
     3	18288999810.9
     4	10364527763.2
     5	12216067182.4
     6	13826792633
     7	7311757809.11
     8	8678041133.34
     9	9878070040.29

Measurement: freq_ro109
  step	{80/t_ro109}
     1	13484122508.4
     2	15783914990.9
     3	17778856006
     4	9770310145.64
     5	11649999685.7
     6	13292247062.6
     7	6819668705.58
     8	8192558140.42
     9	9404788239.13

Measurement: freq_ro110
  step	{80/t_ro110}
     1	12999674615.5
     2	15333272390.3
     3	17347465172.6
     4	9349707592.9
     5	11229608672.6
     6	12879543280.8
     7	6483699458.51
     8	7847575614.04
     9	9058184160.2

Measurement: freq_ro111
  step	{80/t_ro111}
     1	13311312878.5
     2	15625004847.6
     3	17650843422
     4	9601268273.84
     5	11488282978.3
     6	13136413964
     7	6678953910.84
     8	8053110584.13
     9	9266838641.12

Measurement: freq_ro112
  step	{80/t_ro112}
     1	13907518818.6
     2	16212709096.4
     3	18178231562.7
     4	10166070636.3
     5	12048249108.1
     6	13675047408.8
     7	7147904579.68
     8	8532299505.19
     9	9741691431.14

Measurement: freq_ro113
  step	{80/t_ro113}
     1	13570489625
     2	15909082062.9
     3	17876546514.1
     4	9803646040.18
     5	11701247282.3
     6	13347929046
     7	6833009942.21
     8	8218012264.51
     9	9434587037.84

Measurement: freq_ro114
  step	{80/t_ro114}
     1	13503608680.5
     2	15825667773
     3	17841942494.3
     4	9791653469.71
     5	11668346619.6
     6	13308330164
     7	6831257297.69
     8	8201912916.95
     9	9412262200.93

Measurement: freq_ro115
  step	{80/t_ro115}
     1	13760896884.6
     2	16044770807
     3	18008130291.8
     4	10041636278
     5	11904786994.3
     6	13527352521.1
     7	7044050829.36
     8	8409228431
     9	9614095230.51

Measurement: freq_ro116
  step	{80/t_ro116}
     1	12875095891
     2	15246709617.3
     3	17249104483.3
     4	9214551274.13
     5	11111019574.3
     6	12773371573.8
     7	6361771225.25
     8	7730688340.68
     9	8947444386.1

Measurement: freq_ro117
  step	{80/t_ro117}
     1	13191528568.6
     2	15540032008.8
     3	17552973016.4
     4	9530058262.22
     5	11423127417.2
     6	13077497412.9
     7	6627771297.19
     8	8007132274.05
     9	9224929707.21

Measurement: freq_ro118
  step	{80/t_ro118}
     1	13625161787.6
     2	15955818460.8
     3	17905190279.3
     4	9943087547.5
     5	11832323755
     6	13474929909.8
     7	6969879696.36
     8	8356697355.53
     9	9573081773.63

Measurement: freq_ro119
  step	{80/t_ro119}
     1	14391682198.6
     2	16666684766.5
     3	18562486607.5
     4	10609646255.2
     5	12463503509.1
     6	14067527651.1
     7	7506294225.66
     8	8878994742.36
     9	10078524120

Measurement: freq_ro120
  step	{80/t_ro120}
     1	13788877752.7
     2	16063634107.3
     3	18015135153.1
     4	10080037415.8
     5	11932889768
     6	13551775417.6
     7	7076981624.11
     8	8435592103.18
     9	9635199213.95

Measurement: freq_ro121
  step	{80/t_ro121}
     1	13831655577.3
     2	16129080326.8
     3	18068532249.4
     4	10093873173.3
     5	11958409388.2
     6	13584717137.6
     7	7084428838.8
     8	8453493451.67
     9	9658967199.27

Measurement: freq_ro122
  step	{80/t_ro122}
     1	13267665576.2
     2	15624989000.7
     3	17599824429.9
     4	9568379529.11
     5	11458125776.6
     6	13104986517.4
     7	6654165322.42
     8	8029172658.33
     9	9240659482.5

Measurement: freq_ro123
  step	{80/t_ro123}
     1	13680677917.4
     2	16008438735.2
     3	17963389144
     4	9966087202.46
     5	11851838024.4
     6	13487884671.9
     7	6981504312
     8	8364929087.9
     9	9576743893.11

Measurement: freq_ro124
  step	{80/t_ro124}
     1	12285450663.3
     2	14711713379.2
     3	16793955694.2
     4	8621206055.05
     5	10560887853.9
     6	12257589649.7
     7	5888394348.96
     8	7278258807.99
     9	8510345236.9

Measurement: freq_ro125
  step	{80/t_ro125}
     1	14546892488.4
     2	16751772810.9
     3	18659189572.7
     4	10837469350.7
     5	12668261387.7
     6	14256128907.8
     7	7718612253.46
     8	9079072499.93
     9	10268657202.6

Measurement: freq_ro126
  step	{80/t_ro126}
     1	12875732720.4
     2	15218532531.6
     3	17241367373.9
     4	9228865167.27
     5	11120313740.1
     6	12778531499.1
     7	6385138452.4
     8	7754634180.2
     9	8968234704.53

Measurement: freq_ro127
  step	{80/t_ro127}
     1	13383380221.5
     2	15726573263.4
     3	17745289428.5
     4	9652646977.05
     5	11562571729.6
     6	13220726126.1
     7	6717149033
     8	8109055316.38
     9	9331531345.41

Measurement: edge100_ro0
  step	V(ro0_out)={VTHRESH} 
     1	7.22655439204e-09
     2	6.18491345956e-09
     3	5.50978808519e-09
     4	9.91775084935e-09
     5	8.34940959127e-09
     6	7.33997403148e-09
     7	1.41569406711e-08
     8	1.18314163444e-08
     9	1.03382847647e-08

Measurement: edge100_ro1
  step	V(ro1_out)={VTHRESH} 
     1	7.02696293633e-09
     2	6.04914528062e-09
     3	5.41452650271e-09
     4	9.58308994641e-09
     5	8.12556414006e-09
     6	7.17771724718e-09
     7	1.36048324998e-08
     8	1.14547152695e-08
     9	1.00611409985e-08

Measurement: edge100_ro2
  step	V(ro2_out)={VTHRESH} 
     1	7.69743077089e-09
     2	6.49889816267e-09
     3	5.73759406606e-09
     4	1.07622931117e-08
     5	8.92087617929e-09
     6	7.75710227005e-09
     7	1.55722128816e-08
     8	1.28046552604e-08
     9	1.10619489647e-08

Measurement: edge100_ro3
  step	V(ro3_out)={VTHRESH} 
     1	7.39030832154e-09
     2	6.29760590217e-09
     3	5.58566760506e-09
     4	1.02262875355e-08
     5	8.55856348074e-09
     6	7.49143289241e-09
     7	1.46877426658e-08
     8	1.21994272105e-08
     9	1.06114803905e-08

Measurement: edge100_ro4
  step	V(ro4_out)={VTHRESH} 
     1	7.17920237149e-09
     2	6.14937279824e-09
     3	5.48655591727e-09
     4	9.84664961965e-09
     5	8.30159531377e-09
     6	7.30519294282e-09
     7	1.40441019977e-08
     8	1.17538430479e-08
     9	1.0281239902e-08

Measurement: edge100_ro5
  step	V(ro5_out)={VTHRESH} 
     1	8.02090991682e-09
     2	6.70625574633e-09
     3	5.87990579744e-09
     4	1.13582018881e-08
     5	9.30278223211e-09
     6	8.0302006169e-09
     7	1.65749149689e-08
     8	1.34592717395e-08
     9	1.1537061771e-08

Measurement: edge100_ro6
  step	V(ro6_out)={VTHRESH} 
     1	7.11638605303e-09
     2	6.10106718522e-09
     3	5.44336597592e-09
     4	9.77446388776e-09
     5	8.23733581171e-09
     6	7.2512026025e-09
     7	1.39330162453e-08
     8	1.16515493145e-08
     9	1.01926376012e-08

Measurement: edge100_ro7
  step	V(ro7_out)={VTHRESH} 
     1	7.14083800452e-09
     2	6.13571208631e-09
     3	5.47517375664e-09
     4	9.75639758487e-09
     5	8.25056821882e-09
     6	7.27125372236e-09
     7	1.38791196145e-08
     8	1.16557021589e-08
     9	1.02131108585e-08

Measurement: edge100_ro8
  step	V(ro8_out)={VTHRESH} 
     1	7.31158895269e-09
     2	6.2449943822e-09
     3	5.55218519076e-09
     4	1.00522830801e-08
     5	8.44019892111e-09
     6	7.40522645579e-09
     7	1.43715213379e-08
     8	1.19789332611e-08
     9	1.04474270006e-08

Measurement: edge100_ro9
  step	V(ro9_out)={VTHRESH} 
     1	7.6035524241e-09
     2	6.43468083234e-09
     3	5.68591156818e-09
     4	1.05870146916e-08
     5	8.79367352949e-09
     6	7.65999838373e-09
     7	1.52723330237e-08
     8	1.25861483118e-08
     9	1.08923620181e-08

Measurement: edge100_ro10
  step	V(ro10_out)={VTHRESH} 
     1	7.91635402072e-09
     2	6.63054720528e-09
     3	5.82759243701e-09
     4	1.12021168945e-08
     5	9.19733308974e-09
     6	7.95147105103e-09
     7	1.63356181953e-08
     8	1.32984132769e-08
     9	1.14165782768e-08

Measurement: edge100_ro11
  step	V(ro11_out)={VTHRESH} 
     1	7.54189211791e-09
     2	6.40382408592e-09
     3	5.6704318393e-09
     4	1.04740229386e-08
     5	8.73781908788e-09
     6	7.6295005603e-09
     7	1.50805805051e-08
     8	1.248679345e-08
     9	1.08344579136e-08

Measurement: edge100_ro12
  step	V(ro12_out)={VTHRESH} 
     1	7.5417991414e-09
     2	6.39242046552e-09
     3	5.653879389e-09
     4	1.05306321209e-08
     5	8.73437178333e-09
     6	7.61039955423e-09
     7	1.51648900969e-08
     8	1.24760420687e-08
     9	1.07986855663e-08

Measurement: edge100_ro13
  step	V(ro13_out)={VTHRESH} 
     1	7.31339998589e-09
     2	6.22231953353e-09
     3	5.53343823714e-09
     4	1.01159017408e-08
     5	8.460744496e-09
     6	7.41286269716e-09
     7	1.45157118966e-08
     8	1.20494267186e-08
     9	1.04906324766e-08

Measurement: edge100_ro14
  step	V(ro14_out)={VTHRESH} 
     1	7.60849092915e-09
     2	6.4375357182e-09
     3	5.69446705961e-09
     4	1.06257218617e-08
     5	8.82418405676e-09
     6	7.68812532118e-09
     7	1.5331225092e-08
     8	1.26311204132e-08
     9	1.09324820955e-08

Measurement: edge100_ro15
  step	V(ro15_out)={VTHRESH} 
     1	7.35774764213e-09
     2	6.27509472452e-09
     3	5.57001053335e-09
     4	1.0175176069e-08
     5	8.51955208608e-09
     6	7.46135486135e-09
     7	1.45873420907e-08
     8	1.21201611572e-08
     9	1.05489541631e-08

Measurement: edge100_ro16
  step	V(ro16_out)={VTHRESH} 
     1	7.30912877527e-09
     2	6.22861211233e-09
     3	5.53817957174e-09
     4	1.00736411963e-08
     5	8.43984664499e-09
     6	7.39809813064e-09
     7	1.44236180124e-08
     8	1.19926137938e-08
     9	1.04472702168e-08

Measurement: edge100_ro17
  step	V(ro17_out)={VTHRESH} 
     1	7.03568234327e-09
     2	6.05913210707e-09
     3	5.41833137386e-09
     4	9.54520215336e-09
     5	8.09845791662e-09
     6	7.1544592378e-09
     7	1.35068357049e-08
     8	1.13814033292e-08
     9	9.99985957308e-09

Measurement: edge100_ro18
  step	V(ro18_out)={VTHRESH} 
     1	7.48292000308e-09
     2	6.34680180954e-09
     3	5.62805918734e-09
     4	1.03995392181e-08
     5	8.66603467954e-09
     6	7.56803456554e-09
     7	1.49738927337e-08
     8	1.2377933777e-08
     9	1.07389913845e-08

Measurement: edge100_ro19
  step	V(ro19_out)={VTHRESH} 
     1	6.88048926463e-09
     2	5.94622462186e-09
     3	5.33605264454e-09
     4	9.32869780565e-09
     5	7.94410697996e-09
     6	7.03975764218e-09
     7	1.3178692384e-08
     8	1.11460384547e-08
     9	9.82205692024e-09

Measurement: edge100_ro20
  step	V(ro20_out)={VTHRESH} 
     1	7.29236453946e-09
     2	6.23221593929e-09
     3	5.55681255519e-09
     4	1.00410934113e-08
     5	8.43582202469e-09
     6	7.40371346946e-09
     7	1.43685130051e-08
     8	1.19808422178e-08
     9	1.04506878902e-08

Measurement: edge100_ro21
  step	V(ro21_out)={VTHRESH} 
     1	7.60158655227e-09
     2	6.4372793225e-09
     3	5.69271903923e-09
     4	1.05985867917e-08
     5	8.81159939246e-09
     6	7.67922309429e-09
     7	1.53060176668e-08
     8	1.26259694952e-08
     9	1.09321682982e-08

Measurement: edge100_ro22
  step	V(ro22_out)={VTHRESH} 
     1	7.54084333604e-09
     2	6.40400630508e-09
     3	5.67201688932e-09
     4	1.0470957744e-08
     5	8.74100704462e-09
     6	7.63441875027e-09
     7	1.50853101497e-08
     8	1.24995256582e-08
     9	1.08494855557e-08

Measurement: edge100_ro23
  step	V(ro23_out)={VTHRESH} 
     1	7.27252543564e-09
     2	6.21811890073e-09
     3	5.53782579862e-09
     4	9.97647157685e-09
     5	8.39436609898e-09
     6	7.37494369404e-09
     7	1.42443664007e-08
     8	1.18993336786e-08
     9	1.03928062132e-08

Measurement: edge100_ro24
  step	V(ro24_out)={VTHRESH} 
     1	7.56792155216e-09
     2	6.41495192373e-09
     3	5.67692161086e-09
     4	1.05260199992e-08
     5	8.7672932353e-09
     6	7.64816519114e-09
     7	1.51747216429e-08
     8	1.2541482897e-08
     9	1.08713188711e-08

Measurement: edge100_ro25
  step	V(ro25_out)={VTHRESH} 
     1	8.21063035597e-09
     2	6.83669888637e-09
     3	5.95634600463e-09
     4	1.16826825971e-08
     5	9.51641616942e-09
     6	8.18245275024e-09
     7	1.71244769472e-08
     8	1.38302827483e-08
     9	1.18055011742e-08

Measurement: edge100_ro26
  step	V(ro26_out)={VTHRESH} 
     1	7.57062423581e-09
     2	6.40249501548e-09
     3	5.66499300863e-09
     4	1.05496997595e-08
     5	8.7563313292e-09
     6	7.63089656718e-09
     7	1.51949951366e-08
     8	1.2511176876e-08
     9	1.0830953314e-08

Measurement: edge100_ro27
  step	V(ro27_out)={VTHRESH} 
     1	8.03635931739e-09
     2	6.73433707881e-09
     3	5.91488018238e-09
     4	1.13908352018e-08
     5	9.34999602353e-09
     6	8.07525670114e-09
     7	1.66493486246e-08
     8	1.35550786183e-08
     9	1.16256225203e-08

Measurement: edge100_ro28
  step	V(ro28_out)={VTHRESH} 
     1	7.64988745955e-09
     2	6.45697590827e-09
     3	5.70224555084e-09
     4	1.07188427734e-08
     5	8.87534170112e-09
     6	7.71651789086e-09
     7	1.55240952377e-08
     8	1.27469513551e-08
     9	1.10074182533e-08

Measurement: edge100_ro29
  step	V(ro29_out)={VTHRESH} 
     1	7.35005619156e-09
     2	6.27710363798e-09
     3	5.56645519442e-09
     4	1.01466560338e-08
     5	8.50739486577e-09
     6	7.45723779531e-09
     7	1.45375491124e-08
     8	1.20986161217e-08
     9	1.05397954999e-08

Measurement: edge100_ro30
  step	V(ro30_out)={VTHRESH} 
     1	7.42680394358e-09
     2	6.31036286401e-09
     3	5.59216306387e-09
     4	1.03190286413e-08
     5	8.59952700575e-09
     6	7.51444254519e-09
     7	1.48410452395e-08
     8	1.22687608209e-08
     9	1.06491528083e-08

Measurement: edge100_ro31
  step	V(ro31_out)={VTHRESH} 
     1	7.93394506288e-09
     2	6.66941702331e-09
     3	5.85683718566e-09
     4	1.11890161973e-08
     5	9.21155419011e-09
     6	7.97166292818e-09
     7	1.62854571227e-08
     8	1.32992916918e-08
     9	1.14317860357e-08

Measurement: edge100_ro32
  step	V(ro32_out)={VTHRESH} 
     1	7.36542382858e-09
     2	6.28750843598e-09
     3	5.57952003913e-09
     4	1.01841024173e-08
     5	8.52879346364e-09
     6	7.47011300015e-09
     7	1.46001885605e-08
     8	1.21316871522e-08
     9	1.05596501618e-08

Measurement: edge100_ro33
  step	V(ro33_out)={VTHRESH} 
     1	7.22385848594e-09
     2	6.18601500113e-09
     3	5.51412243943e-09
     4	9.91060377222e-09
     5	8.34435907026e-09
     6	7.33718765325e-09
     7	1.41355299517e-08
     8	1.18136189799e-08
     9	1.03260994092e-08

Measurement: edge100_ro34
  step	V(ro34_out)={VTHRESH} 
     1	6.95514971122e-09
     2	6.00450996322e-09
     3	5.3807402339e-09
     4	9.39797319548e-09
     5	8.00199729826e-09
     6	7.08675777664e-09
     7	1.32713101265e-08
     8	1.12248394487e-08
     9	9.88661147149e-09

Measurement: edge100_ro35
  step	V(ro35_out)={VTHRESH} 
     1	7.63673817593e-09
     2	6.45927947865e-09
     3	5.70784568736e-09
     4	1.06596318821e-08
     5	8.85251457467e-09
     6	7.70923649914e-09
     7	1.54002435083e-08
     8	1.26887619343e-08
     9	1.09772821066e-08

Measurement: edge100_ro36
  step	V(ro36_out)={VTHRESH} 
     1	7.37797981447e-09
     2	6.28998072048e-09
     3	5.58701239277e-09
     4	1.01886048753e-08
     5	8.53600170986e-09
     6	7.47939678245e-09
     7	1.46062846635e-08
     8	1.21460545412e-08
     9	1.05755967029e-08

Measurement: edge100_ro37
  step	V(ro37_out)={VTHRESH} 
     1	7.84556828755e-09
     2	6.59197539334e-09
     3	5.8002691744e-09
     4	1.10597243081e-08
     5	9.11218347854e-09
     6	7.89410801086e-09
     7	1.60860519098e-08
     8	1.31424978162e-08
     9	1.13078454717e-08

Measurement: edge100_ro38
  step	V(ro38_out)={VTHRESH} 
     1	7.20767506637e-09
     2	6.15366109231e-09
     3	5.49489997712e-09
     4	9.92075177451e-09
     5	8.34777605425e-09
     6	7.33634617129e-09
     7	1.41920018933e-08
     8	1.18521542287e-08
     9	1.03505976869e-08

Measurement: edge100_ro39
  step	V(ro39_out)={VTHRESH} 
     1	7.41410203572e-09
     2	6.25586591525e-09
     3	5.54097196157e-09
     4	1.0329022723e-08
     5	8.53357250308e-09
     6	7.4374431763e-09
     7	1.48672415131e-08
     8	1.21716671696e-08
     9	1.0532262583e-08

Measurement: edge100_ro40
  step	V(ro40_out)={VTHRESH} 
     1	7.97549914603e-09
     2	6.66702256109e-09
     3	5.84924894337e-09
     4	1.12965820293e-08
     5	9.24088736239e-09
     6	7.9761463227e-09
     7	1.64838679137e-08
     8	1.33667152898e-08
     9	1.14549275427e-08

Measurement: edge100_ro41
  step	V(ro41_out)={VTHRESH} 
     1	7.54120827096e-09
     2	6.38487329195e-09
     3	5.65353578485e-09
     4	1.04940733607e-08
     5	8.73442326292e-09
     6	7.62147501557e-09
     7	1.51223621787e-08
     8	1.2486283341e-08
     9	1.08239404179e-08

Measurement: edge100_ro42
  step	V(ro42_out)={VTHRESH} 
     1	7.4376774689e-09
     2	6.32829796264e-09
     3	5.60946778061e-09
     4	1.0293423189e-08
     5	8.59933912343e-09
     6	7.5223455186e-09
     7	1.47800631446e-08
     8	1.22505212943e-08
     9	1.06467984657e-08

Measurement: edge100_ro43
  step	V(ro43_out)={VTHRESH} 
     1	7.41005393289e-09
     2	6.3150397865e-09
     3	5.60394769766e-09
     4	1.02548846073e-08
     5	8.5884690214e-09
     6	7.52018726102e-09
     7	1.47223941092e-08
     8	1.223848947e-08
     9	1.06500300202e-08

Measurement: edge100_ro44
  step	V(ro44_out)={VTHRESH} 
     1	7.22061662334e-09
     2	6.1817321333e-09
     3	5.51740551501e-09
     4	9.88375612334e-09
     5	8.34123134343e-09
     6	7.34042149915e-09
     7	1.40885516571e-08
     8	1.18099476538e-08
     9	1.03345047232e-08

Measurement: edge100_ro45
  step	V(ro45_out)={VTHRESH} 
     1	6.87529345954e-09
     2	5.94795612688e-09
     3	5.3251363729e-09
     4	9.30904158919e-09
     5	7.91714785133e-09
     6	7.01431325753e-09
     7	1.31270581734e-08
     8	1.10878224008e-08
     9	9.76926269941e-09

Measurement: edge100_ro46
  step	V(ro46_out)={VTHRESH} 
     1	7.53663944542e-09
     2	6.37689234304e-09
     3	5.65048376045e-09
     4	1.04605655928e-08
     5	8.71073584713e-09
     6	7.60077645596e-09
     7	1.50671371326e-08
     8	1.24480755295e-08
     9	1.07928231739e-08

Measurement: edge100_ro47
  step	V(ro47_out)={VTHRESH} 
     1	7.13971157689e-09
     2	6.13277179305e-09
     3	5.46608374778e-09
     4	9.77249215748e-09
     5	8.24634478686e-09
     6	7.26066652879e-09
     7	1.39086805081e-08
     8	1.16522031174e-08
     9	1.01985028598e-08

Measurement: edge100_ro48
  step	V(ro48_out)={VTHRESH} 
     1	7.16472517991e-09
     2	6.15426333506e-09
     3	5.48278780971e-09
     4	9.79877566797e-09
     5	8.27189677769e-09
     6	7.28434626366e-09
     7	1.39492120778e-08
     8	1.16928169027e-08
     9	1.02370753071e-08

Measurement: edge100_ro49
  step	V(ro49_out)={VTHRESH} 
     1	7.49732664172e-09
     2	6.35082050158e-09
     3	5.61057810932e-09
     4	1.04760738462e-08
     5	8.68774099927e-09
     6	7.57069937045e-09
     7	1.51120362475e-08
     8	1.24236250123e-08
     9	1.07506239143e-08

Measurement: edge100_ro50
  step	V(ro50_out)={VTHRESH} 
     1	7.52250671868e-09
     2	6.38548237329e-09
     3	5.6573790314e-09
     4	1.04122738194e-08
     5	8.70239381222e-09
     6	7.60455651047e-09
     7	1.4983930446e-08
     8	1.24318402728e-08
     9	1.07971028405e-08

Measurement: edge100_ro51
  step	V(ro51_out)={VTHRESH} 
     1	7.13861855612e-09
     2	6.146098259e-09
     3	5.47111491597e-09
     4	9.72146493866e-09
     5	8.21874065756e-09
     6	7.24352123039e-09
     7	1.37977257617e-08
     8	1.15847746083e-08
     9	1.01527963931e-08

Measurement: edge100_ro52
  step	V(ro52_out)={VTHRESH} 
     1	7.48078905238e-09
     2	6.35636245497e-09
     3	5.63760106178e-09
     4	1.03225090423e-08
     5	8.62578959382e-09
     6	7.54403981041e-09
     7	1.48048437596e-08
     8	1.22787977666e-08
     9	1.06713758914e-08

Measurement: edge100_ro53
  step	V(ro53_out)={VTHRESH} 
     1	7.43075696402e-09
     2	6.31850711259e-09
     3	5.59278907158e-09
     4	1.0322910038e-08
     5	8.60450358482e-09
     6	7.51829307273e-09
     7	1.48437916648e-08
     8	1.22740096021e-08
     9	1.06536189065e-08

Measurement: edge100_ro54
  step	V(ro54_out)={VTHRESH} 
     1	7.65697861407e-09
     2	6.48067467257e-09
     3	5.725511672e-09
     4	1.06547746758e-08
     5	8.85743487001e-09
     6	7.71630364991e-09
     7	1.5371447963e-08
     8	1.26799417761e-08
     9	1.09759874304e-08

Measurement: edge100_ro55
  step	V(ro55_out)={VTHRESH} 
     1	6.8047513693e-09
     2	5.90087832816e-09
     3	5.30063551233e-09
     4	9.1685435456e-09
     5	7.83482564656e-09
     6	6.95924363823e-09
     7	1.28983912428e-08
     8	1.09508733004e-08
     9	9.67632107608e-09

Measurement: edge100_ro56
  step	V(ro56_out)={VTHRESH} 
     1	7.25887716264e-09
     2	6.18461052867e-09
     3	5.50445609131e-09
     4	1.00219591507e-08
     5	8.39033404081e-09
     6	7.3590235763e-09
     7	1.43432453891e-08
     8	1.1914823077e-08
     9	1.03849519385e-08

Measurement: edge100_ro57
  step	V(ro57_out)={VTHRESH} 
     1	8.00457597216e-09
     2	6.70043044625e-09
     3	5.8769716157e-09
     4	1.13103910232e-08
     5	9.26869805871e-09
     6	8.00508768959e-09
     7	1.64863517491e-08
     8	1.33925232299e-08
     9	1.1485015535e-08

Measurement: edge100_ro58
  step	V(ro58_out)={VTHRESH} 
     1	7.14377698869e-09
     2	6.12990830703e-09
     3	5.46814210556e-09
     4	9.75880647602e-09
     5	8.24955005836e-09
     6	7.27037482092e-09
     7	1.38955514281e-08
     8	1.16641213538e-08
     9	1.0219895782e-08

Measurement: edge100_ro59
  step	V(ro59_out)={VTHRESH} 
     1	7.43668219769e-09
     2	6.32630948757e-09
     3	5.6010856884e-09
     4	1.03173753882e-08
     5	8.60758971467e-09
     6	7.52408476152e-09
     7	1.48180743904e-08
     8	1.22629576937e-08
     9	1.06501885912e-08

Measurement: edge100_ro60
  step	V(ro60_out)={VTHRESH} 
     1	7.21247457179e-09
     2	6.16712504135e-09
     3	5.50648605961e-09
     4	9.89260310645e-09
     5	8.33706750349e-09
     6	7.33549333566e-09
     7	1.41125120058e-08
     8	1.18090394047e-08
     9	1.03256629878e-08

Measurement: edge100_ro61
  step	V(ro61_out)={VTHRESH} 
     1	7.5872061058e-09
     2	6.42440366052e-09
     3	5.6835755787e-09
     4	1.05690722702e-08
     5	8.78728506285e-09
     6	7.65964378728e-09
     7	1.52354968757e-08
     8	1.25676043177e-08
     9	1.08840951973e-08

Measurement: edge100_ro62
  step	V(ro62_out)={VTHRESH} 
     1	7.68249839946e-09
     2	6.49377010766e-09
     3	5.73580060787e-09
     4	1.0733832012e-08
     5	8.89976856558e-09
     6	7.73983809448e-09
     7	1.55291423787e-08
     8	1.27750088136e-08
     9	1.10390811163e-08

Measurement: edge100_ro63
  step	V(ro63_out)={VTHRESH} 
     1	7.33646442219e-09
     2	6.26281347821e-09
     3	5.56091345204e-09
     4	1.00981551253e-08
     5	8.47050890253e-09
     6	7.42768271862e-09
     7	1.4446577272e-08
     8	1.20291255349e-08
     9	1.0483799226e-08

Measurement: edge100_ro64
  step	V(ro64_out)={VTHRESH} 
     1	7.4864268936e-09
     2	6.34777853532e-09
     3	5.63497582644e-09
     4	1.03714573857e-08
     5	8.66204797121e-09
     6	7.57053638337e-09
     7	1.49140971768e-08
     8	1.23612084973e-08
     9	1.07361391472e-08

Measurement: edge100_ro65
  step	V(ro65_out)={VTHRESH} 
     1	7.06046650088e-09
     2	6.07811761482e-09
     3	5.42972025674e-09
     4	9.59414987042e-09
     5	8.13282917276e-09
     6	7.17728616706e-09
     7	1.35957962604e-08
     8	1.14436172366e-08
     9	1.00465615593e-08

Measurement: edge100_ro66
  step	V(ro66_out)={VTHRESH} 
     1	6.92322711739e-09
     2	5.96600869502e-09
     3	5.34860474764e-09
     4	9.40104090388e-09
     5	7.98023858439e-09
     6	7.06141355815e-09
     7	1.32930657616e-08
     8	1.12054115642e-08
     9	9.85937853603e-09

Measurement: edge100_ro67
  step	V(ro67_out)={VTHRESH} 
     1	7.84302395267e-09
     2	6.6027748659e-09
     3	5.81684387431e-09
     4	1.10022817067e-08
     5	9.09988704931e-09
     6	7.89556231101e-09
     7	1.59760826943e-08
     8	1.31104236117e-08
     9	1.13024242585e-08

Measurement: edge100_ro68
  step	V(ro68_out)={VTHRESH} 
     1	6.93756559408e-09
     2	5.98577763744e-09
     3	5.36047089058e-09
     4	9.44250860795e-09
     5	8.01637259691e-09
     6	7.09010032408e-09
     7	1.33715329645e-08
     8	1.12717867001e-08
     9	9.91085964213e-09

Measurement: edge100_ro69
  step	V(ro69_out)={VTHRESH} 
     1	7.24420145296e-09
     2	6.19193023059e-09
     3	5.51265840203e-09
     4	9.98087358166e-09
     5	8.38631635402e-09
     6	7.36309795999e-09
     7	1.42806737668e-08
     8	1.19091286569e-08
     9	1.03923921752e-08

Measurement: edge100_ro70
  step	V(ro70_out)={VTHRESH} 
     1	7.19522485041e-09
     2	6.1533560632e-09
     3	5.48729047908e-09
     4	9.90021035853e-09
     5	8.32310891001e-09
     6	7.31556910289e-09
     7	1.41256398217e-08
     8	1.17823132357e-08
     9	1.02921011938e-08

Measurement: edge100_ro71
  step	V(ro71_out)={VTHRESH} 
     1	7.16039133055e-09
     2	6.14973929148e-09
     3	5.47940353494e-09
     4	9.76208725981e-09
     5	8.2395363424e-09
     6	7.25833775252e-09
     7	1.38566697288e-08
     8	1.16130854057e-08
     9	1.01709430993e-08

Measurement: edge100_ro72
  step	V(ro72_out)={VTHRESH} 
     1	7.30703694876e-09
     2	6.2420043439e-09
     3	5.55111764052e-09
     4	1.0039708434e-08
     5	8.44661692244e-09
     6	7.41705931503e-09
     7	1.43515567409e-08
     8	1.19894689495e-08
     9	1.0466334366e-08

Measurement: edge100_ro73
  step	V(ro73_out)={VTHRESH} 
     1	7.6558412912e-09
     2	6.4689520624e-09
     3	5.71124698295e-09
     4	1.07164041373e-08
     5	8.8855401892e-09
     6	7.73223581007e-09
     7	1.55047404892e-08
     8	1.2751854054e-08
     9	1.10211396515e-08

Measurement: edge100_ro74
  step	V(ro74_out)={VTHRESH} 
     1	7.31447883631e-09
     2	6.24949816267e-09
     3	5.55772418597e-09
     4	1.00395134868e-08
     5	8.4442869946e-09
     6	7.41444717391e-09
     7	1.43413479536e-08
     8	1.19776563507e-08
     9	1.04555453323e-08

Measurement: edge100_ro75
  step	V(ro75_out)={VTHRESH} 
     1	7.59540331172e-09
     2	6.42939299479e-09
     3	5.68620504356e-09
     4	1.05858755145e-08
     5	8.7987844718e-09
     6	7.66776222754e-09
     7	1.5281216367e-08
     8	1.26012079195e-08
     9	1.09094715135e-08

Measurement: edge100_ro76
  step	V(ro76_out)={VTHRESH} 
     1	7.07978068332e-09
     2	6.08988918496e-09
     3	5.43598625295e-09
     4	9.65638803151e-09
     5	8.17035188854e-09
     6	7.2079599742e-09
     7	1.37240687504e-08
     8	1.15312151213e-08
     9	1.0114485555e-08

Measurement: edge100_ro77
  step	V(ro77_out)={VTHRESH} 
     1	7.70340725862e-09
     2	6.50748456869e-09
     3	5.74804878197e-09
     4	1.0749087442e-08
     5	8.90817077817e-09
     6	7.74481573624e-09
     7	1.55506594285e-08
     8	1.27861075353e-08
     9	1.10448769279e-08

Measurement: edge100_ro78
  step	V(ro78_out)={VTHRESH} 
     1	7.48513166664e-09
     2	6.35716634472e-09
     3	5.62971192861e-09
     4	1.03701029334e-08
     5	8.65743193649e-09
     6	7.56295176359e-09
     7	1.49212267495e-08
     8	1.23616428659e-08
     9	1.07314993495e-08

Measurement: edge100_ro79
  step	V(ro79_out)={VTHRESH} 
     1	7.01447858704e-09
     2	6.03433693427e-09
     3	5.39710195396e-09
     4	9.56010137995e-09
     5	8.09428297284e-09
     6	7.14717286271e-09
     7	1.35597915378e-08
     8	1.13986065713e-08
     9	1.00062452286e-08

Measurement: edge100_ro80
  step	V(ro80_out)={VTHRESH} 
     1	7.60917562389e-09
     2	6.43252494511e-09
     3	5.68937453662e-09
     4	1.06496840819e-08
     5	8.83563818168e-09
     6	7.69307507945e-09
     7	1.54086775744e-08
     8	1.26791943998e-08
     9	1.09652539285e-08

Measurement: edge100_ro81
  step	V(ro81_out)={VTHRESH} 
     1	7.42969435394e-09
     2	6.32888991004e-09
     3	5.60572707836e-09
     4	1.02553339527e-08
     5	8.57321767577e-09
     6	7.50092894676e-09
     7	1.47038767136e-08
     8	1.21966528758e-08
     9	1.06029776204e-08

Measurement: edge100_ro82
  step	V(ro82_out)={VTHRESH} 
     1	7.54253154586e-09
     2	6.39172587253e-09
     3	5.65173278162e-09
     4	1.05503037081e-08
     5	8.75310965988e-09
     6	7.62567069908e-09
     7	1.52356731038e-08
     8	1.25352385531e-08
     9	1.08452455255e-08

Measurement: edge100_ro83
  step	V(ro83_out)={VTHRESH} 
     1	7.02736827981e-09
     2	6.04375638705e-09
     3	5.39993182026e-09
     4	9.59596109079e-09
     5	8.11788597897e-09
     6	7.16036788103e-09
     7	1.363572982e-08
     8	1.14503927321e-08
     9	1.00428725088e-08

Measurement: edge100_ro84
  step	V(ro84_out)={VTHRESH} 
     1	7.34435301758e-09
     2	6.26262874886e-09
     3	5.55630765295e-09
     4	1.0130458616e-08
     5	8.48642587955e-09
     6	7.43651676646e-09
     7	1.45190302875e-08
     8	1.20671059162e-08
     9	1.05082524838e-08

Measurement: edge100_ro85
  step	V(ro85_out)={VTHRESH} 
     1	6.84233186711e-09
     2	5.9173874521e-09
     3	5.31227255739e-09
     4	9.27519377698e-09
     5	7.89318585757e-09
     6	6.99641273262e-09
     7	1.30929540536e-08
     8	1.10611748007e-08
     9	9.74769609904e-09

Measurement: edge100_ro86
  step	V(ro86_out)={VTHRESH} 
     1	7.65469248547e-09
     2	6.47997943745e-09
     3	5.72143338664e-09
     4	1.06755756152e-08
     5	8.87145838816e-09
     6	7.72538670822e-09
     7	1.52677868915e-08
     8	1.25901145727e-08
     9	1.10046077132e-08

Measurement: edge100_ro87
  step	V(ro87_out)={VTHRESH} 
     1	7.09407687113e-09
     2	6.09619546427e-09
     3	5.44341763834e-09
     4	9.64164092269e-09
     5	8.15428745408e-09
     6	7.19356615036e-09
     7	1.36541287509e-08
     8	1.14670841986e-08
     9	1.00591148158e-08

Measurement: edge100_ro88
  step	V(ro88_out)={VTHRESH} 
     1	7.46657889585e-09
     2	6.3548148047e-09
     3	5.62255570128e-09
     4	1.03764765918e-08
     5	8.65182293825e-09
     6	7.55906026783e-09
     7	1.49267720259e-08
     8	1.23459506183e-08
     9	1.07178981744e-08

Measurement: edge100_ro89
  step	V(ro89_out)={VTHRESH} 
     1	7.60974493334e-09
     2	6.43513237408e-09
     3	5.68536129612e-09
     4	1.06417673639e-08
     5	8.8265915926e-09
     6	7.68329630206e-09
     7	1.5385635942e-08
     8	1.26553561247e-08
     9	1.09411485624e-08

Measurement: edge100_ro90
  step	V(ro90_out)={VTHRESH} 
     1	7.44640254156e-09
     2	6.32963676041e-09
     3	5.61033326034e-09
     4	1.03377888505e-08
     5	8.62776113237e-09
     6	7.54093134815e-09
     7	1.48767253541e-08
     8	1.23164642732e-08
     9	1.06975050174e-08

Measurement: edge100_ro91
  step	V(ro91_out)={VTHRESH} 
     1	7.70339484247e-09
     2	6.50688325097e-09
     3	5.75308814286e-09
     4	1.07387111977e-08
     5	8.9120783423e-09
     6	7.75473448173e-09
     7	1.5513147778e-08
     8	1.27736593033e-08
     9	1.10444826058e-08

Measurement: edge100_ro92
  step	V(ro92_out)={VTHRESH} 
     1	7.29896636781e-09
     2	6.23356151112e-09
     3	5.55348742165e-09
     4	1.00451730781e-08
     5	8.43996137382e-09
     6	7.40865738969e-09
     7	1.43666174432e-08
     8	1.19823715559e-08
     9	1.04544699863e-08

Measurement: edge100_ro93
  step	V(ro93_out)={VTHRESH} 
     1	6.84422966435e-09
     2	5.94814601605e-09
     3	5.3196871742e-09
     4	9.24744801499e-09
     5	7.8888508311e-09
     6	6.99917997781e-09
     7	1.30370653651e-08
     8	1.10497774717e-08
     9	9.75141092841e-09

Measurement: edge100_ro94
  step	V(ro94_out)={VTHRESH} 
     1	7.54086065631e-09
     2	6.39881042671e-09
     3	5.66769706674e-09
     4	1.04258856276e-08
     5	8.70724612808e-09
     6	7.60819960773e-09
     7	1.49827190639e-08
     8	1.24192153744e-08
     9	1.0785120565e-08

Measurement: edge100_ro95
  step	V(ro95_out)={VTHRESH} 
     1	7.77082899547e-09
     2	6.53016706258e-09
     3	5.74807015055e-09
     4	1.09709694002e-08
     5	9.02437975696e-09
     6	7.81899077067e-09
     7	1.59635419522e-08
     8	1.30134434595e-08
     9	1.11929257961e-08

Measurement: edge100_ro96
  step	V(ro96_out)={VTHRESH} 
     1	7.26326040225e-09
     2	6.21630892802e-09
     3	5.53482014534e-09
     4	9.96672438258e-09
     5	8.38968891804e-09
     6	7.37242788652e-09
     7	1.42197800403e-08
     8	1.18842390855e-08
     9	1.03820146587e-08

Measurement: edge100_ro97
  step	V(ro97_out)={VTHRESH} 
     1	7.53924576791e-09
     2	6.39694930571e-09
     3	5.6589748414e-09
     4	1.05175932143e-08
     5	8.74096404178e-09
     6	7.6217861404e-09
     7	1.51561711577e-08
     8	1.2492841235e-08
     9	1.08207942457e-08

Measurement: edge100_ro98
  step	V(ro98_out)={VTHRESH} 
     1	7.28150219709e-09
     2	6.20338683367e-09
     3	5.51577855715e-09
     4	1.00706484872e-08
     5	8.427787064e-09
     6	7.38450326262e-09
     7	1.44448636712e-08
     8	1.19915291135e-08
     9	1.0439180832e-08

Measurement: edge100_ro99
  step	V(ro99_out)={VTHRESH} 
     1	7.76925381944e-09
     2	6.55408421902e-09
     3	5.77901006532e-09
     4	1.08642717062e-08
     5	9.0073153859e-09
     6	7.8289376563e-09
     7	1.57340047295e-08
     8	1.29460817751e-08
     9	1.11807691128e-08

Measurement: edge100_ro100
  step	V(ro100_out)={VTHRESH} 
     1	7.0335355524e-09
     2	6.05704886537e-09
     3	5.41102042522e-09
     4	9.59314041977e-09
     5	8.12544027436e-09
     6	7.17329723687e-09
     7	1.36135713146e-08
     8	1.14487465591e-08
     9	1.00496977915e-08

Measurement: edge100_ro101
  step	V(ro101_out)={VTHRESH} 
     1	7.09224078643e-09
     2	6.10000797393e-09
     3	5.44779637723e-09
     4	9.66095540645e-09
     5	8.18240799947e-09
     6	7.21841672102e-09
     7	1.3718968666e-08
     8	1.15410396345e-08
     9	1.0124373975e-08

Measurement: edge100_ro102
  step	V(ro102_out)={VTHRESH} 
     1	7.55309332599e-09
     2	6.40691065733e-09
     3	5.66798532081e-09
     4	1.04930335515e-08
     5	8.7264382923e-09
     6	7.61111835862e-09
     7	1.50956791806e-08
     8	1.24532818518e-08
     9	1.07906681393e-08

Measurement: edge100_ro103
  step	V(ro103_out)={VTHRESH} 
     1	7.57854664047e-09
     2	6.41830746553e-09
     3	5.67412860299e-09
     4	1.05548348744e-08
     5	8.77420383259e-09
     6	7.64792593008e-09
     7	1.52303123355e-08
     8	1.25578344373e-08
     9	1.08726935521e-08

Measurement: edge100_ro104
  step	V(ro104_out)={VTHRESH} 
     1	7.0564650213e-09
     2	6.07049168867e-09
     3	5.42685171165e-09
     4	9.62954751254e-09
     5	8.15223504735e-09
     6	7.19367831947e-09
     7	1.36731197581e-08
     8	1.14928400233e-08
     9	1.00825476914e-08

Measurement: edge100_ro105
  step	V(ro105_out)={VTHRESH} 
     1	7.17684160309e-09
     2	6.14721258706e-09
     3	5.47872213794e-09
     4	9.86007464401e-09
     5	8.30160895268e-09
     6	7.29979904723e-09
     7	1.40701902877e-08
     8	1.17581027711e-08
     9	1.0276106169e-08

Measurement: edge100_ro106
  step	V(ro106_out)={VTHRESH} 
     1	7.57887949618e-09
     2	6.42039555374e-09
     3	5.67813048307e-09
     4	1.05451455109e-08
     5	8.77177380084e-09
     6	7.64793915895e-09
     7	1.51960792405e-08
     8	1.25426496157e-08
     9	1.08656927391e-08

Measurement: edge100_ro107
  step	V(ro107_out)={VTHRESH} 
     1	7.53858158186e-09
     2	6.39222683565e-09
     3	5.66016456593e-09
     4	1.04781828586e-08
     5	8.73351679776e-09
     6	7.62446283404e-09
     7	1.51031274286e-08
     8	1.24935107951e-08
     9	1.08357135854e-08

Measurement: edge100_ro108
  step	V(ro108_out)={VTHRESH} 
     1	7.04020827164e-09
     2	6.06564792166e-09
     3	5.41864690928e-09
     4	9.57110670173e-09
     5	8.11607382602e-09
     6	7.16817615518e-09
     7	1.35680102227e-08
     8	1.1425989756e-08
     9	1.00344070582e-08

Measurement: edge100_ro109
  step	V(ro109_out)={VTHRESH} 
     1	7.35250991792e-09
     2	6.28073139007e-09
     3	5.57567951366e-09
     4	1.01477201938e-08
     5	8.50918357774e-09
     6	7.45742939362e-09
     7	1.45378898567e-08
     8	1.20999780393e-08
     9	1.05396950608e-08

Measurement: edge100_ro110
  step	V(ro110_out)={VTHRESH} 
     1	7.6450179372e-09
     2	6.47627200268e-09
     3	5.72203244763e-09
     4	1.06326438755e-08
     5	8.84564386038e-09
     6	7.70928020644e-09
     7	1.53338738834e-08
     8	1.26596418809e-08
     9	1.09635707725e-08

Measurement: edge100_ro111
  step	V(ro111_out)={VTHRESH} 
     1	7.46072229016e-09
     2	6.35148272577e-09
     3	5.62154649272e-09
     4	1.03473569383e-08
     5	8.64356276603e-09
     6	7.55647165504e-09
     7	1.48770105945e-08
     8	1.23331636204e-08
     9	1.0714766934e-08

Measurement: edge100_ro112
  step	V(ro112_out)={VTHRESH} 
     1	7.13292907277e-09
     2	6.11765380095e-09
     3	5.45597283244e-09
     4	9.75859331668e-09
     5	8.23241396456e-09
     6	7.2526452973e-09
     7	1.38789729723e-08
     8	1.16247705641e-08
     9	1.01809654952e-08

Measurement: edge100_ro113
  step	V(ro113_out)={VTHRESH} 
     1	7.31266572301e-09
     2	6.23629190464e-09
     3	5.54815988327e-09
     4	1.01233508922e-08
     5	8.48005425941e-09
     6	7.4323329397e-09
     7	1.45253384507e-08
     8	1.20754102601e-08
     9	1.05162298007e-08

Measurement: edge100_ro114
  step	V(ro114_out)={VTHRESH} 
     1	7.35224600374e-09
     2	6.27213752514e-09
     3	5.56231438155e-09
     4	1.01413685726e-08
     5	8.50873960218e-09
     6	7.45914865894e-09
     7	1.45385058409e-08
     8	1.21067244513e-08
     9	1.05486444924e-08

Measurement: edge100_ro115
  step	V(ro115_out)={VTHRESH} 
     1	7.20742523912e-09
     2	6.1800811278e-09
     3	5.50549799006e-09
     4	9.87731698413e-09
     5	8.32957345984e-09
     6	7.32929050086e-09
     7	1.4080540506e-08
     8	1.17921612661e-08
     9	1.03132355644e-08

Measurement: edge100_ro116
  step	V(ro116_out)={VTHRESH} 
     1	7.70515799641e-09
     2	6.50538484932e-09
     3	5.74935584032e-09
     4	1.07668929781e-08
     5	8.92768365605e-09
     6	7.7643339152e-09
     7	1.55951262517e-08
     8	1.28315976118e-08
     9	1.10848891153e-08

Measurement: edge100_ro117
  step	V(ro117_out)={VTHRESH} 
     1	7.51459651998e-09
     2	6.37698161713e-09
     3	5.64512987464e-09
     4	1.04014735408e-08
     5	8.67545760899e-09
     6	7.57669503325e-09
     7	1.49552390606e-08
     8	1.23760699519e-08
     9	1.0740691936e-08

Measurement: edge100_ro118
  step	V(ro118_out)={VTHRESH} 
     1	7.27033812642e-09
     2	6.20818871253e-09
     3	5.53249692977e-09
     4	9.9606173237e-09
     5	8.37065562013e-09
     6	7.35041436616e-09
     7	1.42075381144e-08
     8	1.18502167123e-08
     9	1.03449190193e-08

Measurement: edge100_ro119
  step	V(ro119_out)={VTHRESH} 
     1	6.891188314e-09
     2	5.94803206546e-09
     3	5.33986094118e-09
     4	9.34814774793e-09
     5	7.95547875176e-09
     6	7.04678243532e-09
     7	1.32131659669e-08
     8	1.11676461906e-08
     9	9.83638273125e-09

Measurement: edge100_ro120
  step	V(ro120_out)={VTHRESH} 
     1	7.1953263214e-09
     2	6.17500932043e-09
     3	5.50519334948e-09
     4	9.84344066914e-09
     5	8.31333246824e-09
     6	7.31908870981e-09
     7	1.40208962724e-08
     8	1.17604761596e-08
     9	1.02947939049e-08

Measurement: edge100_ro121
  step	V(ro121_out)={VTHRESH} 
     1	7.17498724372e-09
     2	6.15036916121e-09
     3	5.48922897838e-09
     4	9.83309722885e-09
     5	8.29754005317e-09
     6	7.30235507755e-09
     7	1.40112900541e-08
     8	1.17390008842e-08
     9	1.02715263476e-08

Measurement: edge100_ro122
  step	V(ro122_out)={VTHRESH} 
     1	7.48084158119e-09
     2	6.35091725911e-09
     3	5.63811949134e-09
     4	1.0374639186e-08
     5	8.6627390322e-09
     6	7.573601841e-09
     7	1.49201200384e-08
     8	1.23640402674e-08
     9	1.07427613207e-08

Measurement: edge100_ro123
  step	V(ro123_out)={VTHRESH} 
     1	7.25025689532e-09
     2	6.19438271739e-09
     3	5.51971985884e-09
     4	9.95348306361e-09
     5	8.36727995149e-09
     6	7.35154545449e-09
     7	1.42087860406e-08
     8	1.18553383077e-08
     9	1.03542444384e-08

Measurement: edge100_ro124
  step	V(ro124_out)={VTHRESH} 
     1	8.07511252935e-09
     2	6.74092121595e-09
     3	5.9053412045e-09
     4	1.15070124599e-08
     5	9.39204974294e-09
     6	8.09103013973e-09
     7	1.68475929022e-08
     8	1.36281235943e-08
     9	1.16538655545e-08

Measurement: edge100_ro125
  step	V(ro125_out)={VTHRESH} 
     1	6.82025803257e-09
     2	5.92135322865e-09
     3	5.31544169616e-09
     4	9.15570408805e-09
     5	7.83116279818e-09
     6	6.95809006819e-09
     7	1.28559635786e-08
     8	1.09279290579e-08
     9	9.66102184258e-09

Measurement: edge100_ro126
  step	V(ro126_out)={VTHRESH} 
     1	7.69886550243e-09
     2	6.51259278652e-09
     3	5.74735376905e-09
     4	1.07403119037e-08
     5	8.91179563469e-09
     6	7.75422985512e-09
     7	1.55221590751e-08
     8	1.27787857723e-08
     9	1.10481579235e-08

Measurement: edge100_ro127
  step	V(ro127_out)={VTHRESH} 
     1	7.41409870136e-09
     2	6.30883295337e-09
     3	5.59117396697e-09
     4	1.02803742457e-08
     5	8.58143737593e-09
     6	7.50510355912e-09
     7	1.47739245922e-08
     8	1.22370342503e-08
     9	1.06340681471e-08
