LTspice 26.0.2 for Windows
Circuit: C:\Users\JUST\Documents\LTspice\RO_PUF_PVT_100\chip_050_PVT.net
Start Time: Mon Jul 20 02:18:26 2026
Options:plotwinsize=0 numdgt=10 reltol=1e-4 abstol=1e-12 vntol=1e-6 reltol=0.003 vntol=1m abstol=1e-10 gmin=1e-10 threads=1

.step vddval=0.9 temp=-20°
solver = Normal
Maximum thread count: 1
tnom = 27
temp = -20
method = trap
gmin = 1e-10
abstol = 1e-10
reltol = 0.003
volttol = 0.001
Per .tran options, skipping operating point for transient analysis.

.step vddval=1 temp=-20°

.step vddval=1.1 temp=-20°

.step vddval=0.9 temp=25°

.step vddval=1 temp=25°

.step vddval=1.1 temp=25°

.step vddval=0.9 temp=80°

.step vddval=1 temp=80°

.step vddval=1.1 temp=80°
Total elapsed time: 1986.706 seconds.

Files loaded:
C:\Users\JUST\Documents\LTspice\RO_PUF_PVT_100\chip_050_PVT.net
C:\Users\JUST\Documents\LTspice\RO_PUF_PVT_100\45nm_HP.pm
C:\Users\JUST\Documents\LTspice\RO_PUF_PVT_100\chip_050_mismatch.inc


Measurement: t_ro0
  step	t_ro0	FROM	TO
     1	5.6872912735e-09	1.36492121909e-09	7.05221249259e-09
     2	4.89225275799e-09	1.17341619627e-09	6.06566895426e-09
     3	4.37335404254e-09	1.04883185391e-09	5.42218589646e-09
     4	7.77355436338e-09	1.86615580832e-09	9.63971017169e-09
     5	6.58222148125e-09	1.57947242881e-09	8.16169391006e-09
     6	5.8087866318e-09	1.39367174631e-09	7.20245837811e-09
     7	1.10551014558e-08	2.65432015825e-09	1.3709421614e-08
     8	9.2946909902e-09	2.23084868945e-09	1.15255396797e-08
     9	8.15439623998e-09	1.95715267853e-09	1.01115489185e-08

Measurement: t_ro1
  step	t_ro1	FROM	TO
     1	5.59292638508e-09	1.34624093759e-09	6.93916732267e-09
     2	4.81218778443e-09	1.15729124219e-09	5.96947902663e-09
     3	4.32001895465e-09	1.03833545858e-09	5.35835441323e-09
     4	7.60762894027e-09	1.83179352359e-09	9.43942246386e-09
     5	6.46218573761e-09	1.55454023434e-09	8.01672597195e-09
     6	5.71829200654e-09	1.37461760255e-09	7.09290960909e-09
     7	1.07730594738e-08	2.59547845385e-09	1.33685379276e-08
     8	9.08665916214e-09	2.18738978029e-09	1.12740489424e-08
     9	7.99368045214e-09	1.92331077615e-09	9.91699122829e-09

Measurement: t_ro2
  step	t_ro2	FROM	TO
     1	5.60001172272e-09	1.34174252412e-09	6.94175424684e-09
     2	4.83839021318e-09	1.15677671667e-09	5.99516692985e-09
     3	4.33265500645e-09	1.03545666407e-09	5.36811167053e-09
     4	7.6413044278e-09	1.82946171479e-09	9.47076614258e-09
     5	6.48454649658e-09	1.55080554438e-09	8.03535204096e-09
     6	5.73411369195e-09	1.37058830268e-09	7.10470199464e-09
     7	1.08283025141e-08	2.59215053804e-09	1.34204530522e-08
     8	9.12272127874e-09	2.18151717814e-09	1.13042384569e-08
     9	8.02006307029e-09	1.91680666748e-09	9.93686973776e-09

Measurement: t_ro3
  step	t_ro3	FROM	TO
     1	6.43924812262e-09	1.54001625918e-09	7.9792643818e-09
     2	5.39781714448e-09	1.28911174625e-09	6.68692889072e-09
     3	4.73254655755e-09	1.12964043861e-09	5.86218699616e-09
     4	9.10041921776e-09	2.17491554655e-09	1.12753347643e-08
     5	7.46844614073e-09	1.78303600556e-09	9.25148214629e-09
     6	6.45274915901e-09	1.53972059791e-09	7.99246975692e-09
     7	1.32685053814e-08	3.16842166189e-09	1.64369270433e-08
     8	1.07964269955e-08	2.5762860172e-09	1.33727130127e-08
     9	9.26287657796e-09	2.20936978213e-09	1.14722463601e-08

Measurement: t_ro4
  step	t_ro4	FROM	TO
     1	5.91999923579e-09	1.42330260185e-09	7.34330183764e-09
     2	5.03564581158e-09	1.2095241643e-09	6.24516997588e-09
     3	4.4770746636e-09	1.07393118315e-09	5.55100584675e-09
     4	8.13418539131e-09	1.95774721038e-09	1.00919326017e-08
     5	6.82284625064e-09	1.6402983143e-09	8.46314456494e-09
     6	5.98247553595e-09	1.4365865992e-09	7.41906213515e-09
     7	1.16457823883e-08	2.80423688248e-09	1.44500192708e-08
     8	9.69614508718e-09	2.33251243614e-09	1.20286575233e-08
     9	8.449664601e-09	2.03086938019e-09	1.04805339812e-08

Measurement: t_ro5
  step	t_ro5	FROM	TO
     1	5.96670634221e-09	1.42919030989e-09	7.3958966521e-09
     2	5.08455632811e-09	1.21670456104e-09	6.30126088915e-09
     3	4.50788203885e-09	1.077973182e-09	5.58585522086e-09
     4	8.26972192546e-09	1.98057716024e-09	1.02502990857e-08
     5	6.91622840328e-09	1.65487491918e-09	8.57110332246e-09
     6	6.05276810455e-09	1.44726173153e-09	7.50002983608e-09
     7	1.18857232864e-08	2.84591112659e-09	1.4731634413e-08
     8	9.86296574276e-09	2.35963553774e-09	1.22226012805e-08
     9	8.57649483037e-09	2.05054722476e-09	1.06270420551e-08

Measurement: t_ro6
  step	t_ro6	FROM	TO
     1	5.77746045719e-09	1.38786734208e-09	7.16532779926e-09
     2	4.96000017122e-09	1.1887149634e-09	6.14871513462e-09
     3	4.42620497781e-09	1.05843089488e-09	5.48463587269e-09
     4	7.89971185313e-09	1.89964483183e-09	9.79935668496e-09
     5	6.67462101632e-09	1.60001483177e-09	8.27463584809e-09
     6	5.88048782605e-09	1.40731340708e-09	7.28780123313e-09
     7	1.12405764957e-08	2.70397192129e-09	1.3944548417e-08
     8	9.42971216662e-09	2.26151467409e-09	1.16912268407e-08
     9	8.25914114156e-09	1.97739825391e-09	1.02365393955e-08

Measurement: t_ro7
  step	t_ro7	FROM	TO
     1	6.23999507635e-09	1.4915578984e-09	7.73155297474e-09
     2	5.26242309136e-09	1.25785345807e-09	6.52027654943e-09
     3	4.63999912414e-09	1.1076613627e-09	5.74766048685e-09
     4	8.69523993442e-09	2.07992580758e-09	1.0775165742e-08
     5	7.20000003273e-09	1.72073707285e-09	8.92073710558e-09
     6	6.25799503014e-09	1.49475568086e-09	7.75275071101e-09
     7	1.25634153944e-08	3.00426960698e-09	1.55676850014e-08
     8	1.03189356014e-08	2.46559667605e-09	1.27845322775e-08
     9	8.91129869928e-09	2.12806097904e-09	1.10393596783e-08

Measurement: t_ro8
  step	t_ro8	FROM	TO
     1	5.95497992709e-09	1.43340688234e-09	7.38838680943e-09
     2	5.07282377568e-09	1.2198890814e-09	6.29271285708e-09
     3	4.49808666316e-09	1.08040827491e-09	5.57849493807e-09
     4	8.22935653236e-09	1.98190227707e-09	1.02112588094e-08
     5	6.88285955505e-09	1.65639736515e-09	8.53925692019e-09
     6	6.02799622154e-09	1.44926248791e-09	7.47725870945e-09
     7	1.17895756881e-08	2.84056897496e-09	1.46301446631e-08
     8	9.78692726035e-09	2.35617240568e-09	1.2143099666e-08
     9	8.51716462607e-09	2.04934842874e-09	1.05665130548e-08

Measurement: t_ro9
  step	t_ro9	FROM	TO
     1	6.49014187591e-09	1.5608476687e-09	8.05098954461e-09
     2	5.42974826205e-09	1.30508173923e-09	6.73483000128e-09
     3	4.76345621602e-09	1.1442459844e-09	5.90770220043e-09
     4	9.19431709103e-09	2.21216946528e-09	1.14064865563e-08
     5	7.53158709567e-09	1.81091037867e-09	9.34249747433e-09
     6	6.4997446817e-09	1.56226697237e-09	8.06201165407e-09
     7	1.34324487707e-08	3.23246149145e-09	1.66649102622e-08
     8	1.09108941553e-08	2.62432523734e-09	1.35352193926e-08
     9	9.34916029086e-09	2.24783736097e-09	1.15969976518e-08

Measurement: t_ro10
  step	t_ro10	FROM	TO
     1	6.08000329963e-09	1.46153388121e-09	7.54153718084e-09
     2	5.15208097113e-09	1.23585979156e-09	6.38794076269e-09
     3	4.56744873232e-09	1.09462474851e-09	5.66207348083e-09
     4	8.40534995103e-09	2.02083910506e-09	1.04261890561e-08
     5	7.01987593189e-09	1.68491718601e-09	8.70479311789e-09
     6	6.13407187319e-09	1.47082853907e-09	7.60490041226e-09
     7	1.20877253779e-08	2.90674497649e-09	1.49944703544e-08
     8	1.00213341693e-08	2.40603926278e-09	1.24273734321e-08
     9	8.70344717424e-09	2.08751646765e-09	1.07909636419e-08

Measurement: t_ro11
  step	t_ro11	FROM	TO
     1	6.17233615308e-09	1.48597102264e-09	7.65830717572e-09
     2	5.2238669062e-09	1.2547813506e-09	6.4786482568e-09
     3	4.61417516587e-09	1.10698493457e-09	5.72116010044e-09
     4	8.5911760371e-09	2.07001799346e-09	1.06611940306e-08
     5	7.14024060345e-09	1.71656605592e-09	8.85680665937e-09
     6	6.21907696267e-09	1.49312296401e-09	7.71219992668e-09
     7	1.23966100502e-08	2.98778496484e-09	1.53843950151e-08
     8	1.02242516949e-08	2.4589499767e-09	1.26832016716e-08
     9	8.84861411337e-09	2.12527548483e-09	1.09738895982e-08

Measurement: t_ro12
  step	t_ro12	FROM	TO
     1	5.75658703871e-09	1.37406471786e-09	7.13065175657e-09
     2	4.94003172931e-09	1.17806963569e-09	6.11810136499e-09
     3	4.40867316674e-09	1.0511224846e-09	5.45979565135e-09
     4	7.85909584788e-09	1.87512918992e-09	9.7342250378e-09
     5	6.63789195913e-09	1.58239990481e-09	8.22029186393e-09
     6	5.84827658149e-09	1.3937010809e-09	7.24197766239e-09
     7	1.11776411901e-08	2.6635989099e-09	1.38412401e-08
     8	9.37162033463e-09	2.2323951798e-09	1.16040155144e-08
     9	8.20794858554e-09	1.95460626987e-09	1.01625548554e-08

Measurement: t_ro13
  step	t_ro13	FROM	TO
     1	6.14355292833e-09	1.47210361977e-09	7.6156565481e-09
     2	5.20535332747e-09	1.2452183075e-09	6.45057163497e-09
     3	4.6010105094e-09	1.09947052529e-09	5.70048103469e-09
     4	8.55040226854e-09	2.04901783908e-09	1.05994201076e-08
     5	7.11244780291e-09	1.70169594558e-09	8.81414374849e-09
     6	6.20001853114e-09	1.48176538408e-09	7.68178391522e-09
     7	1.23323183482e-08	2.95472667264e-09	1.52870450208e-08
     8	1.01785986434e-08	2.43504795824e-09	1.26136466016e-08
     9	8.81585639446e-09	2.10676949217e-09	1.09226258866e-08

Measurement: t_ro14
  step	t_ro14	FROM	TO
     1	6.38115567349e-09	1.53662706106e-09	7.91778273454e-09
     2	5.34878851166e-09	1.28733540076e-09	6.63612391242e-09
     3	4.70182283798e-09	1.13042631369e-09	5.83224915167e-09
     4	8.99952779918e-09	2.16922939865e-09	1.11687571978e-08
     5	7.4001957417e-09	1.78219020561e-09	9.1823859473e-09
     6	6.40351240895e-09	1.54095419042e-09	7.94446659937e-09
     7	1.31026972401e-08	3.16029750613e-09	1.62629947462e-08
     8	1.06852792458e-08	2.57517015988e-09	1.32604494056e-08
     9	9.18244370825e-09	2.21150219951e-09	1.13939459078e-08

Measurement: t_ro15
  step	t_ro15	FROM	TO
     1	6.31445162419e-09	1.51387743134e-09	7.82832905553e-09
     2	5.31844511372e-09	1.27227389698e-09	6.5907190107e-09
     3	4.68563423954e-09	1.12000010958e-09	5.80563434913e-09
     4	8.82410930022e-09	2.11607074218e-09	1.09401800424e-08
     5	7.30057840995e-09	1.74724667099e-09	9.04782508093e-09
     6	6.33847406733e-09	1.51521631992e-09	7.85369038725e-09
     7	1.2777167274e-08	3.06342060363e-09	1.58405878776e-08
     8	1.04881801026e-08	2.5099865225e-09	1.29981666251e-08
     9	9.04726412325e-09	2.16261928409e-09	1.12098834073e-08

Measurement: t_ro16
  step	t_ro16	FROM	TO
     1	6.05456921168e-09	1.4532592254e-09	7.50782843708e-09
     2	5.12730259538e-09	1.22841966645e-09	6.35572226183e-09
     3	4.54185896589e-09	1.08760029579e-09	5.62945926168e-09
     4	8.41246138105e-09	2.019827398e-09	1.04322887791e-08
     5	7.00515882116e-09	1.67985595784e-09	8.68501477901e-09
     6	6.11508797607e-09	1.46507595601e-09	7.58016393208e-09
     7	1.21214546844e-08	2.91053937935e-09	1.50319940637e-08
     8	1.00145385348e-08	2.40190994036e-09	1.24164484752e-08
     9	8.68533401378e-09	2.08143053374e-09	1.07667645475e-08

Measurement: t_ro17
  step	t_ro17	FROM	TO
     1	6.11395342153e-09	1.46370301505e-09	7.57765643658e-09
     2	5.18467607952e-09	1.23955161467e-09	6.42422769419e-09
     3	4.58854223021e-09	1.0963497972e-09	5.6848920274e-09
     4	8.51043099026e-09	2.03697097843e-09	1.05474019687e-08
     5	7.08875384343e-09	1.69469157299e-09	8.78344541642e-09
     6	6.18356391668e-09	1.47730125131e-09	7.66086516799e-09
     7	1.22736835473e-08	2.93673655237e-09	1.52104200996e-08
     8	1.01457266475e-08	2.4250228681e-09	1.25707495156e-08
     9	8.7943719562e-09	2.10049232994e-09	1.08948642861e-08

Measurement: t_ro18
  step	t_ro18	FROM	TO
     1	6.19885341917e-09	1.4923140301e-09	7.69116744927e-09
     2	5.22098930287e-09	1.2544413792e-09	6.47543068206e-09
     3	4.60472241786e-09	1.10513449835e-09	5.70985691621e-09
     4	8.67699466086e-09	2.09140329196e-09	1.07683979528e-08
     5	7.15981213978e-09	1.72217597577e-09	8.88198811555e-09
     6	6.21818709649e-09	1.49389158692e-09	7.71207868341e-09
     7	1.25508626236e-08	3.02764441687e-09	1.55785070404e-08
     8	1.02668791845e-08	2.471508727e-09	1.27383879115e-08
     9	8.85369436428e-09	2.12896692671e-09	1.0982661291e-08

Measurement: t_ro19
  step	t_ro19	FROM	TO
     1	5.51057949229e-09	1.32114429875e-09	6.83172379104e-09
     2	4.78141781805e-09	1.14446179923e-09	5.92587961728e-09
     3	4.2897088731e-09	1.0261052952e-09	5.3158141683e-09
     4	7.44638168447e-09	1.78547997189e-09	9.23186165636e-09
     5	6.35639047829e-09	1.52254716522e-09	7.8789376435e-09
     6	5.64147235796e-09	1.35013938873e-09	6.99161174668e-09
     7	1.04916411306e-08	2.51562793855e-09	1.30072690692e-08
     8	8.89678649489e-09	2.1316281983e-09	1.10284146932e-08
     9	7.85365059798e-09	1.88035719801e-09	9.73400779599e-09

Measurement: t_ro20
  step	t_ro20	FROM	TO
     1	6.35470157666e-09	1.51820075703e-09	7.87290233368e-09
     2	5.33699397519e-09	1.27411245915e-09	6.61110643434e-09
     3	4.6909498655e-09	1.11951514512e-09	5.81046501062e-09
     4	8.94977520487e-09	2.13741670337e-09	1.10871919082e-08
     5	7.36797127704e-09	1.75856137496e-09	9.126532652e-09
     6	6.37973641339e-09	1.52215901492e-09	7.90189542831e-09
     7	1.30238820801e-08	3.10958323627e-09	1.61334653164e-08
     8	1.0632916366e-08	2.53730708096e-09	1.3170223447e-08
     9	9.1421237588e-09	2.18070421721e-09	1.1322827976e-08

Measurement: t_ro21
  step	t_ro21	FROM	TO
     1	5.77809213623e-09	1.39098111067e-09	7.16907324689e-09
     2	4.96000001673e-09	1.19276395852e-09	6.15276397525e-09
     3	4.42906971542e-09	1.06338086662e-09	5.49245058204e-09
     4	7.90922928032e-09	1.90605682362e-09	9.81528610394e-09
     5	6.68371143661e-09	1.60828955673e-09	8.29200099334e-09
     6	5.88816040957e-09	1.41522126393e-09	7.30338167351e-09
     7	1.12632714523e-08	2.71596494722e-09	1.39792363995e-08
     8	9.45148798527e-09	2.27582933109e-09	1.17273173164e-08
     9	8.27803113273e-09	1.99122088305e-09	1.02692520158e-08

Measurement: t_ro22
  step	t_ro22	FROM	TO
     1	6.01541821243e-09	1.45301255627e-09	7.4684307687e-09
     2	5.12000125821e-09	1.2342009514e-09	6.3542022096e-09
     3	4.53577973533e-09	1.09212737557e-09	5.6279071109e-09
     4	8.32968437162e-09	2.01590757016e-09	1.03455919418e-08
     5	6.95914733862e-09	1.68043865106e-09	8.63958598969e-09
     6	6.08263886571e-09	1.46731565372e-09	7.54995451943e-09
     7	1.19728840359e-08	2.90052354353e-09	1.48734075795e-08
     8	9.9241462579e-09	2.39874437632e-09	1.23228906342e-08
     9	8.62152321755e-09	2.08147023122e-09	1.07029934488e-08

Measurement: t_ro23
  step	t_ro23	FROM	TO
     1	6.30412622825e-09	1.51326821852e-09	7.81739444677e-09
     2	5.29785261726e-09	1.26885992376e-09	6.56671254102e-09
     3	4.6618491102e-09	1.11507402333e-09	5.77692313354e-09
     4	8.87304284385e-09	2.13050807332e-09	1.10035509172e-08
     5	7.30825744236e-09	1.7510589097e-09	9.05931635206e-09
     6	6.33296522367e-09	1.51523288464e-09	7.84819810831e-09
     7	1.28904516935e-08	3.09465775432e-09	1.59851094478e-08
     8	1.05279326682e-08	2.52259357659e-09	1.30505262448e-08
     9	9.05943259676e-09	2.1678048232e-09	1.122723742e-08

Measurement: t_ro24
  step	t_ro24	FROM	TO
     1	5.98107955713e-09	1.43471934564e-09	7.41579890278e-09
     2	5.09730711952e-09	1.22009566695e-09	6.31740278646e-09
     3	4.52081062187e-09	1.08110313957e-09	5.60191376143e-09
     4	8.28191591348e-09	1.98716469359e-09	1.02690806071e-08
     5	6.93104221767e-09	1.66007976763e-09	8.5911219853e-09
     6	6.06744926167e-09	1.45144624295e-09	7.51889550462e-09
     7	1.18974499945e-08	2.85451915705e-09	1.47519691515e-08
     8	9.88225027146e-09	2.36713093716e-09	1.22493812086e-08
     9	8.59685662011e-09	2.05658678916e-09	1.06534434093e-08

Measurement: t_ro25
  step	t_ro25	FROM	TO
     1	6.23999991654e-09	1.49756001525e-09	7.73755993179e-09
     2	5.27999973279e-09	1.2654965014e-09	6.54549623419e-09
     3	4.646552153e-09	1.11332660194e-09	5.75987875494e-09
     4	8.74433301284e-09	2.10014267232e-09	1.08444756852e-08
     5	7.24432363814e-09	1.73751180314e-09	8.98183544128e-09
     6	6.29723756404e-09	1.50900829691e-09	7.80624586095e-09
     7	1.26663615309e-08	3.04174180993e-09	1.57081033409e-08
     8	1.04098808705e-08	2.49678202609e-09	1.29066628966e-08
     9	8.98923812325e-09	2.15425813278e-09	1.1143496256e-08

Measurement: t_ro26
  step	t_ro26	FROM	TO
     1	6.15113747288e-09	1.47552954005e-09	7.62666701293e-09
     2	5.194186956e-09	1.24454432805e-09	6.43873128405e-09
     3	4.58791264818e-09	1.09815327039e-09	5.68606591856e-09
     4	8.63973739284e-09	2.07188727453e-09	1.07116246674e-08
     5	7.14644282224e-09	1.71266657317e-09	8.85910939541e-09
     6	6.21335542694e-09	1.48770632106e-09	7.701061748e-09
     7	1.25218947382e-08	3.00342581443e-09	1.55253205526e-08
     8	1.02707636866e-08	2.4613963332e-09	1.27321600198e-08
     9	8.86702811707e-09	2.12325690256e-09	1.09902850196e-08

Measurement: t_ro27
  step	t_ro27	FROM	TO
     1	6.07503387913e-09	1.45859899845e-09	7.53363287758e-09
     2	5.14579855161e-09	1.23433479315e-09	6.38013334476e-09
     3	4.5552349064e-09	1.09151825363e-09	5.64675316003e-09
     4	8.45937270091e-09	2.0321113566e-09	1.04914840575e-08
     5	7.03908666207e-09	1.68913570873e-09	8.72822237081e-09
     6	6.13893498084e-09	1.47224267915e-09	7.61117765999e-09
     7	1.22056361322e-08	2.93223365826e-09	1.51378697904e-08
     8	1.00752638367e-08	2.41875356201e-09	1.24940173988e-08
     9	8.72938806325e-09	2.09453683945e-09	1.08239249027e-08

Measurement: t_ro28
  step	t_ro28	FROM	TO
     1	6.09426186893e-09	1.45846090826e-09	7.55272277719e-09
     2	5.1516154044e-09	1.2313078674e-09	6.3829232718e-09
     3	4.55991145248e-09	1.08925053348e-09	5.64916198596e-09
     4	8.50334969254e-09	2.03454418085e-09	1.05378938734e-08
     5	7.05739935356e-09	1.68716333541e-09	8.74456268897e-09
     6	6.14710998778e-09	1.46850710779e-09	7.61561709557e-09
     7	1.22835195514e-08	2.93815412422e-09	1.52216736756e-08
     8	1.01104738729e-08	2.4164476397e-09	1.25269215126e-08
     9	8.74634510499e-09	2.08908230631e-09	1.08354274113e-08

Measurement: t_ro29
  step	t_ro29	FROM	TO
     1	6.14545940601e-09	1.47360128432e-09	7.61906069033e-09
     2	5.20445544841e-09	1.24611050157e-09	6.45056594998e-09
     3	4.59899645064e-09	1.09992408738e-09	5.69892053802e-09
     4	8.54295438077e-09	2.04841594801e-09	1.05913703288e-08
     5	7.09958644639e-09	1.70031550498e-09	8.79990195136e-09
     6	6.18709244442e-09	1.48010931562e-09	7.66720176003e-09
     7	1.23149882841e-08	2.9523910838e-09	1.52673793679e-08
     8	1.0154124389e-08	2.43181759178e-09	1.25859419808e-08
     9	8.79229200914e-09	2.10345955686e-09	1.0895751566e-08

Measurement: t_ro30
  step	t_ro30	FROM	TO
     1	5.81590056053e-09	1.39584971322e-09	7.21175027375e-09
     2	4.9762485928e-09	1.19305909949e-09	6.16930769228e-09
     3	4.43583297065e-09	1.06234814146e-09	5.49818111211e-09
     4	7.99991987203e-09	1.92019278664e-09	9.92011265867e-09
     5	6.73107001835e-09	1.61436933958e-09	8.34543935793e-09
     6	5.92001226355e-09	1.41860885238e-09	7.33862111593e-09
     7	1.1418401925e-08	2.74135454005e-09	1.41597564651e-08
     8	9.54087447506e-09	2.28853745421e-09	1.18294119293e-08
     9	8.33700050439e-09	1.99819280691e-09	1.03351933113e-08

Measurement: t_ro31
  step	t_ro31	FROM	TO
     1	5.8700350594e-09	1.40546203053e-09	7.27549708993e-09
     2	5.01439686929e-09	1.1990048646e-09	6.21340173389e-09
     3	4.46250755562e-09	1.06633574805e-09	5.52884330367e-09
     4	8.08906759655e-09	1.93655764014e-09	1.00256252367e-08
     5	6.79405761243e-09	1.62451125056e-09	8.41856886298e-09
     6	5.96364293906e-09	1.42491402489e-09	7.38855696395e-09
     7	1.15799721909e-08	2.77147233308e-09	1.43514445239e-08
     8	9.65294122842e-09	2.30765437481e-09	1.19605956032e-08
     9	8.42077367087e-09	2.0116329401e-09	1.0432406611e-08

Measurement: t_ro32
  step	t_ro32	FROM	TO
     1	5.87637469768e-09	1.40673250747e-09	7.28310720515e-09
     2	5.00445818158e-09	1.19689839525e-09	6.20135657683e-09
     3	4.45396655981e-09	1.06468794138e-09	5.51865450118e-09
     4	8.13084172904e-09	1.94633024306e-09	1.00771719721e-08
     5	6.80600838885e-09	1.62795183973e-09	8.43396022858e-09
     6	5.96571460327e-09	1.42623705771e-09	7.39195166098e-09
     7	1.16513996348e-08	2.78834034387e-09	1.44397399787e-08
     8	9.67491980474e-09	2.31394235854e-09	1.19888621633e-08
     9	8.42562408956e-09	2.01419081414e-09	1.04398149037e-08

Measurement: t_ro33
  step	t_ro33	FROM	TO
     1	6.01416653217e-09	1.44338249423e-09	7.4575490264e-09
     2	5.12000418335e-09	1.22743787021e-09	6.34744205356e-09
     3	4.54006113285e-09	1.08665928059e-09	5.62672041344e-09
     4	8.32250546796e-09	1.99853065094e-09	1.03210361189e-08
     5	6.96619577784e-09	1.66963029566e-09	8.6358260735e-09
     6	6.09460582552e-09	1.45916019722e-09	7.55376602274e-09
     7	1.1964091161e-08	2.87214997669e-09	1.48362411377e-08
     8	9.93959804423e-09	2.38241527563e-09	1.23220133199e-08
     9	8.64302991783e-09	2.06929609571e-09	1.07123260135e-08

Measurement: t_ro34
  step	t_ro34	FROM	TO
     1	5.91215879048e-09	1.41223922897e-09	7.32439801944e-09
     2	5.03471900049e-09	1.20158442121e-09	6.2363034217e-09
     3	4.47999727183e-09	1.06863690587e-09	5.5486341777e-09
     4	8.16628921965e-09	1.95025314755e-09	1.01165423672e-08
     5	6.83300662743e-09	1.63022950593e-09	8.46323613336e-09
     6	5.98611884537e-09	1.42758322561e-09	7.41370207098e-09
     7	1.17113460222e-08	2.79565246198e-09	1.45069984842e-08
     8	9.71833838378e-09	2.31791535157e-09	1.20362537353e-08
     9	8.45844218038e-09	2.01647790749e-09	1.04749200879e-08

Measurement: t_ro35
  step	t_ro35	FROM	TO
     1	5.92633661981e-09	1.41470347975e-09	7.34104009956e-09
     2	5.05219280479e-09	1.20527229715e-09	6.25746510193e-09
     3	4.48000061567e-09	1.06796160348e-09	5.54796221915e-09
     4	8.19764155817e-09	1.95629116492e-09	1.01539327231e-08
     5	6.85797007952e-09	1.6355676333e-09	8.49353771282e-09
     6	6.00789078834e-09	1.43225302425e-09	7.44014381259e-09
     7	1.17547954467e-08	2.8037907489e-09	1.45585861956e-08
     8	9.75546893364e-09	2.32556803619e-09	1.20810369698e-08
     9	8.49219747329e-09	2.02366381821e-09	1.05158612915e-08

Measurement: t_ro36
  step	t_ro36	FROM	TO
     1	5.76000902996e-09	1.3824826233e-09	7.14249165326e-09
     2	4.95416827653e-09	1.18811487735e-09	6.14228315388e-09
     3	4.41877039238e-09	1.05878068037e-09	5.47755107275e-09
     4	7.84634187093e-09	1.88427345622e-09	9.73061532715e-09
     5	6.64182293377e-09	1.59330004831e-09	8.23512298209e-09
     6	5.85610657238e-09	1.40380698408e-09	7.25991355647e-09
     7	1.11495627585e-08	2.67775123437e-09	1.38273139928e-08
     8	9.37451046582e-09	2.24920570462e-09	1.16237161704e-08
     9	8.21927263125e-09	1.97076463015e-09	1.01900372614e-08

Measurement: t_ro37
  step	t_ro37	FROM	TO
     1	5.90160591617e-09	1.41265640273e-09	7.31426231891e-09
     2	5.0388764602e-09	1.20455130425e-09	6.24342776445e-09
     3	4.47999359141e-09	1.06989509914e-09	5.54988869055e-09
     4	8.11867040564e-09	1.9436929053e-09	1.00623633109e-08
     5	6.81972742608e-09	1.63021143709e-09	8.44993886317e-09
     6	5.98472723956e-09	1.42912345891e-09	7.41385069846e-09
     7	1.16095042416e-08	2.7786405092e-09	1.43881447508e-08
     8	9.68148957859e-09	2.31403972024e-09	1.19955292988e-08
     9	8.44548411311e-09	2.01661445711e-09	1.04620985702e-08

Measurement: t_ro38
  step	t_ro38	FROM	TO
     1	5.69297635516e-09	1.36302062049e-09	7.05599697564e-09
     2	4.90012152739e-09	1.17203503606e-09	6.07215656345e-09
     3	4.3797469006e-09	1.04708817375e-09	5.42683507436e-09
     4	7.74707482807e-09	1.85483894496e-09	9.60191377302e-09
     5	6.56596849162e-09	1.57047865795e-09	8.13644714957e-09
     6	5.79685217041e-09	1.3857206286e-09	7.18257279901e-09
     7	1.09914010222e-08	2.63129840164e-09	1.36226994239e-08
     8	9.25170028219e-09	2.21256225587e-09	1.14642625381e-08
     9	8.12145563193e-09	1.94121929605e-09	1.0062674928e-08

Measurement: t_ro39
  step	t_ro39	FROM	TO
     1	5.92000009159e-09	1.41527485889e-09	7.33527495048e-09
     2	5.06616839749e-09	1.20906640825e-09	6.27523480574e-09
     3	4.50025105984e-09	1.07378955868e-09	5.57404061853e-09
     4	8.16569126268e-09	1.9492581709e-09	1.01149494336e-08
     5	6.85702172797e-09	1.63579292124e-09	8.49281464921e-09
     6	6.01409438904e-09	1.43402860349e-09	7.44812299253e-09
     7	1.1685672962e-08	2.78717936784e-09	1.44728523299e-08
     8	9.74124507615e-09	2.32233615383e-09	1.206358123e-08
     9	8.492322648e-09	2.0238608591e-09	1.05161835071e-08

Measurement: t_ro40
  step	t_ro40	FROM	TO
     1	5.65732791783e-09	1.34923990416e-09	7.00656782199e-09
     2	4.87676819305e-09	1.16217368574e-09	6.0389418788e-09
     3	4.3625545432e-09	1.0396032655e-09	5.40215780871e-09
     4	7.6785062165e-09	1.83102427575e-09	9.50953049225e-09
     5	6.51230183873e-09	1.5517112229e-09	8.06401306163e-09
     6	5.76002187404e-09	1.37212410459e-09	7.13214597863e-09
     7	1.08602886557e-08	2.58893321514e-09	1.34492218708e-08
     8	9.14445878639e-09	2.17831574672e-09	1.13227745331e-08
     9	8.03547781634e-09	1.91365067112e-09	9.94912848746e-09

Measurement: t_ro41
  step	t_ro41	FROM	TO
     1	6.11545728595e-09	1.46216183762e-09	7.57761912357e-09
     2	5.18589697868e-09	1.23848260729e-09	6.42437958597e-09
     3	4.5885579481e-09	1.0952803322e-09	5.6838382803e-09
     4	8.51005005925e-09	2.03423213924e-09	1.05442821985e-08
     5	7.086898278e-09	1.69216305741e-09	8.77906133542e-09
     6	6.18066751419e-09	1.47485606533e-09	7.65552357952e-09
     7	1.22801787346e-08	2.93395878129e-09	1.52141375159e-08
     8	1.01477643303e-08	2.42201363848e-09	1.25697779688e-08
     9	8.79371139116e-09	2.09758026384e-09	1.0891291655e-08

Measurement: t_ro42
  step	t_ro42	FROM	TO
     1	5.95847367838e-09	1.43773834733e-09	7.39621202571e-09
     2	5.08407160407e-09	1.22552875775e-09	6.30960036181e-09
     3	4.50731453563e-09	1.0853993637e-09	5.59271389933e-09
     4	8.20216281889e-09	1.98129452907e-09	1.0183457348e-08
     5	6.87366736812e-09	1.65834016968e-09	8.53200753781e-09
     6	6.02218708023e-09	1.45163349483e-09	7.47382057506e-09
     7	1.1744502482e-08	2.83843105657e-09	1.45829335385e-08
     8	9.7695628303e-09	2.35839961138e-09	1.21279624417e-08
     9	8.50771101136e-09	2.05207426718e-09	1.05597852785e-08

Measurement: t_ro43
  step	t_ro43	FROM	TO
     1	5.81479727087e-09	1.39152322241e-09	7.20632049327e-09
     2	4.96999393345e-09	1.18849383678e-09	6.15848777024e-09
     3	4.43870733587e-09	1.06073006523e-09	5.4994374011e-09
     4	7.99680867245e-09	1.91330411401e-09	9.91011278646e-09
     5	6.73326402665e-09	1.60916849926e-09	8.34243252591e-09
     6	5.92081696871e-09	1.41456410801e-09	7.33538107672e-09
     7	1.14130337409e-08	2.72915964412e-09	1.4142193385e-08
     8	9.54021661055e-09	2.27920952174e-09	1.18194261323e-08
     9	8.33790082035e-09	1.99123443236e-09	1.03291352527e-08

Measurement: t_ro44
  step	t_ro44	FROM	TO
     1	6.15802418033e-09	1.47037618869e-09	7.62840036902e-09
     2	5.21158816814e-09	1.24363980536e-09	6.4552279735e-09
     3	4.60685323885e-09	1.09901181195e-09	5.7058650508e-09
     4	8.60328073435e-09	2.0536781732e-09	1.06569589076e-08
     5	7.14868954689e-09	1.7053579478e-09	8.85404749469e-09
     6	6.22631950717e-09	1.4847700675e-09	7.71108957467e-09
     7	1.24432704471e-08	2.96909580039e-09	1.54123662475e-08
     8	1.0256121169e-08	2.44585867775e-09	1.27019798468e-08
     9	8.87362272304e-09	2.11547148053e-09	1.09890942036e-08

Measurement: t_ro45
  step	t_ro45	FROM	TO
     1	5.89320204526e-09	1.40077804799e-09	7.29398009325e-09
     2	5.02221381551e-09	1.19424063822e-09	6.21645445373e-09
     3	4.46487911256e-09	1.0619796182e-09	5.52685873076e-09
     4	8.12910379715e-09	1.93074963179e-09	1.00598534289e-08
     5	6.79891095665e-09	1.61551140514e-09	8.41442236179e-09
     6	5.95824046225e-09	1.41613864696e-09	7.37437910921e-09
     7	1.16313324013e-08	2.7606984463e-09	1.43920308476e-08
     8	9.64560871474e-09	2.29026600115e-09	1.19358747159e-08
     9	8.39639240649e-09	1.99429636102e-09	1.03906887675e-08

Measurement: t_ro46
  step	t_ro46	FROM	TO
     1	6.07999627751e-09	1.46491593866e-09	7.54491221618e-09
     2	5.15464213067e-09	1.24159877886e-09	6.39624090952e-09
     3	4.56287847845e-09	1.09824401078e-09	5.66112248922e-09
     4	8.47992154304e-09	2.04602817559e-09	1.05259497186e-08
     5	7.05887234421e-09	1.70179251759e-09	8.7606648618e-09
     6	6.15660627408e-09	1.4833157125e-09	7.63992198658e-09
     7	1.22454449776e-08	2.95733388002e-09	1.52027788576e-08
     8	1.01111238559e-08	2.43956961318e-09	1.25506934691e-08
     9	8.76069575722e-09	2.11234663236e-09	1.08730423896e-08

Measurement: t_ro47
  step	t_ro47	FROM	TO
     1	5.76000254693e-09	1.38543968152e-09	7.14544222844e-09
     2	4.95172320574e-09	1.18838746358e-09	6.14011066933e-09
     3	4.41602081397e-09	1.05945953059e-09	5.47548034456e-09
     4	7.86335400927e-09	1.89212015497e-09	9.75547416423e-09
     5	6.64801520507e-09	1.59699694084e-09	8.24501214591e-09
     6	5.85976995163e-09	1.40679115808e-09	7.26656110972e-09
     7	1.11800946414e-08	2.69138689975e-09	1.38714815412e-08
     8	9.38517295589e-09	2.25564060701e-09	1.16408135629e-08
     9	8.22428230386e-09	1.97534984851e-09	1.01996321524e-08

Measurement: t_ro48
  step	t_ro48	FROM	TO
     1	6.24000425637e-09	1.50694468335e-09	7.74694893971e-09
     2	5.26299935888e-09	1.26906853719e-09	6.53206789607e-09
     3	4.63999883782e-09	1.11806362916e-09	5.75806246698e-09
     4	8.72554248716e-09	2.10914728949e-09	1.08346897766e-08
     5	7.22731322446e-09	1.74430120409e-09	8.97161442855e-09
     6	6.2824196463e-09	1.51513166722e-09	7.79755131352e-09
     7	1.26362348488e-08	3.05583915356e-09	1.56920740024e-08
     8	1.03823673262e-08	2.50698637236e-09	1.28893536985e-08
     9	8.96441637369e-09	2.16269804109e-09	1.11271144148e-08

Measurement: t_ro49
  step	t_ro49	FROM	TO
     1	5.88001207415e-09	1.42149225104e-09	7.30150432518e-09
     2	5.02037930599e-09	1.2066416221e-09	6.22702092809e-09
     3	4.46465023092e-09	1.06979491608e-09	5.53444514699e-09
     4	8.11981967497e-09	1.96671697489e-09	1.00865366499e-08
     5	6.80900271236e-09	1.64139278264e-09	8.45039549499e-09
     6	5.9727321157e-09	1.43512135922e-09	7.40785347492e-09
     7	1.16207112421e-08	2.81578743446e-09	1.44364986766e-08
     8	9.66867242468e-09	2.33426072742e-09	1.20029331521e-08
     9	8.4270404272e-09	2.02885776088e-09	1.04558981881e-08

Measurement: t_ro50
  step	t_ro50	FROM	TO
     1	6.22489066218e-09	1.50863764298e-09	7.73352830516e-09
     2	5.27113699503e-09	1.27241131605e-09	6.54354831107e-09
     3	4.63999919929e-09	1.11744753256e-09	5.75744673184e-09
     4	8.69613914234e-09	2.11049018474e-09	1.08066293271e-08
     5	7.21469073594e-09	1.74425462725e-09	8.95894536319e-09
     6	6.27652307983e-09	1.51451873836e-09	7.79104181819e-09
     7	1.25793543391e-08	3.05428949118e-09	1.56336438302e-08
     8	1.03539783831e-08	2.50511099149e-09	1.28590893746e-08
     9	8.94867566075e-09	2.16123735083e-09	1.11099130116e-08

Measurement: t_ro51
  step	t_ro51	FROM	TO
     1	5.87050020742e-09	1.41066068542e-09	7.28116089284e-09
     2	5.01998624833e-09	1.20496114472e-09	6.22494739305e-09
     3	4.4713001275e-09	1.07222684239e-09	5.54352696988e-09
     4	8.06220626735e-09	1.93820802095e-09	1.00004142883e-08
     5	6.78182295873e-09	1.62871111094e-09	8.41053406968e-09
     6	5.95652671726e-09	1.42951124097e-09	7.38603795822e-09
     7	1.15135395293e-08	2.76850270951e-09	1.42820422388e-08
     8	9.61530533375e-09	2.30994024754e-09	1.19252455813e-08
     9	8.39495057236e-09	2.01559524295e-09	1.04105458153e-08

Measurement: t_ro52
  step	t_ro52	FROM	TO
     1	6.14433576538e-09	1.47048459489e-09	7.61482036026e-09
     2	5.18667189943e-09	1.2403963003e-09	6.42706819973e-09
     3	4.58600692001e-09	1.096845119e-09	5.68285203901e-09
     4	8.55688737464e-09	2.04767377402e-09	1.06045611487e-08
     5	7.09486408604e-09	1.69681634659e-09	8.79168043263e-09
     6	6.17772269875e-09	1.47708962393e-09	7.65481232267e-09
     7	1.23310662607e-08	2.95034298914e-09	1.52814092498e-08
     8	1.01418529317e-08	2.42524043662e-09	1.25670933684e-08
     9	8.77276171343e-09	2.09718310943e-09	1.08699448229e-08

Measurement: t_ro53
  step	t_ro53	FROM	TO
     1	5.97045050647e-09	1.43405433984e-09	7.40450484631e-09
     2	5.09215573067e-09	1.22131443872e-09	6.3134701694e-09
     3	4.51542966341e-09	1.0812217215e-09	5.59665138492e-09
     4	8.26626247191e-09	1.98605413009e-09	1.0252316602e-08
     5	6.92063851558e-09	1.66035542116e-09	8.58099393675e-09
     6	6.05981071416e-09	1.4519205538e-09	7.51173126796e-09
     7	1.18626808654e-08	2.85016160424e-09	1.47128424696e-08
     8	9.85780831099e-09	2.36555378732e-09	1.22233620983e-08
     9	8.57810026266e-09	2.05616300259e-09	1.06342632652e-08

Measurement: t_ro54
  step	t_ro54	FROM	TO
     1	6.27741419915e-09	1.51219890667e-09	7.78961310582e-09
     2	5.28000006797e-09	1.27168292075e-09	6.55168298872e-09
     3	4.65557443172e-09	1.11968693727e-09	5.775261369e-09
     4	8.82306495704e-09	2.12762762721e-09	1.09506925842e-08
     5	7.28829318813e-09	1.75540968346e-09	9.0437028716e-09
     6	6.32481085363e-09	1.52256340861e-09	7.84737426225e-09
     7	1.28099824708e-08	3.0906815071e-09	1.59006639779e-08
     8	1.04946032659e-08	2.52918774378e-09	1.30237910097e-08
     9	9.04552065107e-09	2.17887683633e-09	1.12243974874e-08

Measurement: t_ro55
  step	t_ro55	FROM	TO
     1	6.01992815162e-09	1.44447415625e-09	7.46440230787e-09
     2	5.12000840621e-09	1.22733799599e-09	6.34734640219e-09
     3	4.5452442424e-09	1.08922941927e-09	5.63447366167e-09
     4	8.33107593135e-09	1.99943648574e-09	1.03305124171e-08
     5	6.97230282014e-09	1.67155040691e-09	8.64385322704e-09
     6	6.10023946457e-09	1.46199087039e-09	7.56223033496e-09
     7	1.19657191847e-08	2.87126460085e-09	1.48369837856e-08
     8	9.94015220812e-09	2.38291709334e-09	1.23230693015e-08
     9	8.64410309579e-09	2.07127900333e-09	1.07153820991e-08

Measurement: t_ro56
  step	t_ro56	FROM	TO
     1	6.04454087835e-09	1.45975710792e-09	7.50429798627e-09
     2	5.13029257048e-09	1.23677521422e-09	6.3670677847e-09
     3	4.54793752073e-09	1.09564007784e-09	5.64357759857e-09
     4	8.38605415483e-09	2.02932213858e-09	1.04153762934e-08
     5	6.99979043021e-09	1.69019664951e-09	8.68998707972e-09
     6	6.11583485487e-09	1.47532895138e-09	7.59116380626e-09
     7	1.20710815463e-08	2.92431458661e-09	1.49953961329e-08
     8	9.99743898608e-09	2.41667069259e-09	1.24141096787e-08
     9	8.67910508189e-09	2.09585941285e-09	1.07749644947e-08

Measurement: t_ro57
  step	t_ro57	FROM	TO
     1	6.27502204887e-09	1.50382617969e-09	7.77884822855e-09
     2	5.28422196546e-09	1.2652801533e-09	6.54950211876e-09
     3	4.66376670816e-09	1.11505837784e-09	5.77882508599e-09
     4	8.74735003258e-09	2.09628763537e-09	1.08436376679e-08
     5	7.24054060135e-09	1.73303645756e-09	8.97357705891e-09
     6	6.29025344526e-09	1.50429082206e-09	7.79454426732e-09
     7	1.26385987165e-08	3.02826337341e-09	1.56668620899e-08
     8	1.03789394326e-08	2.4841745499e-09	1.28631139825e-08
     9	8.95984057421e-09	2.14266554969e-09	1.11025061239e-08

Measurement: t_ro58
  step	t_ro58	FROM	TO
     1	5.95834884037e-09	1.42862524992e-09	7.38697409028e-09
     2	5.07319825721e-09	1.21475077104e-09	6.28794902825e-09
     3	4.49623364505e-09	1.07502103479e-09	5.57125467984e-09
     4	8.23717013178e-09	1.97511808024e-09	1.0212288212e-08
     5	6.88003400413e-09	1.64808860314e-09	8.52812260726e-09
     6	6.02717208334e-09	1.44158587446e-09	7.46875795781e-09
     7	1.18171518961e-08	2.8332264746e-09	1.46503783707e-08
     8	9.8020594822e-09	2.34737414064e-09	1.21494336228e-08
     9	8.52546722683e-09	2.03942841433e-09	1.05648956412e-08

Measurement: t_ro59
  step	t_ro59	FROM	TO
     1	5.86627850264e-09	1.40982862197e-09	7.27610712461e-09
     2	5.01322287595e-09	1.20353550498e-09	6.21675838093e-09
     3	4.46393724282e-09	1.07087674466e-09	5.53481398748e-09
     4	8.07907179562e-09	1.94311642907e-09	1.00221882247e-08
     5	6.7895729688e-09	1.63159086869e-09	8.42116383749e-09
     6	5.96094165458e-09	1.43147711423e-09	7.3924187688e-09
     7	1.15565786084e-08	2.78111396967e-09	1.43376925781e-08
     8	9.63833419153e-09	2.31743634351e-09	1.1955770535e-08
     9	8.41008705461e-09	2.02101063687e-09	1.04310976915e-08

Measurement: t_ro60
  step	t_ro60	FROM	TO
     1	5.87053264282e-09	1.4078311725e-09	7.27836381532e-09
     2	4.99917836748e-09	1.19738926038e-09	6.19656762786e-09
     3	4.44829119923e-09	1.06423904373e-09	5.51253024295e-09
     4	8.12890122445e-09	1.94976680525e-09	1.00786680297e-08
     5	6.79888277457e-09	1.6286074465e-09	8.42749022107e-09
     6	5.95789510493e-09	1.42595028848e-09	7.3838453934e-09
     7	1.16490957974e-08	2.79397987499e-09	1.44430756724e-08
     8	9.66417311928e-09	2.31527133202e-09	1.19794444513e-08
     9	8.41283868547e-09	2.01381377281e-09	1.04266524583e-08

Measurement: t_ro61
  step	t_ro61	FROM	TO
     1	6.25725111197e-09	1.50597924781e-09	7.76323035978e-09
     2	5.27999980158e-09	1.26532373136e-09	6.54532353294e-09
     3	4.65217542057e-09	1.11339730976e-09	5.76557273033e-09
     4	8.760724352e-09	2.11174456168e-09	1.08724689137e-08
     5	7.25053032301e-09	1.73962893997e-09	8.99015926299e-09
     6	6.29914527859e-09	1.50853823758e-09	7.80768351617e-09
     7	1.2685681061e-08	3.05837665317e-09	1.57440577142e-08
     8	1.04130483966e-08	2.4997118846e-09	1.29127602812e-08
     9	8.98614950091e-09	2.15297209715e-09	1.11391215981e-08

Measurement: t_ro62
  step	t_ro62	FROM	TO
     1	5.742415903e-09	1.37407899875e-09	7.11649490175e-09
     2	4.93586883284e-09	1.17948578985e-09	6.1153546227e-09
     3	4.40463558916e-09	1.05165397412e-09	5.45628956328e-09
     4	7.83612645942e-09	1.87573678654e-09	9.71186324596e-09
     5	6.62647347655e-09	1.58344162119e-09	8.20991509774e-09
     6	5.84326748218e-09	1.39517754316e-09	7.23844502535e-09
     7	1.11331687682e-08	2.6635982823e-09	1.37967670505e-08
     8	9.35218498775e-09	2.23453880045e-09	1.15867237882e-08
     9	8.20007084746e-09	1.95764925495e-09	1.01577201024e-08

Measurement: t_ro63
  step	t_ro63	FROM	TO
     1	6.13853735359e-09	1.47357834237e-09	7.61211569596e-09
     2	5.15603800958e-09	1.23680043155e-09	6.39283844113e-09
     3	4.56153903622e-09	1.0943943497e-09	5.65593338592e-09
     4	8.56692812926e-09	2.05698370248e-09	1.06239118317e-08
     5	7.05926814825e-09	1.69377308113e-09	8.75304122938e-09
     6	6.13512108114e-09	1.4717383795e-09	7.60685946065e-09
     7	1.23561985318e-08	2.96673078902e-09	1.53229293208e-08
     8	1.00896319742e-08	2.42072300224e-09	1.25103549765e-08
     9	8.70608896098e-09	2.08819680806e-09	1.0794285769e-08

Measurement: t_ro64
  step	t_ro64	FROM	TO
     1	6.27512922917e-09	1.50227952735e-09	7.77740875652e-09
     2	5.28000000396e-09	1.26304100964e-09	6.5430410136e-09
     3	4.66076742292e-09	1.11340242023e-09	5.77416984314e-09
     4	8.76717833923e-09	2.09863160303e-09	1.08658099423e-08
     5	7.24761944903e-09	1.73229243605e-09	8.97991188509e-09
     6	6.29320274114e-09	1.50302367033e-09	7.79622641147e-09
     7	1.2673167967e-08	3.03287898874e-09	1.57060469557e-08
     8	1.03944398484e-08	2.48419150864e-09	1.28786313571e-08
     9	8.96696549997e-09	2.14127648336e-09	1.11082419833e-08

Measurement: t_ro65
  step	t_ro65	FROM	TO
     1	6.19457763804e-09	1.48762466916e-09	7.6822023072e-09
     2	5.22179295183e-09	1.25215852598e-09	6.47395147781e-09
     3	4.6103133242e-09	1.10403782952e-09	5.71435115372e-09
     4	8.68907426609e-09	2.08686871553e-09	1.07759429816e-08
     5	7.17909152245e-09	1.72203137209e-09	8.90112289454e-09
     6	6.2399271405e-09	1.49432543607e-09	7.73425257656e-09
     7	1.25897985271e-08	3.02369128846e-09	1.56134898156e-08
     8	1.03124565195e-08	2.47426688026e-09	1.27867233997e-08
     9	8.897011363e-09	2.13251406156e-09	1.10295254246e-08

Measurement: t_ro66
  step	t_ro66	FROM	TO
     1	6.20190171917e-09	1.50460476811e-09	7.70650648728e-09
     2	5.24289411291e-09	1.26706908204e-09	6.50996319496e-09
     3	4.62652801246e-09	1.11569750031e-09	5.74222551278e-09
     4	8.65463278445e-09	2.10355705584e-09	1.07581898403e-08
     5	7.17681088444e-09	1.73793511424e-09	8.91474599867e-09
     6	6.24012964806e-09	1.50902721002e-09	7.74915685808e-09
     7	1.25051220738e-08	3.04120365833e-09	1.55463257322e-08
     8	1.02856114665e-08	2.49340900678e-09	1.27790204733e-08
     9	8.88966979068e-09	2.15087440077e-09	1.10405441914e-08

Measurement: t_ro67
  step	t_ro67	FROM	TO
     1	6.02979398711e-09	1.44587558778e-09	7.47566957489e-09
     2	5.11781729265e-09	1.22531014095e-09	6.3431274336e-09
     3	4.53255365168e-09	1.08381409826e-09	5.61636774994e-09
     4	8.36586161538e-09	2.00617147754e-09	1.03720330929e-08
     5	6.97273859552e-09	1.66983884119e-09	8.64257743671e-09
     6	6.09045365917e-09	1.45692791174e-09	7.54738157091e-09
     7	1.20394931014e-08	2.88671601432e-09	1.49262091158e-08
     8	9.95516544434e-09	2.38411165884e-09	1.23392771032e-08
     9	8.64096640991e-09	2.06683855992e-09	1.07078049698e-08

Measurement: t_ro68
  step	t_ro68	FROM	TO
     1	5.89644245693e-09	1.4199220011e-09	7.31636445803e-09
     2	5.03168311831e-09	1.20991944033e-09	6.24160255864e-09
     3	4.48001071309e-09	1.07659443557e-09	5.55660514866e-09
     4	8.10350217209e-09	1.952528077e-09	1.00560302491e-08
     5	6.80762479035e-09	1.63813563566e-09	8.44576042602e-09
     6	5.97528280203e-09	1.43698913593e-09	7.41227193796e-09
     7	1.15835803224e-08	2.79213996356e-09	1.4375720286e-08
     8	9.65945796082e-09	2.32550265069e-09	1.19849606115e-08
     9	8.42703947771e-09	2.02755390495e-09	1.04545933827e-08

Measurement: t_ro69
  step	t_ro69	FROM	TO
     1	5.90010948988e-09	1.42723656979e-09	7.32734605968e-09
     2	5.04617642138e-09	1.21630840153e-09	6.26248482291e-09
     3	4.48572595907e-09	1.07784709947e-09	5.56357305855e-09
     4	8.10038702331e-09	1.96134997447e-09	1.00617369978e-08
     5	6.81394418459e-09	1.64473859462e-09	8.4586827792e-09
     6	5.98330375615e-09	1.44120816262e-09	7.42451191877e-09
     7	1.15709711179e-08	2.80234719723e-09	1.43733183151e-08
     8	9.66346336068e-09	2.33391361423e-09	1.19973769749e-08
     9	8.43554560712e-09	2.03370815752e-09	1.04692537646e-08

Measurement: t_ro70
  step	t_ro70	FROM	TO
     1	6.01122715108e-09	1.44388560292e-09	7.455112754e-09
     2	5.11998439624e-09	1.2277247552e-09	6.34770915144e-09
     3	4.51926400825e-09	1.08381947299e-09	5.60308348124e-09
     4	8.36010802297e-09	2.00838724087e-09	1.03684952638e-08
     5	6.96407006356e-09	1.67186378827e-09	8.63593385183e-09
     6	6.08231477796e-09	1.45936727997e-09	7.54168205794e-09
     7	1.20398168605e-08	2.89243872701e-09	1.49322555875e-08
     8	9.9465994381e-09	2.38810657376e-09	1.23347060119e-08
     9	8.62906928315e-09	2.07090281154e-09	1.06999720947e-08

Measurement: t_ro71
  step	t_ro71	FROM	TO
     1	6.23999983454e-09	1.49573676203e-09	7.73573659657e-09
     2	5.27999969281e-09	1.26307476877e-09	6.54307446158e-09
     3	4.64864253791e-09	1.11214584023e-09	5.76078837814e-09
     4	8.70897717232e-09	2.08889100388e-09	1.07978681762e-08
     5	7.22781129148e-09	1.73064344482e-09	8.95845473631e-09
     6	6.28811976485e-09	1.5042552569e-09	7.79237502175e-09
     7	1.25998513082e-08	3.0211680927e-09	1.56210194008e-08
     8	1.03776717271e-08	2.48431808634e-09	1.28619898134e-08
     9	8.97016327828e-09	2.14538699084e-09	1.11155502691e-08

Measurement: t_ro72
  step	t_ro72	FROM	TO
     1	5.96817475022e-09	1.43408691811e-09	7.40226166833e-09
     2	5.08726302024e-09	1.22082260638e-09	6.30808562662e-09
     3	4.51612006458e-09	1.08292240503e-09	5.59904246962e-09
     4	8.26349300111e-09	1.98645916353e-09	1.02499521646e-08
     5	6.92086902495e-09	1.66151126436e-09	8.58238028932e-09
     6	6.06052880592e-09	1.45386888944e-09	7.51439769536e-09
     7	1.18678024437e-08	2.85332319272e-09	1.47211256364e-08
     8	9.86608248948e-09	2.36902688342e-09	1.22351093729e-08
     9	8.58598889322e-09	2.06000673871e-09	1.06459956319e-08

Measurement: t_ro73
  step	t_ro73	FROM	TO
     1	5.7260226982e-09	1.36597895329e-09	7.09200165149e-09
     2	4.92014027899e-09	1.17324069625e-09	6.09338097523e-09
     3	4.39313888081e-09	1.04753926404e-09	5.44067814485e-09
     4	7.81371727975e-09	1.86238942181e-09	9.67610670156e-09
     5	6.60688262383e-09	1.57446086631e-09	8.18134349014e-09
     6	5.82584638366e-09	1.38826023034e-09	7.21410661401e-09
     7	1.11039504362e-08	2.64458820948e-09	1.37485386457e-08
     8	9.32075201216e-09	2.21993926691e-09	1.15406912791e-08
     9	8.17024233957e-09	1.94593193775e-09	1.01161742773e-08

Measurement: t_ro74
  step	t_ro74	FROM	TO
     1	6.06131958083e-09	1.4513373577e-09	7.51265693853e-09
     2	5.13583608412e-09	1.22802661628e-09	6.3638627004e-09
     3	4.55149633553e-09	1.08754682828e-09	5.63904316382e-09
     4	8.41366856951e-09	2.01538993823e-09	1.04290585077e-08
     5	7.01151762909e-09	1.67686781294e-09	8.68838544203e-09
     6	6.12237562729e-09	1.46284351399e-09	7.58521914129e-09
     7	1.21066270236e-08	2.8994423633e-09	1.50060693869e-08
     8	1.00089391354e-08	2.39361953995e-09	1.24025586754e-08
     9	8.6834559913e-09	2.07461703049e-09	1.07580730218e-08

Measurement: t_ro75
  step	t_ro75	FROM	TO
     1	5.91418896921e-09	1.42663547694e-09	7.34082444616e-09
     2	5.03645908505e-09	1.21294169746e-09	6.24940078251e-09
     3	4.47999531578e-09	1.07736771494e-09	5.55736303072e-09
     4	8.13748905725e-09	1.96538877097e-09	1.01028778282e-08
     5	6.81876004303e-09	1.64536621504e-09	8.46412625807e-09
     6	5.97867981986e-09	1.44147159647e-09	7.42015141633e-09
     7	1.16559079771e-08	2.81947523509e-09	1.44753832122e-08
     8	9.68906735661e-09	2.34153450297e-09	1.20306018596e-08
     9	8.4415183656e-09	2.03853083486e-09	1.04800492005e-08

Measurement: t_ro76
  step	t_ro76	FROM	TO
     1	6.14730524308e-09	1.47544674718e-09	7.62275199027e-09
     2	5.20424929658e-09	1.24799062322e-09	6.45223991979e-09
     3	4.59910675256e-09	1.10225949211e-09	5.70136624468e-09
     4	8.53086463973e-09	2.04798030161e-09	1.05788449413e-08
     5	7.08839829348e-09	1.70021966792e-09	8.78861796139e-09
     6	6.17723537284e-09	1.48089935457e-09	7.65813472741e-09
     7	1.22803262624e-08	2.94813271747e-09	1.52284589799e-08
     8	1.01251861012e-08	2.4288628776e-09	1.25540489788e-08
     9	8.76797321562e-09	2.10237992495e-09	1.08703531406e-08

Measurement: t_ro77
  step	t_ro77	FROM	TO
     1	6.08000151113e-09	1.46361368548e-09	7.54361519662e-09
     2	5.16813898831e-09	1.24255559105e-09	6.41069457936e-09
     3	4.57804890503e-09	1.09985152715e-09	5.67790043218e-09
     4	8.43511760628e-09	2.03058867732e-09	1.04657062836e-08
     5	7.03995169997e-09	1.69330875961e-09	8.73326045958e-09
     6	6.14987496756e-09	1.47853191226e-09	7.62840687982e-09
     7	1.21304691745e-08	2.92115559421e-09	1.50516247687e-08
     8	1.00518699344e-08	2.41897374292e-09	1.24708436773e-08
     9	8.72558252865e-09	2.09899484507e-09	1.08245773737e-08

Measurement: t_ro78
  step	t_ro78	FROM	TO
     1	6.40586048813e-09	1.53580395704e-09	7.94166444518e-09
     2	5.37152089827e-09	1.28593616294e-09	6.65745706121e-09
     3	4.71561503926e-09	1.12791027791e-09	5.84352531718e-09
     4	9.08541935038e-09	2.17850268462e-09	1.1263922035e-08
     5	7.4502005074e-09	1.78418876483e-09	9.23438927224e-09
     6	6.43834610537e-09	1.54055913856e-09	7.97890524393e-09
     7	1.32366508788e-08	3.17325017047e-09	1.64099010492e-08
     8	1.07605065143e-08	2.57683968163e-09	1.33373461959e-08
     9	9.23287029138e-09	2.20963114449e-09	1.14425014359e-08

Measurement: t_ro79
  step	t_ro79	FROM	TO
     1	6.01561877857e-09	1.44387749348e-09	7.45949627205e-09
     2	5.12000580085e-09	1.22677853803e-09	6.34678433889e-09
     3	4.53837399862e-09	1.08703393587e-09	5.62540793449e-09
     4	8.33377812126e-09	2.00058789787e-09	1.03343660191e-08
     5	6.96960430495e-09	1.6707880267e-09	8.64039233164e-09
     6	6.09665842199e-09	1.46044336246e-09	7.55710178445e-09
     7	1.19774166873e-08	2.87510309912e-09	1.48525197865e-08
     8	9.94050367666e-09	2.38307784244e-09	1.23235815191e-08
     9	8.64009876739e-09	2.06978663842e-09	1.07098854058e-08

Measurement: t_ro80
  step	t_ro80	FROM	TO
     1	5.84931529694e-09	1.40533247133e-09	7.25464776827e-09
     2	5.00516403459e-09	1.20115350457e-09	6.20631753917e-09
     3	4.46302496146e-09	1.06961052945e-09	5.53263549092e-09
     4	8.02016038177e-09	1.92755354857e-09	9.94771393034e-09
     5	6.75744585541e-09	1.62210844958e-09	8.37955430499e-09
     6	5.9423665488e-09	1.42507146622e-09	7.36743801501e-09
     7	1.14488551208e-08	2.75226885544e-09	1.42011239762e-08
     8	9.57823644345e-09	2.30007865812e-09	1.18783151016e-08
     9	8.37383529275e-09	2.00884768187e-09	1.03826829746e-08

Measurement: t_ro81
  step	t_ro81	FROM	TO
     1	6.27439281929e-09	1.5077540901e-09	7.78214690939e-09
     2	5.2800000409e-09	1.26736767083e-09	6.54736771172e-09
     3	4.65430776961e-09	1.11528494091e-09	5.76959271052e-09
     4	8.81634364765e-09	2.11944955627e-09	1.09357932039e-08
     5	7.27940032101e-09	1.74752157853e-09	9.02692189954e-09
     6	6.31658449123e-09	1.51492016498e-09	7.83150465622e-09
     7	1.27902926578e-08	3.07517171273e-09	1.58654643706e-08
     8	1.04746523636e-08	2.51510082443e-09	1.29897531881e-08
     9	9.02780835642e-09	2.16574934312e-09	1.11935576995e-08

Measurement: t_ro82
  step	t_ro82	FROM	TO
     1	5.6890948097e-09	1.36259828421e-09	7.05169309391e-09
     2	4.89690143265e-09	1.17158383173e-09	6.06848526438e-09
     3	4.37917222171e-09	1.04721504606e-09	5.42638726776e-09
     4	7.75055654002e-09	1.85625292753e-09	9.60680946755e-09
     5	6.572265905e-09	1.57220316335e-09	8.14446906835e-09
     6	5.80473301866e-09	1.38782020171e-09	7.19255322037e-09
     7	1.10016679411e-08	2.63419200271e-09	1.36358599438e-08
     8	9.2661684426e-09	2.21610459732e-09	1.14822730399e-08
     9	8.13731325603e-09	1.9449916575e-09	1.00823049135e-08

Measurement: t_ro83
  step	t_ro83	FROM	TO
     1	6.13666112196e-09	1.47082454632e-09	7.60748566829e-09
     2	5.19889327894e-09	1.24411279144e-09	6.44300607038e-09
     3	4.59658784372e-09	1.09887633504e-09	5.69546417876e-09
     4	8.55737952709e-09	2.05091690183e-09	1.06082964289e-08
     5	7.11770188954e-09	1.70354476106e-09	8.8212466506e-09
     6	6.2036400928e-09	1.48330492048e-09	7.68694501329e-09
     7	1.23622016101e-08	2.96225068207e-09	1.53244522922e-08
     8	1.02017605179e-08	2.44151477045e-09	1.26432752884e-08
     9	8.83367169386e-09	2.1120204181e-09	1.0945692112e-08

Measurement: t_ro84
  step	t_ro84	FROM	TO
     1	6.12048187842e-09	1.47585554932e-09	7.59633742774e-09
     2	5.18273172118e-09	1.24831221499e-09	6.43104393616e-09
     3	4.5813470798e-09	1.10211710393e-09	5.68346418374e-09
     4	8.54083284101e-09	2.06144426265e-09	1.06022771037e-08
     5	7.09808453245e-09	1.71113966792e-09	8.80922420037e-09
     6	6.1849797837e-09	1.48959622803e-09	7.67457601173e-09
     7	1.23415640869e-08	2.98007847495e-09	1.53216425618e-08
     8	1.01753467874e-08	2.45422509178e-09	1.26295718791e-08
     9	8.80721668531e-09	2.12245186139e-09	1.09296685467e-08

Measurement: t_ro85
  step	t_ro85	FROM	TO
     1	6.10667697238e-09	1.46321383599e-09	7.56989080837e-09
     2	5.18063610304e-09	1.23942751453e-09	6.42006361757e-09
     3	4.58403097394e-09	1.09559673919e-09	5.67962771314e-09
     4	8.5042021727e-09	2.03773102005e-09	1.05419331928e-08
     5	7.08450646879e-09	1.69508650037e-09	8.77959296915e-09
     6	6.1798605798e-09	1.47714042271e-09	7.65700100251e-09
     7	1.22748752896e-08	2.94063287385e-09	1.52155081635e-08
     8	1.01467738051e-08	2.4275421392e-09	1.25743159443e-08
     9	8.79453008718e-09	2.10202398813e-09	1.08965540753e-08

Measurement: t_ro86
  step	t_ro86	FROM	TO
     1	6.53998397404e-09	1.57118392078e-09	8.11116789482e-09
     2	5.44000441043e-09	1.30506668202e-09	6.74507109245e-09
     3	4.77476352472e-09	1.14447105313e-09	5.91923457785e-09
     4	9.2829177517e-09	2.23107547216e-09	1.15139932239e-08
     5	7.57913563514e-09	1.81876868663e-09	9.39790432177e-09
     6	6.52950670122e-09	1.56571662945e-09	8.09522333066e-09
     7	1.35698292676e-08	3.26095304361e-09	1.68307823112e-08
     8	1.09829424452e-08	2.63546652496e-09	1.36184089702e-08
     9	9.39380493992e-09	2.25237040569e-09	1.16461753456e-08

Measurement: t_ro87
  step	t_ro87	FROM	TO
     1	5.91999814707e-09	1.42096535591e-09	7.34096350298e-09
     2	5.04481449626e-09	1.21129332547e-09	6.25610782173e-09
     3	4.48000276385e-09	1.07557884568e-09	5.55558160953e-09
     4	8.14891350606e-09	1.95809810736e-09	1.01070116134e-08
     5	6.83949930621e-09	1.64273710554e-09	8.48223641175e-09
     6	5.99930778542e-09	1.44039821315e-09	7.43970599857e-09
     7	1.16675745276e-08	2.80384753008e-09	1.44714220577e-08
     8	9.71975888676e-09	2.33502203753e-09	1.20547809243e-08
     9	8.47353099021e-09	2.03496707025e-09	1.05084980605e-08

Measurement: t_ro88
  step	t_ro88	FROM	TO
     1	6.23999973927e-09	1.49824805019e-09	7.73824778946e-09
     2	5.26202968905e-09	1.26229925861e-09	6.52432894766e-09
     3	4.64004599498e-09	1.11207411204e-09	5.75212010701e-09
     4	8.72248715848e-09	2.09623485199e-09	1.08187220105e-08
     5	7.22804588197e-09	1.7348582516e-09	8.96290413357e-09
     6	6.28485891959e-09	1.50663855347e-09	7.79149747305e-09
     7	1.26393131035e-08	3.03777108559e-09	1.56770841891e-08
     8	1.03918451821e-08	2.49458630837e-09	1.28864314905e-08
     9	8.97628270183e-09	2.15240832652e-09	1.11286910284e-08

Measurement: t_ro89
  step	t_ro89	FROM	TO
     1	5.89384978222e-09	1.40992385736e-09	7.30377363958e-09
     2	5.03380326178e-09	1.20230890324e-09	6.23611216502e-09
     3	4.479992936e-09	1.0698646876e-09	5.5498576236e-09
     4	8.12458839188e-09	1.94345111142e-09	1.00680395033e-08
     5	6.82600736471e-09	1.63022355662e-09	8.45623092133e-09
     6	5.9910446569e-09	1.42968806006e-09	7.42073271696e-09
     7	1.16315535785e-08	2.78121120375e-09	1.44127647823e-08
     8	9.69960423086e-09	2.31601586296e-09	1.20156200938e-08
     9	8.46111479146e-09	2.01861948018e-09	1.04797342716e-08

Measurement: t_ro90
  step	t_ro90	FROM	TO
     1	6.13460464238e-09	1.47367325911e-09	7.60827790149e-09
     2	5.20010138624e-09	1.24773912771e-09	6.44784051395e-09
     3	4.59698818725e-09	1.10185764258e-09	5.69884582983e-09
     4	8.54320059226e-09	2.05289490255e-09	1.05960954948e-08
     5	7.11003443126e-09	1.70640696951e-09	8.81644140077e-09
     6	6.19878809819e-09	1.48650099915e-09	7.68528909734e-09
     7	1.23302366184e-08	2.96317513189e-09	1.52934117503e-08
     8	1.01832369958e-08	2.44445154503e-09	1.26276885408e-08
     9	8.82139640191e-09	2.11598117366e-09	1.09373775756e-08

Measurement: t_ro91
  step	t_ro91	FROM	TO
     1	5.70556038579e-09	1.36471517551e-09	7.0702755613e-09
     2	4.91324931299e-09	1.17370324891e-09	6.0869525619e-09
     3	4.38950822216e-09	1.04818236647e-09	5.43769058863e-09
     4	7.75658418155e-09	1.85546124019e-09	9.61204542173e-09
     5	6.57933785717e-09	1.57199524698e-09	8.15133310414e-09
     6	5.81089742605e-09	1.38733418703e-09	7.19823161308e-09
     7	1.10037977418e-08	2.63137727821e-09	1.363517502e-08
     8	9.27268918321e-09	2.21472624638e-09	1.14874154296e-08
     9	8.14350809692e-09	1.94372811263e-09	1.00872362095e-08

Measurement: t_ro92
  step	t_ro92	FROM	TO
     1	5.83108576839e-09	1.40404853855e-09	7.23513430695e-09
     2	4.96865416666e-09	1.19671567286e-09	6.16536983952e-09
     3	4.43362351529e-09	1.06670421538e-09	5.50032773067e-09
     4	8.04849584043e-09	1.93976949171e-09	9.98826533214e-09
     5	6.75137800831e-09	1.62614769886e-09	8.37752570718e-09
     6	5.92259933708e-09	1.42683014075e-09	7.34942947783e-09
     7	1.15231005004e-08	2.77904053849e-09	1.43021410389e-08
     8	9.58900022926e-09	2.31093790166e-09	1.18999381309e-08
     9	8.36139819792e-09	2.01436203043e-09	1.03757602283e-08

Measurement: t_ro93
  step	t_ro93	FROM	TO
     1	6.31540555628e-09	1.51443077069e-09	7.82983632697e-09
     2	5.31510181265e-09	1.27175494431e-09	6.58685675696e-09
     3	4.68430358285e-09	1.11967402384e-09	5.80397760668e-09
     4	8.84935420159e-09	2.12238124663e-09	1.09717354482e-08
     5	7.30978930969e-09	1.74940272875e-09	9.05919203844e-09
     6	6.34307490179e-09	1.51615275927e-09	7.85922766106e-09
     7	1.28226533467e-08	3.07434274601e-09	1.58969960927e-08
     8	1.05078062589e-08	2.51427424736e-09	1.30220805063e-08
     9	9.05837165993e-09	2.16479402934e-09	1.12231656893e-08

Measurement: t_ro94
  step	t_ro94	FROM	TO
     1	5.98836278108e-09	1.44166120702e-09	7.4300239881e-09
     2	5.10425175438e-09	1.22559105459e-09	6.32984280897e-09
     3	4.52672136251e-09	1.08467087568e-09	5.61139223819e-09
     4	8.26098209029e-09	1.99105084922e-09	1.02520329395e-08
     5	6.9162181596e-09	1.66263812095e-09	8.57885628056e-09
     6	6.05677905992e-09	1.45320208107e-09	7.50998114099e-09
     7	1.18345874509e-08	2.85408710371e-09	1.46886745546e-08
     8	9.83553849801e-09	2.3660925654e-09	1.22016310634e-08
     9	8.56068589343e-09	2.05565383406e-09	1.06163397275e-08

Measurement: t_ro95
  step	t_ro95	FROM	TO
     1	6.16599208607e-09	1.47629626181e-09	7.64228834788e-09
     2	5.20845974725e-09	1.24540213704e-09	6.45386188429e-09
     3	4.60181737573e-09	1.10014955794e-09	5.70196693368e-09
     4	8.61831986561e-09	2.06339537777e-09	1.06817152434e-08
     5	7.13773823132e-09	1.70675103527e-09	8.84448926659e-09
     6	6.20796382391e-09	1.48359780775e-09	7.69156163165e-09
     7	1.24664414824e-08	2.98382528689e-09	1.54502667693e-08
     8	1.02366632701e-08	2.44715658126e-09	1.26838198513e-08
     9	8.84161645991e-09	2.11255432145e-09	1.09541707814e-08

Measurement: t_ro96
  step	t_ro96	FROM	TO
     1	6.26888218366e-09	1.51417055854e-09	7.7830527422e-09
     2	5.28000257681e-09	1.27342435376e-09	6.55342693057e-09
     3	4.64000360771e-09	1.11710373411e-09	5.75710734182e-09
     4	8.81404564151e-09	2.13080235841e-09	1.09448479999e-08
     5	7.26951640971e-09	1.75402865375e-09	9.02354506347e-09
     6	6.30482462556e-09	1.51929431399e-09	7.82411893956e-09
     7	1.27990357162e-08	3.09532249349e-09	1.58943582097e-08
     8	1.04649573152e-08	2.52628456309e-09	1.29912418783e-08
     9	9.0125042708e-09	2.17298299455e-09	1.11854872654e-08

Measurement: t_ro97
  step	t_ro97	FROM	TO
     1	5.93707042076e-09	1.42447844755e-09	7.36154886832e-09
     2	5.06721903891e-09	1.21402216585e-09	6.28124120476e-09
     3	4.50154993706e-09	1.07776582148e-09	5.57931575854e-09
     4	8.2091071809e-09	1.96973330449e-09	1.01788404854e-08
     5	6.88334380524e-09	1.64991318621e-09	8.53325699146e-09
     6	6.03326895408e-09	1.44482533277e-09	7.47809428686e-09
     7	1.17762071081e-08	2.82553539409e-09	1.46017425022e-08
     8	9.80188273814e-09	2.34920352318e-09	1.21510862613e-08
     9	8.53809133252e-09	2.04479098572e-09	1.05828823182e-08

Measurement: t_ro98
  step	t_ro98	FROM	TO
     1	6.40718763922e-09	1.54610526251e-09	7.95329290173e-09
     2	5.35997052224e-09	1.28680558441e-09	6.64677610665e-09
     3	4.70339486699e-09	1.12613704793e-09	5.82953191492e-09
     4	9.06784582708e-09	2.19053178635e-09	1.12583776134e-08
     5	7.42104243876e-09	1.7837563608e-09	9.20479879955e-09
     6	6.4104770119e-09	1.53665000647e-09	7.94712701837e-09
     7	1.32081516239e-08	3.18942311484e-09	1.63975747387e-08
     8	1.07119818285e-08	2.57550089927e-09	1.32874827278e-08
     9	9.18489849506e-09	2.20277748913e-09	1.13876759842e-08

Measurement: t_ro99
  step	t_ro99	FROM	TO
     1	5.78725734053e-09	1.39292309067e-09	7.18018043121e-09
     2	4.96000092144e-09	1.19319959977e-09	6.15320052121e-09
     3	4.42949201021e-09	1.06404205651e-09	5.49353406672e-09
     4	7.93347741653e-09	1.91256459563e-09	9.84604201216e-09
     5	6.69536271127e-09	1.6119256262e-09	8.30728833747e-09
     6	5.89490452259e-09	1.41795654789e-09	7.31286107048e-09
     7	1.13126241466e-08	2.73041012472e-09	1.40430342713e-08
     8	9.4775010894e-09	2.28408279777e-09	1.17615838872e-08
     9	8.29462086165e-09	1.99727631459e-09	1.02918971762e-08

Measurement: t_ro100
  step	t_ro100	FROM	TO
     1	5.90803682422e-09	1.42254068759e-09	7.3305775118e-09
     2	5.04792191363e-09	1.21385273024e-09	6.26177464387e-09
     3	4.47999536097e-09	1.07742686757e-09	5.55742222854e-09
     4	8.1251077055e-09	1.95831546895e-09	1.00834231745e-08
     5	6.82406534257e-09	1.64244492122e-09	8.46651026379e-09
     6	5.98854670208e-09	1.4403867213e-09	7.42893342338e-09
     7	1.16160730734e-08	2.80174787281e-09	1.44178209462e-08
     8	9.68542852319e-09	2.33284948008e-09	1.20182780033e-08
     9	8.44848962545e-09	2.03352955039e-09	1.04820191758e-08

Measurement: t_ro101
  step	t_ro101	FROM	TO
     1	6.01519664497e-09	1.44558244021e-09	7.46077908518e-09
     2	5.11999035532e-09	1.22878661875e-09	6.34877697407e-09
     3	4.53261795107e-09	1.08693373584e-09	5.61955168691e-09
     4	8.35210573859e-09	2.00825737419e-09	1.03603631128e-08
     5	6.97577265961e-09	1.67553789532e-09	8.65131055493e-09
     6	6.0978458953e-09	1.46334982659e-09	7.56119572189e-09
     7	1.20205717192e-08	2.89101595315e-09	1.49115876723e-08
     8	9.96250145688e-09	2.3938849418e-09	1.23563863987e-08
     9	8.65311107771e-09	2.07759847696e-09	1.07307095547e-08

Measurement: t_ro102
  step	t_ro102	FROM	TO
     1	5.95416920003e-09	1.43573097924e-09	7.38990017927e-09
     2	5.08991957064e-09	1.22598282161e-09	6.31590239225e-09
     3	4.5103683457e-09	1.08569989138e-09	5.59606823708e-09
     4	8.21848619027e-09	1.98402311207e-09	1.02025093023e-08
     5	6.88727344031e-09	1.66071981364e-09	8.54799325396e-09
     6	6.03669947947e-09	1.45438940756e-09	7.49108888703e-09
     7	1.17769199381e-08	2.84485580862e-09	1.46217757467e-08
     8	9.79778828907e-09	2.36389049542e-09	1.21616787845e-08
     9	8.5332453571e-09	2.05726289942e-09	1.05905082565e-08

Measurement: t_ro103
  step	t_ro103	FROM	TO
     1	5.94892033439e-09	1.43026878069e-09	7.37918911509e-09
     2	5.07215347302e-09	1.21739656885e-09	6.28955004187e-09
     3	4.50556716744e-09	1.08030354599e-09	5.58587071343e-09
     4	8.19974567782e-09	1.97265526767e-09	1.01724009455e-08
     5	6.87998906082e-09	1.65174736741e-09	8.53173642823e-09
     6	6.02588539957e-09	1.44586213184e-09	7.47174753142e-09
     7	1.17396883417e-08	2.82517272268e-09	1.45648610644e-08
     8	9.77188870912e-09	2.34810779679e-09	1.21199965059e-08
     9	8.51360023333e-09	2.04368067271e-09	1.0557280906e-08

Measurement: t_ro104
  step	t_ro104	FROM	TO
     1	6.20305708087e-09	1.49629139722e-09	7.69934847809e-09
     2	5.24207792806e-09	1.26287539778e-09	6.50495332583e-09
     3	4.62365694288e-09	1.11260750044e-09	5.73626444332e-09
     4	8.64000373455e-09	2.08704200847e-09	1.0727045743e-08
     5	7.16455514273e-09	1.72793785668e-09	8.89249299942e-09
     6	6.23601946189e-09	1.50313669498e-09	7.73915615687e-09
     7	1.24724621509e-08	3.01439043589e-09	1.54868525868e-08
     8	1.02603464601e-08	2.47621546505e-09	1.27365619252e-08
     9	8.868307624e-09	2.13848949249e-09	1.10067971165e-08

Measurement: t_ro105
  step	t_ro105	FROM	TO
     1	5.88951120157e-09	1.40714985054e-09	7.29666105211e-09
     2	5.0274732523e-09	1.20044448442e-09	6.22791773672e-09
     3	4.4712318014e-09	1.06744751558e-09	5.53867931698e-09
     4	8.08896525663e-09	1.93250952295e-09	1.00214747796e-08
     5	6.79354913204e-09	1.62174932665e-09	8.41529845869e-09
     6	5.96396128789e-09	1.42325175151e-09	7.3872130394e-09
     7	1.15661596166e-08	2.76198505912e-09	1.43281446757e-08
     8	9.64169872547e-09	2.30075131158e-09	1.19424500371e-08
     9	8.41324777847e-09	2.00691291758e-09	1.04201606961e-08

Measurement: t_ro106
  step	t_ro106	FROM	TO
     1	5.89897830997e-09	1.4176902078e-09	7.31666851777e-09
     2	5.04083614829e-09	1.20955957395e-09	6.25039572224e-09
     3	4.47998342136e-09	1.07348050365e-09	5.55346392501e-09
     4	8.11294764417e-09	1.95011065031e-09	1.00630582945e-08
     5	6.82246035489e-09	1.63783759881e-09	8.4602979537e-09
     6	5.98966335346e-09	1.43658774278e-09	7.42625109624e-09
     7	1.16058173987e-08	2.79008433889e-09	1.43959017375e-08
     8	9.68887987372e-09	2.32639320539e-09	1.20152730791e-08
     9	8.4551850636e-09	2.02841178931e-09	1.04835968529e-08

Measurement: t_ro107
  step	t_ro107	FROM	TO
     1	5.8271152941e-09	1.39978136369e-09	7.22689665779e-09
     2	4.98188920387e-09	1.1956723109e-09	6.17756151477e-09
     3	4.4439401313e-09	1.06530628994e-09	5.50924642124e-09
     4	8.0297211705e-09	1.92966027709e-09	9.9593814476e-09
     5	6.75660183248e-09	1.62196500417e-09	8.37856683665e-09
     6	5.93767580648e-09	1.42412654412e-09	7.3618023506e-09
     7	1.14846598322e-08	2.7602676663e-09	1.42449274985e-08
     8	9.59137989992e-09	2.30308187752e-09	1.18944617774e-08
     9	8.37689126645e-09	2.00982685633e-09	1.03867181228e-08

Measurement: t_ro108
  step	t_ro108	FROM	TO
     1	5.92593855886e-09	1.43625347784e-09	7.3621920367e-09
     2	5.051577526e-09	1.22085669832e-09	6.27243422432e-09
     3	4.47999107646e-09	1.08155128999e-09	5.56154236645e-09
     4	8.1951796865e-09	1.99094383795e-09	1.01861235245e-08
     5	6.85643445556e-09	1.65966683341e-09	8.51610128896e-09
     6	6.00511424916e-09	1.45132450156e-09	7.45643875072e-09
     7	1.17435399429e-08	2.85556228434e-09	1.45991022272e-08
     8	9.74637161739e-09	2.36165446982e-09	1.21080260872e-08
     9	8.48079593578e-09	2.05198300443e-09	1.05327789402e-08

Measurement: t_ro109
  step	t_ro109	FROM	TO
     1	6.08000510627e-09	1.45621095538e-09	7.53621606166e-09
     2	5.16035446868e-09	1.23476231949e-09	6.39511678818e-09
     3	4.56868051813e-09	1.09226904986e-09	5.66094956799e-09
     4	8.44518383462e-09	2.02298070366e-09	1.04681645383e-08
     5	7.04088487496e-09	1.6852277507e-09	8.72611262565e-09
     6	6.14692400315e-09	1.46975114696e-09	7.61667515011e-09
     7	1.21699093036e-08	2.91468226373e-09	1.50845915673e-08
     8	1.00707260514e-08	2.40951751206e-09	1.24802435635e-08
     9	8.73507651428e-09	2.08837977845e-09	1.08234562927e-08

Measurement: t_ro110
  step	t_ro110	FROM	TO
     1	5.91997369776e-09	1.41475270504e-09	7.3347264028e-09
     2	5.04698325915e-09	1.20537789837e-09	6.25236115752e-09
     3	4.48409685095e-09	1.07017914036e-09	5.55427599131e-09
     4	8.13945718734e-09	1.94715466042e-09	1.00866118478e-08
     5	6.83423471842e-09	1.6322668212e-09	8.46650153961e-09
     6	5.99570255794e-09	1.4309572396e-09	7.42665979755e-09
     7	1.16439429546e-08	2.78446909508e-09	1.44284120497e-08
     8	9.70374973248e-09	2.31719435763e-09	1.20209440901e-08
     9	8.46123256495e-09	2.0190786945e-09	1.04803112595e-08

Measurement: t_ro111
  step	t_ro111	FROM	TO
     1	6.08919887593e-09	1.45417942876e-09	7.54337830468e-09
     2	5.15744089878e-09	1.23049910465e-09	6.38794000343e-09
     3	4.56424233831e-09	1.08874760747e-09	5.65298994578e-09
     4	8.50641250701e-09	2.03007687665e-09	1.05364893837e-08
     5	7.06507936204e-09	1.68515957174e-09	8.75023893378e-09
     6	6.15695563691e-09	1.46808901259e-09	7.6250446495e-09
     7	1.22871474776e-08	2.93049531275e-09	1.52176427903e-08
     8	1.01197475669e-08	2.41247304149e-09	1.25322206084e-08
     9	8.75874316656e-09	2.0874980206e-09	1.08462411872e-08

Measurement: t_ro112
  step	t_ro112	FROM	TO
     1	5.74134623146e-09	1.37191081669e-09	7.11325704815e-09
     2	4.92780981135e-09	1.17636024546e-09	6.10417005681e-09
     3	4.39992810795e-09	1.04940965108e-09	5.44933775903e-09
     4	7.86355070815e-09	1.87891524191e-09	9.74246595006e-09
     5	6.63776306902e-09	1.58436473294e-09	8.22212780196e-09
     6	5.84710108404e-09	1.3949100328e-09	7.24201111685e-09
     7	1.11949310432e-08	2.67410083722e-09	1.38690318804e-08
     8	9.38003467387e-09	2.23835225053e-09	1.16183869244e-08
     9	8.21264171478e-09	1.9586395539e-09	1.01712812687e-08

Measurement: t_ro113
  step	t_ro113	FROM	TO
     1	5.9411685449e-09	1.42693700356e-09	7.36810554845e-09
     2	5.07797191579e-09	1.21815569485e-09	6.29612761064e-09
     3	4.50827956127e-09	1.08077587749e-09	5.58905543876e-09
     4	8.20470935816e-09	1.97099754179e-09	1.01757068999e-08
     5	6.88663766806e-09	1.65266424937e-09	8.53930191743e-09
     6	6.03791641576e-09	1.44803739344e-09	7.4859538092e-09
     7	1.17621242096e-08	2.82588185512e-09	1.45880060647e-08
     8	9.8018942143e-09	2.35257720275e-09	1.21544714171e-08
     9	8.54126795286e-09	2.04885396243e-09	1.05901219153e-08

Measurement: t_ro114
  step	t_ro114	FROM	TO
     1	6.10361592484e-09	1.47142513512e-09	7.57504105996e-09
     2	5.16362961957e-09	1.24485879916e-09	6.40848841872e-09
     3	4.56588932037e-09	1.10031256307e-09	5.66620188344e-09
     4	8.51449364443e-09	2.05578434794e-09	1.05702779924e-08
     5	7.06412251263e-09	1.70518496762e-09	8.76930748026e-09
     6	6.1540123772e-09	1.48488558404e-09	7.63889796124e-09
     7	1.22880820464e-08	2.97024107899e-09	1.52583231254e-08
     8	1.01122527101e-08	2.44313579123e-09	1.25553885014e-08
     9	8.75078875478e-09	2.11330488247e-09	1.08640936373e-08

Measurement: t_ro115
  step	t_ro115	FROM	TO
     1	5.74598967513e-09	1.3792652986e-09	7.12525497373e-09
     2	4.94207259926e-09	1.18482343486e-09	6.12689603412e-09
     3	4.40286229965e-09	1.05462058323e-09	5.45748288288e-09
     4	7.84424767732e-09	1.88340078854e-09	9.72764846586e-09
     5	6.62670325341e-09	1.58922108089e-09	8.2159243343e-09
     6	5.83944046451e-09	1.39920875045e-09	7.23864921496e-09
     7	1.11549661708e-08	2.67846750311e-09	1.38334336739e-08
     8	9.35561412961e-09	2.24397681176e-09	1.15995909414e-08
     9	8.19577801776e-09	1.96433125572e-09	1.01601092735e-08

Measurement: t_ro116
  step	t_ro116	FROM	TO
     1	5.91364074234e-09	1.41908782661e-09	7.33272856895e-09
     2	5.03948861157e-09	1.20805193747e-09	6.24754054905e-09
     3	4.4799959062e-09	1.07289054079e-09	5.55288644699e-09
     4	8.16803176505e-09	1.96210267758e-09	1.01301344426e-08
     5	6.83926306837e-09	1.64102479639e-09	8.48028786476e-09
     6	5.99319557492e-09	1.43747833111e-09	7.43067390603e-09
     7	1.17106569055e-08	2.66812421217e-09	1.43787811177e-08
     8	9.72685603322e-09	2.33509165166e-09	1.20619476849e-08
     9	8.46885087754e-09	2.03245461725e-09	1.05013054948e-08

Measurement: t_ro117
  step	t_ro117	FROM	TO
     1	5.86931341193e-09	1.4099375319e-09	7.27925094383e-09
     2	5.02384276344e-09	1.20510929806e-09	6.22895206151e-09
     3	4.48000178666e-09	1.07253170728e-09	5.55253349394e-09
     4	8.04117033307e-09	1.93271951243e-09	9.9738898455e-09
     5	6.77492234722e-09	1.62576293194e-09	8.40068527916e-09
     6	5.95542996747e-09	1.42768500513e-09	7.3831149726e-09
     7	1.14674575625e-08	2.75680132852e-09	1.4224258891e-08
     8	9.59442692945e-09	2.30304295183e-09	1.18974698813e-08
     9	8.38523416643e-09	2.01102583344e-09	1.03962599999e-08

Measurement: t_ro118
  step	t_ro118	FROM	TO
     1	6.37383017857e-09	1.52833709305e-09	7.90216727161e-09
     2	5.33831270324e-09	1.27812997946e-09	6.6164426827e-09
     3	4.68809478256e-09	1.12126809709e-09	5.80936287964e-09
     4	9.04043070203e-09	2.16774372263e-09	1.12081744247e-08
     5	7.41365131868e-09	1.77517916914e-09	9.18883048782e-09
     6	6.40745440133e-09	1.53261082738e-09	7.94006522871e-09
     7	1.32039866107e-08	3.16544782769e-09	1.63694344384e-08
     8	1.07340101122e-08	2.56998810875e-09	1.33039982209e-08
     9	9.21052003501e-09	2.20299975574e-09	1.14135197908e-08

Measurement: t_ro119
  step	t_ro119	FROM	TO
     1	6.32235368343e-09	1.51138567425e-09	7.83373935767e-09
     2	5.31268006063e-09	1.2681853608e-09	6.58086542143e-09
     3	4.67350471452e-09	1.11484389024e-09	5.78834860476e-09
     4	8.87406559567e-09	2.12007033459e-09	1.09941359303e-08
     5	7.30951571087e-09	1.74436331812e-09	9.05387902899e-09
     6	6.3348347268e-09	1.51070201922e-09	7.84553674603e-09
     7	1.28815053901e-08	3.07539617609e-09	1.59569015662e-08
     8	1.05202700914e-08	2.5094232237e-09	1.30296933151e-08
     9	9.05474429025e-09	2.15840217107e-09	1.12131464613e-08

Measurement: t_ro120
  step	t_ro120	FROM	TO
     1	6.18347974669e-09	1.48634037758e-09	7.66982012427e-09
     2	5.22695539944e-09	1.25497501959e-09	6.48193041902e-09
     3	4.62618690504e-09	1.10983514324e-09	5.73602204827e-09
     4	8.63675765083e-09	2.07678453888e-09	1.07135421897e-08
     5	7.16611991584e-09	1.72137389899e-09	8.88749381483e-09
     6	6.2398676985e-09	1.49744532329e-09	7.73731302179e-09
     7	1.24885547423e-08	3.00398125335e-09	1.54925359957e-08
     8	1.02811916806e-08	2.47046199267e-09	1.27516536733e-08
     9	8.89080851764e-09	2.13522161083e-09	1.10260301285e-08

Measurement: t_ro121
  step	t_ro121	FROM	TO
     1	6.32352394372e-09	1.51876215911e-09	7.84228610284e-09
     2	5.31925678423e-09	1.27549085295e-09	6.59474763718e-09
     3	4.68310430404e-09	1.12122070732e-09	5.80432501137e-09
     4	8.84569875713e-09	2.12506157817e-09	1.09707603353e-08
     5	7.30360308741e-09	1.75202502323e-09	9.05562811064e-09
     6	6.33535408733e-09	1.51773014519e-09	7.85308423252e-09
     7	1.28121938319e-08	3.07771114565e-09	1.58899049775e-08
     8	1.04950933993e-08	2.51778078609e-09	1.30128741854e-08
     9	9.0445064389e-09	2.16727185507e-09	1.1211778294e-08

Measurement: t_ro122
  step	t_ro122	FROM	TO
     1	6.23992380793e-09	1.49414842131e-09	7.73407222924e-09
     2	5.25186311536e-09	1.25841426288e-09	6.51027737824e-09
     3	4.64000140614e-09	1.11156831435e-09	5.75156972049e-09
     4	8.74280257374e-09	2.09492680407e-09	1.08377293778e-08
     5	7.22429687326e-09	1.73064387704e-09	8.9549407503e-09
     6	6.27458852047e-09	1.50261793239e-09	7.77720645285e-09
     7	1.26717171231e-08	3.03504284633e-09	1.57067599694e-08
     8	1.03863998399e-08	2.487095163e-09	1.28734950029e-08
     9	8.96036590707e-09	2.14530713289e-09	1.110567304e-08

Measurement: t_ro123
  step	t_ro123	FROM	TO
     1	6.15851703982e-09	1.48838546845e-09	7.64690250828e-09
     2	5.21431945075e-09	1.25797586035e-09	6.47229531109e-09
     3	4.60934136807e-09	1.11136687835e-09	5.72070824642e-09
     4	8.59121858474e-09	2.07938590011e-09	1.06706044849e-08
     5	7.1426575162e-09	1.72550772707e-09	8.86816524327e-09
     6	6.22323378302e-09	1.50192094574e-09	7.72515472876e-09
     7	1.24105955705e-08	3.00588437535e-09	1.54164799458e-08
     8	1.02376917438e-08	2.47502813351e-09	1.27127198773e-08
     9	8.86173889938e-09	2.14033136339e-09	1.10020702628e-08

Measurement: t_ro124
  step	t_ro124	FROM	TO
     1	6.13911896219e-09	1.47582746827e-09	7.61494643046e-09
     2	5.18870544804e-09	1.24609415885e-09	6.43479960689e-09
     3	4.5873095839e-09	1.10107303973e-09	5.68838262363e-09
     4	8.5113508753e-09	2.04734560489e-09	1.05586964802e-08
     5	7.06323296746e-09	1.69743633355e-09	8.76066930101e-09
     6	6.15421199262e-09	1.47837568372e-09	7.63258767634e-09
     7	1.22454442616e-08	2.94681099059e-09	1.51922552522e-08
     8	1.0080533884e-08	2.42397451885e-09	1.25045084028e-08
     9	8.72767864921e-09	2.09788272146e-09	1.08255613707e-08

Measurement: t_ro125
  step	t_ro125	FROM	TO
     1	6.13011591458e-09	1.46779415622e-09	7.5979100708e-09
     2	5.18621535957e-09	1.23977731539e-09	6.42599267495e-09
     3	4.5857155572e-09	1.09536597729e-09	5.68108153449e-09
     4	8.52639927011e-09	2.04159194908e-09	1.05679912192e-08
     5	7.08268312537e-09	1.69331963105e-09	8.77600275642e-09
     6	6.17140624351e-09	1.47403456964e-09	7.64544081315e-09
     7	1.2288220116e-08	2.94161255144e-09	1.52298326675e-08
     8	1.01264900353e-08	2.42070054588e-09	1.25471905812e-08
     9	8.76594640916e-09	2.09352757394e-09	1.08594739831e-08

Measurement: t_ro126
  step	t_ro126	FROM	TO
     1	6.1547407321e-09	1.48281335473e-09	7.63755408683e-09
     2	5.202260253e-09	1.24981567624e-09	6.45207592924e-09
     3	4.60264935496e-09	1.10393947978e-09	5.70658883474e-09
     4	8.58389695712e-09	2.07091986771e-09	1.06548168248e-08
     5	7.12909822857e-09	1.71533821398e-09	8.84443644255e-09
     6	6.20990168668e-09	1.49177312141e-09	7.70167480808e-09
     7	1.23976635987e-08	2.99386636899e-09	1.53915299677e-08
     8	1.02139456353e-08	2.46034920188e-09	1.26742948371e-08
     9	8.83860602921e-09	2.12578249947e-09	1.09643885287e-08

Measurement: t_ro127
  step	t_ro127	FROM	TO
     1	6.4772307384e-09	1.55778478466e-09	8.03501552305e-09
     2	5.43012766921e-09	1.30304525239e-09	6.73317292161e-09
     3	4.76825863096e-09	1.14255146746e-09	5.91081009842e-09
     4	9.17599397887e-09	2.20784515881e-09	1.13838391377e-08
     5	7.53799724134e-09	1.80984812887e-09	9.34784537021e-09
     6	6.51331133805e-09	1.56168500131e-09	8.07499633937e-09
     7	1.34075140547e-08	3.22599660194e-09	1.66335106566e-08
     8	1.09235567054e-08	2.62310865289e-09	1.35466653583e-08
     9	9.37308151724e-09	2.24786641049e-09	1.16209479277e-08

Measurement: freq_ro0
  step	{80/t_ro0}
     1	14066450292.9
     2	16352384874.1
     3	18292596305.2
     4	10291302570.3
     5	12153951402
     6	13772239379.9
     7	7236478138.18
     8	8607063977.1
     9	9810658894.37

Measurement: freq_ro1
  step	{80/t_ro1}
     1	14303782043.9
     2	16624455150.9
     3	18518437266.1
     4	10515759986.2
     5	12379712259.6
     6	13990191460.7
     7	7425931342.4
     8	8804115855.18
     9	10007905679.9

Measurement: freq_ro2
  step	{80/t_ro2}
     1	14285684380.9
     2	16534424979.2
     3	18464428827.3
     4	10469416675.6
     5	12337023112.1
     6	13951589434.3
     7	7388046270
     8	8769313185.79
     9	9974983899.61

Measurement: freq_ro3
  step	{80/t_ro3}
     1	12423810742.6
     2	14820805866.3
     3	16904218273.9
     4	8790803817.47
     5	10711732868.2
     6	12397816500.9
     7	6029315111.28
     8	7409858838.78
     9	8636625925.73

Measurement: freq_ro4
  step	{80/t_ro4}
     1	13513515258
     2	15886740845.8
     3	17868810777.4
     4	9835035243.42
     5	11725311851
     6	13372390663.2
     7	6869439710.64
     8	8250701622.22
     9	9467831420.26

Measurement: freq_ro5
  step	{80/t_ro5}
     1	13407732073.9
     2	15733919507.9
     3	17746693305.3
     4	9673844020.53
     5	11566997984.3
     6	13217093174.3
     7	6730764133.76
     8	8111150549.08
     9	9327819998.99

Measurement: freq_ro6
  step	{80/t_ro6}
     1	13846914330.8
     2	16129031701.3
     3	18074174242.1
     4	10126951651.8
     5	11985699233.6
     6	13604313513.8
     7	7117072690.24
     8	8483822049.54
     9	9686237179.97

Measurement: freq_ro7
  step	{80/t_ro7}
     1	12820522936.5
     2	15202122408.5
     3	17241382564.9
     4	9200436170.06
     5	11111111060.6
     6	12783647097
     7	6367695207.77
     8	7752737597.17
     9	8977367126.8

Measurement: freq_ro8
  step	{80/t_ro8}
     1	13434134284.2
     2	15770309306.5
     3	17785339854.6
     4	9721294694.85
     5	11623076042.8
     6	13271408451.5
     7	6785655575.43
     8	8174169263.94
     9	9392797193.93

Measurement: freq_ro9
  step	{80/t_ro9}
     1	12326386931.1
     2	14733648069.7
     3	16794528252.6
     4	8701026863.43
     5	10621931205.7
     6	12308175769.6
     7	5955727162.31
     8	7332121351.5
     9	8556918216.3

Measurement: freq_ro10
  step	{80/t_ro10}
     1	13157887596
     2	15527706270.2
     3	17515248596.9
     4	9517747680.47
     5	11396212807.2
     6	13041907831.2
     7	6618284044.27
     8	7982968998.77
     9	9191760275.95

Measurement: freq_ro11
  step	{80/t_ro11}
     1	12961056886.1
     2	15314325850.3
     3	17337876678.7
     4	9311879963.18
     5	11204104237.2
     6	12863645277.3
     7	6453377147.13
     8	7824533509.85
     9	9040963813.66

Measurement: freq_ro12
  step	{80/t_ro12}
     1	13897123323.6
     2	16194227969.3
     3	18146049156.8
     4	10179287993
     5	12052018998.3
     6	13679243600.3
     7	7157145111.35
     8	8536410689.24
     9	9746649746.44

Measurement: freq_ro13
  step	{80/t_ro13}
     1	13021780870.7
     2	15368793426.1
     3	17387484735.5
     4	9356284942.8
     5	11247885709.2
     6	12903187240.2
     7	6487020342.92
     8	7859628108.25
     9	9074557980.58

Measurement: freq_ro14
  step	{80/t_ro14}
     1	12536914015.8
     2	14956657909.7
     3	17014677659.4
     4	8889355284.54
     5	10810524855.3
     6	12493143589.2
     7	6105613106.54
     8	7486935826.39
     9	8712277748.91

Measurement: freq_ro15
  step	{80/t_ro15}
     1	12669350366.6
     2	15041990335.4
     3	17073462398.1
     4	9066070838.22
     5	10958035858
     6	12621334275.4
     7	6261168714.83
     8	7627634081.16
     9	8842452139.14

Measurement: freq_ro16
  step	{80/t_ro16}
     1	13213161366.7
     2	15602745988.1
     3	17613933105.5
     4	9509701902.49
     5	11420155066
     6	13082395594.8
     7	6599867927.01
     8	7988386057.1
     9	9210929582.33

Measurement: freq_ro17
  step	{80/t_ro17}
     1	13084823269.7
     2	15430086426.4
     3	17434731116.4
     4	9400228976.83
     5	11285481449.5
     6	12937522936.3
     7	6518010643.82
     8	7885093180.56
     9	9096726906.53

Measurement: freq_ro18
  step	{80/t_ro18}
     1	12905612472.2
     2	15322766502.5
     3	17373468526.5
     4	9219782093.54
     5	11173477521.2
     6	12865486155.2
     7	6374063871.1
     8	7792046498.48
     9	9035776107.52

Measurement: freq_ro19
  step	{80/t_ro19}
     1	14517529438
     2	16731438883.7
     3	18649284221
     4	10743472922.8
     5	12585759209.3
     6	14180695202.2
     7	7625117844.18
     8	8992010772.2
     9	10186345700.3

Measurement: freq_ro20
  step	{80/t_ro20}
     1	12589104151.5
     2	14989711506.5
     3	17054115327.1
     4	8938771999.15
     5	10857805628.2
     6	12539703024.7
     7	6142561757.53
     8	7523806004.52
     9	8750701927.76

Measurement: freq_ro21
  step	{80/t_ro21}
     1	13845400542.9
     2	16129032203.7
     3	18062483803.6
     4	10114765568.8
     5	11969397655.6
     6	13586586375.9
     7	7102732127.05
     8	8464275691.26
     9	9664133743.56

Measurement: freq_ro22
  step	{80/t_ro22}
     1	13299158458.3
     2	15624996160.3
     3	17637540768.8
     4	9604205445.35
     5	11495661193.4
     6	13152186372.8
     7	6681765208.78
     8	8061146815.16
     9	9279102773.53

Measurement: freq_ro23
  step	{80/t_ro23}
     1	12690101229.5
     2	15100457823.1
     3	17160572577.3
     4	9016072773.21
     5	10946521880.3
     6	12632313170
     7	6206144043.85
     8	7598832792.82
     9	8830575110.03

Measurement: freq_ro24
  step	{80/t_ro24}
     1	13375511767.7
     2	15694561485.9
     3	17695941434.3
     4	9659600608.81
     5	11542275676.2
     6	13185112318.2
     7	6724129963.76
     8	8095322199.14
     9	9305726911.03

Measurement: freq_ro25
  step	{80/t_ro25}
     1	12820512992
     2	15151515918.3
     3	17217067056.5
     4	9148782403.7
     5	11043128937.4
     6	12703983165.1
     7	6315941622.59
     8	7685006293.07
     9	8899530627.97

Measurement: freq_ro26
  step	{80/t_ro26}
     1	13005724608.3
     2	15401832987.1
     3	17437123619.1
     4	9259540696.95
     5	11194380475.7
     6	12875490697.5
     7	6388809495.11
     8	7789099471.18
     9	9022188600.71

Measurement: freq_ro27
  step	{80/t_ro27}
     1	13168650840.8
     2	15546663787.5
     3	17562211750.6
     4	9456965998.37
     5	11365110822
     6	13031576364.6
     7	6554349083.8
     8	7940238716.95
     9	9164445367.81

Measurement: freq_ro28
  step	{80/t_ro28}
     1	13127102464.7
     2	15529109555
     3	17544200327.9
     4	9408057164.84
     5	11335620388.2
     6	13014245744.6
     7	6512791359.62
     8	7912586591.43
     9	9146677731.07

Measurement: freq_ro29
  step	{80/t_ro29}
     1	13017741183.3
     2	15371444869.3
     3	17395099313.2
     4	9364441905.5
     5	11268261976.1
     6	12930144606.5
     7	6496149095.27
     8	7878571990.57
     9	9098878872.18

Measurement: freq_ro30
  step	{80/t_ro30}
     1	13755393368.1
     2	16076367269.1
     3	18034944176.1
     4	10000100161
     5	11885183155.4
     6	13513485519.7
     7	7006234368.45
     8	8384975633.96
     9	9595777277.19

Measurement: freq_ro31
  step	{80/t_ro31}
     1	13628538703.9
     2	15954062290.1
     3	17927140515.3
     4	9889891392.94
     5	11774995821.9
     6	13414619355.6
     7	6908479457.59
     8	8287629449.61
     9	9500314712.97

Measurement: freq_ro32
  step	{80/t_ro32}
     1	13613835760.3
     2	15985746527.9
     3	17961517879.8
     4	9839079724.58
     5	11754319922.8
     6	13409960972
     7	6866127890.86
     8	8268802389.54
     9	9494845622.07

Measurement: freq_ro33
  step	{80/t_ro33}
     1	13301926305.5
     2	15624987233.5
     3	17620908102.1
     4	9612489929.62
     5	11484029813.6
     6	13126361620.5
     7	6686675897.34
     8	8048615210
     9	9256013314.84

Measurement: freq_ro34
  step	{80/t_ro34}
     1	13531436288.4
     2	15889665340.2
     3	17857153731.5
     4	9796371136.04
     5	11707876834
     6	13364251874.5
     7	6830982523.13
     8	8231859896.29
     9	9458006367.36

Measurement: freq_ro35
  step	{80/t_ro35}
     1	13499064452.8
     2	15834708430.8
     3	17857140403.1
     4	9758904366.86
     5	11665259409.5
     6	13315821278.8
     7	6805733061.29
     8	8200528395.33
     9	9420412119.67

Measurement: freq_ro36
  step	{80/t_ro36}
     1	13888867115.3
     2	16148018301.9
     3	18104584057.6
     4	10195834099
     5	12044885989.5
     6	13660953572.3
     7	7175169262.96
     8	8533778941.49
     9	9733221367.53

Measurement: freq_ro37
  step	{80/t_ro37}
     1	13555632337.4
     2	15876555147.1
     3	17857168401.6
     4	9853830245.95
     5	11730674116.7
     6	13367359413
     7	6890905790.22
     8	8263191252.81
     9	9472517966.83

Measurement: freq_ro38
  step	{80/t_ro38}
     1	14052403349.2
     2	16326125699.7
     3	18265895682
     4	10326478287
     5	12184036536.6
     6	13800593433.9
     7	7278416995.09
     8	8647059195.59
     9	9850450907.53

Measurement: freq_ro39
  step	{80/t_ro39}
     1	13513513304.4
     2	15791026614.8
     3	17776785991.8
     4	9797088504.39
     5	11666872758.1
     6	13302085871.1
     7	6845989979.35
     8	8212502547.12
     9	9420273265.15

Measurement: freq_ro40
  step	{80/t_ro40}
     1	14140951552
     2	16404306465.5
     3	18337879608.8
     4	10418693134.4
     5	12284442886.9
     6	13888836145
     7	7366286710.8
     8	8748467445.56
     9	9955848529.29

Measurement: freq_ro41
  step	{80/t_ro41}
     1	13081605554.5
     2	15426453770.5
     3	17434671394.5
     4	9400649754.47
     5	11288436331.6
     6	12943585756.1
     7	6514563161.41
     8	7883509844.7
     9	9097410233.46

Measurement: freq_ro42
  step	{80/t_ro42}
     1	13426257179
     2	15735419606.6
     3	17748927741.3
     4	9753524986.82
     5	11638619635.7
     6	13284210359.8
     7	6811697653.68
     8	8188698039.99
     9	9403234300.41

Measurement: freq_ro43
  step	{80/t_ro43}
     1	13758003292.9
     2	16096599124.9
     3	18023265321.8
     4	10003990751.4
     5	11881310414
     6	13511648886.1
     7	7009529789.9
     8	8385553836.54
     9	9594741137.33

Measurement: freq_ro44
  step	{80/t_ro44}
     1	12991179907.3
     2	15350407096.5
     3	17365432726.5
     4	9298778276.59
     5	11190862251.8
     6	12848682099.9
     7	6429177951.23
     8	7800219857.14
     9	9015483585.11

Measurement: freq_ro45
  step	{80/t_ro45}
     1	13574963048.2
     2	15929230203.8
     3	17917618368.4
     4	9841183234.5
     5	11766590342.2
     6	13426782706.6
     7	6877973841.7
     8	8293929638.45
     9	9527901523.29

Measurement: freq_ro46
  step	{80/t_ro46}
     1	13157902792.8
     2	15519991101.6
     3	17532792156.9
     4	9434049547.98
     5	11333254959
     6	12994171860
     7	6533041481.67
     8	7912077939.08
     9	9131694812.49

Measurement: freq_ro47
  step	{80/t_ro47}
     1	13888882747.6
     2	16155991899.4
     3	18115856643.4
     4	10173775707.6
     5	12033666821.2
     6	13652413091.4
     7	7155574488.92
     8	8524083719.72
     9	9727292552.01

Measurement: freq_ro48
  step	{80/t_ro48}
     1	12820504075.5
     2	15200457865.4
     3	17241383628.8
     4	9168484379.93
     5	11069120365.4
     6	12733947189.8
     7	6330999776.19
     8	7705371760.28
     9	8924172714.11

Measurement: freq_ro49
  step	{80/t_ro49}
     1	13605414239.2
     2	15935050944.2
     3	17918536920.5
     4	9852435546.89
     5	11749150849.2
     6	13394205273.3
     7	6884260208.6
     8	8274145248.29
     9	9493249817.79

Measurement: freq_ro50
  step	{80/t_ro50}
     1	12851631352.5
     2	15176991240.3
     3	17241382285.6
     4	9199484816.26
     5	11088486385.4
     6	12745910272.7
     7	6359626880.97
     8	7726498650.07
     9	8939870326.38

Measurement: freq_ro51
  step	{80/t_ro51}
     1	13627458849.1
     2	15936298635.6
     3	17891887755
     4	9922842128.71
     5	11796238339.9
     6	13430645709.7
     7	6948341107.12
     8	8320068601.38
     9	9529537941.94

Measurement: freq_ro52
  step	{80/t_ro52}
     1	13020121792.6
     2	15424148963.2
     3	17444369665.2
     4	9349193988.12
     5	11275762161.2
     6	12949755743.5
     7	6487679030.25
     8	7888104919.13
     9	9119135183.79

Measurement: freq_ro53
  step	{80/t_ro53}
     1	13399323872.3
     2	15710438610.1
     3	17717029377.8
     4	9677892550.82
     5	11559627022.8
     6	13201732491.9
     7	6743838168.44
     8	8115394160.26
     9	9326074253.08

Measurement: freq_ro54
  step	{80/t_ro54}
     1	12744100908.7
     2	15151514956.5
     3	17183701210.9
     4	9067143944.82
     5	10976506835.7
     6	12648599594.7
     7	6245129545.06
     8	7622965630.31
     9	8844156471.03

Measurement: freq_ro55
  step	{80/t_ro55}
     1	13289195150.7
     2	15624974346.3
     3	17600814331.1
     4	9602601231.73
     5	11473970948.2
     6	13114239279.4
     7	6685766126.14
     8	8048166499.37
     9	9254864167.33

Measurement: freq_ro56
  step	{80/t_ro56}
     1	13235082963.3
     2	15593652584.3
     3	17590391168.6
     4	9539647434.06
     5	11428913593.6
     6	13080797944.7
     7	6627409457.34
     8	8002049335.98
     9	9217540200.88

Measurement: freq_ro57
  step	{80/t_ro57}
     1	12748959187.2
     2	15139409457.6
     3	17153516675.7
     4	9145626927.25
     5	11048898750.1
     6	12718088499.3
     7	6329815653.97
     8	7707916644.01
     9	8928730297.98

Measurement: freq_ro58
  step	{80/t_ro58}
     1	13426538482.9
     2	15769145210.6
     3	17792669668.8
     4	9712073287.32
     5	11627849506.6
     6	13273223145.7
     7	6769820740.5
     8	8161550146.2
     9	9383649936.3

Measurement: freq_ro59
  step	{80/t_ro59}
     1	13637265936.8
     2	15957798402.3
     3	17921398901.5
     4	9902127623.54
     5	11782773433.3
     6	13420698378.9
     7	6922464053.67
     8	8300189473.64
     9	9512386670.98

Measurement: freq_ro60
  step	{80/t_ro60}
     1	13627383555.7
     2	16002629656.2
     3	17984434115.7
     4	9841428477.37
     5	11766639115.9
     6	13427561007.9
     7	6867485802.47
     8	8277997404.7
     9	9509275405.24

Measurement: freq_ro61
  step	{80/t_ro61}
     1	12785166931.7
     2	15151515720.9
     3	17196256109.9
     4	9131665006.87
     5	11033675667.3
     6	12700135726.6
     7	6306322822.96
     8	7682668605.13
     9	8902589478.61

Measurement: freq_ro62
  step	{80/t_ro62}
     1	13931418648.8
     2	16207886130.9
     3	18162683014.4
     4	10209125696.8
     5	12072786570.9
     6	13690970034.1
     7	7185734957.01
     8	8554150725.72
     9	9756013269.66

Measurement: freq_ro63
  step	{80/t_ro63}
     1	13032420492.4
     2	15515789420.4
     3	17537940454.9
     4	9338236389.16
     5	11332619518.1
     6	13039677447.6
     7	6474483215.37
     8	7928931422.3
     9	9188971116.49

Measurement: freq_ro64
  step	{80/t_ro64}
     1	12748741432.8
     2	15151515140.2
     3	17164555263.3
     4	9124942701.58
     5	11038107141.6
     6	12712128194.6
     7	6312549491.06
     8	7696422430.31
     9	8921635752.95

Measurement: freq_ro65
  step	{80/t_ro65}
     1	12914520516.9
     2	15320408284.7
     3	17352399799
     4	9206964694.99
     5	11143471252.6
     6	12820662517.2
     7	6354351090.49
     8	7757608465.92
     9	8991783503.02

Measurement: freq_ro66
  step	{80/t_ro66}
     1	12899269227.8
     2	15258747988.6
     3	17291584485.1
     4	9243604205.11
     5	11147012411
     6	12820246455.1
     7	6397378572.36
     8	7777855527.65
     9	8999209406.4

Measurement: freq_ro67
  step	{80/t_ro67}
     1	13267451619.6
     2	15631663935.1
     3	17650094438.6
     4	9562673120.59
     5	11473253859.2
     6	13135310516.6
     7	6644798026.46
     8	8036029179.75
     9	9258223699.17

Measurement: freq_ro68
  step	{80/t_ro68}
     1	13567502877.3
     2	15899252420.9
     3	17857100155.2
     4	9872274764.8
     5	11751528978.7
     6	13388487650
     7	6906327557.9
     8	8282038218.34
     9	9493250887.41

Measurement: freq_ro69
  step	{80/t_ro69}
     1	13559070410
     2	15853587611.6
     3	17834348493.4
     4	9876071324.71
     5	11740630365.2
     6	13370539631.7
     7	6913853572.46
     8	8278605404.09
     9	9483678202.45

Measurement: freq_ro70
  step	{80/t_ro70}
     1	13308430706.3
     2	15625047619.1
     3	17701997461.1
     4	9569254342.19
     5	11487535201.4
     6	13152887168.9
     7	6644619343.2
     8	8042949803.88
     9	9270988257.82

Measurement: freq_ro71
  step	{80/t_ro71}
     1	12820513160.5
     2	15151516033
     3	17209324947.6
     4	9185923721.82
     5	11068357594.5
     6	12722403992.2
     7	6349281276.7
     8	7708858220.24
     9	8918455274.25

Measurement: freq_ro72
  step	{80/t_ro72}
     1	13404433239.3
     2	15725548233.2
     3	17714320889.6
     4	9681136050.97
     5	11559242013
     6	13200168262.9
     7	6740927849.07
     8	8108588194.48
     9	9317505647.27

Measurement: freq_ro73
  step	{80/t_ro73}
     1	13971303331.6
     2	16259699005.3
     3	18210214193.2
     4	10238404735.6
     5	12108585024.9
     6	13731910306.5
     7	7204643109.65
     8	8582998442.15
     9	9791631224.03

Measurement: freq_ro74
  step	{80/t_ro74}
     1	13198446135.9
     2	15576821123.1
     3	17576637242.5
     4	9508337455.78
     5	11409798025.5
     6	13066823218.6
     7	6607951153.01
     8	7992855078.58
     9	9212921684.66

Measurement: freq_ro75
  step	{80/t_ro75}
     1	13526791317.7
     2	15884175498.9
     3	17857161528.3
     4	9831042405.98
     5	11732338357
     6	13380880463.6
     7	6863472168.56
     8	8256728646.38
     9	9476968068.45

Measurement: freq_ro76
  step	{80/t_ro76}
     1	13013832376.4
     2	15372053766.3
     3	17394682120.7
     4	9377712972.66
     5	11286047522.7
     6	12950777357.7
     7	6514484899.7
     8	7901089343.03
     9	9124115463.48

Measurement: freq_ro77
  step	{80/t_ro77}
     1	13157891466.6
     2	15479459856.1
     3	17474693184.7
     4	9484159407.62
     5	11363714327.8
     6	13008394548.2
     7	6594963380.97
     8	7958718181.03
     9	9168442305.98

Measurement: freq_ro78
  step	{80/t_ro78}
     1	12488564205.9
     2	14893361026.6
     3	16964913237
     4	8805317279.78
     5	10737966034.7
     6	12425551328
     7	6043824886.88
     8	7434594263.18
     9	8664694453.11

Measurement: freq_ro79
  step	{80/t_ro79}
     1	13298715052.4
     2	15624982297.2
     3	17627458650.2
     4	9599487631.65
     5	11478413479.4
     6	13121942294.1
     7	6679236607.39
     8	8047881938.6
     9	9259153414.07

Measurement: freq_ro80
  step	{80/t_ro80}
     1	13676814454.1
     2	15983492138.7
     3	17925062192.3
     4	9974862869.56
     5	11838792601.8
     6	13462649828.7
     7	6987598249.44
     8	8352268235.63
     9	9553567416.03

Measurement: freq_ro81
  step	{80/t_ro81}
     1	12750237720.9
     2	15151515034.2
     3	17188377726.6
     4	9074056456.65
     5	10989916266.7
     6	12665072415.5
     7	6254743510.57
     8	7637484970.66
     9	8861508446.08

Measurement: freq_ro82
  step	{80/t_ro82}
     1	14061990997.9
     2	16336861401.1
     3	18268292716
     4	10321839417.2
     5	12172362037.1
     6	13781856933.4
     7	7271624668.96
     8	8633557710.03
     9	9831254799.08

Measurement: freq_ro83
  step	{80/t_ro83}
     1	13036405043.4
     2	15387890404.3
     3	17404214325.9
     4	9348656296.79
     5	11239582837.5
     6	12895654616.2
     7	6471339209.89
     8	7841783764.63
     9	9056256873.98

Measurement: freq_ro84
  step	{80/t_ro84}
     1	13070866247
     2	15435875191.7
     3	17462112912.7
     4	9366768029.44
     5	11270646275.7
     6	12934561275.5
     7	6482160562.21
     8	7862139902.64
     9	9083459946.37

Measurement: freq_ro85
  step	{80/t_ro85}
     1	13100414572.8
     2	15442119154.7
     3	17451889058.9
     4	9407114080.23
     5	11292247434.9
     6	12945275862.9
     7	6517377823.59
     8	7884279430.78
     9	9096563341.87

Measurement: freq_ro86
  step	{80/t_ro86}
     1	12232445877.2
     2	14705870430.3
     3	16754756457.7
     4	8617980051.09
     5	10555293354.2
     6	12252074109.2
     7	5895431580.04
     8	7284022510.29
     9	8516250924.06

Measurement: freq_ro87
  step	{80/t_ro87}
     1	13513517743.2
     2	15857867531
     3	17857131840.5
     4	9817259680.14
     5	11696762645.7
     6	13334871765.4
     7	6856609298.77
     8	8230656843.66
     9	9441164503.02

Measurement: freq_ro88
  step	{80/t_ro88}
     1	12820513356.2
     2	15203258956.6
     3	17241208403.2
     4	9171695933.34
     5	11067998364.5
     6	12729004902.7
     7	6329457886.25
     8	7698344095.59
     9	8912375273.53

Measurement: freq_ro89
  step	{80/t_ro89}
     1	13573471153.2
     2	15892555954.1
     3	17857171014.1
     4	9846652672.28
     5	11719881876.1
     6	13353263843.2
     7	6877843055.09
     8	8247759196.76
     9	9455018868.29

Measurement: freq_ro90
  step	{80/t_ro90}
     1	13040775186.6
     2	15384315431.2
     3	17402698623.8
     4	9364172026.17
     5	11251703599.1
     6	12905748467.7
     7	6488115554.95
     8	7856048134.13
     9	9068858982.76

Measurement: freq_ro91
  step	{80/t_ro91}
     1	14021409746.1
     2	16282503676
     3	18225276261.3
     4	10313818315.8
     5	12159278294.7
     6	13767236647.7
     7	7270217235.65
     8	8627486419.46
     9	9823776073.89

Measurement: freq_ro92
  step	{80/t_ro92}
     1	13719571822
     2	16100939473.1
     3	18043931724
     4	9939745461.28
     5	11849432797.5
     6	13507582641.8
     7	6942575914.97
     8	8342892698.64
     9	9567777793.42

Measurement: freq_ro93
  step	{80/t_ro93}
     1	12667436681.2
     2	15051452036.1
     3	17078312407.6
     4	9040207700.76
     5	10944227885.5
     6	12612179619.3
     7	6238958336.99
     8	7613387421.56
     9	8831609366.82

Measurement: freq_ro94
  step	{80/t_ro94}
     1	13359244074.6
     2	15673208111.5
     3	17672835059.5
     4	9684078615.06
     5	11567015116.3
     6	13208340474.1
     7	6759846959.75
     8	8133769189.78
     9	9345045595.17

Measurement: freq_ro95
  step	{80/t_ro95}
     1	12974392260.5
     2	15359627199.3
     3	17384436075.6
     4	9282551732.53
     5	11208032209.6
     6	12886673033.1
     7	6417228213.29
     8	7815046552.7
     9	9048119239.6

Measurement: freq_ro96
  step	{80/t_ro96}
     1	12761445766
     2	15151507757.1
     3	17241365904.8
     4	9076422253.05
     5	11004858575.3
     6	12688695523
     7	6250470877.18
     8	7644560564.42
     9	8876556126.49

Measurement: freq_ro97
  step	{80/t_ro97}
     1	13474659104.6
     2	15787752490.2
     3	17771656677.9
     4	9745274149.44
     5	11622258347.6
     6	13259809998.3
     7	6793358783.97
     8	8161697312.37
     9	9369775618.97

Measurement: freq_ro98
  step	{80/t_ro98}
     1	12485977390.5
     2	14925455218.1
     3	17008990795.4
     4	8822382021.65
     5	10780156650.5
     6	12479570529.9
     7	6056865659.79
     8	7468272564.39
     9	8709949276.3

Measurement: freq_ro99
  step	{80/t_ro99}
     1	13823473761.9
     2	16129029261.7
     3	18060761779.4
     4	10083850473.1
     5	11948568501.8
     6	13571042532.3
     7	7071745597.05
     8	8441043609
     9	9644804908.43

Measurement: freq_ro100
  step	{80/t_ro100}
     1	13540877008.8
     2	15848105689.6
     3	17857161348.2
     4	9846023326.66
     5	11723217171
     6	13358833783.9
     7	6887009017.13
     8	8259830714.61
     9	9469148160.99

Measurement: freq_ro101
  step	{80/t_ro101}
     1	13299648327.7
     2	15625029433.3
     3	17649844055.6
     4	9578422795.86
     5	11468263646.7
     6	13119386972.6
     7	6655257492.65
     8	8030111749.17
     9	9245229753.97

Measurement: freq_ro102
  step	{80/t_ro102}
     1	13435963492.5
     2	15717340694.6
     3	17736910573.2
     4	9734152756.1
     5	11615627097.3
     6	13252274735.9
     7	6792947597.57
     8	8165108046.81
     9	9375096654.57

Measurement: freq_ro103
  step	{80/t_ro103}
     1	13447818344
     2	15772393407.6
     3	17755811205.8
     4	9756400154.76
     5	11627925465.1
     6	13276057325.2
     7	6814490953.37
     8	8186748987.97
     9	9396729680.45

Measurement: freq_ro104
  step	{80/t_ro104}
     1	12896866650.9
     2	15261123756.3
     3	17302321731.1
     4	9259255257.04
     5	11166080573.9
     6	12828696332.5
     7	6414130508.66
     8	7797007665.48
     9	9020886892.05

Measurement: freq_ro105
  step	{80/t_ro105}
     1	13583470217.1
     2	15912566011.8
     3	17892161165.7
     4	9890016517.8
     5	11775877151.3
     6	13413903299.9
     7	6916729722.9
     8	8297293068.15
     9	9508813018.05

Measurement: freq_ro106
  step	{80/t_ro106}
     1	13561670478.6
     2	15870382937.8
     3	17857208939.3
     4	9860781002.02
     5	11725975064.5
     6	13356343300
     7	6893094837.88
     8	8256888416.69
     9	9461649792.2

Measurement: freq_ro107
  step	{80/t_ro107}
     1	13728920050.9
     2	16058165231.3
     3	18002042700
     4	9962986049.12
     5	11840271483.1
     6	13473285273.1
     7	6965813630.46
     8	8340822784.08
     9	9550082179.11

Measurement: freq_ro108
  step	{80/t_ro108}
     1	13499971220.7
     2	15836637087.8
     3	17857178426.2
     4	9761835989
     5	11667872057.8
     6	13321978014.2
     7	6812255962.76
     8	8208182813.11
     9	9433076872.24

Measurement: freq_ro109
  step	{80/t_ro109}
     1	13157883686.2
     2	15502810995.9
     3	17510526219.2
     4	9472854773.39
     5	11362208219.7
     6	13014639510.6
     7	6573590484.89
     8	7943816522.41
     9	9158477303.46

Measurement: freq_ro110
  step	{80/t_ro110}
     1	13513573553.6
     2	15851053172.2
     3	17840827854.4
     4	9828665248.64
     5	11705772964.5
     6	13342890049.5
     7	6870524899.69
     8	8244235703.26
     9	9454887262.1

Measurement: freq_ro111
  step	{80/t_ro111}
     1	13138017271.2
     2	15511568929.2
     3	17527553111.8
     4	9404669704.66
     5	11323298140.1
     6	12993434534.5
     7	6510868380.65
     8	7905335530.43
     9	9133730545.44

Measurement: freq_ro112
  step	{80/t_ro112}
     1	13934014214.6
     2	16234392775.4
     3	18182115261.3
     4	10173521220.8
     5	12052253020.8
     6	13681993666.6
     7	7146091359.68
     8	8528753121.02
     9	9741080005.48

Measurement: freq_ro113
  step	{80/t_ro113}
     1	13465364497.8
     2	15754321080.7
     3	17745128471.5
     4	9750497733.4
     5	11616699448.4
     6	13249603752.6
     7	6801492534.39
     8	8161687756.56
     9	9366290864.72

Measurement: freq_ro114
  step	{80/t_ro114}
     1	13106984611.3
     2	15492977981.4
     3	17521230670.9
     4	9395743697.84
     5	11324831903.3
     6	12999648862.7
     7	6510373197.18
     8	7911194695.5
     9	9142033048.88

Measurement: freq_ro115
  step	{80/t_ro115}
     1	13922753872.4
     2	16187540428.3
     3	18169998186.5
     4	10198556100.1
     5	12072367954.4
     6	13699942740.4
     7	7171693645.22
     8	8551015346.69
     9	9761123327.96

Measurement: freq_ro116
  step	{80/t_ro116}
     1	13528045325.3
     2	15874626607.2
     3	17857159174.9
     4	9794281205.21
     5	11697166668.4
     6	13348471445.6
     7	6831384494.11
     8	8224651390.62
     9	9446381942.11

Measurement: freq_ro117
  step	{80/t_ro117}
     1	13630214368.4
     2	15924065255.8
     3	17857135735.6
     4	9948800570.86
     5	11808253423.4
     6	13433119092.5
     7	6976263008.98
     8	8338173878.26
     9	9540580312.03

Measurement: freq_ro118
  step	{80/t_ro118}
     1	12551322793.2
     2	14986008585
     3	17064501404.2
     4	8849135913.63
     5	10790904044.6
     6	12485457560.7
     7	6058776213.48
     8	7452946211.51
     9	8685720208.62

Measurement: freq_ro119
  step	{80/t_ro119}
     1	12653515447.8
     2	15058313146.5
     3	17117774536.8
     4	9015033654.81
     5	10944637533.4
     6	12628585188.1
     7	6210454258.05
     8	7604367502.43
     9	8835147347.69

Measurement: freq_ro120
  step	{80/t_ro120}
     1	12937699042.8
     2	15305276951.2
     3	17292859463.4
     4	9262735303.48
     5	11163642381
     6	12820784648.9
     7	6405865342.35
     8	7781199153.31
     9	8998056795.54

Measurement: freq_ro121
  step	{80/t_ro121}
     1	12651173730.3
     2	15039695063.6
     3	17082685929.3
     4	9043943525.15
     5	10953497752.1
     6	12627549920.2
     7	6244051647.2
     8	7622609628.73
     9	8845148216.81

Measurement: freq_ro122
  step	{80/t_ro122}
     1	12820669364.3
     2	15232689474.7
     3	17241374085.4
     4	9150383910.11
     5	11073742040.7
     6	12749840047.5
     7	6313272244.24
     8	7702380154.16
     9	8928206819.87

Measurement: freq_ro123
  step	{80/t_ro123}
     1	12990140237.1
     2	15342366488.2
     3	17356058840.5
     4	9311833846.49
     5	11200313023.3
     6	12855052982
     7	6446104825.98
     8	7814261456.78
     9	9027573584.41

Measurement: freq_ro124
  step	{80/t_ro124}
     1	13031185825.3
     2	15418103957
     3	17439415966.3
     4	9399213024.12
     5	11326258155.2
     6	12999227211.5
     7	6533041863.63
     8	7936087604.15
     9	9166240327.51

Measurement: freq_ro125
  step	{80/t_ro125}
     1	13050324188.8
     2	15425506743.1
     3	17445478028.9
     4	9382624184.68
     5	11295154475.2
     6	12963009862.5
     7	6510300047.08
     8	7900071961.87
     9	9126225083.51

Measurement: freq_ro126
  step	{80/t_ro126}
     1	12998110478.1
     2	15377931151
     3	17381293648.6
     4	9319776367.27
     5	11221615614.6
     6	12882651616.1
     7	6452828741.72
     8	7832428608.57
     9	9051201030.52

Measurement: freq_ro127
  step	{80/t_ro127}
     1	12350957258
     2	14732618618.4
     3	16777613420.7
     4	8718401536.04
     5	10612898551
     6	12282538918.8
     7	5966803366.67
     8	7323621981.17
     9	8535079936.39

Measurement: edge100_ro0
  step	V(ro0_out)={VTHRESH} 
     1	7.05221249259e-09
     2	6.06566895426e-09
     3	5.42218589646e-09
     4	9.63971017169e-09
     5	8.16169391006e-09
     6	7.20245837811e-09
     7	1.3709421614e-08
     8	1.15255396797e-08
     9	1.01115489185e-08

Measurement: edge100_ro1
  step	V(ro1_out)={VTHRESH} 
     1	6.93916732267e-09
     2	5.96947902663e-09
     3	5.35835441323e-09
     4	9.43942246386e-09
     5	8.01672597195e-09
     6	7.09290960909e-09
     7	1.33685379276e-08
     8	1.12740489424e-08
     9	9.91699122829e-09

Measurement: edge100_ro2
  step	V(ro2_out)={VTHRESH} 
     1	6.94175424684e-09
     2	5.99516692985e-09
     3	5.36811167053e-09
     4	9.47076614258e-09
     5	8.03535204096e-09
     6	7.10470199464e-09
     7	1.34204530522e-08
     8	1.13042384569e-08
     9	9.93686973776e-09

Measurement: edge100_ro3
  step	V(ro3_out)={VTHRESH} 
     1	7.9792643818e-09
     2	6.68692889072e-09
     3	5.86218699616e-09
     4	1.12753347643e-08
     5	9.25148214629e-09
     6	7.99246975692e-09
     7	1.64369270433e-08
     8	1.33727130127e-08
     9	1.14722463601e-08

Measurement: edge100_ro4
  step	V(ro4_out)={VTHRESH} 
     1	7.34330183764e-09
     2	6.24516997588e-09
     3	5.55100584675e-09
     4	1.00919326017e-08
     5	8.46314456494e-09
     6	7.41906213515e-09
     7	1.44500192708e-08
     8	1.20286575233e-08
     9	1.04805339812e-08

Measurement: edge100_ro5
  step	V(ro5_out)={VTHRESH} 
     1	7.3958966521e-09
     2	6.30126088915e-09
     3	5.58585522086e-09
     4	1.02502990857e-08
     5	8.57110332246e-09
     6	7.50002983608e-09
     7	1.4731634413e-08
     8	1.22226012805e-08
     9	1.06270420551e-08

Measurement: edge100_ro6
  step	V(ro6_out)={VTHRESH} 
     1	7.16532779926e-09
     2	6.14871513462e-09
     3	5.48463587269e-09
     4	9.79935668496e-09
     5	8.27463584809e-09
     6	7.28780123313e-09
     7	1.3944548417e-08
     8	1.16912268407e-08
     9	1.02365393955e-08

Measurement: edge100_ro7
  step	V(ro7_out)={VTHRESH} 
     1	7.73155297474e-09
     2	6.52027654943e-09
     3	5.74766048685e-09
     4	1.0775165742e-08
     5	8.92073710558e-09
     6	7.75275071101e-09
     7	1.55676850014e-08
     8	1.27845322775e-08
     9	1.10393596783e-08

Measurement: edge100_ro8
  step	V(ro8_out)={VTHRESH} 
     1	7.38838680943e-09
     2	6.29271285708e-09
     3	5.57849493807e-09
     4	1.02112588094e-08
     5	8.53925692019e-09
     6	7.47725870945e-09
     7	1.46301446631e-08
     8	1.2143099666e-08
     9	1.05665130548e-08

Measurement: edge100_ro9
  step	V(ro9_out)={VTHRESH} 
     1	8.05098954461e-09
     2	6.73483000128e-09
     3	5.90770220043e-09
     4	1.14064865563e-08
     5	9.34249747433e-09
     6	8.06201165407e-09
     7	1.66649102622e-08
     8	1.35352193926e-08
     9	1.15969976518e-08

Measurement: edge100_ro10
  step	V(ro10_out)={VTHRESH} 
     1	7.54153718084e-09
     2	6.38794076269e-09
     3	5.66207348083e-09
     4	1.04261890561e-08
     5	8.70479311789e-09
     6	7.60490041226e-09
     7	1.49944703544e-08
     8	1.24273734321e-08
     9	1.07909636419e-08

Measurement: edge100_ro11
  step	V(ro11_out)={VTHRESH} 
     1	7.65830717572e-09
     2	6.4786482568e-09
     3	5.72116010044e-09
     4	1.06611940306e-08
     5	8.85680665937e-09
     6	7.71219992668e-09
     7	1.53843950151e-08
     8	1.26832016716e-08
     9	1.09738895982e-08

Measurement: edge100_ro12
  step	V(ro12_out)={VTHRESH} 
     1	7.13065175657e-09
     2	6.11810136499e-09
     3	5.45979565135e-09
     4	9.7342250378e-09
     5	8.22029186393e-09
     6	7.24197766239e-09
     7	1.38412401e-08
     8	1.16040155144e-08
     9	1.01625548554e-08

Measurement: edge100_ro13
  step	V(ro13_out)={VTHRESH} 
     1	7.6156565481e-09
     2	6.45057163497e-09
     3	5.70048103469e-09
     4	1.05994201076e-08
     5	8.81414374849e-09
     6	7.68178391522e-09
     7	1.52870450208e-08
     8	1.26136466016e-08
     9	1.09226258866e-08

Measurement: edge100_ro14
  step	V(ro14_out)={VTHRESH} 
     1	7.91778273454e-09
     2	6.63612391242e-09
     3	5.83224915167e-09
     4	1.11687571978e-08
     5	9.1823859473e-09
     6	7.94446659937e-09
     7	1.62629947462e-08
     8	1.32604494056e-08
     9	1.13939459078e-08

Measurement: edge100_ro15
  step	V(ro15_out)={VTHRESH} 
     1	7.82832905553e-09
     2	6.5907190107e-09
     3	5.80563434913e-09
     4	1.09401800424e-08
     5	9.04782508093e-09
     6	7.85369038725e-09
     7	1.58405878776e-08
     8	1.29981666251e-08
     9	1.12098834073e-08

Measurement: edge100_ro16
  step	V(ro16_out)={VTHRESH} 
     1	7.50782843708e-09
     2	6.35572226183e-09
     3	5.62945926168e-09
     4	1.04322887791e-08
     5	8.68501477901e-09
     6	7.58016393208e-09
     7	1.50319940637e-08
     8	1.24164484752e-08
     9	1.07667645475e-08

Measurement: edge100_ro17
  step	V(ro17_out)={VTHRESH} 
     1	7.57765643658e-09
     2	6.42422769419e-09
     3	5.6848920274e-09
     4	1.05474019687e-08
     5	8.78344541642e-09
     6	7.66086516799e-09
     7	1.52104200996e-08
     8	1.25707495156e-08
     9	1.08948642861e-08

Measurement: edge100_ro18
  step	V(ro18_out)={VTHRESH} 
     1	7.69116744927e-09
     2	6.47543068206e-09
     3	5.70985691621e-09
     4	1.07683979528e-08
     5	8.88198811555e-09
     6	7.71207868341e-09
     7	1.55785070404e-08
     8	1.27383879115e-08
     9	1.0982661291e-08

Measurement: edge100_ro19
  step	V(ro19_out)={VTHRESH} 
     1	6.83172379104e-09
     2	5.92587961728e-09
     3	5.3158141683e-09
     4	9.23186165636e-09
     5	7.8789376435e-09
     6	6.99161174668e-09
     7	1.30072690692e-08
     8	1.10284146932e-08
     9	9.73400779599e-09

Measurement: edge100_ro20
  step	V(ro20_out)={VTHRESH} 
     1	7.87290233368e-09
     2	6.61110643434e-09
     3	5.81046501062e-09
     4	1.10871919082e-08
     5	9.126532652e-09
     6	7.90189542831e-09
     7	1.61334653164e-08
     8	1.3170223447e-08
     9	1.1322827976e-08

Measurement: edge100_ro21
  step	V(ro21_out)={VTHRESH} 
     1	7.16907324689e-09
     2	6.15276397525e-09
     3	5.49245058204e-09
     4	9.81528610394e-09
     5	8.29200099334e-09
     6	7.30338167351e-09
     7	1.39792363995e-08
     8	1.17273173164e-08
     9	1.02692520158e-08

Measurement: edge100_ro22
  step	V(ro22_out)={VTHRESH} 
     1	7.4684307687e-09
     2	6.3542022096e-09
     3	5.6279071109e-09
     4	1.03455919418e-08
     5	8.63958598969e-09
     6	7.54995451943e-09
     7	1.48734075795e-08
     8	1.23228906342e-08
     9	1.07029934488e-08

Measurement: edge100_ro23
  step	V(ro23_out)={VTHRESH} 
     1	7.81739444677e-09
     2	6.56671254102e-09
     3	5.77692313354e-09
     4	1.10035509172e-08
     5	9.05931635206e-09
     6	7.84819810831e-09
     7	1.59851094478e-08
     8	1.30505262448e-08
     9	1.122723742e-08

Measurement: edge100_ro24
  step	V(ro24_out)={VTHRESH} 
     1	7.41579890278e-09
     2	6.31740278646e-09
     3	5.60191376143e-09
     4	1.02690806071e-08
     5	8.5911219853e-09
     6	7.51889550462e-09
     7	1.47519691515e-08
     8	1.22493812086e-08
     9	1.06534434093e-08

Measurement: edge100_ro25
  step	V(ro25_out)={VTHRESH} 
     1	7.73755993179e-09
     2	6.54549623419e-09
     3	5.75987875494e-09
     4	1.08444756852e-08
     5	8.98183544128e-09
     6	7.80624586095e-09
     7	1.57081033409e-08
     8	1.29066628966e-08
     9	1.1143496256e-08

Measurement: edge100_ro26
  step	V(ro26_out)={VTHRESH} 
     1	7.62666701293e-09
     2	6.43873128405e-09
     3	5.68606591856e-09
     4	1.07116246674e-08
     5	8.85910939541e-09
     6	7.701061748e-09
     7	1.55253205526e-08
     8	1.27321600198e-08
     9	1.09902850196e-08

Measurement: edge100_ro27
  step	V(ro27_out)={VTHRESH} 
     1	7.53363287758e-09
     2	6.38013334476e-09
     3	5.64675316003e-09
     4	1.04914840575e-08
     5	8.72822237081e-09
     6	7.61117765999e-09
     7	1.51378697904e-08
     8	1.24940173988e-08
     9	1.08239249027e-08

Measurement: edge100_ro28
  step	V(ro28_out)={VTHRESH} 
     1	7.55272277719e-09
     2	6.3829232718e-09
     3	5.64916198596e-09
     4	1.05378938734e-08
     5	8.74456268897e-09
     6	7.61561709557e-09
     7	1.52216736756e-08
     8	1.25269215126e-08
     9	1.08354274113e-08

Measurement: edge100_ro29
  step	V(ro29_out)={VTHRESH} 
     1	7.61906069033e-09
     2	6.45056594998e-09
     3	5.69892053802e-09
     4	1.05913703288e-08
     5	8.79990195136e-09
     6	7.66720176003e-09
     7	1.52673793679e-08
     8	1.25859419808e-08
     9	1.0895751566e-08

Measurement: edge100_ro30
  step	V(ro30_out)={VTHRESH} 
     1	7.21175027375e-09
     2	6.16930769228e-09
     3	5.49818111211e-09
     4	9.92011265867e-09
     5	8.34543935793e-09
     6	7.33862111593e-09
     7	1.41597564651e-08
     8	1.18294119293e-08
     9	1.03351933113e-08

Measurement: edge100_ro31
  step	V(ro31_out)={VTHRESH} 
     1	7.27549708993e-09
     2	6.21340173389e-09
     3	5.52884330367e-09
     4	1.00256252367e-08
     5	8.41856886298e-09
     6	7.38855696395e-09
     7	1.43514445239e-08
     8	1.19605956032e-08
     9	1.0432406611e-08

Measurement: edge100_ro32
  step	V(ro32_out)={VTHRESH} 
     1	7.28310720515e-09
     2	6.20135657683e-09
     3	5.51865450118e-09
     4	1.00771719721e-08
     5	8.43396022858e-09
     6	7.39195166098e-09
     7	1.44397399787e-08
     8	1.19888621633e-08
     9	1.04398149037e-08

Measurement: edge100_ro33
  step	V(ro33_out)={VTHRESH} 
     1	7.4575490264e-09
     2	6.34744205356e-09
     3	5.62672041344e-09
     4	1.03210361189e-08
     5	8.6358260735e-09
     6	7.55376602274e-09
     7	1.48362411377e-08
     8	1.23220133199e-08
     9	1.07123260135e-08

Measurement: edge100_ro34
  step	V(ro34_out)={VTHRESH} 
     1	7.32439801944e-09
     2	6.2363034217e-09
     3	5.5486341777e-09
     4	1.01165423672e-08
     5	8.46323613336e-09
     6	7.41370207098e-09
     7	1.45069984842e-08
     8	1.20362537353e-08
     9	1.04749200879e-08

Measurement: edge100_ro35
  step	V(ro35_out)={VTHRESH} 
     1	7.34104009956e-09
     2	6.25746510193e-09
     3	5.54796221915e-09
     4	1.01539327231e-08
     5	8.49353771282e-09
     6	7.44014381259e-09
     7	1.45585861956e-08
     8	1.20810369698e-08
     9	1.05158612915e-08

Measurement: edge100_ro36
  step	V(ro36_out)={VTHRESH} 
     1	7.14249165326e-09
     2	6.14228315388e-09
     3	5.47755107275e-09
     4	9.73061532715e-09
     5	8.23512298209e-09
     6	7.25991355647e-09
     7	1.38273139928e-08
     8	1.16237161704e-08
     9	1.01900372614e-08

Measurement: edge100_ro37
  step	V(ro37_out)={VTHRESH} 
     1	7.31426231891e-09
     2	6.24342776445e-09
     3	5.54988869055e-09
     4	1.00623633109e-08
     5	8.44993886317e-09
     6	7.41385069846e-09
     7	1.43881447508e-08
     8	1.19955292988e-08
     9	1.04620985702e-08

Measurement: edge100_ro38
  step	V(ro38_out)={VTHRESH} 
     1	7.05599697564e-09
     2	6.07215656345e-09
     3	5.42683507436e-09
     4	9.60191377302e-09
     5	8.13644714957e-09
     6	7.18257279901e-09
     7	1.36226994239e-08
     8	1.14642625381e-08
     9	1.0062674928e-08

Measurement: edge100_ro39
  step	V(ro39_out)={VTHRESH} 
     1	7.33527495048e-09
     2	6.27523480574e-09
     3	5.57404061853e-09
     4	1.01149494336e-08
     5	8.49281464921e-09
     6	7.44812299253e-09
     7	1.44728523299e-08
     8	1.206358123e-08
     9	1.05161835071e-08

Measurement: edge100_ro40
  step	V(ro40_out)={VTHRESH} 
     1	7.00656782199e-09
     2	6.0389418788e-09
     3	5.40215780871e-09
     4	9.50953049225e-09
     5	8.06401306163e-09
     6	7.13214597863e-09
     7	1.34492218708e-08
     8	1.13227745331e-08
     9	9.94912848746e-09

Measurement: edge100_ro41
  step	V(ro41_out)={VTHRESH} 
     1	7.57761912357e-09
     2	6.42437958597e-09
     3	5.6838382803e-09
     4	1.05442821985e-08
     5	8.77906133542e-09
     6	7.65552357952e-09
     7	1.52141375159e-08
     8	1.25697779688e-08
     9	1.0891291655e-08

Measurement: edge100_ro42
  step	V(ro42_out)={VTHRESH} 
     1	7.39621202571e-09
     2	6.30960036181e-09
     3	5.59271389933e-09
     4	1.0183457348e-08
     5	8.53200753781e-09
     6	7.47382057506e-09
     7	1.45829335385e-08
     8	1.21279624417e-08
     9	1.05597852785e-08

Measurement: edge100_ro43
  step	V(ro43_out)={VTHRESH} 
     1	7.20632049327e-09
     2	6.15848777024e-09
     3	5.4994374011e-09
     4	9.91011278646e-09
     5	8.34243252591e-09
     6	7.33538107672e-09
     7	1.4142193385e-08
     8	1.18194261323e-08
     9	1.03291352527e-08

Measurement: edge100_ro44
  step	V(ro44_out)={VTHRESH} 
     1	7.62840036902e-09
     2	6.4552279735e-09
     3	5.7058650508e-09
     4	1.06569589076e-08
     5	8.85404749469e-09
     6	7.71108957467e-09
     7	1.54123662475e-08
     8	1.27019798468e-08
     9	1.09890942036e-08

Measurement: edge100_ro45
  step	V(ro45_out)={VTHRESH} 
     1	7.29398009325e-09
     2	6.21645445373e-09
     3	5.52685873076e-09
     4	1.00598534289e-08
     5	8.41442236179e-09
     6	7.37437910921e-09
     7	1.43920308476e-08
     8	1.19358747159e-08
     9	1.03906887675e-08

Measurement: edge100_ro46
  step	V(ro46_out)={VTHRESH} 
     1	7.54491221618e-09
     2	6.39624090952e-09
     3	5.66112248922e-09
     4	1.05259497186e-08
     5	8.7606648618e-09
     6	7.63992198658e-09
     7	1.52027788576e-08
     8	1.25506934691e-08
     9	1.08730423896e-08

Measurement: edge100_ro47
  step	V(ro47_out)={VTHRESH} 
     1	7.14544222844e-09
     2	6.14011066933e-09
     3	5.47548034456e-09
     4	9.75547416423e-09
     5	8.24501214591e-09
     6	7.26656110972e-09
     7	1.38714815412e-08
     8	1.16408135629e-08
     9	1.01996321524e-08

Measurement: edge100_ro48
  step	V(ro48_out)={VTHRESH} 
     1	7.74694893971e-09
     2	6.53206789607e-09
     3	5.75806246698e-09
     4	1.08346897766e-08
     5	8.97161442855e-09
     6	7.79755131352e-09
     7	1.56920740024e-08
     8	1.28893536985e-08
     9	1.11271144148e-08

Measurement: edge100_ro49
  step	V(ro49_out)={VTHRESH} 
     1	7.30150432518e-09
     2	6.22702092809e-09
     3	5.53444514699e-09
     4	1.00865366499e-08
     5	8.45039549499e-09
     6	7.40785347492e-09
     7	1.44364986766e-08
     8	1.20029331521e-08
     9	1.04558981881e-08

Measurement: edge100_ro50
  step	V(ro50_out)={VTHRESH} 
     1	7.73352830516e-09
     2	6.54354831107e-09
     3	5.75744673184e-09
     4	1.08066293271e-08
     5	8.95894536319e-09
     6	7.79104181819e-09
     7	1.56336438302e-08
     8	1.28590893746e-08
     9	1.11099130116e-08

Measurement: edge100_ro51
  step	V(ro51_out)={VTHRESH} 
     1	7.28116089284e-09
     2	6.22494739305e-09
     3	5.54352696988e-09
     4	1.00004142883e-08
     5	8.41053406968e-09
     6	7.38603795822e-09
     7	1.42820422388e-08
     8	1.19252455813e-08
     9	1.04105458153e-08

Measurement: edge100_ro52
  step	V(ro52_out)={VTHRESH} 
     1	7.61482036026e-09
     2	6.42706819973e-09
     3	5.68285203901e-09
     4	1.06045611487e-08
     5	8.79168043263e-09
     6	7.65481232267e-09
     7	1.52814092498e-08
     8	1.25670933684e-08
     9	1.08699448229e-08

Measurement: edge100_ro53
  step	V(ro53_out)={VTHRESH} 
     1	7.40450484631e-09
     2	6.3134701694e-09
     3	5.59665138492e-09
     4	1.0252316602e-08
     5	8.58099393675e-09
     6	7.51173126796e-09
     7	1.47128424696e-08
     8	1.22233620983e-08
     9	1.06342632652e-08

Measurement: edge100_ro54
  step	V(ro54_out)={VTHRESH} 
     1	7.78961310582e-09
     2	6.55168298872e-09
     3	5.775261369e-09
     4	1.09506925842e-08
     5	9.0437028716e-09
     6	7.84737426225e-09
     7	1.59006639779e-08
     8	1.30237910097e-08
     9	1.12243974874e-08

Measurement: edge100_ro55
  step	V(ro55_out)={VTHRESH} 
     1	7.46440230787e-09
     2	6.34734640219e-09
     3	5.63447366167e-09
     4	1.03305124171e-08
     5	8.64385322704e-09
     6	7.56223033496e-09
     7	1.48369837856e-08
     8	1.23230693015e-08
     9	1.07153820991e-08

Measurement: edge100_ro56
  step	V(ro56_out)={VTHRESH} 
     1	7.50429798627e-09
     2	6.3670677847e-09
     3	5.64357759857e-09
     4	1.04153762934e-08
     5	8.68998707972e-09
     6	7.59116380626e-09
     7	1.49953961329e-08
     8	1.24141096787e-08
     9	1.07749644947e-08

Measurement: edge100_ro57
  step	V(ro57_out)={VTHRESH} 
     1	7.77884822855e-09
     2	6.54950211876e-09
     3	5.77882508599e-09
     4	1.08436376679e-08
     5	8.97357705891e-09
     6	7.79454426732e-09
     7	1.56668620899e-08
     8	1.28631139825e-08
     9	1.11025061239e-08

Measurement: edge100_ro58
  step	V(ro58_out)={VTHRESH} 
     1	7.38697409028e-09
     2	6.28794902825e-09
     3	5.57125467984e-09
     4	1.0212288212e-08
     5	8.52812260726e-09
     6	7.46875795781e-09
     7	1.46503783707e-08
     8	1.21494336228e-08
     9	1.05648956412e-08

Measurement: edge100_ro59
  step	V(ro59_out)={VTHRESH} 
     1	7.27610712461e-09
     2	6.21675838093e-09
     3	5.53481398748e-09
     4	1.00221882247e-08
     5	8.42116383749e-09
     6	7.3924187688e-09
     7	1.43376925781e-08
     8	1.1955770535e-08
     9	1.04310976915e-08

Measurement: edge100_ro60
  step	V(ro60_out)={VTHRESH} 
     1	7.27836381532e-09
     2	6.19656762786e-09
     3	5.51253024295e-09
     4	1.00786680297e-08
     5	8.42749022107e-09
     6	7.3838453934e-09
     7	1.44430756724e-08
     8	1.19794444513e-08
     9	1.04266524583e-08

Measurement: edge100_ro61
  step	V(ro61_out)={VTHRESH} 
     1	7.76323035978e-09
     2	6.54532353294e-09
     3	5.76557273033e-09
     4	1.08724689137e-08
     5	8.99015926299e-09
     6	7.80768351617e-09
     7	1.57440577142e-08
     8	1.29127602812e-08
     9	1.11391215981e-08

Measurement: edge100_ro62
  step	V(ro62_out)={VTHRESH} 
     1	7.11649490175e-09
     2	6.1153546227e-09
     3	5.45628956328e-09
     4	9.71186324596e-09
     5	8.20991509774e-09
     6	7.23844502535e-09
     7	1.37967670505e-08
     8	1.15867237882e-08
     9	1.01577201024e-08

Measurement: edge100_ro63
  step	V(ro63_out)={VTHRESH} 
     1	7.61211569596e-09
     2	6.39283844113e-09
     3	5.65593338592e-09
     4	1.06239118317e-08
     5	8.75304122938e-09
     6	7.60685946065e-09
     7	1.53229293208e-08
     8	1.25103549765e-08
     9	1.0794285769e-08

Measurement: edge100_ro64
  step	V(ro64_out)={VTHRESH} 
     1	7.77740875652e-09
     2	6.5430410136e-09
     3	5.77416984314e-09
     4	1.08658099423e-08
     5	8.97991188509e-09
     6	7.79622641147e-09
     7	1.57060469557e-08
     8	1.28786313571e-08
     9	1.11082419833e-08

Measurement: edge100_ro65
  step	V(ro65_out)={VTHRESH} 
     1	7.6822023072e-09
     2	6.47395147781e-09
     3	5.71435115372e-09
     4	1.07759429816e-08
     5	8.90112289454e-09
     6	7.73425257656e-09
     7	1.56134898156e-08
     8	1.27867233997e-08
     9	1.10295254246e-08

Measurement: edge100_ro66
  step	V(ro66_out)={VTHRESH} 
     1	7.70650648728e-09
     2	6.50996319496e-09
     3	5.74222551278e-09
     4	1.07581898403e-08
     5	8.91474599867e-09
     6	7.74915685808e-09
     7	1.55463257322e-08
     8	1.27790204733e-08
     9	1.10405441914e-08

Measurement: edge100_ro67
  step	V(ro67_out)={VTHRESH} 
     1	7.47566957489e-09
     2	6.3431274336e-09
     3	5.61636774994e-09
     4	1.03720330929e-08
     5	8.64257743671e-09
     6	7.54738157091e-09
     7	1.49262091158e-08
     8	1.23392771032e-08
     9	1.07078049698e-08

Measurement: edge100_ro68
  step	V(ro68_out)={VTHRESH} 
     1	7.31636445803e-09
     2	6.24160255864e-09
     3	5.55660514866e-09
     4	1.00560302491e-08
     5	8.44576042602e-09
     6	7.41227193796e-09
     7	1.4375720286e-08
     8	1.19849606115e-08
     9	1.04545933827e-08

Measurement: edge100_ro69
  step	V(ro69_out)={VTHRESH} 
     1	7.32734605968e-09
     2	6.26248482291e-09
     3	5.56357305855e-09
     4	1.00617369978e-08
     5	8.4586827792e-09
     6	7.42451191877e-09
     7	1.43733183151e-08
     8	1.19973769749e-08
     9	1.04692537646e-08

Measurement: edge100_ro70
  step	V(ro70_out)={VTHRESH} 
     1	7.455112754e-09
     2	6.34770915144e-09
     3	5.60308348124e-09
     4	1.03684952638e-08
     5	8.63593385183e-09
     6	7.54168205794e-09
     7	1.49322555875e-08
     8	1.23347060119e-08
     9	1.06999720947e-08

Measurement: edge100_ro71
  step	V(ro71_out)={VTHRESH} 
     1	7.73573659657e-09
     2	6.54307446158e-09
     3	5.76078837814e-09
     4	1.07978681762e-08
     5	8.95845473631e-09
     6	7.79237502175e-09
     7	1.56210194008e-08
     8	1.28619898134e-08
     9	1.11155502691e-08

Measurement: edge100_ro72
  step	V(ro72_out)={VTHRESH} 
     1	7.40226166833e-09
     2	6.30808562662e-09
     3	5.59904246962e-09
     4	1.02499521646e-08
     5	8.58238028932e-09
     6	7.51439769536e-09
     7	1.47211256364e-08
     8	1.22351093729e-08
     9	1.06459956319e-08

Measurement: edge100_ro73
  step	V(ro73_out)={VTHRESH} 
     1	7.09200165149e-09
     2	6.09338097523e-09
     3	5.44067814485e-09
     4	9.67610670156e-09
     5	8.18134349014e-09
     6	7.21410661401e-09
     7	1.37485386457e-08
     8	1.15406912791e-08
     9	1.01161742773e-08

Measurement: edge100_ro74
  step	V(ro74_out)={VTHRESH} 
     1	7.51265693853e-09
     2	6.3638627004e-09
     3	5.63904316382e-09
     4	1.04290585077e-08
     5	8.68838544203e-09
     6	7.58521914129e-09
     7	1.50060693869e-08
     8	1.24025586754e-08
     9	1.07580730218e-08

Measurement: edge100_ro75
  step	V(ro75_out)={VTHRESH} 
     1	7.34082444616e-09
     2	6.24940078251e-09
     3	5.55736303072e-09
     4	1.01028778282e-08
     5	8.46412625807e-09
     6	7.42015141633e-09
     7	1.44753832122e-08
     8	1.20306018596e-08
     9	1.04800492005e-08

Measurement: edge100_ro76
  step	V(ro76_out)={VTHRESH} 
     1	7.62275199027e-09
     2	6.45223991979e-09
     3	5.70136624468e-09
     4	1.05788449413e-08
     5	8.78861796139e-09
     6	7.65813472741e-09
     7	1.52284589799e-08
     8	1.25540489788e-08
     9	1.08703531406e-08

Measurement: edge100_ro77
  step	V(ro77_out)={VTHRESH} 
     1	7.54361519662e-09
     2	6.41069457936e-09
     3	5.67790043218e-09
     4	1.04657062836e-08
     5	8.73326045958e-09
     6	7.62840687982e-09
     7	1.50516247687e-08
     8	1.24708436773e-08
     9	1.08245773737e-08

Measurement: edge100_ro78
  step	V(ro78_out)={VTHRESH} 
     1	7.94166444518e-09
     2	6.65745706121e-09
     3	5.84352531718e-09
     4	1.1263922035e-08
     5	9.23438927224e-09
     6	7.97890524393e-09
     7	1.64099010492e-08
     8	1.33373461959e-08
     9	1.14425014359e-08

Measurement: edge100_ro79
  step	V(ro79_out)={VTHRESH} 
     1	7.45949627205e-09
     2	6.34678433889e-09
     3	5.62540793449e-09
     4	1.03343660191e-08
     5	8.64039233164e-09
     6	7.55710178445e-09
     7	1.48525197865e-08
     8	1.23235815191e-08
     9	1.07098854058e-08

Measurement: edge100_ro80
  step	V(ro80_out)={VTHRESH} 
     1	7.25464776827e-09
     2	6.20631753917e-09
     3	5.53263549092e-09
     4	9.94771393034e-09
     5	8.37955430499e-09
     6	7.36743801501e-09
     7	1.42011239762e-08
     8	1.18783151016e-08
     9	1.03826829746e-08

Measurement: edge100_ro81
  step	V(ro81_out)={VTHRESH} 
     1	7.78214690939e-09
     2	6.54736771172e-09
     3	5.76959271052e-09
     4	1.09357932039e-08
     5	9.02692189954e-09
     6	7.83150465622e-09
     7	1.58654643706e-08
     8	1.29897531881e-08
     9	1.11935576995e-08

Measurement: edge100_ro82
  step	V(ro82_out)={VTHRESH} 
     1	7.05169309391e-09
     2	6.06848526438e-09
     3	5.42638726776e-09
     4	9.60680946755e-09
     5	8.14446906835e-09
     6	7.19255322037e-09
     7	1.36358599438e-08
     8	1.14822730399e-08
     9	1.00823049135e-08

Measurement: edge100_ro83
  step	V(ro83_out)={VTHRESH} 
     1	7.60748566829e-09
     2	6.44300607038e-09
     3	5.69546417876e-09
     4	1.06082964289e-08
     5	8.8212466506e-09
     6	7.68694501329e-09
     7	1.53244522922e-08
     8	1.26432752884e-08
     9	1.0945692112e-08

Measurement: edge100_ro84
  step	V(ro84_out)={VTHRESH} 
     1	7.59633742774e-09
     2	6.43104393616e-09
     3	5.68346418374e-09
     4	1.06022771037e-08
     5	8.80922420037e-09
     6	7.67457601173e-09
     7	1.53216425618e-08
     8	1.26295718791e-08
     9	1.09296685467e-08

Measurement: edge100_ro85
  step	V(ro85_out)={VTHRESH} 
     1	7.56989080837e-09
     2	6.42006361757e-09
     3	5.67962771314e-09
     4	1.05419331928e-08
     5	8.77959296915e-09
     6	7.65700100251e-09
     7	1.52155081635e-08
     8	1.25743159443e-08
     9	1.08965540753e-08

Measurement: edge100_ro86
  step	V(ro86_out)={VTHRESH} 
     1	8.11116789482e-09
     2	6.74507109245e-09
     3	5.91923457785e-09
     4	1.15139932239e-08
     5	9.39790432177e-09
     6	8.09522333066e-09
     7	1.68307823112e-08
     8	1.36184089702e-08
     9	1.16461753456e-08

Measurement: edge100_ro87
  step	V(ro87_out)={VTHRESH} 
     1	7.34096350298e-09
     2	6.25610782173e-09
     3	5.55558160953e-09
     4	1.01070116134e-08
     5	8.48223641175e-09
     6	7.43970599857e-09
     7	1.44714220577e-08
     8	1.20547809243e-08
     9	1.05084980605e-08

Measurement: edge100_ro88
  step	V(ro88_out)={VTHRESH} 
     1	7.73824778946e-09
     2	6.52432894766e-09
     3	5.75212010701e-09
     4	1.08187220105e-08
     5	8.96290413357e-09
     6	7.79149747305e-09
     7	1.56770841891e-08
     8	1.28864314905e-08
     9	1.11286910284e-08

Measurement: edge100_ro89
  step	V(ro89_out)={VTHRESH} 
     1	7.30377363958e-09
     2	6.23611216502e-09
     3	5.5498576236e-09
     4	1.00680395033e-08
     5	8.45623092133e-09
     6	7.42073271696e-09
     7	1.44127647823e-08
     8	1.20156200938e-08
     9	1.04797342716e-08

Measurement: edge100_ro90
  step	V(ro90_out)={VTHRESH} 
     1	7.60827790149e-09
     2	6.44784051395e-09
     3	5.69884582983e-09
     4	1.05960954948e-08
     5	8.81644140077e-09
     6	7.68528909734e-09
     7	1.52934117503e-08
     8	1.26276885408e-08
     9	1.09373775756e-08

Measurement: edge100_ro91
  step	V(ro91_out)={VTHRESH} 
     1	7.0702755613e-09
     2	6.0869525619e-09
     3	5.43769058863e-09
     4	9.61204542173e-09
     5	8.15133310414e-09
     6	7.19823161308e-09
     7	1.363517502e-08
     8	1.14874154296e-08
     9	1.00872362095e-08

Measurement: edge100_ro92
  step	V(ro92_out)={VTHRESH} 
     1	7.23513430695e-09
     2	6.16536983952e-09
     3	5.50032773067e-09
     4	9.98826533214e-09
     5	8.37752570718e-09
     6	7.34942947783e-09
     7	1.43021410389e-08
     8	1.18999381309e-08
     9	1.03757602283e-08

Measurement: edge100_ro93
  step	V(ro93_out)={VTHRESH} 
     1	7.82983632697e-09
     2	6.58685675696e-09
     3	5.80397760668e-09
     4	1.09717354482e-08
     5	9.05919203844e-09
     6	7.85922766106e-09
     7	1.58969960927e-08
     8	1.30220805063e-08
     9	1.12231656893e-08

Measurement: edge100_ro94
  step	V(ro94_out)={VTHRESH} 
     1	7.4300239881e-09
     2	6.32984280897e-09
     3	5.61139223819e-09
     4	1.02520329395e-08
     5	8.57885628056e-09
     6	7.50998114099e-09
     7	1.46886745546e-08
     8	1.22016310634e-08
     9	1.06163397275e-08

Measurement: edge100_ro95
  step	V(ro95_out)={VTHRESH} 
     1	7.64228834788e-09
     2	6.45386188429e-09
     3	5.70196693368e-09
     4	1.06817152434e-08
     5	8.84448926659e-09
     6	7.69156163165e-09
     7	1.54502667693e-08
     8	1.26838198513e-08
     9	1.09541707814e-08

Measurement: edge100_ro96
  step	V(ro96_out)={VTHRESH} 
     1	7.7830527422e-09
     2	6.55342693057e-09
     3	5.75710734182e-09
     4	1.09448479999e-08
     5	9.02354506347e-09
     6	7.82411893956e-09
     7	1.58943582097e-08
     8	1.29912418783e-08
     9	1.11854872654e-08

Measurement: edge100_ro97
  step	V(ro97_out)={VTHRESH} 
     1	7.36154886832e-09
     2	6.28124120476e-09
     3	5.57931575854e-09
     4	1.01788404854e-08
     5	8.53325699146e-09
     6	7.47809428686e-09
     7	1.46017425022e-08
     8	1.21510862613e-08
     9	1.05828823182e-08

Measurement: edge100_ro98
  step	V(ro98_out)={VTHRESH} 
     1	7.95329290173e-09
     2	6.64677610665e-09
     3	5.82953191492e-09
     4	1.12583776134e-08
     5	9.20479879955e-09
     6	7.94712701837e-09
     7	1.63975747387e-08
     8	1.32874827278e-08
     9	1.13876759842e-08

Measurement: edge100_ro99
  step	V(ro99_out)={VTHRESH} 
     1	7.18018043121e-09
     2	6.15320052121e-09
     3	5.49353406672e-09
     4	9.84604201216e-09
     5	8.30728833747e-09
     6	7.31286107048e-09
     7	1.40430342713e-08
     8	1.17615838872e-08
     9	1.02918971762e-08

Measurement: edge100_ro100
  step	V(ro100_out)={VTHRESH} 
     1	7.3305775118e-09
     2	6.26177464387e-09
     3	5.55742222854e-09
     4	1.00834231745e-08
     5	8.46651026379e-09
     6	7.42893342338e-09
     7	1.44178209462e-08
     8	1.20182780033e-08
     9	1.04820191758e-08

Measurement: edge100_ro101
  step	V(ro101_out)={VTHRESH} 
     1	7.46077908518e-09
     2	6.34877697407e-09
     3	5.61955168691e-09
     4	1.03603631128e-08
     5	8.65131055493e-09
     6	7.56119572189e-09
     7	1.49115876723e-08
     8	1.23563863987e-08
     9	1.07307095547e-08

Measurement: edge100_ro102
  step	V(ro102_out)={VTHRESH} 
     1	7.38990017927e-09
     2	6.31590239225e-09
     3	5.59606823708e-09
     4	1.02025093023e-08
     5	8.54799325396e-09
     6	7.49108888703e-09
     7	1.46217757467e-08
     8	1.21616787845e-08
     9	1.05905082565e-08

Measurement: edge100_ro103
  step	V(ro103_out)={VTHRESH} 
     1	7.37918911509e-09
     2	6.28955004187e-09
     3	5.58587071343e-09
     4	1.01724009455e-08
     5	8.53173642823e-09
     6	7.47174753142e-09
     7	1.45648610644e-08
     8	1.21199965059e-08
     9	1.0557280906e-08

Measurement: edge100_ro104
  step	V(ro104_out)={VTHRESH} 
     1	7.69934847809e-09
     2	6.50495332583e-09
     3	5.73626444332e-09
     4	1.0727045743e-08
     5	8.89249299942e-09
     6	7.73915615687e-09
     7	1.54868525868e-08
     8	1.27365619252e-08
     9	1.10067971165e-08

Measurement: edge100_ro105
  step	V(ro105_out)={VTHRESH} 
     1	7.29666105211e-09
     2	6.22791773672e-09
     3	5.53867931698e-09
     4	1.00214747796e-08
     5	8.41529845869e-09
     6	7.3872130394e-09
     7	1.43281446757e-08
     8	1.19424500371e-08
     9	1.04201606961e-08

Measurement: edge100_ro106
  step	V(ro106_out)={VTHRESH} 
     1	7.31666851777e-09
     2	6.25039572224e-09
     3	5.55346392501e-09
     4	1.00630582945e-08
     5	8.4602979537e-09
     6	7.42625109624e-09
     7	1.43959017375e-08
     8	1.20152730791e-08
     9	1.04835968529e-08

Measurement: edge100_ro107
  step	V(ro107_out)={VTHRESH} 
     1	7.22689665779e-09
     2	6.17756151477e-09
     3	5.50924642124e-09
     4	9.9593814476e-09
     5	8.37856683665e-09
     6	7.3618023506e-09
     7	1.42449274985e-08
     8	1.18944617774e-08
     9	1.03867181228e-08

Measurement: edge100_ro108
  step	V(ro108_out)={VTHRESH} 
     1	7.3621920367e-09
     2	6.27243422432e-09
     3	5.56154236645e-09
     4	1.01861235245e-08
     5	8.51610128896e-09
     6	7.45643875072e-09
     7	1.45991022272e-08
     8	1.21080260872e-08
     9	1.05327789402e-08

Measurement: edge100_ro109
  step	V(ro109_out)={VTHRESH} 
     1	7.53621606166e-09
     2	6.39511678818e-09
     3	5.66094956799e-09
     4	1.04681645383e-08
     5	8.72611262565e-09
     6	7.61667515011e-09
     7	1.50845915673e-08
     8	1.24802435635e-08
     9	1.08234562927e-08

Measurement: edge100_ro110
  step	V(ro110_out)={VTHRESH} 
     1	7.3347264028e-09
     2	6.25236115752e-09
     3	5.55427599131e-09
     4	1.00866118478e-08
     5	8.46650153961e-09
     6	7.42665979755e-09
     7	1.44284120497e-08
     8	1.20209440901e-08
     9	1.04803112595e-08

Measurement: edge100_ro111
  step	V(ro111_out)={VTHRESH} 
     1	7.54337830468e-09
     2	6.38794000343e-09
     3	5.65298994578e-09
     4	1.05364893837e-08
     5	8.75023893378e-09
     6	7.6250446495e-09
     7	1.52176427903e-08
     8	1.25322206084e-08
     9	1.08462411872e-08

Measurement: edge100_ro112
  step	V(ro112_out)={VTHRESH} 
     1	7.11325704815e-09
     2	6.10417005681e-09
     3	5.44933775903e-09
     4	9.74246595006e-09
     5	8.22212780196e-09
     6	7.24201111685e-09
     7	1.38690318804e-08
     8	1.16183869244e-08
     9	1.01712812687e-08

Measurement: edge100_ro113
  step	V(ro113_out)={VTHRESH} 
     1	7.36810554845e-09
     2	6.29612761064e-09
     3	5.58905543876e-09
     4	1.01757068999e-08
     5	8.53930191743e-09
     6	7.4859538092e-09
     7	1.45880060647e-08
     8	1.21544714171e-08
     9	1.05901219153e-08

Measurement: edge100_ro114
  step	V(ro114_out)={VTHRESH} 
     1	7.57504105996e-09
     2	6.40848841872e-09
     3	5.66620188344e-09
     4	1.05702779924e-08
     5	8.76930748026e-09
     6	7.63889796124e-09
     7	1.52583231254e-08
     8	1.25553885014e-08
     9	1.08640936373e-08

Measurement: edge100_ro115
  step	V(ro115_out)={VTHRESH} 
     1	7.12525497373e-09
     2	6.12689603412e-09
     3	5.45748288288e-09
     4	9.72764846586e-09
     5	8.2159243343e-09
     6	7.23864921496e-09
     7	1.38334336739e-08
     8	1.15995909414e-08
     9	1.01601092735e-08

Measurement: edge100_ro116
  step	V(ro116_out)={VTHRESH} 
     1	7.33272856895e-09
     2	6.24754054905e-09
     3	5.55288644699e-09
     4	1.01301344426e-08
     5	8.48028786476e-09
     6	7.43067390603e-09
     7	1.43787811177e-08
     8	1.20619476849e-08
     9	1.05013054948e-08

Measurement: edge100_ro117
  step	V(ro117_out)={VTHRESH} 
     1	7.27925094383e-09
     2	6.22895206151e-09
     3	5.55253349394e-09
     4	9.9738898455e-09
     5	8.40068527916e-09
     6	7.3831149726e-09
     7	1.4224258891e-08
     8	1.18974698813e-08
     9	1.03962599999e-08

Measurement: edge100_ro118
  step	V(ro118_out)={VTHRESH} 
     1	7.90216727161e-09
     2	6.6164426827e-09
     3	5.80936287964e-09
     4	1.12081744247e-08
     5	9.18883048782e-09
     6	7.94006522871e-09
     7	1.63694344384e-08
     8	1.33039982209e-08
     9	1.14135197908e-08

Measurement: edge100_ro119
  step	V(ro119_out)={VTHRESH} 
     1	7.83373935767e-09
     2	6.58086542143e-09
     3	5.78834860476e-09
     4	1.09941359303e-08
     5	9.05387902899e-09
     6	7.84553674603e-09
     7	1.59569015662e-08
     8	1.30296933151e-08
     9	1.12131464613e-08

Measurement: edge100_ro120
  step	V(ro120_out)={VTHRESH} 
     1	7.66982012427e-09
     2	6.48193041902e-09
     3	5.73602204827e-09
     4	1.07135421897e-08
     5	8.88749381483e-09
     6	7.73731302179e-09
     7	1.54925359957e-08
     8	1.27516536733e-08
     9	1.10260301285e-08

Measurement: edge100_ro121
  step	V(ro121_out)={VTHRESH} 
     1	7.84228610284e-09
     2	6.59474763718e-09
     3	5.80432501137e-09
     4	1.09707603353e-08
     5	9.05562811064e-09
     6	7.85308423252e-09
     7	1.58899049775e-08
     8	1.30128741854e-08
     9	1.1211778294e-08

Measurement: edge100_ro122
  step	V(ro122_out)={VTHRESH} 
     1	7.73407222924e-09
     2	6.51027737824e-09
     3	5.75156972049e-09
     4	1.08377293778e-08
     5	8.9549407503e-09
     6	7.77720645285e-09
     7	1.57067599694e-08
     8	1.28734950029e-08
     9	1.110567304e-08

Measurement: edge100_ro123
  step	V(ro123_out)={VTHRESH} 
     1	7.64690250828e-09
     2	6.47229531109e-09
     3	5.72070824642e-09
     4	1.06706044849e-08
     5	8.86816524327e-09
     6	7.72515472876e-09
     7	1.54164799458e-08
     8	1.27127198773e-08
     9	1.10020702628e-08

Measurement: edge100_ro124
  step	V(ro124_out)={VTHRESH} 
     1	7.61494643046e-09
     2	6.43479960689e-09
     3	5.68838262363e-09
     4	1.05586964802e-08
     5	8.76066930101e-09
     6	7.63258767634e-09
     7	1.51922552522e-08
     8	1.25045084028e-08
     9	1.08255613707e-08

Measurement: edge100_ro125
  step	V(ro125_out)={VTHRESH} 
     1	7.5979100708e-09
     2	6.42599267495e-09
     3	5.68108153449e-09
     4	1.05679912192e-08
     5	8.77600275642e-09
     6	7.64544081315e-09
     7	1.52298326675e-08
     8	1.25471905812e-08
     9	1.08594739831e-08

Measurement: edge100_ro126
  step	V(ro126_out)={VTHRESH} 
     1	7.63755408683e-09
     2	6.45207592924e-09
     3	5.70658883474e-09
     4	1.06548168248e-08
     5	8.84443644255e-09
     6	7.70167480808e-09
     7	1.53915299677e-08
     8	1.26742948371e-08
     9	1.09643885287e-08

Measurement: edge100_ro127
  step	V(ro127_out)={VTHRESH} 
     1	8.03501552305e-09
     2	6.73317292161e-09
     3	5.91081009842e-09
     4	1.13838391377e-08
     5	9.34784537021e-09
     6	8.07499633937e-09
     7	1.66335106566e-08
     8	1.35466653583e-08
     9	1.16209479277e-08
