LTspice 26.0.2 for Windows
Circuit: C:\Users\JUST\Documents\LTspice\RO_PUF_PVT_100\chip_090_PVT.net
Start Time: Mon Jul 20 10:16:56 2026
Options:plotwinsize=0 numdgt=10 reltol=1e-4 abstol=1e-12 vntol=1e-6 reltol=0.003 vntol=1m abstol=1e-10 gmin=1e-10 threads=1

.step vddval=0.9 temp=-20°
solver = Normal
Maximum thread count: 1
tnom = 27
temp = -20
method = trap
gmin = 1e-10
abstol = 1e-10
reltol = 0.003
volttol = 0.001
Per .tran options, skipping operating point for transient analysis.

.step vddval=1 temp=-20°

.step vddval=1.1 temp=-20°

.step vddval=0.9 temp=25°

.step vddval=1 temp=25°

.step vddval=1.1 temp=25°

.step vddval=0.9 temp=80°

.step vddval=1 temp=80°

.step vddval=1.1 temp=80°
Total elapsed time: 2164.098 seconds.

Files loaded:
C:\Users\JUST\Documents\LTspice\RO_PUF_PVT_100\chip_090_PVT.net
C:\Users\JUST\Documents\LTspice\RO_PUF_PVT_100\45nm_HP.pm
C:\Users\JUST\Documents\LTspice\RO_PUF_PVT_100\chip_090_mismatch.inc


Measurement: t_ro0
  step	t_ro0	FROM	TO
     1	5.40701235184e-09	1.29601217414e-09	6.70302452597e-09
     2	4.70060255166e-09	1.12528775162e-09	5.82589030329e-09
     3	4.23188880948e-09	1.01207834166e-09	5.24396715114e-09
     4	7.26904695979e-09	1.74278760321e-09	9.01183456299e-09
     5	6.22523218091e-09	1.49078267283e-09	7.71601485374e-09
     6	5.54072599143e-09	1.32557355532e-09	6.86629954674e-09
     7	1.02066689465e-08	2.44712621937e-09	1.26537951658e-08
     8	8.68201137695e-09	2.07930192024e-09	1.07613132972e-08
     9	7.68565376494e-09	1.83874135379e-09	9.52439511872e-09

Measurement: t_ro1
  step	t_ro1	FROM	TO
     1	5.87608188989e-09	1.40449601046e-09	7.28057790035e-09
     2	5.02497192364e-09	1.1992158336e-09	6.22418775724e-09
     3	4.47566448023e-09	1.06687608969e-09	5.54254056991e-09
     4	8.06793836354e-09	1.92817325543e-09	9.99611161896e-09
     5	6.78829532616e-09	1.62004906829e-09	8.40834439445e-09
     6	5.96316721107e-09	1.42196901268e-09	7.38513622374e-09
     7	1.15256021122e-08	2.75365803475e-09	1.4279260147e-08
     8	9.62721174951e-09	2.2971527825e-09	1.1924364532e-08
     9	8.40627930024e-09	2.00420603518e-09	1.04104853354e-08

Measurement: t_ro2
  step	t_ro2	FROM	TO
     1	5.54482214391e-09	1.32990725366e-09	6.87472939756e-09
     2	4.79998187347e-09	1.15083213025e-09	5.95081400372e-09
     3	4.30669369839e-09	1.03130906268e-09	5.33800276107e-09
     4	7.48069629068e-09	1.79450449129e-09	9.27520078197e-09
     5	6.38077168402e-09	1.52949193427e-09	7.91026361829e-09
     6	5.65859239202e-09	1.35552056292e-09	7.01411295495e-09
     7	1.05406298222e-08	2.52871373614e-09	1.30693435583e-08
     8	8.932028179e-09	2.1412337711e-09	1.10732619501e-08
     9	7.87859384976e-09	1.88775533212e-09	9.76634918188e-09

Measurement: t_ro3
  step	t_ro3	FROM	TO
     1	6.15623040938e-09	1.47755522412e-09	7.6337856335e-09
     2	5.20704460695e-09	1.24694427521e-09	6.45398888216e-09
     3	4.60442573942e-09	1.10141450176e-09	5.70584024117e-09
     4	8.56729840739e-09	2.05700755191e-09	1.06243059593e-08
     5	7.11638072683e-09	1.70526155463e-09	8.82164228145e-09
     6	6.20079344335e-09	1.48390275046e-09	7.68469619381e-09
     7	1.23542163196e-08	2.96618149203e-09	1.53203978116e-08
     8	1.01813309194e-08	2.43987950258e-09	1.2621210422e-08
     9	8.81411071287e-09	2.10986353069e-09	1.09239742436e-08

Measurement: t_ro4
  step	t_ro4	FROM	TO
     1	5.98678886148e-09	1.43708125457e-09	7.42387011604e-09
     2	5.09434237939e-09	1.22044093541e-09	6.3147833148e-09
     3	4.52163579394e-09	1.08235793136e-09	5.60399372531e-09
     4	8.29450508188e-09	1.991542205e-09	1.02860472869e-08
     5	6.93695386344e-09	1.6622345114e-09	8.59918837484e-09
     6	6.07211423204e-09	1.45366191158e-09	7.52577614362e-09
     7	1.19115829538e-08	2.85939670293e-09	1.47709796568e-08
     8	9.88578671281e-09	2.36865071394e-09	1.22544374267e-08
     9	8.59688956883e-09	2.0578356411e-09	1.06547252099e-08

Measurement: t_ro5
  step	t_ro5	FROM	TO
     1	5.55012398838e-09	1.33464432692e-09	6.8847683153e-09
     2	4.79999265954e-09	1.15261897961e-09	5.95261163915e-09
     3	4.3054125269e-09	1.03341869293e-09	5.33883121983e-09
     4	7.53165031434e-09	1.81246308649e-09	9.34411340083e-09
     5	6.40202390167e-09	1.53897373901e-09	7.94099764068e-09
     6	5.67181014468e-09	1.36192011979e-09	7.03373026447e-09
     7	1.06449734844e-08	2.56236385502e-09	1.32073373395e-08
     8	8.98403341128e-09	2.16000784648e-09	1.11440412578e-08
     9	7.91068930048e-09	1.90061597979e-09	9.81130528027e-09

Measurement: t_ro6
  step	t_ro6	FROM	TO
     1	6.22199368306e-09	1.49327969657e-09	7.71527337963e-09
     2	5.22787604506e-09	1.25252475481e-09	6.48040079988e-09
     3	4.60876692007e-09	1.10267389159e-09	5.71144081166e-09
     4	8.74552011991e-09	2.09940580424e-09	1.08449259242e-08
     5	7.20008017956e-09	1.72619072211e-09	8.92627090168e-09
     6	6.24434729341e-09	1.49466207636e-09	7.73900936977e-09
     7	1.26972506105e-08	3.04805948089e-09	1.57453100914e-08
     8	1.03573218455e-08	2.48295472705e-09	1.28402765725e-08
     9	8.91872041205e-09	2.13523010559e-09	1.10539505176e-08

Measurement: t_ro7
  step	t_ro7	FROM	TO
     1	6.0518455172e-09	1.45266141863e-09	7.50450693584e-09
     2	5.13574561843e-09	1.23164127084e-09	6.36738688927e-09
     3	4.54793071743e-09	1.08967927622e-09	5.63760999364e-09
     4	8.39919617613e-09	2.01688861863e-09	1.04160847948e-08
     5	7.00081268108e-09	1.67948618705e-09	8.68029886813e-09
     6	6.11297388281e-09	1.46527611518e-09	7.57824999798e-09
     7	1.20855202479e-08	2.90218257071e-09	1.49877028186e-08
     8	9.9936859402e-09	2.39763830069e-09	1.23913242409e-08
     9	8.67085717153e-09	2.07862843746e-09	1.0749485609e-08

Measurement: t_ro8
  step	t_ro8	FROM	TO
     1	5.61864749961e-09	1.34610948408e-09	6.96475698369e-09
     2	4.85548916459e-09	1.16214019921e-09	6.01762936379e-09
     3	4.34664694084e-09	1.04006019949e-09	5.38670714033e-09
     4	7.61135892423e-09	1.82385220454e-09	9.43521112878e-09
     5	6.47364470709e-09	1.54958864676e-09	8.02323335385e-09
     6	5.73042549074e-09	1.37092039856e-09	7.1013458893e-09
     7	1.07504835247e-08	2.57604388894e-09	1.33265274137e-08
     8	9.0839584335e-09	2.17431505317e-09	1.12582734867e-08
     9	7.99941900266e-09	1.91297055164e-09	9.9123895543e-09

Measurement: t_ro9
  step	t_ro9	FROM	TO
     1	5.71136024899e-09	1.36677815533e-09	7.07813840431e-09
     2	4.91046368289e-09	1.17371165329e-09	6.08417533619e-09
     3	4.38742045451e-09	1.04799609298e-09	5.43541654749e-09
     4	7.79014818146e-09	1.86446040867e-09	9.65460859014e-09
     5	6.59441009161e-09	1.57624948198e-09	8.1706595736e-09
     6	5.81862919795e-09	1.38983920019e-09	7.20846839814e-09
     7	1.10707958096e-08	2.6490601942e-09	1.37198560038e-08
     8	9.3070470397e-09	2.22430718491e-09	1.15313542246e-08
     9	8.16516239522e-09	1.94988608647e-09	1.01150484817e-08

Measurement: t_ro10
  step	t_ro10	FROM	TO
     1	5.74565297713e-09	1.38950267093e-09	7.13515564806e-09
     2	4.93665873808e-09	1.18830129702e-09	6.1249600351e-09
     3	4.40473291257e-09	1.0583015649e-09	5.46303447747e-09
     4	7.84002532853e-09	1.90241257581e-09	9.74243790434e-09
     5	6.62708687685e-09	1.60000379635e-09	8.2270906732e-09
     6	5.84270967136e-09	1.40667567387e-09	7.24938534524e-09
     7	1.11381495439e-08	2.70600746419e-09	1.38441570081e-08
     8	9.34678482761e-09	2.26081590298e-09	1.16076007306e-08
     9	8.19319433057e-09	1.97657876416e-09	1.01697730947e-08

Measurement: t_ro11
  step	t_ro11	FROM	TO
     1	5.6942200282e-09	1.36537350978e-09	7.05959353797e-09
     2	4.8983315391e-09	1.173031277e-09	6.0713628161e-09
     3	4.37774369604e-09	1.04737026422e-09	5.42511396027e-09
     4	7.76564950375e-09	1.86257420551e-09	9.62822370926e-09
     5	6.57456946034e-09	1.57497128445e-09	8.14954074479e-09
     6	5.8027244765e-09	1.38870066878e-09	7.19142514528e-09
     7	1.10320779513e-08	2.64610885743e-09	1.36781868087e-08
     8	9.27513706826e-09	2.22205016175e-09	1.149718723e-08
     9	8.13902268974e-09	1.94813431216e-09	1.00871570019e-08

Measurement: t_ro12
  step	t_ro12	FROM	TO
     1	5.93568801307e-09	1.43164094667e-09	7.36732895975e-09
     2	5.06663502798e-09	1.21668901616e-09	6.28332404415e-09
     3	4.50024975758e-09	1.0779629333e-09	5.57821269088e-09
     4	8.17274033412e-09	1.97312913299e-09	1.01458694671e-08
     5	6.85424871554e-09	1.64835737412e-09	8.50260608967e-09
     6	6.00957489953e-09	1.44159240646e-09	7.45116730599e-09
     7	1.16877376516e-08	2.82188614251e-09	1.45096237941e-08
     8	9.72745783118e-09	2.34093159911e-09	1.20683894303e-08
     9	8.47612605232e-09	2.03548627354e-09	1.05116123259e-08

Measurement: t_ro13
  step	t_ro13	FROM	TO
     1	5.94782461868e-09	1.42547019453e-09	7.37329481321e-09
     2	5.08179192859e-09	1.21634489079e-09	6.29813681938e-09
     3	4.51187504098e-09	1.07867756717e-09	5.59055260816e-09
     4	8.1826870445e-09	1.9615635932e-09	1.01442506377e-08
     5	6.87163402132e-09	1.6446762687e-09	8.51631029002e-09
     6	6.02581486271e-09	1.44074613104e-09	7.46656099375e-09
     7	1.17087050242e-08	2.8063137367e-09	1.45150187609e-08
     8	9.76312682813e-09	2.33648794698e-09	1.20996147751e-08
     9	8.51094969796e-09	2.03481656999e-09	1.05457662679e-08

Measurement: t_ro14
  step	t_ro14	FROM	TO
     1	6.0181850821e-09	1.45287787454e-09	7.47106295664e-09
     2	5.11925740012e-09	1.23310175482e-09	6.35235915493e-09
     3	4.53452789411e-09	1.09155942142e-09	5.62608731553e-09
     4	8.33659781023e-09	2.01587742981e-09	1.035247524e-08
     5	6.96242968972e-09	1.68011429196e-09	8.64254398169e-09
     6	6.08768573051e-09	1.46733254532e-09	7.55501827583e-09
     7	1.19731176276e-08	2.89745263147e-09	1.4870570259e-08
     8	9.92288669806e-09	2.39660052072e-09	1.23194872188e-08
     9	8.62180296881e-09	2.08027320802e-09	1.07020761768e-08

Measurement: t_ro15
  step	t_ro15	FROM	TO
     1	5.85239649284e-09	1.41064802771e-09	7.26304452055e-09
     2	5.00731368774e-09	1.20265326947e-09	6.20996695721e-09
     3	4.46218477783e-09	1.06944534015e-09	5.53163011797e-09
     4	8.03533866893e-09	1.93995766438e-09	9.97529633331e-09
     5	6.76487668239e-09	1.62723649477e-09	8.39211317716e-09
     6	5.94608376217e-09	1.42705349414e-09	7.37313725631e-09
     7	1.14713735933e-08	2.77151002541e-09	1.42428836187e-08
     8	9.58649549375e-09	2.30804178924e-09	1.1894537283e-08
     9	8.37523689364e-09	2.012039867e-09	1.03872767606e-08

Measurement: t_ro16
  step	t_ro16	FROM	TO
     1	5.67960433877e-09	1.35715178582e-09	7.03675612459e-09
     2	4.88642800409e-09	1.16685552176e-09	6.05328352585e-09
     3	4.36609473975e-09	1.04227790016e-09	5.40837263991e-09
     4	7.73411776044e-09	1.84821049759e-09	9.58232825803e-09
     5	6.54634021579e-09	1.56263449959e-09	8.10897471538e-09
     6	5.77795185813e-09	1.3787151828e-09	7.15666704093e-09
     7	1.09617315669e-08	2.6185148843e-09	1.35802464512e-08
     8	9.21057013008e-09	2.19801431729e-09	1.14085844474e-08
     9	8.08308000157e-09	1.9280288452e-09	1.00111088468e-08

Measurement: t_ro17
  step	t_ro17	FROM	TO
     1	5.83711902365e-09	1.40025583e-09	7.23737485365e-09
     2	4.99598185163e-09	1.19630189509e-09	6.19228374673e-09
     3	4.454005277e-09	1.06499548073e-09	5.51900075773e-09
     4	8.01679780999e-09	1.92389477678e-09	9.94069258676e-09
     5	6.75422093854e-09	1.61781729678e-09	8.37203823532e-09
     6	5.93886948863e-09	1.42057349818e-09	7.3594429868e-09
     7	1.14440486179e-08	2.74637913787e-09	1.41904277557e-08
     8	9.57243974251e-09	2.29325402752e-09	1.186569377e-08
     9	8.36680834517e-09	2.00177173127e-09	1.03685800764e-08

Measurement: t_ro18
  step	t_ro18	FROM	TO
     1	6.3318159456e-09	1.50893685111e-09	7.84075279671e-09
     2	5.32017856335e-09	1.26787702222e-09	6.58805558557e-09
     3	4.68350070055e-09	1.11588400205e-09	5.79938470261e-09
     4	8.91521028049e-09	2.12288957844e-09	1.10380998589e-08
     5	7.34455504099e-09	1.74918143203e-09	9.09373647302e-09
     6	6.36341870985e-09	1.5153694358e-09	7.87878814565e-09
     7	1.29588681679e-08	3.08403076955e-09	1.60428989374e-08
     8	1.05846653386e-08	2.51946975739e-09	1.3104135096e-08
     9	9.10735983786e-09	2.16779452946e-09	1.12751543673e-08

Measurement: t_ro19
  step	t_ro19	FROM	TO
     1	5.79832157418e-09	1.39202828083e-09	7.190349855e-09
     2	4.95999995941e-09	1.19069894726e-09	6.15069890667e-09
     3	4.42884888238e-09	1.06047755637e-09	5.48932643875e-09
     4	7.9567967524e-09	1.9122010949e-09	9.8689978473e-09
     5	6.70219206117e-09	1.60930907183e-09	8.31150113299e-09
     6	5.89479165946e-09	1.41412837203e-09	7.30892003149e-09
     7	1.13446426084e-08	2.72773802779e-09	1.40723806362e-08
     8	9.48418788356e-09	2.27930574317e-09	1.17634936267e-08
     9	8.29226181988e-09	1.99195800031e-09	1.02842198202e-08

Measurement: t_ro20
  step	t_ro20	FROM	TO
     1	5.73248881541e-09	1.37453437847e-09	7.10702319388e-09
     2	4.93123650992e-09	1.18048256619e-09	6.11171907611e-09
     3	4.40125815556e-09	1.05316736995e-09	5.45442552551e-09
     4	7.81488783313e-09	1.87438288259e-09	9.68927071572e-09
     5	6.61608106652e-09	1.58437445715e-09	8.20045552368e-09
     6	5.83611151484e-09	1.39631639929e-09	7.23242791413e-09
     7	1.10995472255e-08	2.66228520569e-09	1.37618324312e-08
     8	9.33278799746e-09	2.23511598464e-09	1.15679039821e-08
     9	8.18563890881e-09	1.95857795883e-09	1.01442168676e-08

Measurement: t_ro21
  step	t_ro21	FROM	TO
     1	5.65464197063e-09	1.36397260958e-09	7.0186145802e-09
     2	4.88176706847e-09	1.17576593261e-09	6.05753300108e-09
     3	4.36808155843e-09	1.05116419681e-09	5.41924575525e-09
     4	7.68826301082e-09	1.85595025376e-09	9.54421326458e-09
     5	6.53332714818e-09	1.5750874542e-09	8.10841460238e-09
     6	5.77673997046e-09	1.39147473071e-09	7.16821470116e-09
     7	1.08906629076e-08	2.63010026497e-09	1.35207631726e-08
     8	9.19248492806e-09	2.21729100628e-09	1.14097759343e-08
     9	8.08337092946e-09	1.9483994371e-09	1.00317703666e-08

Measurement: t_ro22
  step	t_ro22	FROM	TO
     1	5.63406122636e-09	1.35267192927e-09	6.98673315563e-09
     2	4.85677572071e-09	1.16520045047e-09	6.02197617118e-09
     3	4.34833728952e-09	1.04311007618e-09	5.3914473657e-09
     4	7.67631403781e-09	1.84423715328e-09	9.52055119109e-09
     5	6.5143636748e-09	1.56352874642e-09	8.07789242121e-09
     6	5.75995003707e-09	1.38162187456e-09	7.14157191163e-09
     7	1.08832307223e-08	2.61446673717e-09	1.34976974594e-08
     8	9.17229893699e-09	2.20192499684e-09	1.13742239338e-08
     9	8.06166658893e-09	1.93502121375e-09	9.99668780269e-09

Measurement: t_ro23
  step	t_ro23	FROM	TO
     1	5.95708855144e-09	1.43319149299e-09	7.39028004443e-09
     2	5.07379017355e-09	1.21952393774e-09	6.29331411129e-09
     3	4.50014557458e-09	1.08010338853e-09	5.58024896312e-09
     4	8.25517342222e-09	1.98766203791e-09	1.02428354601e-08
     5	6.90453775531e-09	1.66064062278e-09	8.56517837809e-09
     6	6.04293344859e-09	1.45195507142e-09	7.49488852001e-09
     7	1.18626115158e-08	2.8576365082e-09	1.4720248024e-08
     8	9.8446610245e-09	2.36907556937e-09	1.22137365939e-08
     9	8.56142973872e-09	2.05856320571e-09	1.06199929444e-08

Measurement: t_ro24
  step	t_ro24	FROM	TO
     1	5.98068732429e-09	1.43945219485e-09	7.42013951913e-09
     2	5.08739277845e-09	1.22238735047e-09	6.30978012893e-09
     3	4.50877394674e-09	1.08176456783e-09	5.59053851457e-09
     4	8.27734420706e-09	1.99439471265e-09	1.02717389197e-08
     5	6.91110890963e-09	1.66222648911e-09	8.57333539874e-09
     6	6.04423050842e-09	1.45182003608e-09	7.4960505445e-09
     7	1.18823053334e-08	2.86479278151e-09	1.47470981149e-08
     8	9.8441743304e-09	2.36944680032e-09	1.22136211307e-08
     9	8.55410337992e-09	2.05642278198e-09	1.06105261619e-08

Measurement: t_ro25
  step	t_ro25	FROM	TO
     1	6.08000217932e-09	1.45843811637e-09	7.53844029569e-09
     2	5.15621452525e-09	1.2343913895e-09	6.39060591475e-09
     3	4.56876041229e-09	1.09211958807e-09	5.66088000036e-09
     4	8.43983397484e-09	2.02476209595e-09	1.04645960708e-08
     5	7.04049541988e-09	1.6865375208e-09	8.72703294068e-09
     6	6.14995869792e-09	1.47045758113e-09	7.62041627905e-09
     7	1.21653491345e-08	2.91813958427e-09	1.50834887188e-08
     8	1.0072937132e-08	2.41192541293e-09	1.2484862545e-08
     9	8.74116050795e-09	2.09010841929e-09	1.08312689272e-08

Measurement: t_ro26
  step	t_ro26	FROM	TO
     1	5.82474509083e-09	1.39745146463e-09	7.22219655546e-09
     2	4.98736711196e-09	1.19480204035e-09	6.1821691523e-09
     3	4.45076337749e-09	1.06492484671e-09	5.5156882242e-09
     4	7.98018820951e-09	1.91539570246e-09	9.89558391197e-09
     5	6.73049407566e-09	1.61267570367e-09	8.34316977933e-09
     6	5.92164216207e-09	1.41705764651e-09	7.33869980859e-09
     7	1.1379383138e-08	2.73146233395e-09	1.41108454719e-08
     8	9.52976074885e-09	2.28364935762e-09	1.18134101065e-08
     9	8.33699540776e-09	1.99570802943e-09	1.03327034372e-08

Measurement: t_ro27
  step	t_ro27	FROM	TO
     1	6.32259126843e-09	1.51416210571e-09	7.83675337414e-09
     2	5.31680217418e-09	1.27195173479e-09	6.58875390897e-09
     3	4.68103025668e-09	1.11892095365e-09	5.79995121033e-09
     4	8.90164353685e-09	2.13130981987e-09	1.10329533567e-08
     5	7.34624410137e-09	1.75723155643e-09	9.1034756578e-09
     6	6.36971823994e-09	1.52238746421e-09	7.89210570415e-09
     7	1.29387907929e-08	3.09689139351e-09	1.60356821864e-08
     8	1.05908531788e-08	2.53270225298e-09	1.31235554317e-08
     9	9.12085746634e-09	2.17972294463e-09	1.1300580411e-08

Measurement: t_ro28
  step	t_ro28	FROM	TO
     1	5.98702069422e-09	1.43517158887e-09	7.42219228309e-09
     2	5.1042225349e-09	1.22154803183e-09	6.32577056674e-09
     3	4.52828977458e-09	1.08267444275e-09	5.61096421732e-09
     4	8.25668058345e-09	1.97959729624e-09	1.02362778797e-08
     5	6.91963344629e-09	1.65619088801e-09	8.5758243343e-09
     6	6.061100173e-09	1.44918888582e-09	7.51028905882e-09
     7	1.18358140037e-08	2.83738649729e-09	1.4673200501e-08
     8	9.84782055474e-09	2.35687585063e-09	1.22046964054e-08
     9	8.57407465966e-09	2.04988380606e-09	1.06239584657e-08

Measurement: t_ro29
  step	t_ro29	FROM	TO
     1	5.79476323878e-09	1.39342626175e-09	7.18818950053e-09
     2	4.96000984265e-09	1.19278638654e-09	6.15279622919e-09
     3	4.42549668005e-09	1.06340151627e-09	5.48889819632e-09
     4	7.96695662542e-09	1.91683521023e-09	9.88379183564e-09
     5	6.71083831699e-09	1.61388404297e-09	8.32472235996e-09
     6	5.90156635401e-09	1.41893608883e-09	7.32050244284e-09
     7	1.13752126528e-08	2.73772017371e-09	1.41129328265e-08
     8	9.50833766733e-09	2.28741160494e-09	1.17957492723e-08
     9	8.31110920413e-09	1.99937173408e-09	1.03104809382e-08

Measurement: t_ro30
  step	t_ro30	FROM	TO
     1	6.2400004485e-09	1.49517341019e-09	7.73517385869e-09
     2	5.27999996611e-09	1.26273018587e-09	6.54273015198e-09
     3	4.63999942055e-09	1.10861958806e-09	5.74861900862e-09
     4	8.71288325653e-09	2.08683084974e-09	1.07997141063e-08
     5	7.21666429686e-09	1.72603069468e-09	8.94269499154e-09
     6	6.27164902763e-09	1.4984534821e-09	7.77010250974e-09
     7	1.26119630086e-08	3.01982437596e-09	1.56317873845e-08
     8	1.03640163386e-08	2.47837201108e-09	1.28423883497e-08
     9	8.94826421443e-09	2.13779503012e-09	1.10860592446e-08

Measurement: t_ro31
  step	t_ro31	FROM	TO
     1	6.03648695061e-09	1.4451642455e-09	7.48165119611e-09
     2	5.12000777405e-09	1.22491960495e-09	6.344927379e-09
     3	4.54678126903e-09	1.08612098671e-09	5.63290225574e-09
     4	8.36709379365e-09	2.00321902484e-09	1.03703128185e-08
     5	6.98698408651e-09	1.67022155055e-09	8.65720563706e-09
     6	6.10681715177e-09	1.45863252543e-09	7.56544967719e-09
     7	1.2034591962e-08	2.88027633425e-09	1.49148682962e-08
     8	9.97271963857e-09	2.38348775211e-09	1.23562073907e-08
     9	8.66147960154e-09	2.0683805309e-09	1.07298601324e-08

Measurement: t_ro32
  step	t_ro32	FROM	TO
     1	5.80153934947e-09	1.40292862661e-09	7.20446797609e-09
     2	4.97351288718e-09	1.19971249865e-09	6.17322538583e-09
     3	4.43404509958e-09	1.06853936421e-09	5.50258446379e-09
     4	7.95273753042e-09	1.92564442687e-09	9.87838195729e-09
     5	6.70619247901e-09	1.61977615549e-09	8.3259686345e-09
     6	5.90162788462e-09	1.42372199573e-09	7.32534988035e-09
     7	1.13346465316e-08	2.74632773163e-09	1.40809742633e-08
     8	9.48809365009e-09	2.29332741178e-09	1.17814210619e-08
     9	8.29991494143e-09	2.0038546603e-09	1.03037696017e-08

Measurement: t_ro33
  step	t_ro33	FROM	TO
     1	6.33196402591e-09	1.52017632899e-09	7.8521403549e-09
     2	5.30974860748e-09	1.27259935009e-09	6.58234795757e-09
     3	4.66919965454e-09	1.11763257408e-09	5.78683222862e-09
     4	8.96032266694e-09	2.15181131293e-09	1.11121339799e-08
     5	7.36000623827e-09	1.7644794802e-09	9.12448571847e-09
     6	6.36660696089e-09	1.52438804558e-09	7.89099500647e-09
     7	1.30571158045e-08	3.13446317314e-09	1.61915789777e-08
     8	1.06303398206e-08	2.54865274738e-09	1.3178992568e-08
     9	9.13080138111e-09	2.18648614725e-09	1.13172875284e-08

Measurement: t_ro34
  step	t_ro34	FROM	TO
     1	6.13700172491e-09	1.47253304902e-09	7.60953477393e-09
     2	5.19685794911e-09	1.24466405478e-09	6.44152200389e-09
     3	4.59596765319e-09	1.10023133948e-09	5.69619899266e-09
     4	8.55810318857e-09	2.05318376274e-09	1.06112869513e-08
     5	7.11426004097e-09	1.70385224356e-09	8.81811228453e-09
     6	6.19997317078e-09	1.48393008093e-09	7.68390325172e-09
     7	1.23501184291e-08	2.96103129806e-09	1.53111497271e-08
     8	1.01853839479e-08	2.43827462734e-09	1.26236585753e-08
     9	8.81864208263e-09	2.11000378126e-09	1.09286458639e-08

Measurement: t_ro35
  step	t_ro35	FROM	TO
     1	6.04808459879e-09	1.4556751051e-09	7.50375970388e-09
     2	5.13757341485e-09	1.23337300961e-09	6.37094642447e-09
     3	4.55585569892e-09	1.09196181342e-09	5.64781751234e-09
     4	8.38313314141e-09	2.01909625214e-09	1.04022293936e-08
     5	7.00387134349e-09	1.6825169119e-09	8.68638825539e-09
     6	6.12259585931e-09	1.46852947948e-09	7.59112533879e-09
     7	1.20572736942e-08	2.90470274775e-09	1.49619764419e-08
     8	9.99661494869e-09	2.40252765056e-09	1.23991425993e-08
     9	8.68394970717e-09	2.0838114275e-09	1.07677611347e-08

Measurement: t_ro36
  step	t_ro36	FROM	TO
     1	5.88716948087e-09	1.39478834734e-09	7.28195782821e-09
     2	5.02751589353e-09	1.19427494534e-09	6.22179083888e-09
     3	4.47999890598e-09	1.06554790331e-09	5.54554680929e-09
     4	8.11462100089e-09	1.91948412742e-09	1.00341051283e-08
     5	6.80890941862e-09	1.614017195e-09	8.42292661362e-09
     6	5.97391520735e-09	1.41858132137e-09	7.39249652872e-09
     7	1.16129717718e-08	2.74432181165e-09	1.43572935834e-08
     8	9.6671571665e-09	2.28708330083e-09	1.19542404673e-08
     9	8.42763620835e-09	1.99786093527e-09	1.04254971436e-08

Measurement: t_ro37
  step	t_ro37	FROM	TO
     1	5.99817690464e-09	1.44207321223e-09	7.44025011687e-09
     2	5.09712358967e-09	1.22474455069e-09	6.32186814036e-09
     3	4.51429970543e-09	1.08425647398e-09	5.5985561794e-09
     4	8.32013778624e-09	2.00232387682e-09	1.03224616631e-08
     5	6.93216038713e-09	1.66632561587e-09	8.59848600301e-09
     6	6.05727602502e-09	1.45553271461e-09	7.51280873963e-09
     7	1.19631781795e-08	2.87864122423e-09	1.48418194038e-08
     8	9.88338529797e-09	2.37633304532e-09	1.22597183433e-08
     9	8.57917946075e-09	2.0622594502e-09	1.06414389109e-08

Measurement: t_ro38
  step	t_ro38	FROM	TO
     1	5.92000176254e-09	1.42689883732e-09	7.34690059986e-09
     2	5.04727583203e-09	1.21404515755e-09	6.26132098958e-09
     3	4.48000260624e-09	1.07731054129e-09	5.55731314753e-09
     4	8.21199757957e-09	1.97964701822e-09	1.01916445978e-08
     5	6.87402216333e-09	1.65506118352e-09	8.52908334686e-09
     6	6.02048107247e-09	1.44807798604e-09	7.46855905851e-09
     7	1.1792491799e-08	2.84379860551e-09	1.46362904045e-08
     8	9.79368339751e-09	2.35902616742e-09	1.21527095649e-08
     9	8.52251813202e-09	2.05108157477e-09	1.05735997068e-08

Measurement: t_ro39
  step	t_ro39	FROM	TO
     1	6.37634458516e-09	1.53058267554e-09	7.90692726071e-09
     2	5.34501372567e-09	1.2821713346e-09	6.62718506028e-09
     3	4.69751013923e-09	1.12655931091e-09	5.82406945014e-09
     4	9.01550437687e-09	2.16420174707e-09	1.11797061239e-08
     5	7.40659615799e-09	1.77660428248e-09	9.18320044048e-09
     6	6.40605759089e-09	1.53619012426e-09	7.94224771515e-09
     7	1.31405906821e-08	3.15402535401e-09	1.62946160361e-08
     8	1.07027879674e-08	2.56692791343e-09	1.32697158808e-08
     9	9.19187213283e-09	2.20431644618e-09	1.1396188579e-08

Measurement: t_ro40
  step	t_ro40	FROM	TO
     1	5.99893048791e-09	1.43886379034e-09	7.43779427826e-09
     2	5.10247462746e-09	1.2219583722e-09	6.32443299966e-09
     3	4.52275973124e-09	1.08182839263e-09	5.60458812388e-09
     4	8.29114606188e-09	1.98873793398e-09	1.02798839959e-08
     5	6.92470556931e-09	1.6591955611e-09	8.58390113041e-09
     6	6.05704092602e-09	1.44958157895e-09	7.50662250497e-09
     7	1.1895820001e-08	2.85320938913e-09	1.47490293902e-08
     8	9.85874391098e-09	2.36250809178e-09	1.22212520028e-08
     9	8.5688881762e-09	2.05126458598e-09	1.06201527622e-08

Measurement: t_ro41
  step	t_ro41	FROM	TO
     1	5.90530940363e-09	1.41985544222e-09	7.32516484585e-09
     2	5.02022714826e-09	1.20528659068e-09	6.22551373894e-09
     3	4.46625906978e-09	1.07165911201e-09	5.53791818179e-09
     4	8.16615973973e-09	1.96416233653e-09	1.01303220763e-08
     5	6.8280571405e-09	1.64047723488e-09	8.46853437538e-09
     6	5.98015773966e-09	1.43561366449e-09	7.41577140415e-09
     7	1.17185006755e-08	2.81933805242e-09	1.45378387279e-08
     8	9.7199780577e-09	2.33623407245e-09	1.20562121301e-08
     9	8.45828864202e-09	2.03158754949e-09	1.04898761915e-08

Measurement: t_ro42
  step	t_ro42	FROM	TO
     1	6.17638323687e-09	1.48108307102e-09	7.65746630789e-09
     2	5.21321663285e-09	1.24758207275e-09	6.46079870559e-09
     3	4.60757798813e-09	1.10137655827e-09	5.7089545464e-09
     4	8.6288181774e-09	2.06950067406e-09	1.06983188515e-08
     5	7.14804372114e-09	1.71100988429e-09	8.85905360542e-09
     6	6.21957614765e-09	1.48689231986e-09	7.70646846751e-09
     7	1.24707845708e-08	2.99047438993e-09	1.54612589608e-08
     8	1.02468748858e-08	2.45269752356e-09	1.26995724094e-08
     9	8.85749967606e-09	2.11738266996e-09	1.0974882346e-08

Measurement: t_ro43
  step	t_ro43	FROM	TO
     1	6.01239407043e-09	1.44058604254e-09	7.45298011297e-09
     2	5.12000107666e-09	1.22492288997e-09	6.34492396662e-09
     3	4.53901841055e-09	1.0857352163e-09	5.62475362685e-09
     4	8.30783547948e-09	1.9906271909e-09	1.02984626704e-08
     5	6.95284984048e-09	1.66417267258e-09	8.61702251306e-09
     6	6.08362189711e-09	1.4548036939e-09	7.53842559102e-09
     7	1.19242787521e-08	2.85662118977e-09	1.47808999419e-08
     8	9.90671733034e-09	2.3709357687e-09	1.2277653099e-08
     9	8.61567803468e-09	2.06057630561e-09	1.06762543403e-08

Measurement: t_ro44
  step	t_ro44	FROM	TO
     1	5.89901594032e-09	1.42671035101e-09	7.32572629133e-09
     2	5.02988336855e-09	1.21478777437e-09	6.24467114292e-09
     3	4.46836247979e-09	1.07794227738e-09	5.54630475717e-09
     4	8.12810365759e-09	1.96864558595e-09	1.00967492435e-08
     5	6.80374099051e-09	1.64552252604e-09	8.44926351655e-09
     6	5.9641128252e-09	1.44097022436e-09	7.40508304956e-09
     7	1.16228455446e-08	2.81735143631e-09	1.44401969809e-08
     8	9.65446934354e-09	2.33712285873e-09	1.19915922023e-08
     9	8.41049245037e-09	2.03409132904e-09	1.04445837794e-08

Measurement: t_ro45
  step	t_ro45	FROM	TO
     1	6.00358182894e-09	1.43564187799e-09	7.43922370692e-09
     2	5.11995383783e-09	1.22165140505e-09	6.34160524289e-09
     3	4.53870734175e-09	1.08311940465e-09	5.62182674639e-09
     4	8.29357208802e-09	1.9829666023e-09	1.02765386903e-08
     5	6.94567887556e-09	1.65813400188e-09	8.60381287743e-09
     6	6.08001313042e-09	1.45057375283e-09	7.53058688325e-09
     7	1.19009489397e-08	2.84414918477e-09	1.47450981245e-08
     8	9.89376523011e-09	2.36111028576e-09	1.22548755159e-08
     9	8.60820780483e-09	2.05290151901e-09	1.06611093238e-08

Measurement: t_ro46
  step	t_ro46	FROM	TO
     1	6.14803946337e-09	1.48088984904e-09	7.62892931241e-09
     2	5.20327075401e-09	1.25245769576e-09	6.45572844978e-09
     3	4.59740262174e-09	1.10615115961e-09	5.70355378135e-09
     4	8.58477753428e-09	2.06962101488e-09	1.06543985492e-08
     5	7.12564414076e-09	1.71639626797e-09	8.84204040873e-09
     6	6.20447771001e-09	1.49384807368e-09	7.69832578369e-09
     7	1.24012432842e-08	2.99142287047e-09	1.53926661547e-08
     8	1.02111516693e-08	2.4609714684e-09	1.26721231377e-08
     9	8.83232159956e-09	2.12778132204e-09	1.09601029216e-08

Measurement: t_ro47
  step	t_ro47	FROM	TO
     1	5.79944062593e-09	1.38924758138e-09	7.18868820732e-09
     2	4.96000403827e-09	1.18675094774e-09	6.14675498601e-09
     3	4.42543943104e-09	1.05784887375e-09	5.48328830479e-09
     4	7.95244571731e-09	1.90498822723e-09	9.85743394455e-09
     5	6.69561008764e-09	1.60198770257e-09	8.29759779021e-09
     6	5.88659026888e-09	1.40724940002e-09	7.29383966891e-09
     7	1.13427396462e-08	2.71663569552e-09	1.40593753417e-08
     8	9.48014097752e-09	2.26794560648e-09	1.1748086584e-08
     9	8.28451583756e-09	1.98032186979e-09	1.02648377073e-08

Measurement: t_ro48
  step	t_ro48	FROM	TO
     1	5.52091933929e-09	1.32445162693e-09	6.84537096623e-09
     2	4.79597266104e-09	1.15027858577e-09	5.94625124682e-09
     3	4.29351995183e-09	1.0283429476e-09	5.32186289942e-09
     4	7.46517904721e-09	1.79135219228e-09	9.2565312395e-09
     5	6.37093728945e-09	1.52722163644e-09	7.89815892589e-09
     6	5.65337108144e-09	1.35433009967e-09	7.00770118111e-09
     7	1.05244548265e-08	2.52535734553e-09	1.3049812172e-08
     8	8.9215412972e-09	2.13893455346e-09	1.10604758507e-08
     9	7.87492409228e-09	1.88663864387e-09	9.76156273614e-09

Measurement: t_ro49
  step	t_ro49	FROM	TO
     1	5.88613823443e-09	1.40390258523e-09	7.29004081966e-09
     2	5.02977667868e-09	1.19930960812e-09	6.2290862868e-09
     3	4.47994883934e-09	1.06716703602e-09	5.54711587536e-09
     4	8.10646820521e-09	1.93191499061e-09	1.00383831958e-08
     5	6.81246254272e-09	1.62328962867e-09	8.43575217138e-09
     6	5.98055445379e-09	1.42502416998e-09	7.40557862376e-09
     7	1.15967861808e-08	2.7617817147e-09	1.43585678955e-08
     8	9.67320340763e-09	2.30355920299e-09	1.19767626106e-08
     9	8.44037169812e-09	2.01003390431e-09	1.04504056024e-08

Measurement: t_ro50
  step	t_ro50	FROM	TO
     1	6.45634130991e-09	1.54857393244e-09	8.00491524235e-09
     2	5.40018721172e-09	1.29355944494e-09	6.69374665666e-09
     3	4.73459454131e-09	1.13288791368e-09	5.86748245499e-09
     4	9.13891933189e-09	2.19197162183e-09	1.13308909537e-08
     5	7.48473077913e-09	1.79297665537e-09	9.2777074345e-09
     6	6.45966598078e-09	1.54594333996e-09	8.00560932074e-09
     7	1.33426099307e-08	3.19968575685e-09	1.65422956876e-08
     8	1.08334368318e-08	2.59497268064e-09	1.34284095124e-08
     9	9.2828775532e-09	2.22159585147e-09	1.15044734047e-08

Measurement: t_ro51
  step	t_ro51	FROM	TO
     1	5.72697604254e-09	1.38178191549e-09	7.10875795803e-09
     2	4.92341242357e-09	1.18545972408e-09	6.10887214765e-09
     3	4.39665676965e-09	1.05722403772e-09	5.45388080736e-09
     4	7.83942669142e-09	1.89340740985e-09	9.73283410127e-09
     5	6.63075228192e-09	1.59861317312e-09	8.22936545504e-09
     6	5.84653696945e-09	1.40770368488e-09	7.25424065434e-09
     7	1.11560130639e-08	2.6966165776e-09	1.38526296415e-08
     8	9.36980299711e-09	2.26069339899e-09	1.16304963961e-08
     9	8.21297607803e-09	1.9792842992e-09	1.01922603772e-08

Measurement: t_ro52
  step	t_ro52	FROM	TO
     1	5.826972262e-09	1.39557466663e-09	7.22254692863e-09
     2	4.98122839631e-09	1.19126023252e-09	6.17248862883e-09
     3	4.44024181403e-09	1.06164174802e-09	5.50188356204e-09
     4	8.00695587365e-09	1.91766774031e-09	9.92462361396e-09
     5	6.7332405862e-09	1.6109041167e-09	8.34414470289e-09
     6	5.91799983908e-09	1.41517408212e-09	7.3331739212e-09
     7	1.14363024879e-08	2.73862118868e-09	1.41749236765e-08
     8	9.54509846484e-09	2.28337737431e-09	1.18284758391e-08
     9	8.33459617942e-09	1.99236927045e-09	1.03269654499e-08

Measurement: t_ro53
  step	t_ro53	FROM	TO
     1	5.70575256958e-09	1.36950173117e-09	7.07525430075e-09
     2	4.90734293914e-09	1.17492896822e-09	6.08227190736e-09
     3	4.3863370501e-09	1.04882665478e-09	5.43516370487e-09
     4	7.76504401321e-09	1.86507441071e-09	9.63011842392e-09
     5	6.57968376411e-09	1.57654917847e-09	8.15623294258e-09
     6	5.80868037185e-09	1.38959121707e-09	7.19827158893e-09
     7	1.10169591397e-08	2.64646076686e-09	1.36634199066e-08
     8	9.2716674161e-09	2.22229909079e-09	1.14939665069e-08
     9	8.13948976513e-09	1.94779475762e-09	1.00872845228e-08

Measurement: t_ro54
  step	t_ro54	FROM	TO
     1	5.76000748212e-09	1.37822304788e-09	7.13823052999e-09
     2	4.94231671813e-09	1.18087905046e-09	6.1231957686e-09
     3	4.40949733914e-09	1.05299983055e-09	5.46249716969e-09
     4	7.86622754954e-09	1.88179948822e-09	9.74802703776e-09
     5	6.64385205246e-09	1.58747668309e-09	8.23132873555e-09
     6	5.85274658315e-09	1.39745843734e-09	7.25020502049e-09
     7	1.1194857354e-08	2.67743242875e-09	1.38722897828e-08
     8	9.38849912454e-09	2.24284945376e-09	1.16313485783e-08
     9	8.22258847488e-09	1.96293000374e-09	1.01855184786e-08

Measurement: t_ro55
  step	t_ro55	FROM	TO
     1	6.16718278535e-09	1.47957807226e-09	7.64676085761e-09
     2	5.220746276e-09	1.24945690572e-09	6.47020318172e-09
     3	4.61181849549e-09	1.10229409633e-09	5.71411259182e-09
     4	8.58770478168e-09	2.06153971943e-09	1.06492445011e-08
     5	7.13596785134e-09	1.70835924272e-09	8.84432709406e-09
     6	6.21705675139e-09	1.48616425306e-09	7.70322100446e-09
     7	1.23919827675e-08	2.97460397589e-09	1.53665867434e-08
     8	1.02170624446e-08	2.44586694931e-09	1.26629293939e-08
     9	8.84419245241e-09	2.11422470577e-09	1.09584171582e-08

Measurement: t_ro56
  step	t_ro56	FROM	TO
     1	6.00497368217e-09	1.45138185541e-09	7.45635553758e-09
     2	5.10164411124e-09	1.23052208465e-09	6.33216619589e-09
     3	4.51749739496e-09	1.08880578531e-09	5.60630318027e-09
     4	8.34478988956e-09	2.02043178839e-09	1.03652216779e-08
     5	6.95082981021e-09	1.67931026939e-09	8.6301400796e-09
     6	6.07221308663e-09	1.4653525809e-09	7.53756566753e-09
     7	1.20092306824e-08	2.91060787284e-09	1.49198385552e-08
     8	9.91910065013e-09	2.39871702269e-09	1.23178176728e-08
     9	8.60660355436e-09	2.078812733e-09	1.06854162874e-08

Measurement: t_ro57
  step	t_ro57	FROM	TO
     1	5.94560843698e-09	1.43033767616e-09	7.37594611313e-09
     2	5.08109058809e-09	1.21961810892e-09	6.30070869701e-09
     3	4.51379160646e-09	1.08191122923e-09	5.5957028357e-09
     4	8.20528349081e-09	1.97531263409e-09	1.01805961249e-08
     5	6.89253307199e-09	1.65607017717e-09	8.54860324917e-09
     6	6.04431097075e-09	1.45024489735e-09	7.4945558681e-09
     7	1.17628965288e-08	2.83268704782e-09	1.45955835766e-08
     8	9.81025858471e-09	2.35837536946e-09	1.21686339542e-08
     9	8.55167161709e-09	2.05315951274e-09	1.06048311298e-08

Measurement: t_ro58
  step	t_ro58	FROM	TO
     1	5.65260790143e-09	1.35313321468e-09	7.00574111611e-09
     2	4.87411571766e-09	1.16572627681e-09	6.03984199447e-09
     3	4.36114943757e-09	1.04269300672e-09	5.40384244429e-09
     4	7.66605726547e-09	1.83522014004e-09	9.5012774055e-09
     5	6.51169588191e-09	1.55736364506e-09	8.06905952697e-09
     6	5.75995940949e-09	1.37614966731e-09	7.13610907681e-09
     7	1.0845833398e-08	2.59594753808e-09	1.34417809361e-08
     8	9.15233203834e-09	2.18858093581e-09	1.13409129742e-08
     9	8.04812327011e-09	1.92357108568e-09	9.97169435579e-09

Measurement: t_ro59
  step	t_ro59	FROM	TO
     1	5.61674570995e-09	1.35080753763e-09	6.96755324758e-09
     2	4.85003079943e-09	1.1653694861e-09	6.01540028553e-09
     3	4.3416428054e-09	1.04258862487e-09	5.38423143028e-09
     4	7.61628504376e-09	1.83324488375e-09	9.44952992752e-09
     5	6.47822426089e-09	1.55759284685e-09	8.03581710774e-09
     6	5.73410964184e-09	1.37793496596e-09	7.1120446078e-09
     7	1.07694248144e-08	2.5934707913e-09	1.33628956057e-08
     8	9.09912971198e-09	2.18869696809e-09	1.12878266801e-08
     9	8.00990548423e-09	1.92593879064e-09	9.93584427487e-09

Measurement: t_ro60
  step	t_ro60	FROM	TO
     1	5.99717838906e-09	1.44013913207e-09	7.43731752113e-09
     2	5.09928271153e-09	1.2229368027e-09	6.32221951423e-09
     3	4.52241542177e-09	1.08371666175e-09	5.60613208352e-09
     4	8.33043847754e-09	2.00095738325e-09	1.03313958608e-08
     5	6.95858887994e-09	1.66953705602e-09	8.62812593595e-09
     6	6.08403534106e-09	1.45845782737e-09	7.54249316844e-09
     7	1.19952695869e-08	2.8816207076e-09	1.48768902945e-08
     8	9.94152289105e-09	2.38551932023e-09	1.23270422113e-08
     9	8.6362866236e-09	2.0707645593e-09	1.07070511829e-08

Measurement: t_ro61
  step	t_ro61	FROM	TO
     1	6.43368550488e-09	1.5399603347e-09	7.97364583958e-09
     2	5.39019638288e-09	1.2886613328e-09	6.67885771568e-09
     3	4.72982098253e-09	1.12982913966e-09	5.85965012219e-09
     4	9.08626673585e-09	2.17452009348e-09	1.12607868293e-08
     5	7.45795551664e-09	1.78294334587e-09	9.24089886251e-09
     6	6.44342957827e-09	1.53914386075e-09	7.98257343901e-09
     7	1.32457470304e-08	3.16897533824e-09	1.64147223687e-08
     8	1.07811416418e-08	2.57678377099e-09	1.33579254128e-08
     9	9.25022597378e-09	2.20925042499e-09	1.14594763988e-08

Measurement: t_ro62
  step	t_ro62	FROM	TO
     1	6.43830956754e-09	1.55385874414e-09	7.99216831169e-09
     2	5.34415509561e-09	1.28802445069e-09	6.6321795463e-09
     3	4.67968447053e-09	1.12739563186e-09	5.80708010239e-09
     4	9.17678693052e-09	2.22037411979e-09	1.13971610503e-08
     5	7.43263691075e-09	1.79563524692e-09	9.22827215767e-09
     6	6.39325507801e-09	1.54315714464e-09	7.93641222265e-09
     7	1.34050743504e-08	3.2501079816e-09	1.6655182332e-08
     8	1.07499388287e-08	2.60145808387e-09	1.33513969126e-08
     9	9.17241215653e-09	2.21748482322e-09	1.13898969797e-08

Measurement: t_ro63
  step	t_ro63	FROM	TO
     1	5.69625894227e-09	1.3744930807e-09	7.07075202297e-09
     2	4.90209924635e-09	1.18202427537e-09	6.08412352172e-09
     3	4.38081321183e-09	1.05556983631e-09	5.43638304813e-09
     4	7.76661774582e-09	1.8775417099e-09	9.64415945571e-09
     5	6.58211839896e-09	1.58932548386e-09	8.17144388282e-09
     6	5.81099092102e-09	1.40202959611e-09	7.21302051713e-09
     7	1.10332404492e-08	2.67010461401e-09	1.37033450632e-08
     8	9.28605404464e-09	2.24440844886e-09	1.15304624935e-08
     9	8.15131608282e-09	1.96868918741e-09	1.01200052702e-08

Measurement: t_ro64
  step	t_ro64	FROM	TO
     1	6.23780090488e-09	1.49291539425e-09	7.73071629912e-09
     2	5.27999998947e-09	1.26297319917e-09	6.54297318863e-09
     3	4.63999904944e-09	1.1085216718e-09	5.74852072124e-09
     4	8.69481715393e-09	2.08266709807e-09	1.0777484252e-08
     5	7.21050283616e-09	1.72489646054e-09	8.93539929671e-09
     6	6.27035848866e-09	1.49870857134e-09	7.76906706e-09
     7	1.25823307725e-08	3.01331369544e-09	1.5595644468e-08
     8	1.0354302103e-08	2.47665170433e-09	1.28309538074e-08
     9	8.94664925544e-09	2.13823467778e-09	1.10848839332e-08

Measurement: t_ro65
  step	t_ro65	FROM	TO
     1	5.85413649483e-09	1.40640776914e-09	7.26054426397e-09
     2	5.0110842792e-09	1.2021156776e-09	6.2131999568e-09
     3	4.46248334369e-09	1.06961332853e-09	5.53209667222e-09
     4	8.04354917555e-09	1.93317103873e-09	9.97672021428e-09
     5	6.77330719086e-09	1.62574725581e-09	8.39905444667e-09
     6	5.95288687666e-09	1.42751329467e-09	7.38040017133e-09
     7	1.14865589661e-08	2.7612428855e-09	1.42478018516e-08
     8	9.60303152704e-09	2.30561519108e-09	1.19086467181e-08
     9	8.38986611331e-09	2.01271366603e-09	1.04025797793e-08

Measurement: t_ro66
  step	t_ro66	FROM	TO
     1	5.87289219875e-09	1.40306021816e-09	7.27595241691e-09
     2	5.02366016249e-09	1.19870447103e-09	6.22236463352e-09
     3	4.47277061505e-09	1.06737709861e-09	5.54014771366e-09
     4	8.05532681012e-09	1.92179759425e-09	9.97712440437e-09
     5	6.77877667698e-09	1.61652516765e-09	8.39530184463e-09
     6	5.95678720329e-09	1.42030061433e-09	7.37708781762e-09
     7	1.14930914419e-08	2.73804662834e-09	1.42311380703e-08
     8	9.60202220939e-09	2.28757389859e-09	1.1889596108e-08
     9	8.38777951902e-09	1.99827230481e-09	1.03860518238e-08

Measurement: t_ro67
  step	t_ro67	FROM	TO
     1	5.93195922488e-09	1.41713890439e-09	7.34909812927e-09
     2	5.0565547433e-09	1.20681207537e-09	6.26336681866e-09
     3	4.47999545542e-09	1.06928741038e-09	5.5492828658e-09
     4	8.21749858056e-09	1.96194441417e-09	1.01794429947e-08
     5	6.87070282585e-09	1.6392431579e-09	8.50994598375e-09
     6	6.01496993607e-09	1.43457120745e-09	7.44954114352e-09
     7	1.17957710411e-08	2.8151079079e-09	1.4610878949e-08
     8	9.78266161194e-09	2.33328883072e-09	1.21159504427e-08
     9	8.50949735832e-09	2.02882786489e-09	1.05383252232e-08

Measurement: t_ro68
  step	t_ro68	FROM	TO
     1	5.59999991279e-09	1.33967929429e-09	6.93967920708e-09
     2	4.84882674582e-09	1.1584432117e-09	6.00726995752e-09
     3	4.3443883294e-09	1.03766177821e-09	5.38205010761e-09
     4	7.5895095258e-09	1.81603331981e-09	9.40554284561e-09
     5	6.46597657658e-09	1.54516511181e-09	8.01114168839e-09
     6	5.7273329914e-09	1.36779616287e-09	7.09512915427e-09
     7	1.07214422699e-08	2.56474069141e-09	1.32861829613e-08
     8	9.07473665032e-09	2.16816044663e-09	1.12428970969e-08
     9	7.99539537295e-09	1.90882341471e-09	9.90421878766e-09

Measurement: t_ro69
  step	t_ro69	FROM	TO
     1	6.02009982707e-09	1.44366980453e-09	7.4637696316e-09
     2	5.12004609923e-09	1.22689117465e-09	6.34693727388e-09
     3	4.54004274016e-09	1.08606180342e-09	5.62610454359e-09
     4	8.30976486447e-09	1.99310758959e-09	1.03028724541e-08
     5	6.95009924756e-09	1.6648556125e-09	8.61495486006e-09
     6	6.08011872776e-09	1.4550902302e-09	7.53520895796e-09
     7	1.19276090613e-08	2.8607460253e-09	1.47883550866e-08
     8	9.90303216865e-09	2.37235083056e-09	1.22753829992e-08
     9	8.60982395762e-09	2.06051763533e-09	1.06703415929e-08

Measurement: t_ro70
  step	t_ro70	FROM	TO
     1	5.94979334505e-09	1.42272097047e-09	7.37251431552e-09
     2	5.06968910652e-09	1.21101329275e-09	6.28070239926e-09
     3	4.49976547185e-09	1.07427296999e-09	5.57403844184e-09
     4	8.20669642727e-09	1.96263010634e-09	1.01693265336e-08
     5	6.86704359519e-09	1.64051615647e-09	8.50755975166e-09
     6	6.01420528238e-09	1.43578563799e-09	7.44999092038e-09
     7	1.17409180091e-08	2.80726948444e-09	1.45481874936e-08
     8	9.74812303067e-09	2.32839365622e-09	1.20765166869e-08
     9	8.48447313481e-09	2.02528504789e-09	1.05097581827e-08

Measurement: t_ro71
  step	t_ro71	FROM	TO
     1	6.08001340197e-09	1.45452068101e-09	7.53453408299e-09
     2	5.15252585288e-09	1.23089574633e-09	6.38342159921e-09
     3	4.56264038397e-09	1.08921679453e-09	5.6518571785e-09
     4	8.47442263405e-09	2.02594880496e-09	1.0500371439e-08
     5	7.05185185992e-09	1.68422585412e-09	8.73607771405e-09
     6	6.15244081094e-09	1.46857651501e-09	7.62101732596e-09
     7	1.22242107177e-08	2.92062724073e-09	1.51448379585e-08
     8	1.0091692838e-08	2.40922188481e-09	1.25009147228e-08
     9	8.74662648385e-09	2.0870581428e-09	1.08336846267e-08

Measurement: t_ro72
  step	t_ro72	FROM	TO
     1	5.93750354049e-09	1.42009565716e-09	7.35759919765e-09
     2	5.06573607366e-09	1.21021713382e-09	6.27595320748e-09
     3	4.49494210565e-09	1.07348258976e-09	5.56842469542e-09
     4	8.2015495077e-09	1.96119316565e-09	1.01627426733e-08
     5	6.87085093171e-09	1.6413989147e-09	8.51224984642e-09
     6	6.01838382365e-09	1.43697267845e-09	7.4553565021e-09
     7	1.17647842889e-08	2.81247326284e-09	1.45772575517e-08
     8	9.7810265768e-09	2.33616581346e-09	1.21171923903e-08
     9	8.51406828838e-09	2.03240899986e-09	1.05464772882e-08

Measurement: t_ro73
  step	t_ro73	FROM	TO
     1	6.40000540901e-09	1.53445852278e-09	7.93446393178e-09
     2	5.37607129084e-09	1.28652647611e-09	6.66259776695e-09
     3	4.72310686379e-09	1.1292073778e-09	5.8523142416e-09
     4	9.02188150833e-09	2.16306395791e-09	1.11849454662e-08
     5	7.43572473613e-09	1.77951007337e-09	9.2152348095e-09
     6	6.43834634497e-09	1.5392344831e-09	7.97758082807e-09
     7	1.31393786198e-08	3.14944796406e-09	1.62888265838e-08
     8	1.07426892297e-08	2.57044117819e-09	1.33131304079e-08
     9	9.23964008028e-09	2.2086250285e-09	1.14482651088e-08

Measurement: t_ro74
  step	t_ro74	FROM	TO
     1	6.56018623883e-09	1.59060773375e-09	8.15079397258e-09
     2	5.46190030379e-09	1.3198838575e-09	6.78178416129e-09
     3	4.78235149581e-09	1.15360595463e-09	5.93595745044e-09
     4	9.33801115063e-09	2.26550633941e-09	1.160351749e-08
     5	7.6086184792e-09	1.84104645558e-09	9.44966493477e-09
     6	6.54752344165e-09	1.58171053105e-09	8.1292339727e-09
     7	1.36682484206e-08	3.31795429241e-09	1.6986202713e-08
     8	1.10386736157e-08	2.67313334902e-09	1.37118069647e-08
     9	9.4295664793e-09	2.28007660388e-09	1.17096430832e-08

Measurement: t_ro75
  step	t_ro75	FROM	TO
     1	5.76000137329e-09	1.38751660057e-09	7.14751797387e-09
     2	4.95084530516e-09	1.19038489842e-09	6.14123020359e-09
     3	4.40883249068e-09	1.05854556651e-09	5.46737805719e-09
     4	7.94017293024e-09	1.91262737374e-09	9.85280030398e-09
     5	6.68168550715e-09	1.60789064291e-09	8.28957615007e-09
     6	5.87652657801e-09	1.41266944587e-09	7.28919602387e-09
     7	1.13321247439e-08	2.73118361114e-09	1.40633083551e-08
     8	9.4648259939e-09	2.27922691712e-09	1.1744052911e-08
     9	8.27365450251e-09	1.99054618316e-09	1.02642006857e-08

Measurement: t_ro76
  step	t_ro76	FROM	TO
     1	6.45542617645e-09	1.55094402599e-09	8.00637020243e-09
     2	5.40840013819e-09	1.29771246179e-09	6.70611259998e-09
     3	4.74775893798e-09	1.13820160553e-09	5.88596054351e-09
     4	9.10633349438e-09	2.18911081677e-09	1.12954443111e-08
     5	7.48101678996e-09	1.79563683556e-09	9.27665362552e-09
     6	6.46584892106e-09	1.55086097004e-09	8.0167098911e-09
     7	1.32710533088e-08	3.19047742339e-09	1.64615307322e-08
     8	1.08107590086e-08	2.59535835699e-09	1.34061173656e-08
     9	9.27941848111e-09	2.2260599207e-09	1.15054784018e-08

Measurement: t_ro77
  step	t_ro77	FROM	TO
     1	5.79672997655e-09	1.39238169865e-09	7.1891116752e-09
     2	4.96826817945e-09	1.19157654018e-09	6.15984471962e-09
     3	4.43056681079e-09	1.06184152897e-09	5.49240833976e-09
     4	7.93165174231e-09	1.90622121841e-09	9.83787296072e-09
     5	6.69221511597e-09	1.60590535186e-09	8.29812046783e-09
     6	5.88993364764e-09	1.41209857218e-09	7.30203221983e-09
     7	1.12992690129e-08	2.71625376666e-09	1.40155227796e-08
     8	9.46654092051e-09	2.2723253779e-09	1.17388662984e-08
     9	8.28320513242e-09	1.98651247149e-09	1.02697176039e-08

Measurement: t_ro78
  step	t_ro78	FROM	TO
     1	6.05021686558e-09	1.44642309561e-09	7.49663996119e-09
     2	5.11999917748e-09	1.22271754211e-09	6.34271671959e-09
     3	4.53524489987e-09	1.08278441781e-09	5.61802931768e-09
     4	8.44234751011e-09	2.01769154192e-09	1.0460039052e-08
     5	7.00925224233e-09	1.67377643008e-09	8.68302867241e-09
     6	6.11260434427e-09	1.45903750104e-09	7.57164184532e-09
     7	1.21692445542e-08	2.90731281779e-09	1.5076557372e-08
     8	1.00174094481e-08	2.39140970983e-09	1.24088191579e-08
     9	8.67582992616e-09	2.07023405411e-09	1.07460639803e-08

Measurement: t_ro79
  step	t_ro79	FROM	TO
     1	6.19140794251e-09	1.4818618155e-09	7.67326975802e-09
     2	5.23301723458e-09	1.25081371731e-09	6.48383095189e-09
     3	4.62426535374e-09	1.10458037502e-09	5.72884572877e-09
     4	8.60380523537e-09	2.05912441024e-09	1.06629296456e-08
     5	7.14056744599e-09	1.70682589612e-09	8.84739334211e-09
     6	6.21617218234e-09	1.48468610093e-09	7.70085828328e-09
     7	1.24024334963e-08	2.96762989256e-09	1.53700633888e-08
     8	1.02135488386e-08	2.44103586544e-09	1.2654584704e-08
     9	8.83431845135e-09	2.10976257849e-09	1.09440810298e-08

Measurement: t_ro80
  step	t_ro80	FROM	TO
     1	6.03777983299e-09	1.45448580124e-09	7.49226563423e-09
     2	5.12991932703e-09	1.23265711797e-09	6.362576445e-09
     3	4.54586344516e-09	1.09118950185e-09	5.63705294701e-09
     4	8.37056282725e-09	2.01895618528e-09	1.03895190125e-08
     5	6.98918761926e-09	1.68159448342e-09	8.67078210268e-09
     6	6.10884976867e-09	1.46784357923e-09	7.5766933479e-09
     7	1.20383017106e-08	2.90536314796e-09	1.49436648586e-08
     8	9.97342405603e-09	2.40146960512e-09	1.23748936611e-08
     9	8.6615291199e-09	2.08305339996e-09	1.07445825199e-08

Measurement: t_ro81
  step	t_ro81	FROM	TO
     1	5.8432415138e-09	1.40425497486e-09	7.24749648866e-09
     2	4.99806560777e-09	1.20118149195e-09	6.19924709972e-09
     3	4.45113713014e-09	1.06981165489e-09	5.52094878503e-09
     4	8.02803110955e-09	1.93050392902e-09	9.95853503857e-09
     5	6.75164024166e-09	1.62315929695e-09	8.37479953861e-09
     6	5.93114869726e-09	1.42640622945e-09	7.35755492671e-09
     7	1.14724017052e-08	2.75971803614e-09	1.42321197414e-08
     8	9.57622946776e-09	2.30307442426e-09	1.1879303892e-08
     9	8.36161536254e-09	2.01166334304e-09	1.03732787056e-08

Measurement: t_ro82
  step	t_ro82	FROM	TO
     1	6.0529075345e-09	1.44655385923e-09	7.49946139373e-09
     2	5.14041538129e-09	1.22736232355e-09	6.36777770484e-09
     3	4.55385935274e-09	1.08677123465e-09	5.64063058739e-09
     4	8.39928513301e-09	2.00706866943e-09	1.04063538024e-08
     5	7.00751001129e-09	1.67278262987e-09	8.68029264116e-09
     6	6.12100368303e-09	1.46043433693e-09	7.58143801996e-09
     7	1.20953338681e-08	2.88913346168e-09	1.49844673297e-08
     8	1.00116267837e-08	2.38929181429e-09	1.2400918598e-08
     9	8.68904091265e-09	2.07256893582e-09	1.07616098485e-08

Measurement: t_ro83
  step	t_ro83	FROM	TO
     1	6.09510875505e-09	1.47541975958e-09	7.57052851463e-09
     2	5.17286786803e-09	1.24631177598e-09	6.41917964402e-09
     3	4.57924980228e-09	1.10079770542e-09	5.6800475077e-09
     4	8.46670156942e-09	2.05083713143e-09	1.05175387008e-08
     5	7.04668030123e-09	1.69961514976e-09	8.74629545099e-09
     6	6.14824199941e-09	1.47971600715e-09	7.62795800657e-09
     7	1.21834233121e-08	2.95077539507e-09	1.51341987071e-08
     8	1.00572783033e-08	2.42659523763e-09	1.24838735409e-08
     9	8.71704353763e-09	2.09943122354e-09	1.08164747612e-08

Measurement: t_ro84
  step	t_ro84	FROM	TO
     1	5.99157758426e-09	1.43526388233e-09	7.42684146659e-09
     2	5.09828567992e-09	1.22023095575e-09	6.31851663567e-09
     3	4.51740548317e-09	1.07994288187e-09	5.59734836503e-09
     4	8.30311959027e-09	1.98794001645e-09	1.02910596067e-08
     5	6.93165366983e-09	1.65810669794e-09	8.58976036777e-09
     6	6.06269843025e-09	1.44935520478e-09	7.51205363503e-09
     7	1.19204998249e-08	2.85010183298e-09	1.47706016579e-08
     8	9.87400944348e-09	2.36043841333e-09	1.22344478568e-08
     9	8.5800249496e-09	2.05026968611e-09	1.06302946357e-08

Measurement: t_ro85
  step	t_ro85	FROM	TO
     1	5.76588499538e-09	1.38218448862e-09	7.14806948399e-09
     2	4.95430786489e-09	1.18695051004e-09	6.14125837492e-09
     3	4.4162922035e-09	1.05646244043e-09	5.47275464393e-09
     4	7.91341241048e-09	1.89714587676e-09	9.81055828724e-09
     5	6.6740786679e-09	1.59809975549e-09	8.27217842339e-09
     6	5.87454111562e-09	1.40562704102e-09	7.28016815665e-09
     7	1.12826611119e-08	2.70466671638e-09	1.39873278282e-08
     8	9.4463459891e-09	2.26190738723e-09	1.17082533763e-08
     9	8.26461026327e-09	1.97747971348e-09	1.02420899767e-08

Measurement: t_ro86
  step	t_ro86	FROM	TO
     1	5.83952353308e-09	1.39700603633e-09	7.2365295694e-09
     2	4.99574579438e-09	1.1938194707e-09	6.18956526508e-09
     3	4.4480158055e-09	1.06216015736e-09	5.51017596285e-09
     4	8.02074472647e-09	1.91853045999e-09	9.93927518646e-09
     5	6.74454011144e-09	1.61159887637e-09	8.35613898781e-09
     6	5.92533632942e-09	1.41472028785e-09	7.34005661726e-09
     7	1.14530450248e-08	2.73884672602e-09	1.41918917508e-08
     8	9.56015264146e-09	2.28397976923e-09	1.18441324107e-08
     9	8.34968287938e-09	1.99344109531e-09	1.03431239747e-08

Measurement: t_ro87
  step	t_ro87	FROM	TO
     1	5.72644984348e-09	1.378452506e-09	7.10490234949e-09
     2	4.92195996687e-09	1.18434536316e-09	6.10630533003e-09
     3	4.39105940987e-09	1.05673546097e-09	5.44779487084e-09
     4	7.83617391915e-09	1.88915763581e-09	9.72533155496e-09
     5	6.62164264066e-09	1.59576610966e-09	8.21740875032e-09
     6	5.83633478794e-09	1.4061646751e-09	7.24249946304e-09
     7	1.11544215019e-08	2.69164154472e-09	1.38460630466e-08
     8	9.35885138233e-09	2.25752908982e-09	1.16163804721e-08
     9	8.19986198499e-09	1.97750639799e-09	1.0177368383e-08

Measurement: t_ro88
  step	t_ro88	FROM	TO
     1	6.05038876875e-09	1.45954314079e-09	7.50993190954e-09
     2	5.12000845524e-09	1.23393503687e-09	6.35394349211e-09
     3	4.53968885177e-09	1.09244739142e-09	5.63213624319e-09
     4	8.42749870886e-09	2.03579285086e-09	1.04632915597e-08
     5	7.01055296581e-09	1.69144275537e-09	8.70199572118e-09
     6	6.11686887931e-09	1.47429157205e-09	7.59116045136e-09
     7	1.21400855697e-08	2.93459271192e-09	1.50746782816e-08
     8	1.00181255379e-08	2.41877153963e-09	1.24368970775e-08
     9	8.68380880365e-09	2.09485557325e-09	1.07786643769e-08

Measurement: t_ro89
  step	t_ro89	FROM	TO
     1	5.85412051105e-09	1.4035184581e-09	7.25763896915e-09
     2	5.00213003827e-09	1.19753359474e-09	6.19966363301e-09
     3	4.4521848331e-09	1.06494351753e-09	5.51712835063e-09
     4	8.0865129949e-09	1.93888565328e-09	1.00253986482e-08
     5	6.78949107585e-09	1.62573890266e-09	8.41522997851e-09
     6	5.95908463811e-09	1.42557370333e-09	7.38465834144e-09
     7	1.15829296891e-08	2.77697457472e-09	1.43599042638e-08
     8	9.65102346745e-09	2.31096569071e-09	1.19619891582e-08
     9	8.41750970317e-09	2.01380390583e-09	1.0431313609e-08

Measurement: t_ro90
  step	t_ro90	FROM	TO
     1	6.0158807644e-09	1.44835226869e-09	7.46423303308e-09
     2	5.11597637338e-09	1.2302064769e-09	6.34618285028e-09
     3	4.52679444341e-09	1.08800899985e-09	5.61480344325e-09
     4	8.35001874732e-09	2.01226337964e-09	1.0362282127e-08
     5	6.9617418547e-09	1.67649632004e-09	8.63823817474e-09
     6	6.08022275287e-09	1.46428495122e-09	7.54450770409e-09
     7	1.20092010914e-08	2.89568058663e-09	1.49048816781e-08
     8	9.93270653364e-09	2.39330100241e-09	1.23260075361e-08
     9	8.62212505943e-09	2.07633674166e-09	1.06984618011e-08

Measurement: t_ro91
  step	t_ro91	FROM	TO
     1	6.0329213283e-09	1.45229138594e-09	7.48521271424e-09
     2	5.12485490185e-09	1.23127578014e-09	6.35613068199e-09
     3	4.54069446898e-09	1.08979085309e-09	5.63048532207e-09
     4	8.38125742835e-09	2.01952175967e-09	1.0400779188e-08
     5	6.99458132597e-09	1.68256450132e-09	8.67714582729e-09
     6	6.11159981249e-09	1.4682447407e-09	7.57984455318e-09
     7	1.20676267977e-08	2.9089647194e-09	1.49765915171e-08
     8	9.99315300204e-09	2.405307476e-09	1.2398460478e-08
     9	8.67635847165e-09	2.08604287627e-09	1.07624013479e-08

Measurement: t_ro92
  step	t_ro92	FROM	TO
     1	5.6549975744e-09	1.35986188185e-09	7.01485945626e-09
     2	4.87490718022e-09	1.1705396814e-09	6.04544686162e-09
     3	4.36503748591e-09	1.0472132509e-09	5.41225073681e-09
     4	7.68685865385e-09	1.84944756028e-09	9.53630621413e-09
     5	6.52803540918e-09	1.56849955708e-09	8.09653496627e-09
     6	5.7708560395e-09	1.38523975309e-09	7.15609579259e-09
     7	1.08918373749e-08	2.62145175288e-09	1.35132891278e-08
     8	9.18714674879e-09	2.20834356316e-09	1.13954903119e-08
     9	8.07647241553e-09	1.93967420041e-09	1.00161466159e-08

Measurement: t_ro93
  step	t_ro93	FROM	TO
     1	6.12287196781e-09	1.46817918516e-09	7.59105115297e-09
     2	5.18158915515e-09	1.24106087414e-09	6.42265002929e-09
     3	4.58144639988e-09	1.09679804839e-09	5.67824444827e-09
     4	8.53408700726e-09	2.04674288007e-09	1.05808298873e-08
     5	7.08906753305e-09	1.69803776384e-09	8.78710529689e-09
     6	6.17683068253e-09	1.47864800582e-09	7.65547868835e-09
     7	1.23171865254e-08	2.95372135124e-09	1.52709078766e-08
     8	1.01510190991e-08	2.43134775088e-09	1.258236685e-08
     9	8.78768187794e-09	2.10349305726e-09	1.08911749352e-08

Measurement: t_ro94
  step	t_ro94	FROM	TO
     1	6.26304132123e-09	1.50210715785e-09	7.76514847908e-09
     2	5.28000195818e-09	1.26518748155e-09	6.54518943973e-09
     3	4.66952772831e-09	1.11655164348e-09	5.78607937179e-09
     4	8.75404193156e-09	2.10046932544e-09	1.0854511257e-08
     5	7.2671111318e-09	1.73985562404e-09	9.00696675584e-09
     6	6.31996148701e-09	1.51137745264e-09	7.83133893965e-09
     7	1.26756949458e-08	3.04073088189e-09	1.57164258277e-08
     8	1.04431472725e-08	2.50009636683e-09	1.29432436394e-08
     9	9.02486659612e-09	2.15817151654e-09	1.11830381127e-08

Measurement: t_ro95
  step	t_ro95	FROM	TO
     1	6.02758462281e-09	1.45012709588e-09	7.4777117187e-09
     2	5.1200006966e-09	1.23055883789e-09	6.35055953449e-09
     3	4.5421326376e-09	1.08919706967e-09	5.63132970727e-09
     4	8.37712000393e-09	2.01805977418e-09	1.03951797781e-08
     5	6.99346853112e-09	1.68205124922e-09	8.67551978033e-09
     6	6.1114089707e-09	1.46807528653e-09	7.57948425723e-09
     7	1.20610848005e-08	2.90844272286e-09	1.49695275233e-08
     8	9.99016606366e-09	2.40537987267e-09	1.23955459363e-08
     9	8.67467974827e-09	2.08657093613e-09	1.07612506844e-08

Measurement: t_ro96
  step	t_ro96	FROM	TO
     1	6.01084711849e-09	1.44094287649e-09	7.45178999499e-09
     2	5.12000180176e-09	1.2258508732e-09	6.34585267496e-09
     3	4.53851468412e-09	1.08706493437e-09	5.62557961849e-09
     4	8.31098814815e-09	1.99262741874e-09	1.03036155669e-08
     5	6.9535549851e-09	1.6655923002e-09	8.6191472853e-09
     6	6.08412473863e-09	1.4570169085e-09	7.54114164714e-09
     7	1.19326607142e-08	2.86084808052e-09	1.47935087947e-08
     8	9.91041194162e-09	2.37356468809e-09	1.22839766297e-08
     9	8.61892534661e-09	2.0637647775e-09	1.06826901241e-08

Measurement: t_ro97
  step	t_ro97	FROM	TO
     1	6.45101079677e-09	1.54696872381e-09	7.99797952058e-09
     2	5.4044528345e-09	1.29380738081e-09	6.69826021531e-09
     3	4.74286180819e-09	1.13439439773e-09	5.87725620591e-09
     4	9.09225706328e-09	2.18077684769e-09	1.1273033911e-08
     5	7.46336283631e-09	1.78677812829e-09	9.2501409646e-09
     6	6.45153709412e-09	1.54296442125e-09	7.99450151537e-09
     7	1.32210626499e-08	3.17058440414e-09	1.6391647054e-08
     8	1.07652949321e-08	2.57724993667e-09	1.33425448688e-08
     9	9.2443117682e-09	2.21083351687e-09	1.14551452851e-08

Measurement: t_ro98
  step	t_ro98	FROM	TO
     1	6.09194973925e-09	1.46531826763e-09	7.55726800688e-09
     2	5.1590039653e-09	1.23958481096e-09	6.39858877626e-09
     3	4.5619597376e-09	1.09527622869e-09	5.65723596629e-09
     4	8.53085542113e-09	2.05340308354e-09	1.05842585047e-08
     5	7.08115007366e-09	1.70255402188e-09	8.78370409554e-09
     6	6.16970524809e-09	1.48226435147e-09	7.65196959956e-09
     7	1.23304078919e-08	2.96909992228e-09	1.52995078141e-08
     8	1.01505080882e-08	2.44176932355e-09	1.25922774118e-08
     9	8.78303599789e-09	2.11130530236e-09	1.08943413002e-08

Measurement: t_ro99
  step	t_ro99	FROM	TO
     1	6.08000990758e-09	1.46303466657e-09	7.54304457415e-09
     2	5.14308421953e-09	1.2291353637e-09	6.37221958324e-09
     3	4.55457014172e-09	1.08724168405e-09	5.64181182576e-09
     4	8.48655220621e-09	2.05717609808e-09	1.05437283043e-08
     5	7.03847608039e-09	1.68246062984e-09	8.72093671024e-09
     6	6.1342916164e-09	1.46408945603e-09	7.59838107243e-09
     7	1.22370087472e-08	2.9744678631e-09	1.52114766103e-08
     8	1.00581062311e-08	2.40408995958e-09	1.24621961907e-08
     9	8.7044889798e-09	2.07701654051e-09	1.07815055203e-08

Measurement: t_ro100
  step	t_ro100	FROM	TO
     1	6.0128227085e-09	1.4515762235e-09	7.464398932e-09
     2	5.11478266653e-09	1.23130714777e-09	6.3460898143e-09
     3	4.53259742309e-09	1.08827447504e-09	5.62087189813e-09
     4	8.34150290076e-09	2.01671541118e-09	1.03582183119e-08
     5	6.96796425989e-09	1.67999674738e-09	8.64796100727e-09
     6	6.09214183224e-09	1.46593891346e-09	7.55808074571e-09
     7	1.19921984551e-08	2.90136151708e-09	1.48935599722e-08
     8	9.93992448556e-09	2.39881746029e-09	1.23387419459e-08
     9	8.63643195635e-09	2.08045150836e-09	1.07168834647e-08

Measurement: t_ro101
  step	t_ro101	FROM	TO
     1	6.12489701527e-09	1.4822851084e-09	7.60718212367e-09
     2	5.17892645062e-09	1.25141520152e-09	6.43034165214e-09
     3	4.57585835771e-09	1.10455836745e-09	5.68041672516e-09
     4	8.5324736343e-09	2.06730559542e-09	1.05997792297e-08
     5	7.07642388578e-09	1.71187450414e-09	8.78829838992e-09
     6	6.16220036637e-09	1.48908734328e-09	7.65128770965e-09
     7	1.23074973152e-08	2.98418553311e-09	1.52916828483e-08
     8	1.01233576383e-08	2.4509529049e-09	1.25743105432e-08
     9	8.75678652755e-09	2.11796617546e-09	1.0874752703e-08

Measurement: t_ro102
  step	t_ro102	FROM	TO
     1	5.79687976283e-09	1.38963906139e-09	7.18651882422e-09
     2	4.96000636134e-09	1.18890726302e-09	6.14891362436e-09
     3	4.42396970844e-09	1.05872564613e-09	5.48269535457e-09
     4	7.95956280148e-09	1.90856095977e-09	9.86812376125e-09
     5	6.69831851009e-09	1.60409446977e-09	8.30241297986e-09
     6	5.89011815808e-09	1.40978880434e-09	7.29990696242e-09
     7	1.13455790408e-08	2.72029070225e-09	1.40658697431e-08
     8	9.47615458275e-09	2.26936635697e-09	1.17455209397e-08
     9	8.28240403992e-09	1.98229005373e-09	1.02646940936e-08

Measurement: t_ro103
  step	t_ro103	FROM	TO
     1	6.41351741176e-09	1.53919288039e-09	7.95271029215e-09
     2	5.36618993116e-09	1.28563909291e-09	6.65182902407e-09
     3	4.71097889998e-09	1.12725473613e-09	5.83823363611e-09
     4	9.05548644369e-09	2.17418651206e-09	1.12296729557e-08
     5	7.42093615938e-09	1.77864479693e-09	9.19958095631e-09
     6	6.41177047242e-09	1.53485351546e-09	7.94662398788e-09
     7	1.31666944418e-08	3.1610490135e-09	1.63277434553e-08
     8	1.06974120246e-08	2.56421651621e-09	1.32616285408e-08
     9	9.17760651247e-09	2.19761992594e-09	1.13752264384e-08

Measurement: t_ro104
  step	t_ro104	FROM	TO
     1	5.93966043261e-09	1.4198667558e-09	7.35952718841e-09
     2	5.07095530666e-09	1.21048270097e-09	6.28143800763e-09
     3	4.50203809935e-09	1.07423090908e-09	5.57626900843e-09
     4	8.20507095863e-09	1.96111812026e-09	1.01661890789e-08
     5	6.88353280198e-09	1.64314910108e-09	8.52668190306e-09
     6	6.03434847857e-09	1.43946476427e-09	7.47381324284e-09
     7	1.17653424496e-08	2.81083498191e-09	1.45761774315e-08
     8	9.79694184403e-09	2.33785953294e-09	1.2134801377e-08
     9	8.53533576981e-09	2.03550965085e-09	1.05708454207e-08

Measurement: t_ro105
  step	t_ro105	FROM	TO
     1	5.81759571034e-09	1.39541355357e-09	7.21300926391e-09
     2	4.98153498138e-09	1.19280902235e-09	6.17434400372e-09
     3	4.43993110756e-09	1.06174498404e-09	5.50167609159e-09
     4	7.95378805744e-09	1.90832052458e-09	9.86210858201e-09
     5	6.70393882929e-09	1.60571079539e-09	8.30964962468e-09
     6	5.89675639829e-09	1.41054924694e-09	7.30730564522e-09
     7	1.13269694606e-08	2.71760314376e-09	1.40445726043e-08
     8	9.48040603637e-09	2.27102080502e-09	1.17514268414e-08
     9	8.29075266739e-09	1.98346510272e-09	1.02742177701e-08

Measurement: t_ro106
  step	t_ro106	FROM	TO
     1	6.18982964165e-09	1.4851637134e-09	7.67499335505e-09
     2	5.23084804034e-09	1.25365127228e-09	6.48449931262e-09
     3	4.61904991682e-09	1.10633949593e-09	5.72538941275e-09
     4	8.63092241422e-09	2.07075166427e-09	1.07016740785e-08
     5	7.16383466105e-09	1.71698816305e-09	8.8808228241e-09
     6	6.23516931351e-09	1.49357503538e-09	7.72874434889e-09
     7	1.24664807488e-08	2.9907067113e-09	1.54571874601e-08
     8	1.02683651946e-08	2.46075210425e-09	1.27291172988e-08
     9	8.88000298857e-09	2.12671321708e-09	1.10067162057e-08

Measurement: t_ro107
  step	t_ro107	FROM	TO
     1	5.98382886964e-09	1.43610861734e-09	7.41993748697e-09
     2	5.10028505661e-09	1.22289128928e-09	6.32317634589e-09
     3	4.52669759472e-09	1.08423265409e-09	5.6109302488e-09
     4	8.25923498872e-09	1.98264157841e-09	1.02418765671e-08
     5	6.92062027677e-09	1.65929957194e-09	8.5799198487e-09
     6	6.0623283741e-09	1.45242352584e-09	7.51475189994e-09
     7	1.18409592129e-08	2.84249513233e-09	1.46834543452e-08
     8	9.85026225276e-09	2.36188381131e-09	1.22121460641e-08
     9	8.57632126046e-09	2.05495292354e-09	1.0631274184e-08

Measurement: t_ro108
  step	t_ro108	FROM	TO
     1	6.38447934997e-09	1.53158337781e-09	7.91606272778e-09
     2	5.35165874205e-09	1.28129149182e-09	6.63295023388e-09
     3	4.70431960894e-09	1.12531678063e-09	5.82963638957e-09
     4	9.0019205244e-09	2.15934994117e-09	1.11612704656e-08
     5	7.3946488278e-09	1.77052894836e-09	9.16517777615e-09
     6	6.3999539533e-09	1.53042126168e-09	7.93037521498e-09
     7	1.30806759772e-08	3.13663517909e-09	1.62173111562e-08
     8	1.06534443121e-08	2.55059478048e-09	1.32040390926e-08
     9	9.15297125216e-09	2.18943520761e-09	1.13424064598e-08

Measurement: t_ro109
  step	t_ro109	FROM	TO
     1	6.05570837e-09	1.45171613601e-09	7.50742450601e-09
     2	5.13213253823e-09	1.22922721697e-09	6.3613597552e-09
     3	4.55860675501e-09	1.08957195684e-09	5.64817871185e-09
     4	8.37905547088e-09	2.00881935501e-09	1.03878748259e-08
     5	6.99686915908e-09	1.67526263983e-09	8.6721317989e-09
     6	6.11446470856e-09	1.46234906533e-09	7.5768137739e-09
     7	1.20398110252e-08	2.88607690116e-09	1.49258879264e-08
     8	9.97853615314e-09	2.38929922334e-09	1.23678353765e-08
     9	8.66636130742e-09	2.07297906359e-09	1.0739340371e-08

Measurement: t_ro110
  step	t_ro110	FROM	TO
     1	6.71234685002e-09	1.61414024934e-09	8.32648709937e-09
     2	5.57054607738e-09	1.33631498187e-09	6.90686105925e-09
     3	4.86345696586e-09	1.16512488738e-09	6.02858185325e-09
     4	9.59721157668e-09	2.30783088579e-09	1.19050424625e-08
     5	7.80389963057e-09	1.87261373503e-09	9.6765133656e-09
     6	6.69844969095e-09	1.60533939626e-09	8.3037890872e-09
     7	1.4117311677e-08	3.39446074717e-09	1.75117724242e-08
     8	1.13809140649e-08	2.73112401794e-09	1.41120380828e-08
     9	9.699066772e-09	2.32488188154e-09	1.20239486535e-08

Measurement: t_ro111
  step	t_ro111	FROM	TO
     1	6.0283519561e-09	1.46029490755e-09	7.48864686365e-09
     2	5.12000551515e-09	1.23820382684e-09	6.35820934199e-09
     3	4.53991178221e-09	1.09651247709e-09	5.63642425929e-09
     4	8.37291957655e-09	2.03085993462e-09	1.04037795112e-08
     5	6.98853935897e-09	1.69216924373e-09	8.6807086027e-09
     6	6.10663546301e-09	1.47693991852e-09	7.58357538153e-09
     7	1.2054402308e-08	2.92582711987e-09	1.49802294278e-08
     8	9.98320978768e-09	2.41922587185e-09	1.24024356595e-08
     9	8.66735088909e-09	2.09822741941e-09	1.07655783085e-08

Measurement: t_ro112
  step	t_ro112	FROM	TO
     1	6.02246599932e-09	1.44608869475e-09	7.46855469407e-09
     2	5.11999988108e-09	1.22640875155e-09	6.34640863262e-09
     3	4.52646191094e-09	1.08454876054e-09	5.61101067149e-09
     4	8.3663510323e-09	2.00972481129e-09	1.03760758436e-08
     5	6.96806308737e-09	1.6712724343e-09	8.63933552167e-09
     6	6.08443681424e-09	1.45852682733e-09	7.54296364157e-09
     7	1.20405100829e-08	2.89251207981e-09	1.49330221627e-08
     8	9.94727767872e-09	2.38626593652e-09	1.23335436152e-08
     9	8.63031050579e-09	2.06852977243e-09	1.06988402782e-08

Measurement: t_ro113
  step	t_ro113	FROM	TO
     1	5.89871128628e-09	1.41569038609e-09	7.31440167237e-09
     2	5.0350537477e-09	1.20634376772e-09	6.24139751541e-09
     3	4.48004224554e-09	1.07277133742e-09	5.55281358296e-09
     4	8.13027170841e-09	1.95171712365e-09	1.00819888321e-08
     5	6.82670328592e-09	1.63629044518e-09	8.4629937311e-09
     6	5.98900621957e-09	1.43401300143e-09	7.423019221e-09
     7	1.16459767534e-08	2.79564147922e-09	1.44416182326e-08
     8	9.70631063187e-09	2.32673021622e-09	1.20330408481e-08
     9	8.46314047745e-09	2.02674674487e-09	1.04898872223e-08

Measurement: t_ro114
  step	t_ro114	FROM	TO
     1	6.05222554832e-09	1.45642637891e-09	7.50865192723e-09
     2	5.12014949181e-09	1.23152325168e-09	6.35167274349e-09
     3	4.54658223906e-09	1.09154851646e-09	5.63813075552e-09
     4	8.38503474343e-09	2.01962504871e-09	1.04046597921e-08
     5	6.99190490893e-09	1.68117875668e-09	8.67308366562e-09
     6	6.10716125184e-09	1.46722881023e-09	7.57439006206e-09
     7	1.20600410156e-08	2.90548275314e-09	1.49655237687e-08
     8	9.97644474291e-09	2.39963030487e-09	1.23760750478e-08
     9	8.65850467566e-09	2.08131129985e-09	1.07398159755e-08

Measurement: t_ro115
  step	t_ro115	FROM	TO
     1	6.3681697253e-09	1.52487811792e-09	7.89304784323e-09
     2	5.35065434493e-09	1.27930745531e-09	6.62996180023e-09
     3	4.70716406276e-09	1.12477768376e-09	5.83194174652e-09
     4	8.96598134388e-09	2.14680661017e-09	1.1112787954e-08
     5	7.39312527042e-09	1.7678515221e-09	9.16097679252e-09
     6	6.40435898121e-09	1.53036206249e-09	7.9347210437e-09
     7	1.30509432778e-08	3.12407936469e-09	1.61750226425e-08
     8	1.06727470035e-08	2.55170019603e-09	1.32244471995e-08
     9	9.1826513642e-09	2.19385187618e-09	1.13765032404e-08

Measurement: t_ro116
  step	t_ro116	FROM	TO
     1	5.76000188687e-09	1.38737415802e-09	7.14737604489e-09
     2	4.96000000999e-09	1.19013179552e-09	6.15013180552e-09
     3	4.42189971836e-09	1.0587776123e-09	5.48067733066e-09
     4	7.87909719149e-09	1.90228864907e-09	9.78138584056e-09
     5	6.66448749057e-09	1.60342096006e-09	8.26790845063e-09
     6	5.8741158738e-09	1.4098380555e-09	7.2839539293e-09
     7	1.12125366926e-08	2.70984557993e-09	1.39223822725e-08
     8	9.41758196735e-09	2.26885817681e-09	1.16864401442e-08
     9	8.2527975791e-09	1.98425037976e-09	1.02370479589e-08

Measurement: t_ro117
  step	t_ro117	FROM	TO
     1	5.98935893933e-09	1.43900648496e-09	7.42836542429e-09
     2	5.12000035367e-09	1.22668044407e-09	6.34668079774e-09
     3	4.53101382835e-09	1.08478588834e-09	5.61579971669e-09
     4	8.2741448819e-09	1.98914760982e-09	1.02632924917e-08
     5	6.93628859217e-09	1.664436498e-09	8.60072509016e-09
     6	6.07558933787e-09	1.45602370789e-09	7.53161304576e-09
     7	1.1875010388e-08	2.85542519712e-09	1.47304355851e-08
     8	9.88273407919e-09	2.37234472346e-09	1.22550788026e-08
     9	8.603487244e-09	2.06277197264e-09	1.06662592166e-08

Measurement: t_ro118
  step	t_ro118	FROM	TO
     1	5.99476512173e-09	1.44703757217e-09	7.4418026939e-09
     2	5.09331660687e-09	1.227967383e-09	6.32128398987e-09
     3	4.51283812749e-09	1.08685756982e-09	5.59969569731e-09
     4	8.32905852196e-09	2.01290543946e-09	1.03419639614e-08
     5	6.94246593645e-09	1.6757311707e-09	8.61819710715e-09
     6	6.06749156048e-09	1.4630413862e-09	7.53053294669e-09
     7	1.19730543391e-08	2.89572654934e-09	1.48687808884e-08
     8	9.89980199917e-09	2.39157095774e-09	1.22913729569e-08
     9	8.59458091414e-09	2.07466607089e-09	1.0669246985e-08

Measurement: t_ro119
  step	t_ro119	FROM	TO
     1	5.99199759144e-09	1.44195626113e-09	7.43395385256e-09
     2	5.0887342294e-09	1.22455443675e-09	6.31328866615e-09
     3	4.51049163303e-09	1.08495387172e-09	5.59544550476e-09
     4	8.32872917835e-09	2.00597440452e-09	1.03347035829e-08
     5	6.94357999602e-09	1.67224095702e-09	8.61582095305e-09
     6	6.06774300144e-09	1.46112894934e-09	7.52887195078e-09
     7	1.19891868635e-08	2.88939539466e-09	1.48785822582e-08
     8	9.91344005955e-09	2.3892104923e-09	1.23026505519e-08
     9	8.60531572055e-09	2.07440972697e-09	1.06797254475e-08

Measurement: t_ro120
  step	t_ro120	FROM	TO
     1	5.79324226803e-09	1.38588975237e-09	7.17913202041e-09
     2	4.96005412883e-09	1.18652035203e-09	6.14657448087e-09
     3	4.42894257813e-09	1.05771450868e-09	5.48665708681e-09
     4	7.96023818834e-09	1.90405026081e-09	9.86428844916e-09
     5	6.71238958832e-09	1.60368406233e-09	8.31607365065e-09
     6	5.90632066257e-09	1.41034181607e-09	7.31666247864e-09
     7	1.1363125075e-08	2.71734689243e-09	1.40804719674e-08
     8	9.51191828305e-09	2.2721087589e-09	1.1784027042e-08
     9	8.31872173404e-09	1.98593360755e-09	1.03046553416e-08

Measurement: t_ro121
  step	t_ro121	FROM	TO
     1	6.07299034619e-09	1.45464438819e-09	7.52763473439e-09
     2	5.14727439155e-09	1.23201823879e-09	6.37929263035e-09
     3	4.55982683241e-09	1.09085465916e-09	5.65068149157e-09
     4	8.41249942689e-09	2.01530555238e-09	1.04278049793e-08
     5	7.01277393277e-09	1.67841278983e-09	8.6911867226e-09
     6	6.12217745859e-09	1.46458781262e-09	7.5867652712e-09
     7	1.2100455899e-08	2.89833118527e-09	1.49987870843e-08
     8	1.00088598539e-08	2.39524514296e-09	1.24041049968e-08
     9	8.6823016272e-09	2.07690865969e-09	1.07592102869e-08

Measurement: t_ro122
  step	t_ro122	FROM	TO
     1	5.57160989143e-09	1.33680313249e-09	6.90841302391e-09
     2	4.81676189991e-09	1.15548972877e-09	5.97225162867e-09
     3	4.31992865757e-09	1.03568417304e-09	5.35561283061e-09
     4	7.52259264226e-09	1.80561412457e-09	9.32820676683e-09
     5	6.412422192e-09	1.5382844447e-09	7.9507066367e-09
     6	5.68337259655e-09	1.36326929085e-09	7.04664188739e-09
     7	1.06119896483e-08	2.54655231052e-09	1.31585419589e-08
     8	8.98597092566e-09	2.15543566566e-09	1.11414065913e-08
     9	7.92166647633e-09	1.8999992409e-09	9.82166571723e-09

Measurement: t_ro123
  step	t_ro123	FROM	TO
     1	6.34065781897e-09	1.52705371115e-09	7.86771153012e-09
     2	5.32953894873e-09	1.28147775981e-09	6.61101670854e-09
     3	4.68522723001e-09	1.12588914191e-09	5.81111637192e-09
     4	8.92698324286e-09	2.15315407376e-09	1.10801373166e-08
     5	7.3601626791e-09	1.77241926169e-09	9.13258194078e-09
     6	6.3770641922e-09	1.53424356288e-09	7.91130775509e-09
     7	1.29814360588e-08	3.1350380276e-09	1.61164740864e-08
     8	1.06127784817e-08	2.5586231644e-09	1.31714016461e-08
     9	9.13450418341e-09	2.20047855537e-09	1.13349827388e-08

Measurement: t_ro124
  step	t_ro124	FROM	TO
     1	5.97289972596e-09	1.43465428841e-09	7.40755401437e-09
     2	5.08643996318e-09	1.21802014436e-09	6.30446010754e-09
     3	4.5112974078e-09	1.07856201169e-09	5.58985941949e-09
     4	8.27751828362e-09	1.99021828788e-09	1.02677365715e-08
     5	6.9218967982e-09	1.65914949745e-09	8.58104629564e-09
     6	6.05798629151e-09	1.44919594352e-09	7.50718223503e-09
     7	1.18918819853e-08	2.86018196839e-09	1.47520639537e-08
     8	9.8667000195e-09	2.36619070833e-09	1.22328907278e-08
     9	8.57990988307e-09	2.05323120211e-09	1.06331410852e-08

Measurement: t_ro125
  step	t_ro125	FROM	TO
     1	5.7963288963e-09	1.38803045206e-09	7.18435934835e-09
     2	4.95999964525e-09	1.18669871842e-09	6.14669836367e-09
     3	4.41636786797e-09	1.05619992023e-09	5.47256778819e-09
     4	7.96891321393e-09	1.90827269134e-09	9.87718590527e-09
     5	6.69473588542e-09	1.60179394957e-09	8.29652983499e-09
     6	5.88165032904e-09	1.4066038729e-09	7.28825420194e-09
     7	1.13819354223e-08	2.72505708036e-09	1.41069925026e-08
     8	9.48764925482e-09	2.26970968451e-09	1.17573589393e-08
     9	8.28204508198e-09	1.98056353856e-09	1.02626086205e-08

Measurement: t_ro126
  step	t_ro126	FROM	TO
     1	6.08000005613e-09	1.46108484186e-09	7.54108489799e-09
     2	5.15967245617e-09	1.23743324759e-09	6.39710570376e-09
     3	4.56948002461e-09	1.09394794487e-09	5.66342796948e-09
     4	8.4624087973e-09	2.03433721868e-09	1.0496746016e-08
     5	7.04872077455e-09	1.69179347946e-09	8.74051425401e-09
     6	6.15270211271e-09	1.47486695186e-09	7.62756906457e-09
     7	1.21927024922e-08	2.9317289914e-09	1.51244314836e-08
     8	1.0076962418e-08	2.41928817892e-09	1.24962505969e-08
     9	8.73808007152e-09	2.09587255889e-09	1.08339526304e-08

Measurement: t_ro127
  step	t_ro127	FROM	TO
     1	6.17244534751e-09	1.48166289333e-09	7.65410824084e-09
     2	5.22166051943e-09	1.25184060471e-09	6.47350112415e-09
     3	4.6165191293e-09	1.10530724063e-09	5.72182636993e-09
     4	8.59757918164e-09	2.06428914814e-09	1.06618683298e-08
     5	7.14724624359e-09	1.71428251887e-09	8.86152876246e-09
     6	6.22648042054e-09	1.4918730797e-09	7.71835350024e-09
     7	1.24078868701e-08	2.97922913462e-09	1.53871160047e-08
     8	1.02358074643e-08	2.45571618014e-09	1.26915236445e-08
     9	8.86005944732e-09	2.1238011913e-09	1.09838606386e-08

Measurement: freq_ro0
  step	{80/t_ro0}
     1	14795601488.3
     2	17019094705.6
     3	18904088363.8
     4	11005569291.6
     5	12850926306.9
     6	14438541108.8
     7	7838012618.96
     8	9214454638.05
     9	10409003898.3

Measurement: freq_ro1
  step	{80/t_ro1}
     1	13614514143.8
     2	15920486963.1
     3	17874440846.4
     4	9915792163.41
     5	11784991099.6
     6	13415689543.6
     7	6941069041
     8	8309778789.69
     9	9516695453.8

Measurement: freq_ro2
  step	{80/t_ro2}
     1	14427874857.6
     2	16666729606.3
     3	18575734798.6
     4	10694191675.7
     5	12537668476.7
     6	14137791602.2
     7	7589679302.79
     8	8956532424.3
     9	10154096216.4

Measurement: freq_ro3
  step	{80/t_ro3}
     1	12994965210.9
     2	15363801549.4
     3	17374587956.8
     4	9337832791.14
     5	11241669476.5
     6	12901574730.9
     7	6475522034.8
     8	7857518887.59
     9	9076355245.14

Measurement: freq_ro4
  step	{80/t_ro4}
     1	13362756203.9
     2	15703695205.8
     3	17692712028.5
     4	9644939536.51
     5	11532439392.7
     6	13174982706.7
     7	6716151859.09
     8	8092426260.46
     9	9305691245.6

Measurement: freq_ro5
  step	{80/t_ro5}
     1	14414092400
     2	16666692154.4
     3	18581262422.6
     4	10621842048
     5	12496048316.7
     6	14104844478.1
     7	7515284102.59
     8	8904686385.02
     9	10112898757.8

Measurement: freq_ro6
  step	{80/t_ro6}
     1	12857615111
     2	15302581643.2
     3	17358222142.1
     4	9147540558.26
     5	11110987378.6
     6	12811587223
     7	6300576593.64
     8	7724004447.64
     9	8969896611.16

Measurement: freq_ro7
  step	{80/t_ro7}
     1	13219108084.1
     2	15577095507.4
     3	17590417482.3
     4	9524720975.96
     5	11427244756.3
     6	13086919972.8
     7	6619491619.65
     8	8005054439.24
     9	9226308128.19

Measurement: freq_ro8
  step	{80/t_ro8}
     1	14238302012.3
     2	16476197822.4
     3	18404991500.1
     4	10510606686.2
     5	12357798986.5
     6	13960568919.2
     7	7441525752.41
     8	8806733384.53
     9	10000726299.4

Measurement: freq_ro9
  step	{80/t_ro9}
     1	14007171061.2
     2	16291740488.5
     3	18233948815.6
     4	10269381035.7
     5	12131486954.6
     6	13748942797.1
     7	7226219449.42
     8	8595637226.16
     9	9797723073.69

Measurement: freq_ro10
  step	{80/t_ro10}
     1	13923569752.4
     2	16205292738.4
     3	18162281706.5
     4	10204048666.6
     5	12071669119
     6	13692277128.2
     7	7182521628.44
     8	8559092936.82
     9	9764201454.55

Measurement: freq_ro11
  step	{80/t_ro11}
     1	14049334167.6
     2	16332091725.8
     3	18274253943.3
     4	10301778358.8
     5	12168097163.3
     6	13786627354.8
     7	7251580377.99
     8	8625209461.73
     9	9829189946.95

Measurement: freq_ro12
  step	{80/t_ro12}
     1	13477797320.8
     2	15789572281.8
     3	17776791135.9
     4	9788638416.18
     5	11671592806.2
     6	13312089679.8
     7	6844780605.5
     8	8224142565.14
     9	9438273983.45

Measurement: freq_ro13
  step	{80/t_ro13}
     1	13450295718
     2	15742478465.1
     3	17730987510.4
     4	9776739543.49
     5	11642063554.6
     6	13276212731.8
     7	6832523309.33
     8	8194096154.68
     9	9399656071.19

Measurement: freq_ro14
  step	{80/t_ro14}
     1	13293044150.1
     2	15627266563.7
     3	17642409941.7
     4	9596240795.24
     5	11490241706.6
     6	13141282835.8
     7	6681634849.71
     8	8062170055.38
     9	9278801694.89

Measurement: freq_ro15
  step	{80/t_ro15}
     1	13669613823.6
     2	15976630382.9
     3	17928437297.7
     4	9956020934.05
     5	11825788370.7
     6	13454233609.8
     7	6973881492.89
     8	8345072508.73
     9	9551968620.83

Measurement: freq_ro16
  step	{80/t_ro16}
     1	14085488218.6
     2	16371877357.7
     3	18323010554.9
     4	10343778369.8
     5	12220568648
     6	13845736683.9
     7	7298117045.8
     8	8685672968.14
     9	9897217395.4

Measurement: freq_ro17
  step	{80/t_ro17}
     1	13705391251.4
     2	16012868416.2
     3	17961361746.3
     4	9979046733.64
     5	11844445233.3
     6	13470577212.2
     7	6990533042.23
     8	8357326047.69
     9	9561591075.07

Measurement: freq_ro18
  step	{80/t_ro18}
     1	12634606041.5
     2	15037089272
     3	17081240105.4
     4	8973428274.05
     5	10892422965.5
     6	12571858563.4
     7	6173378644.15
     8	7558103864.47
     9	8784104441.28

Measurement: freq_ro19
  step	{80/t_ro19}
     1	13797096103.9
     2	16129032390
     3	18063384442.5
     4	10054297286.9
     5	11936393238.2
     6	13571302366.8
     7	7051786712.14
     8	8435092280.14
     9	9647548731.31

Measurement: freq_ro20
  step	{80/t_ro20}
     1	13955544018.7
     2	16223111554.1
     3	18176620678.1
     4	10236871175.7
     5	12091750266.6
     6	13707757262.1
     7	7207501204.75
     8	8571929419.35
     9	9773213904.4

Measurement: freq_ro21
  step	{80/t_ro21}
     1	14147668484.7
     2	16387508637.3
     3	18314676347
     4	10405471286.2
     5	12244909551.5
     6	13848641346
     7	7345742006.6
     8	8702761073.43
     9	9896861185.53

Measurement: freq_ro22
  step	{80/t_ro22}
     1	14199348708.8
     2	16471833290.3
     3	18397836845.1
     4	10421668473.4
     5	12280554785.3
     6	13889009363.8
     7	7350758432.08
     8	8721913726.27
     9	9923506401.25

Measurement: freq_ro23
  step	{80/t_ro23}
     1	13429379017.8
     2	15767305557.3
     3	17777202686.9
     4	9690892717.6
     5	11586583032.1
     6	13238603516.1
     7	6743877593.34
     8	8126232056.23
     9	9344233666.75

Measurement: freq_ro24
  step	{80/t_ro24}
     1	13376388977.1
     2	15725147140
     3	17743182724.4
     4	9664935757.02
     5	11575566388.3
     6	13235762582
     7	6732700242.55
     8	8126633815.59
     9	9352236750.82

Measurement: freq_ro25
  step	{80/t_ro25}
     1	13157890020.5
     2	15515258259.4
     3	17510220011.7
     4	9478859446.58
     5	11362836736.5
     6	13008217441.7
     7	6576054588.78
     8	7942072798.77
     9	9152102850.33

Measurement: freq_ro26
  step	{80/t_ro26}
     1	13734506618.3
     2	16040527638
     3	17974444654.7
     4	10024826219.6
     5	11886200195.8
     6	13509766009.2
     7	7030258057.92
     8	8394754297.44
     9	9595783143.35

Measurement: freq_ro27
  step	{80/t_ro27}
     1	12653039964.7
     2	15046638445.3
     3	17090254839.9
     4	8987104422.78
     5	10889918561.9
     6	12559425234.6
     7	6182957996.66
     8	7553687946.55
     9	8771105161.46

Measurement: freq_ro28
  step	{80/t_ro28}
     1	13362238763.8
     2	15673297833.9
     3	17666713921.3
     4	9689123757.6
     5	11561306046.2
     6	13198923910.9
     7	6759146432.57
     8	8123624872.66
     9	9330452926.47

Measurement: freq_ro29
  step	{80/t_ro29}
     1	13805568356
     2	16129000251.6
     3	18077067001.5
     4	10041475529.7
     5	11921014368.3
     6	13555723209.9
     7	7032835555.87
     8	8413668382.32
     9	9625670657.8

Measurement: freq_ro30
  step	{80/t_ro30}
     1	12820511899
     2	15151515248.8
     3	17241381463.5
     4	9181805568.22
     5	11085453986.7
     6	12755815838.5
     7	6343183844.23
     8	7719015233.68
     9	8940281386.75

Measurement: freq_ro31
  step	{80/t_ro31}
     1	13252741313.7
     2	15624976275.5
     3	17594864425.3
     4	9561264875.59
     5	11449861486.6
     6	13100113858.3
     7	6647504149.09
     8	8021883989.46
     9	9236297224.07

Measurement: freq_ro32
  step	{80/t_ro32}
     1	13789443659.9
     2	16085210155.2
     3	18042216126.2
     4	10059429183.2
     5	11929272869.9
     6	13555581877.4
     7	7058005715.19
     8	8431619980.82
     9	9638652993.98

Measurement: freq_ro33
  step	{80/t_ro33}
     1	12634310566.6
     2	15066626673.7
     3	17133557337.2
     4	8928249905.01
     5	10869556004.5
     6	12565562864.4
     7	6126927354.98
     8	7525629598.87
     9	8761552974.47

Measurement: freq_ro34
  step	{80/t_ro34}
     1	13035681524.3
     2	15393917013.6
     3	17406562891
     4	9347865787.23
     5	11245020499.6
     6	12903281642.7
     7	6477670676.55
     8	7854392176.95
     9	9071691452.08

Measurement: freq_ro35
  step	{80/t_ro35}
     1	13227328205
     2	15571553638.3
     3	17559818678.8
     4	9542971422.56
     5	11422254361.4
     6	13066353200.2
     7	6634999090.94
     8	8002708958.04
     9	9212397894.7

Measurement: freq_ro36
  step	{80/t_ro36}
     1	13588873270.9
     2	15912431048.3
     3	17857147217.9
     4	9858747560.88
     5	11749311832.7
     6	13391552645.7
     7	6888848226.99
     8	8275442161.76
     9	9492578704.42

Measurement: freq_ro37
  step	{80/t_ro37}
     1	13337385887.7
     2	15695126593
     3	17721464063.1
     4	9615225379.12
     5	11540413887.2
     6	13207256804.8
     7	6687186197.46
     8	8094392517.15
     9	9324901101.09

Measurement: freq_ro38
  step	{80/t_ro38}
     1	13513509490.2
     2	15850134342.3
     3	17857132468.8
     4	9741844079.33
     5	11638018921
     6	13287974671.3
     7	6783977581.97
     8	8168530342.77
     9	9386897013.39

Measurement: freq_ro39
  step	{80/t_ro39}
     1	12546373385.5
     2	14967220685.7
     3	17030298526
     4	8873602258.48
     5	10801182931.2
     6	12488179955.4
     7	6088006386.87
     8	7474687926.55
     9	8703341261.05

Measurement: freq_ro40
  step	{80/t_ro40}
     1	13335710450.6
     2	15678666890.3
     3	17688315266.3
     4	9648847023.43
     5	11552837763.2
     6	13207769433.5
     7	6725051319.96
     8	8114624005.08
     9	9336100361.56

Measurement: freq_ro41
  step	{80/t_ro41}
     1	13547130985.4
     2	15935533918.6
     3	17912082293.1
     4	9796526464.06
     5	11716363579.5
     6	13377573549.5
     7	6826811911.8
     8	8230471254.68
     9	9458178053.01

Measurement: freq_ro42
  step	{80/t_ro42}
     1	12952564135.3
     2	15345612053.8
     3	17362701229.6
     4	9271258051.26
     5	11191873346.2
     6	12862612837.4
     7	6414993342.68
     8	7807258397.45
     9	9031894205.56

Measurement: freq_ro43
  step	{80/t_ro43}
     1	13305847731
     2	15624996714.3
     3	17624956050.8
     4	9629463678.9
     5	11506073313.2
     6	13150061156.5
     7	6709001161.67
     8	8075328823.1
     9	9285398047.37

Measurement: freq_ro44
  step	{80/t_ro44}
     1	13561583967.5
     2	15904941355.1
     3	17903650467.5
     4	9842394163.52
     5	11758237139.2
     6	13413562476.9
     7	6882996052.31
     8	8286317678.72
     9	9511928162.6

Measurement: freq_ro45
  step	{80/t_ro45}
     1	13325378462.3
     2	15625140877
     3	17626164010.2
     4	9646024553.83
     5	11517952590.9
     6	13157866321
     7	6722153032.12
     8	8085900376.59
     9	9293455945.05

Measurement: freq_ro46
  step	{80/t_ro46}
     1	13012278219.2
     2	15374944680.4
     3	17401129851.4
     4	9318820398.14
     5	11227055185.4
     6	12893913676.4
     7	6450966098.05
     8	7834571710.47
     9	9057641198.67

Measurement: freq_ro47
  step	{80/t_ro47}
     1	13794433836
     2	16129019126.4
     3	18077300852.6
     4	10059798311.6
     5	11948127049.3
     6	13590210350.3
     7	7052969784.68
     8	8438693073.21
     9	9656569142.8

Measurement: freq_ro48
  step	{80/t_ro48}
     1	14490340300.9
     2	16680662225.2
     3	18632730463
     4	10716420797.7
     5	12557022046.4
     6	14150848909
     7	7601343852.84
     8	8967060436.64
     9	10158828080.4

Measurement: freq_ro49
  step	{80/t_ro49}
     1	13591254030
     2	15905278725.2
     3	17857346784.3
     4	9868662649.98
     5	11743183833.8
     6	13376686161.5
     7	6898462966.59
     8	8270269592.06
     9	9478255562.82

Measurement: freq_ro50
  step	{80/t_ro50}
     1	12390918658.1
     2	14814301220.2
     3	16896906229.7
     4	8753770231.98
     5	10688427194.1
     6	12384541280.9
     7	5995828433.52
     8	7384544834.85
     9	8618017370.32

Measurement: freq_ro51
  step	{80/t_ro51}
     1	13968977590.6
     2	16248892661.7
     3	18195643688.2
     4	10204827871.9
     5	12064996036.4
     6	13683313800.6
     7	7171020645.26
     8	8538066384.61
     9	9740683430.7

Measurement: freq_ro52
  step	{80/t_ro52}
     1	13729257048.6
     2	16060295500.5
     3	18017036763
     4	9991312711.4
     5	11881351776.4
     6	13518080800.2
     7	6995267927.28
     8	8381265033.01
     9	9598545421.73

Measurement: freq_ro53
  step	{80/t_ro53}
     1	14020937470.5
     2	16302100952
     3	18238452514.3
     4	10302581654.9
     5	12158639057.5
     6	13772491319.7
     7	7261531878.76
     8	8628437195.79
     9	9828625910.03

Measurement: freq_ro54
  step	{80/t_ro54}
     1	13888870847.5
     2	16186740867.2
     3	18142657506.5
     4	10170059217.9
     5	12041207324.9
     6	13668796156.4
     7	7146138398.19
     8	8521063797.19
     9	9729296345.6

Measurement: freq_ro55
  step	{80/t_ro55}
     1	12971887291.9
     2	15323479780.6
     3	17346736450.8
     4	9315643939.07
     5	11210812838.1
     6	12867825274.7
     7	6455786898.75
     8	7830039253.85
     9	9045483850.62

Measurement: freq_ro56
  step	{80/t_ro56}
     1	13322289860.8
     2	15681219280.6
     3	17708920007.2
     4	9586820166.69
     5	11509417175.3
     6	13174768220.2
     7	6661542451.47
     8	8065247326.53
     9	9295188223.18

Measurement: freq_ro57
  step	{80/t_ro57}
     1	13455309216.5
     2	15744651391.9
     3	17723458895.5
     4	9749815480.43
     5	11606763313.9
     6	13235586386.5
     7	6801045967.24
     8	8154728981.83
     9	9354896163.24

Measurement: freq_ro58
  step	{80/t_ro58}
     1	14152759468.7
     2	16413233627.2
     3	18343787835.1
     4	10435612105.4
     5	12285586036.4
     6	13888986764.1
     7	7376104450.8
     8	8740941616.28
     9	9940205600.12

Measurement: freq_ro59
  step	{80/t_ro59}
     1	14243122998.8
     2	16494740612.7
     3	18426204915
     4	10503808555
     5	12349063073.2
     6	13951599288.6
     7	7428437579.41
     8	8792049628.07
     9	9987633456.78

Measurement: freq_ro60
  step	{80/t_ro60}
     1	13339606530
     2	15688481013
     3	17689661948.1
     4	9603336032.75
     5	11496583773
     6	13149167536.9
     7	6669295710.34
     8	8047056862.09
     9	9263240497.53

Measurement: freq_ro61
  step	{80/t_ro61}
     1	12434552472.2
     2	14841759801.9
     3	16913959385.7
     4	8804496095.67
     5	10726800370.6
     6	12415748326
     7	6039674456.74
     8	7420364434.32
     9	8648437370.81

Measurement: freq_ro62
  step	{80/t_ro62}
     1	12425621843.9
     2	14969625426
     3	17095169664.5
     4	8717648192.74
     5	10763340246.6
     6	12513187574.1
     7	5967889316.32
     8	7441902812.15
     9	8721806067.46

Measurement: freq_ro63
  step	{80/t_ro63}
     1	14044305360.9
     2	16319539034.1
     3	18261449674.2
     4	10300494065.5
     5	12154141744.5
     6	13767015142
     7	7250816328.01
     8	8615069394.97
     9	9814366071.34

Measurement: freq_ro64
  step	{80/t_ro64}
     1	12825032606.8
     2	15151515181.7
     3	17241382842.5
     4	9200883535.99
     5	11094926639.3
     6	12758441187.2
     7	6358122469.23
     8	7726257086.58
     9	8941895196.28

Measurement: freq_ro65
  step	{80/t_ro65}
     1	13665550858
     2	15964608763.8
     3	17927237781.9
     4	9945858259.08
     5	11811069208.3
     6	13438857760.5
     7	6964661935.41
     8	8330702630.18
     9	9535313069.31

Measurement: freq_ro66
  step	{80/t_ro66}
     1	13621908472.5
     2	15924644066.8
     3	17886005540
     4	9931316492.27
     5	11801539394.5
     6	13430058397.2
     7	6960703341.16
     8	8331578312.93
     9	9537685130.92

Measurement: freq_ro67
  step	{80/t_ro67}
     1	13486269370.2
     2	15821048927.8
     3	17857160971.7
     4	9735322642.99
     5	11643641418.9
     6	13300149601.8
     7	6782091625.98
     8	8177733542.61
     9	9401260336.69

Measurement: freq_ro68
  step	{80/t_ro68}
     1	14285714508.2
     2	16498836562.7
     3	18414560102.4
     4	10540865615.6
     5	12372454346.6
     6	13968106991.5
     7	7461682671.64
     8	8815682821.74
     9	10005759098.6

Measurement: freq_ro69
  step	{80/t_ro69}
     1	13288816182.1
     2	15624859317.6
     3	17620979488.2
     4	9627227882.48
     5	11510626992.6
     6	13157637799.9
     7	6707127940.65
     8	8078333851.45
     9	9291711467.48

Measurement: freq_ro70
  step	{80/t_ro70}
     1	13445845151.3
     2	15780060338.8
     3	17778704357
     4	9748136867.13
     5	11649845947.7
     6	13301840599.7
     7	6813777247.89
     8	8206708075.83
     9	9428988545.18

Measurement: freq_ro71
  step	{80/t_ro71}
     1	13157865733.3
     2	15526365569.9
     3	17533707079.1
     4	9440171142.58
     5	11344537802.1
     6	13002969465
     7	6544389805.38
     8	7927312224.43
     9	9146383482.56

Measurement: freq_ro72
  step	{80/t_ro72}
     1	13473676176.3
     2	15792374264.4
     3	17797782067
     4	9754254354.61
     5	11643390432.3
     6	13292605181.7
     7	6799954681.33
     8	8179100564.94
     9	9396213101.7

Measurement: freq_ro73
  step	{80/t_ro73}
     1	12499989435.5
     2	14880755048.1
     3	16938003375.1
     4	8867329938.46
     5	10758870565.9
     6	12425550865.6
     7	6088567984.45
     8	7446924907.68
     9	8658345920.94

Measurement: freq_ro74
  step	{80/t_ro74}
     1	12194775740.7
     2	14646916924.6
     3	16728172337.4
     4	8567134768.8
     5	10514392359
     6	12218360226.3
     7	5852981123.7
     8	7247247521.34
     9	8483953125.06

Measurement: freq_ro75
  step	{80/t_ro75}
     1	13888885577.5
     2	16158856734.3
     3	18145393405
     4	10075347313.3
     5	11973026852.9
     6	13613483907.2
     7	7059576364.35
     8	8452347676.7
     9	9669245914.94

Measurement: freq_ro76
  step	{80/t_ro76}
     1	12392675218.2
     2	14791804961.9
     3	16850055161.8
     4	8785094467.43
     5	10693733518.6
     6	12372698616.5
     7	6028157534.96
     8	7400035458.79
     9	8621229893.11

Measurement: freq_ro77
  step	{80/t_ro77}
     1	13800884347.5
     2	16102190363
     3	18056380462.5
     4	10086171531.4
     5	11954188353.7
     6	13582495964.4
     7	7080104023.42
     8	8450816477.93
     9	9658097164.2

Measurement: freq_ro78
  step	{80/t_ro78}
     1	13222666522.1
     2	15625002510.1
     3	17639620740.7
     4	9476037311.21
     5	11413485666.4
     6	13087711144.7
     7	6573949569.65
     8	7986096646.51
     9	9221019854.11

Measurement: freq_ro79
  step	{80/t_ro79}
     1	12921132114.5
     2	15287547587.5
     3	17300045278.6
     4	9298211408.96
     5	11203591395.9
     6	12869656382.3
     7	6450347024.55
     8	7832732898.64
     9	9055593868.46

Measurement: freq_ro80
  step	{80/t_ro80}
     1	13249903476.6
     2	15594787149.7
     3	17598416882.7
     4	9557302376.32
     5	11446251604.3
     6	13095755016
     7	6645455640.11
     8	8021317408.2
     9	9236244419.73

Measurement: freq_ro81
  step	{80/t_ro81}
     1	13691030879.2
     2	16006192450.9
     3	17972935378.3
     4	9965083456.74
     5	11848972566.2
     6	13488112351.1
     7	6973256520.77
     8	8354018694.87
     9	9567529302.82

Measurement: freq_ro82
  step	{80/t_ro82}
     1	13216788715.8
     2	15562944638.9
     3	17567516649.8
     4	9524620099.58
     5	11416323326.1
     6	13069751979
     7	6614120856.24
     8	7990709375.01
     9	9207000036.51

Measurement: freq_ro83
  step	{80/t_ro83}
     1	13125278516.8
     2	15465309000.9
     3	17470110488.5
     4	9448779946.25
     5	11352863558.5
     6	13011849567.3
     7	6566298974.51
     8	7954438326.88
     9	9177423475.59

Measurement: freq_ro84
  step	{80/t_ro84}
     1	13352076122.7
     2	15691549085.8
     3	17709280315.5
     4	9634932886.4
     5	11541257513.8
     6	13195444391.7
     7	6711127987.49
     8	8102078538.4
     9	9323982211

Measurement: freq_ro85
  step	{80/t_ro85}
     1	13874713086.4
     2	16147563329.1
     3	18114743389.6
     4	10109418775.4
     5	11986673214.5
     6	13618084957.7
     7	7090525826.03
     8	8468883110.18
     9	9679827293.92

Measurement: freq_ro86
  step	{80/t_ro86}
     1	13699747855.6
     2	16013625050.7
     3	17985547601.1
     4	9974136159.2
     5	11861446248.1
     6	13501343308.2
     7	6985041954.08
     8	8368067226.57
     9	9581202203.21

Measurement: freq_ro87
  step	{80/t_ro87}
     1	13970261189.1
     2	16253687664.8
     3	18218837991.6
     4	10209063865.3
     5	12081594302.4
     6	13707232862.2
     7	7172043838.07
     8	8548057526.71
     9	9756261769.58

Measurement: freq_ro88
  step	{80/t_ro88}
     1	13222290840.7
     2	15624974196.7
     3	17622353119.8
     4	9492733581.31
     5	11411368031.9
     6	13078586704.8
     7	6589739383.67
     8	7985525804.96
     9	9212547375.1

Measurement: freq_ro89
  step	{80/t_ro89}
     1	13665588169.7
     2	15993186780
     3	17968705927.3
     4	9893015697.92
     5	11782915553.8
     6	13424880641.6
     7	6906715498.33
     8	8289276289.7
     9	9503998548.4

Measurement: freq_ro90
  step	{80/t_ro90}
     1	13298135906.1
     2	15637288791.3
     3	17672549748
     4	9580816812.62
     5	11491376967.1
     6	13157412688.9
     7	6661558865.65
     8	8054199500.31
     9	9278455073.27

Measurement: freq_ro91
  step	{80/t_ro91}
     1	13260574048.1
     2	15610198050.9
     3	17618450337.6
     4	9545107125.5
     5	11437425096.9
     6	13089862303.6
     7	6629306767.7
     8	8005481351.45
     9	9220458128.99

Measurement: freq_ro92
  step	{80/t_ro92}
     1	14146778835.4
     2	16410568866.8
     3	18327448563.3
     4	10407372322.4
     5	12254835488.1
     6	13862761339.5
     7	7344949914.89
     8	8707817801.06
     9	9905314583.41

Measurement: freq_ro93
  step	{80/t_ro93}
     1	13065763978.2
     2	15439278878.5
     3	17461734355.8
     4	9374172062.22
     5	11284982069.5
     6	12951625859.9
     7	6494989731.23
     8	7880982118.02
     9	9103652261.33

Measurement: freq_ro94
  step	{80/t_ro94}
     1	12773346988.6
     2	15151509532.3
     3	17132353560.1
     4	9138635686.86
     5	11008500977.8
     6	12658304985.6
     7	6311291044.94
     8	7660525884.81
     9	8864396957.89

Measurement: freq_ro95
  step	{80/t_ro95}
     1	13272314700.9
     2	15624997874.2
     3	17612871834.2
     4	9549821413.86
     5	11439245010.4
     6	13090271062.5
     7	6632902539.31
     8	8007874893.19
     9	9222242471.36

Measurement: freq_ro96
  step	{80/t_ro96}
     1	13309272124.7
     2	15624994501.5
     3	17626912231.9
     4	9625810863.15
     5	11504906507.7
     6	13148974328.6
     7	6704288499.97
     8	8072318332.6
     9	9281899631.66

Measurement: freq_ro97
  step	{80/t_ro97}
     1	12401157356.6
     2	14802608598.8
     3	16867453287.8
     4	8798695356.2
     5	10719028640.9
     6	12400145706.8
     7	6050950828.88
     8	7431287345.55
     9	8653970355.6

Measurement: freq_ro98
  step	{80/t_ro98}
     1	13132084705.9
     2	15506869259.7
     3	17536323115.8
     4	9377723106.39
     5	11297599848.6
     6	12966583780.4
     7	6488025432.87
     8	7881378873.33
     9	9108467734.76

Measurement: freq_ro99
  step	{80/t_ro99}
     1	13157873295.6
     2	15554868749
     3	17564775052.5
     4	9426678591.75
     5	11366096735.5
     6	13041440642.6
     7	6537545379.98
     8	7953783561.44
     9	9190660150.83

Measurement: freq_ro100
  step	{80/t_ro100}
     1	13304899192.7
     2	15640938279.4
     3	17649923991.1
     4	9590597875.68
     5	11481115145.8
     6	13131670634.5
     7	6671003677.9
     8	8048350881.96
     9	9263084616.92

Measurement: freq_ro101
  step	{80/t_ro101}
     1	13061444102.7
     2	15447216863
     3	17483058640.8
     4	9375944588.73
     5	11305145267.1
     6	12982375652.1
     7	6500102982.04
     8	7902516423.73
     9	9135771409.79

Measurement: freq_ro102
  step	{80/t_ro102}
     1	13800527744.8
     2	16129011572.2
     3	18083306458.3
     4	10050803291
     5	11943295900.2
     6	13582070487
     7	7051204677.37
     8	8442243032.38
     9	9659031316.8

Measurement: freq_ro103
  step	{80/t_ro103}
     1	12473654449.5
     2	14908156630
     3	16981608642
     4	8834423252.41
     5	10780311039.2
     6	12477052998.7
     7	6075936549.9
     8	7478444301.87
     9	8716869686.15

Measurement: freq_ro104
  step	{80/t_ro104}
     1	13468783427.6
     2	15776120111.9
     3	17769729672.3
     4	9750068025.42
     5	11621939242.7
     6	13257437863.3
     7	6799632084.04
     8	8165813503.19
     9	9372800573.7

Measurement: freq_ro105
  step	{80/t_ro105}
     1	13751385277.2
     2	16059307080.9
     3	18018297595.6
     4	10058100545.6
     5	11933283109.7
     6	13566780547.9
     7	7062789414.11
     8	8438457139.19
     9	9649304859.21

Measurement: freq_ro106
  step	{80/t_ro106}
     1	12924426782.5
     2	15293887221.2
     3	17319579013.1
     4	9268997699.27
     5	11167203569.8
     6	12830445490.3
     7	6417208000.56
     8	7790918854.56
     9	9009005977.02

Measurement: freq_ro107
  step	{80/t_ro107}
     1	13369366294.2
     2	15685397798.8
     3	17672927852.2
     4	9686127118.22
     5	11559657487.4
     6	13196249866.9
     7	6756209405.13
     8	8121611176.15
     9	9328008777.94

Measurement: freq_ro108
  step	{80/t_ro108}
     1	12530387462.3
     2	14948636274.5
     3	17005647288.1
     4	8886992479.34
     5	10818634104.6
     6	12500089935.6
     7	6115891880.49
     8	7509308506.81
     9	8740331177.28

Measurement: freq_ro109
  step	{80/t_ro109}
     1	13210675797.5
     2	15588061961.4
     3	17549221571.3
     4	9547615513.23
     5	11433685292.8
     6	13083729126.4
     7	6644622563.64
     8	8017208012.5
     9	9231094476.93

Measurement: freq_ro110
  step	{80/t_ro110}
     1	11918335239.1
     2	14361249128.7
     3	16449204868.4
     4	8335754542.96
     5	10251285099.4
     6	11943062005.5
     7	5666801288.39
     8	7029312368.39
     9	8248216233.64

Measurement: freq_ro111
  step	{80/t_ro111}
     1	13270625302.3
     2	15624983169.1
     3	17621487781.7
     4	9554612255.45
     5	11447313364.2
     6	13100503621.8
     7	6636579562.9
     8	8013454760.68
     9	9230040530.69

Measurement: freq_ro112
  step	{80/t_ro112}
     1	13283595126.8
     2	15625000362.9
     3	17673848046
     4	9562113720.92
     5	11480952310.1
     6	13148299907.2
     7	6644236784.75
     8	8042401407.08
     9	9269654892.06

Measurement: freq_ro113
  step	{80/t_ro113}
     1	13562284390.2
     2	15888608942.2
     3	17856974469.3
     4	9839769551.28
     5	11718687139.2
     6	13357808802.8
     7	6869325063.4
     8	8242060555.67
     9	9452755772.3

Measurement: freq_ro114
  step	{80/t_ro114}
     1	13218278030.3
     2	15624543800.5
     3	17595634653.4
     4	9540807217.61
     5	11441803205.6
     6	13099375749.4
     7	6633476610.62
     8	8018888698.49
     9	9239470670.37

Measurement: freq_ro115
  step	{80/t_ro115}
     1	12562479244.6
     2	14951442355.1
     3	16995371084
     4	8922615041.42
     5	10820863582.6
     6	12491492159.4
     7	6129825124.29
     8	7495727198.78
     9	8712080729.97

Measurement: freq_ro116
  step	{80/t_ro116}
     1	13888884339.1
     2	16129032225.6
     3	18091771658.2
     4	10153447540.5
     5	12003923799.6
     6	13619070804.7
     7	7134870742.76
     8	8494749530.97
     9	9693682564.39

Measurement: freq_ro117
  step	{80/t_ro117}
     1	13357022147.2
     2	15624998920.7
     3	17656092660.6
     4	9668672852.83
     5	11533545488.6
     6	13167446901.2
     7	6736836212.04
     8	8094925893.89
     9	9298555077.86

Measurement: freq_ro118
  step	{80/t_ro118}
     1	13344976554.6
     2	15706857863.9
     3	17727203533.6
     4	9604927110.19
     5	11523283042.7
     6	13185020399.7
     7	6681670168.24
     8	8080969700.88
     9	9308190916.95

Measurement: freq_ro119
  step	{80/t_ro119}
     1	13351140213.1
     2	15721001803.9
     3	17736425762.1
     4	9605306918.61
     5	11521434194.7
     6	13184474026.2
     7	6672679382.72
     8	8069852596.01
     9	9296579300.27

Measurement: freq_ro120
  step	{80/t_ro120}
     1	13809192900.7
     2	16128856242.7
     3	18063002305.6
     4	10049950530
     5	11918259354.2
     6	13544811494.4
     7	7040316767.78
     8	8410501185.92
     9	9616862128.31

Measurement: freq_ro121
  step	{80/t_ro121}
     1	13173082030.4
     2	15542206207.5
     3	17544525908.6
     4	9509658894.52
     5	11407754016.7
     6	13067246178.5
     7	6611321149.19
     8	7992918391.1
     9	9214146597.88

Measurement: freq_ro122
  step	{80/t_ro122}
     1	14358507066.9
     2	16608668159.7
     3	18518824346.7
     4	10634631410.3
     5	12475784907
     6	14076149089.5
     7	7538642860.67
     8	8902766396.85
     9	10098885157.4

Measurement: freq_ro123
  step	{80/t_ro123}
     1	12616987430
     2	15010679304.5
     3	17074945583.8
     4	8961594059.67
     5	10869324971.2
     6	12544957615.1
     7	6162646385.02
     8	7538082523.66
     9	8758001353.29

Measurement: freq_ro124
  step	{80/t_ro124}
     1	13393829407.9
     2	15728092846.7
     3	17733257812.2
     4	9664732503.01
     5	11557525680.1
     6	13205708324.6
     7	6727278331.48
     8	8108080699.92
     9	9324107256.4

Measurement: freq_ro125
  step	{80/t_ro125}
     1	13801839307.5
     2	16129033411.7
     3	18114433034.5
     4	10039010069.8
     5	11949687242.2
     6	13601624633.3
     7	7028681593.43
     8	8432014912.37
     9	9659449955.67

Measurement: freq_ro126
  step	{80/t_ro126}
     1	13157894615.4
     2	15504860178.5
     3	17507462461.6
     4	9453573080.22
     5	11349577116
     6	13002417236.3
     7	6561301733.64
     8	7938900303.64
     9	9155329242.26

Measurement: freq_ro127
  step	{80/t_ro127}
     1	12960827596.8
     2	15320796842.7
     3	17329073650.4
     4	9304944835.03
     5	11193122116.3
     6	12848350046.4
     7	6447512041.16
     8	7815699961.03
     9	9029284789.3

Measurement: edge100_ro0
  step	V(ro0_out)={VTHRESH} 
     1	6.70302452597e-09
     2	5.82589030329e-09
     3	5.24396715114e-09
     4	9.01183456299e-09
     5	7.71601485374e-09
     6	6.86629954674e-09
     7	1.26537951658e-08
     8	1.07613132972e-08
     9	9.52439511872e-09

Measurement: edge100_ro1
  step	V(ro1_out)={VTHRESH} 
     1	7.28057790035e-09
     2	6.22418775724e-09
     3	5.54254056991e-09
     4	9.99611161896e-09
     5	8.40834439445e-09
     6	7.38513622374e-09
     7	1.4279260147e-08
     8	1.1924364532e-08
     9	1.04104853354e-08

Measurement: edge100_ro2
  step	V(ro2_out)={VTHRESH} 
     1	6.87472939756e-09
     2	5.95081400372e-09
     3	5.33800276107e-09
     4	9.27520078197e-09
     5	7.91026361829e-09
     6	7.01411295495e-09
     7	1.30693435583e-08
     8	1.10732619501e-08
     9	9.76634918188e-09

Measurement: edge100_ro3
  step	V(ro3_out)={VTHRESH} 
     1	7.6337856335e-09
     2	6.45398888216e-09
     3	5.70584024117e-09
     4	1.06243059593e-08
     5	8.82164228145e-09
     6	7.68469619381e-09
     7	1.53203978116e-08
     8	1.2621210422e-08
     9	1.09239742436e-08

Measurement: edge100_ro4
  step	V(ro4_out)={VTHRESH} 
     1	7.42387011604e-09
     2	6.3147833148e-09
     3	5.60399372531e-09
     4	1.02860472869e-08
     5	8.59918837484e-09
     6	7.52577614362e-09
     7	1.47709796568e-08
     8	1.22544374267e-08
     9	1.06547252099e-08

Measurement: edge100_ro5
  step	V(ro5_out)={VTHRESH} 
     1	6.8847683153e-09
     2	5.95261163915e-09
     3	5.33883121983e-09
     4	9.34411340083e-09
     5	7.94099764068e-09
     6	7.03373026447e-09
     7	1.32073373395e-08
     8	1.11440412578e-08
     9	9.81130528027e-09

Measurement: edge100_ro6
  step	V(ro6_out)={VTHRESH} 
     1	7.71527337963e-09
     2	6.48040079988e-09
     3	5.71144081166e-09
     4	1.08449259242e-08
     5	8.92627090168e-09
     6	7.73900936977e-09
     7	1.57453100914e-08
     8	1.28402765725e-08
     9	1.10539505176e-08

Measurement: edge100_ro7
  step	V(ro7_out)={VTHRESH} 
     1	7.50450693584e-09
     2	6.36738688927e-09
     3	5.63760999364e-09
     4	1.04160847948e-08
     5	8.68029886813e-09
     6	7.57824999798e-09
     7	1.49877028186e-08
     8	1.23913242409e-08
     9	1.0749485609e-08

Measurement: edge100_ro8
  step	V(ro8_out)={VTHRESH} 
     1	6.96475698369e-09
     2	6.01762936379e-09
     3	5.38670714033e-09
     4	9.43521112878e-09
     5	8.02323335385e-09
     6	7.1013458893e-09
     7	1.33265274137e-08
     8	1.12582734867e-08
     9	9.9123895543e-09

Measurement: edge100_ro9
  step	V(ro9_out)={VTHRESH} 
     1	7.07813840431e-09
     2	6.08417533619e-09
     3	5.43541654749e-09
     4	9.65460859014e-09
     5	8.1706595736e-09
     6	7.20846839814e-09
     7	1.37198560038e-08
     8	1.15313542246e-08
     9	1.01150484817e-08

Measurement: edge100_ro10
  step	V(ro10_out)={VTHRESH} 
     1	7.13515564806e-09
     2	6.1249600351e-09
     3	5.46303447747e-09
     4	9.74243790434e-09
     5	8.2270906732e-09
     6	7.24938534524e-09
     7	1.38441570081e-08
     8	1.16076007306e-08
     9	1.01697730947e-08

Measurement: edge100_ro11
  step	V(ro11_out)={VTHRESH} 
     1	7.05959353797e-09
     2	6.0713628161e-09
     3	5.42511396027e-09
     4	9.62822370926e-09
     5	8.14954074479e-09
     6	7.19142514528e-09
     7	1.36781868087e-08
     8	1.149718723e-08
     9	1.00871570019e-08

Measurement: edge100_ro12
  step	V(ro12_out)={VTHRESH} 
     1	7.36732895975e-09
     2	6.28332404415e-09
     3	5.57821269088e-09
     4	1.01458694671e-08
     5	8.50260608967e-09
     6	7.45116730599e-09
     7	1.45096237941e-08
     8	1.20683894303e-08
     9	1.05116123259e-08

Measurement: edge100_ro13
  step	V(ro13_out)={VTHRESH} 
     1	7.37329481321e-09
     2	6.29813681938e-09
     3	5.59055260816e-09
     4	1.01442506377e-08
     5	8.51631029002e-09
     6	7.46656099375e-09
     7	1.45150187609e-08
     8	1.20996147751e-08
     9	1.05457662679e-08

Measurement: edge100_ro14
  step	V(ro14_out)={VTHRESH} 
     1	7.47106295664e-09
     2	6.35235915493e-09
     3	5.62608731553e-09
     4	1.035247524e-08
     5	8.64254398169e-09
     6	7.55501827583e-09
     7	1.4870570259e-08
     8	1.23194872188e-08
     9	1.07020761768e-08

Measurement: edge100_ro15
  step	V(ro15_out)={VTHRESH} 
     1	7.26304452055e-09
     2	6.20996695721e-09
     3	5.53163011797e-09
     4	9.97529633331e-09
     5	8.39211317716e-09
     6	7.37313725631e-09
     7	1.42428836187e-08
     8	1.1894537283e-08
     9	1.03872767606e-08

Measurement: edge100_ro16
  step	V(ro16_out)={VTHRESH} 
     1	7.03675612459e-09
     2	6.05328352585e-09
     3	5.40837263991e-09
     4	9.58232825803e-09
     5	8.10897471538e-09
     6	7.15666704093e-09
     7	1.35802464512e-08
     8	1.14085844474e-08
     9	1.00111088468e-08

Measurement: edge100_ro17
  step	V(ro17_out)={VTHRESH} 
     1	7.23737485365e-09
     2	6.19228374673e-09
     3	5.51900075773e-09
     4	9.94069258676e-09
     5	8.37203823532e-09
     6	7.3594429868e-09
     7	1.41904277557e-08
     8	1.186569377e-08
     9	1.03685800764e-08

Measurement: edge100_ro18
  step	V(ro18_out)={VTHRESH} 
     1	7.84075279671e-09
     2	6.58805558557e-09
     3	5.79938470261e-09
     4	1.10380998589e-08
     5	9.09373647302e-09
     6	7.87878814565e-09
     7	1.60428989374e-08
     8	1.3104135096e-08
     9	1.12751543673e-08

Measurement: edge100_ro19
  step	V(ro19_out)={VTHRESH} 
     1	7.190349855e-09
     2	6.15069890667e-09
     3	5.48932643875e-09
     4	9.8689978473e-09
     5	8.31150113299e-09
     6	7.30892003149e-09
     7	1.40723806362e-08
     8	1.17634936267e-08
     9	1.02842198202e-08

Measurement: edge100_ro20
  step	V(ro20_out)={VTHRESH} 
     1	7.10702319388e-09
     2	6.11171907611e-09
     3	5.45442552551e-09
     4	9.68927071572e-09
     5	8.20045552368e-09
     6	7.23242791413e-09
     7	1.37618324312e-08
     8	1.15679039821e-08
     9	1.01442168676e-08

Measurement: edge100_ro21
  step	V(ro21_out)={VTHRESH} 
     1	7.0186145802e-09
     2	6.05753300108e-09
     3	5.41924575525e-09
     4	9.54421326458e-09
     5	8.10841460238e-09
     6	7.16821470116e-09
     7	1.35207631726e-08
     8	1.14097759343e-08
     9	1.00317703666e-08

Measurement: edge100_ro22
  step	V(ro22_out)={VTHRESH} 
     1	6.98673315563e-09
     2	6.02197617118e-09
     3	5.3914473657e-09
     4	9.52055119109e-09
     5	8.07789242121e-09
     6	7.14157191163e-09
     7	1.34976974594e-08
     8	1.13742239338e-08
     9	9.99668780269e-09

Measurement: edge100_ro23
  step	V(ro23_out)={VTHRESH} 
     1	7.39028004443e-09
     2	6.29331411129e-09
     3	5.58024896312e-09
     4	1.02428354601e-08
     5	8.56517837809e-09
     6	7.49488852001e-09
     7	1.4720248024e-08
     8	1.22137365939e-08
     9	1.06199929444e-08

Measurement: edge100_ro24
  step	V(ro24_out)={VTHRESH} 
     1	7.42013951913e-09
     2	6.30978012893e-09
     3	5.59053851457e-09
     4	1.02717389197e-08
     5	8.57333539874e-09
     6	7.4960505445e-09
     7	1.47470981149e-08
     8	1.22136211307e-08
     9	1.06105261619e-08

Measurement: edge100_ro25
  step	V(ro25_out)={VTHRESH} 
     1	7.53844029569e-09
     2	6.39060591475e-09
     3	5.66088000036e-09
     4	1.04645960708e-08
     5	8.72703294068e-09
     6	7.62041627905e-09
     7	1.50834887188e-08
     8	1.2484862545e-08
     9	1.08312689272e-08

Measurement: edge100_ro26
  step	V(ro26_out)={VTHRESH} 
     1	7.22219655546e-09
     2	6.1821691523e-09
     3	5.5156882242e-09
     4	9.89558391197e-09
     5	8.34316977933e-09
     6	7.33869980859e-09
     7	1.41108454719e-08
     8	1.18134101065e-08
     9	1.03327034372e-08

Measurement: edge100_ro27
  step	V(ro27_out)={VTHRESH} 
     1	7.83675337414e-09
     2	6.58875390897e-09
     3	5.79995121033e-09
     4	1.10329533567e-08
     5	9.1034756578e-09
     6	7.89210570415e-09
     7	1.60356821864e-08
     8	1.31235554317e-08
     9	1.1300580411e-08

Measurement: edge100_ro28
  step	V(ro28_out)={VTHRESH} 
     1	7.42219228309e-09
     2	6.32577056674e-09
     3	5.61096421732e-09
     4	1.02362778797e-08
     5	8.5758243343e-09
     6	7.51028905882e-09
     7	1.4673200501e-08
     8	1.22046964054e-08
     9	1.06239584657e-08

Measurement: edge100_ro29
  step	V(ro29_out)={VTHRESH} 
     1	7.18818950053e-09
     2	6.15279622919e-09
     3	5.48889819632e-09
     4	9.88379183564e-09
     5	8.32472235996e-09
     6	7.32050244284e-09
     7	1.41129328265e-08
     8	1.17957492723e-08
     9	1.03104809382e-08

Measurement: edge100_ro30
  step	V(ro30_out)={VTHRESH} 
     1	7.73517385869e-09
     2	6.54273015198e-09
     3	5.74861900862e-09
     4	1.07997141063e-08
     5	8.94269499154e-09
     6	7.77010250974e-09
     7	1.56317873845e-08
     8	1.28423883497e-08
     9	1.10860592446e-08

Measurement: edge100_ro31
  step	V(ro31_out)={VTHRESH} 
     1	7.48165119611e-09
     2	6.344927379e-09
     3	5.63290225574e-09
     4	1.03703128185e-08
     5	8.65720563706e-09
     6	7.56544967719e-09
     7	1.49148682962e-08
     8	1.23562073907e-08
     9	1.07298601324e-08

Measurement: edge100_ro32
  step	V(ro32_out)={VTHRESH} 
     1	7.20446797609e-09
     2	6.17322538583e-09
     3	5.50258446379e-09
     4	9.87838195729e-09
     5	8.3259686345e-09
     6	7.32534988035e-09
     7	1.40809742633e-08
     8	1.17814210619e-08
     9	1.03037696017e-08

Measurement: edge100_ro33
  step	V(ro33_out)={VTHRESH} 
     1	7.8521403549e-09
     2	6.58234795757e-09
     3	5.78683222862e-09
     4	1.11121339799e-08
     5	9.12448571847e-09
     6	7.89099500647e-09
     7	1.61915789777e-08
     8	1.3178992568e-08
     9	1.13172875284e-08

Measurement: edge100_ro34
  step	V(ro34_out)={VTHRESH} 
     1	7.60953477393e-09
     2	6.44152200389e-09
     3	5.69619899266e-09
     4	1.06112869513e-08
     5	8.81811228453e-09
     6	7.68390325172e-09
     7	1.53111497271e-08
     8	1.26236585753e-08
     9	1.09286458639e-08

Measurement: edge100_ro35
  step	V(ro35_out)={VTHRESH} 
     1	7.50375970388e-09
     2	6.37094642447e-09
     3	5.64781751234e-09
     4	1.04022293936e-08
     5	8.68638825539e-09
     6	7.59112533879e-09
     7	1.49619764419e-08
     8	1.23991425993e-08
     9	1.07677611347e-08

Measurement: edge100_ro36
  step	V(ro36_out)={VTHRESH} 
     1	7.28195782821e-09
     2	6.22179083888e-09
     3	5.54554680929e-09
     4	1.00341051283e-08
     5	8.42292661362e-09
     6	7.39249652872e-09
     7	1.43572935834e-08
     8	1.19542404673e-08
     9	1.04254971436e-08

Measurement: edge100_ro37
  step	V(ro37_out)={VTHRESH} 
     1	7.44025011687e-09
     2	6.32186814036e-09
     3	5.5985561794e-09
     4	1.03224616631e-08
     5	8.59848600301e-09
     6	7.51280873963e-09
     7	1.48418194038e-08
     8	1.22597183433e-08
     9	1.06414389109e-08

Measurement: edge100_ro38
  step	V(ro38_out)={VTHRESH} 
     1	7.34690059986e-09
     2	6.26132098958e-09
     3	5.55731314753e-09
     4	1.01916445978e-08
     5	8.52908334686e-09
     6	7.46855905851e-09
     7	1.46362904045e-08
     8	1.21527095649e-08
     9	1.05735997068e-08

Measurement: edge100_ro39
  step	V(ro39_out)={VTHRESH} 
     1	7.90692726071e-09
     2	6.62718506028e-09
     3	5.82406945014e-09
     4	1.11797061239e-08
     5	9.18320044048e-09
     6	7.94224771515e-09
     7	1.62946160361e-08
     8	1.32697158808e-08
     9	1.1396188579e-08

Measurement: edge100_ro40
  step	V(ro40_out)={VTHRESH} 
     1	7.43779427826e-09
     2	6.32443299966e-09
     3	5.60458812388e-09
     4	1.02798839959e-08
     5	8.58390113041e-09
     6	7.50662250497e-09
     7	1.47490293902e-08
     8	1.22212520028e-08
     9	1.06201527622e-08

Measurement: edge100_ro41
  step	V(ro41_out)={VTHRESH} 
     1	7.32516484585e-09
     2	6.22551373894e-09
     3	5.53791818179e-09
     4	1.01303220763e-08
     5	8.46853437538e-09
     6	7.41577140415e-09
     7	1.45378387279e-08
     8	1.20562121301e-08
     9	1.04898761915e-08

Measurement: edge100_ro42
  step	V(ro42_out)={VTHRESH} 
     1	7.65746630789e-09
     2	6.46079870559e-09
     3	5.7089545464e-09
     4	1.06983188515e-08
     5	8.85905360542e-09
     6	7.70646846751e-09
     7	1.54612589608e-08
     8	1.26995724094e-08
     9	1.0974882346e-08

Measurement: edge100_ro43
  step	V(ro43_out)={VTHRESH} 
     1	7.45298011297e-09
     2	6.34492396662e-09
     3	5.62475362685e-09
     4	1.02984626704e-08
     5	8.61702251306e-09
     6	7.53842559102e-09
     7	1.47808999419e-08
     8	1.2277653099e-08
     9	1.06762543403e-08

Measurement: edge100_ro44
  step	V(ro44_out)={VTHRESH} 
     1	7.32572629133e-09
     2	6.24467114292e-09
     3	5.54630475717e-09
     4	1.00967492435e-08
     5	8.44926351655e-09
     6	7.40508304956e-09
     7	1.44401969809e-08
     8	1.19915922023e-08
     9	1.04445837794e-08

Measurement: edge100_ro45
  step	V(ro45_out)={VTHRESH} 
     1	7.43922370692e-09
     2	6.34160524289e-09
     3	5.62182674639e-09
     4	1.02765386903e-08
     5	8.60381287743e-09
     6	7.53058688325e-09
     7	1.47450981245e-08
     8	1.22548755159e-08
     9	1.06611093238e-08

Measurement: edge100_ro46
  step	V(ro46_out)={VTHRESH} 
     1	7.62892931241e-09
     2	6.45572844978e-09
     3	5.70355378135e-09
     4	1.06543985492e-08
     5	8.84204040873e-09
     6	7.69832578369e-09
     7	1.53926661547e-08
     8	1.26721231377e-08
     9	1.09601029216e-08

Measurement: edge100_ro47
  step	V(ro47_out)={VTHRESH} 
     1	7.18868820732e-09
     2	6.14675498601e-09
     3	5.48328830479e-09
     4	9.85743394455e-09
     5	8.29759779021e-09
     6	7.29383966891e-09
     7	1.40593753417e-08
     8	1.1748086584e-08
     9	1.02648377073e-08

Measurement: edge100_ro48
  step	V(ro48_out)={VTHRESH} 
     1	6.84537096623e-09
     2	5.94625124682e-09
     3	5.32186289942e-09
     4	9.2565312395e-09
     5	7.89815892589e-09
     6	7.00770118111e-09
     7	1.3049812172e-08
     8	1.10604758507e-08
     9	9.76156273614e-09

Measurement: edge100_ro49
  step	V(ro49_out)={VTHRESH} 
     1	7.29004081966e-09
     2	6.2290862868e-09
     3	5.54711587536e-09
     4	1.00383831958e-08
     5	8.43575217138e-09
     6	7.40557862376e-09
     7	1.43585678955e-08
     8	1.19767626106e-08
     9	1.04504056024e-08

Measurement: edge100_ro50
  step	V(ro50_out)={VTHRESH} 
     1	8.00491524235e-09
     2	6.69374665666e-09
     3	5.86748245499e-09
     4	1.13308909537e-08
     5	9.2777074345e-09
     6	8.00560932074e-09
     7	1.65422956876e-08
     8	1.34284095124e-08
     9	1.15044734047e-08

Measurement: edge100_ro51
  step	V(ro51_out)={VTHRESH} 
     1	7.10875795803e-09
     2	6.10887214765e-09
     3	5.45388080736e-09
     4	9.73283410127e-09
     5	8.22936545504e-09
     6	7.25424065434e-09
     7	1.38526296415e-08
     8	1.16304963961e-08
     9	1.01922603772e-08

Measurement: edge100_ro52
  step	V(ro52_out)={VTHRESH} 
     1	7.22254692863e-09
     2	6.17248862883e-09
     3	5.50188356204e-09
     4	9.92462361396e-09
     5	8.34414470289e-09
     6	7.3331739212e-09
     7	1.41749236765e-08
     8	1.18284758391e-08
     9	1.03269654499e-08

Measurement: edge100_ro53
  step	V(ro53_out)={VTHRESH} 
     1	7.07525430075e-09
     2	6.08227190736e-09
     3	5.43516370487e-09
     4	9.63011842392e-09
     5	8.15623294258e-09
     6	7.19827158893e-09
     7	1.36634199066e-08
     8	1.14939665069e-08
     9	1.00872845228e-08

Measurement: edge100_ro54
  step	V(ro54_out)={VTHRESH} 
     1	7.13823052999e-09
     2	6.1231957686e-09
     3	5.46249716969e-09
     4	9.74802703776e-09
     5	8.23132873555e-09
     6	7.25020502049e-09
     7	1.38722897828e-08
     8	1.16313485783e-08
     9	1.01855184786e-08

Measurement: edge100_ro55
  step	V(ro55_out)={VTHRESH} 
     1	7.64676085761e-09
     2	6.47020318172e-09
     3	5.71411259182e-09
     4	1.06492445011e-08
     5	8.84432709406e-09
     6	7.70322100446e-09
     7	1.53665867434e-08
     8	1.26629293939e-08
     9	1.09584171582e-08

Measurement: edge100_ro56
  step	V(ro56_out)={VTHRESH} 
     1	7.45635553758e-09
     2	6.33216619589e-09
     3	5.60630318027e-09
     4	1.03652216779e-08
     5	8.6301400796e-09
     6	7.53756566753e-09
     7	1.49198385552e-08
     8	1.23178176728e-08
     9	1.06854162874e-08

Measurement: edge100_ro57
  step	V(ro57_out)={VTHRESH} 
     1	7.37594611313e-09
     2	6.30070869701e-09
     3	5.5957028357e-09
     4	1.01805961249e-08
     5	8.54860324917e-09
     6	7.4945558681e-09
     7	1.45955835766e-08
     8	1.21686339542e-08
     9	1.06048311298e-08

Measurement: edge100_ro58
  step	V(ro58_out)={VTHRESH} 
     1	7.00574111611e-09
     2	6.03984199447e-09
     3	5.40384244429e-09
     4	9.5012774055e-09
     5	8.06905952697e-09
     6	7.13610907681e-09
     7	1.34417809361e-08
     8	1.13409129742e-08
     9	9.97169435579e-09

Measurement: edge100_ro59
  step	V(ro59_out)={VTHRESH} 
     1	6.96755324758e-09
     2	6.01540028553e-09
     3	5.38423143028e-09
     4	9.44952992752e-09
     5	8.03581710774e-09
     6	7.1120446078e-09
     7	1.33628956057e-08
     8	1.12878266801e-08
     9	9.93584427487e-09

Measurement: edge100_ro60
  step	V(ro60_out)={VTHRESH} 
     1	7.43731752113e-09
     2	6.32221951423e-09
     3	5.60613208352e-09
     4	1.03313958608e-08
     5	8.62812593595e-09
     6	7.54249316844e-09
     7	1.48768902945e-08
     8	1.23270422113e-08
     9	1.07070511829e-08

Measurement: edge100_ro61
  step	V(ro61_out)={VTHRESH} 
     1	7.97364583958e-09
     2	6.67885771568e-09
     3	5.85965012219e-09
     4	1.12607868293e-08
     5	9.24089886251e-09
     6	7.98257343901e-09
     7	1.64147223687e-08
     8	1.33579254128e-08
     9	1.14594763988e-08

Measurement: edge100_ro62
  step	V(ro62_out)={VTHRESH} 
     1	7.99216831169e-09
     2	6.6321795463e-09
     3	5.80708010239e-09
     4	1.13971610503e-08
     5	9.22827215767e-09
     6	7.93641222265e-09
     7	1.6655182332e-08
     8	1.33513969126e-08
     9	1.13898969797e-08

Measurement: edge100_ro63
  step	V(ro63_out)={VTHRESH} 
     1	7.07075202297e-09
     2	6.08412352172e-09
     3	5.43638304813e-09
     4	9.64415945571e-09
     5	8.17144388282e-09
     6	7.21302051713e-09
     7	1.37033450632e-08
     8	1.15304624935e-08
     9	1.01200052702e-08

Measurement: edge100_ro64
  step	V(ro64_out)={VTHRESH} 
     1	7.73071629912e-09
     2	6.54297318863e-09
     3	5.74852072124e-09
     4	1.0777484252e-08
     5	8.93539929671e-09
     6	7.76906706e-09
     7	1.5595644468e-08
     8	1.28309538074e-08
     9	1.10848839332e-08

Measurement: edge100_ro65
  step	V(ro65_out)={VTHRESH} 
     1	7.26054426397e-09
     2	6.2131999568e-09
     3	5.53209667222e-09
     4	9.97672021428e-09
     5	8.39905444667e-09
     6	7.38040017133e-09
     7	1.42478018516e-08
     8	1.19086467181e-08
     9	1.04025797793e-08

Measurement: edge100_ro66
  step	V(ro66_out)={VTHRESH} 
     1	7.27595241691e-09
     2	6.22236463352e-09
     3	5.54014771366e-09
     4	9.97712440437e-09
     5	8.39530184463e-09
     6	7.37708781762e-09
     7	1.42311380703e-08
     8	1.1889596108e-08
     9	1.03860518238e-08

Measurement: edge100_ro67
  step	V(ro67_out)={VTHRESH} 
     1	7.34909812927e-09
     2	6.26336681866e-09
     3	5.5492828658e-09
     4	1.01794429947e-08
     5	8.50994598375e-09
     6	7.44954114352e-09
     7	1.4610878949e-08
     8	1.21159504427e-08
     9	1.05383252232e-08

Measurement: edge100_ro68
  step	V(ro68_out)={VTHRESH} 
     1	6.93967920708e-09
     2	6.00726995752e-09
     3	5.38205010761e-09
     4	9.40554284561e-09
     5	8.01114168839e-09
     6	7.09512915427e-09
     7	1.32861829613e-08
     8	1.12428970969e-08
     9	9.90421878766e-09

Measurement: edge100_ro69
  step	V(ro69_out)={VTHRESH} 
     1	7.4637696316e-09
     2	6.34693727388e-09
     3	5.62610454359e-09
     4	1.03028724541e-08
     5	8.61495486006e-09
     6	7.53520895796e-09
     7	1.47883550866e-08
     8	1.22753829992e-08
     9	1.06703415929e-08

Measurement: edge100_ro70
  step	V(ro70_out)={VTHRESH} 
     1	7.37251431552e-09
     2	6.28070239926e-09
     3	5.57403844184e-09
     4	1.01693265336e-08
     5	8.50755975166e-09
     6	7.44999092038e-09
     7	1.45481874936e-08
     8	1.20765166869e-08
     9	1.05097581827e-08

Measurement: edge100_ro71
  step	V(ro71_out)={VTHRESH} 
     1	7.53453408299e-09
     2	6.38342159921e-09
     3	5.6518571785e-09
     4	1.0500371439e-08
     5	8.73607771405e-09
     6	7.62101732596e-09
     7	1.51448379585e-08
     8	1.25009147228e-08
     9	1.08336846267e-08

Measurement: edge100_ro72
  step	V(ro72_out)={VTHRESH} 
     1	7.35759919765e-09
     2	6.27595320748e-09
     3	5.56842469542e-09
     4	1.01627426733e-08
     5	8.51224984642e-09
     6	7.4553565021e-09
     7	1.45772575517e-08
     8	1.21171923903e-08
     9	1.05464772882e-08

Measurement: edge100_ro73
  step	V(ro73_out)={VTHRESH} 
     1	7.93446393178e-09
     2	6.66259776695e-09
     3	5.8523142416e-09
     4	1.11849454662e-08
     5	9.2152348095e-09
     6	7.97758082807e-09
     7	1.62888265838e-08
     8	1.33131304079e-08
     9	1.14482651088e-08

Measurement: edge100_ro74
  step	V(ro74_out)={VTHRESH} 
     1	8.15079397258e-09
     2	6.78178416129e-09
     3	5.93595745044e-09
     4	1.160351749e-08
     5	9.44966493477e-09
     6	8.1292339727e-09
     7	1.6986202713e-08
     8	1.37118069647e-08
     9	1.17096430832e-08

Measurement: edge100_ro75
  step	V(ro75_out)={VTHRESH} 
     1	7.14751797387e-09
     2	6.14123020359e-09
     3	5.46737805719e-09
     4	9.85280030398e-09
     5	8.28957615007e-09
     6	7.28919602387e-09
     7	1.40633083551e-08
     8	1.1744052911e-08
     9	1.02642006857e-08

Measurement: edge100_ro76
  step	V(ro76_out)={VTHRESH} 
     1	8.00637020243e-09
     2	6.70611259998e-09
     3	5.88596054351e-09
     4	1.12954443111e-08
     5	9.27665362552e-09
     6	8.0167098911e-09
     7	1.64615307322e-08
     8	1.34061173656e-08
     9	1.15054784018e-08

Measurement: edge100_ro77
  step	V(ro77_out)={VTHRESH} 
     1	7.1891116752e-09
     2	6.15984471962e-09
     3	5.49240833976e-09
     4	9.83787296072e-09
     5	8.29812046783e-09
     6	7.30203221983e-09
     7	1.40155227796e-08
     8	1.17388662984e-08
     9	1.02697176039e-08

Measurement: edge100_ro78
  step	V(ro78_out)={VTHRESH} 
     1	7.49663996119e-09
     2	6.34271671959e-09
     3	5.61802931768e-09
     4	1.0460039052e-08
     5	8.68302867241e-09
     6	7.57164184532e-09
     7	1.5076557372e-08
     8	1.24088191579e-08
     9	1.07460639803e-08

Measurement: edge100_ro79
  step	V(ro79_out)={VTHRESH} 
     1	7.67326975802e-09
     2	6.48383095189e-09
     3	5.72884572877e-09
     4	1.06629296456e-08
     5	8.84739334211e-09
     6	7.70085828328e-09
     7	1.53700633888e-08
     8	1.2654584704e-08
     9	1.09440810298e-08

Measurement: edge100_ro80
  step	V(ro80_out)={VTHRESH} 
     1	7.49226563423e-09
     2	6.362576445e-09
     3	5.63705294701e-09
     4	1.03895190125e-08
     5	8.67078210268e-09
     6	7.5766933479e-09
     7	1.49436648586e-08
     8	1.23748936611e-08
     9	1.07445825199e-08

Measurement: edge100_ro81
  step	V(ro81_out)={VTHRESH} 
     1	7.24749648866e-09
     2	6.19924709972e-09
     3	5.52094878503e-09
     4	9.95853503857e-09
     5	8.37479953861e-09
     6	7.35755492671e-09
     7	1.42321197414e-08
     8	1.1879303892e-08
     9	1.03732787056e-08

Measurement: edge100_ro82
  step	V(ro82_out)={VTHRESH} 
     1	7.49946139373e-09
     2	6.36777770484e-09
     3	5.64063058739e-09
     4	1.04063538024e-08
     5	8.68029264116e-09
     6	7.58143801996e-09
     7	1.49844673297e-08
     8	1.2400918598e-08
     9	1.07616098485e-08

Measurement: edge100_ro83
  step	V(ro83_out)={VTHRESH} 
     1	7.57052851463e-09
     2	6.41917964402e-09
     3	5.6800475077e-09
     4	1.05175387008e-08
     5	8.74629545099e-09
     6	7.62795800657e-09
     7	1.51341987071e-08
     8	1.24838735409e-08
     9	1.08164747612e-08

Measurement: edge100_ro84
  step	V(ro84_out)={VTHRESH} 
     1	7.42684146659e-09
     2	6.31851663567e-09
     3	5.59734836503e-09
     4	1.02910596067e-08
     5	8.58976036777e-09
     6	7.51205363503e-09
     7	1.47706016579e-08
     8	1.22344478568e-08
     9	1.06302946357e-08

Measurement: edge100_ro85
  step	V(ro85_out)={VTHRESH} 
     1	7.14806948399e-09
     2	6.14125837492e-09
     3	5.47275464393e-09
     4	9.81055828724e-09
     5	8.27217842339e-09
     6	7.28016815665e-09
     7	1.39873278282e-08
     8	1.17082533763e-08
     9	1.02420899767e-08

Measurement: edge100_ro86
  step	V(ro86_out)={VTHRESH} 
     1	7.2365295694e-09
     2	6.18956526508e-09
     3	5.51017596285e-09
     4	9.93927518646e-09
     5	8.35613898781e-09
     6	7.34005661726e-09
     7	1.41918917508e-08
     8	1.18441324107e-08
     9	1.03431239747e-08

Measurement: edge100_ro87
  step	V(ro87_out)={VTHRESH} 
     1	7.10490234949e-09
     2	6.10630533003e-09
     3	5.44779487084e-09
     4	9.72533155496e-09
     5	8.21740875032e-09
     6	7.24249946304e-09
     7	1.38460630466e-08
     8	1.16163804721e-08
     9	1.0177368383e-08

Measurement: edge100_ro88
  step	V(ro88_out)={VTHRESH} 
     1	7.50993190954e-09
     2	6.35394349211e-09
     3	5.63213624319e-09
     4	1.04632915597e-08
     5	8.70199572118e-09
     6	7.59116045136e-09
     7	1.50746782816e-08
     8	1.24368970775e-08
     9	1.07786643769e-08

Measurement: edge100_ro89
  step	V(ro89_out)={VTHRESH} 
     1	7.25763896915e-09
     2	6.19966363301e-09
     3	5.51712835063e-09
     4	1.00253986482e-08
     5	8.41522997851e-09
     6	7.38465834144e-09
     7	1.43599042638e-08
     8	1.19619891582e-08
     9	1.0431313609e-08

Measurement: edge100_ro90
  step	V(ro90_out)={VTHRESH} 
     1	7.46423303308e-09
     2	6.34618285028e-09
     3	5.61480344325e-09
     4	1.0362282127e-08
     5	8.63823817474e-09
     6	7.54450770409e-09
     7	1.49048816781e-08
     8	1.23260075361e-08
     9	1.06984618011e-08

Measurement: edge100_ro91
  step	V(ro91_out)={VTHRESH} 
     1	7.48521271424e-09
     2	6.35613068199e-09
     3	5.63048532207e-09
     4	1.0400779188e-08
     5	8.67714582729e-09
     6	7.57984455318e-09
     7	1.49765915171e-08
     8	1.2398460478e-08
     9	1.07624013479e-08

Measurement: edge100_ro92
  step	V(ro92_out)={VTHRESH} 
     1	7.01485945626e-09
     2	6.04544686162e-09
     3	5.41225073681e-09
     4	9.53630621413e-09
     5	8.09653496627e-09
     6	7.15609579259e-09
     7	1.35132891278e-08
     8	1.13954903119e-08
     9	1.00161466159e-08

Measurement: edge100_ro93
  step	V(ro93_out)={VTHRESH} 
     1	7.59105115297e-09
     2	6.42265002929e-09
     3	5.67824444827e-09
     4	1.05808298873e-08
     5	8.78710529689e-09
     6	7.65547868835e-09
     7	1.52709078766e-08
     8	1.258236685e-08
     9	1.08911749352e-08

Measurement: edge100_ro94
  step	V(ro94_out)={VTHRESH} 
     1	7.76514847908e-09
     2	6.54518943973e-09
     3	5.78607937179e-09
     4	1.0854511257e-08
     5	9.00696675584e-09
     6	7.83133893965e-09
     7	1.57164258277e-08
     8	1.29432436394e-08
     9	1.11830381127e-08

Measurement: edge100_ro95
  step	V(ro95_out)={VTHRESH} 
     1	7.4777117187e-09
     2	6.35055953449e-09
     3	5.63132970727e-09
     4	1.03951797781e-08
     5	8.67551978033e-09
     6	7.57948425723e-09
     7	1.49695275233e-08
     8	1.23955459363e-08
     9	1.07612506844e-08

Measurement: edge100_ro96
  step	V(ro96_out)={VTHRESH} 
     1	7.45178999499e-09
     2	6.34585267496e-09
     3	5.62557961849e-09
     4	1.03036155669e-08
     5	8.6191472853e-09
     6	7.54114164714e-09
     7	1.47935087947e-08
     8	1.22839766297e-08
     9	1.06826901241e-08

Measurement: edge100_ro97
  step	V(ro97_out)={VTHRESH} 
     1	7.99797952058e-09
     2	6.69826021531e-09
     3	5.87725620591e-09
     4	1.1273033911e-08
     5	9.2501409646e-09
     6	7.99450151537e-09
     7	1.6391647054e-08
     8	1.33425448688e-08
     9	1.14551452851e-08

Measurement: edge100_ro98
  step	V(ro98_out)={VTHRESH} 
     1	7.55726800688e-09
     2	6.39858877626e-09
     3	5.65723596629e-09
     4	1.05842585047e-08
     5	8.78370409554e-09
     6	7.65196959956e-09
     7	1.52995078141e-08
     8	1.25922774118e-08
     9	1.08943413002e-08

Measurement: edge100_ro99
  step	V(ro99_out)={VTHRESH} 
     1	7.54304457415e-09
     2	6.37221958324e-09
     3	5.64181182576e-09
     4	1.05437283043e-08
     5	8.72093671024e-09
     6	7.59838107243e-09
     7	1.52114766103e-08
     8	1.24621961907e-08
     9	1.07815055203e-08

Measurement: edge100_ro100
  step	V(ro100_out)={VTHRESH} 
     1	7.464398932e-09
     2	6.3460898143e-09
     3	5.62087189813e-09
     4	1.03582183119e-08
     5	8.64796100727e-09
     6	7.55808074571e-09
     7	1.48935599722e-08
     8	1.23387419459e-08
     9	1.07168834647e-08

Measurement: edge100_ro101
  step	V(ro101_out)={VTHRESH} 
     1	7.60718212367e-09
     2	6.43034165214e-09
     3	5.68041672516e-09
     4	1.05997792297e-08
     5	8.78829838992e-09
     6	7.65128770965e-09
     7	1.52916828483e-08
     8	1.25743105432e-08
     9	1.0874752703e-08

Measurement: edge100_ro102
  step	V(ro102_out)={VTHRESH} 
     1	7.18651882422e-09
     2	6.14891362436e-09
     3	5.48269535457e-09
     4	9.86812376125e-09
     5	8.30241297986e-09
     6	7.29990696242e-09
     7	1.40658697431e-08
     8	1.17455209397e-08
     9	1.02646940936e-08

Measurement: edge100_ro103
  step	V(ro103_out)={VTHRESH} 
     1	7.95271029215e-09
     2	6.65182902407e-09
     3	5.83823363611e-09
     4	1.12296729557e-08
     5	9.19958095631e-09
     6	7.94662398788e-09
     7	1.63277434553e-08
     8	1.32616285408e-08
     9	1.13752264384e-08

Measurement: edge100_ro104
  step	V(ro104_out)={VTHRESH} 
     1	7.35952718841e-09
     2	6.28143800763e-09
     3	5.57626900843e-09
     4	1.01661890789e-08
     5	8.52668190306e-09
     6	7.47381324284e-09
     7	1.45761774315e-08
     8	1.2134801377e-08
     9	1.05708454207e-08

Measurement: edge100_ro105
  step	V(ro105_out)={VTHRESH} 
     1	7.21300926391e-09
     2	6.17434400372e-09
     3	5.50167609159e-09
     4	9.86210858201e-09
     5	8.30964962468e-09
     6	7.30730564522e-09
     7	1.40445726043e-08
     8	1.17514268414e-08
     9	1.02742177701e-08

Measurement: edge100_ro106
  step	V(ro106_out)={VTHRESH} 
     1	7.67499335505e-09
     2	6.48449931262e-09
     3	5.72538941275e-09
     4	1.07016740785e-08
     5	8.8808228241e-09
     6	7.72874434889e-09
     7	1.54571874601e-08
     8	1.27291172988e-08
     9	1.10067162057e-08

Measurement: edge100_ro107
  step	V(ro107_out)={VTHRESH} 
     1	7.41993748697e-09
     2	6.32317634589e-09
     3	5.6109302488e-09
     4	1.02418765671e-08
     5	8.5799198487e-09
     6	7.51475189994e-09
     7	1.46834543452e-08
     8	1.22121460641e-08
     9	1.0631274184e-08

Measurement: edge100_ro108
  step	V(ro108_out)={VTHRESH} 
     1	7.91606272778e-09
     2	6.63295023388e-09
     3	5.82963638957e-09
     4	1.11612704656e-08
     5	9.16517777615e-09
     6	7.93037521498e-09
     7	1.62173111562e-08
     8	1.32040390926e-08
     9	1.13424064598e-08

Measurement: edge100_ro109
  step	V(ro109_out)={VTHRESH} 
     1	7.50742450601e-09
     2	6.3613597552e-09
     3	5.64817871185e-09
     4	1.03878748259e-08
     5	8.6721317989e-09
     6	7.5768137739e-09
     7	1.49258879264e-08
     8	1.23678353765e-08
     9	1.0739340371e-08

Measurement: edge100_ro110
  step	V(ro110_out)={VTHRESH} 
     1	8.32648709937e-09
     2	6.90686105925e-09
     3	6.02858185325e-09
     4	1.19050424625e-08
     5	9.6765133656e-09
     6	8.3037890872e-09
     7	1.75117724242e-08
     8	1.41120380828e-08
     9	1.20239486535e-08

Measurement: edge100_ro111
  step	V(ro111_out)={VTHRESH} 
     1	7.48864686365e-09
     2	6.35820934199e-09
     3	5.63642425929e-09
     4	1.04037795112e-08
     5	8.6807086027e-09
     6	7.58357538153e-09
     7	1.49802294278e-08
     8	1.24024356595e-08
     9	1.07655783085e-08

Measurement: edge100_ro112
  step	V(ro112_out)={VTHRESH} 
     1	7.46855469407e-09
     2	6.34640863262e-09
     3	5.61101067149e-09
     4	1.03760758436e-08
     5	8.63933552167e-09
     6	7.54296364157e-09
     7	1.49330221627e-08
     8	1.23335436152e-08
     9	1.06988402782e-08

Measurement: edge100_ro113
  step	V(ro113_out)={VTHRESH} 
     1	7.31440167237e-09
     2	6.24139751541e-09
     3	5.55281358296e-09
     4	1.00819888321e-08
     5	8.4629937311e-09
     6	7.423019221e-09
     7	1.44416182326e-08
     8	1.20330408481e-08
     9	1.04898872223e-08

Measurement: edge100_ro114
  step	V(ro114_out)={VTHRESH} 
     1	7.50865192723e-09
     2	6.35167274349e-09
     3	5.63813075552e-09
     4	1.04046597921e-08
     5	8.67308366562e-09
     6	7.57439006206e-09
     7	1.49655237687e-08
     8	1.23760750478e-08
     9	1.07398159755e-08

Measurement: edge100_ro115
  step	V(ro115_out)={VTHRESH} 
     1	7.89304784323e-09
     2	6.62996180023e-09
     3	5.83194174652e-09
     4	1.1112787954e-08
     5	9.16097679252e-09
     6	7.9347210437e-09
     7	1.61750226425e-08
     8	1.32244471995e-08
     9	1.13765032404e-08

Measurement: edge100_ro116
  step	V(ro116_out)={VTHRESH} 
     1	7.14737604489e-09
     2	6.15013180552e-09
     3	5.48067733066e-09
     4	9.78138584056e-09
     5	8.26790845063e-09
     6	7.2839539293e-09
     7	1.39223822725e-08
     8	1.16864401442e-08
     9	1.02370479589e-08

Measurement: edge100_ro117
  step	V(ro117_out)={VTHRESH} 
     1	7.42836542429e-09
     2	6.34668079774e-09
     3	5.61579971669e-09
     4	1.02632924917e-08
     5	8.60072509016e-09
     6	7.53161304576e-09
     7	1.47304355851e-08
     8	1.22550788026e-08
     9	1.06662592166e-08

Measurement: edge100_ro118
  step	V(ro118_out)={VTHRESH} 
     1	7.4418026939e-09
     2	6.32128398987e-09
     3	5.59969569731e-09
     4	1.03419639614e-08
     5	8.61819710715e-09
     6	7.53053294669e-09
     7	1.48687808884e-08
     8	1.22913729569e-08
     9	1.0669246985e-08

Measurement: edge100_ro119
  step	V(ro119_out)={VTHRESH} 
     1	7.43395385256e-09
     2	6.31328866615e-09
     3	5.59544550476e-09
     4	1.03347035829e-08
     5	8.61582095305e-09
     6	7.52887195078e-09
     7	1.48785822582e-08
     8	1.23026505519e-08
     9	1.06797254475e-08

Measurement: edge100_ro120
  step	V(ro120_out)={VTHRESH} 
     1	7.17913202041e-09
     2	6.14657448087e-09
     3	5.48665708681e-09
     4	9.86428844916e-09
     5	8.31607365065e-09
     6	7.31666247864e-09
     7	1.40804719674e-08
     8	1.1784027042e-08
     9	1.03046553416e-08

Measurement: edge100_ro121
  step	V(ro121_out)={VTHRESH} 
     1	7.52763473439e-09
     2	6.37929263035e-09
     3	5.65068149157e-09
     4	1.04278049793e-08
     5	8.6911867226e-09
     6	7.5867652712e-09
     7	1.49987870843e-08
     8	1.24041049968e-08
     9	1.07592102869e-08

Measurement: edge100_ro122
  step	V(ro122_out)={VTHRESH} 
     1	6.90841302391e-09
     2	5.97225162867e-09
     3	5.35561283061e-09
     4	9.32820676683e-09
     5	7.9507066367e-09
     6	7.04664188739e-09
     7	1.31585419589e-08
     8	1.11414065913e-08
     9	9.82166571723e-09

Measurement: edge100_ro123
  step	V(ro123_out)={VTHRESH} 
     1	7.86771153012e-09
     2	6.61101670854e-09
     3	5.81111637192e-09
     4	1.10801373166e-08
     5	9.13258194078e-09
     6	7.91130775509e-09
     7	1.61164740864e-08
     8	1.31714016461e-08
     9	1.13349827388e-08

Measurement: edge100_ro124
  step	V(ro124_out)={VTHRESH} 
     1	7.40755401437e-09
     2	6.30446010754e-09
     3	5.58985941949e-09
     4	1.02677365715e-08
     5	8.58104629564e-09
     6	7.50718223503e-09
     7	1.47520639537e-08
     8	1.22328907278e-08
     9	1.06331410852e-08

Measurement: edge100_ro125
  step	V(ro125_out)={VTHRESH} 
     1	7.18435934835e-09
     2	6.14669836367e-09
     3	5.47256778819e-09
     4	9.87718590527e-09
     5	8.29652983499e-09
     6	7.28825420194e-09
     7	1.41069925026e-08
     8	1.17573589393e-08
     9	1.02626086205e-08

Measurement: edge100_ro126
  step	V(ro126_out)={VTHRESH} 
     1	7.54108489799e-09
     2	6.39710570376e-09
     3	5.66342796948e-09
     4	1.0496746016e-08
     5	8.74051425401e-09
     6	7.62756906457e-09
     7	1.51244314836e-08
     8	1.24962505969e-08
     9	1.08339526304e-08

Measurement: edge100_ro127
  step	V(ro127_out)={VTHRESH} 
     1	7.65410824084e-09
     2	6.47350112415e-09
     3	5.72182636993e-09
     4	1.06618683298e-08
     5	8.86152876246e-09
     6	7.71835350024e-09
     7	1.53871160047e-08
     8	1.26915236445e-08
     9	1.09838606386e-08
