LTspice 26.0.2 for Windows
Circuit: C:\Users\JUST\Documents\LTspice\RO_PUF_PVT_100\chip_028_PVT.net
Start Time: Sun Jul 19 22:04:49 2026
Options:plotwinsize=0 numdgt=10 reltol=1e-4 abstol=1e-12 vntol=1e-6 reltol=0.003 vntol=1m abstol=1e-10 gmin=1e-10 threads=1

.step vddval=0.9 temp=-20°
solver = Normal
Maximum thread count: 1
tnom = 27
temp = -20
method = trap
gmin = 1e-10
abstol = 1e-10
reltol = 0.003
volttol = 0.001
Per .tran options, skipping operating point for transient analysis.

.step vddval=1 temp=-20°

.step vddval=1.1 temp=-20°

.step vddval=0.9 temp=25°

.step vddval=1 temp=25°

.step vddval=1.1 temp=25°

.step vddval=0.9 temp=80°

.step vddval=1 temp=80°

.step vddval=1.1 temp=80°
Total elapsed time: 1905.421 seconds.

Files loaded:
C:\Users\JUST\Documents\LTspice\RO_PUF_PVT_100\chip_028_PVT.net
C:\Users\JUST\Documents\LTspice\RO_PUF_PVT_100\45nm_HP.pm
C:\Users\JUST\Documents\LTspice\RO_PUF_PVT_100\chip_028_mismatch.inc


Measurement: t_ro0
  step	t_ro0	FROM	TO
     1	5.95041204995e-09	1.43143690321e-09	7.38184895316e-09
     2	5.07975154793e-09	1.22053863196e-09	6.30029017989e-09
     3	4.51110054448e-09	1.08293027821e-09	5.5940308227e-09
     4	8.2054093104e-09	1.97507490059e-09	1.0180484211e-08
     5	6.88524371714e-09	1.65546433204e-09	8.54070804918e-09
     6	6.03680434204e-09	1.45060532307e-09	7.48740966511e-09
     7	1.17563363392e-08	2.83113217114e-09	1.45874685104e-08
     8	9.79454089686e-09	2.35654676755e-09	1.21510876644e-08
     9	8.536694167e-09	2.05266306494e-09	1.05893572319e-08

Measurement: t_ro1
  step	t_ro1	FROM	TO
     1	6.05362718462e-09	1.44799432165e-09	7.50162150627e-09
     2	5.13004797469e-09	1.22454910635e-09	6.35459708103e-09
     3	4.55209286278e-09	1.08540979533e-09	5.63750265811e-09
     4	8.40370045392e-09	2.01026501964e-09	1.04139654736e-08
     5	7.00411308158e-09	1.67198242499e-09	8.67609550657e-09
     6	6.11728524933e-09	1.45869698355e-09	7.57598223288e-09
     7	1.20887554755e-08	2.89070624872e-09	1.49794617242e-08
     8	9.99353608511e-09	2.3852921482e-09	1.23788282333e-08
     9	8.67118696158e-09	2.06739270192e-09	1.07385796635e-08

Measurement: t_ro2
  step	t_ro2	FROM	TO
     1	6.38032673897e-09	1.53629204006e-09	7.91661877903e-09
     2	5.34971414112e-09	1.28766619559e-09	6.63738033671e-09
     3	4.7007875408e-09	1.13104728674e-09	5.83183482754e-09
     4	8.93741901463e-09	2.15342940175e-09	1.10908484164e-08
     5	7.35717545736e-09	1.77220487383e-09	9.12938033118e-09
     6	6.36984429514e-09	1.53416076429e-09	7.90400505943e-09
     7	1.29665051109e-08	3.12629132584e-09	1.60927964368e-08
     8	1.05865035807e-08	2.55192000173e-09	1.31384235824e-08
     9	9.10547227938e-09	2.1945098171e-09	1.12999820965e-08

Measurement: t_ro3
  step	t_ro3	FROM	TO
     1	6.35286858469e-09	1.52903219786e-09	7.88190078254e-09
     2	5.32668571934e-09	1.28097115465e-09	6.60765687399e-09
     3	4.68190982823e-09	1.12551381937e-09	5.8074236476e-09
     4	8.94449571911e-09	2.1547050228e-09	1.10992007419e-08
     5	7.3490805914e-09	1.76867082648e-09	9.11775141788e-09
     6	6.35972807927e-09	1.53006452431e-09	7.88979260358e-09
     7	1.30067998938e-08	3.13507934341e-09	1.61418792372e-08
     8	1.05926233586e-08	2.55113567078e-09	1.31437590294e-08
     9	9.10224551569e-09	2.19129224693e-09	1.12935377626e-08

Measurement: t_ro4
  step	t_ro4	FROM	TO
     1	5.972142109e-09	1.42811521325e-09	7.40025732225e-09
     2	5.08859340835e-09	1.21572304217e-09	6.30431645052e-09
     3	4.51608624435e-09	1.07830715507e-09	5.59439339942e-09
     4	8.2510147417e-09	1.97191163462e-09	1.02229263763e-08
     5	6.90611510715e-09	1.64892679563e-09	8.55504190277e-09
     6	6.0482684839e-09	1.4435956092e-09	7.4918640931e-09
     7	1.18290831295e-08	2.82448231641e-09	1.46535654459e-08
     8	9.82596932343e-09	2.34467491901e-09	1.21706442424e-08
     9	8.55213527933e-09	2.04006602022e-09	1.05922012996e-08

Measurement: t_ro5
  step	t_ro5	FROM	TO
     1	5.67524584111e-09	1.35834897907e-09	7.03359482018e-09
     2	4.8893768197e-09	1.16821543951e-09	6.05759225921e-09
     3	4.36925247652e-09	1.04314930559e-09	5.41240178211e-09
     4	7.6978430634e-09	1.842975827e-09	9.5408188904e-09
     5	6.52820657284e-09	1.56032975838e-09	8.08853633121e-09
     6	5.76458042793e-09	1.37663157527e-09	7.1412120032e-09
     7	1.08964737007e-08	2.60847280722e-09	1.35049465079e-08
     8	9.17888588472e-09	2.19380545996e-09	1.13726913447e-08
     9	8.06335062643e-09	1.9251809004e-09	9.98853152683e-09

Measurement: t_ro6
  step	t_ro6	FROM	TO
     1	5.97436029874e-09	1.43513815224e-09	7.40949845098e-09
     2	5.08678075701e-09	1.22015869657e-09	6.30693945357e-09
     3	4.50570071756e-09	1.07992994149e-09	5.58563065905e-09
     4	8.28421383954e-09	1.990992474e-09	1.02752063135e-08
     5	6.92220015307e-09	1.66110905252e-09	8.58330920559e-09
     6	6.05529361792e-09	1.45181324859e-09	7.5071068665e-09
     7	1.19059942735e-08	2.86180283506e-09	1.47677971086e-08
     8	9.87008544125e-09	2.36910257681e-09	1.22391880181e-08
     9	8.57791711321e-09	2.05721562172e-09	1.06351327349e-08

Measurement: t_ro7
  step	t_ro7	FROM	TO
     1	6.19125096669e-09	1.48563944299e-09	7.67689040968e-09
     2	5.22574250304e-09	1.25227221684e-09	6.47801471989e-09
     3	4.61485992838e-09	1.10494083531e-09	5.71980076369e-09
     4	8.647243788e-09	2.07540846721e-09	1.07226522552e-08
     5	7.16743066076e-09	1.71847929503e-09	8.88590995579e-09
     6	6.23456981331e-09	1.49345814312e-09	7.72802795643e-09
     7	1.25100440257e-08	3.00248696908e-09	1.55125309948e-08
     8	1.02877801207e-08	2.46677829588e-09	1.27545584166e-08
     9	8.89107617256e-09	2.1299397395e-09	1.10210159121e-08

Measurement: t_ro8
  step	t_ro8	FROM	TO
     1	6.18871757772e-09	1.48611340337e-09	7.67483098109e-09
     2	5.21525997748e-09	1.24990407082e-09	6.4651640483e-09
     3	4.60310442032e-09	1.10207092469e-09	5.70517534501e-09
     4	8.70051803496e-09	2.08973867602e-09	1.0790256711e-08
     5	7.18526999382e-09	1.72290491133e-09	8.90817490515e-09
     6	6.24002013564e-09	1.49546135204e-09	7.73548148769e-09
     7	1.26089504475e-08	3.02802164589e-09	1.56369720934e-08
     8	1.03242576343e-08	2.47558458968e-09	1.2799842224e-08
     9	8.90692131926e-09	2.13350964487e-09	1.10404309641e-08

Measurement: t_ro9
  step	t_ro9	FROM	TO
     1	6.24881415733e-09	1.50340343974e-09	7.75221759706e-09
     2	5.27999838863e-09	1.26641324367e-09	6.54641163231e-09
     3	4.64985706093e-09	1.114515427e-09	5.76437248793e-09
     4	8.74357249224e-09	2.10455932924e-09	1.08481318215e-08
     5	7.24269262669e-09	1.73991673536e-09	8.98260936205e-09
     6	6.2943819908e-09	1.50993679502e-09	7.80431878582e-09
     7	1.2665014195e-08	3.04897266544e-09	1.57139868604e-08
     8	1.04086675755e-08	2.50125642057e-09	1.29099239961e-08
     9	8.98663816207e-09	2.15657278036e-09	1.11432109424e-08

Measurement: t_ro10
  step	t_ro10	FROM	TO
     1	6.1304757902e-09	1.47099684006e-09	7.60147263027e-09
     2	5.19278948932e-09	1.2449619907e-09	6.43775148002e-09
     3	4.59532533265e-09	1.10105187514e-09	5.69637720779e-09
     4	8.55694002123e-09	2.05341959029e-09	1.06103596115e-08
     5	7.11953091036e-09	1.70684577094e-09	8.82637668129e-09
     6	6.20560986362e-09	1.48690123898e-09	7.69251110261e-09
     7	1.23627254045e-08	2.96641870019e-09	1.53291441047e-08
     8	1.02069334291e-08	2.44684525196e-09	1.26537786811e-08
     9	8.83934124207e-09	2.11783813704e-09	1.09571793791e-08

Measurement: t_ro11
  step	t_ro11	FROM	TO
     1	6.22603700062e-09	1.49325783485e-09	7.71929483547e-09
     2	5.2519052477e-09	1.25756157075e-09	6.50946681845e-09
     3	4.63994441738e-09	1.1077197442e-09	5.74766416159e-09
     4	8.66938209773e-09	2.07973982787e-09	1.07491219256e-08
     5	7.18046091452e-09	1.71954648691e-09	8.90000740143e-09
     6	6.23987613602e-09	1.49201652424e-09	7.73189266026e-09
     7	1.25187013778e-08	3.00290317536e-09	1.55216045531e-08
     8	1.02859078128e-08	2.46345251034e-09	1.27493603231e-08
     9	8.88594032138e-09	2.12532532396e-09	1.10112656453e-08

Measurement: t_ro12
  step	t_ro12	FROM	TO
     1	6.02249088934e-09	1.44526199822e-09	7.46775288756e-09
     2	5.11999708622e-09	1.22780411724e-09	6.34780120346e-09
     3	4.5380544281e-09	1.08676220752e-09	5.62481663562e-09
     4	8.35512697371e-09	2.00532376424e-09	1.03604507379e-08
     5	6.9786338821e-09	1.67331515786e-09	8.65194903996e-09
     6	6.09950636115e-09	1.46123203921e-09	7.56073840036e-09
     7	1.20281779229e-08	2.88686785506e-09	1.4915045778e-08
     8	9.97010446268e-09	2.39088032726e-09	1.23609847899e-08
     9	8.6592178619e-09	2.07482868451e-09	1.07340465464e-08

Measurement: t_ro13
  step	t_ro13	FROM	TO
     1	6.1056277213e-09	1.47081327116e-09	7.57644099246e-09
     2	5.17081069653e-09	1.24361035729e-09	6.41442105382e-09
     3	4.57397817229e-09	1.09867711577e-09	5.67265528806e-09
     4	8.52309377115e-09	2.055351891e-09	1.05784456621e-08
     5	7.08334694025e-09	1.70523576638e-09	8.78858270663e-09
     6	6.17329472015e-09	1.48432665315e-09	7.65762137331e-09
     7	1.2310003629e-08	2.97025695054e-09	1.52802605796e-08
     8	1.01479468889e-08	2.44459547152e-09	1.25925423605e-08
     9	8.78513623165e-09	2.11382902431e-09	1.0898965256e-08

Measurement: t_ro14
  step	t_ro14	FROM	TO
     1	6.20073006285e-09	1.48990945516e-09	7.69063951801e-09
     2	5.21739911787e-09	1.25260996007e-09	6.47000907794e-09
     3	4.60370136682e-09	1.1045651472e-09	5.70826651402e-09
     4	8.70057544585e-09	2.09094511243e-09	1.07915205583e-08
     5	7.17745782756e-09	1.72402964457e-09	8.90148747213e-09
     6	6.23268943563e-09	1.49638572738e-09	7.72907516301e-09
     7	1.26066135231e-08	3.03006036586e-09	1.5636673889e-08
     8	1.03113665812e-08	2.47737144504e-09	1.27887380262e-08
     9	8.89098311003e-09	2.13554281007e-09	1.10265259201e-08

Measurement: t_ro15
  step	t_ro15	FROM	TO
     1	6.0576064716e-09	1.45880155655e-09	7.51640802815e-09
     2	5.1350677142e-09	1.23391904628e-09	6.36898676048e-09
     3	4.54839357702e-09	1.09148451662e-09	5.63987809364e-09
     4	8.42406132733e-09	2.02971215654e-09	1.04537734839e-08
     5	7.02040397619e-09	1.68844256924e-09	8.70884654543e-09
     6	6.12897021839e-09	1.47204244313e-09	7.60101266152e-09
     7	1.21429997675e-08	2.92688509156e-09	1.5069884859e-08
     8	1.00400636651e-08	2.415935969e-09	1.24559996341e-08
     9	8.70838738848e-09	2.09288478367e-09	1.08012721721e-08

Measurement: t_ro16
  step	t_ro16	FROM	TO
     1	6.56000055085e-09	1.57903426726e-09	8.13903481811e-09
     2	5.45800041659e-09	1.31142894359e-09	6.76942936019e-09
     3	4.78475820377e-09	1.14873996484e-09	5.93349816861e-09
     4	9.28902919266e-09	2.2391605212e-09	1.15281897139e-08
     5	7.58560838332e-09	1.82478973203e-09	9.41039811535e-09
     6	6.53444687781e-09	1.57031254497e-09	8.10475942278e-09
     7	1.35723253198e-08	3.27728978844e-09	1.68496151082e-08
     8	1.09893160074e-08	2.64643125039e-09	1.36357472578e-08
     9	9.39821355525e-09	2.26054244296e-09	1.16587559982e-08

Measurement: t_ro17
  step	t_ro17	FROM	TO
     1	5.89124414176e-09	1.41151471286e-09	7.30275885462e-09
     2	5.0325260913e-09	1.20415890482e-09	6.23668499612e-09
     3	4.47999031278e-09	1.07083190859e-09	5.55082222137e-09
     4	8.1147922293e-09	1.94419052543e-09	1.00589827547e-08
     5	6.81670226478e-09	1.63103291398e-09	8.44773517876e-09
     6	5.98147020033e-09	1.43007501993e-09	7.41154522026e-09
     7	1.16202580508e-08	2.78331050246e-09	1.44035685533e-08
     8	9.68907356888e-09	2.31787442281e-09	1.20069479917e-08
     9	8.44990413408e-09	2.01988994563e-09	1.04697940797e-08

Measurement: t_ro18
  step	t_ro18	FROM	TO
     1	5.89300961461e-09	1.41201630154e-09	7.30502591615e-09
     2	5.03030939754e-09	1.20482585923e-09	6.23513525677e-09
     3	4.47161275489e-09	1.07053759904e-09	5.54215035392e-09
     4	8.14252278163e-09	1.95106981142e-09	1.0093592593e-08
     5	6.8260382063e-09	1.63485586957e-09	8.46089407587e-09
     6	5.98630126283e-09	1.43331045863e-09	7.41961172146e-09
     7	1.16497588703e-08	2.7910435259e-09	1.44408023962e-08
     8	9.69200676372e-09	2.32092464242e-09	1.20129314061e-08
     9	8.44629594326e-09	2.02210325591e-09	1.04683991992e-08

Measurement: t_ro19
  step	t_ro19	FROM	TO
     1	6.19276470617e-09	1.4837348963e-09	7.67649960247e-09
     2	5.23528992553e-09	1.252356143e-09	6.48764606854e-09
     3	4.62241041993e-09	1.10492639313e-09	5.72733681306e-09
     4	8.64968026544e-09	2.07231320858e-09	1.0721993474e-08
     5	7.1794899373e-09	1.71740210596e-09	8.89689204326e-09
     6	6.24767971044e-09	1.49330099949e-09	7.74098070994e-09
     7	1.25077585405e-08	2.99574033115e-09	1.55034988716e-08
     8	1.03003639512e-08	2.46344771608e-09	1.27638116672e-08
     9	8.90675861286e-09	2.12827452058e-09	1.10350331334e-08

Measurement: t_ro20
  step	t_ro20	FROM	TO
     1	5.99423856027e-09	1.43523563555e-09	7.42947419582e-09
     2	5.10293452366e-09	1.22036611782e-09	6.32330064148e-09
     3	4.52833601663e-09	1.08268377362e-09	5.61101979025e-09
     4	8.26945814175e-09	1.97966431337e-09	1.02491224551e-08
     5	6.92142921004e-09	1.65501263039e-09	8.57644184043e-09
     6	6.05963326423e-09	1.44810725984e-09	7.50774052407e-09
     7	1.185403954e-08	2.8369483811e-09	1.46909879211e-08
     8	9.85037239557e-09	2.35468429147e-09	1.2205056687e-08
     9	8.57146245604e-09	2.04785821586e-09	1.06193206719e-08

Measurement: t_ro21
  step	t_ro21	FROM	TO
     1	5.84232473034e-09	1.39363893843e-09	7.23596366877e-09
     2	4.99396273703e-09	1.19030543772e-09	6.18426817474e-09
     3	4.44624346832e-09	1.05938100148e-09	5.5056244698e-09
     4	8.00926942564e-09	1.91000328795e-09	9.91927271359e-09
     5	6.73143130538e-09	1.60403605425e-09	8.33546735963e-09
     6	5.91394704777e-09	1.40840013418e-09	7.32234718194e-09
     7	1.142925537e-08	2.72443389883e-09	1.41536892688e-08
     8	9.53247179039e-09	2.27052622126e-09	1.18029980117e-08
     9	8.31995644426e-09	1.98085518103e-09	1.03008116253e-08

Measurement: t_ro22
  step	t_ro22	FROM	TO
     1	5.98543661316e-09	1.44005706155e-09	7.4254936747e-09
     2	5.0962911637e-09	1.22439196863e-09	6.32068313234e-09
     3	4.51655240165e-09	1.0836412412e-09	5.60019364285e-09
     4	8.29190435282e-09	1.99659503924e-09	1.02884993921e-08
     5	6.93257376682e-09	1.6670387603e-09	8.59961252712e-09
     6	6.06536708911e-09	1.45701036963e-09	7.52237745875e-09
     7	1.19162935592e-08	2.87049925338e-09	1.47867928126e-08
     8	9.88656319118e-09	2.37881327846e-09	1.22653764696e-08
     9	8.59484790644e-09	2.06626403991e-09	1.06611119463e-08

Measurement: t_ro23
  step	t_ro23	FROM	TO
     1	6.2032583331e-09	1.48897495683e-09	7.69223328993e-09
     2	5.24170501395e-09	1.25647206154e-09	6.49817707548e-09
     3	4.62322260504e-09	1.10786963987e-09	5.73109224491e-09
     4	8.66582949359e-09	2.08072734771e-09	1.07465568413e-08
     5	7.18261285413e-09	1.72235597577e-09	8.9049688299e-09
     6	6.24660020927e-09	1.49708288502e-09	7.74368309429e-09
     7	1.25355915219e-08	3.00991192818e-09	1.55455034501e-08
     8	1.03066026257e-08	2.47162235059e-09	1.27782249763e-08
     9	8.90533461754e-09	2.13422798654e-09	1.10395626041e-08

Measurement: t_ro24
  step	t_ro24	FROM	TO
     1	6.15997697001e-09	1.49105558322e-09	7.65103255323e-09
     2	5.20658601622e-09	1.25651286839e-09	6.46309888461e-09
     3	4.60214370765e-09	1.10816030984e-09	5.71030401749e-09
     4	8.60147672107e-09	2.08448355692e-09	1.0685960278e-08
     5	7.13815319609e-09	1.72538444277e-09	8.86353763886e-09
     6	6.21530001104e-09	1.49964754722e-09	7.71494755826e-09
     7	1.24290598982e-08	3.0133481725e-09	1.54424080707e-08
     8	1.02311985101e-08	2.47454400149e-09	1.27057425116e-08
     9	8.84907255878e-09	2.13704433134e-09	1.09861168901e-08

Measurement: t_ro25
  step	t_ro25	FROM	TO
     1	6.27058997432e-09	1.50393051857e-09	7.77452049289e-09
     2	5.28000087849e-09	1.26466317072e-09	6.54466404921e-09
     3	4.63999607669e-09	1.11088848402e-09	5.75088456071e-09
     4	8.79685389831e-09	2.11028321353e-09	1.09071371118e-08
     5	7.26146597969e-09	1.7395757094e-09	9.00104168909e-09
     6	6.30027704957e-09	1.50795195068e-09	7.80822900025e-09
     7	1.27628127302e-08	3.0611540868e-09	1.5823966817e-08
     8	1.04495530639e-08	2.50332959294e-09	1.29528826568e-08
     9	9.0054360942e-09	2.15545639426e-09	1.11608924885e-08

Measurement: t_ro26
  step	t_ro26	FROM	TO
     1	5.84374011815e-09	1.40345182048e-09	7.24719193863e-09
     2	5.0030883757e-09	1.19930755411e-09	6.20239592981e-09
     3	4.4587823622e-09	1.06790213635e-09	5.52668449855e-09
     4	8.00469299018e-09	1.92376507066e-09	9.92845806085e-09
     5	6.74781019533e-09	1.61871447573e-09	8.36652467106e-09
     6	5.93410483073e-09	1.42221442744e-09	7.35631925817e-09
     7	1.14115525907e-08	2.74280225189e-09	1.41543548426e-08
     8	9.55130690586e-09	2.29198985789e-09	1.18432967637e-08
     9	8.35049746451e-09	2.00224542255e-09	1.03527428871e-08

Measurement: t_ro27
  step	t_ro27	FROM	TO
     1	6.17329454069e-09	1.47482796137e-09	7.64812250206e-09
     2	5.21770239288e-09	1.2454083426e-09	6.46311073549e-09
     3	4.61144093021e-09	1.10014274401e-09	5.71158367422e-09
     4	8.64023138569e-09	2.06323493995e-09	1.07034663256e-08
     5	7.1650703746e-09	1.70919727148e-09	8.87426764608e-09
     6	6.2338391925e-09	1.48643241723e-09	7.72027160973e-09
     7	1.25094832907e-08	2.98325991593e-09	1.54927432066e-08
     8	1.02857565126e-08	2.45204271421e-09	1.27377992269e-08
     9	8.88853763686e-09	2.11838165455e-09	1.10069192914e-08

Measurement: t_ro28
  step	t_ro28	FROM	TO
     1	6.27270077481e-09	1.50648820532e-09	7.77918898014e-09
     2	5.22254464786e-09	1.25253368565e-09	6.4750783335e-09
     3	4.58840049685e-09	1.09911143759e-09	5.68751193444e-09
     4	8.89472993661e-09	2.1371855308e-09	1.10319154674e-08
     5	7.22119142484e-09	1.73263826274e-09	8.95382968758e-09
     6	6.23241955064e-09	1.4937046419e-09	7.72612419254e-09
     7	1.29266665757e-08	3.10619395769e-09	1.60328605334e-08
     8	1.03862727925e-08	2.49259989018e-09	1.28788726827e-08
     9	8.89069966744e-09	2.13164229265e-09	1.10223419601e-08

Measurement: t_ro29
  step	t_ro29	FROM	TO
     1	6.07141292084e-09	1.45898218147e-09	7.53039510232e-09
     2	5.12573796424e-09	1.23005273112e-09	6.35579069536e-09
     3	4.5521213481e-09	1.09171604814e-09	5.64383739624e-09
     4	8.42528166049e-09	2.02630255092e-09	1.04515842114e-08
     5	7.01621591544e-09	1.68560045485e-09	8.70181637029e-09
     6	6.12239873403e-09	1.46962373457e-09	7.5920224686e-09
     7	1.21319304111e-08	2.91876928935e-09	1.50506997005e-08
     8	1.00235129995e-08	2.40929875719e-09	1.24328117567e-08
     9	8.69078387371e-09	2.08764820242e-09	1.07784320761e-08

Measurement: t_ro30
  step	t_ro30	FROM	TO
     1	6.25076681742e-09	1.49871531231e-09	7.74948212973e-09
     2	5.27999995642e-09	1.26266514712e-09	6.54266510354e-09
     3	4.6399927957e-09	1.1083250935e-09	5.7483178892e-09
     4	8.77053856445e-09	2.10341454285e-09	1.08739531073e-08
     5	7.24949338402e-09	1.73506102517e-09	8.98455440919e-09
     6	6.295228283e-09	1.50433717369e-09	7.79956545669e-09
     7	1.27177085776e-08	3.04947498677e-09	1.57671835643e-08
     8	1.04237918412e-08	2.49491215701e-09	1.29187039982e-08
     9	8.98951877567e-09	2.14864950704e-09	1.11381682827e-08

Measurement: t_ro31
  step	t_ro31	FROM	TO
     1	6.06946788502e-09	1.46049691352e-09	7.52996479854e-09
     2	5.1426965603e-09	1.2367258271e-09	6.37942238741e-09
     3	4.55758017093e-09	1.0952134211e-09	5.65279359203e-09
     4	8.4264740108e-09	2.02907847473e-09	1.04555524855e-08
     5	7.02488928115e-09	1.6907885271e-09	8.71567780825e-09
     6	6.13396391979e-09	1.47554129172e-09	7.60950521151e-09
     7	1.21391487401e-08	2.92463694061e-09	1.50637856807e-08
     8	1.00429384358e-08	2.41860746202e-09	1.24615458978e-08
     9	8.71414657485e-09	2.09792214825e-09	1.08120687231e-08

Measurement: t_ro32
  step	t_ro32	FROM	TO
     1	5.78941766045e-09	1.39236005717e-09	7.18177771762e-09
     2	4.96000029759e-09	1.19253200687e-09	6.15253230445e-09
     3	4.41840344485e-09	1.06208411123e-09	5.48048755609e-09
     4	7.94848511662e-09	1.91299670998e-09	9.8614818266e-09
     5	6.69237670607e-09	1.60963992732e-09	8.3020166334e-09
     6	5.88613212431e-09	1.41542678721e-09	7.30155891152e-09
     7	1.13372168137e-08	2.72992598626e-09	1.40671428e-08
     8	9.47405011082e-09	2.27969139217e-09	1.1753741503e-08
     9	8.28216250295e-09	1.99234319707e-09	1.02745057e-08

Measurement: t_ro33
  step	t_ro33	FROM	TO
     1	6.40000263304e-09	1.54041008315e-09	7.94041271619e-09
     2	5.35067204994e-09	1.28655865294e-09	6.63723070288e-09
     3	4.7021173632e-09	1.13044328462e-09	5.83256064782e-09
     4	9.03574132759e-09	2.17582932082e-09	1.12115706484e-08
     5	7.41173844054e-09	1.78354989596e-09	9.19528833651e-09
     6	6.4069740045e-09	1.54111771071e-09	7.94809171521e-09
     7	1.31591780003e-08	3.16985122865e-09	1.6329029229e-08
     8	1.07023254237e-08	2.57647335491e-09	1.32787987787e-08
     9	9.18642129572e-09	2.21084687986e-09	1.13972681756e-08

Measurement: t_ro34
  step	t_ro34	FROM	TO
     1	5.95664492322e-09	1.42559198885e-09	7.38223691207e-09
     2	5.07024750453e-09	1.21156050204e-09	6.28180800657e-09
     3	4.49940022219e-09	1.0741067564e-09	5.57350697859e-09
     4	8.233268879e-09	1.97048012625e-09	1.02037490053e-08
     5	6.88011500351e-09	1.64502838587e-09	8.52514338939e-09
     6	6.0253493564e-09	1.43852622817e-09	7.46387558458e-09
     7	1.18056401275e-08	2.82477342124e-09	1.46304135488e-08
     8	9.79281185747e-09	2.33973363773e-09	1.21325454952e-08
     9	8.51701138411e-09	2.03298282942e-09	1.05499942135e-08

Measurement: t_ro35
  step	t_ro35	FROM	TO
     1	6.48011635577e-09	1.55529023027e-09	8.03540658604e-09
     2	5.43360618692e-09	1.29978042519e-09	6.73338661212e-09
     3	4.76976992546e-09	1.13929287314e-09	5.9090627986e-09
     4	9.15802320816e-09	2.1978630325e-09	1.13558862407e-08
     5	7.52964028857e-09	1.80140158107e-09	9.33104186965e-09
     6	6.5087433818e-09	1.55482066105e-09	8.06356404284e-09
     7	1.33642902148e-08	3.20563139707e-09	1.65699216118e-08
     8	1.08989737868e-08	2.60695758053e-09	1.35059313673e-08
     9	9.3567758397e-09	2.23474520792e-09	1.15915210476e-08

Measurement: t_ro36
  step	t_ro36	FROM	TO
     1	5.73790025226e-09	1.37650485093e-09	7.1144051032e-09
     2	4.93398495996e-09	1.18261474759e-09	6.11659970755e-09
     3	4.39999374446e-09	1.05395429985e-09	5.45394804431e-09
     4	7.83624347161e-09	1.88023056052e-09	9.71647403212e-09
     5	6.62252504722e-09	1.58797027247e-09	8.21049531969e-09
     6	5.83814557005e-09	1.39927406894e-09	7.23741963899e-09
     7	1.11295310162e-08	2.67068378192e-09	1.38002147981e-08
     8	9.34054690017e-09	2.23997003241e-09	1.15805169326e-08
     9	8.18631358105e-09	1.96256769827e-09	1.01488812793e-08

Measurement: t_ro37
  step	t_ro37	FROM	TO
     1	5.88642122675e-09	1.40776705269e-09	7.29418827944e-09
     2	5.03046473256e-09	1.20146566891e-09	6.23193040147e-09
     3	4.48000133165e-09	1.06916127412e-09	5.54916260577e-09
     4	8.09786094994e-09	1.93651047301e-09	1.00343714229e-08
     5	6.80755991224e-09	1.62577196008e-09	8.43333187232e-09
     6	5.97678826624e-09	1.42627243513e-09	7.40306070137e-09
     7	1.15837382046e-08	2.76937564134e-09	1.4353113846e-08
     8	9.66586740243e-09	2.30799885877e-09	1.19738662612e-08
     9	8.4346715015e-09	2.01245693667e-09	1.04471284382e-08

Measurement: t_ro38
  step	t_ro38	FROM	TO
     1	6.041104075e-09	1.4606678809e-09	7.5017719559e-09
     2	5.13117938035e-09	1.23884434203e-09	6.37002372238e-09
     3	4.54976927289e-09	1.09717532445e-09	5.64694459734e-09
     4	8.37517313503e-09	2.0273350587e-09	1.04025081937e-08
     5	6.99411161111e-09	1.68994857567e-09	8.68406018678e-09
     6	6.11248168924e-09	1.4754088196e-09	7.58789050884e-09
     7	1.20451069983e-08	2.91740471577e-09	1.49625117141e-08
     8	9.98259488785e-09	2.41363941605e-09	1.23962343039e-08
     9	8.66925973216e-09	2.0940055936e-09	1.07632653258e-08

Measurement: t_ro39
  step	t_ro39	FROM	TO
     1	5.56141064352e-09	1.3358454707e-09	6.89725611422e-09
     2	4.79999022066e-09	1.15248393966e-09	5.95247416032e-09
     3	4.31899321649e-09	1.03561449148e-09	5.35460770797e-09
     4	7.52136783884e-09	1.80747066858e-09	9.32883850742e-09
     5	6.41703966003e-09	1.54065939885e-09	7.95769905887e-09
     6	5.69006431662e-09	1.36517044047e-09	7.05523475708e-09
     7	1.06209373011e-08	2.55297947968e-09	1.31739167808e-08
     8	9.00279529871e-09	2.16231160831e-09	1.1165106907e-08
     9	7.94007472088e-09	1.90589724759e-09	9.84597196847e-09

Measurement: t_ro40
  step	t_ro40	FROM	TO
     1	6.10524694282e-09	1.46760165166e-09	7.57284859449e-09
     2	5.15531131232e-09	1.2372127321e-09	6.39252404442e-09
     3	4.55745226429e-09	1.09235269988e-09	5.64980496417e-09
     4	8.5475448494e-09	2.05600106969e-09	1.06035459191e-08
     5	7.07887266687e-09	1.69984370241e-09	8.77871636928e-09
     6	6.16048448836e-09	1.47763658802e-09	7.63812107638e-09
     7	1.23627181453e-08	2.97454496532e-09	1.53372631106e-08
     8	1.01498974413e-08	2.43837865688e-09	1.25882760981e-08
     9	8.77082274349e-09	2.1048392017e-09	1.08756619452e-08

Measurement: t_ro41
  step	t_ro41	FROM	TO
     1	5.93997268437e-09	1.42839944769e-09	7.36837213206e-09
     2	5.05956893447e-09	1.21499555026e-09	6.27456448473e-09
     3	4.48542629628e-09	1.07562577098e-09	5.56105206726e-09
     4	8.22285911217e-09	1.97848782672e-09	1.02013469389e-08
     5	6.87118560296e-09	1.65142897046e-09	8.52261457342e-09
     6	6.01293239317e-09	1.44392908486e-09	7.45686147803e-09
     7	1.18005587864e-08	2.84076767219e-09	1.46413264586e-08
     8	9.78128491266e-09	2.35246856012e-09	1.21337534728e-08
     9	8.50421801643e-09	2.04388117197e-09	1.05480991884e-08

Measurement: t_ro42
  step	t_ro42	FROM	TO
     1	5.89949312886e-09	1.41619379145e-09	7.31568692032e-09
     2	5.03739940823e-09	1.20794196899e-09	6.24534137721e-09
     3	4.47999945278e-09	1.07303024699e-09	5.55302969977e-09
     4	8.10310484293e-09	1.94693337257e-09	1.00500382155e-08
     5	6.81020734143e-09	1.63456989008e-09	8.44477723151e-09
     6	5.97632190594e-09	1.43310454681e-09	7.40942645275e-09
     7	1.15834526945e-08	2.78444360638e-09	1.43678963009e-08
     8	9.66599821812e-09	2.32166887063e-09	1.19876670887e-08
     9	8.43235366754e-09	2.0240325848e-09	1.04563862523e-08

Measurement: t_ro43
  step	t_ro43	FROM	TO
     1	6.25409287625e-09	1.4940126503e-09	7.74810552655e-09
     2	5.27999983281e-09	1.25837142557e-09	6.53837125838e-09
     3	4.64039565485e-09	1.10760642425e-09	5.74800207909e-09
     4	8.7644063613e-09	2.09162717543e-09	1.08560335367e-08
     5	7.24758216206e-09	1.72806431879e-09	8.97564648085e-09
     6	6.29517893966e-09	1.5000742091e-09	7.79525314876e-09
     7	1.27015091687e-08	3.0287638522e-09	1.57302730209e-08
     8	1.0416289104e-08	2.48223584146e-09	1.28985249454e-08
     9	8.98625239162e-09	2.14029218328e-09	1.11265445749e-08

Measurement: t_ro44
  step	t_ro44	FROM	TO
     1	5.76086852413e-09	1.38536681991e-09	7.14623534404e-09
     2	4.9414687664e-09	1.18732875118e-09	6.12879751758e-09
     3	4.40561153923e-09	1.05805184618e-09	5.4636633854e-09
     4	7.87791445277e-09	1.89594592582e-09	9.77386037859e-09
     5	6.6425854923e-09	1.5978164625e-09	8.2404019548e-09
     6	5.85129234243e-09	1.40659185102e-09	7.25788419345e-09
     7	1.12009123366e-08	2.69735496498e-09	1.38982673016e-08
     8	9.37797150669e-09	2.25745892134e-09	1.1635430428e-08
     9	8.21291640887e-09	1.97621429242e-09	1.01891307013e-08

Measurement: t_ro45
  step	t_ro45	FROM	TO
     1	5.73540223682e-09	1.37723227447e-09	7.1126345113e-09
     2	4.91484470796e-09	1.17908449454e-09	6.0939292025e-09
     3	4.38719273664e-09	1.05139276003e-09	5.43858549667e-09
     4	7.87549150571e-09	1.89199318645e-09	9.76748469217e-09
     5	6.63921428438e-09	1.59313548182e-09	8.2323497662e-09
     6	5.84570184413e-09	1.40150974345e-09	7.24721158758e-09
     7	1.1231797081e-08	2.69868417821e-09	1.39304812592e-08
     8	9.3968927833e-09	2.25533230647e-09	1.16522250898e-08
     9	8.22262611999e-09	1.97186031937e-09	1.01944864394e-08

Measurement: t_ro46
  step	t_ro46	FROM	TO
     1	6.0880563417e-09	1.45694310952e-09	7.54499945122e-09
     2	5.16444120822e-09	1.23452191501e-09	6.39896312323e-09
     3	4.57507601354e-09	1.09264152583e-09	5.66771753937e-09
     4	8.45558361817e-09	2.02349038667e-09	1.04790740048e-08
     5	7.04584083547e-09	1.68372908957e-09	8.72956992504e-09
     6	6.1511036049e-09	1.46896737464e-09	7.62007097954e-09
     7	1.2167869506e-08	2.91096473867e-09	1.50788342447e-08
     8	1.00632427432e-08	2.40461793242e-09	1.24678606756e-08
     9	8.7289228357e-09	2.08421850435e-09	1.08131413401e-08

Measurement: t_ro47
  step	t_ro47	FROM	TO
     1	5.8578174624e-09	1.40983972815e-09	7.26765719055e-09
     2	5.00538300188e-09	1.20294964397e-09	6.20833264585e-09
     3	4.45663853065e-09	1.06948489559e-09	5.52612342624e-09
     4	8.0614583168e-09	1.94237941252e-09	1.00038377293e-08
     5	6.77685252721e-09	1.63046181541e-09	8.40731434262e-09
     6	5.95086852619e-09	1.42995723208e-09	7.38082575827e-09
     7	1.15261887969e-08	2.77944993524e-09	1.43056387322e-08
     8	9.61803745152e-09	2.31628379064e-09	1.19343212422e-08
     9	8.39455820519e-09	2.01969492796e-09	1.04142531332e-08

Measurement: t_ro48
  step	t_ro48	FROM	TO
     1	5.82383543199e-09	1.39384916739e-09	7.21768459938e-09
     2	4.98480735522e-09	1.19186944641e-09	6.17667680163e-09
     3	4.44410169993e-09	1.06225649996e-09	5.50635819989e-09
     4	8.00018385276e-09	1.91490537362e-09	9.91508922638e-09
     5	6.74039324791e-09	1.61149134155e-09	8.35188458946e-09
     6	5.92620873117e-09	1.41615527752e-09	7.34236400869e-09
     7	1.14294440001e-08	2.73456607808e-09	1.41640100782e-08
     8	9.55885235888e-09	2.28488588101e-09	1.18437382399e-08
     9	8.35370834211e-09	1.99584984164e-09	1.03495581838e-08

Measurement: t_ro49
  step	t_ro49	FROM	TO
     1	5.60928351489e-09	1.34451814632e-09	6.95380166122e-09
     2	4.84823159714e-09	1.1609965631e-09	6.00922816024e-09
     3	4.34145093357e-09	1.03972245067e-09	5.38117338424e-09
     4	7.61664392568e-09	1.8260242971e-09	9.44266822278e-09
     5	6.47855387755e-09	1.5516174991e-09	8.03017137664e-09
     6	5.73556044861e-09	1.37329947503e-09	7.10885992365e-09
     7	1.07688220019e-08	2.58155939877e-09	1.33503814007e-08
     8	9.09862059854e-09	2.17890837323e-09	1.12775289718e-08
     9	8.0107980182e-09	1.9177953474e-09	9.9285933656e-09

Measurement: t_ro50
  step	t_ro50	FROM	TO
     1	5.61006098588e-09	1.34059821076e-09	6.95065919664e-09
     2	4.84287922975e-09	1.15646342263e-09	5.99934265238e-09
     3	4.33476340282e-09	1.03483702236e-09	5.36960042518e-09
     4	7.6250789974e-09	1.82112676135e-09	9.44620575875e-09
     5	6.47825834339e-09	1.54639223424e-09	8.02465057763e-09
     6	5.73227358831e-09	1.36819413133e-09	7.10046771964e-09
     7	1.07861090585e-08	2.57363715649e-09	1.3359746215e-08
     8	9.10038659607e-09	2.17076849262e-09	1.12711550887e-08
     9	8.00659820181e-09	1.90987913571e-09	9.91647733752e-09

Measurement: t_ro51
  step	t_ro51	FROM	TO
     1	6.08000371929e-09	1.45712522676e-09	7.53712894605e-09
     2	5.15798768598e-09	1.235257182e-09	6.39324486798e-09
     3	4.56886442174e-09	1.09318071071e-09	5.66204513245e-09
     4	8.43861220134e-09	2.02377787315e-09	1.04623900745e-08
     5	7.04003289755e-09	1.6864475762e-09	8.72648047374e-09
     6	6.14635721407e-09	1.47067049507e-09	7.61702770914e-09
     7	1.21528770789e-08	2.91419463209e-09	1.5067071711e-08
     8	1.00591758782e-08	2.40901385244e-09	1.24681897306e-08
     9	8.72813922882e-09	2.08847122384e-09	1.08166104527e-08

Measurement: t_ro52
  step	t_ro52	FROM	TO
     1	5.85028195441e-09	1.40542807978e-09	7.25571003418e-09
     2	5.00215500518e-09	1.20066332717e-09	6.20281833236e-09
     3	4.45497894818e-09	1.0680659933e-09	5.52304494147e-09
     4	8.02549527533e-09	1.92892578812e-09	9.95442106346e-09
     5	6.75247821777e-09	1.62172371568e-09	8.37420193346e-09
     6	5.9323094893e-09	1.42357751651e-09	7.3558870058e-09
     7	1.1454959206e-08	2.75344864753e-09	1.42084078536e-08
     8	9.56757786267e-09	2.29838961432e-09	1.1865967477e-08
     9	8.35614466715e-09	2.00620527414e-09	1.03623499413e-08

Measurement: t_ro53
  step	t_ro53	FROM	TO
     1	6.40000227793e-09	1.53926586884e-09	7.93926814677e-09
     2	5.36408730778e-09	1.28810920944e-09	6.65219651722e-09
     3	4.71058392362e-09	1.13041719486e-09	5.84100111848e-09
     4	9.06458088966e-09	2.18093081528e-09	1.12455117049e-08
     5	7.43743676205e-09	1.78702339685e-09	9.2244601589e-09
     6	6.42908942131e-09	1.5438031487e-09	7.97289257002e-09
     7	1.32135852092e-08	3.17934585794e-09	1.63929310671e-08
     8	1.07473268968e-08	2.58283017026e-09	1.33301570671e-08
     9	9.22398298724e-09	2.21559477269e-09	1.14395777599e-08

Measurement: t_ro54
  step	t_ro54	FROM	TO
     1	6.01423586081e-09	1.44278519756e-09	7.45702105838e-09
     2	5.1199881774e-09	1.22487641343e-09	6.34486459084e-09
     3	4.53792714238e-09	1.08495868315e-09	5.62288582552e-09
     4	8.33015886691e-09	1.99906254567e-09	1.03292214126e-08
     5	6.96592155418e-09	1.66798358413e-09	8.63390513831e-09
     6	6.09342874941e-09	1.45712660581e-09	7.55055535522e-09
     7	1.19725868828e-08	2.87301501214e-09	1.48456018949e-08
     8	9.93512243017e-09	2.37903114594e-09	1.23141535761e-08
     9	8.63649790462e-09	2.06526149378e-09	1.07017593984e-08

Measurement: t_ro55
  step	t_ro55	FROM	TO
     1	6.06400786405e-09	1.45173240392e-09	7.51574026797e-09
     2	5.11999867806e-09	1.22420708522e-09	6.34420576328e-09
     3	4.53696649089e-09	1.08434400009e-09	5.62131049098e-09
     4	8.42858128437e-09	2.01769148839e-09	1.04462727728e-08
     5	6.99935032631e-09	1.67367748166e-09	8.67302780797e-09
     6	6.10227059179e-09	1.45828515749e-09	7.56055574928e-09
     7	1.21381376524e-08	2.90474271973e-09	1.50428803722e-08
     8	9.99720671054e-09	2.3900069103e-09	1.23872136208e-08
     9	8.65824003629e-09	2.06862012247e-09	1.07268601588e-08

Measurement: t_ro56
  step	t_ro56	FROM	TO
     1	5.48999635462e-09	1.3163329393e-09	6.80632929392e-09
     2	4.76608122153e-09	1.14118998205e-09	5.90727120357e-09
     3	4.27692291177e-09	1.02323400711e-09	5.30015691888e-09
     4	7.42093701901e-09	1.77983102741e-09	9.20076804642e-09
     5	6.34091215713e-09	1.51887936558e-09	7.85979152271e-09
     6	5.63031007462e-09	1.34745329586e-09	6.97776337048e-09
     7	1.04674196481e-08	2.51065510448e-09	1.29780747525e-08
     8	8.88528061508e-09	2.12866868759e-09	1.10139493027e-08
     9	7.84688519652e-09	1.8783222093e-09	9.72520740582e-09

Measurement: t_ro57
  step	t_ro57	FROM	TO
     1	6.32771081356e-09	1.51910333942e-09	7.84681415298e-09
     2	5.31857703052e-09	1.27410718626e-09	6.59268421678e-09
     3	4.68198874995e-09	1.12007906487e-09	5.80206781482e-09
     4	8.9046210017e-09	2.13819499011e-09	1.10428159918e-08
     5	7.34369224966e-09	1.76030906077e-09	9.10400131044e-09
     6	6.36509859339e-09	1.52349141588e-09	7.88859000928e-09
     7	1.29411261488e-08	3.10721810559e-09	1.60483442544e-08
     8	1.05863815417e-08	2.53775612027e-09	1.3124137662e-08
     9	9.11392327345e-09	2.18185898758e-09	1.1295782261e-08

Measurement: t_ro58
  step	t_ro58	FROM	TO
     1	6.04769701026e-09	1.45060423806e-09	7.49830124832e-09
     2	5.13899216463e-09	1.22992223541e-09	6.36891440004e-09
     3	4.5599383907e-09	1.08995708182e-09	5.64989547252e-09
     4	8.37444195311e-09	2.00932903787e-09	1.0383770991e-08
     5	7.00423940979e-09	1.67694470731e-09	8.6811841171e-09
     6	6.12485477207e-09	1.46440964986e-09	7.58926442193e-09
     7	1.2047417617e-08	2.89024582395e-09	1.4937663441e-08
     8	1.00018793035e-08	2.3946289269e-09	1.23965082304e-08
     9	8.69233787275e-09	2.07831513201e-09	1.07706530048e-08

Measurement: t_ro59
  step	t_ro59	FROM	TO
     1	6.13159852843e-09	1.46398941191e-09	7.59558794034e-09
     2	5.19497820694e-09	1.23891467247e-09	6.4338928794e-09
     3	4.59380638115e-09	1.09482882801e-09	5.68863520915e-09
     4	8.51236590852e-09	2.03198354172e-09	1.05443494502e-08
     5	7.0808429452e-09	1.68830177803e-09	8.76914472323e-09
     6	6.1733832554e-09	1.47102574754e-09	7.64440900294e-09
     7	1.22629432035e-08	2.92607787431e-09	1.51890210778e-08
     8	1.0120050923e-08	2.41227391179e-09	1.25323248348e-08
     9	8.76617396208e-09	2.08827472349e-09	1.08544486856e-08

Measurement: t_ro60
  step	t_ro60	FROM	TO
     1	5.53726438607e-09	1.33085306628e-09	6.86811745235e-09
     2	4.79175694968e-09	1.15038875212e-09	5.9421457018e-09
     3	4.29629260216e-09	1.03131506768e-09	5.32760766983e-09
     4	7.49899541598e-09	1.80365833179e-09	9.30265374778e-09
     5	6.38829815731e-09	1.53496620999e-09	7.92326436731e-09
     6	5.66203792367e-09	1.36009200499e-09	7.02212992866e-09
     7	1.05877985734e-08	2.5477659704e-09	1.31355645438e-08
     8	8.95656008943e-09	2.1535506119e-09	1.11101107013e-08
     9	7.89425441644e-09	1.89744560288e-09	9.79170001932e-09

Measurement: t_ro61
  step	t_ro61	FROM	TO
     1	6.92384172219e-09	1.66219557018e-09	8.58603729236e-09
     2	5.65611314989e-09	1.3558585773e-09	7.01197172719e-09
     3	4.90355031008e-09	1.17447607664e-09	6.07802638673e-09
     4	1.01043179288e-08	2.42557271958e-09	1.25298906484e-08
     5	8.03446060075e-09	1.92647227077e-09	9.96093287152e-09
     6	6.82500706098e-09	1.63483698039e-09	8.45984404137e-09
     7	1.49900971902e-08	3.59790111376e-09	1.85879983039e-08
     8	1.17944843281e-08	2.82814260396e-09	1.46226269321e-08
     9	9.931383041e-09	2.37948062921e-09	1.23108636702e-08

Measurement: t_ro62
  step	t_ro62	FROM	TO
     1	5.7600030297e-09	1.37759428075e-09	7.13759731045e-09
     2	4.95999964937e-09	1.18365668526e-09	6.14365633463e-09
     3	4.41622453447e-09	1.05354346739e-09	5.46976800185e-09
     4	7.84875465176e-09	1.87758234423e-09	9.72633699599e-09
     5	6.6397997286e-09	1.58526860112e-09	8.22506832972e-09
     6	5.85341478726e-09	1.39626597027e-09	7.24968075753e-09
     7	1.11475245563e-08	2.66589624894e-09	1.38134208052e-08
     8	9.36429651202e-09	2.23532473999e-09	1.1599621252e-08
     9	8.20818817471e-09	1.95753172781e-09	1.01657199025e-08

Measurement: t_ro63
  step	t_ro63	FROM	TO
     1	6.02482937651e-09	1.4476487809e-09	7.47247815741e-09
     2	5.12000379109e-09	1.22785769981e-09	6.3478614909e-09
     3	4.52846556954e-09	1.08500447509e-09	5.61347004463e-09
     4	8.36768492971e-09	2.01215006959e-09	1.03798349993e-08
     5	6.96979658627e-09	1.67352068068e-09	8.64331726695e-09
     6	6.0878992561e-09	1.45999532594e-09	7.54789458205e-09
     7	1.20304418961e-08	2.89406881481e-09	1.49245107109e-08
     8	9.94208773411e-09	2.38853895509e-09	1.23306266892e-08
     9	8.62839702054e-09	2.07088173606e-09	1.06992787566e-08

Measurement: t_ro64
  step	t_ro64	FROM	TO
     1	5.81636390267e-09	1.40307521321e-09	7.21943911588e-09
     2	4.97748424652e-09	1.19891778988e-09	6.1764020364e-09
     3	4.43654955961e-09	1.06713854209e-09	5.5036881017e-09
     4	8.00741315912e-09	1.93365010499e-09	9.94106326411e-09
     5	6.73989081582e-09	1.62527489563e-09	8.36516571144e-09
     6	5.92219982742e-09	1.42716342414e-09	7.34936325155e-09
     7	1.14424702929e-08	2.76487275038e-09	1.42073430432e-08
     8	9.55996379568e-09	2.30702454446e-09	1.18669883401e-08
     9	8.35132714578e-09	2.01352284548e-09	1.03648499913e-08

Measurement: t_ro65
  step	t_ro65	FROM	TO
     1	5.35712049144e-09	1.28146106117e-09	6.63858155261e-09
     2	4.66947266915e-09	1.1155117442e-09	5.78498441335e-09
     3	4.21279101755e-09	1.00597706937e-09	5.21876808692e-09
     4	7.17613120357e-09	1.71660208678e-09	8.89273329035e-09
     5	6.17028984814e-09	1.47446560052e-09	7.64475544865e-09
     6	5.50406235574e-09	1.31441722605e-09	6.81847958179e-09
     7	1.00469466069e-08	2.40309993221e-09	1.24500465391e-08
     8	8.58470099146e-09	2.05127617165e-09	1.06359771631e-08
     9	7.61864783342e-09	1.81926710045e-09	9.43791493387e-09

Measurement: t_ro66
  step	t_ro66	FROM	TO
     1	5.93859971474e-09	1.43551740681e-09	7.37411712154e-09
     2	5.06617147727e-09	1.22132999611e-09	6.28750147339e-09
     3	4.49792007021e-09	1.0831598873e-09	5.58107995751e-09
     4	8.20377636637e-09	1.98646345992e-09	1.01902398263e-08
     5	6.87698506964e-09	1.66046769983e-09	8.53745276947e-09
     6	6.02610564289e-09	1.45288483314e-09	7.47899047603e-09
     7	1.1763009492e-08	2.85066633209e-09	1.46136758241e-08
     8	9.78521023992e-09	2.36523340952e-09	1.21504436494e-08
     9	8.52143882412e-09	2.05657222518e-09	1.05780110493e-08

Measurement: t_ro67
  step	t_ro67	FROM	TO
     1	6.11781167382e-09	1.46358966523e-09	7.58140133905e-09
     2	5.17883624538e-09	1.23721430972e-09	6.4160505551e-09
     3	4.58070586622e-09	1.09359605323e-09	5.67430191945e-09
     4	8.5527804929e-09	2.04579643923e-09	1.05985769321e-08
     5	7.10372203165e-09	1.69687017154e-09	8.80059220319e-09
     6	6.18856944371e-09	1.47723116449e-09	7.66580060819e-09
     7	1.2368611438e-08	2.95740346826e-09	1.53260149063e-08
     8	1.01896369594e-08	2.4335275663e-09	1.26231645257e-08
     9	8.81713307475e-09	2.10424318767e-09	1.09213762624e-08

Measurement: t_ro68
  step	t_ro68	FROM	TO
     1	6.24853799241e-09	1.50087840711e-09	7.74941639952e-09
     2	5.2708934992e-09	1.26453570088e-09	6.53542920008e-09
     3	4.6399984537e-09	1.11241287679e-09	5.75241133049e-09
     4	8.79134556222e-09	2.11203951461e-09	1.09033850768e-08
     5	7.25971627782e-09	1.74269861749e-09	9.0024148953e-09
     6	6.3004529321e-09	1.51137611657e-09	7.81182904867e-09
     7	1.27645801494e-08	3.06664029419e-09	1.58312204436e-08
     8	1.04532180777e-08	2.50963192781e-09	1.29628500056e-08
     9	9.00983113626e-09	2.16184243522e-09	1.11716735715e-08

Measurement: t_ro69
  step	t_ro69	FROM	TO
     1	5.87609330782e-09	1.42564988746e-09	7.30174319529e-09
     2	5.02142795061e-09	1.21412514271e-09	6.23555309332e-09
     3	4.46613587541e-09	1.07739304205e-09	5.54352891746e-09
     4	8.10024371454e-09	1.96790847926e-09	1.00681521938e-08
     5	6.79991722273e-09	1.64692054881e-09	8.44683777154e-09
     6	5.96800717424e-09	1.44255261068e-09	7.41055978492e-09
     7	1.15809465295e-08	2.81525047489e-09	1.43961970044e-08
     8	9.64729461164e-09	2.33877315231e-09	1.1986067764e-08
     9	8.41443414748e-09	2.03635773757e-09	1.04507918851e-08

Measurement: t_ro70
  step	t_ro70	FROM	TO
     1	5.62369036717e-09	1.34536870971e-09	6.96905907688e-09
     2	4.83682371594e-09	1.15505117563e-09	5.99187489157e-09
     3	4.32000095024e-09	1.0302986845e-09	5.35029963473e-09
     4	7.68350003826e-09	1.83865744859e-09	9.52215748686e-09
     5	6.49331268943e-09	1.55097880823e-09	8.04429149766e-09
     6	5.73262710863e-09	1.36802962341e-09	7.10065673204e-09
     7	1.09001986677e-08	2.60804955426e-09	1.35082482219e-08
     8	9.1401539513e-09	2.18332225335e-09	1.13234762046e-08
     9	8.01892492557e-09	1.91351952653e-09	9.93244445209e-09

Measurement: t_ro71
  step	t_ro71	FROM	TO
     1	5.84390802078e-09	1.40358506234e-09	7.24749308313e-09
     2	4.99545496305e-09	1.19742368785e-09	6.1928786509e-09
     3	4.45590586294e-09	1.06687154437e-09	5.52277740731e-09
     4	8.00673609179e-09	1.92399050399e-09	9.93072659577e-09
     5	6.74522654917e-09	1.61835213983e-09	8.36357868899e-09
     6	5.93109743435e-09	1.42120893443e-09	7.35230636878e-09
     7	1.14212936101e-08	2.74514151038e-09	1.41664351204e-08
     8	9.55380414957e-09	2.29298907365e-09	1.18467932232e-08
     9	8.35113357148e-09	2.00212051262e-09	1.03532540841e-08

Measurement: t_ro72
  step	t_ro72	FROM	TO
     1	6.30687867145e-09	1.49216362068e-09	7.79904229213e-09
     2	5.30204531192e-09	1.25948604495e-09	6.56153135687e-09
     3	4.66914761108e-09	1.11052019474e-09	5.77966780582e-09
     4	8.82602351648e-09	2.08598860178e-09	1.09120121183e-08
     5	7.2826091705e-09	1.72453358026e-09	9.00714275076e-09
     6	6.31665749291e-09	1.49933687817e-09	7.81599437108e-09
     7	1.27874503451e-08	3.01998552289e-09	1.5807435868e-08
     8	1.0461300822e-08	2.47183514309e-09	1.29331359651e-08
     9	9.01130255225e-09	2.13437253278e-09	1.1145675085e-08

Measurement: t_ro73
  step	t_ro73	FROM	TO
     1	5.97182689552e-09	1.43224970026e-09	7.40407659578e-09
     2	5.09388504735e-09	1.21964412478e-09	6.31352917213e-09
     3	4.52246592326e-09	1.08179856767e-09	5.60426449092e-09
     4	8.25152300141e-09	1.9799587781e-09	1.02314817795e-08
     5	6.91817473399e-09	1.65729527943e-09	8.57547001341e-09
     6	6.06093682454e-09	1.45037022894e-09	7.51130705348e-09
     7	1.18405696355e-08	2.84118408723e-09	1.46817537228e-08
     8	9.85496072002e-09	2.36113022303e-09	1.22160909431e-08
     9	8.58109266108e-09	2.05405821234e-09	1.06351508734e-08

Measurement: t_ro74
  step	t_ro74	FROM	TO
     1	6.03210650588e-09	1.44260559012e-09	7.47471209599e-09
     2	5.12000750255e-09	1.22253952754e-09	6.34254703009e-09
     3	4.5452743688e-09	1.08483759073e-09	5.63011195953e-09
     4	8.36853469202e-09	2.0010979026e-09	1.03696325946e-08
     5	6.98418880483e-09	1.6678774752e-09	8.65206628002e-09
     6	6.10361952018e-09	1.45656352314e-09	7.56018304332e-09
     7	1.20360508071e-08	2.87701198261e-09	1.49130627897e-08
     8	9.96724875707e-09	2.37950280657e-09	1.23467515636e-08
     9	8.65504738616e-09	2.0647312896e-09	1.07197786758e-08

Measurement: t_ro75
  step	t_ro75	FROM	TO
     1	5.92000004252e-09	1.42075321513e-09	7.34075325765e-09
     2	5.04394595562e-09	1.20919453705e-09	6.25314049267e-09
     3	4.48015670659e-09	1.07370233518e-09	5.55385904177e-09
     4	8.18577958133e-09	1.96530138722e-09	1.01510809686e-08
     5	6.85735596181e-09	1.64451289787e-09	8.50186885968e-09
     6	6.00978099238e-09	1.43990413527e-09	7.44968512765e-09
     7	1.17457660876e-08	2.81998727228e-09	1.45657533599e-08
     8	9.76302208288e-09	2.34176068404e-09	1.21047827669e-08
     9	8.50191920181e-09	2.03743090315e-09	1.0539350105e-08

Measurement: t_ro76
  step	t_ro76	FROM	TO
     1	6.02515493697e-09	1.4505221578e-09	7.47567709477e-09
     2	5.11999732057e-09	1.23065415394e-09	6.35065147451e-09
     3	4.54734979468e-09	1.0913861932e-09	5.63873598788e-09
     4	8.32318627171e-09	2.00652828443e-09	1.03297145561e-08
     5	6.96751477738e-09	1.67610676424e-09	8.64362154162e-09
     6	6.09704507632e-09	1.46499917271e-09	7.56204424903e-09
     7	1.19520567052e-08	2.88408131354e-09	1.48361380188e-08
     8	9.92993589919e-09	2.39077176849e-09	1.23207076677e-08
     9	8.63683776937e-09	2.07697255707e-09	1.07138103264e-08

Measurement: t_ro77
  step	t_ro77	FROM	TO
     1	5.69275950707e-09	1.37087027895e-09	7.06362978602e-09
     2	4.90273946788e-09	1.1792122856e-09	6.08195175349e-09
     3	4.38223656114e-09	1.0530493661e-09	5.43528592724e-09
     4	7.75473319041e-09	1.86924158691e-09	9.62397477732e-09
     5	6.57695966026e-09	1.5833548438e-09	8.16031450407e-09
     6	5.80778963889e-09	1.39687182287e-09	7.20466146176e-09
     7	1.10103059664e-08	2.6552775001e-09	1.36655834665e-08
     8	9.27461732303e-09	2.23399798454e-09	1.15086153076e-08
     9	8.14382477877e-09	1.96005604421e-09	1.0103880823e-08

Measurement: t_ro78
  step	t_ro78	FROM	TO
     1	6.39998676241e-09	1.53739890726e-09	7.93738566966e-09
     2	5.3688991565e-09	1.2876344318e-09	6.6565335883e-09
     3	4.71994728054e-09	1.13086765194e-09	5.85081493248e-09
     4	8.98824306494e-09	2.16195854365e-09	1.11502016086e-08
     5	7.41079946866e-09	1.77850695551e-09	9.18930642418e-09
     6	6.41878655807e-09	1.5386623962e-09	7.95744895427e-09
     7	1.30753877381e-08	3.14538661167e-09	1.62207743497e-08
     8	1.06930158875e-08	2.56679801761e-09	1.32598139051e-08
     9	9.19963125588e-09	2.20600306934e-09	1.14056343252e-08

Measurement: t_ro79
  step	t_ro79	FROM	TO
     1	6.42830452276e-09	1.54372310611e-09	7.97202762887e-09
     2	5.37392071314e-09	1.28886164818e-09	6.66278236132e-09
     3	4.71230396307e-09	1.12919517087e-09	5.84149913394e-09
     4	9.15585401082e-09	2.1995517733e-09	1.13554057841e-08
     5	7.48242642884e-09	1.79516461899e-09	9.27759104783e-09
     6	6.45334550949e-09	1.54697612501e-09	8.00032163449e-09
     7	1.33977113977e-08	3.21855832172e-09	1.66162697194e-08
     8	1.08483267145e-08	2.60299873341e-09	1.34513254479e-08
     9	9.2857800256e-09	2.22639234489e-09	1.15121723705e-08

Measurement: t_ro80
  step	t_ro80	FROM	TO
     1	6.12872292556e-09	1.47513242457e-09	7.60385535012e-09
     2	5.17940451313e-09	1.24441484821e-09	6.42381936134e-09
     3	4.58065984406e-09	1.09931247621e-09	5.67997232027e-09
     4	8.57942016469e-09	2.06631264798e-09	1.06457328127e-08
     5	7.11356090825e-09	1.71039768995e-09	8.8239585982e-09
     6	6.19342814575e-09	1.48768299459e-09	7.68111114033e-09
     7	1.23931934019e-08	2.98576903093e-09	1.53789624328e-08
     8	1.0191090924e-08	2.45145294184e-09	1.26425438658e-08
     9	8.81260988939e-09	2.1179135697e-09	1.09305234591e-08

Measurement: t_ro81
  step	t_ro81	FROM	TO
     1	6.18911788535e-09	1.48655413723e-09	7.67567202258e-09
     2	5.221448722e-09	1.2531822139e-09	6.4746309359e-09
     3	4.60813098307e-09	1.10525462773e-09	5.71338561079e-09
     4	8.64832749257e-09	2.07777415248e-09	1.07261016451e-08
     5	7.16157366638e-09	1.71949884183e-09	8.88107250822e-09
     6	6.22795679475e-09	1.49455967652e-09	7.72251647127e-09
     7	1.25154756217e-08	3.00726948491e-09	1.55227451067e-08
     8	1.02807066368e-08	2.46890839994e-09	1.27496150367e-08
     9	8.87936835696e-09	2.13112407431e-09	1.10104924313e-08

Measurement: t_ro82
  step	t_ro82	FROM	TO
     1	5.6915614246e-09	1.36667487803e-09	7.05823630262e-09
     2	4.90237515004e-09	1.17545504431e-09	6.07783019436e-09
     3	4.38211411128e-09	1.05005217212e-09	5.4321662834e-09
     4	7.74066016613e-09	1.85966016296e-09	9.6003203291e-09
     5	6.5655279806e-09	1.57489972609e-09	8.14042770668e-09
     6	5.80017914356e-09	1.39003316925e-09	7.19021231281e-09
     7	1.0975803167e-08	2.63690349005e-09	1.36127066571e-08
     8	9.24746624402e-09	2.21795468138e-09	1.14654209254e-08
     9	8.12237055644e-09	1.9465959019e-09	1.00689664583e-08

Measurement: t_ro83
  step	t_ro83	FROM	TO
     1	6.30598552723e-09	1.52422327338e-09	7.83020880061e-09
     2	5.27999998474e-09	1.27398612771e-09	6.55398611245e-09
     3	4.63999529575e-09	1.11870398897e-09	5.75869928471e-09
     4	8.91207785097e-09	2.15727087028e-09	1.10693487213e-08
     5	7.32691578657e-09	1.77000120481e-09	9.09691699138e-09
     6	6.34449537285e-09	1.53114023493e-09	7.87563560779e-09
     7	1.29667114916e-08	3.14085249204e-09	1.61075639837e-08
     8	1.05672931802e-08	2.5546887354e-09	1.31219819156e-08
     9	9.08473030685e-09	2.19401052745e-09	1.12787408343e-08

Measurement: t_ro84
  step	t_ro84	FROM	TO
     1	5.76394805e-09	1.38019232666e-09	7.14414037666e-09
     2	4.95998668344e-09	1.18432297784e-09	6.14430966128e-09
     3	4.42116069019e-09	1.05625871372e-09	5.47741940391e-09
     4	7.86715181331e-09	1.88343857444e-09	9.75059038775e-09
     5	6.65042449883e-09	1.5898300653e-09	8.24025456413e-09
     6	5.86148163196e-09	1.40018751869e-09	7.26166915065e-09
     7	1.11852729333e-08	2.67705827033e-09	1.38623312036e-08
     8	9.3903151467e-09	2.24418397922e-09	1.16344991259e-08
     9	8.22951529524e-09	1.96534726194e-09	1.01948625572e-08

Measurement: t_ro85
  step	t_ro85	FROM	TO
     1	5.96206385022e-09	1.43074703003e-09	7.39281088025e-09
     2	5.0794663451e-09	1.21610496674e-09	6.29557131183e-09
     3	4.51097494621e-09	1.07871591921e-09	5.58969086542e-09
     4	8.25198685572e-09	1.98190755977e-09	1.02338944155e-08
     5	6.9097079291e-09	1.65538344832e-09	8.56509137742e-09
     6	6.05160479967e-09	1.44771711252e-09	7.49932191219e-09
     7	1.18449154524e-08	2.84554091332e-09	1.46904563657e-08
     8	9.84233650258e-09	2.35857768566e-09	1.22009141882e-08
     9	8.56506338611e-09	2.0496674615e-09	1.06147308476e-08

Measurement: t_ro86
  step	t_ro86	FROM	TO
     1	5.93698556098e-09	1.42191961908e-09	7.35890518006e-09
     2	5.06607481268e-09	1.21082144926e-09	6.27689626194e-09
     3	4.49573235151e-09	1.07374167214e-09	5.56947402365e-09
     4	8.20685895223e-09	1.96574976673e-09	1.0172608719e-08
     5	6.87741240961e-09	1.64432528211e-09	8.52173769172e-09
     6	6.02692981188e-09	1.43953614149e-09	7.46646595336e-09
     7	1.17687431832e-08	2.81828146823e-09	1.45870246515e-08
     8	9.78616565422e-09	2.33975454236e-09	1.21259201966e-08
     9	8.52219457861e-09	2.03547151208e-09	1.05576660907e-08

Measurement: t_ro87
  step	t_ro87	FROM	TO
     1	5.6702925086e-09	1.35681316228e-09	7.02710567088e-09
     2	4.87927375748e-09	1.16643910335e-09	6.04571286082e-09
     3	4.36118128507e-09	1.04267903021e-09	5.40386031528e-09
     4	7.73912058615e-09	1.85156947411e-09	9.59069006026e-09
     5	6.54951955139e-09	1.56555248339e-09	8.11507203478e-09
     6	5.78077426688e-09	1.38168712056e-09	7.16246138743e-09
     7	1.09893377704e-08	2.62856282108e-09	1.36179005915e-08
     8	9.23175056537e-09	2.20626198122e-09	1.14380125466e-08
     9	8.10045837153e-09	1.93543361377e-09	1.00358919853e-08

Measurement: t_ro88
  step	t_ro88	FROM	TO
     1	5.95853735709e-09	1.43286897331e-09	7.3914063304e-09
     2	5.07164192069e-09	1.21776407151e-09	6.2894059922e-09
     3	4.49860148062e-09	1.07918811147e-09	5.57778959208e-09
     4	8.25867921197e-09	1.98694535901e-09	1.0245624571e-08
     5	6.90143672037e-09	1.65833082672e-09	8.55976754709e-09
     6	6.03950900024e-09	1.4496401864e-09	7.48914918664e-09
     7	1.18638204074e-08	2.85518745423e-09	1.47190078616e-08
     8	9.83625612859e-09	2.36441261713e-09	1.22006687457e-08
     9	8.55239397671e-09	2.05382649318e-09	1.06062204699e-08

Measurement: t_ro89
  step	t_ro89	FROM	TO
     1	6.0318661086e-09	1.45009453387e-09	7.48196064247e-09
     2	5.12000228337e-09	1.2301728014e-09	6.35017508476e-09
     3	4.54182154164e-09	1.09010804673e-09	5.63192958837e-09
     4	8.37777488485e-09	2.01528043289e-09	1.03930553177e-08
     5	6.99293946276e-09	1.68044102486e-09	8.67338048761e-09
     6	6.11010746565e-09	1.46736218091e-09	7.57746964655e-09
     7	1.20673110047e-08	2.90370235827e-09	1.4971013363e-08
     8	9.99443972219e-09	2.40251742034e-09	1.23969571425e-08
     9	8.6767625086e-09	2.0846034068e-09	1.07613659154e-08

Measurement: t_ro90
  step	t_ro90	FROM	TO
     1	6.09275529049e-09	1.46709897127e-09	7.55985426176e-09
     2	5.17505490615e-09	1.24291170911e-09	6.41796661526e-09
     3	4.5827482756e-09	1.09838275589e-09	5.68113103149e-09
     4	8.46516139483e-09	2.04070718761e-09	1.05058685824e-08
     5	7.06337127437e-09	1.69857632199e-09	8.76194759636e-09
     6	6.16788785661e-09	1.48048250459e-09	7.6483703612e-09
     7	1.2192277843e-08	2.94053750513e-09	1.51328153481e-08
     8	1.00979558332e-08	2.43004229413e-09	1.25279981273e-08
     9	8.76290566863e-09	2.10542375666e-09	1.08683294253e-08

Measurement: t_ro91
  step	t_ro91	FROM	TO
     1	5.9617889854e-09	1.43054580323e-09	7.39233478862e-09
     2	5.09212331802e-09	1.22092622054e-09	6.31304953856e-09
     3	4.51581088577e-09	1.08211854175e-09	5.59792942751e-09
     4	8.20342809363e-09	1.96888437168e-09	1.01723124653e-08
     5	6.88242653278e-09	1.65057627882e-09	8.5330028116e-09
     6	6.0325911028e-09	1.44579614042e-09	7.47838724321e-09
     7	1.17448608546e-08	2.81889035738e-09	1.4563751212e-08
     8	9.78419121556e-09	2.34617753804e-09	1.21303687536e-08
     9	8.52508920887e-09	2.04314111335e-09	1.05682303222e-08

Measurement: t_ro92
  step	t_ro92	FROM	TO
     1	5.96546930983e-09	1.44232058242e-09	7.40778989224e-09
     2	5.08846081783e-09	1.22801430995e-09	6.31647512778e-09
     3	4.51502907167e-09	1.08831058766e-09	5.60333965933e-09
     4	8.24254478246e-09	1.99543819386e-09	1.02379829763e-08
     5	6.90705884548e-09	1.66893148317e-09	8.57599032865e-09
     6	6.05040384439e-09	1.46020855605e-09	7.51061240044e-09
     7	1.18260087182e-08	2.8647406311e-09	1.46907493493e-08
     8	9.83554502622e-09	2.37813734558e-09	1.22136823718e-08
     9	8.56197223291e-09	2.06789766858e-09	1.06298699015e-08

Measurement: t_ro93
  step	t_ro93	FROM	TO
     1	6.03389324398e-09	1.45513218328e-09	7.48902542726e-09
     2	5.12000228201e-09	1.2327293145e-09	6.35273159651e-09
     3	4.5445124572e-09	1.09292866124e-09	5.63744111845e-09
     4	8.35292538295e-09	2.01659613864e-09	1.03695215216e-08
     5	6.97720949719e-09	1.68215059862e-09	8.65936009581e-09
     6	6.10049430714e-09	1.46905967181e-09	7.56955397895e-09
     7	1.2002559569e-08	2.89970459492e-09	1.49022641639e-08
     8	9.95031794713e-09	2.40064216743e-09	1.23509601146e-08
     9	8.64720719835e-09	2.08412786191e-09	1.07313350603e-08

Measurement: t_ro94
  step	t_ro94	FROM	TO
     1	6.42034794392e-09	1.5333323875e-09	7.95368033142e-09
     2	5.37854706758e-09	1.28388635301e-09	6.66243342059e-09
     3	4.72196327177e-09	1.12699747014e-09	5.84896074192e-09
     4	9.09419624546e-09	2.1706848111e-09	1.12648810566e-08
     5	7.45538383846e-09	1.77892563573e-09	9.2343094742e-09
     6	6.44131122864e-09	1.53667960045e-09	7.97799082909e-09
     7	1.32670688704e-08	3.16523369445e-09	1.64323025649e-08
     8	1.07785579762e-08	2.57076593854e-09	1.33493239147e-08
     9	9.24463941785e-09	2.20455488966e-09	1.14491943075e-08

Measurement: t_ro95
  step	t_ro95	FROM	TO
     1	5.91999959441e-09	1.42686525698e-09	7.34686485139e-09
     2	5.05463395626e-09	1.21687140714e-09	6.27150536339e-09
     3	4.48720862595e-09	1.07914440909e-09	5.56635303504e-09
     4	8.17847722429e-09	1.97389683836e-09	1.01523740626e-08
     5	6.86321095836e-09	1.65436684859e-09	8.51757780695e-09
     6	6.01736047758e-09	1.44912180336e-09	7.46648228094e-09
     7	1.17269246016e-08	2.83234408758e-09	1.45592686892e-08
     8	9.76750924072e-09	2.35629148115e-09	1.21238007219e-08
     9	8.51150447711e-09	2.05165126551e-09	1.05631557426e-08

Measurement: t_ro96
  step	t_ro96	FROM	TO
     1	6.50156531503e-09	1.56341892366e-09	8.06498423869e-09
     2	5.44001117521e-09	1.3049898236e-09	6.74500099881e-09
     3	4.75571537211e-09	1.14046902987e-09	5.89618440197e-09
     4	9.24686742194e-09	2.22456465446e-09	1.14714320764e-08
     5	7.55546841636e-09	1.81503608941e-09	9.37050450577e-09
     6	6.51211090331e-09	1.56269726231e-09	8.07480816562e-09
     7	1.35358145046e-08	3.2569495803e-09	1.67927640849e-08
     8	1.09635907567e-08	2.63449379137e-09	1.35980845481e-08
     9	9.38133497856e-09	2.25197013692e-09	1.16333051155e-08

Measurement: t_ro97
  step	t_ro97	FROM	TO
     1	6.05912652951e-09	1.44460332983e-09	7.50372985935e-09
     2	5.15218554773e-09	1.22810478552e-09	6.38029033325e-09
     3	4.56629466455e-09	1.08813229486e-09	5.65442695942e-09
     4	8.38169168515e-09	1.99661547813e-09	1.03783071633e-08
     5	7.00829785779e-09	1.66950942792e-09	8.67780728571e-09
     6	6.12712167313e-09	1.45945140078e-09	7.58657307391e-09
     7	1.20443533274e-08	2.86715310582e-09	1.49115064332e-08
     8	9.99628205583e-09	2.37981805503e-09	1.23761001109e-08
     9	8.68603449477e-09	2.06778608561e-09	1.07538205804e-08

Measurement: t_ro98
  step	t_ro98	FROM	TO
     1	6.31632027637e-09	1.51782383518e-09	7.83414411155e-09
     2	5.32019115341e-09	1.27766012147e-09	6.59785127488e-09
     3	4.6857161236e-09	1.12513443499e-09	5.8108505586e-09
     4	8.84272973998e-09	2.12579380975e-09	1.09685235497e-08
     5	7.31543867517e-09	1.75746276329e-09	9.07290143846e-09
     6	6.34908527547e-09	1.52494287763e-09	7.8740281531e-09
     7	1.28202249909e-08	3.08267087462e-09	1.59028958655e-08
     8	1.05239618773e-08	2.52879044534e-09	1.30527523227e-08
     9	9.07543201637e-09	2.18030517996e-09	1.12557371963e-08

Measurement: t_ro99
  step	t_ro99	FROM	TO
     1	5.92497781405e-09	1.42406554813e-09	7.34904336217e-09
     2	5.0385052232e-09	1.2086428389e-09	6.24714806209e-09
     3	4.47997301584e-09	1.0721181402e-09	5.55209115605e-09
     4	8.22647038173e-09	1.9776950064e-09	1.02041653881e-08
     5	6.86257719119e-09	1.64705996202e-09	8.50963715321e-09
     6	6.00248570718e-09	1.4389524587e-09	7.44143816588e-09
     7	1.18150978984e-08	2.84125033752e-09	1.46563482359e-08
     8	9.77503076234e-09	2.34720501435e-09	1.21222357767e-08
     9	8.49317946927e-09	2.03697391668e-09	1.05301533859e-08

Measurement: t_ro100
  step	t_ro100	FROM	TO
     1	5.91999966454e-09	1.43156033056e-09	7.35155999511e-09
     2	5.05229923048e-09	1.21507560637e-09	6.26737483685e-09
     3	4.48642263287e-09	1.07652798771e-09	5.56295062058e-09
     4	8.12994372216e-09	1.97056485349e-09	1.01005085757e-08
     5	6.82429907455e-09	1.6451410481e-09	8.46944012265e-09
     6	5.98726883536e-09	1.43989075602e-09	7.42715959138e-09
     7	1.16159636776e-08	2.81724744185e-09	1.44332111195e-08
     8	9.67649392596e-09	2.33569299969e-09	1.20121869256e-08
     9	8.43741490614e-09	2.03156401585e-09	1.0468978922e-08

Measurement: t_ro101
  step	t_ro101	FROM	TO
     1	6.03378131337e-09	1.44593816016e-09	7.47971947353e-09
     2	5.12052409271e-09	1.22598215321e-09	6.34650624592e-09
     3	4.54755301198e-09	1.08761696138e-09	5.63516997335e-09
     4	8.36217262311e-09	2.0041645689e-09	1.0366337192e-08
     5	6.98828732801e-09	1.67268974279e-09	8.66097707081e-09
     6	6.1097699882e-09	1.46121285958e-09	7.57098284778e-09
     7	1.20225265632e-08	2.88108614054e-09	1.49036127037e-08
     8	9.97247944211e-09	2.38680057976e-09	1.23592800219e-08
     9	8.66556457429e-09	2.07223779667e-09	1.0737802371e-08

Measurement: t_ro102
  step	t_ro102	FROM	TO
     1	6.42857442088e-09	1.53966330659e-09	7.96823772746e-09
     2	5.39269241977e-09	1.28775996778e-09	6.68045238755e-09
     3	4.73969548874e-09	1.13037445381e-09	5.87006994255e-09
     4	9.07614181758e-09	2.17142797325e-09	1.12475697908e-08
     5	7.46400830364e-09	1.78160092382e-09	9.24560922746e-09
     6	6.45606551855e-09	1.53925381648e-09	7.99531933503e-09
     7	1.32289167189e-08	3.15917491327e-09	1.63880916322e-08
     8	1.07871897694e-08	2.57298259896e-09	1.33601723683e-08
     9	9.26568124137e-09	2.20792050832e-09	1.14736017497e-08

Measurement: t_ro103
  step	t_ro103	FROM	TO
     1	5.97067242247e-09	1.43298519239e-09	7.40365761486e-09
     2	5.08476094642e-09	1.21945096234e-09	6.30421190876e-09
     3	4.5095232494e-09	1.080899492e-09	5.5904227414e-09
     4	8.26326977247e-09	1.98352311815e-09	1.02467928906e-08
     5	6.91070276545e-09	1.65800601588e-09	8.56870878133e-09
     6	6.04699913573e-09	1.45024060281e-09	7.49723973853e-09
     7	1.18694950447e-08	2.84916367661e-09	1.47186587213e-08
     8	9.8515811417e-09	2.36373495499e-09	1.22153160967e-08
     9	8.56572224956e-09	2.05494876959e-09	1.06206710192e-08

Measurement: t_ro104
  step	t_ro104	FROM	TO
     1	6.35867550718e-09	1.52506014134e-09	7.88373564852e-09
     2	5.34282714548e-09	1.27847956531e-09	6.62130671079e-09
     3	4.70124200707e-09	1.12362276722e-09	5.82486477429e-09
     4	8.95687922058e-09	2.14906417302e-09	1.11059433936e-08
     5	7.38378315403e-09	1.76704725784e-09	9.15083041187e-09
     6	6.39702724121e-09	1.52910304574e-09	7.92613028695e-09
     7	1.30274581782e-08	3.12497738873e-09	1.61524355669e-08
     8	1.06516052312e-08	2.54906424298e-09	1.32006694742e-08
     9	9.16518783765e-09	2.19063847226e-09	1.13558263099e-08

Measurement: t_ro105
  step	t_ro105	FROM	TO
     1	6.52940209966e-09	1.56869781436e-09	8.09809991402e-09
     2	5.45401215431e-09	1.30697400162e-09	6.76098615593e-09
     3	4.77783099987e-09	1.14311890072e-09	5.92094990058e-09
     4	9.23288933465e-09	2.21932799611e-09	1.14522173308e-08
     5	7.55803337303e-09	1.81173730923e-09	9.36977068227e-09
     6	6.51962390712e-09	1.56033217938e-09	8.0799560865e-09
     7	1.34683184614e-08	3.23643815752e-09	1.67047566189e-08
     8	1.09323795152e-08	2.62054791736e-09	1.35529274325e-08
     9	9.36404688201e-09	2.24128737575e-09	1.16053342578e-08

Measurement: t_ro106
  step	t_ro106	FROM	TO
     1	5.91405820065e-09	1.41883600684e-09	7.33289420749e-09
     2	5.04624704699e-09	1.2086606595e-09	6.25490770649e-09
     3	4.48205949252e-09	1.07255071518e-09	5.5546102077e-09
     4	8.13901427274e-09	1.95210059548e-09	1.00911148682e-08
     5	6.8299332165e-09	1.63629259476e-09	8.46622581125e-09
     6	5.99049841378e-09	1.43391266898e-09	7.42441108276e-09
     7	1.16501046655e-08	2.79398276323e-09	1.44440874287e-08
     8	9.70276754983e-09	2.32451637212e-09	1.20272839219e-08
     9	8.45794312013e-09	2.0246250351e-09	1.04825681552e-08

Measurement: t_ro107
  step	t_ro107	FROM	TO
     1	5.85318670824e-09	1.39914619825e-09	7.25233290649e-09
     2	4.99443175654e-09	1.19254244276e-09	6.1869741993e-09
     3	4.45005367889e-09	1.06208524844e-09	5.51213892734e-09
     4	8.05873189841e-09	1.92602025429e-09	9.9847521527e-09
     5	6.76568739982e-09	1.61507953623e-09	8.38076693605e-09
     6	5.93954187654e-09	1.41725629201e-09	7.35679816855e-09
     7	1.15242189998e-08	2.7531628106e-09	1.42773818104e-08
     8	9.59990342801e-09	2.29074837172e-09	1.18906517997e-08
     9	8.37554085036e-09	1.99747257763e-09	1.0373013428e-08

Measurement: t_ro108
  step	t_ro108	FROM	TO
     1	5.92000093313e-09	1.42066342842e-09	7.34066436156e-09
     2	5.04768226019e-09	1.20835984261e-09	6.2560421028e-09
     3	4.48238928942e-09	1.07180312013e-09	5.55419240955e-09
     4	8.21173582374e-09	1.96966491188e-09	1.01814007356e-08
     5	6.87041485137e-09	1.64495604743e-09	8.51537089879e-09
     6	6.01723241484e-09	1.43910630557e-09	7.45633872042e-09
     7	1.17839412676e-08	2.82619331406e-09	1.46101345816e-08
     8	9.78182778759e-09	2.34206386751e-09	1.21238916551e-08
     9	8.51208282671e-09	2.03583359108e-09	1.05479164178e-08

Measurement: t_ro109
  step	t_ro109	FROM	TO
     1	5.86595043914e-09	1.40410879837e-09	7.27005923751e-09
     2	5.01821096397e-09	1.19900722741e-09	6.21721819138e-09
     3	4.46613162184e-09	1.06612132897e-09	5.53225295081e-09
     4	8.06443818799e-09	1.93069158285e-09	9.99512977084e-09
     5	6.78299065181e-09	1.62104181962e-09	8.40403247143e-09
     6	5.95820318281e-09	1.42250696566e-09	7.38071014848e-09
     7	1.15225691671e-08	2.75812547117e-09	1.42806946382e-08
     8	9.62032830542e-09	2.29905875379e-09	1.19193870592e-08
     9	8.39978875528e-09	2.00544553784e-09	1.04052342931e-08

Measurement: t_ro110
  step	t_ro110	FROM	TO
     1	6.11086764833e-09	1.46604713382e-09	7.57691478215e-09
     2	5.17591044059e-09	1.23860237241e-09	6.414512813e-09
     3	4.57995730303e-09	1.09468148646e-09	5.67463878949e-09
     4	8.52034505043e-09	2.04472191003e-09	1.05650669605e-08
     5	7.08798912534e-09	1.69672643909e-09	8.78471556443e-09
     6	6.17969142182e-09	1.47749387089e-09	7.65718529271e-09
     7	1.22977342307e-08	2.95066329548e-09	1.52483975261e-08
     8	1.01485682214e-08	2.4294898773e-09	1.25780580987e-08
     9	8.7900123468e-09	2.10163594645e-09	1.08916482933e-08

Measurement: t_ro111
  step	t_ro111	FROM	TO
     1	6.0877813388e-09	1.45606284443e-09	7.54384418323e-09
     2	5.12219179429e-09	1.22572033299e-09	6.34791212727e-09
     3	4.54800591674e-09	1.08734609133e-09	5.63535200807e-09
     4	8.49778139803e-09	2.03185660613e-09	1.05296380042e-08
     5	7.03980256183e-09	1.6822375766e-09	8.72204013842e-09
     6	6.12844070092e-09	1.46458789949e-09	7.59302860041e-09
     7	1.22597365533e-08	2.93018374778e-09	1.5189920301e-08
     8	1.0067256522e-08	2.40518493779e-09	1.24724414598e-08
     9	8.70518104593e-09	2.07951163451e-09	1.07846926804e-08

Measurement: t_ro112
  step	t_ro112	FROM	TO
     1	6.04542446973e-09	1.4461967121e-09	7.49162118183e-09
     2	5.12000929262e-09	1.22287046574e-09	6.34287975836e-09
     3	4.53403523683e-09	1.0823351571e-09	5.61637039394e-09
     4	8.42909595776e-09	2.01633196257e-09	1.04454279203e-08
     5	7.00595888315e-09	1.67379531761e-09	8.67975420076e-09
     6	6.11127045161e-09	1.45882850348e-09	7.57009895508e-09
     7	1.21582767973e-08	2.90746429908e-09	1.50657410964e-08
     8	1.00196452341e-08	2.39328368e-09	1.24129289141e-08
     9	8.68004714322e-09	2.07164995263e-09	1.07516970958e-08

Measurement: t_ro113
  step	t_ro113	FROM	TO
     1	5.84012653266e-09	1.40121034795e-09	7.24133688061e-09
     2	4.99339198554e-09	1.19563733259e-09	6.18902931813e-09
     3	4.45076110966e-09	1.06432917378e-09	5.51509028344e-09
     4	8.04110195805e-09	1.92910328784e-09	9.97020524589e-09
     5	6.7588442904e-09	1.6187792424e-09	8.3776235328e-09
     6	5.93694274442e-09	1.42039405474e-09	7.35733679916e-09
     7	1.14966741714e-08	2.75782218014e-09	1.42544963515e-08
     8	9.59027653408e-09	2.29686898844e-09	1.18871455225e-08
     9	8.37170108773e-09	2.00299784854e-09	1.03746989363e-08

Measurement: t_ro114
  step	t_ro114	FROM	TO
     1	6.01722694678e-09	1.44663233096e-09	7.46385927774e-09
     2	5.1200850499e-09	1.22965316577e-09	6.34973821567e-09
     3	4.54417888485e-09	1.08976458711e-09	5.63394347196e-09
     4	8.33035851278e-09	2.00380593032e-09	1.03341644431e-08
     5	6.97312124946e-09	1.67501203563e-09	8.64813328509e-09
     6	6.10125693417e-09	1.46415511684e-09	7.56541205102e-09
     7	1.19749431468e-08	2.88125584313e-09	1.485619899e-08
     8	9.94985143252e-09	2.39082469952e-09	1.2340676132e-08
     9	8.65247575298e-09	2.07714558876e-09	1.07296213417e-08

Measurement: t_ro115
  step	t_ro115	FROM	TO
     1	5.79565474627e-09	1.38569790133e-09	7.18135264761e-09
     2	4.96824735899e-09	1.18665942714e-09	6.15490678613e-09
     3	4.43395564354e-09	1.05848528364e-09	5.49244092718e-09
     4	7.9331597603e-09	1.89680556704e-09	9.82996532733e-09
     5	6.69361218982e-09	1.59868566105e-09	8.29229785087e-09
     6	5.89185257359e-09	1.40623444484e-09	7.29808701844e-09
     7	1.12999724195e-08	2.70124688201e-09	1.40012193015e-08
     8	9.46599169819e-09	2.26050907823e-09	1.17265007764e-08
     9	8.28312061779e-09	1.97663802982e-09	1.02597586476e-08

Measurement: t_ro116
  step	t_ro116	FROM	TO
     1	6.43553941755e-09	1.55088948494e-09	7.98642890249e-09
     2	5.395860371e-09	1.2975052455e-09	6.6933656165e-09
     3	4.73520574657e-09	1.13700722005e-09	5.87221296663e-09
     4	9.12022362802e-09	2.19988946882e-09	1.13201130968e-08
     5	7.48638627061e-09	1.8022214609e-09	9.2886077315e-09
     6	6.46850600315e-09	1.55500580481e-09	8.02351180796e-09
     7	1.33144235619e-08	3.21271383219e-09	1.65271373941e-08
     8	1.08373638155e-08	2.61036422394e-09	1.34477280395e-08
     9	9.29854043645e-09	2.23695517365e-09	1.15354956101e-08

Measurement: t_ro117
  step	t_ro117	FROM	TO
     1	5.86930728625e-09	1.40795708477e-09	7.27726437102e-09
     2	5.01789941593e-09	1.20181763608e-09	6.21971705201e-09
     3	4.47310538178e-09	1.07034025144e-09	5.54344563322e-09
     4	8.04818105925e-09	1.93113525739e-09	9.97931631664e-09
     5	6.77925554375e-09	1.62427879323e-09	8.40353433698e-09
     6	5.95876675532e-09	1.42639529872e-09	7.38516205404e-09
     7	1.14871418362e-08	2.75623630789e-09	1.42433781441e-08
     8	9.60878148878e-09	2.30224023821e-09	1.1911021727e-08
     9	8.39713136056e-09	2.01007473511e-09	1.04072060957e-08

Measurement: t_ro118
  step	t_ro118	FROM	TO
     1	6.05534510267e-09	1.46036642427e-09	7.51571152694e-09
     2	5.13758300989e-09	1.23697761017e-09	6.37456062006e-09
     3	4.54699539508e-09	1.09350003823e-09	5.64049543332e-09
     4	8.42011471644e-09	2.03234847046e-09	1.04524631869e-08
     5	7.0166396264e-09	1.69077175611e-09	8.70741138251e-09
     6	6.12497839743e-09	1.47418428522e-09	7.59916268265e-09
     7	1.21356408698e-08	2.93019159009e-09	1.50658324599e-08
     8	1.00320781963e-08	2.41853065244e-09	1.24506088488e-08
     9	8.70038085003e-09	2.09514456104e-09	1.07955254111e-08

Measurement: t_ro119
  step	t_ro119	FROM	TO
     1	5.98535099625e-09	1.43074938026e-09	7.41610037651e-09
     2	5.10498136473e-09	1.21997234368e-09	6.32495370841e-09
     3	4.52245519926e-09	1.07986913446e-09	5.60232433371e-09
     4	8.28147379462e-09	1.97924082096e-09	1.02607146156e-08
     5	6.92813200349e-09	1.65480305776e-09	8.58293506125e-09
     6	6.06468966108e-09	1.44800196582e-09	7.5126916269e-09
     7	1.18797447796e-08	2.83834820203e-09	1.47180929817e-08
     8	9.8629781412e-09	2.35538129132e-09	1.22183594325e-08
     9	8.57988581645e-09	2.04808416487e-09	1.06279699813e-08

Measurement: t_ro120
  step	t_ro120	FROM	TO
     1	5.61715428268e-09	1.35023282259e-09	6.96738710527e-09
     2	4.85386855835e-09	1.16340287827e-09	6.01727143662e-09
     3	4.34654690766e-09	1.03983159305e-09	5.38637850071e-09
     4	7.60789717643e-09	1.83189963074e-09	9.43979680717e-09
     5	6.47324435328e-09	1.55435017451e-09	8.02759452778e-09
     6	5.73040829965e-09	1.37308616652e-09	7.10349446617e-09
     7	1.07512947033e-08	2.59207882129e-09	1.33433735246e-08
     8	9.08699327897e-09	2.18520607644e-09	1.12721993554e-08
     9	8.00048592434e-09	1.92054764916e-09	9.9210335735e-09

Measurement: t_ro121
  step	t_ro121	FROM	TO
     1	5.92978546952e-09	1.42562642127e-09	7.35541189079e-09
     2	5.0633328005e-09	1.21468164063e-09	6.27801444113e-09
     3	4.49855440366e-09	1.07780078081e-09	5.57635518447e-09
     4	8.1850376263e-09	1.96872645959e-09	1.01537640859e-08
     5	6.86637560014e-09	1.64840654976e-09	8.5147821499e-09
     6	6.0194657501e-09	1.44297249199e-09	7.46243824209e-09
     7	1.1712193237e-08	2.81794555566e-09	1.45301387927e-08
     8	9.75135034802e-09	2.34161086504e-09	1.20929612131e-08
     9	8.50008629105e-09	2.03841120183e-09	1.05384974929e-08

Measurement: t_ro122
  step	t_ro122	FROM	TO
     1	6.16000325134e-09	1.47900029094e-09	7.63900354229e-09
     2	5.21160946823e-09	1.24664340366e-09	6.45825287189e-09
     3	4.60400156322e-09	1.09995609275e-09	5.70395765596e-09
     4	8.60413223514e-09	2.06882063491e-09	1.06729528701e-08
     5	7.14084730197e-09	1.7094432509e-09	8.85029055287e-09
     6	6.21790240041e-09	1.48590501094e-09	7.70380741135e-09
     7	1.24317794135e-08	2.99007024929e-09	1.54218496628e-08
     8	1.02344846628e-08	2.45078748523e-09	1.2685272148e-08
     9	8.85191651381e-09	2.11542712792e-09	1.09673436417e-08

Measurement: t_ro123
  step	t_ro123	FROM	TO
     1	5.90115179446e-09	1.41684505474e-09	7.31799684919e-09
     2	5.02898685523e-09	1.20689567775e-09	6.23588253298e-09
     3	4.47490596815e-09	1.07274586138e-09	5.54765182953e-09
     4	8.08289263844e-09	1.94181381722e-09	1.00247064557e-08
     5	6.77908591104e-09	1.6274470513e-09	8.40653296234e-09
     6	5.95002359672e-09	1.42739667457e-09	7.37742027129e-09
     7	1.15325587097e-08	2.77080980324e-09	1.43033685129e-08
     8	9.59998459004e-09	2.30507600296e-09	1.1905060593e-08
     9	8.37591999777e-09	2.01001502676e-09	1.03859350245e-08

Measurement: t_ro124
  step	t_ro124	FROM	TO
     1	6.32032696391e-09	1.52143409128e-09	7.8417610552e-09
     2	5.31558573599e-09	1.27691715903e-09	6.59250289502e-09
     3	4.67947768713e-09	1.12238021257e-09	5.8018578997e-09
     4	8.88803753707e-09	2.140082368e-09	1.10281199051e-08
     5	7.33123772141e-09	1.76216537659e-09	9.093403098e-09
     6	6.35574466356e-09	1.52566134485e-09	7.88140600841e-09
     7	1.29105092804e-08	3.1090111074e-09	1.60195203878e-08
     8	1.0560623006e-08	2.53905347006e-09	1.3099676476e-08
     9	9.09321196176e-09	2.18358553927e-09	1.1276797501e-08

Measurement: t_ro125
  step	t_ro125	FROM	TO
     1	5.65702673136e-09	1.35395026941e-09	7.01097700076e-09
     2	4.87987937442e-09	1.16635808855e-09	6.04623746297e-09
     3	4.36328816742e-09	1.04266240083e-09	5.40595056825e-09
     4	7.67286578606e-09	1.8367265999e-09	9.50959238596e-09
     5	6.51650329676e-09	1.55787962171e-09	8.07438291846e-09
     6	5.76010290475e-09	1.37669081761e-09	7.13679372236e-09
     7	1.08584314092e-08	2.59875855567e-09	1.34571899649e-08
     8	9.15977190757e-09	2.189504303e-09	1.13492762106e-08
     9	8.05371509875e-09	1.92383283517e-09	9.97754793392e-09

Measurement: t_ro126
  step	t_ro126	FROM	TO
     1	5.75388994163e-09	1.3823948458e-09	7.13628478743e-09
     2	4.93810315384e-09	1.18602630053e-09	6.12412945436e-09
     3	4.4050828923e-09	1.05725687983e-09	5.46233977213e-09
     4	7.83808484064e-09	1.88492525389e-09	9.72301009452e-09
     5	6.63123135097e-09	1.59311897703e-09	8.224350328e-09
     6	5.84763995559e-09	1.40404338135e-09	7.25168333694e-09
     7	1.11379457485e-08	2.67886481224e-09	1.38168105607e-08
     8	9.35812650042e-09	2.24900256611e-09	1.16071290665e-08
     9	8.20491435262e-09	1.97078338674e-09	1.01756977394e-08

Measurement: t_ro127
  step	t_ro127	FROM	TO
     1	6.57446925937e-09	1.57449872912e-09	8.14896798849e-09
     2	5.44000132726e-09	1.30227386852e-09	6.74227519579e-09
     3	4.76592481583e-09	1.13920610812e-09	5.90513092395e-09
     4	9.42891162576e-09	2.25733973038e-09	1.16862513561e-08
     5	7.63606781504e-09	1.82641748114e-09	9.46248529618e-09
     6	6.55268202633e-09	1.56629238325e-09	8.11897440958e-09
     7	1.38683121189e-08	3.31913167995e-09	1.71874437989e-08
     8	1.11224886351e-08	2.65970510948e-09	1.37821937446e-08
     9	9.46755876183e-09	2.2624931334e-09	1.17300518952e-08

Measurement: freq_ro0
  step	{80/t_ro0}
     1	13444447095.2
     2	15748801736.7
     3	17734031687.2
     4	9749665979.32
     5	11619051305.5
     6	13252044536.7
     7	6804841039.89
     8	8167815198.53
     9	9371309131.49

Measurement: freq_ro1
  step	{80/t_ro1}
     1	13215217515.1
     2	15594396074.8
     3	17574333918.8
     4	9519615845.27
     5	11421860136.8
     6	13077696517.2
     7	6617720092.22
     8	8005174476.65
     9	9225957225.29

Measurement: freq_ro2
  step	{80/t_ro2}
     1	12538542816.5
     2	14954070047.4
     3	17018424956.6
     4	8951130059.93
     5	10873738225.2
     6	12559176691.5
     7	6169742680.5
     8	7556791474.21
     9	8785925380.41

Measurement: freq_ro3
  step	{80/t_ro3}
     1	12592736483.3
     2	15018719747.2
     3	17087044162.6
     4	8944048106.49
     5	10885715431.3
     6	12579154171.8
     7	6150628952.03
     8	7552425616.54
     9	8789040007.99

Measurement: freq_ro4
  step	{80/t_ro4}
     1	13395528528.9
     2	15721436864.8
     3	17714453549.3
     4	9695777126.14
     5	11583936664.7
     6	13226926055.4
     7	6762992458.85
     8	8141690388.68
     9	9354388978.54

Measurement: freq_ro5
  step	{80/t_ro5}
     1	14096305647.3
     2	16362003369.8
     3	18309768188
     4	10392521559.8
     5	12254514177.4
     6	13877853037.2
     7	7341824722.17
     8	8715654710.68
     9	9921433868.66

Measurement: freq_ro6
  step	{80/t_ro6}
     1	13390554971.5
     2	15727039127.8
     3	17755284919
     4	9656921169.54
     5	11557019189.1
     6	13211580651.2
     7	6719304424.49
     8	8105299642.66
     9	9326273376.65

Measurement: freq_ro7
  step	{80/t_ro7}
     1	12921459722.8
     2	15308829310.6
     3	17335304048.6
     4	9251502786.47
     5	11161600828.3
     6	12831679233
     7	6394861587.68
     8	7776215963.16
     9	8997785920.1

Measurement: freq_ro8
  step	{80/t_ro8}
     1	12926749200.5
     2	15339599626
     3	17379575324.6
     4	9194854798.14
     5	11133889202.3
     6	12820471450.6
     7	6344699373.13
     8	7748741152.48
     9	8981779127.99

Measurement: freq_ro9
  step	{80/t_ro9}
     1	12802429066.7
     2	15151519775.5
     3	17204829944.6
     4	9149578169.68
     5	11045615784.5
     6	12709746583.1
     7	6316613528.3
     8	7685902102.23
     9	8902105387.72

Measurement: freq_ro10
  step	{80/t_ro10}
     1	13049558099.2
     2	15405977878.5
     3	17408995927.1
     4	9349136467.18
     5	11236695367.6
     6	12891561306.3
     7	6471065026.73
     8	7837809519.94
     9	9050448196.22

Measurement: freq_ro11
  step	{80/t_ro11}
     1	12849265109.1
     2	15232567273.6
     3	17241585847.5
     4	9227877961.56
     5	11141346071.3
     6	12820767312.7
     7	6390439198.59
     8	7777631440.6
     9	9002986415.24

Measurement: freq_ro12
  step	{80/t_ro12}
     1	13283540227.8
     2	15625008892.2
     3	17628699978.7
     4	9574959213.88
     5	11463561687.2
     6	13115815487.9
     7	6651048937.98
     8	8023988143.7
     9	9238709693.64

Measurement: freq_ro13
  step	{80/t_ro13}
     1	13102665876.7
     2	15471461767.8
     3	17490245249.7
     4	9386263034.07
     5	11294095951.4
     6	12959044339.6
     7	6498779562.62
     8	7883368022.67
     9	9106290203.19

Measurement: freq_ro14
  step	{80/t_ro14}
     1	12901706603.8
     2	15333310370.3
     3	17377321773.4
     4	9194794125.74
     5	11146007670.4
     6	12835550499.7
     7	6345875508.39
     8	7758428465.33
     9	8997880100.54

Measurement: freq_ro15
  step	{80/t_ro15}
     1	13206536339.9
     2	15579151912.4
     3	17588627423.1
     4	9496607027.35
     5	11395355633.6
     6	13052763702.4
     7	6588157912.54
     8	7968076963.34
     9	9186545847.26

Measurement: freq_ro16
  step	{80/t_ro16}
     1	12195120927.2
     2	14657382538.3
     3	16719758155.6
     4	8612310106.98
     5	10546286594
     6	12242811288.5
     7	5894347366.06
     8	7279797937
     9	8512256029.26

Measurement: freq_ro17
  step	{80/t_ro17}
     1	13579474568.5
     2	15896589217.5
     3	17857181470.2
     4	9858539533.66
     5	11735880033
     6	13374638227.8
     7	6884528695.5
     8	8256723352.47
     9	9467563031.55

Measurement: freq_ro18
  step	{80/t_ro18}
     1	13575406325.8
     2	15903594327.4
     3	17890636865.3
     4	9824964835.28
     5	11719828923
     6	13363844632.5
     7	6867094923.67
     8	8254224532.68
     9	9471607499.6

Measurement: freq_ro19
  step	{80/t_ro19}
     1	12918301242.8
     2	15280911112.5
     3	17306987639
     4	9248896785.2
     5	11142852862.6
     6	12804753717.8
     7	6396030091.32
     8	7766715853.86
     9	8981943204.85

Measurement: freq_ro20
  step	{80/t_ro20}
     1	13346148838.7
     2	15677253868.2
     3	17666533513.9
     4	9674152602.1
     5	11558306467.1
     6	13202119090.6
     7	6748754273.2
     8	8121520363.64
     9	9333296436.9

Measurement: freq_ro21
  step	{80/t_ro21}
     1	13693179289.5
     2	16019342596.8
     3	17992716901.3
     4	9988426627.76
     5	11884545258
     6	13527344657.3
     7	6999581110.95
     8	8392366823.54
     9	9615434952.81

Measurement: freq_ro22
  step	{80/t_ro22}
     1	13365775159
     2	15697690228.1
     3	17712625225.1
     4	9647964640.69
     5	11539725748.5
     6	13189638619.5
     7	6713496910.97
     8	8091790691.37
     9	9307901765.2

Measurement: freq_ro23
  step	{80/t_ro23}
     1	12896448238
     2	15262209488.5
     3	17303947232.1
     4	9231660980.54
     5	11138008079.3
     6	12806966561
     7	6381828879.8
     8	7762014594.45
     9	8983379450.16

Measurement: freq_ro24
  step	{80/t_ro24}
     1	12987061540.9
     2	15365154777.2
     3	17383203368.3
     4	9300728537
     5	11207380649.1
     6	12871462336.2
     7	6436528639.77
     8	7819220780.53
     9	9040495426.9

Measurement: freq_ro25
  step	{80/t_ro25}
     1	12757970195.4
     2	15151512630.6
     3	17241393888.7
     4	9094160358.33
     5	11017059120.5
     6	12697854296
     7	6268210753.48
     8	7655829824.57
     9	8883523147.93

Measurement: freq_ro26
  step	{80/t_ro26}
     1	13689862721.9
     2	15990123298.4
     3	17942118161.7
     4	9994137201.53
     5	11855698024.1
     6	13481393113.5
     7	7010439584.27
     8	8375817130.42
     9	9580267563.7

Measurement: freq_ro27
  step	{80/t_ro27}
     1	12959044716.4
     2	15332419133.2
     3	17348156728.2
     4	9259011295.98
     5	11165277634.1
     6	12833183136.4
     7	6395148236.03
     8	7777745847.05
     9	9000355656.73

Measurement: freq_ro28
  step	{80/t_ro28}
     1	12753677063.8
     2	15318203173.8
     3	17435269666.4
     4	8994089822.86
     5	11078504265.2
     6	12836106322.8
     7	6188757134.82
     8	7702474371.51
     9	8998166960.13

Measurement: freq_ro29
  step	{80/t_ro29}
     1	13176504553.9
     2	15607508725.2
     3	17574223945.8
     4	9495231521.48
     5	11402157653.7
     6	13066773902.7
     7	6594169047.23
     8	7981233725.54
     9	9205153546.86

Measurement: freq_ro30
  step	{80/t_ro30}
     1	12798429750.6
     2	15151515276.6
     3	17241406080.2
     4	9121446694.77
     5	11035253880.8
     6	12708037962
     7	6290441356.8
     8	7674750342.17
     9	8899252784.98

Measurement: freq_ro31
  step	{80/t_ro31}
     1	13180727127.2
     2	15556041283.4
     3	17553174491.6
     4	9493887941.44
     5	11388079839.9
     6	13042137359.5
     7	6590247941.84
     8	7965796117.51
     9	9180474451.84

Measurement: freq_ro32
  step	{80/t_ro32}
     1	13818315535.7
     2	16129031290.4
     3	18106087639.7
     4	10064810945.3
     5	11953899715.1
     6	13591268138.5
     7	7056405581.25
     8	8444118308.87
     9	9659313008.1

Measurement: freq_ro33
  step	{80/t_ro33}
     1	12499994857.3
     2	14951392881.7
     3	17013611915.8
     4	8853728443.48
     5	10793689043.6
     6	12486393724.1
     7	6079407087.43
     8	7475010974.95
     9	8708505458.73

Measurement: freq_ro34
  step	{80/t_ro34}
     1	13430379186.8
     2	15778322444.5
     3	17780147586.2
     4	9716675256.9
     5	11627712612.2
     6	13277238425.2
     7	6776422043.69
     8	8169257325.11
     9	9392966193.43

Measurement: freq_ro35
  step	{80/t_ro35}
     1	12345457335.6
     2	14723187004.7
     3	16772297458.8
     4	8735509638.01
     5	10624677532.3
     6	12291159031.4
     7	5986101672.03
     8	7340140600.84
     9	8549953677.48

Measurement: freq_ro36
  step	{80/t_ro36}
     1	13942382488.9
     2	16214074556.2
     3	18181844031.2
     4	10208973252.3
     5	12079984511.9
     6	13702981373.1
     7	7188083656.32
     8	8564808983.36
     9	9772408448.31

Measurement: freq_ro37
  step	{80/t_ro37}
     1	13590600624.4
     2	15903103242.6
     3	17857137549.2
     4	9879152098.88
     5	11751640974.3
     6	13385115288.7
     7	6906233427.14
     8	8276546394.58
     9	9484661019.19

Measurement: freq_ro38
  step	{80/t_ro38}
     1	13242612444.2
     2	15590957569.4
     3	17583309218.9
     4	9552041338.15
     5	11438193218.6
     6	13087973767
     7	6641701066.77
     8	8013948367.01
     9	9228008211.96

Measurement: freq_ro39
  step	{80/t_ro39}
     1	14384839589.8
     2	16666700622.8
     3	18522835297.5
     4	10636363187.4
     5	12466807786.5
     6	14059595032.4
     7	7532291899.68
     8	8886128957.24
     9	10075471933.5

Measurement: freq_ro40
  step	{80/t_ro40}
     1	13103483077.6
     2	15517976539.8
     3	17553667128.2
     4	9359412721.37
     5	11301234499.4
     6	12985991629.6
     7	6471068826.44
     8	7881853039.69
     9	9121151155.34

Measurement: freq_ro41
  step	{80/t_ro41}
     1	13468075402.2
     2	15811623685
     3	17835539972.3
     4	9728976127.24
     5	11642823323.8
     6	13304656491.9
     7	6779339982.82
     8	8178884544.76
     9	9407096554.37

Measurement: freq_ro42
  step	{80/t_ro42}
     1	13560487020.2
     2	15881210425.6
     3	17857145038.4
     4	9872758843.77
     5	11747072591.1
     6	13386159791.8
     7	6906403652.67
     8	8276434383.16
     9	9487268104.98

Measurement: freq_ro43
  step	{80/t_ro43}
     1	12791623275
     2	15151515631.3
     3	17239909255.7
     4	9127828708.77
     5	11038163929.9
     6	12708137571.1
     7	6298464138.21
     8	7680278379.51
     9	8902487545.82

Measurement: freq_ro44
  step	{80/t_ro44}
     1	13886794962.4
     2	16189518497.8
     3	18158659538.6
     4	10154971912.9
     5	12043503255.3
     6	13672193306.8
     7	7142275342.91
     8	8530629458.93
     9	9740754199.52

Measurement: freq_ro45
  step	{80/t_ro45}
     1	13948454998.7
     2	16277218254.8
     3	18234895251.3
     4	10158096157.2
     5	12049618610.5
     6	13685268618.4
     7	7122635801.09
     8	8513452461.88
     9	9729251802.6

Measurement: freq_ro46
  step	{80/t_ro46}
     1	13140482858.6
     2	15490543269.7
     3	17486048267.4
     4	9461203816.62
     5	11354216177.8
     6	13005796217.8
     7	6574692468.59
     8	7949723766.15
     9	9164933807.5

Measurement: freq_ro47
  step	{80/t_ro47}
     1	13656963624
     2	15982792919.1
     3	17950749079.1
     4	9923762780.4
     5	11804890202.2
     6	13443415805.3
     7	6940715739.56
     8	8317705187.08
     9	9529983358.8

Measurement: freq_ro48
  step	{80/t_ro48}
     1	13736651891.1
     2	16048764636.1
     3	18001388222.3
     4	9999770189.33
     5	11868743715.3
     6	13499355765
     7	6999465590.72
     8	8369205527.66
     9	9576585239

Measurement: freq_ro49
  step	{80/t_ro49}
     1	14262071044.8
     2	16500861891
     3	18427019267.1
     4	10503313635.3
     5	12348434776
     6	13948070239.5
     7	7428853405.3
     8	8792541587.33
     9	9986520671.01

Measurement: freq_ro50
  step	{80/t_ro50}
     1	14260094534
     2	16519098702.4
     3	18455447867.8
     4	10491694581.4
     5	12348998104
     6	13956068001.2
     7	7416947072.03
     8	8790835329.41
     9	9991759044.67

Measurement: freq_ro51
  step	{80/t_ro51}
     1	13157886687.8
     2	15509924581.1
     3	17509821394.4
     4	9480231830.92
     5	11363583262.2
     6	13015839661.4
     7	6582803354.37
     8	7952937792.22
     9	9165756629.52

Measurement: freq_ro52
  step	{80/t_ro52}
     1	13674554598.1
     2	15993106954.3
     3	17957436147.4
     4	9968232147.1
     5	11847502120
     6	13485473093.5
     7	6983874718.45
     8	8361572923.51
     9	9573793081.21

Measurement: freq_ro53
  step	{80/t_ro53}
     1	12499995550.9
     2	14914000352.7
     3	16983032527.8
     4	8825559722.38
     5	10756393978.1
     6	12443441793.6
     7	6054375003.73
     8	7443711424.07
     9	8673042882.96

Measurement: freq_ro54
  step	{80/t_ro54}
     1	13301772968.6
     2	15625036079.8
     3	17629194451.6
     4	9603658378.93
     5	11484481899.2
     6	13128897258
     7	6681931046.58
     8	8052240982.66
     9	9263013884.04

Measurement: freq_ro55
  step	{80/t_ro55}
     1	13192595028.5
     2	15625004034.2
     3	17632927234.7
     4	9491514325
     5	11429632218.8
     6	13109874234
     7	6590796899.05
     8	8002235255.94
     9	9239753075.07

Measurement: freq_ro56
  step	{80/t_ro56}
     1	14571958674
     2	16785278362.2
     3	18705036693.5
     4	10780309790.4
     5	12616481354.4
     6	14208808918.1
     7	7642762274.73
     8	9003654860.86
     9	10195128130

Measurement: freq_ro57
  step	{80/t_ro57}
     1	12642802801.4
     2	15041617248.6
     3	17086756135.6
     4	8984099377.7
     5	10893702688
     6	12568540585.2
     7	6181842219.93
     8	7556878588.29
     9	8777778526.3

Measurement: freq_ro58
  step	{80/t_ro58}
     1	13228175926.2
     2	15567254714
     3	17544096684.1
     4	9552875337.6
     5	11421654132.5
     6	13061534187.7
     7	6640427230.4
     8	7998496839.65
     9	9203507867.64

Measurement: freq_ro59
  step	{80/t_ro59}
     1	13047168634.6
     2	15399487122.6
     3	17414752247.4
     4	9398092241.3
     5	11298089877
     6	12958858488.2
     7	6523719361.05
     8	7905098562.14
     9	9125988184.36

Measurement: freq_ro60
  step	{80/t_ro60}
     1	14447567322.5
     2	16695337605.8
     3	18620705666.1
     4	10668095599.8
     5	12522897026.7
     6	14129188302.6
     7	7555867203.7
     8	8932000589.65
     9	10133952591.3

Measurement: freq_ro61
  step	{80/t_ro61}
     1	11554279143
     2	14143988615.5
     3	16314709739.1
     4	7917407247.43
     5	9957109005.24
     6	11721599594.7
     7	5336856658.44
     8	6782831514.67
     9	8055272832.57

Measurement: freq_ro62
  step	{80/t_ro62}
     1	13888881583.5
     2	16129033398.2
     3	18115020958.7
     4	10192699803.9
     5	12048556171.9
     6	13667235777.3
     7	7176481163.7
     8	8543087021.79
     9	9746365251.04

Measurement: freq_ro63
  step	{80/t_ro63}
     1	13278384332.7
     2	15624988430.5
     3	17666028099.7
     4	9560589418.94
     5	11478096815.3
     6	13140821921.4
     7	6649797296.82
     8	8046599682.03
     9	9271710586.51

Measurement: freq_ro64
  step	{80/t_ro64}
     1	13754297588.4
     2	16072376332.7
     3	18032031182.1
     4	9990742129.86
     5	11869628483
     6	13508493858.9
     7	6991497286.21
     8	8368232527.84
     9	9579315790.59

Measurement: freq_ro65
  step	{80/t_ro65}
     1	14933395679.2
     2	17132555572.8
     3	18989786027.1
     4	11148068190.3
     5	12965355270
     6	14534719054.7
     7	7962618209.28
     8	9318903486.51
     9	10500550983.5

Measurement: freq_ro66
  step	{80/t_ro66}
     1	13471189142.7
     2	15791017015.3
     3	17785998584.1
     4	9751606629.35
     5	11633004752.8
     6	13275572109.2
     7	6800980655.04
     8	8175603593.43
     9	9388085938.44

Measurement: freq_ro67
  step	{80/t_ro67}
     1	13076571209.7
     2	15447485923.4
     3	17464557283.6
     4	9353683292.4
     5	11261701914
     6	12927058624.4
     7	6467985545.58
     8	7851113863.93
     9	9073244026.35

Measurement: freq_ro68
  step	{80/t_ro68}
     1	12802994892.1
     2	15177692361.3
     3	17241385056.1
     4	9099858427.11
     5	11019714399.1
     6	12697499824.6
     7	6267342839.6
     8	7653145605.97
     9	8879189719.55

Measurement: freq_ro69
  step	{80/t_ro69}
     1	13614487689.2
     2	15931723164.6
     3	17912576381.8
     4	9876246051.26
     5	11764849097.4
     6	13404809623.1
     7	6907898227.18
     8	8292480246.58
     9	9507472350.23

Measurement: freq_ro70
  step	{80/t_ro70}
     1	14225534262.5
     2	16539779966.8
     3	18518514445.1
     4	10411921598.4
     5	12320367711.6
     6	13955207356.8
     7	7339315772.03
     8	8752587803.91
     9	9976399672.35

Measurement: freq_ro71
  step	{80/t_ro71}
     1	13689469395.4
     2	16014557351
     3	17953700652.7
     4	9991586969.13
     5	11860239150.9
     6	13488228929.9
     7	7004460504.33
     8	8373627797.64
     9	9579537833.43

Measurement: freq_ro72
  step	{80/t_ro72}
     1	12684563025.1
     2	15088516844.6
     3	17133748312
     4	9064104559.73
     5	10985073910.6
     6	12664926045.1
     7	6256133774.98
     8	7647232534.59
     9	8877739875.69

Measurement: freq_ro73
  step	{80/t_ro73}
     1	13396235590.8
     2	15705105092.9
     3	17689464411.1
     4	9695179906.34
     5	11563743772.9
     6	13199279635.5
     7	6756431697.32
     8	8117739103.46
     9	9322822064.7

Measurement: freq_ro74
  step	{80/t_ro74}
     1	13262365298.4
     2	15624977104.1
     3	17600697671.7
     4	9559618612.36
     5	11454444064.4
     6	13106976890.6
     7	6646698429.76
     8	8026287087.82
     9	9243161409.83

Measurement: freq_ro75
  step	{80/t_ro75}
     1	13513513416.5
     2	15860598171.3
     3	17856518251.3
     4	9773045951.84
     5	11666304104
     6	13311633169.6
     7	6810964853.47
     8	8194184067.28
     9	9409640117.85

Measurement: freq_ro76
  step	{80/t_ro76}
     1	13277666854.5
     2	15625008177
     3	17592664653.5
     4	9611703665.93
     5	11481855806
     6	13121110144.1
     7	6693408672.09
     8	8056446769.87
     9	9262649378.89

Measurement: freq_ro77
  step	{80/t_ro77}
     1	14052938632.1
     2	16317407956.1
     3	18255518360
     4	10316280139.6
     5	12163675031.1
     6	13774603588.3
     7	7265919788.64
     8	8625692814.45
     9	9823394065.22

Measurement: freq_ro78
  step	{80/t_ro78}
     1	12500025854.7
     2	14900633755.3
     3	16949341856
     4	8900515865.23
     5	10795056638.4
     6	12463414895.7
     7	6118365405.5
     8	7481518856.93
     9	8696000717.29

Measurement: freq_ro79
  step	{80/t_ro79}
     1	12444961142.8
     2	14886710145.2
     3	16976833546.2
     4	8737579247.71
     5	10691718891
     6	12396670824.8
     7	5971169076.96
     8	7374409169.74
     9	8615323621.65

Measurement: freq_ro80
  step	{80/t_ro80}
     1	13053290379
     2	15445791074.5
     3	17464732751
     4	9324639481.96
     5	11246125679.1
     6	12916917435.3
     7	6455156262.44
     8	7849993744.21
     9	9077900985.53

Measurement: freq_ro81
  step	{80/t_ro81}
     1	12925913107.8
     2	15321418299.7
     3	17360617633
     4	9250343499.22
     5	11170729189.8
     6	12845304268.6
     7	6392086279.25
     8	7781566270.31
     9	9009649874.17

Measurement: freq_ro82
  step	{80/t_ro82}
     1	14055896797.4
     2	16318620577.1
     3	18256028475.9
     4	10335035808.7
     5	12184854018.8
     6	13792677436.3
     7	7288760447.18
     8	8651018331.83
     9	9849341327.64

Measurement: freq_ro83
  step	{80/t_ro83}
     1	12686359595.1
     2	15151515195.3
     3	17241396790.5
     4	8976582267.1
     5	10918646034.8
     6	12609355874.4
     7	6169644481.69
     8	7570529049.94
     9	8805985130.86

Measurement: freq_ro84
  step	{80/t_ro84}
     1	13879375613
     2	16129075561.2
     3	18094795825.3
     4	10168864399.5
     5	12029307304.2
     6	13648426289.3
     7	7152261771.08
     8	8519415882.24
     9	9721107152.73

Measurement: freq_ro85
  step	{80/t_ro85}
     1	13418172299
     2	15749686003.4
     3	17734525452.7
     4	9694634928.38
     5	11577913396.8
     6	13219633906.8
     7	6753952809.68
     8	8128151275.77
     9	9340269463.71

Measurement: freq_ro86
  step	{80/t_ro86}
     1	13474851703.5
     2	15791318320
     3	17794653628.2
     4	9747943819.39
     5	11632281915.8
     6	13273756704.8
     7	6797667240.63
     8	8174805416.82
     9	9387253396.07

Measurement: freq_ro87
  step	{80/t_ro87}
     1	14108619595.7
     2	16395882661.3
     3	18343653879.7
     4	10337091806.4
     5	12214636413
     6	13838976633
     7	7279783520.31
     8	8665745400.45
     9	9875984337.03

Measurement: freq_ro88
  step	{80/t_ro88}
     1	13426113692.9
     2	15773984293.6
     3	17783304510.2
     4	9686778956.62
     5	11591789252.2
     6	13246109906.8
     7	6743190410.26
     8	8133175768.72
     9	9354106021.99

Measurement: freq_ro89
  step	{80/t_ro89}
     1	13262893864
     2	15624993031.7
     3	17614078242.9
     4	9549074915.43
     5	11440110475.2
     6	13093059402
     7	6629480251.96
     8	8004450696.96
     9	9220028774.64

Measurement: freq_ro90
  step	{80/t_ro90}
     1	13130348452.5
     2	15458773182.3
     3	17456773793.5
     4	9450499083.09
     5	11326036377.3
     6	12970404433.4
     7	6561530259.58
     8	7922395514.65
     9	9129391896.39

Measurement: freq_ro91
  step	{80/t_ro91}
     1	13418790936.1
     2	15710538611.1
     3	17715533715.6
     4	9752020629.29
     5	11623807332.9
     6	13261299935.1
     7	6811489807.34
     8	8176455083.25
     9	9384066024.4

Measurement: freq_ro92
  step	{80/t_ro92}
     1	13410512374.6
     2	15721846519.8
     3	17718601304.7
     4	9705740412.87
     5	11582353906.3
     6	13222257895.1
     7	6764750636.21
     8	8133763791.1
     9	9343641607.78

Measurement: freq_ro93
  step	{80/t_ro93}
     1	13258438087.2
     2	15624993035.9
     3	17603648521.9
     4	9577482897.59
     5	11465901953
     6	13113691444
     7	6665244987.14
     8	8039944092.75
     9	9251541933.14

Measurement: freq_ro94
  step	{80/t_ro94}
     1	12460383876.2
     2	14873905349.3
     3	16942105517.5
     4	8796819184.54
     5	10730500499.1
     6	12419831484.7
     7	6029967944.05
     8	7422143126.84
     9	8653663640.53

Measurement: freq_ro95
  step	{80/t_ro95}
     1	13513514439.4
     2	15827061008.2
     3	17828455654.4
     4	9781772059.28
     5	11656351594.8
     6	13294865796.7
     7	6821907935.61
     8	8190419689.24
     9	9399043402.39

Measurement: freq_ro96
  step	{80/t_ro96}
     1	12304729111.2
     2	14705852143.2
     3	16821864586.2
     4	8651578567.05
     5	10588357411
     6	12284803067.4
     7	5910246477.78
     8	7296879441.72
     9	8527570988.86

Measurement: freq_ro97
  step	{80/t_ro97}
     1	13203223205.6
     2	15527391096.2
     3	17519675333.5
     4	9544612591.96
     5	11415039946
     6	13056701705.6
     7	6642116668.72
     8	8002975461.59
     9	9210186771.44

Measurement: freq_ro98
  step	{80/t_ro98}
     1	12665602201.9
     2	15037053687.2
     3	17073164035.1
     4	9046980101.44
     5	10935776178.6
     6	12600240275.4
     7	6240140095.58
     8	7601699904.71
     9	8815007357.85

Measurement: freq_ro99
  step	{80/t_ro99}
     1	13502160263
     2	15877724931.5
     3	17857250415.8
     4	9724705285.23
     5	11657428072.7
     6	13327811827.1
     7	6770997641.14
     8	8184117466.74
     9	9419322915.46

Measurement: freq_ro100
  step	{80/t_ro100}
     1	13513514279.3
     2	15834374875.8
     3	17831579088
     4	9840166517.01
     5	11722815651.3
     6	13361684968.5
     7	6887073876.96
     8	8267457264.18
     9	9481577105.07

Measurement: freq_ro101
  step	{80/t_ro101}
     1	13258684039.9
     2	15623400759.7
     3	17591878487
     4	9566891716.5
     5	11447726208.9
     6	13093782606.3
     7	6654175358.2
     8	8022077204.01
     9	9231943206.26

Measurement: freq_ro102
  step	{80/t_ro102}
     1	12444438651.9
     2	14834890213
     3	16878721468.5
     4	8814317978.71
     5	10718101688.2
     6	12391447975.6
     7	6047358351.4
     8	7416204007.74
     9	8634011673.4

Measurement: freq_ro103
  step	{80/t_ro103}
     1	13398825850.7
     2	15733286351.7
     3	17740234516.1
     4	9681397582.66
     5	11576246688
     6	13229702568.9
     7	6739966586.52
     8	8120523888.44
     9	9339551023.16

Measurement: freq_ro104
  step	{80/t_ro104}
     1	12581236439.8
     2	14973346099.7
     3	17016779795.6
     4	8931682344.91
     5	10834554364.8
     6	12505808867.7
     7	6140875595.65
     8	7510605046.21
     9	8728680897.45

Measurement: freq_ro105
  step	{80/t_ro105}
     1	12252270388.5
     2	14668100792
     3	16743999526.6
     4	8664676581.77
     5	10584764058.5
     6	12270646457.5
     7	5939865487.25
     8	7317711563.99
     9	8543314766.36

Measurement: freq_ro106
  step	{80/t_ro106}
     1	13527090415
     2	15853365730
     3	17848937555.1
     4	9829200111.85
     5	11713145277.4
     6	13354481459.5
     7	6866891096.46
     8	8245070243.02
     9	9458564436.26

Measurement: freq_ro107
  step	{80/t_ro107}
     1	13667768343.6
     2	16017838244.6
     3	17977311235.5
     4	9927120173.31
     5	11824371312.5
     6	13469052270.8
     7	6941902093.43
     8	8333417164.03
     9	9551621970.37

Measurement: freq_ro108
  step	{80/t_ro108}
     1	13513511383.5
     2	15848858124.6
     3	17847624299.1
     4	9742154608.62
     5	11644129463.9
     6	13295148746.9
     7	6788900095.77
     8	8178430630.47
     9	9398404788.66

Measurement: freq_ro109
  step	{80/t_ro109}
     1	13638028624.7
     2	15941936394.2
     3	17912593441.9
     4	9920095874.64
     5	11794207615.3
     6	13426866715.6
     7	6942896053.84
     8	8315724522.1
     9	9524049036.32

Measurement: freq_ro110
  step	{80/t_ro110}
     1	13091430645.2
     2	15456217977.2
     3	17467411747.9
     4	9389291105.76
     5	11286699032
     6	12945630216.7
     7	6505263367.99
     8	7882885374.06
     9	9101238638.09

Measurement: freq_ro111
  step	{80/t_ro111}
     1	13141076452.6
     2	15618314036.8
     3	17590126632.3
     4	9414221930.75
     5	11363955068
     6	13053891504.2
     7	6525425701.64
     8	7946554239.98
     9	9189929488.87

Measurement: freq_ro112
  step	{80/t_ro112}
     1	13233148540.8
     2	15624971641.2
     3	17644326923.2
     4	9490934781.25
     5	11418850914.5
     6	13090567768.8
     7	6579879808.1
     8	7984314626.97
     9	9216539804.45

Measurement: freq_ro113
  step	{80/t_ro113}
     1	13698333341.3
     2	16021173629.4
     3	17974453813.4
     4	9948885167.4
     5	11836343102.9
     6	13474948882.6
     7	6958534164.53
     8	8341782399.67
     9	9556002915.26

Measurement: freq_ro114
  step	{80/t_ro114}
     1	13295160828.7
     2	15624740452.6
     3	17604940744.4
     4	9603428217.07
     5	11472624257.9
     6	13112052297.3
     7	6680616268.41
     8	8040321058.32
     9	9245908602.8

Measurement: freq_ro115
  step	{80/t_ro115}
     1	13803444736.2
     2	16102257842.6
     3	18042580131.9
     4	10084254246.4
     5	11951693305.7
     6	13578072261.8
     7	7079663297.38
     8	8451306799.19
     9	9658195708.05

Measurement: freq_ro116
  step	{80/t_ro116}
     1	12430970398.8
     2	14826180534.6
     3	16894725230.9
     4	8771714736.72
     5	10686063623.8
     6	12367616256.5
     7	6008521482.61
     8	7381869000.78
     9	8603500790.99

Measurement: freq_ro117
  step	{80/t_ro117}
     1	13630228594
     2	15942926186.6
     3	17884666953.3
     4	9940134225.49
     5	11800705768.3
     6	13425596819.8
     7	6964308540.87
     8	8325717479.72
     9	9527063060.58

Measurement: freq_ro118
  step	{80/t_ro118}
     1	13211468321.5
     2	15571524556.6
     3	17594035852
     4	9501058203.37
     5	11401469116.2
     6	13061270556.3
     7	6592152887.39
     8	7974419500.55
     9	9194999779.78

Measurement: freq_ro119
  step	{80/t_ro119}
     1	13365966348.5
     2	15670968076.9
     3	17689506357.8
     4	9660116301.03
     5	11547124096.3
     6	13191111906.9
     7	6734151405.11
     8	8111140352.81
     9	9324133410.57

Measurement: freq_ro120
  step	{80/t_ro120}
     1	14242087002.4
     2	16481698883.7
     3	18405415080
     4	10515389225.8
     5	12358563285.1
     6	13960610800.6
     7	7440964293.88
     8	8803792139.38
     9	9999392631.47

Measurement: freq_ro121
  step	{80/t_ro121}
     1	13491213200.1
     2	15799869997.1
     3	17783490610.9
     4	9773931856.21
     5	11650979302.4
     6	13290215996.1
     7	6830488396.24
     8	8203991974.94
     9	9411669159.67

Measurement: freq_ro122
  step	{80/t_ro122}
     1	12987006132.3
     2	15350344358.6
     3	17376188713.6
     4	9297858030.73
     5	11203152317.5
     6	12866075220.9
     7	6435120616.21
     8	7816710135.94
     9	9037590885

Measurement: freq_ro123
  step	{80/t_ro123}
     1	13556675507.8
     2	15907776715.9
     3	17877470626.1
     4	9897446814.97
     5	11801001056.8
     6	13445324829.3
     7	6936882093.05
     8	8333346710.06
     9	9551189603.2

Measurement: freq_ro124
  step	{80/t_ro124}
     1	12657573011.1
     2	15050081773.4
     3	17095925090.1
     4	9000862076.28
     5	10912209239.4
     6	12587038063.2
     7	6196502265.13
     8	7575310656.85
     9	8797771385.56

Measurement: freq_ro125
  step	{80/t_ro125}
     1	14141704432.2
     2	16393847851.9
     3	18334796357.8
     4	10426352060.7
     5	12276522600.7
     6	13888640762.7
     7	7367546654.32
     8	8733841934.85
     9	9933303949.68

Measurement: freq_ro126
  step	{80/t_ro126}
     1	13903637506.4
     2	16200552622.7
     3	18160838730.1
     4	10206574900.2
     5	12064124408.6
     6	13680732844
     7	7182653049.91
     8	8548719660.54
     9	9750254123.55

Measurement: freq_ro127
  step	{80/t_ro127}
     1	12168282616.3
     2	14705878765
     3	16785829212.9
     4	8484542349.66
     5	10476596323.9
     6	12208741348.7
     7	5768546259.57
     8	7192634906.11
     9	8449907944.85

Measurement: edge100_ro0
  step	V(ro0_out)={VTHRESH} 
     1	7.38184895316e-09
     2	6.30029017989e-09
     3	5.5940308227e-09
     4	1.0180484211e-08
     5	8.54070804918e-09
     6	7.48740966511e-09
     7	1.45874685104e-08
     8	1.21510876644e-08
     9	1.05893572319e-08

Measurement: edge100_ro1
  step	V(ro1_out)={VTHRESH} 
     1	7.50162150627e-09
     2	6.35459708103e-09
     3	5.63750265811e-09
     4	1.04139654736e-08
     5	8.67609550657e-09
     6	7.57598223288e-09
     7	1.49794617242e-08
     8	1.23788282333e-08
     9	1.07385796635e-08

Measurement: edge100_ro2
  step	V(ro2_out)={VTHRESH} 
     1	7.91661877903e-09
     2	6.63738033671e-09
     3	5.83183482754e-09
     4	1.10908484164e-08
     5	9.12938033118e-09
     6	7.90400505943e-09
     7	1.60927964368e-08
     8	1.31384235824e-08
     9	1.12999820965e-08

Measurement: edge100_ro3
  step	V(ro3_out)={VTHRESH} 
     1	7.88190078254e-09
     2	6.60765687399e-09
     3	5.8074236476e-09
     4	1.10992007419e-08
     5	9.11775141788e-09
     6	7.88979260358e-09
     7	1.61418792372e-08
     8	1.31437590294e-08
     9	1.12935377626e-08

Measurement: edge100_ro4
  step	V(ro4_out)={VTHRESH} 
     1	7.40025732225e-09
     2	6.30431645052e-09
     3	5.59439339942e-09
     4	1.02229263763e-08
     5	8.55504190277e-09
     6	7.4918640931e-09
     7	1.46535654459e-08
     8	1.21706442424e-08
     9	1.05922012996e-08

Measurement: edge100_ro5
  step	V(ro5_out)={VTHRESH} 
     1	7.03359482018e-09
     2	6.05759225921e-09
     3	5.41240178211e-09
     4	9.5408188904e-09
     5	8.08853633121e-09
     6	7.1412120032e-09
     7	1.35049465079e-08
     8	1.13726913447e-08
     9	9.98853152683e-09

Measurement: edge100_ro6
  step	V(ro6_out)={VTHRESH} 
     1	7.40949845098e-09
     2	6.30693945357e-09
     3	5.58563065905e-09
     4	1.02752063135e-08
     5	8.58330920559e-09
     6	7.5071068665e-09
     7	1.47677971086e-08
     8	1.22391880181e-08
     9	1.06351327349e-08

Measurement: edge100_ro7
  step	V(ro7_out)={VTHRESH} 
     1	7.67689040968e-09
     2	6.47801471989e-09
     3	5.71980076369e-09
     4	1.07226522552e-08
     5	8.88590995579e-09
     6	7.72802795643e-09
     7	1.55125309948e-08
     8	1.27545584166e-08
     9	1.10210159121e-08

Measurement: edge100_ro8
  step	V(ro8_out)={VTHRESH} 
     1	7.67483098109e-09
     2	6.4651640483e-09
     3	5.70517534501e-09
     4	1.0790256711e-08
     5	8.90817490515e-09
     6	7.73548148769e-09
     7	1.56369720934e-08
     8	1.2799842224e-08
     9	1.10404309641e-08

Measurement: edge100_ro9
  step	V(ro9_out)={VTHRESH} 
     1	7.75221759706e-09
     2	6.54641163231e-09
     3	5.76437248793e-09
     4	1.08481318215e-08
     5	8.98260936205e-09
     6	7.80431878582e-09
     7	1.57139868604e-08
     8	1.29099239961e-08
     9	1.11432109424e-08

Measurement: edge100_ro10
  step	V(ro10_out)={VTHRESH} 
     1	7.60147263027e-09
     2	6.43775148002e-09
     3	5.69637720779e-09
     4	1.06103596115e-08
     5	8.82637668129e-09
     6	7.69251110261e-09
     7	1.53291441047e-08
     8	1.26537786811e-08
     9	1.09571793791e-08

Measurement: edge100_ro11
  step	V(ro11_out)={VTHRESH} 
     1	7.71929483547e-09
     2	6.50946681845e-09
     3	5.74766416159e-09
     4	1.07491219256e-08
     5	8.90000740143e-09
     6	7.73189266026e-09
     7	1.55216045531e-08
     8	1.27493603231e-08
     9	1.10112656453e-08

Measurement: edge100_ro12
  step	V(ro12_out)={VTHRESH} 
     1	7.46775288756e-09
     2	6.34780120346e-09
     3	5.62481663562e-09
     4	1.03604507379e-08
     5	8.65194903996e-09
     6	7.56073840036e-09
     7	1.4915045778e-08
     8	1.23609847899e-08
     9	1.07340465464e-08

Measurement: edge100_ro13
  step	V(ro13_out)={VTHRESH} 
     1	7.57644099246e-09
     2	6.41442105382e-09
     3	5.67265528806e-09
     4	1.05784456621e-08
     5	8.78858270663e-09
     6	7.65762137331e-09
     7	1.52802605796e-08
     8	1.25925423605e-08
     9	1.0898965256e-08

Measurement: edge100_ro14
  step	V(ro14_out)={VTHRESH} 
     1	7.69063951801e-09
     2	6.47000907794e-09
     3	5.70826651402e-09
     4	1.07915205583e-08
     5	8.90148747213e-09
     6	7.72907516301e-09
     7	1.5636673889e-08
     8	1.27887380262e-08
     9	1.10265259201e-08

Measurement: edge100_ro15
  step	V(ro15_out)={VTHRESH} 
     1	7.51640802815e-09
     2	6.36898676048e-09
     3	5.63987809364e-09
     4	1.04537734839e-08
     5	8.70884654543e-09
     6	7.60101266152e-09
     7	1.5069884859e-08
     8	1.24559996341e-08
     9	1.08012721721e-08

Measurement: edge100_ro16
  step	V(ro16_out)={VTHRESH} 
     1	8.13903481811e-09
     2	6.76942936019e-09
     3	5.93349816861e-09
     4	1.15281897139e-08
     5	9.41039811535e-09
     6	8.10475942278e-09
     7	1.68496151082e-08
     8	1.36357472578e-08
     9	1.16587559982e-08

Measurement: edge100_ro17
  step	V(ro17_out)={VTHRESH} 
     1	7.30275885462e-09
     2	6.23668499612e-09
     3	5.55082222137e-09
     4	1.00589827547e-08
     5	8.44773517876e-09
     6	7.41154522026e-09
     7	1.44035685533e-08
     8	1.20069479917e-08
     9	1.04697940797e-08

Measurement: edge100_ro18
  step	V(ro18_out)={VTHRESH} 
     1	7.30502591615e-09
     2	6.23513525677e-09
     3	5.54215035392e-09
     4	1.0093592593e-08
     5	8.46089407587e-09
     6	7.41961172146e-09
     7	1.44408023962e-08
     8	1.20129314061e-08
     9	1.04683991992e-08

Measurement: edge100_ro19
  step	V(ro19_out)={VTHRESH} 
     1	7.67649960247e-09
     2	6.48764606854e-09
     3	5.72733681306e-09
     4	1.0721993474e-08
     5	8.89689204326e-09
     6	7.74098070994e-09
     7	1.55034988716e-08
     8	1.27638116672e-08
     9	1.10350331334e-08

Measurement: edge100_ro20
  step	V(ro20_out)={VTHRESH} 
     1	7.42947419582e-09
     2	6.32330064148e-09
     3	5.61101979025e-09
     4	1.02491224551e-08
     5	8.57644184043e-09
     6	7.50774052407e-09
     7	1.46909879211e-08
     8	1.2205056687e-08
     9	1.06193206719e-08

Measurement: edge100_ro21
  step	V(ro21_out)={VTHRESH} 
     1	7.23596366877e-09
     2	6.18426817474e-09
     3	5.5056244698e-09
     4	9.91927271359e-09
     5	8.33546735963e-09
     6	7.32234718194e-09
     7	1.41536892688e-08
     8	1.18029980117e-08
     9	1.03008116253e-08

Measurement: edge100_ro22
  step	V(ro22_out)={VTHRESH} 
     1	7.4254936747e-09
     2	6.32068313234e-09
     3	5.60019364285e-09
     4	1.02884993921e-08
     5	8.59961252712e-09
     6	7.52237745875e-09
     7	1.47867928126e-08
     8	1.22653764696e-08
     9	1.06611119463e-08

Measurement: edge100_ro23
  step	V(ro23_out)={VTHRESH} 
     1	7.69223328993e-09
     2	6.49817707548e-09
     3	5.73109224491e-09
     4	1.07465568413e-08
     5	8.9049688299e-09
     6	7.74368309429e-09
     7	1.55455034501e-08
     8	1.27782249763e-08
     9	1.10395626041e-08

Measurement: edge100_ro24
  step	V(ro24_out)={VTHRESH} 
     1	7.65103255323e-09
     2	6.46309888461e-09
     3	5.71030401749e-09
     4	1.0685960278e-08
     5	8.86353763886e-09
     6	7.71494755826e-09
     7	1.54424080707e-08
     8	1.27057425116e-08
     9	1.09861168901e-08

Measurement: edge100_ro25
  step	V(ro25_out)={VTHRESH} 
     1	7.77452049289e-09
     2	6.54466404921e-09
     3	5.75088456071e-09
     4	1.09071371118e-08
     5	9.00104168909e-09
     6	7.80822900025e-09
     7	1.5823966817e-08
     8	1.29528826568e-08
     9	1.11608924885e-08

Measurement: edge100_ro26
  step	V(ro26_out)={VTHRESH} 
     1	7.24719193863e-09
     2	6.20239592981e-09
     3	5.52668449855e-09
     4	9.92845806085e-09
     5	8.36652467106e-09
     6	7.35631925817e-09
     7	1.41543548426e-08
     8	1.18432967637e-08
     9	1.03527428871e-08

Measurement: edge100_ro27
  step	V(ro27_out)={VTHRESH} 
     1	7.64812250206e-09
     2	6.46311073549e-09
     3	5.71158367422e-09
     4	1.07034663256e-08
     5	8.87426764608e-09
     6	7.72027160973e-09
     7	1.54927432066e-08
     8	1.27377992269e-08
     9	1.10069192914e-08

Measurement: edge100_ro28
  step	V(ro28_out)={VTHRESH} 
     1	7.77918898014e-09
     2	6.4750783335e-09
     3	5.68751193444e-09
     4	1.10319154674e-08
     5	8.95382968758e-09
     6	7.72612419254e-09
     7	1.60328605334e-08
     8	1.28788726827e-08
     9	1.10223419601e-08

Measurement: edge100_ro29
  step	V(ro29_out)={VTHRESH} 
     1	7.53039510232e-09
     2	6.35579069536e-09
     3	5.64383739624e-09
     4	1.04515842114e-08
     5	8.70181637029e-09
     6	7.5920224686e-09
     7	1.50506997005e-08
     8	1.24328117567e-08
     9	1.07784320761e-08

Measurement: edge100_ro30
  step	V(ro30_out)={VTHRESH} 
     1	7.74948212973e-09
     2	6.54266510354e-09
     3	5.7483178892e-09
     4	1.08739531073e-08
     5	8.98455440919e-09
     6	7.79956545669e-09
     7	1.57671835643e-08
     8	1.29187039982e-08
     9	1.11381682827e-08

Measurement: edge100_ro31
  step	V(ro31_out)={VTHRESH} 
     1	7.52996479854e-09
     2	6.37942238741e-09
     3	5.65279359203e-09
     4	1.04555524855e-08
     5	8.71567780825e-09
     6	7.60950521151e-09
     7	1.50637856807e-08
     8	1.24615458978e-08
     9	1.08120687231e-08

Measurement: edge100_ro32
  step	V(ro32_out)={VTHRESH} 
     1	7.18177771762e-09
     2	6.15253230445e-09
     3	5.48048755609e-09
     4	9.8614818266e-09
     5	8.3020166334e-09
     6	7.30155891152e-09
     7	1.40671428e-08
     8	1.1753741503e-08
     9	1.02745057e-08

Measurement: edge100_ro33
  step	V(ro33_out)={VTHRESH} 
     1	7.94041271619e-09
     2	6.63723070288e-09
     3	5.83256064782e-09
     4	1.12115706484e-08
     5	9.19528833651e-09
     6	7.94809171521e-09
     7	1.6329029229e-08
     8	1.32787987787e-08
     9	1.13972681756e-08

Measurement: edge100_ro34
  step	V(ro34_out)={VTHRESH} 
     1	7.38223691207e-09
     2	6.28180800657e-09
     3	5.57350697859e-09
     4	1.02037490053e-08
     5	8.52514338939e-09
     6	7.46387558458e-09
     7	1.46304135488e-08
     8	1.21325454952e-08
     9	1.05499942135e-08

Measurement: edge100_ro35
  step	V(ro35_out)={VTHRESH} 
     1	8.03540658604e-09
     2	6.73338661212e-09
     3	5.9090627986e-09
     4	1.13558862407e-08
     5	9.33104186965e-09
     6	8.06356404284e-09
     7	1.65699216118e-08
     8	1.35059313673e-08
     9	1.15915210476e-08

Measurement: edge100_ro36
  step	V(ro36_out)={VTHRESH} 
     1	7.1144051032e-09
     2	6.11659970755e-09
     3	5.45394804431e-09
     4	9.71647403212e-09
     5	8.21049531969e-09
     6	7.23741963899e-09
     7	1.38002147981e-08
     8	1.15805169326e-08
     9	1.01488812793e-08

Measurement: edge100_ro37
  step	V(ro37_out)={VTHRESH} 
     1	7.29418827944e-09
     2	6.23193040147e-09
     3	5.54916260577e-09
     4	1.00343714229e-08
     5	8.43333187232e-09
     6	7.40306070137e-09
     7	1.4353113846e-08
     8	1.19738662612e-08
     9	1.04471284382e-08

Measurement: edge100_ro38
  step	V(ro38_out)={VTHRESH} 
     1	7.5017719559e-09
     2	6.37002372238e-09
     3	5.64694459734e-09
     4	1.04025081937e-08
     5	8.68406018678e-09
     6	7.58789050884e-09
     7	1.49625117141e-08
     8	1.23962343039e-08
     9	1.07632653258e-08

Measurement: edge100_ro39
  step	V(ro39_out)={VTHRESH} 
     1	6.89725611422e-09
     2	5.95247416032e-09
     3	5.35460770797e-09
     4	9.32883850742e-09
     5	7.95769905887e-09
     6	7.05523475708e-09
     7	1.31739167808e-08
     8	1.1165106907e-08
     9	9.84597196847e-09

Measurement: edge100_ro40
  step	V(ro40_out)={VTHRESH} 
     1	7.57284859449e-09
     2	6.39252404442e-09
     3	5.64980496417e-09
     4	1.06035459191e-08
     5	8.77871636928e-09
     6	7.63812107638e-09
     7	1.53372631106e-08
     8	1.25882760981e-08
     9	1.08756619452e-08

Measurement: edge100_ro41
  step	V(ro41_out)={VTHRESH} 
     1	7.36837213206e-09
     2	6.27456448473e-09
     3	5.56105206726e-09
     4	1.02013469389e-08
     5	8.52261457342e-09
     6	7.45686147803e-09
     7	1.46413264586e-08
     8	1.21337534728e-08
     9	1.05480991884e-08

Measurement: edge100_ro42
  step	V(ro42_out)={VTHRESH} 
     1	7.31568692032e-09
     2	6.24534137721e-09
     3	5.55302969977e-09
     4	1.00500382155e-08
     5	8.44477723151e-09
     6	7.40942645275e-09
     7	1.43678963009e-08
     8	1.19876670887e-08
     9	1.04563862523e-08

Measurement: edge100_ro43
  step	V(ro43_out)={VTHRESH} 
     1	7.74810552655e-09
     2	6.53837125838e-09
     3	5.74800207909e-09
     4	1.08560335367e-08
     5	8.97564648085e-09
     6	7.79525314876e-09
     7	1.57302730209e-08
     8	1.28985249454e-08
     9	1.11265445749e-08

Measurement: edge100_ro44
  step	V(ro44_out)={VTHRESH} 
     1	7.14623534404e-09
     2	6.12879751758e-09
     3	5.4636633854e-09
     4	9.77386037859e-09
     5	8.2404019548e-09
     6	7.25788419345e-09
     7	1.38982673016e-08
     8	1.1635430428e-08
     9	1.01891307013e-08

Measurement: edge100_ro45
  step	V(ro45_out)={VTHRESH} 
     1	7.1126345113e-09
     2	6.0939292025e-09
     3	5.43858549667e-09
     4	9.76748469217e-09
     5	8.2323497662e-09
     6	7.24721158758e-09
     7	1.39304812592e-08
     8	1.16522250898e-08
     9	1.01944864394e-08

Measurement: edge100_ro46
  step	V(ro46_out)={VTHRESH} 
     1	7.54499945122e-09
     2	6.39896312323e-09
     3	5.66771753937e-09
     4	1.04790740048e-08
     5	8.72956992504e-09
     6	7.62007097954e-09
     7	1.50788342447e-08
     8	1.24678606756e-08
     9	1.08131413401e-08

Measurement: edge100_ro47
  step	V(ro47_out)={VTHRESH} 
     1	7.26765719055e-09
     2	6.20833264585e-09
     3	5.52612342624e-09
     4	1.00038377293e-08
     5	8.40731434262e-09
     6	7.38082575827e-09
     7	1.43056387322e-08
     8	1.19343212422e-08
     9	1.04142531332e-08

Measurement: edge100_ro48
  step	V(ro48_out)={VTHRESH} 
     1	7.21768459938e-09
     2	6.17667680163e-09
     3	5.50635819989e-09
     4	9.91508922638e-09
     5	8.35188458946e-09
     6	7.34236400869e-09
     7	1.41640100782e-08
     8	1.18437382399e-08
     9	1.03495581838e-08

Measurement: edge100_ro49
  step	V(ro49_out)={VTHRESH} 
     1	6.95380166122e-09
     2	6.00922816024e-09
     3	5.38117338424e-09
     4	9.44266822278e-09
     5	8.03017137664e-09
     6	7.10885992365e-09
     7	1.33503814007e-08
     8	1.12775289718e-08
     9	9.9285933656e-09

Measurement: edge100_ro50
  step	V(ro50_out)={VTHRESH} 
     1	6.95065919664e-09
     2	5.99934265238e-09
     3	5.36960042518e-09
     4	9.44620575875e-09
     5	8.02465057763e-09
     6	7.10046771964e-09
     7	1.3359746215e-08
     8	1.12711550887e-08
     9	9.91647733752e-09

Measurement: edge100_ro51
  step	V(ro51_out)={VTHRESH} 
     1	7.53712894605e-09
     2	6.39324486798e-09
     3	5.66204513245e-09
     4	1.04623900745e-08
     5	8.72648047374e-09
     6	7.61702770914e-09
     7	1.5067071711e-08
     8	1.24681897306e-08
     9	1.08166104527e-08

Measurement: edge100_ro52
  step	V(ro52_out)={VTHRESH} 
     1	7.25571003418e-09
     2	6.20281833236e-09
     3	5.52304494147e-09
     4	9.95442106346e-09
     5	8.37420193346e-09
     6	7.3558870058e-09
     7	1.42084078536e-08
     8	1.1865967477e-08
     9	1.03623499413e-08

Measurement: edge100_ro53
  step	V(ro53_out)={VTHRESH} 
     1	7.93926814677e-09
     2	6.65219651722e-09
     3	5.84100111848e-09
     4	1.12455117049e-08
     5	9.2244601589e-09
     6	7.97289257002e-09
     7	1.63929310671e-08
     8	1.33301570671e-08
     9	1.14395777599e-08

Measurement: edge100_ro54
  step	V(ro54_out)={VTHRESH} 
     1	7.45702105838e-09
     2	6.34486459084e-09
     3	5.62288582552e-09
     4	1.03292214126e-08
     5	8.63390513831e-09
     6	7.55055535522e-09
     7	1.48456018949e-08
     8	1.23141535761e-08
     9	1.07017593984e-08

Measurement: edge100_ro55
  step	V(ro55_out)={VTHRESH} 
     1	7.51574026797e-09
     2	6.34420576328e-09
     3	5.62131049098e-09
     4	1.04462727728e-08
     5	8.67302780797e-09
     6	7.56055574928e-09
     7	1.50428803722e-08
     8	1.23872136208e-08
     9	1.07268601588e-08

Measurement: edge100_ro56
  step	V(ro56_out)={VTHRESH} 
     1	6.80632929392e-09
     2	5.90727120357e-09
     3	5.30015691888e-09
     4	9.20076804642e-09
     5	7.85979152271e-09
     6	6.97776337048e-09
     7	1.29780747525e-08
     8	1.10139493027e-08
     9	9.72520740582e-09

Measurement: edge100_ro57
  step	V(ro57_out)={VTHRESH} 
     1	7.84681415298e-09
     2	6.59268421678e-09
     3	5.80206781482e-09
     4	1.10428159918e-08
     5	9.10400131044e-09
     6	7.88859000928e-09
     7	1.60483442544e-08
     8	1.3124137662e-08
     9	1.1295782261e-08

Measurement: edge100_ro58
  step	V(ro58_out)={VTHRESH} 
     1	7.49830124832e-09
     2	6.36891440004e-09
     3	5.64989547252e-09
     4	1.0383770991e-08
     5	8.6811841171e-09
     6	7.58926442193e-09
     7	1.4937663441e-08
     8	1.23965082304e-08
     9	1.07706530048e-08

Measurement: edge100_ro59
  step	V(ro59_out)={VTHRESH} 
     1	7.59558794034e-09
     2	6.4338928794e-09
     3	5.68863520915e-09
     4	1.05443494502e-08
     5	8.76914472323e-09
     6	7.64440900294e-09
     7	1.51890210778e-08
     8	1.25323248348e-08
     9	1.08544486856e-08

Measurement: edge100_ro60
  step	V(ro60_out)={VTHRESH} 
     1	6.86811745235e-09
     2	5.9421457018e-09
     3	5.32760766983e-09
     4	9.30265374778e-09
     5	7.92326436731e-09
     6	7.02212992866e-09
     7	1.31355645438e-08
     8	1.11101107013e-08
     9	9.79170001932e-09

Measurement: edge100_ro61
  step	V(ro61_out)={VTHRESH} 
     1	8.58603729236e-09
     2	7.01197172719e-09
     3	6.07802638673e-09
     4	1.25298906484e-08
     5	9.96093287152e-09
     6	8.45984404137e-09
     7	1.85879983039e-08
     8	1.46226269321e-08
     9	1.23108636702e-08

Measurement: edge100_ro62
  step	V(ro62_out)={VTHRESH} 
     1	7.13759731045e-09
     2	6.14365633463e-09
     3	5.46976800185e-09
     4	9.72633699599e-09
     5	8.22506832972e-09
     6	7.24968075753e-09
     7	1.38134208052e-08
     8	1.1599621252e-08
     9	1.01657199025e-08

Measurement: edge100_ro63
  step	V(ro63_out)={VTHRESH} 
     1	7.47247815741e-09
     2	6.3478614909e-09
     3	5.61347004463e-09
     4	1.03798349993e-08
     5	8.64331726695e-09
     6	7.54789458205e-09
     7	1.49245107109e-08
     8	1.23306266892e-08
     9	1.06992787566e-08

Measurement: edge100_ro64
  step	V(ro64_out)={VTHRESH} 
     1	7.21943911588e-09
     2	6.1764020364e-09
     3	5.5036881017e-09
     4	9.94106326411e-09
     5	8.36516571144e-09
     6	7.34936325155e-09
     7	1.42073430432e-08
     8	1.18669883401e-08
     9	1.03648499913e-08

Measurement: edge100_ro65
  step	V(ro65_out)={VTHRESH} 
     1	6.63858155261e-09
     2	5.78498441335e-09
     3	5.21876808692e-09
     4	8.89273329035e-09
     5	7.64475544865e-09
     6	6.81847958179e-09
     7	1.24500465391e-08
     8	1.06359771631e-08
     9	9.43791493387e-09

Measurement: edge100_ro66
  step	V(ro66_out)={VTHRESH} 
     1	7.37411712154e-09
     2	6.28750147339e-09
     3	5.58107995751e-09
     4	1.01902398263e-08
     5	8.53745276947e-09
     6	7.47899047603e-09
     7	1.46136758241e-08
     8	1.21504436494e-08
     9	1.05780110493e-08

Measurement: edge100_ro67
  step	V(ro67_out)={VTHRESH} 
     1	7.58140133905e-09
     2	6.4160505551e-09
     3	5.67430191945e-09
     4	1.05985769321e-08
     5	8.80059220319e-09
     6	7.66580060819e-09
     7	1.53260149063e-08
     8	1.26231645257e-08
     9	1.09213762624e-08

Measurement: edge100_ro68
  step	V(ro68_out)={VTHRESH} 
     1	7.74941639952e-09
     2	6.53542920008e-09
     3	5.75241133049e-09
     4	1.09033850768e-08
     5	9.0024148953e-09
     6	7.81182904867e-09
     7	1.58312204436e-08
     8	1.29628500056e-08
     9	1.11716735715e-08

Measurement: edge100_ro69
  step	V(ro69_out)={VTHRESH} 
     1	7.30174319529e-09
     2	6.23555309332e-09
     3	5.54352891746e-09
     4	1.00681521938e-08
     5	8.44683777154e-09
     6	7.41055978492e-09
     7	1.43961970044e-08
     8	1.1986067764e-08
     9	1.04507918851e-08

Measurement: edge100_ro70
  step	V(ro70_out)={VTHRESH} 
     1	6.96905907688e-09
     2	5.99187489157e-09
     3	5.35029963473e-09
     4	9.52215748686e-09
     5	8.04429149766e-09
     6	7.10065673204e-09
     7	1.35082482219e-08
     8	1.13234762046e-08
     9	9.93244445209e-09

Measurement: edge100_ro71
  step	V(ro71_out)={VTHRESH} 
     1	7.24749308313e-09
     2	6.1928786509e-09
     3	5.52277740731e-09
     4	9.93072659577e-09
     5	8.36357868899e-09
     6	7.35230636878e-09
     7	1.41664351204e-08
     8	1.18467932232e-08
     9	1.03532540841e-08

Measurement: edge100_ro72
  step	V(ro72_out)={VTHRESH} 
     1	7.79904229213e-09
     2	6.56153135687e-09
     3	5.77966780582e-09
     4	1.09120121183e-08
     5	9.00714275076e-09
     6	7.81599437108e-09
     7	1.5807435868e-08
     8	1.29331359651e-08
     9	1.1145675085e-08

Measurement: edge100_ro73
  step	V(ro73_out)={VTHRESH} 
     1	7.40407659578e-09
     2	6.31352917213e-09
     3	5.60426449092e-09
     4	1.02314817795e-08
     5	8.57547001341e-09
     6	7.51130705348e-09
     7	1.46817537228e-08
     8	1.22160909431e-08
     9	1.06351508734e-08

Measurement: edge100_ro74
  step	V(ro74_out)={VTHRESH} 
     1	7.47471209599e-09
     2	6.34254703009e-09
     3	5.63011195953e-09
     4	1.03696325946e-08
     5	8.65206628002e-09
     6	7.56018304332e-09
     7	1.49130627897e-08
     8	1.23467515636e-08
     9	1.07197786758e-08

Measurement: edge100_ro75
  step	V(ro75_out)={VTHRESH} 
     1	7.34075325765e-09
     2	6.25314049267e-09
     3	5.55385904177e-09
     4	1.01510809686e-08
     5	8.50186885968e-09
     6	7.44968512765e-09
     7	1.45657533599e-08
     8	1.21047827669e-08
     9	1.0539350105e-08

Measurement: edge100_ro76
  step	V(ro76_out)={VTHRESH} 
     1	7.47567709477e-09
     2	6.35065147451e-09
     3	5.63873598788e-09
     4	1.03297145561e-08
     5	8.64362154162e-09
     6	7.56204424903e-09
     7	1.48361380188e-08
     8	1.23207076677e-08
     9	1.07138103264e-08

Measurement: edge100_ro77
  step	V(ro77_out)={VTHRESH} 
     1	7.06362978602e-09
     2	6.08195175349e-09
     3	5.43528592724e-09
     4	9.62397477732e-09
     5	8.16031450407e-09
     6	7.20466146176e-09
     7	1.36655834665e-08
     8	1.15086153076e-08
     9	1.0103880823e-08

Measurement: edge100_ro78
  step	V(ro78_out)={VTHRESH} 
     1	7.93738566966e-09
     2	6.6565335883e-09
     3	5.85081493248e-09
     4	1.11502016086e-08
     5	9.18930642418e-09
     6	7.95744895427e-09
     7	1.62207743497e-08
     8	1.32598139051e-08
     9	1.14056343252e-08

Measurement: edge100_ro79
  step	V(ro79_out)={VTHRESH} 
     1	7.97202762887e-09
     2	6.66278236132e-09
     3	5.84149913394e-09
     4	1.13554057841e-08
     5	9.27759104783e-09
     6	8.00032163449e-09
     7	1.66162697194e-08
     8	1.34513254479e-08
     9	1.15121723705e-08

Measurement: edge100_ro80
  step	V(ro80_out)={VTHRESH} 
     1	7.60385535012e-09
     2	6.42381936134e-09
     3	5.67997232027e-09
     4	1.06457328127e-08
     5	8.8239585982e-09
     6	7.68111114033e-09
     7	1.53789624328e-08
     8	1.26425438658e-08
     9	1.09305234591e-08

Measurement: edge100_ro81
  step	V(ro81_out)={VTHRESH} 
     1	7.67567202258e-09
     2	6.4746309359e-09
     3	5.71338561079e-09
     4	1.07261016451e-08
     5	8.88107250822e-09
     6	7.72251647127e-09
     7	1.55227451067e-08
     8	1.27496150367e-08
     9	1.10104924313e-08

Measurement: edge100_ro82
  step	V(ro82_out)={VTHRESH} 
     1	7.05823630262e-09
     2	6.07783019436e-09
     3	5.4321662834e-09
     4	9.6003203291e-09
     5	8.14042770668e-09
     6	7.19021231281e-09
     7	1.36127066571e-08
     8	1.14654209254e-08
     9	1.00689664583e-08

Measurement: edge100_ro83
  step	V(ro83_out)={VTHRESH} 
     1	7.83020880061e-09
     2	6.55398611245e-09
     3	5.75869928471e-09
     4	1.10693487213e-08
     5	9.09691699138e-09
     6	7.87563560779e-09
     7	1.61075639837e-08
     8	1.31219819156e-08
     9	1.12787408343e-08

Measurement: edge100_ro84
  step	V(ro84_out)={VTHRESH} 
     1	7.14414037666e-09
     2	6.14430966128e-09
     3	5.47741940391e-09
     4	9.75059038775e-09
     5	8.24025456413e-09
     6	7.26166915065e-09
     7	1.38623312036e-08
     8	1.16344991259e-08
     9	1.01948625572e-08

Measurement: edge100_ro85
  step	V(ro85_out)={VTHRESH} 
     1	7.39281088025e-09
     2	6.29557131183e-09
     3	5.58969086542e-09
     4	1.02338944155e-08
     5	8.56509137742e-09
     6	7.49932191219e-09
     7	1.46904563657e-08
     8	1.22009141882e-08
     9	1.06147308476e-08

Measurement: edge100_ro86
  step	V(ro86_out)={VTHRESH} 
     1	7.35890518006e-09
     2	6.27689626194e-09
     3	5.56947402365e-09
     4	1.0172608719e-08
     5	8.52173769172e-09
     6	7.46646595336e-09
     7	1.45870246515e-08
     8	1.21259201966e-08
     9	1.05576660907e-08

Measurement: edge100_ro87
  step	V(ro87_out)={VTHRESH} 
     1	7.02710567088e-09
     2	6.04571286082e-09
     3	5.40386031528e-09
     4	9.59069006026e-09
     5	8.11507203478e-09
     6	7.16246138743e-09
     7	1.36179005915e-08
     8	1.14380125466e-08
     9	1.00358919853e-08

Measurement: edge100_ro88
  step	V(ro88_out)={VTHRESH} 
     1	7.3914063304e-09
     2	6.2894059922e-09
     3	5.57778959208e-09
     4	1.0245624571e-08
     5	8.55976754709e-09
     6	7.48914918664e-09
     7	1.47190078616e-08
     8	1.22006687457e-08
     9	1.06062204699e-08

Measurement: edge100_ro89
  step	V(ro89_out)={VTHRESH} 
     1	7.48196064247e-09
     2	6.35017508476e-09
     3	5.63192958837e-09
     4	1.03930553177e-08
     5	8.67338048761e-09
     6	7.57746964655e-09
     7	1.4971013363e-08
     8	1.23969571425e-08
     9	1.07613659154e-08

Measurement: edge100_ro90
  step	V(ro90_out)={VTHRESH} 
     1	7.55985426176e-09
     2	6.41796661526e-09
     3	5.68113103149e-09
     4	1.05058685824e-08
     5	8.76194759636e-09
     6	7.6483703612e-09
     7	1.51328153481e-08
     8	1.25279981273e-08
     9	1.08683294253e-08

Measurement: edge100_ro91
  step	V(ro91_out)={VTHRESH} 
     1	7.39233478862e-09
     2	6.31304953856e-09
     3	5.59792942751e-09
     4	1.01723124653e-08
     5	8.5330028116e-09
     6	7.47838724321e-09
     7	1.4563751212e-08
     8	1.21303687536e-08
     9	1.05682303222e-08

Measurement: edge100_ro92
  step	V(ro92_out)={VTHRESH} 
     1	7.40778989224e-09
     2	6.31647512778e-09
     3	5.60333965933e-09
     4	1.02379829763e-08
     5	8.57599032865e-09
     6	7.51061240044e-09
     7	1.46907493493e-08
     8	1.22136823718e-08
     9	1.06298699015e-08

Measurement: edge100_ro93
  step	V(ro93_out)={VTHRESH} 
     1	7.48902542726e-09
     2	6.35273159651e-09
     3	5.63744111845e-09
     4	1.03695215216e-08
     5	8.65936009581e-09
     6	7.56955397895e-09
     7	1.49022641639e-08
     8	1.23509601146e-08
     9	1.07313350603e-08

Measurement: edge100_ro94
  step	V(ro94_out)={VTHRESH} 
     1	7.95368033142e-09
     2	6.66243342059e-09
     3	5.84896074192e-09
     4	1.12648810566e-08
     5	9.2343094742e-09
     6	7.97799082909e-09
     7	1.64323025649e-08
     8	1.33493239147e-08
     9	1.14491943075e-08

Measurement: edge100_ro95
  step	V(ro95_out)={VTHRESH} 
     1	7.34686485139e-09
     2	6.27150536339e-09
     3	5.56635303504e-09
     4	1.01523740626e-08
     5	8.51757780695e-09
     6	7.46648228094e-09
     7	1.45592686892e-08
     8	1.21238007219e-08
     9	1.05631557426e-08

Measurement: edge100_ro96
  step	V(ro96_out)={VTHRESH} 
     1	8.06498423869e-09
     2	6.74500099881e-09
     3	5.89618440197e-09
     4	1.14714320764e-08
     5	9.37050450577e-09
     6	8.07480816562e-09
     7	1.67927640849e-08
     8	1.35980845481e-08
     9	1.16333051155e-08

Measurement: edge100_ro97
  step	V(ro97_out)={VTHRESH} 
     1	7.50372985935e-09
     2	6.38029033325e-09
     3	5.65442695942e-09
     4	1.03783071633e-08
     5	8.67780728571e-09
     6	7.58657307391e-09
     7	1.49115064332e-08
     8	1.23761001109e-08
     9	1.07538205804e-08

Measurement: edge100_ro98
  step	V(ro98_out)={VTHRESH} 
     1	7.83414411155e-09
     2	6.59785127488e-09
     3	5.8108505586e-09
     4	1.09685235497e-08
     5	9.07290143846e-09
     6	7.8740281531e-09
     7	1.59028958655e-08
     8	1.30527523227e-08
     9	1.12557371963e-08

Measurement: edge100_ro99
  step	V(ro99_out)={VTHRESH} 
     1	7.34904336217e-09
     2	6.24714806209e-09
     3	5.55209115605e-09
     4	1.02041653881e-08
     5	8.50963715321e-09
     6	7.44143816588e-09
     7	1.46563482359e-08
     8	1.21222357767e-08
     9	1.05301533859e-08

Measurement: edge100_ro100
  step	V(ro100_out)={VTHRESH} 
     1	7.35155999511e-09
     2	6.26737483685e-09
     3	5.56295062058e-09
     4	1.01005085757e-08
     5	8.46944012265e-09
     6	7.42715959138e-09
     7	1.44332111195e-08
     8	1.20121869256e-08
     9	1.0468978922e-08

Measurement: edge100_ro101
  step	V(ro101_out)={VTHRESH} 
     1	7.47971947353e-09
     2	6.34650624592e-09
     3	5.63516997335e-09
     4	1.0366337192e-08
     5	8.66097707081e-09
     6	7.57098284778e-09
     7	1.49036127037e-08
     8	1.23592800219e-08
     9	1.0737802371e-08

Measurement: edge100_ro102
  step	V(ro102_out)={VTHRESH} 
     1	7.96823772746e-09
     2	6.68045238755e-09
     3	5.87006994255e-09
     4	1.12475697908e-08
     5	9.24560922746e-09
     6	7.99531933503e-09
     7	1.63880916322e-08
     8	1.33601723683e-08
     9	1.14736017497e-08

Measurement: edge100_ro103
  step	V(ro103_out)={VTHRESH} 
     1	7.40365761486e-09
     2	6.30421190876e-09
     3	5.5904227414e-09
     4	1.02467928906e-08
     5	8.56870878133e-09
     6	7.49723973853e-09
     7	1.47186587213e-08
     8	1.22153160967e-08
     9	1.06206710192e-08

Measurement: edge100_ro104
  step	V(ro104_out)={VTHRESH} 
     1	7.88373564852e-09
     2	6.62130671079e-09
     3	5.82486477429e-09
     4	1.11059433936e-08
     5	9.15083041187e-09
     6	7.92613028695e-09
     7	1.61524355669e-08
     8	1.32006694742e-08
     9	1.13558263099e-08

Measurement: edge100_ro105
  step	V(ro105_out)={VTHRESH} 
     1	8.09809991402e-09
     2	6.76098615593e-09
     3	5.92094990058e-09
     4	1.14522173308e-08
     5	9.36977068227e-09
     6	8.0799560865e-09
     7	1.67047566189e-08
     8	1.35529274325e-08
     9	1.16053342578e-08

Measurement: edge100_ro106
  step	V(ro106_out)={VTHRESH} 
     1	7.33289420749e-09
     2	6.25490770649e-09
     3	5.5546102077e-09
     4	1.00911148682e-08
     5	8.46622581125e-09
     6	7.42441108276e-09
     7	1.44440874287e-08
     8	1.20272839219e-08
     9	1.04825681552e-08

Measurement: edge100_ro107
  step	V(ro107_out)={VTHRESH} 
     1	7.25233290649e-09
     2	6.1869741993e-09
     3	5.51213892734e-09
     4	9.9847521527e-09
     5	8.38076693605e-09
     6	7.35679816855e-09
     7	1.42773818104e-08
     8	1.18906517997e-08
     9	1.0373013428e-08

Measurement: edge100_ro108
  step	V(ro108_out)={VTHRESH} 
     1	7.34066436156e-09
     2	6.2560421028e-09
     3	5.55419240955e-09
     4	1.01814007356e-08
     5	8.51537089879e-09
     6	7.45633872042e-09
     7	1.46101345816e-08
     8	1.21238916551e-08
     9	1.05479164178e-08

Measurement: edge100_ro109
  step	V(ro109_out)={VTHRESH} 
     1	7.27005923751e-09
     2	6.21721819138e-09
     3	5.53225295081e-09
     4	9.99512977084e-09
     5	8.40403247143e-09
     6	7.38071014848e-09
     7	1.42806946382e-08
     8	1.19193870592e-08
     9	1.04052342931e-08

Measurement: edge100_ro110
  step	V(ro110_out)={VTHRESH} 
     1	7.57691478215e-09
     2	6.414512813e-09
     3	5.67463878949e-09
     4	1.05650669605e-08
     5	8.78471556443e-09
     6	7.65718529271e-09
     7	1.52483975261e-08
     8	1.25780580987e-08
     9	1.08916482933e-08

Measurement: edge100_ro111
  step	V(ro111_out)={VTHRESH} 
     1	7.54384418323e-09
     2	6.34791212727e-09
     3	5.63535200807e-09
     4	1.05296380042e-08
     5	8.72204013842e-09
     6	7.59302860041e-09
     7	1.5189920301e-08
     8	1.24724414598e-08
     9	1.07846926804e-08

Measurement: edge100_ro112
  step	V(ro112_out)={VTHRESH} 
     1	7.49162118183e-09
     2	6.34287975836e-09
     3	5.61637039394e-09
     4	1.04454279203e-08
     5	8.67975420076e-09
     6	7.57009895508e-09
     7	1.50657410964e-08
     8	1.24129289141e-08
     9	1.07516970958e-08

Measurement: edge100_ro113
  step	V(ro113_out)={VTHRESH} 
     1	7.24133688061e-09
     2	6.18902931813e-09
     3	5.51509028344e-09
     4	9.97020524589e-09
     5	8.3776235328e-09
     6	7.35733679916e-09
     7	1.42544963515e-08
     8	1.18871455225e-08
     9	1.03746989363e-08

Measurement: edge100_ro114
  step	V(ro114_out)={VTHRESH} 
     1	7.46385927774e-09
     2	6.34973821567e-09
     3	5.63394347196e-09
     4	1.03341644431e-08
     5	8.64813328509e-09
     6	7.56541205102e-09
     7	1.485619899e-08
     8	1.2340676132e-08
     9	1.07296213417e-08

Measurement: edge100_ro115
  step	V(ro115_out)={VTHRESH} 
     1	7.18135264761e-09
     2	6.15490678613e-09
     3	5.49244092718e-09
     4	9.82996532733e-09
     5	8.29229785087e-09
     6	7.29808701844e-09
     7	1.40012193015e-08
     8	1.17265007764e-08
     9	1.02597586476e-08

Measurement: edge100_ro116
  step	V(ro116_out)={VTHRESH} 
     1	7.98642890249e-09
     2	6.6933656165e-09
     3	5.87221296663e-09
     4	1.13201130968e-08
     5	9.2886077315e-09
     6	8.02351180796e-09
     7	1.65271373941e-08
     8	1.34477280395e-08
     9	1.15354956101e-08

Measurement: edge100_ro117
  step	V(ro117_out)={VTHRESH} 
     1	7.27726437102e-09
     2	6.21971705201e-09
     3	5.54344563322e-09
     4	9.97931631664e-09
     5	8.40353433698e-09
     6	7.38516205404e-09
     7	1.42433781441e-08
     8	1.1911021727e-08
     9	1.04072060957e-08

Measurement: edge100_ro118
  step	V(ro118_out)={VTHRESH} 
     1	7.51571152694e-09
     2	6.37456062006e-09
     3	5.64049543332e-09
     4	1.04524631869e-08
     5	8.70741138251e-09
     6	7.59916268265e-09
     7	1.50658324599e-08
     8	1.24506088488e-08
     9	1.07955254111e-08

Measurement: edge100_ro119
  step	V(ro119_out)={VTHRESH} 
     1	7.41610037651e-09
     2	6.32495370841e-09
     3	5.60232433371e-09
     4	1.02607146156e-08
     5	8.58293506125e-09
     6	7.5126916269e-09
     7	1.47180929817e-08
     8	1.22183594325e-08
     9	1.06279699813e-08

Measurement: edge100_ro120
  step	V(ro120_out)={VTHRESH} 
     1	6.96738710527e-09
     2	6.01727143662e-09
     3	5.38637850071e-09
     4	9.43979680717e-09
     5	8.02759452778e-09
     6	7.10349446617e-09
     7	1.33433735246e-08
     8	1.12721993554e-08
     9	9.9210335735e-09

Measurement: edge100_ro121
  step	V(ro121_out)={VTHRESH} 
     1	7.35541189079e-09
     2	6.27801444113e-09
     3	5.57635518447e-09
     4	1.01537640859e-08
     5	8.5147821499e-09
     6	7.46243824209e-09
     7	1.45301387927e-08
     8	1.20929612131e-08
     9	1.05384974929e-08

Measurement: edge100_ro122
  step	V(ro122_out)={VTHRESH} 
     1	7.63900354229e-09
     2	6.45825287189e-09
     3	5.70395765596e-09
     4	1.06729528701e-08
     5	8.85029055287e-09
     6	7.70380741135e-09
     7	1.54218496628e-08
     8	1.2685272148e-08
     9	1.09673436417e-08

Measurement: edge100_ro123
  step	V(ro123_out)={VTHRESH} 
     1	7.31799684919e-09
     2	6.23588253298e-09
     3	5.54765182953e-09
     4	1.00247064557e-08
     5	8.40653296234e-09
     6	7.37742027129e-09
     7	1.43033685129e-08
     8	1.1905060593e-08
     9	1.03859350245e-08

Measurement: edge100_ro124
  step	V(ro124_out)={VTHRESH} 
     1	7.8417610552e-09
     2	6.59250289502e-09
     3	5.8018578997e-09
     4	1.10281199051e-08
     5	9.093403098e-09
     6	7.88140600841e-09
     7	1.60195203878e-08
     8	1.3099676476e-08
     9	1.1276797501e-08

Measurement: edge100_ro125
  step	V(ro125_out)={VTHRESH} 
     1	7.01097700076e-09
     2	6.04623746297e-09
     3	5.40595056825e-09
     4	9.50959238596e-09
     5	8.07438291846e-09
     6	7.13679372236e-09
     7	1.34571899649e-08
     8	1.13492762106e-08
     9	9.97754793392e-09

Measurement: edge100_ro126
  step	V(ro126_out)={VTHRESH} 
     1	7.13628478743e-09
     2	6.12412945436e-09
     3	5.46233977213e-09
     4	9.72301009452e-09
     5	8.224350328e-09
     6	7.25168333694e-09
     7	1.38168105607e-08
     8	1.16071290665e-08
     9	1.01756977394e-08

Measurement: edge100_ro127
  step	V(ro127_out)={VTHRESH} 
     1	8.14896798849e-09
     2	6.74227519579e-09
     3	5.90513092395e-09
     4	1.16862513561e-08
     5	9.46248529618e-09
     6	8.11897440958e-09
     7	1.71874437989e-08
     8	1.37821937446e-08
     9	1.17300518952e-08
