LTspice 26.0.2 for Windows
Circuit: C:\Users\JUST\Documents\LTspice\RO_PUF_PVT_100\chip_077_PVT.net
Start Time: Mon Jul 20 07:29:56 2026
Options:plotwinsize=0 numdgt=10 reltol=1e-4 abstol=1e-12 vntol=1e-6 reltol=0.003 vntol=1m abstol=1e-10 gmin=1e-10 threads=1

.step vddval=0.9 temp=-20°
solver = Normal
Maximum thread count: 1
tnom = 27
temp = -20
method = trap
gmin = 1e-10
abstol = 1e-10
reltol = 0.003
volttol = 0.001
Per .tran options, skipping operating point for transient analysis.

.step vddval=1 temp=-20°

.step vddval=1.1 temp=-20°

.step vddval=0.9 temp=25°

.step vddval=1 temp=25°

.step vddval=1.1 temp=25°

.step vddval=0.9 temp=80°

.step vddval=1 temp=80°

.step vddval=1.1 temp=80°
Total elapsed time: 1811.672 seconds.

Files loaded:
C:\Users\JUST\Documents\LTspice\RO_PUF_PVT_100\chip_077_PVT.net
C:\Users\JUST\Documents\LTspice\RO_PUF_PVT_100\45nm_HP.pm
C:\Users\JUST\Documents\LTspice\RO_PUF_PVT_100\chip_077_mismatch.inc


Measurement: t_ro0
  step	t_ro0	FROM	TO
     1	5.77497181616e-09	1.38646610997e-09	7.16143792613e-09
     2	4.95999982974e-09	1.1872414691e-09	6.14724129884e-09
     3	4.41876927544e-09	1.05583735507e-09	5.47460663051e-09
     4	7.893739948e-09	1.89779913711e-09	9.79153908512e-09
     5	6.66069921424e-09	1.59656584157e-09	8.25726505581e-09
     6	5.86411343702e-09	1.4027059711e-09	7.26681940812e-09
     7	1.12318401092e-08	2.70179756583e-09	1.39336376751e-08
     8	9.40793480634e-09	2.25700590691e-09	1.16649407133e-08
     9	8.23352699694e-09	1.97153220701e-09	1.0205059204e-08

Measurement: t_ro1
  step	t_ro1	FROM	TO
     1	5.85352797532e-09	1.41194738266e-09	7.26547535798e-09
     2	5.00317868295e-09	1.204414637e-09	6.20759331995e-09
     3	4.45532687557e-09	1.07154024995e-09	5.52686712552e-09
     4	8.06215210219e-09	1.94622217746e-09	1.00083742796e-08
     5	6.77364364338e-09	1.63206178689e-09	8.40570543027e-09
     6	5.94660331817e-09	1.43110073842e-09	7.37770405659e-09
     7	1.15341470155e-08	2.78523902215e-09	1.43193860376e-08
     8	9.61577428207e-09	2.31795098055e-09	1.19337252626e-08
     9	8.3888945812e-09	2.01990857218e-09	1.04088031534e-08

Measurement: t_ro2
  step	t_ro2	FROM	TO
     1	6.40000362559e-09	1.53899601823e-09	7.93899964382e-09
     2	5.35537480495e-09	1.28645541606e-09	6.64183022101e-09
     3	4.70930212634e-09	1.13045720967e-09	5.83975933602e-09
     4	9.00111300511e-09	2.16609048267e-09	1.11672034878e-08
     5	7.40505865114e-09	1.77966722787e-09	9.184725879e-09
     6	6.40902331255e-09	1.53942394579e-09	7.94844725833e-09
     7	1.31076665825e-08	3.15478599105e-09	1.62624525735e-08
     8	1.06922908577e-08	2.57012784781e-09	1.32624187055e-08
     9	9.18996967621e-09	2.20768149539e-09	1.13976511716e-08

Measurement: t_ro3
  step	t_ro3	FROM	TO
     1	6.48934666757e-09	1.55631448496e-09	8.04566115253e-09
     2	5.40669005761e-09	1.29437543925e-09	6.70106549686e-09
     3	4.73676226951e-09	1.13275894759e-09	5.86952121709e-09
     4	9.2491582632e-09	2.21812585496e-09	1.14672841182e-08
     5	7.53605124329e-09	1.80446257698e-09	9.34051382027e-09
     6	6.49031662407e-09	1.55223624078e-09	8.04255286485e-09
     7	1.35427709932e-08	3.24689878384e-09	1.67896697771e-08
     8	1.093295092e-08	2.61760460391e-09	1.35505555239e-08
     9	9.34484137593e-09	2.23487673778e-09	1.15797181137e-08

Measurement: t_ro4
  step	t_ro4	FROM	TO
     1	6.13409464482e-09	1.47988380388e-09	7.6139784487e-09
     2	5.2001399961e-09	1.252485477e-09	6.4526254731e-09
     3	4.59620165071e-09	1.10608853109e-09	5.7022901818e-09
     4	8.55126744548e-09	2.06455735612e-09	1.06158248016e-08
     5	7.11461994711e-09	1.71482308725e-09	8.82944303435e-09
     6	6.20174430233e-09	1.49349110068e-09	7.69523540301e-09
     7	1.23463695424e-08	2.9820094322e-09	1.53283789745e-08
     8	1.0191732564e-08	2.4576235778e-09	1.26493561418e-08
     9	8.82639569128e-09	2.12656577046e-09	1.09529614617e-08

Measurement: t_ro5
  step	t_ro5	FROM	TO
     1	5.96811466295e-09	1.43060928708e-09	7.39872395003e-09
     2	5.08339041958e-09	1.21668853547e-09	6.30007895505e-09
     3	4.5088115068e-09	1.07858475947e-09	5.58739626627e-09
     4	8.26063475945e-09	1.9803593497e-09	1.02409941092e-08
     5	6.91153211815e-09	1.65427367328e-09	8.56580579143e-09
     6	6.05027559976e-09	1.44708956147e-09	7.49736516123e-09
     7	1.18570907198e-08	2.84196946966e-09	1.46990601895e-08
     8	9.84472508947e-09	2.35620212444e-09	1.22009272139e-08
     9	8.56325705939e-09	2.04796160213e-09	1.06112186615e-08

Measurement: t_ro6
  step	t_ro6	FROM	TO
     1	6.14047191626e-09	1.47141847764e-09	7.61189039389e-09
     2	5.19695093743e-09	1.24492210604e-09	6.44187304348e-09
     3	4.59404022763e-09	1.10032129079e-09	5.69436151842e-09
     4	8.5148283205e-09	2.03922012697e-09	1.05540484475e-08
     5	7.0754849209e-09	1.69441798925e-09	8.76990291015e-09
     6	6.16532303708e-09	1.47629006593e-09	7.64161310301e-09
     7	1.22500826893e-08	2.93219523094e-09	1.51822779202e-08
     8	1.00991412976e-08	2.4173834764e-09	1.2516524774e-08
     9	8.74345369107e-09	2.09283191853e-09	1.08362856096e-08

Measurement: t_ro7
  step	t_ro7	FROM	TO
     1	6.30948503538e-09	1.52777849255e-09	7.83726352793e-09
     2	5.29390589106e-09	1.27874045085e-09	6.57264634191e-09
     3	4.66916480169e-09	1.12625598008e-09	5.79542078177e-09
     4	8.86584707617e-09	2.14853350774e-09	1.10143805839e-08
     5	7.30415526673e-09	1.76621737682e-09	9.07037264355e-09
     6	6.33095584292e-09	1.52891102689e-09	7.85986686981e-09
     7	1.28675150153e-08	3.1191454474e-09	1.59866604627e-08
     8	1.05089336354e-08	2.54238067553e-09	1.3051314311e-08
     9	9.04552287376e-09	2.18555765029e-09	1.12310805241e-08

Measurement: t_ro8
  step	t_ro8	FROM	TO
     1	6.04877049354e-09	1.45815542219e-09	7.50692591572e-09
     2	5.13815225823e-09	1.2358163329e-09	6.37396859113e-09
     3	4.55397406392e-09	1.09376254992e-09	5.64773661384e-09
     4	8.40009122422e-09	2.02633801636e-09	1.04264292406e-08
     5	7.01029300466e-09	1.68739263623e-09	8.69768564089e-09
     6	6.12471361655e-09	1.47227988339e-09	7.59699349993e-09
     7	1.20915468265e-08	2.91700918222e-09	1.50085560087e-08
     8	1.00113914759e-08	2.41038794896e-09	1.24217794249e-08
     9	8.69051689772e-09	2.08994059169e-09	1.07804574894e-08

Measurement: t_ro9
  step	t_ro9	FROM	TO
     1	5.98159662465e-09	1.4359339973e-09	7.41753062194e-09
     2	5.09882131427e-09	1.22238162873e-09	6.321202943e-09
     3	4.52562924908e-09	1.08397298338e-09	5.60960223246e-09
     4	8.29198236503e-09	1.99134482622e-09	1.02833271913e-08
     5	6.94294698984e-09	1.66491019171e-09	8.60785718155e-09
     6	6.07997157594e-09	1.45651182059e-09	7.53648339653e-09
     7	1.19141779222e-08	2.86134978362e-09	1.47755277058e-08
     8	9.90178406562e-09	2.37461676288e-09	1.22764008285e-08
     9	8.61497154833e-09	2.06415089895e-09	1.06791224473e-08

Measurement: t_ro10
  step	t_ro10	FROM	TO
     1	5.99584749363e-09	1.43548311068e-09	7.43133060431e-09
     2	5.10777745448e-09	1.22184476623e-09	6.32962222071e-09
     3	4.52676675137e-09	1.08174106625e-09	5.60850781763e-09
     4	8.31015734116e-09	1.98943730195e-09	1.02995946431e-08
     5	6.94987311967e-09	1.66185287968e-09	8.61172599935e-09
     6	6.0801300982e-09	1.45351058458e-09	7.53364068279e-09
     7	1.19467870796e-08	2.85927155946e-09	1.48060586391e-08
     8	9.91564179221e-09	2.37050422072e-09	1.22861460129e-08
     9	8.61979456071e-09	2.05933771557e-09	1.06791322763e-08

Measurement: t_ro11
  step	t_ro11	FROM	TO
     1	5.78408226533e-09	1.38729106593e-09	7.17137333126e-09
     2	4.96000007973e-09	1.18842191944e-09	6.14842199917e-09
     3	4.42738116296e-09	1.05982293505e-09	5.48720409801e-09
     4	7.92640403986e-09	1.90178870201e-09	9.82819274188e-09
     5	6.69167344695e-09	1.60342385211e-09	8.29509729906e-09
     6	5.89249881141e-09	1.41082875772e-09	7.30332756913e-09
     7	1.13009541446e-08	2.71143195152e-09	1.40123860962e-08
     8	9.47340301293e-09	2.27019129245e-09	1.17435943054e-08
     9	8.29357290304e-09	1.98586341095e-09	1.0279436314e-08

Measurement: t_ro12
  step	t_ro12	FROM	TO
     1	5.90773504994e-09	1.41797172026e-09	7.32570677021e-09
     2	5.03861239686e-09	1.20792384896e-09	6.24653624582e-09
     3	4.47999840909e-09	1.07261608425e-09	5.55261449334e-09
     4	8.17540161532e-09	1.9629304799e-09	1.01383320952e-08
     5	6.84943808201e-09	1.64264977491e-09	8.49208785693e-09
     6	6.00214628491e-09	1.43803148392e-09	7.44017776883e-09
     7	1.17356925365e-08	2.81794419401e-09	1.45536367305e-08
     8	9.75546228827e-09	2.34017070619e-09	1.20956329945e-08
     9	8.49409294869e-09	2.03556078081e-09	1.05296537295e-08

Measurement: t_ro13
  step	t_ro13	FROM	TO
     1	6.00841036062e-09	1.43926493095e-09	7.44767529158e-09
     2	5.1199999574e-09	1.22522119514e-09	6.34522115254e-09
     3	4.53602632564e-09	1.08463251942e-09	5.62065884506e-09
     4	8.30227952607e-09	1.98838959118e-09	1.02906691172e-08
     5	6.94909121428e-09	1.66245781796e-09	8.61154903223e-09
     6	6.08004706141e-09	1.45432510874e-09	7.53437217015e-09
     7	1.19125704711e-08	2.85249783677e-09	1.47650683079e-08
     8	9.89791604644e-09	2.3676080177e-09	1.22655240641e-08
     9	8.61005968956e-09	2.0583401733e-09	1.06683998629e-08

Measurement: t_ro14
  step	t_ro14	FROM	TO
     1	6.25255995784e-09	1.50448787843e-09	7.75704783627e-09
     2	5.279999892e-09	1.26921225568e-09	6.54921214768e-09
     3	4.65385605632e-09	1.1168505966e-09	5.77070665292e-09
     4	8.7561015041e-09	2.10800984982e-09	1.08641113539e-08
     5	7.24948521596e-09	1.74292661102e-09	8.99241182698e-09
     6	6.29910073314e-09	1.51304304422e-09	7.81214377737e-09
     7	1.26767695936e-08	3.05315116296e-09	1.57299207566e-08
     8	1.04132362314e-08	2.50461980539e-09	1.29178560368e-08
     9	8.98869345087e-09	2.16030299533e-09	1.11489964462e-08

Measurement: t_ro15
  step	t_ro15	FROM	TO
     1	6.19474647487e-09	1.49489871492e-09	7.68964518979e-09
     2	5.22797394656e-09	1.26014639131e-09	6.48812033787e-09
     3	4.61981939002e-09	1.11216883716e-09	5.73198822719e-09
     4	8.68409338036e-09	2.09871667693e-09	1.07828100573e-08
     5	7.19457992632e-09	1.73610875241e-09	8.93068867873e-09
     6	6.25525568443e-09	1.50813617352e-09	7.76339185795e-09
     7	1.25856381359e-08	3.0441823904e-09	1.56298205263e-08
     8	1.03411285823e-08	2.49784990852e-09	1.28389784909e-08
     9	8.93078636693e-09	2.15510051447e-09	1.10858868814e-08

Measurement: t_ro16
  step	t_ro16	FROM	TO
     1	5.97873240483e-09	1.43897832252e-09	7.41771072734e-09
     2	5.10113203422e-09	1.22720639136e-09	6.32833842558e-09
     3	4.51731114834e-09	1.08622175621e-09	5.60353290455e-09
     4	8.26490886234e-09	1.99099339856e-09	1.02559022609e-08
     5	6.9166264989e-09	1.6653572577e-09	8.58198375659e-09
     6	6.05482594903e-09	1.45751950213e-09	7.51234545116e-09
     7	1.18613422322e-08	2.85919439114e-09	1.47205366233e-08
     8	9.85182627674e-09	2.37365797521e-09	1.22254842519e-08
     9	8.57034378026e-09	2.06447123105e-09	1.06348150113e-08

Measurement: t_ro17
  step	t_ro17	FROM	TO
     1	5.81589536003e-09	1.39424016856e-09	7.2101355286e-09
     2	4.96393051004e-09	1.18903338947e-09	6.15296389951e-09
     3	4.44431088856e-09	1.06304735363e-09	5.50735824219e-09
     4	7.94904155085e-09	1.90602362421e-09	9.85506517506e-09
     5	6.70869740378e-09	1.60625919748e-09	8.31495660126e-09
     6	5.905303051e-09	1.41261273135e-09	7.31791578234e-09
     7	1.13168755096e-08	2.71349340711e-09	1.40303689167e-08
     8	9.48572945856e-09	2.27126624315e-09	1.17569957017e-08
     9	8.30174453433e-09	1.98606066341e-09	1.02878051977e-08

Measurement: t_ro18
  step	t_ro18	FROM	TO
     1	5.9393340918e-09	1.42807489068e-09	7.36740898248e-09
     2	5.05658171412e-09	1.21427670575e-09	6.27085841987e-09
     3	4.48000687282e-09	1.07514041797e-09	5.55514729079e-09
     4	8.22687063624e-09	1.97920080026e-09	1.02060714365e-08
     5	6.87027518799e-09	1.65109399486e-09	8.52136918286e-09
     6	6.01115994112e-09	1.44342973176e-09	7.45458967289e-09
     7	1.18090002927e-08	2.84210417911e-09	1.46511044718e-08
     8	9.78244107723e-09	2.35199544867e-09	1.21344365259e-08
     9	8.50457696969e-09	2.04330211958e-09	1.05478790893e-08

Measurement: t_ro19
  step	t_ro19	FROM	TO
     1	6.01870344624e-09	1.44541662484e-09	7.46412007108e-09
     2	5.10218467347e-09	1.22335240915e-09	6.32553708262e-09
     3	4.51483097881e-09	1.08125977541e-09	5.59609075422e-09
     4	8.37399719481e-09	2.01236291847e-09	1.03863601133e-08
     5	6.95812557537e-09	1.66921100518e-09	8.62733658054e-09
     6	6.07096325692e-09	1.45487452256e-09	7.52583777948e-09
     7	1.20498954952e-08	2.89625973548e-09	1.49461552307e-08
     8	9.92867783385e-09	2.3825947579e-09	1.23112725917e-08
     9	8.60363415901e-09	2.06261866184e-09	1.06662528208e-08

Measurement: t_ro20
  step	t_ro20	FROM	TO
     1	6.15790534014e-09	1.47378633116e-09	7.6316916713e-09
     2	5.21675495569e-09	1.24661296772e-09	6.46336792341e-09
     3	4.61037516603e-09	1.10073905177e-09	5.7111142178e-09
     4	8.58740130535e-09	2.05523263274e-09	1.06426339381e-08
     5	7.14368017342e-09	1.7071416824e-09	8.85082185582e-09
     6	6.22521450014e-09	1.48631582737e-09	7.71153032751e-09
     7	1.24092581699e-08	2.96903939738e-09	1.53782975673e-08
     8	1.02427798035e-08	2.44729503672e-09	1.26900748403e-08
     9	8.86830315934e-09	2.11705962782e-09	1.09853627872e-08

Measurement: t_ro21
  step	t_ro21	FROM	TO
     1	5.66086763983e-09	1.35840060627e-09	7.0192682461e-09
     2	4.87836202831e-09	1.16910214155e-09	6.04746416986e-09
     3	4.36346250617e-09	1.04506779381e-09	5.40853029998e-09
     4	7.67948151343e-09	1.84294003801e-09	9.52242155144e-09
     5	6.51675865066e-09	1.56243584389e-09	8.07919449454e-09
     6	5.75888941863e-09	1.37965820862e-09	7.13854762725e-09
     7	1.0866929221e-08	2.60907024105e-09	1.3475999462e-08
     8	9.16078941419e-09	2.19685962854e-09	1.13576490427e-08
     9	8.0508172571e-09	1.92924777179e-09	9.98006502889e-09

Measurement: t_ro22
  step	t_ro22	FROM	TO
     1	5.67564524578e-09	1.36617077448e-09	7.04181602026e-09
     2	4.88796547162e-09	1.17598697521e-09	6.06395244683e-09
     3	4.36916539423e-09	1.05095149666e-09	5.42011689089e-09
     4	7.72748743473e-09	1.86147320853e-09	9.58896064326e-09
     5	6.54741185314e-09	1.57650160675e-09	8.12391345988e-09
     6	5.78185631307e-09	1.3918489031e-09	7.17370521618e-09
     7	1.09540288246e-08	2.64025258128e-09	1.35942814058e-08
     8	9.21476634166e-09	2.22029185384e-09	1.14350581955e-08
     9	8.09111395478e-09	1.94931897202e-09	1.00404329268e-08

Measurement: t_ro23
  step	t_ro23	FROM	TO
     1	5.83547050839e-09	1.39747628216e-09	7.23294679055e-09
     2	4.99681590178e-09	1.19483323501e-09	6.19164913679e-09
     3	4.45312987196e-09	1.0638613539e-09	5.51699122586e-09
     4	7.99657372319e-09	1.91499542601e-09	9.91156914919e-09
     5	6.73955923266e-09	1.61192986591e-09	8.35148909857e-09
     6	5.92628966973e-09	1.41611381188e-09	7.34240348161e-09
     7	1.14051688068e-08	2.73084083884e-09	1.41360096456e-08
     8	9.54438650511e-09	2.28248311872e-09	1.18268696238e-08
     9	8.34391240004e-09	1.99365235698e-09	1.0337564757e-08

Measurement: t_ro24
  step	t_ro24	FROM	TO
     1	5.81915948184e-09	1.39230927273e-09	7.21146875457e-09
     2	4.98042984682e-09	1.19037269924e-09	6.17080254607e-09
     3	4.44297774066e-09	1.06095607646e-09	5.50393381712e-09
     4	7.99985906644e-09	1.91374770474e-09	9.91360677118e-09
     5	6.73809471306e-09	1.60986495094e-09	8.347959664e-09
     6	5.92515594015e-09	1.41438940867e-09	7.33954534882e-09
     7	1.14259072422e-08	2.73260807079e-09	1.4158515313e-08
     8	9.55394012001e-09	2.28187877095e-09	1.1835818891e-08
     9	8.35040473848e-09	1.9929278761e-09	1.03433326146e-08

Measurement: t_ro25
  step	t_ro25	FROM	TO
     1	5.69616638578e-09	1.36110530115e-09	7.05727168693e-09
     2	4.90029907978e-09	1.17015454267e-09	6.07045362245e-09
     3	4.38024226755e-09	1.04579960762e-09	5.42604187518e-09
     4	7.75544367282e-09	1.85090248197e-09	9.60634615479e-09
     5	6.56866974447e-09	1.56742125853e-09	8.136091003e-09
     6	5.7994153467e-09	1.38362120077e-09	7.18303654747e-09
     7	1.09941726636e-08	2.62115533464e-09	1.36153279983e-08
     8	9.2465407362e-09	2.20432097317e-09	1.14508617094e-08
     9	8.11699830419e-09	1.93495967769e-09	1.00519579819e-08

Measurement: t_ro26
  step	t_ro26	FROM	TO
     1	5.92000017477e-09	1.42510794505e-09	7.34510811982e-09
     2	5.04375907482e-09	1.21386350276e-09	6.25762257757e-09
     3	4.47998218831e-09	1.0774610159e-09	5.55744320422e-09
     4	8.14053739252e-09	1.96266094082e-09	1.01031983333e-08
     5	6.8266781749e-09	1.64442315433e-09	8.47110132922e-09
     6	5.98705811657e-09	1.44155065349e-09	7.42860877007e-09
     7	1.16392850943e-08	2.80826220411e-09	1.44475472984e-08
     8	9.68784101935e-09	2.33506861479e-09	1.20229096341e-08
     9	8.44406265119e-09	2.03433849206e-09	1.04784011433e-08

Measurement: t_ro27
  step	t_ro27	FROM	TO
     1	6.04635062901e-09	1.44976396629e-09	7.49611459529e-09
     2	5.14388029442e-09	1.23128309064e-09	6.37516338507e-09
     3	4.5598935389e-09	1.08999114788e-09	5.64988468677e-09
     4	8.3561793136e-09	2.00407839097e-09	1.03602577046e-08
     5	6.99126739279e-09	1.67410452142e-09	8.66537191422e-09
     6	6.11461548582e-09	1.46248689764e-09	7.57710238345e-09
     7	1.20054125705e-08	2.87913471596e-09	1.48845472865e-08
     8	9.97028330265e-09	2.3875417953e-09	1.2357825098e-08
     9	8.66710451986e-09	2.07329428963e-09	1.07403988095e-08

Measurement: t_ro28
  step	t_ro28	FROM	TO
     1	5.66780358843e-09	1.35862053694e-09	7.02642412537e-09
     2	4.88518825361e-09	1.1693839844e-09	6.05457223801e-09
     3	4.36885321221e-09	1.04493158663e-09	5.41378479884e-09
     4	7.70554414249e-09	1.84764587832e-09	9.55319002082e-09
     5	6.53902070389e-09	1.5658323186e-09	8.10485302249e-09
     6	5.77711308225e-09	1.38211367446e-09	7.15922675672e-09
     7	1.09219159673e-08	2.61890371305e-09	1.35408196803e-08
     8	9.20517632067e-09	2.20453742494e-09	1.14097137456e-08
     9	8.08751971606e-09	1.93519759408e-09	1.00227173101e-08

Measurement: t_ro29
  step	t_ro29	FROM	TO
     1	5.85288386683e-09	1.40170387569e-09	7.25458774253e-09
     2	5.00473167688e-09	1.19648528806e-09	6.20121696494e-09
     3	4.4619573871e-09	1.06545518874e-09	5.52741257584e-09
     4	8.05385322397e-09	1.92893412943e-09	9.98278735341e-09
     5	6.77357083335e-09	1.61966784605e-09	8.3932386794e-09
     6	5.94980762081e-09	1.42116104017e-09	7.37096866097e-09
     7	1.15150766957e-08	2.75749226809e-09	1.42725689637e-08
     8	9.61164041268e-09	2.29826240736e-09	1.190990282e-08
     9	8.39093050483e-09	2.00428166605e-09	1.03952121709e-08

Measurement: t_ro30
  step	t_ro30	FROM	TO
     1	5.88020095186e-09	1.41082130576e-09	7.29102225762e-09
     2	5.02546155202e-09	1.20279294298e-09	6.22825449499e-09
     3	4.47541482072e-09	1.06970301713e-09	5.54511783785e-09
     4	8.08913458604e-09	1.94220463579e-09	1.00313392218e-08
     5	6.80513339965e-09	1.63033666925e-09	8.4354700689e-09
     6	5.97636392864e-09	1.42941108133e-09	7.40577500997e-09
     7	1.15669680313e-08	2.77753983589e-09	1.43445078672e-08
     8	9.66084443049e-09	2.31535876075e-09	1.19762031912e-08
     9	8.43370015385e-09	2.01820468906e-09	1.04519048429e-08

Measurement: t_ro31
  step	t_ro31	FROM	TO
     1	5.98906954041e-09	1.43674516107e-09	7.42581470148e-09
     2	5.09869054781e-09	1.22083371066e-09	6.31952425847e-09
     3	4.52129140166e-09	1.08149788314e-09	5.6027892848e-09
     4	8.30999393521e-09	1.99393353945e-09	1.03039274747e-08
     5	6.94637000289e-09	1.66384599069e-09	8.61021599358e-09
     6	6.07785457877e-09	1.45434202475e-09	7.53219660352e-09
     7	1.19482281772e-08	2.86657772235e-09	1.48148058996e-08
     8	9.91150395249e-09	2.37414487175e-09	1.22856488242e-08
     9	8.61759640371e-09	2.0619274962e-09	1.06795238999e-08

Measurement: t_ro32
  step	t_ro32	FROM	TO
     1	6.46930378697e-09	1.55310828862e-09	8.02241207559e-09
     2	5.40733792766e-09	1.2958479834e-09	6.70318591105e-09
     3	4.74034563508e-09	1.13430570797e-09	5.87465134304e-09
     4	9.19242366909e-09	2.20725720883e-09	1.13996808779e-08
     5	7.51783009593e-09	1.80164568967e-09	9.3194757856e-09
     6	6.48560809837e-09	1.55234110838e-09	8.03794920675e-09
     7	1.34440452952e-08	3.22773308858e-09	1.66717783838e-08
     8	1.08966592114e-08	2.61171963114e-09	1.35083788425e-08
     9	9.33233869491e-09	2.23381139434e-09	1.15661500892e-08

Measurement: t_ro33
  step	t_ro33	FROM	TO
     1	6.32044301874e-09	1.51522317246e-09	7.8356661912e-09
     2	5.31252760905e-09	1.27120635353e-09	6.58373396257e-09
     3	4.67259571317e-09	1.11656383015e-09	5.78915954332e-09
     4	8.90844158403e-09	2.13541078157e-09	1.10438523656e-08
     5	7.34182580811e-09	1.75668849602e-09	9.09851430414e-09
     6	6.36185935905e-09	1.52054431835e-09	7.8824036774e-09
     7	1.29574900516e-08	3.10488550173e-09	1.60623755533e-08
     8	1.05895607453e-08	2.53323338096e-09	1.31227941263e-08
     9	9.11338945223e-09	2.17782682967e-09	1.12912162819e-08

Measurement: t_ro34
  step	t_ro34	FROM	TO
     1	5.92001080268e-09	1.41739057857e-09	7.33740138125e-09
     2	5.05446555221e-09	1.20706490727e-09	6.26153045948e-09
     3	4.48850038736e-09	1.07048312873e-09	5.55898351609e-09
     4	8.16002962278e-09	1.95379785665e-09	1.01138274794e-08
     5	6.83878048422e-09	1.63333764725e-09	8.47211813146e-09
     6	5.99379008254e-09	1.42959083459e-09	7.42338091713e-09
     7	1.16850142453e-08	2.79605095868e-09	1.44810652039e-08
     8	9.71390809818e-09	2.31925491634e-09	1.20331630145e-08
     9	8.45966020122e-09	2.01720414993e-09	1.04768643512e-08

Measurement: t_ro35
  step	t_ro35	FROM	TO
     1	6.06907790352e-09	1.45292732995e-09	7.52200523347e-09
     2	5.14345434679e-09	1.22984607201e-09	6.37330041881e-09
     3	4.5578167108e-09	1.08936605837e-09	5.64718276917e-09
     4	8.4097204483e-09	2.01369896779e-09	1.04234194161e-08
     5	7.01336377503e-09	1.67747263836e-09	8.69083641339e-09
     6	6.12328345267e-09	1.4633384185e-09	7.58662187117e-09
     7	1.21090523716e-08	2.89888351928e-09	1.50079358909e-08
     8	1.00214901314e-08	2.39663376829e-09	1.24181238997e-08
     9	8.69436594551e-09	2.07759802546e-09	1.0771963971e-08

Measurement: t_ro36
  step	t_ro36	FROM	TO
     1	5.95875789462e-09	1.43123674657e-09	7.38999464119e-09
     2	5.08593434686e-09	1.21892360893e-09	6.30485795579e-09
     3	4.51339467338e-09	1.08085072552e-09	5.5942453989e-09
     4	8.23510919138e-09	1.98049652536e-09	1.02156057167e-08
     5	6.90525280903e-09	1.65638128267e-09	8.56163409171e-09
     6	6.05112831397e-09	1.44992882576e-09	7.50105713973e-09
     7	1.18109515916e-08	2.84225538515e-09	1.46532069768e-08
     8	9.83051991411e-09	2.3592877001e-09	1.21898076142e-08
     9	8.56150647894e-09	2.05245388269e-09	1.06139603616e-08

Measurement: t_ro37
  step	t_ro37	FROM	TO
     1	6.13522918583e-09	1.47380743757e-09	7.60903662339e-09
     2	5.19403700371e-09	1.2457664397e-09	6.43980344341e-09
     3	4.59368223004e-09	1.10028672112e-09	5.69396895116e-09
     4	8.53170459338e-09	2.05074979271e-09	1.05824543861e-08
     5	7.09128304527e-09	1.70250787321e-09	8.79379091847e-09
     6	6.18036494579e-09	1.48242352637e-09	7.66278847216e-09
     7	1.23039922924e-08	2.95840718826e-09	1.52623994807e-08
     8	1.01471385479e-08	2.43754857863e-09	1.25846871265e-08
     9	8.78655549243e-09	2.10965572726e-09	1.08962112197e-08

Measurement: t_ro38
  step	t_ro38	FROM	TO
     1	6.06811607618e-09	1.45120585153e-09	7.51932192771e-09
     2	5.14888864146e-09	1.23006143807e-09	6.37895007952e-09
     3	4.5620072039e-09	1.08865603773e-09	5.65066324163e-09
     4	8.3847480242e-09	2.00503126592e-09	1.03897792901e-08
     5	6.99531010237e-09	1.67046329115e-09	8.66577339352e-09
     6	6.11063287929e-09	1.45814826666e-09	7.56878114596e-09
     7	1.2036743002e-08	2.87638511366e-09	1.49131281156e-08
     8	9.96395683605e-09	2.37864885199e-09	1.2342605688e-08
     9	8.64897530871e-09	2.06332917827e-09	1.0712304487e-08

Measurement: t_ro39
  step	t_ro39	FROM	TO
     1	6.40222160911e-09	1.53790581809e-09	7.9401274272e-09
     2	5.36444427869e-09	1.28585196008e-09	6.65029623877e-09
     3	4.70659462441e-09	1.12716891709e-09	5.8337635415e-09
     4	9.09542062571e-09	2.18408563106e-09	1.12795062568e-08
     5	7.43901702923e-09	1.78376687159e-09	9.22278390082e-09
     6	6.42089045896e-09	1.53824592568e-09	7.95913638463e-09
     7	1.32719063726e-08	3.18717361001e-09	1.64590799826e-08
     8	1.07594952833e-08	2.58037632972e-09	1.3339871613e-08
     9	9.22022485316e-09	2.2090310421e-09	1.14292558953e-08

Measurement: t_ro40
  step	t_ro40	FROM	TO
     1	5.80914262806e-09	1.38833793679e-09	7.19748056485e-09
     2	4.97641593114e-09	1.18738554819e-09	6.16380147933e-09
     3	4.43668215252e-09	1.05794117766e-09	5.49462333018e-09
     4	7.9496542484e-09	1.89846702089e-09	9.8481212693e-09
     5	6.69726553621e-09	1.59736318803e-09	8.29462872423e-09
     6	5.89084728717e-09	1.40409466081e-09	7.29494194799e-09
     7	1.13255257586e-08	2.7008121106e-09	1.40263378692e-08
     8	9.47048514572e-09	2.25679316557e-09	1.17272783113e-08
     9	8.27935716283e-09	1.97203574588e-09	1.02513929087e-08

Measurement: t_ro41
  step	t_ro41	FROM	TO
     1	6.05812279865e-09	1.45157436654e-09	7.5096971652e-09
     2	5.13370917288e-09	1.2279079209e-09	6.36161709378e-09
     3	4.55055528444e-09	1.08809580057e-09	5.63865108501e-09
     4	8.38784218363e-09	2.00990190157e-09	1.03977440852e-08
     5	6.99114420335e-09	1.67302122965e-09	8.664165433e-09
     6	6.10427599001e-09	1.45945887363e-09	7.56373486364e-09
     7	1.20571895345e-08	2.88873593839e-09	1.49459254729e-08
     8	9.97333558564e-09	2.38649633592e-09	1.23598319216e-08
     9	8.65379020564e-09	2.06896387804e-09	1.07227540837e-08

Measurement: t_ro42
  step	t_ro42	FROM	TO
     1	5.91499648946e-09	1.43201839012e-09	7.34701487958e-09
     2	5.04394195432e-09	1.21720967597e-09	6.26115163029e-09
     3	4.47996049551e-09	1.07900908896e-09	5.55896958447e-09
     4	8.16392632051e-09	1.97881871924e-09	1.01427450398e-08
     5	6.83921180156e-09	1.65338606104e-09	8.4925978626e-09
     6	5.9931455786e-09	1.44638051052e-09	7.43952608912e-09
     7	1.16954931456e-08	2.83692182865e-09	1.45324149743e-08
     8	9.72027852484e-09	2.35185535148e-09	1.20721338763e-08
     9	8.46369098587e-09	2.04465308705e-09	1.05083440729e-08

Measurement: t_ro43
  step	t_ro43	FROM	TO
     1	5.94275567952e-09	1.42544146845e-09	7.36819714797e-09
     2	5.07098854996e-09	1.21446173318e-09	6.28545028314e-09
     3	4.49704154952e-09	1.07574557436e-09	5.57278712388e-09
     4	8.21229390641e-09	1.96982627146e-09	1.01821201779e-08
     5	6.88029278727e-09	1.64840086142e-09	8.5286936487e-09
     6	6.03233208297e-09	1.44321505403e-09	7.475547137e-09
     7	1.1777736747e-08	2.82472699461e-09	1.46024637416e-08
     8	9.79780760486e-09	2.34672582584e-09	1.21445334307e-08
     9	8.53316539401e-09	2.04163077205e-09	1.05747961661e-08

Measurement: t_ro44
  step	t_ro44	FROM	TO
     1	5.80886378078e-09	1.39121091569e-09	7.20007469648e-09
     2	4.95999970923e-09	1.18653371301e-09	6.14653342225e-09
     3	4.42939964535e-09	1.05986954151e-09	5.48926918686e-09
     4	7.98142557628e-09	1.91085590676e-09	9.89228148304e-09
     5	6.71755363558e-09	1.60704028896e-09	8.32459392454e-09
     6	5.90214988431e-09	1.41180844935e-09	7.31395833366e-09
     7	1.13887738869e-08	2.72547581791e-09	1.41142497048e-08
     8	9.50998601682e-09	2.27424678691e-09	1.17842328037e-08
     9	8.30959640416e-09	1.98665649839e-09	1.02962529025e-08

Measurement: t_ro45
  step	t_ro45	FROM	TO
     1	6.03180247961e-09	1.44760194839e-09	7.47940442799e-09
     2	5.12000202191e-09	1.22716838463e-09	6.34717040654e-09
     3	4.5322316647e-09	1.0850011321e-09	5.6172327968e-09
     4	8.37015367997e-09	2.00973672359e-09	1.03798904036e-08
     5	6.96717276673e-09	1.67030710511e-09	8.63747987184e-09
     6	6.08086286093e-09	1.45710462577e-09	7.53796748671e-09
     7	1.20413223113e-08	2.89137763187e-09	1.49326999432e-08
     8	9.94104627078e-09	2.3837330915e-09	1.23247793623e-08
     9	8.62529482218e-09	2.06610108799e-09	1.06913959102e-08

Measurement: t_ro46
  step	t_ro46	FROM	TO
     1	6.15092930185e-09	1.48055729244e-09	7.63148659429e-09
     2	5.19299438977e-09	1.24899430601e-09	6.44198869578e-09
     3	4.59059360466e-09	1.10332105358e-09	5.69391465824e-09
     4	8.62794637184e-09	2.07844158807e-09	1.07063879599e-08
     5	7.14299930118e-09	1.71941847985e-09	8.86241778103e-09
     6	6.21279050998e-09	1.49462072816e-09	7.70741123814e-09
     7	1.25011625589e-08	3.01335419934e-09	1.55145167582e-08
     8	1.02612218048e-08	2.47169346928e-09	1.27329152741e-08
     9	8.86314829132e-09	2.13385312281e-09	1.09970014141e-08

Measurement: t_ro47
  step	t_ro47	FROM	TO
     1	6.06210579071e-09	1.45219694438e-09	7.51430273509e-09
     2	5.15122712269e-09	1.23188058924e-09	6.38310771193e-09
     3	4.56679214885e-09	1.09110371132e-09	5.65789586017e-09
     4	8.3990522147e-09	2.0127875352e-09	1.04118397499e-08
     5	7.02153279821e-09	1.67946504789e-09	8.7009978461e-09
     6	6.13795328988e-09	1.46661060487e-09	7.60456389475e-09
     7	1.20843542822e-08	2.89534173082e-09	1.4979696013e-08
     8	1.00275788887e-08	2.39819615193e-09	1.24257750407e-08
     9	8.71174764214e-09	2.08142774899e-09	1.07931753911e-08

Measurement: t_ro48
  step	t_ro48	FROM	TO
     1	5.95546667338e-09	1.42570214572e-09	7.38116881911e-09
     2	5.08468857584e-09	1.21594121136e-09	6.3006297872e-09
     3	4.5102520178e-09	1.07811364706e-09	5.58836566486e-09
     4	8.19827145924e-09	1.96228591085e-09	1.01605573701e-08
     5	6.87434924095e-09	1.6433700736e-09	8.51771931455e-09
     6	6.02550062364e-09	1.43978712555e-09	7.46528774918e-09
     7	1.17257426864e-08	2.80563994451e-09	1.45313826309e-08
     8	9.76028932911e-09	2.33268422911e-09	1.20929735582e-08
     9	8.50430502772e-09	2.03134526815e-09	1.05356502959e-08

Measurement: t_ro49
  step	t_ro49	FROM	TO
     1	5.93472816766e-09	1.42254460603e-09	7.35727277369e-09
     2	5.07223450118e-09	1.21334672653e-09	6.28558122772e-09
     3	4.50471827895e-09	1.07643501728e-09	5.58115329622e-09
     4	8.19104470194e-09	1.96345580675e-09	1.01545005087e-08
     5	6.87288571237e-09	1.64424219057e-09	8.51712790295e-09
     6	6.02632197146e-09	1.44012185655e-09	7.46644382801e-09
     7	1.17327235279e-08	2.81143637234e-09	1.45441599003e-08
     8	9.77143514572e-09	2.33677342324e-09	1.2108208569e-08
     9	8.51613951096e-09	2.03454277934e-09	1.05506822903e-08

Measurement: t_ro50
  step	t_ro50	FROM	TO
     1	5.73110480142e-09	1.37460051967e-09	7.10570532109e-09
     2	4.92153220719e-09	1.17941492205e-09	6.10094712924e-09
     3	4.39695374838e-09	1.05251304494e-09	5.44946679332e-09
     4	7.79945796577e-09	1.87182674689e-09	9.67128471266e-09
     5	6.59922145048e-09	1.58190974304e-09	8.18113119352e-09
     6	5.82038145636e-09	1.393948055e-09	7.21432951136e-09
     7	1.10736523807e-08	2.65774239102e-09	1.37313947717e-08
     8	9.304175729e-09	2.23069098295e-09	1.15348667119e-08
     9	8.15999058404e-09	1.95467795025e-09	1.01146685343e-08

Measurement: t_ro51
  step	t_ro51	FROM	TO
     1	6.09370467111e-09	1.46183833024e-09	7.55554300136e-09
     2	5.17131418355e-09	1.239560433e-09	6.41087461655e-09
     3	4.57368828085e-09	1.0955987963e-09	5.66928707715e-09
     4	8.48792312071e-09	2.03690032674e-09	1.05248234474e-08
     5	7.06299738769e-09	1.69325707438e-09	8.75625446207e-09
     6	6.16005542447e-09	1.47581699723e-09	7.63587242169e-09
     7	1.2239645232e-08	2.93707982893e-09	1.5176725061e-08
     8	1.01036428055e-08	2.42209734781e-09	1.25257401534e-08
     9	8.75448907249e-09	2.09725697187e-09	1.08517460444e-08

Measurement: t_ro52
  step	t_ro52	FROM	TO
     1	5.85516227158e-09	1.4047360699e-09	7.25989834148e-09
     2	5.00094845448e-09	1.19848773649e-09	6.19943619097e-09
     3	4.45158445916e-09	1.06633067305e-09	5.51791513221e-09
     4	8.05470617095e-09	1.93288007128e-09	9.98758624223e-09
     5	6.76620771012e-09	1.62195678634e-09	8.38816449645e-09
     6	5.93944937759e-09	1.42293629153e-09	7.36238566912e-09
     7	1.15163964179e-08	2.76357053899e-09	1.42799669569e-08
     8	9.60150408928e-09	2.30180429218e-09	1.19033083815e-08
     9	8.37780048412e-09	2.00749972454e-09	1.03853002087e-08

Measurement: t_ro53
  step	t_ro53	FROM	TO
     1	5.75541042888e-09	1.38112056424e-09	7.13653099312e-09
     2	4.95999992205e-09	1.18805696457e-09	6.14805688662e-09
     3	4.41545184291e-09	1.05627739016e-09	5.47172923306e-09
     4	7.86356283644e-09	1.887791993e-09	9.75135482945e-09
     5	6.65495704016e-09	1.59460359813e-09	8.24956063829e-09
     6	5.86809443115e-09	1.40440323206e-09	7.2724976632e-09
     7	1.11884459394e-08	2.68639597644e-09	1.38748419158e-08
     8	9.40338664357e-09	2.25379610591e-09	1.16571827495e-08
     9	8.24382562075e-09	1.97367451478e-09	1.02175001355e-08

Measurement: t_ro54
  step	t_ro54	FROM	TO
     1	5.87529379085e-09	1.40509945684e-09	7.28039324768e-09
     2	5.01729519416e-09	1.19895061901e-09	6.21624581317e-09
     3	4.46552618224e-09	1.06699587062e-09	5.53252205286e-09
     4	8.07147736096e-09	1.92983852521e-09	1.00013158862e-08
     5	6.77682160656e-09	1.61920402566e-09	8.39602563221e-09
     6	5.94931467672e-09	1.42098665528e-09	7.370301332e-09
     7	1.15188062054e-08	2.75287246383e-09	1.42716786692e-08
     8	9.59927200888e-09	2.29285220241e-09	1.18921242113e-08
     9	8.37609786476e-09	1.99991432821e-09	1.0376012193e-08

Measurement: t_ro55
  step	t_ro55	FROM	TO
     1	6.58364455924e-09	1.58337481753e-09	8.16701937677e-09
     2	5.47955356889e-09	1.31466900081e-09	6.7942225697e-09
     3	4.79999821772e-09	1.15045133035e-09	5.95044954807e-09
     4	9.39931376668e-09	2.26182905946e-09	1.16611428261e-08
     5	7.65713626811e-09	1.83851377676e-09	9.49565004488e-09
     6	6.58668784338e-09	1.57901329082e-09	8.16570113421e-09
     7	1.37873857203e-08	3.31800608599e-09	1.71053918063e-08
     8	1.11336506111e-08	2.67394650017e-09	1.38075971113e-08
     9	9.50740368434e-09	2.28001311733e-09	1.17874168017e-08

Measurement: t_ro56
  step	t_ro56	FROM	TO
     1	5.59590844274e-09	1.34774417672e-09	6.94365261946e-09
     2	4.83041759299e-09	1.16101898716e-09	5.99143658015e-09
     3	4.3199999626e-09	1.03785244834e-09	5.35785241094e-09
     4	7.60085168791e-09	1.83254282409e-09	9.433394512e-09
     5	6.45910472389e-09	1.55441974838e-09	8.01352447227e-09
     6	5.71705189152e-09	1.3741731667e-09	7.09122505823e-09
     7	1.07500645257e-08	2.59375908616e-09	1.33438236118e-08
     8	9.07064503156e-09	2.18489052937e-09	1.12555355609e-08
     9	7.98235281529e-09	1.92080353799e-09	9.90315635328e-09

Measurement: t_ro57
  step	t_ro57	FROM	TO
     1	6.03483128762e-09	1.44627583233e-09	7.48110711995e-09
     2	5.12589455524e-09	1.22550162729e-09	6.35139618253e-09
     3	4.54696176754e-09	1.08622018765e-09	5.63318195519e-09
     4	8.33380242015e-09	1.99803846484e-09	1.0331840885e-08
     5	6.96247996751e-09	1.6655685085e-09	8.62804847601e-09
     6	6.08739379193e-09	1.45443527381e-09	7.54182906575e-09
     7	1.19571599247e-08	2.86597481749e-09	1.48231347422e-08
     8	9.91380621146e-09	2.37138497522e-09	1.22851911867e-08
     9	8.61392213706e-09	2.05798412157e-09	1.06719062586e-08

Measurement: t_ro58
  step	t_ro58	FROM	TO
     1	5.90351744181e-09	1.42023040306e-09	7.32374784487e-09
     2	5.04070968692e-09	1.20902753596e-09	6.24973722288e-09
     3	4.47999051689e-09	1.07277451033e-09	5.55276502722e-09
     4	8.14281459196e-09	1.96305515138e-09	1.01058697433e-08
     5	6.83669949794e-09	1.64346542119e-09	8.48016491913e-09
     6	5.99771452623e-09	1.43895070283e-09	7.43666522906e-09
     7	1.16661516815e-08	2.81699645899e-09	1.44831481405e-08
     8	9.72034218029e-09	2.3401581703e-09	1.20605003506e-08
     9	8.47461750354e-09	2.03704707309e-09	1.05116645766e-08

Measurement: t_ro59
  step	t_ro59	FROM	TO
     1	5.73341655202e-09	1.37348552992e-09	7.10690208194e-09
     2	4.92610266136e-09	1.17923403987e-09	6.10533670123e-09
     3	4.39810578971e-09	1.0522148e-09	5.45032058971e-09
     4	7.83107442639e-09	1.87613912735e-09	9.70721355373e-09
     5	6.62456233892e-09	1.58580869051e-09	8.21037102943e-09
     6	5.84171718815e-09	1.39774648786e-09	7.23946367601e-09
     7	1.11425507489e-08	2.6688844085e-09	1.38114351574e-08
     8	9.35978802943e-09	2.24013136896e-09	1.15999193984e-08
     9	8.20564664258e-09	1.96310728265e-09	1.01687539252e-08

Measurement: t_ro60
  step	t_ro60	FROM	TO
     1	5.98875896668e-09	1.43954968004e-09	7.42830864672e-09
     2	5.10358647154e-09	1.22423079921e-09	6.32781727074e-09
     3	4.52991197244e-09	1.08485193877e-09	5.61476391121e-09
     4	8.27693273753e-09	1.99096021701e-09	1.02678929545e-08
     5	6.93491339575e-09	1.66530244264e-09	8.60021583838e-09
     6	6.07383563362e-09	1.45650899329e-09	7.53034462691e-09
     7	1.18811371831e-08	2.85911165845e-09	1.47402488416e-08
     8	9.8812429586e-09	2.37417880838e-09	1.2255421767e-08
     9	8.6001779648e-09	2.06405194934e-09	1.06642299141e-08

Measurement: t_ro61
  step	t_ro61	FROM	TO
     1	5.90459075984e-09	1.41481183237e-09	7.31940259221e-09
     2	5.04479890433e-09	1.20712819254e-09	6.25192709687e-09
     3	4.48003418155e-09	1.07237914632e-09	5.55241332787e-09
     4	8.10888951471e-09	1.94258870176e-09	1.00514782165e-08
     5	6.81344323198e-09	1.62995090939e-09	8.44339414137e-09
     6	5.98140567832e-09	1.43004297338e-09	7.4114486517e-09
     7	1.15779972719e-08	2.77205162564e-09	1.43500488975e-08
     8	9.65752252886e-09	2.3091321894e-09	1.19666547183e-08
     9	8.42798585031e-09	2.01392618718e-09	1.04419120375e-08

Measurement: t_ro62
  step	t_ro62	FROM	TO
     1	6.14807867574e-09	1.47255507295e-09	7.62063374869e-09
     2	5.20547497233e-09	1.24494971423e-09	6.45042468656e-09
     3	4.60353070443e-09	1.10001693862e-09	5.70354764304e-09
     4	8.54597233812e-09	2.04703283024e-09	1.05930051684e-08
     5	7.1121647142e-09	1.70129958648e-09	8.81346430068e-09
     6	6.20020409608e-09	1.48170816226e-09	7.68191225834e-09
     7	1.23179425764e-08	2.94998505659e-09	1.5267927633e-08
     8	1.0174016138e-08	2.43355848408e-09	1.26075746221e-08
     9	8.81384114406e-09	2.10633410786e-09	1.09201752519e-08

Measurement: t_ro63
  step	t_ro63	FROM	TO
     1	6.42657366597e-09	1.54348256e-09	7.97005622598e-09
     2	5.37865342786e-09	1.28889979316e-09	6.66755322102e-09
     3	4.72078405938e-09	1.12951679763e-09	5.850300857e-09
     4	9.11064279765e-09	2.18843030277e-09	1.12990731004e-08
     5	7.46503584364e-09	1.78966501826e-09	9.2547008619e-09
     6	6.44678141326e-09	1.543140754e-09	7.98992216726e-09
     7	1.33031603684e-08	3.19510236143e-09	1.64982627299e-08
     8	1.08057442424e-08	2.59072940611e-09	1.33964736485e-08
     9	9.26541257906e-09	2.21821487465e-09	1.14836274537e-08

Measurement: t_ro64
  step	t_ro64	FROM	TO
     1	6.37926362385e-09	1.53082716666e-09	7.9100907905e-09
     2	5.36051999971e-09	1.28369511892e-09	6.64421511863e-09
     3	4.71745717673e-09	1.12838209791e-09	5.84583927464e-09
     4	8.96465650568e-09	2.15168313924e-09	1.11163396449e-08
     5	7.40239508462e-09	1.77312080586e-09	9.17551589048e-09
     6	6.41622525616e-09	1.53516013731e-09	7.95138539347e-09
     7	1.30377379087e-08	3.12882224467e-09	1.61665601533e-08
     8	1.06798437381e-08	2.55812459029e-09	1.32379683284e-08
     9	9.19594746195e-09	2.20022790903e-09	1.1396175371e-08

Measurement: t_ro65
  step	t_ro65	FROM	TO
     1	5.88549167705e-09	1.40781053736e-09	7.29330221441e-09
     2	5.0275022189e-09	1.20133827603e-09	6.22884049492e-09
     3	4.47993821527e-09	1.06895861525e-09	5.54889683052e-09
     4	8.0958026987e-09	1.93628822501e-09	1.00320909237e-08
     5	6.80162048639e-09	1.62506526764e-09	8.42668575403e-09
     6	5.97127172568e-09	1.42579380634e-09	7.39706553201e-09
     7	1.15805385486e-08	2.76899479768e-09	1.43495333463e-08
     8	9.65834581906e-09	2.30698968946e-09	1.19653355085e-08
     9	8.42800529556e-09	2.01190496287e-09	1.04399102584e-08

Measurement: t_ro66
  step	t_ro66	FROM	TO
     1	6.16909289393e-09	1.48656274334e-09	7.65565563727e-09
     2	5.22178301497e-09	1.25425918547e-09	6.47604220044e-09
     3	4.61052613526e-09	1.10569831895e-09	5.71622445421e-09
     4	8.6069880879e-09	2.07765367985e-09	1.06846417678e-08
     5	7.14741109917e-09	1.71919489508e-09	8.86660599426e-09
     6	6.22351223503e-09	1.4940720614e-09	7.71758429643e-09
     7	1.24358406988e-08	3.00391439753e-09	1.54397550963e-08
     8	1.02445447848e-08	2.46628144622e-09	1.2710826231e-08
     9	8.86141271079e-09	2.12917166242e-09	1.09905843732e-08

Measurement: t_ro67
  step	t_ro67	FROM	TO
     1	5.99331525022e-09	1.44718449575e-09	7.44049974597e-09
     2	5.10095756327e-09	1.22669519756e-09	6.32765276083e-09
     3	4.52085627243e-09	1.08499071161e-09	5.60584698404e-09
     4	8.26981578432e-09	2.00353804713e-09	1.02733538314e-08
     5	6.91213819277e-09	1.66713065365e-09	8.57926884642e-09
     6	6.04760802078e-09	1.45486863126e-09	7.50247665203e-09
     7	1.18484232408e-08	2.87391412874e-09	1.47223373696e-08
     8	9.82806867372e-09	2.37572606038e-09	1.22037947341e-08
     9	8.54499009014e-09	2.06034006893e-09	1.06053301591e-08

Measurement: t_ro68
  step	t_ro68	FROM	TO
     1	6.00265313382e-09	1.44487738177e-09	7.44753051559e-09
     2	5.10158768945e-09	1.22668646977e-09	6.32827415922e-09
     3	4.51997911765e-09	1.08572974319e-09	5.60570886084e-09
     4	8.3400986199e-09	2.01038582564e-09	1.03504844455e-08
     5	6.95223834506e-09	1.67389903088e-09	8.62613737593e-09
     6	6.07387480813e-09	1.46113093657e-09	7.5350057447e-09
     7	1.20082810991e-08	2.89721567377e-09	1.49054967728e-08
     8	9.92641694487e-09	2.39193207883e-09	1.23183490237e-08
     9	8.61401684291e-09	2.07405829113e-09	1.0688075134e-08

Measurement: t_ro69
  step	t_ro69	FROM	TO
     1	5.85079013427e-09	1.41177025983e-09	7.26256039411e-09
     2	5.00055546194e-09	1.20494467672e-09	6.20550013867e-09
     3	4.45331640947e-09	1.07237891421e-09	5.52569532368e-09
     4	8.05901701802e-09	1.94794447061e-09	1.00069614886e-08
     5	6.77069372674e-09	1.63444815635e-09	8.40514188309e-09
     6	5.9438738743e-09	1.43374695073e-09	7.37762082503e-09
     7	1.15242702045e-08	2.78895776115e-09	1.43132279657e-08
     8	9.60899463695e-09	2.32232230376e-09	1.19313169407e-08
     9	8.38345985827e-09	2.0245752038e-09	1.04080350621e-08

Measurement: t_ro70
  step	t_ro70	FROM	TO
     1	6.24000173085e-09	1.50607039002e-09	7.74607212087e-09
     2	5.26626819329e-09	1.26996040764e-09	6.53622860093e-09
     3	4.6399991127e-09	1.11655573348e-09	5.75655484618e-09
     4	8.73729134561e-09	2.11130614129e-09	1.08485974869e-08
     5	7.23616473143e-09	1.74620307214e-09	8.98236780357e-09
     6	6.28828496572e-09	1.51587265755e-09	7.80415762327e-09
     7	1.26676391435e-08	3.06329129632e-09	1.57309304398e-08
     8	1.04067365513e-08	2.51326892328e-09	1.29200054745e-08
     9	8.98334819229e-09	2.16739821782e-09	1.11507464101e-08

Measurement: t_ro71
  step	t_ro71	FROM	TO
     1	5.74819262385e-09	1.3797189836e-09	7.12791160745e-09
     2	4.94110831116e-09	1.18412712072e-09	6.12523543188e-09
     3	4.41072469931e-09	1.05595397199e-09	5.46667867131e-09
     4	7.8567818062e-09	1.887069055e-09	9.7438508612e-09
     5	6.64846717419e-09	1.5940766017e-09	8.24254377588e-09
     6	5.86223639814e-09	1.40404593359e-09	7.26628233174e-09
     7	1.11793067174e-08	2.68542239331e-09	1.38647291108e-08
     8	9.39405866454e-09	2.25300911572e-09	1.16470677803e-08
     9	8.23535800087e-09	1.97306303838e-09	1.02084210393e-08

Measurement: t_ro72
  step	t_ro72	FROM	TO
     1	5.66705644124e-09	1.35100907769e-09	7.01806551894e-09
     2	4.88574011855e-09	1.16456594027e-09	6.05030605882e-09
     3	4.37040682602e-09	1.04183534113e-09	5.41224216715e-09
     4	7.70111575714e-09	1.83507774522e-09	9.53619350236e-09
     5	6.53890246218e-09	1.55785699121e-09	8.09675945339e-09
     6	5.77956888734e-09	1.37697629317e-09	7.15654518051e-09
     7	1.09086298507e-08	2.59804312158e-09	1.35066729723e-08
     8	9.19908842257e-09	2.19065667398e-09	1.13897450966e-08
     9	8.08592262739e-09	1.92560284598e-09	1.00115254734e-08

Measurement: t_ro73
  step	t_ro73	FROM	TO
     1	6.22734364469e-09	1.49492618448e-09	7.72226982917e-09
     2	5.25994086914e-09	1.26040118852e-09	6.52034205766e-09
     3	4.63999898076e-09	1.11189874955e-09	5.75189773032e-09
     4	8.72603722486e-09	2.09585077829e-09	1.08218880031e-08
     5	7.2197639511e-09	1.7312822706e-09	8.95104622169e-09
     6	6.27458184416e-09	1.50397405025e-09	7.77855589441e-09
     7	1.2644259887e-08	3.03723449732e-09	1.56814943843e-08
     8	1.03741350244e-08	2.48809546891e-09	1.28622304933e-08
     9	8.95467584362e-09	2.14676036139e-09	1.1101436205e-08

Measurement: t_ro74
  step	t_ro74	FROM	TO
     1	6.5599999867e-09	1.57231027231e-09	8.132310259e-09
     2	5.47290764293e-09	1.30970828226e-09	6.78261592518e-09
     3	4.79240430722e-09	1.14571949888e-09	5.9381238061e-09
     4	9.32226825123e-09	2.23419323973e-09	1.1556461491e-08
     5	7.60567565313e-09	1.8201450125e-09	9.42582066563e-09
     6	6.54953278989e-09	1.56585211215e-09	8.11538490204e-09
     7	1.36148694815e-08	3.26197630529e-09	1.68768457868e-08
     8	1.10121938923e-08	2.63513799313e-09	1.36473318854e-08
     9	9.41469215055e-09	2.25073820997e-09	1.16654303605e-08

Measurement: t_ro75
  step	t_ro75	FROM	TO
     1	6.31050572382e-09	1.5117217316e-09	7.82222745542e-09
     2	5.28005584634e-09	1.26333899347e-09	6.54339483981e-09
     3	4.66118632234e-09	1.11257776483e-09	5.77376408717e-09
     4	8.84823680341e-09	2.11994045279e-09	1.09681772562e-08
     5	7.28386282663e-09	1.74076151118e-09	9.02462433781e-09
     6	6.31225215717e-09	1.50638743651e-09	7.81863959368e-09
     7	1.28233637973e-08	3.0714190524e-09	1.58947828497e-08
     8	1.04644436744e-08	2.50053987462e-09	1.2964983549e-08
     9	9.00526634805e-09	2.14878645212e-09	1.11540528002e-08

Measurement: t_ro76
  step	t_ro76	FROM	TO
     1	6.05994452498e-09	1.45853528186e-09	7.51847980684e-09
     2	5.14139415586e-09	1.23477181703e-09	6.3761659729e-09
     3	4.55519643071e-09	1.09214934968e-09	5.64734578038e-09
     4	8.40465541258e-09	2.02438775824e-09	1.04290431708e-08
     5	7.00986307761e-09	1.6853384661e-09	8.69520154371e-09
     6	6.12362607434e-09	1.46989996165e-09	7.59352603599e-09
     7	1.20910209918e-08	2.91375844271e-09	1.50047794345e-08
     8	1.0008372095e-08	2.40793727617e-09	1.24163093712e-08
     9	8.68935459238e-09	2.08752127082e-09	1.07768758632e-08

Measurement: t_ro77
  step	t_ro77	FROM	TO
     1	6.18603485603e-09	1.48770206197e-09	7.67373691801e-09
     2	5.22609192445e-09	1.25525502969e-09	6.48134695413e-09
     3	4.62316044175e-09	1.10928651017e-09	5.73244695193e-09
     4	8.63410905972e-09	2.07717994259e-09	1.07112890023e-08
     5	7.16236954899e-09	1.72147696279e-09	8.88384651179e-09
     6	6.23772732257e-09	1.49804447368e-09	7.73577179624e-09
     7	1.24734907582e-08	3.00201336644e-09	1.54755041246e-08
     8	1.02663789506e-08	2.46853152567e-09	1.27349104763e-08
     9	8.87905765038e-09	2.1332145454e-09	1.10122721958e-08

Measurement: t_ro78
  step	t_ro78	FROM	TO
     1	5.84935395539e-09	1.39816943557e-09	7.24752339096e-09
     2	5.00304267683e-09	1.1953655302e-09	6.19840820703e-09
     3	4.45639688426e-09	1.06468755889e-09	5.52108444315e-09
     4	8.04153923475e-09	1.92172427542e-09	9.96326351017e-09
     5	6.766153305e-09	1.6160440642e-09	8.3821973692e-09
     6	5.94501222722e-09	1.41972311803e-09	7.36473534526e-09
     7	1.1487816095e-08	2.7439926283e-09	1.42318087233e-08
     8	9.59610493519e-09	2.29089690418e-09	1.18870018394e-08
     9	8.38149032994e-09	2.00052403935e-09	1.03820143693e-08

Measurement: t_ro79
  step	t_ro79	FROM	TO
     1	6.27188443241e-09	1.49864391642e-09	7.77052834883e-09
     2	5.28000662365e-09	1.26052207575e-09	6.5405286994e-09
     3	4.64508337549e-09	1.10737792148e-09	5.75246129697e-09
     4	8.79081417644e-09	2.10003316566e-09	1.08908473421e-08
     5	7.26312737591e-09	1.73304919556e-09	8.99617657147e-09
     6	6.30552893216e-09	1.5035377676e-09	7.80906669976e-09
     7	1.27382097798e-08	3.04146950842e-09	1.57796792882e-08
     8	1.04389731176e-08	2.48988875958e-09	1.29288618772e-08
     9	9.0011151922e-09	2.14553095697e-09	1.11466461492e-08

Measurement: t_ro80
  step	t_ro80	FROM	TO
     1	6.08000129756e-09	1.45548406254e-09	7.5354853601e-09
     2	5.14212644415e-09	1.22916489779e-09	6.37129134195e-09
     3	4.55934833574e-09	1.08910828771e-09	5.64845662345e-09
     4	8.39327682292e-09	2.00870080536e-09	1.04019776283e-08
     5	7.00352213153e-09	1.67351750225e-09	8.67703963378e-09
     6	6.11972197484e-09	1.46125548817e-09	7.580977463e-09
     7	1.20602481385e-08	2.88476463194e-09	1.49450127704e-08
     8	9.98694196518e-09	2.38533147618e-09	1.23722734414e-08
     9	8.67298507106e-09	2.0699392164e-09	1.07429242875e-08

Measurement: t_ro81
  step	t_ro81	FROM	TO
     1	6.20586556619e-09	1.50306254801e-09	7.7089281142e-09
     2	5.24576212091e-09	1.26739652694e-09	6.51315864785e-09
     3	4.63999944256e-09	1.1190583551e-09	5.75905779766e-09
     4	8.65330734416e-09	2.09862158421e-09	1.07519289284e-08
     5	7.1699273226e-09	1.73412700834e-09	8.90405433094e-09
     6	6.23717486197e-09	1.50613159519e-09	7.74330645716e-09
     7	1.24992536789e-08	3.03320225456e-09	1.55324559335e-08
     8	1.02722098274e-08	2.48597789913e-09	1.27581877265e-08
     9	8.87510346548e-09	2.14495266158e-09	1.10200561271e-08

Measurement: t_ro82
  step	t_ro82	FROM	TO
     1	6.22473401219e-09	1.4984958478e-09	7.72322985999e-09
     2	5.25980174747e-09	1.26511591816e-09	6.52491766563e-09
     3	4.63999625675e-09	1.11603602615e-09	5.7560322829e-09
     4	8.69901682588e-09	2.09631861314e-09	1.0795335439e-08
     5	7.21393835704e-09	1.73688311069e-09	8.95082146772e-09
     6	6.27351137578e-09	1.50985570753e-09	7.78336708331e-09
     7	1.25917321537e-08	3.03652886504e-09	1.56282610187e-08
     8	1.03611355971e-08	2.49660649378e-09	1.28577420909e-08
     9	8.95180250002e-09	2.15628119301e-09	1.1108083693e-08

Measurement: t_ro83
  step	t_ro83	FROM	TO
     1	5.86137520203e-09	1.40960030816e-09	7.27097551019e-09
     2	5.01247378719e-09	1.20438606796e-09	6.21685985515e-09
     3	4.46356257741e-09	1.07174322165e-09	5.53530579906e-09
     4	8.06645123117e-09	1.94104534237e-09	1.00074965735e-08
     5	6.78303682376e-09	1.63068793765e-09	8.41372476141e-09
     6	5.95644561298e-09	1.43114737636e-09	7.38759298934e-09
     7	1.15341922294e-08	2.77643209998e-09	1.43106243293e-08
     8	9.62809246011e-09	2.31566489523e-09	1.19437573553e-08
     9	8.40428437504e-09	2.02026359643e-09	1.04245479715e-08

Measurement: t_ro84
  step	t_ro84	FROM	TO
     1	5.92000044647e-09	1.41298622193e-09	7.33298666841e-09
     2	5.05417359887e-09	1.20554594645e-09	6.25971954531e-09
     3	4.48590289926e-09	1.06990243184e-09	5.55580533111e-09
     4	8.17711691317e-09	1.95072691632e-09	1.01278438295e-08
     5	6.8500000967e-09	1.63330938373e-09	8.48330948043e-09
     6	6.00238960627e-09	1.43082470734e-09	7.43321431362e-09
     7	1.17189570808e-08	2.79442454368e-09	1.45133816245e-08
     8	9.74151724986e-09	2.32188526032e-09	1.20634025102e-08
     9	8.48232496392e-09	2.02141915514e-09	1.05037441191e-08

Measurement: t_ro85
  step	t_ro85	FROM	TO
     1	5.96920404593e-09	1.43503000826e-09	7.40423405419e-09
     2	5.07510495843e-09	1.21949309535e-09	6.29459805378e-09
     3	4.49989920425e-09	1.080961915e-09	5.58086111925e-09
     4	8.26654856548e-09	1.98858087835e-09	1.02551294438e-08
     5	6.90068356304e-09	1.65919041631e-09	8.55987397935e-09
     6	6.03458260918e-09	1.45055347053e-09	7.4851360797e-09
     7	1.18787452255e-08	2.85869733908e-09	1.47374425646e-08
     8	9.83797810495e-09	2.36663812818e-09	1.22046162331e-08
     9	8.54663402191e-09	2.05551253943e-09	1.06021465613e-08

Measurement: t_ro86
  step	t_ro86	FROM	TO
     1	5.75999913451e-09	1.37708894434e-09	7.13708807885e-09
     2	4.96000000596e-09	1.18377042408e-09	6.14377043004e-09
     3	4.42006919188e-09	1.05426206568e-09	5.47433125756e-09
     4	7.88229071422e-09	1.88349377709e-09	9.76578449131e-09
     5	6.65892490417e-09	1.58919481511e-09	8.24811971928e-09
     6	5.86622492942e-09	1.39907391385e-09	7.26529884327e-09
     7	1.12086646921e-08	2.67735006021e-09	1.38860147523e-08
     8	9.40248073637e-09	2.24338116346e-09	1.16458618998e-08
     9	8.23511149949e-09	1.96347781361e-09	1.01985893131e-08

Measurement: t_ro87
  step	t_ro87	FROM	TO
     1	6.47779063087e-09	1.56871178968e-09	8.04650242055e-09
     2	5.4274948036e-09	1.31062175993e-09	6.73811656353e-09
     3	4.75170111117e-09	1.14525092803e-09	5.89695203921e-09
     4	9.18151511314e-09	2.22731919306e-09	1.14088343062e-08
     5	7.52155784474e-09	1.81981705274e-09	9.34137489748e-09
     6	6.49380880007e-09	1.5680546017e-09	8.06186340177e-09
     7	1.34167818641e-08	3.25651163276e-09	1.66732934968e-08
     8	1.08991103149e-08	2.63883990367e-09	1.35379502186e-08
     9	9.34052753621e-09	2.25786215976e-09	1.1598389696e-08

Measurement: t_ro88
  step	t_ro88	FROM	TO
     1	5.76000274136e-09	1.38866897557e-09	7.14867171693e-09
     2	4.95999998243e-09	1.19481585234e-09	6.15481583478e-09
     3	4.41255605744e-09	1.06244214784e-09	5.47499820528e-09
     4	7.86178255963e-09	1.89972975483e-09	9.76151231446e-09
     5	6.64546719163e-09	1.60339840906e-09	8.24886560069e-09
     6	5.85608949339e-09	1.4117468998e-09	7.26783639319e-09
     7	1.11828021863e-08	2.70448701225e-09	1.38872891985e-08
     8	9.38590809665e-09	2.26655319024e-09	1.16524612869e-08
     9	8.22285484032e-09	1.98411951178e-09	1.02069743521e-08

Measurement: t_ro89
  step	t_ro89	FROM	TO
     1	5.92000012509e-09	1.41279218516e-09	7.33279231024e-09
     2	5.05945972181e-09	1.20718002619e-09	6.266639748e-09
     3	4.49737186992e-09	1.07277349514e-09	5.57014536506e-09
     4	8.16510789192e-09	1.94512794746e-09	1.01102358394e-08
     5	6.85487095572e-09	1.63410215702e-09	8.48897311274e-09
     6	6.01244508584e-09	1.43331059289e-09	7.44575567873e-09
     7	1.1695509984e-08	2.78126099194e-09	1.44767709759e-08
     8	9.74494444214e-09	2.32053230301e-09	1.20654767452e-08
     9	8.49485298556e-09	2.02335210936e-09	1.05182050949e-08

Measurement: t_ro90
  step	t_ro90	FROM	TO
     1	5.82557872133e-09	1.39203703056e-09	7.21761575189e-09
     2	4.99049310996e-09	1.19159647999e-09	6.18208958995e-09
     3	4.44760896149e-09	1.0613411839e-09	5.50895014538e-09
     4	7.9819008991e-09	1.90689879992e-09	9.88879969902e-09
     5	6.7273225374e-09	1.60558230687e-09	8.33290484427e-09
     6	5.91801121772e-09	1.41175528595e-09	7.32976650367e-09
     7	1.13762080057e-08	2.7165118468e-09	1.40927198525e-08
     8	9.52020637251e-09	2.27156077855e-09	1.17917671511e-08
     9	8.32384343084e-09	1.98534471482e-09	1.03091881457e-08

Measurement: t_ro91
  step	t_ro91	FROM	TO
     1	5.91998468461e-09	1.41923076508e-09	7.33921544968e-09
     2	5.05792750562e-09	1.21119888327e-09	6.26912638888e-09
     3	4.49553914392e-09	1.07590356518e-09	5.57144270909e-09
     4	8.16339429777e-09	1.95865912691e-09	1.01220534247e-08
     5	6.85894587342e-09	1.64313343809e-09	8.5020793115e-09
     6	6.01773120959e-09	1.44030784759e-09	7.45803905718e-09
     7	1.16911152669e-08	2.80463010398e-09	1.44957453708e-08
     8	9.75063480999e-09	2.33577147614e-09	1.20864062861e-08
     9	8.50299495969e-09	2.03510084263e-09	1.05380958023e-08

Measurement: t_ro92
  step	t_ro92	FROM	TO
     1	6.00636660089e-09	1.44376815588e-09	7.45013475677e-09
     2	5.12000359341e-09	1.23003900313e-09	6.35004259654e-09
     3	4.53400019025e-09	1.0881445084e-09	5.62214469865e-09
     4	8.30437570042e-09	1.99724081722e-09	1.03016165176e-08
     5	6.9468728667e-09	1.66901655132e-09	8.61588941803e-09
     6	6.0787954255e-09	1.45966197544e-09	7.53845740094e-09
     7	1.19189398538e-08	2.86727823395e-09	1.47862180878e-08
     8	9.89700589922e-09	2.37851277646e-09	1.22755186757e-08
     9	8.60712023192e-09	2.06727475149e-09	1.06743949834e-08

Measurement: t_ro93
  step	t_ro93	FROM	TO
     1	6.01112246323e-09	1.44327994984e-09	7.45440241308e-09
     2	5.12000347907e-09	1.22486752323e-09	6.34487100229e-09
     3	4.53479604488e-09	1.08409733616e-09	5.61889338104e-09
     4	8.34056036284e-09	2.0040167604e-09	1.03445771232e-08
     5	6.97024048284e-09	1.66978136177e-09	8.64002184461e-09
     6	6.09498735384e-09	1.45759276118e-09	7.55258011502e-09
     7	1.19960096045e-08	2.88264703003e-09	1.48786566346e-08
     8	9.94800951082e-09	2.38395290263e-09	1.23319624134e-08
     9	8.64407012831e-09	2.06795140554e-09	1.07120215338e-08

Measurement: t_ro94
  step	t_ro94	FROM	TO
     1	5.8501848587e-09	1.40558130592e-09	7.25576616463e-09
     2	4.99779472537e-09	1.19974252881e-09	6.19753725419e-09
     3	4.45071618739e-09	1.06788310012e-09	5.51859928751e-09
     4	8.02470576035e-09	1.92880445669e-09	9.95351021705e-09
     5	6.74585612828e-09	1.61996383464e-09	8.36581996291e-09
     6	5.92605650687e-09	1.42223375881e-09	7.34829026568e-09
     7	1.14506734164e-08	2.75305850125e-09	1.42037319177e-08
     8	9.55623299434e-09	2.29552152456e-09	1.18517545189e-08
     9	8.34597630701e-09	2.00381632006e-09	1.03497926271e-08

Measurement: t_ro95
  step	t_ro95	FROM	TO
     1	6.07070111735e-09	1.47305656448e-09	7.54375768183e-09
     2	5.14452980087e-09	1.24480820168e-09	6.38933800255e-09
     3	4.55430606859e-09	1.10026062501e-09	5.65456669359e-09
     4	8.46048874195e-09	2.05562182341e-09	1.05161105654e-08
     5	7.03814023142e-09	1.70474701295e-09	8.74288724437e-09
     6	6.13802052151e-09	1.48482045886e-09	7.62284098036e-09
     7	1.2195997859e-08	2.96461541192e-09	1.51606132709e-08
     8	1.00585575629e-08	2.43846310579e-09	1.24970206687e-08
     9	8.71547742403e-09	2.1098063447e-09	1.08252837687e-08

Measurement: t_ro96
  step	t_ro96	FROM	TO
     1	6.30105871071e-09	1.51025054919e-09	7.8113092599e-09
     2	5.29227196368e-09	1.26761521245e-09	6.55988717613e-09
     3	4.66437666072e-09	1.11584096666e-09	5.78021762738e-09
     4	8.82136559614e-09	2.11455619785e-09	1.0935921794e-08
     5	7.28130778504e-09	1.74350875694e-09	9.02481654198e-09
     6	6.31495359662e-09	1.51089597254e-09	7.82584956916e-09
     7	1.27850745366e-08	3.06421280285e-09	1.58492873395e-08
     8	1.04680270825e-08	2.50642557213e-09	1.29744526546e-08
     9	9.01851706233e-09	2.15775004735e-09	1.11762671097e-08

Measurement: t_ro97
  step	t_ro97	FROM	TO
     1	5.87101314736e-09	1.41557828719e-09	7.28659143455e-09
     2	5.01439994254e-09	1.20597648274e-09	6.22037642528e-09
     3	4.46355484093e-09	1.07209615245e-09	5.53565099338e-09
     4	8.08964183303e-09	1.95337778761e-09	1.00430196206e-08
     5	6.79467687558e-09	1.6362844584e-09	8.43096133398e-09
     6	5.96545791316e-09	1.43450892265e-09	7.39996683581e-09
     7	1.15625237069e-08	2.7937291692e-09	1.43562528761e-08
     8	9.63764440208e-09	2.32285791762e-09	1.19605023197e-08
     9	8.40921180926e-09	2.02427394123e-09	1.04334857505e-08

Measurement: t_ro98
  step	t_ro98	FROM	TO
     1	5.91999979591e-09	1.42374446405e-09	7.34374425996e-09
     2	5.03147829273e-09	1.20864296565e-09	6.24012125838e-09
     3	4.4799818735e-09	1.0742721378e-09	5.55425401131e-09
     4	8.1760713758e-09	1.96884326234e-09	1.01449146381e-08
     5	6.83901942229e-09	1.6443788678e-09	8.48339829008e-09
     6	5.98975628618e-09	1.43845036187e-09	7.42820664805e-09
     7	1.17202210722e-08	2.82336021777e-09	1.454358129e-08
     8	9.7257787583e-09	2.33975456226e-09	1.20655333206e-08
     9	8.46320114173e-09	2.03381246882e-09	1.04970136106e-08

Measurement: t_ro99
  step	t_ro99	FROM	TO
     1	5.99542000855e-09	1.43971637587e-09	7.43513638442e-09
     2	5.11999727471e-09	1.22684759525e-09	6.34684486996e-09
     3	4.52925011085e-09	1.08547807333e-09	5.61472818417e-09
     4	8.30422400596e-09	1.99448650135e-09	1.02987105073e-08
     5	6.94935022064e-09	1.66765857944e-09	8.61700880008e-09
     6	6.08198601497e-09	1.45835128223e-09	7.54033729721e-09
     7	1.19262984803e-08	2.86440868103e-09	1.47907071613e-08
     8	9.90685687123e-09	2.37780691658e-09	1.22846637878e-08
     9	8.6168223045e-09	2.06659191358e-09	1.06834142181e-08

Measurement: t_ro100
  step	t_ro100	FROM	TO
     1	6.13591005688e-09	1.48007583384e-09	7.61598589072e-09
     2	5.19294980308e-09	1.25055786261e-09	6.44350766568e-09
     3	4.59450735412e-09	1.10495263646e-09	5.69945999058e-09
     4	8.57510484482e-09	2.07128291424e-09	1.06463877591e-08
     5	7.12688863511e-09	1.71825047195e-09	8.84513910706e-09
     6	6.20962434871e-09	1.49528585931e-09	7.70491020802e-09
     7	1.23950034495e-08	2.99618047893e-09	1.53911839284e-08
     8	1.02193849523e-08	2.46570323625e-09	1.26850881885e-08
     9	8.84516399083e-09	2.1317377445e-09	1.09769017353e-08

Measurement: t_ro101
  step	t_ro101	FROM	TO
     1	6.3106946278e-09	1.51934998914e-09	7.83004461694e-09
     2	5.3092777908e-09	1.27590289256e-09	6.58518068336e-09
     3	4.67419439383e-09	1.12276560683e-09	5.79696000066e-09
     4	8.89179313736e-09	2.14187728503e-09	1.10336704224e-08
     5	7.33609754369e-09	1.76444360073e-09	9.10054114442e-09
     6	6.36074509133e-09	1.52876650228e-09	7.88951159361e-09
     7	1.29249336002e-08	3.11377068282e-09	1.6038704283e-08
     8	1.05752042765e-08	2.54406834718e-09	1.31192726237e-08
     9	9.10643269244e-09	2.18928372022e-09	1.12957164127e-08

Measurement: t_ro102
  step	t_ro102	FROM	TO
     1	6.08000173896e-09	1.45879512237e-09	7.53879686133e-09
     2	5.15404735478e-09	1.23603853433e-09	6.39008588911e-09
     3	4.57010818421e-09	1.09522159937e-09	5.66532978358e-09
     4	8.39829610188e-09	2.01701709901e-09	1.04153132009e-08
     5	7.0162418043e-09	1.6832202728e-09	8.6994620771e-09
     6	6.13129051153e-09	1.4697304867e-09	7.60102099823e-09
     7	1.20656729222e-08	2.89789884989e-09	1.49635717721e-08
     8	1.00069844135e-08	2.40090535186e-09	1.24078897653e-08
     9	8.69202346068e-09	2.08384014253e-09	1.07758636032e-08

Measurement: t_ro103
  step	t_ro103	FROM	TO
     1	5.93567120301e-09	1.42942414993e-09	7.36509535294e-09
     2	5.05859920989e-09	1.21172537364e-09	6.27032458353e-09
     3	4.48004257709e-09	1.07215094982e-09	5.55219352691e-09
     4	8.19372001972e-09	1.97847364506e-09	1.01721936648e-08
     5	6.85099677629e-09	1.64421086658e-09	8.49520764287e-09
     6	5.99970096059e-09	1.43523136152e-09	7.4349323221e-09
     7	1.17253489763e-08	2.83438318517e-09	1.45597321614e-08
     8	9.72447860912e-09	2.33729174936e-09	1.20617703585e-08
     9	8.46096758928e-09	2.02662994325e-09	1.04875975325e-08

Measurement: t_ro104
  step	t_ro104	FROM	TO
     1	5.84082568783e-09	1.40986185636e-09	7.25068754419e-09
     2	5.00288588993e-09	1.20576557768e-09	6.20865146762e-09
     3	4.45714645508e-09	1.07261397141e-09	5.52976042649e-09
     4	8.01044194054e-09	1.93527317835e-09	9.94571511889e-09
     5	6.75062008052e-09	1.62846050636e-09	8.37908058687e-09
     6	5.93514053384e-09	1.43005430193e-09	7.36519483577e-09
     7	1.14325176228e-08	2.76309036071e-09	1.41956079836e-08
     8	9.56625314845e-09	2.30880365639e-09	1.18750568048e-08
     9	8.36140124441e-09	2.01601701615e-09	1.03774182606e-08

Measurement: t_ro105
  step	t_ro105	FROM	TO
     1	6.11149992101e-09	1.46296964043e-09	7.57446956144e-09
     2	5.16949440577e-09	1.23606289757e-09	6.40555730334e-09
     3	4.57336523425e-09	1.09287918234e-09	5.66624441659e-09
     4	8.49974085571e-09	2.03451634641e-09	1.05342572021e-08
     5	7.05932313658e-09	1.68791476609e-09	8.74723790266e-09
     6	6.15221841938e-09	1.4699782225e-09	7.62219664188e-09
     7	1.22528841817e-08	2.93206691802e-09	1.51849510997e-08
     8	1.00956799997e-08	2.4131776909e-09	1.25088576906e-08
     9	8.74027533229e-09	2.0879460518e-09	1.08282213841e-08

Measurement: t_ro106
  step	t_ro106	FROM	TO
     1	6.24000051262e-09	1.49738840208e-09	7.73738891471e-09
     2	5.26504021269e-09	1.26219017026e-09	6.52723038295e-09
     3	4.64000032182e-09	1.11193112745e-09	5.75193144927e-09
     4	8.74213655005e-09	2.09660079379e-09	1.08387373438e-08
     5	7.23633851948e-09	1.73415206617e-09	8.97049058565e-09
     6	6.28773494227e-09	1.50637921844e-09	7.79411416071e-09
     7	1.26682361495e-08	3.03713167537e-09	1.57053678249e-08
     8	1.04014995739e-08	2.49191024177e-09	1.28934098157e-08
     9	8.97745122457e-09	2.15013617253e-09	1.11275873971e-08

Measurement: t_ro107
  step	t_ro107	FROM	TO
     1	6.44089185532e-09	1.54985813493e-09	7.99074999025e-09
     2	5.39665673439e-09	1.29600390883e-09	6.69266064322e-09
     3	4.74415126102e-09	1.13793209569e-09	5.8820833567e-09
     4	9.09236983041e-09	2.18896318528e-09	1.12813330157e-08
     5	7.4650529914e-09	1.79393773919e-09	9.25899073059e-09
     6	6.45176812664e-09	1.54834913129e-09	8.00011725792e-09
     7	1.32510286191e-08	3.19072862202e-09	1.64417572412e-08
     8	1.07876086876e-08	2.59326003838e-09	1.33808687259e-08
     9	9.2594807423e-09	2.22295377585e-09	1.14824345181e-08

Measurement: t_ro108
  step	t_ro108	FROM	TO
     1	6.24000045896e-09	1.49992092936e-09	7.73992138831e-09
     2	5.25987001212e-09	1.26183450091e-09	6.52170451303e-09
     3	4.63283669141e-09	1.11036419354e-09	5.74320088495e-09
     4	8.75794443736e-09	2.10498647683e-09	1.08629309142e-08
     5	7.22035529877e-09	1.73314801919e-09	8.95350331796e-09
     6	6.26360172987e-09	1.50202179968e-09	7.76562352955e-09
     7	1.26892610472e-08	3.0501776012e-09	1.57394386484e-08
     8	1.03727734506e-08	2.49023474328e-09	1.28630081938e-08
     9	8.9358931727e-09	2.14338466887e-09	1.10792778416e-08

Measurement: t_ro109
  step	t_ro109	FROM	TO
     1	5.9078276993e-09	1.42061347908e-09	7.32844117839e-09
     2	5.03996829774e-09	1.21119904857e-09	6.25116734631e-09
     3	4.48000027959e-09	1.07554074884e-09	5.55554102843e-09
     4	8.14916221463e-09	1.96128584142e-09	1.0110448056e-08
     5	6.84271122112e-09	1.64575913951e-09	8.48847036063e-09
     6	6.00210311078e-09	1.44248590925e-09	7.44458902003e-09
     7	1.16833962736e-08	2.81311992942e-09	1.4496516203e-08
     8	9.73837860959e-09	2.34331755128e-09	1.20816961609e-08
     9	8.48958292486e-09	2.04165103132e-09	1.05312339562e-08

Measurement: t_ro110
  step	t_ro110	FROM	TO
     1	5.82918106994e-09	1.39968042405e-09	7.22886149399e-09
     2	4.99042714893e-09	1.19669924517e-09	6.18712639411e-09
     3	4.44899441034e-09	1.06554008179e-09	5.51453449213e-09
     4	7.98635326321e-09	1.91845525322e-09	9.90480851643e-09
     5	6.73366238455e-09	1.61508633821e-09	8.34874872276e-09
     6	5.92014307666e-09	1.41876861955e-09	7.33891169621e-09
     7	1.13862153612e-08	2.73576592278e-09	1.41219812839e-08
     8	9.53299249306e-09	2.28715536767e-09	1.18201478607e-08
     9	8.33606181186e-09	1.99805720238e-09	1.03341190142e-08

Measurement: t_ro111
  step	t_ro111	FROM	TO
     1	6.06458882893e-09	1.45342539292e-09	7.51801422185e-09
     2	5.14566722914e-09	1.23111502048e-09	6.37678224961e-09
     3	4.56415438623e-09	1.09091115489e-09	5.65506554111e-09
     4	8.41230115923e-09	2.01602314021e-09	1.04283242994e-08
     5	7.02357311882e-09	1.68062612259e-09	8.7041992414e-09
     6	6.13684800673e-09	1.4669198673e-09	7.60376787403e-09
     7	1.21099749554e-08	2.90163877612e-09	1.50116137315e-08
     8	1.00354751593e-08	2.40117061073e-09	1.24366457701e-08
     9	8.71424125785e-09	2.08286121257e-09	1.07971024704e-08

Measurement: t_ro112
  step	t_ro112	FROM	TO
     1	6.08000872449e-09	1.46965441974e-09	7.54966314423e-09
     2	5.16060257822e-09	1.24394094305e-09	6.40454352127e-09
     3	4.56782862525e-09	1.09949682775e-09	5.667325453e-09
     4	8.47392231894e-09	2.04985645877e-09	1.05237787777e-08
     5	7.05901885504e-09	1.70326883442e-09	8.76228768947e-09
     6	6.16026149091e-09	1.48422293559e-09	7.6444844265e-09
     7	1.22174109076e-08	2.95661406052e-09	1.51740249681e-08
     8	1.00978293793e-08	2.43783333034e-09	1.25356627097e-08
     9	8.75489970504e-09	2.11064700982e-09	1.08655467149e-08

Measurement: t_ro113
  step	t_ro113	FROM	TO
     1	6.08001034112e-09	1.45723118154e-09	7.53724152266e-09
     2	5.14655207113e-09	1.23202505433e-09	6.37857712546e-09
     3	4.55718922671e-09	1.09091392517e-09	5.64810315189e-09
     4	8.43163165688e-09	2.02074344094e-09	1.04523750978e-08
     5	7.01607344402e-09	1.67958612983e-09	8.69565957386e-09
     6	6.12274883547e-09	1.4651025816e-09	7.58785141707e-09
     7	1.21322096652e-08	2.90731207416e-09	1.50395217394e-08
     8	1.00133411301e-08	2.39678450408e-09	1.24101256342e-08
     9	8.68161842275e-09	2.07695181922e-09	1.0758570242e-08

Measurement: t_ro114
  step	t_ro114	FROM	TO
     1	6.09748951411e-09	1.46306913215e-09	7.56055864626e-09
     2	5.17099406244e-09	1.23845387691e-09	6.40944793935e-09
     3	4.57639455419e-09	1.09456431811e-09	5.6709588723e-09
     4	8.48181978357e-09	2.03572577079e-09	1.05175455544e-08
     5	7.06164457186e-09	1.69158591987e-09	8.75323049173e-09
     6	6.16115701139e-09	1.47419214041e-09	7.6353491518e-09
     7	1.22298055069e-08	2.93495829737e-09	1.51647638042e-08
     8	1.01009351158e-08	2.41976689859e-09	1.25207020144e-08
     9	8.75490144629e-09	2.09491101179e-09	1.08498124581e-08

Measurement: t_ro115
  step	t_ro115	FROM	TO
     1	6.40000310646e-09	1.53681735953e-09	7.93682046599e-09
     2	5.34609841968e-09	1.28287429869e-09	6.62897271836e-09
     3	4.69384392969e-09	1.12525877204e-09	5.81910270173e-09
     4	9.05513438808e-09	2.17593411338e-09	1.12310685015e-08
     5	7.42025750569e-09	1.78141808052e-09	9.20167558621e-09
     6	6.41031703754e-09	1.53773832818e-09	7.94805536573e-09
     7	1.32164403639e-08	3.17639664338e-09	1.63928370072e-08
     8	1.07357824094e-08	2.57804467038e-09	1.33138270798e-08
     9	9.20805907708e-09	2.20958363326e-09	1.14176427103e-08

Measurement: t_ro116
  step	t_ro116	FROM	TO
     1	5.95508213899e-09	1.43147269592e-09	7.38655483491e-09
     2	5.06331669579e-09	1.21523095814e-09	6.27854765393e-09
     3	4.49277995125e-09	1.07679864585e-09	5.5695785971e-09
     4	8.24338898282e-09	1.98290110744e-09	1.02262900903e-08
     5	6.8777563546e-09	1.65193161103e-09	8.52968796563e-09
     6	6.01750765195e-09	1.44375906336e-09	7.46126671531e-09
     7	1.18300217526e-08	2.84628679961e-09	1.46763085522e-08
     8	9.78889777767e-09	2.35208919e-09	1.21409869677e-08
     9	8.5079394424e-09	2.04249725921e-09	1.05504367016e-08

Measurement: t_ro117
  step	t_ro117	FROM	TO
     1	6.40000413886e-09	1.53125763975e-09	7.93126177861e-09
     2	5.37458739709e-09	1.28414746035e-09	6.65873485744e-09
     3	4.72201640533e-09	1.1273870246e-09	5.84940342993e-09
     4	9.00494678211e-09	2.15518076771e-09	1.11601275498e-08
     5	7.41908280152e-09	1.77260542248e-09	9.19168822399e-09
     6	6.42274050986e-09	1.5329818803e-09	7.95572239016e-09
     7	1.31001978125e-08	3.13410600416e-09	1.62343038166e-08
     8	1.07061015751e-08	2.55744800117e-09	1.32635495763e-08
     9	9.20692733094e-09	2.19721335777e-09	1.14041406887e-08

Measurement: t_ro118
  step	t_ro118	FROM	TO
     1	6.04500768805e-09	1.46342168971e-09	7.50842937777e-09
     2	5.11999138825e-09	1.2369957636e-09	6.35698715185e-09
     3	4.54827232137e-09	1.09718203626e-09	5.64545435763e-09
     4	8.38041106491e-09	2.0317001957e-09	1.04121112606e-08
     5	6.99239999522e-09	1.6908781674e-09	8.68327816261e-09
     6	6.10912762218e-09	1.47511587233e-09	7.58424349452e-09
     7	1.2048137806e-08	2.92274308854e-09	1.49708808945e-08
     8	9.97468733451e-09	2.41388292061e-09	1.23885702551e-08
     9	8.66011072542e-09	2.09276195634e-09	1.07528726818e-08

Measurement: t_ro119
  step	t_ro119	FROM	TO
     1	6.09398377639e-09	1.46155432405e-09	7.55553810043e-09
     2	5.15496092941e-09	1.23482318504e-09	6.38978411445e-09
     3	4.55850745188e-09	1.09103817468e-09	5.64954562657e-09
     4	8.52848283784e-09	2.04491308443e-09	1.05733959223e-08
     5	7.06847532969e-09	1.69311483926e-09	8.76159016895e-09
     6	6.15626405199e-09	1.47357996768e-09	7.62984401967e-09
     7	1.23174308405e-08	2.95303915968e-09	1.52704700002e-08
     8	1.01214390896e-08	2.42430722732e-09	1.25457463169e-08
     9	8.75436453473e-09	2.09536909975e-09	1.08497336345e-08

Measurement: t_ro120
  step	t_ro120	FROM	TO
     1	6.09475844781e-09	1.45955675148e-09	7.55431519929e-09
     2	5.17225335478e-09	1.23641875411e-09	6.40867210889e-09
     3	4.57769853918e-09	1.09335383407e-09	5.67105237325e-09
     4	8.4641419928e-09	2.02711394354e-09	1.04912559363e-08
     5	7.05498501026e-09	1.6864362317e-09	8.74142124197e-09
     6	6.15807076727e-09	1.47064852817e-09	7.62871929544e-09
     7	1.21844794005e-08	2.91756228676e-09	1.51020416872e-08
     8	1.00791556802e-08	2.40896772751e-09	1.24881234077e-08
     9	8.74172410645e-09	2.08748546547e-09	1.08292095719e-08

Measurement: t_ro121
  step	t_ro121	FROM	TO
     1	5.49724976219e-09	1.31234779052e-09	6.80959755271e-09
     2	4.76183493932e-09	1.13616284251e-09	5.89799778183e-09
     3	4.27563981661e-09	1.01994195153e-09	5.29558176814e-09
     4	7.36843820152e-09	1.75863010545e-09	9.12706830697e-09
     5	6.28867336226e-09	1.50013832028e-09	7.78881168255e-09
     6	5.58272381387e-09	1.33141629745e-09	6.91414011132e-09
     7	1.0334616846e-08	2.46591555368e-09	1.28005323997e-08
     8	8.76275839925e-09	2.08966131685e-09	1.08524197161e-08
     9	7.73771019585e-09	1.84470192498e-09	9.58241212084e-09

Measurement: t_ro122
  step	t_ro122	FROM	TO
     1	6.08000291501e-09	1.46019027193e-09	7.54019318693e-09
     2	5.16678782288e-09	1.23708685773e-09	6.40387468061e-09
     3	4.57953657936e-09	1.0950439361e-09	5.67458051546e-09
     4	8.44798677753e-09	2.02886207606e-09	1.04768488536e-08
     5	7.04667660784e-09	1.68802172256e-09	8.7346983304e-09
     6	6.15402896848e-09	1.47218316118e-09	7.62621212966e-09
     7	1.21559923088e-08	2.91973917975e-09	1.50757314885e-08
     8	1.00626548947e-08	2.41107028477e-09	1.24737251794e-08
     9	8.73225658017e-09	2.08966308536e-09	1.08219196655e-08

Measurement: t_ro123
  step	t_ro123	FROM	TO
     1	5.92000011176e-09	1.41192533016e-09	7.33192544191e-09
     2	5.05073520076e-09	1.20468201651e-09	6.25541721727e-09
     3	4.4877398027e-09	1.070244351e-09	5.5579841537e-09
     4	8.18069975875e-09	1.94764637585e-09	1.01283461346e-08
     5	6.85636917992e-09	1.63407255344e-09	8.49044173336e-09
     6	6.01051002502e-09	1.43232915886e-09	7.44283918389e-09
     7	1.17185603322e-08	2.78287932152e-09	1.45014396537e-08
     8	9.74576740133e-09	2.31992478113e-09	1.20656921825e-08
     9	8.48981556555e-09	2.02142798468e-09	1.05112435502e-08

Measurement: t_ro124
  step	t_ro124	FROM	TO
     1	5.90331652727e-09	1.4255574567e-09	7.32887398397e-09
     2	5.03552532181e-09	1.21290064731e-09	6.24842596912e-09
     3	4.48000567037e-09	1.07698658727e-09	5.55699225764e-09
     4	8.1266533258e-09	1.96427523034e-09	1.00909285561e-08
     5	6.82152571492e-09	1.6449693814e-09	8.46649509632e-09
     6	5.98460408265e-09	1.44117477519e-09	7.42577885784e-09
     7	1.1628152877e-08	2.811853383e-09	1.444000626e-08
     8	9.68554749443e-09	2.33719301185e-09	1.20227405063e-08
     9	8.44536227341e-09	2.03527388561e-09	1.0480636159e-08

Measurement: t_ro125
  step	t_ro125	FROM	TO
     1	6.51921411455e-09	1.57048108732e-09	8.08969520187e-09
     2	5.45263412393e-09	1.31141682862e-09	6.76405095255e-09
     3	4.7840798392e-09	1.14944105341e-09	5.93352089261e-09
     4	9.19418182248e-09	2.21717876249e-09	1.1411360585e-08
     5	7.54459739386e-09	1.81604863832e-09	9.36064603218e-09
     6	6.51412520072e-09	1.56642100492e-09	8.08054620564e-09
     7	1.34028045082e-08	3.23346302988e-09	1.66362675381e-08
     8	1.09093787447e-08	2.62723288581e-09	1.35366116305e-08
     9	9.35562368386e-09	2.2509486874e-09	1.16065723713e-08

Measurement: t_ro126
  step	t_ro126	FROM	TO
     1	6.49114139699e-09	1.55856553744e-09	8.04970693443e-09
     2	5.43999723504e-09	1.30308319466e-09	6.7430804297e-09
     3	4.76370624178e-09	1.14065387928e-09	5.90436012106e-09
     4	9.1505037775e-09	2.19788220729e-09	1.13483859848e-08
     5	7.50881191513e-09	1.80036073897e-09	9.3091726541e-09
     6	6.48373920498e-09	1.5531345553e-09	8.03687376028e-09
     7	1.33323664321e-08	3.20204605683e-09	1.6534412489e-08
     8	1.08509804748e-08	2.60202209444e-09	1.34530025693e-08
     9	9.30702703689e-09	2.22951941858e-09	1.15365464555e-08

Measurement: t_ro127
  step	t_ro127	FROM	TO
     1	6.05357281168e-09	1.46273107439e-09	7.51630388607e-09
     2	5.13213141474e-09	1.23535927076e-09	6.36749068549e-09
     3	4.56002484272e-09	1.09615763574e-09	5.65618247846e-09
     4	8.37988973669e-09	2.03122497165e-09	1.04111147083e-08
     5	7.00253878892e-09	1.68989430203e-09	8.69243309096e-09
     6	6.12092077324e-09	1.47412426016e-09	7.5950450334e-09
     7	1.2046049719e-08	2.9230428962e-09	1.49690926152e-08
     8	9.9899895527e-09	2.4146709537e-09	1.24046605064e-08
     9	8.67801264363e-09	2.09310080786e-09	1.07711134515e-08

Measurement: freq_ro0
  step	{80/t_ro0}
     1	13852881459.3
     2	16129032811.7
     3	18104588633.9
     4	10134613063.9
     5	12010751037.8
     6	13642300896.7
     7	7122608514.91
     8	8503460286.11
     9	9716370642.83

Measurement: freq_ro1
  step	{80/t_ro1}
     1	13666971497.8
     2	15989834677
     3	17956033807.2
     4	9922908794.82
     5	11810482542.6
     6	13453058110.6
     7	6935926852.03
     8	8319662842.87
     9	9536417370.09

Measurement: freq_ro2
  step	{80/t_ro2}
     1	12499992918.8
     2	14938263504.2
     3	16987655039.7
     4	8887789760.51
     5	10803425572.8
     6	12482401155.2
     7	6103298363.33
     8	7482026168.66
     9	8705142978.55

Measurement: freq_ro3
  step	{80/t_ro3}
     1	12327897413.7
     2	14796483458
     3	16889173542.7
     4	8649435734.96
     5	10615639068.4
     6	12326055050
     7	5907210573.09
     8	7317329107.69
     9	8560872975.98

Measurement: freq_ro4
  step	{80/t_ro4}
     1	13041859415.6
     2	15384201206.1
     3	17405676704.3
     4	9355338317.98
     5	11244451649.5
     6	12899596645.7
     7	6479637574.88
     8	7849499532.85
     9	9063722361.67

Measurement: freq_ro5
  step	{80/t_ro5}
     1	13404568195.8
     2	15737528184.3
     3	17743034917.2
     4	9684485796.74
     5	11574857590.5
     6	13222538160.6
     7	6747017619.28
     8	8126179174.43
     9	9342239692.81

Measurement: freq_ro6
  step	{80/t_ro6}
     1	13028314613.4
     2	15393641572.4
     3	17413865799.2
     4	9395374397.32
     5	11306645536.6
     6	12975800216.6
     7	6530568162.62
     8	7921465562.49
     9	9149702489.04

Measurement: freq_ro7
  step	{80/t_ro7}
     1	12679323201.7
     2	15111715554.9
     3	17133685230.2
     4	9023390468.24
     5	10952669689.9
     6	12636322537.2
     7	6217206656.07
     8	7612570673.24
     9	8844154297.82

Measurement: freq_ro8
  step	{80/t_ro8}
     1	13225828304.4
     2	15569799410.3
     3	17567074137.3
     4	9523706096.11
     5	11411791197.1
     6	13061835215.3
     7	6616192381.99
     8	7990897188.72
     9	9205436332.68

Measurement: freq_ro9
  step	{80/t_ro9}
     1	13374355547.5
     2	15689900678.8
     3	17677099823.5
     4	9647873871.19
     5	11522484633.3
     6	13157956250.4
     7	6714689047.14
     8	8079352111.68
     9	9286159513.26

Measurement: freq_ro10
  step	{80/t_ro10}
     1	13342567516.1
     2	15662389505.6
     3	17672657858
     4	9626773202.45
     5	11511001513.6
     6	13157613193.8
     7	6696361077.39
     8	8068060714.22
     9	9280963651.34

Measurement: freq_ro11
  step	{80/t_ro11}
     1	13831061926.5
     2	16129031998.8
     3	18069372628.1
     4	10092849115.1
     5	11955156006.1
     6	13576583137.4
     7	7079048280
     8	8444695099.61
     9	9646023605.9

Measurement: freq_ro12
  step	{80/t_ro12}
     1	13541568693.2
     2	15877387204.8
     3	17857149198.5
     4	9785451989.3
     5	11679790231.3
     6	13328565516.8
     7	6816811172.53
     8	8200533981.48
     9	9418309934.12

Measurement: freq_ro13
  step	{80/t_ro13}
     1	13314669804.2
     2	15625000130
     3	17636581945.7
     4	9635907794.82
     5	11512296721
     6	13157792890.7
     7	6715595109.72
     8	8082509451.96
     9	9291457072.83

Measurement: freq_ro14
  step	{80/t_ro14}
     1	12794759352.9
     2	15151515461.4
     3	17190046067.6
     4	9136486136.27
     5	11035266314.3
     6	12700225538.4
     7	6310756017.87
     8	7682530024.51
     9	8900069897.51

Measurement: freq_ro15
  step	{80/t_ro15}
     1	12914168533.7
     2	15302295079.9
     3	17316694278.7
     4	9212245481.03
     5	11119481723.6
     6	12789245401.9
     7	6356451626.55
     8	7736099533.34
     9	8957777816.32

Measurement: freq_ro16
  step	{80/t_ro16}
     1	13380762774.3
     2	15682793439.4
     3	17709650137.7
     4	9679477575.92
     5	11566332230.4
     6	13212601100.9
     7	6744599256.49
     8	8120321831.99
     9	9334514699.9

Measurement: freq_ro17
  step	{80/t_ro17}
     1	13755405668
     2	16116261063.3
     3	18000540917.6
     4	10064106406.8
     5	11924818662.3
     6	13547145558.7
     7	7069088984.15
     8	8433721449.63
     9	9636528764.42

Measurement: freq_ro18
  step	{80/t_ro18}
     1	13469523479.2
     2	15820964541.4
     3	17857115462.3
     4	9724232157.92
     5	11644366173.2
     6	13308579506
     7	6774493862.07
     8	8177917900.9
     9	9406699508.41

Measurement: freq_ro19
  step	{80/t_ro19}
     1	13291899279.4
     2	15679557899.2
     3	17719378726.6
     4	9553382708.28
     5	11497349269.4
     6	13177480510.8
     7	6639061727.28
     8	8057467604.33
     9	9298396296.43

Measurement: freq_ro20
  step	{80/t_ro20}
     1	12991430621.5
     2	15335203719.5
     3	17352167040.4
     4	9315973151.3
     5	11198709636.8
     6	12850962805.9
     7	6446799551.15
     8	7810379753.78
     9	9020891433.53

Measurement: freq_ro21
  step	{80/t_ro21}
     1	14132109261.3
     2	16398946928.4
     3	18334063805.3
     4	10417369956.6
     5	12276041555.1
     6	13891567311.8
     7	7361785318.86
     8	8732871850.11
     9	9936879380.71

Measurement: freq_ro22
  step	{80/t_ro22}
     1	14095313666.7
     2	16366727724.3
     3	18310133121.9
     4	10352653521
     5	12218568465.6
     6	13836386736.1
     7	7303248994.62
     8	8681717694.6
     9	9887390098.22

Measurement: freq_ro23
  step	{80/t_ro23}
     1	13709263012.3
     2	16010195607.1
     3	17964892626.2
     4	10004284681.1
     5	11870212463.2
     6	13499171397
     7	7014363518.45
     8	8381890230.15
     9	9587828366.89

Measurement: freq_ro24
  step	{80/t_ro24}
     1	13747689894
     2	16062870567.5
     3	18005942111.3
     4	10000176170.1
     5	11872792444.6
     6	13501754351.8
     7	7001632194.64
     8	8373508625.25
     9	9580373946.59

Measurement: freq_ro25
  step	{80/t_ro25}
     1	14044533565.5
     2	16325534155.7
     3	18263829969.5
     4	10315335056.9
     5	12179026060.4
     6	13794493964.9
     7	7276582099.23
     8	8651884232.42
     9	9855860134.73

Measurement: freq_ro26
  step	{80/t_ro26}
     1	13513513114.6
     2	15861185836.5
     3	17857213854.3
     4	9827361038.04
     5	11718730244.8
     6	13362155242.6
     7	6873274376.55
     8	8257773825.99
     9	9474112557.51

Measurement: freq_ro27
  step	{80/t_ro27}
     1	13231121532.4
     2	15552461453.4
     3	17544269250.5
     4	9573753386.28
     5	11442846554.9
     6	13083406501.3
     7	6663661038.74
     8	8023844215.01
     9	9230302901.81

Measurement: freq_ro28
  step	{80/t_ro28}
     1	14114815157.5
     2	16376032170.5
     3	18311441496
     4	10382135060.2
     5	12234247851.9
     6	13847746938.8
     7	7324722167.78
     8	8690762372.51
     9	9891784231.58

Measurement: freq_ro29
  step	{80/t_ro29}
     1	13668475544.7
     2	15984872949.2
     3	17929350968.5
     4	9933133591.49
     5	11810609495.1
     6	13445812889.9
     7	6947413561.75
     8	8323241045.77
     9	9534103512.59

Measurement: freq_ro30
  step	{80/t_ro30}
     1	13604977220.2
     2	15918935837.4
     3	17875437966
     4	9889809490.63
     5	11755831267.6
     6	13386065667.2
     7	6916246313.11
     8	8280849627.13
     9	9485753410.79

Measurement: freq_ro31
  step	{80/t_ro31}
     1	13357667574.3
     2	15690303078.8
     3	17694059704
     4	9626962501.27
     5	11516806615.1
     6	13162539340.7
     7	6695553417.07
     8	8071428956.04
     9	9283331018.56

Measurement: freq_ro32
  step	{80/t_ro32}
     1	12366091102.6
     2	14794710645.1
     3	16876406523.6
     4	8702819069.25
     5	10641368450.6
     6	12335003716.9
     7	5950589888.93
     8	7341699730.93
     9	8572342112.23

Measurement: freq_ro33
  step	{80/t_ro33}
     1	12657340595.1
     2	15058745269.2
     3	17121104608.8
     4	8980246347.85
     5	10896472088.9
     6	12574940042.7
     7	6174035224.54
     8	7554609858.16
     9	8778292688.94

Measurement: freq_ro34
  step	{80/t_ro34}
     1	13513488854.4
     2	15827588332.3
     3	17823324740.1
     4	9803885978.15
     5	11697992088.6
     6	13347147447.3
     7	6846375906.86
     8	8235614254.47
     9	9456644604.76

Measurement: freq_ro35
  step	{80/t_ro35}
     1	13181574082.9
     2	15553749407.7
     3	17552263523.5
     4	9512801345.99
     5	11406794594.7
     6	13064885958.4
     7	6606627632.38
     8	7982844761.73
     9	9201361030.97

Measurement: freq_ro36
  step	{80/t_ro36}
     1	13425616783.7
     2	15729656449.3
     3	17725017595.2
     4	9714503856.69
     5	11585383216.6
     6	13220674864.1
     7	6773374641.28
     8	8137921564.58
     9	9344149910.63

Measurement: freq_ro37
  step	{80/t_ro37}
     1	13039447684.3
     2	15402277639.3
     3	17415222907
     4	9376789728.76
     5	11281456330.2
     6	12944219427.4
     7	6501954658.19
     8	7883996027.29
     9	9104819296.81

Measurement: freq_ro38
  step	{80/t_ro38}
     1	13183663429.6
     2	15537333504.5
     3	17536140655.7
     4	9541133468.66
     5	11436233537.8
     6	13091933614.8
     7	6646316199.22
     8	8028938835.88
     9	9249650640.06

Measurement: freq_ro39
  step	{80/t_ro39}
     1	12495662425.4
     2	14913007917.3
     3	16997427308.7
     4	8795635000.52
     5	10754109002
     6	12459331071.2
     7	6027770069.66
     8	7435293003.39
     9	8676577987.42

Measurement: freq_ro40
  step	{80/t_ro40}
     1	13771395388.6
     2	16075826680.7
     3	18031492284.1
     4	10063330743.7
     5	11945173678.4
     6	13580389390.5
     7	7063689731.07
     8	8447296919.75
     9	9662585926.26

Measurement: freq_ro41
  step	{80/t_ro41}
     1	13205410761.5
     2	15583274647.2
     3	17580272076.6
     4	9537613875.97
     5	11443048186.8
     6	13105567332
     7	6635045403.51
     8	8021388562.84
     9	9244504211.33

Measurement: freq_ro42
  step	{80/t_ro42}
     1	13524944628.9
     2	15860610753.4
     3	17857300322.2
     4	9799206516.47
     5	11697254350.5
     6	13348582801.9
     7	6840241707.12
     8	8230216839.53
     9	9452140931.6

Measurement: freq_ro43
  step	{80/t_ro43}
     1	13461768296.4
     2	15776016690.2
     3	17789473172.3
     4	9741492561.24
     5	11627412157.2
     6	13261869356.6
     7	6792476493.43
     8	8165091949.78
     9	9375184507.29

Measurement: freq_ro44
  step	{80/t_ro44}
     1	13772056467.3
     2	16129033203.6
     3	18061138394.7
     4	10023272062.8
     5	11909097320.2
     6	13554382990.6
     7	7024461175.08
     8	8412210055.67
     9	9627423055.1

Measurement: freq_ro45
  step	{80/t_ro45}
     1	13263033773.2
     2	15624993829.6
     3	17651348368.4
     4	9557769553.44
     5	11482419437.3
     6	13156027660.8
     7	6643788608.24
     8	8047442675.64
     9	9275045276.63

Measurement: freq_ro46
  step	{80/t_ro46}
     1	13006164771.9
     2	15405370003.4
     3	17426940149.7
     4	9272194859.84
     5	11199777100.2
     6	12876661440.9
     7	6399404825.22
     8	7796342533.25
     9	9026138046.04

Measurement: freq_ro47
  step	{80/t_ro47}
     1	13196734395.9
     2	15530280085.6
     3	17517766824.6
     4	9524884231.58
     5	11393523650.6
     6	13033660606.7
     7	6620130305
     8	7977997569.28
     9	9183002456.71

Measurement: freq_ro48
  step	{80/t_ro48}
     1	13433036298.8
     2	15733510284.2
     3	17737368041.6
     4	9758154557.06
     5	11637465190.7
     6	13276905106.6
     7	6822595560.85
     8	8196478331.99
     9	9407000306.22

Measurement: freq_ro49
  step	{80/t_ro49}
     1	13479977134.6
     2	15772141446
     3	17759157187.2
     4	9766763936.85
     5	11639943300.1
     6	13275095552.3
     7	6818536191.49
     8	8187128994.56
     9	9393927835.15

Measurement: freq_ro50
  step	{80/t_ro50}
     1	13958914166.1
     2	16255100369.6
     3	18194414719.4
     4	10257123040
     5	12122642132.9
     6	13744803600.9
     7	7224355366.22
     8	8598289878.67
     9	9803932881.55

Measurement: freq_ro51
  step	{80/t_ro51}
     1	13128302784.2
     2	15469955442.8
     3	17491353823.8
     4	9425156055.53
     5	11326635932.1
     6	12986896137.7
     7	6536137157.85
     8	7917936286.91
     9	9138168925.4

Measurement: freq_ro52
  step	{80/t_ro52}
     1	13663156764.8
     2	15996965521.3
     3	17971129321.2
     4	9932081729.87
     5	11823462037.7
     6	13469262033.3
     7	6946617422.39
     8	8332027904.8
     9	9549045737.2

Measurement: freq_ro53
  step	{80/t_ro53}
     1	13899964388.1
     2	16129032511.6
     3	18118191036
     4	10173505529.7
     5	12021114414
     6	13633045776.4
     7	7150233413.4
     8	8507573178.94
     9	9704232437.75

Measurement: freq_ro54
  step	{80/t_ro54}
     1	13616340364.9
     2	15944846158
     3	17915022045.6
     4	9911444512.87
     5	11804944064.4
     6	13446926973.5
     7	6945164157.96
     8	8333965317.99
     9	9550986783.07

Measurement: freq_ro55
  step	{80/t_ro55}
     1	12151324282.5
     2	14599729520.7
     3	16666672855.1
     4	8511259649.99
     5	10447770184.4
     6	12145709938.3
     7	5802405301.68
     8	7185423972.26
     9	8414494919.55

Measurement: freq_ro56
  step	{80/t_ro56}
     1	14296159563.5
     2	16561715102.2
     3	18518518678.8
     4	10525136298.5
     5	12385617422.2
     6	13993226144.9
     7	7441815796.44
     8	8819659431.24
     9	10022107748.3

Measurement: freq_ro57
  step	{80/t_ro57}
     1	13256377218.7
     2	15607031931.3
     3	17594165970.6
     4	9599459642.4
     5	11490158732.7
     6	13141913064
     7	6690551979.19
     8	8069554547.83
     9	9287290821.43

Measurement: freq_ro58
  step	{80/t_ro58}
     1	13551243100.2
     2	15870781094.1
     3	17857180656.6
     4	9824612742.51
     5	11701552777.6
     6	13338414099.3
     7	6857445555.65
     8	8230162942.43
     9	9439954070.68

Measurement: freq_ro59
  step	{80/t_ro59}
     1	13953285841.7
     2	16240018834.3
     3	18189648868.2
     4	10215711873.5
     5	12076269481.2
     6	13694603388.6
     7	7179684598.49
     8	8547202110.61
     9	9749383989.41

Measurement: freq_ro60
  step	{80/t_ro60}
     1	13358360295.5
     2	15675251207.4
     3	17660387329.1
     4	9665416228.08
     5	11535832595.8
     6	13171248750.5
     7	6733362199.84
     8	8096147451.81
     9	9302133086.95

Measurement: freq_ro61
  step	{80/t_ro61}
     1	13548779797.6
     2	15857916542.8
     3	17857006611.6
     4	9865715873.28
     5	11741493585
     6	13374782501.4
     7	6909657872.73
     8	8283697994.07
     9	9492184896.94

Measurement: freq_ro62
  step	{80/t_ro62}
     1	13012195227
     2	15368434278.4
     3	17377965986.6
     4	9361134910.67
     5	11248333413.9
     6	12902801062.7
     7	6494591081.58
     8	7863168184.01
     9	9076632842.87

Measurement: freq_ro63
  step	{80/t_ro63}
     1	12448312920.4
     2	14873611225
     3	16946337513.8
     4	8780939147.41
     5	10716626373.4
     6	12409293083.1
     7	6013608630.15
     8	7403469692.21
     9	8634262027.44

Measurement: freq_ro64
  step	{80/t_ro64}
     1	12540632386
     2	14923925291.6
     3	16958288544.6
     4	8923933666.54
     5	10807312915
     6	12468390183.6
     7	6136033762.94
     8	7490746303.22
     9	8699484238.14

Measurement: freq_ro65
  step	{80/t_ro65}
     1	13592747112.7
     2	15912474329.6
     3	17857389132.6
     4	9881663743.21
     5	11761902940.6
     6	13397481085.3
     7	6908141591.55
     8	8282991880.67
     9	9492162996.4

Measurement: freq_ro66
  step	{80/t_ro66}
     1	12967870864.6
     2	15320437438.8
     3	17351598853
     4	9294772942.98
     5	11192863946.1
     6	12854477822
     7	6433019040.52
     8	7809034142.62
     9	9027905889.39

Measurement: freq_ro67
  step	{80/t_ro67}
     1	13348204901.6
     2	15683329846.9
     3	17695762744.8
     4	9673734226.55
     5	11573842676.3
     6	13228370576.5
     7	6751953266.19
     8	8139951261.63
     9	9362210974.63

Measurement: freq_ro68
  step	{80/t_ro68}
     1	13327440086.3
     2	15681392709.5
     3	17699196814.3
     4	9592212711.87
     5	11507085348.5
     6	13171163800.2
     7	6662069228.73
     8	8059302812.31
     9	9287188713.34

Measurement: freq_ro69
  step	{80/t_ro69}
     1	13673366872.5
     2	15998222719.2
     3	17964140124.8
     4	9926768962.17
     5	11815628239.7
     6	13459235793.3
     7	6941871249.13
     8	8325532797.41
     9	9542599517.68

Measurement: freq_ro70
  step	{80/t_ro70}
     1	12820509264.4
     2	15191022762.9
     3	17241382607.4
     4	9156155704.96
     5	11055580265.1
     6	12722069759.3
     7	6315304619.42
     8	7687328261.45
     9	8905365603.96

Measurement: freq_ro71
  step	{80/t_ro71}
     1	13917418088.6
     2	16190699527.7
     3	18137608999.4
     4	10182286077.6
     5	12032848761.1
     6	13646669046.9
     7	7156078817.95
     8	8516020908.19
     9	9714210358.74

Measurement: freq_ro72
  step	{80/t_ro72}
     1	14116676060.9
     2	16374182428.6
     3	18304932054.3
     4	10388105116.6
     5	12234469081.4
     6	13841862872.4
     7	7333643280.14
     8	8696513863.67
     9	9893738004.5

Measurement: freq_ro73
  step	{80/t_ro73}
     1	12846569029.2
     2	15209296452.2
     3	17241383097.6
     4	9167964556.93
     5	11080694679.5
     6	12749853613.7
     7	6326981627.65
     8	7711486288.94
     9	8933880064.12

Measurement: freq_ro74
  step	{80/t_ro74}
     1	12195121975.9
     2	14617458437
     3	16693082401.1
     4	8581602443.1
     5	10518460640.3
     6	12214611723.7
     7	5875928528.64
     8	7264674122.37
     9	8497356973.63

Measurement: freq_ro75
  step	{80/t_ro75}
     1	12677272393.2
     2	15151354896.3
     3	17163012689.8
     4	9041349341.96
     5	10983183223.5
     6	12673764927
     7	6238612681.06
     8	7644935792.96
     9	8883690599.26

Measurement: freq_ro76
  step	{80/t_ro76}
     1	13201440981.9
     2	15559981898.8
     3	17562360090.7
     4	9518534201.92
     5	11412491102.1
     6	13064154967.8
     7	6616480118.1
     8	7993307926.65
     9	9206667670.13

Measurement: freq_ro77
  step	{80/t_ro77}
     1	12932355193.9
     2	15307805747.9
     3	17304179902
     4	9265576731.38
     5	11169487898.2
     6	12825183895.2
     7	6413601577.2
     8	7792426169.43
     9	9009965150.59

Measurement: freq_ro78
  step	{80/t_ro78}
     1	13676724063.9
     2	15990269355.6
     3	17951722451.5
     4	9948344174.49
     5	11823557107.5
     6	13456658614.4
     7	6963899782.02
     8	8336715838.39
     9	9544841889.78

Measurement: freq_ro79
  step	{80/t_ro79}
     1	12755337070.1
     2	15151496144.3
     3	17222511101.1
     4	9100408493.95
     5	11014539035.3
     6	12687278238
     7	6280317358.79
     8	7663589042.57
     9	8887787600.95

Measurement: freq_ro80
  step	{80/t_ro80}
     1	13157891928.8
     2	15557766007.7
     3	17546367179.9
     4	9531438279.45
     5	11422823901.7
     6	13072489294.3
     7	6633362687.18
     8	8010460086.67
     9	9224044471.95

Measurement: freq_ro81
  step	{80/t_ro81}
     1	12891030130.6
     2	15250405595.2
     3	17241381381.7
     4	9245020062.07
     5	11157714213.9
     6	12826319891.7
     7	6400382139.22
     8	7788002907.3
     9	9013979421.33

Measurement: freq_ro82
  step	{80/t_ro82}
     1	12851954773.2
     2	15209698737.9
     3	17241393219.6
     4	9196441575.1
     5	11089642860.9
     6	12752029160.1
     7	6353375296.07
     8	7721161377.55
     9	8936747654.99

Measurement: freq_ro83
  step	{80/t_ro83}
     1	13648674115.3
     2	15960183214.2
     3	17922903199.5
     4	9917620240.59
     5	11794127332.4
     6	13430828584.4
     7	6935899663.3
     8	8309018669.21
     9	9518954432.05

Measurement: freq_ro84
  step	{80/t_ro84}
     1	13513512494.4
     2	15828502609.8
     3	17833645042.4
     4	9783399314.15
     5	11678831951.9
     6	13328025211.2
     7	6826546035.48
     8	8212273093.4
     9	9431376461.08

Measurement: freq_ro85
  step	{80/t_ro85}
     1	13402121854.9
     2	15763220791.5
     3	17778175992.1
     4	9677557612.63
     5	11593054408.2
     6	13256923499.3
     7	6734718059.95
     8	8131752189.99
     9	9360410167.9

Measurement: freq_ro86
  step	{80/t_ro86}
     1	13888890975.8
     2	16129032238.7
     3	18099264180.5
     4	10149333854.9
     5	12013951373.7
     6	13637390479
     7	7137335463.02
     8	8508392863.87
     9	9714501133.95

Measurement: freq_ro87
  step	{80/t_ro87}
     1	12349889732.3
     2	14739765378.9
     3	16836075781.8
     4	8713158886.55
     5	10636094496.8
     6	12319426466.5
     7	5962681722.83
     8	7340048654.29
     9	8564826739.16

Measurement: freq_ro88
  step	{80/t_ro88}
     1	13888882278.7
     2	16129032315.2
     3	18130081285.9
     4	10175809289.2
     5	12038280785
     6	13660993413.8
     7	7153842003.75
     8	8523416080.39
     9	9728981181.54

Measurement: freq_ro89
  step	{80/t_ro89}
     1	13513513228
     2	15811964992.1
     3	17788166581.3
     4	9797788474.93
     5	11670533335.6
     6	13305734831.3
     7	6840231859.04
     8	8209384925.18
     9	9417467275.3

Measurement: freq_ro90
  step	{80/t_ro90}
     1	13732541233.6
     2	16030480002.1
     3	17987192824.9
     4	10022675176.2
     5	11891803842.5
     6	13518054808.8
     7	7032220223.11
     8	8403179182.23
     9	9610944831.51

Measurement: freq_ro91
  step	{80/t_ro91}
     1	13513548473.9
     2	15816754967.6
     3	17795418400.1
     4	9799845147.97
     5	11663599841.2
     6	13294046745.1
     7	6842803117.92
     8	8204594014.54
     9	9408449655.6

Measurement: freq_ro92
  step	{80/t_ro92}
     1	13319200327.9
     2	15624989033.8
     3	17644463309
     4	9633475517.72
     5	11515972947.1
     6	13160502106.1
     7	6712006351.34
     8	8083252734.68
     9	9294630241.52

Measurement: freq_ro93
  step	{80/t_ro93}
     1	13308662481.8
     2	15624989382.7
     3	17641366713.8
     4	9591681676.02
     5	11477365837.9
     6	13125539948.8
     7	6668884290.46
     8	8041809762.35
     9	9254899464.31

Measurement: freq_ro94
  step	{80/t_ro94}
     1	13674781555.1
     2	16007059992.6
     3	17974635234.4
     4	9969212876.97
     5	11859132255.2
     6	13499702526.8
     7	6986488662.35
     8	8371499527.83
     9	9585457357.79

Measurement: freq_ro95
  step	{80/t_ro95}
     1	13178049529
     2	15550497926.3
     3	17565793513.9
     4	9455718509.89
     5	11366639107.7
     6	13033517845
     7	6559528865.53
     8	7953426671.71
     9	9179072597.84

Measurement: freq_ro96
  step	{80/t_ro96}
     1	12696279097.3
     2	15116381121.2
     3	17151273539.7
     4	9068890652.83
     5	10987037268.8
     6	12668343286.4
     7	6257296331.82
     8	7642318783.61
     9	8870637982.62

Measurement: freq_ro97
  step	{80/t_ro97}
     1	13626268242.3
     2	15954052512.1
     3	17922934264.5
     4	9889189367.25
     5	11773922655.2
     6	13410537994.7
     7	6918904732.93
     8	8300783538.22
     9	9513376736.68

Measurement: freq_ro98
  step	{80/t_ro98}
     1	13513513979.4
     2	15899899660.8
     3	17857215109.1
     4	9784650392.95
     5	11697583390.3
     6	13356136072.6
     7	6825809812.57
     8	8225562393.31
     9	9452688014.89

Measurement: freq_ro99
  step	{80/t_ro99}
     1	13343518867.1
     2	15625008316.9
     3	17662968050.4
     4	9633651493.81
     5	11511867650.9
     6	13153598150.8
     7	6707864986.95
     8	8075215079.8
     9	9284164994.12

Measurement: freq_ro100
  step	{80/t_ro100}
     1	13038000762.5
     2	15405502274
     3	17412095320.4
     4	9329331996.25
     5	11225094721.7
     6	12883226988.9
     7	6454213613.25
     8	7828259760.61
     9	9044490309.39

Measurement: freq_ro101
  step	{80/t_ro101}
     1	12676892912.5
     2	15067962753.5
     3	17115248802.1
     4	8997060408.87
     5	10904980410
     6	12577142905.6
     7	6189586923.6
     8	7564865690.39
     9	8784998769.77

Measurement: freq_ro102
  step	{80/t_ro102}
     1	13157890973.5
     2	15521782105
     3	17505056067.7
     4	9525741773.04
     5	11402115581.4
     6	13047824083.6
     7	6630380295.9
     8	7994416369.05
     9	9203840781.36

Measurement: freq_ro103
  step	{80/t_ro103}
     1	13477835490.5
     2	15814654745.4
     3	17856973147.8
     4	9763575007.13
     5	11677132921.3
     6	13333997898.5
     7	6822824647.86
     8	8226662139.5
     9	9455183364.77

Measurement: freq_ro104
  step	{80/t_ro104}
     1	13696693631.3
     2	15990770479.3
     3	17948703460
     4	9986964588.7
     5	11850763195.9
     6	13479040562.5
     7	6997583790.31
     8	8362730816.19
     9	9567774307.38

Measurement: freq_ro105
  step	{80/t_ro105}
     1	13090076255.3
     2	15475401213.5
     3	17492589352.1
     4	9412051656.4
     5	11332531243
     6	13003439498.8
     7	6529075017.27
     8	7924181432.3
     9	9153029734.02

Measurement: freq_ro106
  step	{80/t_ro106}
     1	12820511767.3
     2	15194565809.3
     3	17241378114.5
     4	9151081036.31
     5	11055314754.1
     6	12723182630.1
     7	6315007003.03
     8	7691198699.92
     9	8911215221.2

Measurement: freq_ro107
  step	{80/t_ro107}
     1	12420640153.1
     2	14823992693.5
     3	16862868740.6
     4	8798586231.33
     5	10716601756.5
     6	12399701667.8
     7	6037267166.14
     8	7415916012.25
     9	8639793334.69

Measurement: freq_ro108
  step	{80/t_ro108}
     1	12820511877.6
     2	15209501340.5
     3	17268037992.4
     4	9134563546.52
     5	11079787169.7
     6	12772204148.7
     7	6304543637.53
     8	7712498531.01
     9	8952658503.62

Measurement: freq_ro109
  step	{80/t_ro109}
     1	13541356327.9
     2	15873115717
     3	17857141742.7
     4	9816960062.03
     5	11691272277.1
     6	13328661391.4
     7	6847324025.2
     8	8214919876.01
     9	9423313336.83

Measurement: freq_ro110
  step	{80/t_ro110}
     1	13724054724
     2	16030691885.2
     3	17981591483.7
     4	10017087569.7
     5	11880607525.5
     6	13513186922
     7	7026039598.1
     8	8391908423.12
     9	9596857821.54

Measurement: freq_ro111
  step	{80/t_ro111}
     1	13191331227.3
     2	15547060553.6
     3	17527890871
     4	9509883025.56
     5	11390213876.4
     6	13036008047.2
     7	6606124314.45
     8	7971720195.58
     9	9180374703.06

Measurement: freq_ro112
  step	{80/t_ro112}
     1	13157875856
     2	15502065657.5
     3	17513791904.9
     4	9440728506.7
     5	11333019735.9
     6	12986461714
     7	6548032198.06
     8	7922494725.82
     9	9137740316.31

Measurement: freq_ro113
  step	{80/t_ro113}
     1	13157872357.4
     2	15544387561.7
     3	17554680312.8
     4	9488080511.06
     5	11402389190.8
     6	13066026738.9
     7	6594017265.4
     8	7989341315.78
     9	9214871709.91

Measurement: freq_ro114
  step	{80/t_ro114}
     1	13120153764.1
     2	15470913142.4
     3	17481010226
     4	9431938197.39
     5	11328805802.4
     6	12984574139.6
     7	6541395932.67
     8	7920058794.86
     9	9137738498.92

Measurement: freq_ro115
  step	{80/t_ro115}
     1	12499993932.7
     2	14964183918.8
     3	17043600340.9
     4	8834766726.96
     5	10781297002
     6	12479881967.1
     7	6053067073.85
     8	7451715855.36
     9	8688041565.58

Measurement: freq_ro116
  step	{80/t_ro116}
     1	13433903703.2
     2	15799920251.2
     3	17806347265.6
     4	9704746454.01
     5	11631700205
     6	13294540635
     7	6762455866.34
     8	8172523793.49
     9	9402981831.45

Measurement: freq_ro117
  step	{80/t_ro117}
     1	12499991916.3
     2	14884863542
     3	16941914879.8
     4	8884005862.09
     5	10783004064
     6	12455742198.7
     7	6106778015.5
     8	7472374462.21
     9	8689109528.55

Measurement: freq_ro118
  step	{80/t_ro118}
     1	13234060919.1
     2	15625026281
     3	17589096331
     4	9546071115.17
     5	11440993086
     6	13095159398.8
     7	6640030292.49
     8	8020301520.96
     9	9237757176.15

Measurement: freq_ro119
  step	{80/t_ro119}
     1	13127701506.2
     2	15519031297.3
     3	17549603865.8
     4	9380331944.27
     5	11317857991.8
     6	12994894196.3
     7	6494860903.7
     8	7904014369.09
     9	9138298923.09

Measurement: freq_ro120
  step	{80/t_ro120}
     1	13126032915.8
     2	15467146427.8
     3	17476030655
     4	9451637279.72
     5	11339499642.3
     6	12991081626.6
     7	6565729841.27
     8	7937172769.07
     9	9151512793.79

Measurement: freq_ro121
  step	{80/t_ro121}
     1	14552731540.5
     2	16800246337.7
     3	18710649968.5
     4	10857117588.8
     5	12721284027.9
     6	14329922573.1
     7	7740973970.52
     8	9129545327.51
     9	10338975998.7

Measurement: freq_ro122
  step	{80/t_ro122}
     1	13157888428.4
     2	15483507885.8
     3	17469016485.3
     4	9469711791.31
     5	11352869508.9
     6	12999613815.6
     7	6581116371.91
     8	7950188179.71
     9	9161434878.32

Measurement: freq_ro123
  step	{80/t_ro123}
     1	13513513258.4
     2	15839278208
     3	17826345447.2
     4	9779114545.11
     5	11667983141
     6	13310018562
     7	6826777157.98
     8	8208691702.32
     9	9423055116.13

Measurement: freq_ro124
  step	{80/t_ro124}
     1	13551704305.6
     2	15887120982.9
     3	17857120255.2
     4	9844150696.82
     5	11727581679.4
     6	13367634499.3
     7	6879854508.8
     8	8259729255.99
     9	9472654625.11

Measurement: freq_ro125
  step	{80/t_ro125}
     1	12271417780.5
     2	14671807823.8
     3	16722128954.6
     4	8701154876.49
     5	10603614192.2
     6	12281004361.3
     7	5968900012.75
     8	7333139848.94
     9	8551006614.13

Measurement: freq_ro126
  step	{80/t_ro126}
     1	12324488885.3
     2	14705889827.4
     3	16793646782.5
     4	8742688047.05
     5	10654148872.6
     6	12338559197.2
     7	6000435137.1
     8	7372605653.99
     9	8595655700.03

Measurement: freq_ro127
  step	{80/t_ro127}
     1	13215336213.6
     2	15588065373.8
     3	17543764071.3
     4	9546664993.66
     5	11424427969.8
     6	13069929012.9
     7	6641181289
     8	8008016382.6
     9	9218700557.98

Measurement: edge100_ro0
  step	V(ro0_out)={VTHRESH} 
     1	7.16143792613e-09
     2	6.14724129884e-09
     3	5.47460663051e-09
     4	9.79153908512e-09
     5	8.25726505581e-09
     6	7.26681940812e-09
     7	1.39336376751e-08
     8	1.16649407133e-08
     9	1.0205059204e-08

Measurement: edge100_ro1
  step	V(ro1_out)={VTHRESH} 
     1	7.26547535798e-09
     2	6.20759331995e-09
     3	5.52686712552e-09
     4	1.00083742796e-08
     5	8.40570543027e-09
     6	7.37770405659e-09
     7	1.43193860376e-08
     8	1.19337252626e-08
     9	1.04088031534e-08

Measurement: edge100_ro2
  step	V(ro2_out)={VTHRESH} 
     1	7.93899964382e-09
     2	6.64183022101e-09
     3	5.83975933602e-09
     4	1.11672034878e-08
     5	9.184725879e-09
     6	7.94844725833e-09
     7	1.62624525735e-08
     8	1.32624187055e-08
     9	1.13976511716e-08

Measurement: edge100_ro3
  step	V(ro3_out)={VTHRESH} 
     1	8.04566115253e-09
     2	6.70106549686e-09
     3	5.86952121709e-09
     4	1.14672841182e-08
     5	9.34051382027e-09
     6	8.04255286485e-09
     7	1.67896697771e-08
     8	1.35505555239e-08
     9	1.15797181137e-08

Measurement: edge100_ro4
  step	V(ro4_out)={VTHRESH} 
     1	7.6139784487e-09
     2	6.4526254731e-09
     3	5.7022901818e-09
     4	1.06158248016e-08
     5	8.82944303435e-09
     6	7.69523540301e-09
     7	1.53283789745e-08
     8	1.26493561418e-08
     9	1.09529614617e-08

Measurement: edge100_ro5
  step	V(ro5_out)={VTHRESH} 
     1	7.39872395003e-09
     2	6.30007895505e-09
     3	5.58739626627e-09
     4	1.02409941092e-08
     5	8.56580579143e-09
     6	7.49736516123e-09
     7	1.46990601895e-08
     8	1.22009272139e-08
     9	1.06112186615e-08

Measurement: edge100_ro6
  step	V(ro6_out)={VTHRESH} 
     1	7.61189039389e-09
     2	6.44187304348e-09
     3	5.69436151842e-09
     4	1.05540484475e-08
     5	8.76990291015e-09
     6	7.64161310301e-09
     7	1.51822779202e-08
     8	1.2516524774e-08
     9	1.08362856096e-08

Measurement: edge100_ro7
  step	V(ro7_out)={VTHRESH} 
     1	7.83726352793e-09
     2	6.57264634191e-09
     3	5.79542078177e-09
     4	1.10143805839e-08
     5	9.07037264355e-09
     6	7.85986686981e-09
     7	1.59866604627e-08
     8	1.3051314311e-08
     9	1.12310805241e-08

Measurement: edge100_ro8
  step	V(ro8_out)={VTHRESH} 
     1	7.50692591572e-09
     2	6.37396859113e-09
     3	5.64773661384e-09
     4	1.04264292406e-08
     5	8.69768564089e-09
     6	7.59699349993e-09
     7	1.50085560087e-08
     8	1.24217794249e-08
     9	1.07804574894e-08

Measurement: edge100_ro9
  step	V(ro9_out)={VTHRESH} 
     1	7.41753062194e-09
     2	6.321202943e-09
     3	5.60960223246e-09
     4	1.02833271913e-08
     5	8.60785718155e-09
     6	7.53648339653e-09
     7	1.47755277058e-08
     8	1.22764008285e-08
     9	1.06791224473e-08

Measurement: edge100_ro10
  step	V(ro10_out)={VTHRESH} 
     1	7.43133060431e-09
     2	6.32962222071e-09
     3	5.60850781763e-09
     4	1.02995946431e-08
     5	8.61172599935e-09
     6	7.53364068279e-09
     7	1.48060586391e-08
     8	1.22861460129e-08
     9	1.06791322763e-08

Measurement: edge100_ro11
  step	V(ro11_out)={VTHRESH} 
     1	7.17137333126e-09
     2	6.14842199917e-09
     3	5.48720409801e-09
     4	9.82819274188e-09
     5	8.29509729906e-09
     6	7.30332756913e-09
     7	1.40123860962e-08
     8	1.17435943054e-08
     9	1.0279436314e-08

Measurement: edge100_ro12
  step	V(ro12_out)={VTHRESH} 
     1	7.32570677021e-09
     2	6.24653624582e-09
     3	5.55261449334e-09
     4	1.01383320952e-08
     5	8.49208785693e-09
     6	7.44017776883e-09
     7	1.45536367305e-08
     8	1.20956329945e-08
     9	1.05296537295e-08

Measurement: edge100_ro13
  step	V(ro13_out)={VTHRESH} 
     1	7.44767529158e-09
     2	6.34522115254e-09
     3	5.62065884506e-09
     4	1.02906691172e-08
     5	8.61154903223e-09
     6	7.53437217015e-09
     7	1.47650683079e-08
     8	1.22655240641e-08
     9	1.06683998629e-08

Measurement: edge100_ro14
  step	V(ro14_out)={VTHRESH} 
     1	7.75704783627e-09
     2	6.54921214768e-09
     3	5.77070665292e-09
     4	1.08641113539e-08
     5	8.99241182698e-09
     6	7.81214377737e-09
     7	1.57299207566e-08
     8	1.29178560368e-08
     9	1.11489964462e-08

Measurement: edge100_ro15
  step	V(ro15_out)={VTHRESH} 
     1	7.68964518979e-09
     2	6.48812033787e-09
     3	5.73198822719e-09
     4	1.07828100573e-08
     5	8.93068867873e-09
     6	7.76339185795e-09
     7	1.56298205263e-08
     8	1.28389784909e-08
     9	1.10858868814e-08

Measurement: edge100_ro16
  step	V(ro16_out)={VTHRESH} 
     1	7.41771072734e-09
     2	6.32833842558e-09
     3	5.60353290455e-09
     4	1.02559022609e-08
     5	8.58198375659e-09
     6	7.51234545116e-09
     7	1.47205366233e-08
     8	1.22254842519e-08
     9	1.06348150113e-08

Measurement: edge100_ro17
  step	V(ro17_out)={VTHRESH} 
     1	7.2101355286e-09
     2	6.15296389951e-09
     3	5.50735824219e-09
     4	9.85506517506e-09
     5	8.31495660126e-09
     6	7.31791578234e-09
     7	1.40303689167e-08
     8	1.17569957017e-08
     9	1.02878051977e-08

Measurement: edge100_ro18
  step	V(ro18_out)={VTHRESH} 
     1	7.36740898248e-09
     2	6.27085841987e-09
     3	5.55514729079e-09
     4	1.02060714365e-08
     5	8.52136918286e-09
     6	7.45458967289e-09
     7	1.46511044718e-08
     8	1.21344365259e-08
     9	1.05478790893e-08

Measurement: edge100_ro19
  step	V(ro19_out)={VTHRESH} 
     1	7.46412007108e-09
     2	6.32553708262e-09
     3	5.59609075422e-09
     4	1.03863601133e-08
     5	8.62733658054e-09
     6	7.52583777948e-09
     7	1.49461552307e-08
     8	1.23112725917e-08
     9	1.06662528208e-08

Measurement: edge100_ro20
  step	V(ro20_out)={VTHRESH} 
     1	7.6316916713e-09
     2	6.46336792341e-09
     3	5.7111142178e-09
     4	1.06426339381e-08
     5	8.85082185582e-09
     6	7.71153032751e-09
     7	1.53782975673e-08
     8	1.26900748403e-08
     9	1.09853627872e-08

Measurement: edge100_ro21
  step	V(ro21_out)={VTHRESH} 
     1	7.0192682461e-09
     2	6.04746416986e-09
     3	5.40853029998e-09
     4	9.52242155144e-09
     5	8.07919449454e-09
     6	7.13854762725e-09
     7	1.3475999462e-08
     8	1.13576490427e-08
     9	9.98006502889e-09

Measurement: edge100_ro22
  step	V(ro22_out)={VTHRESH} 
     1	7.04181602026e-09
     2	6.06395244683e-09
     3	5.42011689089e-09
     4	9.58896064326e-09
     5	8.12391345988e-09
     6	7.17370521618e-09
     7	1.35942814058e-08
     8	1.14350581955e-08
     9	1.00404329268e-08

Measurement: edge100_ro23
  step	V(ro23_out)={VTHRESH} 
     1	7.23294679055e-09
     2	6.19164913679e-09
     3	5.51699122586e-09
     4	9.91156914919e-09
     5	8.35148909857e-09
     6	7.34240348161e-09
     7	1.41360096456e-08
     8	1.18268696238e-08
     9	1.0337564757e-08

Measurement: edge100_ro24
  step	V(ro24_out)={VTHRESH} 
     1	7.21146875457e-09
     2	6.17080254607e-09
     3	5.50393381712e-09
     4	9.91360677118e-09
     5	8.347959664e-09
     6	7.33954534882e-09
     7	1.4158515313e-08
     8	1.1835818891e-08
     9	1.03433326146e-08

Measurement: edge100_ro25
  step	V(ro25_out)={VTHRESH} 
     1	7.05727168693e-09
     2	6.07045362245e-09
     3	5.42604187518e-09
     4	9.60634615479e-09
     5	8.136091003e-09
     6	7.18303654747e-09
     7	1.36153279983e-08
     8	1.14508617094e-08
     9	1.00519579819e-08

Measurement: edge100_ro26
  step	V(ro26_out)={VTHRESH} 
     1	7.34510811982e-09
     2	6.25762257757e-09
     3	5.55744320422e-09
     4	1.01031983333e-08
     5	8.47110132922e-09
     6	7.42860877007e-09
     7	1.44475472984e-08
     8	1.20229096341e-08
     9	1.04784011433e-08

Measurement: edge100_ro27
  step	V(ro27_out)={VTHRESH} 
     1	7.49611459529e-09
     2	6.37516338507e-09
     3	5.64988468677e-09
     4	1.03602577046e-08
     5	8.66537191422e-09
     6	7.57710238345e-09
     7	1.48845472865e-08
     8	1.2357825098e-08
     9	1.07403988095e-08

Measurement: edge100_ro28
  step	V(ro28_out)={VTHRESH} 
     1	7.02642412537e-09
     2	6.05457223801e-09
     3	5.41378479884e-09
     4	9.55319002082e-09
     5	8.10485302249e-09
     6	7.15922675672e-09
     7	1.35408196803e-08
     8	1.14097137456e-08
     9	1.00227173101e-08

Measurement: edge100_ro29
  step	V(ro29_out)={VTHRESH} 
     1	7.25458774253e-09
     2	6.20121696494e-09
     3	5.52741257584e-09
     4	9.98278735341e-09
     5	8.3932386794e-09
     6	7.37096866097e-09
     7	1.42725689637e-08
     8	1.190990282e-08
     9	1.03952121709e-08

Measurement: edge100_ro30
  step	V(ro30_out)={VTHRESH} 
     1	7.29102225762e-09
     2	6.22825449499e-09
     3	5.54511783785e-09
     4	1.00313392218e-08
     5	8.4354700689e-09
     6	7.40577500997e-09
     7	1.43445078672e-08
     8	1.19762031912e-08
     9	1.04519048429e-08

Measurement: edge100_ro31
  step	V(ro31_out)={VTHRESH} 
     1	7.42581470148e-09
     2	6.31952425847e-09
     3	5.6027892848e-09
     4	1.03039274747e-08
     5	8.61021599358e-09
     6	7.53219660352e-09
     7	1.48148058996e-08
     8	1.22856488242e-08
     9	1.06795238999e-08

Measurement: edge100_ro32
  step	V(ro32_out)={VTHRESH} 
     1	8.02241207559e-09
     2	6.70318591105e-09
     3	5.87465134304e-09
     4	1.13996808779e-08
     5	9.3194757856e-09
     6	8.03794920675e-09
     7	1.66717783838e-08
     8	1.35083788425e-08
     9	1.15661500892e-08

Measurement: edge100_ro33
  step	V(ro33_out)={VTHRESH} 
     1	7.8356661912e-09
     2	6.58373396257e-09
     3	5.78915954332e-09
     4	1.10438523656e-08
     5	9.09851430414e-09
     6	7.8824036774e-09
     7	1.60623755533e-08
     8	1.31227941263e-08
     9	1.12912162819e-08

Measurement: edge100_ro34
  step	V(ro34_out)={VTHRESH} 
     1	7.33740138125e-09
     2	6.26153045948e-09
     3	5.55898351609e-09
     4	1.01138274794e-08
     5	8.47211813146e-09
     6	7.42338091713e-09
     7	1.44810652039e-08
     8	1.20331630145e-08
     9	1.04768643512e-08

Measurement: edge100_ro35
  step	V(ro35_out)={VTHRESH} 
     1	7.52200523347e-09
     2	6.37330041881e-09
     3	5.64718276917e-09
     4	1.04234194161e-08
     5	8.69083641339e-09
     6	7.58662187117e-09
     7	1.50079358909e-08
     8	1.24181238997e-08
     9	1.0771963971e-08

Measurement: edge100_ro36
  step	V(ro36_out)={VTHRESH} 
     1	7.38999464119e-09
     2	6.30485795579e-09
     3	5.5942453989e-09
     4	1.02156057167e-08
     5	8.56163409171e-09
     6	7.50105713973e-09
     7	1.46532069768e-08
     8	1.21898076142e-08
     9	1.06139603616e-08

Measurement: edge100_ro37
  step	V(ro37_out)={VTHRESH} 
     1	7.60903662339e-09
     2	6.43980344341e-09
     3	5.69396895116e-09
     4	1.05824543861e-08
     5	8.79379091847e-09
     6	7.66278847216e-09
     7	1.52623994807e-08
     8	1.25846871265e-08
     9	1.08962112197e-08

Measurement: edge100_ro38
  step	V(ro38_out)={VTHRESH} 
     1	7.51932192771e-09
     2	6.37895007952e-09
     3	5.65066324163e-09
     4	1.03897792901e-08
     5	8.66577339352e-09
     6	7.56878114596e-09
     7	1.49131281156e-08
     8	1.2342605688e-08
     9	1.0712304487e-08

Measurement: edge100_ro39
  step	V(ro39_out)={VTHRESH} 
     1	7.9401274272e-09
     2	6.65029623877e-09
     3	5.8337635415e-09
     4	1.12795062568e-08
     5	9.22278390082e-09
     6	7.95913638463e-09
     7	1.64590799826e-08
     8	1.3339871613e-08
     9	1.14292558953e-08

Measurement: edge100_ro40
  step	V(ro40_out)={VTHRESH} 
     1	7.19748056485e-09
     2	6.16380147933e-09
     3	5.49462333018e-09
     4	9.8481212693e-09
     5	8.29462872423e-09
     6	7.29494194799e-09
     7	1.40263378692e-08
     8	1.17272783113e-08
     9	1.02513929087e-08

Measurement: edge100_ro41
  step	V(ro41_out)={VTHRESH} 
     1	7.5096971652e-09
     2	6.36161709378e-09
     3	5.63865108501e-09
     4	1.03977440852e-08
     5	8.664165433e-09
     6	7.56373486364e-09
     7	1.49459254729e-08
     8	1.23598319216e-08
     9	1.07227540837e-08

Measurement: edge100_ro42
  step	V(ro42_out)={VTHRESH} 
     1	7.34701487958e-09
     2	6.26115163029e-09
     3	5.55896958447e-09
     4	1.01427450398e-08
     5	8.4925978626e-09
     6	7.43952608912e-09
     7	1.45324149743e-08
     8	1.20721338763e-08
     9	1.05083440729e-08

Measurement: edge100_ro43
  step	V(ro43_out)={VTHRESH} 
     1	7.36819714797e-09
     2	6.28545028314e-09
     3	5.57278712388e-09
     4	1.01821201779e-08
     5	8.5286936487e-09
     6	7.475547137e-09
     7	1.46024637416e-08
     8	1.21445334307e-08
     9	1.05747961661e-08

Measurement: edge100_ro44
  step	V(ro44_out)={VTHRESH} 
     1	7.20007469648e-09
     2	6.14653342225e-09
     3	5.48926918686e-09
     4	9.89228148304e-09
     5	8.32459392454e-09
     6	7.31395833366e-09
     7	1.41142497048e-08
     8	1.17842328037e-08
     9	1.02962529025e-08

Measurement: edge100_ro45
  step	V(ro45_out)={VTHRESH} 
     1	7.47940442799e-09
     2	6.34717040654e-09
     3	5.6172327968e-09
     4	1.03798904036e-08
     5	8.63747987184e-09
     6	7.53796748671e-09
     7	1.49326999432e-08
     8	1.23247793623e-08
     9	1.06913959102e-08

Measurement: edge100_ro46
  step	V(ro46_out)={VTHRESH} 
     1	7.63148659429e-09
     2	6.44198869578e-09
     3	5.69391465824e-09
     4	1.07063879599e-08
     5	8.86241778103e-09
     6	7.70741123814e-09
     7	1.55145167582e-08
     8	1.27329152741e-08
     9	1.09970014141e-08

Measurement: edge100_ro47
  step	V(ro47_out)={VTHRESH} 
     1	7.51430273509e-09
     2	6.38310771193e-09
     3	5.65789586017e-09
     4	1.04118397499e-08
     5	8.7009978461e-09
     6	7.60456389475e-09
     7	1.4979696013e-08
     8	1.24257750407e-08
     9	1.07931753911e-08

Measurement: edge100_ro48
  step	V(ro48_out)={VTHRESH} 
     1	7.38116881911e-09
     2	6.3006297872e-09
     3	5.58836566486e-09
     4	1.01605573701e-08
     5	8.51771931455e-09
     6	7.46528774918e-09
     7	1.45313826309e-08
     8	1.20929735582e-08
     9	1.05356502959e-08

Measurement: edge100_ro49
  step	V(ro49_out)={VTHRESH} 
     1	7.35727277369e-09
     2	6.28558122772e-09
     3	5.58115329622e-09
     4	1.01545005087e-08
     5	8.51712790295e-09
     6	7.46644382801e-09
     7	1.45441599003e-08
     8	1.2108208569e-08
     9	1.05506822903e-08

Measurement: edge100_ro50
  step	V(ro50_out)={VTHRESH} 
     1	7.10570532109e-09
     2	6.10094712924e-09
     3	5.44946679332e-09
     4	9.67128471266e-09
     5	8.18113119352e-09
     6	7.21432951136e-09
     7	1.37313947717e-08
     8	1.15348667119e-08
     9	1.01146685343e-08

Measurement: edge100_ro51
  step	V(ro51_out)={VTHRESH} 
     1	7.55554300136e-09
     2	6.41087461655e-09
     3	5.66928707715e-09
     4	1.05248234474e-08
     5	8.75625446207e-09
     6	7.63587242169e-09
     7	1.5176725061e-08
     8	1.25257401534e-08
     9	1.08517460444e-08

Measurement: edge100_ro52
  step	V(ro52_out)={VTHRESH} 
     1	7.25989834148e-09
     2	6.19943619097e-09
     3	5.51791513221e-09
     4	9.98758624223e-09
     5	8.38816449645e-09
     6	7.36238566912e-09
     7	1.42799669569e-08
     8	1.19033083815e-08
     9	1.03853002087e-08

Measurement: edge100_ro53
  step	V(ro53_out)={VTHRESH} 
     1	7.13653099312e-09
     2	6.14805688662e-09
     3	5.47172923306e-09
     4	9.75135482945e-09
     5	8.24956063829e-09
     6	7.2724976632e-09
     7	1.38748419158e-08
     8	1.16571827495e-08
     9	1.02175001355e-08

Measurement: edge100_ro54
  step	V(ro54_out)={VTHRESH} 
     1	7.28039324768e-09
     2	6.21624581317e-09
     3	5.53252205286e-09
     4	1.00013158862e-08
     5	8.39602563221e-09
     6	7.370301332e-09
     7	1.42716786692e-08
     8	1.18921242113e-08
     9	1.0376012193e-08

Measurement: edge100_ro55
  step	V(ro55_out)={VTHRESH} 
     1	8.16701937677e-09
     2	6.7942225697e-09
     3	5.95044954807e-09
     4	1.16611428261e-08
     5	9.49565004488e-09
     6	8.16570113421e-09
     7	1.71053918063e-08
     8	1.38075971113e-08
     9	1.17874168017e-08

Measurement: edge100_ro56
  step	V(ro56_out)={VTHRESH} 
     1	6.94365261946e-09
     2	5.99143658015e-09
     3	5.35785241094e-09
     4	9.433394512e-09
     5	8.01352447227e-09
     6	7.09122505823e-09
     7	1.33438236118e-08
     8	1.12555355609e-08
     9	9.90315635328e-09

Measurement: edge100_ro57
  step	V(ro57_out)={VTHRESH} 
     1	7.48110711995e-09
     2	6.35139618253e-09
     3	5.63318195519e-09
     4	1.0331840885e-08
     5	8.62804847601e-09
     6	7.54182906575e-09
     7	1.48231347422e-08
     8	1.22851911867e-08
     9	1.06719062586e-08

Measurement: edge100_ro58
  step	V(ro58_out)={VTHRESH} 
     1	7.32374784487e-09
     2	6.24973722288e-09
     3	5.55276502722e-09
     4	1.01058697433e-08
     5	8.48016491913e-09
     6	7.43666522906e-09
     7	1.44831481405e-08
     8	1.20605003506e-08
     9	1.05116645766e-08

Measurement: edge100_ro59
  step	V(ro59_out)={VTHRESH} 
     1	7.10690208194e-09
     2	6.10533670123e-09
     3	5.45032058971e-09
     4	9.70721355373e-09
     5	8.21037102943e-09
     6	7.23946367601e-09
     7	1.38114351574e-08
     8	1.15999193984e-08
     9	1.01687539252e-08

Measurement: edge100_ro60
  step	V(ro60_out)={VTHRESH} 
     1	7.42830864672e-09
     2	6.32781727074e-09
     3	5.61476391121e-09
     4	1.02678929545e-08
     5	8.60021583838e-09
     6	7.53034462691e-09
     7	1.47402488416e-08
     8	1.2255421767e-08
     9	1.06642299141e-08

Measurement: edge100_ro61
  step	V(ro61_out)={VTHRESH} 
     1	7.31940259221e-09
     2	6.25192709687e-09
     3	5.55241332787e-09
     4	1.00514782165e-08
     5	8.44339414137e-09
     6	7.4114486517e-09
     7	1.43500488975e-08
     8	1.19666547183e-08
     9	1.04419120375e-08

Measurement: edge100_ro62
  step	V(ro62_out)={VTHRESH} 
     1	7.62063374869e-09
     2	6.45042468656e-09
     3	5.70354764304e-09
     4	1.05930051684e-08
     5	8.81346430068e-09
     6	7.68191225834e-09
     7	1.5267927633e-08
     8	1.26075746221e-08
     9	1.09201752519e-08

Measurement: edge100_ro63
  step	V(ro63_out)={VTHRESH} 
     1	7.97005622598e-09
     2	6.66755322102e-09
     3	5.850300857e-09
     4	1.12990731004e-08
     5	9.2547008619e-09
     6	7.98992216726e-09
     7	1.64982627299e-08
     8	1.33964736485e-08
     9	1.14836274537e-08

Measurement: edge100_ro64
  step	V(ro64_out)={VTHRESH} 
     1	7.9100907905e-09
     2	6.64421511863e-09
     3	5.84583927464e-09
     4	1.11163396449e-08
     5	9.17551589048e-09
     6	7.95138539347e-09
     7	1.61665601533e-08
     8	1.32379683284e-08
     9	1.1396175371e-08

Measurement: edge100_ro65
  step	V(ro65_out)={VTHRESH} 
     1	7.29330221441e-09
     2	6.22884049492e-09
     3	5.54889683052e-09
     4	1.00320909237e-08
     5	8.42668575403e-09
     6	7.39706553201e-09
     7	1.43495333463e-08
     8	1.19653355085e-08
     9	1.04399102584e-08

Measurement: edge100_ro66
  step	V(ro66_out)={VTHRESH} 
     1	7.65565563727e-09
     2	6.47604220044e-09
     3	5.71622445421e-09
     4	1.06846417678e-08
     5	8.86660599426e-09
     6	7.71758429643e-09
     7	1.54397550963e-08
     8	1.2710826231e-08
     9	1.09905843732e-08

Measurement: edge100_ro67
  step	V(ro67_out)={VTHRESH} 
     1	7.44049974597e-09
     2	6.32765276083e-09
     3	5.60584698404e-09
     4	1.02733538314e-08
     5	8.57926884642e-09
     6	7.50247665203e-09
     7	1.47223373696e-08
     8	1.22037947341e-08
     9	1.06053301591e-08

Measurement: edge100_ro68
  step	V(ro68_out)={VTHRESH} 
     1	7.44753051559e-09
     2	6.32827415922e-09
     3	5.60570886084e-09
     4	1.03504844455e-08
     5	8.62613737593e-09
     6	7.5350057447e-09
     7	1.49054967728e-08
     8	1.23183490237e-08
     9	1.0688075134e-08

Measurement: edge100_ro69
  step	V(ro69_out)={VTHRESH} 
     1	7.26256039411e-09
     2	6.20550013867e-09
     3	5.52569532368e-09
     4	1.00069614886e-08
     5	8.40514188309e-09
     6	7.37762082503e-09
     7	1.43132279657e-08
     8	1.19313169407e-08
     9	1.04080350621e-08

Measurement: edge100_ro70
  step	V(ro70_out)={VTHRESH} 
     1	7.74607212087e-09
     2	6.53622860093e-09
     3	5.75655484618e-09
     4	1.08485974869e-08
     5	8.98236780357e-09
     6	7.80415762327e-09
     7	1.57309304398e-08
     8	1.29200054745e-08
     9	1.11507464101e-08

Measurement: edge100_ro71
  step	V(ro71_out)={VTHRESH} 
     1	7.12791160745e-09
     2	6.12523543188e-09
     3	5.46667867131e-09
     4	9.7438508612e-09
     5	8.24254377588e-09
     6	7.26628233174e-09
     7	1.38647291108e-08
     8	1.16470677803e-08
     9	1.02084210393e-08

Measurement: edge100_ro72
  step	V(ro72_out)={VTHRESH} 
     1	7.01806551894e-09
     2	6.05030605882e-09
     3	5.41224216715e-09
     4	9.53619350236e-09
     5	8.09675945339e-09
     6	7.15654518051e-09
     7	1.35066729723e-08
     8	1.13897450966e-08
     9	1.00115254734e-08

Measurement: edge100_ro73
  step	V(ro73_out)={VTHRESH} 
     1	7.72226982917e-09
     2	6.52034205766e-09
     3	5.75189773032e-09
     4	1.08218880031e-08
     5	8.95104622169e-09
     6	7.77855589441e-09
     7	1.56814943843e-08
     8	1.28622304933e-08
     9	1.1101436205e-08

Measurement: edge100_ro74
  step	V(ro74_out)={VTHRESH} 
     1	8.132310259e-09
     2	6.78261592518e-09
     3	5.9381238061e-09
     4	1.1556461491e-08
     5	9.42582066563e-09
     6	8.11538490204e-09
     7	1.68768457868e-08
     8	1.36473318854e-08
     9	1.16654303605e-08

Measurement: edge100_ro75
  step	V(ro75_out)={VTHRESH} 
     1	7.82222745542e-09
     2	6.54339483981e-09
     3	5.77376408717e-09
     4	1.09681772562e-08
     5	9.02462433781e-09
     6	7.81863959368e-09
     7	1.58947828497e-08
     8	1.2964983549e-08
     9	1.11540528002e-08

Measurement: edge100_ro76
  step	V(ro76_out)={VTHRESH} 
     1	7.51847980684e-09
     2	6.3761659729e-09
     3	5.64734578038e-09
     4	1.04290431708e-08
     5	8.69520154371e-09
     6	7.59352603599e-09
     7	1.50047794345e-08
     8	1.24163093712e-08
     9	1.07768758632e-08

Measurement: edge100_ro77
  step	V(ro77_out)={VTHRESH} 
     1	7.67373691801e-09
     2	6.48134695413e-09
     3	5.73244695193e-09
     4	1.07112890023e-08
     5	8.88384651179e-09
     6	7.73577179624e-09
     7	1.54755041246e-08
     8	1.27349104763e-08
     9	1.10122721958e-08

Measurement: edge100_ro78
  step	V(ro78_out)={VTHRESH} 
     1	7.24752339096e-09
     2	6.19840820703e-09
     3	5.52108444315e-09
     4	9.96326351017e-09
     5	8.3821973692e-09
     6	7.36473534526e-09
     7	1.42318087233e-08
     8	1.18870018394e-08
     9	1.03820143693e-08

Measurement: edge100_ro79
  step	V(ro79_out)={VTHRESH} 
     1	7.77052834883e-09
     2	6.5405286994e-09
     3	5.75246129697e-09
     4	1.08908473421e-08
     5	8.99617657147e-09
     6	7.80906669976e-09
     7	1.57796792882e-08
     8	1.29288618772e-08
     9	1.11466461492e-08

Measurement: edge100_ro80
  step	V(ro80_out)={VTHRESH} 
     1	7.5354853601e-09
     2	6.37129134195e-09
     3	5.64845662345e-09
     4	1.04019776283e-08
     5	8.67703963378e-09
     6	7.580977463e-09
     7	1.49450127704e-08
     8	1.23722734414e-08
     9	1.07429242875e-08

Measurement: edge100_ro81
  step	V(ro81_out)={VTHRESH} 
     1	7.7089281142e-09
     2	6.51315864785e-09
     3	5.75905779766e-09
     4	1.07519289284e-08
     5	8.90405433094e-09
     6	7.74330645716e-09
     7	1.55324559335e-08
     8	1.27581877265e-08
     9	1.10200561271e-08

Measurement: edge100_ro82
  step	V(ro82_out)={VTHRESH} 
     1	7.72322985999e-09
     2	6.52491766563e-09
     3	5.7560322829e-09
     4	1.0795335439e-08
     5	8.95082146772e-09
     6	7.78336708331e-09
     7	1.56282610187e-08
     8	1.28577420909e-08
     9	1.1108083693e-08

Measurement: edge100_ro83
  step	V(ro83_out)={VTHRESH} 
     1	7.27097551019e-09
     2	6.21685985515e-09
     3	5.53530579906e-09
     4	1.00074965735e-08
     5	8.41372476141e-09
     6	7.38759298934e-09
     7	1.43106243293e-08
     8	1.19437573553e-08
     9	1.04245479715e-08

Measurement: edge100_ro84
  step	V(ro84_out)={VTHRESH} 
     1	7.33298666841e-09
     2	6.25971954531e-09
     3	5.55580533111e-09
     4	1.01278438295e-08
     5	8.48330948043e-09
     6	7.43321431362e-09
     7	1.45133816245e-08
     8	1.20634025102e-08
     9	1.05037441191e-08

Measurement: edge100_ro85
  step	V(ro85_out)={VTHRESH} 
     1	7.40423405419e-09
     2	6.29459805378e-09
     3	5.58086111925e-09
     4	1.02551294438e-08
     5	8.55987397935e-09
     6	7.4851360797e-09
     7	1.47374425646e-08
     8	1.22046162331e-08
     9	1.06021465613e-08

Measurement: edge100_ro86
  step	V(ro86_out)={VTHRESH} 
     1	7.13708807885e-09
     2	6.14377043004e-09
     3	5.47433125756e-09
     4	9.76578449131e-09
     5	8.24811971928e-09
     6	7.26529884327e-09
     7	1.38860147523e-08
     8	1.16458618998e-08
     9	1.01985893131e-08

Measurement: edge100_ro87
  step	V(ro87_out)={VTHRESH} 
     1	8.04650242055e-09
     2	6.73811656353e-09
     3	5.89695203921e-09
     4	1.14088343062e-08
     5	9.34137489748e-09
     6	8.06186340177e-09
     7	1.66732934968e-08
     8	1.35379502186e-08
     9	1.1598389696e-08

Measurement: edge100_ro88
  step	V(ro88_out)={VTHRESH} 
     1	7.14867171693e-09
     2	6.15481583478e-09
     3	5.47499820528e-09
     4	9.76151231446e-09
     5	8.24886560069e-09
     6	7.26783639319e-09
     7	1.38872891985e-08
     8	1.16524612869e-08
     9	1.02069743521e-08

Measurement: edge100_ro89
  step	V(ro89_out)={VTHRESH} 
     1	7.33279231024e-09
     2	6.266639748e-09
     3	5.57014536506e-09
     4	1.01102358394e-08
     5	8.48897311274e-09
     6	7.44575567873e-09
     7	1.44767709759e-08
     8	1.20654767452e-08
     9	1.05182050949e-08

Measurement: edge100_ro90
  step	V(ro90_out)={VTHRESH} 
     1	7.21761575189e-09
     2	6.18208958995e-09
     3	5.50895014538e-09
     4	9.88879969902e-09
     5	8.33290484427e-09
     6	7.32976650367e-09
     7	1.40927198525e-08
     8	1.17917671511e-08
     9	1.03091881457e-08

Measurement: edge100_ro91
  step	V(ro91_out)={VTHRESH} 
     1	7.33921544968e-09
     2	6.26912638888e-09
     3	5.57144270909e-09
     4	1.01220534247e-08
     5	8.5020793115e-09
     6	7.45803905718e-09
     7	1.44957453708e-08
     8	1.20864062861e-08
     9	1.05380958023e-08

Measurement: edge100_ro92
  step	V(ro92_out)={VTHRESH} 
     1	7.45013475677e-09
     2	6.35004259654e-09
     3	5.62214469865e-09
     4	1.03016165176e-08
     5	8.61588941803e-09
     6	7.53845740094e-09
     7	1.47862180878e-08
     8	1.22755186757e-08
     9	1.06743949834e-08

Measurement: edge100_ro93
  step	V(ro93_out)={VTHRESH} 
     1	7.45440241308e-09
     2	6.34487100229e-09
     3	5.61889338104e-09
     4	1.03445771232e-08
     5	8.64002184461e-09
     6	7.55258011502e-09
     7	1.48786566346e-08
     8	1.23319624134e-08
     9	1.07120215338e-08

Measurement: edge100_ro94
  step	V(ro94_out)={VTHRESH} 
     1	7.25576616463e-09
     2	6.19753725419e-09
     3	5.51859928751e-09
     4	9.95351021705e-09
     5	8.36581996291e-09
     6	7.34829026568e-09
     7	1.42037319177e-08
     8	1.18517545189e-08
     9	1.03497926271e-08

Measurement: edge100_ro95
  step	V(ro95_out)={VTHRESH} 
     1	7.54375768183e-09
     2	6.38933800255e-09
     3	5.65456669359e-09
     4	1.05161105654e-08
     5	8.74288724437e-09
     6	7.62284098036e-09
     7	1.51606132709e-08
     8	1.24970206687e-08
     9	1.08252837687e-08

Measurement: edge100_ro96
  step	V(ro96_out)={VTHRESH} 
     1	7.8113092599e-09
     2	6.55988717613e-09
     3	5.78021762738e-09
     4	1.0935921794e-08
     5	9.02481654198e-09
     6	7.82584956916e-09
     7	1.58492873395e-08
     8	1.29744526546e-08
     9	1.11762671097e-08

Measurement: edge100_ro97
  step	V(ro97_out)={VTHRESH} 
     1	7.28659143455e-09
     2	6.22037642528e-09
     3	5.53565099338e-09
     4	1.00430196206e-08
     5	8.43096133398e-09
     6	7.39996683581e-09
     7	1.43562528761e-08
     8	1.19605023197e-08
     9	1.04334857505e-08

Measurement: edge100_ro98
  step	V(ro98_out)={VTHRESH} 
     1	7.34374425996e-09
     2	6.24012125838e-09
     3	5.55425401131e-09
     4	1.01449146381e-08
     5	8.48339829008e-09
     6	7.42820664805e-09
     7	1.454358129e-08
     8	1.20655333206e-08
     9	1.04970136106e-08

Measurement: edge100_ro99
  step	V(ro99_out)={VTHRESH} 
     1	7.43513638442e-09
     2	6.34684486996e-09
     3	5.61472818417e-09
     4	1.02987105073e-08
     5	8.61700880008e-09
     6	7.54033729721e-09
     7	1.47907071613e-08
     8	1.22846637878e-08
     9	1.06834142181e-08

Measurement: edge100_ro100
  step	V(ro100_out)={VTHRESH} 
     1	7.61598589072e-09
     2	6.44350766568e-09
     3	5.69945999058e-09
     4	1.06463877591e-08
     5	8.84513910706e-09
     6	7.70491020802e-09
     7	1.53911839284e-08
     8	1.26850881885e-08
     9	1.09769017353e-08

Measurement: edge100_ro101
  step	V(ro101_out)={VTHRESH} 
     1	7.83004461694e-09
     2	6.58518068336e-09
     3	5.79696000066e-09
     4	1.10336704224e-08
     5	9.10054114442e-09
     6	7.88951159361e-09
     7	1.6038704283e-08
     8	1.31192726237e-08
     9	1.12957164127e-08

Measurement: edge100_ro102
  step	V(ro102_out)={VTHRESH} 
     1	7.53879686133e-09
     2	6.39008588911e-09
     3	5.66532978358e-09
     4	1.04153132009e-08
     5	8.6994620771e-09
     6	7.60102099823e-09
     7	1.49635717721e-08
     8	1.24078897653e-08
     9	1.07758636032e-08

Measurement: edge100_ro103
  step	V(ro103_out)={VTHRESH} 
     1	7.36509535294e-09
     2	6.27032458353e-09
     3	5.55219352691e-09
     4	1.01721936648e-08
     5	8.49520764287e-09
     6	7.4349323221e-09
     7	1.45597321614e-08
     8	1.20617703585e-08
     9	1.04875975325e-08

Measurement: edge100_ro104
  step	V(ro104_out)={VTHRESH} 
     1	7.25068754419e-09
     2	6.20865146762e-09
     3	5.52976042649e-09
     4	9.94571511889e-09
     5	8.37908058687e-09
     6	7.36519483577e-09
     7	1.41956079836e-08
     8	1.18750568048e-08
     9	1.03774182606e-08

Measurement: edge100_ro105
  step	V(ro105_out)={VTHRESH} 
     1	7.57446956144e-09
     2	6.40555730334e-09
     3	5.66624441659e-09
     4	1.05342572021e-08
     5	8.74723790266e-09
     6	7.62219664188e-09
     7	1.51849510997e-08
     8	1.25088576906e-08
     9	1.08282213841e-08

Measurement: edge100_ro106
  step	V(ro106_out)={VTHRESH} 
     1	7.73738891471e-09
     2	6.52723038295e-09
     3	5.75193144927e-09
     4	1.08387373438e-08
     5	8.97049058565e-09
     6	7.79411416071e-09
     7	1.57053678249e-08
     8	1.28934098157e-08
     9	1.11275873971e-08

Measurement: edge100_ro107
  step	V(ro107_out)={VTHRESH} 
     1	7.99074999025e-09
     2	6.69266064322e-09
     3	5.8820833567e-09
     4	1.12813330157e-08
     5	9.25899073059e-09
     6	8.00011725792e-09
     7	1.64417572412e-08
     8	1.33808687259e-08
     9	1.14824345181e-08

Measurement: edge100_ro108
  step	V(ro108_out)={VTHRESH} 
     1	7.73992138831e-09
     2	6.52170451303e-09
     3	5.74320088495e-09
     4	1.08629309142e-08
     5	8.95350331796e-09
     6	7.76562352955e-09
     7	1.57394386484e-08
     8	1.28630081938e-08
     9	1.10792778416e-08

Measurement: edge100_ro109
  step	V(ro109_out)={VTHRESH} 
     1	7.32844117839e-09
     2	6.25116734631e-09
     3	5.55554102843e-09
     4	1.0110448056e-08
     5	8.48847036063e-09
     6	7.44458902003e-09
     7	1.4496516203e-08
     8	1.20816961609e-08
     9	1.05312339562e-08

Measurement: edge100_ro110
  step	V(ro110_out)={VTHRESH} 
     1	7.22886149399e-09
     2	6.18712639411e-09
     3	5.51453449213e-09
     4	9.90480851643e-09
     5	8.34874872276e-09
     6	7.33891169621e-09
     7	1.41219812839e-08
     8	1.18201478607e-08
     9	1.03341190142e-08

Measurement: edge100_ro111
  step	V(ro111_out)={VTHRESH} 
     1	7.51801422185e-09
     2	6.37678224961e-09
     3	5.65506554111e-09
     4	1.04283242994e-08
     5	8.7041992414e-09
     6	7.60376787403e-09
     7	1.50116137315e-08
     8	1.24366457701e-08
     9	1.07971024704e-08

Measurement: edge100_ro112
  step	V(ro112_out)={VTHRESH} 
     1	7.54966314423e-09
     2	6.40454352127e-09
     3	5.667325453e-09
     4	1.05237787777e-08
     5	8.76228768947e-09
     6	7.6444844265e-09
     7	1.51740249681e-08
     8	1.25356627097e-08
     9	1.08655467149e-08

Measurement: edge100_ro113
  step	V(ro113_out)={VTHRESH} 
     1	7.53724152266e-09
     2	6.37857712546e-09
     3	5.64810315189e-09
     4	1.04523750978e-08
     5	8.69565957386e-09
     6	7.58785141707e-09
     7	1.50395217394e-08
     8	1.24101256342e-08
     9	1.0758570242e-08

Measurement: edge100_ro114
  step	V(ro114_out)={VTHRESH} 
     1	7.56055864626e-09
     2	6.40944793935e-09
     3	5.6709588723e-09
     4	1.05175455544e-08
     5	8.75323049173e-09
     6	7.6353491518e-09
     7	1.51647638042e-08
     8	1.25207020144e-08
     9	1.08498124581e-08

Measurement: edge100_ro115
  step	V(ro115_out)={VTHRESH} 
     1	7.93682046599e-09
     2	6.62897271836e-09
     3	5.81910270173e-09
     4	1.12310685015e-08
     5	9.20167558621e-09
     6	7.94805536573e-09
     7	1.63928370072e-08
     8	1.33138270798e-08
     9	1.14176427103e-08

Measurement: edge100_ro116
  step	V(ro116_out)={VTHRESH} 
     1	7.38655483491e-09
     2	6.27854765393e-09
     3	5.5695785971e-09
     4	1.02262900903e-08
     5	8.52968796563e-09
     6	7.46126671531e-09
     7	1.46763085522e-08
     8	1.21409869677e-08
     9	1.05504367016e-08

Measurement: edge100_ro117
  step	V(ro117_out)={VTHRESH} 
     1	7.93126177861e-09
     2	6.65873485744e-09
     3	5.84940342993e-09
     4	1.11601275498e-08
     5	9.19168822399e-09
     6	7.95572239016e-09
     7	1.62343038166e-08
     8	1.32635495763e-08
     9	1.14041406887e-08

Measurement: edge100_ro118
  step	V(ro118_out)={VTHRESH} 
     1	7.50842937777e-09
     2	6.35698715185e-09
     3	5.64545435763e-09
     4	1.04121112606e-08
     5	8.68327816261e-09
     6	7.58424349452e-09
     7	1.49708808945e-08
     8	1.23885702551e-08
     9	1.07528726818e-08

Measurement: edge100_ro119
  step	V(ro119_out)={VTHRESH} 
     1	7.55553810043e-09
     2	6.38978411445e-09
     3	5.64954562657e-09
     4	1.05733959223e-08
     5	8.76159016895e-09
     6	7.62984401967e-09
     7	1.52704700002e-08
     8	1.25457463169e-08
     9	1.08497336345e-08

Measurement: edge100_ro120
  step	V(ro120_out)={VTHRESH} 
     1	7.55431519929e-09
     2	6.40867210889e-09
     3	5.67105237325e-09
     4	1.04912559363e-08
     5	8.74142124197e-09
     6	7.62871929544e-09
     7	1.51020416872e-08
     8	1.24881234077e-08
     9	1.08292095719e-08

Measurement: edge100_ro121
  step	V(ro121_out)={VTHRESH} 
     1	6.80959755271e-09
     2	5.89799778183e-09
     3	5.29558176814e-09
     4	9.12706830697e-09
     5	7.78881168255e-09
     6	6.91414011132e-09
     7	1.28005323997e-08
     8	1.08524197161e-08
     9	9.58241212084e-09

Measurement: edge100_ro122
  step	V(ro122_out)={VTHRESH} 
     1	7.54019318693e-09
     2	6.40387468061e-09
     3	5.67458051546e-09
     4	1.04768488536e-08
     5	8.7346983304e-09
     6	7.62621212966e-09
     7	1.50757314885e-08
     8	1.24737251794e-08
     9	1.08219196655e-08

Measurement: edge100_ro123
  step	V(ro123_out)={VTHRESH} 
     1	7.33192544191e-09
     2	6.25541721727e-09
     3	5.5579841537e-09
     4	1.01283461346e-08
     5	8.49044173336e-09
     6	7.44283918389e-09
     7	1.45014396537e-08
     8	1.20656921825e-08
     9	1.05112435502e-08

Measurement: edge100_ro124
  step	V(ro124_out)={VTHRESH} 
     1	7.32887398397e-09
     2	6.24842596912e-09
     3	5.55699225764e-09
     4	1.00909285561e-08
     5	8.46649509632e-09
     6	7.42577885784e-09
     7	1.444000626e-08
     8	1.20227405063e-08
     9	1.0480636159e-08

Measurement: edge100_ro125
  step	V(ro125_out)={VTHRESH} 
     1	8.08969520187e-09
     2	6.76405095255e-09
     3	5.93352089261e-09
     4	1.1411360585e-08
     5	9.36064603218e-09
     6	8.08054620564e-09
     7	1.66362675381e-08
     8	1.35366116305e-08
     9	1.16065723713e-08

Measurement: edge100_ro126
  step	V(ro126_out)={VTHRESH} 
     1	8.04970693443e-09
     2	6.7430804297e-09
     3	5.90436012106e-09
     4	1.13483859848e-08
     5	9.3091726541e-09
     6	8.03687376028e-09
     7	1.6534412489e-08
     8	1.34530025693e-08
     9	1.15365464555e-08

Measurement: edge100_ro127
  step	V(ro127_out)={VTHRESH} 
     1	7.51630388607e-09
     2	6.36749068549e-09
     3	5.65618247846e-09
     4	1.04111147083e-08
     5	8.69243309096e-09
     6	7.5950450334e-09
     7	1.49690926152e-08
     8	1.24046605064e-08
     9	1.07711134515e-08
