LTspice 26.0.2 for Windows
Circuit: C:\Users\JUST\Documents\LTspice\RO_PUF_PVT_100\chip_084_PVT.net
Start Time: Mon Jul 20 09:06:26 2026
Options:plotwinsize=0 numdgt=10 reltol=1e-4 abstol=1e-12 vntol=1e-6 reltol=0.003 vntol=1m abstol=1e-10 gmin=1e-10 threads=1

.step vddval=0.9 temp=-20°
solver = Normal
Maximum thread count: 1
tnom = 27
temp = -20
method = trap
gmin = 1e-10
abstol = 1e-10
reltol = 0.003
volttol = 0.001
Per .tran options, skipping operating point for transient analysis.

.step vddval=1 temp=-20°

.step vddval=1.1 temp=-20°

.step vddval=0.9 temp=25°

.step vddval=1 temp=25°

.step vddval=1.1 temp=25°

.step vddval=0.9 temp=80°

.step vddval=1 temp=80°

.step vddval=1.1 temp=80°
Total elapsed time: 2115.091 seconds.

Files loaded:
C:\Users\JUST\Documents\LTspice\RO_PUF_PVT_100\chip_084_PVT.net
C:\Users\JUST\Documents\LTspice\RO_PUF_PVT_100\45nm_HP.pm
C:\Users\JUST\Documents\LTspice\RO_PUF_PVT_100\chip_084_mismatch.inc


Measurement: t_ro0
  step	t_ro0	FROM	TO
     1	5.92064430073e-09	1.42654007933e-09	7.34718438006e-09
     2	5.05944016952e-09	1.21682787827e-09	6.27626804779e-09
     3	4.49019031426e-09	1.07953716781e-09	5.56972748207e-09
     4	8.18295681737e-09	1.97304049666e-09	1.0155997314e-08
     5	6.86674713684e-09	1.65320877116e-09	8.519955908e-09
     6	6.02130967206e-09	1.44853433321e-09	7.46984400527e-09
     7	1.17278982542e-08	2.83008214238e-09	1.45579803966e-08
     8	9.76743353592e-09	2.35324058364e-09	1.21206741196e-08
     9	8.51204615811e-09	2.0492815606e-09	1.05613277187e-08

Measurement: t_ro1
  step	t_ro1	FROM	TO
     1	5.98839859019e-09	1.44701930104e-09	7.43541789124e-09
     2	5.10330150503e-09	1.22998182216e-09	6.33328332719e-09
     3	4.52037632695e-09	1.0876644023e-09	5.60804072925e-09
     4	8.29924045575e-09	2.00853682972e-09	1.03077772855e-08
     5	6.93441419356e-09	1.67337122611e-09	8.60778541967e-09
     6	6.0677072598e-09	1.46173237416e-09	7.52943963395e-09
     7	1.19158592162e-08	2.88599210382e-09	1.480185132e-08
     8	9.87843580586e-09	2.38590672403e-09	1.22643425299e-08
     9	8.58795974077e-09	2.07093021504e-09	1.06588899558e-08

Measurement: t_ro2
  step	t_ro2	FROM	TO
     1	6.03730426012e-09	1.45036107284e-09	7.48766533296e-09
     2	5.1356923777e-09	1.23157687798e-09	6.36726925568e-09
     3	4.55489194648e-09	1.09095533967e-09	5.64584728615e-09
     4	8.34945268713e-09	2.00691615607e-09	1.03563688432e-08
     5	6.98614241063e-09	1.6763299324e-09	8.66247234303e-09
     6	6.11101172817e-09	1.46446561609e-09	7.57547734426e-09
     7	1.1997688824e-08	2.88424843622e-09	1.48819372603e-08
     8	9.96600107096e-09	2.39202938409e-09	1.2358030455e-08
     9	8.66488001884e-09	2.0772494999e-09	1.07421295187e-08

Measurement: t_ro3
  step	t_ro3	FROM	TO
     1	6.12695456433e-09	1.47200933049e-09	7.59896389482e-09
     2	5.19289763511e-09	1.2451274157e-09	6.43802505081e-09
     3	4.59236160903e-09	1.09974776214e-09	5.69210937117e-09
     4	8.53917097736e-09	2.05200989863e-09	1.0591180876e-08
     5	7.10344530611e-09	1.70382435369e-09	8.80726965979e-09
     6	6.19319854391e-09	1.48364573678e-09	7.67684428069e-09
     7	1.23144047864e-08	2.9593320586e-09	1.5273736845e-08
     8	1.01647978463e-08	2.43845113031e-09	1.26032489766e-08
     9	8.80547627369e-09	2.10982461893e-09	1.09153008926e-08

Measurement: t_ro4
  step	t_ro4	FROM	TO
     1	6.03222392326e-09	1.44427781554e-09	7.4765017388e-09
     2	5.11999949288e-09	1.22488553658e-09	6.34488502947e-09
     3	4.54543792269e-09	1.08593234359e-09	5.63137026627e-09
     4	8.34879494992e-09	1.99867161803e-09	1.03474665679e-08
     5	6.97594805317e-09	1.66780648163e-09	8.64375453481e-09
     6	6.09992666577e-09	1.45731738014e-09	7.55724404591e-09
     7	1.19949396149e-08	2.87117462531e-09	1.48661142402e-08
     8	9.94599794064e-09	2.37767800419e-09	1.23236759448e-08
     9	8.64263221259e-09	2.06446907744e-09	1.070710129e-08

Measurement: t_ro5
  step	t_ro5	FROM	TO
     1	6.38182120011e-09	1.54301729846e-09	7.92483849856e-09
     2	5.35910908187e-09	1.29264194353e-09	6.65175102539e-09
     3	4.70900685975e-09	1.13464932542e-09	5.84365618516e-09
     4	8.99313934579e-09	2.17658132409e-09	1.11697206699e-08
     5	7.4056291166e-09	1.78829370186e-09	9.19392281846e-09
     6	6.41152055637e-09	1.54622927932e-09	7.95774983568e-09
     7	1.30900002238e-08	3.16931469352e-09	1.62593149173e-08
     8	1.06899585709e-08	2.58257668244e-09	1.32725352534e-08
     9	9.19177573771e-09	2.21799574329e-09	1.1409771481e-08

Measurement: t_ro6
  step	t_ro6	FROM	TO
     1	5.81807180634e-09	1.39663202625e-09	7.21470383259e-09
     2	4.98528021776e-09	1.19508532478e-09	6.18036554254e-09
     3	4.44505712971e-09	1.06450746129e-09	5.509564591e-09
     4	7.96384131541e-09	1.91251178377e-09	9.87635309918e-09
     5	6.72063852567e-09	1.61205082206e-09	8.33268934773e-09
     6	5.91401130844e-09	1.41707880235e-09	7.3310901108e-09
     7	1.13605285231e-08	2.72846809367e-09	1.40889966167e-08
     8	9.52028161178e-09	2.28393269479e-09	1.18042143066e-08
     9	8.32865611484e-09	1.99630086406e-09	1.03249569789e-08

Measurement: t_ro7
  step	t_ro7	FROM	TO
     1	5.99482681949e-09	1.43863450555e-09	7.43346132504e-09
     2	5.10572824114e-09	1.22346303539e-09	6.32919127653e-09
     3	4.53336138285e-09	1.08551418657e-09	5.61887556942e-09
     4	8.28920248675e-09	1.99022134004e-09	1.02794238268e-08
     5	6.94274449577e-09	1.66424926716e-09	8.60699376292e-09
     6	6.07998498316e-09	1.45625144579e-09	7.53623642895e-09
     7	1.19014633623e-08	2.85758326142e-09	1.47590466237e-08
     8	9.89380076251e-09	2.3719107558e-09	1.22657115183e-08
     9	8.6090910277e-09	2.06252669842e-09	1.06716177261e-08

Measurement: t_ro8
  step	t_ro8	FROM	TO
     1	5.79586090602e-09	1.3876707773e-09	7.18353168332e-09
     2	4.97003396052e-09	1.18831879742e-09	6.15835275794e-09
     3	4.43218854222e-09	1.05883342923e-09	5.49102197145e-09
     4	7.93870374011e-09	1.90083974753e-09	9.83954348764e-09
     5	6.69809243033e-09	1.60169504431e-09	8.29978747464e-09
     6	5.89598046476e-09	1.40858034392e-09	7.30456080868e-09
     7	1.13131097251e-08	2.70842517912e-09	1.40215349042e-08
     8	9.47704698611e-09	2.26608226223e-09	1.17431292483e-08
     9	8.29353822195e-09	1.98132983164e-09	1.02748680536e-08

Measurement: t_ro9
  step	t_ro9	FROM	TO
     1	5.83258916314e-09	1.39837836639e-09	7.23096752953e-09
     2	4.99450315141e-09	1.1955850827e-09	6.19008823412e-09
     3	4.45634229322e-09	1.06555567824e-09	5.52189797147e-09
     4	7.97047651709e-09	1.91141214967e-09	9.88188866676e-09
     5	6.72971201768e-09	1.61127171535e-09	8.34098373303e-09
     6	5.92249463234e-09	1.41622492563e-09	7.33871955797e-09
     7	1.13514389458e-08	2.72207101276e-09	1.40735099585e-08
     8	9.52019383988e-09	2.2796484612e-09	1.17998423011e-08
     9	8.33148953948e-09	1.99289092844e-09	1.03243804679e-08

Measurement: t_ro10
  step	t_ro10	FROM	TO
     1	5.76726928233e-09	1.37344148778e-09	7.1407107701e-09
     2	4.95786339347e-09	1.1809555563e-09	6.13881894977e-09
     3	4.41894404723e-09	1.05327746393e-09	5.47222151116e-09
     4	7.89141933575e-09	1.8751038372e-09	9.76652317294e-09
     5	6.66558071384e-09	1.5865645487e-09	8.25214526254e-09
     6	5.87211816107e-09	1.39829871349e-09	7.27041687456e-09
     7	1.12285274491e-08	2.66338187592e-09	1.3891909325e-08
     8	9.41537511448e-09	2.23857112281e-09	1.16539462373e-08
     9	8.2455438525e-09	1.96145088824e-09	1.02069947407e-08

Measurement: t_ro11
  step	t_ro11	FROM	TO
     1	5.9363789056e-09	1.42436008843e-09	7.36073899403e-09
     2	5.06591893482e-09	1.21391277816e-09	6.27983171298e-09
     3	4.50019433624e-09	1.0772432484e-09	5.57743758464e-09
     4	8.21323263258e-09	1.97098213165e-09	1.01842147642e-08
     5	6.88756798136e-09	1.65078566274e-09	8.5383536441e-09
     6	6.03616812178e-09	1.44547316489e-09	7.48164128667e-09
     7	1.17891574519e-08	2.82908011479e-09	1.46182375667e-08
     8	9.81338295457e-09	2.35221770391e-09	1.21656006585e-08
     9	8.54684303538e-09	2.04688489817e-09	1.05937279335e-08

Measurement: t_ro12
  step	t_ro12	FROM	TO
     1	5.62186689722e-09	1.34627770789e-09	6.96814460511e-09
     2	4.84873332756e-09	1.16009311164e-09	6.0088264392e-09
     3	4.34608946038e-09	1.03934389579e-09	5.38543335618e-09
     4	7.62498590649e-09	1.82589611923e-09	9.45088202572e-09
     5	6.48454742768e-09	1.55120073246e-09	8.03574816014e-09
     6	5.73797641062e-09	1.37195224671e-09	7.10992865733e-09
     7	1.07888548799e-08	2.58301120757e-09	1.33718660875e-08
     8	9.11505182113e-09	2.17999071573e-09	1.12950425369e-08
     9	8.02142926586e-09	1.91740733568e-09	9.93883660154e-09

Measurement: t_ro13
  step	t_ro13	FROM	TO
     1	6.37040815519e-09	1.53634476368e-09	7.90675291887e-09
     2	5.34822573351e-09	1.28736494084e-09	6.63559067436e-09
     3	4.70032026545e-09	1.13013345038e-09	5.83045371583e-09
     4	8.98670586112e-09	2.17140953305e-09	1.11581153942e-08
     5	7.39869703377e-09	1.78397232914e-09	9.18266936291e-09
     6	6.40427480577e-09	1.54257078189e-09	7.94684558766e-09
     7	1.30907830769e-08	3.16681388384e-09	1.62575969608e-08
     8	1.06869564095e-08	2.57976319432e-09	1.32667196038e-08
     9	9.187633312e-09	2.21533500566e-09	1.14029683177e-08

Measurement: t_ro14
  step	t_ro14	FROM	TO
     1	6.00010017869e-09	1.4312801451e-09	7.43138032379e-09
     2	5.10157715577e-09	1.21564910729e-09	6.31722626307e-09
     3	4.51854794839e-09	1.07619872761e-09	5.59474667601e-09
     4	8.33704384221e-09	1.98780600742e-09	1.03248498496e-08
     5	6.95127150978e-09	1.65622686442e-09	8.6074983742e-09
     6	6.07484211132e-09	1.44710587275e-09	7.52194798407e-09
     7	1.19898619051e-08	2.85786400494e-09	1.484772591e-08
     8	9.91402292351e-09	2.36161465217e-09	1.22756375757e-08
     9	8.60562667288e-09	2.04914767764e-09	1.06547743505e-08

Measurement: t_ro15
  step	t_ro15	FROM	TO
     1	5.6288818648e-09	1.34943718805e-09	6.97831905285e-09
     2	4.84807169548e-09	1.16140986308e-09	6.00948155856e-09
     3	4.33570073169e-09	1.03801861248e-09	5.37371934417e-09
     4	7.67273776882e-09	1.84038355235e-09	9.51312132118e-09
     5	6.49252838398e-09	1.55602271213e-09	8.04855109611e-09
     6	5.73482322338e-09	1.37373953603e-09	7.10856275941e-09
     7	1.08798184331e-08	2.60999458029e-09	1.34898130134e-08
     8	9.13571997858e-09	2.18988503903e-09	1.13256050176e-08
     9	8.01884308082e-09	1.92126267875e-09	9.94010575956e-09

Measurement: t_ro16
  step	t_ro16	FROM	TO
     1	5.59999958055e-09	1.34316923994e-09	6.94316882049e-09
     2	4.84357011245e-09	1.15980033127e-09	6.00337044372e-09
     3	4.33915062921e-09	1.03745195777e-09	5.37660258698e-09
     4	7.6241164217e-09	1.82996308459e-09	9.45407950629e-09
     5	6.48090247649e-09	1.5532313029e-09	8.03413377939e-09
     6	5.73497027205e-09	1.37245480664e-09	7.10742507869e-09
     7	1.07946121084e-08	2.59142727624e-09	1.33860393846e-08
     8	9.11330670298e-09	2.18506324951e-09	1.12983699525e-08
     9	8.01834041708e-09	1.92030420568e-09	9.93864462276e-09

Measurement: t_ro17
  step	t_ro17	FROM	TO
     1	5.91999991849e-09	1.4178823557e-09	7.33788227419e-09
     2	5.05440442015e-09	1.2100056439e-09	6.26441006405e-09
     3	4.48977992728e-09	1.07358715117e-09	5.56336707845e-09
     4	8.14170870211e-09	1.9517722827e-09	1.00934809848e-08
     5	6.84561964322e-09	1.63902342074e-09	8.48464306396e-09
     6	6.00761104148e-09	1.43706101827e-09	7.44467205975e-09
     7	1.1657733769e-08	2.79429969214e-09	1.44520334611e-08
     8	9.73244020859e-09	2.33011793892e-09	1.20625581475e-08
     9	8.49039969797e-09	2.03093405875e-09	1.05213337567e-08

Measurement: t_ro18
  step	t_ro18	FROM	TO
     1	5.68807096317e-09	1.36289171567e-09	7.05096267884e-09
     2	4.90284083987e-09	1.17313745055e-09	6.07597829043e-09
     3	4.38228777117e-09	1.04781847817e-09	5.43010624934e-09
     4	7.72889373255e-09	1.85248941244e-09	9.58138314499e-09
     5	6.55883875771e-09	1.56976561289e-09	8.1286043706e-09
     6	5.79555738304e-09	1.38577792167e-09	7.18133530471e-09
     7	1.09529144957e-08	2.62508114022e-09	1.3577995636e-08
     8	9.23413631071e-09	2.20988697861e-09	1.14440232893e-08
     9	8.11458984218e-09	1.94029856979e-09	1.0054888412e-08

Measurement: t_ro19
  step	t_ro19	FROM	TO
     1	5.72337133712e-09	1.37031362224e-09	7.09368495936e-09
     2	4.91836658902e-09	1.17581149785e-09	6.09417808688e-09
     3	4.38938123856e-09	1.04849435117e-09	5.43787558973e-09
     4	7.84463985461e-09	1.87839497387e-09	9.72303482848e-09
     5	6.6251944121e-09	1.58412179155e-09	8.20931620365e-09
     6	5.83864973956e-09	1.39488400528e-09	7.23353374484e-09
     7	1.11725378267e-08	2.67491598969e-09	1.38474538164e-08
     8	9.36481798674e-09	2.23911294028e-09	1.1603930927e-08
     9	8.20227672209e-09	1.95960112841e-09	1.01618778505e-08

Measurement: t_ro20
  step	t_ro20	FROM	TO
     1	6.15698469025e-09	1.47990303663e-09	7.63688772688e-09
     2	5.20419442919e-09	1.24998587729e-09	6.45418030648e-09
     3	4.59424265163e-09	1.1026963638e-09	5.69693901542e-09
     4	8.55470965386e-09	2.05717703389e-09	1.06118866878e-08
     5	7.09621374041e-09	1.70535233822e-09	8.80156607863e-09
     6	6.17758993762e-09	1.48366192867e-09	7.66125186628e-09
     7	1.23275451563e-08	2.96501448004e-09	1.52925596363e-08
     8	1.01449966794e-08	2.43880444895e-09	1.25838011284e-08
     9	8.77457967036e-09	2.10840161186e-09	1.08829812822e-08

Measurement: t_ro21
  step	t_ro21	FROM	TO
     1	6.72000334001e-09	1.61268654643e-09	8.33268988645e-09
     2	5.57913511959e-09	1.3355527859e-09	6.91468790549e-09
     3	4.86525980381e-09	1.16282741522e-09	6.02808721903e-09
     4	9.64268121459e-09	2.31518503455e-09	1.19578662491e-08
     5	7.81746442871e-09	1.87215221876e-09	9.68961664748e-09
     6	6.70174540476e-09	1.6025749391e-09	8.30432034386e-09
     7	1.41820019818e-08	3.40386594705e-09	1.75858679288e-08
     8	1.13930821573e-08	2.72846193578e-09	1.4121544093e-08
     9	9.69563694891e-09	2.31844145403e-09	1.20140784029e-08

Measurement: t_ro22
  step	t_ro22	FROM	TO
     1	5.93720353623e-09	1.42894267269e-09	7.36614620892e-09
     2	5.05788880662e-09	1.21630274462e-09	6.27419155124e-09
     3	4.48996344236e-09	1.07953394717e-09	5.56949738952e-09
     4	8.20205324717e-09	1.97533640446e-09	1.01773896516e-08
     5	6.85416035006e-09	1.64934119868e-09	8.50350154873e-09
     6	6.00051249435e-09	1.44352584498e-09	7.44403833934e-09
     7	1.17509165726e-08	2.8316272376e-09	1.45825438102e-08
     8	9.74040122986e-09	2.34516510845e-09	1.20855663383e-08
     9	8.47284779857e-09	2.03951139962e-09	1.05123591982e-08

Measurement: t_ro23
  step	t_ro23	FROM	TO
     1	6.32467054915e-09	1.51976892654e-09	7.84443947569e-09
     2	5.2984153793e-09	1.2718035595e-09	6.5702189388e-09
     3	4.66340269381e-09	1.1181684538e-09	5.78157114761e-09
     4	8.92740286141e-09	2.14615801273e-09	1.10735608741e-08
     5	7.33208203953e-09	1.7605021998e-09	9.09258423933e-09
     6	6.34494424587e-09	1.52199238663e-09	7.8669366325e-09
     7	1.29914796527e-08	3.12382926234e-09	1.61153089151e-08
     8	1.05763022774e-08	2.53997466137e-09	1.31162769388e-08
     9	9.08778502932e-09	2.18051843046e-09	1.12683034598e-08

Measurement: t_ro24
  step	t_ro24	FROM	TO
     1	6.00875811148e-09	1.4388072275e-09	7.44756533898e-09
     2	5.10512903908e-09	1.22033307819e-09	6.32546211727e-09
     3	4.52378451172e-09	1.08038009508e-09	5.6041646068e-09
     4	8.36200863054e-09	2.00245242419e-09	1.03644610547e-08
     5	6.97198709429e-09	1.66690172995e-09	8.63888882424e-09
     6	6.09082132005e-09	1.45474047476e-09	7.54556179481e-09
     7	1.20401746719e-08	2.88249238091e-09	1.49226670528e-08
     8	9.95802752989e-09	2.38066902926e-09	1.23386965592e-08
     9	8.64270539619e-09	2.06449176662e-09	1.07071971628e-08

Measurement: t_ro25
  step	t_ro25	FROM	TO
     1	5.77792653438e-09	1.38708074926e-09	7.16500728363e-09
     2	4.95412140685e-09	1.18823616788e-09	6.14235757473e-09
     3	4.41635192191e-09	1.05823255659e-09	5.4745844785e-09
     4	7.93409413785e-09	1.90528278694e-09	9.83937692479e-09
     5	6.68528880005e-09	1.60377149858e-09	8.28906029864e-09
     6	5.8828153722e-09	1.41035995593e-09	7.29317532814e-09
     7	1.13069409561e-08	2.71564220614e-09	1.40225831622e-08
     8	9.45672920166e-09	2.26912595218e-09	1.17258551538e-08
     9	8.27101473854e-09	1.98340064536e-09	1.02544153839e-08

Measurement: t_ro26
  step	t_ro26	FROM	TO
     1	5.84767170442e-09	1.40246663012e-09	7.25013833454e-09
     2	5.00387419968e-09	1.19752563171e-09	6.2013998314e-09
     3	4.45453023868e-09	1.06516914798e-09	5.51969938666e-09
     4	8.01881771065e-09	1.92277189203e-09	9.94158960268e-09
     5	6.74605181932e-09	1.61444116178e-09	8.36049298111e-09
     6	5.92755919069e-09	1.4171505276e-09	7.34470971829e-09
     7	1.14344083829e-08	2.73849765099e-09	1.41729060339e-08
     8	9.54795714936e-09	2.28364687278e-09	1.18316040221e-08
     9	8.34073029372e-09	1.99309941501e-09	1.03338297087e-08

Measurement: t_ro27
  step	t_ro27	FROM	TO
     1	6.36766627448e-09	1.53252833014e-09	7.90019460463e-09
     2	5.34607549781e-09	1.28420429148e-09	6.63027978929e-09
     3	4.70017439932e-09	1.12744771714e-09	5.82762211645e-09
     4	8.95192809734e-09	2.15654550829e-09	1.11084736056e-08
     5	7.37389096004e-09	1.77295066486e-09	9.1468416249e-09
     6	6.3858372572e-09	1.53304284318e-09	7.91888010038e-09
     7	1.30130068224e-08	3.13600044578e-09	1.61490072681e-08
     8	1.06331853934e-08	2.55785442499e-09	1.31910398184e-08
     9	9.14623962508e-09	2.1971070928e-09	1.13433467179e-08

Measurement: t_ro28
  step	t_ro28	FROM	TO
     1	5.96443784177e-09	1.42923635663e-09	7.3936741984e-09
     2	5.08209947827e-09	1.21645839508e-09	6.29855787335e-09
     3	4.50726175225e-09	1.07816991299e-09	5.58543166523e-09
     4	8.22208818512e-09	1.97015083147e-09	1.01922390166e-08
     5	6.88507169573e-09	1.64784231403e-09	8.53291400976e-09
     6	6.03044022938e-09	1.44208379391e-09	7.4725240233e-09
     7	1.17784122792e-08	2.82171153276e-09	1.4600123812e-08
     8	9.79170648372e-09	2.34285144743e-09	1.21345579312e-08
     9	8.52414417572e-09	2.03793919375e-09	1.05620833695e-08

Measurement: t_ro29
  step	t_ro29	FROM	TO
     1	6.10981596055e-09	1.46687571892e-09	7.57669167947e-09
     2	5.17790482505e-09	1.24199777249e-09	6.41990259754e-09
     3	4.58566117017e-09	1.09896249871e-09	5.68462366888e-09
     4	8.49832932735e-09	2.0409029768e-09	1.05392323042e-08
     5	7.07823908195e-09	1.69815716639e-09	8.77639624834e-09
     6	6.17480164629e-09	1.48026743162e-09	7.65506907791e-09
     7	1.22505321458e-08	2.94200489699e-09	1.51925370428e-08
     8	1.01248133498e-08	2.42920594907e-09	1.25540192988e-08
     9	8.7761629432e-09	2.10414040734e-09	1.08803033505e-08

Measurement: t_ro30
  step	t_ro30	FROM	TO
     1	5.97192805718e-09	1.35993576987e-09	7.33186382705e-09
     2	5.08982514222e-09	1.22101197045e-09	6.31083711268e-09
     3	4.51541027589e-09	1.08195389545e-09	5.59736417134e-09
     4	8.25474843359e-09	1.88362240502e-09	1.01383708386e-08
     5	6.9112717728e-09	1.66020152031e-09	8.57147329311e-09
     6	6.05123878053e-09	1.45173363226e-09	7.50297241279e-09
     7	1.18430135727e-08	2.70734831635e-09	1.4550361889e-08
     8	9.84165445919e-09	2.36719035509e-09	1.22088448143e-08
     9	8.56377012938e-09	2.05718114466e-09	1.0620951274e-08

Measurement: t_ro31
  step	t_ro31	FROM	TO
     1	5.88471202356e-09	1.4109586456e-09	7.29567066916e-09
     2	5.03502034673e-09	1.20560120756e-09	6.2406215543e-09
     3	4.47997962152e-09	1.07097150934e-09	5.55095113086e-09
     4	8.09131559824e-09	1.94025726029e-09	1.00315728585e-08
     5	6.808969274e-09	1.63065159801e-09	8.43962087201e-09
     6	5.98081258118e-09	1.43124766217e-09	7.41206024336e-09
     7	1.15641335071e-08	2.77284610776e-09	1.43369796149e-08
     8	9.66145248527e-09	2.31400077602e-09	1.19754532613e-08
     9	8.43619134604e-09	2.01903672611e-09	1.04552280721e-08

Measurement: t_ro32
  step	t_ro32	FROM	TO
     1	5.59277250819e-09	1.34647723226e-09	6.93924974045e-09
     2	4.82032071973e-09	1.15845270072e-09	5.97877342045e-09
     3	4.32002281698e-09	1.03795096219e-09	5.35797377918e-09
     4	7.59315006593e-09	1.83001713574e-09	9.42316720168e-09
     5	6.44498736044e-09	1.55031716773e-09	7.99530452817e-09
     6	5.70308449841e-09	1.37016759648e-09	7.07325209489e-09
     7	1.07258236753e-08	2.58624648751e-09	1.33120701628e-08
     8	9.03985618615e-09	2.17593571838e-09	1.12157919045e-08
     9	7.95417443779e-09	1.91237150285e-09	9.86654594063e-09

Measurement: t_ro33
  step	t_ro33	FROM	TO
     1	6.29511182923e-09	1.50963869331e-09	7.80475052254e-09
     2	5.29682387666e-09	1.26868574156e-09	6.56550961822e-09
     3	4.66607903907e-09	1.11703801105e-09	5.78311705012e-09
     4	8.83683006505e-09	2.11907172716e-09	1.09559017922e-08
     5	7.29743538371e-09	1.74801719359e-09	9.04545257729e-09
     6	6.3314823641e-09	1.51572040815e-09	7.84720277226e-09
     7	1.28210135711e-08	3.07402021605e-09	1.58950337872e-08
     8	1.05021725029e-08	2.51541639134e-09	1.30175888942e-08
     9	9.05090035872e-09	2.16650085835e-09	1.12174012171e-08

Measurement: t_ro34
  step	t_ro34	FROM	TO
     1	6.20956436549e-09	1.49382579923e-09	7.70339016472e-09
     2	5.25043698941e-09	1.26224046207e-09	6.51267745147e-09
     3	4.63224007557e-09	1.11241735758e-09	5.74465743316e-09
     4	8.68566646759e-09	2.09067951892e-09	1.07763459865e-08
     5	7.2055874486e-09	1.73298732132e-09	8.93857476992e-09
     6	6.26840940472e-09	1.50665671581e-09	7.77506612053e-09
     7	1.25801700701e-08	3.02922552508e-09	1.56093955952e-08
     8	1.03558708918e-08	2.4920036829e-09	1.28478745747e-08
     9	8.94951684768e-09	2.15238491182e-09	1.11019017595e-08

Measurement: t_ro35
  step	t_ro35	FROM	TO
     1	5.98510866724e-09	1.43543463253e-09	7.42054329977e-09
     2	5.06231369037e-09	1.21125310379e-09	6.27356679416e-09
     3	4.47999930172e-09	1.0703058052e-09	5.55030510691e-09
     4	8.33651086024e-09	2.00010656385e-09	1.03366174241e-08
     5	6.90815317274e-09	1.65399634872e-09	8.56214952146e-09
     6	6.02709665516e-09	1.44079783815e-09	7.46789449331e-09
     7	1.19927055811e-08	2.87732980016e-09	1.48700353812e-08
     8	9.84763140737e-09	2.35843785135e-09	1.22060692587e-08
     9	8.53053139439e-09	2.04005918268e-09	1.05705905771e-08

Measurement: t_ro36
  step	t_ro36	FROM	TO
     1	6.20165141129e-09	1.4921520188e-09	7.69380343009e-09
     2	5.24427539661e-09	1.25988248305e-09	6.50415787966e-09
     3	4.62595207974e-09	1.11033084607e-09	5.73628292581e-09
     4	8.65001727429e-09	2.08257071334e-09	1.07325879876e-08
     5	7.17235189541e-09	1.72391629711e-09	8.89626819253e-09
     6	6.240009024e-09	1.49857702111e-09	7.73858604511e-09
     7	1.24914379765e-08	3.00836144963e-09	1.54997994261e-08
     8	1.02749645242e-08	2.47065301888e-09	1.27456175431e-08
     9	8.88150972321e-09	2.13369977201e-09	1.10152094952e-08

Measurement: t_ro37
  step	t_ro37	FROM	TO
     1	5.71401107139e-09	1.36967138551e-09	7.08368245691e-09
     2	4.91503246596e-09	1.17644182152e-09	6.09147428748e-09
     3	4.38726028009e-09	1.04937883899e-09	5.43663911908e-09
     4	7.79072268799e-09	1.86813893635e-09	9.65886162434e-09
     5	6.59480869592e-09	1.57935871469e-09	8.17416741061e-09
     6	5.81750503612e-09	1.3919067578e-09	7.20941179392e-09
     7	1.1073992863e-08	2.65547327699e-09	1.37294661399e-08
     8	9.30807521019e-09	2.22939093062e-09	1.15374661408e-08
     9	8.16313709646e-09	1.9533474465e-09	1.0116484543e-08

Measurement: t_ro38
  step	t_ro38	FROM	TO
     1	5.60575998709e-09	1.34038530662e-09	6.94614529371e-09
     2	4.84414240577e-09	1.15702911418e-09	6.00117151996e-09
     3	4.34061445652e-09	1.03617241968e-09	5.3767868762e-09
     4	7.59281365409e-09	1.815405168e-09	9.4082188221e-09
     5	6.4654714267e-09	1.54426966231e-09	8.00974108901e-09
     6	5.72536077398e-09	1.36684736282e-09	7.0922081368e-09
     7	1.07306246586e-08	2.56514523613e-09	1.32957698947e-08
     8	9.07789760789e-09	2.16794607668e-09	1.12458436846e-08
     9	7.99525102971e-09	1.90862223711e-09	9.90387326681e-09

Measurement: t_ro39
  step	t_ro39	FROM	TO
     1	6.11923920751e-09	1.46868686199e-09	7.5879260695e-09
     2	5.18697377383e-09	1.24299369796e-09	6.4299674718e-09
     3	4.58867336846e-09	1.09839799548e-09	5.68707136394e-09
     4	8.51133779965e-09	2.04293306608e-09	1.05542708657e-08
     5	7.08891598257e-09	1.69918085139e-09	8.78809683395e-09
     6	6.18275975353e-09	1.48043603811e-09	7.66319579164e-09
     7	1.2280978535e-08	2.94751629585e-09	1.52284948309e-08
     8	1.01504719167e-08	2.43292897009e-09	1.25834008867e-08
     9	8.79669646631e-09	2.10624201374e-09	1.09029384801e-08

Measurement: t_ro40
  step	t_ro40	FROM	TO
     1	5.91216208727e-09	1.41598868828e-09	7.32815077555e-09
     2	5.03092202144e-09	1.20305245049e-09	6.23397447193e-09
     3	4.47291063236e-09	1.06892532172e-09	5.54183595409e-09
     4	8.17861297306e-09	1.95881339374e-09	1.01374263668e-08
     5	6.84254749489e-09	1.63656654924e-09	8.47911404413e-09
     6	5.99447255249e-09	1.43253132908e-09	7.42700388157e-09
     7	1.17360023642e-08	2.81004460716e-09	1.45460469714e-08
     8	9.74008358142e-09	2.32922710241e-09	1.20693106838e-08
     9	8.47756037803e-09	2.02532115119e-09	1.05028815292e-08

Measurement: t_ro41
  step	t_ro41	FROM	TO
     1	5.84193014485e-09	1.40073937631e-09	7.24266952116e-09
     2	4.99271451848e-09	1.19348350077e-09	6.18619801925e-09
     3	4.44510905228e-09	1.06127499777e-09	5.50638405005e-09
     4	8.04015329657e-09	1.92949775292e-09	9.96965104949e-09
     5	6.75585004774e-09	1.61634207984e-09	8.37219212758e-09
     6	5.93272119712e-09	1.41685296875e-09	7.34957416587e-09
     7	1.14890727071e-08	2.75747347238e-09	1.42465461795e-08
     8	9.58002374697e-09	2.29292030179e-09	1.18729440488e-08
     9	8.36193900183e-09	1.99760754961e-09	1.03595465514e-08

Measurement: t_ro42
  step	t_ro42	FROM	TO
     1	6.04013128931e-09	1.45624867368e-09	7.496379963e-09
     2	5.12000888209e-09	1.23303781241e-09	6.3530466945e-09
     3	4.54294121839e-09	1.09250039184e-09	5.63544161023e-09
     4	8.37997717841e-09	2.02472022134e-09	1.04046973998e-08
     5	6.98935282959e-09	1.68635500972e-09	8.67570783931e-09
     6	6.10584779548e-09	1.47137632644e-09	7.57722412192e-09
     7	1.20572070709e-08	2.91586486916e-09	1.49730719401e-08
     8	9.9791924409e-09	2.41020448465e-09	1.23893969256e-08
     9	8.66270158534e-09	2.09020332331e-09	1.07529049086e-08

Measurement: t_ro43
  step	t_ro43	FROM	TO
     1	5.95957377201e-09	1.42688872596e-09	7.38646249796e-09
     2	5.08037803081e-09	1.21432298104e-09	6.29470101185e-09
     3	4.51201964545e-09	1.07764994318e-09	5.58966958862e-09
     4	8.22012576921e-09	1.96828090907e-09	1.01884066783e-08
     5	6.88628252298e-09	1.64549042829e-09	8.53177295127e-09
     6	6.03596299717e-09	1.44141471538e-09	7.47737771255e-09
     7	1.17737198292e-08	2.81841119408e-09	1.45921310232e-08
     8	9.79391404117e-09	2.34035936091e-09	1.21342734021e-08
     9	8.52891629527e-09	2.03619281235e-09	1.05651091076e-08

Measurement: t_ro44
  step	t_ro44	FROM	TO
     1	5.55492772121e-09	1.33608793427e-09	6.89101565548e-09
     2	4.79998375535e-09	1.153414757e-09	5.95339851235e-09
     3	4.3199976131e-09	1.03649435906e-09	5.35649197216e-09
     4	7.51211898043e-09	1.80879933867e-09	9.3209183191e-09
     5	6.40554261682e-09	1.54070475938e-09	7.9462473762e-09
     6	5.68044586533e-09	1.36475911266e-09	7.04520497799e-09
     7	1.06029911589e-08	2.55468809586e-09	1.31576792547e-08
     8	8.98133403007e-09	2.16170523281e-09	1.11430392629e-08
     9	7.9210420183e-09	1.90489274726e-09	9.82593476556e-09

Measurement: t_ro45
  step	t_ro45	FROM	TO
     1	5.51371764181e-09	1.32617947639e-09	6.8398971182e-09
     2	4.77989333174e-09	1.14849035487e-09	5.92838368661e-09
     3	4.29073120455e-09	1.03066592272e-09	5.32139712728e-09
     4	7.45133309995e-09	1.79387646055e-09	9.2452095605e-09
     5	6.35954574178e-09	1.52964294841e-09	7.88918869019e-09
     6	5.6441172191e-09	1.3569423792e-09	7.0010595983e-09
     7	1.04978313258e-08	2.52884518577e-09	1.30266765116e-08
     8	8.90089074416e-09	2.14236000501e-09	1.10432507492e-08
     9	7.85675430417e-09	1.89030404826e-09	9.74705835243e-09

Measurement: t_ro46
  step	t_ro46	FROM	TO
     1	6.30039107538e-09	1.51117703794e-09	7.81156811332e-09
     2	5.28000085536e-09	1.26383310452e-09	6.54383395988e-09
     3	4.65562892422e-09	1.11267392748e-09	5.7683028517e-09
     4	8.88009659617e-09	2.13025708993e-09	1.10103536861e-08
     5	7.30362552658e-09	1.7485746469e-09	9.05220017348e-09
     6	6.3269144583e-09	1.51260505006e-09	7.83951950836e-09
     7	1.29021584958e-08	3.09467578194e-09	1.59968342777e-08
     8	1.05190257781e-08	2.51868771082e-09	1.30377134889e-08
     9	9.04786464904e-09	2.16345415083e-09	1.12113187999e-08

Measurement: t_ro47
  step	t_ro47	FROM	TO
     1	6.09861256661e-09	1.46259798278e-09	7.56121054939e-09
     2	5.17223403793e-09	1.23774949524e-09	6.40998353317e-09
     3	4.57830892043e-09	1.09427208905e-09	5.67258100948e-09
     4	8.44559935068e-09	2.02592693097e-09	1.04715262817e-08
     5	7.04024661747e-09	1.68541486001e-09	8.72566147748e-09
     6	6.14279213577e-09	1.46849240332e-09	7.61128453909e-09
     7	1.21430397471e-08	2.91254946043e-09	1.50555892076e-08
     8	1.00431736496e-08	2.40419771939e-09	1.2447371369e-08
     9	8.71119188829e-09	2.08254146802e-09	1.07937333563e-08

Measurement: t_ro48
  step	t_ro48	FROM	TO
     1	6.05886734003e-09	1.46019722376e-09	7.51906456378e-09
     2	5.12431672836e-09	1.23451742811e-09	6.35883415647e-09
     3	4.53528978579e-09	1.09188903746e-09	5.62717882325e-09
     4	8.45890610364e-09	2.0409087881e-09	1.04998148917e-08
     5	7.01476361338e-09	1.69103676007e-09	8.70580037344e-09
     6	6.11259246106e-09	1.47289970598e-09	7.58549216704e-09
     7	1.21981355133e-08	2.94547361962e-09	1.51436091329e-08
     8	1.00302299608e-08	2.41965754925e-09	1.24498875101e-08
     9	8.68075680112e-09	2.09305186394e-09	1.07738086651e-08

Measurement: t_ro49
  step	t_ro49	FROM	TO
     1	5.65680633356e-09	1.35858747785e-09	7.01539381141e-09
     2	4.87224843082e-09	1.16776248357e-09	6.04001091439e-09
     3	4.35828476452e-09	1.04293809215e-09	5.40122285667e-09
     4	7.69174031232e-09	1.84891605081e-09	9.54065636313e-09
     5	6.51956576991e-09	1.56410471232e-09	8.08367048223e-09
     6	5.75990728161e-09	1.37908154482e-09	7.13898882643e-09
     7	1.08940171931e-08	2.61973908409e-09	1.35137562772e-08
     8	9.16723349554e-09	2.20074100596e-09	1.13679745015e-08
     9	8.05257680269e-09	1.9305303918e-09	9.98310719449e-09

Measurement: t_ro50
  step	t_ro50	FROM	TO
     1	6.31542603211e-09	1.5113469264e-09	7.82677295851e-09
     2	5.31676459807e-09	1.27027458477e-09	6.58703918283e-09
     3	4.68578433471e-09	1.11849909922e-09	5.80428343392e-09
     4	8.83732893537e-09	2.1143756514e-09	1.09517045868e-08
     5	7.30320524103e-09	1.74440919474e-09	9.04761443577e-09
     6	6.33811384572e-09	1.51254401118e-09	7.8506578569e-09
     7	1.27994657118e-08	3.06091370983e-09	1.58603794216e-08
     8	1.04935072317e-08	2.50551273387e-09	1.29990199656e-08
     9	9.04716881074e-09	2.15818484001e-09	1.12053536507e-08

Measurement: t_ro51
  step	t_ro51	FROM	TO
     1	6.1779456159e-09	1.48136923347e-09	7.65931484937e-09
     2	5.22738418573e-09	1.25126242752e-09	6.47864661325e-09
     3	4.61737110213e-09	1.10436998516e-09	5.72174108728e-09
     4	8.56600188347e-09	2.05410035285e-09	1.06201022363e-08
     5	7.11939347493e-09	1.70469159647e-09	8.8240850714e-09
     6	6.20272570136e-09	1.48386432762e-09	7.68659002898e-09
     7	1.23321768915e-08	2.95670285745e-09	1.52888797489e-08
     8	1.01726198259e-08	2.43539646256e-09	1.26080162885e-08
     9	8.80702599414e-09	2.10664795655e-09	1.09136739507e-08

Measurement: t_ro52
  step	t_ro52	FROM	TO
     1	6.33542518935e-09	1.52200028729e-09	7.85742547664e-09
     2	5.32716119079e-09	1.27846439332e-09	6.60562558411e-09
     3	4.68603001585e-09	1.12382808116e-09	5.80985809701e-09
     4	8.89180074749e-09	2.13687438737e-09	1.10286751349e-08
     5	7.33688868943e-09	1.76124940177e-09	9.0981380912e-09
     6	6.36144869542e-09	1.5259568826e-09	7.88740557802e-09
     7	1.29129268562e-08	3.10347269302e-09	1.60163995492e-08
     8	1.05691390884e-08	2.53755376102e-09	1.31066928494e-08
     9	9.10290840471e-09	2.18394796715e-09	1.12868563719e-08

Measurement: t_ro53
  step	t_ro53	FROM	TO
     1	5.84574596134e-09	1.41320475638e-09	7.25895071772e-09
     2	5.00363662786e-09	1.20763353225e-09	6.21127016011e-09
     3	4.45778992277e-09	1.07465320993e-09	5.5324431327e-09
     4	8.02661903164e-09	1.94279893135e-09	9.969417963e-09
     5	6.75512036525e-09	1.63189805613e-09	8.38701842137e-09
     6	5.93773195068e-09	1.43272563202e-09	7.3704575827e-09
     7	1.14552681038e-08	2.77479164363e-09	1.42300597475e-08
     8	9.56898998426e-09	2.31337575966e-09	1.18823657439e-08
     9	8.36091601285e-09	2.01884118807e-09	1.03797572009e-08

Measurement: t_ro54
  step	t_ro54	FROM	TO
     1	5.7066567033e-09	1.3691606286e-09	7.0758173319e-09
     2	4.90466139824e-09	1.17354342237e-09	6.07820482062e-09
     3	4.38169407207e-09	1.04733900751e-09	5.42903307958e-09
     4	7.78189363457e-09	1.87048353372e-09	9.65237716829e-09
     5	6.58122809244e-09	1.5760792744e-09	8.15730736684e-09
     6	5.80566226845e-09	1.3880564138e-09	7.19371868225e-09
     7	1.10488783926e-08	2.65821752554e-09	1.37070959181e-08
     8	9.27680876489e-09	2.22312600974e-09	1.14999347746e-08
     9	8.13511953575e-09	1.94582806153e-09	1.00809475973e-08

Measurement: t_ro55
  step	t_ro55	FROM	TO
     1	5.80250403669e-09	1.39021998559e-09	7.19272402228e-09
     2	4.96000000511e-09	1.18692609671e-09	6.14692610182e-09
     3	4.43431935296e-09	1.06028076496e-09	5.49460011792e-09
     4	7.95465349119e-09	1.90598251333e-09	9.86063600452e-09
     5	6.709220883e-09	1.60549493403e-09	8.31471581704e-09
     6	5.9032575471e-09	1.41168778265e-09	7.31494532975e-09
     7	1.13459775474e-08	2.71805218206e-09	1.40640297295e-08
     8	9.50148693211e-09	2.27335594152e-09	1.17748428736e-08
     9	8.31070181039e-09	1.98711420123e-09	1.02978160116e-08

Measurement: t_ro56
  step	t_ro56	FROM	TO
     1	5.77664368843e-09	1.38657657839e-09	7.16322026682e-09
     2	4.95108803792e-09	1.18626466405e-09	6.13735270197e-09
     3	4.41400960203e-09	1.05642959522e-09	5.47043919725e-09
     4	7.92990215991e-09	1.90465994984e-09	9.83456210974e-09
     5	6.6785409362e-09	1.60120877195e-09	8.27974970815e-09
     6	5.8752140954e-09	1.40708041424e-09	7.28229450963e-09
     7	1.13060522361e-08	2.71634204759e-09	1.40223942837e-08
     8	9.45039713986e-09	2.26668865612e-09	1.1717085796e-08
     9	8.26269029896e-09	1.97973384274e-09	1.02424241417e-08

Measurement: t_ro57
  step	t_ro57	FROM	TO
     1	5.8189762201e-09	1.39474389653e-09	7.21372011663e-09
     2	4.98018587527e-09	1.19246142608e-09	6.17264730135e-09
     3	4.44492691768e-09	1.06339861292e-09	5.5083255306e-09
     4	7.99358101216e-09	1.91633635664e-09	9.90991736881e-09
     5	6.73714253575e-09	1.61287910881e-09	8.35002164456e-09
     6	5.9262923792e-09	1.4178635147e-09	7.34415589391e-09
     7	1.14019757808e-08	2.73290864163e-09	1.41348844224e-08
     8	9.53974482618e-09	2.28376898656e-09	1.18235138127e-08
     9	8.34108759193e-09	1.99570895718e-09	1.03367965491e-08

Measurement: t_ro58
  step	t_ro58	FROM	TO
     1	6.14548037693e-09	1.4833771883e-09	7.62885756523e-09
     2	5.18507975166e-09	1.24897852026e-09	6.43405827192e-09
     3	4.57972141586e-09	1.10194640483e-09	5.68166782069e-09
     4	8.60390362418e-09	2.08252623354e-09	1.06864298577e-08
     5	7.11813868063e-09	1.7177931959e-09	8.83593187652e-09
     6	6.19163505847e-09	1.49218145573e-09	7.6838165142e-09
     7	1.24363854726e-08	3.01448269842e-09	1.5450868171e-08
     8	1.02024043597e-08	2.46597552331e-09	1.2668379883e-08
     9	8.81321564332e-09	2.12714280278e-09	1.09403584461e-08

Measurement: t_ro59
  step	t_ro59	FROM	TO
     1	6.06142434397e-09	1.46819432622e-09	7.52961867019e-09
     2	5.13747048724e-09	1.24131575524e-09	6.37878624248e-09
     3	4.5477008804e-09	1.09752236808e-09	5.64522324848e-09
     4	8.43065451149e-09	2.04474520476e-09	1.04753997162e-08
     5	7.0106560724e-09	1.69586485089e-09	8.7065209233e-09
     6	6.11623712778e-09	1.47744861542e-09	7.59368574319e-09
     7	1.21390597304e-08	2.94548577713e-09	1.50845455075e-08
     8	1.00104930025e-08	2.42296268917e-09	1.24334556917e-08
     9	8.67489181389e-09	2.09680532719e-09	1.07716971411e-08

Measurement: t_ro60
  step	t_ro60	FROM	TO
     1	6.04267147839e-09	1.44751118044e-09	7.49018265883e-09
     2	5.12001024482e-09	1.22494665416e-09	6.34495689898e-09
     3	4.54234980075e-09	1.08611575569e-09	5.62846555644e-09
     4	8.38599371878e-09	2.00864960248e-09	1.03946433213e-08
     5	6.99236182708e-09	1.67303800569e-09	8.66539983277e-09
     6	6.10624191722e-09	1.46003600403e-09	7.56627792125e-09
     7	1.20736229337e-08	2.89138321103e-09	1.49650061448e-08
     8	9.98849277041e-09	2.38967711141e-09	1.23781698818e-08
     9	8.66691798808e-09	2.0720770649e-09	1.0738995053e-08

Measurement: t_ro61
  step	t_ro61	FROM	TO
     1	6.09539961368e-09	1.45979859317e-09	7.55519820686e-09
     2	5.16796971474e-09	1.23513937062e-09	6.40310908536e-09
     3	4.57439097391e-09	1.09215602686e-09	5.66654700077e-09
     4	8.47267069289e-09	2.02949334565e-09	1.05021640385e-08
     5	7.05307815828e-09	1.68638386047e-09	8.73946201876e-09
     6	6.15248771083e-09	1.46936983564e-09	7.62185754648e-09
     7	1.22114573806e-08	2.92190266772e-09	1.51333600483e-08
     8	1.00841432291e-08	2.41017356892e-09	1.2494316798e-08
     9	8.73885026036e-09	2.08714685234e-09	1.08259971127e-08

Measurement: t_ro62
  step	t_ro62	FROM	TO
     1	6.41540867054e-09	1.54159218012e-09	7.95700085066e-09
     2	5.36004571192e-09	1.28741946993e-09	6.64746518185e-09
     3	4.70234633156e-09	1.12907911743e-09	5.83142544899e-09
     4	9.03562929193e-09	2.17181441443e-09	1.12074437064e-08
     5	7.38750033798e-09	1.77477181808e-09	9.16227215607e-09
     6	6.37837993994e-09	1.53191116751e-09	7.91029110745e-09
     7	1.31273769798e-08	3.15591666712e-09	1.6283293647e-08
     8	1.06406299468e-08	2.55700753802e-09	1.31976374848e-08
     9	9.12226141577e-09	2.19188622887e-09	1.13141476446e-08

Measurement: t_ro63
  step	t_ro63	FROM	TO
     1	5.93335862573e-09	1.42606017958e-09	7.35941880531e-09
     2	5.0638221434e-09	1.21387902244e-09	6.27770116585e-09
     3	4.49169951357e-09	1.07513576222e-09	5.5668352758e-09
     4	8.19754902377e-09	1.9735576676e-09	1.01711066914e-08
     5	6.87183272852e-09	1.64870858458e-09	8.5205413131e-09
     6	6.02130301486e-09	1.44225825498e-09	7.46356126983e-09
     7	1.1754612621e-08	2.83174553637e-09	1.45863581574e-08
     8	9.77741683199e-09	2.34735023129e-09	1.21247670633e-08
     9	8.51401324965e-09	2.04030102449e-09	1.05543142741e-08

Measurement: t_ro64
  step	t_ro64	FROM	TO
     1	5.62213103507e-09	1.34353424312e-09	6.96566527819e-09
     2	4.85344274148e-09	1.15866557543e-09	6.01210831691e-09
     3	4.34702878238e-09	1.03748040906e-09	5.38450919144e-09
     4	7.62394686974e-09	1.82164463123e-09	9.44559150097e-09
     5	6.48128340867e-09	1.54707115295e-09	8.02835456162e-09
     6	5.73477988342e-09	1.36826683343e-09	7.10304671684e-09
     7	1.0782603768e-08	2.57559977462e-09	1.33582035426e-08
     8	9.10299380405e-09	2.17239175102e-09	1.12753855551e-08
     9	8.00896187325e-09	1.91046818544e-09	9.91943005868e-09

Measurement: t_ro65
  step	t_ro65	FROM	TO
     1	6.03328682965e-09	1.45145598069e-09	7.48474281033e-09
     2	5.12003290115e-09	1.22940114301e-09	6.34943404416e-09
     3	4.54463965911e-09	1.08875563668e-09	5.63339529579e-09
     4	8.35473357786e-09	2.01200252009e-09	1.0366736098e-08
     5	6.97737857937e-09	1.67568574063e-09	8.65306432e-09
     6	6.09943772732e-09	1.46235002933e-09	7.56178775666e-09
     7	1.20037427893e-08	2.89184503992e-09	1.48955878293e-08
     8	9.94754555349e-09	2.3901931373e-09	1.23377386908e-08
     9	8.64138852154e-09	2.07306318424e-09	1.07144517058e-08

Measurement: t_ro66
  step	t_ro66	FROM	TO
     1	5.57514738774e-09	1.34151936485e-09	6.91666675259e-09
     2	4.80847327636e-09	1.15638848079e-09	5.96486175716e-09
     3	4.32000382404e-09	1.03796110618e-09	5.35796493022e-09
     4	7.53631791319e-09	1.81640575314e-09	9.35272366632e-09
     5	6.417551692e-09	1.54555553601e-09	7.96310722802e-09
     6	5.68789949909e-09	1.36907832212e-09	7.05697782121e-09
     7	1.0636295117e-08	2.56803099926e-09	1.32043261162e-08
     8	8.99764171428e-09	2.17034611189e-09	1.11679878262e-08
     9	7.93227151462e-09	1.91220504223e-09	9.84447655685e-09

Measurement: t_ro67
  step	t_ro67	FROM	TO
     1	5.84529955181e-09	1.40201936247e-09	7.24731891428e-09
     2	4.99744176434e-09	1.19683261687e-09	6.19427438121e-09
     3	4.45789563509e-09	1.0659190374e-09	5.52381467249e-09
     4	8.02659191985e-09	1.92570795795e-09	9.9522998778e-09
     5	6.75961714186e-09	1.61911938283e-09	8.37873652469e-09
     6	5.94209555122e-09	1.42157823116e-09	7.36367378238e-09
     7	1.14642942548e-08	2.75030397286e-09	1.42145982276e-08
     8	9.58546983084e-09	2.29626801911e-09	1.18817378499e-08
     9	8.37627754317e-09	2.00432315554e-09	1.03806006987e-08

Measurement: t_ro68
  step	t_ro68	FROM	TO
     1	5.58490048284e-09	1.33412404399e-09	6.91902452683e-09
     2	4.82089481948e-09	1.15126656774e-09	5.97216138721e-09
     3	4.32417012894e-09	1.03181459081e-09	5.35598471975e-09
     4	7.53781210027e-09	1.80003725238e-09	9.33784935264e-09
     5	6.41876882361e-09	1.53172436937e-09	7.95049319298e-09
     6	5.68731274203e-09	1.35690836348e-09	7.04422110551e-09
     7	1.06258175212e-08	2.53638467046e-09	1.31622021916e-08
     8	8.98955545893e-09	2.14422190535e-09	1.11337773643e-08
     9	7.92257998895e-09	1.88916715116e-09	9.81174714011e-09

Measurement: t_ro69
  step	t_ro69	FROM	TO
     1	5.76000793368e-09	1.38431678964e-09	7.14432472332e-09
     2	4.94278772583e-09	1.18670466477e-09	6.12949239059e-09
     3	4.41275916722e-09	1.05791695525e-09	5.47067612247e-09
     4	7.85733151107e-09	1.89089467977e-09	9.74822619084e-09
     5	6.64784553505e-09	1.59763825139e-09	8.24548378644e-09
     6	5.86128365392e-09	1.4066731157e-09	7.26795676961e-09
     7	1.11809993579e-08	2.69179276478e-09	1.38727921227e-08
     8	9.39389394152e-09	2.25874183232e-09	1.16526357738e-08
     9	8.23503228396e-09	1.97779232062e-09	1.02128246046e-08

Measurement: t_ro70
  step	t_ro70	FROM	TO
     1	6.50436070498e-09	1.56929898134e-09	8.07365968632e-09
     2	5.44000784304e-09	1.30959648262e-09	6.74960432566e-09
     3	4.75389945177e-09	1.14389587907e-09	5.89779533084e-09
     4	9.26825077521e-09	2.23889313155e-09	1.15071439068e-08
     5	7.5687201479e-09	1.82532199074e-09	9.39404213865e-09
     6	6.5205549901e-09	1.57075228182e-09	8.09130727192e-09
     7	1.35805166334e-08	3.28248172038e-09	1.68629983537e-08
     8	1.09916767442e-08	2.65265714718e-09	1.36443338914e-08
     9	9.39962188391e-09	2.26616313714e-09	1.16657850211e-08

Measurement: t_ro71
  step	t_ro71	FROM	TO
     1	6.06838359074e-09	1.45679821885e-09	7.5251818096e-09
     2	5.11998987638e-09	1.22872104291e-09	6.3487109193e-09
     3	4.5459570176e-09	1.08992987187e-09	5.63588688947e-09
     4	8.4598642047e-09	2.03153631174e-09	1.04914005164e-08
     5	7.0273022232e-09	1.68627613269e-09	8.71357835589e-09
     6	6.12498208957e-09	1.46902961001e-09	7.59401169958e-09
     7	1.22143336427e-08	2.93349915273e-09	1.51478327955e-08
     8	1.00624105809e-08	2.41507573885e-09	1.24774863198e-08
     9	8.71118442159e-09	2.08976124068e-09	1.08009456623e-08

Measurement: t_ro72
  step	t_ro72	FROM	TO
     1	5.90311507715e-09	1.41831471225e-09	7.3214297894e-09
     2	5.04174841738e-09	1.2095055326e-09	6.25125394998e-09
     3	4.47996045979e-09	1.07305164904e-09	5.55301210883e-09
     4	8.12085366847e-09	1.9525014354e-09	1.00733551039e-08
     5	6.82069234183e-09	1.63738674601e-09	8.45807908785e-09
     6	5.98545061279e-09	1.43523026272e-09	7.4206808755e-09
     7	1.16112310176e-08	2.79236464007e-09	1.44035956577e-08
     8	9.68144022348e-09	2.32512546481e-09	1.20065656883e-08
     9	8.44498285836e-09	2.02615736427e-09	1.04711402226e-08

Measurement: t_ro73
  step	t_ro73	FROM	TO
     1	6.23603946762e-09	1.49866275246e-09	7.73470222009e-09
     2	5.2670250601e-09	1.26274979352e-09	6.52977485362e-09
     3	4.64000014285e-09	1.11094231797e-09	5.75094246082e-09
     4	8.69497102592e-09	2.08958491277e-09	1.07845559387e-08
     5	7.21818830831e-09	1.73082900533e-09	8.94901731364e-09
     6	6.28034249389e-09	1.50344435725e-09	7.78378685115e-09
     7	1.25809294027e-08	3.02316650196e-09	1.56040959047e-08
     8	1.03642378746e-08	2.48549295934e-09	1.2849730834e-08
     9	8.95926863655e-09	2.1453053332e-09	1.11045739698e-08

Measurement: t_ro74
  step	t_ro74	FROM	TO
     1	6.07793098584e-09	1.45665408091e-09	7.53458506675e-09
     2	5.15105908251e-09	1.23315525343e-09	6.38421433594e-09
     3	4.56391402705e-09	1.09187296075e-09	5.65578698779e-09
     4	8.43872935003e-09	2.02302377798e-09	1.0461753128e-08
     5	7.03488820045e-09	1.68451660123e-09	8.71940480168e-09
     6	6.14160452404e-09	1.46953495722e-09	7.61113948126e-09
     7	1.21561136055e-08	2.9136661501e-09	1.50697797556e-08
     8	1.00554313673e-08	2.40739145253e-09	1.24628228199e-08
     9	8.72293733648e-09	2.08708445773e-09	1.08100217942e-08

Measurement: t_ro75
  step	t_ro75	FROM	TO
     1	5.92000121186e-09	1.42440578544e-09	7.3444069973e-09
     2	5.05150949708e-09	1.21356102957e-09	6.26507052664e-09
     3	4.48850546009e-09	1.07720545708e-09	5.56571091717e-09
     4	8.17084764074e-09	1.96693500652e-09	1.01377826473e-08
     5	6.85873231182e-09	1.6491220317e-09	8.50785434351e-09
     6	6.01516664274e-09	1.44492323084e-09	7.46008987358e-09
     7	1.17103313741e-08	2.82017826899e-09	1.45305096431e-08
     8	9.75683473211e-09	2.34740206938e-09	1.21042368015e-08
     9	8.5043865883e-09	2.04437602298e-09	1.05487626113e-08

Measurement: t_ro76
  step	t_ro76	FROM	TO
     1	5.94839061749e-09	1.4211570901e-09	7.36954770759e-09
     2	5.07654772038e-09	1.21215172481e-09	6.28869944519e-09
     3	4.50549759454e-09	1.07553505699e-09	5.58103265153e-09
     4	8.21382576664e-09	1.96189186232e-09	1.0175717629e-08
     5	6.88549441648e-09	1.64357728979e-09	8.52907170627e-09
     6	6.03406725316e-09	1.43999694884e-09	7.474064202e-09
     7	1.17741890191e-08	2.81124517101e-09	1.45854341901e-08
     8	9.79698133095e-09	2.33816410308e-09	1.2135145434e-08
     9	8.53270890752e-09	2.03572787344e-09	1.0568436781e-08

Measurement: t_ro77
  step	t_ro77	FROM	TO
     1	6.22865265721e-09	1.49181623482e-09	7.72046889203e-09
     2	5.26770442238e-09	1.25808855993e-09	6.52579298231e-09
     3	4.6400025841e-09	1.10742510787e-09	5.74742769197e-09
     4	8.71438236989e-09	2.08681567192e-09	1.08011980418e-08
     5	7.2294534651e-09	1.72697474428e-09	8.95642820938e-09
     6	6.28890193309e-09	1.50033716947e-09	7.78923910255e-09
     7	1.26167197336e-08	3.01972169582e-09	1.56364414294e-08
     8	1.03842377562e-08	2.47985742228e-09	1.28640951785e-08
     9	8.97374607655e-09	2.14041135125e-09	1.11141574278e-08

Measurement: t_ro78
  step	t_ro78	FROM	TO
     1	6.27133789929e-09	1.50199998095e-09	7.77333788024e-09
     2	5.2870656094e-09	1.26397359257e-09	6.55103920197e-09
     3	4.66195611895e-09	1.11422619293e-09	5.77618231189e-09
     4	8.8024093584e-09	2.1074052483e-09	1.09098146067e-08
     5	7.27376446117e-09	1.73953916129e-09	9.01330362247e-09
     6	6.31500462368e-09	1.50907652913e-09	7.82408115281e-09
     7	1.2756629821e-08	3.05198845183e-09	1.58086182728e-08
     8	1.04529337952e-08	2.49895803406e-09	1.29518918292e-08
     9	9.01358020534e-09	2.15334409815e-09	1.11669243035e-08

Measurement: t_ro79
  step	t_ro79	FROM	TO
     1	6.18694436425e-09	1.49062860385e-09	7.67757296809e-09
     2	5.21476837701e-09	1.25559951398e-09	6.47036789098e-09
     3	4.59939965126e-09	1.10776141308e-09	5.70716106435e-09
     4	8.67553372602e-09	2.09188917671e-09	1.07674229027e-08
     5	7.16311123035e-09	1.72625458313e-09	8.88936581349e-09
     6	6.22245119389e-09	1.49929685306e-09	7.72174804695e-09
     7	1.25659955458e-08	3.03142487853e-09	1.55974204243e-08
     8	1.02853963026e-08	2.4796268063e-09	1.27650231089e-08
     9	8.87287622577e-09	2.13869442827e-09	1.1011570654e-08

Measurement: t_ro80
  step	t_ro80	FROM	TO
     1	5.93923080405e-09	1.421175481e-09	7.36040628505e-09
     2	5.06806578767e-09	1.21239153849e-09	6.28045732617e-09
     3	4.4971935305e-09	1.07651171286e-09	5.57370524336e-09
     4	8.19272583854e-09	1.95776970441e-09	1.01504955429e-08
     5	6.86425631891e-09	1.64090988177e-09	8.50516620069e-09
     6	6.015937952e-09	1.43921786891e-09	7.4551558209e-09
     7	1.17333003188e-08	2.79761171525e-09	1.4530912034e-08
     8	9.75651213107e-09	2.32892797536e-09	1.20854401064e-08
     9	8.4983825159e-09	2.0311888084e-09	1.05295713243e-08

Measurement: t_ro81
  step	t_ro81	FROM	TO
     1	6.13714839396e-09	1.47446677534e-09	7.61161516931e-09
     2	5.19880269504e-09	1.24625300824e-09	6.44505570327e-09
     3	4.59718468032e-09	1.10099575691e-09	5.69818043723e-09
     4	8.54566207858e-09	2.05390733177e-09	1.05995694103e-08
     5	7.11111897494e-09	1.70558438268e-09	8.81670335762e-09
     6	6.19880470247e-09	1.48501913361e-09	7.68382383607e-09
     7	1.23334279635e-08	2.96388492646e-09	1.529731289e-08
     8	1.018329238e-08	2.44256536959e-09	1.26258577496e-08
     9	8.81980206768e-09	2.11312531177e-09	1.09329273795e-08

Measurement: t_ro82
  step	t_ro82	FROM	TO
     1	6.05590944119e-09	1.45143269119e-09	7.50734213238e-09
     2	5.14209775329e-09	1.23128963275e-09	6.37338738604e-09
     3	4.55897673371e-09	1.09052128584e-09	5.64949801956e-09
     4	8.40247996379e-09	2.01419737914e-09	1.04166773429e-08
     5	7.01471277715e-09	1.679466696e-09	8.69417947316e-09
     6	6.12905059607e-09	1.46649680156e-09	7.59554739762e-09
     7	1.20866926056e-08	2.89704741529e-09	1.49837400209e-08
     8	1.00143329622e-08	2.39752829714e-09	1.24118612593e-08
     9	8.69562829055e-09	2.08040547468e-09	1.07760337652e-08

Measurement: t_ro83
  step	t_ro83	FROM	TO
     1	5.72077893641e-09	1.37404227704e-09	7.09482121345e-09
     2	4.920955082e-09	1.18084733011e-09	6.10180241212e-09
     3	4.39389768543e-09	1.05382403407e-09	5.4477217195e-09
     4	7.81726230796e-09	1.87813829473e-09	9.69540060269e-09
     5	6.61522009656e-09	1.58816544165e-09	8.20338553821e-09
     6	5.83434388266e-09	1.39981687091e-09	7.23416075357e-09
     7	1.11203177298e-08	2.67227744193e-09	1.37925951718e-08
     8	9.34539110184e-09	2.24419482614e-09	1.1589585928e-08
     9	8.19463070537e-09	1.96676044186e-09	1.01613911472e-08

Measurement: t_ro84
  step	t_ro84	FROM	TO
     1	6.12819044992e-09	1.46813941304e-09	7.59632986296e-09
     2	5.19061950481e-09	1.24208135797e-09	6.43270086278e-09
     3	4.59495266655e-09	1.09870363199e-09	5.69365629854e-09
     4	8.51270125236e-09	2.03942086728e-09	1.05521221196e-08
     5	7.09188344408e-09	1.69701443205e-09	8.78889787613e-09
     6	6.18588293704e-09	1.47915210205e-09	7.6650350391e-09
     7	1.22692129949e-08	2.93879679216e-09	1.5208009787e-08
     8	1.01444670909e-08	2.42725947523e-09	1.25717265661e-08
     9	8.79300210271e-09	2.10234401971e-09	1.08953461224e-08

Measurement: t_ro85
  step	t_ro85	FROM	TO
     1	6.08000483783e-09	1.45783975797e-09	7.5378445958e-09
     2	5.12000807767e-09	1.22843811453e-09	6.3484461922e-09
     3	4.54284866425e-09	1.08735325947e-09	5.63020192372e-09
     4	8.48513221337e-09	2.03583737624e-09	1.05209695896e-08
     5	7.03515717721e-09	1.68603972233e-09	8.72119689955e-09
     6	6.12790710088e-09	1.4672750499e-09	7.59518215078e-09
     7	1.22583891282e-08	2.94105603785e-09	1.5199445166e-08
     8	1.00715925898e-08	2.41437289401e-09	1.24859654838e-08
     9	8.71458638104e-09	2.08705214385e-09	1.08016385249e-08

Measurement: t_ro86
  step	t_ro86	FROM	TO
     1	5.87070570263e-09	1.41080341498e-09	7.28150911761e-09
     2	5.01848176254e-09	1.20349800857e-09	6.22197977111e-09
     3	4.47257331265e-09	1.07221817112e-09	5.54479148377e-09
     4	8.08000765412e-09	1.94259764061e-09	1.00226052947e-08
     5	6.79227997427e-09	1.62972747103e-09	8.4220074453e-09
     6	5.96404773636e-09	1.42948428185e-09	7.39353201821e-09
     7	1.15516089197e-08	2.77726512494e-09	1.43288740446e-08
     8	9.63889521477e-09	2.31307618547e-09	1.19519714002e-08
     9	8.41205773842e-09	2.0165389566e-09	1.0428596695e-08

Measurement: t_ro87
  step	t_ro87	FROM	TO
     1	5.88375459786e-09	1.41540379096e-09	7.29915838881e-09
     2	5.03053734099e-09	1.20914195708e-09	6.23967929807e-09
     3	4.47999310643e-09	1.0749306054e-09	5.55492371183e-09
     4	8.09347166074e-09	1.94840373719e-09	1.00418753979e-08
     5	6.80964435724e-09	1.63736088752e-09	8.44700524476e-09
     6	5.98116835462e-09	1.43714855296e-09	7.41831690758e-09
     7	1.15709636392e-08	2.78657315817e-09	1.43575367973e-08
     8	9.66548509614e-09	2.32505869296e-09	1.19905437891e-08
     9	8.43885367163e-09	2.02875596808e-09	1.04676096397e-08

Measurement: t_ro88
  step	t_ro88	FROM	TO
     1	6.30965738923e-09	1.51545162788e-09	7.82510901711e-09
     2	5.29619615393e-09	1.26879249307e-09	6.564988647e-09
     3	4.66607600235e-09	1.11657451223e-09	5.78265051459e-09
     4	8.86050752777e-09	2.12858204744e-09	1.09890895752e-08
     5	7.30918036583e-09	1.75223438721e-09	9.06141475304e-09
     6	6.33914536757e-09	1.51754504676e-09	7.85669041433e-09
     7	1.28649651818e-08	3.0900291558e-09	1.59549943376e-08
     8	1.05235701516e-08	2.52258446906e-09	1.30461546206e-08
     9	9.06534114889e-09	2.16995189659e-09	1.12352930455e-08

Measurement: t_ro89
  step	t_ro89	FROM	TO
     1	6.10220671942e-09	1.45973861659e-09	7.56194533601e-09
     2	5.15565784301e-09	1.23172173367e-09	6.38737957668e-09
     3	4.56001500142e-09	1.0889247989e-09	5.64893980032e-09
     4	8.52637520965e-09	2.03914702872e-09	1.05655222384e-08
     5	7.06500701665e-09	1.68778644754e-09	8.75279346419e-09
     6	6.15348202326e-09	1.46922023295e-09	7.62270225621e-09
     7	1.23038030626e-08	2.94118879743e-09	1.524499186e-08
     8	1.0110947402e-08	2.41468438083e-09	1.25256317828e-08
     9	8.74597518052e-09	2.08759458201e-09	1.08335697625e-08

Measurement: t_ro90
  step	t_ro90	FROM	TO
     1	5.89510429181e-09	1.41583899445e-09	7.31094328627e-09
     2	5.03798016721e-09	1.20801832082e-09	6.24599848803e-09
     3	4.48182942826e-09	1.0728853225e-09	5.55471475076e-09
     4	8.08778109369e-09	1.94329758286e-09	1.00310786766e-08
     5	6.80635849598e-09	1.63304795602e-09	8.439406452e-09
     6	5.97816551031e-09	1.432455248e-09	7.41062075831e-09
     7	1.15572932638e-08	2.7773677584e-09	1.43346610222e-08
     8	9.65863495312e-09	2.31812688328e-09	1.19767618364e-08
     9	8.43398788614e-09	2.0217854059e-09	1.0455773292e-08

Measurement: t_ro91
  step	t_ro91	FROM	TO
     1	5.87896035102e-09	1.4097486947e-09	7.28870904573e-09
     2	5.01488392081e-09	1.20060657843e-09	6.21549049924e-09
     3	4.46210217396e-09	1.06735613112e-09	5.52945830508e-09
     4	8.11651868441e-09	1.9466572705e-09	1.00631759549e-08
     5	6.80474639819e-09	1.6296673419e-09	8.43441374009e-09
     6	5.96899977626e-09	1.42814484043e-09	7.39714461669e-09
     7	1.1628408146e-08	2.78869041609e-09	1.44170985621e-08
     8	9.6734976407e-09	2.31667016306e-09	1.19901678038e-08
     9	8.43239159922e-09	2.01777732358e-09	1.04501689228e-08

Measurement: t_ro92
  step	t_ro92	FROM	TO
     1	5.99399552691e-09	1.4400211541e-09	7.43401668101e-09
     2	5.11999040853e-09	1.22591683591e-09	6.34590724444e-09
     3	4.53489421678e-09	1.08517784644e-09	5.62007206322e-09
     4	8.27362430386e-09	1.98905278277e-09	1.02626770866e-08
     5	6.93284031902e-09	1.66350678955e-09	8.59634710857e-09
     6	6.07171214801e-09	1.45461906261e-09	7.52633121061e-09
     7	1.18687154753e-08	2.85420096875e-09	1.4722916444e-08
     8	9.87293060987e-09	2.37014614581e-09	1.22430767557e-08
     9	8.5935697928e-09	2.06032498418e-09	1.0653894777e-08

Measurement: t_ro93
  step	t_ro93	FROM	TO
     1	5.92000020737e-09	1.42114446197e-09	7.34114466934e-09
     2	5.05281656776e-09	1.21187819796e-09	6.26469476571e-09
     3	4.48394997345e-09	1.07415230076e-09	5.55810227421e-09
     4	8.16605324132e-09	1.96245627959e-09	1.01285095209e-08
     5	6.85353685468e-09	1.64439184253e-09	8.49792869721e-09
     6	6.01040605077e-09	1.44058875901e-09	7.45099480978e-09
     7	1.16981828226e-08	2.81158973567e-09	1.45097725583e-08
     8	9.74330875407e-09	2.33821358326e-09	1.20815223373e-08
     9	8.49214843864e-09	2.03583256864e-09	1.05279810073e-08

Measurement: t_ro94
  step	t_ro94	FROM	TO
     1	6.34799512972e-09	1.52525110241e-09	7.87324623212e-09
     2	5.32804110516e-09	1.27828113948e-09	6.60632224464e-09
     3	4.68559639282e-09	1.12293267339e-09	5.8085290662e-09
     4	8.95984817786e-09	2.15295141861e-09	1.11127995965e-08
     5	7.36896788171e-09	1.76843244694e-09	9.13740032865e-09
     6	6.37995583365e-09	1.52976853197e-09	7.90972436562e-09
     7	1.30367848165e-08	3.13331829656e-09	1.6170103113e-08
     8	1.06329743007e-08	2.55204149082e-09	1.31850157915e-08
     9	9.14103565267e-09	2.19195927987e-09	1.13329949325e-08

Measurement: t_ro95
  step	t_ro95	FROM	TO
     1	6.11411781265e-09	1.4721558656e-09	7.58627367825e-09
     2	5.17298117449e-09	1.24302962366e-09	6.41601079815e-09
     3	4.57190417277e-09	1.09778135864e-09	5.66968553141e-09
     4	8.54525890295e-09	2.05974958321e-09	1.06050084862e-08
     5	7.08967209701e-09	1.70487999548e-09	8.79455209249e-09
     6	6.17541070717e-09	1.48361618889e-09	7.65902689606e-09
     7	1.23351047911e-08	2.97467273312e-09	1.53097775242e-08
     8	1.0149807293e-08	2.44171842622e-09	1.25915257192e-08
     9	8.78122246606e-09	2.11038471502e-09	1.08916071811e-08

Measurement: t_ro96
  step	t_ro96	FROM	TO
     1	6.3115496421e-09	1.5175537751e-09	7.8291034172e-09
     2	5.28411266744e-09	1.26650871613e-09	6.55062138356e-09
     3	4.64906670139e-09	1.11125746921e-09	5.7603241706e-09
     4	8.91904320872e-09	2.14852425582e-09	1.10675674645e-08
     5	7.31114131484e-09	1.75519029103e-09	9.06633160587e-09
     6	6.32490000766e-09	1.5145069111e-09	7.83940691876e-09
     7	1.2978938473e-08	3.13025511014e-09	1.61091935831e-08
     8	1.05379598539e-08	2.53346132325e-09	1.30714211771e-08
     9	9.04735050079e-09	2.17055343511e-09	1.12179039359e-08

Measurement: t_ro97
  step	t_ro97	FROM	TO
     1	5.96562253856e-09	1.42479597542e-09	7.39041851398e-09
     2	5.07689958802e-09	1.2111138691e-09	6.28801345712e-09
     3	4.50258858522e-09	1.07374993451e-09	5.57633851973e-09
     4	8.2667187722e-09	1.9734304662e-09	1.02401492384e-08
     5	6.89997196431e-09	1.64556264468e-09	8.54553460899e-09
     6	6.03544426627e-09	1.43879530793e-09	7.4742395742e-09
     7	1.18702961087e-08	2.83216275081e-09	1.47024588595e-08
     8	9.8243504461e-09	2.34229424957e-09	1.21666446957e-08
     9	8.53611181319e-09	2.03432812814e-09	1.05704399413e-08

Measurement: t_ro98
  step	t_ro98	FROM	TO
     1	6.14271169453e-09	1.47099646156e-09	7.61370815609e-09
     2	5.18840870388e-09	1.241549906e-09	6.42995860988e-09
     3	4.58446864274e-09	1.09643979306e-09	5.6809084358e-09
     4	8.59275835956e-09	2.05770557069e-09	1.06504639302e-08
     5	7.11470981484e-09	1.70255929118e-09	8.81726910602e-09
     6	6.19166510625e-09	1.48075708112e-09	7.67242218737e-09
     7	1.24135920382e-08	2.97235183222e-09	1.53859438704e-08
     8	1.01926854641e-08	2.43906674794e-09	1.26317522121e-08
     9	8.80936076632e-09	2.10687527936e-09	1.09162360457e-08

Measurement: t_ro99
  step	t_ro99	FROM	TO
     1	5.68404496373e-09	1.36872815903e-09	7.05277312276e-09
     2	4.8986076015e-09	1.17719537423e-09	6.07580297572e-09
     3	4.37817627515e-09	1.05095531803e-09	5.42913159317e-09
     4	7.71713268846e-09	1.85996052269e-09	9.57709321116e-09
     5	6.5473910806e-09	1.57513431562e-09	8.12252539622e-09
     6	5.78475156096e-09	1.38987560577e-09	7.17462716673e-09
     7	1.09258232157e-08	2.63438013431e-09	1.356020335e-08
     8	9.20737645657e-09	2.21648746249e-09	1.14238639191e-08
     9	8.09084555006e-09	1.94528959365e-09	1.00361351437e-08

Measurement: t_ro100
  step	t_ro100	FROM	TO
     1	5.84795096055e-09	1.40784352684e-09	7.25579448739e-09
     2	5.0083042363e-09	1.20430890139e-09	6.21261313769e-09
     3	4.45988765351e-09	1.07174202824e-09	5.53162968175e-09
     4	8.03099005246e-09	1.93470451286e-09	9.96569456533e-09
     5	6.76225505525e-09	1.62744281006e-09	8.38969786531e-09
     6	5.94360953858e-09	1.42952296397e-09	7.37313250256e-09
     7	1.14630941002e-08	2.76302118408e-09	1.42261152843e-08
     8	9.58360516937e-09	2.30770267195e-09	1.18913078413e-08
     9	8.37410055675e-09	2.01511974387e-09	1.03892203006e-08

Measurement: t_ro101
  step	t_ro101	FROM	TO
     1	6.40000524346e-09	1.53730867493e-09	7.93731391838e-09
     2	5.37083400883e-09	1.28819755402e-09	6.65903156285e-09
     3	4.71760426053e-09	1.13110218898e-09	5.84870644951e-09
     4	8.98593331774e-09	2.1579747214e-09	1.11439080391e-08
     5	7.39381718383e-09	1.7737908773e-09	9.16760806113e-09
     6	6.39997680757e-09	1.53366600762e-09	7.93364281519e-09
     7	1.30465557544e-08	3.13316807728e-09	1.61797238316e-08
     8	1.06492313373e-08	2.5548991351e-09	1.32041304724e-08
     9	9.15460195667e-09	2.1951642117e-09	1.13497661684e-08

Measurement: t_ro102
  step	t_ro102	FROM	TO
     1	6.24000372463e-09	1.49124553587e-09	7.7312492605e-09
     2	5.25743827203e-09	1.25499316134e-09	6.51243143338e-09
     3	4.6348909995e-09	1.10667626199e-09	5.74156726149e-09
     4	8.74375763661e-09	2.08743371811e-09	1.08311913547e-08
     5	7.22601702716e-09	1.72429321581e-09	8.95031024297e-09
     6	6.2755532047e-09	1.49724462851e-09	7.77279783322e-09
     7	1.26655104822e-08	3.02190011147e-09	1.56874105936e-08
     8	1.03803070779e-08	2.47573930013e-09	1.2856046378e-08
     9	8.95330440055e-09	2.13502897841e-09	1.1088333379e-08

Measurement: t_ro103
  step	t_ro103	FROM	TO
     1	5.59489372272e-09	1.34673146133e-09	6.94162518404e-09
     2	4.82000696354e-09	1.15762853995e-09	5.97763550349e-09
     3	4.32661907961e-09	1.03735214651e-09	5.36397122612e-09
     4	7.5863498451e-09	1.82787563018e-09	9.41422547527e-09
     5	6.45194272333e-09	1.55173659053e-09	8.00367931386e-09
     6	5.71266225819e-09	1.37147966914e-09	7.08414192733e-09
     7	1.07251076872e-08	2.58586151584e-09	1.33109692031e-08
     8	9.05915904494e-09	2.18072273944e-09	1.12398817844e-08
     9	7.97648184948e-09	1.91716558602e-09	9.8936474355e-09

Measurement: t_ro104
  step	t_ro104	FROM	TO
     1	6.24000004443e-09	1.50397719051e-09	7.74397723494e-09
     2	5.28000022674e-09	1.26797067224e-09	6.54797089897e-09
     3	4.64000025211e-09	1.11292145195e-09	5.75292170407e-09
     4	8.75386873516e-09	2.11073620506e-09	1.08646049402e-08
     5	7.23562225118e-09	1.74023830415e-09	8.97586055533e-09
     6	6.28462692395e-09	1.50976736371e-09	7.79439428766e-09
     7	1.26747666983e-08	3.05759815175e-09	1.573236485e-08
     8	1.03886711518e-08	2.50026451327e-09	1.28889356651e-08
     9	8.96047181903e-09	2.15413508583e-09	1.11146069049e-08

Measurement: t_ro105
  step	t_ro105	FROM	TO
     1	5.92002108292e-09	1.41713293504e-09	7.33715401796e-09
     2	5.04988564506e-09	1.20671566353e-09	6.25660130859e-09
     3	4.48001769458e-09	1.0714869212e-09	5.55150461578e-09
     4	8.17298102854e-09	1.95552609683e-09	1.01285071254e-08
     5	6.83833111528e-09	1.63419006233e-09	8.47252117762e-09
     6	5.99040598654e-09	1.43077983684e-09	7.42118582337e-09
     7	1.17031455832e-08	2.79958387089e-09	1.45027294541e-08
     8	9.71603213354e-09	2.32147637774e-09	1.20375085113e-08
     9	8.458065264e-09	2.01957529052e-09	1.04776405545e-08

Measurement: t_ro106
  step	t_ro106	FROM	TO
     1	5.72978291938e-09	1.36960388646e-09	7.09938680584e-09
     2	4.92247439928e-09	1.17635643766e-09	6.09883083694e-09
     3	4.39366302607e-09	1.04983787638e-09	5.44350090245e-09
     4	7.83995454856e-09	1.87288820701e-09	9.71284275557e-09
     5	6.61985987229e-09	1.58152444256e-09	8.20138431485e-09
     6	5.83377018261e-09	1.3936413517e-09	7.2274115343e-09
     7	1.11472845578e-08	2.6630810579e-09	1.38103656157e-08
     8	9.34668193299e-09	2.23235616236e-09	1.15790380954e-08
     9	8.18744097975e-09	1.95532242674e-09	1.01427634065e-08

Measurement: t_ro107
  step	t_ro107	FROM	TO
     1	5.80025886546e-09	1.39153746305e-09	7.19179632851e-09
     2	4.96000120972e-09	1.18955495619e-09	6.14955616591e-09
     3	4.43343827849e-09	1.06146619861e-09	5.49490447711e-09
     4	7.95583088744e-09	1.90931978173e-09	9.86515066917e-09
     5	6.71083804293e-09	1.60855222557e-09	8.3193902685e-09
     6	5.90415526868e-09	1.41402568123e-09	7.31818094992e-09
     7	1.13563495431e-08	2.72559094054e-09	1.40819404837e-08
     8	9.50987073814e-09	2.2800510364e-09	1.17899217745e-08
     9	8.31926623674e-09	1.99249851536e-09	1.03117647521e-08

Measurement: t_ro108
  step	t_ro108	FROM	TO
     1	5.63029207707e-09	1.35217289251e-09	6.98246496958e-09
     2	4.85760300188e-09	1.16412309328e-09	6.02172609515e-09
     3	4.34769332585e-09	1.04057875419e-09	5.38827208004e-09
     4	7.65107494968e-09	1.8385899412e-09	9.48966489088e-09
     5	6.49620691823e-09	1.55806335695e-09	8.05427027518e-09
     6	5.74440927872e-09	1.37581247665e-09	7.12022175537e-09
     7	1.08278002935e-08	2.60236260004e-09	1.34301628935e-08
     8	9.12972279654e-09	2.19049883747e-09	1.1320221634e-08
     9	8.0275897888e-09	1.92350702965e-09	9.95109681845e-09

Measurement: t_ro109
  step	t_ro109	FROM	TO
     1	6.18119384106e-09	1.49478780053e-09	7.67598164159e-09
     2	5.19996752701e-09	1.25475195004e-09	6.45471947704e-09
     3	4.58559055618e-09	1.10494202416e-09	5.69053258034e-09
     4	8.66090994501e-09	2.09850804673e-09	1.07594179917e-08
     5	7.13943652289e-09	1.72625113317e-09	8.86568765606e-09
     6	6.2024243179e-09	1.49739201447e-09	7.69981633236e-09
     7	1.25040882866e-08	3.0338231799e-09	1.55379114665e-08
     8	1.02213989676e-08	2.47449849086e-09	1.26958974585e-08
     9	8.82070599108e-09	2.13224440712e-09	1.09529503982e-08

Measurement: t_ro110
  step	t_ro110	FROM	TO
     1	5.91994185394e-09	1.41069102372e-09	7.33063287766e-09
     2	5.05195413942e-09	1.20392409968e-09	6.2558782391e-09
     3	4.4849770277e-09	1.06911262678e-09	5.55408965449e-09
     4	8.15605957908e-09	1.94400177149e-09	1.01000613506e-08
     5	6.84421614219e-09	1.63048222967e-09	8.47469837186e-09
     6	6.00230780972e-09	1.42969510252e-09	7.43200291223e-09
     7	1.16770993712e-08	2.78211057197e-09	1.44592099432e-08
     8	9.72590755572e-09	2.31625948012e-09	1.20421670358e-08
     9	8.47765985552e-09	2.01846092075e-09	1.04961207763e-08

Measurement: t_ro111
  step	t_ro111	FROM	TO
     1	6.22275890547e-09	1.50135465036e-09	7.72411355583e-09
     2	5.26242807829e-09	1.26806725121e-09	6.5304953295e-09
     3	4.63999556037e-09	1.11639764486e-09	5.75639320523e-09
     4	8.7040887094e-09	2.10224161869e-09	1.08063303281e-08
     5	7.22139082688e-09	1.74174321901e-09	8.9631340459e-09
     6	6.28097460016e-09	1.5135891107e-09	7.79456371086e-09
     7	1.26081231561e-08	3.04698633158e-09	1.56551094877e-08
     8	1.03782858644e-08	2.50476857615e-09	1.28830544406e-08
     9	8.96790072543e-09	2.16252141748e-09	1.11304221429e-08

Measurement: t_ro112
  step	t_ro112	FROM	TO
     1	5.75999991894e-09	1.38766973132e-09	7.14766965026e-09
     2	4.9599997068e-09	1.19055127438e-09	6.15055098118e-09
     3	4.42361862334e-09	1.0613124844e-09	5.48493110774e-09
     4	7.88039044309e-09	1.89978911768e-09	9.78017956077e-09
     5	6.66354254684e-09	1.60252051617e-09	8.266063063e-09
     6	5.87283234965e-09	1.41029436254e-09	7.28312671219e-09
     7	1.1205495709e-08	2.70322384378e-09	1.39087195528e-08
     8	9.41019585535e-09	2.26490196067e-09	1.1675097816e-08
     9	8.24637328535e-09	1.98199571025e-09	1.02283689956e-08

Measurement: t_ro113
  step	t_ro113	FROM	TO
     1	6.08812468133e-09	1.46375790195e-09	7.55188258328e-09
     2	5.16842286457e-09	1.24126885566e-09	6.40969172022e-09
     3	4.57259386025e-09	1.09723196537e-09	5.66982582562e-09
     4	8.46860148122e-09	2.03730439762e-09	1.05059058788e-08
     5	7.05592516492e-09	1.69553911567e-09	8.75146428059e-09
     6	6.15833514037e-09	1.47841383912e-09	7.63674897949e-09
     7	1.2206336763e-08	2.9371563503e-09	1.51434931133e-08
     8	1.00928465862e-08	2.42608620556e-09	1.25189327917e-08
     9	8.75304942463e-09	2.10214890162e-09	1.08551983262e-08

Measurement: t_ro114
  step	t_ro114	FROM	TO
     1	5.70777917148e-09	1.36416866666e-09	7.07194783814e-09
     2	4.90766084347e-09	1.17200476444e-09	6.07966560791e-09
     3	4.38374872838e-09	1.04676163406e-09	5.43051036244e-09
     4	7.7945924991e-09	1.86203260153e-09	9.65662510063e-09
     5	6.5931958609e-09	1.574248577e-09	8.1674444379e-09
     6	5.81570001185e-09	1.38835259512e-09	7.20405260697e-09
     7	1.10764333512e-08	2.64445703231e-09	1.37208903835e-08
     8	9.30025830729e-09	2.21969940017e-09	1.15199577075e-08
     9	8.1549085983e-09	1.94620412079e-09	1.01011127191e-08

Measurement: t_ro115
  step	t_ro115	FROM	TO
     1	5.86258960966e-09	1.40521403221e-09	7.26780364186e-09
     2	5.01250805803e-09	1.20057626578e-09	6.21308432381e-09
     3	4.46829757678e-09	1.06967962226e-09	5.53797719904e-09
     4	8.05786521714e-09	1.93159303124e-09	9.98945824837e-09
     5	6.77789542208e-09	1.62317908315e-09	8.40107450523e-09
     6	5.95493047175e-09	1.42517849314e-09	7.38010896489e-09
     7	1.15109204799e-08	2.75904079831e-09	1.42699612783e-08
     8	9.61251000153e-09	2.30183874886e-09	1.19143487504e-08
     9	8.39443301689e-09	2.00880039305e-09	1.04032334099e-08

Measurement: t_ro116
  step	t_ro116	FROM	TO
     1	5.8115739579e-09	1.39277379691e-09	7.20434775481e-09
     2	4.96000121738e-09	1.18846355179e-09	6.14846476916e-09
     3	4.44074297265e-09	1.06217972994e-09	5.50292270259e-09
     4	7.92938806291e-09	1.90062690071e-09	9.83001496362e-09
     5	6.6918321408e-09	1.60207710762e-09	8.29390924842e-09
     6	5.89091476177e-09	1.40909870418e-09	7.30001346595e-09
     7	1.12752486984e-08	2.70238468383e-09	1.39776333822e-08
     8	9.45024807059e-09	2.26242217062e-09	1.17126702412e-08
     9	8.27172889273e-09	1.97860752912e-09	1.02503364219e-08

Measurement: t_ro117
  step	t_ro117	FROM	TO
     1	6.19677889809e-09	1.50282238034e-09	7.69960127843e-09
     2	5.24255255738e-09	1.25800724587e-09	6.50055980325e-09
     3	4.62384022842e-09	1.10616888862e-09	5.73000911704e-09
     4	8.62175300955e-09	2.0967443753e-09	1.07184973848e-08
     5	7.14706081103e-09	1.72072038783e-09	8.86778119886e-09
     6	6.22063234182e-09	1.48983759382e-09	7.71046993564e-09
     7	1.24314123415e-08	3.02571106596e-09	1.54571234074e-08
     8	1.02205500754e-08	2.46748695197e-09	1.26880370274e-08
     9	8.83532723199e-09	2.11940173793e-09	1.09547289699e-08

Measurement: t_ro118
  step	t_ro118	FROM	TO
     1	6.027659718e-09	1.4424673011e-09	7.47012701909e-09
     2	5.12000375157e-09	1.22275666511e-09	6.34276041667e-09
     3	4.53944256264e-09	1.08404179687e-09	5.62348435951e-09
     4	8.33964755706e-09	1.99537396692e-09	1.0335021524e-08
     5	6.96555614878e-09	1.66458967239e-09	8.63014582118e-09
     6	6.08877138258e-09	1.45392607044e-09	7.54269745302e-09
     7	1.19831625064e-08	2.8663055858e-09	1.48494680922e-08
     8	9.93334844698e-09	2.37329038373e-09	1.23066388307e-08
     9	8.6288750049e-09	2.06002011331e-09	1.06888951182e-08

Measurement: t_ro119
  step	t_ro119	FROM	TO
     1	6.00176045378e-09	1.44007726367e-09	7.44183771744e-09
     2	5.09414960229e-09	1.21975760558e-09	6.31390720787e-09
     3	4.51443630087e-09	1.07920340375e-09	5.59363970462e-09
     4	8.34596638441e-09	2.00327777221e-09	1.03492441566e-08
     5	6.9475201042e-09	1.66447277328e-09	8.61199287748e-09
     6	6.06960188518e-09	1.45188584222e-09	7.5214877274e-09
     7	1.20160264825e-08	2.88402332456e-09	1.49000498071e-08
     8	9.91708694429e-09	2.37652582094e-09	1.22936127652e-08
     9	8.60290508882e-09	2.05859057695e-09	1.06614956658e-08

Measurement: t_ro120
  step	t_ro120	FROM	TO
     1	5.92000093383e-09	1.42143678221e-09	7.34143771605e-09
     2	5.06815169341e-09	1.21451417051e-09	6.28266586392e-09
     3	4.49948053993e-09	1.07765751952e-09	5.57713805945e-09
     4	8.1675351041e-09	1.96031380144e-09	1.01278489055e-08
     5	6.85915612032e-09	1.64425878653e-09	8.50341490685e-09
     6	6.01574838301e-09	1.44070103355e-09	7.45644941657e-09
     7	1.16916190902e-08	2.80624217033e-09	1.44978612606e-08
     8	9.74795695644e-09	2.33692661751e-09	1.20848835739e-08
     9	8.49811521697e-09	2.03538415752e-09	1.05334993745e-08

Measurement: t_ro121
  step	t_ro121	FROM	TO
     1	5.94524069317e-09	1.42535073255e-09	7.37059142572e-09
     2	5.0601881301e-09	1.21185690588e-09	6.27204503599e-09
     3	4.48965157761e-09	1.07433401862e-09	5.56398559623e-09
     4	8.25778945083e-09	1.97996447517e-09	1.0237753926e-08
     5	6.89535641078e-09	1.65163390863e-09	8.54699031942e-09
     6	6.03237263484e-09	1.44369184114e-09	7.47606447598e-09
     7	1.18746209061e-08	2.84704357369e-09	1.47216644798e-08
     8	9.83569876582e-09	2.35618828656e-09	1.21918870524e-08
     9	8.54755105544e-09	2.04594119982e-09	1.05934922553e-08

Measurement: t_ro122
  step	t_ro122	FROM	TO
     1	6.04114388533e-09	1.38495934842e-09	7.42610323376e-09
     2	5.12000369782e-09	1.17013503353e-09	6.29013873135e-09
     3	4.53504704707e-09	1.03579608896e-09	5.57084313603e-09
     4	8.38155663948e-09	1.92407508306e-09	1.03056317225e-08
     5	6.97666528995e-09	1.59798884484e-09	8.57465413479e-09
     6	6.08928017928e-09	1.39276460084e-09	7.48204478012e-09
     7	1.2056097589e-08	2.76880398833e-09	1.48249015773e-08
     8	9.95321686763e-09	2.2811876575e-09	1.22344045251e-08
     9	8.62993227505e-09	1.97554033185e-09	1.06054726069e-08

Measurement: t_ro123
  step	t_ro123	FROM	TO
     1	6.12267505252e-09	1.47246101517e-09	7.59513606768e-09
     2	5.18494162229e-09	1.24513945231e-09	6.4300810746e-09
     3	4.58830876922e-09	1.1002947003e-09	5.68860346952e-09
     4	8.53239146582e-09	2.05331388282e-09	1.05857053486e-08
     5	7.09873142632e-09	1.70578213188e-09	8.8045135582e-09
     6	6.18929369568e-09	1.48555944205e-09	7.67485313773e-09
     7	1.23126258807e-08	2.96399764348e-09	1.52766235242e-08
     8	1.01644557515e-08	2.44362254925e-09	1.26080783007e-08
     9	8.80533498602e-09	2.11484711578e-09	1.09201821018e-08

Measurement: t_ro124
  step	t_ro124	FROM	TO
     1	5.85587308577e-09	1.40008841198e-09	7.25596149774e-09
     2	5.0155679824e-09	1.19763818012e-09	6.21320616252e-09
     3	4.4661172412e-09	1.06575679121e-09	5.53187403241e-09
     4	8.00008333618e-09	1.91296099845e-09	9.91304433463e-09
     5	6.74726602139e-09	1.61081336626e-09	8.35807938765e-09
     6	5.9332022582e-09	1.41565713571e-09	7.34885939391e-09
     7	1.13979323218e-08	2.72366802686e-09	1.41216003487e-08
     8	9.54468669256e-09	2.27792083542e-09	1.1822607528e-08
     9	8.3457218075e-09	1.99048551852e-09	1.0336207326e-08

Measurement: t_ro125
  step	t_ro125	FROM	TO
     1	6.08000185189e-09	1.46056309911e-09	7.540564951e-09
     2	5.15740856705e-09	1.23822193117e-09	6.39563049822e-09
     3	4.57411272032e-09	1.09713035997e-09	5.6712430803e-09
     4	8.39686600888e-09	2.02019202518e-09	1.04170580341e-08
     5	7.02328936495e-09	1.68754362503e-09	8.71083298998e-09
     6	6.14007826037e-09	1.47392984126e-09	7.61400810162e-09
     7	1.20735136105e-08	2.90547171605e-09	1.49789853266e-08
     8	1.00255596641e-08	2.40969390756e-09	1.24352535717e-08
     9	8.71203766611e-09	2.09228348479e-09	1.08043211509e-08

Measurement: t_ro126
  step	t_ro126	FROM	TO
     1	6.1686827605e-09	1.47635908546e-09	7.64504184596e-09
     2	5.20986408069e-09	1.24488761127e-09	6.45475169196e-09
     3	4.59860557033e-09	1.09784731776e-09	5.69645288809e-09
     4	8.61037183024e-09	2.06035391593e-09	1.06707257462e-08
     5	7.12631282952e-09	1.70284622951e-09	8.82915905902e-09
     6	6.1991719893e-09	1.47992693873e-09	7.67909892803e-09
     7	1.24437812821e-08	2.97676672747e-09	1.54205480096e-08
     8	1.02124885938e-08	2.43988201592e-09	1.26523706098e-08
     9	8.82385521271e-09	2.1061898961e-09	1.09300451088e-08

Measurement: t_ro127
  step	t_ro127	FROM	TO
     1	5.70835111729e-09	1.36885376912e-09	7.0772048864e-09
     2	4.9059192205e-09	1.17476145837e-09	6.08068067887e-09
     3	4.38075365653e-09	1.04765640652e-09	5.42841006304e-09
     4	7.78654420536e-09	1.8675251029e-09	9.65406930826e-09
     5	6.58038029696e-09	1.57616100358e-09	8.15654130054e-09
     6	5.80291487212e-09	1.38837858801e-09	7.19129346013e-09
     7	1.10713663569e-08	2.65527246964e-09	1.37266388265e-08
     8	9.28741652502e-09	2.22471383801e-09	1.1512130363e-08
     9	8.14177920968e-09	1.94819756567e-09	1.00899767754e-08

Measurement: freq_ro0
  step	{80/t_ro0}
     1	13512042936
     2	15812026097.6
     3	17816616758.1
     4	9776417227.35
     5	11650348907
     6	13286146097.3
     7	6821341579.37
     8	8190483171.02
     9	9398445275.55

Measurement: freq_ro1
  step	{80/t_ro1}
     1	13359164189.7
     2	15676126507.7
     3	17697641570.9
     4	9639436334.75
     5	11536663050
     6	13184551688.9
     7	6713741623.56
     8	8098448132.1
     9	9315367376.52

Measurement: freq_ro2
  step	{80/t_ro2}
     1	13250947203.1
     2	15577256992.1
     3	17563534094.8
     4	9581466354.47
     5	11451240942.1
     6	13091121987.4
     7	6667950900.65
     8	8027291932.88
     9	9232672561.65

Measurement: freq_ro3
  step	{80/t_ro3}
     1	13057057818.9
     2	15405657038
     3	17420230985.9
     4	9368590957.14
     5	11262140630.7
     6	12917396307.1
     7	6496456904.54
     8	7870299164.79
     9	9085255301.75

Measurement: freq_ro4
  step	{80/t_ro4}
     1	13262107146.2
     2	15625001547.6
     3	17600064363.6
     4	9582221204.37
     5	11467975304.6
     6	13114911765.9
     7	6669479177.77
     8	8043436211.98
     9	9256439245.85

Measurement: freq_ro5
  step	{80/t_ro5}
     1	12535606606.9
     2	14927854383.6
     3	16988720208.5
     4	8895670012.88
     5	10802593370.6
     6	12477539344.5
     7	6111535418.81
     8	7483658563.24
     9	8703432533.91

Measurement: freq_ro6
  step	{80/t_ro6}
     1	13750259993.8
     2	16047242382.7
     3	17997518966.7
     4	10045403572.4
     5	11903630837.2
     6	13527197671.4
     7	7041925896.11
     8	8403112771.48
     9	9605391181.59

Measurement: freq_ro7
  step	{80/t_ro7}
     1	13344839210.3
     2	15668675695.5
     3	17646949634.9
     4	9651109395.37
     5	11522820701.4
     6	13157927235.3
     7	6721862477.29
     8	8085871337.05
     9	9292502511.89

Measurement: freq_ro8
  step	{80/t_ro8}
     1	13802953745.3
     2	16096469488
     3	18049773658.7
     4	10077211925.1
     5	11943699020.6
     6	13568565988
     7	7071442065.38
     8	8441448071.03
     9	9646063942.68

Measurement: freq_ro9
  step	{80/t_ro9}
     1	13716035496.8
     2	16017609274.6
     3	17951942363.5
     4	10037041051.2
     5	11887581487.9
     6	13507821444.6
     7	7047564664.02
     8	8403190244.39
     9	9602124520.58

Measurement: freq_ro10
  step	{80/t_ro10}
     1	13871382812.9
     2	16135983114.3
     3	18103872587
     4	10137593327.2
     5	12001955033.5
     6	13623704054.6
     7	7124709839.53
     8	8496740600.06
     9	9702210239.99

Measurement: freq_ro11
  step	{80/t_ro11}
     1	13476228736.8
     2	15791804217.4
     3	17777010062.8
     4	9740379163.58
     5	11615130364.8
     6	13253441320.1
     7	6785896305.66
     8	8152132691.68
     9	9360181258.61

Measurement: freq_ro12
  step	{80/t_ro12}
     1	14230148358.6
     2	16499154438
     3	18407352340.4
     4	10491822671
     5	12337021340.7
     6	13942197436
     7	7415059419.22
     8	8776691736.9
     9	9973284978.09

Measurement: freq_ro13
  step	{80/t_ro13}
     1	12558065048.8
     2	14958231755
     3	17020116818
     4	8902038325.98
     5	10812714676
     6	12491656343
     7	6111169937.65
     8	7485760859.74
     9	8707356648.15

Measurement: freq_ro14
  step	{80/t_ro14}
     1	13333110717.7
     2	15681425088.2
     3	17704802718.4
     4	9595727396.2
     5	11508685840.8
     6	13169066542.6
     7	6672303704.01
     8	8069378154.28
     9	9296243381.34

Measurement: freq_ro15
  step	{80/t_ro15}
     1	14212414103.1
     2	16501406131.1
     3	18451458011.2
     4	10426526021.1
     5	12321856027.2
     6	13949863297.2
     7	7353063885.38
     8	8756835825.48
     9	9976501497

Measurement: freq_ro16
  step	{80/t_ro16}
     1	14285715355.7
     2	16516742432.3
     3	18436787942.2
     4	10493019200.5
     5	12343959855.9
     6	13949505612.9
     7	7411104650.78
     8	8778372396.25
     9	9977126916.38

Measurement: freq_ro17
  step	{80/t_ro17}
     1	13513513699.6
     2	15827779763.9
     3	17818245280.6
     4	9825947221.53
     5	11686305136.6
     6	13316441335.4
     7	6862397236.51
     8	8219932338.18
     9	9422406817.8

Measurement: freq_ro18
  step	{80/t_ro18}
     1	14064522140.8
     2	16317070574.5
     3	18255305031.8
     4	10350769821.4
     5	12197281097.4
     6	13803676628.9
     7	7303992013.37
     8	8663506505.45
     9	9858785416.87

Measurement: freq_ro19
  step	{80/t_ro19}
     1	13977775560.6
     2	16265562672.5
     3	18225803513.5
     4	10198046243.4
     5	12075117351.1
     6	13701798115.7
     7	7160414333.87
     8	8542611304.7
     9	9753389541.78

Measurement: freq_ro20
  step	{80/t_ro20}
     1	12993373221.6
     2	15372215832.5
     3	17413098537.9
     4	9351573955.98
     5	11273617583.5
     6	12950034043.7
     7	6489532099.54
     8	7885660540.66
     9	9117245840.31

Measurement: freq_ro21
  step	{80/t_ro21}
     1	11904755987.8
     2	14339140079.1
     3	16443109561.7
     4	8296447660.11
     5	10233497156.2
     6	11937188772.2
     7	5640952532.85
     8	7021804889.65
     9	8251134032.92

Measurement: freq_ro22
  step	{80/t_ro22}
     1	13474356995.1
     2	15816875984.9
     3	17817517008.1
     4	9753655284.74
     5	11671743279.2
     6	13332194554.3
     7	6807979573.84
     8	8213214026.01
     9	9441925773

Measurement: freq_ro23
  step	{80/t_ro23}
     1	12648880187.3
     2	15098853954.1
     3	17154855639.2
     4	8961172834.02
     5	10910952655.6
     6	12608463825.7
     7	6157882099.54
     8	7564080328.04
     9	8803025131.2

Measurement: freq_ro24
  step	{80/t_ro24}
     1	13313899231
     2	15670514768.1
     3	17684308302.7
     4	9567079338.79
     5	11474490546
     6	13134517628.5
     7	6644421877.6
     8	8033719505.18
     9	9256360865.35

Measurement: freq_ro25
  step	{80/t_ro25}
     1	13845797367.6
     2	16148171074.2
     3	18114498440
     4	10083066650.1
     5	11966573530.7
     6	13598930943.5
     7	7075300057.8
     8	8459584523.79
     9	9672331936.15

Measurement: freq_ro26
  step	{80/t_ro26}
     1	13680658567
     2	15987612159.6
     3	17959245018.8
     4	9976533060.94
     5	11858788242.8
     6	13496280243.9
     7	6996426690.48
     8	8378755659.31
     9	9591486258.73

Measurement: freq_ro27
  step	{80/t_ro27}
     1	12563472479.8
     2	14964248079.3
     3	17020645023.6
     4	8936622270.66
     5	10849089094.7
     6	12527722955.9
     7	6147695232.32
     8	7523615646.72
     9	8746764055.98

Measurement: freq_ro28
  step	{80/t_ro28}
     1	13412831539.6
     2	15741525789.1
     3	17749135594.4
     4	9729888344.51
     5	11619341603.9
     6	13266029834.8
     7	6792086921.69
     8	8170179542.56
     9	9385106393.19

Measurement: freq_ro29
  step	{80/t_ro29}
     1	13093684084.2
     2	15450264673.3
     3	17445684936.4
     4	9413614949.3
     5	11302246091.7
     6	12955881756.6
     7	6530328564.33
     8	7901380226.63
     9	9115601034.05

Measurement: freq_ro30
  step	{80/t_ro30}
     1	13396008664.9
     2	15717632288.8
     3	17717105448.2
     4	9691391644.89
     5	11575293611.6
     6	13220433518.1
     7	6755037432.75
     8	8128714570.48
     9	9341679983.39

Measurement: freq_ro31
  step	{80/t_ro31}
     1	13594547988
     2	15888714342.9
     3	17857224085.5
     4	9887143694.83
     5	11749208548.4
     6	13376108833.7
     7	6917941577.79
     8	8280328462.21
     9	9482952284.81

Measurement: freq_ro32
  step	{80/t_ro32}
     1	14304175591.4
     2	16596406059.1
     3	18518420709.6
     4	10535811791.6
     5	12412747384.3
     6	14027496878.6
     7	7458634639.31
     8	8849698308.54
     9	10057611965.4

Measurement: freq_ro33
  step	{80/t_ro33}
     1	12708273049
     2	15103390609.7
     3	17145016046.7
     4	9053020077.46
     5	10962755515.3
     6	12635271710.4
     7	6239756284.19
     8	7617471525.83
     9	8838899648.58

Measurement: freq_ro34
  step	{80/t_ro34}
     1	12883351438.4
     2	15236826984.4
     3	17270262053.5
     4	9210577023.48
     5	11102495191.5
     6	12762408265.8
     7	6359214506.17
     8	7725086652.34
     9	8939030046.16

Measurement: freq_ro35
  step	{80/t_ro35}
     1	13366507518.6
     2	15803050718.1
     3	17857145640.5
     4	9596340884.23
     5	11580519134.4
     6	13273389258.1
     7	6670721586.48
     8	8123780906.36
     9	9378079313.16

Measurement: freq_ro36
  step	{80/t_ro36}
     1	12899789861.5
     2	15254729004.5
     3	17293737293.6
     4	9248536443.72
     5	11153942412
     6	12820494280.1
     7	6404386760.79
     8	7785914959.74
     9	9007477612.83

Measurement: freq_ro37
  step	{80/t_ro37}
     1	14000672907.4
     2	16276596452.6
     3	18234614518.6
     4	10268623747
     5	12130753701.7
     6	13751599612.4
     7	7224133245.34
     8	8594687751.6
     9	9800153918.11

Measurement: freq_ro38
  step	{80/t_ro38}
     1	14271035539.2
     2	16514791122.7
     3	18430570326.2
     4	10536278597.7
     5	12373421011.4
     6	13972918591.2
     7	7455297575.42
     8	8812613168.32
     9	10005939738.8

Measurement: freq_ro39
  step	{80/t_ro39}
     1	13073520626.8
     2	15423251299.9
     3	17434232854.7
     4	9399227463.78
     5	11285223325.6
     6	12939205660.4
     7	6514138899.58
     8	7881406958.9
     9	9094323113.95

Measurement: freq_ro40
  step	{80/t_ro40}
     1	13531428742.8
     2	15901657719.8
     3	17885445647.2
     4	9781609701.24
     5	11691552022.1
     6	13345627876.3
     7	6816631210.29
     8	8213481879.42
     9	9436677113.77

Measurement: freq_ro41
  step	{80/t_ro41}
     1	13694104177.3
     2	16023347560.5
     3	17997308740.7
     4	9950059041.05
     5	11841589057.6
     6	13484537254
     7	6963138108.67
     8	8350709989.14
     9	9567159002.53

Measurement: freq_ro42
  step	{80/t_ro42}
     1	13244745216.3
     2	15624972894.1
     3	17609736986.3
     4	9546565378.01
     5	11445981044.4
     6	13102193615
     7	6635035753.26
     8	8016680755.86
     9	9234994327.34

Measurement: freq_ro43
  step	{80/t_ro43}
     1	13423778790.3
     2	15746859685.4
     3	17730419254.9
     4	9732211190.69
     5	11617298554.5
     6	13253891721.6
     7	6794793927.56
     8	8168337976.39
     9	9379855216.12

Measurement: freq_ro44
  step	{80/t_ro44}
     1	14401627530.5
     2	16666723071.9
     3	18518528750.4
     4	10649458589.3
     5	12489183943.6
     6	14083401531.6
     7	7545040715.53
     8	8907362729.43
     9	10099681306.5

Measurement: freq_ro45
  step	{80/t_ro45}
     1	14509266741.1
     2	16736775163.7
     3	18644840747.7
     4	10736333878.4
     5	12579514834.6
     6	14174050058.6
     7	7620621585.28
     8	8987864506.99
     9	10182321720

Measurement: freq_ro46
  step	{80/t_ro46}
     1	12697624487.6
     2	15151512697
     3	17183500081.8
     4	9008911010.55
     5	10953464099.3
     6	12644394124.1
     7	6200512885.21
     8	7605267035.91
     9	8841865247.01

Measurement: freq_ro47
  step	{80/t_ro47}
     1	13117737702.8
     2	15467204193.3
     3	17473700746.4
     4	9472388717.27
     5	11363238299.3
     6	13023393634.6
     7	6588136221.72
     8	7965609556.45
     9	9183588310.98

Measurement: freq_ro48
  step	{80/t_ro48}
     1	13203788020.2
     2	15611837488
     3	17639446160.8
     4	9457487649.09
     5	11404518300.2
     6	13087736588
     7	6558379345.19
     8	7975888919.03
     9	9215786345.92

Measurement: freq_ro49
  step	{80/t_ro49}
     1	14142255414.6
     2	16419523991
     3	18355845091
     4	10400767154.3
     5	12270755879.1
     6	13889112461.1
     7	7343480240.74
     8	8726733102.07
     9	9934708101.55

Measurement: freq_ro50
  step	{80/t_ro50}
     1	12667395610.9
     2	15046744787.1
     3	17072915500.5
     4	9052509031.29
     5	10954094450.3
     6	12622051598.8
     7	6250260893.82
     8	7623761839.9
     9	8842545294.95

Measurement: freq_ro51
  step	{80/t_ro51}
     1	12949288481
     2	15304021506.3
     3	17325876181.6
     4	9339246137.04
     5	11236912285
     6	12897555663.7
     7	6487094752.52
     8	7864247496.6
     9	9083656622.93

Measurement: freq_ro52
  step	{80/t_ro52}
     1	12627408202.1
     2	15017379263.5
     3	17072020394.5
     4	8997052708.65
     5	10903804512.6
     6	12575751818.5
     7	6195342147.51
     8	7569206851.25
     9	8788399975.4

Measurement: freq_ro53
  step	{80/t_ro53}
     1	13685165337.2
     2	15988371248.7
     3	17946112622.2
     4	9966836557.78
     5	11842868176.2
     6	13473157876.5
     7	6983686394.32
     8	8360338983.69
     9	9568329579.8

Measurement: freq_ro54
  step	{80/t_ro54}
     1	14018716064.3
     2	16311013850.7
     3	18257778540.5
     4	10280274153.9
     5	12155785953.1
     6	13779651020.1
     7	7240553941.98
     8	8623655184.4
     9	9833905900.02

Measurement: freq_ro55
  step	{80/t_ro55}
     1	13787151115.1
     2	16129032241.4
     3	18041100252.9
     4	10057006265.4
     5	11923888242
     6	13551839702.4
     7	7050957016.78
     8	8419734781.68
     9	9626142511.81

Measurement: freq_ro56
  step	{80/t_ro56}
     1	13848872167.8
     2	16158064527.9
     3	18124111004
     4	10088396853.7
     5	11978664316.7
     6	13616525066.3
     7	7075856216.61
     8	8465252710.13
     9	9682076552.01

Measurement: freq_ro57
  step	{80/t_ro57}
     1	13748122861.2
     2	16063657462.5
     3	17998046195.5
     4	10008030178
     5	11874470456.2
     6	13499165225.2
     7	7016327831.1
     8	8385968540.84
     9	9591075398.53

Measurement: freq_ro58
  step	{80/t_ro58}
     1	13017696761.4
     2	15428885153.5
     3	17468311439.8
     4	9298105080.49
     5	11238893141.8
     6	12920658153.2
     7	6432737243.18
     8	7841288894.23
     9	9077277039.13

Measurement: freq_ro59
  step	{80/t_ro59}
     1	13198218019.4
     2	15571865609.5
     3	17591306487.4
     4	9489180216.2
     5	11411200203.5
     6	13079937603.6
     7	6590296264.84
     8	7991614397
     9	9222017025.26

Measurement: freq_ro60
  step	{80/t_ro60}
     1	13239177454.2
     2	15624968735.4
     3	17612029788.4
     4	9539716184.24
     5	11441055537.2
     6	13101347946
     7	6626014448.11
     8	8009216389.18
     9	9230501558.91

Measurement: freq_ro61
  step	{80/t_ro61}
     1	13124652208.3
     2	15479966875.9
     3	17488666897.1
     4	9442123139.18
     5	11342565360.1
     6	13002870344.5
     7	6551224600.52
     8	7933247097.18
     9	9154522347.5

Measurement: freq_ro62
  step	{80/t_ro62}
     1	12469977223.3
     2	14925245846.7
     3	17012783482.8
     4	8853838223.69
     5	10829102719.5
     6	12542369810.7
     7	6094134427.83
     8	7518351864.5
     9	8769755256.27

Measurement: freq_ro63
  step	{80/t_ro63}
     1	13483088592.2
     2	15798343175.3
     3	17810630421.4
     4	9759014525.93
     5	11641726910.5
     6	13286160786.6
     7	6805838914.43
     8	8182120224.05
     9	9396273843.39

Measurement: freq_ro64
  step	{80/t_ro64}
     1	14229479800.6
     2	16483144905.8
     3	18403374811.8
     4	10493252558.9
     5	12343234349.7
     6	13949968721.8
     7	7419358229.37
     8	8788317527.41
     9	9988810193.64

Measurement: freq_ro65
  step	{80/t_ro65}
     1	13259770711.9
     2	15624899594.3
     3	17603155805.7
     4	9575410065.98
     5	11465624100.8
     6	13115963073.4
     7	6664587987.6
     8	8042184835.43
     9	9257771456.59

Measurement: freq_ro66
  step	{80/t_ro66}
     1	14349396426
     2	16637297412.7
     3	18518502126.1
     4	10615263437.9
     5	12465813107.5
     6	14064946121.6
     7	7521415974.28
     8	8891218670.44
     9	10085383468.3

Measurement: freq_ro67
  step	{80/t_ro67}
     1	13686210482.6
     2	16008190544.8
     3	17945687057
     4	9966870223.24
     5	11834989811
     6	13463263811.6
     7	6978187947.91
     8	8345965446.85
     9	9550781906.13

Measurement: freq_ro68
  step	{80/t_ro68}
     1	14324337603.8
     2	16594429664.1
     3	18500659690.7
     4	10613159221.3
     5	12463449330.9
     6	14066397194.7
     7	7528832472.47
     8	8899216470.22
     9	10097720706.1

Measurement: freq_ro69
  step	{80/t_ro69}
     1	13888869758.7
     2	16185198401.7
     3	18129246797.4
     4	10181573717.1
     5	12033973951.1
     6	13648887295.6
     7	7154995491.83
     8	8516170237.6
     9	9714594580.98

Measurement: freq_ro70
  step	{80/t_ro70}
     1	12299440887.2
     2	14705861151
     3	16828290293.4
     4	8631617976.28
     5	10569818732.5
     6	12268894307.5
     7	5890792092.81
     8	7278234418.81
     9	8510980653.05

Measurement: freq_ro71
  step	{80/t_ro71}
     1	13183082249.8
     2	15625030894.9
     3	17598054642.9
     4	9456416564.65
     5	11384169551.7
     6	13061262682.9
     7	6549681901.6
     8	7950381209.01
     9	9183596182.59

Measurement: freq_ro72
  step	{80/t_ro72}
     1	13552166772
     2	15867511303.1
     3	17857300464.6
     4	9851181078.49
     5	11729014591.3
     6	13365743897.2
     7	6889881002.16
     8	8263233377.82
     9	9473080211.27

Measurement: freq_ro73
  step	{80/t_ro73}
     1	12828655177
     2	15188839826.5
     3	17241378779.5
     4	9200720711.04
     5	11083113460.5
     6	12738158799.1
     7	6358830690.43
     8	7718850239.43
     9	8929300286.15

Measurement: freq_ro74
  step	{80/t_ro74}
     1	13162373871.4
     2	15530786721.4
     3	17528813979.8
     4	9480100223.82
     5	11371893585.3
     6	13025911988.8
     7	6581050703.88
     8	7955899362.01
     9	9171222595.56

Measurement: freq_ro75
  step	{80/t_ro75}
     1	13513510747.2
     2	15836850360.5
     3	17823304596.9
     4	9790905854.26
     5	11663963012.8
     6	13299714663.2
     7	6831574397.37
     8	8199380454.47
     9	9406910089.21

Measurement: freq_ro76
  step	{80/t_ro76}
     1	13449015901
     2	15758740862.2
     3	17756085387.1
     4	9739675794.55
     5	11618628258.3
     6	13258055743.1
     7	6794523161.68
     8	8165780590.72
     9	9375686064.89

Measurement: freq_ro77
  step	{80/t_ro77}
     1	12843869196.6
     2	15186880960.9
     3	17241369708.3
     4	9180226045.22
     5	11065843412.1
     6	12720821671.4
     7	6340792352.46
     8	7703983853.04
     9	8914894551.01

Measurement: freq_ro78
  step	{80/t_ro78}
     1	12756448669.3
     2	15131266738.5
     3	17160178680.1
     4	9088420765.58
     5	10998431476.2
     6	12668240922.6
     7	6271248842.57
     8	7653353744.29
     9	8875496548.26

Measurement: freq_ro79
  step	{80/t_ro79}
     1	12930454080.4
     2	15341045702.6
     3	17393574393.6
     4	9221334678.24
     5	11168331389.4
     6	12856669744.3
     7	6366387741.3
     8	7778018235.42
     9	9016242080.29

Measurement: freq_ro80
  step	{80/t_ro80}
     1	13469757724.4
     2	15785114746.3
     3	17788871983.7
     4	9764759809.7
     5	11654576444
     6	13298009493.8
     7	6818201002.82
     8	8199651568.64
     9	9413556032.61

Measurement: freq_ro81
  step	{80/t_ro81}
     1	13035369990.2
     2	15388158522.8
     3	17401954796.9
     4	9361474776.84
     5	11249987559.2
     6	12905713898.1
     7	6486436717.9
     8	7856005407.17
     9	9070498338.41

Measurement: freq_ro82
  step	{80/t_ro82}
     1	13210237170.3
     2	15557852813.8
     3	17547797383.7
     4	9520998603.36
     5	11404600949.7
     6	13052592525.7
     7	6618849557.14
     8	7988550041.42
     9	9200025268.67

Measurement: freq_ro83
  step	{80/t_ro83}
     1	13984109662.2
     2	16257006753.1
     3	18207069378.3
     4	10233761750.4
     5	12093324006.2
     6	13711910303.7
     7	7194039050.29
     8	8560369397.94
     9	9762489961.57

Measurement: freq_ro84
  step	{80/t_ro84}
     1	13054424573.4
     2	15412418484.1
     3	17410407855.2
     4	9397722018.95
     5	11280501242.1
     6	12932672799.4
     7	6520385621.59
     8	7886072208.93
     9	9098144077.02

Measurement: freq_ro85
  step	{80/t_ro85}
     1	13157884267.2
     2	15624975349
     3	17610095759.9
     4	9428256153.03
     5	11371458801.1
     6	13055028198.5
     7	6526142967.35
     8	7943133053.38
     9	9180011133.3

Measurement: freq_ro86
  step	{80/t_ro86}
     1	13626981840.4
     2	15941076163.2
     3	17886794560.5
     4	9900980719.89
     5	11778077509
     6	13413708866.3
     7	6925442209.49
     8	8299706368.57
     9	9510158214.28

Measurement: freq_ro87
  step	{80/t_ro87}
     1	13596760141.8
     2	15902873704.6
     3	17857170334.7
     4	9884509806.59
     5	11748043774.9
     6	13375313192.5
     7	6913858041.1
     8	8276873763.11
     9	9479960562.53

Measurement: freq_ro88
  step	{80/t_ro88}
     1	12678976854.8
     2	15105180713.7
     3	17145027204.8
     4	9028828173.7
     5	10945139673.1
     6	12619997706.5
     7	6218438905.15
     8	7601982867.77
     9	8824819572.26

Measurement: freq_ro89
  step	{80/t_ro89}
     1	13110011456.3
     2	15516933519.6
     3	17543801933.8
     4	9382650661.38
     5	11323414090.2
     6	13000769271.4
     7	6502054656.86
     8	7912216018.88
     9	9147064603.86

Measurement: freq_ro90
  step	{80/t_ro90}
     1	13570582646.2
     2	15879379700.8
     3	17849853788.6
     4	9891464552.91
     5	11753715301.2
     6	13382031638.6
     7	6922035997
     8	8282743926.89
     9	9485429796.68

Measurement: freq_ro91
  step	{80/t_ro91}
     1	13607848194.8
     2	15952512812.5
     3	17928769194.7
     4	9856442535.35
     5	11756499848.6
     6	13402580499
     7	6879703480.93
     8	8270018040.15
     9	9487225428.12

Measurement: freq_ro92
  step	{80/t_ro92}
     1	13346689973.5
     2	15625029270.9
     3	17640984811.5
     4	9669281207.6
     5	11539282071.8
     6	13175855187.1
     7	6740409285.8
     8	8102963867.69
     9	9309286120.77

Measurement: freq_ro93
  step	{80/t_ro93}
     1	13513513040.2
     2	15832753658.7
     3	17841412253.4
     4	9796654226.45
     5	11672805107.2
     6	13310248812.5
     7	6838668980.73
     8	8210763101.04
     9	9420466514.22

Measurement: freq_ro94
  step	{80/t_ro94}
     1	12602404123.7
     2	15014899176.1
     3	17073600304.7
     4	8928722720.73
     5	10856337181
     6	12539271757.7
     7	6136482355.6
     8	7523765010.37
     9	8751743570.39

Measurement: freq_ro95
  step	{80/t_ro95}
     1	13084471456.3
     2	15464970256.3
     3	17498179528
     4	9361916462.51
     5	11284019755.1
     6	12954603959.7
     7	6485554955.13
     8	7881923044.53
     9	9110348850.54

Measurement: freq_ro96
  step	{80/t_ro96}
     1	12675175596.6
     2	15139722605.3
     3	17207754833
     4	8969571974.02
     5	10942204035.6
     6	12648421303.6
     7	6163832286.18
     8	7591602274.96
     9	8842367717.82

Measurement: freq_ro97
  step	{80/t_ro97}
     1	13410167921.8
     2	15757648662
     3	17767557147.6
     4	9677358357.6
     5	11594250007.7
     6	13255030859.5
     7	6739511741.53
     8	8143031993.71
     9	9371948464.45

Measurement: freq_ro98
  step	{80/t_ro98}
     1	13023564181.2
     2	15418985775
     3	17450222966.8
     4	9310165217.32
     5	11244309618
     6	12920595450
     7	6444548826.33
     8	7848765693.94
     9	9081249153.27

Measurement: freq_ro99
  step	{80/t_ro99}
     1	14074484018.1
     2	16331171326.2
     3	18272448383.2
     4	10366544574.2
     5	12218607230.8
     6	13829461673
     7	7322102730.45
     8	8688685683.42
     9	9887718101.28

Measurement: freq_ro100
  step	{80/t_ro100}
     1	13680005277
     2	15973470505.3
     3	17937671577.2
     4	9961411915.27
     5	11830373055.5
     6	13459834378.5
     7	6978918545.09
     8	8347589303.42
     9	9553264790.39

Measurement: freq_ro101
  step	{80/t_ro101}
     1	12499989758.9
     2	14895265775.9
     3	16957759825.1
     4	8902803656.69
     5	10819850966.2
     6	12500045297.9
     7	6131886568.85
     8	7512279287.22
     9	8738774266.61

Measurement: freq_ro102
  step	{80/t_ro102}
     1	12820505168
     2	15216536240.8
     3	17260384334.5
     4	9149384432.28
     5	11071105935.6
     6	12747880129.5
     7	6316366017.2
     8	7706901096.45
     9	8935248531.83

Measurement: freq_ro103
  step	{80/t_ro103}
     1	14298752391.9
     2	16597486394.8
     3	18490187956.9
     4	10545255838.9
     5	12399366118.2
     6	14003978597.8
     7	7459132563.8
     8	8830841759.5
     9	10029484365.4

Measurement: freq_ro104
  step	{80/t_ro104}
     1	12820512729.2
     2	15151514500.9
     3	17241378373.5
     4	9138816495.92
     5	11056409141.2
     6	12729474791.1
     7	6311753257.83
     8	7700696155.53
     9	8928101289.27

Measurement: freq_ro105
  step	{80/t_ro105}
     1	13513465388
     2	15841942892
     3	17857072327.4
     4	9788350140.62
     5	11698760801.6
     6	13354687508.6
     7	6835769018.76
     8	8233813855.33
     9	9458427844.08

Measurement: freq_ro106
  step	{80/t_ro106}
     1	13962134539.1
     2	16251989042.7
     3	18208041792.3
     4	10204140789.9
     5	12084847948.9
     6	13713258749.6
     7	7176635671.71
     8	8559187161.13
     9	9771062801.9

Measurement: freq_ro107
  step	{80/t_ro107}
     1	13792487862.3
     2	16129028324.3
     3	18044685631
     4	10055517912.8
     5	11921014855.1
     6	13549779157.1
     7	7044517227.68
     8	8412312028.51
     9	9616232696.9

Measurement: freq_ro108
  step	{80/t_ro108}
     1	14208854337.4
     2	16469028030.7
     3	18400561862.2
     4	10456047094.8
     5	12314878668
     6	13926584287.1
     7	7388388946.22
     8	8762588063.49
     9	9965631292.17

Measurement: freq_ro109
  step	{80/t_ro109}
     1	12942483613.5
     2	15384711459.2
     3	17445953584.4
     4	9236904725.71
     5	11205366101.9
     6	12898182371.9
     7	6397907481.63
     8	7826717287.29
     9	9069568816.92

Measurement: freq_ro110
  step	{80/t_ro110}
     1	13513646244.1
     2	15835456497.1
     3	17837326591.8
     4	9808658117.85
     5	11688701574.9
     6	13328206839.1
     7	6851016460.22
     8	8225453464.54
     9	9436566383.1

Measurement: freq_ro111
  step	{80/t_ro111}
     1	12856033990
     2	15202108002.2
     3	17241395807.2
     4	9191082796.94
     5	11078198357.9
     6	12736876853.1
     7	6345115685.29
     8	7708402046.85
     9	8920705352.27

Measurement: freq_ro112
  step	{80/t_ro112}
     1	13888889084.3
     2	16129033211.5
     3	18084741658.8
     4	10151781257.3
     5	12005626052.2
     6	13622047291.2
     7	7139353945.38
     8	8501417104.36
     9	9701234376.83

Measurement: freq_ro113
  step	{80/t_ro113}
     1	13140335355.7
     2	15478609644.8
     3	17495540265.5
     4	9446660133.6
     5	11337988730.1
     6	12990523928.4
     7	6553972871.08
     8	7926406025.98
     9	9139671915.35

Measurement: freq_ro114
  step	{80/t_ro114}
     1	14015959201.7
     2	16301044948.2
     3	18249221147.7
     4	10263525644.1
     5	12133721140.4
     6	13755867709.3
     7	7222541540.55
     8	8601911619.73
     9	9810042508.22

Measurement: freq_ro115
  step	{80/t_ro115}
     1	13645846857.2
     2	15960074093.4
     3	17903910521.9
     4	9928187906.38
     5	11803073818.4
     6	13434245853.8
     7	6949922044.84
     8	8322488089.72
     9	9530125481.86

Measurement: freq_ro116
  step	{80/t_ro116}
     1	13765633988.2
     2	16129028299.4
     3	18015003456.1
     4	10089050928.7
     5	11954872494.8
     6	13580233840.6
     7	7095187178.57
     8	8465386241.97
     9	9671496858.45

Measurement: freq_ro117
  step	{80/t_ro117}
     1	12909932937
     2	15259742105.5
     3	17301635880.1
     4	9278855461.46
     5	11193412525.1
     6	12860428908.8
     7	6435310631.05
     8	7827367354
     9	9054559938.7

Measurement: freq_ro118
  step	{80/t_ro118}
     1	13272149348.6
     2	15624988551.1
     3	17623309227.1
     4	9592731521.65
     5	11485084362.4
     6	13138939693
     7	6676033973.28
     8	8053679021.43
     9	9271196993.18

Measurement: freq_ro119
  step	{80/t_ro119}
     1	13329422361.3
     2	15704289478.3
     3	17720927856.4
     4	9585468754.04
     5	11514900108.3
     6	13180436132.9
     7	6657774940.54
     8	8066885008.62
     9	9299184307.4

Measurement: freq_ro120
  step	{80/t_ro120}
     1	13513511381.9
     2	15784847186.8
     3	17779830202.6
     4	9794876787.23
     5	11663242328.5
     6	13298428542.3
     7	6842508243.1
     8	8206847892.08
     9	9413852125.74

Measurement: freq_ro121
  step	{80/t_ro121}
     1	13456141496.8
     2	15809688877.8
     3	17818754666.6
     4	9687822688.67
     5	11602010865.6
     6	13261780205.3
     7	6737057177.03
     8	8133636654.06
     9	9359405925.88

Measurement: freq_ro122
  step	{80/t_ro122}
     1	13242525177.1
     2	15624988715.2
     3	17640390313.4
     4	9544766377.07
     5	11466796338.3
     6	13137841854
     7	6635646353.18
     8	8037602421.8
     9	9270061160.42

Measurement: freq_ro123
  step	{80/t_ro123}
     1	13066184194.6
     2	15429296186.5
     3	17435618225.3
     4	9376034880.78
     5	11269619203.1
     6	12925545940.1
     7	6497395500.78
     8	7870564047.5
     9	9085401080.94

Measurement: freq_ro124
  step	{80/t_ro124}
     1	13661498264.8
     2	15950337086.6
     3	17912651119.4
     4	9999895830.86
     5	11856654198.4
     6	13483443934.4
     7	7018816899.54
     8	8381626613.51
     9	9585749662.55

Measurement: freq_ro125
  step	{80/t_ro125}
     1	13157890729.1
     2	15511666171.1
     3	17489730772.2
     4	9527364127.93
     5	11390674062.1
     6	13029149891.5
     7	6626074445.34
     8	7979604399.16
     9	9182696754.31

Measurement: freq_ro126
  step	{80/t_ro126}
     1	12968733051.4
     2	15355486968.8
     3	17396577892.3
     4	9291120241.64
     5	11226001708.6
     6	12904949263.9
     7	6428914024.31
     8	7833546080.84
     9	9066331900.46

Measurement: freq_ro127
  step	{80/t_ro127}
     1	14014554878.7
     2	16306831891.1
     3	18261697934.3
     4	10274134184.6
     5	12157352066.3
     6	13786175010.8
     7	7225847056.38
     8	8613805549.1
     9	9825862129.11

Measurement: edge100_ro0
  step	V(ro0_out)={VTHRESH} 
     1	7.34718438006e-09
     2	6.27626804779e-09
     3	5.56972748207e-09
     4	1.0155997314e-08
     5	8.519955908e-09
     6	7.46984400527e-09
     7	1.45579803966e-08
     8	1.21206741196e-08
     9	1.05613277187e-08

Measurement: edge100_ro1
  step	V(ro1_out)={VTHRESH} 
     1	7.43541789124e-09
     2	6.33328332719e-09
     3	5.60804072925e-09
     4	1.03077772855e-08
     5	8.60778541967e-09
     6	7.52943963395e-09
     7	1.480185132e-08
     8	1.22643425299e-08
     9	1.06588899558e-08

Measurement: edge100_ro2
  step	V(ro2_out)={VTHRESH} 
     1	7.48766533296e-09
     2	6.36726925568e-09
     3	5.64584728615e-09
     4	1.03563688432e-08
     5	8.66247234303e-09
     6	7.57547734426e-09
     7	1.48819372603e-08
     8	1.2358030455e-08
     9	1.07421295187e-08

Measurement: edge100_ro3
  step	V(ro3_out)={VTHRESH} 
     1	7.59896389482e-09
     2	6.43802505081e-09
     3	5.69210937117e-09
     4	1.0591180876e-08
     5	8.80726965979e-09
     6	7.67684428069e-09
     7	1.5273736845e-08
     8	1.26032489766e-08
     9	1.09153008926e-08

Measurement: edge100_ro4
  step	V(ro4_out)={VTHRESH} 
     1	7.4765017388e-09
     2	6.34488502947e-09
     3	5.63137026627e-09
     4	1.03474665679e-08
     5	8.64375453481e-09
     6	7.55724404591e-09
     7	1.48661142402e-08
     8	1.23236759448e-08
     9	1.070710129e-08

Measurement: edge100_ro5
  step	V(ro5_out)={VTHRESH} 
     1	7.92483849856e-09
     2	6.65175102539e-09
     3	5.84365618516e-09
     4	1.11697206699e-08
     5	9.19392281846e-09
     6	7.95774983568e-09
     7	1.62593149173e-08
     8	1.32725352534e-08
     9	1.1409771481e-08

Measurement: edge100_ro6
  step	V(ro6_out)={VTHRESH} 
     1	7.21470383259e-09
     2	6.18036554254e-09
     3	5.509564591e-09
     4	9.87635309918e-09
     5	8.33268934773e-09
     6	7.3310901108e-09
     7	1.40889966167e-08
     8	1.18042143066e-08
     9	1.03249569789e-08

Measurement: edge100_ro7
  step	V(ro7_out)={VTHRESH} 
     1	7.43346132504e-09
     2	6.32919127653e-09
     3	5.61887556942e-09
     4	1.02794238268e-08
     5	8.60699376292e-09
     6	7.53623642895e-09
     7	1.47590466237e-08
     8	1.22657115183e-08
     9	1.06716177261e-08

Measurement: edge100_ro8
  step	V(ro8_out)={VTHRESH} 
     1	7.18353168332e-09
     2	6.15835275794e-09
     3	5.49102197145e-09
     4	9.83954348764e-09
     5	8.29978747464e-09
     6	7.30456080868e-09
     7	1.40215349042e-08
     8	1.17431292483e-08
     9	1.02748680536e-08

Measurement: edge100_ro9
  step	V(ro9_out)={VTHRESH} 
     1	7.23096752953e-09
     2	6.19008823412e-09
     3	5.52189797147e-09
     4	9.88188866676e-09
     5	8.34098373303e-09
     6	7.33871955797e-09
     7	1.40735099585e-08
     8	1.17998423011e-08
     9	1.03243804679e-08

Measurement: edge100_ro10
  step	V(ro10_out)={VTHRESH} 
     1	7.1407107701e-09
     2	6.13881894977e-09
     3	5.47222151116e-09
     4	9.76652317294e-09
     5	8.25214526254e-09
     6	7.27041687456e-09
     7	1.3891909325e-08
     8	1.16539462373e-08
     9	1.02069947407e-08

Measurement: edge100_ro11
  step	V(ro11_out)={VTHRESH} 
     1	7.36073899403e-09
     2	6.27983171298e-09
     3	5.57743758464e-09
     4	1.01842147642e-08
     5	8.5383536441e-09
     6	7.48164128667e-09
     7	1.46182375667e-08
     8	1.21656006585e-08
     9	1.05937279335e-08

Measurement: edge100_ro12
  step	V(ro12_out)={VTHRESH} 
     1	6.96814460511e-09
     2	6.0088264392e-09
     3	5.38543335618e-09
     4	9.45088202572e-09
     5	8.03574816014e-09
     6	7.10992865733e-09
     7	1.33718660875e-08
     8	1.12950425369e-08
     9	9.93883660154e-09

Measurement: edge100_ro13
  step	V(ro13_out)={VTHRESH} 
     1	7.90675291887e-09
     2	6.63559067436e-09
     3	5.83045371583e-09
     4	1.11581153942e-08
     5	9.18266936291e-09
     6	7.94684558766e-09
     7	1.62575969608e-08
     8	1.32667196038e-08
     9	1.14029683177e-08

Measurement: edge100_ro14
  step	V(ro14_out)={VTHRESH} 
     1	7.43138032379e-09
     2	6.31722626307e-09
     3	5.59474667601e-09
     4	1.03248498496e-08
     5	8.6074983742e-09
     6	7.52194798407e-09
     7	1.484772591e-08
     8	1.22756375757e-08
     9	1.06547743505e-08

Measurement: edge100_ro15
  step	V(ro15_out)={VTHRESH} 
     1	6.97831905285e-09
     2	6.00948155856e-09
     3	5.37371934417e-09
     4	9.51312132118e-09
     5	8.04855109611e-09
     6	7.10856275941e-09
     7	1.34898130134e-08
     8	1.13256050176e-08
     9	9.94010575956e-09

Measurement: edge100_ro16
  step	V(ro16_out)={VTHRESH} 
     1	6.94316882049e-09
     2	6.00337044372e-09
     3	5.37660258698e-09
     4	9.45407950629e-09
     5	8.03413377939e-09
     6	7.10742507869e-09
     7	1.33860393846e-08
     8	1.12983699525e-08
     9	9.93864462276e-09

Measurement: edge100_ro17
  step	V(ro17_out)={VTHRESH} 
     1	7.33788227419e-09
     2	6.26441006405e-09
     3	5.56336707845e-09
     4	1.00934809848e-08
     5	8.48464306396e-09
     6	7.44467205975e-09
     7	1.44520334611e-08
     8	1.20625581475e-08
     9	1.05213337567e-08

Measurement: edge100_ro18
  step	V(ro18_out)={VTHRESH} 
     1	7.05096267884e-09
     2	6.07597829043e-09
     3	5.43010624934e-09
     4	9.58138314499e-09
     5	8.1286043706e-09
     6	7.18133530471e-09
     7	1.3577995636e-08
     8	1.14440232893e-08
     9	1.0054888412e-08

Measurement: edge100_ro19
  step	V(ro19_out)={VTHRESH} 
     1	7.09368495936e-09
     2	6.09417808688e-09
     3	5.43787558973e-09
     4	9.72303482848e-09
     5	8.20931620365e-09
     6	7.23353374484e-09
     7	1.38474538164e-08
     8	1.1603930927e-08
     9	1.01618778505e-08

Measurement: edge100_ro20
  step	V(ro20_out)={VTHRESH} 
     1	7.63688772688e-09
     2	6.45418030648e-09
     3	5.69693901542e-09
     4	1.06118866878e-08
     5	8.80156607863e-09
     6	7.66125186628e-09
     7	1.52925596363e-08
     8	1.25838011284e-08
     9	1.08829812822e-08

Measurement: edge100_ro21
  step	V(ro21_out)={VTHRESH} 
     1	8.33268988645e-09
     2	6.91468790549e-09
     3	6.02808721903e-09
     4	1.19578662491e-08
     5	9.68961664748e-09
     6	8.30432034386e-09
     7	1.75858679288e-08
     8	1.4121544093e-08
     9	1.20140784029e-08

Measurement: edge100_ro22
  step	V(ro22_out)={VTHRESH} 
     1	7.36614620892e-09
     2	6.27419155124e-09
     3	5.56949738952e-09
     4	1.01773896516e-08
     5	8.50350154873e-09
     6	7.44403833934e-09
     7	1.45825438102e-08
     8	1.20855663383e-08
     9	1.05123591982e-08

Measurement: edge100_ro23
  step	V(ro23_out)={VTHRESH} 
     1	7.84443947569e-09
     2	6.5702189388e-09
     3	5.78157114761e-09
     4	1.10735608741e-08
     5	9.09258423933e-09
     6	7.8669366325e-09
     7	1.61153089151e-08
     8	1.31162769388e-08
     9	1.12683034598e-08

Measurement: edge100_ro24
  step	V(ro24_out)={VTHRESH} 
     1	7.44756533898e-09
     2	6.32546211727e-09
     3	5.6041646068e-09
     4	1.03644610547e-08
     5	8.63888882424e-09
     6	7.54556179481e-09
     7	1.49226670528e-08
     8	1.23386965592e-08
     9	1.07071971628e-08

Measurement: edge100_ro25
  step	V(ro25_out)={VTHRESH} 
     1	7.16500728363e-09
     2	6.14235757473e-09
     3	5.4745844785e-09
     4	9.83937692479e-09
     5	8.28906029864e-09
     6	7.29317532814e-09
     7	1.40225831622e-08
     8	1.17258551538e-08
     9	1.02544153839e-08

Measurement: edge100_ro26
  step	V(ro26_out)={VTHRESH} 
     1	7.25013833454e-09
     2	6.2013998314e-09
     3	5.51969938666e-09
     4	9.94158960268e-09
     5	8.36049298111e-09
     6	7.34470971829e-09
     7	1.41729060339e-08
     8	1.18316040221e-08
     9	1.03338297087e-08

Measurement: edge100_ro27
  step	V(ro27_out)={VTHRESH} 
     1	7.90019460463e-09
     2	6.63027978929e-09
     3	5.82762211645e-09
     4	1.11084736056e-08
     5	9.1468416249e-09
     6	7.91888010038e-09
     7	1.61490072681e-08
     8	1.31910398184e-08
     9	1.13433467179e-08

Measurement: edge100_ro28
  step	V(ro28_out)={VTHRESH} 
     1	7.3936741984e-09
     2	6.29855787335e-09
     3	5.58543166523e-09
     4	1.01922390166e-08
     5	8.53291400976e-09
     6	7.4725240233e-09
     7	1.4600123812e-08
     8	1.21345579312e-08
     9	1.05620833695e-08

Measurement: edge100_ro29
  step	V(ro29_out)={VTHRESH} 
     1	7.57669167947e-09
     2	6.41990259754e-09
     3	5.68462366888e-09
     4	1.05392323042e-08
     5	8.77639624834e-09
     6	7.65506907791e-09
     7	1.51925370428e-08
     8	1.25540192988e-08
     9	1.08803033505e-08

Measurement: edge100_ro30
  step	V(ro30_out)={VTHRESH} 
     1	7.33186382705e-09
     2	6.31083711268e-09
     3	5.59736417134e-09
     4	1.01383708386e-08
     5	8.57147329311e-09
     6	7.50297241279e-09
     7	1.4550361889e-08
     8	1.22088448143e-08
     9	1.0620951274e-08

Measurement: edge100_ro31
  step	V(ro31_out)={VTHRESH} 
     1	7.29567066916e-09
     2	6.2406215543e-09
     3	5.55095113086e-09
     4	1.00315728585e-08
     5	8.43962087201e-09
     6	7.41206024336e-09
     7	1.43369796149e-08
     8	1.19754532613e-08
     9	1.04552280721e-08

Measurement: edge100_ro32
  step	V(ro32_out)={VTHRESH} 
     1	6.93924974045e-09
     2	5.97877342045e-09
     3	5.35797377918e-09
     4	9.42316720168e-09
     5	7.99530452817e-09
     6	7.07325209489e-09
     7	1.33120701628e-08
     8	1.12157919045e-08
     9	9.86654594063e-09

Measurement: edge100_ro33
  step	V(ro33_out)={VTHRESH} 
     1	7.80475052254e-09
     2	6.56550961822e-09
     3	5.78311705012e-09
     4	1.09559017922e-08
     5	9.04545257729e-09
     6	7.84720277226e-09
     7	1.58950337872e-08
     8	1.30175888942e-08
     9	1.12174012171e-08

Measurement: edge100_ro34
  step	V(ro34_out)={VTHRESH} 
     1	7.70339016472e-09
     2	6.51267745147e-09
     3	5.74465743316e-09
     4	1.07763459865e-08
     5	8.93857476992e-09
     6	7.77506612053e-09
     7	1.56093955952e-08
     8	1.28478745747e-08
     9	1.11019017595e-08

Measurement: edge100_ro35
  step	V(ro35_out)={VTHRESH} 
     1	7.42054329977e-09
     2	6.27356679416e-09
     3	5.55030510691e-09
     4	1.03366174241e-08
     5	8.56214952146e-09
     6	7.46789449331e-09
     7	1.48700353812e-08
     8	1.22060692587e-08
     9	1.05705905771e-08

Measurement: edge100_ro36
  step	V(ro36_out)={VTHRESH} 
     1	7.69380343009e-09
     2	6.50415787966e-09
     3	5.73628292581e-09
     4	1.07325879876e-08
     5	8.89626819253e-09
     6	7.73858604511e-09
     7	1.54997994261e-08
     8	1.27456175431e-08
     9	1.10152094952e-08

Measurement: edge100_ro37
  step	V(ro37_out)={VTHRESH} 
     1	7.08368245691e-09
     2	6.09147428748e-09
     3	5.43663911908e-09
     4	9.65886162434e-09
     5	8.17416741061e-09
     6	7.20941179392e-09
     7	1.37294661399e-08
     8	1.15374661408e-08
     9	1.0116484543e-08

Measurement: edge100_ro38
  step	V(ro38_out)={VTHRESH} 
     1	6.94614529371e-09
     2	6.00117151996e-09
     3	5.3767868762e-09
     4	9.4082188221e-09
     5	8.00974108901e-09
     6	7.0922081368e-09
     7	1.32957698947e-08
     8	1.12458436846e-08
     9	9.90387326681e-09

Measurement: edge100_ro39
  step	V(ro39_out)={VTHRESH} 
     1	7.5879260695e-09
     2	6.4299674718e-09
     3	5.68707136394e-09
     4	1.05542708657e-08
     5	8.78809683395e-09
     6	7.66319579164e-09
     7	1.52284948309e-08
     8	1.25834008867e-08
     9	1.09029384801e-08

Measurement: edge100_ro40
  step	V(ro40_out)={VTHRESH} 
     1	7.32815077555e-09
     2	6.23397447193e-09
     3	5.54183595409e-09
     4	1.01374263668e-08
     5	8.47911404413e-09
     6	7.42700388157e-09
     7	1.45460469714e-08
     8	1.20693106838e-08
     9	1.05028815292e-08

Measurement: edge100_ro41
  step	V(ro41_out)={VTHRESH} 
     1	7.24266952116e-09
     2	6.18619801925e-09
     3	5.50638405005e-09
     4	9.96965104949e-09
     5	8.37219212758e-09
     6	7.34957416587e-09
     7	1.42465461795e-08
     8	1.18729440488e-08
     9	1.03595465514e-08

Measurement: edge100_ro42
  step	V(ro42_out)={VTHRESH} 
     1	7.496379963e-09
     2	6.3530466945e-09
     3	5.63544161023e-09
     4	1.04046973998e-08
     5	8.67570783931e-09
     6	7.57722412192e-09
     7	1.49730719401e-08
     8	1.23893969256e-08
     9	1.07529049086e-08

Measurement: edge100_ro43
  step	V(ro43_out)={VTHRESH} 
     1	7.38646249796e-09
     2	6.29470101185e-09
     3	5.58966958862e-09
     4	1.01884066783e-08
     5	8.53177295127e-09
     6	7.47737771255e-09
     7	1.45921310232e-08
     8	1.21342734021e-08
     9	1.05651091076e-08

Measurement: edge100_ro44
  step	V(ro44_out)={VTHRESH} 
     1	6.89101565548e-09
     2	5.95339851235e-09
     3	5.35649197216e-09
     4	9.3209183191e-09
     5	7.9462473762e-09
     6	7.04520497799e-09
     7	1.31576792547e-08
     8	1.11430392629e-08
     9	9.82593476556e-09

Measurement: edge100_ro45
  step	V(ro45_out)={VTHRESH} 
     1	6.8398971182e-09
     2	5.92838368661e-09
     3	5.32139712728e-09
     4	9.2452095605e-09
     5	7.88918869019e-09
     6	7.0010595983e-09
     7	1.30266765116e-08
     8	1.10432507492e-08
     9	9.74705835243e-09

Measurement: edge100_ro46
  step	V(ro46_out)={VTHRESH} 
     1	7.81156811332e-09
     2	6.54383395988e-09
     3	5.7683028517e-09
     4	1.10103536861e-08
     5	9.05220017348e-09
     6	7.83951950836e-09
     7	1.59968342777e-08
     8	1.30377134889e-08
     9	1.12113187999e-08

Measurement: edge100_ro47
  step	V(ro47_out)={VTHRESH} 
     1	7.56121054939e-09
     2	6.40998353317e-09
     3	5.67258100948e-09
     4	1.04715262817e-08
     5	8.72566147748e-09
     6	7.61128453909e-09
     7	1.50555892076e-08
     8	1.2447371369e-08
     9	1.07937333563e-08

Measurement: edge100_ro48
  step	V(ro48_out)={VTHRESH} 
     1	7.51906456378e-09
     2	6.35883415647e-09
     3	5.62717882325e-09
     4	1.04998148917e-08
     5	8.70580037344e-09
     6	7.58549216704e-09
     7	1.51436091329e-08
     8	1.24498875101e-08
     9	1.07738086651e-08

Measurement: edge100_ro49
  step	V(ro49_out)={VTHRESH} 
     1	7.01539381141e-09
     2	6.04001091439e-09
     3	5.40122285667e-09
     4	9.54065636313e-09
     5	8.08367048223e-09
     6	7.13898882643e-09
     7	1.35137562772e-08
     8	1.13679745015e-08
     9	9.98310719449e-09

Measurement: edge100_ro50
  step	V(ro50_out)={VTHRESH} 
     1	7.82677295851e-09
     2	6.58703918283e-09
     3	5.80428343392e-09
     4	1.09517045868e-08
     5	9.04761443577e-09
     6	7.8506578569e-09
     7	1.58603794216e-08
     8	1.29990199656e-08
     9	1.12053536507e-08

Measurement: edge100_ro51
  step	V(ro51_out)={VTHRESH} 
     1	7.65931484937e-09
     2	6.47864661325e-09
     3	5.72174108728e-09
     4	1.06201022363e-08
     5	8.8240850714e-09
     6	7.68659002898e-09
     7	1.52888797489e-08
     8	1.26080162885e-08
     9	1.09136739507e-08

Measurement: edge100_ro52
  step	V(ro52_out)={VTHRESH} 
     1	7.85742547664e-09
     2	6.60562558411e-09
     3	5.80985809701e-09
     4	1.10286751349e-08
     5	9.0981380912e-09
     6	7.88740557802e-09
     7	1.60163995492e-08
     8	1.31066928494e-08
     9	1.12868563719e-08

Measurement: edge100_ro53
  step	V(ro53_out)={VTHRESH} 
     1	7.25895071772e-09
     2	6.21127016011e-09
     3	5.5324431327e-09
     4	9.969417963e-09
     5	8.38701842137e-09
     6	7.3704575827e-09
     7	1.42300597475e-08
     8	1.18823657439e-08
     9	1.03797572009e-08

Measurement: edge100_ro54
  step	V(ro54_out)={VTHRESH} 
     1	7.0758173319e-09
     2	6.07820482062e-09
     3	5.42903307958e-09
     4	9.65237716829e-09
     5	8.15730736684e-09
     6	7.19371868225e-09
     7	1.37070959181e-08
     8	1.14999347746e-08
     9	1.00809475973e-08

Measurement: edge100_ro55
  step	V(ro55_out)={VTHRESH} 
     1	7.19272402228e-09
     2	6.14692610182e-09
     3	5.49460011792e-09
     4	9.86063600452e-09
     5	8.31471581704e-09
     6	7.31494532975e-09
     7	1.40640297295e-08
     8	1.17748428736e-08
     9	1.02978160116e-08

Measurement: edge100_ro56
  step	V(ro56_out)={VTHRESH} 
     1	7.16322026682e-09
     2	6.13735270197e-09
     3	5.47043919725e-09
     4	9.83456210974e-09
     5	8.27974970815e-09
     6	7.28229450963e-09
     7	1.40223942837e-08
     8	1.1717085796e-08
     9	1.02424241417e-08

Measurement: edge100_ro57
  step	V(ro57_out)={VTHRESH} 
     1	7.21372011663e-09
     2	6.17264730135e-09
     3	5.5083255306e-09
     4	9.90991736881e-09
     5	8.35002164456e-09
     6	7.34415589391e-09
     7	1.41348844224e-08
     8	1.18235138127e-08
     9	1.03367965491e-08

Measurement: edge100_ro58
  step	V(ro58_out)={VTHRESH} 
     1	7.62885756523e-09
     2	6.43405827192e-09
     3	5.68166782069e-09
     4	1.06864298577e-08
     5	8.83593187652e-09
     6	7.6838165142e-09
     7	1.5450868171e-08
     8	1.2668379883e-08
     9	1.09403584461e-08

Measurement: edge100_ro59
  step	V(ro59_out)={VTHRESH} 
     1	7.52961867019e-09
     2	6.37878624248e-09
     3	5.64522324848e-09
     4	1.04753997162e-08
     5	8.7065209233e-09
     6	7.59368574319e-09
     7	1.50845455075e-08
     8	1.24334556917e-08
     9	1.07716971411e-08

Measurement: edge100_ro60
  step	V(ro60_out)={VTHRESH} 
     1	7.49018265883e-09
     2	6.34495689898e-09
     3	5.62846555644e-09
     4	1.03946433213e-08
     5	8.66539983277e-09
     6	7.56627792125e-09
     7	1.49650061448e-08
     8	1.23781698818e-08
     9	1.0738995053e-08

Measurement: edge100_ro61
  step	V(ro61_out)={VTHRESH} 
     1	7.55519820686e-09
     2	6.40310908536e-09
     3	5.66654700077e-09
     4	1.05021640385e-08
     5	8.73946201876e-09
     6	7.62185754648e-09
     7	1.51333600483e-08
     8	1.2494316798e-08
     9	1.08259971127e-08

Measurement: edge100_ro62
  step	V(ro62_out)={VTHRESH} 
     1	7.95700085066e-09
     2	6.64746518185e-09
     3	5.83142544899e-09
     4	1.12074437064e-08
     5	9.16227215607e-09
     6	7.91029110745e-09
     7	1.6283293647e-08
     8	1.31976374848e-08
     9	1.13141476446e-08

Measurement: edge100_ro63
  step	V(ro63_out)={VTHRESH} 
     1	7.35941880531e-09
     2	6.27770116585e-09
     3	5.5668352758e-09
     4	1.01711066914e-08
     5	8.5205413131e-09
     6	7.46356126983e-09
     7	1.45863581574e-08
     8	1.21247670633e-08
     9	1.05543142741e-08

Measurement: edge100_ro64
  step	V(ro64_out)={VTHRESH} 
     1	6.96566527819e-09
     2	6.01210831691e-09
     3	5.38450919144e-09
     4	9.44559150097e-09
     5	8.02835456162e-09
     6	7.10304671684e-09
     7	1.33582035426e-08
     8	1.12753855551e-08
     9	9.91943005868e-09

Measurement: edge100_ro65
  step	V(ro65_out)={VTHRESH} 
     1	7.48474281033e-09
     2	6.34943404416e-09
     3	5.63339529579e-09
     4	1.0366736098e-08
     5	8.65306432e-09
     6	7.56178775666e-09
     7	1.48955878293e-08
     8	1.23377386908e-08
     9	1.07144517058e-08

Measurement: edge100_ro66
  step	V(ro66_out)={VTHRESH} 
     1	6.91666675259e-09
     2	5.96486175716e-09
     3	5.35796493022e-09
     4	9.35272366632e-09
     5	7.96310722802e-09
     6	7.05697782121e-09
     7	1.32043261162e-08
     8	1.11679878262e-08
     9	9.84447655685e-09

Measurement: edge100_ro67
  step	V(ro67_out)={VTHRESH} 
     1	7.24731891428e-09
     2	6.19427438121e-09
     3	5.52381467249e-09
     4	9.9522998778e-09
     5	8.37873652469e-09
     6	7.36367378238e-09
     7	1.42145982276e-08
     8	1.18817378499e-08
     9	1.03806006987e-08

Measurement: edge100_ro68
  step	V(ro68_out)={VTHRESH} 
     1	6.91902452683e-09
     2	5.97216138721e-09
     3	5.35598471975e-09
     4	9.33784935264e-09
     5	7.95049319298e-09
     6	7.04422110551e-09
     7	1.31622021916e-08
     8	1.11337773643e-08
     9	9.81174714011e-09

Measurement: edge100_ro69
  step	V(ro69_out)={VTHRESH} 
     1	7.14432472332e-09
     2	6.12949239059e-09
     3	5.47067612247e-09
     4	9.74822619084e-09
     5	8.24548378644e-09
     6	7.26795676961e-09
     7	1.38727921227e-08
     8	1.16526357738e-08
     9	1.02128246046e-08

Measurement: edge100_ro70
  step	V(ro70_out)={VTHRESH} 
     1	8.07365968632e-09
     2	6.74960432566e-09
     3	5.89779533084e-09
     4	1.15071439068e-08
     5	9.39404213865e-09
     6	8.09130727192e-09
     7	1.68629983537e-08
     8	1.36443338914e-08
     9	1.16657850211e-08

Measurement: edge100_ro71
  step	V(ro71_out)={VTHRESH} 
     1	7.5251818096e-09
     2	6.3487109193e-09
     3	5.63588688947e-09
     4	1.04914005164e-08
     5	8.71357835589e-09
     6	7.59401169958e-09
     7	1.51478327955e-08
     8	1.24774863198e-08
     9	1.08009456623e-08

Measurement: edge100_ro72
  step	V(ro72_out)={VTHRESH} 
     1	7.3214297894e-09
     2	6.25125394998e-09
     3	5.55301210883e-09
     4	1.00733551039e-08
     5	8.45807908785e-09
     6	7.4206808755e-09
     7	1.44035956577e-08
     8	1.20065656883e-08
     9	1.04711402226e-08

Measurement: edge100_ro73
  step	V(ro73_out)={VTHRESH} 
     1	7.73470222009e-09
     2	6.52977485362e-09
     3	5.75094246082e-09
     4	1.07845559387e-08
     5	8.94901731364e-09
     6	7.78378685115e-09
     7	1.56040959047e-08
     8	1.2849730834e-08
     9	1.11045739698e-08

Measurement: edge100_ro74
  step	V(ro74_out)={VTHRESH} 
     1	7.53458506675e-09
     2	6.38421433594e-09
     3	5.65578698779e-09
     4	1.0461753128e-08
     5	8.71940480168e-09
     6	7.61113948126e-09
     7	1.50697797556e-08
     8	1.24628228199e-08
     9	1.08100217942e-08

Measurement: edge100_ro75
  step	V(ro75_out)={VTHRESH} 
     1	7.3444069973e-09
     2	6.26507052664e-09
     3	5.56571091717e-09
     4	1.01377826473e-08
     5	8.50785434351e-09
     6	7.46008987358e-09
     7	1.45305096431e-08
     8	1.21042368015e-08
     9	1.05487626113e-08

Measurement: edge100_ro76
  step	V(ro76_out)={VTHRESH} 
     1	7.36954770759e-09
     2	6.28869944519e-09
     3	5.58103265153e-09
     4	1.0175717629e-08
     5	8.52907170627e-09
     6	7.474064202e-09
     7	1.45854341901e-08
     8	1.2135145434e-08
     9	1.0568436781e-08

Measurement: edge100_ro77
  step	V(ro77_out)={VTHRESH} 
     1	7.72046889203e-09
     2	6.52579298231e-09
     3	5.74742769197e-09
     4	1.08011980418e-08
     5	8.95642820938e-09
     6	7.78923910255e-09
     7	1.56364414294e-08
     8	1.28640951785e-08
     9	1.11141574278e-08

Measurement: edge100_ro78
  step	V(ro78_out)={VTHRESH} 
     1	7.77333788024e-09
     2	6.55103920197e-09
     3	5.77618231189e-09
     4	1.09098146067e-08
     5	9.01330362247e-09
     6	7.82408115281e-09
     7	1.58086182728e-08
     8	1.29518918292e-08
     9	1.11669243035e-08

Measurement: edge100_ro79
  step	V(ro79_out)={VTHRESH} 
     1	7.67757296809e-09
     2	6.47036789098e-09
     3	5.70716106435e-09
     4	1.07674229027e-08
     5	8.88936581349e-09
     6	7.72174804695e-09
     7	1.55974204243e-08
     8	1.27650231089e-08
     9	1.1011570654e-08

Measurement: edge100_ro80
  step	V(ro80_out)={VTHRESH} 
     1	7.36040628505e-09
     2	6.28045732617e-09
     3	5.57370524336e-09
     4	1.01504955429e-08
     5	8.50516620069e-09
     6	7.4551558209e-09
     7	1.4530912034e-08
     8	1.20854401064e-08
     9	1.05295713243e-08

Measurement: edge100_ro81
  step	V(ro81_out)={VTHRESH} 
     1	7.61161516931e-09
     2	6.44505570327e-09
     3	5.69818043723e-09
     4	1.05995694103e-08
     5	8.81670335762e-09
     6	7.68382383607e-09
     7	1.529731289e-08
     8	1.26258577496e-08
     9	1.09329273795e-08

Measurement: edge100_ro82
  step	V(ro82_out)={VTHRESH} 
     1	7.50734213238e-09
     2	6.37338738604e-09
     3	5.64949801956e-09
     4	1.04166773429e-08
     5	8.69417947316e-09
     6	7.59554739762e-09
     7	1.49837400209e-08
     8	1.24118612593e-08
     9	1.07760337652e-08

Measurement: edge100_ro83
  step	V(ro83_out)={VTHRESH} 
     1	7.09482121345e-09
     2	6.10180241212e-09
     3	5.4477217195e-09
     4	9.69540060269e-09
     5	8.20338553821e-09
     6	7.23416075357e-09
     7	1.37925951718e-08
     8	1.1589585928e-08
     9	1.01613911472e-08

Measurement: edge100_ro84
  step	V(ro84_out)={VTHRESH} 
     1	7.59632986296e-09
     2	6.43270086278e-09
     3	5.69365629854e-09
     4	1.05521221196e-08
     5	8.78889787613e-09
     6	7.6650350391e-09
     7	1.5208009787e-08
     8	1.25717265661e-08
     9	1.08953461224e-08

Measurement: edge100_ro85
  step	V(ro85_out)={VTHRESH} 
     1	7.5378445958e-09
     2	6.3484461922e-09
     3	5.63020192372e-09
     4	1.05209695896e-08
     5	8.72119689955e-09
     6	7.59518215078e-09
     7	1.5199445166e-08
     8	1.24859654838e-08
     9	1.08016385249e-08

Measurement: edge100_ro86
  step	V(ro86_out)={VTHRESH} 
     1	7.28150911761e-09
     2	6.22197977111e-09
     3	5.54479148377e-09
     4	1.00226052947e-08
     5	8.4220074453e-09
     6	7.39353201821e-09
     7	1.43288740446e-08
     8	1.19519714002e-08
     9	1.0428596695e-08

Measurement: edge100_ro87
  step	V(ro87_out)={VTHRESH} 
     1	7.29915838881e-09
     2	6.23967929807e-09
     3	5.55492371183e-09
     4	1.00418753979e-08
     5	8.44700524476e-09
     6	7.41831690758e-09
     7	1.43575367973e-08
     8	1.19905437891e-08
     9	1.04676096397e-08

Measurement: edge100_ro88
  step	V(ro88_out)={VTHRESH} 
     1	7.82510901711e-09
     2	6.564988647e-09
     3	5.78265051459e-09
     4	1.09890895752e-08
     5	9.06141475304e-09
     6	7.85669041433e-09
     7	1.59549943376e-08
     8	1.30461546206e-08
     9	1.12352930455e-08

Measurement: edge100_ro89
  step	V(ro89_out)={VTHRESH} 
     1	7.56194533601e-09
     2	6.38737957668e-09
     3	5.64893980032e-09
     4	1.05655222384e-08
     5	8.75279346419e-09
     6	7.62270225621e-09
     7	1.524499186e-08
     8	1.25256317828e-08
     9	1.08335697625e-08

Measurement: edge100_ro90
  step	V(ro90_out)={VTHRESH} 
     1	7.31094328627e-09
     2	6.24599848803e-09
     3	5.55471475076e-09
     4	1.00310786766e-08
     5	8.439406452e-09
     6	7.41062075831e-09
     7	1.43346610222e-08
     8	1.19767618364e-08
     9	1.0455773292e-08

Measurement: edge100_ro91
  step	V(ro91_out)={VTHRESH} 
     1	7.28870904573e-09
     2	6.21549049924e-09
     3	5.52945830508e-09
     4	1.00631759549e-08
     5	8.43441374009e-09
     6	7.39714461669e-09
     7	1.44170985621e-08
     8	1.19901678038e-08
     9	1.04501689228e-08

Measurement: edge100_ro92
  step	V(ro92_out)={VTHRESH} 
     1	7.43401668101e-09
     2	6.34590724444e-09
     3	5.62007206322e-09
     4	1.02626770866e-08
     5	8.59634710857e-09
     6	7.52633121061e-09
     7	1.4722916444e-08
     8	1.22430767557e-08
     9	1.0653894777e-08

Measurement: edge100_ro93
  step	V(ro93_out)={VTHRESH} 
     1	7.34114466934e-09
     2	6.26469476571e-09
     3	5.55810227421e-09
     4	1.01285095209e-08
     5	8.49792869721e-09
     6	7.45099480978e-09
     7	1.45097725583e-08
     8	1.20815223373e-08
     9	1.05279810073e-08

Measurement: edge100_ro94
  step	V(ro94_out)={VTHRESH} 
     1	7.87324623212e-09
     2	6.60632224464e-09
     3	5.8085290662e-09
     4	1.11127995965e-08
     5	9.13740032865e-09
     6	7.90972436562e-09
     7	1.6170103113e-08
     8	1.31850157915e-08
     9	1.13329949325e-08

Measurement: edge100_ro95
  step	V(ro95_out)={VTHRESH} 
     1	7.58627367825e-09
     2	6.41601079815e-09
     3	5.66968553141e-09
     4	1.06050084862e-08
     5	8.79455209249e-09
     6	7.65902689606e-09
     7	1.53097775242e-08
     8	1.25915257192e-08
     9	1.08916071811e-08

Measurement: edge100_ro96
  step	V(ro96_out)={VTHRESH} 
     1	7.8291034172e-09
     2	6.55062138356e-09
     3	5.7603241706e-09
     4	1.10675674645e-08
     5	9.06633160587e-09
     6	7.83940691876e-09
     7	1.61091935831e-08
     8	1.30714211771e-08
     9	1.12179039359e-08

Measurement: edge100_ro97
  step	V(ro97_out)={VTHRESH} 
     1	7.39041851398e-09
     2	6.28801345712e-09
     3	5.57633851973e-09
     4	1.02401492384e-08
     5	8.54553460899e-09
     6	7.4742395742e-09
     7	1.47024588595e-08
     8	1.21666446957e-08
     9	1.05704399413e-08

Measurement: edge100_ro98
  step	V(ro98_out)={VTHRESH} 
     1	7.61370815609e-09
     2	6.42995860988e-09
     3	5.6809084358e-09
     4	1.06504639302e-08
     5	8.81726910602e-09
     6	7.67242218737e-09
     7	1.53859438704e-08
     8	1.26317522121e-08
     9	1.09162360457e-08

Measurement: edge100_ro99
  step	V(ro99_out)={VTHRESH} 
     1	7.05277312276e-09
     2	6.07580297572e-09
     3	5.42913159317e-09
     4	9.57709321116e-09
     5	8.12252539622e-09
     6	7.17462716673e-09
     7	1.356020335e-08
     8	1.14238639191e-08
     9	1.00361351437e-08

Measurement: edge100_ro100
  step	V(ro100_out)={VTHRESH} 
     1	7.25579448739e-09
     2	6.21261313769e-09
     3	5.53162968175e-09
     4	9.96569456533e-09
     5	8.38969786531e-09
     6	7.37313250256e-09
     7	1.42261152843e-08
     8	1.18913078413e-08
     9	1.03892203006e-08

Measurement: edge100_ro101
  step	V(ro101_out)={VTHRESH} 
     1	7.93731391838e-09
     2	6.65903156285e-09
     3	5.84870644951e-09
     4	1.11439080391e-08
     5	9.16760806113e-09
     6	7.93364281519e-09
     7	1.61797238316e-08
     8	1.32041304724e-08
     9	1.13497661684e-08

Measurement: edge100_ro102
  step	V(ro102_out)={VTHRESH} 
     1	7.7312492605e-09
     2	6.51243143338e-09
     3	5.74156726149e-09
     4	1.08311913547e-08
     5	8.95031024297e-09
     6	7.77279783322e-09
     7	1.56874105936e-08
     8	1.2856046378e-08
     9	1.1088333379e-08

Measurement: edge100_ro103
  step	V(ro103_out)={VTHRESH} 
     1	6.94162518404e-09
     2	5.97763550349e-09
     3	5.36397122612e-09
     4	9.41422547527e-09
     5	8.00367931386e-09
     6	7.08414192733e-09
     7	1.33109692031e-08
     8	1.12398817844e-08
     9	9.8936474355e-09

Measurement: edge100_ro104
  step	V(ro104_out)={VTHRESH} 
     1	7.74397723494e-09
     2	6.54797089897e-09
     3	5.75292170407e-09
     4	1.08646049402e-08
     5	8.97586055533e-09
     6	7.79439428766e-09
     7	1.573236485e-08
     8	1.28889356651e-08
     9	1.11146069049e-08

Measurement: edge100_ro105
  step	V(ro105_out)={VTHRESH} 
     1	7.33715401796e-09
     2	6.25660130859e-09
     3	5.55150461578e-09
     4	1.01285071254e-08
     5	8.47252117762e-09
     6	7.42118582337e-09
     7	1.45027294541e-08
     8	1.20375085113e-08
     9	1.04776405545e-08

Measurement: edge100_ro106
  step	V(ro106_out)={VTHRESH} 
     1	7.09938680584e-09
     2	6.09883083694e-09
     3	5.44350090245e-09
     4	9.71284275557e-09
     5	8.20138431485e-09
     6	7.2274115343e-09
     7	1.38103656157e-08
     8	1.15790380954e-08
     9	1.01427634065e-08

Measurement: edge100_ro107
  step	V(ro107_out)={VTHRESH} 
     1	7.19179632851e-09
     2	6.14955616591e-09
     3	5.49490447711e-09
     4	9.86515066917e-09
     5	8.3193902685e-09
     6	7.31818094992e-09
     7	1.40819404837e-08
     8	1.17899217745e-08
     9	1.03117647521e-08

Measurement: edge100_ro108
  step	V(ro108_out)={VTHRESH} 
     1	6.98246496958e-09
     2	6.02172609515e-09
     3	5.38827208004e-09
     4	9.48966489088e-09
     5	8.05427027518e-09
     6	7.12022175537e-09
     7	1.34301628935e-08
     8	1.1320221634e-08
     9	9.95109681845e-09

Measurement: edge100_ro109
  step	V(ro109_out)={VTHRESH} 
     1	7.67598164159e-09
     2	6.45471947704e-09
     3	5.69053258034e-09
     4	1.07594179917e-08
     5	8.86568765606e-09
     6	7.69981633236e-09
     7	1.55379114665e-08
     8	1.26958974585e-08
     9	1.09529503982e-08

Measurement: edge100_ro110
  step	V(ro110_out)={VTHRESH} 
     1	7.33063287766e-09
     2	6.2558782391e-09
     3	5.55408965449e-09
     4	1.01000613506e-08
     5	8.47469837186e-09
     6	7.43200291223e-09
     7	1.44592099432e-08
     8	1.20421670358e-08
     9	1.04961207763e-08

Measurement: edge100_ro111
  step	V(ro111_out)={VTHRESH} 
     1	7.72411355583e-09
     2	6.5304953295e-09
     3	5.75639320523e-09
     4	1.08063303281e-08
     5	8.9631340459e-09
     6	7.79456371086e-09
     7	1.56551094877e-08
     8	1.28830544406e-08
     9	1.11304221429e-08

Measurement: edge100_ro112
  step	V(ro112_out)={VTHRESH} 
     1	7.14766965026e-09
     2	6.15055098118e-09
     3	5.48493110774e-09
     4	9.78017956077e-09
     5	8.266063063e-09
     6	7.28312671219e-09
     7	1.39087195528e-08
     8	1.1675097816e-08
     9	1.02283689956e-08

Measurement: edge100_ro113
  step	V(ro113_out)={VTHRESH} 
     1	7.55188258328e-09
     2	6.40969172022e-09
     3	5.66982582562e-09
     4	1.05059058788e-08
     5	8.75146428059e-09
     6	7.63674897949e-09
     7	1.51434931133e-08
     8	1.25189327917e-08
     9	1.08551983262e-08

Measurement: edge100_ro114
  step	V(ro114_out)={VTHRESH} 
     1	7.07194783814e-09
     2	6.07966560791e-09
     3	5.43051036244e-09
     4	9.65662510063e-09
     5	8.1674444379e-09
     6	7.20405260697e-09
     7	1.37208903835e-08
     8	1.15199577075e-08
     9	1.01011127191e-08

Measurement: edge100_ro115
  step	V(ro115_out)={VTHRESH} 
     1	7.26780364186e-09
     2	6.21308432381e-09
     3	5.53797719904e-09
     4	9.98945824837e-09
     5	8.40107450523e-09
     6	7.38010896489e-09
     7	1.42699612783e-08
     8	1.19143487504e-08
     9	1.04032334099e-08

Measurement: edge100_ro116
  step	V(ro116_out)={VTHRESH} 
     1	7.20434775481e-09
     2	6.14846476916e-09
     3	5.50292270259e-09
     4	9.83001496362e-09
     5	8.29390924842e-09
     6	7.30001346595e-09
     7	1.39776333822e-08
     8	1.17126702412e-08
     9	1.02503364219e-08

Measurement: edge100_ro117
  step	V(ro117_out)={VTHRESH} 
     1	7.69960127843e-09
     2	6.50055980325e-09
     3	5.73000911704e-09
     4	1.07184973848e-08
     5	8.86778119886e-09
     6	7.71046993564e-09
     7	1.54571234074e-08
     8	1.26880370274e-08
     9	1.09547289699e-08

Measurement: edge100_ro118
  step	V(ro118_out)={VTHRESH} 
     1	7.47012701909e-09
     2	6.34276041667e-09
     3	5.62348435951e-09
     4	1.0335021524e-08
     5	8.63014582118e-09
     6	7.54269745302e-09
     7	1.48494680922e-08
     8	1.23066388307e-08
     9	1.06888951182e-08

Measurement: edge100_ro119
  step	V(ro119_out)={VTHRESH} 
     1	7.44183771744e-09
     2	6.31390720787e-09
     3	5.59363970462e-09
     4	1.03492441566e-08
     5	8.61199287748e-09
     6	7.5214877274e-09
     7	1.49000498071e-08
     8	1.22936127652e-08
     9	1.06614956658e-08

Measurement: edge100_ro120
  step	V(ro120_out)={VTHRESH} 
     1	7.34143771605e-09
     2	6.28266586392e-09
     3	5.57713805945e-09
     4	1.01278489055e-08
     5	8.50341490685e-09
     6	7.45644941657e-09
     7	1.44978612606e-08
     8	1.20848835739e-08
     9	1.05334993745e-08

Measurement: edge100_ro121
  step	V(ro121_out)={VTHRESH} 
     1	7.37059142572e-09
     2	6.27204503599e-09
     3	5.56398559623e-09
     4	1.0237753926e-08
     5	8.54699031942e-09
     6	7.47606447598e-09
     7	1.47216644798e-08
     8	1.21918870524e-08
     9	1.05934922553e-08

Measurement: edge100_ro122
  step	V(ro122_out)={VTHRESH} 
     1	7.42610323376e-09
     2	6.29013873135e-09
     3	5.57084313603e-09
     4	1.03056317225e-08
     5	8.57465413479e-09
     6	7.48204478012e-09
     7	1.48249015773e-08
     8	1.22344045251e-08
     9	1.06054726069e-08

Measurement: edge100_ro123
  step	V(ro123_out)={VTHRESH} 
     1	7.59513606768e-09
     2	6.4300810746e-09
     3	5.68860346952e-09
     4	1.05857053486e-08
     5	8.8045135582e-09
     6	7.67485313773e-09
     7	1.52766235242e-08
     8	1.26080783007e-08
     9	1.09201821018e-08

Measurement: edge100_ro124
  step	V(ro124_out)={VTHRESH} 
     1	7.25596149774e-09
     2	6.21320616252e-09
     3	5.53187403241e-09
     4	9.91304433463e-09
     5	8.35807938765e-09
     6	7.34885939391e-09
     7	1.41216003487e-08
     8	1.1822607528e-08
     9	1.0336207326e-08

Measurement: edge100_ro125
  step	V(ro125_out)={VTHRESH} 
     1	7.540564951e-09
     2	6.39563049822e-09
     3	5.6712430803e-09
     4	1.04170580341e-08
     5	8.71083298998e-09
     6	7.61400810162e-09
     7	1.49789853266e-08
     8	1.24352535717e-08
     9	1.08043211509e-08

Measurement: edge100_ro126
  step	V(ro126_out)={VTHRESH} 
     1	7.64504184596e-09
     2	6.45475169196e-09
     3	5.69645288809e-09
     4	1.06707257462e-08
     5	8.82915905902e-09
     6	7.67909892803e-09
     7	1.54205480096e-08
     8	1.26523706098e-08
     9	1.09300451088e-08

Measurement: edge100_ro127
  step	V(ro127_out)={VTHRESH} 
     1	7.0772048864e-09
     2	6.08068067887e-09
     3	5.42841006304e-09
     4	9.65406930826e-09
     5	8.15654130054e-09
     6	7.19129346013e-09
     7	1.37266388265e-08
     8	1.1512130363e-08
     9	1.00899767754e-08
