bit_index,bit_alias_percent,ci95_low_percent,ci95_high_percent,marginal_hmin_lower_bound_bits,binomial_two_sided_p,BH_FDR_q,BH_FDR_reject,bonferroni_adjusted_p,bonferroni_reject,uncorrected_CI_excludes_50,median_margin_percent,p05_margin_percent
0,45.6,41.2844036697248,49.9826929733472,0.768184324776926,0.054369017901665,0.96776218440161,0,1,0,1,3.94357576259137,0.316960457030784
1,45.8,41.4813828065626,50.182663989097,0.773032416178921,0.0666096691845682,0.96776218440161,0,1,0,0,3.92822262478805,0.432597908159582
2,47.8,43.4550171127381,52.1785312087979,0.822529072171304,0.347664179312984,0.986847607750805,0,1,0,0,3.91752635533164,0.336780285019366
3,47.2,42.862194759932,51.5805031038411,0.807482473910274,0.227213291919516,0.96776218440161,0,1,0,0,3.86067557992253,0.362338935413942
4,50,45.6340469165074,54.3659530834926,0.879224654716658,1,1,0,1,0,0,4.15331552585535,0.432168128437726
5,44.6,40.3005615013533,48.9817843787804,0.744210732560221,0.017689067001892,0.96776218440161,0,1,0,1,4.07808362291722,0.311127232801774
6,54.8,50.4174595233034,59.1093441388,0.758541881961393,0.0354566380126839,0.96776218440161,0,1,0,1,3.95839947810119,0.425281919421535
7,52.8,48.4194968961589,57.137805240068,0.807482473910274,0.227213291919517,0.96776218440161,0,1,0,0,3.99619397366248,0.399970534427712
8,53.2,48.8185304691602,57.532671972242,0.797546620465889,0.165571417809588,0.96776218440161,0,1,0,0,3.96246270637453,0.403756044789489
9,50.8,46.4285018379474,55.1592987724032,0.858323978572216,0.754278911355405,1,0,1,0,0,3.84394940433147,0.388356042075225
10,53,48.6189788346265,57.3352734541881,0.802505116804617,0.194608308607877,0.96776218440161,0,1,0,0,3.78356084942501,0.347074103235617
11,46.8,42.467328027758,51.1814695308398,0.797546620465889,0.165571417809587,0.96776218440161,0,1,0,0,3.64725835874614,0.344280208936765
12,52.4,48.0207419176662,56.7426599133855,0.817494313786802,0.303667312994053,0.96776218440161,0,1,0,0,4.01806374116518,0.334139141258957
13,50.4,46.031135716556,54.7627645886193,0.86873281488003,0.893290243782602,1,0,1,0,0,3.90360071217102,0.420141478754931
14,54.6,50.2173481721815,58.9125053373342,0.763354187941957,0.044063469578928,0.96776218440161,0,1,0,1,3.71963636439564,0.28339355741435
15,47.4,43.0597326218342,51.7799153945265,0.812478827233103,0.263532767000837,0.96776218440161,0,1,0,0,3.94950894058398,0.454861577343941
16,52.8,48.4194968961589,57.137805240068,0.807482473910274,0.227213291919517,0.96776218440161,0,1,0,0,3.83079281272406,0.252621819807834
17,50.2,45.8325566542537,54.564393498334,0.873968280747672,0.964335354446653,1,0,1,0,0,3.71442692002753,0.431154958567841
18,51.6,47.2240664148562,55.951534805845,0.837750388593444,0.502374340753294,0.988991088841368,0,1,0,0,3.82522892172595,0.257305034813093
19,49,44.6425381539193,53.3727110831425,0.85315029833646,0.687363308080363,0.988991088841368,0,1,0,0,3.82266841861016,0.461825898662946
20,53,48.6189788346265,57.3352734541881,0.802505116804617,0.194608308607877,0.96776218440161,0,1,0,0,4.07780819903676,0.375675921845666
21,49.4,45.0389336506051,53.770215891632,0.863518099427497,0.823090908245499,1,0,1,0,0,3.511140976848,0.227900992385555
22,48.6,44.2464201173562,52.9749288145303,0.842863652847709,0.56102935524281,0.988991088841368,0,1,0,0,3.9059608542261,0.38693650211318
23,47.2,42.862194759932,51.5805031038411,0.807482473910274,0.227213291919516,0.96776218440161,0,1,0,0,3.94257094128529,0.392651870521265
24,51.4,47.0250711854697,55.7535798826438,0.842863652847709,0.561029355242811,0.988991088841368,0,1,0,0,3.93288537657017,0.546311429846836
25,47.8,43.4550171127381,52.1785312087979,0.822529072171304,0.347664179312984,0.986847607750805,0,1,0,0,4.14811986606842,0.304011371642548
26,50.6,46.229784108368,54.9610663493949,0.863518099427497,0.8230909082455,1,0,1,0,0,3.93721655634583,0.430205981652422
27,45.8,41.4813828065626,50.182663989097,0.773032416178921,0.0666096691845682,0.96776218440161,0,1,0,0,3.63524590811945,0.346113991055257
28,49.6,45.2372354113807,53.968864283444,0.86873281488003,0.8932902437826,1,0,1,0,0,3.84790854154968,0.367538672127798
29,46.6,42.2699992574461,50.9818481485641,0.792606850984954,0.139918525562973,0.96776218440161,0,1,0,0,3.68136336454967,0.303803531384473
30,54,49.6174350526148,58.321567999138,0.777898587256619,0.0810323496092124,0.96776218440161,0,1,0,0,3.98829411118995,0.417754051587813
31,46.8,42.467328027758,51.1814695308398,0.797546620465889,0.165571417809587,0.96776218440161,0,1,0,0,4.29785703983438,0.396142939253807
32,47.6,43.2573400866145,51.9792580823338,0.817494313786802,0.303667312994052,0.96776218440161,0,1,0,0,3.83672273816012,0.326268337599991
33,52,47.6222651879058,56.3472363379706,0.827583242596007,0.395510771434829,0.986847607750805,0,1,0,0,3.67291209220442,0.341708264891146
34,51,46.6272889168575,55.3574618460807,0.85315029833646,0.687363308080364,0.988991088841368,0,1,0,0,3.9164209454887,0.447662377813313
35,45.6,41.2844036697248,49.9826929733472,0.768184324776926,0.054369017901665,0.96776218440161,0,1,0,1,3.67345345565821,0.334261519294051
36,51.4,47.0250711854697,55.7535798826438,0.842863652847709,0.561029355242811,0.988991088841368,0,1,0,0,3.71903558038283,0.256503220969684
37,48.8,44.4444444444444,53.1738546400297,0.84799690655495,0.622809431979726,0.988991088841368,0,1,0,0,3.50083431481925,0.297480380215413
38,48.8,44.4444444444444,53.1738546400297,0.84799690655495,0.622809431979726,0.988991088841368,0,1,0,0,3.47588458834718,0.292630286914861
39,49.6,45.2372354113807,53.968864283444,0.86873281488003,0.8932902437826,1,0,1,0,0,3.56288232997523,0.309561667591211
40,50.4,46.031135716556,54.7627645886193,0.86873281488003,0.893290243782602,1,0,1,0,0,4.05312584589556,0.50044078230649
41,52.6,48.2200846054735,56.9402673781658,0.812478827233103,0.263532767000838,0.96776218440161,0,1,0,0,3.78249341734553,0.313176064575754
42,53,48.6189788346265,57.3352734541881,0.802505116804617,0.194608308607877,0.96776218440161,0,1,0,0,3.91660110516503,0.525233840834545
43,51,46.6272889168575,55.3574618460807,0.85315029833646,0.687363308080364,0.988991088841368,0,1,0,0,4.33560220396554,0.477745651299938
44,45.4,41.0874946626658,49.7826518278185,0.763354187941957,0.0440634695789292,0.96776218440161,0,1,0,1,3.63244711763356,0.359770921183537
45,51,46.6272889168575,55.3574618460807,0.85315029833646,0.687363308080364,0.988991088841368,0,1,0,0,3.85136651949931,0.417547325799489
46,52.8,48.4194968961589,57.137805240068,0.807482473910274,0.227213291919517,0.96776218440161,0,1,0,0,3.58649968452553,0.437126499293626
47,48,43.6527636620294,52.3777348120942,0.827583242596007,0.395510771434828,0.986847607750805,0,1,0,0,4.11207114732999,0.362625084637711
48,48,43.6527636620294,52.3777348120942,0.827583242596007,0.395510771434828,0.986847607750805,0,1,0,0,3.91122552498905,0.378280781913322
49,48.8,44.4444444444444,53.1738546400297,0.84799690655495,0.622809431979726,0.988991088841368,0,1,0,0,4.05411905263425,0.444741103050743
50,53.2,48.8185304691602,57.532671972242,0.797546620465889,0.165571417809588,0.96776218440161,0,1,0,0,4.17577394596462,0.662286414192698
51,46.6,42.2699992574461,50.9818481485641,0.792606850984954,0.139918525562973,0.96776218440161,0,1,0,0,3.62132346065711,0.350091621620594
52,50.8,46.4285018379474,55.1592987724032,0.858323978572216,0.754278911355405,1,0,1,0,0,3.79711858971211,0.498183701714192
53,49.6,45.2372354113807,53.968864283444,0.86873281488003,0.8932902437826,1,0,1,0,0,4.03477705319992,0.581233046031297
54,47.6,43.2573400866145,51.9792580823338,0.817494313786802,0.303667312994052,0.96776218440161,0,1,0,0,3.85866562067637,0.461228156798437
55,49.8,45.435606501666,54.1674433457463,0.873968280747672,0.964335354446652,1,0,1,0,0,3.78953777572648,0.486770394848253
56,49.2,44.8407012275968,53.5714981620526,0.858323978572216,0.754278911355403,1,0,1,0,0,3.97410275566892,0.367582158220664
57,50.4,46.031135716556,54.7627645886193,0.86873281488003,0.893290243782602,1,0,1,0,0,3.77628039779682,0.402504033604247
58,48.8,44.4444444444444,53.1738546400297,0.84799690655495,0.622809431979726,0.988991088841368,0,1,0,0,3.88978141114886,0.356627690354123
59,51,46.6272889168575,55.3574618460807,0.85315029833646,0.687363308080364,0.988991088841368,0,1,0,0,3.57696124145366,0.330046892707224
60,51.6,47.2240664148562,55.951534805845,0.837750388593444,0.502374340753294,0.988991088841368,0,1,0,0,3.96926951898493,0.423354119271242
61,49.6,45.2372354113807,53.968864283444,0.86873281488003,0.8932902437826,1,0,1,0,0,3.9161858545608,0.331515574754297
62,52.8,48.4194968961589,57.137805240068,0.807482473910274,0.227213291919517,0.96776218440161,0,1,0,0,4.11382678371606,0.478843865108591
63,55.6,51.218608623463,59.8959956489909,0.739468540127914,0.0138259663027763,0.96776218440161,0,1,0,1,3.53253567773677,0.3269568776958
64,50.4,46.031135716556,54.7627645886193,0.86873281488003,0.893290243782602,1,0,1,0,0,3.76294668371459,0.413297113394465
65,49.2,44.8407012275968,53.5714981620526,0.858323978572216,0.754278911355403,1,0,1,0,0,3.81195022481877,0.290509389410189
66,49.2,44.8407012275968,53.5714981620526,0.858323978572216,0.754278911355403,1,0,1,0,0,3.78544899251303,0.334013152275665
67,53.2,48.8185304691602,57.532671972242,0.797546620465889,0.165571417809588,0.96776218440161,0,1,0,0,3.81183107417354,0.368398309214889
68,51.2,46.8261453599703,55.5555555555556,0.84799690655495,0.622809431979727,0.988991088841368,0,1,0,0,4.12872406703264,0.324788721783224
69,52.8,48.4194968961589,57.137805240068,0.807482473910274,0.227213291919517,0.96776218440161,0,1,0,0,3.68412598216596,0.451140987575424
70,51.6,47.2240664148562,55.951534805845,0.837750388593444,0.502374340753294,0.988991088841368,0,1,0,0,3.88755369174308,0.309223983337549
71,48.8,44.4444444444444,53.1738546400297,0.84799690655495,0.622809431979726,0.988991088841368,0,1,0,0,4.17610043226501,0.363705045406074
72,51.6,47.2240664148562,55.951534805845,0.837750388593444,0.502374340753294,0.988991088841368,0,1,0,0,3.84933578756205,0.490528268141225
73,52,47.6222651879058,56.3472363379706,0.827583242596007,0.395510771434829,0.986847607750805,0,1,0,0,3.89136939018706,0.309052293337522
74,51.2,46.8261453599703,55.5555555555556,0.84799690655495,0.622809431979727,0.988991088841368,0,1,0,0,3.84069053299302,0.47358055988518
75,52,47.6222651879058,56.3472363379706,0.827583242596007,0.395510771434829,0.986847607750805,0,1,0,0,3.98707889680796,0.322779458124842
76,48.8,44.4444444444444,53.1738546400297,0.84799690655495,0.622809431979726,0.988991088841368,0,1,0,0,3.76521775650793,0.250125116039176
77,50.8,46.4285018379474,55.1592987724032,0.858323978572216,0.754278911355405,1,0,1,0,0,4.14146382887444,0.381330551813551
78,51.6,47.2240664148562,55.951534805845,0.837750388593444,0.502374340753294,0.988991088841368,0,1,0,0,3.87106659962331,0.278759725358117
79,53.8,49.4176040829501,58.1244488162151,0.782782964534315,0.097890028027623,0.96776218440161,0,1,0,0,3.83453251879242,0.41016244959815
80,53.6,49.2178430365334,57.9272597100441,0.787685675971857,0.117436215504147,0.96776218440161,0,1,0,0,3.54235944121206,0.388980170631766
81,48.8,44.4444444444444,53.1738546400297,0.84799690655495,0.622809431979726,0.988991088841368,0,1,0,0,3.9917181594188,0.326340914651852
82,49.4,45.0389336506051,53.770215891632,0.863518099427497,0.823090908245499,1,0,1,0,0,3.74129662356001,0.37458354938482
83,49.2,44.8407012275968,53.5714981620526,0.858323978572216,0.754278911355403,1,0,1,0,0,4.15036688458419,0.471319820656595
84,46.2,41.875551183785,50.5823959170499,0.782782964534316,0.0978900280276217,0.96776218440161,0,1,0,0,3.7837969986997,0.425506899142248
85,50.2,45.8325566542537,54.564393498334,0.873968280747672,0.964335354446653,1,0,1,0,0,4.15537048893196,0.322707960273109
86,54.2,49.817336010903,58.5186171934374,0.773032416178921,0.0666096691845695,0.96776218440161,0,1,0,0,3.81013755244186,0.372164681768302
87,51,46.6272889168575,55.3574618460807,0.85315029833646,0.687363308080364,0.988991088841368,0,1,0,0,3.60259738007153,0.352141010606889
88,45.6,41.2844036697248,49.9826929733472,0.768184324776926,0.054369017901665,0.96776218440161,0,1,0,1,4.09144008505804,0.480918009255656
89,50,45.6340469165074,54.3659530834926,0.879224654716658,1,1,0,1,0,0,4.25391934777272,0.447980608151195
90,51.8,47.4231310729517,56.149420300337,0.832656966903448,0.44712950152478,0.988991088841368,0,1,0,0,4.04660058165475,0.366349727203937
91,51.6,47.2240664148562,55.951534805845,0.837750388593444,0.502374340753294,0.988991088841368,0,1,0,0,3.3850817004062,0.30309018997117
92,48,43.6527636620294,52.3777348120942,0.827583242596007,0.395510771434828,0.986847607750805,0,1,0,0,3.90719065009399,0.401086510605459
93,51.2,46.8261453599703,55.5555555555556,0.84799690655495,0.622809431979727,0.988991088841368,0,1,0,0,3.94198390252272,0.451320035271031
94,51.2,46.8261453599703,55.5555555555556,0.84799690655495,0.622809431979727,0.988991088841368,0,1,0,0,3.59765296518865,0.473296730439529
95,49.4,45.0389336506051,53.770215891632,0.863518099427497,0.823090908245499,1,0,1,0,0,4.00545840282507,0.370826132282529
96,50.6,46.229784108368,54.9610663493949,0.863518099427497,0.8230909082455,1,0,1,0,0,3.64745372821335,0.382392903784679
97,50.6,46.229784108368,54.9610663493949,0.863518099427497,0.8230909082455,1,0,1,0,0,3.74002992715464,0.349948182480176
98,50.6,46.229784108368,54.9610663493949,0.863518099427497,0.8230909082455,1,0,1,0,0,3.87601429418268,0.33335223431239
99,49.6,45.2372354113807,53.968864283444,0.86873281488003,0.8932902437826,1,0,1,0,0,3.79370127319064,0.427205255511928
100,49.6,45.2372354113807,53.968864283444,0.86873281488003,0.8932902437826,1,0,1,0,0,3.67876308913422,0.346532890870592
101,50.8,46.4285018379474,55.1592987724032,0.858323978572216,0.754278911355405,1,0,1,0,0,3.80761021104975,0.317283990475554
102,48.6,44.2464201173562,52.9749288145303,0.842863652847709,0.56102935524281,0.988991088841368,0,1,0,0,3.88440552462334,0.350607255055141
103,52.8,48.4194968961589,57.137805240068,0.807482473910274,0.227213291919517,0.96776218440161,0,1,0,0,3.80259506343376,0.403290216163006
104,47.8,43.4550171127381,52.1785312087979,0.822529072171304,0.347664179312984,0.986847607750805,0,1,0,0,3.80156256284456,0.374735902452062
105,48.2,43.850579699663,52.5768689270483,0.832656966903448,0.447129501524778,0.988991088841368,0,1,0,0,3.79735942498757,0.295768657702398
106,51.6,47.2240664148562,55.951534805845,0.837750388593444,0.502374340753294,0.988991088841368,0,1,0,0,4.01163284939463,0.368524487574712
107,52.6,48.2200846054735,56.9402673781658,0.812478827233103,0.263532767000838,0.96776218440161,0,1,0,0,3.56015779600653,0.354476093561281
108,46.6,42.2699992574461,50.9818481485641,0.792606850984954,0.139918525562973,0.96776218440161,0,1,0,0,3.85825671001994,0.357319166595112
109,49.4,45.0389336506051,53.770215891632,0.863518099427497,0.823090908245499,1,0,1,0,0,3.92494030056211,0.376663261375302
110,50.2,45.8325566542537,54.564393498334,0.873968280747672,0.964335354446653,1,0,1,0,0,4.09720344715996,0.380223209815042
111,45.4,41.0874946626658,49.7826518278185,0.763354187941957,0.0440634695789292,0.96776218440161,0,1,0,1,3.81164264151229,0.443959393664154
112,49.8,45.435606501666,54.1674433457463,0.873968280747672,0.964335354446652,1,0,1,0,0,3.71317145564555,0.241008955722843
113,48.8,44.4444444444444,53.1738546400297,0.84799690655495,0.622809431979726,0.988991088841368,0,1,0,0,3.87439815986086,0.282769009014452
114,53,48.6189788346265,57.3352734541881,0.802505116804617,0.194608308607877,0.96776218440161,0,1,0,0,3.91344089910693,0.499947684858036
115,49.4,45.0389336506051,53.770215891632,0.863518099427497,0.823090908245499,1,0,1,0,0,3.90678294523948,0.280244885273387
116,48,43.6527636620294,52.3777348120942,0.827583242596007,0.395510771434828,0.986847607750805,0,1,0,0,3.83359577223734,0.415718828479343
117,52.4,48.0207419176662,56.7426599133855,0.817494313786802,0.303667312994053,0.96776218440161,0,1,0,0,3.96850276506023,0.542214845778093
118,50.8,46.4285018379474,55.1592987724032,0.858323978572216,0.754278911355405,1,0,1,0,0,3.77349721430744,0.347566551641867
119,49.4,45.0389336506051,53.770215891632,0.863518099427497,0.823090908245499,1,0,1,0,0,4.1201480923714,0.421381996207707
120,50.4,46.031135716556,54.7627645886193,0.86873281488003,0.893290243782602,1,0,1,0,0,4.05821539866327,0.41507259267713
121,47,42.6647265458119,51.3810211653735,0.802505116804617,0.194608308607876,0.96776218440161,0,1,0,0,3.82971163668318,0.210468574865746
122,52.6,48.2200846054735,56.9402673781658,0.812478827233103,0.263532767000838,0.96776218440161,0,1,0,0,3.6530550129274,0.32054175804459
123,48.8,44.4444444444444,53.1738546400297,0.84799690655495,0.622809431979726,0.988991088841368,0,1,0,0,3.51991626975392,0.312249100903847
124,50.8,46.4285018379474,55.1592987724032,0.858323978572216,0.754278911355405,1,0,1,0,0,4.12101583941627,0.310643916864938
125,53.8,49.4176040829501,58.1244488162151,0.782782964534315,0.097890028027623,0.96776218440161,0,1,0,0,3.99211821163928,0.319616623406941
126,47.6,43.2573400866145,51.9792580823338,0.817494313786802,0.303667312994052,0.96776218440161,0,1,0,0,3.49763965346321,0.315945330642709
127,47.2,42.862194759932,51.5805031038411,0.807482473910274,0.227213291919516,0.96776218440161,0,1,0,0,3.71018025250186,0.255276807834933
128,47,42.6647265458119,51.3810211653735,0.802505116804617,0.194608308607876,0.96776218440161,0,1,0,0,3.64202082804175,0.287043304695024
129,47.6,43.2573400866145,51.9792580823338,0.817494313786802,0.303667312994052,0.96776218440161,0,1,0,0,3.80731051266911,0.313540617764782
130,52,47.6222651879058,56.3472363379706,0.827583242596007,0.395510771434829,0.986847607750805,0,1,0,0,3.99677707619767,0.356661919411531
131,49,44.6425381539193,53.3727110831425,0.85315029833646,0.687363308080363,0.988991088841368,0,1,0,0,3.79871337578877,0.32600859687248
132,49.2,44.8407012275968,53.5714981620526,0.858323978572216,0.754278911355403,1,0,1,0,0,3.59634447548075,0.308434681324879
133,48,43.6527636620294,52.3777348120942,0.827583242596007,0.395510771434828,0.986847607750805,0,1,0,0,3.99042248041985,0.44374109604707
134,52.2,47.8214687912021,56.5449828872619,0.822529072171304,0.347664179312986,0.986847607750805,0,1,0,0,3.7835029991664,0.378456867221101
135,52,47.6222651879058,56.3472363379706,0.827583242596007,0.395510771434829,0.986847607750805,0,1,0,0,3.78449952110994,0.36563989719766
136,47,42.6647265458119,51.3810211653735,0.802505116804617,0.194608308607876,0.96776218440161,0,1,0,0,3.78613058718622,0.35282380043005
137,49,44.6425381539193,53.3727110831425,0.85315029833646,0.687363308080363,0.988991088841368,0,1,0,0,4.09778599047163,0.487814959869762
138,48.4,44.048465194155,52.7759335851438,0.837750388593444,0.502374340753292,0.988991088841368,0,1,0,0,4.09514243471104,0.412445419973183
139,51,46.6272889168575,55.3574618460807,0.85315029833646,0.687363308080364,0.988991088841368,0,1,0,0,3.80624693524591,0.409671618343337
140,52.2,47.8214687912021,56.5449828872619,0.822529072171304,0.347664179312986,0.986847607750805,0,1,0,0,3.86570689926063,0.461469838715069
141,45.6,41.2844036697248,49.9826929733472,0.768184324776926,0.054369017901665,0.96776218440161,0,1,0,1,3.87232756100661,0.392112249303597
142,49.4,45.0389336506051,53.770215891632,0.863518099427497,0.823090908245499,1,0,1,0,0,4.0720037669845,0.502622623297451
143,52.2,47.8214687912021,56.5449828872619,0.822529072171304,0.347664179312986,0.986847607750805,0,1,0,0,3.88368875268942,0.451618074748667
144,46.4,42.0727402899559,50.7821569634666,0.787685675971857,0.117436215504146,0.96776218440161,0,1,0,0,4.16977453820038,0.428761095955195
145,49,44.6425381539193,53.3727110831425,0.85315029833646,0.687363308080363,0.988991088841368,0,1,0,0,4.11954963975061,0.448523044546521
146,50.6,46.229784108368,54.9610663493949,0.863518099427497,0.8230909082455,1,0,1,0,0,3.65822389506458,0.392524538793892
147,50.6,46.229784108368,54.9610663493949,0.863518099427497,0.8230909082455,1,0,1,0,0,3.61687537575637,0.245510115054425
148,48.2,43.850579699663,52.5768689270483,0.832656966903448,0.447129501524778,0.988991088841368,0,1,0,0,3.8138206736028,0.360718147711728
149,47.6,43.2573400866145,51.9792580823338,0.817494313786802,0.303667312994052,0.96776218440161,0,1,0,0,3.89681882896444,0.313485138532357
150,48.8,44.4444444444444,53.1738546400297,0.84799690655495,0.622809431979726,0.988991088841368,0,1,0,0,3.7839614075132,0.336995907865415
151,54.4,50.0173070266528,58.7155963302752,0.768184324776926,0.054369017901665,0.96776218440161,0,1,0,1,3.96676373063298,0.383624580142113
152,49.2,44.8407012275968,53.5714981620526,0.858323978572216,0.754278911355403,1,0,1,0,0,3.71760480124028,0.368428767711605
153,50,45.6340469165074,54.3659530834926,0.879224654716658,1,1,0,1,0,0,3.97691945508246,0.411500352905547
154,49.4,45.0389336506051,53.770215891632,0.863518099427497,0.823090908245499,1,0,1,0,0,3.85384664324538,0.324031754543028
155,48,43.6527636620294,52.3777348120942,0.827583242596007,0.395510771434828,0.986847607750805,0,1,0,0,3.72233579161027,0.18421231942287
156,49.4,45.0389336506051,53.770215891632,0.863518099427497,0.823090908245499,1,0,1,0,0,3.74117237966062,0.366860023314212
157,52.6,48.2200846054735,56.9402673781658,0.812478827233103,0.263532767000838,0.96776218440161,0,1,0,0,3.88526746859012,0.266874815123595
158,49.6,45.2372354113807,53.968864283444,0.86873281488003,0.8932902437826,1,0,1,0,0,3.81126264882079,0.358470420348088
159,49.6,45.2372354113807,53.968864283444,0.86873281488003,0.8932902437826,1,0,1,0,0,4.22794447001682,0.442843503936677
160,46.8,42.467328027758,51.1814695308398,0.797546620465889,0.165571417809587,0.96776218440161,0,1,0,0,3.67058201883398,0.310509412466132
161,49.6,45.2372354113807,53.968864283444,0.86873281488003,0.8932902437826,1,0,1,0,0,4.090488411208,0.281437938865924
162,52.4,48.0207419176662,56.7426599133855,0.817494313786802,0.303667312994053,0.96776218440161,0,1,0,0,3.6417965579969,0.240439081740488
163,48.8,44.4444444444444,53.1738546400297,0.84799690655495,0.622809431979726,0.988991088841368,0,1,0,0,4.23847706178757,0.420961444879759
164,52.4,48.0207419176662,56.7426599133855,0.817494313786802,0.303667312994053,0.96776218440161,0,1,0,0,3.98370636181815,0.487407957653388
165,49.4,45.0389336506051,53.770215891632,0.863518099427497,0.823090908245499,1,0,1,0,0,3.85999291431249,0.442048054887544
166,50.6,46.229784108368,54.9610663493949,0.863518099427497,0.8230909082455,1,0,1,0,0,3.83843284232217,0.41891500601769
167,48.6,44.2464201173562,52.9749288145303,0.842863652847709,0.56102935524281,0.988991088841368,0,1,0,0,4.051890634323,0.515032611615723
168,45.6,41.2844036697248,49.9826929733472,0.768184324776926,0.054369017901665,0.96776218440161,0,1,0,1,3.59855169455447,0.254457899528976
169,49.2,44.8407012275968,53.5714981620526,0.858323978572216,0.754278911355403,1,0,1,0,0,3.70345061600314,0.231376493881913
170,49.4,45.0389336506051,53.770215891632,0.863518099427497,0.823090908245499,1,0,1,0,0,3.75627813890461,0.335229055856243
171,46.8,42.467328027758,51.1814695308398,0.797546620465889,0.165571417809587,0.96776218440161,0,1,0,0,3.99974945464993,0.519281080844031
172,54.4,50.0173070266528,58.7155963302752,0.768184324776926,0.054369017901665,0.96776218440161,0,1,0,1,3.73335859917402,0.37195184754031
173,50.2,45.8325566542537,54.564393498334,0.873968280747672,0.964335354446653,1,0,1,0,0,4.04600159902607,0.562446423442652
174,47.4,43.0597326218342,51.7799153945265,0.812478827233103,0.263532767000837,0.96776218440161,0,1,0,0,3.88176132519371,0.392359407298399
175,51.2,46.8261453599703,55.5555555555556,0.84799690655495,0.622809431979727,0.988991088841368,0,1,0,0,3.73583935746726,0.292912042137639
176,50.4,46.031135716556,54.7627645886193,0.86873281488003,0.893290243782602,1,0,1,0,0,3.81282533042861,0.481004176253702
177,51,46.6272889168575,55.3574618460807,0.85315029833646,0.687363308080364,0.988991088841368,0,1,0,0,4.05322031532577,0.467618163754725
178,51.2,46.8261453599703,55.5555555555556,0.84799690655495,0.622809431979727,0.988991088841368,0,1,0,0,3.7699765870382,0.461706556659878
179,50.2,45.8325566542537,54.564393498334,0.873968280747672,0.964335354446653,1,0,1,0,0,3.57741202472095,0.346344292040051
180,46.6,42.2699992574461,50.9818481485641,0.792606850984954,0.139918525562973,0.96776218440161,0,1,0,0,3.62760400764989,0.316063049800251
181,49,44.6425381539193,53.3727110831425,0.85315029833646,0.687363308080363,0.988991088841368,0,1,0,0,3.70964884888695,0.283014701490782
182,53,48.6189788346265,57.3352734541881,0.802505116804617,0.194608308607877,0.96776218440161,0,1,0,0,3.41930865939236,0.401552363279613
183,47.2,42.862194759932,51.5805031038411,0.807482473910274,0.227213291919516,0.96776218440161,0,1,0,0,3.48489874018472,0.205840296153559
184,53.8,49.4176040829501,58.1244488162151,0.782782964534315,0.097890028027623,0.96776218440161,0,1,0,0,3.93560850371074,0.476063386006004
185,49,44.6425381539193,53.3727110831425,0.85315029833646,0.687363308080363,0.988991088841368,0,1,0,0,3.5026506226944,0.277597416151975
186,53.2,48.8185304691602,57.532671972242,0.797546620465889,0.165571417809588,0.96776218440161,0,1,0,0,3.67269932517839,0.28892177891673
187,51.2,46.8261453599703,55.5555555555556,0.84799690655495,0.622809431979727,0.988991088841368,0,1,0,0,3.97242754933754,0.418800162494686
188,46,41.678432000862,50.3825649473852,0.777898587256619,0.0810323496092111,0.96776218440161,0,1,0,0,3.6071636048709,0.322407025716807
189,53.2,48.8185304691602,57.532671972242,0.797546620465889,0.165571417809588,0.96776218440161,0,1,0,0,3.92779536450316,0.448600177970857
190,52.2,47.8214687912021,56.5449828872619,0.822529072171304,0.347664179312986,0.986847607750805,0,1,0,0,4.08698482761318,0.381098058550169
191,49,44.6425381539193,53.3727110831425,0.85315029833646,0.687363308080363,0.988991088841368,0,1,0,0,4.19775861006255,0.309104048286157
192,48.6,44.2464201173562,52.9749288145303,0.842863652847709,0.56102935524281,0.988991088841368,0,1,0,0,3.76805005743723,0.399481769024469
193,51.4,47.0250711854697,55.7535798826438,0.842863652847709,0.561029355242811,0.988991088841368,0,1,0,0,3.4906078247383,0.355570842253937
194,50.6,46.229784108368,54.9610663493949,0.863518099427497,0.8230909082455,1,0,1,0,0,3.45888284844075,0.404218519673477
195,50.2,45.8325566542537,54.564393498334,0.873968280747672,0.964335354446653,1,0,1,0,0,3.9771764180862,0.39002700163248
196,49.4,45.0389336506051,53.770215891632,0.863518099427497,0.823090908245499,1,0,1,0,0,3.92664242246938,0.36272060422709
197,51.6,47.2240664148562,55.951534805845,0.837750388593444,0.502374340753294,0.988991088841368,0,1,0,0,3.84516147955579,0.458357483093399
198,49.8,45.435606501666,54.1674433457463,0.873968280747672,0.964335354446652,1,0,1,0,0,3.96136210715303,0.32949773928436
199,47,42.6647265458119,51.3810211653735,0.802505116804617,0.194608308607876,0.96776218440161,0,1,0,0,3.75871254384118,0.365320474004554
200,49.6,45.2372354113807,53.968864283444,0.86873281488003,0.8932902437826,1,0,1,0,0,3.79420944251462,0.388614290393354
201,51.2,46.8261453599703,55.5555555555556,0.84799690655495,0.622809431979727,0.988991088841368,0,1,0,0,3.91424086803634,0.443077949373327
202,47.8,43.4550171127381,52.1785312087979,0.822529072171304,0.347664179312984,0.986847607750805,0,1,0,0,3.88668811257406,0.227761340085547
203,49.8,45.435606501666,54.1674433457463,0.873968280747672,0.964335354446652,1,0,1,0,0,3.74374357476866,0.384468616606872
204,51.2,46.8261453599703,55.5555555555556,0.84799690655495,0.622809431979727,0.988991088841368,0,1,0,0,3.91087002419002,0.216159376199892
205,51.2,46.8261453599703,55.5555555555556,0.84799690655495,0.622809431979727,0.988991088841368,0,1,0,0,3.71381123161163,0.292528356227491
206,52.4,48.0207419176662,56.7426599133855,0.817494313786802,0.303667312994053,0.96776218440161,0,1,0,0,3.54598573218321,0.473802126936089
207,49.8,45.435606501666,54.1674433457463,0.873968280747672,0.964335354446652,1,0,1,0,0,3.65031281977563,0.308881192852068
208,46.6,42.2699992574461,50.9818481485641,0.792606850984954,0.139918525562973,0.96776218440161,0,1,0,0,3.74015647271426,0.263341898132447
209,52.6,48.2200846054735,56.9402673781658,0.812478827233103,0.263532767000838,0.96776218440161,0,1,0,0,3.35200073733652,0.314861856880238
210,49.6,45.2372354113807,53.968864283444,0.86873281488003,0.8932902437826,1,0,1,0,0,3.87508009798007,0.296947862318314
211,46.6,42.2699992574461,50.9818481485641,0.792606850984954,0.139918525562973,0.96776218440161,0,1,0,0,3.57522668814815,0.326058286931539
212,51.6,47.2240664148562,55.951534805845,0.837750388593444,0.502374340753294,0.988991088841368,0,1,0,0,3.89557626171105,0.37490989656536
213,50.6,46.229784108368,54.9610663493949,0.863518099427497,0.8230909082455,1,0,1,0,0,3.61780288645339,0.372692057690441
214,52.8,48.4194968961589,57.137805240068,0.807482473910274,0.227213291919517,0.96776218440161,0,1,0,0,3.91108357233495,0.255161545789659
215,50,45.6340469165074,54.3659530834926,0.879224654716658,1,1,0,1,0,0,4.05167740538742,0.191889381294116
216,48.8,44.4444444444444,53.1738546400297,0.84799690655495,0.622809431979726,0.988991088841368,0,1,0,0,3.31824432985819,0.323304997040906
217,51.8,47.4231310729517,56.149420300337,0.832656966903448,0.44712950152478,0.988991088841368,0,1,0,0,3.73175314282052,0.344964580678793
218,48.8,44.4444444444444,53.1738546400297,0.84799690655495,0.622809431979726,0.988991088841368,0,1,0,0,3.68838328192589,0.283091467345575
219,49.4,45.0389336506051,53.770215891632,0.863518099427497,0.823090908245499,1,0,1,0,0,3.88726949889562,0.341491255240002
220,47.6,43.2573400866145,51.9792580823338,0.817494313786802,0.303667312994052,0.96776218440161,0,1,0,0,3.99495011544179,0.394125816186669
221,48.4,44.048465194155,52.7759335851438,0.837750388593444,0.502374340753292,0.988991088841368,0,1,0,0,4.05081159439941,0.325611510970323
222,50.8,46.4285018379474,55.1592987724032,0.858323978572216,0.754278911355405,1,0,1,0,0,3.59736298900007,0.392968566913385
223,51.2,46.8261453599703,55.5555555555556,0.84799690655495,0.622809431979727,0.988991088841368,0,1,0,0,3.8736598368902,0.318790494837359
224,51,46.6272889168575,55.3574618460807,0.85315029833646,0.687363308080364,0.988991088841368,0,1,0,0,3.71330537742469,0.334374804845114
225,48.6,44.2464201173562,52.9749288145303,0.842863652847709,0.56102935524281,0.988991088841368,0,1,0,0,4.0136989635536,0.427184425626547
226,48.2,43.850579699663,52.5768689270483,0.832656966903448,0.447129501524778,0.988991088841368,0,1,0,0,4.03087823935153,0.421906691091223
227,50.4,46.031135716556,54.7627645886193,0.86873281488003,0.893290243782602,1,0,1,0,0,3.83553403298432,0.332109305135709
228,51,46.6272889168575,55.3574618460807,0.85315029833646,0.687363308080364,0.988991088841368,0,1,0,0,3.90207776697723,0.361232431451943
229,50.8,46.4285018379474,55.1592987724032,0.858323978572216,0.754278911355405,1,0,1,0,0,3.87653860143418,0.51186375682552
230,51.6,47.2240664148562,55.951534805845,0.837750388593444,0.502374340753294,0.988991088841368,0,1,0,0,3.61346810149212,0.369597578327717
231,49.6,45.2372354113807,53.968864283444,0.86873281488003,0.8932902437826,1,0,1,0,0,3.81806187712932,0.424422920141556
232,50.2,45.8325566542537,54.564393498334,0.873968280747672,0.964335354446653,1,0,1,0,0,3.83988386956805,0.603832869480031
233,48.6,44.2464201173562,52.9749288145303,0.842863652847709,0.56102935524281,0.988991088841368,0,1,0,0,3.50475935233841,0.401926471466021
234,53.4,49.0181518514359,57.730000742554,0.792606850984954,0.139918525562975,0.96776218440161,0,1,0,0,3.90758905303298,0.337700566508085
235,51,46.6272889168575,55.3574618460807,0.85315029833646,0.687363308080364,0.988991088841368,0,1,0,0,3.75783223388554,0.344815755002201
236,51.2,46.8261453599703,55.5555555555556,0.84799690655495,0.622809431979727,0.988991088841368,0,1,0,0,3.8970738862194,0.442837625820145
237,49.2,44.8407012275968,53.5714981620526,0.858323978572216,0.754278911355403,1,0,1,0,0,3.7041609663943,0.324364843328053
238,50.4,46.031135716556,54.7627645886193,0.86873281488003,0.893290243782602,1,0,1,0,0,3.85424283913091,0.339404433096768
239,49.6,45.2372354113807,53.968864283444,0.86873281488003,0.8932902437826,1,0,1,0,0,3.85445168024254,0.464121259373839
240,50.6,46.229784108368,54.9610663493949,0.863518099427497,0.8230909082455,1,0,1,0,0,3.90518690988169,0.458184341625689
241,49.4,45.0389336506051,53.770215891632,0.863518099427497,0.823090908245499,1,0,1,0,0,3.98206774776686,0.403753242009191
242,51.4,47.0250711854697,55.7535798826438,0.842863652847709,0.561029355242811,0.988991088841368,0,1,0,0,3.84578247198271,0.376006443651748
243,49.4,45.0389336506051,53.770215891632,0.863518099427497,0.823090908245499,1,0,1,0,0,3.94525215593755,0.327769599755214
244,51.6,47.2240664148562,55.951534805845,0.837750388593444,0.502374340753294,0.988991088841368,0,1,0,0,3.51263118636564,0.341380405261372
245,47,42.6647265458119,51.3810211653735,0.802505116804617,0.194608308607876,0.96776218440161,0,1,0,0,4.09628101183787,0.349513520630659
246,54.2,49.817336010903,58.5186171934374,0.773032416178921,0.0666096691845695,0.96776218440161,0,1,0,0,4.25162344070456,0.369245724278166
247,49.6,45.2372354113807,53.968864283444,0.86873281488003,0.8932902437826,1,0,1,0,0,3.86732105645047,0.462983914988703
248,51.2,46.8261453599703,55.5555555555556,0.84799690655495,0.622809431979727,0.988991088841368,0,1,0,0,3.88658565891042,0.297211093876947
249,49,44.6425381539193,53.3727110831425,0.85315029833646,0.687363308080363,0.988991088841368,0,1,0,0,3.93184902847839,0.420496216124667
250,47,42.6647265458119,51.3810211653735,0.802505116804617,0.194608308607876,0.96776218440161,0,1,0,0,3.56487339848073,0.287049627667406
251,50.2,45.8325566542537,54.564393498334,0.873968280747672,0.964335354446653,1,0,1,0,0,4.04439588659815,0.315967828026382
252,48.6,44.2464201173562,52.9749288145303,0.842863652847709,0.56102935524281,0.988991088841368,0,1,0,0,3.97811771091658,0.342611900987303
253,47,42.6647265458119,51.3810211653735,0.802505116804617,0.194608308607876,0.96776218440161,0,1,0,0,3.89969324023889,0.259609299426999
254,44.6,40.3005615013533,48.9817843787804,0.744210732560221,0.017689067001892,0.96776218440161,0,1,0,1,3.74128765151979,0.24529165324557
255,48.8,44.4444444444444,53.1738546400297,0.84799690655495,0.622809431979726,0.988991088841368,0,1,0,0,3.95865683644674,0.467156600762278
256,55,50.617641159348,59.306112655343,0.753747284499478,0.0283261607661974,0.96776218440161,0,1,0,1,3.62231833149174,0.395394466004408
257,50.6,46.229784108368,54.9610663493949,0.863518099427497,0.8230909082455,1,0,1,0,0,3.85122217192447,0.384774509960742
258,48.4,44.048465194155,52.7759335851438,0.837750388593444,0.502374340753292,0.988991088841368,0,1,0,0,4.1261896405218,0.339671947714648
259,53,48.6189788346265,57.3352734541881,0.802505116804617,0.194608308607877,0.96776218440161,0,1,0,0,4.07270353419448,0.430760937039633
260,48,43.6527636620294,52.3777348120942,0.827583242596007,0.395510771434828,0.986847607750805,0,1,0,0,3.83095253268654,0.39297247658278
261,51,46.6272889168575,55.3574618460807,0.85315029833646,0.687363308080364,0.988991088841368,0,1,0,0,3.59847844205946,0.391667833754307
262,48,43.6527636620294,52.3777348120942,0.827583242596007,0.395510771434828,0.986847607750805,0,1,0,0,3.69425944506248,0.416722467004178
263,50,45.6340469165074,54.3659530834926,0.879224654716658,1,1,0,1,0,0,3.64518743983966,0.338542659184358
264,54.4,50.0173070266528,58.7155963302752,0.768184324776926,0.054369017901665,0.96776218440161,0,1,0,1,3.80128008793726,0.327525032467255
265,52.6,48.2200846054735,56.9402673781658,0.812478827233103,0.263532767000838,0.96776218440161,0,1,0,0,3.81176036725279,0.335111463116837
266,45.2,40.8906558612,49.5825404766967,0.758541881961394,0.0354566380126851,0.96776218440161,0,1,0,1,3.79311403593382,0.61012749799161
267,46.8,42.467328027758,51.1814695308398,0.797546620465889,0.165571417809587,0.96776218440161,0,1,0,0,3.89855651520876,0.498901443178738
268,50.2,45.8325566542537,54.564393498334,0.873968280747672,0.964335354446653,1,0,1,0,0,3.72907897845921,0.319228588385866
269,49.8,45.435606501666,54.1674433457463,0.873968280747672,0.964335354446652,1,0,1,0,0,3.85108177469029,0.38088695896169
270,51.4,47.0250711854697,55.7535798826438,0.842863652847709,0.561029355242811,0.988991088841368,0,1,0,0,3.44604552030378,0.437134879986099
271,48,43.6527636620294,52.3777348120942,0.827583242596007,0.395510771434828,0.986847607750805,0,1,0,0,3.80874319325085,0.409463959843958
272,48.8,44.4444444444444,53.1738546400297,0.84799690655495,0.622809431979726,0.988991088841368,0,1,0,0,3.94439959175957,0.532816315727694
273,51,46.6272889168575,55.3574618460807,0.85315029833646,0.687363308080364,0.988991088841368,0,1,0,0,3.52226405487165,0.436676601315218
274,48,43.6527636620294,52.3777348120942,0.827583242596007,0.395510771434828,0.986847607750805,0,1,0,0,3.65460298183939,0.307654226253405
275,50.8,46.4285018379474,55.1592987724032,0.858323978572216,0.754278911355405,1,0,1,0,0,3.93578903419625,0.344145884010872
276,52,47.6222651879058,56.3472363379706,0.827583242596007,0.395510771434829,0.986847607750805,0,1,0,0,4.19669574592646,0.386602016063988
277,48.6,44.2464201173562,52.9749288145303,0.842863652847709,0.56102935524281,0.988991088841368,0,1,0,0,3.74120183903123,0.446381675877387
278,52,47.6222651879058,56.3472363379706,0.827583242596007,0.395510771434829,0.986847607750805,0,1,0,0,3.78013020508746,0.374582103162191
279,46.4,42.0727402899559,50.7821569634666,0.787685675971857,0.117436215504146,0.96776218440161,0,1,0,0,4.0153501366596,0.440027788931949
280,49.6,45.2372354113807,53.968864283444,0.86873281488003,0.8932902437826,1,0,1,0,0,3.84598011934461,0.352466329570237
281,50.6,46.229784108368,54.9610663493949,0.863518099427497,0.8230909082455,1,0,1,0,0,3.826311143933,0.358707934756672
282,50,45.6340469165074,54.3659530834926,0.879224654716658,1,1,0,1,0,0,4.0071933886379,0.489090911579476
283,46.8,42.467328027758,51.1814695308398,0.797546620465889,0.165571417809587,0.96776218440161,0,1,0,0,3.77286319002406,0.411496636315887
284,53.2,48.8185304691602,57.532671972242,0.797546620465889,0.165571417809588,0.96776218440161,0,1,0,0,3.86355889165892,0.341224246584748
285,47.6,43.2573400866145,51.9792580823338,0.817494313786802,0.303667312994052,0.96776218440161,0,1,0,0,4.19391859125363,0.446853038604162
286,50.4,46.031135716556,54.7627645886193,0.86873281488003,0.893290243782602,1,0,1,0,0,3.87256006883849,0.395797140383128
287,53.4,49.0181518514359,57.730000742554,0.792606850984954,0.139918525562975,0.96776218440161,0,1,0,0,3.63346378139046,0.568223947357762
288,52.8,48.4194968961589,57.137805240068,0.807482473910274,0.227213291919517,0.96776218440161,0,1,0,0,4.00683084782235,0.402567597840779
289,51,46.6272889168575,55.3574618460807,0.85315029833646,0.687363308080364,0.988991088841368,0,1,0,0,4.11018441783357,0.273555224391602
290,51.6,47.2240664148562,55.951534805845,0.837750388593444,0.502374340753294,0.988991088841368,0,1,0,0,3.87591102524191,0.456626492427157
291,50.6,46.229784108368,54.9610663493949,0.863518099427497,0.8230909082455,1,0,1,0,0,3.82158823551763,0.41401429637918
292,52,47.6222651879058,56.3472363379706,0.827583242596007,0.395510771434829,0.986847607750805,0,1,0,0,3.41404012212096,0.343231324947572
293,44,39.7111020609362,48.3803933614346,0.730035737254576,0.00826142181698312,0.96776218440161,0,1,0,1,3.97734949399153,0.373766911435094
294,49.6,45.2372354113807,53.968864283444,0.86873281488003,0.8932902437826,1,0,1,0,0,3.69145162316502,0.278625275709938
295,50.2,45.8325566542537,54.564393498334,0.873968280747672,0.964335354446653,1,0,1,0,0,4.02332131678963,0.327538442177422
296,51.6,47.2240664148562,55.951534805845,0.837750388593444,0.502374340753294,0.988991088841368,0,1,0,0,3.81719208759656,0.4024959915601
297,47.6,43.2573400866145,51.9792580823338,0.817494313786802,0.303667312994052,0.96776218440161,0,1,0,0,3.58154905616685,0.365468198534121
298,48.6,44.2464201173562,52.9749288145303,0.842863652847709,0.56102935524281,0.988991088841368,0,1,0,0,3.78545288578772,0.414223317875403
299,48.8,44.4444444444444,53.1738546400297,0.84799690655495,0.622809431979726,0.988991088841368,0,1,0,0,3.67115452250845,0.296021737323146
300,50,45.6340469165074,54.3659530834926,0.879224654716658,1,1,0,1,0,0,3.73055517942561,0.276661505789673
301,49,44.6425381539193,53.3727110831425,0.85315029833646,0.687363308080363,0.988991088841368,0,1,0,0,3.84915384536152,0.380698573265852
302,49,44.6425381539193,53.3727110831425,0.85315029833646,0.687363308080363,0.988991088841368,0,1,0,0,3.87797028527846,0.540135492108
303,52,47.6222651879058,56.3472363379706,0.827583242596007,0.395510771434829,0.986847607750805,0,1,0,0,3.74834172951182,0.293658981999275
304,52,47.6222651879058,56.3472363379706,0.827583242596007,0.395510771434829,0.986847607750805,0,1,0,0,3.62761045033275,0.347261954709562
305,52,47.6222651879058,56.3472363379706,0.827583242596007,0.395510771434829,0.986847607750805,0,1,0,0,3.82271510205349,0.219441123850582
306,52.8,48.4194968961589,57.137805240068,0.807482473910274,0.227213291919517,0.96776218440161,0,1,0,0,3.77296182705899,0.297210397290731
307,47.4,43.0597326218342,51.7799153945265,0.812478827233103,0.263532767000837,0.96776218440161,0,1,0,0,3.50811960797932,0.384205188141769
308,51,46.6272889168575,55.3574618460807,0.85315029833646,0.687363308080364,0.988991088841368,0,1,0,0,3.47457107832593,0.409500718986147
309,48.8,44.4444444444444,53.1738546400297,0.84799690655495,0.622809431979726,0.988991088841368,0,1,0,0,3.92572324698349,0.437913959279592
310,51.4,47.0250711854697,55.7535798826438,0.842863652847709,0.561029355242811,0.988991088841368,0,1,0,0,3.23825304334545,0.242826390354126
311,52.8,48.4194968961589,57.137805240068,0.807482473910274,0.227213291919517,0.96776218440161,0,1,0,0,3.95798315714739,0.479007231189242
312,50.8,46.4285018379474,55.1592987724032,0.858323978572216,0.754278911355405,1,0,1,0,0,3.94019208005026,0.399532091813982
313,45.4,41.0874946626658,49.7826518278185,0.763354187941957,0.0440634695789292,0.96776218440161,0,1,0,1,4.27201593832724,0.350914324688151
314,53.6,49.2178430365334,57.9272597100441,0.787685675971857,0.117436215504147,0.96776218440161,0,1,0,0,3.40022558985464,0.297872133004437
315,53.8,49.4176040829501,58.1244488162151,0.782782964534315,0.097890028027623,0.96776218440161,0,1,0,0,3.84977612087988,0.303155216592916
316,49,44.6425381539193,53.3727110831425,0.85315029833646,0.687363308080363,0.988991088841368,0,1,0,0,3.64249174516241,0.314059518491426
317,46.8,42.467328027758,51.1814695308398,0.797546620465889,0.165571417809587,0.96776218440161,0,1,0,0,3.23774893744552,0.318364605450575
318,51.6,47.2240664148562,55.951534805845,0.837750388593444,0.502374340753294,0.988991088841368,0,1,0,0,3.84076632147541,0.497475789288846
319,49.6,45.2372354113807,53.968864283444,0.86873281488003,0.8932902437826,1,0,1,0,0,3.56686753295592,0.330467971375692
320,51.2,46.8261453599703,55.5555555555556,0.84799690655495,0.622809431979727,0.988991088841368,0,1,0,0,4.22157063075487,0.263605055188739
321,52.2,47.8214687912021,56.5449828872619,0.822529072171304,0.347664179312986,0.986847607750805,0,1,0,0,3.53395694994617,0.296639498839837
322,48.4,44.048465194155,52.7759335851438,0.837750388593444,0.502374340753292,0.988991088841368,0,1,0,0,3.56623953201996,0.260669213574113
323,51.6,47.2240664148562,55.951534805845,0.837750388593444,0.502374340753294,0.988991088841368,0,1,0,0,3.66605275252497,0.279876150011997
324,50,45.6340469165074,54.3659530834926,0.879224654716658,1,1,0,1,0,0,3.81064981616027,0.396227454129284
325,45.4,41.0874946626658,49.7826518278185,0.763354187941957,0.0440634695789292,0.96776218440161,0,1,0,1,3.8393542290053,0.395369628491278
326,51.4,47.0250711854697,55.7535798826438,0.842863652847709,0.561029355242811,0.988991088841368,0,1,0,0,3.65457869650281,0.347030536941534
327,51.8,47.4231310729517,56.149420300337,0.832656966903448,0.44712950152478,0.988991088841368,0,1,0,0,3.51218317649778,0.374059089949848
328,46.4,42.0727402899559,50.7821569634666,0.787685675971857,0.117436215504146,0.96776218440161,0,1,0,0,3.63990809402131,0.475381781820256
329,51.4,47.0250711854697,55.7535798826438,0.842863652847709,0.561029355242811,0.988991088841368,0,1,0,0,3.81872690227745,0.304669139107751
330,52.6,48.2200846054735,56.9402673781658,0.812478827233103,0.263532767000838,0.96776218440161,0,1,0,0,4.11353765562467,0.326149204682616
331,49.2,44.8407012275968,53.5714981620526,0.858323978572216,0.754278911355403,1,0,1,0,0,3.85573092400471,0.366287423940109
332,48.2,43.850579699663,52.5768689270483,0.832656966903448,0.447129501524778,0.988991088841368,0,1,0,0,3.96667348977778,0.302154329407613
333,48,43.6527636620294,52.3777348120942,0.827583242596007,0.395510771434828,0.986847607750805,0,1,0,0,3.84842935982309,0.355318642512532
334,52.8,48.4194968961589,57.137805240068,0.807482473910274,0.227213291919517,0.96776218440161,0,1,0,0,3.61485735273672,0.346288014786704
335,51.6,47.2240664148562,55.951534805845,0.837750388593444,0.502374340753294,0.988991088841368,0,1,0,0,3.8821673215444,0.37150861748775
336,49.2,44.8407012275968,53.5714981620526,0.858323978572216,0.754278911355403,1,0,1,0,0,4.04514793150087,0.268540314240189
337,49.6,45.2372354113807,53.968864283444,0.86873281488003,0.8932902437826,1,0,1,0,0,3.83753698797063,0.324106044612299
338,54.4,50.0173070266528,58.7155963302752,0.768184324776926,0.054369017901665,0.96776218440161,0,1,0,1,3.66483260254782,0.294273259409825
339,49,44.6425381539193,53.3727110831425,0.85315029833646,0.687363308080363,0.988991088841368,0,1,0,0,3.7974335546313,0.338265919002378
340,51.8,47.4231310729517,56.149420300337,0.832656966903448,0.44712950152478,0.988991088841368,0,1,0,0,3.98582268803561,0.330272094543698
341,48.4,44.048465194155,52.7759335851438,0.837750388593444,0.502374340753292,0.988991088841368,0,1,0,0,3.78551034647659,0.395764255835708
342,52.6,48.2200846054735,56.9402673781658,0.812478827233103,0.263532767000838,0.96776218440161,0,1,0,0,3.78730613483568,0.270744569866243
343,45.8,41.4813828065626,50.182663989097,0.773032416178921,0.0666096691845682,0.96776218440161,0,1,0,0,3.76413641735058,0.42947834852522
344,53.6,49.2178430365334,57.9272597100441,0.787685675971857,0.117436215504147,0.96776218440161,0,1,0,0,3.95798635644509,0.423446537303895
345,52,47.6222651879058,56.3472363379706,0.827583242596007,0.395510771434829,0.986847607750805,0,1,0,0,3.64458715069073,0.259596465594235
346,43.8,39.5147571192887,48.1797881504945,0.725344896628426,0.00631525927376885,0.96776218440161,0,1,0,1,3.76503929425087,0.342485962153733
347,46.4,42.0727402899559,50.7821569634666,0.787685675971857,0.117436215504146,0.96776218440161,0,1,0,0,3.64120546173475,0.347224612218014
348,50.4,46.031135716556,54.7627645886193,0.86873281488003,0.893290243782602,1,0,1,0,0,3.65316957792226,0.336854948165535
349,49.6,45.2372354113807,53.968864283444,0.86873281488003,0.8932902437826,1,0,1,0,0,4.10708379777931,0.275215286454026
350,50.8,46.4285018379474,55.1592987724032,0.858323978572216,0.754278911355405,1,0,1,0,0,3.84895602892956,0.307991248413394
351,49.4,45.0389336506051,53.770215891632,0.863518099427497,0.823090908245499,1,0,1,0,0,3.84093483844563,0.435844706372414
352,52,47.6222651879058,56.3472363379706,0.827583242596007,0.395510771434829,0.986847607750805,0,1,0,0,3.92273883085983,0.237889034135705
353,47.2,42.862194759932,51.5805031038411,0.807482473910274,0.227213291919516,0.96776218440161,0,1,0,0,3.46885829451134,0.364870626561049
354,48,43.6527636620294,52.3777348120942,0.827583242596007,0.395510771434828,0.986847607750805,0,1,0,0,4.14585324418538,0.395198932654478
355,49.6,45.2372354113807,53.968864283444,0.86873281488003,0.8932902437826,1,0,1,0,0,3.84863061466909,0.408606692428738
356,49,44.6425381539193,53.3727110831425,0.85315029833646,0.687363308080363,0.988991088841368,0,1,0,0,3.84105795859698,0.331843720794434
357,45,40.693887344657,49.382358840652,0.753747284499478,0.0283261607661978,0.96776218440161,0,1,0,1,3.8432582733812,0.318394543642488
358,48,43.6527636620294,52.3777348120942,0.827583242596007,0.395510771434828,0.986847607750805,0,1,0,0,4.19361645207702,0.426446633607719
359,51.8,47.4231310729517,56.149420300337,0.832656966903448,0.44712950152478,0.988991088841368,0,1,0,0,3.68655188160374,0.392872384876882
360,48.4,44.048465194155,52.7759335851438,0.837750388593444,0.502374340753292,0.988991088841368,0,1,0,0,3.72581491505073,0.325272131706165
361,46.8,42.467328027758,51.1814695308398,0.797546620465889,0.165571417809587,0.96776218440161,0,1,0,0,3.303358840805,0.353277598573356
362,50.2,45.8325566542537,54.564393498334,0.873968280747672,0.964335354446653,1,0,1,0,0,3.96032551153318,0.304727687327235
363,52.2,47.8214687912021,56.5449828872619,0.822529072171304,0.347664179312986,0.986847607750805,0,1,0,0,3.62391609485017,0.362368671651663
364,50.4,46.031135716556,54.7627645886193,0.86873281488003,0.893290243782602,1,0,1,0,0,3.88849915098743,0.369793612643046
365,54.8,50.4174595233034,59.1093441388,0.758541881961393,0.0354566380126839,0.96776218440161,0,1,0,1,3.87340341940757,0.286925721880618
366,52.4,48.0207419176662,56.7426599133855,0.817494313786802,0.303667312994053,0.96776218440161,0,1,0,0,3.75740559678001,0.341807480099107
367,53,48.6189788346265,57.3352734541881,0.802505116804617,0.194608308607877,0.96776218440161,0,1,0,0,3.79975358534904,0.338304100498283
368,50.4,46.031135716556,54.7627645886193,0.86873281488003,0.893290243782602,1,0,1,0,0,3.65233823615355,0.372243072139058
369,49.6,45.2372354113807,53.968864283444,0.86873281488003,0.8932902437826,1,0,1,0,0,3.89280279427066,0.585853835283176
370,53.6,49.2178430365334,57.9272597100441,0.787685675971857,0.117436215504147,0.96776218440161,0,1,0,0,3.69094881145026,0.347232799075478
371,50.4,46.031135716556,54.7627645886193,0.86873281488003,0.893290243782602,1,0,1,0,0,3.72382006464414,0.352087730047377
372,52,47.6222651879058,56.3472363379706,0.827583242596007,0.395510771434829,0.986847607750805,0,1,0,0,3.54050376217507,0.315587964873297
373,50.2,45.8325566542537,54.564393498334,0.873968280747672,0.964335354446653,1,0,1,0,0,3.55046755183232,0.223692030231135
374,54.6,50.2173481721815,58.9125053373342,0.763354187941957,0.044063469578928,0.96776218440161,0,1,0,1,3.70776642382592,0.249454533828449
375,47.4,43.0597326218342,51.7799153945265,0.812478827233103,0.263532767000837,0.96776218440161,0,1,0,0,3.86917602955233,0.414834632858321
376,51.8,47.4231310729517,56.149420300337,0.832656966903448,0.44712950152478,0.988991088841368,0,1,0,0,3.64744952208589,0.394535418745049
377,52.4,48.0207419176662,56.7426599133855,0.817494313786802,0.303667312994053,0.96776218440161,0,1,0,0,3.68118995301453,0.377320838011191
378,48,43.6527636620294,52.3777348120942,0.827583242596007,0.395510771434828,0.986847607750805,0,1,0,0,3.78037791216081,0.408725142026957
379,47.6,43.2573400866145,51.9792580823338,0.817494313786802,0.303667312994052,0.96776218440161,0,1,0,0,3.80121330868534,0.401999520975699
380,52.6,48.2200846054735,56.9402673781658,0.812478827233103,0.263532767000838,0.96776218440161,0,1,0,0,3.50916882992794,0.31378478853618
381,52.4,48.0207419176662,56.7426599133855,0.817494313786802,0.303667312994053,0.96776218440161,0,1,0,0,3.75934231400358,0.331305481835836
382,48.2,43.850579699663,52.5768689270483,0.832656966903448,0.447129501524778,0.988991088841368,0,1,0,0,3.76900807646659,0.286555845329563
383,51.4,47.0250711854697,55.7535798826438,0.842863652847709,0.561029355242811,0.988991088841368,0,1,0,0,4.00415426058665,0.417568901115808
384,51.2,46.8261453599703,55.5555555555556,0.84799690655495,0.622809431979727,0.988991088841368,0,1,0,0,3.78366332660619,0.297885739628949
385,47,42.6647265458119,51.3810211653735,0.802505116804617,0.194608308607876,0.96776218440161,0,1,0,0,3.60076274470822,0.547723012455519
386,49,44.6425381539193,53.3727110831425,0.85315029833646,0.687363308080363,0.988991088841368,0,1,0,0,3.65789573218247,0.311187857633621
387,50,45.6340469165074,54.3659530834926,0.879224654716658,1,1,0,1,0,0,3.83657364160825,0.40812023783185
388,51.4,47.0250711854697,55.7535798826438,0.842863652847709,0.561029355242811,0.988991088841368,0,1,0,0,3.97131787101097,0.490439212382358
389,50.2,45.8325566542537,54.564393498334,0.873968280747672,0.964335354446653,1,0,1,0,0,3.61544605339367,0.316918496888333
390,51.8,47.4231310729517,56.149420300337,0.832656966903448,0.44712950152478,0.988991088841368,0,1,0,0,3.70376507035829,0.343542089890175
391,51.2,46.8261453599703,55.5555555555556,0.84799690655495,0.622809431979727,0.988991088841368,0,1,0,0,3.58252824839787,0.395304202016885
392,51.4,47.0250711854697,55.7535798826438,0.842863652847709,0.561029355242811,0.988991088841368,0,1,0,0,4.06557915791096,0.397689005455509
393,51.2,46.8261453599703,55.5555555555556,0.84799690655495,0.622809431979727,0.988991088841368,0,1,0,0,3.54846420607764,0.24422831375274
394,51.4,47.0250711854697,55.7535798826438,0.842863652847709,0.561029355242811,0.988991088841368,0,1,0,0,4.03950252261126,0.433111185410583
395,49.2,44.8407012275968,53.5714981620526,0.858323978572216,0.754278911355403,1,0,1,0,0,3.87773668265634,0.362388973411839
396,47.4,43.0597326218342,51.7799153945265,0.812478827233103,0.263532767000837,0.96776218440161,0,1,0,0,3.88998333298033,0.422075728827924
397,51.8,47.4231310729517,56.149420300337,0.832656966903448,0.44712950152478,0.988991088841368,0,1,0,0,3.45461933059832,0.337436306737953
398,53.2,48.8185304691602,57.532671972242,0.797546620465889,0.165571417809588,0.96776218440161,0,1,0,0,3.54335529234695,0.459244418132329
399,49.2,44.8407012275968,53.5714981620526,0.858323978572216,0.754278911355403,1,0,1,0,0,3.41686548194669,0.385043901322678
400,50.4,46.031135716556,54.7627645886193,0.86873281488003,0.893290243782602,1,0,1,0,0,3.87514226636455,0.420489092928537
401,49.8,45.435606501666,54.1674433457463,0.873968280747672,0.964335354446652,1,0,1,0,0,3.71982138765464,0.409850009625162
402,47.6,43.2573400866145,51.9792580823338,0.817494313786802,0.303667312994052,0.96776218440161,0,1,0,0,3.59569013822485,0.267260494192736
403,46.8,42.467328027758,51.1814695308398,0.797546620465889,0.165571417809587,0.96776218440161,0,1,0,0,3.31096497521719,0.335647829733512
404,48.2,43.850579699663,52.5768689270483,0.832656966903448,0.447129501524778,0.988991088841368,0,1,0,0,3.78653455137379,0.332032697155725
405,50.2,45.8325566542537,54.564393498334,0.873968280747672,0.964335354446653,1,0,1,0,0,3.97686247437658,0.529833940003552
406,49.6,45.2372354113807,53.968864283444,0.86873281488003,0.8932902437826,1,0,1,0,0,3.36166134582831,0.311622295543196
407,49.2,44.8407012275968,53.5714981620526,0.858323978572216,0.754278911355403,1,0,1,0,0,3.67953617951684,0.3255542043536
408,50.4,46.031135716556,54.7627645886193,0.86873281488003,0.893290243782602,1,0,1,0,0,3.86154211585983,0.366188319928435
409,49.8,45.435606501666,54.1674433457463,0.873968280747672,0.964335354446652,1,0,1,0,0,4.07385988064782,0.281778014777275
410,50,45.6340469165074,54.3659530834926,0.879224654716658,1,1,0,1,0,0,3.95948879136204,0.301250471452332
411,48.6,44.2464201173562,52.9749288145303,0.842863652847709,0.56102935524281,0.988991088841368,0,1,0,0,3.85204389279635,0.341966366158582
412,49.6,45.2372354113807,53.968864283444,0.86873281488003,0.8932902437826,1,0,1,0,0,3.74864441580011,0.335599926202975
413,49.6,45.2372354113807,53.968864283444,0.86873281488003,0.8932902437826,1,0,1,0,0,4.13409201972843,0.346720676754453
414,51,46.6272889168575,55.3574618460807,0.85315029833646,0.687363308080364,0.988991088841368,0,1,0,0,3.75228175267342,0.310627751526648
415,52,47.6222651879058,56.3472363379706,0.827583242596007,0.395510771434829,0.986847607750805,0,1,0,0,3.62476653345281,0.366013922289719
416,45.8,41.4813828065626,50.182663989097,0.773032416178921,0.0666096691845682,0.96776218440161,0,1,0,0,3.99490973311213,0.314182205609418
417,48.6,44.2464201173562,52.9749288145303,0.842863652847709,0.56102935524281,0.988991088841368,0,1,0,0,3.96182120884937,0.42861996892379
418,48.4,44.048465194155,52.7759335851438,0.837750388593444,0.502374340753292,0.988991088841368,0,1,0,0,3.54824229343292,0.373681109705113
419,50.8,46.4285018379474,55.1592987724032,0.858323978572216,0.754278911355405,1,0,1,0,0,3.82682168606758,0.291525934680159
420,49.6,45.2372354113807,53.968864283444,0.86873281488003,0.8932902437826,1,0,1,0,0,4.28092737001028,0.469930399953978
421,46.6,42.2699992574461,50.9818481485641,0.792606850984954,0.139918525562973,0.96776218440161,0,1,0,0,4.0979466222741,0.338194951788204
422,50.6,46.229784108368,54.9610663493949,0.863518099427497,0.8230909082455,1,0,1,0,0,3.96161492637137,0.348535658224422
423,47.8,43.4550171127381,52.1785312087979,0.822529072171304,0.347664179312984,0.986847607750805,0,1,0,0,3.89121649098347,0.432615131617243
424,51,46.6272889168575,55.3574618460807,0.85315029833646,0.687363308080364,0.988991088841368,0,1,0,0,3.62353934494387,0.342334986431383
425,49.8,45.435606501666,54.1674433457463,0.873968280747672,0.964335354446652,1,0,1,0,0,4.1041821150825,0.261542246669141
426,50.4,46.031135716556,54.7627645886193,0.86873281488003,0.893290243782602,1,0,1,0,0,4.07961133192949,0.509948515095895
427,50.2,45.8325566542537,54.564393498334,0.873968280747672,0.964335354446653,1,0,1,0,0,3.78284368263109,0.450458541009695
428,50.4,46.031135716556,54.7627645886193,0.86873281488003,0.893290243782602,1,0,1,0,0,3.87715758460493,0.407414428706921
429,50.4,46.031135716556,54.7627645886193,0.86873281488003,0.893290243782602,1,0,1,0,0,3.8651996107751,0.278875003486723
430,47.6,43.2573400866145,51.9792580823338,0.817494313786802,0.303667312994052,0.96776218440161,0,1,0,0,3.74801275227863,0.436927734452322
431,48.4,44.048465194155,52.7759335851438,0.837750388593444,0.502374340753292,0.988991088841368,0,1,0,0,3.98184408041974,0.403983993277765
432,51.2,46.8261453599703,55.5555555555556,0.84799690655495,0.622809431979727,0.988991088841368,0,1,0,0,4.1307002287975,0.415571440629306
433,53.2,48.8185304691602,57.532671972242,0.797546620465889,0.165571417809588,0.96776218440161,0,1,0,0,3.72585957799272,0.274711503582255
434,50,45.6340469165074,54.3659530834926,0.879224654716658,1,1,0,1,0,0,4.00368430647107,0.450545373745794
435,48.8,44.4444444444444,53.1738546400297,0.84799690655495,0.622809431979726,0.988991088841368,0,1,0,0,3.76135404073069,0.375022961920847
436,51,46.6272889168575,55.3574618460807,0.85315029833646,0.687363308080364,0.988991088841368,0,1,0,0,3.94235953330921,0.352819499774491
437,50.2,45.8325566542537,54.564393498334,0.873968280747672,0.964335354446653,1,0,1,0,0,3.86957417043093,0.441476309250622
438,48.6,44.2464201173562,52.9749288145303,0.842863652847709,0.56102935524281,0.988991088841368,0,1,0,0,3.7779082356574,0.478954717176049
439,45.8,41.4813828065626,50.182663989097,0.773032416178921,0.0666096691845682,0.96776218440161,0,1,0,0,3.96396438520816,0.298579546725817
440,48,43.6527636620294,52.3777348120942,0.827583242596007,0.395510771434828,0.986847607750805,0,1,0,0,3.68614674441675,0.41434606631328
441,51,46.6272889168575,55.3574618460807,0.85315029833646,0.687363308080364,0.988991088841368,0,1,0,0,4.07035137369106,0.390736392588982
442,53,48.6189788346265,57.3352734541881,0.802505116804617,0.194608308607877,0.96776218440161,0,1,0,0,3.68093994255404,0.357879731200217
443,45.4,41.0874946626658,49.7826518278185,0.763354187941957,0.0440634695789292,0.96776218440161,0,1,0,1,3.77184085574863,0.353183511720571
444,46,41.678432000862,50.3825649473852,0.777898587256619,0.0810323496092111,0.96776218440161,0,1,0,0,3.94468083038568,0.441776660423587
445,50.8,46.4285018379474,55.1592987724032,0.858323978572216,0.754278911355405,1,0,1,0,0,3.83320574513984,0.43353154954258
446,50.8,46.4285018379474,55.1592987724032,0.858323978572216,0.754278911355405,1,0,1,0,0,3.62136269749579,0.456185545787486
447,49.8,45.435606501666,54.1674433457463,0.873968280747672,0.964335354446652,1,0,1,0,0,3.74146502222385,0.370233971760082
448,49,44.6425381539193,53.3727110831425,0.85315029833646,0.687363308080363,0.988991088841368,0,1,0,0,3.79715174360036,0.427079624367474
449,48.6,44.2464201173562,52.9749288145303,0.842863652847709,0.56102935524281,0.988991088841368,0,1,0,0,3.98894142730027,0.293063878737871
450,55,50.617641159348,59.306112655343,0.753747284499478,0.0283261607661974,0.96776218440161,0,1,0,1,3.62866725283733,0.408781941742164
451,48.8,44.4444444444444,53.1738546400297,0.84799690655495,0.622809431979726,0.988991088841368,0,1,0,0,3.53332948755135,0.31997184387419
452,50.2,45.8325566542537,54.564393498334,0.873968280747672,0.964335354446653,1,0,1,0,0,3.81332892810782,0.377466392954044
453,48.6,44.2464201173562,52.9749288145303,0.842863652847709,0.56102935524281,0.988991088841368,0,1,0,0,3.67376772953274,0.462056915187935
454,47.2,42.862194759932,51.5805031038411,0.807482473910274,0.227213291919516,0.96776218440161,0,1,0,0,3.90832001445662,0.405320533242464
455,45.8,41.4813828065626,50.182663989097,0.773032416178921,0.0666096691845682,0.96776218440161,0,1,0,0,3.96927284639326,0.390815304704849
456,50,45.6340469165074,54.3659530834926,0.879224654716658,1,1,0,1,0,0,3.79741971441117,0.259632900164469
457,50.4,46.031135716556,54.7627645886193,0.86873281488003,0.893290243782602,1,0,1,0,0,3.77908711734312,0.436820566609742
458,47.2,42.862194759932,51.5805031038411,0.807482473910274,0.227213291919516,0.96776218440161,0,1,0,0,3.67964282873122,0.508829619131836
459,48.6,44.2464201173562,52.9749288145303,0.842863652847709,0.56102935524281,0.988991088841368,0,1,0,0,3.86873217895384,0.290295377514657
460,50,45.6340469165074,54.3659530834926,0.879224654716658,1,1,0,1,0,0,3.92489538394167,0.355113018256931
461,50.6,46.229784108368,54.9610663493949,0.863518099427497,0.8230909082455,1,0,1,0,0,3.98949481969499,0.501447727168768
462,50.6,46.229784108368,54.9610663493949,0.863518099427497,0.8230909082455,1,0,1,0,0,3.95257025658188,0.491344293406024
463,49.4,45.0389336506051,53.770215891632,0.863518099427497,0.823090908245499,1,0,1,0,0,3.88758025665237,0.287489309613621
464,48.6,44.2464201173562,52.9749288145303,0.842863652847709,0.56102935524281,0.988991088841368,0,1,0,0,3.608545820297,0.384861476482753
465,47,42.6647265458119,51.3810211653735,0.802505116804617,0.194608308607876,0.96776218440161,0,1,0,0,4.15149073365089,0.408328768248564
466,46.4,42.0727402899559,50.7821569634666,0.787685675971857,0.117436215504146,0.96776218440161,0,1,0,0,3.87302026603965,0.33361842964346
467,50.8,46.4285018379474,55.1592987724032,0.858323978572216,0.754278911355405,1,0,1,0,0,3.79151840037841,0.311240101881111
468,48,43.6527636620294,52.3777348120942,0.827583242596007,0.395510771434828,0.986847607750805,0,1,0,0,3.86573640094706,0.289554034365083
469,47.8,43.4550171127381,52.1785312087979,0.822529072171304,0.347664179312984,0.986847607750805,0,1,0,0,4.0089985759845,0.417738507666933
470,47.2,42.862194759932,51.5805031038411,0.807482473910274,0.227213291919516,0.96776218440161,0,1,0,0,4.00349703808024,0.50606310838865
471,50.4,46.031135716556,54.7627645886193,0.86873281488003,0.893290243782602,1,0,1,0,0,3.77634734339192,0.361179590146022
472,51.2,46.8261453599703,55.5555555555556,0.84799690655495,0.622809431979727,0.988991088841368,0,1,0,0,3.82227066733439,0.338758999417647
473,46.2,41.875551183785,50.5823959170499,0.782782964534316,0.0978900280276217,0.96776218440161,0,1,0,0,3.90137101607608,0.393306092607799
474,51.8,47.4231310729517,56.149420300337,0.832656966903448,0.44712950152478,0.988991088841368,0,1,0,0,3.82514815796921,0.247635538202477
475,47.4,43.0597326218342,51.7799153945265,0.812478827233103,0.263532767000837,0.96776218440161,0,1,0,0,3.8949574986991,0.480244577465553
476,48.2,43.850579699663,52.5768689270483,0.832656966903448,0.447129501524778,0.988991088841368,0,1,0,0,4.01062699103854,0.404750946631104
477,50.4,46.031135716556,54.7627645886193,0.86873281488003,0.893290243782602,1,0,1,0,0,3.72108581740839,0.283796830922903
478,54.4,50.0173070266528,58.7155963302752,0.768184324776926,0.054369017901665,0.96776218440161,0,1,0,1,3.7870727658781,0.433418989175064
479,48.2,43.850579699663,52.5768689270483,0.832656966903448,0.447129501524778,0.988991088841368,0,1,0,0,3.82535301819856,0.470520760598099
480,48.8,44.4444444444444,53.1738546400297,0.84799690655495,0.622809431979726,0.988991088841368,0,1,0,0,3.91748883190749,0.422882746741832
481,52,47.6222651879058,56.3472363379706,0.827583242596007,0.395510771434829,0.986847607750805,0,1,0,0,3.66179674356579,0.323622552372636
482,47.4,43.0597326218342,51.7799153945265,0.812478827233103,0.263532767000837,0.96776218440161,0,1,0,0,3.37747589208184,0.302847175376168
483,47.6,43.2573400866145,51.9792580823338,0.817494313786802,0.303667312994052,0.96776218440161,0,1,0,0,3.59871558812549,0.352033801030784
484,54,49.6174350526148,58.321567999138,0.777898587256619,0.0810323496092124,0.96776218440161,0,1,0,0,4.18007235623804,0.310194299282486
485,49,44.6425381539193,53.3727110831425,0.85315029833646,0.687363308080363,0.988991088841368,0,1,0,0,3.82485696245523,0.484505523385001
486,49.2,44.8407012275968,53.5714981620526,0.858323978572216,0.754278911355403,1,0,1,0,0,3.63399392222298,0.416632328958004
487,51,46.6272889168575,55.3574618460807,0.85315029833646,0.687363308080364,0.988991088841368,0,1,0,0,3.63914467903571,0.415380802657622
488,52.6,48.2200846054735,56.9402673781658,0.812478827233103,0.263532767000838,0.96776218440161,0,1,0,0,4.04869972472117,0.255115272838853
489,49.6,45.2372354113807,53.968864283444,0.86873281488003,0.8932902437826,1,0,1,0,0,3.88651007216044,0.338876892631957
490,51,46.6272889168575,55.3574618460807,0.85315029833646,0.687363308080364,0.988991088841368,0,1,0,0,4.30151238518024,0.42370158655077
491,49,44.6425381539193,53.3727110831425,0.85315029833646,0.687363308080363,0.988991088841368,0,1,0,0,3.92094904284636,0.360626248075624
492,50.8,46.4285018379474,55.1592987724032,0.858323978572216,0.754278911355405,1,0,1,0,0,4.03541262927719,0.417144601908263
493,51.6,47.2240664148562,55.951534805845,0.837750388593444,0.502374340753294,0.988991088841368,0,1,0,0,3.89493100564862,0.448834269297673
494,48.6,44.2464201173562,52.9749288145303,0.842863652847709,0.56102935524281,0.988991088841368,0,1,0,0,3.90968374855311,0.342371183905441
495,53.8,49.4176040829501,58.1244488162151,0.782782964534315,0.097890028027623,0.96776218440161,0,1,0,0,3.92092375502023,0.447095341967939
496,50,45.6340469165074,54.3659530834926,0.879224654716658,1,1,0,1,0,0,3.78230775576855,0.318329347725229
497,51.2,46.8261453599703,55.5555555555556,0.84799690655495,0.622809431979727,0.988991088841368,0,1,0,0,3.83036593499094,0.517168564658246
498,47.6,43.2573400866145,51.9792580823338,0.817494313786802,0.303667312994052,0.96776218440161,0,1,0,0,3.80666048186533,0.360906876773198
499,50.8,46.4285018379474,55.1592987724032,0.858323978572216,0.754278911355405,1,0,1,0,0,3.6413214634596,0.443266910595711
500,50.6,46.229784108368,54.9610663493949,0.863518099427497,0.8230909082455,1,0,1,0,0,3.85111950519066,0.246296124764551
501,46.6,42.2699992574461,50.9818481485641,0.792606850984954,0.139918525562973,0.96776218440161,0,1,0,0,3.92301968531369,0.266514513870737
502,50.2,45.8325566542537,54.564393498334,0.873968280747672,0.964335354446653,1,0,1,0,0,3.55698526950484,0.322112611564349
503,46.8,42.467328027758,51.1814695308398,0.797546620465889,0.165571417809587,0.96776218440161,0,1,0,0,3.66042169134919,0.368191749159302
504,51.2,46.8261453599703,55.5555555555556,0.84799690655495,0.622809431979727,0.988991088841368,0,1,0,0,3.67428502533377,0.354505813690755
505,50.4,46.031135716556,54.7627645886193,0.86873281488003,0.893290243782602,1,0,1,0,0,3.77154053870558,0.375278653456329
506,49.6,45.2372354113807,53.968864283444,0.86873281488003,0.8932902437826,1,0,1,0,0,4.16874528507884,0.540826391498741
507,49,44.6425381539193,53.3727110831425,0.85315029833646,0.687363308080363,0.988991088841368,0,1,0,0,3.72078259965612,0.304110726805746
508,50.2,45.8325566542537,54.564393498334,0.873968280747672,0.964335354446653,1,0,1,0,0,3.71131958643732,0.369477065863077
509,49.4,45.0389336506051,53.770215891632,0.863518099427497,0.823090908245499,1,0,1,0,0,3.65038109371747,0.484862928851728
510,49.2,44.8407012275968,53.5714981620526,0.858323978572216,0.754278911355403,1,0,1,0,0,3.32606991358627,0.347528458938215
511,48.4,44.048465194155,52.7759335851438,0.837750388593444,0.502374340753292,0.988991088841368,0,1,0,0,3.70348061071922,0.466411842421444
512,49.8,45.435606501666,54.1674433457463,0.873968280747672,0.964335354446652,1,0,1,0,0,3.50147701937731,0.325696704846682
513,47.6,43.2573400866145,51.9792580823338,0.817494313786802,0.303667312994052,0.96776218440161,0,1,0,0,4.25004769697038,0.512384229621729
514,52.4,48.0207419176662,56.7426599133855,0.817494313786802,0.303667312994053,0.96776218440161,0,1,0,0,3.87738264651419,0.314915602280516
515,53.2,48.8185304691602,57.532671972242,0.797546620465889,0.165571417809588,0.96776218440161,0,1,0,0,3.91824000410058,0.319074702695984
516,50.2,45.8325566542537,54.564393498334,0.873968280747672,0.964335354446653,1,0,1,0,0,3.95806531648869,0.300044560333233
517,48.2,43.850579699663,52.5768689270483,0.832656966903448,0.447129501524778,0.988991088841368,0,1,0,0,3.46467380787899,0.246054621405697
518,51,46.6272889168575,55.3574618460807,0.85315029833646,0.687363308080364,0.988991088841368,0,1,0,0,3.71505522530227,0.297545175187908
519,48.4,44.048465194155,52.7759335851438,0.837750388593444,0.502374340753292,0.988991088841368,0,1,0,0,3.61406390406832,0.355983744340928
520,47,42.6647265458119,51.3810211653735,0.802505116804617,0.194608308607876,0.96776218440161,0,1,0,0,3.78981959722863,0.339289590717891
521,52.8,48.4194968961589,57.137805240068,0.807482473910274,0.227213291919517,0.96776218440161,0,1,0,0,3.86802848387622,0.471985678696416
522,51.2,46.8261453599703,55.5555555555556,0.84799690655495,0.622809431979727,0.988991088841368,0,1,0,0,3.58593025613824,0.365397328088056
523,50.4,46.031135716556,54.7627645886193,0.86873281488003,0.893290243782602,1,0,1,0,0,3.78303259086451,0.238915429814987
524,49.4,45.0389336506051,53.770215891632,0.863518099427497,0.823090908245499,1,0,1,0,0,3.69269259329329,0.386209088923019
525,45.2,40.8906558612,49.5825404766967,0.758541881961394,0.0354566380126851,0.96776218440161,0,1,0,1,3.85366978749077,0.389678101716136
526,48,43.6527636620294,52.3777348120942,0.827583242596007,0.395510771434828,0.986847607750805,0,1,0,0,4.08706549030917,0.358428720984097
527,47.6,43.2573400866145,51.9792580823338,0.817494313786802,0.303667312994052,0.96776218440161,0,1,0,0,3.97191105919111,0.413012006179341
528,51.4,47.0250711854697,55.7535798826438,0.842863652847709,0.561029355242811,0.988991088841368,0,1,0,0,3.96862580386474,0.40932801767989
529,50.6,46.229784108368,54.9610663493949,0.863518099427497,0.8230909082455,1,0,1,0,0,3.66275149060496,0.430320796846894
530,51,46.6272889168575,55.3574618460807,0.85315029833646,0.687363308080364,0.988991088841368,0,1,0,0,3.9749912545865,0.351442855345096
531,50.6,46.229784108368,54.9610663493949,0.863518099427497,0.8230909082455,1,0,1,0,0,4.07526058233305,0.374059831579851
532,48.8,44.4444444444444,53.1738546400297,0.84799690655495,0.622809431979726,0.988991088841368,0,1,0,0,3.55746476401764,0.246524336223663
533,48.2,43.850579699663,52.5768689270483,0.832656966903448,0.447129501524778,0.988991088841368,0,1,0,0,3.89659547570609,0.396048259675931
534,50.4,46.031135716556,54.7627645886193,0.86873281488003,0.893290243782602,1,0,1,0,0,4.25975917675935,0.50624477675525
535,51.6,47.2240664148562,55.951534805845,0.837750388593444,0.502374340753294,0.988991088841368,0,1,0,0,3.62024159551767,0.351130125530286
536,50,45.6340469165074,54.3659530834926,0.879224654716658,1,1,0,1,0,0,3.65632209129623,0.307688451227709
537,53,48.6189788346265,57.3352734541881,0.802505116804617,0.194608308607877,0.96776218440161,0,1,0,0,3.99625969529201,0.336042127212356
538,47.2,42.862194759932,51.5805031038411,0.807482473910274,0.227213291919516,0.96776218440161,0,1,0,0,3.70010480044898,0.288017832356968
539,51,46.6272889168575,55.3574618460807,0.85315029833646,0.687363308080364,0.988991088841368,0,1,0,0,4.15269903618057,0.447343828609144
540,45.4,41.0874946626658,49.7826518278185,0.763354187941957,0.0440634695789292,0.96776218440161,0,1,0,1,3.64871836104021,0.259359967868504
541,45.4,41.0874946626658,49.7826518278185,0.763354187941957,0.0440634695789292,0.96776218440161,0,1,0,1,4.02101960114871,0.510028292319053
542,48.8,44.4444444444444,53.1738546400297,0.84799690655495,0.622809431979726,0.988991088841368,0,1,0,0,4.00937311216702,0.419780796472624
543,48,43.6527636620294,52.3777348120942,0.827583242596007,0.395510771434828,0.986847607750805,0,1,0,0,3.68803659690966,0.3645942632155
544,52,47.6222651879058,56.3472363379706,0.827583242596007,0.395510771434829,0.986847607750805,0,1,0,0,3.95388318559013,0.416379709147704
545,47.2,42.862194759932,51.5805031038411,0.807482473910274,0.227213291919516,0.96776218440161,0,1,0,0,3.79225693588664,0.406727916602431
546,52.4,48.0207419176662,56.7426599133855,0.817494313786802,0.303667312994053,0.96776218440161,0,1,0,0,3.62246115593022,0.333711399932431
547,52.2,47.8214687912021,56.5449828872619,0.822529072171304,0.347664179312986,0.986847607750805,0,1,0,0,4.05352274274622,0.504050239928345
548,49.6,45.2372354113807,53.968864283444,0.86873281488003,0.8932902437826,1,0,1,0,0,3.33209552797406,0.396690506384551
549,48.8,44.4444444444444,53.1738546400297,0.84799690655495,0.622809431979726,0.988991088841368,0,1,0,0,3.8257896989698,0.348123002474011
550,47.4,43.0597326218342,51.7799153945265,0.812478827233103,0.263532767000837,0.96776218440161,0,1,0,0,4.01604844447193,0.407632555836543
551,52.4,48.0207419176662,56.7426599133855,0.817494313786802,0.303667312994053,0.96776218440161,0,1,0,0,3.69960692156112,0.292594304521726
552,48.4,44.048465194155,52.7759335851438,0.837750388593444,0.502374340753292,0.988991088841368,0,1,0,0,3.54949644277131,0.406287158249545
553,50,45.6340469165074,54.3659530834926,0.879224654716658,1,1,0,1,0,0,3.82918364384138,0.332384588233392
554,52.8,48.4194968961589,57.137805240068,0.807482473910274,0.227213291919517,0.96776218440161,0,1,0,0,3.78400075011741,0.311223359076848
555,50.2,45.8325566542537,54.564393498334,0.873968280747672,0.964335354446653,1,0,1,0,0,4.11158770883351,0.383693114973933
556,48.4,44.048465194155,52.7759335851438,0.837750388593444,0.502374340753292,0.988991088841368,0,1,0,0,3.49075246651988,0.491372766715237
557,51.6,47.2240664148562,55.951534805845,0.837750388593444,0.502374340753294,0.988991088841368,0,1,0,0,3.80987334405667,0.316533204989313
558,49.8,45.435606501666,54.1674433457463,0.873968280747672,0.964335354446652,1,0,1,0,0,3.45132934545627,0.328214699652904
559,46.2,41.875551183785,50.5823959170499,0.782782964534316,0.0978900280276217,0.96776218440161,0,1,0,0,3.95444332393729,0.420264879366744
560,50.4,46.031135716556,54.7627645886193,0.86873281488003,0.893290243782602,1,0,1,0,0,3.81158935624397,0.30471232637642
561,50.6,46.229784108368,54.9610663493949,0.863518099427497,0.8230909082455,1,0,1,0,0,3.6806204635537,0.395556672305115
562,48.6,44.2464201173562,52.9749288145303,0.842863652847709,0.56102935524281,0.988991088841368,0,1,0,0,3.88140205719733,0.404145715226922
563,52,47.6222651879058,56.3472363379706,0.827583242596007,0.395510771434829,0.986847607750805,0,1,0,0,3.92536777929482,0.356142976649009
564,50.6,46.229784108368,54.9610663493949,0.863518099427497,0.8230909082455,1,0,1,0,0,4.10106984003608,0.442503521567434
565,46.2,41.875551183785,50.5823959170499,0.782782964534316,0.0978900280276217,0.96776218440161,0,1,0,0,4.08263970578658,0.381274737995504
566,48.8,44.4444444444444,53.1738546400297,0.84799690655495,0.622809431979726,0.988991088841368,0,1,0,0,3.92736935004428,0.415979114205734
567,45.4,41.0874946626658,49.7826518278185,0.763354187941957,0.0440634695789292,0.96776218440161,0,1,0,1,3.64441033603977,0.30953548825678
568,48,43.6527636620294,52.3777348120942,0.827583242596007,0.395510771434828,0.986847607750805,0,1,0,0,3.78464425529959,0.637859459985151
569,51.4,47.0250711854697,55.7535798826438,0.842863652847709,0.561029355242811,0.988991088841368,0,1,0,0,3.86098448813514,0.316547263715789
570,50,45.6340469165074,54.3659530834926,0.879224654716658,1,1,0,1,0,0,3.3313596315871,0.28992615737523
571,49.8,45.435606501666,54.1674433457463,0.873968280747672,0.964335354446652,1,0,1,0,0,3.97137024589125,0.314263938523083
572,48.4,44.048465194155,52.7759335851438,0.837750388593444,0.502374340753292,0.988991088841368,0,1,0,0,3.74170923745029,0.448800594982295
573,50.6,46.229784108368,54.9610663493949,0.863518099427497,0.8230909082455,1,0,1,0,0,3.78704811757561,0.265849567009395
574,49.8,45.435606501666,54.1674433457463,0.873968280747672,0.964335354446652,1,0,1,0,0,3.8247073152994,0.389604017372518
575,49.6,45.2372354113807,53.968864283444,0.86873281488003,0.8932902437826,1,0,1,0,0,3.77773564861947,0.461705989674866
576,50.2,45.8325566542537,54.564393498334,0.873968280747672,0.964335354446653,1,0,1,0,0,4.21285564236639,0.406824197286048
577,49.4,45.0389336506051,53.770215891632,0.863518099427497,0.823090908245499,1,0,1,0,0,3.85781204716129,0.354151438698015
578,52.2,47.8214687912021,56.5449828872619,0.822529072171304,0.347664179312986,0.986847607750805,0,1,0,0,3.78989554880241,0.45698969375195
579,50,45.6340469165074,54.3659530834926,0.879224654716658,1,1,0,1,0,0,3.8301156920544,0.468724748013723
580,52.4,48.0207419176662,56.7426599133855,0.817494313786802,0.303667312994053,0.96776218440161,0,1,0,0,3.87996187630012,0.351478809698895
581,49.4,45.0389336506051,53.770215891632,0.863518099427497,0.823090908245499,1,0,1,0,0,3.78171922819605,0.272822220587589
582,53,48.6189788346265,57.3352734541881,0.802505116804617,0.194608308607877,0.96776218440161,0,1,0,0,4.05336562118261,0.347721269545593
583,48.8,44.4444444444444,53.1738546400297,0.84799690655495,0.622809431979726,0.988991088841368,0,1,0,0,3.73420734227303,0.309605659205059
584,52.2,47.8214687912021,56.5449828872619,0.822529072171304,0.347664179312986,0.986847607750805,0,1,0,0,3.86318591494307,0.374960358719263
585,48.8,44.4444444444444,53.1738546400297,0.84799690655495,0.622809431979726,0.988991088841368,0,1,0,0,3.82536769813318,0.46891188633287
586,52.8,48.4194968961589,57.137805240068,0.807482473910274,0.227213291919517,0.96776218440161,0,1,0,0,4.13154127404639,0.365042702785723
587,48.6,44.2464201173562,52.9749288145303,0.842863652847709,0.56102935524281,0.988991088841368,0,1,0,0,4.05285923294218,0.458029694412378
588,48.6,44.2464201173562,52.9749288145303,0.842863652847709,0.56102935524281,0.988991088841368,0,1,0,0,3.67782906807617,0.32256590925379
589,48,43.6527636620294,52.3777348120942,0.827583242596007,0.395510771434828,0.986847607750805,0,1,0,0,3.60155299391657,0.254943465504802
590,53.4,49.0181518514359,57.730000742554,0.792606850984954,0.139918525562975,0.96776218440161,0,1,0,0,3.8237893027628,0.389339760604128
591,51.6,47.2240664148562,55.951534805845,0.837750388593444,0.502374340753294,0.988991088841368,0,1,0,0,3.61012499137659,0.297608561117966
592,47.8,43.4550171127381,52.1785312087979,0.822529072171304,0.347664179312984,0.986847607750805,0,1,0,0,3.79893636612928,0.36314834206957
593,50.4,46.031135716556,54.7627645886193,0.86873281488003,0.893290243782602,1,0,1,0,0,3.90044428622488,0.273193681952045
594,48.4,44.048465194155,52.7759335851438,0.837750388593444,0.502374340753292,0.988991088841368,0,1,0,0,4.16657265132361,0.331194475913241
595,47.2,42.862194759932,51.5805031038411,0.807482473910274,0.227213291919516,0.96776218440161,0,1,0,0,3.60753421073025,0.334916050895018
596,50,45.6340469165074,54.3659530834926,0.879224654716658,1,1,0,1,0,0,4.02483468873525,0.281684422491637
597,52.4,48.0207419176662,56.7426599133855,0.817494313786802,0.303667312994053,0.96776218440161,0,1,0,0,3.97404244483232,0.270191415542586
598,51,46.6272889168575,55.3574618460807,0.85315029833646,0.687363308080364,0.988991088841368,0,1,0,0,3.96100756219611,0.404349921001633
599,53.2,48.8185304691602,57.532671972242,0.797546620465889,0.165571417809588,0.96776218440161,0,1,0,0,3.86456354879183,0.324468659860997
600,51.2,46.8261453599703,55.5555555555556,0.84799690655495,0.622809431979727,0.988991088841368,0,1,0,0,3.48092173541109,0.34866335699299
601,49.6,45.2372354113807,53.968864283444,0.86873281488003,0.8932902437826,1,0,1,0,0,3.91041010995137,0.440452656756287
602,50.2,45.8325566542537,54.564393498334,0.873968280747672,0.964335354446653,1,0,1,0,0,3.91393341466604,0.289235914357088
603,48.6,44.2464201173562,52.9749288145303,0.842863652847709,0.56102935524281,0.988991088841368,0,1,0,0,3.77153799245969,0.312204567205605
604,51.2,46.8261453599703,55.5555555555556,0.84799690655495,0.622809431979727,0.988991088841368,0,1,0,0,3.64069736326821,0.337455530439261
605,50,45.6340469165074,54.3659530834926,0.879224654716658,1,1,0,1,0,0,3.65370672591229,0.338034970260655
606,50.2,45.8325566542537,54.564393498334,0.873968280747672,0.964335354446653,1,0,1,0,0,3.81214143420046,0.389845676891964
607,50.8,46.4285018379474,55.1592987724032,0.858323978572216,0.754278911355405,1,0,1,0,0,4.02920547459041,0.492095171523805
608,51.6,47.2240664148562,55.951534805845,0.837750388593444,0.502374340753294,0.988991088841368,0,1,0,0,3.71051924794809,0.356525469432818
609,50.4,46.031135716556,54.7627645886193,0.86873281488003,0.893290243782602,1,0,1,0,0,3.76699361153401,0.337863402665497
610,51.6,47.2240664148562,55.951534805845,0.837750388593444,0.502374340753294,0.988991088841368,0,1,0,0,3.58280051474339,0.308689818712109
611,49,44.6425381539193,53.3727110831425,0.85315029833646,0.687363308080363,0.988991088841368,0,1,0,0,3.46339007024547,0.471398587254948
612,52.4,48.0207419176662,56.7426599133855,0.817494313786802,0.303667312994053,0.96776218440161,0,1,0,0,3.82524783863279,0.402351698909085
613,50.2,45.8325566542537,54.564393498334,0.873968280747672,0.964335354446653,1,0,1,0,0,4.02193428457027,0.30611640295164
614,48.6,44.2464201173562,52.9749288145303,0.842863652847709,0.56102935524281,0.988991088841368,0,1,0,0,3.83084400345168,0.31201649947624
615,50.6,46.229784108368,54.9610663493949,0.863518099427497,0.8230909082455,1,0,1,0,0,3.80459675649973,0.300900924747797
616,54,49.6174350526148,58.321567999138,0.777898587256619,0.0810323496092124,0.96776218440161,0,1,0,0,3.77095357830986,0.317472499880033
617,53,48.6189788346265,57.3352734541881,0.802505116804617,0.194608308607877,0.96776218440161,0,1,0,0,3.9792398277458,0.305066016671616
618,51.4,47.0250711854697,55.7535798826438,0.842863652847709,0.561029355242811,0.988991088841368,0,1,0,0,3.93318183141914,0.294976996814643
619,51.2,46.8261453599703,55.5555555555556,0.84799690655495,0.622809431979727,0.988991088841368,0,1,0,0,4.04747052052242,0.272177298155357
620,48.4,44.048465194155,52.7759335851438,0.837750388593444,0.502374340753292,0.988991088841368,0,1,0,0,3.75293875928402,0.373747008402245
621,47.4,43.0597326218342,51.7799153945265,0.812478827233103,0.263532767000837,0.96776218440161,0,1,0,0,3.9260658372207,0.267832556040994
622,47.8,43.4550171127381,52.1785312087979,0.822529072171304,0.347664179312984,0.986847607750805,0,1,0,0,3.54474848702697,0.335449970186943
623,49.6,45.2372354113807,53.968864283444,0.86873281488003,0.8932902437826,1,0,1,0,0,3.73042524036423,0.407862673037813
624,49.8,45.435606501666,54.1674433457463,0.873968280747672,0.964335354446652,1,0,1,0,0,4.07153609483665,0.500629979208973
625,51.8,47.4231310729517,56.149420300337,0.832656966903448,0.44712950152478,0.988991088841368,0,1,0,0,3.87498416976102,0.362436839071643
626,50.6,46.229784108368,54.9610663493949,0.863518099427497,0.8230909082455,1,0,1,0,0,3.8070575886577,0.455470788775242
627,46.8,42.467328027758,51.1814695308398,0.797546620465889,0.165571417809587,0.96776218440161,0,1,0,0,3.58195991280445,0.294119333232748
628,52.4,48.0207419176662,56.7426599133855,0.817494313786802,0.303667312994053,0.96776218440161,0,1,0,0,3.68185796348855,0.41180878594197
629,50.2,45.8325566542537,54.564393498334,0.873968280747672,0.964335354446653,1,0,1,0,0,3.6988390427152,0.28075633625992
630,50.4,46.031135716556,54.7627645886193,0.86873281488003,0.893290243782602,1,0,1,0,0,3.87234330370298,0.343859767107859
631,47.4,43.0597326218342,51.7799153945265,0.812478827233103,0.263532767000837,0.96776218440161,0,1,0,0,4.04471254714378,0.46250095524604
632,51.4,47.0250711854697,55.7535798826438,0.842863652847709,0.561029355242811,0.988991088841368,0,1,0,0,3.69754653174394,0.293055454699145
633,49,44.6425381539193,53.3727110831425,0.85315029833646,0.687363308080363,0.988991088841368,0,1,0,0,3.93368523847712,0.487746156601015
634,53.4,49.0181518514359,57.730000742554,0.792606850984954,0.139918525562975,0.96776218440161,0,1,0,0,3.98508061697518,0.419910486967035
635,51.6,47.2240664148562,55.951534805845,0.837750388593444,0.502374340753294,0.988991088841368,0,1,0,0,3.67165358040897,0.343279013145052
636,49,44.6425381539193,53.3727110831425,0.85315029833646,0.687363308080363,0.988991088841368,0,1,0,0,3.95652150163033,0.581990333934524
637,55.2,50.8178931631801,59.5028108040985,0.748970274578482,0.0224662049199925,0.96776218440161,0,1,0,1,3.88021119041652,0.397437715830087
638,53,48.6189788346265,57.3352734541881,0.802505116804617,0.194608308607877,0.96776218440161,0,1,0,0,4.02914129933734,0.305969977613777
639,50.8,46.4285018379474,55.1592987724032,0.858323978572216,0.754278911355405,1,0,1,0,0,4.17863160788425,0.305468579986353
640,47.6,43.2573400866145,51.9792580823338,0.817494313786802,0.303667312994052,0.96776218440161,0,1,0,0,3.7812228306268,0.450552730217621
641,47.6,43.2573400866145,51.9792580823338,0.817494313786802,0.303667312994052,0.96776218440161,0,1,0,0,3.78085609786636,0.348907440225743
642,49.8,45.435606501666,54.1674433457463,0.873968280747672,0.964335354446652,1,0,1,0,0,3.90082566987481,0.388213800870589
643,52.2,47.8214687912021,56.5449828872619,0.822529072171304,0.347664179312986,0.986847607750805,0,1,0,0,3.73227510270453,0.398908084891971
644,51.8,47.4231310729517,56.149420300337,0.832656966903448,0.44712950152478,0.988991088841368,0,1,0,0,3.80678549012583,0.224110361754232
645,51.8,47.4231310729517,56.149420300337,0.832656966903448,0.44712950152478,0.988991088841368,0,1,0,0,3.61652805832327,0.350083224832169
646,51.4,47.0250711854697,55.7535798826438,0.842863652847709,0.561029355242811,0.988991088841368,0,1,0,0,3.4460610202176,0.319614369504674
647,51.2,46.8261453599703,55.5555555555556,0.84799690655495,0.622809431979727,0.988991088841368,0,1,0,0,3.8437313070017,0.322600459011979
648,50,45.6340469165074,54.3659530834926,0.879224654716658,1,1,0,1,0,0,3.76665423611392,0.389891089640647
649,51.6,47.2240664148562,55.951534805845,0.837750388593444,0.502374340753294,0.988991088841368,0,1,0,0,4.00270445210816,0.411795303915303
650,53.2,48.8185304691602,57.532671972242,0.797546620465889,0.165571417809588,0.96776218440161,0,1,0,0,3.74449596443799,0.397243674600926
651,54.4,50.0173070266528,58.7155963302752,0.768184324776926,0.054369017901665,0.96776218440161,0,1,0,1,3.80380246814587,0.264205071846294
652,50,45.6340469165074,54.3659530834926,0.879224654716658,1,1,0,1,0,0,3.89998455826341,0.315032329582678
653,48.2,43.850579699663,52.5768689270483,0.832656966903448,0.447129501524778,0.988991088841368,0,1,0,0,3.72124919755051,0.387076557320855
654,46.8,42.467328027758,51.1814695308398,0.797546620465889,0.165571417809587,0.96776218440161,0,1,0,0,3.75845897262218,0.36584944681552
655,49.6,45.2372354113807,53.968864283444,0.86873281488003,0.8932902437826,1,0,1,0,0,3.9666852737696,0.418317711982479
656,51,46.6272889168575,55.3574618460807,0.85315029833646,0.687363308080364,0.988991088841368,0,1,0,0,3.52311229693887,0.207198385967981
657,48.6,44.2464201173562,52.9749288145303,0.842863652847709,0.56102935524281,0.988991088841368,0,1,0,0,3.73525236143933,0.363590429676305
658,51,46.6272889168575,55.3574618460807,0.85315029833646,0.687363308080364,0.988991088841368,0,1,0,0,3.80408302881192,0.279901704165483
659,48.2,43.850579699663,52.5768689270483,0.832656966903448,0.447129501524778,0.988991088841368,0,1,0,0,3.82423649998709,0.335141013030499
660,45.4,41.0874946626658,49.7826518278185,0.763354187941957,0.0440634695789292,0.96776218440161,0,1,0,1,3.31804010302695,0.251517156085257
661,48,43.6527636620294,52.3777348120942,0.827583242596007,0.395510771434828,0.986847607750805,0,1,0,0,3.88211387067656,0.360298360413309
662,45.2,40.8906558612,49.5825404766967,0.758541881961394,0.0354566380126851,0.96776218440161,0,1,0,1,3.78956712680408,0.395180135011992
663,49.4,45.0389336506051,53.770215891632,0.863518099427497,0.823090908245499,1,0,1,0,0,3.76396150627077,0.349350933624872
664,49.6,45.2372354113807,53.968864283444,0.86873281488003,0.8932902437826,1,0,1,0,0,4.57367641682759,0.431445489617565
665,46.6,42.2699992574461,50.9818481485641,0.792606850984954,0.139918525562973,0.96776218440161,0,1,0,0,4.16132138316289,0.345815108386801
666,50.6,46.229784108368,54.9610663493949,0.863518099427497,0.8230909082455,1,0,1,0,0,3.68955555490811,0.340814299555915
667,52.6,48.2200846054735,56.9402673781658,0.812478827233103,0.263532767000838,0.96776218440161,0,1,0,0,3.92435090788633,0.46443676075284
668,52,47.6222651879058,56.3472363379706,0.827583242596007,0.395510771434829,0.986847607750805,0,1,0,0,3.98083068108166,0.457263186017626
669,48.4,44.048465194155,52.7759335851438,0.837750388593444,0.502374340753292,0.988991088841368,0,1,0,0,3.95104209018164,0.328060646848555
670,47.8,43.4550171127381,52.1785312087979,0.822529072171304,0.347664179312984,0.986847607750805,0,1,0,0,3.70206792878763,0.443584954610628
671,46.6,42.2699992574461,50.9818481485641,0.792606850984954,0.139918525562973,0.96776218440161,0,1,0,0,3.83330521003817,0.397629561978693
672,49.8,45.435606501666,54.1674433457463,0.873968280747672,0.964335354446652,1,0,1,0,0,4.04374471432087,0.407017903994347
673,50.4,46.031135716556,54.7627645886193,0.86873281488003,0.893290243782602,1,0,1,0,0,3.70074150042311,0.267027711826799
674,48.2,43.850579699663,52.5768689270483,0.832656966903448,0.447129501524778,0.988991088841368,0,1,0,0,3.76590053135082,0.377453560761719
675,54.6,50.2173481721815,58.9125053373342,0.763354187941957,0.044063469578928,0.96776218440161,0,1,0,1,4.05601095090132,0.404503389635542
676,48.4,44.048465194155,52.7759335851438,0.837750388593444,0.502374340753292,0.988991088841368,0,1,0,0,3.58114770645757,0.437698447614843
677,50.6,46.229784108368,54.9610663493949,0.863518099427497,0.8230909082455,1,0,1,0,0,4.22726363861649,0.498066850458556
678,50.8,46.4285018379474,55.1592987724032,0.858323978572216,0.754278911355405,1,0,1,0,0,3.92707994201548,0.565528112852607
679,47.8,43.4550171127381,52.1785312087979,0.822529072171304,0.347664179312984,0.986847607750805,0,1,0,0,4.01789765413797,0.539635742128469
680,51.4,47.0250711854697,55.7535798826438,0.842863652847709,0.561029355242811,0.988991088841368,0,1,0,0,4.01556918862982,0.274307397805418
681,51.6,47.2240664148562,55.951534805845,0.837750388593444,0.502374340753294,0.988991088841368,0,1,0,0,3.57951852262262,0.309580616724851
682,52.4,48.0207419176662,56.7426599133855,0.817494313786802,0.303667312994053,0.96776218440161,0,1,0,0,3.75666643429577,0.28064105402762
683,51.4,47.0250711854697,55.7535798826438,0.842863652847709,0.561029355242811,0.988991088841368,0,1,0,0,4.31612625461985,0.491015346956662
684,46.8,42.467328027758,51.1814695308398,0.797546620465889,0.165571417809587,0.96776218440161,0,1,0,0,3.55140946023049,0.278746383463836
685,49.2,44.8407012275968,53.5714981620526,0.858323978572216,0.754278911355403,1,0,1,0,0,3.62500187091994,0.379042825300279
686,51.6,47.2240664148562,55.951534805845,0.837750388593444,0.502374340753294,0.988991088841368,0,1,0,0,4.08327472286568,0.446472349562266
687,53.6,49.2178430365334,57.9272597100441,0.787685675971857,0.117436215504147,0.96776218440161,0,1,0,0,3.69555138986609,0.337627495028465
688,47.8,43.4550171127381,52.1785312087979,0.822529072171304,0.347664179312984,0.986847607750805,0,1,0,0,4.00465535587766,0.421485694482474
689,52.4,48.0207419176662,56.7426599133855,0.817494313786802,0.303667312994053,0.96776218440161,0,1,0,0,4.18767003236702,0.468075819179352
690,49,44.6425381539193,53.3727110831425,0.85315029833646,0.687363308080363,0.988991088841368,0,1,0,0,3.85982806243683,0.339292699612993
691,51,46.6272889168575,55.3574618460807,0.85315029833646,0.687363308080364,0.988991088841368,0,1,0,0,3.76638410450495,0.251720483386947
692,48.6,44.2464201173562,52.9749288145303,0.842863652847709,0.56102935524281,0.988991088841368,0,1,0,0,3.99111652223601,0.31753334561156
693,49.8,45.435606501666,54.1674433457463,0.873968280747672,0.964335354446652,1,0,1,0,0,3.86365404132135,0.418264338915148
694,49.8,45.435606501666,54.1674433457463,0.873968280747672,0.964335354446652,1,0,1,0,0,4.14746037767069,0.274733044021262
695,47.8,43.4550171127381,52.1785312087979,0.822529072171304,0.347664179312984,0.986847607750805,0,1,0,0,3.67491643099457,0.321966581762765
696,48.8,44.4444444444444,53.1738546400297,0.84799690655495,0.622809431979726,0.988991088841368,0,1,0,0,3.72572276129456,0.455924752534394
697,51.6,47.2240664148562,55.951534805845,0.837750388593444,0.502374340753294,0.988991088841368,0,1,0,0,3.85497571802716,0.400240455864275
698,50.2,45.8325566542537,54.564393498334,0.873968280747672,0.964335354446653,1,0,1,0,0,4.12810464043527,0.367393892584683
699,52.6,48.2200846054735,56.9402673781658,0.812478827233103,0.263532767000838,0.96776218440161,0,1,0,0,3.94260048244921,0.367946203905849
700,50.4,46.031135716556,54.7627645886193,0.86873281488003,0.893290243782602,1,0,1,0,0,3.87967995849487,0.403055976194125
701,50.2,45.8325566542537,54.564393498334,0.873968280747672,0.964335354446653,1,0,1,0,0,4.10289131339796,0.423597523472261
702,49.8,45.435606501666,54.1674433457463,0.873968280747672,0.964335354446652,1,0,1,0,0,4.0485395499416,0.444834372868892
703,47,42.6647265458119,51.3810211653735,0.802505116804617,0.194608308607876,0.96776218440161,0,1,0,0,3.77538832182431,0.342377311728063
704,50,45.6340469165074,54.3659530834926,0.879224654716658,1,1,0,1,0,0,3.46686838327791,0.364882415637466
705,51.2,46.8261453599703,55.5555555555556,0.84799690655495,0.622809431979727,0.988991088841368,0,1,0,0,3.7260320557726,0.433534366448556
706,51.2,46.8261453599703,55.5555555555556,0.84799690655495,0.622809431979727,0.988991088841368,0,1,0,0,3.83311517454199,0.402146626806071
707,46.4,42.0727402899559,50.7821569634666,0.787685675971857,0.117436215504146,0.96776218440161,0,1,0,0,3.68349026297653,0.309262411604718
708,48.8,44.4444444444444,53.1738546400297,0.84799690655495,0.622809431979726,0.988991088841368,0,1,0,0,3.68814615196784,0.35687205156315
709,51.2,46.8261453599703,55.5555555555556,0.84799690655495,0.622809431979727,0.988991088841368,0,1,0,0,3.63083922848422,0.390058784577495
710,52.2,47.8214687912021,56.5449828872619,0.822529072171304,0.347664179312986,0.986847607750805,0,1,0,0,3.84397438347031,0.282509912433997
711,50.6,46.229784108368,54.9610663493949,0.863518099427497,0.8230909082455,1,0,1,0,0,3.77586158945405,0.428974127687104
712,51,46.6272889168575,55.3574618460807,0.85315029833646,0.687363308080364,0.988991088841368,0,1,0,0,3.94898186593843,0.441461813786086
713,51,46.6272889168575,55.3574618460807,0.85315029833646,0.687363308080364,0.988991088841368,0,1,0,0,3.43087804716485,0.449987334891259
714,52.8,48.4194968961589,57.137805240068,0.807482473910274,0.227213291919517,0.96776218440161,0,1,0,0,3.93616981293036,0.415091262439928
715,49,44.6425381539193,53.3727110831425,0.85315029833646,0.687363308080363,0.988991088841368,0,1,0,0,3.95713695600395,0.447096422227157
716,47,42.6647265458119,51.3810211653735,0.802505116804617,0.194608308607876,0.96776218440161,0,1,0,0,4.09048268686755,0.346085232153961
717,53.2,48.8185304691602,57.532671972242,0.797546620465889,0.165571417809588,0.96776218440161,0,1,0,0,4.2929595497127,0.389381455142651
718,50.2,45.8325566542537,54.564393498334,0.873968280747672,0.964335354446653,1,0,1,0,0,3.69468629080748,0.425178913533595
719,47.4,43.0597326218342,51.7799153945265,0.812478827233103,0.263532767000837,0.96776218440161,0,1,0,0,3.87524142070309,0.319484075427576
720,51.2,46.8261453599703,55.5555555555556,0.84799690655495,0.622809431979727,0.988991088841368,0,1,0,0,3.95572768667714,0.456560132376596
721,46.2,41.875551183785,50.5823959170499,0.782782964534316,0.0978900280276217,0.96776218440161,0,1,0,0,3.9496069982276,0.41192132410507
722,47.8,43.4550171127381,52.1785312087979,0.822529072171304,0.347664179312984,0.986847607750805,0,1,0,0,4.24004753512089,0.440838938890148
723,50.2,45.8325566542537,54.564393498334,0.873968280747672,0.964335354446653,1,0,1,0,0,3.85866131642402,0.411769049230305
724,46.8,42.467328027758,51.1814695308398,0.797546620465889,0.165571417809587,0.96776218440161,0,1,0,0,3.83391655188654,0.225349327779989
725,50.8,46.4285018379474,55.1592987724032,0.858323978572216,0.754278911355405,1,0,1,0,0,4.1379423177751,0.266398568142472
726,53.2,48.8185304691602,57.532671972242,0.797546620465889,0.165571417809588,0.96776218440161,0,1,0,0,3.66277416783476,0.437007325960608
727,46.8,42.467328027758,51.1814695308398,0.797546620465889,0.165571417809587,0.96776218440161,0,1,0,0,3.75377351097432,0.310420308878213
728,53.6,49.2178430365334,57.9272597100441,0.787685675971857,0.117436215504147,0.96776218440161,0,1,0,0,3.8579349275096,0.35118615513236
729,50.6,46.229784108368,54.9610663493949,0.863518099427497,0.8230909082455,1,0,1,0,0,4.07988097810572,0.29354494185985
730,49.2,44.8407012275968,53.5714981620526,0.858323978572216,0.754278911355403,1,0,1,0,0,3.51674356581836,0.361413516685984
731,52.2,47.8214687912021,56.5449828872619,0.822529072171304,0.347664179312986,0.986847607750805,0,1,0,0,3.82212364702077,0.309975319082051
732,50.2,45.8325566542537,54.564393498334,0.873968280747672,0.964335354446653,1,0,1,0,0,3.86280534320245,0.457538387311112
733,48,43.6527636620294,52.3777348120942,0.827583242596007,0.395510771434828,0.986847607750805,0,1,0,0,4.03659857670048,0.496131843619138
734,51,46.6272889168575,55.3574618460807,0.85315029833646,0.687363308080364,0.988991088841368,0,1,0,0,4.13562598626161,0.40244711409968
735,47.4,43.0597326218342,51.7799153945265,0.812478827233103,0.263532767000837,0.96776218440161,0,1,0,0,3.62230288028356,0.312862646894587
736,51.8,47.4231310729517,56.149420300337,0.832656966903448,0.44712950152478,0.988991088841368,0,1,0,0,3.77925552520233,0.312473290557007
737,46.4,42.0727402899559,50.7821569634666,0.787685675971857,0.117436215504146,0.96776218440161,0,1,0,0,3.85399713706788,0.353446073546373
738,49,44.6425381539193,53.3727110831425,0.85315029833646,0.687363308080363,0.988991088841368,0,1,0,0,3.5271600460435,0.574050259091078
739,50.2,45.8325566542537,54.564393498334,0.873968280747672,0.964335354446653,1,0,1,0,0,3.80856951621014,0.371860535351121
740,49.6,45.2372354113807,53.968864283444,0.86873281488003,0.8932902437826,1,0,1,0,0,3.80756889339873,0.436241676052093
741,50,45.6340469165074,54.3659530834926,0.879224654716658,1,1,0,1,0,0,3.73818103756538,0.29744542257126
742,52,47.6222651879058,56.3472363379706,0.827583242596007,0.395510771434829,0.986847607750805,0,1,0,0,4.04296563199486,0.421363849142232
743,49.2,44.8407012275968,53.5714981620526,0.858323978572216,0.754278911355403,1,0,1,0,0,4.11407750171767,0.381773928719901
744,54.2,49.817336010903,58.5186171934374,0.773032416178921,0.0666096691845695,0.96776218440161,0,1,0,0,4.15601151759927,0.413259664082259
745,49.2,44.8407012275968,53.5714981620526,0.858323978572216,0.754278911355403,1,0,1,0,0,3.74364142591001,0.34028081106058
746,53.8,49.4176040829501,58.1244488162151,0.782782964534315,0.097890028027623,0.96776218440161,0,1,0,0,3.86110063539293,0.222522360619364
747,51.4,47.0250711854697,55.7535798826438,0.842863652847709,0.561029355242811,0.988991088841368,0,1,0,0,3.52833522760182,0.445025067767402
748,50.2,45.8325566542537,54.564393498334,0.873968280747672,0.964335354446653,1,0,1,0,0,3.77887606549456,0.242354538637644
749,52.4,48.0207419176662,56.7426599133855,0.817494313786802,0.303667312994053,0.96776218440161,0,1,0,0,3.65423200282981,0.446332124404406
750,52.8,48.4194968961589,57.137805240068,0.807482473910274,0.227213291919517,0.96776218440161,0,1,0,0,3.65887711810403,0.439700176457247
751,53.4,49.0181518514359,57.730000742554,0.792606850984954,0.139918525562975,0.96776218440161,0,1,0,0,3.73171887672868,0.345908042757665
752,47,42.6647265458119,51.3810211653735,0.802505116804617,0.194608308607876,0.96776218440161,0,1,0,0,3.66841106810931,0.373039696508314
753,47.6,43.2573400866145,51.9792580823338,0.817494313786802,0.303667312994052,0.96776218440161,0,1,0,0,4.05225012938336,0.299887008856178
754,52.6,48.2200846054735,56.9402673781658,0.812478827233103,0.263532767000838,0.96776218440161,0,1,0,0,3.90659335258859,0.402040907286295
755,52,47.6222651879058,56.3472363379706,0.827583242596007,0.395510771434829,0.986847607750805,0,1,0,0,3.71208338266246,0.424178443741687
756,46.6,42.2699992574461,50.9818481485641,0.792606850984954,0.139918525562973,0.96776218440161,0,1,0,0,3.84345330873329,0.333296901389532
757,50,45.6340469165074,54.3659530834926,0.879224654716658,1,1,0,1,0,0,3.59914333286584,0.308317833336841
758,47.4,43.0597326218342,51.7799153945265,0.812478827233103,0.263532767000837,0.96776218440161,0,1,0,0,4.0132996205136,0.38124163575469
759,49.2,44.8407012275968,53.5714981620526,0.858323978572216,0.754278911355403,1,0,1,0,0,3.94585088263415,0.434951532583482
760,49.6,45.2372354113807,53.968864283444,0.86873281488003,0.8932902437826,1,0,1,0,0,3.68570687397565,0.352689816025222
761,49,44.6425381539193,53.3727110831425,0.85315029833646,0.687363308080363,0.988991088841368,0,1,0,0,3.45743388098167,0.320238189530847
762,47.2,42.862194759932,51.5805031038411,0.807482473910274,0.227213291919516,0.96776218440161,0,1,0,0,3.92499640855667,0.369417285072816
763,51.8,47.4231310729517,56.149420300337,0.832656966903448,0.44712950152478,0.988991088841368,0,1,0,0,4.13018479160113,0.474315685591034
764,48,43.6527636620294,52.3777348120942,0.827583242596007,0.395510771434828,0.986847607750805,0,1,0,0,3.4934886199154,0.245413958250448
765,48.8,44.4444444444444,53.1738546400297,0.84799690655495,0.622809431979726,0.988991088841368,0,1,0,0,3.83912555224739,0.315883194087784
766,55.6,51.218608623463,59.8959956489909,0.739468540127914,0.0138259663027763,0.96776218440161,0,1,0,1,3.81443789638221,0.472853031140974
767,52.2,47.8214687912021,56.5449828872619,0.822529072171304,0.347664179312986,0.986847607750805,0,1,0,0,3.90173724878219,0.263724866176591
768,52.8,48.4194968961589,57.137805240068,0.807482473910274,0.227213291919517,0.96776218440161,0,1,0,0,3.65279875940872,0.304121329954401
769,54.6,50.2173481721815,58.9125053373342,0.763354187941957,0.044063469578928,0.96776218440161,0,1,0,1,4.03422525965952,0.2739429966566
770,51.6,47.2240664148562,55.951534805845,0.837750388593444,0.502374340753294,0.988991088841368,0,1,0,0,3.77921318191977,0.35024882438558
771,47.8,43.4550171127381,52.1785312087979,0.822529072171304,0.347664179312984,0.986847607750805,0,1,0,0,3.87193155472534,0.567410121113897
772,52.4,48.0207419176662,56.7426599133855,0.817494313786802,0.303667312994053,0.96776218440161,0,1,0,0,3.50391096802753,0.298674510937398
773,50,45.6340469165074,54.3659530834926,0.879224654716658,1,1,0,1,0,0,3.65965126946982,0.345289256150536
774,50,45.6340469165074,54.3659530834926,0.879224654716658,1,1,0,1,0,0,3.61044478341436,0.376004420725722
775,47.2,42.862194759932,51.5805031038411,0.807482473910274,0.227213291919516,0.96776218440161,0,1,0,0,3.97761691262338,0.487475666177312
776,46,41.678432000862,50.3825649473852,0.777898587256619,0.0810323496092111,0.96776218440161,0,1,0,0,3.92344727384483,0.309628056186118
777,50,45.6340469165074,54.3659530834926,0.879224654716658,1,1,0,1,0,0,3.84114829934285,0.373522265210395
778,53.2,48.8185304691602,57.532671972242,0.797546620465889,0.165571417809588,0.96776218440161,0,1,0,0,4.03686310265461,0.397375612209766
779,50.2,45.8325566542537,54.564393498334,0.873968280747672,0.964335354446653,1,0,1,0,0,3.70665436960268,0.480533559715443
780,51.4,47.0250711854697,55.7535798826438,0.842863652847709,0.561029355242811,0.988991088841368,0,1,0,0,3.92956566545971,0.342782709564282
781,47.4,43.0597326218342,51.7799153945265,0.812478827233103,0.263532767000837,0.96776218440161,0,1,0,0,3.48836998382377,0.380122096768732
782,54.8,50.4174595233034,59.1093441388,0.758541881961393,0.0354566380126839,0.96776218440161,0,1,0,1,3.7105599970763,0.523703380440029
783,51,46.6272889168575,55.3574618460807,0.85315029833646,0.687363308080364,0.988991088841368,0,1,0,0,3.76188985836346,0.372490233165936
784,48.6,44.2464201173562,52.9749288145303,0.842863652847709,0.56102935524281,0.988991088841368,0,1,0,0,3.86319632203614,0.320098930895797
785,49.6,45.2372354113807,53.968864283444,0.86873281488003,0.8932902437826,1,0,1,0,0,3.80994181919995,0.33460756770651
786,53,48.6189788346265,57.3352734541881,0.802505116804617,0.194608308607877,0.96776218440161,0,1,0,0,3.45587895904714,0.291263560937099
787,49.6,45.2372354113807,53.968864283444,0.86873281488003,0.8932902437826,1,0,1,0,0,4.06262490387061,0.336979890128666
788,47,42.6647265458119,51.3810211653735,0.802505116804617,0.194608308607876,0.96776218440161,0,1,0,0,3.82758301979908,0.471660438889034
789,53,48.6189788346265,57.3352734541881,0.802505116804617,0.194608308607877,0.96776218440161,0,1,0,0,3.55073296773733,0.297734101901655
790,48.8,44.4444444444444,53.1738546400297,0.84799690655495,0.622809431979726,0.988991088841368,0,1,0,0,3.75983384558069,0.249780083265389
791,47.4,43.0597326218342,51.7799153945265,0.812478827233103,0.263532767000837,0.96776218440161,0,1,0,0,3.62040544253719,0.34768355112858
792,49.8,45.435606501666,54.1674433457463,0.873968280747672,0.964335354446652,1,0,1,0,0,3.84902693538094,0.485017247333898
793,50.4,46.031135716556,54.7627645886193,0.86873281488003,0.893290243782602,1,0,1,0,0,3.73193614116341,0.290929765788536
794,51.8,47.4231310729517,56.149420300337,0.832656966903448,0.44712950152478,0.988991088841368,0,1,0,0,3.90412553260388,0.403765054945086
795,48.4,44.048465194155,52.7759335851438,0.837750388593444,0.502374340753292,0.988991088841368,0,1,0,0,3.45958471013719,0.453001076218728
796,52.6,48.2200846054735,56.9402673781658,0.812478827233103,0.263532767000838,0.96776218440161,0,1,0,0,4.32367918631971,0.359427448131674
797,48.8,44.4444444444444,53.1738546400297,0.84799690655495,0.622809431979726,0.988991088841368,0,1,0,0,3.91310995860012,0.334364903206803
798,49.4,45.0389336506051,53.770215891632,0.863518099427497,0.823090908245499,1,0,1,0,0,4.33915173301822,0.294574182144524
799,50.4,46.031135716556,54.7627645886193,0.86873281488003,0.893290243782602,1,0,1,0,0,3.70116365915756,0.394614571425172
800,46.6,42.2699992574461,50.9818481485641,0.792606850984954,0.139918525562973,0.96776218440161,0,1,0,0,3.80380030992025,0.409493865789793
801,46,41.678432000862,50.3825649473852,0.777898587256619,0.0810323496092111,0.96776218440161,0,1,0,0,3.74352447846873,0.339214112575184
802,53.8,49.4176040829501,58.1244488162151,0.782782964534315,0.097890028027623,0.96776218440161,0,1,0,0,3.6184849602538,0.202480888430235
803,53,48.6189788346265,57.3352734541881,0.802505116804617,0.194608308607877,0.96776218440161,0,1,0,0,3.76321008759383,0.277981622230231
804,47.4,43.0597326218342,51.7799153945265,0.812478827233103,0.263532767000837,0.96776218440161,0,1,0,0,3.54761246643976,0.327124717519205
805,44.8,40.4971891959015,49.1821068368199,0.748970274578482,0.0224662049199928,0.96776218440161,0,1,0,1,3.47053419592231,0.326369347906708
806,50.4,46.031135716556,54.7627645886193,0.86873281488003,0.893290243782602,1,0,1,0,0,3.58503302040818,0.342523625021031
807,49.8,45.435606501666,54.1674433457463,0.873968280747672,0.964335354446652,1,0,1,0,0,4.01850017270864,0.339844006439381
808,51.6,47.2240664148562,55.951534805845,0.837750388593444,0.502374340753294,0.988991088841368,0,1,0,0,3.58164085306209,0.307205335582364
809,53.2,48.8185304691602,57.532671972242,0.797546620465889,0.165571417809588,0.96776218440161,0,1,0,0,4.00593950720478,0.427118549456469
810,53.2,48.8185304691602,57.532671972242,0.797546620465889,0.165571417809588,0.96776218440161,0,1,0,0,3.88889557289257,0.398926789379788
811,49.6,45.2372354113807,53.968864283444,0.86873281488003,0.8932902437826,1,0,1,0,0,4.12566398354478,0.266919879145259
812,52.8,48.4194968961589,57.137805240068,0.807482473910274,0.227213291919517,0.96776218440161,0,1,0,0,3.84312175863581,0.370211714550668
813,50,45.6340469165074,54.3659530834926,0.879224654716658,1,1,0,1,0,0,3.9132435216173,0.389308887562861
814,51.8,47.4231310729517,56.149420300337,0.832656966903448,0.44712950152478,0.988991088841368,0,1,0,0,3.9059714619938,0.307180963044878
815,53,48.6189788346265,57.3352734541881,0.802505116804617,0.194608308607877,0.96776218440161,0,1,0,0,3.79662198004382,0.286500230904342
816,50.6,46.229784108368,54.9610663493949,0.863518099427497,0.8230909082455,1,0,1,0,0,3.8102665606909,0.244652969586532
817,48,43.6527636620294,52.3777348120942,0.827583242596007,0.395510771434828,0.986847607750805,0,1,0,0,4.00540742007767,0.38058061891033
818,47,42.6647265458119,51.3810211653735,0.802505116804617,0.194608308607876,0.96776218440161,0,1,0,0,3.59061168196498,0.266141436204179
819,51,46.6272889168575,55.3574618460807,0.85315029833646,0.687363308080364,0.988991088841368,0,1,0,0,3.60329555438182,0.230334937797506
820,50,45.6340469165074,54.3659530834926,0.879224654716658,1,1,0,1,0,0,3.93779226010632,0.399009496550067
821,51.4,47.0250711854697,55.7535798826438,0.842863652847709,0.561029355242811,0.988991088841368,0,1,0,0,3.75833598210124,0.489460028404719
822,52.4,48.0207419176662,56.7426599133855,0.817494313786802,0.303667312994053,0.96776218440161,0,1,0,0,4.14093137791931,0.356415640893344
823,48.2,43.850579699663,52.5768689270483,0.832656966903448,0.447129501524778,0.988991088841368,0,1,0,0,3.92792551297954,0.446072763161241
824,50.4,46.031135716556,54.7627645886193,0.86873281488003,0.893290243782602,1,0,1,0,0,4.07933290882812,0.329427242467736
825,50.4,46.031135716556,54.7627645886193,0.86873281488003,0.893290243782602,1,0,1,0,0,3.74734453563826,0.333982791372822
826,52.2,47.8214687912021,56.5449828872619,0.822529072171304,0.347664179312986,0.986847607750805,0,1,0,0,3.4639058686975,0.440400938961299
827,48.6,44.2464201173562,52.9749288145303,0.842863652847709,0.56102935524281,0.988991088841368,0,1,0,0,3.75633110331836,0.485283587772757
828,47.6,43.2573400866145,51.9792580823338,0.817494313786802,0.303667312994052,0.96776218440161,0,1,0,0,3.84949564669368,0.284135652591157
829,53.2,48.8185304691602,57.532671972242,0.797546620465889,0.165571417809588,0.96776218440161,0,1,0,0,3.5458834054813,0.392870796684847
830,49.2,44.8407012275968,53.5714981620526,0.858323978572216,0.754278911355403,1,0,1,0,0,3.74206050556596,0.357709991689195
831,49.8,45.435606501666,54.1674433457463,0.873968280747672,0.964335354446652,1,0,1,0,0,3.99133238769692,0.451198397411677
832,51.6,47.2240664148562,55.951534805845,0.837750388593444,0.502374340753294,0.988991088841368,0,1,0,0,3.56265262400001,0.419337974857275
833,49.6,45.2372354113807,53.968864283444,0.86873281488003,0.8932902437826,1,0,1,0,0,4.21112653804271,0.361829702465365
834,52.6,48.2200846054735,56.9402673781658,0.812478827233103,0.263532767000838,0.96776218440161,0,1,0,0,3.98213423174969,0.367413500889753
835,46.4,42.0727402899559,50.7821569634666,0.787685675971857,0.117436215504146,0.96776218440161,0,1,0,0,4.05017024555716,0.458423985091205
836,48,43.6527636620294,52.3777348120942,0.827583242596007,0.395510771434828,0.986847607750805,0,1,0,0,3.76772038507389,0.391859486574162
837,48.6,44.2464201173562,52.9749288145303,0.842863652847709,0.56102935524281,0.988991088841368,0,1,0,0,3.88761954764557,0.461245079740418
838,54.2,49.817336010903,58.5186171934374,0.773032416178921,0.0666096691845695,0.96776218440161,0,1,0,0,3.7466846585018,0.407551424720444
839,51.2,46.8261453599703,55.5555555555556,0.84799690655495,0.622809431979727,0.988991088841368,0,1,0,0,4.00148110639906,0.33556262735314
840,52,47.6222651879058,56.3472363379706,0.827583242596007,0.395510771434829,0.986847607750805,0,1,0,0,4.13615583163974,0.307347671105901
841,47.6,43.2573400866145,51.9792580823338,0.817494313786802,0.303667312994052,0.96776218440161,0,1,0,0,4.00382250624053,0.357026345868396
842,49.8,45.435606501666,54.1674433457463,0.873968280747672,0.964335354446652,1,0,1,0,0,4.00802478481799,0.288671051171781
843,48.4,44.048465194155,52.7759335851438,0.837750388593444,0.502374340753292,0.988991088841368,0,1,0,0,3.88113182005203,0.373943258606202
844,52,47.6222651879058,56.3472363379706,0.827583242596007,0.395510771434829,0.986847607750805,0,1,0,0,3.87488474537669,0.362108316475655
845,53.6,49.2178430365334,57.9272597100441,0.787685675971857,0.117436215504147,0.96776218440161,0,1,0,0,3.7107277204696,0.260558194899323
846,47.6,43.2573400866145,51.9792580823338,0.817494313786802,0.303667312994052,0.96776218440161,0,1,0,0,3.68743311122012,0.295430893911853
847,46.8,42.467328027758,51.1814695308398,0.797546620465889,0.165571417809587,0.96776218440161,0,1,0,0,3.86557688240156,0.383555206800863
848,49.8,45.435606501666,54.1674433457463,0.873968280747672,0.964335354446652,1,0,1,0,0,3.83238145687547,0.427828103806694
849,51.8,47.4231310729517,56.149420300337,0.832656966903448,0.44712950152478,0.988991088841368,0,1,0,0,3.67725213702185,0.378136954648846
850,47.8,43.4550171127381,52.1785312087979,0.822529072171304,0.347664179312984,0.986847607750805,0,1,0,0,3.88357019712554,0.328713387648236
851,49.8,45.435606501666,54.1674433457463,0.873968280747672,0.964335354446652,1,0,1,0,0,3.85454941808127,0.282491768549012
852,49.8,45.435606501666,54.1674433457463,0.873968280747672,0.964335354446652,1,0,1,0,0,3.76899389876367,0.27548128340817
853,49.2,44.8407012275968,53.5714981620526,0.858323978572216,0.754278911355403,1,0,1,0,0,3.70905299290181,0.281380956024412
854,46.4,42.0727402899559,50.7821569634666,0.787685675971857,0.117436215504146,0.96776218440161,0,1,0,0,3.92098823338002,0.323901009990791
855,50.4,46.031135716556,54.7627645886193,0.86873281488003,0.893290243782602,1,0,1,0,0,3.85773097688631,0.397962975151278
856,49.6,45.2372354113807,53.968864283444,0.86873281488003,0.8932902437826,1,0,1,0,0,3.56646735494087,0.372476931120943
857,49.4,45.0389336506051,53.770215891632,0.863518099427497,0.823090908245499,1,0,1,0,0,3.78211019499643,0.283033343295012
858,50.4,46.031135716556,54.7627645886193,0.86873281488003,0.893290243782602,1,0,1,0,0,3.87074789917863,0.297350832330953
859,50.6,46.229784108368,54.9610663493949,0.863518099427497,0.8230909082455,1,0,1,0,0,3.76330502279731,0.300765728468175
860,48.4,44.048465194155,52.7759335851438,0.837750388593444,0.502374340753292,0.988991088841368,0,1,0,0,3.85271619439131,0.283763257464588
861,49.8,45.435606501666,54.1674433457463,0.873968280747672,0.964335354446652,1,0,1,0,0,3.77564516159008,0.425069363380438
862,53.2,48.8185304691602,57.532671972242,0.797546620465889,0.165571417809588,0.96776218440161,0,1,0,0,3.77266146509691,0.343816192506301
863,52.6,48.2200846054735,56.9402673781658,0.812478827233103,0.263532767000838,0.96776218440161,0,1,0,0,4.27392423795413,0.349031219811119
864,48.2,43.850579699663,52.5768689270483,0.832656966903448,0.447129501524778,0.988991088841368,0,1,0,0,3.76786027179994,0.304583681536046
865,46.6,42.2699992574461,50.9818481485641,0.792606850984954,0.139918525562973,0.96776218440161,0,1,0,0,4.00895389460522,0.325776064903281
866,50.4,46.031135716556,54.7627645886193,0.86873281488003,0.893290243782602,1,0,1,0,0,4.06532183046654,0.284886215647963
867,51.4,47.0250711854697,55.7535798826438,0.842863652847709,0.561029355242811,0.988991088841368,0,1,0,0,4.05686861542373,0.295988506549585
868,51.8,47.4231310729517,56.149420300337,0.832656966903448,0.44712950152478,0.988991088841368,0,1,0,0,4.05360113489843,0.409054155657398
869,51.6,47.2240664148562,55.951534805845,0.837750388593444,0.502374340753294,0.988991088841368,0,1,0,0,3.86176832937565,0.545874732139649
870,51,46.6272889168575,55.3574618460807,0.85315029833646,0.687363308080364,0.988991088841368,0,1,0,0,3.65298940284062,0.272568002287537
871,49.4,45.0389336506051,53.770215891632,0.863518099427497,0.823090908245499,1,0,1,0,0,3.64013334692668,0.42093460239692
872,48.4,44.048465194155,52.7759335851438,0.837750388593444,0.502374340753292,0.988991088841368,0,1,0,0,3.87325327895511,0.426124528816078
873,49.4,45.0389336506051,53.770215891632,0.863518099427497,0.823090908245499,1,0,1,0,0,3.4452868742395,0.360573502223359
874,53.6,49.2178430365334,57.9272597100441,0.787685675971857,0.117436215504147,0.96776218440161,0,1,0,0,3.91704154142365,0.315980971174811
875,50.8,46.4285018379474,55.1592987724032,0.858323978572216,0.754278911355405,1,0,1,0,0,3.56623975238239,0.322769840948155
876,51.2,46.8261453599703,55.5555555555556,0.84799690655495,0.622809431979727,0.988991088841368,0,1,0,0,3.62004550532601,0.305951575367813
877,51.4,47.0250711854697,55.7535798826438,0.842863652847709,0.561029355242811,0.988991088841368,0,1,0,0,3.64410406415256,0.441594334981192
878,47.8,43.4550171127381,52.1785312087979,0.822529072171304,0.347664179312984,0.986847607750805,0,1,0,0,3.80879125477326,0.434150288447596
879,52.4,48.0207419176662,56.7426599133855,0.817494313786802,0.303667312994053,0.96776218440161,0,1,0,0,4.10273079705956,0.363550362990291
880,51.2,46.8261453599703,55.5555555555556,0.84799690655495,0.622809431979727,0.988991088841368,0,1,0,0,3.52569681627854,0.307984914072885
881,52.2,47.8214687912021,56.5449828872619,0.822529072171304,0.347664179312986,0.986847607750805,0,1,0,0,4.16575689656324,0.301794137611965
882,47.4,43.0597326218342,51.7799153945265,0.812478827233103,0.263532767000837,0.96776218440161,0,1,0,0,3.76794551804248,0.320481596826927
883,51.4,47.0250711854697,55.7535798826438,0.842863652847709,0.561029355242811,0.988991088841368,0,1,0,0,3.70805172372419,0.34646012463685
884,46.6,42.2699992574461,50.9818481485641,0.792606850984954,0.139918525562973,0.96776218440161,0,1,0,0,3.77676837595702,0.341920824172416
885,51.4,47.0250711854697,55.7535798826438,0.842863652847709,0.561029355242811,0.988991088841368,0,1,0,0,3.88301013285691,0.37766149622063
886,51.8,47.4231310729517,56.149420300337,0.832656966903448,0.44712950152478,0.988991088841368,0,1,0,0,3.83261024149383,0.365613146416431
887,47.2,42.862194759932,51.5805031038411,0.807482473910274,0.227213291919516,0.96776218440161,0,1,0,0,4.07957937695768,0.304872217634081
888,48,43.6527636620294,52.3777348120942,0.827583242596007,0.395510771434828,0.986847607750805,0,1,0,0,3.82941351691657,0.405655834907919
889,52.4,48.0207419176662,56.7426599133855,0.817494313786802,0.303667312994053,0.96776218440161,0,1,0,0,3.96725158965403,0.292112462743079
890,46.4,42.0727402899559,50.7821569634666,0.787685675971857,0.117436215504146,0.96776218440161,0,1,0,0,3.97152423472768,0.537290643419912
891,51,46.6272889168575,55.3574618460807,0.85315029833646,0.687363308080364,0.988991088841368,0,1,0,0,4.04897716862611,0.287548333909336
892,47.8,43.4550171127381,52.1785312087979,0.822529072171304,0.347664179312984,0.986847607750805,0,1,0,0,3.9280071558504,0.467708124636159
893,49.4,45.0389336506051,53.770215891632,0.863518099427497,0.823090908245499,1,0,1,0,0,3.78983194070899,0.426555496566747
894,51.2,46.8261453599703,55.5555555555556,0.84799690655495,0.622809431979727,0.988991088841368,0,1,0,0,3.71462885047611,0.374408537438025
895,50.2,45.8325566542537,54.564393498334,0.873968280747672,0.964335354446653,1,0,1,0,0,4.04265966868419,0.275782834695505
896,48.6,44.2464201173562,52.9749288145303,0.842863652847709,0.56102935524281,0.988991088841368,0,1,0,0,3.5979771590276,0.25785756410785
897,48,43.6527636620294,52.3777348120942,0.827583242596007,0.395510771434828,0.986847607750805,0,1,0,0,3.94441932399561,0.375360922964229
898,53.4,49.0181518514359,57.730000742554,0.792606850984954,0.139918525562975,0.96776218440161,0,1,0,0,3.8680767219302,0.407248459070293
899,48.2,43.850579699663,52.5768689270483,0.832656966903448,0.447129501524778,0.988991088841368,0,1,0,0,3.82782286857553,0.328025762367419
900,50.2,45.8325566542537,54.564393498334,0.873968280747672,0.964335354446653,1,0,1,0,0,3.61679042387327,0.34936695296722
901,45.6,41.2844036697248,49.9826929733472,0.768184324776926,0.054369017901665,0.96776218440161,0,1,0,1,4.05316869737262,0.364157785526615
902,51.4,47.0250711854697,55.7535798826438,0.842863652847709,0.561029355242811,0.988991088841368,0,1,0,0,3.66481805915015,0.221438274238712
903,48.2,43.850579699663,52.5768689270483,0.832656966903448,0.447129501524778,0.988991088841368,0,1,0,0,3.73002791303612,0.414053561014286
904,55,50.617641159348,59.306112655343,0.753747284499478,0.0283261607661974,0.96776218440161,0,1,0,1,4.52014978600456,0.347710789517339
905,52.4,48.0207419176662,56.7426599133855,0.817494313786802,0.303667312994053,0.96776218440161,0,1,0,0,3.86931049468543,0.47533457562192
906,48.2,43.850579699663,52.5768689270483,0.832656966903448,0.447129501524778,0.988991088841368,0,1,0,0,3.61777873891949,0.318256370637414
907,49.2,44.8407012275968,53.5714981620526,0.858323978572216,0.754278911355403,1,0,1,0,0,4.06527466706295,0.382404898624705
908,52.8,48.4194968961589,57.137805240068,0.807482473910274,0.227213291919517,0.96776218440161,0,1,0,0,4.09533269799885,0.307739771581696
909,51.2,46.8261453599703,55.5555555555556,0.84799690655495,0.622809431979727,0.988991088841368,0,1,0,0,3.92304274849315,0.347600282280822
910,49.4,45.0389336506051,53.770215891632,0.863518099427497,0.823090908245499,1,0,1,0,0,3.82531558478725,0.36095099698493
911,47.6,43.2573400866145,51.9792580823338,0.817494313786802,0.303667312994052,0.96776218440161,0,1,0,0,3.70280187486494,0.39401899935667
912,49.4,45.0389336506051,53.770215891632,0.863518099427497,0.823090908245499,1,0,1,0,0,3.83755498061781,0.405937382798845
913,52.6,48.2200846054735,56.9402673781658,0.812478827233103,0.263532767000838,0.96776218440161,0,1,0,0,4.01595974103311,0.357361717355743
914,52.6,48.2200846054735,56.9402673781658,0.812478827233103,0.263532767000838,0.96776218440161,0,1,0,0,3.67110202577739,0.326708927476124
915,48.8,44.4444444444444,53.1738546400297,0.84799690655495,0.622809431979726,0.988991088841368,0,1,0,0,3.9488757738514,0.360654664936946
916,54.6,50.2173481721815,58.9125053373342,0.763354187941957,0.044063469578928,0.96776218440161,0,1,0,1,3.97548846802914,0.31507643533799
917,50.6,46.229784108368,54.9610663493949,0.863518099427497,0.8230909082455,1,0,1,0,0,4.23874183511044,0.316243195450138
918,48.6,44.2464201173562,52.9749288145303,0.842863652847709,0.56102935524281,0.988991088841368,0,1,0,0,3.41121037837903,0.375439372779163
919,52.2,47.8214687912021,56.5449828872619,0.822529072171304,0.347664179312986,0.986847607750805,0,1,0,0,3.89813310265633,0.363707479061917
920,51.6,47.2240664148562,55.951534805845,0.837750388593444,0.502374340753294,0.988991088841368,0,1,0,0,3.96176192663162,0.383728514596964
921,50.6,46.229784108368,54.9610663493949,0.863518099427497,0.8230909082455,1,0,1,0,0,3.90241393411087,0.369140117812669
922,52.6,48.2200846054735,56.9402673781658,0.812478827233103,0.263532767000838,0.96776218440161,0,1,0,0,3.57886271785388,0.304787747388906
923,50,45.6340469165074,54.3659530834926,0.879224654716658,1,1,0,1,0,0,3.80605996465937,0.451161414390954
924,47.2,42.862194759932,51.5805031038411,0.807482473910274,0.227213291919516,0.96776218440161,0,1,0,0,3.84182121165954,0.33312224607666
925,50.2,45.8325566542537,54.564393498334,0.873968280747672,0.964335354446653,1,0,1,0,0,4.09892871970969,0.391927929341293
926,46.8,42.467328027758,51.1814695308398,0.797546620465889,0.165571417809587,0.96776218440161,0,1,0,0,3.84523210512764,0.271285436542371
927,46.8,42.467328027758,51.1814695308398,0.797546620465889,0.165571417809587,0.96776218440161,0,1,0,0,3.62484144560776,0.378949307401236
928,51.8,47.4231310729517,56.149420300337,0.832656966903448,0.44712950152478,0.988991088841368,0,1,0,0,3.59595122383173,0.286999424762184
929,49,44.6425381539193,53.3727110831425,0.85315029833646,0.687363308080363,0.988991088841368,0,1,0,0,3.97497123365229,0.319698669873664
930,49.8,45.435606501666,54.1674433457463,0.873968280747672,0.964335354446652,1,0,1,0,0,3.6115146355765,0.49347435039891
931,50.4,46.031135716556,54.7627645886193,0.86873281488003,0.893290243782602,1,0,1,0,0,3.92216492449041,0.485372395128606
932,47.2,42.862194759932,51.5805031038411,0.807482473910274,0.227213291919516,0.96776218440161,0,1,0,0,3.90368779057406,0.406116617097436
933,51.8,47.4231310729517,56.149420300337,0.832656966903448,0.44712950152478,0.988991088841368,0,1,0,0,3.86803814251526,0.522233542610845
934,50,45.6340469165074,54.3659530834926,0.879224654716658,1,1,0,1,0,0,3.87569268557087,0.335618756331242
935,50,45.6340469165074,54.3659530834926,0.879224654716658,1,1,0,1,0,0,4.19727877094627,0.338594011146263
936,50.6,46.229784108368,54.9610663493949,0.863518099427497,0.8230909082455,1,0,1,0,0,3.99294691763928,0.296457606082912
937,49.6,45.2372354113807,53.968864283444,0.86873281488003,0.8932902437826,1,0,1,0,0,4.22479255751888,0.490277228563361
938,46.2,41.875551183785,50.5823959170499,0.782782964534316,0.0978900280276217,0.96776218440161,0,1,0,0,4.35733632334901,0.452680082852375
939,50.8,46.4285018379474,55.1592987724032,0.858323978572216,0.754278911355405,1,0,1,0,0,3.82512994751644,0.296238035488303
940,46,41.678432000862,50.3825649473852,0.777898587256619,0.0810323496092111,0.96776218440161,0,1,0,0,3.46890934814851,0.367207628450476
941,48.2,43.850579699663,52.5768689270483,0.832656966903448,0.447129501524778,0.988991088841368,0,1,0,0,4.09019202238982,0.321822324602504
942,48.6,44.2464201173562,52.9749288145303,0.842863652847709,0.56102935524281,0.988991088841368,0,1,0,0,3.94928635687925,0.338008095732232
943,50.4,46.031135716556,54.7627645886193,0.86873281488003,0.893290243782602,1,0,1,0,0,3.37022106076294,0.274766729683959
944,52.4,48.0207419176662,56.7426599133855,0.817494313786802,0.303667312994053,0.96776218440161,0,1,0,0,3.713359945378,0.324698651816948
945,47.4,43.0597326218342,51.7799153945265,0.812478827233103,0.263532767000837,0.96776218440161,0,1,0,0,3.95197010343001,0.380100686044051
946,49.2,44.8407012275968,53.5714981620526,0.858323978572216,0.754278911355403,1,0,1,0,0,3.85824200681091,0.283211004686544
947,52.4,48.0207419176662,56.7426599133855,0.817494313786802,0.303667312994053,0.96776218440161,0,1,0,0,3.95980293312191,0.291680848220696
948,48,43.6527636620294,52.3777348120942,0.827583242596007,0.395510771434828,0.986847607750805,0,1,0,0,4.01079871164955,0.354999443564737
949,49.4,45.0389336506051,53.770215891632,0.863518099427497,0.823090908245499,1,0,1,0,0,3.63528982839077,0.355000515657812
950,48,43.6527636620294,52.3777348120942,0.827583242596007,0.395510771434828,0.986847607750805,0,1,0,0,4.01589155753588,0.327012917848428
951,48.8,44.4444444444444,53.1738546400297,0.84799690655495,0.622809431979726,0.988991088841368,0,1,0,0,4.08402734719058,0.319862254206014
952,50.6,46.229784108368,54.9610663493949,0.863518099427497,0.8230909082455,1,0,1,0,0,3.92671575416036,0.244351698249362
953,51.4,47.0250711854697,55.7535798826438,0.842863652847709,0.561029355242811,0.988991088841368,0,1,0,0,3.48850289545507,0.475510398436992
954,49.8,45.435606501666,54.1674433457463,0.873968280747672,0.964335354446652,1,0,1,0,0,3.69466924743401,0.357109335647484
955,51.8,47.4231310729517,56.149420300337,0.832656966903448,0.44712950152478,0.988991088841368,0,1,0,0,4.01204893238922,0.336280176515278
956,49,44.6425381539193,53.3727110831425,0.85315029833646,0.687363308080363,0.988991088841368,0,1,0,0,4.01809769960276,0.408511822210055
957,49.2,44.8407012275968,53.5714981620526,0.858323978572216,0.754278911355403,1,0,1,0,0,3.76913549289303,0.310646360382209
958,50.8,46.4285018379474,55.1592987724032,0.858323978572216,0.754278911355405,1,0,1,0,0,4.04789758661094,0.433422391140842
959,50.4,46.031135716556,54.7627645886193,0.86873281488003,0.893290243782602,1,0,1,0,0,3.90966035759461,0.414760939555915
960,46.8,42.467328027758,51.1814695308398,0.797546620465889,0.165571417809587,0.96776218440161,0,1,0,0,4.07756649398178,0.31494311125749
961,48.4,44.048465194155,52.7759335851438,0.837750388593444,0.502374340753292,0.988991088841368,0,1,0,0,3.81209628459448,0.385975726402365
962,50,45.6340469165074,54.3659530834926,0.879224654716658,1,1,0,1,0,0,3.97718361119527,0.385876455709102
963,52.8,48.4194968961589,57.137805240068,0.807482473910274,0.227213291919517,0.96776218440161,0,1,0,0,4.06103109329664,0.304601801354209
964,52,47.6222651879058,56.3472363379706,0.827583242596007,0.395510771434829,0.986847607750805,0,1,0,0,3.85282690503053,0.454203850863963
965,51.2,46.8261453599703,55.5555555555556,0.84799690655495,0.622809431979727,0.988991088841368,0,1,0,0,3.93015484148688,0.428267100803627
966,53.8,49.4176040829501,58.1244488162151,0.782782964534315,0.097890028027623,0.96776218440161,0,1,0,0,3.97157305538325,0.37004461572886
967,51.8,47.4231310729517,56.149420300337,0.832656966903448,0.44712950152478,0.988991088841368,0,1,0,0,4.00814028418641,0.410218552696088
968,51.6,47.2240664148562,55.951534805845,0.837750388593444,0.502374340753294,0.988991088841368,0,1,0,0,3.67049952316484,0.357797103966611
969,53.2,48.8185304691602,57.532671972242,0.797546620465889,0.165571417809588,0.96776218440161,0,1,0,0,3.53114848817644,0.252586101810332
970,54,49.6174350526148,58.321567999138,0.777898587256619,0.0810323496092124,0.96776218440161,0,1,0,0,3.60689457998603,0.340529224188018
971,47.4,43.0597326218342,51.7799153945265,0.812478827233103,0.263532767000837,0.96776218440161,0,1,0,0,3.62160277046521,0.457165689012413
972,48.4,44.048465194155,52.7759335851438,0.837750388593444,0.502374340753292,0.988991088841368,0,1,0,0,3.78497194721313,0.416210091750589
973,49.2,44.8407012275968,53.5714981620526,0.858323978572216,0.754278911355403,1,0,1,0,0,4.04150759061356,0.29417757256975
974,50.4,46.031135716556,54.7627645886193,0.86873281488003,0.893290243782602,1,0,1,0,0,3.84884439024211,0.359638052676152
975,50.2,45.8325566542537,54.564393498334,0.873968280747672,0.964335354446653,1,0,1,0,0,4.14825926411228,0.386643631407493
976,52,47.6222651879058,56.3472363379706,0.827583242596007,0.395510771434829,0.986847607750805,0,1,0,0,3.67984767392205,0.479563885319435
977,52,47.6222651879058,56.3472363379706,0.827583242596007,0.395510771434829,0.986847607750805,0,1,0,0,3.73263073342263,0.426004936531163
978,50.2,45.8325566542537,54.564393498334,0.873968280747672,0.964335354446653,1,0,1,0,0,3.79039247623342,0.356958186304663
979,47,42.6647265458119,51.3810211653735,0.802505116804617,0.194608308607876,0.96776218440161,0,1,0,0,3.96530900234341,0.509596267670242
980,50.4,46.031135716556,54.7627645886193,0.86873281488003,0.893290243782602,1,0,1,0,0,3.9905750005863,0.356608879120796
981,48.8,44.4444444444444,53.1738546400297,0.84799690655495,0.622809431979726,0.988991088841368,0,1,0,0,3.95013860650167,0.334233070827175
982,50.8,46.4285018379474,55.1592987724032,0.858323978572216,0.754278911355405,1,0,1,0,0,3.79666569530108,0.425534582848972
983,48.6,44.2464201173562,52.9749288145303,0.842863652847709,0.56102935524281,0.988991088841368,0,1,0,0,4.01945431425486,0.4088350032094
984,47,42.6647265458119,51.3810211653735,0.802505116804617,0.194608308607876,0.96776218440161,0,1,0,0,3.57659924025635,0.326476754578662
985,53.2,48.8185304691602,57.532671972242,0.797546620465889,0.165571417809588,0.96776218440161,0,1,0,0,3.71547131989985,0.364801325096258
986,49.8,45.435606501666,54.1674433457463,0.873968280747672,0.964335354446652,1,0,1,0,0,3.51772252921388,0.22854198928825
987,47.2,42.862194759932,51.5805031038411,0.807482473910274,0.227213291919516,0.96776218440161,0,1,0,0,3.76270266863137,0.256097891040453
988,50,45.6340469165074,54.3659530834926,0.879224654716658,1,1,0,1,0,0,3.94031878233091,0.377304841963609
989,53.6,49.2178430365334,57.9272597100441,0.787685675971857,0.117436215504147,0.96776218440161,0,1,0,0,3.85558086412618,0.378549771144168
990,48.8,44.4444444444444,53.1738546400297,0.84799690655495,0.622809431979726,0.988991088841368,0,1,0,0,3.36735565247262,0.292773014079036
991,53,48.6189788346265,57.3352734541881,0.802505116804617,0.194608308607877,0.96776218440161,0,1,0,0,3.53160959468951,0.204308232003811
992,48.8,44.4444444444444,53.1738546400297,0.84799690655495,0.622809431979726,0.988991088841368,0,1,0,0,3.84316414837271,0.385830466938083
993,47.6,43.2573400866145,51.9792580823338,0.817494313786802,0.303667312994052,0.96776218440161,0,1,0,0,3.84092012304,0.417371837284461
994,54.2,49.817336010903,58.5186171934374,0.773032416178921,0.0666096691845695,0.96776218440161,0,1,0,0,3.74168439839131,0.289807292647671
995,49,44.6425381539193,53.3727110831425,0.85315029833646,0.687363308080363,0.988991088841368,0,1,0,0,3.99036313990051,0.299490036932361
996,49,44.6425381539193,53.3727110831425,0.85315029833646,0.687363308080363,0.988991088841368,0,1,0,0,3.8372322626998,0.43189404437771
997,51,46.6272889168575,55.3574618460807,0.85315029833646,0.687363308080364,0.988991088841368,0,1,0,0,3.68234037648481,0.324923016264782
998,50,45.6340469165074,54.3659530834926,0.879224654716658,1,1,0,1,0,0,4.09780943583796,0.410748391353979
999,50.2,45.8325566542537,54.564393498334,0.873968280747672,0.964335354446653,1,0,1,0,0,3.92462833792586,0.441237367890965
1000,50,45.6340469165074,54.3659530834926,0.879224654716658,1,1,0,1,0,0,4.07419958198979,0.422547585514559
1001,51.2,46.8261453599703,55.5555555555556,0.84799690655495,0.622809431979727,0.988991088841368,0,1,0,0,3.93251438869192,0.39795706199173
1002,51,46.6272889168575,55.3574618460807,0.85315029833646,0.687363308080364,0.988991088841368,0,1,0,0,3.79442831188557,0.405184992307037
1003,49,44.6425381539193,53.3727110831425,0.85315029833646,0.687363308080363,0.988991088841368,0,1,0,0,3.99192443163317,0.338204082763144
1004,46.8,42.467328027758,51.1814695308398,0.797546620465889,0.165571417809587,0.96776218440161,0,1,0,0,3.7377854085869,0.355768283403174
1005,53.4,49.0181518514359,57.730000742554,0.792606850984954,0.139918525562975,0.96776218440161,0,1,0,0,3.86799586582919,0.292595515442251
1006,54.2,49.817336010903,58.5186171934374,0.773032416178921,0.0666096691845695,0.96776218440161,0,1,0,0,3.71914234196872,0.309742998494697
1007,50.8,46.4285018379474,55.1592987724032,0.858323978572216,0.754278911355405,1,0,1,0,0,3.76732829150289,0.430303224736733
1008,48.8,44.4444444444444,53.1738546400297,0.84799690655495,0.622809431979726,0.988991088841368,0,1,0,0,3.75196807325338,0.212362535942186
1009,51.6,47.2240664148562,55.951534805845,0.837750388593444,0.502374340753294,0.988991088841368,0,1,0,0,3.75248570555234,0.386661305716808
1010,51,46.6272889168575,55.3574618460807,0.85315029833646,0.687363308080364,0.988991088841368,0,1,0,0,3.95702076105485,0.38380702917625
1011,47.2,42.862194759932,51.5805031038411,0.807482473910274,0.227213291919516,0.96776218440161,0,1,0,0,3.64038559807397,0.376565269851716
1012,48.8,44.4444444444444,53.1738546400297,0.84799690655495,0.622809431979726,0.988991088841368,0,1,0,0,3.81122944223166,0.375034455315951
1013,53,48.6189788346265,57.3352734541881,0.802505116804617,0.194608308607877,0.96776218440161,0,1,0,0,3.57679321863125,0.419507509852329
1014,49.6,45.2372354113807,53.968864283444,0.86873281488003,0.8932902437826,1,0,1,0,0,3.8290189816234,0.287097956201562
1015,53.6,49.2178430365334,57.9272597100441,0.787685675971857,0.117436215504147,0.96776218440161,0,1,0,0,3.99231910018515,0.29652190168858
1016,49.8,45.435606501666,54.1674433457463,0.873968280747672,0.964335354446652,1,0,1,0,0,3.6578550923275,0.332160836782652
1017,52.2,47.8214687912021,56.5449828872619,0.822529072171304,0.347664179312986,0.986847607750805,0,1,0,0,3.84424731279948,0.393646759627126
1018,49.6,45.2372354113807,53.968864283444,0.86873281488003,0.8932902437826,1,0,1,0,0,3.75478385969899,0.352537017289303
1019,48.4,44.048465194155,52.7759335851438,0.837750388593444,0.502374340753292,0.988991088841368,0,1,0,0,3.81512286028607,0.297850146315239
1020,53,48.6189788346265,57.3352734541881,0.802505116804617,0.194608308607877,0.96776218440161,0,1,0,0,3.74483088833957,0.411204772235709
1021,50.2,45.8325566542537,54.564393498334,0.873968280747672,0.964335354446653,1,0,1,0,0,3.76080186433391,0.286965913424819
1022,54.2,49.817336010903,58.5186171934374,0.773032416178921,0.0666096691845695,0.96776218440161,0,1,0,0,3.88762293500266,0.3969209875094
